timestamp,roll,pitch,yaw,touch_gesture,acc_x,acc_y,acc_z,gyro_x,gyro_y,gyro_z
1744814632.480196,,,,,,,,,,
1744814632.861676,15.0,-110.0,347.0,,-8.170384609909762,7.177985167544271,-0.07614220690276857,0.1,-0.03333333333333333,-0.06666666666666667
1744814633.0901299,30.0,-107.0,338.0,,-8.14634965599738,4.754000000000001,-6.006892549817768e-16,0.03333333333333333,-0.03333333333333333,-0.2
1744814633.3576334,39.0,-104.0,334.0,,-7.391601074767526,3.3083669638010944,-1.0421873277170441,0.0,-0.03333333333333333,-0.16666666666666666
1744814633.5791464,44.0,-103.0,335.0,,-7.735570335543159,2.657401385797236,-1.3618229493955019,0.0,0.0,-0.16666666666666666
1744814633.821046,45.0,-107.0,340.0,,-6.852349655997379,2.653282476559969,-3.0999203830044753,-0.26666666666666666,-0.06666666666666667,-0.3
1744814634.0445585,44.0,-114.0,349.0,,-5.412880939473915,2.010401385797236,-5.912832707726536,-0.6,0.0,-0.23333333333333334
1744814634.2742982,45.0,-121.0,357.0,,-4.643811219887722,1.0152824765599693,-7.180987775597698,-1.8333333333333333,-0.1,-0.4666666666666667
1744814634.508999,16.0,-141.0,15.0,,-2.516633036198905,2.0119975394352383,-14.423199257993076,-1.2666666666666666,-2.2333333333333334,-1.6
1744814634.73748,0.0,-41.0,11.0,,0.6830609256031233,4.53,0.9338372872362246,0.06666666666666667,-8.033333333333333,-0.13333333333333333
1744814634.941226,1.0,-24.0,9.0,,2.4719135314263996,2.6517918928502486,1.7781183247095278,-1.2333333333333334,5.1,-0.36666666666666664
1744814635.1626625,0.0,-139.0,22.0,,-2.8179390743968766,1.764,-16.31664717742694,-1.7666666666666666,4.633333333333334,-0.2
1744814635.3996277,-7.0,-47.0,17.0,,-2.223579812884063,3.5775382588044966,-1.0215198909063128,0.36666666666666664,-10.8,0.16666666666666666
1744814635.6711383,-5.0,-82.0,20.0,,-2.743529754354805,3.3059978363545266,-2.4484099356862985,-0.03333333333333333,9.4,-0.7333333333333333
1744814635.9772973,-15.0,-102.0,11.0,,2.0633720368013666,2.7340148324557285,0.5768985629267553,-0.9,-13.1,0.03333333333333333
1744814636.2905457,-11.0,-45.0,17.0,,1.7902824765599696,1.1368362446439044,0.9594796591382613,0.2,5.566666666666666,-1.1666666666666667
1744814636.5928757,-16.0,-123.0,11.0,,2.18664172845539,2.840002460564762,-4.881124277632177,-1.7333333333333334,-4.566666666666666,0.7
1744814636.9081445,-2.0,-54.0,358.0,,-2.4654567148182345,-0.8836359373484655,-1.5548043536322407,3.433333333333333,1.9,-0.9666666666666667
1744814637.2132936,9.0,-59.0,13.0,,-3.9278112198877224,-4.1136221020446655,-1.5605988780327538,-7.533333333333333,0.6,-0.26666666666666666
1744814637.5159268,-14.0,-67.0,332.0,,1.5108473876315607,-4.40274620416726,11.329570696540756,-3.8333333333333335,-0.4666666666666667,0.3333333333333333
1744814637.832007,-9.0,-71.0,350.0,,0.41246277337070225,-7.095377897955336,1.9388301140018234,10.233333333333333,1.7666666666666666,-2.1333333333333333
1744814638.1615386,17.0,-103.0,359.0,,-1.0965703355431593,-1.202166423330048,-0.31204608330353456,-1.2333333333333334,10.0,5.4
1744814638.4376888,17.0,-85.0,347.0,,-0.3496699882800236,-1.1531664233300478,1.7865322075784533,2.066666666666667,-10.266666666666667,-5.1
1744814638.7068512,13.0,-24.0,1.0,,-2.4320864685736003,2.0282301568866847,-1.7493823342614947,-1.1666666666666667,1.2333333333333334,-1.3333333333333333
1744814638.991808,21.0,-108.0,354.0,,-1.4658644248554582,1.0434104149606043,-0.10347243101597936,1.9666666666666666,-3.7333333333333334,-2.066666666666667
1744814639.2663448,2.0,-53.0,16.0,,1.1763856464360565,1.0496359373484654,1.082293997327164,0.2,-0.7,-0.7666666666666667
1744814639.532924,-1.0,-53.0,15.0,,-1.029614353563943,1.1902081071497512,0.12756256691343193,0.3,-0.03333333333333333,-0.2
1744814639.811209,-6.0,-55.0,18.0,,-1.6228815544750095,3.78942422465568,0.1723508761550212,-0.5666666666666667,-0.7333333333333333,-1.0
1744814640.0928938,-6.0,-60.0,29.0,,-0.690709211125343,-0.0045757753443194105,1.4129705331417703,-0.3,-1.0666666666666667,-1.9666666666666666
1744814640.3636954,-21.0,-78.0,33.0,,-0.5746279631986333,4.799589585039396,0.3814526932174882,2.2,1.3,-1.4666666666666666
1744814640.6406894,-26.0,-79.0,20.0,,-2.4327626696215843,1.0744209500008495,0.4656757235047939,-1.2,0.7666666666666667,0.4
1744814640.9334733,-24.0,-73.0,63.0,,1.5326503440026222,2.1070864685736,0.19579503742090476,-1.3,3.7333333333333334,-2.433333333333333
1744814641.2195706,-1.0,-79.0,21.0,,-7.3457626696215845,3.1412081071497515,-0.6199609598792151,2.2666666666666666,-2.466666666666667,1.9333333333333333
1744814641.5044458,-10.0,-75.0,45.0,,-0.12173235589576059,2.0454886229125866,-0.04994004233729776,-1.4666666666666666,-1.3,-1.2666666666666666
1744814641.8040116,-5.0,-66.0,9.0,,-5.902880939473914,1.8149978363545265,3.3002254757520912,2.1333333333333333,-0.4,1.4666666666666666
1744814642.1091852,-11.0,-63.0,24.0,,-2.043774002287889,2.3908362446439044,-0.7544917961312532,-0.5666666666666667,-1.0666666666666667,-1.6
1744814642.421057,-14.0,-62.0,15.0,,-5.661715885946073,3.6662537958327404,0.19895980691191006,-1.2333333333333334,0.5666666666666667,0.8
1744814642.7190146,-13.0,-99.0,23.0,,-0.29522262123830245,2.9997698431133157,-0.016838060848784142,4.033333333333333,10.266666666666667,-0.6666666666666666
1744814643.0181756,6.0,-148.0,5.0,,3.6464920178722604,1.1795757753443195,-9.015999476540564,0.4666666666666667,-1.9,-0.03333333333333333
1744814643.306393,-1.0,-64.0,22.0,,-1.4141695941948287,3.043208107149751,1.9616237700219221,-3.466666666666667,-5.033333333333333,-0.36666666666666664
1744814643.6171513,-1.0,-73.0,10.0,,2.375650344002622,0.9642081071497512,3.6355046355820866,3.6666666666666665,9.466666666666667,0.8
1744814643.9310617,12.0,-177.0,14.0,,1.770584269256721,2.343386313077781,-17.006859687331332,-2.1,-1.4666666666666666,-0.5
1744814644.199803,8.0,-48.0,28.0,,-1.0342507379332373,2.948711879581758,1.461571168246798,-0.2,-4.8,1.4
1744814644.462264,-6.0,-29.0,16.0,,-4.217982374616566,0.11342422465568058,-3.1150243642544666,5.7,0.7666666666666667,-0.5666666666666667
1744814644.7148814,-35.0,-81.0,324.0,,-2.943222621238302,-2.071215159396238,1.300663450925744,1.5666666666666667,3.3,4.833333333333333
1744814644.9727397,27.0,-125.0,333.0,,0.48511844552499106,-1.679646802444954,-2.148116471216811,-1.1333333333333333,3.3,4.333333333333333
1744814645.2393816,-3.0,-173.0,20.0,,2.4514617411955024,0.5614157307432791,-17.09002567438118,-5.2,-0.16666666666666666,0.4666666666666667
1744814645.5037239,-24.0,-89.0,74.0,,0.320494110515801,3.1170864685736,-1.4599924644974194,-1.9,-4.933333333333334,6.6
1744814645.7701268,9.0,-22.0,30.0,,-4.351890681410097,-0.7216221020446649,0.16927497203773534,6.566666666666666,-2.0,0.16666666666666666
1744814646.0601213,-47.0,-64.0,333.0,,-4.1211695941948285,-1.3374201871159377,1.3699660071519766,0.5,2.6,4.466666666666667
1744814646.335136,16.0,-111.0,328.0,,-0.8334239839375499,-1.764002460564762,-0.046834530927572615,-0.6666666666666666,3.7666666666666666,4.1
1744814646.6040137,1.0,-178.0,9.0,,2.990635937348464,-0.20020810714975126,-17.969462208103902,-4.0,1.1666666666666667,-0.0
1744814646.8694854,-55.0,-166.0,12.0,,3.4117462041672595,-0.4761184455249907,-10.33476114538236,-1.8666666666666667,-1.2,1.5666666666666667
1744814647.138298,-9.0,-68.0,66.0,,-2.163673613300185,2.7496221020446647,-0.8240652233531005,-1.0,-6.266666666666667,5.9
1744814647.4148052,-10.0,-13.0,26.0,,-1.1777698431133157,0.1444886229125868,0.7590760551682401,4.066666666666666,0.26666666666666666,1.3666666666666667
1744814647.687017,-22.0,-76.0,329.0,,-1.8406010747675259,-1.5221093185899028,0.3494220320131376,1.1666666666666667,2.433333333333333,3.8666666666666667
1744814647.9746304,28.0,-127.0,335.0,,-0.18661435356394218,-1.4685160309295893,-3.12568389876656,-1.8333333333333333,4.3,3.2333333333333334
1744814648.2521136,-11.0,178.0,9.0,,2.8813640626515364,-0.7861637553560954,-18.4843361038065,-3.8,0.0,0.1
1744814648.5243273,-46.0,-114.0,48.0,,0.10811906052608578,1.662723441322167,-2.8786465286337704,-2.7666666666666666,-5.433333333333334,5.033333333333333
1744814648.8100362,13.0,-35.0,50.0,,-2.410784840603762,1.3222301568866843,-0.4433020735952473,2.033333333333333,-1.8666666666666667,1.7333333333333334
1744814649.0918229,-50.0,-34.0,3.0,,-3.230682383048028,-1.2521040130028247,2.2994709766676555,3.066666666666667,0.8666666666666667,2.0
1744814649.3766541,10.0,-102.0,313.0,,-0.4076279631986335,-2.321488622912587,-0.726708420988216,0.6333333333333333,1.9,3.966666666666667
1744814649.658037,27.0,-177.0,6.0,,0.7115842692567214,-2.248646802444954,-17.313905367172865,-4.233333333333333,2.466666666666667,1.7666666666666666
1744814649.951784,-36.0,-173.0,11.0,,3.834461741195503,-2.765826675010838,-13.833948330232774,-4.533333333333333,-3.433333333333333,-0.13333333333333333
1744814650.2293878,-35.0,-93.0,64.0,,0.009444264057629326,0.04678484060376231,0.03977070248783815,-2.8333333333333335,-5.6,6.166666666666667
1744814650.51971,-7.0,-11.0,27.0,,-3.009836244643904,-0.5794617411955032,2.4942276118040567,2.9,-2.066666666666667,0.5333333333333333
1744814650.802979,-49.0,-41.0,349.0,,-3.6129390743968766,-1.6872990180146052,1.4298617250236747,1.1666666666666667,1.3666666666666667,2.5
1744814651.0849054,-9.0,-83.0,318.0,,-2.2748777476013693,-1.780377897955335,-0.378876050351749,0.1,2.3,3.6666666666666665
1744814651.3769252,18.0,-150.0,347.0,,0.6740000000000004,-2.081456714818234,-13.01423617088021,-2.433333333333333,2.8333333333333335,0.4666666666666667
1744814651.6667452,-28.0,-167.0,353.0,,2.4212301568866823,-2.2294839690704107,-12.816925189132625,-2.533333333333333,-0.8666666666666667,-0.5333333333333333
1744814651.9817522,-21.0,-87.0,45.0,,-1.0695557359423695,1.3385895850393958,-0.12181197753993711,-2.2666666666666666,-4.8,4.866666666666666
1744814652.2935238,-7.0,-20.0,16.0,,-2.1692176060248105,-1.7954617411955034,2.2590794436689556,3.7,-0.8333333333333334,0.5333333333333333
1744814652.6221175,-1.0,-78.0,327.0,,-0.5646279631986335,-3.2217918928502485,0.11112848226010108,1.3333333333333333,1.7333333333333334,1.8666666666666667
1744814652.9354813,38.0,-128.0,332.0,,-1.5043854928819433,-1.804639072944708,-5.527657955772341,-2.033333333333333,4.233333333333333,2.9
1744814653.2337744,-9.0,176.0,356.0,,3.9193110074298714,-3.5253778979553347,-18.769766771915137,-2.6666666666666665,0.26666666666666666,-0.4666666666666667
1744814653.5295718,-28.0,-117.0,42.0,,0.5152259977121112,-0.04248396907041041,-3.784025218100832,-1.2666666666666666,-5.833333333333333,6.3
1744814653.827812,26.0,-42.0,34.0,,-3.9271712483803998,-1.4084209500008495,-1.6712212091281868,2.966666666666667,-1.0333333333333334,1.1
1744814654.1307313,10.0,-79.0,324.0,,-1.971762669621584,-3.2134886229125867,-0.40832548492364573,1.1666666666666667,2.6333333333333333,2.7333333333333334
1744814654.4409096,47.0,-153.0,340.0,,-0.8656468024449548,-3.1845798128840626,-10.605456560782224,-3.3333333333333335,3.7333333333333334,1.7666666666666666
1744814654.7485993,-9.0,-178.0,356.0,,2.9806359373484637,-3.515377897955335,-16.727442089014986,-3.033333333333333,-0.26666666666666666,0.3333333333333333
1744814655.045663,-29.0,-122.0,42.0,,0.8876481767054614,-1.4120176253834336,-5.226557686910644,-1.4,-4.166666666666667,5.533333333333333
1744814655.3486028,31.0,-44.0,30.0,,-4.177598614202763,-1.5135235148676318,-0.7188804615988831,2.3333333333333335,-0.9,1.4
1744814655.657373,2.0,-42.0,347.0,,-1.9851712483804,-2.1953640626515343,0.9492951803511627,0.9333333333333333,1.3666666666666667,0.4
1744814655.9313061,13.0,-78.0,328.0,,0.12137203680136643,-3.9617698431133155,0.5044849714828228,0.7333333333333333,4.633333333333334,2.7666666666666666
1744814656.2028742,38.0,-151.0,343.0,,-0.2949823746165672,-2.2356390729447084,-12.294141569268406,-1.7666666666666666,3.7666666666666666,1.1333333333333333
1744814656.4852083,-17.0,-175.0,351.0,,3.6060021636454733,-3.5058335766699518,-14.738395016046177,-4.566666666666666,-0.13333333333333333,-0.2
1744814656.7917593,-21.0,-106.0,45.0,,0.6010227628450924,-0.3974104149606039,-0.12995360785392795,-1.3,-5.233333333333333,6.166666666666667
1744814657.1051784,11.0,-18.0,7.0,,-3.2084567148182344,-3.9898362446439046,0.18133241709356973,5.4,-1.0666666666666667,0.8333333333333334
1744814657.425749,-9.0,-63.0,315.0,,-1.8087740022878886,-3.731377897955335,0.251358654860387,0.16666666666666666,3.2333333333333334,3.933333333333333
1744814657.753726,33.0,-145.0,338.0,,-0.5087848406037603,-3.6079089334974155,-8.853492824484018,-2.933333333333333,5.1,2.0
1744814658.2187407,-38.0,-132.0,25.0,,0.7107492620667619,-0.7953609270552917,-5.058602079064194,-1.6,-2.3666666666666667,3.4
1744814658.6264348,-6.0,-21.0,2.0,,-3.418589585039396,-3.181575775344319,1.9898546246963047,5.533333333333333,0.5666666666666667,0.8666666666666667
1744814658.9889657,20.0,-84.0,300.0,,-0.4802597935627624,-5.08121760602481,-0.029605361358211457,0.7333333333333333,3.8333333333333335,5.4
1744814659.3567624,11.0,178.0,347.0,,3.8623640626515363,-4.950836244643905,-16.043256919275237,-5.0,-0.6,-0.16666666666666666
1744814659.6963909,-19.0,-97.0,40.0,,1.0691222523986283,0.29082359522470735,0.6392232962780713,-3.933333333333333,-5.4,6.433333333333334
1744814660.0132983,13.0,-27.0,8.0,,-4.679646802444954,-3.9327698431133156,0.3285334562372011,5.4,-1.8,0.9666666666666667
1744814660.3123372,-6.0,-63.0,308.0,,-1.788774002287889,-5.338575775344319,0.5920860690752416,0.6666666666666666,2.933333333333333,4.166666666666667
1744814660.6307545,47.0,-166.0,336.0,,0.9797462041672595,-5.4105798128840625,-19.121216582550126,-0.6,2.7666666666666666,1.2333333333333334
1744814660.9355683,78.0,-144.0,316.0,,-1.511173324989163,-2.369627963198634,-6.804810281254678,0.6333333333333333,-0.1,0.03333333333333333
1744814661.2348027,76.0,-115.0,292.0,,-5.331879390829537,-2.497601074767526,-4.373057010097724,-2.0,-0.06666666666666667,-1.0333333333333334
1744814661.5198889,-13.0,-131.0,336.0,,3.9222990180146056,-9.022230156886684,-6.294281283208772,-5.0,-2.8333333333333335,-0.03333333333333333
1744814661.8049903,31.0,-52.0,29.0,,-3.3773854928819436,-3.072523514867632,-1.5587334636560026,0.13333333333333333,-0.43333333333333335,3.466666666666667
1744814662.0991585,-3.0,-23.0,331.0,,-1.8530723704797758,-5.58658426925672,2.2303249231942885,4.566666666666666,2.1333333333333333,0.8
1744814662.3909616,21.0,-67.0,287.0,,-0.3331526123684405,-4.868589585039396,-0.18011657792591684,-0.3333333333333333,2.466666666666667,3.1333333333333333
1744814662.679474,41.0,-140.0,322.0,,-2.2467464510249524,-4.553939074396877,-12.645971347257298,-3.2,3.0,-0.6666666666666666
1744814662.9619367,-15.0,-170.0,330.0,,2.041511377087414,-5.688985167544271,-13.63334353428277,-1.8333333333333333,1.1,1.7333333333333334
1744814663.2477136,1.0,-125.0,23.0,,1.24011844552499,-2.4362081071497514,-5.0984587342342325,3.966666666666667,0.7666666666666667,2.933333333333333
1744814663.5279002,59.0,-140.0,354.0,,-0.39374645102495265,-3.447811219887722,-7.933163195110071,1.6,-0.6666666666666666,1.0666666666666667
1744814663.8215704,67.0,-106.0,347.0,,-2.2819772371549085,-3.04915261236844,-0.03497867773051633,-0.1,-2.1333333333333333,-0.1
1744814664.1045032,69.0,-70.0,357.0,,-2.96238460990976,-2.187423983937549,0.4085734303754034,-0.4666666666666667,-1.5,0.7
1744814664.3909009,78.0,-71.0,12.0,,-6.530537226629298,-1.6236279631986337,-0.05463828650542801,0.1,-0.5666666666666667,0.03333333333333333
1744814664.6755447,63.0,-94.0,38.0,,-3.9811033330488765,-1.0337740022878892,0.12604525891234086,-0.13333333333333333,0.1,-1.4
1744814664.9528344,58.0,-86.0,32.0,,-4.874103333048876,-0.9653518232945393,0.1489205001331957,0.16666666666666666,-0.26666666666666666,-0.0
1744814665.255401,55.0,-64.0,13.0,,-4.287169594194828,-0.79988155447501,0.010107149492487366,0.0,-0.1,-0.1
1744814665.5418813,50.0,-57.0,8.0,,-3.70735827154461,-0.6018959869971745,0.02696678487934623,0.26666666666666666,-0.03333333333333333,-0.23333333333333334
1744814665.8336983,46.0,-49.0,6.0,,-2.9527009819853944,-0.2617234413221672,-0.05912084899770775,0.13333333333333333,-0.13333333333333333,-0.13333333333333333
1744814666.1280973,39.0,-47.0,4.0,,-2.419579812884063,-0.6536330361989053,-0.50230396226039,1.2333333333333334,-0.06666666666666667,-0.36666666666666664
1744814666.4196317,17.0,-54.0,357.0,,-2.602456714818235,-1.3691664233300478,1.586951866623492,1.1,-0.23333333333333334,-1.1666666666666667
1744814666.706474,13.0,-60.0,354.0,,-3.5347092111253424,-1.0697698431133156,-0.20633741793374938,0.0,0.13333333333333333,0.26666666666666666
1744814666.9838521,16.0,-66.0,353.0,,-3.7068809394739146,-1.1460024605647618,-0.2678493768927179,-0.26666666666666666,0.1,0.1
1744814667.2664235,23.0,-84.0,359.0,,-2.745259793562762,-1.9610723704797757,-0.3539167855581944,1.0,1.8333333333333333,-0.2
1744814667.5425453,18.0,-92.0,343.0,,-0.25302401305732936,-2.3654567148182344,0.4648574270514443,0.03333333333333333,0.03333333333333333,-0.7333333333333333
1744814667.8295057,14.0,-92.0,356.0,,-1.8130240130573299,-1.7272537958327407,-0.13359250434190884,-1.1333333333333333,-1.2666666666666666,-0.3
1744814668.112328,16.0,-99.0,334.0,,1.3907773787616975,-4.312002460564762,0.8685092093342841,5.8,9.0,0.8666666666666667
1744814668.3849583,44.0,170.0,337.0,,3.752488622912586,-1.8925986142027638,-14.554402699480045,-3.8666666666666667,0.4,1.8333333333333333
1744814668.6494122,-18.0,-160.0,350.0,,3.606782393975188,-3.940543285181766,-15.188904840221642,-1.4,-4.166666666666667,2.7666666666666666
1744814668.9205031,38.0,-53.0,6.0,,-5.158614353563943,-4.608639072944708,-2.483411199241208,4.633333333333334,-4.533333333333333,3.8333333333333335
1744814669.1916306,-17.0,-17.0,307.0,,-1.182166423330048,-5.153833576669952,2.3336531798801827,2.5,1.0333333333333334,2.7666666666666666
1744814669.47656,5.0,-59.0,259.0,,-0.49581121988772203,-5.306997836354527,-0.09180193524301261,0.16666666666666666,2.7,2.1666666666666665
1744814669.7845688,36.0,-124.0,264.0,,-5.446858586764959,-4.051173324989162,-14.921032822380248,-1.8,3.3666666666666667,0.9
1744814670.117195,-9.0,-140.0,290.0,,-1.3637464510249524,-5.947377897955335,-10.630867152595782,-1.3,-0.5333333333333333,0.5
1744814670.4559784,43.0,-56.0,337.0,,-1.3278585867649593,-4.298403912213111,-0.6377284854205234,-2.2333333333333334,-5.566666666666666,4.933333333333334
1744814670.780722,-15.0,-12.0,294.0,,3.5293863130777807,-4.227985167544272,3.0607858454495585,0.4,2.3333333333333335,2.566666666666667
1744814671.0766928,22.0,-96.0,258.0,,-3.638259793562762,-2.5968906814100974,-3.583822886141964,-0.8,5.733333333333333,2.3333333333333335
1744814671.358278,4.0,-154.0,298.0,,-4.174420950000848,-6.872311007429869,-20.118496799448536,-2.7333333333333334,-0.5666666666666667,-1.1666666666666667
1744814671.6437867,-10.0,-77.0,314.0,,-4.136570335543159,-6.357511377087413,0.581987491323579,-1.2,-7.2,0.43333333333333335
1744814671.9383442,20.0,-3.0,318.0,,-0.8464157307432791,-6.483217606024811,-0.31031162643198407,3.8666666666666667,-2.3,0.8666666666666667
1744814672.232614,-36.0,-13.0,286.0,,0.6262301568866846,-3.8838266750108383,0.2391221773303971,1.6,2.8666666666666667,2.4
1744814672.5316553,-2.0,-88.0,251.0,,-3.7450240130573293,-3.903635937348466,-4.922251989001099,-0.9333333333333333,5.4,4.066666666666666
1744814672.8413978,-25.0,-126.0,293.0,,-2.485456714818235,-5.9651148523237385,-3.8424575543336257,-5.233333333333333,-5.1,-1.9666666666666666
1744814673.1236377,11.0,-40.0,356.0,,-1.0797464510249508,-5.166836244643904,0.3832201260595758,-2.1666666666666665,-0.6333333333333333,4.033333333333333
1744814673.4079516,28.0,-15.0,296.0,,-0.2750148324557289,-6.53751603092959,0.455648993874183,4.866666666666666,2.033333333333333,0.13333333333333333
1744814673.6885993,12.0,-71.0,273.0,,-5.196537226629299,-3.3536136869222193,-2.4526415956392946,-1.1666666666666667,3.966666666666667,0.9666666666666667
1744814674.0050845,9.0,-84.0,293.0,,-1.1962597935627617,-5.202622102044665,-0.13962870803668948,-1.0333333333333334,-0.6666666666666666,-1.1
1744814674.3115292,23.0,-125.0,275.0,,-3.0358815544750097,-5.569072370479776,-10.908836930557015,-0.7666666666666667,2.2,1.1666666666666667
1744814674.6158903,-10.0,-125.0,316.0,,-2.8098815544750098,-5.072511377087413,-4.913383774720211,-1.4666666666666666,-0.8333333333333334,0.1
1744814675.0400746,19.0,-48.0,346.0,,-3.6722507379332376,-5.556823595224707,-1.6378703255277305,0.7666666666666667,-5.6,4.633333333333334
1744814675.529902,13.0,-75.0,259.0,,-2.52373235589576,-5.364769843113315,-0.5287392507798572,1.9,6.6,5.2
1744814675.9450517,-18.0,-137.0,311.0,,-1.3954039122131112,-5.784543285181766,-7.433675333318325,-1.2,-1.4666666666666666,2.1
1744814676.3124967,24.0,-11.0,316.0,,-1.0588362446439046,-7.2650864685736,2.13551152961411,4.4,0.5,0.8666666666666667
1744814676.6420004,4.0,-21.0,294.0,,-0.5355895850393959,-6.15631100742987,0.04312037625689413,0.03333333333333333,0.5,0.4
1744814676.9895406,24.0,-115.0,270.0,,-4.615879390829537,-5.5690864685736,-11.54797404354046,-1.9666666666666666,3.8333333333333335,-0.0
1744814677.3195188,-1.0,-120.0,291.0,,-2.3677092111253444,-5.957791892850248,-6.892542768203363,-0.9,0.03333333333333333,-0.2
1744814677.6349127,-15.0,-130.0,312.0,,-3.4268959869971747,-6.6009851675442714,-9.23269570788565,-2.033333333333333,-4.4,3.3333333333333335
1744814677.9980698,6.0,4.0,303.0,,1.4093110074298694,-7.203424224655681,2.526668478368828,4.233333333333333,-0.26666666666666666,1.2333333333333334
1744814678.3304348,5.0,-57.0,261.0,,-2.32435827154461,-4.2869978363545265,-0.9352361687594093,0.26666666666666666,6.2,3.4
1744814678.6490319,-8.0,-124.0,293.0,,-3.975858586764959,-8.852711879581758,-13.688546624559944,-1.5,1.1333333333333333,-1.3666666666666667
1744814678.9788227,-12.0,-115.0,294.0,,-3.223879390829538,-5.580386313077781,-4.883248012030911,-0.26666666666666666,0.13333333333333333,0.5666666666666667
1744814679.339403,-11.0,-111.0,306.0,,-3.187423983937549,-5.150163755356096,-5.391666522498317,-0.03333333333333333,-0.13333333333333333,0.2
1744814679.711103,-11.0,-105.0,308.0,,-1.54273235589576,-5.140163755356095,-2.7810611275934205,-0.4666666666666667,-0.9,0.6333333333333333
1744814680.088817,31.0,-56.0,328.0,,-2.5538585867649592,-5.170523514867632,-0.9371361276031909,0.0,-0.3,0.4
1744814680.4369838,28.0,-43.0,317.0,,-1.6994039122131106,-5.076516030929589,0.38656631035700606,0.23333333333333334,-0.2,0.03333333333333333
1744814680.7478397,14.0,-33.0,310.0,,-0.35190893349741614,-3.2362537958327406,0.32514762837787714,0.2,-0.13333333333333333,-0.0
1744814681.0561519,1.0,-29.0,307.0,,0.13601762538343376,-1.3382081071497514,0.22057352999893176,0.13333333333333333,0.0,-0.06666666666666667
1744814681.3570788,5.0,-30.0,307.0,,-3.6899999999999995,-1.1299978363545267,-0.7153965368598687,-1.3,-3.5,0.03333333333333333
1744814681.6496217,-30.0,-1.0,301.0,,-0.41620810714975126,-2.7440000000000007,2.0520965351356413,0.9666666666666667,1.4666666666666666,2.2666666666666666
1744814681.978748,-7.0,-24.0,292.0,,-0.4120864685736003,-5.031461741195503,-0.12923014181039782,0.0,-0.03333333333333333,-0.3333333333333333
1744814682.5065224,-21.0,-20.0,297.0,,-0.9142176060248106,-2.7994104149606045,0.03681857567571267,0.1,-0.06666666666666667,-0.06666666666666667
1744814682.9417078,-34.0,-19.0,298.0,,-0.7728235952247076,-0.9963176169519725,0.07967172318748705,0.16666666666666666,-0.06666666666666667,-0.06666666666666667
1744814683.3479216,-39.0,-17.0,298.0,,-0.7211664233300481,-0.3083669638010953,-0.0012619027834608332,0.06666666666666667,0.0,-0.0
1744814683.7104921,-40.0,-17.0,297.0,,-0.7121664233300478,-0.4122535489750492,0.11141373685087963,0.1,0.0,-0.03333333333333333
1744814684.0398474,-41.0,-16.0,298.0,,-0.626002460564762,-0.14406092560312356,-0.03456401708702295,0.06666666666666667,0.0,-0.06666666666666667
1744814684.3374116,-41.0,-16.0,298.0,,-0.7240024605647619,-0.3010609256031236,0.07011563266543419,0.06666666666666667,-0.03333333333333333,-0.03333333333333333
1744814684.6617043,-42.0,-16.0,298.0,,-0.7240024605647619,-0.1828287516196001,0.07486323049782051,0.1,0.0,-0.06666666666666667
1744814685.0269225,-42.0,-16.0,298.0,,-0.6850024605647618,-0.21182875161960002,0.05973072524988421,0.1,0.0,-0.03333333333333333
1744814685.3929207,-42.0,-15.0,298.0,,-0.6080148324557286,-0.32982875161960035,0.15729532647305788,0.0,-0.16666666666666666,-0.1
1744814685.7494588,-42.0,-15.0,298.0,,-0.5490148324557287,-0.21182875161960002,0.04628321416686898,0.13333333333333333,0.0,0.03333333333333333
1744814686.1043794,-42.0,-16.0,297.0,,-0.626002460564762,-0.28082875161959997,0.06278547977858473,0.06666666666666667,0.0,-0.0
1744814686.4326365,-42.0,-16.0,297.0,,-0.626002460564762,-0.2708287516196002,0.01596083084379707,0.06666666666666667,-0.06666666666666667,-0.03333333333333333
1744814686.742195,-42.0,-16.0,297.0,,-0.7630024605647618,-0.21182875161960002,-0.041232934184297854,0.0,0.0,-0.03333333333333333
1744814687.0564902,-42.0,-15.0,297.0,,-0.43201483245572847,-0.30082875161960043,0.09530459126777036,0.0,-0.03333333333333333,-0.03333333333333333
1744814687.364207,-42.0,-16.0,297.0,,-0.8030024605647619,-0.12382875161959994,0.025786006136231165,0.03333333333333333,0.0,-0.03333333333333333
1744814687.6632097,-42.0,-16.0,298.0,,-0.626002460564762,-0.1928287516195999,0.06909043922625013,0.06666666666666667,0.0,-0.1
1744814687.9538794,-42.0,-16.0,298.0,,-0.812002460564762,-0.21182875161960002,0.066643988640112,0.0,0.03333333333333333,-0.03333333333333333
1744814688.2369297,-42.0,-16.0,299.0,,-0.7440024605647619,-0.07482875161960045,-0.01856659153084461,0.06666666666666667,-0.03333333333333333,-0.03333333333333333
1744814688.5151992,-42.0,-15.0,299.0,,-0.46101483245572883,-0.2708287516196002,0.1202642281849764,0.03333333333333333,-0.03333333333333333,-0.03333333333333333
1744814688.8015912,-42.0,-15.0,298.0,,-0.7360148324557287,-0.24182875161960027,0.006760210337097838,0.03333333333333333,0.0,-0.0
1744814689.0988908,-43.0,-15.0,298.0,,-0.7550148324557286,-0.09559608778688933,0.008848163196863545,0.06666666666666667,0.0,-0.03333333333333333
1744814689.3994608,-43.0,-14.0,298.0,,-0.5792537958327406,-0.1445960877868897,-0.04588451283287043,0.06666666666666667,0.0,-0.03333333333333333
1744814689.6844242,-43.0,-15.0,298.0,,-0.6960148324557287,-0.4095960877868894,0.1660153894069234,0.0,0.0,-0.0
1744814689.994575,-43.0,-15.0,298.0,,-0.7650148324557287,-0.25259608778688936,0.06419299219721442,0.03333333333333333,-0.03333333333333333,-0.06666666666666667
1744814690.2904487,-43.0,-15.0,299.0,,-0.5980148324557286,-0.25259608778688936,0.06212056230488816,0.03333333333333333,0.0,-0.06666666666666667
1744814690.5966802,-43.0,-15.0,299.0,,-0.8340148324557286,-0.20359608778688987,0.01830639114870447,0.1,0.0,-0.06666666666666667
1744814690.889538,-40.0,-13.0,311.0,,-0.8547698431133155,-0.696253548975049,0.13907316733310626,-0.1,-0.5,-0.3
1744814691.2624395,-39.0,-32.0,351.0,,-3.0615079821277402,-0.6913669638010953,0.2019904611093164,0.06666666666666667,0.3,0.2
1744814691.643298,-42.0,-34.0,1.0,,-3.0346823830480276,-0.04582875161960054,0.025404055818393445,0.06666666666666667,0.0,-0.06666666666666667
1744814692.0382245,-43.0,-23.0,10.0,,-1.392072370479776,0.07140391221311049,0.018606701253913727,0.1,-0.06666666666666667,-0.06666666666666667
1744814692.406055,-43.0,-19.0,13.0,,-0.7728235952247076,-0.22359608778688944,0.12412666337597678,0.0,-0.03333333333333333,-0.06666666666666667
1744814692.692717,-42.0,-18.0,13.0,,-0.8064567148182342,-0.35882875161960026,0.097708014231638,0.0,0.03333333333333333,-0.0
1744814693.1879184,-41.0,-25.0,11.0,,-1.586885147676262,-0.036060925603123906,-0.08133018806546399,0.03333333333333333,-0.03333333333333333,-0.06666666666666667
1744814693.5464528,-41.0,-22.0,13.0,,-0.9398906814100974,-0.23206092560312364,0.05634017270203895,0.03333333333333333,-0.06666666666666667,-0.06666666666666667
1744814693.9208436,-42.0,-20.0,15.0,,-0.8752176060248105,-0.05482875161959999,0.006482527961550133,0.06666666666666667,0.0,-0.03333333333333333
1744814694.2724667,-42.0,-19.0,15.0,,-0.6258235952247073,0.003171248380399838,0.18226463633748136,0.0,0.1,0.06666666666666667
1744814694.5797136,-3.0,-120.0,338.0,,-2.7107092111253444,0.18941573074327905,-0.5125829904069018,-0.16666666666666666,6.166666666666667,3.8666666666666667
1744814694.9016213,-55.0,-124.0,39.0,,-1.9748585867649586,-0.8591184455249898,-8.785267091958106,-2.433333333333333,-3.433333333333333,3.566666666666667
1744814695.2277787,-10.0,-25.0,30.0,,-1.900885147676262,0.5364886229125867,0.6312935243324631,2.8666666666666667,-2.1666666666666665,1.4666666666666666
1744814695.536673,-19.0,-53.0,10.0,,-1.5396143535639428,0.7718235952247072,-0.1525632996923454,0.4666666666666667,2.7666666666666666,1.2333333333333334
1744814695.8424542,-13.0,-88.0,5.0,,-0.5770240130573292,0.9217698431133157,-0.05257937818485159,-0.7666666666666667,0.8666666666666667,-0.2
1744814696.1267583,-15.0,-89.0,12.0,,-0.2085058894841989,1.0780148324557286,0.00787145342462714,-0.1,-0.06666666666666667,-0.2
1744814696.3960192,-13.0,-99.0,8.0,,1.6067773787616968,0.31376984311331557,0.1694777323622515,1.5666666666666667,4.933333333333334,0.8
1744814696.6583695,-23.0,-148.0,3.0,,0.4294920178722599,-0.18792762952022413,-11.998123361153496,-2.1,0.3,-3.033333333333333
1744814696.924348,-67.0,-142.0,19.0,,-2.627639072944709,-1.2278473876315594,-11.137767585641958,-0.6333333333333333,-0.5,2.2
1744814697.1830904,-4.0,-2.0,38.0,,-0.8723640626515345,-0.48268899257013076,-1.8269557220051507,1.9,-2.6333333333333333,2.033333333333333
1744814697.4412243,-51.0,3.0,25.0,,-0.055584269256720886,0.13180188189288522,1.6935893316292745,2.2,0.9,1.0333333333333334
1744814697.703309,-38.0,-72.0,338.0,,-3.387864424855456,-0.21736092705529142,0.10036154936030961,0.06666666666666667,4.733333333333333,3.566666666666667
1744814697.9867222,-22.0,-150.0,355.0,,0.14400000000000102,-0.6011093185899026,-13.69073296070162,-1.8666666666666667,3.6666666666666665,0.1
1744814698.265834,-67.0,-136.0,28.0,,-0.9025986142027627,-1.99284738763156,-8.096298128378855,-1.7333333333333334,0.0,0.23333333333333334
1744814698.54213,-1.0,-44.0,60.0,,-1.7455986142027635,-0.22079189285024875,-1.9712130587242003,-0.2,-3.966666666666667,5.166666666666667
1744814698.812987,-54.0,-21.0,2.0,,-3.1345895850393957,0.44445671481823457,1.9869740148669601,2.2333333333333334,0.3,0.7666666666666667
1744814699.0869348,-35.0,-72.0,323.0,,-3.171864424855456,-0.5812151593962378,-0.06484443830176101,-0.13333333333333333,2.1,2.3333333333333335
1744814699.3567586,-1.0,-141.0,333.0,,-2.702633036198905,0.14220810714975127,-12.28406631656982,-1.0333333333333334,6.133333333333334,0.8333333333333334
1744814699.6246333,-38.0,-163.0,339.0,,2.2298335766699537,-2.315360927055292,-15.491397277592403,-2.1333333333333333,-0.9666666666666667,-0.1
1744814699.9158857,-26.0,-80.0,16.0,,-0.8359640570497611,0.20142095000084925,0.024997984030541875,-1.3666666666666667,-6.2,4.533333333333333
1744814700.2084877,-21.0,-16.0,340.0,,-0.7930024605647619,-1.377410414960604,1.5906047881164778,3.433333333333333,0.9,1.0333333333333334
1744814700.4869437,-35.0,-46.0,318.0,,-2.1057234413221675,-1.0812151593962378,0.7444454186359062,-0.06666666666666667,1.8333333333333333,0.4666666666666667
1744814700.766791,-25.0,-69.0,319.0,,-3.373423983937549,-1.1991148523237376,-0.45963296037203394,-0.23333333333333334,2.8666666666666667,0.8333333333333334
1744814701.0435467,-26.0,-118.0,323.0,,-0.709715885946073,-0.4065790499991504,-3.4468066610329284,-0.16666666666666666,3.8666666666666667,-0.5666666666666667
1744814701.3149521,-49.0,-156.0,327.0,,0.4319135314263973,-1.3632990180146054,-8.381660095946877,-1.8,-1.0666666666666667,0.5
1744814701.5869806,-24.0,-48.0,24.0,,-0.770250737933238,1.0770864685736004,0.6655582159203624,-3.966666666666667,-6.633333333333334,4.5
1744814701.8703504,-32.0,0.0,348.0,,0.323,-0.78349201787226,-0.07419869976223481,4.566666666666666,-1.2,1.6666666666666667
1744814702.1506178,-29.0,-75.0,286.0,,-2.1317323558957595,-2.815017625383433,0.5701179346691463,-0.06666666666666667,4.733333333333333,4.9
1744814702.4226751,6.0,-162.0,314.0,,1.2235432851817647,-2.722424224655681,-16.402966715482716,-3.3333333333333335,3.6,1.6
1744814702.692372,-6.0,-98.0,358.0,,-1.6645297543548043,-0.9265757753443193,-0.010872682801250741,-3.7,-16.1,6.033333333333333
1744814702.977668,18.0,10.0,336.0,,0.02648862291258669,-2.9634567148182342,-1.3277873238513962,3.3666666666666667,0.5333333333333333,0.6666666666666666
1744814703.2690854,-8.0,-61.0,289.0,,-1.3240193270374725,-2.488711879581758,0.7334984347522733,-0.36666666666666664,4.966666666666667,4.433333333333334
1744814703.5564373,21.0,-133.0,320.0,,-0.614579812884064,-1.819589585039396,-10.859909471684194,-4.0,-1.3333333333333333,-0.16666666666666666
1744814703.850297,25.0,-59.0,13.0,,-0.3778112198877217,0.9521148523237377,0.2983266494286525,-1.8,-5.233333333333333,3.1
1744814704.1349332,45.0,-24.0,6.0,,-1.6860864685736003,-0.8777175234400305,0.4224677631397915,-0.7333333333333333,0.13333333333333333,-0.3333333333333333
1744814704.4180639,33.0,-26.0,15.0,,-2.5754209500008494,-0.028908933497415745,-0.335074106245842,1.5666666666666667,-1.0666666666666667,-1.7333333333333334
1744814704.706117,10.0,-22.0,20.0,,-2.2148906814100973,0.6885113770874132,0.21072370103805405,-0.4,0.4,-0.8
1744814704.9887125,5.0,-24.0,25.0,,-1.4310864685736,0.6840021636454733,0.4490562928273718,0.23333333333333334,-0.2,0.1
1744814705.293387,3.0,-30.0,21.0,,-1.9929999999999994,1.1825842692567208,-0.11615064317073198,0.0,0.36666666666666664,0.1
1744814705.616555,7.0,-30.0,15.0,,-1.1889999999999992,0.7154617411955033,0.5143403309905743,0.16666666666666666,0.23333333333333334,0.16666666666666666
1744814705.9551258,6.0,-32.0,13.0,,-2.45350798212774,2.1115757753443196,0.41955777222847246,-0.3,0.0,-0.06666666666666667
1744814706.268506,7.0,-35.0,11.0,,-2.4697848406037624,2.5204617411955033,0.17840798974095406,-0.2,0.03333333333333333,0.03333333333333333
1744814706.5713573,9.0,-35.0,8.0,,-2.3227848406037626,1.975377897955335,0.2086508621161567,-0.03333333333333333,-0.1,-0.0
1744814706.8684132,15.0,-30.0,2.0,,-2.0129999999999995,1.1569851675442715,0.14162782787720474,0.06666666666666667,-0.1,0.1
1744814707.1472566,17.0,-26.0,357.0,,-1.1734209500008497,0.7588335766699519,0.19569432036056433,0.1,-0.06666666666666667,-0.0
1744814707.4429293,18.0,-26.0,351.0,,-0.5354209500008493,1.1455432851817653,1.7349941141194787,-0.4,1.0666666666666667,-0.0
1744814707.7286522,24.0,-57.0,349.0,,-3.4233582715446094,0.9709135314264001,-0.7042910344946893,1.1,3.6666666666666665,-0.03333333333333333
1744814708.0120888,19.0,-66.0,331.0,,-4.186880939473914,0.8651764047752928,-0.2388070927100756,0.4,1.2333333333333334,-0.7
1744814708.2828145,19.0,-66.0,331.0,,-4.186880939473914,0.8651764047752928,-0.2388070927100756,0.4,1.2333333333333334,-0.7
1744814708.545388,19.0,-66.0,331.0,,-4.186880939473914,0.8651764047752928,-0.2388070927100756,0.4,1.2333333333333334,-0.7
1744814708.8049362,19.0,-66.0,331.0,,-4.186880939473914,0.8651764047752928,-0.2388070927100756,0.4,1.2333333333333334,-0.7
1744814709.0647206,19.0,-66.0,331.0,,-4.186880939473914,0.8651764047752928,-0.2388070927100756,0.4,1.2333333333333334,-0.7
1744814709.3350306,32.0,-94.0,352.0,,-1.5791033330488755,-0.39450798212773996,-0.028403611429181463,-0.03333333333333333,0.0,0.06666666666666667
1744814709.6175904,34.0,-95.0,352.0,,-1.1146699882800242,-0.9856823830480277,0.00730879426306541,0.06666666666666667,0.03333333333333333,-0.06666666666666667
1744814709.9263785,31.0,-85.0,340.0,,-0.44766998828002436,-0.640523514867632,0.08167182010671614,0.6333333333333333,0.4,-0.06666666666666667
1744814710.2220128,30.0,-81.0,330.0,,-0.9922226212383034,-0.6499999999999995,0.0053258441424435254,0.06666666666666667,-0.13333333333333333,0.1
1744814710.5045278,31.0,-82.0,331.0,,-0.7325297543548057,-0.6305235148676323,0.04106252790551412,0.0,0.1,-0.06666666666666667
1744814710.7758496,31.0,-84.0,333.0,,-1.3042597935627622,-0.326523514867632,-0.007725795707126837,0.0,-0.03333333333333333,0.03333333333333333
1744814711.0483887,32.0,-83.0,334.0,,-1.441877747601369,-0.32550798212774,-0.014354976244592255,0.23333333333333334,-0.06666666666666667,0.23333333333333334
1744814711.3226826,39.0,-72.0,328.0,,-1.1328644248554571,0.18036696380109518,0.19997213527116608,-1.0,-0.7,0.7
1744814711.5897906,64.0,-92.0,3.0,,-4.16602401305733,-1.561169594194828,-0.007291542892841937,0.7666666666666667,-0.03333333333333333,-0.6333333333333333
1744814711.871823,37.0,-69.0,323.0,,-1.1274239839375486,0.6361946228784063,0.15908379313320342,-3.6666666666666665,-1.9333333333333333,2.2333333333333334
1744814712.1478903,60.0,-115.0,29.0,,-4.390879390829538,-0.8177092111253428,-4.2884076904834245,-0.7,0.2,0.7
1744814712.4255607,56.0,-118.0,32.0,,-3.102715885946073,-0.2888585867649587,-5.024633358718365,1.0333333333333334,-0.13333333333333333,-1.3
1744814712.6967719,31.0,-91.0,343.0,,-1.277505889484198,0.24247648513236797,0.00954965946126679,1.6,0.7333333333333333,-0.7666666666666667
1744814712.9670568,27.0,-86.0,334.0,,-0.775103333048877,-0.296646802444954,0.0028795523569181414,0.26666666666666666,-0.03333333333333333,-0.3
1744814713.2378979,25.0,-86.0,331.0,,-0.8141033330488767,-0.1848851476762623,0.00030414430432662565,0.13333333333333333,0.0,-0.3
1744814713.5067022,24.0,-87.0,332.0,,-0.7265557359423696,-0.09808646857360026,0.0025236973763596016,0.0,0.0,-0.03333333333333333
1744814713.785467,23.0,-87.0,332.0,,-0.8535557359423702,-0.019072370479775724,-0.0032783823570517456,0.03333333333333333,0.0,-0.06666666666666667
1744814714.0641534,24.0,-90.0,337.0,,-0.8480000000000008,0.08891353142639957,-0.07585844139855821,-0.26666666666666666,0.23333333333333334,-0.16666666666666666
1744814714.3377934,24.0,-94.0,339.0,,-0.47110333304887675,-0.0390864685736001,-1.2337329052098092,-0.03333333333333333,0.13333333333333333,-0.06666666666666667
1744814714.6099658,25.0,-96.0,341.0,,-0.8532597935627617,-0.16588514767626217,-2.058392905266796,-0.03333333333333333,0.0,-0.0
1744814714.8796523,25.0,-96.0,343.0,,-0.8432597935627619,0.1681148523237379,-2.409735575683641,-0.06666666666666667,0.0,-0.03333333333333333
1744814715.150121,25.0,-98.0,346.0,,-0.6735297543548047,-0.3028851476762622,-3.190683029204716,-0.1,0.0,0.1
1744814715.4218767,25.0,-99.0,347.0,,-1.041222621238303,0.08011485232373783,-3.145291677184316,0.2,-0.03333333333333333,-0.06666666666666667
1744814715.6961458,24.0,-97.0,343.0,,-0.6568777476013707,-0.20608646857360036,-2.7664966389499885,0.5,-0.03333333333333333,-0.03333333333333333
1744814715.980479,24.0,-94.0,339.0,,-0.7651033330488755,0.009913531426399835,-1.852431411869365,0.16666666666666666,-0.03333333333333333,-0.0
1744814716.2550528,24.0,-93.0,338.0,,-0.775555735942369,0.3139135314264001,-1.4347061437279143,0.03333333333333333,0.0,-0.03333333333333333
1744814716.5278084,25.0,-92.0,336.0,,-0.9790240130573302,0.09911485232373796,-0.5663762169373427,0.3333333333333333,-0.1,-0.0
1744814716.801081,28.0,-88.0,335.0,,-1.0670240130573294,0.6004839690704111,-0.45964759933433885,0.2,-0.23333333333333334,0.2
1744814717.0666974,30.0,-84.0,332.0,,-1.3042597935627622,0.04600000000000026,-0.00025207121433756807,0.06666666666666667,0.03333333333333333,-0.1
1744814717.3367248,29.0,-87.0,336.0,,-1.1575557359423705,0.09701762538343317,0.002516510614229639,-0.3,0.03333333333333333,-0.2
1744814717.60574,26.0,-90.0,342.0,,-0.8280000000000012,0.08257904999915056,-0.44579385646912767,-0.3,0.0,-0.23333333333333334
1744814717.8867218,25.0,-92.0,346.0,,-0.7040240130573299,0.14811485232373744,-1.1011781452963332,-0.16666666666666666,0.03333333333333333,-0.03333333333333333
1744814718.160868,33.0,-97.0,355.0,,-1.5888777476013711,-0.19590893349741556,-1.8742722279507258,-0.2,-0.23333333333333334,0.7333333333333333
1744814718.436076,39.0,-97.0,359.0,,-2.186877747601371,-0.17263303619890458,-2.0497591141997518,0.16666666666666666,0.0,-0.13333333333333333
1744814718.7145488,36.0,-96.0,356.0,,-1.716259793562763,-0.11817332498916233,-1.4468898270139756,0.23333333333333334,0.0,-0.2
1744814719.0123875,34.0,-95.0,354.0,,-1.7326699882800245,0.034317616951971885,-1.5880483809679964,0.06666666666666667,0.0,-0.06666666666666667
1744814719.287269,34.0,-94.0,354.0,,-1.5981033330488756,0.13231761695197264,-1.5165419056867553,0.03333333333333333,0.03333333333333333,-0.1
1744814719.5587177,34.0,-94.0,353.0,,-1.6081033330488754,0.05431761695197235,-1.4430907829659771,0.06666666666666667,0.0,-0.06666666666666667
1744814719.8418696,34.0,-94.0,352.0,,-1.4911033330488763,-0.02468238304802739,-1.1083199488837914,0.06666666666666667,0.0,-0.06666666666666667
1744814720.116384,33.0,-94.0,352.0,,-1.4811033330488765,-0.008908933497416172,-1.1514812388056237,0.06666666666666667,0.0,-0.0
1744814720.3867023,33.0,-94.0,352.0,,-1.461103333048877,0.05009106650258399,-1.3033654555578724,0.06666666666666667,0.0,-0.03333333333333333
1744814720.6669505,33.0,-93.0,352.0,,-1.589555735942369,0.26509106650258385,-0.9908521900144591,0.03333333333333333,0.0,-0.03333333333333333
1744814720.937377,34.0,-93.0,352.0,,-1.6975557359423696,0.1523176169519722,-1.3464437050783056,0.06666666666666667,0.0,-0.0
1744814721.2069142,34.0,-93.0,351.0,,-1.5305557359423698,-0.0926823830480279,-0.9565327903904495,0.06666666666666667,0.03333333333333333,-0.03333333333333333
1744814721.4816048,34.0,-93.0,351.0,,-1.50155573594237,-0.21068238304802733,-0.6451627096411887,0.0,0.0,-0.03333333333333333
1744814721.7529511,33.0,-93.0,352.0,,-1.6285557359423706,0.1180910665025845,-1.251745653983276,0.03333333333333333,-0.03333333333333333,-0.06666666666666667
1744814722.038384,34.0,-92.0,350.0,,-1.5670240130573294,-0.11268238304802747,-0.6829420671075668,0.3333333333333333,0.0,-0.0
1744814722.3125722,35.0,-79.0,332.0,,-1.128762669621585,2.8252151593962376,0.5483191498030355,1.4333333333333333,0.06666666666666667,-0.5666666666666667
1744814722.6043093,15.0,-35.0,312.0,,5.650215159396237,-4.314014832455729,1.9518766482737737,9.166666666666666,-1.7,-5.2
1744814722.8944674,-22.0,31.0,11.0,,-1.8124764851323683,-0.7971093185899032,-0.36444140571692163,-4.933333333333334,-2.5,1.9666666666666666
1744814723.1931279,75.0,96.0,193.0,,6.716259793562762,-1.4647323558957606,-0.05633289859021967,-0.13333333333333333,0.6,-0.5666666666666667
1744814723.4823565,-33.0,15.0,348.0,,-2.236985167544271,5.195908933497416,-1.7874488463639588,10.666666666666666,0.9333333333333333,-6.266666666666667
1744814723.7667089,-36.0,42.0,23.0,,0.7391712483803996,0.7941733249891616,-0.48815441168212903,-7.733333333333333,-0.23333333333333334,3.2333333333333334
1744814724.0532832,56.0,1.0,311.0,,-0.45679189285024874,0.6231414132350412,0.35355012293356847,-5.233333333333333,2.933333333333333,1.1666666666666667
1744814724.3354533,34.0,-18.0,320.0,,2.8515432851817657,-2.0546823830480276,1.9014359807273333,8.833333333333334,-1.4333333333333333,-5.933333333333334
1744814724.6125445,-27.0,-17.0,2.0,,-1.6731664233300478,2.668646802444954,-2.600678239124546,-0.8,0.6666666666666666,2.0
1744814724.8745046,37.0,-35.0,353.0,,-0.6167848406037626,2.2051946228784063,2.7274707583833795,-0.06666666666666667,0.6,-0.8
1744814725.1360404,28.0,-45.0,352.0,,-2.495717523440031,-0.32151603092958947,-0.8819560715096184,0.7666666666666667,0.7,-0.3333333333333333
1744814725.4054825,22.0,-33.0,336.0,,-0.10690893349741604,2.6201093185899027,1.1730324697568033,0.6666666666666666,1.0666666666666667,0.4666666666666667
1744814725.67278,22.0,-23.0,338.0,,0.4219276295202241,-1.155890681410097,0.20710337947659951,-0.5333333333333333,-1.0666666666666667,-1.3333333333333333
1744814725.9488,20.0,-41.0,335.0,,-1.8569390743968768,1.8607823939751897,0.3675719565215685,1.2666666666666666,1.0333333333333334,-0.5666666666666667
1744814726.2118409,11.0,-81.0,314.0,,-0.5892226212383029,-1.2748362446439045,-0.09954820329891345,4.6,5.366666666666666,2.533333333333333
1744814726.4769466,30.0,-124.0,301.0,,-0.8278585867649593,1.3510000000000009,-8.259574233531453,-3.5,-2.433333333333333,-1.0333333333333334
1744814726.7461364,34.0,-7.0,315.0,,-1.6265382588044968,-1.063682383048028,0.3326663674881445,0.16666666666666666,-4.733333333333333,1.5666666666666667
1744814727.0168295,51.0,15.0,317.0,,3.6460148324557284,-2.279801881892885,0.3525571052674614,-0.7333333333333333,2.0,-2.7333333333333334
1744814727.2895248,52.0,-20.0,340.0,,-3.9142176060248106,0.5646145071180566,0.12246951996728228,1.0333333333333334,1.0333333333333334,-0.7333333333333333
1744814727.5578575,12.0,-32.0,302.0,,-1.1495079821277399,-1.0506136869222193,0.26343430302314275,1.8666666666666667,2.6666666666666665,2.8
1744814727.8248968,24.0,-51.0,266.0,,-0.7898018818928856,0.04891353142639954,-0.13987692533854723,0.3,0.7,1.0666666666666667
1744814728.0894063,34.0,-56.0,252.0,,-0.9258585867649591,0.8773176169519727,0.04216214518319594,0.36666666666666664,0.7,1.5
1744814728.3518147,38.0,-40.0,269.0,,-4.374746451024951,-0.8726390729447084,-1.1301491561614263,-2.7666666666666666,-8.966666666666667,-3.933333333333333
1744814728.6208732,55.0,10.0,313.0,,3.8104886229125867,-1.0248815544750096,0.12175108965166359,-1.0333333333333334,-0.9333333333333333,-0.3
1744814728.8886542,36.0,12.0,331.0,,4.637613686922219,-3.9141733249891617,-0.3133757509105166,6.2,0.5333333333333333,1.7
1744814729.150767,0.0,-7.0,276.0,,0.18646174119550318,-1.285,0.6952243520995776,-0.1,1.8666666666666667,4.266666666666667
1744814729.4119992,27.0,-27.0,231.0,,-2.1696468024449542,0.4093531975550464,0.03441968141477858,-1.5,2.1,2.7666666666666666
1744814729.6779733,57.0,-128.0,313.0,,-5.6323854928819435,-2.1973582715446094,-12.671786635221512,-5.233333333333333,-0.4,-0.36666666666666664
1744814729.9687505,56.0,-122.0,2.0,,-4.897351823294539,-1.4848585867649593,-9.37901419510823,-1.1666666666666667,-6.7,5.533333333333333
1744814730.296666,68.0,0.0,264.0,,2.205,0.1603263866998148,0.21195093506449236,2.8666666666666667,0.43333333333333335,1.1666666666666667
1744814730.62721,28.0,-10.0,232.0,,-1.7524886229125867,1.738483969070411,0.09224371004885601,-0.06666666666666667,-0.3,0.26666666666666666
1744814730.9312673,33.0,4.0,240.0,,0.5173110074298692,2.0890910665025846,0.05628274187450888,-0.9666666666666667,-0.5666666666666667,-0.5333333333333333
1744814731.2212741,55.0,-1.0,241.0,,-0.6812081071497513,1.0341184455249905,-0.07839024853220344,-1.4,2.033333333333333,-0.03333333333333333
1744814731.5059488,57.0,-54.0,260.0,,-5.328456714818234,1.0286417284553906,-0.006864219051687881,-1.4333333333333333,1.9,-1.1666666666666667
1744814731.783429,63.0,-30.0,300.0,,-0.06199999999999939,-0.16077400228788896,0.019001796707409868,-2.0,-7.833333333333333,2.6333333333333333
1744814732.0698214,63.0,22.0,276.0,,4.614890681410097,0.5552259977121103,-0.005197091561754519,0.3333333333333333,0.9,-0.03333333333333333
1744814732.3417523,57.0,-7.0,283.0,,0.8334617411955032,0.7836417284553896,0.0999380960942684,0.8333333333333334,2.466666666666667,-0.03333333333333333
1744814732.6037004,42.0,-51.0,261.0,,-2.0738018818928854,1.1628287516196005,0.31041096063476825,0.7333333333333333,4.8,0.8666666666666667
1744814732.8726304,56.0,-92.0,273.0,,-6.588024013057329,0.9961414132350406,-1.7322304829517972,-1.3666666666666667,0.26666666666666666,0.7
1744814733.1377685,56.0,-93.0,282.0,,-6.48255573594237,0.7701414132350415,-4.901779649809089,1.2,-0.9666666666666667,-0.4666666666666667
1744814733.4059715,48.0,-114.0,311.0,,-5.8048809394739145,-0.1622507379332374,-10.569348603734689,-2.933333333333333,-0.3333333333333333,-0.5666666666666667
1744814733.670218,34.0,-123.0,337.0,,-2.02035827154461,-1.1616823830480278,-15.143577386599453,-1.2,-3.4,2.566666666666667
1744814733.9559062,84.0,169.0,130.0,,1.6368362446439062,-0.1962597935627617,-6.743886562126729,0.4666666666666667,-2.8,2.466666666666667
1744814734.2386768,63.0,26.0,295.0,,5.672420950000849,-2.5637740022878894,-1.1924066027767881,4.666666666666667,0.3333333333333333,-0.03333333333333333
1744814734.511917,-12.0,-5.0,277.0,,0.38000216364547346,-0.6673863130777806,0.600155580249,0.0,0.6666666666666666,3.3333333333333335
1744814734.7880707,12.0,-30.0,239.0,,-0.23799999999999955,0.9793863130777809,0.11216547325331483,-1.6333333333333333,1.9,2.2666666666666666
1744814735.0595374,51.0,-62.0,251.0,,-5.347715885946073,0.5831981181071155,-0.11845425711584401,-2.533333333333333,1.8,0.8666666666666667
1744814735.3368156,51.0,-122.0,312.0,,-4.78035182329454,-0.6028018818928853,-12.111751820455826,-1.4,0.1,-0.03333333333333333
1744814735.611982,37.0,-139.0,336.0,,-2.8969390743968764,-1.4328053771215936,-17.027652747704586,-0.6666666666666666,-0.5666666666666667,0.8
1744814735.889168,40.0,-140.0,342.0,,-3.6297464510249524,-0.8547464510249512,-15.547645190647788,0.2,-0.3,0.3
1744814736.163761,62.0,-67.0,305.0,,-6.58915261236844,0.7122841140539276,-0.13686452161399942,0.9,-6.366666666666666,1.0
1744814736.4351795,47.0,10.0,281.0,,1.8294886229125868,0.601420187115937,0.534475292095566,2.566666666666667,0.1,0.5
1744814736.711946,24.0,-9.0,261.0,,0.21037789795533524,1.0299135314263994,0.5105401696252603,0.5,2.3333333333333335,1.8666666666666667
1744814736.9832034,33.0,-25.0,239.0,,-1.2048851476762623,1.5890910665025846,0.45932377242065403,-1.0666666666666667,2.1333333333333333,1.1333333333333333
1744814737.242359,56.0,-62.0,257.0,,-6.436715885946073,1.0941414132350413,-0.011594170602874765,-1.5,0.16666666666666666,-0.1
1744814737.5106065,59.0,-91.0,291.0,,-6.465505889484199,0.759188780112277,-2.9115525262835478,-1.3333333333333333,0.0,-0.1
1744814737.7782779,43.0,-124.0,342.0,,-3.622858586764959,-1.3764039122131102,-14.828542677390017,-0.7,-0.5333333333333333,-0.16666666666666666
1744814738.0491295,48.0,-126.0,13.0,,-3.387456714818234,-1.456250737933238,-12.929706573009343,-1.2,-4.866666666666666,4.966666666666667
1744814738.322869,70.0,169.0,134.0,,1.3718362446439063,-0.1583846099097599,-8.578247307802897,1.8,0.0,0.9666666666666667
1744814738.5970552,57.0,18.0,283.0,,3.3054567148182343,-2.06035827154461,-0.7042036310241402,6.766666666666667,2.4,0.03333333333333333
1744814738.8859138,9.0,-11.0,267.0,,-0.16683624464390445,0.4063778979553352,0.3572114056687177,-0.16666666666666666,1.2666666666666666,2.1333333333333333
1744814739.183034,27.0,-25.0,244.0,,-2.038885147676262,1.2623531975550462,-0.28446069784563655,-1.2,0.5666666666666667,0.7333333333333333
1744814739.4889567,58.0,-56.0,252.0,,-6.466858586764959,0.2996481767054604,-0.17695132412995096,-2.566666666666667,1.4,0.7333333333333333
1744814739.7806284,59.0,-119.0,316.0,,-5.5800193270374745,0.03318878011227788,-7.291359693771614,-1.1,0.16666666666666666,-0.1
1744814740.0738618,41.0,-135.0,336.0,,-4.201717523440033,-0.3469390743968761,-14.288498565161028,-1.7333333333333334,0.0,-1.3
1744814740.360296,14.0,-129.0,332.0,,1.4171981181071143,-1.3842537958327408,-13.104495453465567,-0.7666666666666667,-0.2,-0.16666666666666666
1744814740.6268742,26.0,-134.0,356.0,,-3.1157234413221673,-1.1534209500008497,-16.876239806236576,-0.4,-1.5666666666666667,3.8666666666666667
1744814740.8928037,52.0,-133.0,29.0,,-4.135579812884064,-0.013385492881943684,-9.996780788459589,0.5666666666666667,-2.1,2.1333333333333333
1744814741.1610234,83.0,-98.0,19.0,,-8.911529754354804,0.22612225239863015,0.01691862672528377,2.2666666666666666,1.1,0.03333333333333333
1744814741.423123,69.0,-28.0,287.0,,-2.654516030929589,0.029576016062451416,0.032827442223275494,2.1666666666666665,3.2,-0.0
1744814741.6884253,52.0,-43.0,255.0,,-2.9644039122131103,1.3496145071180567,0.8689273115071794,-1.4333333333333333,3.4,0.9
1744814741.9720337,58.0,-122.0,316.0,,-5.868351823294539,-0.2393518232945393,-9.2018734399546,-1.9,0.5666666666666667,-0.3
1744814742.239022,41.0,-137.0,336.0,,-3.896403912213111,0.2810609256031231,-11.760259001730189,-1.7666666666666666,-0.3333333333333333,-0.4
1744814742.503741,20.0,-147.0,353.0,,-1.6859089334974184,-1.3852176060248105,-19.194124525724632,-0.3333333333333333,-0.2,0.6
1744814742.767917,42.0,-137.0,24.0,,-4.426403912213111,-0.3481712483803996,-14.086804788227443,1.0666666666666667,-2.7666666666666666,2.3666666666666667
1744814743.0287702,61.0,-41.0,334.0,,-3.1709390743968764,0.3529806729625271,0.30016104099185537,2.3666666666666667,-1.7,1.3
1744814743.292054,56.0,-14.0,301.0,,-1.4232537958327407,0.7801414132350413,-0.005632409598928856,-0.4666666666666667,0.8333333333333334,0.16666666666666666
1744814743.5565112,64.0,-19.0,305.0,,-2.2438235952247076,0.4688304058051713,0.007007453695789145,-0.03333333333333333,0.03333333333333333,-0.06666666666666667
1744814743.8251498,66.0,-21.0,300.0,,-2.3395895850393957,0.46111906052608553,0.01604608796019935,0.3,0.5,-0.0
1744814744.1021261,58.0,-92.0,319.0,,-7.667024013057329,0.6236481767054602,-0.0006690882762153006,-1.6333333333333333,4.166666666666667,-0.7666666666666667
1744814744.3753078,36.0,-139.0,340.0,,-3.1519390743968767,0.29282667501083814,-14.411397358461084,-0.6,0.3,-0.3333333333333333
1744814744.6411269,55.0,-109.0,337.0,,-7.148537226629299,0.4361184455249898,-5.199313561486585,2.1333333333333333,-3.0,1.7666666666666666
1744814744.9091601,63.0,-46.0,294.0,,-4.6747234413221666,0.6722259977121112,0.03979000260965471,0.26666666666666666,-0.2,0.03333333333333333
1744814745.1705863,63.0,-76.0,305.0,,-6.165601074767526,0.4372259977121118,0.003995532232521359,-0.9,3.6,-0.7333333333333333
1744814745.4390073,44.0,-135.0,328.0,,-4.4077175234400325,0.8144013857972361,-10.874308711192503,-1.2333333333333334,0.3,-0.6666666666666666
1744814745.7087722,42.0,-118.0,11.0,,-3.0727158859460726,-2.5341712483803995,-14.527228802212768,-0.13333333333333333,-4.7,4.8
1744814745.9827368,71.0,-1.0,308.0,,-0.4462081071497513,0.23546277337070087,-0.005196448023399469,1.0,-5.533333333333333,3.2333333333333334
1744814746.2499125,51.0,26.0,289.0,,3.2414209500008493,0.40719811810711537,-0.1928354371464156,1.1333333333333333,1.8,0.4666666666666667
1744814746.519526,30.0,-10.0,276.0,,-0.9884886229125868,0.6540000000000008,1.1974099671625815,0.8,4.566666666666666,1.3
1744814746.7852678,39.0,-50.0,262.0,,-3.033895986997175,1.2393669638010953,0.14173575407767203,-0.9,2.066666666666667,0.6
1744814747.0502155,51.0,-103.0,299.0,,-5.715570335543159,-0.00480188189288544,-3.0324051694560534,-2.6,1.4666666666666666,0.2
1744814747.3190534,45.0,-125.0,325.0,,-4.074881554475009,0.6432824765599694,-9.452954047469103,0.06666666666666667,-0.3333333333333333,0.06666666666666667
1744814747.5910513,50.0,-116.0,322.0,,-4.935169594194829,0.4081040130028253,-8.623114319299276,0.9666666666666667,-0.36666666666666664,-0.03333333333333333
1744814747.876889,68.0,-73.0,346.0,,-7.244349655997377,-0.3196736133001856,-4.10069098022046,-0.7,-7.733333333333333,2.566666666666667
1744814748.1475275,68.0,31.0,288.0,,5.326523514867632,1.0533263866998137,0.4220383572112594,0.6333333333333333,0.9,-0.0
1744814748.4146123,72.0,-27.0,321.0,,-3.091646802444954,0.21113557514454406,-0.003628695091015377,-0.03333333333333333,3.0,-1.1333333333333333
1744814748.68602,55.0,-87.0,332.0,,-5.23755573594237,0.7601184455249896,0.005019718020075892,0.3333333333333333,1.0666666666666667,-0.7
1744814748.959278,49.0,-102.0,342.0,,-4.212627963198634,0.519299018014606,-4.578795489208795,0.13333333333333333,0.3333333333333333,-0.06666666666666667
1744814749.251172,51.0,-105.0,345.0,,-4.57373235589576,0.4261981181071155,-4.900541671030262,-0.23333333333333334,-0.06666666666666667,-0.0
1744814749.5300138,52.0,-110.0,350.0,,-4.031384609909762,0.3296145071180572,-4.823427384483471,-0.06666666666666667,-0.06666666666666667,0.03333333333333333
1744814749.8350422,54.0,-110.0,352.0,,-4.120384609909762,0.24154328518176627,-4.1262933784616695,0.13333333333333333,-0.06666666666666667,-0.03333333333333333
1744814750.1194248,54.0,-110.0,352.0,,-4.718384609909762,0.5255432851817652,-3.868573629125792,-0.6,-0.7333333333333333,0.3
1744814750.4008853,56.0,-91.0,358.0,,-3.5525058894841983,0.015141413235040702,-0.01759465896877304,0.6333333333333333,-0.6333333333333333,0.7666666666666667
1744814750.68342,56.0,-84.0,307.0,,-4.9222597935627626,0.633141413235041,0.05793245531170044,0.8666666666666667,3.7666666666666666,0.16666666666666666
1744814750.9571357,53.0,-127.0,315.0,,-5.579614353563942,0.7553856464360571,-7.629309751278434,-1.2,1.3666666666666667,-0.06666666666666667
1744814751.2326093,44.0,-89.0,325.0,,-7.318505889484198,1.274401385797237,-1.1603318390877726,0.0,-7.833333333333333,0.23333333333333334
1744814751.509061,0.0,-2.0,327.0,,0.4116359373484655,-3.638,3.265796036826302,2.2333333333333334,-5.166666666666667,-1.7333333333333334
1744814751.7879498,-11.0,15.0,335.0,,0.0970148324557285,0.20483624464390449,0.45049404850581176,-0.4,0.03333333333333333,-0.23333333333333334
1744814752.0709217,-3.0,11.0,339.0,,-0.03016375535609539,0.12141573074327905,0.48577980434384926,0.06666666666666667,-0.03333333333333333,-0.5
1744814752.3480244,-2.0,8.0,342.0,,-0.3897118795817578,-0.2946359373484655,0.5202763220769366,0.0,0.13333333333333333,0.1
1744814752.6180506,0.0,6.0,342.0,,0.025424224655680616,-0.314,0.19793720916400126,-0.06666666666666667,0.1,0.03333333333333333
1744814752.888642,-1.0,5.0,341.0,,0.9909978363545267,-2.5547918928502487,1.8176340581745247,0.6,-0.3333333333333333,0.4666666666666667
1744814753.1574655,-14.0,-4.0,319.0,,-1.7633110074298692,-0.4217462041672593,0.8414185102795511,0.7,-0.36666666666666664,0.7333333333333333
1744814753.4197204,-5.0,-9.0,315.0,,-1.3006221020446649,-0.7830021636454733,1.3599343255279877,-2.5,0.8,-0.7
1744814753.6940804,39.0,-119.0,331.0,,-5.590019327037474,0.03336696380109494,-4.933265204225646,-1.0333333333333334,5.166666666666667,0.4666666666666667
1744814753.976142,18.0,-158.0,347.0,,0.4041093185899003,-0.7574567148182343,-18.673380232503284,-1.0333333333333334,0.6333333333333333,-0.1
1744814754.2516887,18.0,-149.0,354.0,,-0.14052351486763381,0.6545432851817656,-14.814032758676367,0.13333333333333333,-0.36666666666666664,0.3
1744814754.5255342,21.0,-143.0,351.0,,-0.11880537712159267,0.17041041496060405,-14.240824956894766,0.26666666666666666,-0.16666666666666666,-0.0
1744814754.8001308,44.0,-130.0,339.0,,-3.4558959869971746,-0.22559861420276306,-9.556414227759682,3.533333333333333,-0.8333333333333334,0.13333333333333333
1744814755.0899,52.0,-41.0,299.0,,-4.5929390743968765,0.5066145071180568,-0.25578406986220337,0.6666666666666666,-5.966666666666667,-0.5
1744814755.3871946,41.0,6.0,310.0,,2.5154242246556806,0.09406092560312374,1.152220109555933,-0.6333333333333333,2.1333333333333333,-0.3333333333333333
1744814755.6893668,48.0,-86.0,331.0,,-5.982103333048876,0.5937492620667628,-0.9536340136924228,-1.3333333333333333,2.4,-1.6
1744814755.9902945,12.0,-38.0,344.0,,-1.147639072944708,-5.412613686922219,-0.6455927023599424,4.5,-10.766666666666667,-0.9333333333333333
1744814756.2837474,-26.0,6.0,341.0,,2.5344242246556803,0.1714209500008499,-0.6326513883785259,0.43333333333333335,0.3333333333333333,0.36666666666666664
1744814756.565029,-23.0,4.0,339.0,,0.6933110074298693,-1.030927629520224,0.8654172475648867,0.26666666666666666,-0.03333333333333333,-0.0
1744814756.8434696,-20.0,0.0,339.0,,0.529,-0.6847823939751896,0.2782625345871814,0.13333333333333333,0.1,0.06666666666666667
1744814757.111778,-16.0,-4.0,336.0,,-1.3703110074298692,-0.5519975394352379,-0.2336886920493928,-0.06666666666666667,-0.03333333333333333,0.2
1744814757.3816292,-16.0,-4.0,336.0,,-0.48931100742986927,-0.9729975394352381,0.12521719204280224,0.0,0.0,-0.03333333333333333
1744814757.6503525,-19.0,-3.0,337.0,,-0.5824157307432791,-0.9051764047752928,0.5116146562698898,0.0,0.0,-0.03333333333333333
1744814757.9232514,-16.0,-6.0,334.0,,0.12057577534431929,-1.3759975394352382,0.6094570113985895,-0.3,-0.1,0.3333333333333333
1744814758.2012599,-5.0,-12.0,314.0,,-1.2656136869222192,-1.7540021636454735,0.4912762932936321,-0.3333333333333333,-0.5,0.8666666666666667
1744814758.4806185,0.0,-12.0,297.0,,-1.903613686922219,-0.696,-0.10477437941148438,-0.06666666666666667,-0.23333333333333334,0.4666666666666667
1744814758.7569795,6.0,-26.0,278.0,,-0.6144209500008495,-1.0944242246556806,0.44294854475479895,-0.8666666666666667,1.9666666666666666,2.1333333333333333
1744814759.0252805,42.0,-61.0,266.0,,-2.560019327037473,-0.5141712483804,-0.03487092006880754,-1.4,1.8666666666666667,2.066666666666667
1744814759.2938783,54.0,-128.0,316.0,,-4.534385492881944,-0.7784567148182342,-10.259616490342925,-2.533333333333333,0.6666666666666666,0.23333333333333334
1744814759.555294,50.0,-112.0,341.0,,-4.065673613300185,0.3591040130028249,-4.824967565112857,0.36666666666666664,-2.066666666666667,1.2666666666666666
1744814759.8448026,57.0,-98.0,339.0,,-5.508529754354805,0.38164172845539035,-2.7047152337266,-0.4666666666666667,-0.8,0.3
1744814760.1315892,60.0,-48.0,350.0,,-1.4072507379332375,-1.9847092111253426,-0.1342404038389695,5.3,0.6,-0.4
1744814760.4103594,35.0,-51.0,274.0,,-1.8588018818928855,1.374215159396238,0.7331365542866974,2.966666666666667,3.8333333333333335,2.8666666666666667
1744814760.6804523,62.0,-98.0,282.0,,-7.224529754354805,0.06528411405392731,-0.04486024784313691,-3.7333333333333334,1.2333333333333334,1.3333333333333333
1744814760.9747632,23.0,-148.0,350.0,,-0.47250798212774026,-1.6080723704797757,-19.456466525626993,-1.8,-3.466666666666667,1.4333333333333333
1744814761.2590027,65.0,-120.0,53.0,,-6.9477092111253445,-0.7328793908295363,-9.085643336502159,1.3333333333333333,-3.5,3.2333333333333334
1744814761.531076,51.0,2.0,333.0,,1.4003640626515346,-2.848801881892885,-0.6494456263052815,5.9,-1.6,1.4
1744814761.8325381,10.0,-26.0,269.0,,-1.6044209500008493,0.5805113770874131,1.4378419418177497,-0.06666666666666667,1.6666666666666667,3.2
1744814762.1307626,55.0,-61.0,257.0,,-5.668019327037473,0.3381184455249908,-0.15413659286716452,-2.4,2.2,1.1333333333333333
1744814762.4220169,48.0,-117.0,312.0,,-3.5537740022878888,0.3777492620667626,-5.778707999438087,-1.8,0.7666666666666667,-0.4
1744814762.7255645,27.0,-149.0,349.0,,-4.190523514867634,-0.27664680244495443,-18.257815882148243,0.03333333333333333,-0.1,0.16666666666666666
1744814763.0344644,67.0,-82.0,316.0,,-7.450529754354806,-1.3921526123684398,-0.4463139870888555,5.833333333333333,-0.9333333333333333,1.6
1744814763.3230658,59.0,-33.0,269.0,,-3.333908933497416,0.818188780112278,-0.007451657040282722,-0.43333333333333335,0.2,-0.26666666666666666
1744814763.6110535,61.0,-38.0,275.0,,-3.4126390729447085,0.45098067296252786,-0.0033659705951145646,-0.16666666666666666,-0.13333333333333333,-0.16666666666666666
1744814763.9030578,64.0,-41.0,279.0,,-3.9269390743968766,0.3898304058051725,0.011900150836939627,0.0,0.0,-0.0
1744814764.1949873,67.0,-42.0,281.0,,-4.0451712483804,0.18684738763156084,0.00448229086517582,0.06666666666666667,-0.06666666666666667,-0.06666666666666667
1744814764.4864993,68.0,-43.0,282.0,,-4.32840391221311,0.0823263866998154,-0.011899291724712935,0.1,0.0,-0.06666666666666667
1744814764.7664075,68.0,-44.0,283.0,,-4.344598614202763,0.1213263866998151,0.01313478668621837,0.0,-0.13333333333333333,-0.06666666666666667
1744814765.0448306,68.0,-45.0,284.0,,-4.27071752344003,0.013326386699814563,0.0018944742774604784,0.06666666666666667,-0.03333333333333333,-0.06666666666666667
1744814765.3158216,68.0,-44.0,284.0,,-4.059598614202764,0.013326386699814563,0.019027572345870603,0.06666666666666667,0.0,-0.03333333333333333
1744814765.587824,68.0,-44.0,284.0,,-4.265598614202764,0.0823263866998154,0.015990906616759837,0.06666666666666667,0.0,-0.0
1744814765.868483,68.0,-44.0,284.0,,-4.099598614202764,0.05332638669981371,0.02351632652343527,0.03333333333333333,0.0,-0.03333333333333333
1744814766.1468275,68.0,-44.0,283.0,,-4.167598614202763,0.09232638669981519,0.03725792939238781,0.03333333333333333,-0.03333333333333333,-0.0
1744814766.4255674,77.0,-14.0,292.0,,-1.5702537958327407,0.060429664456840726,-0.010879908591292065,0.0,-3.8666666666666667,-0.2
1744814766.6963298,30.0,4.0,323.0,,2.5463110074298694,-3.3659999999999997,0.1703879467581384,7.366666666666666,-0.3333333333333333,0.5
1744814766.967962,2.0,-29.0,251.0,,-1.1289823746165668,-0.3913640626515345,1.5699297589662962,-1.2333333333333334,1.9666666666666666,4.3
1744814767.2404578,53.0,-71.0,256.0,,-5.275537226629298,0.21538564643605795,-0.09083323537868204,-3.1666666666666665,1.8333333333333333,0.9333333333333333
1744814767.511481,32.0,-128.0,326.0,,-1.200385492881943,-1.3945079821277404,-14.210325533149703,-1.7333333333333334,-1.0,0.6333333333333333
1744814767.8025415,73.0,-99.0,13.0,,-8.101222621238303,-0.48734965599737734,-4.590791938180983,0.5666666666666667,-3.5,3.933333333333333
1744814768.096488,59.0,3.0,276.0,,2.238415730743279,0.053188780112277456,0.33268493735748894,2.2333333333333334,2.2333333333333334,0.6333333333333333
1744814768.3849022,38.0,-13.0,255.0,,-1.1977698431133157,1.3343609270552914,0.5168472673723636,0.26666666666666666,1.0333333333333334,0.4
1744814768.6696136,39.0,-11.0,252.0,,-0.7158362446439046,0.8963669638010954,-0.051502407478170475,0.0,-0.6666666666666666,-0.16666666666666666
1744814768.9478774,39.0,-12.0,255.0,,-0.3636136869222193,1.052366963801095,0.06166016309281819,0.0,-0.03333333333333333,-0.2
1744814769.2234838,41.0,-14.0,257.0,,-0.39325379583274067,0.6730609256031235,0.07789039734132697,0.0,0.06666666666666667,-0.0
1744814769.49693,42.0,-17.0,258.0,,-0.7801664233300478,0.5638287516196003,0.08831733330022029,0.06666666666666667,0.0,-0.03333333333333333
1744814769.7746634,45.0,-18.0,259.0,,-0.7764567148182344,0.2992824765599691,0.05576938242617491,-0.03333333333333333,0.06666666666666667,-0.0
1744814770.0523164,46.0,-18.0,258.0,,-0.8654567148182344,0.16027655867783253,0.07192679483156184,0.03333333333333333,0.0,-0.03333333333333333
1744814770.33733,47.0,-18.0,258.0,,-0.7274567148182345,0.09142018711593725,0.048714329810872314,0.06666666666666667,0.0,-0.03333333333333333
1744814770.6100376,47.0,-19.0,259.0,,-0.8808235952247072,0.05142018711593721,0.04340555852066519,0.06666666666666667,0.0,-0.03333333333333333
1744814770.8811018,47.0,-19.0,258.0,,-0.9488235952247073,0.10042018711593759,0.048423508522104086,0.03333333333333333,0.0,-0.0
1744814771.1532452,47.0,-19.0,258.0,,-0.9788235952247075,0.14042018711593762,0.08304623529196942,0.0,0.0,-0.03333333333333333
1744814771.445336,48.0,-19.0,258.0,,-0.8998235952247073,0.09274926206676248,0.06584165524271945,0.03333333333333333,0.0,-0.03333333333333333
1744814771.7390828,48.0,-19.0,258.0,,-0.8998235952247073,0.07374926206676236,0.03767048655131067,0.03333333333333333,0.0,-0.03333333333333333
1744814772.0692885,48.0,-19.0,258.0,,-0.9488235952247073,0.05374926206676278,0.06820907846243163,0.03333333333333333,-0.03333333333333333,-0.03333333333333333
1744814772.3576756,48.0,-19.0,258.0,,-0.9298235952247076,0.04374926206676211,0.05049273632046791,0.03333333333333333,0.0,-0.03333333333333333
1744814772.6429632,48.0,-19.0,257.0,,-0.9488235952247073,0.04374926206676211,0.047781693856241425,0.03333333333333333,0.0,-0.03333333333333333
1744814772.919326,48.0,-19.0,257.0,,-0.8508235952247074,0.034749262066762654,0.04619710067186844,0.03333333333333333,0.0,-0.03333333333333333
1744814773.1969748,47.0,-28.0,261.0,,-2.5075160309295894,0.287420187115937,0.7962423072700213,-0.8333333333333334,2.933333333333333,0.3333333333333333
1744814773.4691691,51.0,-120.0,305.0,,-6.123709211125345,-0.2898018818928856,-9.285286341051526,-3.1333333333333333,1.7666666666666666,0.2
1744814773.7540596,32.0,-117.0,337.0,,-1.0237740022878894,-0.82550798212774,-10.003622098662499,0.4,-2.3,1.2666666666666666
1744814774.0615973,37.0,-107.0,337.0,,-2.6153496559973792,0.4891946228784061,-6.547752364863919,0.03333333333333333,-0.43333333333333335,-0.0
1744814774.3652914,49.0,-86.0,334.0,,-6.080103333048877,0.6852990180146064,-1.335437827066027,0.5,-5.133333333333334,2.0
1744814774.6912663,25.0,7.0,324.0,,1.6845382588044968,-0.8028851476762622,1.1908674376389783,4.166666666666667,1.7666666666666666,0.9
1744814775.0088718,7.0,-27.0,265.0,,-2.591646802444954,-0.5295382588044967,0.6350231046248904,-0.4666666666666667,1.9,3.6
1744814775.3205795,45.0,-55.0,255.0,,-2.1728815544750093,0.23128247655996947,0.15141963180901286,-1.0666666666666667,0.8,0.6
1744814775.6063876,55.0,-83.0,276.0,,-5.520877747601369,0.48511844552499106,-0.09752944968936762,-1.0,0.4666666666666667,0.16666666666666666
1744814775.899916,53.0,-89.0,288.0,,-4.366505889484198,0.5003856464360581,-0.5240821943894782,-0.13333333333333333,-0.26666666666666666,-0.0
1744814776.188315,53.0,-89.0,292.0,,-4.415505889484199,0.42138564643605747,-1.0345845350331717,0.16666666666666666,-0.16666666666666666,-0.03333333333333333
1744814776.4727252,54.0,-87.0,293.0,,-4.51155573594237,0.37854328518176494,-0.13570551641246478,0.0,-0.2,-0.0
1744814776.7432091,56.0,-91.0,298.0,,-4.209505889484198,0.055141413235041625,-0.8548636397004217,-0.23333333333333334,0.4666666666666667,0.03333333333333333
1744814777.0122616,54.0,-93.0,299.0,,-5.01155573594237,0.4665432851817659,-2.495710227348422,0.5333333333333333,-0.23333333333333334,0.03333333333333333
1744814777.2894785,54.0,-81.0,293.0,,-4.502222621238302,0.4765432851817657,0.0002903234166504662,0.0,-0.3333333333333333,-0.0
1744814777.5572157,55.0,-81.0,295.0,,-4.5612226212383025,0.35711844552499095,0.0012377035944409198,0.06666666666666667,0.0,-0.0
1744814777.8341563,56.0,-80.0,297.0,,-4.71896405704976,0.36814141323504046,0.0015331862870407997,0.0,-0.1,-0.1
1744814778.109795,57.0,-81.0,299.0,,-4.600222621238302,0.17564172845539083,0.001628923613473554,0.03333333333333333,-0.03333333333333333,-0.03333333333333333
1744814778.3803122,57.0,-82.0,299.0,,-4.508529754354805,0.11664172845538978,0.001670340905491452,0.03333333333333333,0.0,-0.03333333333333333
1744814778.6612456,58.0,-82.0,299.0,,-4.557529754354805,0.07364817670546131,0.003388091921773251,0.03333333333333333,-0.03333333333333333,-0.0
1744814778.9491024,58.0,-82.0,299.0,,-4.576529754354805,0.07364817670546131,0.0028843480430139623,0.03333333333333333,0.0,-0.03333333333333333
1744814779.2239733,57.0,-88.0,305.0,,-4.6470240130573295,0.71564172845539,0.07254029208134405,-1.9666666666666666,0.2,0.06666666666666667
1744814779.5120263,37.0,-138.0,353.0,,-2.054171248380401,-0.7758053771215936,-14.909777719523895,-0.4,0.03333333333333333,0.3333333333333333
1744814779.7930293,37.0,-140.0,355.0,,-1.971746451024953,0.21419462287840663,-12.710678011312677,0.1,-0.06666666666666667,-0.1
1744814780.0849557,39.0,-139.0,354.0,,-1.8079390743968764,0.15036696380109493,-11.996204649894604,0.1,-0.1,-0.03333333333333333
1744814780.3638227,40.0,-138.0,354.0,,-1.8091712483804008,0.10725354897504946,-11.426864755282258,0.06666666666666667,-0.1,-0.0
1744814780.6481116,40.0,-136.0,353.0,,-1.7165986142027627,0.14625354897504916,-10.756001598042186,0.13333333333333333,-0.13333333333333333,-0.03333333333333333
1744814780.9207683,41.0,-134.0,352.0,,-1.8307234413221671,0.006060925603123657,-10.521960742881298,0.13333333333333333,-0.03333333333333333,-0.03333333333333333
1744814781.2021482,41.0,-134.0,351.0,,-1.8897234413221673,0.11406092560312331,-10.297857840154862,0.1,0.0,-0.06666666666666667
1744814781.4808695,42.0,-133.0,351.0,,-1.978579812884064,0.13282875161960028,-9.813150222001818,0.1,-0.03333333333333333,-0.0
1744814781.7614634,43.0,-133.0,350.0,,-1.8895798128840635,-0.003403912213109983,-9.895850163688001,0.06666666666666667,0.0,-0.03333333333333333
1744814782.049877,43.0,-132.0,350.0,,-1.9762507379332375,0.006596087786889804,-9.764195049500678,0.06666666666666667,0.0,-0.03333333333333333
1744814782.3314114,43.0,-132.0,350.0,,-2.0542507379332378,0.03559608778688972,-9.759357506905518,0.03333333333333333,0.0,-0.03333333333333333
1744814782.6094716,43.0,-132.0,349.0,,-1.956250737933238,0.03559608778688972,-9.561303688563836,0.06666666666666667,0.0,-0.06666666666666667
1744814782.891298,43.0,-131.0,349.0,,-2.148700981985395,0.03559608778688972,-9.65078501933483,0.06666666666666667,0.0,-0.0
1744814783.1736827,43.0,-132.0,349.0,,-1.956250737933238,0.045596087786889505,-9.677490031035394,0.03333333333333333,0.0,-0.0
1744814783.446023,43.0,-131.0,349.0,,-2.2267009819853953,0.11459608778688946,-9.489245457486625,0.06666666666666667,0.0,-0.03333333333333333
1744814783.7254148,43.0,-131.0,348.0,,-2.0307009819853947,0.03559608778688972,-9.498133610928857,0.03333333333333333,0.0,-0.03333333333333333
1744814784.00964,43.0,-131.0,348.0,,-1.9617009819853948,0.045596087786889505,-9.35654227212541,0.03333333333333333,0.0,-0.03333333333333333
1744814784.2797108,43.0,-131.0,348.0,,-2.207700981985395,0.15359608778689005,-9.349019884979011,0.03333333333333333,0.0,-0.0
1744814784.5498142,43.0,-131.0,348.0,,-2.0407009819853945,0.06559608778688997,-9.47322115798271,0.06666666666666667,0.0,-0.03333333333333333
1744814784.824157,44.0,-130.0,348.0,,-2.1418959869971745,-0.04859861420276346,-9.293845632577224,0.03333333333333333,0.0,-0.06666666666666667
1744814785.0962088,43.0,-130.0,348.0,,-2.1318959869971748,-0.0324039122131099,-9.707951859166336,0.1,0.0,-0.03333333333333333
1744814785.3635216,44.0,-130.0,347.0,,-2.102895986997175,0.00040138579723691947,-9.129156329695089,0.1,-0.03333333333333333,-0.0
1744814785.6335752,44.0,-129.0,347.0,,-2.1038018818928865,-0.009598614202763756,-9.122503802709595,0.16666666666666666,-0.4,0.06666666666666667
1744814785.9111376,47.0,-117.0,335.0,,-3.573774002287889,0.4544201871159368,-6.01793851610525,0.5666666666666667,-0.3333333333333333,-0.1
1744814786.182824,50.0,-79.0,319.0,,-5.786762669621584,0.8691040130028256,-0.03105410894588667,-0.9,-7.033333333333333,1.2
1744814786.4615607,68.0,-5.0,305.0,,-0.7289978363545266,0.22932638669981387,0.2061573640067893,-0.16666666666666666,-0.03333333333333333,0.13333333333333333
1744814786.7468765,76.0,-16.0,324.0,,-1.3030024605647619,0.07139892523247404,0.06515289369001076,-0.13333333333333333,0.16666666666666666,-0.1
1744814787.018779,71.0,-20.0,326.0,,-2.7872176060248104,-0.391537226629298,-0.05472220345391232,-0.23333333333333334,-0.3,-0.3
1744814787.2975001,74.0,-32.0,337.0,,-3.7285079821277405,0.8070227628450919,0.6630750653016175,-0.4,0.5666666666666667,-0.0
1744814787.5747974,74.0,-40.0,343.0,,-4.992746451024951,0.11102276284509216,0.052527730799742045,-0.1,0.23333333333333334,-0.13333333333333333
1744814787.8565922,75.0,-48.0,350.0,,-6.693250737933237,-0.4157323558957593,-0.00246650279169236,-1.0333333333333334,0.9333333333333333,-0.3
1744814788.171742,72.0,-47.0,349.0,,-5.145579812884063,-0.19086442485545696,-0.04000725959174822,0.4666666666666667,-0.13333333333333333,-0.2
1744814788.4738224,20.0,-6.0,325.0,,-0.6634242246556806,-1.1302176060248104,3.482021023024725,3.3666666666666667,-1.4666666666666666,-0.6666666666666666
1744814788.7754428,15.0,-8.0,322.0,,-1.728288120418242,-0.7450148324557286,1.3835938040686333,-1.5333333333333334,0.3,0.2
1744814789.056686,24.0,-22.0,322.0,,-1.1948906814100972,-0.18608646857360034,0.8387922017133747,-0.1,-0.26666666666666666,-0.16666666666666666
1744814789.3300393,38.0,-32.0,321.0,,-2.04150798212774,-0.40163907294470835,0.3090309259866917,-1.0666666666666667,0.7333333333333333,0.7333333333333333
1744814789.6042805,47.0,-44.0,293.0,,-3.1675986142027637,-0.09557981288406303,0.41861317457758584,0.7,1.7666666666666666,1.5
1744814789.8924441,52.0,-46.0,282.0,,-3.105723441322167,-0.03338549288194326,0.032665528097611585,-0.23333333333333334,0.3,0.23333333333333334
1744814790.2218952,54.0,-66.0,288.0,,-4.000880939473914,0.17254328518176543,-0.01999937839584076,-0.36666666666666664,1.4,-0.26666666666666666
1744814790.5601351,55.0,-84.0,293.0,,-4.805259793562763,0.19111844552499058,-0.007013646931825823,1.1666666666666667,0.9333333333333333,0.2
1744814790.8679435,55.0,-78.0,280.0,,-4.830627963198634,0.2991184455249911,-0.01303051540081912,0.03333333333333333,-0.26666666666666666,-0.23333333333333334
1744814791.1569302,54.0,-73.0,279.0,,-4.528349655997378,0.5455432851817648,0.0022290354650469357,0.06666666666666667,0.0,-0.0
1744814791.438594,57.0,-77.0,282.0,,-3.901570335543159,0.13664172845539113,-0.8296608047849732,0.4,0.0,0.16666666666666666
1744814791.7065964,51.0,-43.0,255.0,,-3.8184039122131104,0.31819811810711496,0.09575529769334512,0.9333333333333333,-0.8666666666666667,0.1
1744814791.9819372,46.0,-30.0,250.0,,-1.5129999999999995,0.6302765586778332,0.1370237353314998,0.03333333333333333,-0.16666666666666666,-0.06666666666666667
1744814792.2581556,49.0,-31.0,253.0,,-1.797523514867632,0.39129901801460587,0.011251792735134103,0.03333333333333333,-0.36666666666666664,-0.13333333333333333
1744814792.5290618,49.0,-30.0,256.0,,-1.5619999999999994,0.20529901801460593,-0.04151626412104559,0.06666666666666667,0.0,-0.06666666666666667
1744814792.7979612,49.0,-30.0,258.0,,-1.6889999999999992,0.2832990180146062,0.04242973526845706,0.0,-0.06666666666666667,-0.03333333333333333
1744814793.0673103,52.0,-30.0,260.0,,-2.2679999999999993,0.2906145071180575,-0.06748840836265124,0.0,-0.16666666666666666,-0.06666666666666667
1744814793.3336456,53.0,-31.0,260.0,,-1.9445235148676319,0.029385646436057122,0.022709139104055254,0.1,0.13333333333333333,-0.0
1744814793.6019456,47.0,-30.0,259.0,,-2.071999999999999,0.7974201871159377,0.15665634157017116,0.8,-0.6666666666666666,-0.23333333333333334
1744814793.8940125,44.0,-26.0,258.0,,-1.4084209500008495,0.1274013857972367,0.12466456129481518,0.03333333333333333,-0.1,-0.0
1744814794.1702538,44.0,-25.0,257.0,,-1.155885147676262,0.3044013857972363,0.12094093339741807,0.06666666666666667,-0.03333333333333333,-0.06666666666666667
1744814794.4499528,44.0,-23.0,257.0,,-1.5000723704797756,0.45140138579723654,0.07739504344173476,0.0,-0.3,-0.0
1744814794.7337832,47.0,-20.0,259.0,,-1.1202176060248106,0.13042018711593695,0.05685013678323081,-0.03333333333333333,-0.2,-0.03333333333333333
1744814795.0069447,49.0,-18.0,259.0,,-0.9334567148182344,0.09729901801460628,0.07780816350144715,0.0,-0.1,-0.06666666666666667
1744814795.276294,48.0,-18.0,259.0,,-0.7964567148182344,0.17174926206676222,0.06676497850072849,0.06666666666666667,-0.03333333333333333,-0.06666666666666667
1744814795.545466,47.0,-17.0,262.0,,-3.4661664233300478,0.1504201871159374,0.5320193547641754,-0.5666666666666667,-1.5666666666666667,-1.1
1744814795.8289926,33.0,-19.0,317.0,,-0.5468235952247076,-6.882908933497416,-2.0791229447229505,2.1666666666666665,-3.2666666666666666,-3.0
1744814796.1121283,16.0,-13.0,312.0,,-3.010769843113316,0.8349975394352382,-0.6104351507008783,0.0,-0.03333333333333333,-0.06666666666666667
1744814796.3797753,14.0,-19.0,296.0,,-1.3908235952247074,-0.011253795832740554,-1.4867838199479353,-0.16666666666666666,1.1333333333333333,0.4
1744814796.6498544,14.0,-21.0,291.0,,-2.310589585039396,-0.2852537958327406,-3.4833215285441517,1.0333333333333334,0.7333333333333333,-0.3
1744814796.9148693,23.0,-27.0,294.0,,-2.5526468024449542,0.029927629520224208,-1.6532206341786857,-1.8333333333333333,0.26666666666666666,-0.26666666666666666
1744814797.1776297,28.0,-30.0,298.0,,-2.9249999999999994,0.22848396907041035,-0.9702780456141635,0.0,-0.13333333333333333,0.03333333333333333
1744814797.4404066,29.0,-28.0,297.0,,-2.3415160309295895,0.5880176253834337,0.406779907455185,-0.06666666666666667,0.2,-0.06666666666666667
1744814797.6988537,29.0,-28.0,297.0,,-2.3415160309295895,0.5880176253834337,0.406779907455185,-0.06666666666666667,0.2,-0.06666666666666667
1744814797.9687612,29.0,-28.0,297.0,,-2.3415160309295895,0.5880176253834337,0.406779907455185,-0.06666666666666667,0.2,-0.06666666666666667
1744814798.2253904,29.0,-28.0,297.0,,-2.3415160309295895,0.5880176253834337,0.406779907455185,-0.06666666666666667,0.2,-0.06666666666666667
1744814798.4838803,55.0,-129.0,320.0,,-1.6228018818928858,-5.98688155447501,-21.27380423897189,-0.13333333333333333,3.933333333333333,-3.2333333333333334
1744814798.7447782,65.0,-58.0,238.0,,-5.633351823294539,-0.016879390829535268,-0.04168259101705496,3.466666666666667,-1.7,0.6666666666666666
1744814799.0040414,48.0,-17.0,217.0,,-0.8981664233300479,1.2507492620667628,0.30855413998689496,-0.9333333333333333,-0.8666666666666667,-0.7
1744814799.2721148,59.0,-9.0,244.0,,3.1523778979553354,-0.5938112198877219,0.07474075196603103,0.7333333333333333,0.5,1.0
1744814799.5486438,52.0,7.0,226.0,,2.5285382588044967,0.8886145071180565,0.11087668247609272,-0.36666666666666664,-0.03333333333333333,-0.13333333333333333
1744814799.8272507,71.0,5.0,249.0,,3.3149978363545265,-0.5195372266292981,-0.10630049421664078,-0.1,-2.0,-0.5333333333333333
1744814800.102416,77.0,3.0,270.0,,2.787415730743279,-0.16457033554315892,0.12283311787155071,-0.4666666666666667,-0.06666666666666667,-0.43333333333333335
1744814800.3796928,84.0,-45.0,325.0,,-3.7117175234400306,-0.36225979356276206,0.08642163015188631,0.03333333333333333,-0.06666666666666667,-0.23333333333333334
1744814800.655802,81.0,-68.0,347.0,,-6.625673613300185,-0.16822262123830178,0.010751545917546679,0.06666666666666667,0.0,-0.0
1744814800.9338236,77.0,-47.0,328.0,,-2.9395798128840624,-2.3125703355431586,-0.507405506229769,2.8,0.0,0.5
1744814801.2086313,52.0,9.0,271.0,,1.7006221020446648,-0.4743854928819431,0.41410201077891706,0.0,0.0,-0.16666666666666666
1744814801.4769194,50.0,7.0,273.0,,1.4005382588044968,-0.6318959869971748,0.23656719023359063,0.13333333333333333,0.06666666666666667,0.13333333333333333
1744814801.746107,50.0,0.0,261.0,,1.146,-0.33789598699717516,-0.1396618093788886,-0.1,1.7666666666666666,0.9333333333333333
1744814802.029131,52.0,-1.0,253.0,,0.9947918928502486,0.2806145071180559,-0.015426283742144165,0.06666666666666667,0.0,-0.06666666666666667
1744814802.301697,52.0,-3.0,258.0,,0.8685842692567208,0.3586145071180571,0.1926288161651062,0.03333333333333333,0.0,-0.16666666666666666
1744814802.5728455,51.0,-5.0,262.0,,0.38000216364547346,0.1421981181071148,0.09100111354637974,0.06666666666666667,0.0,-0.06666666666666667
1744814802.840901,52.0,-9.0,265.0,,-0.22162210204466493,0.06461450711805661,0.044209301929665656,0.0,0.0,-0.06666666666666667
1744814803.1066928,52.0,-11.0,267.0,,-0.4798362446439046,0.0746145071180564,0.10259506266729357,0.03333333333333333,0.0,-0.0
1744814803.3733053,52.0,-11.0,266.0,,-0.6568362446439044,0.09461450711805686,0.05085491730457736,0.03333333333333333,-0.03333333333333333,-0.0
1744814803.6410522,52.0,-11.0,266.0,,-0.7058362446439046,0.11361450711805698,0.06360774491580301,0.03333333333333333,0.0,-0.03333333333333333
1744814803.9240415,52.0,-10.0,265.0,,-0.46848862291258664,0.01561450711805712,0.025700371053335225,0.06666666666666667,-0.03333333333333333,-0.03333333333333333
1744814804.211322,52.0,-9.0,266.0,,-0.3486221020446649,-0.043385492881943044,-0.023983836387445834,0.1,-0.3,-0.13333333333333333
1744814804.512934,46.0,-1.0,286.0,,-1.1612081071497513,-1.2917234413221674,-1.036289275742563,1.0333333333333334,-1.1333333333333333,-1.2333333333333334
1744814804.8090498,36.0,-16.0,326.0,,1.099997539435238,0.04782667501083804,1.731282639769045,0.13333333333333333,0.16666666666666666,-1.3333333333333333
1744814805.095084,27.0,-34.0,334.0,,-2.7116823830480277,-0.3846468024449541,-0.6456362711287005,0.26666666666666666,0.9333333333333333,-0.6666666666666666
1744814805.3736353,21.0,-33.0,323.0,,-1.0389089334974155,-0.917589585039396,0.46036733146297415,0.3333333333333333,0.3,0.43333333333333335
1744814805.6412542,17.0,-31.0,312.0,,-1.1505235148676318,-1.575166423330048,0.9457974012760495,-1.0666666666666667,0.16666666666666666,0.6
1744814805.9198852,23.0,-32.0,312.0,,-2.6985079821277402,-2.0390723704797757,-3.078768656293284,0.26666666666666666,0.5333333333333333,-0.23333333333333334
1744814806.2005293,23.0,-36.0,310.0,,-2.629173324989162,-0.29407237047977564,-0.08543353810161136,0.36666666666666664,-0.13333333333333333,0.06666666666666667
1744814806.4770362,12.0,-35.0,302.0,,-0.9887848406037625,-0.059613686922219244,4.883385126205855,-0.23333333333333334,-0.13333333333333333,-0.0
1744814806.7434049,22.0,-41.0,309.0,,-2.8379390743968766,0.5801093185899027,-0.31134141005071303,-0.8666666666666667,0.3,-0.06666666666666667
1744814807.01102,37.0,-42.0,314.0,,-1.9851712483804,1.9991946228784059,1.2705083790105016,-0.7666666666666667,-0.26666666666666666,1.0666666666666667
1744814807.2790852,66.0,-32.0,304.0,,-5.16050798212774,-2.2258809394739147,-1.018609286835853,-0.9666666666666667,0.4666666666666667,0.3333333333333333
1744814807.5474787,78.0,-27.0,297.0,,-4.032646802444954,-0.26062796319863324,-0.002206046714996024,0.1,0.3,-0.1
1744814807.8179405,82.0,-42.0,316.0,,-4.1041712483804,-0.791529754354805,-0.0723303425905244,-0.6666666666666666,-0.43333333333333335,-0.6666666666666666
1744814808.0870936,82.0,-115.0,33.0,,-6.390879390829538,0.2974702456451954,0.02523890860979633,-0.8,0.2,-0.36666666666666664
1744814808.351208,82.0,-115.0,33.0,,-6.390879390829538,0.2974702456451954,0.02523890860979633,-0.8,0.2,-0.36666666666666664
1744814808.6071098,82.0,-115.0,33.0,,-6.390879390829538,0.2974702456451954,0.02523890860979633,-0.8,0.2,-0.36666666666666664
1744814808.8622203,82.0,-115.0,33.0,,-6.390879390829538,0.2974702456451954,0.02523890860979633,-0.8,0.2,-0.36666666666666664
1744814809.1185446,82.0,-115.0,33.0,,-6.390879390829538,0.2974702456451954,0.02523890860979633,-0.8,0.2,-0.36666666666666664
1744814809.3770106,82.0,-115.0,33.0,,-6.390879390829538,0.2974702456451954,0.02523890860979633,-0.8,0.2,-0.36666666666666664
1744814809.6311767,82.0,-115.0,33.0,,-6.390879390829538,0.2974702456451954,0.02523890860979633,-0.8,0.2,-0.36666666666666664
1744814809.9089777,82.0,-115.0,33.0,,-6.390879390829538,0.2974702456451954,0.02523890860979633,-0.8,0.2,-0.36666666666666664
1744814810.1839476,82.0,-115.0,33.0,,-6.390879390829538,0.2974702456451954,0.02523890860979633,-0.8,0.2,-0.36666666666666664
1744814810.4536903,82.0,-115.0,33.0,,-6.390879390829538,0.2974702456451954,0.02523890860979633,-0.8,0.2,-0.36666666666666664
1744814810.725984,82.0,-115.0,33.0,,-6.390879390829538,0.2974702456451954,0.02523890860979633,-0.8,0.2,-0.36666666666666664
1744814810.983672,82.0,-115.0,33.0,,-6.390879390829538,0.2974702456451954,0.02523890860979633,-0.8,0.2,-0.36666666666666664
1744814811.2315788,82.0,-115.0,33.0,,-6.390879390829538,0.2974702456451954,0.02523890860979633,-0.8,0.2,-0.36666666666666664
1744814811.4758687,82.0,-115.0,33.0,,-6.390879390829538,0.2974702456451954,0.02523890860979633,-0.8,0.2,-0.36666666666666664
1744814811.7247639,82.0,-115.0,33.0,,-6.390879390829538,0.2974702456451954,0.02523890860979633,-0.8,0.2,-0.36666666666666664
1744814811.9877672,82.0,-115.0,33.0,,-6.390879390829538,0.2974702456451954,0.02523890860979633,-0.8,0.2,-0.36666666666666664
1744814812.2492144,82.0,-115.0,33.0,,-6.390879390829538,0.2974702456451954,0.02523890860979633,-0.8,0.2,-0.36666666666666664
1744814812.510055,82.0,-115.0,33.0,,-6.390879390829538,0.2974702456451954,0.02523890860979633,-0.8,0.2,-0.36666666666666664
1744814812.7659445,82.0,-115.0,33.0,,-6.390879390829538,0.2974702456451954,0.02523890860979633,-0.8,0.2,-0.36666666666666664
1744814813.0134025,82.0,-115.0,33.0,,-6.390879390829538,0.2974702456451954,0.02523890860979633,-0.8,0.2,-0.36666666666666664
1744814813.2581084,82.0,-115.0,33.0,,-6.390879390829538,0.2974702456451954,0.02523890860979633,-0.8,0.2,-0.36666666666666664
1744814813.5037045,82.0,-115.0,33.0,,-6.390879390829538,0.2974702456451954,0.02523890860979633,-0.8,0.2,-0.36666666666666664
1744814813.7522914,82.0,-115.0,33.0,,-6.390879390829538,0.2974702456451954,0.02523890860979633,-0.8,0.2,-0.36666666666666664
1744814814.009629,82.0,-115.0,33.0,,-6.390879390829538,0.2974702456451954,0.02523890860979633,-0.8,0.2,-0.36666666666666664
1744814814.2545207,82.0,-115.0,33.0,,-6.390879390829538,0.2974702456451954,0.02523890860979633,-0.8,0.2,-0.36666666666666664
1744814814.4986138,82.0,-115.0,33.0,,-6.390879390829538,0.2974702456451954,0.02523890860979633,-0.8,0.2,-0.36666666666666664
1744814814.747848,82.0,-115.0,33.0,,-6.390879390829538,0.2974702456451954,0.02523890860979633,-0.8,0.2,-0.36666666666666664
1744814814.9915357,82.0,-115.0,33.0,,-6.390879390829538,0.2974702456451954,0.02523890860979633,-0.8,0.2,-0.36666666666666664
1744814815.2482543,82.0,-115.0,33.0,,-6.390879390829538,0.2974702456451954,0.02523890860979633,-0.8,0.2,-0.36666666666666664
1744814815.5046756,82.0,-115.0,33.0,,-6.390879390829538,0.2974702456451954,0.02523890860979633,-0.8,0.2,-0.36666666666666664
1744814815.768313,82.0,-115.0,33.0,,-6.390879390829538,0.2974702456451954,0.02523890860979633,-0.8,0.2,-0.36666666666666664
1744814816.0380597,82.0,-115.0,33.0,,-6.390879390829538,0.2974702456451954,0.02523890860979633,-0.8,0.2,-0.36666666666666664
1744814816.301413,82.0,-115.0,33.0,,-6.390879390829538,0.2974702456451954,0.02523890860979633,-0.8,0.2,-0.36666666666666664
1744814816.5707638,82.0,-115.0,33.0,,-6.390879390829538,0.2974702456451954,0.02523890860979633,-0.8,0.2,-0.36666666666666664
1744814816.8239985,82.0,-115.0,33.0,,-6.390879390829538,0.2974702456451954,0.02523890860979633,-0.8,0.2,-0.36666666666666664
1744814817.071718,82.0,-115.0,33.0,,-6.390879390829538,0.2974702456451954,0.02523890860979633,-0.8,0.2,-0.36666666666666664
1744814817.3285937,82.0,-115.0,33.0,,-6.390879390829538,0.2974702456451954,0.02523890860979633,-0.8,0.2,-0.36666666666666664
1744814817.5852787,82.0,-115.0,33.0,,-6.390879390829538,0.2974702456451954,0.02523890860979633,-0.8,0.2,-0.36666666666666664
1744814817.8414292,82.0,-115.0,33.0,,-6.390879390829538,0.2974702456451954,0.02523890860979633,-0.8,0.2,-0.36666666666666664
1744814818.0976114,82.0,-115.0,33.0,,-6.390879390829538,0.2974702456451954,0.02523890860979633,-0.8,0.2,-0.36666666666666664
1744814818.3501947,82.0,-115.0,33.0,,-6.390879390829538,0.2974702456451954,0.02523890860979633,-0.8,0.2,-0.36666666666666664
1744814818.600041,82.0,-115.0,33.0,,-6.390879390829538,0.2974702456451954,0.02523890860979633,-0.8,0.2,-0.36666666666666664
1744814818.8426516,82.0,-115.0,33.0,,-6.390879390829538,0.2974702456451954,0.02523890860979633,-0.8,0.2,-0.36666666666666664
1744814819.084725,82.0,-115.0,33.0,,-6.390879390829538,0.2974702456451954,0.02523890860979633,-0.8,0.2,-0.36666666666666664
1744814819.3293602,82.0,-115.0,33.0,,-6.390879390829538,0.2974702456451954,0.02523890860979633,-0.8,0.2,-0.36666666666666664
1744814819.5719092,82.0,-115.0,33.0,,-6.390879390829538,0.2974702456451954,0.02523890860979633,-0.8,0.2,-0.36666666666666664
1744814819.8217974,82.0,-115.0,33.0,,-6.390879390829538,0.2974702456451954,0.02523890860979633,-0.8,0.2,-0.36666666666666664
1744814820.0679724,82.0,-115.0,33.0,,-6.390879390829538,0.2974702456451954,0.02523890860979633,-0.8,0.2,-0.36666666666666664
1744814820.3335881,82.0,-115.0,33.0,,-6.390879390829538,0.2974702456451954,0.02523890860979633,-0.8,0.2,-0.36666666666666664
1744814820.6012673,82.0,-115.0,33.0,,-6.390879390829538,0.2974702456451954,0.02523890860979633,-0.8,0.2,-0.36666666666666664
1744814820.8732438,82.0,-115.0,33.0,,-6.390879390829538,0.2974702456451954,0.02523890860979633,-0.8,0.2,-0.36666666666666664
1744814821.1261697,82.0,-115.0,33.0,,-6.390879390829538,0.2974702456451954,0.02523890860979633,-0.8,0.2,-0.36666666666666664
1744814821.3799832,82.0,-115.0,33.0,,-6.390879390829538,0.2974702456451954,0.02523890860979633,-0.8,0.2,-0.36666666666666664
1744814821.622651,82.0,-115.0,33.0,,-6.390879390829538,0.2974702456451954,0.02523890860979633,-0.8,0.2,-0.36666666666666664
1744814821.87469,82.0,-115.0,33.0,,-6.390879390829538,0.2974702456451954,0.02523890860979633,-0.8,0.2,-0.36666666666666664
1744814822.1270807,82.0,-115.0,33.0,,-6.390879390829538,0.2974702456451954,0.02523890860979633,-0.8,0.2,-0.36666666666666664
1744814822.3737063,82.0,-115.0,33.0,,-6.390879390829538,0.2974702456451954,0.02523890860979633,-0.8,0.2,-0.36666666666666664
1744814822.6151206,82.0,-115.0,33.0,,-6.390879390829538,0.2974702456451954,0.02523890860979633,-0.8,0.2,-0.36666666666666664
1744814822.8613718,82.0,-115.0,33.0,,-6.390879390829538,0.2974702456451954,0.02523890860979633,-0.8,0.2,-0.36666666666666664
1744814823.1032543,82.0,-115.0,33.0,,-6.390879390829538,0.2974702456451954,0.02523890860979633,-0.8,0.2,-0.36666666666666664
1744814823.3416133,82.0,-115.0,33.0,,-6.390879390829538,0.2974702456451954,0.02523890860979633,-0.8,0.2,-0.36666666666666664
1744814823.5860567,82.0,-115.0,33.0,,-6.390879390829538,0.2974702456451954,0.02523890860979633,-0.8,0.2,-0.36666666666666664
1744814823.8384254,82.0,-115.0,33.0,,-6.390879390829538,0.2974702456451954,0.02523890860979633,-0.8,0.2,-0.36666666666666664
1744814824.0908473,82.0,-115.0,33.0,,-6.390879390829538,0.2974702456451954,0.02523890860979633,-0.8,0.2,-0.36666666666666664
1744814824.3416727,82.0,-115.0,33.0,,-6.390879390829538,0.2974702456451954,0.02523890860979633,-0.8,0.2,-0.36666666666666664
1744814824.5840964,82.0,-115.0,33.0,,-6.390879390829538,0.2974702456451954,0.02523890860979633,-0.8,0.2,-0.36666666666666664
1744814824.8261006,82.0,-115.0,33.0,,-6.390879390829538,0.2974702456451954,0.02523890860979633,-0.8,0.2,-0.36666666666666664
1744814825.0663383,82.0,-115.0,33.0,,-6.390879390829538,0.2974702456451954,0.02523890860979633,-0.8,0.2,-0.36666666666666664
1744814825.308397,82.0,-115.0,33.0,,-6.390879390829538,0.2974702456451954,0.02523890860979633,-0.8,0.2,-0.36666666666666664
1744814825.5557015,82.0,-115.0,33.0,,-6.390879390829538,0.2974702456451954,0.02523890860979633,-0.8,0.2,-0.36666666666666664
1744814825.8079991,82.0,-115.0,33.0,,-6.390879390829538,0.2974702456451954,0.02523890860979633,-0.8,0.2,-0.36666666666666664
1744814826.070007,82.0,-115.0,33.0,,-6.390879390829538,0.2974702456451954,0.02523890860979633,-0.8,0.2,-0.36666666666666664
1744814826.3265612,82.0,-115.0,33.0,,-6.390879390829538,0.2974702456451954,0.02523890860979633,-0.8,0.2,-0.36666666666666664
1744814826.573334,82.0,-115.0,33.0,,-6.390879390829538,0.2974702456451954,0.02523890860979633,-0.8,0.2,-0.36666666666666664
1744814826.8277366,82.0,-115.0,33.0,,-6.390879390829538,0.2974702456451954,0.02523890860979633,-0.8,0.2,-0.36666666666666664
1744814827.0775933,82.0,-115.0,33.0,,-6.390879390829538,0.2974702456451954,0.02523890860979633,-0.8,0.2,-0.36666666666666664
1744814827.3229518,82.0,-115.0,33.0,,-6.390879390829538,0.2974702456451954,0.02523890860979633,-0.8,0.2,-0.36666666666666664
1744814827.569737,82.0,-115.0,33.0,,-6.390879390829538,0.2974702456451954,0.02523890860979633,-0.8,0.2,-0.36666666666666664
1744814827.829403,82.0,-115.0,33.0,,-6.390879390829538,0.2974702456451954,0.02523890860979633,-0.8,0.2,-0.36666666666666664
1744814828.0914874,82.0,-115.0,33.0,,-6.390879390829538,0.2974702456451954,0.02523890860979633,-0.8,0.2,-0.36666666666666664
1744814828.342451,82.0,-115.0,33.0,,-6.390879390829538,0.2974702456451954,0.02523890860979633,-0.8,0.2,-0.36666666666666664
1744814828.5937767,82.0,-115.0,33.0,,-6.390879390829538,0.2974702456451954,0.02523890860979633,-0.8,0.2,-0.36666666666666664
1744814828.849121,82.0,-115.0,33.0,,-6.390879390829538,0.2974702456451954,0.02523890860979633,-0.8,0.2,-0.36666666666666664
1744814829.1061532,82.0,-115.0,33.0,,-6.390879390829538,0.2974702456451954,0.02523890860979633,-0.8,0.2,-0.36666666666666664
1744814829.3637695,82.0,-115.0,33.0,,-6.390879390829538,0.2974702456451954,0.02523890860979633,-0.8,0.2,-0.36666666666666664
1744814829.620343,82.0,-115.0,33.0,,-6.390879390829538,0.2974702456451954,0.02523890860979633,-0.8,0.2,-0.36666666666666664
1744814829.8881607,82.0,-115.0,33.0,,-6.390879390829538,0.2974702456451954,0.02523890860979633,-0.8,0.2,-0.36666666666666664
1744814830.1527257,82.0,-115.0,33.0,,-6.390879390829538,0.2974702456451954,0.02523890860979633,-0.8,0.2,-0.36666666666666664
1744814830.4160266,82.0,-115.0,33.0,,-6.390879390829538,0.2974702456451954,0.02523890860979633,-0.8,0.2,-0.36666666666666664
1744814830.6767433,82.0,-115.0,33.0,,-6.390879390829538,0.2974702456451954,0.02523890860979633,-0.8,0.2,-0.36666666666666664
1744814830.9376452,82.0,-115.0,33.0,,-6.390879390829538,0.2974702456451954,0.02523890860979633,-0.8,0.2,-0.36666666666666664
1744814831.2042155,82.0,-115.0,33.0,,-6.390879390829538,0.2974702456451954,0.02523890860979633,-0.8,0.2,-0.36666666666666664
1744814831.4709952,82.0,-115.0,33.0,,-6.390879390829538,0.2974702456451954,0.02523890860979633,-0.8,0.2,-0.36666666666666664
1744814831.737534,82.0,-115.0,33.0,,-6.390879390829538,0.2974702456451954,0.02523890860979633,-0.8,0.2,-0.36666666666666664
1744814832.0309143,82.0,-115.0,33.0,,-6.390879390829538,0.2974702456451954,0.02523890860979633,-0.8,0.2,-0.36666666666666664
1744814832.3051786,82.0,-115.0,33.0,,-6.390879390829538,0.2974702456451954,0.02523890860979633,-0.8,0.2,-0.36666666666666664
1744814832.5784705,82.0,-115.0,33.0,,-6.390879390829538,0.2974702456451954,0.02523890860979633,-0.8,0.2,-0.36666666666666664
1744814832.8456738,82.0,-115.0,33.0,,-6.390879390829538,0.2974702456451954,0.02523890860979633,-0.8,0.2,-0.36666666666666664
1744814833.104083,82.0,-115.0,33.0,,-6.390879390829538,0.2974702456451954,0.02523890860979633,-0.8,0.2,-0.36666666666666664
1744814833.3552496,82.0,-115.0,33.0,,-6.390879390829538,0.2974702456451954,0.02523890860979633,-0.8,0.2,-0.36666666666666664
1744814833.6035776,82.0,-115.0,33.0,,-6.390879390829538,0.2974702456451954,0.02523890860979633,-0.8,0.2,-0.36666666666666664
1744814833.8668194,82.0,-115.0,33.0,,-6.390879390829538,0.2974702456451954,0.02523890860979633,-0.8,0.2,-0.36666666666666664
1744814834.1157541,82.0,-115.0,33.0,,-6.390879390829538,0.2974702456451954,0.02523890860979633,-0.8,0.2,-0.36666666666666664
1744814834.360647,82.0,-115.0,33.0,,-6.390879390829538,0.2974702456451954,0.02523890860979633,-0.8,0.2,-0.36666666666666664
1744814834.607594,82.0,-115.0,33.0,,-6.390879390829538,0.2974702456451954,0.02523890860979633,-0.8,0.2,-0.36666666666666664
1744814834.855856,82.0,-115.0,33.0,,-6.390879390829538,0.2974702456451954,0.02523890860979633,-0.8,0.2,-0.36666666666666664
1744814835.100851,82.0,-115.0,33.0,,-6.390879390829538,0.2974702456451954,0.02523890860979633,-0.8,0.2,-0.36666666666666664
1744814835.344668,82.0,-115.0,33.0,,-6.390879390829538,0.2974702456451954,0.02523890860979633,-0.8,0.2,-0.36666666666666664
1744814835.5942137,82.0,-115.0,33.0,,-6.390879390829538,0.2974702456451954,0.02523890860979633,-0.8,0.2,-0.36666666666666664
1744814835.8551044,82.0,-115.0,33.0,,-6.390879390829538,0.2974702456451954,0.02523890860979633,-0.8,0.2,-0.36666666666666664
1744814836.1246037,82.0,-115.0,33.0,,-6.390879390829538,0.2974702456451954,0.02523890860979633,-0.8,0.2,-0.36666666666666664
1744814836.382045,82.0,-115.0,33.0,,-6.390879390829538,0.2974702456451954,0.02523890860979633,-0.8,0.2,-0.36666666666666664
1744814836.6398814,82.0,-115.0,33.0,,-6.390879390829538,0.2974702456451954,0.02523890860979633,-0.8,0.2,-0.36666666666666664
1744814836.906226,82.0,-115.0,33.0,,-6.390879390829538,0.2974702456451954,0.02523890860979633,-0.8,0.2,-0.36666666666666664
1744814837.1765802,82.0,-115.0,33.0,,-6.390879390829538,0.2974702456451954,0.02523890860979633,-0.8,0.2,-0.36666666666666664
1744814837.4546127,82.0,-115.0,33.0,,-6.390879390829538,0.2974702456451954,0.02523890860979633,-0.8,0.2,-0.36666666666666664
1744814837.7211504,82.0,-115.0,33.0,,-6.390879390829538,0.2974702456451954,0.02523890860979633,-0.8,0.2,-0.36666666666666664
1744814837.9917278,82.0,-115.0,33.0,,-6.390879390829538,0.2974702456451954,0.02523890860979633,-0.8,0.2,-0.36666666666666664
1744814838.2476978,82.0,-115.0,33.0,,-6.390879390829538,0.2974702456451954,0.02523890860979633,-0.8,0.2,-0.36666666666666664
1744814838.5044415,82.0,-115.0,33.0,,-6.390879390829538,0.2974702456451954,0.02523890860979633,-0.8,0.2,-0.36666666666666664
1744814838.7577808,82.0,-115.0,33.0,,-6.390879390829538,0.2974702456451954,0.02523890860979633,-0.8,0.2,-0.36666666666666664
1744814839.0082655,82.0,-115.0,33.0,,-6.390879390829538,0.2974702456451954,0.02523890860979633,-0.8,0.2,-0.36666666666666664
1744814839.2887468,82.0,-115.0,33.0,,-6.390879390829538,0.2974702456451954,0.02523890860979633,-0.8,0.2,-0.36666666666666664
1744814839.5517473,82.0,-115.0,33.0,,-6.390879390829538,0.2974702456451954,0.02523890860979633,-0.8,0.2,-0.36666666666666664
1744814839.8160596,82.0,-115.0,33.0,,-6.390879390829538,0.2974702456451954,0.02523890860979633,-0.8,0.2,-0.36666666666666664
1744814840.0772734,82.0,-115.0,33.0,,-6.390879390829538,0.2974702456451954,0.02523890860979633,-0.8,0.2,-0.36666666666666664
1744814840.3290162,82.0,-115.0,33.0,,-6.390879390829538,0.2974702456451954,0.02523890860979633,-0.8,0.2,-0.36666666666666664
1744814840.593273,82.0,-115.0,33.0,,-6.390879390829538,0.2974702456451954,0.02523890860979633,-0.8,0.2,-0.36666666666666664
1744814840.8649275,82.0,-115.0,33.0,,-6.390879390829538,0.2974702456451954,0.02523890860979633,-0.8,0.2,-0.36666666666666664
1744814841.1211772,82.0,-115.0,33.0,,-6.390879390829538,0.2974702456451954,0.02523890860979633,-0.8,0.2,-0.36666666666666664
1744814841.3677738,82.0,-115.0,33.0,,-6.390879390829538,0.2974702456451954,0.02523890860979633,-0.8,0.2,-0.36666666666666664
1744814841.6153672,82.0,-115.0,33.0,,-6.390879390829538,0.2974702456451954,0.02523890860979633,-0.8,0.2,-0.36666666666666664
1744814841.87911,82.0,-115.0,33.0,,-6.390879390829538,0.2974702456451954,0.02523890860979633,-0.8,0.2,-0.36666666666666664
1744814842.1412327,82.0,-115.0,33.0,,-6.390879390829538,0.2974702456451954,0.02523890860979633,-0.8,0.2,-0.36666666666666664
1744814842.3944752,82.0,-115.0,33.0,,-6.390879390829538,0.2974702456451954,0.02523890860979633,-0.8,0.2,-0.36666666666666664
1744814842.6517076,82.0,-115.0,33.0,,-6.390879390829538,0.2974702456451954,0.02523890860979633,-0.8,0.2,-0.36666666666666664
1744814842.902371,82.0,-115.0,33.0,,-6.390879390829538,0.2974702456451954,0.02523890860979633,-0.8,0.2,-0.36666666666666664
1744814843.1519408,82.0,-115.0,33.0,,-6.390879390829538,0.2974702456451954,0.02523890860979633,-0.8,0.2,-0.36666666666666664
1744814843.4037364,82.0,-115.0,33.0,,-6.390879390829538,0.2974702456451954,0.02523890860979633,-0.8,0.2,-0.36666666666666664
1744814843.6549475,82.0,-115.0,33.0,,-6.390879390829538,0.2974702456451954,0.02523890860979633,-0.8,0.2,-0.36666666666666664
1744814843.9160168,82.0,-115.0,33.0,,-6.390879390829538,0.2974702456451954,0.02523890860979633,-0.8,0.2,-0.36666666666666664
1744814844.1780162,82.0,-115.0,33.0,,-6.390879390829538,0.2974702456451954,0.02523890860979633,-0.8,0.2,-0.36666666666666664
1744814844.4277024,82.0,-115.0,33.0,,-6.390879390829538,0.2974702456451954,0.02523890860979633,-0.8,0.2,-0.36666666666666664
1744814844.6859465,82.0,-115.0,33.0,,-6.390879390829538,0.2974702456451954,0.02523890860979633,-0.8,0.2,-0.36666666666666664
1744814844.9356794,82.0,-115.0,33.0,,-6.390879390829538,0.2974702456451954,0.02523890860979633,-0.8,0.2,-0.36666666666666664
1744814845.1888673,82.0,-115.0,33.0,,-6.390879390829538,0.2974702456451954,0.02523890860979633,-0.8,0.2,-0.36666666666666664
1744814845.4389455,82.0,-115.0,33.0,,-6.390879390829538,0.2974702456451954,0.02523890860979633,-0.8,0.2,-0.36666666666666664
1744814845.6910963,82.0,-115.0,33.0,,-6.390879390829538,0.2974702456451954,0.02523890860979633,-0.8,0.2,-0.36666666666666664
1744814845.9567666,82.0,-115.0,33.0,,-6.390879390829538,0.2974702456451954,0.02523890860979633,-0.8,0.2,-0.36666666666666664
1744814846.2087567,82.0,-115.0,33.0,,-6.390879390829538,0.2974702456451954,0.02523890860979633,-0.8,0.2,-0.36666666666666664
1744814846.4585223,82.0,-115.0,33.0,,-6.390879390829538,0.2974702456451954,0.02523890860979633,-0.8,0.2,-0.36666666666666664
1744814846.7104003,82.0,-115.0,33.0,,-6.390879390829538,0.2974702456451954,0.02523890860979633,-0.8,0.2,-0.36666666666666664
1744814846.9613538,82.0,-115.0,33.0,,-6.390879390829538,0.2974702456451954,0.02523890860979633,-0.8,0.2,-0.36666666666666664
1744814847.2122788,82.0,-115.0,33.0,,-6.390879390829538,0.2974702456451954,0.02523890860979633,-0.8,0.2,-0.36666666666666664
1744814847.4668984,82.0,-115.0,33.0,,-6.390879390829538,0.2974702456451954,0.02523890860979633,-0.8,0.2,-0.36666666666666664
1744814847.7187774,82.0,-115.0,33.0,,-6.390879390829538,0.2974702456451954,0.02523890860979633,-0.8,0.2,-0.36666666666666664
1744814847.9827633,82.0,-115.0,33.0,,-6.390879390829538,0.2974702456451954,0.02523890860979633,-0.8,0.2,-0.36666666666666664
1744814848.2380338,82.0,-115.0,33.0,,-6.390879390829538,0.2974702456451954,0.02523890860979633,-0.8,0.2,-0.36666666666666664
1744814848.4931707,82.0,-115.0,33.0,,-6.390879390829538,0.2974702456451954,0.02523890860979633,-0.8,0.2,-0.36666666666666664
1744814848.7429025,82.0,-115.0,33.0,,-6.390879390829538,0.2974702456451954,0.02523890860979633,-0.8,0.2,-0.36666666666666664
1744814848.9964726,82.0,-115.0,33.0,,-6.390879390829538,0.2974702456451954,0.02523890860979633,-0.8,0.2,-0.36666666666666664
1744814849.2466643,82.0,-115.0,33.0,,-6.390879390829538,0.2974702456451954,0.02523890860979633,-0.8,0.2,-0.36666666666666664
1744814849.4966877,82.0,-115.0,33.0,,-6.390879390829538,0.2974702456451954,0.02523890860979633,-0.8,0.2,-0.36666666666666664
1744814849.7499526,82.0,-115.0,33.0,,-6.390879390829538,0.2974702456451954,0.02523890860979633,-0.8,0.2,-0.36666666666666664
1744814850.0297031,82.0,-115.0,33.0,,-6.390879390829538,0.2974702456451954,0.02523890860979633,-0.8,0.2,-0.36666666666666664
1744814850.3351536,82.0,-115.0,33.0,,-6.390879390829538,0.2974702456451954,0.02523890860979633,-0.8,0.2,-0.36666666666666664
1744814850.6380317,82.0,-115.0,33.0,,-6.390879390829538,0.2974702456451954,0.02523890860979633,-0.8,0.2,-0.36666666666666664
1744814850.9134517,82.0,-115.0,33.0,,-6.390879390829538,0.2974702456451954,0.02523890860979633,-0.8,0.2,-0.36666666666666664
1744814851.1718926,82.0,-115.0,33.0,,-6.390879390829538,0.2974702456451954,0.02523890860979633,-0.8,0.2,-0.36666666666666664
1744814851.4274378,82.0,-115.0,33.0,,-6.390879390829538,0.2974702456451954,0.02523890860979633,-0.8,0.2,-0.36666666666666664
1744814851.6749399,82.0,-115.0,33.0,,-6.390879390829538,0.2974702456451954,0.02523890860979633,-0.8,0.2,-0.36666666666666664
1744814851.940442,82.0,-115.0,33.0,,-6.390879390829538,0.2974702456451954,0.02523890860979633,-0.8,0.2,-0.36666666666666664
1744814852.2007797,82.0,-115.0,33.0,,-6.390879390829538,0.2974702456451954,0.02523890860979633,-0.8,0.2,-0.36666666666666664
1744814852.4508088,82.0,-115.0,33.0,,-6.390879390829538,0.2974702456451954,0.02523890860979633,-0.8,0.2,-0.36666666666666664
1744814852.703813,82.0,-115.0,33.0,,-6.390879390829538,0.2974702456451954,0.02523890860979633,-0.8,0.2,-0.36666666666666664
1744814852.9529426,82.0,-115.0,33.0,,-6.390879390829538,0.2974702456451954,0.02523890860979633,-0.8,0.2,-0.36666666666666664
1744814853.2049465,82.0,-115.0,33.0,,-6.390879390829538,0.2974702456451954,0.02523890860979633,-0.8,0.2,-0.36666666666666664
1744814853.4570541,82.0,-115.0,33.0,,-6.390879390829538,0.2974702456451954,0.02523890860979633,-0.8,0.2,-0.36666666666666664
1744814853.7228405,82.0,-115.0,33.0,,-6.390879390829538,0.2974702456451954,0.02523890860979633,-0.8,0.2,-0.36666666666666664
1744814854.0036523,82.0,-115.0,33.0,,-6.390879390829538,0.2974702456451954,0.02523890860979633,-0.8,0.2,-0.36666666666666664
1744814854.2784421,82.0,-115.0,33.0,,-6.390879390829538,0.2974702456451954,0.02523890860979633,-0.8,0.2,-0.36666666666666664
1744814854.5420566,82.0,-115.0,33.0,,-6.390879390829538,0.2974702456451954,0.02523890860979633,-0.8,0.2,-0.36666666666666664
1744814854.8033936,82.0,-115.0,33.0,,-6.390879390829538,0.2974702456451954,0.02523890860979633,-0.8,0.2,-0.36666666666666664
1744814855.0524137,82.0,-115.0,33.0,,-6.390879390829538,0.2974702456451954,0.02523890860979633,-0.8,0.2,-0.36666666666666664
1744814855.302307,82.0,-115.0,33.0,,-6.390879390829538,0.2974702456451954,0.02523890860979633,-0.8,0.2,-0.36666666666666664
1744814855.5512476,82.0,-115.0,33.0,,-6.390879390829538,0.2974702456451954,0.02523890860979633,-0.8,0.2,-0.36666666666666664
1744814855.8079145,82.0,-115.0,33.0,,-6.390879390829538,0.2974702456451954,0.02523890860979633,-0.8,0.2,-0.36666666666666664
1744814856.0661154,82.0,-115.0,33.0,,-6.390879390829538,0.2974702456451954,0.02523890860979633,-0.8,0.2,-0.36666666666666664
1744814856.3144708,82.0,-115.0,33.0,,-6.390879390829538,0.2974702456451954,0.02523890860979633,-0.8,0.2,-0.36666666666666664
1744814856.5638385,82.0,-115.0,33.0,,-6.390879390829538,0.2974702456451954,0.02523890860979633,-0.8,0.2,-0.36666666666666664
1744814856.8146517,82.0,-115.0,33.0,,-6.390879390829538,0.2974702456451954,0.02523890860979633,-0.8,0.2,-0.36666666666666664
1744814857.0607297,82.0,-115.0,33.0,,-6.390879390829538,0.2974702456451954,0.02523890860979633,-0.8,0.2,-0.36666666666666664
1744814857.3161817,82.0,-115.0,33.0,,-6.390879390829538,0.2974702456451954,0.02523890860979633,-0.8,0.2,-0.36666666666666664
1744814857.5684345,82.0,-115.0,33.0,,-6.390879390829538,0.2974702456451954,0.02523890860979633,-0.8,0.2,-0.36666666666666664
1744814857.831005,82.0,-115.0,33.0,,-6.390879390829538,0.2974702456451954,0.02523890860979633,-0.8,0.2,-0.36666666666666664
1744814858.0909724,82.0,-115.0,33.0,,-6.390879390829538,0.2974702456451954,0.02523890860979633,-0.8,0.2,-0.36666666666666664
1744814858.3419762,82.0,-115.0,33.0,,-6.390879390829538,0.2974702456451954,0.02523890860979633,-0.8,0.2,-0.36666666666666664
1744814858.5926502,82.0,-115.0,33.0,,-6.390879390829538,0.2974702456451954,0.02523890860979633,-0.8,0.2,-0.36666666666666664
1744814858.8478534,82.0,-115.0,33.0,,-6.390879390829538,0.2974702456451954,0.02523890860979633,-0.8,0.2,-0.36666666666666664
1744814859.0953882,82.0,-115.0,33.0,,-6.390879390829538,0.2974702456451954,0.02523890860979633,-0.8,0.2,-0.36666666666666664
1744814859.342631,82.0,-115.0,33.0,,-6.390879390829538,0.2974702456451954,0.02523890860979633,-0.8,0.2,-0.36666666666666664
1744814859.5891705,82.0,-115.0,33.0,,-6.390879390829538,0.2974702456451954,0.02523890860979633,-0.8,0.2,-0.36666666666666664
1744814859.8487153,82.0,-115.0,33.0,,-6.390879390829538,0.2974702456451954,0.02523890860979633,-0.8,0.2,-0.36666666666666664
1744814860.1039245,82.0,-115.0,33.0,,-6.390879390829538,0.2974702456451954,0.02523890860979633,-0.8,0.2,-0.36666666666666664
1744814860.3557484,82.0,-115.0,33.0,,-6.390879390829538,0.2974702456451954,0.02523890860979633,-0.8,0.2,-0.36666666666666664
1744814860.6121376,82.0,-115.0,33.0,,-6.390879390829538,0.2974702456451954,0.02523890860979633,-0.8,0.2,-0.36666666666666664
1744814860.8704302,82.0,-115.0,33.0,,-6.390879390829538,0.2974702456451954,0.02523890860979633,-0.8,0.2,-0.36666666666666664
1744814861.125668,82.0,-115.0,33.0,,-6.390879390829538,0.2974702456451954,0.02523890860979633,-0.8,0.2,-0.36666666666666664
1744814861.3764045,82.0,-115.0,33.0,,-6.390879390829538,0.2974702456451954,0.02523890860979633,-0.8,0.2,-0.36666666666666664
1744814861.6230652,82.0,-115.0,33.0,,-6.390879390829538,0.2974702456451954,0.02523890860979633,-0.8,0.2,-0.36666666666666664
1744814861.8917851,82.0,-115.0,33.0,,-6.390879390829538,0.2974702456451954,0.02523890860979633,-0.8,0.2,-0.36666666666666664
1744814862.1476529,82.0,-115.0,33.0,,-6.390879390829538,0.2974702456451954,0.02523890860979633,-0.8,0.2,-0.36666666666666664
1744814862.3937397,82.0,-115.0,33.0,,-6.390879390829538,0.2974702456451954,0.02523890860979633,-0.8,0.2,-0.36666666666666664
1744814862.6424518,82.0,-115.0,33.0,,-6.390879390829538,0.2974702456451954,0.02523890860979633,-0.8,0.2,-0.36666666666666664
1744814862.89492,82.0,-115.0,33.0,,-6.390879390829538,0.2974702456451954,0.02523890860979633,-0.8,0.2,-0.36666666666666664
1744814863.14346,82.0,-115.0,33.0,,-6.390879390829538,0.2974702456451954,0.02523890860979633,-0.8,0.2,-0.36666666666666664
1744814863.3915503,82.0,-115.0,33.0,,-6.390879390829538,0.2974702456451954,0.02523890860979633,-0.8,0.2,-0.36666666666666664
1744814863.638179,82.0,-115.0,33.0,,-6.390879390829538,0.2974702456451954,0.02523890860979633,-0.8,0.2,-0.36666666666666664
1744814863.90794,82.0,-115.0,33.0,,-6.390879390829538,0.2974702456451954,0.02523890860979633,-0.8,0.2,-0.36666666666666664
1744814864.168702,82.0,-115.0,33.0,,-6.390879390829538,0.2974702456451954,0.02523890860979633,-0.8,0.2,-0.36666666666666664
1744814864.4207554,82.0,-115.0,33.0,,-6.390879390829538,0.2974702456451954,0.02523890860979633,-0.8,0.2,-0.36666666666666664
1744814864.6679375,82.0,-115.0,33.0,,-6.390879390829538,0.2974702456451954,0.02523890860979633,-0.8,0.2,-0.36666666666666664
1744814864.9170043,82.0,-115.0,33.0,,-6.390879390829538,0.2974702456451954,0.02523890860979633,-0.8,0.2,-0.36666666666666664
1744814865.1648648,82.0,-115.0,33.0,,-6.390879390829538,0.2974702456451954,0.02523890860979633,-0.8,0.2,-0.36666666666666664
1744814865.4133668,82.0,-115.0,33.0,,-6.390879390829538,0.2974702456451954,0.02523890860979633,-0.8,0.2,-0.36666666666666664
1744814865.6629705,82.0,-115.0,33.0,,-6.390879390829538,0.2974702456451954,0.02523890860979633,-0.8,0.2,-0.36666666666666664
1744814865.9255228,82.0,-115.0,33.0,,-6.390879390829538,0.2974702456451954,0.02523890860979633,-0.8,0.2,-0.36666666666666664
1744814866.1817641,82.0,-115.0,33.0,,-6.390879390829538,0.2974702456451954,0.02523890860979633,-0.8,0.2,-0.36666666666666664
1744814866.4330728,82.0,-115.0,33.0,,-6.390879390829538,0.2974702456451954,0.02523890860979633,-0.8,0.2,-0.36666666666666664
1744814866.6803591,82.0,-115.0,33.0,,-6.390879390829538,0.2974702456451954,0.02523890860979633,-0.8,0.2,-0.36666666666666664
1744814866.9289238,82.0,-115.0,33.0,,-6.390879390829538,0.2974702456451954,0.02523890860979633,-0.8,0.2,-0.36666666666666664
1744814867.1809328,82.0,-115.0,33.0,,-6.390879390829538,0.2974702456451954,0.02523890860979633,-0.8,0.2,-0.36666666666666664
1744814867.4398367,82.0,-115.0,33.0,,-6.390879390829538,0.2974702456451954,0.02523890860979633,-0.8,0.2,-0.36666666666666664
1744814867.6908603,82.0,-115.0,33.0,,-6.390879390829538,0.2974702456451954,0.02523890860979633,-0.8,0.2,-0.36666666666666664
1744814867.9519446,82.0,-115.0,33.0,,-6.390879390829538,0.2974702456451954,0.02523890860979633,-0.8,0.2,-0.36666666666666664
1744814868.20318,82.0,-115.0,33.0,,-6.390879390829538,0.2974702456451954,0.02523890860979633,-0.8,0.2,-0.36666666666666664
1744814868.4488244,82.0,-115.0,33.0,,-6.390879390829538,0.2974702456451954,0.02523890860979633,-0.8,0.2,-0.36666666666666664
1744814868.6949532,82.0,-115.0,33.0,,-6.390879390829538,0.2974702456451954,0.02523890860979633,-0.8,0.2,-0.36666666666666664
1744814868.9413598,82.0,-115.0,33.0,,-6.390879390829538,0.2974702456451954,0.02523890860979633,-0.8,0.2,-0.36666666666666664
1744814869.1897676,82.0,-115.0,33.0,,-6.390879390829538,0.2974702456451954,0.02523890860979633,-0.8,0.2,-0.36666666666666664
1744814869.4353774,82.0,-115.0,33.0,,-6.390879390829538,0.2974702456451954,0.02523890860979633,-0.8,0.2,-0.36666666666666664
1744814869.6880937,82.0,-115.0,33.0,,-6.390879390829538,0.2974702456451954,0.02523890860979633,-0.8,0.2,-0.36666666666666664
1744814869.969191,82.0,-115.0,33.0,,-6.390879390829538,0.2974702456451954,0.02523890860979633,-0.8,0.2,-0.36666666666666664
1744814870.2508945,82.0,-115.0,33.0,,-6.390879390829538,0.2974702456451954,0.02523890860979633,-0.8,0.2,-0.36666666666666664
1744814870.538351,82.0,-115.0,33.0,,-6.390879390829538,0.2974702456451954,0.02523890860979633,-0.8,0.2,-0.36666666666666664
1744814870.828453,82.0,-115.0,33.0,,-6.390879390829538,0.2974702456451954,0.02523890860979633,-0.8,0.2,-0.36666666666666664
1744814871.096287,82.0,-115.0,33.0,,-6.390879390829538,0.2974702456451954,0.02523890860979633,-0.8,0.2,-0.36666666666666664
1744814871.362672,82.0,-115.0,33.0,,-6.390879390829538,0.2974702456451954,0.02523890860979633,-0.8,0.2,-0.36666666666666664
1744814871.6195395,82.0,-115.0,33.0,,-6.390879390829538,0.2974702456451954,0.02523890860979633,-0.8,0.2,-0.36666666666666664
1744814871.882782,82.0,-115.0,33.0,,-6.390879390829538,0.2974702456451954,0.02523890860979633,-0.8,0.2,-0.36666666666666664
1744814872.155153,82.0,-115.0,33.0,,-6.390879390829538,0.2974702456451954,0.02523890860979633,-0.8,0.2,-0.36666666666666664
1744814872.4253147,82.0,-115.0,33.0,,-6.390879390829538,0.2974702456451954,0.02523890860979633,-0.8,0.2,-0.36666666666666664
1744814872.6822517,82.0,-115.0,33.0,,-6.390879390829538,0.2974702456451954,0.02523890860979633,-0.8,0.2,-0.36666666666666664
1744814872.9326088,82.0,-115.0,33.0,,-6.390879390829538,0.2974702456451954,0.02523890860979633,-0.8,0.2,-0.36666666666666664
1744814873.1903238,82.0,-115.0,33.0,,-6.390879390829538,0.2974702456451954,0.02523890860979633,-0.8,0.2,-0.36666666666666664
1744814873.4425972,82.0,-115.0,33.0,,-6.390879390829538,0.2974702456451954,0.02523890860979633,-0.8,0.2,-0.36666666666666664
1744814873.7045898,82.0,-115.0,33.0,,-6.390879390829538,0.2974702456451954,0.02523890860979633,-0.8,0.2,-0.36666666666666664
1744814873.9785445,82.0,-115.0,33.0,,-6.390879390829538,0.2974702456451954,0.02523890860979633,-0.8,0.2,-0.36666666666666664
1744814874.2380178,82.0,-115.0,33.0,,-6.390879390829538,0.2974702456451954,0.02523890860979633,-0.8,0.2,-0.36666666666666664
1744814874.4911313,82.0,-115.0,33.0,,-6.390879390829538,0.2974702456451954,0.02523890860979633,-0.8,0.2,-0.36666666666666664
1744814874.7356508,82.0,-115.0,33.0,,-6.390879390829538,0.2974702456451954,0.02523890860979633,-0.8,0.2,-0.36666666666666664
1744814874.9792125,82.0,-115.0,33.0,,-6.390879390829538,0.2974702456451954,0.02523890860979633,-0.8,0.2,-0.36666666666666664
1744814875.2312422,82.0,-115.0,33.0,,-6.390879390829538,0.2974702456451954,0.02523890860979633,-0.8,0.2,-0.36666666666666664
1744814875.48122,82.0,-115.0,33.0,,-6.390879390829538,0.2974702456451954,0.02523890860979633,-0.8,0.2,-0.36666666666666664
1744814875.7333999,82.0,-115.0,33.0,,-6.390879390829538,0.2974702456451954,0.02523890860979633,-0.8,0.2,-0.36666666666666664
1744814875.9933548,82.0,-115.0,33.0,,-6.390879390829538,0.2974702456451954,0.02523890860979633,-0.8,0.2,-0.36666666666666664
1744814876.2438319,82.0,-115.0,33.0,,-6.390879390829538,0.2974702456451954,0.02523890860979633,-0.8,0.2,-0.36666666666666664
1744814876.4955451,82.0,-115.0,33.0,,-6.390879390829538,0.2974702456451954,0.02523890860979633,-0.8,0.2,-0.36666666666666664
1744814876.74505,82.0,-115.0,33.0,,-6.390879390829538,0.2974702456451954,0.02523890860979633,-0.8,0.2,-0.36666666666666664
1744814876.9959211,82.0,-115.0,33.0,,-6.390879390829538,0.2974702456451954,0.02523890860979633,-0.8,0.2,-0.36666666666666664
1744814877.2481265,82.0,-115.0,33.0,,-6.390879390829538,0.2974702456451954,0.02523890860979633,-0.8,0.2,-0.36666666666666664
1744814877.4937334,82.0,-115.0,33.0,,-6.390879390829538,0.2974702456451954,0.02523890860979633,-0.8,0.2,-0.36666666666666664
1744814877.7492719,82.0,-115.0,33.0,,-6.390879390829538,0.2974702456451954,0.02523890860979633,-0.8,0.2,-0.36666666666666664
1744814878.012155,82.0,-115.0,33.0,,-6.390879390829538,0.2974702456451954,0.02523890860979633,-0.8,0.2,-0.36666666666666664
1744814878.2835894,82.0,-115.0,33.0,,-6.390879390829538,0.2974702456451954,0.02523890860979633,-0.8,0.2,-0.36666666666666664
1744814878.5523548,82.0,-115.0,33.0,,-6.390879390829538,0.2974702456451954,0.02523890860979633,-0.8,0.2,-0.36666666666666664
1744814878.809708,82.0,-115.0,33.0,,-6.390879390829538,0.2974702456451954,0.02523890860979633,-0.8,0.2,-0.36666666666666664
1744814879.0612254,82.0,-115.0,33.0,,-6.390879390829538,0.2974702456451954,0.02523890860979633,-0.8,0.2,-0.36666666666666664
1744814879.26154,82.0,-115.0,33.0,,-6.390879390829538,0.2974702456451954,0.02523890860979633,-0.8,0.2,-0.36666666666666664
1744814879.5568585,82.0,-115.0,33.0,,-6.390879390829538,0.2974702456451954,0.02523890860979633,-0.8,0.2,-0.36666666666666664
1744814879.825169,82.0,-115.0,33.0,,-6.390879390829538,0.2974702456451954,0.02523890860979633,-0.8,0.2,-0.36666666666666664
1744814880.0757372,82.0,-115.0,33.0,,-6.390879390829538,0.2974702456451954,0.02523890860979633,-0.8,0.2,-0.36666666666666664
1744814880.2917068,82.0,-115.0,33.0,,-6.390879390829538,0.2974702456451954,0.02523890860979633,-0.8,0.2,-0.36666666666666664
1744814880.511043,82.0,-115.0,33.0,,-6.390879390829538,0.2974702456451954,0.02523890860979633,-0.8,0.2,-0.36666666666666664
1744814880.7196288,82.0,-115.0,33.0,,-6.390879390829538,0.2974702456451954,0.02523890860979633,-0.8,0.2,-0.36666666666666664
1744814880.9190302,82.0,-115.0,33.0,,-6.390879390829538,0.2974702456451954,0.02523890860979633,-0.8,0.2,-0.36666666666666664
1744814881.1134315,82.0,-115.0,33.0,,-6.390879390829538,0.2974702456451954,0.02523890860979633,-0.8,0.2,-0.36666666666666664
1744814881.3261988,82.0,-115.0,33.0,,-6.390879390829538,0.2974702456451954,0.02523890860979633,-0.8,0.2,-0.36666666666666664
1744814881.5225978,82.0,-115.0,33.0,,-6.390879390829538,0.2974702456451954,0.02523890860979633,-0.8,0.2,-0.36666666666666664
1744814881.7125063,82.0,-115.0,33.0,,-6.390879390829538,0.2974702456451954,0.02523890860979633,-0.8,0.2,-0.36666666666666664
1744814881.9076624,82.0,-115.0,33.0,,-6.390879390829538,0.2974702456451954,0.02523890860979633,-0.8,0.2,-0.36666666666666664
1744814882.089038,82.0,-115.0,33.0,,-6.390879390829538,0.2974702456451954,0.02523890860979633,-0.8,0.2,-0.36666666666666664
1744814882.2785673,82.0,-115.0,33.0,,-6.390879390829538,0.2974702456451954,0.02523890860979633,-0.8,0.2,-0.36666666666666664
1744814882.4735768,82.0,-115.0,33.0,,-6.390879390829538,0.2974702456451954,0.02523890860979633,-0.8,0.2,-0.36666666666666664
1744814882.6636965,82.0,-115.0,33.0,,-6.390879390829538,0.2974702456451954,0.02523890860979633,-0.8,0.2,-0.36666666666666664
1744814882.8636186,82.0,-115.0,33.0,,-6.390879390829538,0.2974702456451954,0.02523890860979633,-0.8,0.2,-0.36666666666666664
1744814883.0700827,82.0,-115.0,33.0,,-6.390879390829538,0.2974702456451954,0.02523890860979633,-0.8,0.2,-0.36666666666666664
1744814883.2797465,82.0,-115.0,33.0,,-6.390879390829538,0.2974702456451954,0.02523890860979633,-0.8,0.2,-0.36666666666666664
1744814883.4686217,82.0,-115.0,33.0,,-6.390879390829538,0.2974702456451954,0.02523890860979633,-0.8,0.2,-0.36666666666666664
1744814883.6532202,82.0,-115.0,33.0,,-6.390879390829538,0.2974702456451954,0.02523890860979633,-0.8,0.2,-0.36666666666666664
1744814883.850951,82.0,-115.0,33.0,,-6.390879390829538,0.2974702456451954,0.02523890860979633,-0.8,0.2,-0.36666666666666664
1744814884.0662272,82.0,-115.0,33.0,,-6.390879390829538,0.2974702456451954,0.02523890860979633,-0.8,0.2,-0.36666666666666664
1744814884.2820432,82.0,-115.0,33.0,,-6.390879390829538,0.2974702456451954,0.02523890860979633,-0.8,0.2,-0.36666666666666664
1744814884.5049195,82.0,-115.0,33.0,,-6.390879390829538,0.2974702456451954,0.02523890860979633,-0.8,0.2,-0.36666666666666664
1744814884.7174394,82.0,-115.0,33.0,,-6.390879390829538,0.2974702456451954,0.02523890860979633,-0.8,0.2,-0.36666666666666664
1744814884.9204233,82.0,-115.0,33.0,,-6.390879390829538,0.2974702456451954,0.02523890860979633,-0.8,0.2,-0.36666666666666664
1744814885.1254883,82.0,-115.0,33.0,,-6.390879390829538,0.2974702456451954,0.02523890860979633,-0.8,0.2,-0.36666666666666664
1744814885.3265529,82.0,-115.0,33.0,,-6.390879390829538,0.2974702456451954,0.02523890860979633,-0.8,0.2,-0.36666666666666664
1744814885.513229,82.0,-115.0,33.0,,-6.390879390829538,0.2974702456451954,0.02523890860979633,-0.8,0.2,-0.36666666666666664
1744814885.6982641,82.0,-115.0,33.0,,-6.390879390829538,0.2974702456451954,0.02523890860979633,-0.8,0.2,-0.36666666666666664
1744814885.8958058,82.0,-115.0,33.0,,-6.390879390829538,0.2974702456451954,0.02523890860979633,-0.8,0.2,-0.36666666666666664
1744814886.0921907,82.0,-115.0,33.0,,-6.390879390829538,0.2974702456451954,0.02523890860979633,-0.8,0.2,-0.36666666666666664
1744814886.282579,82.0,-115.0,33.0,,-6.390879390829538,0.2974702456451954,0.02523890860979633,-0.8,0.2,-0.36666666666666664
1744814886.4703126,82.0,-115.0,33.0,,-6.390879390829538,0.2974702456451954,0.02523890860979633,-0.8,0.2,-0.36666666666666664
1744814886.6529088,82.0,-115.0,33.0,,-6.390879390829538,0.2974702456451954,0.02523890860979633,-0.8,0.2,-0.36666666666666664
