timestamp,roll,pitch,yaw,touch_gesture,acc_x,acc_y,acc_z,gyro_x,gyro_y,gyro_z
1742293338.1824079,,,,,,,,,,
1742293338.2028203,,,,,,,,,,
1742293338.2229574,,,,,,,,,,
1742293338.2431247,,,,,,,,,,
1742293338.263342,,,,,,,,,,
1742293338.2847993,,,,,,,,,,
1742293338.305594,,,,,,,,,,
1742293338.3257384,,,,,,,,,,
1742293338.345914,,,,,,,,,,
1742293338.36712,,,,,,,,,,
1742293338.3876538,,,,,,,,,,
1742293338.4078093,,,,,,,,,,
1742293338.4281218,,,,,,,,,,
1742293338.4504585,,,,,,,,,,
1742293338.4706047,,,,,,,,,,
1742293338.4911263,,,,,,,,,,
1742293338.5116477,,,,,,,,,,
1742293338.5317852,,,,,,,,,,
1742293338.5519333,,,,,,,,,,
1742293338.572206,,,,,,,,,,
1742293338.5924659,,,,,,,,,,
1742293338.6129746,,,,,,,,,,
1742293338.6339014,,,,,,,,,,
1742293338.6540565,,,,,,,,,,
1742293338.6742094,,,,,,,,,,
1742293338.694399,,,,,,,,,,
1742293338.7145255,,,,,,,,,,
1742293338.7355456,,,,,,,,,,
1742293338.75571,,,,,,,,,,
1742293338.775878,,,,,,,,,,
1742293338.7961285,,,,,,,,,,
1742293338.8163066,,,,,,,,,,
1742293338.8365703,,,,,,,,,,
1742293338.85719,,,,,,,,,,
1742293338.8774025,,,,,,,,,,
1742293338.897567,,,,,,,,,,
1742293338.9177396,,,,,,,,,,
1742293338.9397182,,,,,,,,,,
1742293338.9599068,,,,,,,,,,
1742293338.9801192,,,,,,,,,,
1742293339.0002694,,,,,,,,,,
1742293339.0210295,,,,,,,,,,
1742293339.0411975,,,,,,,,,,
1742293339.0614202,,,,,,,,,,
1742293339.0819118,,,,,,,,,,
1742293339.1023216,,,,,,,,,,
1742293339.1260576,,,,,,,,,,
1742293339.146235,,,,,,,,,,
1742293339.1664574,,,,,,,,,,
1742293339.1866128,,,,,,,,,,
1742293339.2067506,,,,,,,,,,
1742293339.2268934,,,,,,,,,,
1742293339.2470403,,,,,,,,,,
1742293339.2699332,,,,,,,,,,
1742293339.2900734,,,,,,,,,,
1742293339.3102133,,,,,,,,,,
1742293339.3304014,,,,,,,,,,
1742293339.35293,,,,,,,,,,
1742293339.3730953,,,,,,,,,,
1742293339.3934097,,,,,,,,,,
1742293339.4136143,,,,,,,,,,
1742293339.4359336,,,,,,,,,,
1742293339.4560823,,,,,,,,,,
1742293339.4762404,,,,,,,,,,
1742293339.4963977,,,,,,,,,,
1742293339.519903,,,,,,,,,,
1742293339.5400496,,,,,,,,,,
1742293339.5602248,,,,,,,,,,
1742293339.580392,,,,,,,,,,
1742293339.6005747,,,,,,,,,,
1742293339.6207328,,,,,,,,,,
1742293339.640895,,,,,,,,,,
1742293339.661582,,,,,,,,,,
1742293339.6817799,,,,,,,,,,
1742293339.7045689,,,,,,,,,,
1742293339.7247314,,,,,,,,,,
1742293339.744916,,,,,,,,,,
1742293339.7650657,,,,,,,,,,
1742293339.7864652,,,,,,,,,,
1742293339.8066347,,,,,,,,,,
1742293339.8268018,,,,,,,,,,
1742293339.8469617,,,,,,,,,,
1742293339.8670998,,,,,,,,,,
1742293339.8885221,,,,,,,,,,
1742293339.9086783,,,,,,,,,,
1742293339.9288719,,,,,,,,,,
1742293339.949004,,,,,,,,,,
1742293339.9709003,,,,,,,,,,
1742293339.9910383,,,,,,,,,,
1742293340.0112088,,,,,,,,,,
1742293340.031367,,,,,,,,,,
1742293340.5516531,,,,,,,,,,
1742293340.5718489,,,,,,,,,,
1742293340.5924437,,,,,,,,,,
1742293340.6126177,,,,,,,,,,
1742293340.6330001,,,,,,,,,,
1742293340.6542373,,,,,,,,,,
1742293340.6744277,,,,,,,,,,
1742293340.694769,,,,,,,,,,
1742293340.7149837,,,,,,,,,,
1742293340.7351642,,,,,,,,,,
1742293340.7559025,,,,,,,,,,
1742293340.7760363,,,,,,,,,,
1742293340.796232,,,,,,,,,,
1742293340.8164263,,,,,,,,,,
1742293340.8399687,,,,,,,,,,
1742293340.860195,0.0,0.0,0.0,,3.863,7.668,0.02617138673810615,-0.3333333333333333,1.3333333333333333,0.4666666666666667
1742293340.880411,0.0,0.0,0.0,,3.814,7.57,-0.07061574589428243,-0.3,1.5,0.6333333333333333
1742293340.9006586,0.0,0.0,0.0,,3.48,7.53,-0.15346364497882625,-0.2,1.3333333333333333,0.5
1742293340.9230218,0.0,0.0,0.0,,3.549,7.678,-0.08694839930239429,-0.23333333333333334,1.3,0.26666666666666666
1742293340.9432364,0.0,0.0,0.0,,3.647,7.913,-0.0054028558346352895,-0.23333333333333334,1.3666666666666667,0.16666666666666666
1742293340.9634342,0.0,0.0,0.0,,3.716,8.05,-0.012418915813313447,-0.26666666666666666,1.4,0.2
1742293340.9836252,0.0,0.0,0.0,,4.069,7.903,-0.07778318308416976,-0.16666666666666666,1.6,0.26666666666666666
1742293341.004741,0.0,0.0,0.0,,3.98,7.962,-0.07697313208193135,0.16666666666666666,2.6333333333333333,0.3333333333333333
1742293341.026496,0.0,0.0,0.0,,3.98,7.962,-0.07697313208193135,0.16666666666666666,2.6333333333333333,0.3333333333333333
1742293341.0466778,0.0,0.0,360.0,,3.578,8.07,-0.1090489579801015,0.13333333333333333,2.3666666666666667,0.13333333333333333
1742293341.0668867,57.0,-50.0,306.0,,-2.837895986997175,-0.3043582715446096,-0.05963080012831057,0.1,1.8333333333333333,-0.03333333333333333
1742293341.0871084,57.0,-50.0,306.0,,-2.837895986997175,-0.3043582715446096,-0.05963080012831057,0.1,1.8333333333333333,-0.03333333333333333
1742293341.1073024,56.0,-51.0,307.0,,-2.2998018818928854,-0.36685858676495897,-0.0174018828131266,0.36666666666666664,2.6333333333333333,-0.13333333333333333
1742293341.1275074,55.0,-57.0,308.0,,-3.39335827154461,-0.01488155447500894,-0.042559590870260955,0.8666666666666667,3.966666666666667,-0.2
1742293341.1478512,55.0,-57.0,308.0,,-3.39335827154461,-0.01488155447500894,-0.042559590870260955,0.8666666666666667,3.966666666666667,-0.2
1742293341.168052,54.0,-61.0,309.0,,-3.7660193270374727,0.06454328518176489,-0.053422617859249844,0.9666666666666667,3.6666666666666665,-0.43333333333333335
1742293341.188339,52.0,-67.0,307.0,,-3.0001526123684394,-0.11138549288194355,0.02985460868308687,0.9666666666666667,3.433333333333333,-0.8
1742293341.2087398,52.0,-67.0,307.0,,-3.0001526123684394,-0.11138549288194355,0.02985460868308687,0.9666666666666667,3.433333333333333,-0.8
1742293341.228958,50.0,-70.0,307.0,,-2.85538460990976,0.006104013002825148,0.0453026040305029,1.0333333333333334,3.533333333333333,-0.9
1742293341.2494144,47.0,-75.0,307.0,,-2.92573235589576,0.05142018711593721,0.003721309035459308,1.0666666666666667,3.3,-0.9
1742293341.269633,47.0,-75.0,307.0,,-2.92573235589576,0.05142018711593721,0.003721309035459308,1.0666666666666667,3.3,-0.9
1742293341.2898283,45.0,-80.0,306.0,,-2.2969640570497605,-0.21971752344003104,0.01070398129424821,0.8666666666666667,2.4,-1.1
1742293341.310052,43.0,-81.0,306.0,,-2.2472226212383024,-0.18940391221310993,0.0043692260234449165,0.8666666666666667,2.2333333333333334,-1.0333333333333334
1742293341.330266,43.0,-81.0,306.0,,-2.2472226212383024,-0.18940391221310993,0.0043692260234449165,0.8666666666666667,2.2333333333333334,-1.0333333333333334
1742293341.3509617,40.0,-84.0,305.0,,-2.755259793562762,0.087253548975049,-0.0003472867131775418,0.8,1.0666666666666667,-0.9333333333333333
1742293341.3712106,39.0,-84.0,304.0,,-2.7752597935627623,0.12136696380109502,-0.0004360824583907255,0.6,0.5,-1.1
1742293341.3914127,39.0,-84.0,304.0,,-2.7752597935627623,0.12136696380109502,-0.0004360824583907255,0.6,0.5,-1.1
1742293341.411605,36.0,-84.0,303.0,,-2.3922597935627623,0.057826675010837825,-0.03885257238699515,0.4666666666666667,0.03333333333333333,-1.6
1742293341.431809,35.0,-84.0,303.0,,-2.0782597935627622,-0.17578484060376276,-0.0028836500118870068,0.6333333333333333,0.03333333333333333,-1.6333333333333333
1742293341.4520469,35.0,-84.0,303.0,,-2.0782597935627622,-0.17578484060376276,-0.0028836500118870068,0.6333333333333333,0.03333333333333333,-1.6333333333333333
1742293341.4735298,31.0,-83.0,302.0,,-1.656877747601369,-0.14052351486763204,-0.009452828686058012,0.8333333333333334,-0.26666666666666666,-1.5
1742293341.4937568,30.0,-82.0,301.0,,-1.8705297543548047,-0.13999999999999968,-0.015492271291347087,0.8,-0.6,-1.5666666666666667
1742293341.513957,30.0,-82.0,301.0,,-1.8705297543548047,-0.13999999999999968,-0.015492271291347087,0.8,-0.6,-1.5666666666666667
1742293341.534205,26.0,-79.0,300.0,,-1.540762669621584,-0.31042095000084924,-0.06849794351954763,0.5666666666666667,-1.9,-1.9333333333333333
1742293341.5548706,24.0,-77.0,300.0,,-1.0475703355431598,-0.19608646857360013,-0.058368507872700315,0.5333333333333333,-2.1666666666666665,-1.8
1742293341.5750518,22.0,-75.0,300.0,,-0.7197323558957596,0.11910931858990281,-0.01298975227681809,0.26666666666666666,-2.3,-1.5666666666666667
1742293341.5952647,21.0,-72.0,300.0,,-0.46586442485545554,0.05341041496060406,0.009242184448989388,0.0,-2.566666666666667,-1.3333333333333333
1742293341.6155057,19.0,-69.0,300.0,,-0.3924239839375492,0.10017640477529266,-0.0026107472951695243,-0.1,-2.7,-1.2
1742293341.637934,18.0,-66.0,301.0,,-0.33288093947391495,-0.021456714818234524,-0.04693025302357956,-0.2,-2.8666666666666667,-1.2
1742293341.6581292,17.0,-64.0,302.0,,-0.4331695941948279,0.08283357666995217,-0.10946218443095868,-0.4,-3.2333333333333334,-1.2333333333333334
1742293341.6789951,17.0,-60.0,303.0,,-0.46470921112534214,-0.15316642333004804,-0.2154706627451235,-0.7,-3.7666666666666666,-1.3
1742293341.6992173,16.0,-57.0,304.0,,-0.1873582715446105,-0.0570024605647621,-0.09865926235380673,-0.9666666666666667,-4.2,-1.4
1742293341.7194684,16.0,-53.0,306.0,,0.5493856464360576,0.187997539435238,0.3654038990396895,-1.2333333333333334,-4.066666666666666,-1.3666666666666667
1742293341.73968,16.0,-49.0,307.0,,0.5682990180146064,0.37399753943523795,0.906993306145158,-1.8,-3.466666666666667,-1.0333333333333334
1742293341.7601933,16.0,-46.0,310.0,,0.47327655867783314,0.20799753943523802,0.6647134474841199,-2.1333333333333333,-3.2,-0.8666666666666667
1742293341.780469,17.0,-43.0,312.0,,0.33959608778689,-0.27016642333004803,0.3976607957851215,-2.033333333333333,-2.9,-0.7666666666666667
1742293341.800688,18.0,-41.0,314.0,,0.16306092560312369,-0.34545671481823437,0.09645059260407685,-1.6666666666666667,-2.533333333333333,-0.7
1742293341.820904,19.0,-38.0,316.0,,-0.09763907294470808,-0.3218235952247075,-0.14716098427537538,-1.3333333333333333,-2.2333333333333334,-0.6666666666666666
1742293341.8411212,20.0,-37.0,317.0,,-0.37380537712159345,-0.13921760602481026,-0.2610346999039974,-1.2333333333333334,-2.3,-0.7
1742293341.8613317,21.0,-35.0,319.0,,-0.2827848406037621,-0.06458958503939582,-0.17416862546525547,-1.1666666666666667,-2.3666666666666667,-0.5666666666666667
1742293341.8815496,22.0,-34.0,320.0,,-0.5046823830480278,-0.2338906814100974,-0.15551903764256192,-1.0666666666666667,-2.3333333333333335,-0.4666666666666667
1742293341.9022746,22.0,-32.0,321.0,,-0.5315079821277404,-0.2338906814100974,-0.06266852237590381,-0.8,-2.066666666666667,-0.5
1742293341.9247622,23.0,-31.0,322.0,,-0.5715235148676321,-0.17607237047977575,0.006803756805694228,-0.6,-1.8,-0.5666666666666667
1742293341.944965,23.0,-30.0,323.0,,-0.6109999999999998,0.10792762952022406,0.13051477724933047,-0.5666666666666667,-1.6333333333333333,-0.5
1742293341.9652076,24.0,-29.0,324.0,,-0.6479823746165669,-0.16608646857360032,0.17763426460226306,-0.36666666666666664,-1.3,-0.3333333333333333
1742293341.988023,24.0,-29.0,324.0,,-0.6479823746165669,-0.16608646857360032,0.17763426460226306,-0.36666666666666664,-1.3,-0.3333333333333333
1742293342.0083818,24.0,-29.0,325.0,,-0.8929823746165666,-0.2640864685736002,0.004490994350769384,-0.16666666666666666,-0.9333333333333333,-0.3
1742293342.0285766,24.0,-29.0,326.0,,-1.1969823746165664,-0.0390864685736001,0.3793196679701598,-0.3,-0.7666666666666667,-0.26666666666666666
1742293342.04889,24.0,-29.0,326.0,,-1.1969823746165664,-0.0390864685736001,0.3793196679701598,-0.3,-0.7666666666666667,-0.26666666666666666
1742293342.0690577,24.0,-28.0,326.0,,-1.1835160309295891,-0.0390864685736001,0.2753359305977501,-0.5,-0.9333333333333333,-0.23333333333333334
1742293342.0892606,25.0,-28.0,327.0,,-1.1055160309295893,-0.47888514767626233,-0.03930524397966195,-0.2,-0.6666666666666666,-0.26666666666666666
1742293342.1094704,25.0,-28.0,327.0,,-1.1055160309295893,-0.47888514767626233,-0.03930524397966195,-0.2,-0.6666666666666666,-0.26666666666666666
1742293342.129674,25.0,-28.0,327.0,,-1.1055160309295893,-0.47888514767626233,-0.03930524397966195,-0.2,-0.6666666666666666,-0.26666666666666666
1742293342.1499975,24.0,-28.0,328.0,,-1.5665160309295891,-0.16608646857360032,-0.23608751981614517,0.3333333333333333,-0.26666666666666666,-0.2
1742293342.1702125,24.0,-28.0,328.0,,-1.5665160309295891,-0.16608646857360032,-0.23608751981614517,0.3333333333333333,-0.26666666666666666,-0.2
1742293342.1943598,24.0,-28.0,328.0,,-1.389516030929589,-0.2550864685736003,-0.05805735158580738,0.36666666666666664,-0.26666666666666666,-0.13333333333333333
1742293342.2145877,23.0,-28.0,327.0,,-1.9585160309295895,-0.3530723704797758,-0.21412200974759266,0.5666666666666667,-0.26666666666666666,-0.26666666666666666
1742293342.2347896,22.0,-27.0,327.0,,-1.973646802444954,-0.21389068141009737,-0.4160102070427367,0.7,-0.4,-0.4
1742293342.2551663,21.0,-27.0,327.0,,-1.8756468024449542,-0.08458958503939584,-0.45523084848163364,0.8333333333333334,-0.5333333333333333,-0.5
1742293342.2753491,20.0,-27.0,327.0,,-1.8266468024449543,-0.002217606024810248,-0.461285378018486,0.9666666666666667,-0.6333333333333333,-0.4666666666666667
1742293342.295827,19.0,-27.0,326.0,,-1.679646802444954,-0.09582359522470751,-0.15251733516536525,1.0666666666666667,-0.7,-0.43333333333333335
1742293342.3159902,17.0,-27.0,326.0,,-1.7386468024449542,0.09283357666995196,-0.11086405812466182,1.1333333333333333,-0.6333333333333333,-0.36666666666666664
1742293342.3362973,16.0,-27.0,326.0,,-1.8756468024449542,-0.22400246056476192,-0.2485300074913681,1.2666666666666666,-0.5,-0.4
1742293342.3564763,14.0,-26.0,325.0,,-1.6534209500008497,0.1657462041672595,-0.41519764594286634,1.4333333333333333,-0.3333333333333333,-0.4
1742293342.3766515,13.0,-26.0,325.0,,-1.6144209500008495,0.3222301568866843,-0.08297620037148334,1.3666666666666667,-0.3333333333333333,-0.26666666666666666
1742293342.3989263,12.0,-26.0,324.0,,-1.6634209500008494,0.13638631307778093,-0.04823479937803299,1.2333333333333334,-0.36666666666666664,-0.2
1742293342.4190888,10.0,-25.0,323.0,,-1.606885147676262,0.03151137708741336,-0.20173843878111164,1.2333333333333334,-0.3333333333333333,-0.13333333333333333
1742293342.4392643,9.0,-25.0,323.0,,-1.6168851476762622,-0.015622102044664965,0.08935197692387575,1.3,-0.3,-0.1
1742293342.4594498,8.0,-24.0,322.0,,-1.1860864685736003,0.22271187958175798,0.6208881210429809,1.2333333333333334,-0.3,-0.0
1742293342.479638,6.0,-24.0,321.0,,-1.1670864685736002,0.3465757753443195,0.8588747037139051,1.0,-0.23333333333333334,0.13333333333333333
1742293342.4998467,5.0,-24.0,321.0,,-1.1180864685736003,0.16400216364547326,0.8717837786814417,0.8666666666666667,-0.06666666666666667,0.3
1742293342.5200372,5.0,-24.0,320.0,,-0.9410864685736002,-0.09099783635452663,0.769870606473809,0.8666666666666667,0.2,0.5333333333333333
1742293342.5402267,4.0,-24.0,319.0,,-0.8040864685736002,0.04968899257013071,0.6156998544700869,0.9666666666666667,0.6666666666666666,0.8
1742293342.5604303,4.0,-25.0,317.0,,-1.175885147676262,-0.04831100742986927,0.498506964606916,1.0333333333333334,1.1333333333333333,0.9666666666666667
1742293342.5806403,3.0,-26.0,316.0,,-1.5364209500008497,0.03458426925672098,0.18802750781862088,1.0666666666666667,1.3333333333333333,1.0
1742293342.6011863,3.0,-28.0,314.0,,-1.7035160309295891,-0.04341573074327909,0.005329596952572402,1.0333333333333334,1.3666666666666667,1.0
1742293342.6213915,3.0,-29.0,313.0,,-1.5399823746165664,-0.13241573074327906,0.04098709798510036,0.9333333333333333,1.3,1.0666666666666667
1742293342.6416023,2.0,-30.0,311.0,,-1.0519999999999992,-0.5093640626515346,0.06851885352282494,1.0333333333333334,1.3,1.2333333333333334
1742293342.6618693,2.0,-32.0,309.0,,-1.1885079821277404,-0.6853640626515345,0.1450610148781024,1.1,1.4666666666666666,1.3
1742293342.6821063,2.0,-33.0,307.0,,-1.1959089334974156,-0.6853640626515345,0.1221224193381758,1.2333333333333334,1.6333333333333333,1.2666666666666666
1742293342.7025168,2.0,-35.0,305.0,,-1.263784840603762,-0.5683640626515345,0.39364806409044384,1.2666666666666666,1.8333333333333333,1.2666666666666666
1742293342.7227676,2.0,-37.0,303.0,,-1.3158053771215936,-0.7643640626515344,0.6593143457930921,1.2333333333333334,1.9666666666666666,1.2
1742293342.7429502,1.0,-39.0,302.0,,-1.2316330361989047,-0.6912081071497513,0.6683510561747603,1.0666666666666667,1.8666666666666667,1.1333333333333333
1742293342.763179,1.0,-41.0,300.0,,-1.0829390743968768,-0.6912081071497513,0.4852619303403394,0.8666666666666667,1.8,1.1333333333333333
1742293342.7833805,1.0,-42.0,299.0,,-0.8871712483804002,-0.8872081071497513,0.6730871023550478,0.6666666666666666,1.9,1.1
1742293342.8039799,2.0,-44.0,297.0,,-0.6765986142027636,-1.2443640626515347,0.8206467109874129,0.6333333333333333,2.066666666666667,1.0
1742293342.8262832,2.0,-46.0,296.0,,-0.8207234413221673,-1.1273640626515347,0.7405051759871757,0.6666666666666666,2.3666666666666667,0.9666666666666667
1742293342.8464835,2.0,-49.0,295.0,,-0.9907009819853938,-1.0483640626515345,0.5463073749554832,0.5333333333333333,2.5,0.9333333333333333
1742293342.8666663,3.0,-54.0,293.0,,-0.5824567148182345,-1.052415730743279,0.4118406077693244,0.26666666666666666,2.433333333333333,1.0333333333333334
1742293342.8881335,3.0,-54.0,293.0,,-0.5824567148182345,-1.052415730743279,0.4118406077693244,0.26666666666666666,2.433333333333333,1.0333333333333334
1742293342.9084358,4.0,-56.0,293.0,,-0.7688585867649591,-1.0863110074298694,0.1809863643918943,0.26666666666666666,2.5,1.0666666666666667
1742293342.9286768,5.0,-61.0,291.0,,-0.6470193270374729,-1.0999978363545266,-0.11441989880409587,0.36666666666666664,2.3,1.0
1742293342.9491725,5.0,-61.0,291.0,,-0.6470193270374729,-1.0999978363545266,-0.11441989880409587,0.36666666666666664,2.3,1.0
1742293342.9711711,6.0,-64.0,290.0,,-0.3941695941948282,-0.9284242246556806,0.01896899377940553,0.5,2.2333333333333334,1.1333333333333333
1742293342.9913719,8.0,-68.0,289.0,,-0.44767361330018574,-1.140288120418242,0.06115037877273988,0.3,2.2666666666666666,0.9333333333333333
1742293343.011609,8.0,-68.0,289.0,,-0.44767361330018574,-1.140288120418242,0.06115037877273988,0.3,2.2666666666666666,0.9333333333333333
1742293343.0318265,9.0,-72.0,288.0,,-0.32886442485545686,-0.6436221020446649,-0.017390548261817074,0.06666666666666667,2.0,0.7
1742293343.0519874,10.0,-74.0,288.0,,-0.27197723715490874,-0.9494886229125867,-0.0469628732215055,-0.03333333333333333,1.7,0.8
1742293343.072203,10.0,-74.0,288.0,,-0.27197723715490874,-0.9494886229125867,-0.0469628732215055,-0.03333333333333333,1.7,0.8
1742293343.0924041,11.0,-76.0,288.0,,-0.08560107476752599,-0.7938362446439045,0.016401768310989162,-0.06666666666666667,1.3333333333333333,0.5333333333333333
1742293343.112636,12.0,-77.0,288.0,,0.12942966445684156,-0.6676136869222191,0.060086403554481915,-0.1,1.4,0.5
1742293343.132994,12.0,-77.0,288.0,,0.12942966445684156,-0.6676136869222191,0.060086403554481915,-0.1,1.4,0.5
1742293343.1531575,13.0,-79.0,288.0,,0.5682373303784161,-0.5307698431133157,0.07457321272825168,-0.03333333333333333,1.7333333333333334,1.1
1742293343.1733341,14.0,-80.0,288.0,,0.32103594295023896,-0.5702537958327407,0.05316996412108854,-0.03333333333333333,1.9,1.3
1742293343.1935136,14.0,-80.0,288.0,,0.32103594295023896,-0.5702537958327407,0.05316996412108854,-0.03333333333333333,1.9,1.3
1742293343.213692,17.0,-84.0,288.0,,-0.019259793562762084,-0.653166423330048,0.012036783939284867,0.16666666666666666,2.2,1.5
1742293343.2339797,18.0,-85.0,288.0,,-0.3596699882800234,-0.6494567148182342,-0.002810693563048805,0.26666666666666666,2.3333333333333335,1.5
1742293343.2541997,18.0,-85.0,288.0,,-0.3596699882800234,-0.6494567148182342,-0.002810693563048805,0.26666666666666666,2.3333333333333335,1.5
1742293343.2743795,22.0,-89.0,287.0,,-0.6995058894841986,-0.6648906814100974,-1.325245968554191,0.7666666666666667,2.466666666666667,1.4666666666666666
1742293343.2945695,23.0,-91.0,286.0,,-1.0715058894841984,-0.5190723704797757,-2.041834464204817,0.8333333333333334,2.3,1.4333333333333333
1742293343.3147862,23.0,-91.0,286.0,,-1.0715058894841984,-0.5190723704797757,-2.041834464204817,0.8333333333333334,2.3,1.4333333333333333
1742293343.3352418,26.0,-93.0,284.0,,-0.9025557359423697,-0.26142095000084975,-2.503121523950475,0.7,1.8,1.3
1742293343.3556685,27.0,-94.0,283.0,,-0.961103333048877,-0.296646802444954,-2.758042525638576,0.43333333333333335,1.6666666666666667,1.3333333333333333
1742293343.3759198,29.0,-95.0,282.0,,-1.2126699882800231,-0.5009823746165667,-3.563977902091458,0.4,1.5,1.4
1742293343.3961031,30.0,-96.0,282.0,,-0.9112597935627615,-0.4339999999999993,-3.0443069622104773,0.3,1.3333333333333333,1.5333333333333334
1742293343.4165082,32.0,-96.0,282.0,,-1.3332597935627621,-0.40450798212774064,-4.305650958746856,0.16666666666666666,1.3666666666666667,1.8333333333333333
1742293343.4368422,34.0,-97.0,281.0,,-1.8628777476013711,-0.3876823830480278,-5.197081150651899,0.1,1.3,1.9
1742293343.4570467,35.0,-98.0,281.0,,-2.164529754354805,-0.3617848406037627,-5.032130963884539,0.03333333333333333,0.9333333333333333,1.9
1742293343.477948,38.0,-98.0,282.0,,-2.586529754354805,-0.6866390729447085,-5.4591777196409765,-0.03333333333333333,0.5,2.1666666666666665
1742293343.498128,40.0,-99.0,282.0,,-2.3452226212383023,-0.31474645102495113,-5.8673749383515785,0.06666666666666667,0.5666666666666667,2.2666666666666666
1742293343.5219378,42.0,-99.0,282.0,,-3.3942226212383027,-0.06317124838039945,-6.200506628931545,0.13333333333333333,0.8333333333333334,2.1666666666666665
1742293343.542153,45.0,-100.0,282.0,,-3.88596405704976,-0.033717523440031094,-6.572339322884185,0.16666666666666666,0.8666666666666667,2.033333333333333
1742293343.562453,47.0,-101.0,282.0,,-4.4627626696215845,0.04242018711593687,-7.136409887323914,0.2,0.8,1.8333333333333333
1742293343.5826535,49.0,-102.0,283.0,,-4.908627963198634,0.2642990180146061,-6.818200463774966,0.1,0.6666666666666666,1.5
1742293343.602891,51.0,-102.0,283.0,,-5.2616279631986345,0.1421981181071148,-6.944861550307419,0.1,0.6333333333333333,1.1
1742293343.623102,52.0,-103.0,283.0,,-5.342570335543159,0.05461450711805682,-7.0327736795832925,0.03333333333333333,0.5,0.8
1742293343.6434,53.0,-103.0,283.0,,-5.087570335543159,-0.19661435356394286,-7.069795354548509,0.0,0.36666666666666664,0.7
1742293343.6639054,54.0,-104.0,283.0,,-5.077601074767526,-0.307456714818235,-6.85545612923875,-0.1,0.16666666666666666,0.8
1742293343.6841333,54.0,-104.0,283.0,,-5.077601074767526,-0.307456714818235,-6.85545612923875,-0.1,0.16666666666666666,0.8
1742293343.7043242,57.0,-106.0,285.0,,-3.6939772371549084,-1.6773582715446098,-3.9135913446580344,-0.6666666666666666,0.0,1.0333333333333334
1742293343.7247648,57.0,-106.0,285.0,,-3.6939772371549084,-1.6773582715446098,-3.9135913446580344,-0.6666666666666666,0.0,1.0333333333333334
1742293343.7458649,58.0,-108.0,288.0,,-4.5358644248554585,-3.0933518232945394,-4.836494460791803,-1.0666666666666667,-0.6333333333333333,2.1
1742293343.7665682,62.0,-111.0,293.0,,-6.207423983937549,1.0552841140539275,-10.075619134119432,0.2,-0.4666666666666667,1.8333333333333333
1742293343.7871144,62.0,-111.0,293.0,,-6.207423983937549,1.0552841140539275,-10.075619134119432,0.2,-0.4666666666666667,1.8333333333333333
1742293343.8073068,64.0,-111.0,294.0,,-6.08042398393755,0.44883040580517175,-9.606130451402928,0.6666666666666666,0.0,0.9333333333333333
1742293343.8274763,67.0,-110.0,293.0,,-6.738384609909762,-0.3331526123684405,-8.677517684784855,0.6333333333333333,-1.0666666666666667,0.9333333333333333
1742293343.8477683,67.0,-110.0,293.0,,-6.738384609909762,-0.3331526123684405,-8.677517684784855,0.6333333333333333,-1.0666666666666667,0.9333333333333333
1742293343.8680363,68.0,-108.0,293.0,,-6.800864424855458,0.5133263866998146,-7.733147144950733,0.36666666666666664,-1.0,0.7666666666666667
1742293343.8884492,69.0,-105.0,292.0,,-7.03473235589576,-0.3924239839375492,-7.113580869778703,0.03333333333333333,-0.1,0.3333333333333333
1742293343.9086356,69.0,-105.0,292.0,,-7.03473235589576,-0.3924239839375492,-7.113580869778703,0.03333333333333333,-0.1,0.3333333333333333
1742293343.9288394,70.0,-105.0,292.0,,-7.319732355895759,-0.7763846099097602,-7.3800870924294895,0.1,-0.3,0.4
1742293343.949021,71.0,-102.0,291.0,,-7.733627963198634,0.020462773370701015,-6.98821682708197,0.6666666666666666,-0.4666666666666667,0.1
1742293343.969244,71.0,-102.0,291.0,,-7.733627963198634,0.020462773370701015,-6.98821682708197,0.6666666666666666,-0.4666666666666667,0.1
1742293343.9895499,71.0,-97.0,286.0,,-7.991877747601371,0.08846277337070241,-5.8351212119663165,0.6666666666666666,0.13333333333333333,-0.26666666666666666
1742293344.0099392,71.0,-94.0,283.0,,-7.8851033330488765,-0.07753722662929796,-5.516162216466452,0.6,0.13333333333333333,-0.43333333333333335
1742293344.0330017,71.0,-94.0,283.0,,-7.8851033330488765,-0.07753722662929796,-5.516162216466452,0.6,0.13333333333333333,-0.43333333333333335
1742293344.053151,70.0,-90.0,279.0,,-7.497,0.18561539009023953,-5.252575906043326,0.36666666666666664,-0.43333333333333335,-0.5666666666666667
1742293344.0733316,70.0,-88.0,277.0,,-7.20602401305733,0.0286153900902395,-4.8939363321309575,0.26666666666666666,-0.7333333333333333,-0.6666666666666666
1742293344.0935345,70.0,-88.0,277.0,,-7.20602401305733,0.0286153900902395,-4.8939363321309575,0.26666666666666666,-0.7333333333333333,-0.6666666666666666
1742293344.1138747,68.0,-84.0,276.0,,-7.256259793562762,-0.09467361330018598,-6.259872831675261,-0.06666666666666667,-1.1333333333333333,-0.6
1742293344.1359296,68.0,-83.0,276.0,,-7.305877747601369,-0.1136736133001861,-7.372661652820705,-0.26666666666666666,-1.3666666666666667,-0.6666666666666666
1742293344.1561058,67.0,-82.0,277.0,,-7.361529754354805,0.1678473876315607,-8.840562230211487,-0.23333333333333334,-1.8,-0.9333333333333333
1742293344.1764407,66.0,-81.0,278.0,,-6.777222621238303,-0.3628809394739143,-8.717734382305252,0.03333333333333333,-1.9333333333333333,-1.1
1742293344.1966574,65.0,-79.0,278.0,,-6.207762669621584,-0.9678793908295358,-7.520240980112944,0.3333333333333333,-1.8,-0.9666666666666667
1742293344.2170122,64.0,-77.0,278.0,,-5.774570335543159,-0.973169594194828,-5.8282304224394395,0.5,-1.8,-0.7
1742293344.2373445,63.0,-74.0,277.0,,-5.586977237154908,-0.7787740022878893,-4.934086827876939,0.4666666666666667,-2.033333333333333,-0.4
1742293344.2575045,62.0,-71.0,276.0,,-5.353537226629298,-0.9837158859460731,-4.576631377999009,0.43333333333333335,-2.1666666666666665,-0.16666666666666666
1742293344.2777624,61.0,-67.0,275.0,,-5.29515261236844,-0.9420193270374728,-4.365882797756333,0.7666666666666667,-2.066666666666667,-0.0
1742293344.2980409,61.0,-63.0,274.0,,-5.211774002287889,-0.03901932703747235,-3.5652101941518897,0.9,-2.066666666666667,-0.16666666666666666
1742293344.3183775,60.0,-60.0,272.0,,-4.6227092111253425,-0.38670921112534273,-1.1451124694494939,0.5,-2.3,-0.5
1742293344.3387105,59.0,-56.0,271.0,,-3.416858586764959,-0.7798112198877227,-0.030151101415056558,0.26666666666666666,-2.3333333333333335,-0.6333333333333333
1742293344.3591385,58.0,-54.0,271.0,,-2.7204567148182344,-1.2793518232945393,-0.05098178980787321,0.13333333333333333,-2.1666666666666665,-0.5
1742293344.3796558,58.0,-51.0,271.0,,-1.6138018818928854,-1.4263518232945396,-0.07192431312460656,0.2,-1.6666666666666667,-0.16666666666666666
1742293344.3998508,57.0,-49.0,271.0,,-1.6087009819853941,-1.07935827154461,-0.08371566981327394,0.3,-1.3,-0.03333333333333333
1742293344.4200523,57.0,-47.0,271.0,,-1.7425798128840624,-1.0893582715446097,-0.13566352884870092,0.5333333333333333,-1.5333333333333334,-0.2
1742293344.4402778,56.0,-45.0,270.0,,-1.1907175234400302,-1.1218585867649589,-0.11382886351072496,0.4666666666666667,-1.4666666666666666,-0.26666666666666666
1742293344.461213,55.0,-43.0,270.0,,-1.0524039122131104,-0.5838815544750098,-0.0388448997487294,0.23333333333333334,-1.1666666666666667,-0.23333333333333334
1742293344.4814363,55.0,-42.0,270.0,,-1.2011712483803993,-0.6528815544750097,-0.039722166380603774,0.1,-1.5,-0.16666666666666666
1742293344.5016322,54.0,-41.0,270.0,,-0.49393907439687634,-0.8174567148182348,0.11824568080470499,0.5,-1.7666666666666666,0.1
1742293344.5218194,54.0,-39.0,270.0,,0.023366963801095153,-0.5624567148182349,0.24384144542780373,0.9333333333333333,-1.4333333333333333,0.2
1742293344.5423708,53.0,-36.0,269.0,,0.6268266750108378,-0.058614353563942956,0.3112334502388965,0.8666666666666667,-0.23333333333333334,0.03333333333333333
1742293344.5636,52.0,-35.0,268.0,,-0.26378484060376195,1.437614507118056,0.45703295396941757,0.5333333333333333,0.5333333333333333,-0.13333333333333333
1742293344.5837803,52.0,-35.0,267.0,,-1.0577848406037624,1.0556145071180563,0.3344374705028361,0.16666666666666666,0.06666666666666667,-0.2
1742293344.6038976,51.0,-35.0,267.0,,0.07921515939623802,-0.750801881892885,-0.03792698726819754,0.9666666666666667,-0.4,0.13333333333333333
1742293344.6241121,51.0,-35.0,267.0,,0.07921515939623802,-0.750801881892885,-0.03792698726819754,0.9666666666666667,-0.4,0.13333333333333333
1742293344.6443172,50.0,-34.0,266.0,,0.21131761695197238,0.8881040130028257,0.1477407390187948,1.3333333333333333,0.23333333333333334,0.06666666666666667
1742293344.6647274,49.0,-33.0,265.0,,-0.36190893349741593,1.4412990180146066,0.15525282170815924,0.4,0.6333333333333333,-0.0
1742293344.685532,49.0,-33.0,264.0,,-1.1959089334974156,0.6172990180146067,-0.11299061468946858,0.0,0.23333333333333334,-0.1
1742293344.7057455,48.0,-33.0,264.0,,-0.8429089334974158,0.6517492620667626,-0.09827949915440382,0.16666666666666666,-0.16666666666666666,-0.16666666666666666
1742293344.7261536,48.0,-34.0,265.0,,-0.10268238304802768,0.3777492620667626,-0.04542824799830969,0.2,0.7666666666666667,-0.3
1742293344.7465775,48.0,-34.0,265.0,,-0.10268238304802768,0.3777492620667626,-0.04542824799830969,0.2,0.7666666666666667,-0.3
1742293344.7667913,47.0,-35.0,265.0,,-0.7737848406037626,0.6594201871159369,-0.04068169593286397,0.3333333333333333,0.9,-0.3
1742293344.7879133,47.0,-37.0,265.0,,-0.9038053771215937,0.33642018711593735,-0.08677231076427727,0.2,0.03333333333333333,-0.16666666666666666
1742293344.810994,47.0,-37.0,265.0,,-0.9038053771215937,0.33642018711593735,-0.08677231076427727,0.2,0.03333333333333333,-0.16666666666666666
1742293344.8312259,46.0,-37.0,265.0,,-0.9918053771215938,0.3262765586778329,-0.1308803700949821,0.5333333333333333,0.16666666666666666,-0.03333333333333333
1742293344.8514373,45.0,-37.0,266.0,,-1.109805377121594,1.5352824765599689,0.2618029774186379,-0.13333333333333333,0.0,-0.23333333333333334
1742293344.8720255,45.0,-37.0,266.0,,-1.109805377121594,1.5352824765599689,0.2618029774186379,-0.13333333333333333,0.0,-0.23333333333333334
1742293344.892455,45.0,-38.0,266.0,,-2.108639072944708,0.4562824765599691,-0.2988733694094452,-0.5,-0.36666666666666664,-0.4666666666666667
1742293344.9160018,45.0,-40.0,270.0,,-0.2857464510249512,-1.3187175234400303,-0.35425931703008295,-2.566666666666667,-0.9333333333333333,-3.2333333333333334
1742293344.9362302,44.0,-43.0,276.0,,-0.6894039122131099,-0.44159861420276325,-0.19078756916175088,-4.033333333333333,-0.8333333333333334,-3.2
1742293344.956428,44.0,-46.0,282.0,,-0.7327234413221673,0.7744013857972369,0.02151104938891013,-1.4666666666666666,-0.5666666666666667,-1.3666666666666667
1742293344.976627,45.0,-49.0,287.0,,-0.9417009819853943,-0.38671752344003085,-0.077945351378365,-0.6666666666666666,-0.7666666666666667,-0.7
1742293344.9968243,44.0,-50.0,289.0,,-0.03389598699717489,-0.7745986142027634,0.0026156877216059193,-0.2,-0.6333333333333333,-0.36666666666666664
1742293345.017078,44.0,-50.0,290.0,,0.1921040130028251,-0.19659861420276314,0.10083726337376708,-0.1,0.0,0.3333333333333333
1742293345.03769,44.0,-50.0,290.0,,0.1921040130028251,-0.19659861420276314,0.10083726337376708,-0.1,0.0,0.3333333333333333
1742293345.057899,45.0,-50.0,290.0,,-0.3078959869971749,0.937282476559969,0.09611459045316928,-0.16666666666666666,0.3,0.6666666666666666
1742293345.0781267,45.0,-50.0,290.0,,-0.3078959869971749,0.937282476559969,0.09611459045316928,-0.16666666666666666,0.3,0.6666666666666666
1742293345.0983267,45.0,-50.0,290.0,,-0.3078959869971749,0.937282476559969,0.09611459045316928,-0.16666666666666666,0.3,0.6666666666666666
1742293345.1188636,47.0,-50.0,290.0,,-2.435895986997175,0.03242018711593708,-0.1586449119675024,-0.36666666666666664,-1.0333333333333334,0.13333333333333333
1742293345.1396875,47.0,-50.0,290.0,,-1.847895986997175,0.4544201871159368,-0.01747144179261584,-0.23333333333333334,-1.6,0.1
1742293345.1598892,47.0,-49.0,291.0,,-1.2857009819853937,0.6204201871159372,0.14736476462403392,0.1,-1.6666666666666667,0.1
1742293345.1800833,47.0,-47.0,291.0,,-0.8305798128840625,0.8564201871159378,0.42042234246725396,0.7666666666666667,-1.4666666666666666,-0.0
1742293345.201154,47.0,-45.0,290.0,,-1.5047175234400303,-0.6055798128840628,0.1879757643200719,2.033333333333333,-1.7333333333333334,-0.23333333333333334
1742293345.2218196,45.0,-42.0,288.0,,-0.8091712483803999,4.40828247655997,0.9938190685545805,1.5666666666666667,-2.2333333333333334,-0.8
1742293345.2423499,45.0,-40.0,289.0,,-2.6097464510249506,0.5052824765599695,0.9534536890796428,-4.433333333333334,-3.066666666666667,-0.13333333333333333
1742293345.262557,45.0,-37.0,289.0,,-1.2758053771215936,0.16228247655996952,0.20775786673210295,-1.2,-3.5,0.1
1742293345.2827833,48.0,-36.0,293.0,,-0.9321733249891624,-0.30925073793323765,0.06218365410415938,-2.566666666666667,-3.966666666666667,-0.16666666666666666
1742293345.3032427,50.0,-33.0,295.0,,-0.47990893349741537,-0.5628959869971748,-0.13403784237120409,-1.6666666666666667,-3.9,-0.7
1742293345.3234437,51.0,-31.0,298.0,,-0.22852351486763212,-0.9268018818928851,-0.19774521126757882,-1.1333333333333333,-3.533333333333333,-1.0666666666666667
1742293345.3438463,52.0,-29.0,301.0,,-0.06898237461656631,-0.7003854928819431,-0.02787383325688797,-1.2333333333333334,-3.3333333333333335,-1.2666666666666666
1742293345.3643749,53.0,-28.0,304.0,,0.14948396907041062,-1.2656143535639428,-0.10419008533931962,-1.4333333333333333,-3.7666666666666666,-1.3
1742293345.3845787,53.0,-27.0,308.0,,0.7823531975550457,-1.4516143535639427,0.03406666838535166,-1.5333333333333334,-4.2,-1.2
1742293345.4050307,54.0,-26.0,312.0,,1.7495790499991504,-1.7104567148182346,-0.024492883104363372,-1.6666666666666667,-4.266666666666667,-1.2666666666666666
1742293345.4255757,55.0,-26.0,317.0,,2.6415790499991507,-2.3488815544750095,0.12489862893599923,-1.4666666666666666,-3.8,-1.3666666666666667
1742293345.4489875,56.0,-27.0,326.0,,3.371353197555046,-2.9368585867649593,0.3271391314943042,-0.36666666666666664,-1.4666666666666666,-1.3666666666666667
1742293345.4692073,56.0,-27.0,326.0,,3.371353197555046,-2.9368585867649593,0.3271391314943042,-0.36666666666666664,-1.4666666666666666,-1.3666666666666667
1742293345.4894161,56.0,-28.0,330.0,,3.121483969070411,-2.033858586764959,0.45449352558760836,-0.06666666666666667,-0.2,-1.1666666666666667
1742293345.5096016,55.0,-32.0,335.0,,1.1944920178722596,-1.7798815544750095,0.1362008355767781,-0.6333333333333333,0.3,-0.6
1742293345.5300786,55.0,-32.0,335.0,,1.1944920178722596,-1.7798815544750095,0.1362008355767781,-0.6333333333333333,0.3,-0.6
1742293345.5520205,55.0,-34.0,336.0,,0.7303176169519725,-1.9368815544750095,-0.09608146172070464,-0.8666666666666667,0.03333333333333333,-0.36666666666666664
1742293345.5727518,56.0,-37.0,340.0,,-0.4918053771215938,-1.5048585867649589,-0.24410001925107272,-0.6333333333333333,-0.36666666666666664,0.03333333333333333
1742293345.5934436,56.0,-37.0,340.0,,-0.4918053771215938,-1.5048585867649589,-0.24410001925107272,-0.6333333333333333,-0.36666666666666664,0.03333333333333333
1742293345.6136584,57.0,-40.0,344.0,,-1.3447464510249505,-1.0893582715446097,-0.16866392338314107,-0.3,0.0,-0.1
1742293345.6344535,57.0,-42.0,345.0,,-1.5541712483804,-0.9713582715446094,-0.1355149332919039,-0.1,0.2,-0.06666666666666667
1742293345.6550133,57.0,-42.0,345.0,,-1.5541712483804,-0.9713582715446094,-0.1355149332919039,-0.1,0.2,-0.06666666666666667
1742293345.6753697,56.0,-46.0,348.0,,-1.654723441322167,-0.8078585867649588,-0.03031019444543892,0.26666666666666666,1.0,-0.06666666666666667
1742293345.6958826,55.0,-48.0,349.0,,-2.1432507379332373,-0.45588155447500966,0.08047775785062505,-0.06666666666666667,1.1,-0.26666666666666666
1742293345.7160764,55.0,-51.0,350.0,,-2.1428018818928853,-0.5058815544750095,0.09486349688227369,-0.36666666666666664,1.2,-0.16666666666666666
1742293345.7362704,55.0,-54.0,352.0,,-1.0724567148182347,-0.6528815544750097,0.19916679930001413,-0.6333333333333333,2.466666666666667,0.03333333333333333
1742293345.7568624,55.0,-58.0,353.0,,-1.975351823294539,-1.2798815544750095,-0.040926172244966974,-0.4666666666666667,3.466666666666667,0.06666666666666667
1742293345.7770593,55.0,-63.0,355.0,,-3.0347740022878886,-1.3288815544750099,-0.17511267420901078,0.03333333333333333,4.033333333333333,-0.1
1742293345.7972674,54.0,-68.0,355.0,,-2.9286736133001856,-0.7494567148182343,-0.03281433155135427,0.4,4.2,-0.5
1742293345.817581,54.0,-73.0,355.0,,-2.5083496559973772,-0.5624567148182349,0.08387830924929895,0.4,4.533333333333333,-0.7333333333333333
1742293345.83775,53.0,-78.0,355.0,,-2.329627963198634,-0.8236143535639426,0.08756592851399447,0.36666666666666664,5.133333333333334,-0.7
1742293345.8581293,52.0,-84.0,355.0,,-3.1962597935627626,-0.9063854928819435,-0.031194131095096944,0.4,5.333333333333333,-0.7333333333333333
1742293345.87831,50.0,-90.0,354.0,,-3.5150000000000006,-0.9848959869971745,-1.2205548822034409,0.5333333333333333,4.9,-0.8
1742293345.8986912,49.0,-95.0,353.0,,-3.3896699882800236,-0.9227009819853942,-3.512265304559783,0.6333333333333333,4.133333333333334,-0.8
1742293345.9189136,48.0,-99.0,353.0,,-2.531222621238302,-1.0052507379332374,-3.4155826346882145,0.7,3.6,-0.8333333333333334
1742293345.9393122,47.0,-103.0,351.0,,-1.7535703355431593,-1.3305798128840625,-2.6024128554285277,0.7666666666666667,3.6666666666666665,-0.8
1742293345.9596453,46.0,-106.0,350.0,,-1.987977237154908,-0.8407234413221669,-3.6159776005277253,0.8,3.8333333333333335,-0.7666666666666667
1742293345.9798303,45.0,-110.0,348.0,,-1.7953846099097621,-0.6617175234400303,-5.744341494246978,0.7666666666666667,3.8,-0.9666666666666667
1742293346.0000381,44.0,-113.0,347.0,,-1.79415261236844,-0.9025986142027635,-7.013610027450573,0.9333333333333333,3.7333333333333334,-1.1
1742293346.020214,43.0,-116.0,344.0,,-1.7081695941948283,-0.9544039122131105,-7.8637728270254055,1.3333333333333333,3.8333333333333335,-1.1333333333333333
1742293346.0407236,42.0,-118.0,342.0,,-2.1707158859460733,-0.5831712483803999,-8.746096232571514,1.6333333333333333,3.6666666666666665,-1.1666666666666667
1742293346.061685,42.0,-120.0,339.0,,-2.494709211125344,-0.3771712483803995,-8.82962821858818,1.7,3.0,-1.1
1742293346.081987,41.0,-122.0,336.0,,-2.3383518232945395,-0.32693907439687653,-9.402899854094663,1.3666666666666667,2.1,-1.0333333333333334
1742293346.1022384,41.0,-122.0,333.0,,-1.975351823294539,-0.5239390743968766,-9.03644312069641,1.2,1.5333333333333334,-0.8666666666666667
1742293346.1224432,41.0,-122.0,331.0,,-1.701351823294539,-0.7199390743968763,-8.458092540935304,1.0333333333333334,1.2,-0.6333333333333333
1742293346.142645,41.0,-122.0,329.0,,-2.044351823294539,-0.44493907439687685,-8.770480222313836,1.1666666666666667,1.1666666666666667,-0.4
1742293346.1629574,41.0,-122.0,327.0,,-2.6523518232945396,-0.08193907439687642,-9.084079895903255,1.2,0.5333333333333333,-0.4
1742293346.185146,42.0,-121.0,325.0,,-2.564811219887722,-0.2891712483803994,-9.094458858326785,1.2333333333333334,-0.26666666666666666,-0.6
1742293346.2053516,42.0,-119.0,323.0,,-2.060019327037475,-0.6811712483803998,-7.482686085038315,1.1333333333333333,-1.1,-0.5
1742293346.2255375,42.0,-113.0,319.0,,-2.5291526123684394,-0.8671712483803997,-7.441545944501678,1.5666666666666667,-1.2,-0.16666666666666666
1742293346.245746,42.0,-113.0,319.0,,-2.5291526123684394,-0.8671712483803997,-7.441545944501678,1.5666666666666667,-1.2,-0.16666666666666666
1742293346.2662241,43.0,-110.0,316.0,,-3.678384609909762,-0.7684039122131106,-7.48210799242322,1.9,-2.2,-0.16666666666666666
1742293346.286688,44.0,-99.0,311.0,,-3.3162226212383024,-1.1765986142027636,-2.415073968257073,1.7,-4.766666666666667,-0.26666666666666666
1742293346.3070648,44.0,-99.0,311.0,,-3.3162226212383024,-1.1765986142027636,-2.415073968257073,1.7,-4.766666666666667,-0.26666666666666666
1742293346.3272479,44.0,-91.0,308.0,,-3.0235058894841984,-1.4025986142027635,-0.7069878614351583,1.8666666666666667,-4.866666666666666,-0.3333333333333333
1742293346.3474216,42.0,-77.0,303.0,,-3.077570335543159,0.6918287516196004,0.04405104204468824,0.8333333333333334,-4.766666666666667,-0.7333333333333333
1742293346.3676312,42.0,-77.0,303.0,,-3.077570335543159,0.6918287516196004,0.04405104204468824,0.8333333333333334,-4.766666666666667,-0.7333333333333333
1742293346.387913,41.0,-70.0,301.0,,-3.15938460990976,1.036060925603124,0.1460813205127134,-0.2,-5.3,-0.7666666666666667
1742293346.4082365,40.0,-59.0,303.0,,-2.1038112198877226,0.087253548975049,0.0921086995803444,-1.3333333333333333,-5.966666666666667,-1.1
1742293346.428472,40.0,-59.0,303.0,,-2.1038112198877226,0.087253548975049,0.0921086995803444,-1.3333333333333333,-5.966666666666667,-1.1
1742293346.4512527,40.0,-49.0,309.0,,-0.6187009819853939,0.2542535489750488,0.4533102720911959,-1.7333333333333334,-5.3,-1.3666666666666667
1742293346.47144,40.0,-45.0,312.0,,-0.0727175234400308,0.5482535489750493,0.5491927568201858,-1.7666666666666666,-4.433333333333334,-1.2
1742293346.491653,40.0,-45.0,312.0,,-0.0727175234400308,0.5482535489750493,0.5491927568201858,-1.7666666666666666,-4.433333333333334,-1.2
1742293346.5119982,41.0,-41.0,318.0,,0.8590609256031234,0.5060609256031237,1.269449841018285,-2.1333333333333333,-2.3,-0.5
1742293346.534372,42.0,-40.0,321.0,,-0.21674645102495038,-0.6121712483803998,0.12046563592433124,-2.033333333333333,-1.0666666666666667,-0.0
1742293346.5545886,42.0,-40.0,321.0,,-0.21674645102495038,-0.6121712483803998,0.12046563592433124,-2.033333333333333,-1.0666666666666667,-0.0
1742293346.5748281,46.0,-40.0,325.0,,-2.207746451024951,-0.27172344132216697,-0.3501895207815542,-1.3333333333333333,-1.3,0.16666666666666666
1742293346.5950317,47.0,-39.0,326.0,,-1.9776330361989052,0.6504201871159374,0.0939487660244609,-1.7333333333333334,-1.9333333333333333,0.23333333333333334
1742293346.6158097,49.0,-39.0,328.0,,-1.2816330361989046,0.32329901801460625,0.2998506726221475,-2.2,-2.1666666666666665,0.4
1742293346.6362686,51.0,-38.0,330.0,,-1.0686390729447082,-0.19180188189288483,0.09861352438828952,-2.1666666666666665,-1.1666666666666667,0.8
1742293346.65666,53.0,-38.0,332.0,,-1.1566390729447082,-0.14761435356394248,0.08906203054407147,-2.033333333333333,-0.16666666666666666,0.8333333333333334
1742293346.6768742,56.0,-39.0,334.0,,-2.291633036198905,-0.16085858676495857,-0.02888315985940526,-2.0,0.43333333333333335,0.7333333333333333
1742293346.6971755,58.0,-41.0,335.0,,-3.1219390743968765,-0.2393518232945393,-0.15509244324889693,-2.0,0.36666666666666664,0.6333333333333333
1742293346.717373,60.0,-43.0,337.0,,-3.23940391221311,-0.4847092111253435,-0.19404309359855132,-1.9333333333333333,0.26666666666666666,0.7333333333333333
1742293346.737559,63.0,-46.0,340.0,,-3.654723441322167,-0.7297740022878898,-0.20547291577871896,-1.7,0.2,0.8333333333333334
1742293346.7578921,65.0,-49.0,343.0,,-4.070700981985394,-0.4678793908295358,-0.11541893025689465,-1.4333333333333333,0.13333333333333333,0.6666666666666666
1742293346.778333,66.0,-52.0,346.0,,-4.407385492881943,-0.25488093947391377,-0.059554559736796575,-1.2333333333333334,0.13333333333333333,0.4666666666666667
1742293346.798585,68.0,-55.0,349.0,,-4.60488155447501,-0.4176736133001846,-0.052038983346618384,-1.1666666666666667,0.26666666666666666,0.4
1742293346.8188698,69.0,-58.0,352.0,,-4.96635182329454,-0.559423983937549,-0.07783525651433898,-0.9333333333333333,0.43333333333333335,0.4
1742293346.8397892,69.0,-58.0,352.0,,-4.96635182329454,-0.559423983937549,-0.07783525651433898,-0.9333333333333333,0.43333333333333335,0.4
1742293346.8602378,70.0,-64.0,358.0,,-5.945169594194828,-0.5303846099097598,-0.05812166230446658,-0.06666666666666667,0.0,0.1
1742293346.8804336,71.0,-66.0,359.0,,-6.206880939473915,-0.46053722662929886,-0.054299096366340005,0.4666666666666667,-0.3333333333333333,-0.06666666666666667
1742293346.900665,70.0,-66.0,359.0,,-6.020880939473915,-0.16838460990975967,-0.02712375312834303,0.6333333333333333,-0.5,-0.16666666666666666
1742293346.9209638,70.0,-64.0,358.0,,-5.513169594194828,-0.3643846099097612,-0.0355772298400967,0.6,-0.4666666666666667,-0.2
1742293346.9411793,69.0,-63.0,357.0,,-5.466774002287889,-0.27442398393754885,-0.03393100946421468,0.7,-0.26666666666666666,-0.2
1742293346.964951,69.0,-61.0,356.0,,-5.551019327037473,-0.5104239839375495,-0.08827179349153491,0.8666666666666667,-0.4,-0.3333333333333333
1742293346.9853938,68.0,-60.0,355.0,,-5.427709211125343,-0.5056736133001856,-0.0997439953923247,1.1,-0.5666666666666667,-0.3333333333333333
1742293347.005624,67.0,-58.0,353.0,,-5.03535182329454,-0.5191526123684405,-0.10058513834365135,1.2,-0.5333333333333333,-0.23333333333333334
1742293347.0258362,66.0,-56.0,352.0,,-4.9958585867649585,-0.37188093947391465,-0.09222471583408653,1.2666666666666666,-0.4666666666666667,-0.2
1742293347.046033,65.0,-54.0,350.0,,-4.671456714818234,-0.05587939082953497,-0.02504874232355503,1.2,-0.6,-0.26666666666666666
1742293347.066336,63.0,-50.0,347.0,,-4.073895986997175,-0.12177400228788926,0.028252010308883246,0.6333333333333333,-0.26666666666666666,-0.03333333333333333
1742293347.086731,63.0,-50.0,347.0,,-4.073895986997175,-0.12177400228788926,0.028252010308883246,0.6333333333333333,-0.26666666666666666,-0.03333333333333333
1742293347.1069527,62.0,-49.0,346.0,,-4.0807009819853945,-0.12071588594607263,-0.004679727623920105,0.6,-0.16666666666666666,-0.1
1742293347.127611,61.0,-48.0,346.0,,-4.094250737933237,-0.19601932703747238,-0.061532799509576463,0.6,-0.2,-0.16666666666666666
1742293347.1478739,61.0,-48.0,345.0,,-4.0162507379332375,-0.38301932703747354,-0.09540028605281137,0.6333333333333333,-0.23333333333333334,-0.16666666666666666
1742293347.1685424,60.0,-47.0,344.0,,-3.6355798128840626,-0.10270921112534204,-0.014917216215597495,0.6333333333333333,-0.2,-0.1
1742293347.189161,59.0,-46.0,343.0,,-3.370723441322167,0.10218878011227694,0.15871117499660325,0.13333333333333333,0.1,-0.0
1742293347.2093663,59.0,-46.0,343.0,,-3.370723441322167,0.10218878011227694,0.15871117499660325,0.13333333333333333,0.1,-0.0
1742293347.2295756,59.0,-46.0,343.0,,-3.507723441322167,-0.1718112198877222,-0.003582218454166952,0.06666666666666667,0.16666666666666666,0.03333333333333333
1742293347.2498834,58.0,-47.0,343.0,,-3.802579812884063,-0.13135182329453876,-0.09116276584059957,0.16666666666666666,0.13333333333333333,-0.0
1742293347.2702148,58.0,-47.0,343.0,,-3.802579812884063,-0.13135182329453876,-0.09116276584059957,0.16666666666666666,0.13333333333333333,-0.0
1742293347.2905586,58.0,-48.0,343.0,,-3.8782507379332376,-0.13135182329453876,-0.08192547801805938,0.2,0.06666666666666667,-0.0
1742293347.3109653,58.0,-47.0,342.0,,-3.488579812884063,-0.1223518232945402,-0.03624835144180194,0.2,0.0,0.03333333333333333
1742293347.332097,58.0,-47.0,342.0,,-3.488579812884063,-0.1223518232945402,-0.03624835144180194,0.2,0.0,0.03333333333333333
1742293347.35235,58.0,-46.0,342.0,,-3.605723441322167,-0.3283518232945397,-0.11486577803592368,0.2,0.0,0.03333333333333333
1742293347.3725576,57.0,-46.0,341.0,,-3.762723441322167,-0.11835827154460965,-0.10476562838908166,0.3,0.0,-0.0
1742293347.392883,57.0,-46.0,341.0,,-3.762723441322167,-0.11835827154460965,-0.10476562838908166,0.3,0.0,-0.0
1742293347.4130392,57.0,-45.0,340.0,,-3.5547175234400306,-0.15735827154460935,-0.0815518353402549,0.43333333333333335,-0.13333333333333333,-0.0
1742293347.4332297,57.0,-44.0,339.0,,-3.4515986142027635,-0.20635827154460884,-0.0814788592284108,0.4666666666666667,-0.06666666666666667,-0.0
1742293347.453711,57.0,-44.0,339.0,,-3.4515986142027635,-0.20635827154460884,-0.0814788592284108,0.4666666666666667,-0.06666666666666667,-0.0
1742293347.4744327,56.0,-42.0,338.0,,-3.2801712483804,-0.0038585867649594263,-0.0016523449302674464,0.4666666666666667,-0.13333333333333333,-0.0
1742293347.494823,56.0,-42.0,337.0,,-3.2111712483803996,-0.11185858676495819,0.0010740474712447323,0.36666666666666664,-0.16666666666666666,-0.0
1742293347.515297,55.0,-41.0,336.0,,-3.1319390743968767,-0.2798815544750095,-0.13269589925588576,0.5,-0.13333333333333333,-0.03333333333333333
1742293347.5354872,55.0,-40.0,335.0,,-3.0607464510249507,-0.17188155447500986,-0.07662001824811249,0.5666666666666667,-0.1,-0.03333333333333333
1742293347.555897,54.0,-39.0,335.0,,-2.928633036198905,-0.14145671481823463,-0.05617977012790121,0.5333333333333333,-0.16666666666666666,-0.06666666666666667
1742293347.5771909,54.0,-38.0,334.0,,-2.814639072944708,-0.33745671481823436,-0.09918283363303715,0.5666666666666667,-0.2,-0.03333333333333333
1742293347.5977087,53.0,-37.0,333.0,,-2.648805377121594,-0.11761435356394312,-0.02307662334843741,0.6333333333333333,-0.16666666666666666,-0.0
1742293347.6188827,53.0,-36.0,332.0,,-2.541173324989162,-0.11761435356394312,0.039158593897174576,0.5666666666666667,-0.16666666666666666,-0.03333333333333333
1742293347.6390746,52.0,-35.0,332.0,,-2.4697848406037624,-0.08238549288194363,0.033528806773150066,0.5666666666666667,-0.16666666666666666,-0.06666666666666667
1742293347.6592996,52.0,-35.0,331.0,,-2.5587848406037623,-0.2093854928819434,-0.044862302945555044,0.5666666666666667,-0.23333333333333334,-0.13333333333333333
1742293347.6823423,51.0,-34.0,330.0,,-2.5156823830480275,-0.33880188189288507,-0.2541509716998389,0.6666666666666666,-0.26666666666666666,-0.16666666666666666
1742293347.7025511,50.0,-33.0,330.0,,-2.450908933497416,-0.37689598699717486,-0.3676092331870544,0.8666666666666667,-0.3,-0.23333333333333334
1742293347.7227676,49.0,-32.0,329.0,,-2.61050798212774,-0.48170098198539435,-0.5381338331027008,1.1333333333333333,-0.4,-0.36666666666666664
1742293347.7429485,48.0,-33.0,329.0,,-3.0099089334974156,-0.6422507379332378,-0.7386103495002221,1.5,-0.6,-0.5666666666666667
1742293347.7631252,46.0,-33.0,329.0,,-2.8919089334974157,-0.48772344132216716,-0.6656104411151365,1.8,-0.9333333333333333,-0.7
1742293347.7833307,43.0,-33.0,328.0,,-2.342908933497416,0.006596087786889804,-0.3643347712449918,1.9333333333333333,-1.0666666666666667,-0.6
1742293347.8035583,41.0,-32.0,327.0,,-1.70850798212774,0.5750609256031236,-0.0602121162318916,1.9,-0.9333333333333333,-0.43333333333333335
1742293347.8239057,39.0,-32.0,326.0,,-1.4235079821277403,0.8563669638010953,0.2679697376147283,1.7666666666666666,-0.6,-0.4
1742293347.8440652,37.0,-31.0,325.0,,-1.6705235148676318,0.5671946228784064,0.25092533112086013,1.5333333333333334,-0.3333333333333333,-0.4
1742293347.864458,35.0,-31.0,324.0,,-2.2195235148676318,-0.01878484060376273,-0.23559958058065877,1.4666666666666666,-0.16666666666666666,-0.5
1742293347.8846672,33.0,-31.0,323.0,,-2.7195235148676318,-0.5289089334974157,-0.9067038322518224,1.6666666666666667,-0.3333333333333333,-0.6666666666666666
1742293347.9053347,29.0,-31.0,322.0,,-2.180523514867632,-0.07898237461656699,-0.30204565379514925,2.1333333333333333,-0.9333333333333333,-0.7333333333333333
1742293347.925829,29.0,-31.0,322.0,,-2.180523514867632,-0.07898237461656699,-0.30204565379514925,2.1333333333333333,-0.9333333333333333,-0.7333333333333333
1742293347.946004,27.0,-30.0,321.0,,-1.3359999999999994,0.4973531975550456,0.7228670086180848,1.8666666666666667,-0.9666666666666667,-0.6
1742293347.9690568,23.0,-29.0,320.0,,-1.7659823746165664,-0.08807237047977567,0.038264730529764535,1.3,-0.1,-0.3333333333333333
1742293347.989261,23.0,-29.0,320.0,,-1.7659823746165664,-0.08807237047977567,0.038264730529764535,1.3,-0.1,-0.3333333333333333
1742293348.009472,22.0,-28.0,319.0,,-2.135516030929589,-0.30289068141009734,-0.39461558355973025,1.3666666666666667,-0.06666666666666667,-0.4
1742293348.029837,19.0,-28.0,319.0,,-1.9485160309295892,-0.39982359522470734,-0.5604088468020159,1.6333333333333333,-0.36666666666666664,-0.5666666666666667
1742293348.0502229,19.0,-28.0,319.0,,-1.9485160309295892,-0.39982359522470734,-0.5604088468020159,1.6333333333333333,-0.36666666666666664,-0.5666666666666667
1742293348.0704348,15.0,-28.0,317.0,,-1.1445160309295894,-0.23501483245572885,0.46559952001570437,1.6333333333333333,0.0,-0.5
1742293348.0909111,13.0,-28.0,317.0,,-1.5075160309295894,-0.14876984311331576,0.6945547515211139,1.5333333333333334,0.2,-0.3333333333333333
1742293348.1111274,13.0,-28.0,317.0,,-1.5075160309295894,-0.14876984311331576,0.6945547515211139,1.5333333333333334,0.2,-0.3333333333333333
1742293348.131304,11.0,-28.0,316.0,,-1.5465160309295891,-0.42183624464390457,0.8884787091983242,0.7666666666666667,-0.1,-0.16666666666666666
1742293348.1514766,10.0,-28.0,315.0,,-1.615516030929589,-0.7724886229125867,0.5148085110470006,0.5666666666666667,-0.1,-0.16666666666666666
1742293348.1720738,10.0,-28.0,315.0,,-1.615516030929589,-0.7724886229125867,0.5148085110470006,0.5666666666666667,-0.1,-0.16666666666666666
1742293348.192299,9.0,-28.0,315.0,,-1.792516030929589,-1.0156221020446647,0.21688577395562625,0.7,-0.06666666666666667,-0.2
1742293348.2126098,8.0,-28.0,314.0,,-1.6935160309295894,-0.9542881204182421,0.2660875399514797,0.7333333333333333,-0.06666666666666667,-0.16666666666666666
1742293348.2329602,8.0,-28.0,314.0,,-1.6935160309295894,-0.9542881204182421,0.2660875399514797,0.7333333333333333,-0.06666666666666667,-0.16666666666666666
1742293348.2541516,6.0,-28.0,314.0,,-1.6445160309295894,-0.9774242246556806,0.5143877392857288,0.7666666666666667,-0.06666666666666667,-0.26666666666666666
1742293348.2743616,5.0,-28.0,314.0,,-1.4385160309295895,-0.5909978363545266,0.9868743498591552,0.5666666666666667,-0.23333333333333334,-0.2
1742293348.294578,5.0,-28.0,314.0,,-1.4385160309295895,-0.5909978363545266,0.9868743498591552,0.5666666666666667,-0.23333333333333334,-0.2
1742293348.3147528,4.0,-27.0,314.0,,-0.9636468024449538,-0.7533110074298692,1.193676887899171,0.1,-0.1,0.03333333333333333
1742293348.335311,4.0,-27.0,313.0,,-1.179646802444954,-0.9983110074298693,0.8624771654704428,0.0,-0.03333333333333333,0.1
1742293348.355707,5.0,-27.0,313.0,,-1.188646802444954,-1.1489978363545266,0.6181401698982807,-0.06666666666666667,-0.06666666666666667,0.16666666666666666
1742293348.3760614,5.0,-27.0,313.0,,-1.0816468024449541,-1.1789978363545266,0.5867845523270976,-0.03333333333333333,-0.03333333333333333,0.26666666666666666
1742293348.3962727,5.0,-27.0,312.0,,-0.953646802444954,-0.9239978363545267,0.6198417686472606,-0.03333333333333333,0.0,0.4666666666666667
1742293348.416727,6.0,-27.0,312.0,,-1.002646802444954,-0.9384242246556806,0.36069099285190553,-0.3333333333333333,-0.4,1.0
1742293348.4369693,7.0,-27.0,311.0,,0.01735319755504605,-1.2735382588044968,0.9385334456524319,-0.2,-0.03333333333333333,0.9666666666666667
1742293348.4573226,8.0,-27.0,310.0,,-0.44364680244495425,-1.394288120418242,0.718112383719772,-0.26666666666666666,0.26666666666666666,1.0333333333333334
1742293348.4776735,9.0,-27.0,309.0,,-0.6296468024449542,-1.1336221020446648,0.1060500816353862,-0.3333333333333333,0.23333333333333334,1.0666666666666667
1742293348.4979475,10.0,-27.0,308.0,,-0.23764680244495384,-1.1064886229125868,-0.10482534741304583,-0.4666666666666667,0.13333333333333333,1.2333333333333334
1742293348.5181472,11.0,-27.0,307.0,,0.35035319755504624,-1.0198362446439044,-0.3386878753499847,-0.7,0.06666666666666667,1.4666666666666666
1742293348.5383096,13.0,-27.0,306.0,,0.8803531975550456,-1.7767698431133157,-0.751409126597828,-0.7666666666666667,0.13333333333333333,1.4333333333333333
1742293348.5585449,14.0,-27.0,305.0,,0.5373531975550456,-2.1292537958327404,-1.4493540300844714,-0.6333333333333333,0.06666666666666667,1.4333333333333333
1742293348.5789077,16.0,-26.0,304.0,,-0.055420950000849345,-2.607002460564762,-2.2027029481803044,-0.36666666666666664,-0.4,1.6333333333333333
1742293348.5991118,17.0,-25.0,303.0,,-0.47888514767626233,-2.290166423330048,-2.2057014294105715,0.06666666666666667,-1.1,2.0
1742293348.6209598,18.0,-24.0,301.0,,-1.2840864685736002,-2.8854567148182344,-1.924690102674881,0.4666666666666667,-1.7,2.533333333333333
1742293348.641144,19.0,-21.0,298.0,,-1.5845895850393958,-3.1658235952247074,-1.3778498845193248,0.8666666666666667,-1.8,2.7666666666666666
1742293348.663934,19.0,-18.0,294.0,,-2.875456714818234,-3.5468235952247076,-0.5933947678996017,0.8333333333333334,-1.5666666666666667,2.8
1742293348.6841433,19.0,-15.0,291.0,,-5.834014832455729,-5.331823595224707,1.1223456666390454,0.7666666666666667,-1.2666666666666666,2.8
1742293348.704329,19.0,-12.0,287.0,,-8.44361368692222,-6.351823595224707,3.302067467471293,1.1,-1.0333333333333334,2.6
1742293348.7245896,18.0,-9.0,284.0,,-9.173622102044664,-5.434456714818234,5.115549516103918,1.3333333333333333,-0.9333333333333333,2.0
1742293348.7447634,16.0,-6.0,279.0,,-12.08742422465568,-3.9200024605647616,8.197339104529615,1.1666666666666667,-0.06666666666666667,0.8333333333333334
1742293348.7653077,16.0,-6.0,279.0,,-12.08742422465568,-3.9200024605647616,8.197339104529615,1.1666666666666667,-0.06666666666666667,0.8333333333333334
1742293348.7855582,15.0,-5.0,278.0,,-12.955997836354527,-2.6760148324557287,8.748902562630487,1.4,0.8,0.2
1742293348.806246,11.0,-7.0,278.0,,-17.170538258804495,0.8831637553560954,10.867125198607761,2.0,2.0,-1.5333333333333334
1742293348.8268418,11.0,-7.0,278.0,,-17.170538258804495,0.8831637553560954,10.867125198607761,2.0,2.0,-1.5333333333333334
1742293348.8470232,9.0,-9.0,280.0,,-17.921622102044665,1.6813778979553353,11.791401021343322,1.3666666666666667,1.5333333333333334,-2.9
1742293348.867225,6.0,-10.0,288.0,,-8.940488622912588,-6.193424224655681,10.660981668550606,-1.4666666666666666,-3.9,-6.333333333333333
1742293348.8880808,6.0,-10.0,288.0,,-8.940488622912588,-6.193424224655681,10.660981668550606,-1.4666666666666666,-3.9,-6.333333333333333
1742293348.9086604,6.0,-7.0,295.0,,-2.264538258804497,-8.23342422465568,10.399247720728344,-2.4,-3.7,-6.1
1742293348.9288943,10.0,-4.0,309.0,,3.4526889925701303,-11.029488622912588,10.892862663589739,-3.1333333333333333,1.9333333333333333,-5.633333333333334
1742293348.9490619,10.0,-4.0,309.0,,3.4526889925701303,-11.029488622912588,10.892862663589739,-3.1333333333333333,1.9333333333333333,-5.633333333333334
1742293348.9717038,16.0,-11.0,323.0,,4.717163755356096,-14.894002460564762,7.797244133485156,-3.1,3.066666666666667,-5.2
1742293348.9921777,18.0,-16.0,330.0,,6.120997539435237,-14.995456714818236,5.038824818606717,-3.1,4.066666666666666,-4.766666666666667
1742293349.0125961,18.0,-16.0,330.0,,6.120997539435237,-14.995456714818236,5.038824818606717,-3.1,4.066666666666666,-4.766666666666667
1742293349.032969,22.0,-31.0,343.0,,0.7814764851323677,-12.716890681410097,0.04915527211506393,-4.866666666666666,5.366666666666666,-2.2333333333333334
1742293349.0533233,24.0,-39.0,350.0,,-1.7516330361989052,-12.473086468573602,-8.34677764263482,-4.933333333333334,4.0,-1.6333333333333333
1742293349.0751982,24.0,-39.0,350.0,,-1.7516330361989052,-12.473086468573602,-8.34677764263482,-4.933333333333334,4.0,-1.6333333333333333
1742293349.095609,28.0,-51.0,1.0,,-2.348801881892885,-9.244516030929589,-15.50980332882858,-2.966666666666667,0.6666666666666666,-1.1333333333333333
1742293349.1157918,29.0,-55.0,5.0,,-0.19188155447500943,-6.265982374616566,-16.431915368877576,-1.9666666666666666,0.7,-0.9666666666666667
1742293349.1360788,30.0,-58.0,8.0,,0.6326481767054606,-4.101999999999999,-17.518104682389442,-1.2,1.6,-0.5666666666666667
1742293349.1562567,30.0,-60.0,11.0,,-1.0437092111253428,-2.2479999999999993,-18.54887651662573,-0.6333333333333333,2.1,-0.0
1742293349.1764507,30.0,-63.0,12.0,,-4.7897740022878885,-0.8459999999999992,-19.286356428173864,-0.36666666666666664,1.1666666666666667,0.6
1742293349.19679,31.0,-64.0,12.0,,-7.367169594194828,-0.483523514867632,-19.234345321135535,-0.26666666666666666,-0.9,0.9333333333333333
1742293349.2169929,32.0,-64.0,12.0,,-7.3471695941948285,-0.8745079821277404,-17.251858686416057,0.36666666666666664,-3.033333333333333,0.7333333333333333
1742293349.2373188,33.0,-61.0,11.0,,-6.4730193270374725,-0.8129089334974156,-14.193941686828417,1.1666666666666667,-3.933333333333333,0.5333333333333333
1742293349.2574973,33.0,-56.0,9.0,,-5.3388585867649585,-1.1079089334974155,-11.167749710783298,1.7333333333333334,-4.066666666666666,0.4
1742293349.2776902,32.0,-50.0,7.0,,-4.220895986997174,-1.3555079821277403,-6.9851914295622795,2.1666666666666665,-3.933333333333333,0.43333333333333335
1742293349.2979941,31.0,-44.0,5.0,,-3.0795986142027636,-1.689523514867632,-0.13030782083148906,1.9333333333333333,-4.0,0.7666666666666667
1742293349.3189087,30.0,-38.0,2.0,,-1.6276390729447083,-3.0819999999999994,-1.791318670868625,1.9,-3.8,1.1
1742293349.3390892,28.0,-33.0,0.0,,-0.9799089334974154,-3.184516030929589,-2.4557138783868138,2.066666666666667,-3.1333333333333333,1.5
1742293349.3595614,27.0,-28.0,358.0,,-1.5275160309295894,-3.042646802444954,-2.254997095720695,2.3,-2.7333333333333334,1.8666666666666667
1742293349.3799086,26.0,-24.0,355.0,,-2.1380864685736,-3.0074209500008493,-1.0513098489915347,2.5,-2.533333333333333,2.1333333333333333
1742293349.4002945,24.0,-20.0,352.0,,-1.1302176060248104,-2.5690864685736,0.013840894595404052,2.2333333333333334,-2.2,2.1666666666666665
1742293349.4205034,22.0,-16.0,349.0,,-0.4300024605647619,-2.2148906814100973,1.085543327860865,1.8,-1.6333333333333333,2.2333333333333334
1742293349.4406927,21.0,-13.0,346.0,,-0.38376984311331563,-1.682589585039396,1.9883938819329288,1.4333333333333333,-1.3666666666666667,2.3333333333333335
1742293349.4611676,20.0,-11.0,343.0,,0.4221637553560955,-2.3662176060248106,0.9497254092261223,1.1333333333333333,-0.8666666666666667,2.4
1742293349.4839382,19.0,-9.0,340.0,,-0.38862210204466496,-3.6058235952247073,0.74840905380454,1.4666666666666666,-0.16666666666666666,2.4
1742293349.504401,18.0,-7.0,337.0,,-1.6265382588044968,-3.3454567148182344,2.232618691563946,1.9,-0.5333333333333333,2.6333333333333333
1742293349.5245988,16.0,-6.0,334.0,,-2.496424224655681,-2.283002460564762,3.892134826400076,2.066666666666667,-1.5666666666666667,2.966666666666667
1742293349.544831,14.0,-4.0,331.0,,-1.6653110074298692,-1.6682537958327406,3.8006322645076267,1.7666666666666666,-1.9,2.966666666666667
1742293349.5650206,13.0,-1.0,327.0,,-0.9462081071497512,-2.3437698431133156,3.2508101290252718,1.5333333333333334,-1.1666666666666667,2.8666666666666667
1742293349.5853221,9.0,2.0,320.0,,-3.7566359373484657,-3.976622102044665,5.0111475426986924,2.0,-1.2333333333333334,3.2333333333333334
1742293349.6055157,9.0,2.0,320.0,,-3.7566359373484657,-3.976622102044665,5.0111475426986924,2.0,-1.2333333333333334,3.2333333333333334
1742293349.6257915,6.0,4.0,316.0,,-4.493688992570131,-4.70242422465568,6.059047239933252,2.1666666666666665,-2.1,3.3666666666666667
1742293349.645942,4.0,6.0,313.0,,-4.711575775344319,-5.8233110074298695,6.753028553123793,2.2,-2.5,3.3666666666666667
1742293349.6664717,1.0,9.0,309.0,,-5.585377897955335,-7.359208107149751,8.022579771857531,2.1666666666666665,-2.533333333333333,3.3666666666666667
1742293349.6870108,-1.0,12.0,306.0,,-6.71738631307778,-8.124791892850249,10.00657709681864,2.1333333333333333,-2.7333333333333334,3.566666666666667
1742293349.7072308,-1.0,12.0,306.0,,-6.71738631307778,-8.124791892850249,10.00657709681864,2.1333333333333333,-2.7333333333333334,3.566666666666667
1742293349.727431,-10.0,18.0,295.0,,-8.510543285181765,-4.876511377087414,11.474525235511631,0.03333333333333333,-0.9,2.7666666666666666
1742293349.7476368,-10.0,18.0,295.0,,-8.510543285181765,-4.876511377087414,11.474525235511631,0.03333333333333333,-0.9,2.7666666666666666
1742293349.767932,-10.0,19.0,292.0,,-9.054176404775292,-4.190511377087414,11.533554250707041,-1.3,-0.5333333333333333,1.8666666666666667
1742293349.7881417,-10.0,19.0,290.0,,-9.300176404775293,-4.052511377087414,11.565109499652383,-2.1666666666666665,-0.4,1.2666666666666666
1742293349.8084817,-8.0,19.0,287.0,,-8.809176404775293,-4.175711879581758,11.461895334791736,-3.2,0.2,0.7
1742293349.828688,-1.0,18.0,283.0,,-8.069543285181766,-6.869791892850249,8.774958803105093,-5.3,1.3333333333333333,-0.26666666666666666
1742293349.8488734,-1.0,18.0,283.0,,-8.069543285181766,-6.869791892850249,8.774958803105093,-5.3,1.3333333333333333,-0.26666666666666666
1742293349.8690717,4.0,17.0,282.0,,-7.771833576669953,-8.657311007429868,7.106410864063205,-5.766666666666667,1.6333333333333333,-0.6666666666666666
1742293349.8901906,17.0,14.0,280.0,,-4.19674620416726,-11.164166423330048,2.508606107491685,-5.866666666666666,1.2333333333333334,-1.1666666666666667
1742293349.9103997,17.0,14.0,280.0,,-4.19674620416726,-11.164166423330048,2.508606107491685,-5.866666666666666,1.2333333333333334,-1.1666666666666667
1742293349.9306686,30.0,11.0,280.0,,-3.0311637553560953,-11.309,-0.41942956267778886,-4.7,2.2,-1.1333333333333333
1742293349.9521885,35.0,9.0,280.0,,-3.653377897955335,-10.088784840603761,-0.3126772562884276,-4.033333333333333,2.6333333333333333,-0.8333333333333334
1742293349.9723623,35.0,9.0,280.0,,-3.653377897955335,-10.088784840603761,-0.3126772562884276,-4.033333333333333,2.6333333333333333,-0.8333333333333334
1742293349.9925146,45.0,3.0,281.0,,-4.76258426925672,-8.740717523440031,-7.276607519172246,-3.3666666666666667,1.5666666666666667,-0.7333333333333333
1742293350.0128367,49.0,0.0,282.0,,-4.55,-8.305700981985394,-10.722856198080368,-3.2,0.5,-0.7
1742293350.033134,49.0,0.0,282.0,,-4.55,-8.305700981985394,-10.722856198080368,-3.2,0.5,-0.7
1742293350.0533342,55.0,-3.0,285.0,,-2.219415730743279,-7.95888155447501,-15.391627716024042,-1.8,-0.13333333333333333,-0.7666666666666667
1742293350.0736265,58.0,-4.0,287.0,,-1.9203110074298693,-7.22235182329454,-15.491115551721492,-0.7333333333333333,0.1,-0.6666666666666666
1742293350.094974,58.0,-4.0,287.0,,-1.9203110074298693,-7.22235182329454,-15.491115551721492,-0.7333333333333333,0.1,-0.6666666666666666
1742293350.1151648,59.0,-7.0,290.0,,-2.9015382588044965,-5.987811219887723,-14.138667413769006,0.8333333333333334,0.4,-0.3
1742293350.1353905,58.0,-8.0,290.0,,-3.258288120418242,-5.162351823294539,-13.141574476699367,1.3,0.1,-0.16666666666666666
1742293350.1555746,58.0,-8.0,290.0,,-3.258288120418242,-5.162351823294539,-13.141574476699367,1.3,0.1,-0.16666666666666666
1742293350.1759121,55.0,-7.0,290.0,,-4.461538258804497,-4.7318815544750095,-10.115470555650667,2.1,-1.2,-0.06666666666666667
1742293350.19895,52.0,-5.0,290.0,,-4.061997836354527,-5.368385492881943,-8.60965367778051,2.7666666666666666,-1.7333333333333334,-0.13333333333333333
1742293350.2191281,49.0,-3.0,289.0,,-3.377415730743279,-5.9237009819853945,-6.768457134028474,3.1666666666666665,-1.8333333333333333,-0.16666666666666666
1742293350.239348,46.0,-1.0,289.0,,-2.9462081071497512,-6.851723441322167,-1.8885452495995347,3.433333333333333,-2.066666666666667,-0.03333333333333333
1742293350.2595332,42.0,0.0,289.0,,-2.53,-7.3881712483804,-3.078928727470272,3.7,-2.3333333333333335,0.23333333333333334
1742293350.2797363,38.0,3.0,289.0,,-1.487584269256721,-7.667639072944708,-4.412025218447865,4.0,-1.9,0.7333333333333333
1742293350.300154,33.0,6.0,288.0,,-0.9265757753443193,-8.225908933497415,-3.1596464667523767,4.3,-0.6,0.9333333333333333
1742293350.3205028,28.0,8.0,288.0,,-1.537711879581758,-9.37151603092959,0.8555499338656318,4.7,-0.23333333333333334,0.7
1742293350.3419855,28.0,8.0,288.0,,-1.537711879581758,-9.37151603092959,0.8555499338656318,4.7,-0.23333333333333334,0.7
1742293350.3621898,17.0,10.0,287.0,,-1.7195113770874133,-6.810166423330048,6.918704659678021,4.3,-2.5,0.9
1742293350.3824518,12.0,12.0,287.0,,-0.1083863130777809,-5.46261368692222,9.016580367525497,4.133333333333334,-0.43333333333333335,1.4666666666666666
1742293350.4026406,7.0,13.0,287.0,,-1.3922301568866846,-4.019538258804497,10.04091509222386,3.6,1.9333333333333333,1.3666666666666667
1742293350.4229891,7.0,13.0,287.0,,-1.3922301568866846,-4.019538258804497,10.04091509222386,3.6,1.9333333333333333,1.3666666666666667
1742293350.4432547,0.0,11.0,286.0,,-3.7771637553560957,-4.031,10.346858204081634,1.7333333333333334,0.1,0.5
1742293350.4634526,-3.0,10.0,286.0,,-3.023511377087414,-4.075584269256721,10.295534358669293,1.0666666666666667,-0.36666666666666664,0.2
1742293350.4837725,-3.0,10.0,286.0,,-3.023511377087414,-4.075584269256721,10.295534358669293,1.0666666666666667,-0.36666666666666664,0.2
1742293350.504183,-5.0,9.0,285.0,,-3.2803778979553355,-2.2240021636454737,7.9188793994971665,-0.26666666666666666,2.2333333333333334,0.1
1742293350.5245743,-5.0,9.0,285.0,,-3.2803778979553355,-2.2240021636454737,7.9188793994971665,-0.26666666666666666,2.2333333333333334,0.1
1742293350.5449698,-5.0,6.0,285.0,,-4.270575775344319,-1.9010021636454733,5.790130722831478,-0.6333333333333333,1.6666666666666667,-0.16666666666666666
1742293350.5654786,-4.0,5.0,285.0,,-4.274002163645473,-2.3356889925701307,4.343995206334014,-0.7666666666666667,0.5666666666666667,-0.5333333333333333
1742293350.5858722,-4.0,4.0,286.0,,-4.0036889925701304,-2.6596889925701306,3.94641555092921,-0.4666666666666667,-0.3333333333333333,-0.8666666666666667
1742293350.6062663,-2.0,4.0,288.0,,-2.483688992570131,-1.5896359373484654,2.8781184452120616,-0.4,0.2,-0.7
1742293350.62645,-2.0,4.0,288.0,,-2.483688992570131,-1.5896359373484654,2.8781184452120616,-0.4,0.2,-0.7
1742293350.6466827,-2.0,4.0,289.0,,-3.8756889925701303,-0.7856359373484654,2.744724997475446,-0.5333333333333333,0.9333333333333333,-0.8333333333333334
1742293350.6668978,0.0,2.0,291.0,,-3.884635937348466,-0.667,0.8319298998212208,-1.3333333333333333,0.3333333333333333,-1.4666666666666666
1742293350.6872156,0.0,2.0,291.0,,-3.884635937348466,-0.667,0.8319298998212208,-1.3333333333333333,0.3333333333333333,-1.4666666666666666
1742293350.7074149,1.0,2.0,292.0,,-2.6096359373484654,-0.47520810714975126,-0.6379736454829921,-1.7666666666666666,0.16666666666666666,-1.6
1742293350.728912,5.0,1.0,296.0,,-0.5347918928502486,-1.1589978363545266,-4.128549100294023,-2.0,0.8,-1.6333333333333333
1742293350.7491567,5.0,1.0,296.0,,-0.5347918928502486,-1.1589978363545266,-4.128549100294023,-2.0,0.8,-1.6333333333333333
1742293350.7693481,7.0,0.0,298.0,,1.235,-2.0295382588044966,-5.495346118324691,-1.7,1.0,-1.6666666666666667
1742293350.7898173,11.0,-2.0,302.0,,5.265635937348465,-4.185836244643904,-2.419041326641512,-0.36666666666666664,0.5,-1.3
1742293350.8102973,11.0,-2.0,302.0,,5.265635937348465,-4.185836244643904,-2.419041326641512,-0.36666666666666664,0.5,-1.3
1742293350.831097,11.0,-3.0,304.0,,8.92958426925672,-5.146836244643905,0.04160210146250898,1.5666666666666667,-1.3333333333333333,-0.0
1742293350.851298,9.0,-2.0,304.0,,9.669635937348467,-5.721622102044665,0.78871174435581,1.9666666666666666,-2.2,0.9333333333333333
1742293350.8718083,9.0,-2.0,304.0,,9.669635937348467,-5.721622102044665,0.78871174435581,1.9666666666666666,-2.2,0.9333333333333333
1742293350.8923278,7.0,0.0,303.0,,9.766,-5.726538258804497,2.160546102408434,1.9,-2.3,2.033333333333333
1742293350.9149477,3.0,5.0,298.0,,2.8839978363545264,-5.858415730743279,5.377435985162666,1.8666666666666667,-1.4,3.6
1742293350.9351258,3.0,5.0,298.0,,2.8839978363545264,-5.858415730743279,5.377435985162666,1.8666666666666667,-1.4,3.6
1742293350.9554412,-1.0,8.0,291.0,,-1.4297118795817578,-4.476791892850248,8.846472635331882,0.4,-1.2333333333333334,3.6
1742293350.975636,-2.0,9.0,287.0,,-3.319377897955335,-4.5806359373484655,9.758686164961427,-0.36666666666666664,0.0,3.6
1742293350.9963143,-2.0,9.0,287.0,,-3.319377897955335,-4.5806359373484655,9.758686164961427,-0.36666666666666664,0.0,3.6
1742293351.0167122,-3.0,9.0,279.0,,-10.468377897955335,-4.3505842692567205,10.258297482921963,-0.8,1.6666666666666667,3.3333333333333335
1742293351.0399516,-2.0,7.0,275.0,,-14.024461741195504,-3.0406359373484655,10.307604057394064,-0.6333333333333333,1.7333333333333334,2.7333333333333334
1742293351.0601637,-2.0,5.0,271.0,,-17.189002163645473,-0.9716359373484655,10.108154793879779,-0.8333333333333334,1.5333333333333334,1.9
1742293351.0809863,-1.0,3.0,269.0,,-18.78558426925672,0.8662081071497512,9.295783845781745,-1.7333333333333334,0.8666666666666667,0.06666666666666667
1742293351.1029503,0.0,2.0,269.0,,-16.966635937348467,-0.02,7.726100589210071,-2.6,-0.16666666666666666,-1.2666666666666666
1742293351.123516,3.0,2.0,270.0,,-14.328635937348466,-2.5234157307432787,6.292301241289428,-2.6666666666666665,-1.1666666666666667,-2.5
1742293351.1439023,6.0,3.0,272.0,,-12.20558426925672,-4.30042422465568,6.3910861824264185,-2.066666666666667,-2.2,-3.566666666666667
1742293351.1642673,8.0,4.0,276.0,,-10.09268899257013,-4.778288120418242,6.3244296597480245,-1.5666666666666667,-2.6,-3.9
1742293351.1846051,11.0,6.0,280.0,,-7.516575775344319,-4.784836244643905,5.363290612708932,-1.5,-1.6333333333333333,-4.0
1742293351.2055216,16.0,6.0,289.0,,-7.64357577534432,-5.685002460564762,2.8366394681879807,-1.8666666666666667,0.8666666666666667,-4.833333333333333
1742293351.2257075,16.0,6.0,289.0,,-7.64357577534432,-5.685002460564762,2.8366394681879807,-1.8666666666666667,0.8666666666666667,-4.833333333333333
1742293351.2459402,18.0,4.0,295.0,,-7.4456889925701315,-7.003456714818235,1.3927129517511254,-2.066666666666667,0.13333333333333333,-5.266666666666667
1742293351.2661297,23.0,0.0,307.0,,-4.943,-7.589072370479776,-1.211986162009275,-1.4333333333333333,-0.16666666666666666,-5.666666666666667
1742293351.2889767,23.0,0.0,307.0,,-4.943,-7.589072370479776,-1.211986162009275,-1.4333333333333333,-0.16666666666666666,-5.666666666666667
1742293351.3091946,25.0,-2.0,315.0,,-3.0003640626515344,-8.038885147676261,-2.294049680379134,-1.5333333333333334,0.16666666666666666,-5.8
1742293351.3293943,27.0,-8.0,329.0,,-0.5812881204182421,-9.817646802444955,-1.4539240300615173,-1.8,-0.9333333333333333,-4.9
1742293351.3496242,27.0,-8.0,329.0,,-0.5812881204182421,-9.817646802444955,-1.4539240300615173,-1.8,-0.9333333333333333,-4.9
1742293351.3698254,28.0,-11.0,336.0,,1.0491637553560953,-10.05751603092959,-5.592022304472966,-1.2666666666666666,-1.4333333333333333,-4.3
1742293351.3929703,28.0,-13.0,348.0,,8.187230156886685,-12.715516030929589,-6.065643841757062,0.5666666666666667,-2.1666666666666665,-4.233333333333333
1742293351.4132152,28.0,-13.0,348.0,,8.187230156886685,-12.715516030929589,-6.065643841757062,0.5666666666666667,-2.1666666666666665,-4.233333333333333
1742293351.4333963,24.0,-11.0,357.0,,14.004163755356094,-11.6490864685736,0.6641579812206123,2.6333333333333333,-3.033333333333333,-0.9666666666666667
1742293351.4559426,24.0,-11.0,357.0,,14.004163755356094,-11.6490864685736,0.6641579812206123,2.6333333333333333,-3.033333333333333,-0.9666666666666667
1742293351.476122,18.0,-6.0,357.0,,17.77257577534432,-9.837456714818234,3.564152189934259,3.433333333333333,-0.9,1.7666666666666666
1742293351.4963067,14.0,-4.0,355.0,,15.260688992570131,-9.65925379583274,4.628568939770822,3.433333333333333,0.3,2.966666666666667
1742293351.5167274,11.0,-3.0,352.0,,11.969584269256721,-9.638836244643905,5.418277969546823,2.933333333333333,0.0,3.966666666666667
1742293351.5370412,11.0,-3.0,352.0,,11.969584269256721,-9.638836244643905,5.418277969546823,2.933333333333333,0.0,3.966666666666667
1742293351.5593603,5.0,0.0,341.0,,3.931,-9.964997836354526,10.842104921128131,2.566666666666667,-2.6666666666666665,5.066666666666666
1742293351.579611,2.0,3.0,335.0,,0.728415730743279,-7.618364062651534,10.398073237909568,1.3666666666666667,-2.3,5.4
1742293351.599821,0.0,5.0,329.0,,-1.8220021636454735,-7.443,10.49724437793109,-0.06666666666666667,-0.8,5.5
1742293351.620034,0.0,6.0,323.0,,-4.554575775344319,-8.679,10.913935408826834,-0.7666666666666667,0.9666666666666667,5.433333333333334
1742293351.640376,0.0,6.0,317.0,,-6.339575775344319,-8.728,11.11851794424276,-1.5333333333333334,1.7,5.233333333333333
1742293351.6605573,0.0,4.0,311.0,,-7.62168899257013,-8.885,11.259215282454084,-2.3,1.7666666666666666,5.066666666666666
1742293351.6810246,2.0,2.0,305.0,,-10.483635937348467,-8.432364062651533,10.808932703037321,-2.2666666666666666,2.3333333333333335,5.2
1742293351.7012353,4.0,0.0,299.0,,-12.052,-3.1363110074298692,9.845395506967664,-1.7666666666666666,3.2666666666666666,5.4
1742293351.7214313,7.0,-2.0,293.0,,-11.698364062651535,-2.127538258804497,9.655577041082566,-2.5,5.066666666666666,4.166666666666667
1742293351.7416523,10.0,-7.0,288.0,,-19.3275382588045,-6.410488622912586,10.318591353319235,-2.1666666666666665,4.866666666666666,3.3333333333333335
1742293351.762117,13.0,-11.0,284.0,,-19.905836244643904,-3.236769843113316,6.062514804200288,-2.6666666666666665,1.2666666666666666,2.066666666666667
1742293351.782916,17.0,-13.0,282.0,,-11.993769843113316,-1.035166423330048,3.1272546441159204,-3.6,-0.43333333333333335,1.3333333333333333
1742293351.803332,17.0,-13.0,282.0,,-11.993769843113316,-1.035166423330048,3.1272546441159204,-3.6,-0.43333333333333335,1.3333333333333333
1742293351.8235297,25.0,-13.0,281.0,,-4.922769843113316,-5.891885147676263,-1.876120581551195,-2.2666666666666666,0.9666666666666667,-0.06666666666666667
1742293351.8440742,28.0,-14.0,282.0,,-7.894253795832741,0.10048396907041113,-0.7600491893649735,-2.2333333333333334,2.2,-2.5
1742293351.8642688,30.0,-17.0,284.0,,-6.408166423330048,-1.1789999999999994,-1.8706641632675405,-2.466666666666667,2.1333333333333333,-0.13333333333333333
1742293351.8889606,32.0,-20.0,286.0,,-6.5522176060248105,-4.6115079821277405,-1.6715798365326562,-1.5666666666666667,0.4,-0.3333333333333333
1742293351.9091957,34.0,-22.0,287.0,,-5.537890681410097,-4.231682383048028,-3.125144449186185,0.1,-0.36666666666666664,-0.5333333333333333
1742293351.9294333,33.0,-23.0,290.0,,-4.745072370479776,-3.7549089334974157,-5.317264363903371,-0.6333333333333333,-0.43333333333333335,-1.6
1742293351.950024,33.0,-23.0,290.0,,-4.745072370479776,-3.7549089334974157,-5.317264363903371,-0.6333333333333333,-0.43333333333333335,-1.6
1742293351.97022,34.0,-24.0,294.0,,-1.0980864685736003,-5.1926823830480275,-3.975334334043712,-0.9,0.03333333333333333,-1.0333333333333334
1742293351.990405,34.0,-25.0,296.0,,0.7071148523237376,-5.162682383048027,-2.1224008681042887,-0.8666666666666667,0.5666666666666667,-0.8
1742293352.0113761,34.0,-25.0,296.0,,0.7071148523237376,-5.162682383048027,-2.1224008681042887,-0.8666666666666667,0.5666666666666667,-0.8
1742293352.0315506,36.0,-28.0,299.0,,2.7584839690704106,-3.364173324989162,0.10026384626529516,-1.2333333333333334,1.9666666666666666,-0.1
1742293352.052976,37.0,-30.0,300.0,,4.518000000000001,-2.9238053771215937,1.24645636893172,-0.8666666666666667,2.066666666666667,0.26666666666666666
1742293352.07317,37.0,-30.0,300.0,,4.518000000000001,-2.9238053771215937,1.24645636893172,-0.8666666666666667,2.066666666666667,0.26666666666666666
1742293352.0933466,39.0,-35.0,301.0,,5.198215159396237,3.259366963801095,5.04919044052115,-1.5,0.36666666666666664,0.5
1742293352.1139693,41.0,-36.0,301.0,,3.980826675010838,5.223060925603124,7.2175778357118014,-2.0,-0.5333333333333333,1.7
1742293352.134271,41.0,-36.0,301.0,,3.980826675010838,5.223060925603124,7.2175778357118014,-2.0,-0.5333333333333333,1.7
1742293352.1552534,43.0,-35.0,301.0,,2.355215159396238,7.97959608778689,8.537556136790279,-2.6666666666666665,-1.0333333333333334,2.066666666666667
1742293352.1754298,50.0,-33.0,300.0,,-4.4219089334974155,11.538104013002826,9.811926732730933,-2.1666666666666665,-0.5666666666666667,1.6666666666666667
1742293352.1964312,54.0,-31.0,300.0,,-6.945523514867632,9.841543285181764,7.968684101952069,-2.9,-0.5333333333333333,1.5
1742293352.2166338,57.0,-30.0,300.0,,-8.641,6.422641728455391,4.480148014959741,-3.533333333333333,-1.2333333333333334,1.4666666666666666
1742293352.2368348,62.0,-29.0,300.0,,-9.668982374616567,2.958284114053926,1.7252914378409594,-3.566666666666667,-2.5,1.4666666666666666
1742293352.2570493,66.0,-28.0,301.0,,-9.05751603092959,-0.5288809394739147,0.07278811046202138,-3.466666666666667,-3.6333333333333333,1.0333333333333334
1742293352.277834,70.0,-26.0,303.0,,-6.60542095000085,-4.6203846099097605,-1.715356668079039,-3.033333333333333,-3.3333333333333335,0.5
1742293352.2980678,74.0,-25.0,306.0,,-3.842885147676262,-7.763977237154908,-3.2055770002866084,-1.8666666666666667,-2.1333333333333333,-0.23333333333333334
1742293352.318902,76.0,-26.0,310.0,,-1.3984209500008493,-10.322601074767526,-2.1027291228293046,-0.5333333333333333,-0.7666666666666667,-1.1
1742293352.3391068,76.0,-30.0,316.0,,0.48800000000000043,-12.666601074767526,-2.5009357140976896,0.03333333333333333,-0.2,-1.3666666666666667
1742293352.3593376,76.0,-35.0,321.0,,2.786215159396238,-15.118601074767525,-1.560387060801419,-0.26666666666666666,-0.9,-0.6666666666666666
1742293352.379692,76.0,-37.0,324.0,,3.303194622878407,-15.735601074767526,-2.006750066013254,-0.5333333333333333,-2.0,0.4666666666666667
1742293352.4000175,76.0,-35.0,325.0,,1.3352151593962374,-13.990601074767525,-1.3682227830706046,0.0,-1.8666666666666667,1.1333333333333333
1742293352.4205163,77.0,-29.0,321.0,,-1.1189823746165666,-10.421570335543159,-0.7850515399757623,0.6666666666666666,0.26666666666666666,0.43333333333333335
1742293352.44072,77.0,-25.0,316.0,,-1.9798851476762622,-7.9615703355431595,-2.754046410177831,0.7333333333333333,1.5333333333333334,-0.23333333333333334
1742293352.4619157,76.0,-25.0,315.0,,-2.8328851476762624,-4.773601074767526,-1.246558500132225,0.1,1.6333333333333333,-0.3333333333333333
1742293352.483073,76.0,-26.0,315.0,,-4.967420950000849,0.914398925232474,0.14711103292861782,-0.26666666666666666,0.5,0.1
1742293352.50333,76.0,-26.0,315.0,,-4.967420950000849,0.914398925232474,0.14711103292861782,-0.26666666666666666,0.5,0.1
1742293352.524437,76.0,-26.0,315.0,,-4.967420950000849,0.914398925232474,0.14711103292861782,-0.26666666666666666,0.5,0.1
1742293352.5446153,79.0,-29.0,317.0,,-9.590982374616566,9.963237330378416,2.767286981960744,-0.7666666666666667,0.8,-0.6333333333333333
1742293352.5653195,79.0,-29.0,317.0,,-9.590982374616566,9.963237330378416,2.767286981960744,-0.7666666666666667,0.8,-0.6333333333333333
1742293352.5855727,79.0,-34.0,322.0,,-8.496682383048029,9.963237330378416,2.526252561062858,-0.8666666666666667,0.23333333333333334,-0.5333333333333333
1742293352.6060145,80.0,-41.0,328.0,,-6.994939074396877,9.93203594295024,2.3371468497549137,-1.0666666666666667,-0.16666666666666666,-0.3
1742293352.6268723,80.0,-47.0,334.0,,-6.037579812884063,8.568035942950239,1.8723689561788506,-1.1333333333333333,-0.26666666666666666,-0.13333333333333333
1742293352.648027,82.0,-59.0,347.0,,-6.742811219887722,0.7974702456451954,0.1693063676905615,-0.8,-0.13333333333333333,0.13333333333333333
1742293352.668202,82.0,-59.0,347.0,,-6.742811219887722,0.7974702456451954,0.1693063676905615,-0.8,-0.13333333333333333,0.13333333333333333
1742293352.688414,83.0,-65.0,353.0,,-7.234879390829536,-2.8048777476013687,-0.3093099678747291,-0.43333333333333335,-0.43333333333333335,0.3
1742293352.7089472,84.0,-67.0,357.0,,-6.79515261236844,-7.501259793562762,-1.6923540716509324,-0.13333333333333333,-0.5,0.2
1742293352.7300534,84.0,-67.0,357.0,,-6.79515261236844,-7.501259793562762,-1.6923540716509324,-0.13333333333333333,-0.5,0.2
1742293352.75196,85.0,-68.0,358.0,,-6.282673613300185,-9.704669988280024,-0.8440353347255274,-0.6,-0.1,-0.26666666666666666
1742293352.7728953,85.0,-73.0,3.0,,-6.509349655997378,-11.567669988280024,-3.880818254936226,-0.4666666666666667,0.2,-0.13333333333333333
1742293352.7931805,85.0,-73.0,3.0,,-6.509349655997378,-11.567669988280024,-3.880818254936226,-0.4666666666666667,0.2,-0.13333333333333333
1742293352.8134482,85.0,-79.0,9.0,,-7.208762669621585,-12.430669988280023,-6.230054823773892,-0.06666666666666667,-0.03333333333333333,0.1
1742293352.8338995,85.0,-79.0,9.0,,-7.208762669621585,-12.430669988280023,-6.230054823773892,-0.06666666666666667,-0.03333333333333333,0.1
1742293352.8567638,86.0,-68.0,358.0,,-9.438673613300185,-8.806103333048876,-3.680779684470173,0.4666666666666667,1.2666666666666666,-0.36666666666666664
1742293352.877161,86.0,-68.0,358.0,,-9.438673613300185,-8.806103333048876,-3.680779684470173,0.4666666666666667,1.2666666666666666,-0.36666666666666664
1742293352.8974054,85.0,-62.0,350.0,,-10.338715885946073,-0.32966998828002403,-1.168142373980125,0.4666666666666667,0.6666666666666666,-0.23333333333333334
1742293352.917748,84.0,-59.0,346.0,,-9.752811219887722,4.707740206437238,0.0795685507327128,0.36666666666666664,0.0,-0.2
1742293352.9380782,84.0,-59.0,346.0,,-9.752811219887722,4.707740206437238,0.0795685507327128,0.36666666666666664,0.0,-0.2
1742293352.9583895,83.0,-55.0,341.0,,-6.82088155447501,9.856122252398631,1.518535720614513,0.3333333333333333,0.06666666666666667,-0.5
1742293352.9801757,83.0,-55.0,341.0,,-6.82088155447501,9.856122252398631,1.518535720614513,0.3333333333333333,0.06666666666666667,-0.5
1742293353.0003812,82.0,-53.0,340.0,,-5.648614353563943,9.878470245645195,2.492902112194893,0.13333333333333333,0.1,-0.03333333333333333
1742293353.0207584,82.0,-52.0,339.0,,-5.250385492881943,9.878470245645195,2.7005070798949635,-0.13333333333333333,0.2,0.16666666666666666
1742293353.0409346,83.0,-52.0,338.0,,-5.221385492881943,8.924122252398632,2.2254150622097923,-0.4666666666666667,0.43333333333333335,0.3333333333333333
1742293353.0611382,83.0,-52.0,338.0,,-5.995385492881943,5.51112225239863,1.215946950695213,-0.43333333333333335,0.4666666666666667,0.4666666666666667
1742293353.0814507,84.0,-52.0,338.0,,-6.731385492881944,2.4027402064372385,0.5141626678084823,-0.16666666666666666,0.13333333333333333,0.5333333333333333
1742293353.101799,85.0,-50.0,335.0,,-7.044895986997175,-0.7716699882800242,-0.1261998773168993,0.03333333333333333,-0.16666666666666666,0.6
1742293353.1220033,86.0,-43.0,328.0,,-6.45640391221311,-3.589103333048876,-0.9896572858517414,0.03333333333333333,-0.26666666666666666,0.6333333333333333
1742293353.1422331,86.0,-33.0,318.0,,-5.528908933497416,-5.756103333048876,-1.7876335750108898,-0.23333333333333334,-0.3333333333333333,0.5333333333333333
1742293353.1624384,86.0,-33.0,318.0,,-5.528908933497416,-5.756103333048876,-1.7876335750108898,-0.23333333333333334,-0.3333333333333333,0.5333333333333333
1742293353.1839345,88.0,-14.0,300.0,,-1.6972537958327405,-9.92202401305733,-2.472554291199799,-0.6333333333333333,-0.16666666666666666,0.06666666666666667
1742293353.2041204,89.0,-6.0,293.0,,-0.45742422465568067,-11.3875058894842,-3.653446939055291,-0.3333333333333333,0.1,0.06666666666666667
1742293353.2243237,89.0,-6.0,293.0,,-0.45742422465568067,-11.3875058894842,-3.653446939055291,-0.3333333333333333,0.1,0.06666666666666667
1742293353.244562,89.0,-3.0,290.0,,-0.6804157307432791,-12.652505889484198,-2.7734105587599256,-0.2,0.2,-0.0
1742293353.2647629,89.0,0.0,285.0,,-0.892,-13.0445058894842,-1.9797510730314274,-0.13333333333333333,0.3,-0.03333333333333333
1742293353.2849581,90.0,0.0,286.0,,-1.559,-11.977,-3.1232525040617025,-0.2,0.5333333333333333,-0.23333333333333334
1742293353.3053863,90.0,-81.0,7.0,,-11.386222621238304,-10.281,-5.7500447199834674,-0.26666666666666666,0.9666666666666667,-0.6333333333333333
1742293353.3255928,87.0,-101.0,23.0,,-9.727762669621585,4.05944426405763,-2.8878375470228796,0.13333333333333333,-0.5,-0.6
1742293353.3460164,87.0,-101.0,23.0,,-9.727762669621585,4.05944426405763,-2.8878375470228796,0.13333333333333333,-0.5,-0.6
1742293353.3661845,86.0,-93.0,17.0,,-6.816555735942369,9.806896666951124,0.104036250446521,0.3333333333333333,-0.6666666666666666,-0.6
1742293353.3865504,86.0,-93.0,17.0,,-6.816555735942369,9.806896666951124,0.104036250446521,0.3333333333333333,-0.6666666666666666,-0.6
1742293353.4070272,85.0,-88.0,13.0,,-5.8040240130573295,9.820330011719976,0.5049296527275593,0.8333333333333334,0.13333333333333333,-0.7666666666666667
1742293353.4272244,83.0,-72.0,357.0,,-4.142864424855456,9.856122252398631,2.154392630336546,0.9666666666666667,-0.3333333333333333,-0.26666666666666666
1742293353.4475944,83.0,-72.0,357.0,,-4.142864424855456,9.856122252398631,2.154392630336546,0.9666666666666667,-0.3333333333333333,-0.26666666666666666
1742293353.4677944,83.0,-64.0,349.0,,-3.728169594194828,9.38512225239863,2.6835291767138676,0.4666666666666667,-0.5333333333333333,0.36666666666666664
1742293353.4880683,83.0,-53.0,339.0,,-5.413614353563943,3.3931222523986317,0.7515126245898531,-0.2,0.03333333333333333,0.8
1742293353.5085135,83.0,-53.0,339.0,,-5.413614353563943,3.3931222523986317,0.7515126245898531,-0.2,0.03333333333333333,0.8
1742293353.5287473,83.0,-53.0,339.0,,-5.413614353563943,3.3931222523986317,0.7515126245898531,-0.2,0.03333333333333333,0.8
1742293353.5489337,85.0,-32.0,318.0,,-5.992507982127741,-3.124669988280024,-0.4163012406665262,0.43333333333333335,-0.23333333333333334,0.6
1742293353.5691626,85.0,-32.0,318.0,,-5.992507982127741,-3.124669988280024,-0.4163012406665262,0.43333333333333335,-0.23333333333333334,0.6
1742293353.5893354,85.0,-32.0,318.0,,-5.992507982127741,-3.124669988280024,-0.4163012406665262,0.43333333333333335,-0.23333333333333334,0.6
1742293353.611917,86.0,-9.0,296.0,,-0.7606221020446648,-8.806103333048876,-1.64361955228831,-0.6333333333333333,-0.23333333333333334,-0.16666666666666666
1742293353.6323073,86.0,-9.0,296.0,,-0.7606221020446648,-8.806103333048876,-1.64361955228831,-0.6333333333333333,-0.23333333333333334,-0.16666666666666666
1742293353.6525705,87.0,-14.0,302.0,,-1.5502537958327407,-10.94355573594237,-7.496212750897224,-0.23333333333333334,0.3,-0.13333333333333333
1742293353.672762,87.0,-19.0,307.0,,-2.5478235952247075,-11.11055573594237,-7.63521947786772,-0.03333333333333333,0.1,-0.03333333333333333
1742293353.6935499,87.0,-19.0,307.0,,-2.5478235952247075,-11.11055573594237,-7.63521947786772,-0.03333333333333333,0.1,-0.03333333333333333
1742293353.7143533,87.0,-22.0,309.0,,-3.361890681410097,-10.25755573594237,-9.444358754873672,0.03333333333333333,-0.06666666666666667,0.03333333333333333
1742293353.7345693,87.0,-22.0,310.0,,-3.538890681410097,-7.60055573594237,-5.718777830467853,0.0,0.23333333333333334,-0.2
1742293353.7548594,87.0,-22.0,310.0,,-3.538890681410097,-7.60055573594237,-5.718777830467853,0.0,0.23333333333333334,-0.2
1742293353.7750003,87.0,-26.0,313.0,,-3.7814209500008493,-1.0595557359423697,-0.14329247468861928,0.5333333333333333,0.06666666666666667,-0.4
1742293353.7952025,86.0,-28.0,315.0,,-3.3905160309295894,2.804896666951123,0.2681323320240966,-0.1,-0.1,-0.36666666666666664
1742293353.8154056,86.0,-28.0,315.0,,-3.3905160309295894,2.804896666951123,0.2681323320240966,-0.1,-0.1,-0.36666666666666664
1742293353.835613,86.0,-34.0,321.0,,-3.789682383048028,9.590896666951123,0.7362249764961295,0.4,0.13333333333333333,-0.4
1742293353.8560536,85.0,-36.0,323.0,,-3.894173324989162,9.820330011719976,1.299330679508722,0.6666666666666666,0.3,-0.6666666666666666
1742293353.8764021,85.0,-37.0,324.0,,-2.991805377121594,9.820330011719976,1.9597209709307524,0.5333333333333333,0.2,-0.4666666666666667
1742293353.896591,85.0,-37.0,324.0,,-2.991805377121594,9.820330011719976,1.9597209709307524,0.5333333333333333,0.2,-0.4666666666666667
1742293353.916899,84.0,-37.0,323.0,,-2.619805377121594,9.836740206437238,2.296524831985254,-0.7,-0.4666666666666667,0.7333333333333333
1742293353.9372122,85.0,-34.0,321.0,,-2.8196823830480278,8.662330011719975,1.6788913761317334,-0.9666666666666667,-0.3333333333333333,0.8666666666666667
1742293353.957424,86.0,-30.0,318.0,,-2.9539999999999993,5.383896666951124,0.7984070333352569,-0.9333333333333333,0.1,0.6333333333333333
1742293353.9775872,87.0,-26.0,314.0,,-3.0754209500008494,2.2844442640576297,0.20468238962939456,-0.6666666666666666,0.4,0.4
1742293353.9978004,87.0,-26.0,314.0,,-3.0754209500008494,2.2844442640576297,0.20468238962939456,-0.6666666666666666,0.4,0.4
1742293354.0180426,89.0,-19.0,306.0,,-3.1458235952247073,-0.22850588948419848,-0.009896095891645085,-0.3333333333333333,0.4666666666666667,0.3333333333333333
1742293354.0382879,89.0,-19.0,306.0,,-3.1458235952247073,-0.22850588948419848,-0.009896095891645085,-0.3333333333333333,0.4666666666666667,0.3333333333333333
1742293354.058615,89.0,101.0,184.0,,8.384762669621583,-6.102505889484199,-1.4019577354150217,-0.5,-0.23333333333333334,0.3333333333333333
1742293354.0787745,89.0,101.0,184.0,,8.384762669621583,-6.102505889484199,-1.4019577354150217,-0.5,-0.23333333333333334,0.3333333333333333
1742293354.0989532,89.0,101.0,184.0,,8.384762669621583,-6.102505889484199,-1.4019577354150217,-0.5,-0.23333333333333334,0.3333333333333333
1742293354.119139,87.0,133.0,154.0,,6.939579812884063,-10.27755573594237,-6.48519405408315,-0.5333333333333333,-0.23333333333333334,-0.0
1742293354.139533,87.0,133.0,154.0,,6.939579812884063,-10.27755573594237,-6.48519405408315,-0.5333333333333333,-0.23333333333333334,-0.0
1742293354.160018,86.0,139.0,148.0,,6.347939074396876,-10.963103333048876,-6.754296571486488,-0.5333333333333333,-0.03333333333333333,-0.13333333333333333
1742293354.1823778,86.0,151.0,136.0,,4.471982374616568,-10.296103333048876,-10.170120269199632,-0.06666666666666667,0.4666666666666667,-0.43333333333333335
1742293354.2025843,86.0,158.0,129.0,,3.2138906814100996,-8.218103333048877,-6.115252843095555,-0.16666666666666666,0.5,-0.6333333333333333
1742293354.222964,86.0,167.0,119.0,,2.3527698431133177,-6.021103333048876,-3.5466375387970617,-0.16666666666666666,0.4,-0.7666666666666667
1742293354.2433186,86.0,167.0,119.0,,2.3527698431133177,-6.021103333048876,-3.5466375387970617,-0.16666666666666666,0.4,-0.7666666666666667
1742293354.263509,85.0,-175.0,101.0,,0.8010021636454729,0.5523300117199756,-2.629032787279143,-0.1,-0.1,-0.5333333333333333
1742293354.28462,85.0,-168.0,95.0,,0.028386313077781278,4.818330011719976,-2.7845328793943502,-0.06666666666666667,-0.03333333333333333,-0.5
1742293354.3048522,85.0,-162.0,89.0,,-0.8654567148182353,8.859330011719978,-2.6976650884395923,0.06666666666666667,0.16666666666666666,-0.7
1742293354.3253238,85.0,-156.0,82.0,,-1.2160864685736024,9.820330011719976,-2.913531640447564,0.26666666666666666,0.43333333333333335,-0.8666666666666667
1742293354.3458233,84.0,-148.0,73.0,,-1.3065079821277403,9.836740206437238,-2.4085096640917327,0.4,0.3,-0.5666666666666667
1742293354.3660145,84.0,-141.0,66.0,,-1.5456330361989048,9.836740206437238,-0.6840902898778495,0.3,-0.23333333333333334,0.06666666666666667
1742293354.3865185,85.0,-138.0,64.0,,-1.9171712483804004,9.820330011719976,0.5036483872596242,0.13333333333333333,-0.5666666666666667,0.6333333333333333
1742293354.4069598,85.0,-141.0,67.0,,-2.389633036198905,9.722330011719977,0.8213696224625293,-0.1,-0.3333333333333333,0.8666666666666667
1742293354.4271722,85.0,-150.0,77.0,,-2.1499999999999995,7.319330011719975,0.46441438340808294,-0.26666666666666666,0.13333333333333333,0.6333333333333333
1742293354.4473646,85.0,-170.0,96.0,,-0.488488622912586,0.8473300117199756,-1.1249042284852646,-0.1,0.6,0.16666666666666666
1742293354.4675555,85.0,-170.0,96.0,,-0.488488622912586,0.8473300117199756,-1.1249042284852646,-0.1,0.6,0.16666666666666666
1742293354.4877963,85.0,-175.0,101.0,,-0.33599783635452696,-1.8886699882800233,-2.44609925380849,0.0,0.3333333333333333,0.16666666666666666
1742293354.5084264,85.0,177.0,107.0,,0.02341573074327874,-5.566669988280023,-5.286303854703921,0.2,-0.2,-0.0
1742293354.5286427,85.0,177.0,107.0,,0.02341573074327874,-5.566669988280023,-5.286303854703921,0.2,-0.2,-0.0
1742293354.5499623,85.0,176.0,109.0,,-0.1686889925701286,-6.772669988280024,-6.534875275197089,0.3,-0.36666666666666664,-0.26666666666666666
1742293354.570137,86.0,-176.0,102.0,,-0.8023110074298714,-9.434103333048876,-9.871897918731,0.13333333333333333,-0.1,-0.2
1742293354.5903468,86.0,-176.0,102.0,,-0.8023110074298714,-9.434103333048876,-9.871897918731,0.13333333333333333,-0.1,-0.2
1742293354.6108446,86.0,-171.0,97.0,,-1.907622102044666,-9.640103333048875,-11.687305621867507,0.0,-0.06666666666666667,-0.1
1742293354.6312385,86.0,-169.0,96.0,,-2.2048362446439063,-8.708103333048877,-11.8332112574891,0.7333333333333333,-0.16666666666666666,-0.5
1742293354.651723,86.0,-169.0,96.0,,-2.2048362446439063,-8.708103333048877,-11.8332112574891,0.7333333333333333,-0.16666666666666666,-0.5
1742293354.672031,87.0,-137.0,64.0,,-6.142403912213111,-5.08055573594237,-5.782193252163835,1.4666666666666666,-0.9,-0.6
1742293354.692251,87.0,-98.0,26.0,,-8.077529754354805,-2.6285557359423697,-4.378726106172015,1.5333333333333334,-1.3333333333333333,-0.5666666666666667
1742293354.7125247,87.0,-98.0,26.0,,-8.077529754354805,-2.6285557359423697,-4.378726106172015,1.5333333333333334,-1.3333333333333333,-0.5666666666666667
1742293354.7344372,85.0,-43.0,334.0,,-3.9354039122131104,3.926330011719976,0.24349517477219496,2.7666666666666666,-1.8,-0.6666666666666666
1742293354.75462,82.0,-31.0,324.0,,-2.415523514867632,6.337470245645195,1.0676542163412768,3.3,-2.0,-1.0
1742293354.775025,78.0,-24.0,320.0,,-1.1370864685736,6.809372036801367,1.7453490236771683,4.0,-2.0,-1.5333333333333334
1742293354.795394,73.0,-21.0,319.0,,-0.23158958503939608,5.758650344002623,2.578270973825696,4.966666666666667,-1.8666666666666667,-1.9666666666666666
1742293354.817934,68.0,-19.0,319.0,,0.6391764047752928,4.564326386699815,3.741000285138405,5.233333333333333,-1.9666666666666666,-1.7666666666666666
1742293354.838177,62.0,-17.0,319.0,,1.1518335766699517,3.4972841140539277,4.807360285153492,4.6,-2.2666666666666666,-0.8
1742293354.8583765,56.0,-14.0,318.0,,0.8717462041672595,3.1631414132350404,5.290905775686154,3.7,-2.466666666666667,-0.13333333333333333
1742293354.878584,52.0,-11.0,318.0,,0.06916375535609554,2.2616145071180576,4.630144467322793,3.0,-2.433333333333333,-0.4
1742293354.898766,48.0,-8.0,317.0,,1.104711879581758,0.7597492620667632,4.087052601462011,2.3333333333333335,-2.2666666666666666,-0.36666666666666664
1742293354.9194522,45.0,-5.0,317.0,,1.4680021636454734,0.5442824765599692,3.873836905306012,1.2666666666666666,-1.8666666666666667,0.6
1742293354.9398422,43.0,-2.0,317.0,,1.2646359373484655,0.7325960877868898,3.470850873492523,0.2,-1.0666666666666667,1.0
1742293354.9609468,43.0,0.0,315.0,,1.068,-0.14040391221311044,2.006187614433344,-0.6,-0.1,0.7666666666666667
1742293354.981396,43.0,0.0,314.0,,0.264,-1.7094039122131104,-0.5545923514096414,-0.6,0.43333333333333335,0.6
1742293355.001694,44.0,1.0,312.0,,-0.18179189285024872,-3.0985986142027633,-3.116503375009807,1.1,-0.23333333333333334,0.4
1742293355.0221865,44.0,1.0,312.0,,-0.18179189285024872,-3.0985986142027633,-3.116503375009807,1.1,-0.23333333333333334,0.4
1742293355.0425675,43.0,1.0,312.0,,0.10220810714975126,-3.1904039122131103,-1.7815203750918387,1.3666666666666667,-0.5333333333333333,0.4
1742293355.0629916,39.0,3.0,311.0,,1.581415730743279,-3.8406330361989047,-12.30511894491978,3.3,-0.5,-0.2
1742293355.0863342,39.0,3.0,311.0,,1.581415730743279,-3.8406330361989047,-12.30511894491978,3.3,-0.5,-0.2
1742293355.1065361,39.0,3.0,311.0,,1.581415730743279,-3.8406330361989047,-12.30511894491978,3.3,-0.5,-0.2
1742293355.1267483,24.0,3.0,313.0,,0.7964157307432791,-2.5490864685736003,-9.590448999165341,4.866666666666666,-1.2666666666666666,0.43333333333333335
1742293355.1469572,24.0,3.0,313.0,,0.7964157307432791,-2.5490864685736003,-9.590448999165341,4.866666666666666,-1.2666666666666666,0.43333333333333335
1742293355.167515,13.0,6.0,313.0,,-0.5235757753443193,-4.226769843113315,-1.890365001341502,5.1,-2.7333333333333334,-0.4666666666666667
1742293355.1877544,7.0,9.0,314.0,,-0.9173778979553351,-5.569538258804497,5.013851766071699,4.966666666666667,-3.3666666666666667,-0.06666666666666667
1742293355.2082818,7.0,9.0,314.0,,-0.9173778979553351,-5.569538258804497,5.013851766071699,4.966666666666667,-3.3666666666666667,-0.06666666666666667
1742293355.2287278,-3.0,16.0,317.0,,-3.228997539435238,-7.194584269256721,10.807141581318174,4.3,-2.1333333333333333,0.13333333333333333
1742293355.2511728,-8.0,19.0,318.0,,-3.5431764047752927,-6.548711879581758,10.927683585100848,2.033333333333333,-1.3333333333333333,-0.26666666666666666
1742293355.2713525,-10.0,21.0,319.0,,-2.829410414960604,-6.386511377087413,10.907251825720797,-0.8666666666666667,-0.5333333333333333,-0.2
1742293355.2915802,-10.0,22.0,319.0,,-1.395109318589903,-5.837511377087414,10.694451895525386,-3.3,0.3333333333333333,0.13333333333333333
1742293355.3117814,-7.0,21.0,318.0,,-0.29941041496060405,-5.482461741195503,9.083275163915769,-4.6,1.1333333333333333,0.36666666666666664
1742293355.3319538,-3.0,20.0,316.0,,0.6192176060248102,-5.095584269256721,2.414091994270514,-4.733333333333333,1.5,0.5
1742293355.3523746,1.0,19.0,313.0,,1.0268235952247076,-3.8192081071497515,-2.5042692972293406,-4.033333333333333,1.2666666666666666,0.43333333333333335
1742293355.3725681,1.0,19.0,313.0,,1.0268235952247076,-3.8192081071497515,-2.5042692972293406,-4.033333333333333,1.2666666666666666,0.43333333333333335
1742293355.3927722,8.0,16.0,310.0,,1.0270024605647619,-0.08128812041824207,-8.852499666597764,-2.1,0.7333333333333333,0.03333333333333333
1742293355.4130552,8.0,16.0,310.0,,1.0270024605647619,-0.08128812041824207,-8.852499666597764,-2.1,0.7333333333333333,0.03333333333333333
1742293355.4333673,11.0,16.0,309.0,,0.949002460564762,1.4021637553560955,-11.116609146770152,-1.4333333333333333,0.5,0.03333333333333333
1742293355.4535656,13.0,15.0,308.0,,0.8720148324557286,2.3232301568866847,-12.416011492860699,-0.9,0.2,-0.0
1742293355.473858,13.0,15.0,308.0,,0.8720148324557286,2.3232301568866847,-12.416011492860699,-0.9,0.2,-0.0
1742293355.493993,14.0,15.0,308.0,,0.7350148324557286,2.3137462041672596,-14.006205445001815,-0.4,0.06666666666666667,0.1
1742293355.5141773,15.0,15.0,308.0,,0.4400148324557285,1.3919851675442714,-15.144816103565109,0.43333333333333335,0.0,0.06666666666666667
1742293355.53439,11.0,16.0,308.0,,1.841002460564762,-1.6768362446439045,-5.482596887377222,2.4,-0.5666666666666667,0.3333333333333333
1742293355.5545802,8.0,16.0,309.0,,1.2330024605647618,-3.071288120418242,-4.8402123534397905,3.033333333333333,0.0,0.3
1742293355.5749643,8.0,16.0,309.0,,1.2330024605647618,-3.071288120418242,-4.8402123534397905,3.033333333333333,0.0,0.3
1742293355.5951347,5.0,16.0,310.0,,-0.23799753943523827,-4.041997836354526,-0.15113692107412646,3.966666666666667,0.06666666666666667,0.23333333333333334
1742293355.6153007,5.0,16.0,310.0,,-0.23799753943523827,-4.041997836354526,-0.15113692107412646,3.966666666666667,0.06666666666666667,0.23333333333333334
1742293355.6355798,5.0,16.0,310.0,,-0.23799753943523827,-4.041997836354526,-0.15113692107412646,3.966666666666667,0.06666666666666667,0.23333333333333334
1742293355.6559134,5.0,16.0,310.0,,-0.23799753943523827,-4.041997836354526,-0.15113692107412646,3.966666666666667,0.06666666666666667,0.23333333333333334
1742293355.6762733,-16.0,16.0,314.0,,1.2430024605647618,-5.738997539435237,10.605839783478213,-0.16666666666666666,1.0,0.36666666666666664
1742293355.6964898,-17.0,15.0,314.0,,1.6470148324557288,-7.045833576669952,10.847888777840987,-1.5,0.8333333333333334,0.23333333333333334
1742293355.7169845,-16.0,14.0,314.0,,2.3822537958327406,-7.190997539435237,10.837258795728498,-2.033333333333333,0.4666666666666667,0.13333333333333333
1742293355.73731,-14.0,13.0,313.0,,2.7257698431133157,-6.37374620416726,10.610971246316264,-2.3,0.23333333333333334,0.06666666666666667
1742293355.7575004,-11.0,12.0,312.0,,2.2836136869222194,-5.257163755356095,8.656809279946218,-2.6,0.06666666666666667,0.03333333333333333
1742293355.7781737,-9.0,12.0,311.0,,1.774613686922219,-3.5943778979553347,5.320757345114172,-3.0,0.06666666666666667,-0.0
1742293355.7983985,-5.0,12.0,311.0,,0.8926136869222192,-2.4990021636454736,1.5846848093492554,-3.2666666666666666,0.16666666666666666,-0.03333333333333333
1742293355.8185887,-5.0,12.0,311.0,,0.8926136869222192,-2.4990021636454736,1.5846848093492554,-3.2666666666666666,0.16666666666666666,-0.03333333333333333
1742293355.838849,-5.0,12.0,311.0,,0.8926136869222192,-2.4990021636454736,1.5846848093492554,-3.2666666666666666,0.16666666666666666,-0.03333333333333333
1742293355.8591456,-5.0,12.0,311.0,,0.8926136869222192,-2.4990021636454736,1.5846848093492554,-3.2666666666666666,0.16666666666666666,-0.03333333333333333
1742293355.8795483,-5.0,12.0,311.0,,0.8926136869222192,-2.4990021636454736,1.5846848093492554,-3.2666666666666666,0.16666666666666666,-0.03333333333333333
1742293355.900259,-2.0,12.0,310.0,,0.1376136869222193,-1.4916359373484656,-2.1595410764171348,-3.2333333333333334,0.16666666666666666,-0.2
1742293355.9229693,-2.0,12.0,310.0,,0.1376136869222193,-1.4916359373484656,-2.1595410764171348,-3.2333333333333334,0.16666666666666666,-0.2
1742293355.9431834,-2.0,12.0,310.0,,0.1376136869222193,-1.4916359373484656,-2.1595410764171348,-3.2333333333333334,0.16666666666666666,-0.2
1742293355.9633918,15.0,10.0,309.0,,0.45848862291258663,-1.7360148324557287,-16.04432162901424,2.066666666666667,-0.9666666666666667,-0.8666666666666667
1742293355.9836142,15.0,10.0,309.0,,0.45848862291258663,-1.7360148324557287,-16.04432162901424,2.066666666666667,-0.9666666666666667,-0.8666666666666667
1742293356.003899,15.0,10.0,309.0,,0.45848862291258663,-1.7360148324557287,-16.04432162901424,2.066666666666667,-0.9666666666666667,-0.8666666666666667
1742293356.024206,7.0,12.0,312.0,,-0.09838631307778067,-4.157538258804497,2.7376512009303813,4.066666666666666,-0.03333333333333333,0.06666666666666667
1742293356.044404,7.0,12.0,312.0,,-0.09838631307778067,-4.157538258804497,2.7376512009303813,4.066666666666666,-0.03333333333333333,0.06666666666666667
1742293356.0646029,2.0,12.0,313.0,,-1.3533863130777806,-4.696364062651535,9.79211655838302,3.933333333333333,-1.1666666666666667,-0.06666666666666667
1742293356.0852156,-1.0,13.0,314.0,,-1.1172301568866843,-6.516791892850248,10.42731474694219,3.033333333333333,-2.4,-0.26666666666666666
1742293356.1054451,-4.0,15.0,315.0,,0.009014832455728872,-6.788688992570131,10.494003707597,1.7333333333333334,-1.8,-0.06666666666666667
1742293356.12566,-7.0,18.0,316.0,,-0.41054328518176586,-5.247461741195503,10.401998329264323,-1.8333333333333333,1.2,0.13333333333333333
1742293356.145946,-6.0,17.0,316.0,,0.044166423330048055,-4.799575775344319,10.279195142216446,-3.3666666666666667,1.3333333333333333,-0.03333333333333333
1742293356.1661475,-6.0,17.0,316.0,,0.044166423330048055,-4.799575775344319,10.279195142216446,-3.3666666666666667,1.3333333333333333,-0.03333333333333333
1742293356.1863108,0.0,14.0,314.0,,0.8042537958327407,-3.295,1.4406795817284,-3.033333333333333,0.6333333333333333,-0.3333333333333333
1742293356.2081163,4.0,13.0,313.0,,0.8927698431133155,-1.1843110074298693,-3.114420363886677,-2.7666666666666666,0.36666666666666664,-0.26666666666666666
1742293356.2288513,4.0,13.0,313.0,,0.8927698431133155,-1.1843110074298693,-3.114420363886677,-2.7666666666666666,0.36666666666666664,-0.26666666666666666
1742293356.2490299,7.0,13.0,313.0,,0.9907698431133156,-0.15753825880449668,-5.615065695156918,-2.7333333333333334,0.3,-0.36666666666666664
1742293356.2692165,10.0,12.0,313.0,,0.6466136869222192,-0.2924886229125867,-0.23278090916416616,-2.6,0.13333333333333333,-0.4666666666666667
1742293356.2894597,14.0,12.0,312.0,,0.9906136869222193,-0.9912537958327408,-10.793284381407044,-2.1333333333333333,-0.16666666666666666,-0.36666666666666664
1742293356.3096664,18.0,13.0,312.0,,2.0397698431133158,-0.7574567148182343,-14.574533111760282,-0.9333333333333333,0.0,0.03333333333333333
1742293356.3329437,19.0,13.0,312.0,,1.5207698431133156,-0.8408235952247072,-16.113055365271737,-0.36666666666666664,0.36666666666666664,0.13333333333333333
1742293356.3533728,19.0,13.0,312.0,,1.5207698431133156,-0.8408235952247072,-16.113055365271737,-0.36666666666666664,0.36666666666666664,0.13333333333333333
1742293356.3735752,20.0,13.0,311.0,,1.0107698431133156,-1.3162176060248103,-16.96623293502485,0.4,0.43333333333333335,0.1
1742293356.3937883,20.0,12.0,311.0,,1.0586136869222194,-1.5032176060248104,-16.32222451529568,1.2,0.36666666666666664,0.13333333333333333
1742293356.4139574,16.0,11.0,312.0,,1.4598362446439046,-2.244002460564762,-11.939029036847675,2.433333333333333,0.43333333333333335,0.23333333333333334
1742293356.4342437,13.0,11.0,312.0,,1.2438362446439046,-3.0007698431133156,-4.820785409773871,3.7666666666666666,0.7,0.13333333333333333
1742293356.4545968,9.0,10.0,312.0,,-0.29751137708741315,-3.1136221020446646,3.5864440975881617,4.3,0.03333333333333333,0.1
1742293356.4751534,4.0,10.0,313.0,,-1.7385113770874134,-3.0873110074298693,9.876445516272259,4.1,-1.2,-0.03333333333333333
1742293356.4953415,0.0,11.0,314.0,,-2.2571637553560953,-4.178,10.197174992063362,3.4,-1.9333333333333333,-0.3
1742293356.5155537,-3.0,13.0,315.0,,-1.4802301568866842,-5.468584269256721,10.359865446779763,2.533333333333333,-1.4,-0.5
1742293356.5358937,-6.0,14.0,316.0,,-0.5887462041672595,-5.113575775344319,10.328619811436917,0.8666666666666667,-0.5333333333333333,-0.4666666666666667
1742293356.5602903,-7.0,15.0,317.0,,0.6370148324557288,-4.845461741195503,10.259508069821997,-1.1666666666666667,0.13333333333333333,-0.4
1742293356.5806074,-6.0,16.0,317.0,,1.9100024605647619,-4.809575775344319,10.199120724257304,-2.6666666666666665,0.6666666666666666,-0.3333333333333333
1742293356.6008255,-4.0,15.0,317.0,,2.832014832455729,-4.983688992570131,8.995239010100331,-3.2,0.9666666666666667,-0.2
1742293356.621013,2.0,13.0,316.0,,2.0297698431133155,-2.5293640626515344,-2.1946046902504124,-2.3333333333333335,0.5333333333333333,-0.13333333333333333
1742293356.641183,2.0,13.0,316.0,,2.0297698431133155,-2.5293640626515344,-2.1946046902504124,-2.3333333333333335,0.5333333333333333,-0.13333333333333333
1742293356.6613834,5.0,12.0,315.0,,1.3336136869222193,-1.3359978363545266,-6.600778474970564,-2.1333333333333333,-0.23333333333333334,-0.3333333333333333
1742293356.6817088,10.0,13.0,315.0,,1.7167698431133156,0.18851137708741317,-9.499265710563233,-1.8333333333333333,-0.7333333333333333,-0.1
1742293356.7018964,10.0,13.0,315.0,,1.7167698431133156,0.18851137708741317,-9.499265710563233,-1.8333333333333333,-0.7333333333333333,-0.1
1742293356.72208,12.0,14.0,314.0,,1.4412537958327407,0.17538631307778063,-12.708761868181368,-1.1,0.16666666666666666,0.13333333333333333
1742293356.7423081,13.0,14.0,314.0,,0.25525379583274077,0.5182301568866845,-14.530568340292994,-0.2,0.7,0.26666666666666666
1742293356.7628732,14.0,14.0,313.0,,-0.7357462041672593,0.9897462041672593,-14.534780888544077,0.43333333333333335,0.5333333333333333,-0.0
1742293356.7833881,13.0,13.0,313.0,,-0.6472301568866845,0.7442301568866845,-13.077173654275455,0.7333333333333333,-0.16666666666666666,-0.16666666666666666
1742293356.805036,12.0,13.0,314.0,,1.4417698431133155,-0.6086136869222192,-1.4072627016877797,1.6,0.0,-0.1
1742293356.8254888,12.0,13.0,314.0,,1.4417698431133155,-0.6086136869222192,-1.4072627016877797,1.6,0.0,-0.1
1742293356.8457031,8.0,13.0,315.0,,2.1677698431133154,-1.170288120418242,-1.0104944332298356,2.0,0.5,0.26666666666666666
1742293356.86588,6.0,12.0,315.0,,2.7156136869222194,-1.7414242246556806,6.438005780028023,1.3666666666666667,-0.13333333333333333,-0.06666666666666667
1742293356.8873258,6.0,12.0,315.0,,2.7156136869222194,-1.7414242246556806,6.438005780028023,1.3666666666666667,-0.13333333333333333,-0.06666666666666667
1742293356.9075246,3.0,12.0,315.0,,3.7646136869222193,-1.8574157307432793,9.84452918258039,0.9,1.3,0.6333333333333333
1742293356.9277093,1.0,11.0,315.0,,4.577836244643905,-1.6622081071497514,9.903724964927184,0.6333333333333333,3.2333333333333334,1.0666666666666667
1742293356.9479516,1.0,11.0,315.0,,4.577836244643905,-1.6622081071497514,9.903724964927184,0.6333333333333333,3.2333333333333334,1.0666666666666667
1742293356.9681482,0.0,0.0,312.0,,5.51,-2.393,10.214891072163415,0.7666666666666667,10.166666666666666,2.066666666666667
1742293356.988581,0.0,-9.0,310.0,,3.4263778979553354,-1.324,10.104419853480676,0.3,12.3,1.9
1742293357.0088553,0.0,-9.0,310.0,,3.4263778979553354,-1.324,10.104419853480676,0.3,12.3,1.9
1742293357.029352,0.0,-36.0,307.0,,-2.031173324989162,-0.843,4.298625867689916,-2.3666666666666667,10.566666666666666,1.0666666666666667
1742293357.0495923,3.0,-49.0,307.0,,-1.9527009819853944,-2.278415730743279,0.484993366709519,-2.7,8.6,1.3333333333333333
1742293357.0698547,3.0,-49.0,307.0,,-1.9527009819853944,-2.278415730743279,0.484993366709519,-2.7,8.6,1.3333333333333333
1742293357.090201,8.0,-69.0,311.0,,-4.442423983937549,-2.434288120418242,-1.7256444027832456,-1.6,7.5,1.2666666666666666
1742293357.1107395,10.0,-78.0,312.0,,-6.634627963198634,-2.5764886229125867,-2.8891358899984687,-1.0,6.4,1.5333333333333334
1742293357.131157,12.0,-86.0,314.0,,-8.865103333048877,-3.343613686922219,-9.413321018752994,-0.5333333333333333,5.1,2.033333333333333
1742293357.1513305,15.0,-92.0,315.0,,-11.88302401305733,-3.5590148324557287,-9.047576478403329,-0.6666666666666666,3.8666666666666667,2.533333333333333
1742293357.1716523,17.0,-97.0,316.0,,-15.64087774760137,-2.428166423330048,-6.1341127671828035,-1.0333333333333334,2.566666666666667,2.5
1742293357.1919382,20.0,-101.0,317.0,,-18.730762669621583,-1.7482176060248105,-5.137813865924683,-1.1333333333333333,1.1666666666666667,1.7333333333333334
1742293357.2122889,22.0,-104.0,319.0,,-20.952601074767525,-1.0668906814100971,-3.771566150939612,-0.7333333333333333,0.6,0.7666666666666667
1742293357.2328093,22.0,-105.0,321.0,,-22.528732355895762,0.27610931858990284,-3.438686958354931,-0.8666666666666667,0.03333333333333333,-0.5333333333333333
1742293357.2530048,22.0,-106.0,322.0,,-21.530977237154907,0.06010931858990265,-3.5634510356266507,-1.4666666666666666,-0.9666666666666667,-2.1333333333333333
1742293357.2731972,19.0,-105.0,323.0,,-16.80173235589576,-1.1548235952247072,-3.6132009781926375,-1.5333333333333334,-1.7666666666666666,-3.7333333333333334
1742293357.2934098,15.0,-103.0,323.0,,-9.18657033554316,-2.2360148324557287,-6.69212527710943,-0.9666666666666667,-1.8666666666666667,-5.033333333333333
1742293357.3137949,9.0,-101.0,323.0,,5.707237330378415,-5.761622102044665,0.22566402197875018,-1.0666666666666667,-1.6,-5.366666666666666
1742293357.334591,3.0,-99.0,323.0,,9.903777378761697,-7.191415730743279,-0.9961977572297962,-1.4666666666666666,-1.6,-4.233333333333333
1742293357.3557587,-2.0,-97.0,324.0,,9.85612225239863,-8.542635937348464,-3.134222262189776,-1.1333333333333333,-1.5,-3.3
1742293357.375944,-6.0,-96.0,325.0,,9.836740206437238,-9.575575775344321,-3.720047297594924,-0.43333333333333335,-0.9,-1.9
1742293357.3961103,-8.0,-94.0,325.0,,9.806896666951124,-9.166711879581758,-5.416352179612971,-0.1,-0.36666666666666664,-0.06666666666666667
1742293357.4163127,-9.0,-94.0,325.0,,9.806896666951124,-8.478377897955335,-6.910688553397749,0.13333333333333333,-0.3,1.3666666666666667
1742293357.4367626,-8.0,-93.0,325.0,,9.79644426405763,-7.636711879581759,-7.007065477695095,0.4666666666666667,-0.3333333333333333,2.433333333333333
1742293357.4569714,-5.0,-93.0,325.0,,8.923444264057629,-6.618002163645473,-5.709485825173831,0.9,-0.5,3.1333333333333333
1742293357.4772172,-2.0,-92.0,324.0,,4.011975986942671,-5.433635937348465,-4.115396633743618,0.9333333333333333,-0.8,3.6
1742293357.497402,1.0,-91.0,324.0,,-0.1405058894841993,-4.084208107149751,-2.5382967219927686,0.6333333333333333,-1.0666666666666667,3.9
1742293357.5176294,6.0,-90.0,323.0,,-3.7600000000000007,-2.7904242246556805,-0.048967384589465285,0.43333333333333335,-1.3333333333333333,3.9
1742293357.5383897,10.0,-89.0,322.0,,-7.475505889484198,-1.4594886229125867,-3.9520638966304933,0.16666666666666666,-1.3,3.7333333333333334
1742293357.5588703,14.0,-87.0,322.0,,-10.88555573594237,-1.1682537958327406,-5.7169289315535625,-0.3333333333333333,-1.0,3.3333333333333335
1742293357.5793567,18.0,-86.0,322.0,,-13.826103333048877,-1.7384567148182344,-1.971297851177931,-0.6333333333333333,-0.6,2.8333333333333335
1742293357.5995715,22.0,-85.0,322.0,,-16.862669988280025,-2.1948906814100972,-0.17216397379302018,-0.43333333333333335,-0.3333333333333333,2.066666666666667
1742293357.619772,24.0,-85.0,323.0,,-20.069669988280026,-2.2260864685736,-0.43623167286653375,-0.1,-0.3333333333333333,1.2333333333333334
1742293357.640869,27.0,-84.0,323.0,,-22.250259793562762,-1.551646802444954,-1.4335508749608663,-0.36666666666666664,-0.5666666666666667,-0.8666666666666667
1742293357.661266,27.0,-84.0,323.0,,-22.250259793562762,-1.551646802444954,-1.4335508749608663,-0.36666666666666664,-0.5666666666666667,-0.8666666666666667
1742293357.6816523,26.0,-84.0,324.0,,-20.386259793562765,-2.448420950000849,-2.516883985528289,-0.26666666666666666,-0.23333333333333334,-2.2333333333333334
1742293357.7018845,20.0,-84.0,325.0,,-13.836259793562762,-4.757217606024811,-7.490119661381004,0.4666666666666667,0.1,-4.9
1742293357.7222605,20.0,-84.0,325.0,,-13.836259793562762,-4.757217606024811,-7.490119661381004,0.4666666666666667,0.1,-4.9
1742293357.7426565,15.0,-84.0,325.0,,-4.324259793562762,-5.030014832455729,-2.768202405620676,0.6666666666666666,-0.43333333333333335,-5.633333333333334
1742293357.7648969,3.0,-82.0,325.0,,9.878470245645195,-6.279415730743279,2.23881560992569,0.06666666666666667,-1.4,-3.4
1742293357.785411,3.0,-82.0,325.0,,9.878470245645195,-6.279415730743279,2.23881560992569,0.06666666666666667,-1.4,-3.4
1742293357.8055906,-3.0,-79.0,326.0,,9.963237330378416,-8.25358426925672,3.4474284990145474,0.26666666666666666,-0.6,-0.8333333333333334
1742293357.8257742,-4.0,-78.0,326.0,,9.997372036801366,-8.08268899257013,3.3892914613213576,0.1,-0.3333333333333333,1.0
1742293357.8461628,-4.0,-78.0,326.0,,9.997372036801366,-8.08268899257013,3.3892914613213576,0.1,-0.3333333333333333,1.0
1742293357.8663528,-1.0,-77.0,325.0,,10.034429664456841,-7.065791892850249,2.5007542467499237,-0.16666666666666666,0.5333333333333333,3.5
1742293357.8865385,1.0,-78.0,324.0,,7.790372036801365,-6.535208107149751,1.5375877247822856,-0.23333333333333334,0.9333333333333333,3.966666666666667
1742293357.9071126,1.0,-78.0,324.0,,7.790372036801365,-6.535208107149751,1.5375877247822856,-0.23333333333333334,0.9333333333333333,3.966666666666667
1742293357.9292436,11.0,-80.0,323.0,,-3.15996405704976,-5.598836244643905,-0.5804504168557205,-0.36666666666666664,0.5,4.5
1742293357.9496489,16.0,-80.0,323.0,,-7.611964057049761,-5.067002460564762,-3.310841512148565,-0.6,0.2,4.5
1742293357.9702532,21.0,-81.0,323.0,,-11.101222621238303,-4.702589585039396,-4.1621618588051845,-0.6333333333333333,0.16666666666666666,3.9
1742293357.990966,25.0,-81.0,323.0,,-14.877222621238303,-4.097885147676262,-0.42460141621246894,-0.5,0.3,3.2
1742293358.0111694,29.0,-81.0,323.0,,-19.339222621238303,-2.628982374616567,-0.38854878414155564,-0.3,0.26666666666666666,2.466666666666667
1742293358.0314236,32.0,-81.0,323.0,,-22.487222621238303,-1.3065079821277403,-1.373538419748475,-0.4,-0.06666666666666667,1.4
1742293358.0516498,34.0,-82.0,323.0,,-23.630529754354804,-0.7696823830480275,-2.446566252361258,-0.4666666666666667,-0.3333333333333333,0.13333333333333333
1742293358.0749593,35.0,-82.0,324.0,,-22.865529754354803,-1.1457848406037625,-3.281474132826437,-0.3333333333333333,-0.36666666666666664,-1.3333333333333333
1742293358.0951753,35.0,-82.0,324.0,,-22.865529754354803,-1.1457848406037625,-3.281474132826437,-0.3333333333333333,-0.36666666666666664,-1.3333333333333333
1742293358.1153922,31.0,-82.0,325.0,,-18.550529754354805,-3.7885235148676317,-5.086311287902529,0.06666666666666667,0.06666666666666667,-3.8333333333333335
1742293358.1356335,27.0,-82.0,326.0,,-15.578529754354804,-5.228646802444954,-6.543017828268444,0.2,-0.03333333333333333,-4.9
1742293358.156049,22.0,-82.0,326.0,,-10.185529754354805,-6.292890681410097,-7.12592863064284,0.36666666666666664,-0.16666666666666666,-6.0
1742293358.1762524,16.0,-82.0,327.0,,-2.801529754354805,-7.647002460564762,-0.012034323064646704,0.5333333333333333,-0.23333333333333334,-6.566666666666666
1742293358.196457,8.0,-82.0,327.0,,6.141470245645195,-8.308288120418242,0.6662530403768567,0.26666666666666666,-0.36666666666666664,-6.1
1742293358.217133,2.0,-81.0,327.0,,9.903777378761697,-9.854364062651534,2.027458857433717,0.0,-1.5333333333333334,-4.266666666666667
1742293358.237677,-3.0,-80.0,328.0,,9.93203594295024,-10.430584269256721,3.5147762434824,-0.03333333333333333,-1.8333333333333333,-2.9
1742293358.2587066,-6.0,-78.0,329.0,,9.997372036801366,-10.86057577534432,4.562127509128662,-0.03333333333333333,-1.0,-0.9
1742293358.2791119,-8.0,-76.0,329.0,,10.074398925232474,-10.098711879581758,4.189733742063556,0.0,0.4,0.8666666666666667
1742293358.2996392,-7.0,-76.0,329.0,,10.074398925232474,-9.984461741195503,3.182883677264394,0.0,1.4333333333333333,2.466666666666667
1742293358.3198597,-5.0,-78.0,329.0,,9.967372036801365,-9.785002163645474,1.9659569910051953,0.06666666666666667,1.8,3.8
1742293358.3400428,-1.0,-79.0,328.0,,5.559237330378416,-9.233791892850249,0.8501100296486712,0.2,1.7333333333333334,4.566666666666666
1742293358.3611782,8.0,-83.0,326.0,,-4.186877747601369,-6.876288120418242,-0.1040388819465437,0.4,1.2,4.866666666666666
1742293358.3815124,8.0,-83.0,326.0,,-4.186877747601369,-6.876288120418242,-0.1040388819465437,0.4,1.2,4.866666666666666
1742293358.401724,14.0,-84.0,325.0,,-7.639259793562762,-6.01125379583274,-0.7692432170686202,0.43333333333333335,0.7,4.9
1742293358.4221356,25.0,-85.0,323.0,,-14.283669988280025,-3.665885147676262,-1.7920313127492642,0.13333333333333333,0.26666666666666666,4.0
1742293358.4433944,25.0,-85.0,323.0,,-14.283669988280025,-3.665885147676262,-1.7920313127492642,0.13333333333333333,0.26666666666666666,4.0
1742293358.4635851,29.0,-86.0,323.0,,-18.033103333048878,-1.9819823746165666,-0.07462931272393325,-0.1,-0.03333333333333333,3.3
1742293358.4839723,36.0,-85.0,323.0,,-23.335669988280024,0.5778266750108383,-5.369498403025026,-0.43333333333333335,-2.2,1.2666666666666666
1742293358.504518,36.0,-85.0,323.0,,-23.335669988280024,0.5778266750108383,-5.369498403025026,-0.43333333333333335,-2.2,1.2666666666666666
1742293358.5247602,39.0,-78.0,324.0,,-17.372627963198635,-1.7816330361989046,-6.855945563748832,-0.3,-6.466666666666667,-0.9333333333333333
1742293358.544921,38.0,-72.0,325.0,,-12.663864424855456,-2.725639072944708,-1.4765061072695302,0.6333333333333333,-8.2,-1.8666666666666667
1742293358.5651171,38.0,-72.0,325.0,,-12.663864424855456,-2.725639072944708,-1.4765061072695302,0.6333333333333333,-8.2,-1.8666666666666667
1742293358.585302,34.0,-52.0,325.0,,-3.4753854928819434,-2.7116823830480277,2.683857961472203,0.7,-12.066666666666666,-0.6333333333333333
1742293358.6069245,33.0,-39.0,325.0,,-0.09463303619890517,-0.3819089334974155,9.11131135108249,-0.8666666666666667,-14.2,1.1666666666666667
1742293358.627111,33.0,-39.0,325.0,,-0.09463303619890517,-0.3819089334974155,9.11131135108249,-0.8666666666666667,-14.2,1.1666666666666667
1742293358.6474206,35.0,-9.0,322.0,,-3.848622102044665,7.268215159396237,11.43895338502075,-0.5,-5.433333333333334,0.9666666666666667
1742293358.6678445,36.0,0.0,320.0,,-4.148,6.3738266750108385,11.386711466543115,-1.7333333333333334,-4.833333333333333,0.43333333333333335
1742293358.6881096,36.0,0.0,320.0,,-4.148,6.3738266750108385,11.386711466543115,-1.7333333333333334,-4.833333333333333,0.43333333333333335
1742293358.708358,36.0,0.0,320.0,,-4.148,6.3738266750108385,11.386711466543115,-1.7333333333333334,-4.833333333333333,0.43333333333333335
1742293358.7287292,36.0,0.0,320.0,,-4.148,6.3738266750108385,11.386711466543115,-1.7333333333333334,-4.833333333333333,0.43333333333333335
1742293358.7489727,36.0,0.0,320.0,,-4.148,6.3738266750108385,11.386711466543115,-1.7333333333333334,-4.833333333333333,0.43333333333333335
1742293358.7693315,36.0,0.0,320.0,,-4.148,6.3738266750108385,11.386711466543115,-1.7333333333333334,-4.833333333333333,0.43333333333333335
1742293358.7919555,44.0,13.0,320.0,,2.4217698431133154,-1.4705986142027632,0.3274119601498473,-1.2666666666666666,1.5333333333333334,-1.8333333333333333
1742293358.8122075,44.0,13.0,320.0,,2.4217698431133154,-1.4705986142027632,0.3274119601498473,-1.2666666666666666,1.5333333333333334,-1.8333333333333333
1742293358.8323913,51.0,14.0,325.0,,17.28825379583274,-9.624801881892886,2.9906184616269105,0.0,-2.6,1.1666666666666667
1742293358.852598,51.0,14.0,325.0,,17.28825379583274,-9.624801881892886,2.9906184616269105,0.0,-2.6,1.1666666666666667
1742293358.8731186,51.0,22.0,321.0,,16.755890681410097,-9.584801881892885,4.277246650220898,0.1,0.9,1.8
1742293358.8947062,50.0,24.0,318.0,,14.6980864685736,-10.378895986997176,3.5883715076936618,0.2,1.9666666666666666,2.433333333333333
1742293358.9158351,48.0,25.0,315.0,,11.028885147676263,-9.879250737933237,1.8953092822516755,0.36666666666666664,2.6666666666666665,3.1666666666666665
1742293358.9360456,48.0,25.0,315.0,,11.028885147676263,-9.879250737933237,1.8953092822516755,0.36666666666666664,2.6666666666666665,3.1666666666666665
1742293358.9567337,44.0,25.0,305.0,,2.076885147676262,-8.785598614202764,-0.4187118988749461,0.5666666666666667,3.1,4.0
1742293358.9769545,42.0,25.0,300.0,,-5.278114852323737,-7.172171248380399,2.414753369444976,1.0666666666666667,3.1333333333333333,4.266666666666667
1742293358.9971387,39.0,25.0,295.0,,-13.055114852323738,-3.4776330361989047,4.250178292172744,1.3,3.3666666666666667,4.0
1742293359.0173461,36.0,24.0,291.0,,-15.593913531426399,0.273826675010838,4.4579328022933655,1.2,2.7666666666666666,3.1
1742293359.0409656,33.0,23.0,287.0,,-15.750927629520223,4.110091066502584,5.092540227371119,0.8666666666666667,1.5,2.3
1742293359.061173,31.0,22.0,285.0,,-15.909109318589902,7.920476485132369,5.895610295168302,0.5666666666666667,0.7333333333333333,1.0
1742293359.0817475,30.0,21.0,284.0,,-16.068410414960603,6.803000000000001,5.692270920534126,0.23333333333333334,0.13333333333333333,-1.8
1742293359.1028454,30.0,20.0,286.0,,-15.904782393975191,-2.9939999999999993,5.385148375249355,-0.4,-1.7666666666666666,-4.9
1742293359.125857,30.0,20.0,286.0,,-15.904782393975191,-2.9939999999999993,5.385148375249355,-0.4,-1.7666666666666666,-4.9
1742293359.1461136,36.0,18.0,302.0,,5.550456714818234,-8.826173324989162,1.3595359338126212,0.1,-1.9333333333333333,-3.433333333333333
1742293359.1663265,36.0,18.0,302.0,,5.550456714818234,-8.826173324989162,1.3595359338126212,0.1,-1.9333333333333333,-3.433333333333333
1742293359.1868858,36.0,18.0,302.0,,5.550456714818234,-8.826173324989162,1.3595359338126212,0.1,-1.9333333333333333,-3.433333333333333
1742293359.2074335,36.0,18.0,302.0,,5.550456714818234,-8.826173324989162,1.3595359338126212,0.1,-1.9333333333333333,-3.433333333333333
1742293359.2276354,36.0,18.0,302.0,,5.550456714818234,-8.826173324989162,1.3595359338126212,0.1,-1.9333333333333333,-3.433333333333333
1742293359.24787,39.0,16.0,321.0,,22.297002460564762,-8.223633036198905,11.442009632187748,0.3,-2.533333333333333,-0.4666666666666667
1742293359.26826,39.0,16.0,321.0,,22.297002460564762,-8.223633036198905,11.442009632187748,0.3,-2.533333333333333,-0.4666666666666667
1742293359.2884707,39.0,16.0,321.0,,22.297002460564762,-8.223633036198905,11.442009632187748,0.3,-2.533333333333333,-0.4666666666666667
1742293359.3086677,39.0,16.0,321.0,,22.297002460564762,-8.223633036198905,11.442009632187748,0.3,-2.533333333333333,-0.4666666666666667
1742293359.3291807,40.0,15.0,315.0,,9.716014832455729,-7.776746451024951,0.6307358464197756,-0.4666666666666667,1.0,3.533333333333333
1742293359.34977,40.0,15.0,315.0,,9.716014832455729,-7.776746451024951,0.6307358464197756,-0.4666666666666667,1.0,3.533333333333333
1742293359.3702612,39.0,19.0,304.0,,1.3898235952247073,-8.811633036198906,-0.6720226709911188,-0.1,1.2,4.233333333333333
1742293359.3905196,37.0,21.0,298.0,,-5.222410414960604,-7.688805377121594,2.1187103351578225,0.3,1.7,4.1
1742293359.411525,35.0,22.0,293.0,,-12.830109318589901,-5.3237848406037624,4.229683398718324,0.6333333333333333,2.4,3.6333333333333333
1742293359.4317195,33.0,22.0,289.0,,-15.909109318589902,-2.156908933497416,4.566288179248044,1.0333333333333334,2.1666666666666665,3.033333333333333
1742293359.4519265,31.0,21.0,285.0,,-16.068410414960603,1.968476485132368,5.643007950722448,1.2666666666666666,1.4333333333333333,2.1666666666666665
1742293359.4721398,29.0,21.0,283.0,,-16.068410414960603,5.8240176253834335,6.589082395139452,0.5666666666666667,0.8666666666666667,0.36666666666666664
1742293359.494049,28.0,20.0,282.0,,-16.228782393975187,4.503483969070411,5.719056750394993,-0.3333333333333333,0.43333333333333335,-2.1333333333333333
1742293359.5143645,29.0,18.0,285.0,,-16.552543285181766,-1.0799823746165664,4.537699688766894,-0.8666666666666667,-0.6333333333333333,-4.133333333333334
1742293359.5345643,31.0,17.0,289.0,,-9.54683357666995,-7.366523514867632,2.6995056105923583,-0.6666666666666666,-2.066666666666667,-4.6
1742293359.55476,33.0,16.0,295.0,,-1.002997539435238,-8.765908933497416,0.06578265594369981,-0.06666666666666667,-2.066666666666667,-4.766666666666667
1742293359.575275,35.0,15.0,301.0,,6.166014832455728,-8.695784840603762,0.9131652501002421,0.23333333333333334,-2.0,-4.566666666666666
1742293359.5965014,35.0,15.0,301.0,,6.166014832455728,-8.695784840603762,0.9131652501002421,0.23333333333333334,-2.0,-4.566666666666666
1742293359.6167235,35.0,15.0,301.0,,6.166014832455728,-8.695784840603762,0.9131652501002421,0.23333333333333334,-2.0,-4.566666666666666
1742293359.636933,37.0,11.0,319.0,,20.228836244643905,-8.580805377121594,8.229903687518217,0.7,-1.5666666666666667,-2.7666666666666666
1742293359.6589584,37.0,10.0,323.0,,21.296488622912587,-8.011805377121593,9.297433556143067,0.3333333333333333,-1.1666666666666667,-1.7
1742293359.6791553,37.0,10.0,326.0,,21.296488622912587,-6.972805377121594,9.178136418335537,0.0,-0.1,-0.4
1742293359.6997092,37.0,10.0,326.0,,21.296488622912587,-6.972805377121594,9.178136418335537,0.0,-0.1,-0.4
1742293359.7199209,37.0,10.0,326.0,,21.296488622912587,-6.972805377121594,9.178136418335537,0.0,-0.1,-0.4
1742293359.7401483,38.0,9.0,320.0,,7.927622102044665,-6.039639072944708,-0.3543975416606573,-0.26666666666666666,1.2333333333333334,3.3
1742293359.7603679,38.0,9.0,320.0,,7.927622102044665,-6.039639072944708,-0.3543975416606573,-0.26666666666666666,1.2333333333333334,3.3
1742293359.7806017,38.0,9.0,320.0,,7.927622102044665,-6.039639072944708,-0.3543975416606573,-0.26666666666666666,1.2333333333333334,3.3
1742293359.8010576,36.0,15.0,305.0,,-2.6289851675442715,-7.296173324989162,0.11142081285851546,0.26666666666666666,0.5333333333333333,3.966666666666667
1742293359.8214285,36.0,15.0,305.0,,-2.6289851675442715,-7.296173324989162,0.11142081285851546,0.26666666666666666,0.5333333333333333,3.966666666666667
1742293359.8416662,35.0,17.0,300.0,,-10.429833576669953,-5.999784840603763,3.9435743489618282,0.6666666666666666,1.5666666666666667,3.7666666666666666
1742293359.8621535,33.0,18.0,295.0,,-16.346543285181767,-2.401908933497416,5.117353087365047,1.1333333333333333,2.2333333333333334,3.6
1742293359.8824482,30.0,18.0,291.0,,-16.552543285181766,2.282000000000001,5.9483387251704185,1.3666666666666667,1.8333333333333333,2.433333333333333
1742293359.9026854,28.0,18.0,288.0,,-16.552543285181766,5.396483969070411,7.030551843612245,0.6,0.6666666666666666,0.43333333333333335
1742293359.923255,27.0,16.0,289.0,,-16.879997539435237,1.272353197555046,5.023877144847169,-0.9333333333333333,-0.43333333333333335,-3.4
1742293359.9464471,27.0,16.0,289.0,,-16.879997539435237,1.272353197555046,5.023877144847169,-0.9333333333333333,-0.43333333333333335,-3.4
1742293359.9670813,31.0,14.0,297.0,,-7.521746204167259,-5.454523514867632,1.333910258775413,-0.5333333333333333,-1.4,-4.6
1742293359.9873078,33.0,12.0,303.0,,2.960613686922219,-7.813908933497416,-1.1933758134136045,-0.26666666666666666,-2.066666666666667,-4.666666666666667
1742293360.0075207,33.0,12.0,303.0,,2.960613686922219,-7.813908933497416,-1.1933758134136045,-0.26666666666666666,-2.066666666666667,-4.666666666666667
1742293360.0277498,33.0,12.0,303.0,,2.960613686922219,-7.813908933497416,-1.1933758134136045,-0.26666666666666666,-2.066666666666667,-4.666666666666667
1742293360.0479543,36.0,10.0,320.0,,20.815488622912586,-9.718173324989163,9.201531596895428,0.8666666666666667,-2.2666666666666666,-2.6333333333333333
1742293360.068555,36.0,10.0,320.0,,20.815488622912586,-9.718173324989163,9.201531596895428,0.8666666666666667,-2.2666666666666666,-2.6333333333333333
1742293360.0887864,35.0,11.0,326.0,,21.464836244643905,-7.0977848406037625,11.385300937617782,-0.06666666666666667,-0.6,-0.0
1742293360.1090431,35.0,12.0,327.0,,21.28861368692222,-5.3237848406037624,9.328863503500045,-0.5333333333333333,1.4666666666666666,1.2
1742293360.1292422,35.0,12.0,327.0,,21.28861368692222,-5.3237848406037624,9.328863503500045,-0.5333333333333333,1.4666666666666666,1.2
1742293360.1494656,35.0,12.0,327.0,,21.28861368692222,-5.3237848406037624,9.328863503500045,-0.5333333333333333,1.4666666666666666,1.2
1742293360.1709297,35.0,12.0,327.0,,21.28861368692222,-5.3237848406037624,9.328863503500045,-0.5333333333333333,1.4666666666666666,1.2
1742293360.1911316,36.0,11.0,319.0,,8.244836244643905,-6.4431733249891625,0.247839942241594,-0.6,0.9333333333333333,3.533333333333333
1742293360.2113264,36.0,15.0,309.0,,2.7050148324557286,-8.777173324989162,-1.419304200858221,-0.4666666666666667,0.7,4.366666666666666
1742293360.2315297,35.0,17.0,303.0,,-1.809833576669952,-8.558784840603762,0.1915555744738917,0.06666666666666667,1.3,4.433333333333334
1742293360.2517347,33.0,19.0,297.0,,-8.290176404775293,-6.558908933497416,3.329468900192386,0.8333333333333334,2.4,4.1
1742293360.2720747,31.0,19.0,292.0,,-15.154176404775292,-2.797523514867632,5.856005201471474,1.0666666666666667,2.8333333333333335,3.6333333333333333
1742293360.2922888,29.0,19.0,288.0,,-16.390176404775293,0.6370176253834332,6.78998833877848,0.43333333333333335,2.2333333333333334,2.6666666666666665
1742293360.3125205,29.0,19.0,288.0,,-16.390176404775293,0.6370176253834332,6.78998833877848,0.43333333333333335,2.2333333333333334,2.6666666666666665
1742293360.3327332,27.0,17.0,282.0,,-16.71583357666995,3.076353197555046,5.646575010697721,-1.5333333333333334,0.9,0.1
1742293360.3529594,28.0,16.0,281.0,,-16.879997539435237,2.248483969070411,4.124567126992011,-1.9,0.7333333333333333,-1.1333333333333333
1742293360.3735015,30.0,15.0,282.0,,-16.789985167544273,0.3800000000000008,2.6526905872263953,-1.7333333333333334,0.3,-2.8333333333333335
1742293360.3959715,33.0,13.0,284.0,,-11.934230156886684,-2.901908933497416,1.5177926154110009,-1.2,0.06666666666666667,-4.466666666666667
1742293360.416203,35.0,9.0,290.0,,-5.457377897955335,-5.470784840603763,-0.7625258598302782,-0.8,0.4,-5.333333333333333
1742293360.4364674,35.0,9.0,290.0,,-5.457377897955335,-5.470784840603763,-0.7625258598302782,-0.8,0.4,-5.333333333333333
1742293360.456669,35.0,9.0,290.0,,-5.457377897955335,-5.470784840603763,-0.7625258598302782,-0.8,0.4,-5.333333333333333
1742293360.477097,39.0,-4.0,312.0,,13.01468899257013,-7.722633036198905,1.0555582733241042,0.36666666666666664,0.2,-5.6
1742293360.4999745,38.0,-9.0,320.0,,14.145377897955335,-8.549639072944707,1.183449510564875,2.033333333333333,1.1333333333333333,-7.033333333333333
1742293360.5202212,34.0,-15.0,329.0,,12.81698516754427,-11.016682383048028,1.0685533728065062,4.033333333333333,1.5333333333333334,-8.366666666666667
1742293360.5404434,27.0,-21.0,337.0,,12.831410414960605,-14.397646802444955,1.6653253159270658,5.033333333333333,0.13333333333333333,-7.9
1742293360.5606358,19.0,-24.0,343.0,,13.9549135314264,-14.882823595224707,3.094887803284363,4.366666666666666,-2.7666666666666666,-2.566666666666667
1742293360.5809627,9.0,-16.0,344.0,,8.934997539435237,-10.870622102044665,4.191397375059707,3.1666666666666665,-7.2,1.3333333333333333
1742293360.601611,9.0,-16.0,344.0,,8.934997539435237,-10.870622102044665,4.191397375059707,3.1666666666666665,-7.2,1.3333333333333333
1742293360.6221762,5.0,-9.0,341.0,,7.721377897955335,-9.798997836354527,4.879384016585477,3.033333333333333,-7.333333333333333,1.3333333333333333
1742293360.642446,0.0,6.0,336.0,,5.800424224655681,-8.061,7.648911164555782,1.3,-4.433333333333334,4.233333333333333
1742293360.663343,0.0,6.0,336.0,,5.800424224655681,-8.061,7.648911164555782,1.3,-4.433333333333334,4.233333333333333
1742293360.684057,-2.0,11.0,332.0,,4.0188362446439045,-8.581635937348466,9.476966658211676,1.0333333333333334,-1.9666666666666666,5.0
1742293360.7048519,-8.0,14.0,322.0,,-1.7257462041672595,-6.528711879581758,10.66131585136856,0.2,0.3,5.633333333333334
1742293360.7256813,-8.0,14.0,322.0,,-1.7257462041672595,-6.528711879581758,10.66131585136856,0.2,0.3,5.633333333333334
1742293360.7458851,-9.0,13.0,315.0,,-4.922230156886684,-5.0753778979553354,10.80623241800805,-1.1,0.7666666666666667,5.7
1742293360.7661977,-10.0,11.0,309.0,,-8.974163755356095,-3.2485113770874134,11.213594436875507,-2.5,1.8666666666666667,5.433333333333334
1742293360.7865424,-9.0,8.0,302.0,,-14.305711879581757,-1.5443778979553353,11.989920103746488,-3.1666666666666665,3.566666666666667,4.866666666666666
1742293360.8071167,-6.0,3.0,296.0,,-18.91358426925672,0.05442422465568064,12.631968463742846,-3.4,4.266666666666667,4.1
1742293360.827697,2.0,-3.0,288.0,,-20.08741573074328,-0.3423640626515345,7.721555955176123,-6.3,-0.06666666666666667,1.8
1742293360.848108,2.0,-3.0,288.0,,-20.08741573074328,-0.3423640626515345,7.721555955176123,-6.3,-0.06666666666666667,1.8
1742293360.8683505,9.0,-4.0,286.0,,-18.91431100742987,-2.750622102044665,4.3631852572254335,-7.333333333333333,-1.6,0.5666666666666667
1742293360.888858,24.0,-1.0,288.0,,-13.01820810714975,-7.8150864685736,-3.4630523599426852,-2.8333333333333335,-1.4333333333333333,-2.7333333333333334
1742293360.9090865,24.0,-1.0,288.0,,-13.01820810714975,-7.8150864685736,-3.4630523599426852,-2.8333333333333335,-1.4333333333333333,-2.7333333333333334
1742293360.929288,30.0,-2.0,296.0,,-7.766364062651535,-9.043,-13.418100315004205,-1.2,-2.066666666666667,-4.833333333333333
1742293360.9496312,30.0,-2.0,296.0,,-7.766364062651535,-9.043,-13.418100315004205,-1.2,-2.066666666666667,-4.833333333333333
1742293360.9700134,30.0,-2.0,296.0,,-7.766364062651535,-9.043,-13.418100315004205,-1.2,-2.066666666666667,-4.833333333333333
1742293360.9903781,30.0,-2.0,296.0,,-7.766364062651535,-9.043,-13.418100315004205,-1.2,-2.066666666666667,-4.833333333333333
1742293361.010711,31.0,-1.0,316.0,,6.574791892850249,-15.918523514867632,-12.36076433098702,2.066666666666667,-7.633333333333334,-4.333333333333333
1742293361.031396,29.0,3.0,322.0,,12.40741573074328,-17.092982374616568,-3.8088393935466645,3.3333333333333335,-9.8,-2.8666666666666667
1742293361.051862,20.0,19.0,330.0,,22.246823595224708,-16.10421760602481,8.051237250169276,7.466666666666667,-4.833333333333333,0.8666666666666667
1742293361.0723374,20.0,19.0,330.0,,22.246823595224708,-16.10421760602481,8.051237250169276,7.466666666666667,-4.833333333333333,0.8666666666666667
1742293361.099148,5.0,28.0,335.0,,15.34251603092959,-11.239997836354526,11.792508298771564,5.466666666666667,-2.033333333333333,3.2
1742293361.119397,-2.0,31.0,335.0,,11.376523514867632,-10.621635937348465,11.35372074503861,3.4,-2.7333333333333334,3.6
1742293361.1411674,-8.0,34.0,334.0,,7.190682383048028,-11.324711879581757,11.38190132462795,1.7,-2.9,4.133333333333334
1742293361.1614063,-12.0,36.0,332.0,,3.324173324989162,-10.92438631307778,11.456460502417649,0.16666666666666666,-1.8,4.666666666666667
1742293361.1816647,-18.0,36.0,322.0,,-4.903826675010838,-9.854543285181766,12.133532360413131,-3.6666666666666665,1.3,5.566666666666666
1742293361.20275,-18.0,36.0,322.0,,-4.903826675010838,-9.854543285181766,12.133532360413131,-3.6666666666666665,1.3,5.566666666666666
1742293361.2229698,-19.0,33.0,314.0,,-8.259091066502585,-8.937176404775293,12.411011805883904,-5.0,2.6,5.5
1742293361.2434103,-15.0,20.0,297.0,,-16.228782393975187,-5.658985167544271,11.256387560502898,-4.7,5.7,4.666666666666667
1742293361.2659738,-15.0,20.0,297.0,,-16.228782393975187,-5.658985167544271,11.256387560502898,-4.7,5.7,4.666666666666667
1742293361.2861955,-11.0,13.0,290.0,,-17.377230156886682,-2.570163755356096,9.479425963119438,-4.666666666666667,5.266666666666667,3.7333333333333334
1742293361.3064983,0.0,2.0,281.0,,-19.241635937348466,-1.02,4.438633316940323,-6.833333333333333,-0.26666666666666666,0.5333333333333333
1742293361.3272324,0.0,2.0,281.0,,-19.241635937348466,-1.02,4.438633316940323,-6.833333333333333,-0.26666666666666666,0.5333333333333333
1742293361.3479428,14.0,2.0,280.0,,-16.593635937348466,-4.746253795832741,0.8093323522135687,-5.3,-1.2333333333333334,-2.066666666666667
1742293361.369078,20.0,3.0,282.0,,-14.235584269256721,-6.46421760602481,-1.6806829363407152,-3.2666666666666666,-0.9666666666666667,-3.7333333333333334
1742293361.3893156,20.0,3.0,282.0,,-14.235584269256721,-6.46421760602481,-1.6806829363407152,-3.2666666666666666,-0.9666666666666667,-3.7333333333333334
1742293361.4095051,27.0,2.0,292.0,,-8.738635937348466,-9.533646802444954,-8.950142191388455,-0.03333333333333333,-2.6333333333333333,-5.833333333333333
1742293361.4297376,28.0,1.0,299.0,,-4.7217918928502485,-11.244516030929589,-11.660182519604035,0.6666666666666666,-3.7666666666666666,-6.133333333333334
1742293361.4499657,28.0,1.0,299.0,,-4.7217918928502485,-11.244516030929589,-11.660182519604035,0.6666666666666666,-3.7666666666666666,-6.133333333333334
1742293361.4701529,28.0,1.0,299.0,,-4.7217918928502485,-11.244516030929589,-11.660182519604035,0.6666666666666666,-3.7666666666666666,-6.133333333333334
1742293361.4906948,24.0,8.0,321.0,,15.348288120418243,-18.3080864685736,0.33512794177272487,5.0,-6.766666666666667,-3.6
1742293361.5109065,20.0,13.0,326.0,,20.759769843113318,-17.92821760602481,4.254537668122966,6.966666666666667,-5.733333333333333,-2.6
1742293361.5311685,14.0,18.0,332.0,,22.624456714818233,-16.22025379583274,8.442206930537818,7.433333333333334,-4.7,-0.5
1742293361.5515168,7.0,23.0,336.0,,22.798072370479776,-11.502538258804497,12.151253956437507,6.9,-3.2666666666666666,1.7666666666666666
1742293361.5717084,7.0,23.0,336.0,,22.798072370479776,-11.502538258804497,12.151253956437507,6.9,-3.2666666666666666,1.7666666666666666
1742293361.5920396,-7.0,29.0,339.0,,15.561982374616566,-7.551461741195503,11.593313300809738,3.9,-0.5666666666666667,3.033333333333333
1742293361.6122613,-13.0,30.0,338.0,,12.494,-8.835230156886684,11.496202422166684,2.1666666666666665,-1.7666666666666666,3.6666666666666665
1742293361.6329765,-18.0,31.0,336.0,,9.650523514867633,-9.668543285181766,11.517053811069411,0.6666666666666666,-1.9666666666666666,4.266666666666667
1742293361.6531856,-21.0,31.0,333.0,,5.541523514867632,-10.203410414960604,11.55963026114532,-0.6333333333333333,-0.9,4.9
1742293361.673385,-21.0,31.0,333.0,,5.541523514867632,-10.203410414960604,11.55963026114532,-0.6333333333333333,-0.9,4.9
1742293361.6939719,-24.0,30.0,327.0,,1.3349999999999995,-9.581913531426398,11.61858958287986,-2.1333333333333333,0.6333333333333333,5.5
1742293361.7142034,-24.0,22.0,312.0,,-6.308109318589903,-8.9349135314264,12.058336776758196,-4.866666666666666,2.533333333333333,5.333333333333333
1742293361.7344368,-21.0,16.0,304.0,,-11.936997539435238,-8.762410414960605,12.497297672299613,-4.933333333333334,3.1666666666666665,5.233333333333333
1742293361.754666,-17.0,9.0,296.0,,-17.666377897955336,-6.467833576669952,12.61764878788792,-4.033333333333333,4.133333333333334,4.8
1742293361.774901,-12.0,3.0,290.0,,-19.07058426925672,-0.6373863130777808,11.895819656663836,-4.633333333333334,3.1,3.3666666666666667
1742293361.7956157,-7.0,0.0,286.0,,-19.584,1.5375382588044968,9.557639712132733,-6.666666666666667,0.8,1.6666666666666667
1742293361.8179784,0.0,-2.0,284.0,,-19.926364062651533,-0.373,5.931701562546416,-8.966666666666667,-1.7,-0.1
1742293361.8382494,9.0,-1.0,284.0,,-17.538208107149753,-4.662622102044665,2.4408661074376186,-9.433333333333334,-3.2333333333333334,-1.3666666666666667
1742293361.8584528,19.0,1.0,286.0,,-11.95979189285025,-8.881823595224708,0.049827210487427276,-7.4,-3.3333333333333335,-2.8333333333333335
1742293361.8788745,27.0,3.0,289.0,,-7.75358426925672,-12.004646802444954,-5.747969316331995,-3.3666666666666667,-2.533333333333333,-4.666666666666667
1742293361.8992276,33.0,4.0,294.0,,-4.326688992570131,-13.168908933497416,-10.382582982474425,0.0,-2.533333333333333,-5.833333333333333
1742293361.919436,35.0,3.0,301.0,,-0.8695842692567209,-13.618784840603762,-12.120675369145488,1.2333333333333334,-3.9,-6.466666666666667
1742293361.9396336,34.0,2.0,310.0,,4.744364062651535,-15.272682383048028,-10.136777646497926,1.5333333333333334,-5.833333333333333,-6.433333333333334
1742293361.9600945,33.0,3.0,318.0,,12.48641573074328,-17.247908933497413,-4.776768139514067,2.2,-7.166666666666667,-5.233333333333333
1742293361.9820142,33.0,3.0,318.0,,12.48641573074328,-17.247908933497413,-4.776768139514067,2.2,-7.166666666666667,-5.233333333333333
1742293362.0023236,28.0,13.0,331.0,,21.249769843113313,-10.09751603092959,5.761145216838603,4.766666666666667,-5.566666666666666,-0.8
1742293362.0225308,18.0,20.0,337.0,,22.173217606024814,-3.7764567148182344,9.871493746134522,4.466666666666667,0.2,0.4
1742293362.0427504,18.0,20.0,337.0,,22.173217606024814,-3.7764567148182344,9.871493746134522,4.466666666666667,0.2,0.4
1742293362.0631886,13.0,21.0,339.0,,19.106589585039394,-3.6487698431133158,11.458783645755336,3.1666666666666665,-0.2,1.9333333333333333
1742293362.0840845,6.0,22.0,337.0,,11.361890681410097,-2.1044242246556806,10.473616975102956,0.3,-1.5,2.966666666666667
1742293362.1042984,6.0,22.0,337.0,,11.361890681410097,-2.1044242246556806,10.473616975102956,0.3,-1.5,2.966666666666667
1742293362.1248794,2.0,25.0,330.0,,0.7328851476762623,-1.0283640626515345,9.93526187180404,-1.0,0.8,3.9
1742293362.1452327,1.0,25.0,326.0,,-3.7681148523237376,0.8577918928502486,10.508689804295724,-1.8666666666666667,3.4,3.8
1742293362.1656554,1.0,25.0,326.0,,-3.7681148523237376,0.8577918928502486,10.508689804295724,-1.8666666666666667,3.4,3.8
1742293362.186099,1.0,22.0,321.0,,-9.584109318589903,2.4267918928502485,11.517902798664878,-2.7333333333333334,5.366666666666666,3.3666666666666667
1742293362.2099323,7.0,11.0,312.0,,-13.466163755356094,4.618461741195503,6.453569158483354,-5.666666666666667,2.9,1.5666666666666667
1742293362.2301028,12.0,7.0,310.0,,-10.513461741195503,3.706386313077781,2.590998263106256,-6.033333333333333,0.8666666666666667,0.6666666666666666
1742293362.250286,19.0,6.0,308.0,,-6.133575775344319,2.0421764047752924,-0.07466935867182833,-5.766666666666667,-0.16666666666666666,-0.5333333333333333
1742293362.2707362,25.0,6.0,307.0,,-1.5245757753443192,-0.12588514767626258,-0.7430391611769762,-4.533333333333333,0.0,-2.1
1742293362.292275,31.0,5.0,309.0,,3.2569978363545267,-4.170523514867632,-6.32165141684708,-3.533333333333333,0.3,-3.466666666666667
1742293362.312566,36.0,3.0,313.0,,8.995415730743279,-10.934173324989162,-3.783806515315839,-3.3666666666666667,-0.3333333333333333,-3.6666666666666665
1742293362.3327482,40.0,1.0,317.0,,14.625208107149751,-18.044746451024952,-1.7790937715255288,-3.3333333333333335,-1.8666666666666667,-1.6
1742293362.3539474,43.0,0.0,320.0,,17.053,-20.351403912213108,-2.3120940998633452,-1.2666666666666666,-1.5666666666666667,2.0
1742293362.3741236,45.0,3.0,319.0,,13.37841573074328,-17.49871752344003,-2.999930364903232,1.2333333333333334,0.3,3.3333333333333335
1742293362.3959365,44.0,6.0,314.0,,7.800424224655681,-14.238598614202765,-2.9091458888922905,2.933333333333333,1.5,3.6
1742293362.416109,41.0,9.0,309.0,,2.729622102044665,-10.985939074396876,-0.1789394911845042,3.6,1.2666666666666666,4.0
1742293362.4363186,37.0,10.0,304.0,,-1.483511377087413,-8.472805377121594,-2.0156490444796287,3.466666666666667,0.06666666666666667,4.3
1742293362.456892,32.0,13.0,299.0,,-5.903230156886684,-6.48350798212774,-0.36657493465079893,3.2,-1.1666666666666667,4.5
1742293362.4774258,27.0,16.0,295.0,,-11.926997539435238,-2.5326468024449538,1.8396903699073541,3.8666666666666667,-1.4,5.0
1742293362.498191,21.0,19.0,290.0,,-16.351176404775295,4.966410414960603,4.5043869871625475,4.8,-0.13333333333333333,4.8
1742293362.51867,15.0,20.0,287.0,,-16.228782393975187,11.433985167544272,6.557382353036955,4.5,1.0333333333333334,2.1333333333333333
1742293362.5390747,9.0,20.0,286.0,,-16.228782393975187,13.743377897955336,8.875453465032837,3.6,0.23333333333333334,-0.6666666666666666
1742293362.5601633,2.0,21.0,291.0,,-10.292410414960603,7.648635937348465,11.986683928112269,1.4666666666666666,-1.8,-4.5
1742293362.5803418,2.0,21.0,291.0,,-10.292410414960603,7.648635937348465,11.986683928112269,1.4666666666666666,-1.8,-4.5
1742293362.600549,2.0,21.0,291.0,,-10.292410414960603,7.648635937348465,11.986683928112269,1.4666666666666666,-1.8,-4.5
1742293362.6207447,3.0,23.0,301.0,,8.480072370479776,1.6825842692567212,10.105027255097013,-0.5,-0.9333333333333333,-4.0
1742293362.6409492,6.0,24.0,305.0,,17.6500864685736,-1.0644242246556805,11.546593685373802,-1.3666666666666667,-2.066666666666667,-3.1666666666666665
1742293362.6612396,6.0,24.0,305.0,,17.6500864685736,-1.0644242246556805,11.546593685373802,-1.3666666666666667,-2.066666666666667,-3.1666666666666665
1742293362.6814258,16.0,26.0,307.0,,14.841420950000849,-2.126002460564762,9.395670410638536,-3.6666666666666665,4.566666666666666,-0.6
1742293362.7016308,16.0,26.0,307.0,,14.841420950000849,-2.126002460564762,9.395670410638536,-3.6666666666666665,4.566666666666666,-0.6
1742293362.7218208,20.0,22.0,306.0,,9.684890681410097,-3.8062176060248105,2.135676020005892,-3.433333333333333,5.5,-0.0
1742293362.742375,27.0,12.0,303.0,,1.8726136869222192,-6.836646802444954,-0.3471349129920998,-2.6333333333333333,3.033333333333333,1.6666666666666667
1742293362.7628715,27.0,12.0,303.0,,1.8726136869222192,-6.836646802444954,-0.3471349129920998,-2.6333333333333333,3.033333333333333,1.6666666666666667
1742293362.783174,29.0,10.0,300.0,,-1.4645113770874134,-7.315982374616567,-9.771863074460057,-2.2333333333333334,1.7333333333333334,2.5
1742293362.8033915,32.0,9.0,297.0,,-5.0753778979553354,-7.1595079821277405,-13.335904509714863,-1.2333333333333334,1.6666666666666667,2.6333333333333333
1742293362.8240433,33.0,9.0,293.0,,-8.350377897955335,-6.4219089334974155,-16.89295389110361,0.4666666666666667,2.433333333333333,2.1333333333333333
1742293362.8442402,32.0,8.0,290.0,,-10.814711879581758,-4.83650798212774,-19.92542443160231,2.2666666666666666,2.7,0.8333333333333334
1742293362.8646286,27.0,4.0,290.0,,-10.84868899257013,-5.257646802444954,-18.460003793777922,3.8333333333333335,-1.6333333333333333,-1.6
1742293362.8849857,27.0,4.0,290.0,,-10.84868899257013,-5.257646802444954,-18.460003793777922,3.8333333333333335,-1.6333333333333333,-1.6
1742293362.9054065,23.0,4.0,291.0,,-7.562688992570131,-7.962072370479776,-12.307373508598609,4.6,-2.5,-1.8666666666666667
1742293362.925643,11.0,8.0,297.0,,-0.5767118795817578,-6.863836244643904,3.200009027820572,8.133333333333333,-2.433333333333333,-1.8
1742293362.9459846,11.0,8.0,297.0,,-0.5767118795817578,-6.863836244643904,3.200009027820572,8.133333333333333,-2.433333333333333,-1.8
1742293362.9661763,-3.0,14.0,303.0,,4.3822537958327406,3.1604157307432788,9.922108492579278,4.066666666666666,-4.033333333333333,0.36666666666666664
1742293362.9863415,-9.0,18.0,305.0,,4.540456714818234,7.839622102044665,10.280556582622133,1.8,-3.7666666666666666,0.8
1742293363.0089488,-9.0,18.0,305.0,,4.540456714818234,7.839622102044665,10.280556582622133,1.8,-3.7666666666666666,0.8
1742293363.0291314,-12.0,25.0,304.0,,3.468885147676262,9.15861368692222,10.378564298735995,-2.3666666666666667,1.3,-0.43333333333333335
1742293363.0493476,-12.0,25.0,304.0,,3.468885147676262,9.15861368692222,10.378564298735995,-2.3666666666666667,1.3,-0.43333333333333335
1742293363.069624,-5.0,20.0,303.0,,2.9242176060248104,-0.37100216364547334,9.795527448744114,-5.4,5.233333333333333,-1.1
1742293363.0899565,0.0,14.0,302.0,,2.4992537958327405,-4.178,3.4272264533556083,-5.233333333333333,5.033333333333333,-0.26666666666666666
1742293363.110304,6.0,9.0,301.0,,0.7106221020446649,-5.144424224655681,-1.3020263637501328,-5.133333333333334,4.366666666666666,0.5666666666666667
1742293363.1306958,6.0,9.0,301.0,,0.7106221020446649,-5.144424224655681,-1.3020263637501328,-5.133333333333334,4.366666666666666,0.5666666666666667
1742293363.1511948,18.0,0.0,299.0,,-3.932,-5.071456714818234,-7.4417764582193335,-5.0,2.2666666666666666,1.6333333333333333
1742293363.1714396,23.0,-1.0,297.0,,-4.937208107149751,-5.216072370479775,-15.955013175172912,-4.0,1.7,1.4333333333333333
1742293363.191627,28.0,-3.0,296.0,,-6.113415730743279,-5.301516030929589,-20.946524993773615,-2.033333333333333,1.4666666666666666,1.0666666666666667
1742293363.211911,31.0,-4.0,294.0,,-7.9803110074298695,-5.150523514867632,-23.122599479691342,0.43333333333333335,1.3,0.4666666666666667
1742293363.2321775,31.0,-5.0,294.0,,-10.062997836354526,-3.9745235148676317,-23.461208687573812,2.2666666666666666,0.6333333333333333,-0.43333333333333335
1742293363.2527678,29.0,-6.0,294.0,,-10.00842422465568,-3.6679823746165665,-21.838410151481867,3.2666666666666666,-1.1,-1.9333333333333333
1742293363.2730298,26.0,-6.0,295.0,,-7.566424224655681,-6.01642095000085,-17.342791705212296,4.333333333333333,-2.966666666666667,-3.3333333333333335
1742293363.2932413,21.0,-4.0,298.0,,-3.8123110074298694,-9.203589585039396,-9.146357724775514,5.866666666666666,-3.6666666666666665,-4.366666666666666
1742293363.3135011,14.0,-1.0,303.0,,1.0927918928502487,-12.189253795832741,0.15047489970082628,7.0,-4.266666666666667,-4.033333333333333
1742293363.333688,7.0,2.0,307.0,,4.813364062651535,-10.315538258804496,4.587032137331034,6.633333333333334,-5.266666666666667,-1.8666666666666667
1742293363.3544478,0.0,7.0,310.0,,6.921538258804497,-5.747,9.801167461740699,5.233333333333333,-5.233333333333333,-0.0
1742293363.3746302,-6.0,13.0,312.0,,7.726769843113315,-2.455575775344319,10.28664712612769,4.566666666666666,-3.7333333333333334,0.5333333333333333
1742293363.3948555,-6.0,13.0,312.0,,7.726769843113315,-2.455575775344319,10.28664712612769,4.566666666666666,-3.7333333333333334,0.5333333333333333
1742293363.4151902,-11.0,18.0,313.0,,6.296456714818234,1.4498362446439046,9.919605098970642,4.066666666666666,-2.6,1.1666666666666667
1742293363.4355547,-20.0,24.0,313.0,,3.4110864685736004,9.98321760602481,10.304900452715573,0.0,-1.2,1.7
1742293363.4558535,-21.0,24.0,311.0,,2.7250864685736005,9.427589585039396,10.220083312788974,-2.466666666666667,0.2,1.1666666666666667
1742293363.4761412,-20.0,24.0,309.0,,3.0880864685736,6.07021760602481,9.886926065282168,-4.166666666666667,1.9333333333333333,0.6
1742293363.4963534,-16.0,21.0,306.0,,3.211589585039396,2.027002460564762,9.791028722925107,-5.0,3.7,0.26666666666666666
1742293363.5167024,-11.0,17.0,304.0,,2.8091664233300477,-1.0601637553560954,7.9549356423846,-5.1,4.866666666666666,0.3
1742293363.5369277,-6.0,11.0,302.0,,1.7538362446439044,-2.955575775344319,2.891956050338081,-5.066666666666666,5.3,0.6333333333333333
1742293363.557265,0.0,5.0,300.0,,-0.09600216364547332,-3.805,-2.466129592359424,-4.466666666666667,5.166666666666667,1.1666666666666667
1742293363.5774717,4.0,0.0,299.0,,-2.148,-3.6953110074298694,-2.6900191439506247,-3.7,5.1,1.3333333333333333
1742293363.5982122,9.0,-6.0,298.0,,-4.801424224655681,-3.4276221020446647,-3.686893934560266,-3.0,4.8,1.2666666666666666
1742293363.618957,13.0,-11.0,297.0,,-7.098836244643905,-3.3737698431133154,-10.917824910184265,-2.8666666666666667,4.066666666666666,1.3666666666666667
1742293363.6391966,16.0,-16.0,296.0,,-9.255002460564763,-2.9390024605647618,-16.032417972658273,-2.7,3.2333333333333334,1.6333333333333333
1742293363.659638,20.0,-20.0,295.0,,-10.357217606024811,-2.4242176060248104,-18.932509265129184,-1.7,2.2,1.4666666666666666
1742293363.6802332,22.0,-22.0,295.0,,-10.421890681410098,-1.4888906814100973,-19.521938125671888,0.3,1.0666666666666667,0.43333333333333335
1742293363.7004173,20.0,-24.0,294.0,,-8.4130864685736,-1.4142176060248104,-15.061978754530465,4.066666666666666,-0.43333333333333335,-2.566666666666667
1742293363.7206178,20.0,-24.0,294.0,,-8.4130864685736,-1.4142176060248104,-15.061978754530465,4.066666666666666,-0.43333333333333335,-2.566666666666667
1742293363.7413998,20.0,-24.0,294.0,,-8.4130864685736,-1.4142176060248104,-15.061978754530465,4.066666666666666,-0.43333333333333335,-2.566666666666667
1742293363.7615752,0.0,-20.0,298.0,,1.2237823939751893,-6.11,0.40048549960941315,6.7,-5.133333333333334,-5.4
1742293363.7820475,0.0,-20.0,298.0,,1.2237823939751893,-6.11,0.40048549960941315,6.7,-5.133333333333334,-5.4
1742293363.8024404,-7.0,-14.0,301.0,,3.7257462041672595,-4.364461741195503,7.75669061982048,3.8,-8.733333333333333,-2.6
1742293363.8230133,-13.0,-5.0,303.0,,4.047002163645473,-0.4602301568866842,10.159197011438819,0.8,-11.366666666666667,0.5666666666666667
1742293363.8436725,-16.0,6.0,304.0,,5.388424224655681,2.312002460564762,10.020339433460729,0.13333333333333333,-10.333333333333334,1.6666666666666667
1742293363.8639169,-17.0,16.0,303.0,,5.576002460564762,2.9061664233300477,9.88773052347666,1.5666666666666667,-4.433333333333334,1.4
1742293363.8842247,-21.0,22.0,301.0,,3.997890681410097,7.2115895850393965,9.955265793376721,1.5,5.366666666666666,0.8333333333333334
1742293363.904608,-21.0,22.0,301.0,,3.997890681410097,7.2115895850393965,9.955265793376721,1.5,5.366666666666666,0.8333333333333334
1742293363.9248023,-24.0,11.0,299.0,,3.1068362446439046,6.7840864685736,4.324461353019698,-1.9,5.1,1.6
1742293363.9451375,-22.0,4.0,297.0,,3.0273110074298692,5.791890681410097,0.9540694186370082,-2.566666666666667,4.7,1.7
1742293363.965686,-22.0,4.0,297.0,,3.0273110074298692,5.791890681410097,0.9540694186370082,-2.566666666666667,4.7,1.7
1742293363.9858916,-17.0,-7.0,293.0,,1.814461741195503,7.927166423330048,-1.0059167816860297,-1.9666666666666666,4.166666666666667,1.9666666666666666
1742293364.0060852,-14.0,-13.0,291.0,,1.1072301568866845,8.00125379583274,-0.8120652775297215,-1.8333333333333333,3.933333333333333,1.8
1742293364.0265317,-14.0,-13.0,291.0,,1.1072301568866845,8.00125379583274,-0.8120652775297215,-1.8333333333333333,3.933333333333333,1.8
1742293364.0467162,-8.0,-22.0,288.0,,-1.1068906814100972,7.993288120418242,-0.6086132844597172,-1.3333333333333333,2.5,1.3333333333333333
1742293364.0675023,-6.0,-25.0,287.0,,-1.469885147676262,7.810424224655681,-0.2574596562402256,-1.1333333333333333,1.6,1.0666666666666667
1742293364.0877135,-6.0,-25.0,287.0,,-1.469885147676262,7.810424224655681,-0.2574596562402256,-1.1333333333333333,1.6,1.0666666666666667
1742293364.108121,-2.0,-29.0,286.0,,-0.7759823746165666,6.872364062651535,0.40117365473787014,-1.1666666666666667,1.6666666666666667,0.23333333333333334
1742293364.128382,-1.0,-31.0,286.0,,-0.4735235148676322,5.6132081071497515,-0.07754210963186203,-1.0333333333333334,2.3666666666666667,-0.3333333333333333
1742293364.1485887,-1.0,-31.0,286.0,,-0.4735235148676322,5.6132081071497515,-0.07754210963186203,-1.0333333333333334,2.3666666666666667,-0.3333333333333333
1742293364.1688244,0.0,-37.0,288.0,,0.2631946228784061,4.216,-0.25143421194864235,-0.43333333333333335,2.6333333333333333,-1.0666666666666667
1742293364.189025,1.0,-40.0,289.0,,1.0282535489750488,3.8087918928502487,0.11104542774751014,-0.5666666666666667,2.2,-1.3333333333333333
1742293364.2097785,1.0,-40.0,289.0,,1.0282535489750488,3.8087918928502487,0.11104542774751014,-0.5666666666666667,2.2,-1.3333333333333333
1742293364.2303414,0.0,-45.0,292.0,,0.12328247655996893,2.578,-0.5492589699961536,-0.7666666666666667,1.7666666666666666,-1.3333333333333333
1742293364.2537682,0.0,-48.0,293.0,,-0.33825073793323757,2.304,-0.7236879592750514,-0.5,1.5,-1.0666666666666667
1742293364.2739394,0.0,-49.0,294.0,,-0.432700981985394,2.46,-0.697518262430894,-0.4666666666666667,1.1333333333333333,-0.9666666666666667
1742293364.29416,0.0,-51.0,295.0,,-1.112801881892885,2.166,-0.9169073857588028,-0.6,0.7333333333333333,-1.0
1742293364.31474,0.0,-52.0,296.0,,-1.1613854928819434,2.049,-0.8655447508560337,-0.7333333333333333,0.3,-1.1333333333333333
1742293364.3352,0.0,-53.0,298.0,,-0.4116143535639427,1.539,-0.5691679369175726,-0.9333333333333333,0.0,-1.3666666666666667
1742293364.3554149,0.0,-53.0,299.0,,0.8623856464360564,0.332,-0.20832307821673357,-0.9333333333333333,0.13333333333333333,-1.5333333333333334
1742293364.3760967,0.0,-53.0,301.0,,1.2743856464360572,-0.392,-0.0902927881475799,-0.9,0.4,-1.4333333333333333
1742293364.3963592,0.0,-54.0,303.0,,1.221543285181765,-0.363,-0.07952401214615801,-0.9,0.3,-1.2
1742293364.4165373,0.0,-54.0,304.0,,1.3295432851817655,0.107,-0.06132178369163954,-0.9,-0.16666666666666666,-1.0
1742293364.4370036,0.0,-54.0,305.0,,2.1145432851817656,0.44,0.13003382914220163,-0.8666666666666667,-0.36666666666666664,-0.7
1742293364.457419,0.0,-54.0,307.0,,2.2415432851817663,1.088,0.18349760447455843,-0.6333333333333333,0.0,-0.5666666666666667
1742293364.4778554,0.0,-54.0,308.0,,2.182543285181765,2.402,0.18109133541682665,-0.6666666666666666,0.0,-0.5333333333333333
1742293364.4980314,0.0,-54.0,308.0,,2.3005432851817655,3.382,0.22834548227384754,-0.7333333333333333,-0.5666666666666667,-0.43333333333333335
1742293364.521998,1.0,-54.0,309.0,,2.8885432851817647,3.4857918928502487,0.3192354867289384,-0.8,-1.2666666666666666,-0.4
1742293364.5422223,2.0,-52.0,311.0,,4.144614507118057,2.4516359373484655,1.2032102219601812,-0.03333333333333333,-1.4333333333333333,-0.26666666666666666
1742293364.5624788,2.0,-52.0,311.0,,4.144614507118057,2.4516359373484655,1.2032102219601812,-0.03333333333333333,-1.4333333333333333,-0.26666666666666666
1742293364.5827024,2.0,-50.0,311.0,,3.6541040130028257,2.5206359373484655,1.27717120601279,-0.13333333333333333,-0.8666666666666667,-0.1
1742293364.6039698,2.0,-49.0,312.0,,2.7062990180146054,2.5006359373484655,0.48559082845820134,-0.6333333333333333,-0.13333333333333333,-0.4666666666666667
1742293364.6242855,2.0,-49.0,312.0,,2.7062990180146054,2.5006359373484655,0.48559082845820134,-0.6333333333333333,-0.13333333333333333,-0.4666666666666667
1742293364.644747,2.0,-49.0,312.0,,2.4412990180146066,1.9416359373484653,0.23059537619731252,-0.5666666666666667,0.1,-0.6333333333333333
1742293364.6650438,3.0,-49.0,314.0,,1.8432990180146058,1.417584269256721,-0.00596255369141474,-0.06666666666666667,0.06666666666666667,-0.5
1742293364.685331,3.0,-49.0,314.0,,1.8432990180146058,1.417584269256721,-0.00596255369141474,-0.06666666666666667,0.06666666666666667,-0.5
1742293364.7079499,2.0,-50.0,314.0,,1.4081040130028253,1.7156359373484653,-0.0820578768078315,-0.06666666666666667,0.03333333333333333,-0.4
1742293364.7281888,3.0,-51.0,314.0,,1.2501981181071153,1.397584269256721,-0.10871265262857932,-0.16666666666666666,0.03333333333333333,-0.5
1742293364.7484133,3.0,-51.0,314.0,,1.2501981181071153,1.397584269256721,-0.10871265262857932,-0.16666666666666666,0.03333333333333333,-0.5
1742293364.768734,2.0,-52.0,315.0,,1.3596145071180565,1.5686359373484655,-0.037739178855381805,-0.3,-0.06666666666666667,-0.36666666666666664
1742293364.7890375,2.0,-52.0,316.0,,1.594614507118056,1.6766359373484656,0.038866219086401976,-0.3,-0.13333333333333333,-0.26666666666666666
1742293364.8097062,2.0,-52.0,316.0,,1.594614507118056,1.6766359373484656,0.038866219086401976,-0.3,-0.13333333333333333,-0.26666666666666666
1742293364.8299596,3.0,-53.0,316.0,,1.7943856464360568,1.172584269256721,0.10136352078323929,-0.1,0.2,-0.5333333333333333
1742293364.8501477,2.0,-53.0,317.0,,1.7063856464360576,1.2456359373484656,0.06304452896259027,-0.1,0.3333333333333333,-0.6333333333333333
1742293364.8703394,2.0,-53.0,317.0,,1.7063856464360576,1.2456359373484656,0.06304452896259027,-0.1,0.3333333333333333,-0.6333333333333333
1742293364.8916256,2.0,-56.0,317.0,,1.4861414132350408,0.9116359373484655,0.060179478378679985,0.0,0.06666666666666667,-0.3333333333333333
1742293364.9118004,2.0,-56.0,318.0,,1.4671414132350407,0.9506359373484654,0.05770597072891981,-0.06666666666666667,-0.06666666666666667,-0.23333333333333334
1742293364.9319527,2.0,-57.0,318.0,,1.4706417284553908,0.8036359373484654,0.07504531785329549,-0.1,-0.06666666666666667,-0.2
1742293364.9521587,3.0,-58.0,318.0,,1.4176481767054607,0.534584269256721,0.08076052592793781,-0.1,0.0,-0.23333333333333334
1742293364.9723434,3.0,-59.0,318.0,,1.2791887801122783,0.48558426925672094,0.06102767283198318,0.0,0.1,-0.3
1742293364.9926243,3.0,-59.0,318.0,,1.3481887801122774,0.4265842692567209,0.08576619315975842,0.0,0.0,-0.23333333333333334
1742293365.012798,2.0,-59.0,318.0,,1.387188780112277,0.6566359373484655,0.10237414079945628,-0.03333333333333333,-0.1,-0.1
1742293365.033142,2.0,-59.0,318.0,,1.4261887801122786,0.7546359373484655,0.1207257104235766,-0.1,-0.23333333333333334,-0.0
1742293365.0533943,3.0,-59.0,318.0,,1.4061887801122772,0.554584269256721,0.11617632859091787,-0.06666666666666667,-0.13333333333333333,-0.0
1742293365.0735824,3.0,-60.0,318.0,,1.1722907888746565,0.554584269256721,0.0711359165677874,0.0,0.0,-0.03333333333333333
1742293365.093892,3.0,-61.0,318.0,,0.9799806729625278,0.524584269256721,0.043570145657453985,0.0,0.06666666666666667,-0.1
1742293365.114066,3.0,-61.0,318.0,,0.9609806729625276,0.564584269256721,0.04154224216646574,0.0,0.0,-0.03333333333333333
1742293365.1344068,4.0,-62.0,318.0,,0.8592841140539278,0.4326889925701307,0.035193398599642656,0.0,-0.06666666666666667,-0.0
1742293365.1545982,4.0,-62.0,318.0,,0.7912841140539264,0.4036889925701308,0.014218246375989452,0.0,-0.1,-0.0
1742293365.174911,4.0,-62.0,318.0,,0.7422841140539269,0.3936889925701308,-0.0018077136891214707,0.03333333333333333,0.0,-0.03333333333333333
1742293365.1955853,4.0,-62.0,318.0,,0.6632841140539263,0.2956889925701307,-0.026191298641926153,0.03333333333333333,0.03333333333333333,-0.06666666666666667
1742293365.216032,4.0,-62.0,318.0,,0.6432841140539267,0.36368899257013076,-0.03548333838575157,0.03333333333333333,0.0,-0.03333333333333333
1742293365.2362404,4.0,-63.0,318.0,,0.6232259977121117,0.33468899257013063,-0.01934782974916205,0.03333333333333333,-0.03333333333333333,-0.0
1742293365.2566388,4.0,-63.0,318.0,,0.6232259977121117,0.34468899257013064,-0.019638709574671065,0.1,-0.03333333333333333,-0.0
1742293365.277027,4.0,-64.0,318.0,,0.48783040580517145,0.34468899257013064,-0.03257972486018135,0.13333333333333333,-0.03333333333333333,-0.0
1742293365.2972853,4.0,-64.0,318.0,,0.43883040580517196,0.3246889925701306,-0.04720506202375896,0.1,-0.1,-0.0
1742293365.3178227,4.0,-65.0,318.0,,0.39512060917046377,0.33468899257013063,-0.03601548201313021,0.06666666666666667,-0.13333333333333333,-0.0
1742293365.3380637,4.0,-65.0,318.0,,0.47312060917046495,0.35368899257013076,-0.009768481887463043,0.03333333333333333,-0.16666666666666666,-0.0
1742293365.3583016,4.0,-65.0,318.0,,0.6201206091704634,0.24668899257013077,0.03501667317551771,0.06666666666666667,-0.13333333333333333,-0.0
1742293365.3787863,4.0,-65.0,318.0,,0.6401206091704648,0.2956889925701307,0.04498444660797274,0.13333333333333333,-0.03333333333333333,-0.0
1742293365.398986,4.0,-65.0,318.0,,0.6111206091704648,0.4326889925701307,0.04974977454126828,0.13333333333333333,-0.06666666666666667,0.03333333333333333
1742293365.4195392,4.0,-65.0,318.0,,0.5811206091704637,0.5696889925701307,0.05306952797582154,0.06666666666666667,-0.16666666666666666,0.06666666666666667
1742293365.43972,4.0,-65.0,317.0,,0.6601206091704643,0.5106889925701308,0.09734554722958233,0.06666666666666667,-0.1,-0.0
1742293365.460235,4.0,-65.0,317.0,,0.6601206091704643,0.5106889925701308,0.09734554722958233,0.06666666666666667,-0.1,-0.0
1742293365.480497,5.0,-65.0,317.0,,0.5911206091704635,0.3010021636454733,0.0750996404230464,0.1,0.0,-0.0
1742293365.5006628,5.0,-65.0,317.0,,0.4141206091704639,0.35000216364547343,0.01923425423285785,0.13333333333333333,0.0,-0.0
1742293365.5208964,5.0,-65.0,317.0,,0.4141206091704639,0.35000216364547343,0.01923425423285785,0.13333333333333333,0.0,-0.0
1742293365.5412338,5.0,-66.0,317.0,,0.3241190605260851,0.38000216364547346,0.019909047685542802,0.06666666666666667,-0.03333333333333333,-0.0
1742293365.5615394,5.0,-66.0,316.0,,0.37311906052608634,0.35000216364547343,0.024956518347071466,0.03333333333333333,-0.03333333333333333,-0.0
1742293365.581879,5.0,-66.0,316.0,,0.37311906052608634,0.35000216364547343,0.024956518347071466,0.03333333333333333,-0.03333333333333333,-0.0
