timestamp,roll,pitch,yaw,touch_gesture,acc_x,acc_y,acc_z,gyro_x,gyro_y,gyro_z
1743607470.451553,,,,,,,,,,
1743607470.4717388,,,,,,,,,,
1743607470.491867,,,,,,,,,,
1743607470.5120275,,,,,,,,,,
1743607470.5324242,,,,,,,,,,
1743607470.5525842,,,,,,,,,,
1743607470.572742,,,,,,,,,,
1743607470.5928946,,,,,,,,,,
1743607470.6130571,,,,,,,,,,
1743607470.6334846,,,,,,,,,,
1743607470.6537983,,,,,,,,,,
1743607470.6739318,,,,,,,,,,
1743607470.6941636,,,,,,,,,,
1743607470.7188032,,,,,,,,,,
1743607470.7390614,,,,,,,,,,
1743607470.7595232,,,,,,,,,,
1743607470.7797089,,,,,,,,,,
1743607470.799868,,,,,,,,,,
1743607470.8203492,,,,,,,,,,
1743607470.840524,,,,,,,,,,
1743607470.8606825,,,,,,,,,,
1743607470.8808658,,,,,,,,,,
1743607470.9010415,,,,,,,,,,
1743607470.9211814,,,,,,,,,,
1743607470.9418335,,,,,,,,,,
1743607470.961986,,,,,,,,,,
1743607470.9821625,,,,,,,,,,
1743607471.002349,,,,,,,,,,
1743607471.0225203,,,,,,,,,,
1743607471.0426793,,,,,,,,,,
1743607471.0628562,,,,,,,,,,
1743607471.0830424,0.0,0.0,0.0,,0.068,-0.118,0.12492177849688879,0.03333333333333333,0.0,-0.0
1743607471.1032426,0.0,0.0,0.0,,0.058,-0.108,0.11474837106646518,0.03333333333333333,0.0,-0.0
1743607471.1234462,0.0,0.0,0.0,,0.058,-0.108,0.11474837106646518,0.03333333333333333,0.0,-0.0
1743607471.143671,0.0,0.0,0.0,,0.068,-0.108,0.12480947735586945,0.03333333333333333,0.0,-0.0
1743607471.1641974,0.0,0.0,0.0,,0.068,-0.108,0.12480947735586945,0.03333333333333333,0.0,-0.0
1743607471.1850502,0.0,0.0,0.0,,0.068,-0.108,0.12480947735586945,0.03333333333333333,0.0,-0.0
1743607471.2055311,0.0,0.0,0.0,,0.058,-0.118,0.11486090074290622,0.03333333333333333,0.0,-0.0
1743607471.2257464,0.0,0.0,0.0,,0.058,-0.118,0.11486090074290622,0.03333333333333333,0.0,-0.0
1743607471.2476614,0.0,0.0,0.0,,0.068,-0.108,0.12480947735586945,0.03333333333333333,0.0,-0.0
1743607471.2678678,0.0,0.0,194.0,,0.068,-0.108,0.11481110932836636,0.03333333333333333,0.0,-0.0
1743607471.288092,0.0,0.0,194.0,,0.068,-0.108,0.12480947735586945,0.03333333333333333,0.0,-0.0
1743607471.3093421,0.0,0.0,194.0,,0.058,-0.118,0.12485916860198643,0.03333333333333333,0.0,-0.0
1743607471.3295758,0.0,0.0,194.0,,0.068,-0.118,0.11492363684568296,0.03333333333333333,0.0,-0.0
1743607471.3500357,0.0,0.0,194.0,,0.068,-0.108,0.11481110932836636,0.03333333333333333,0.0,-0.0
1743607471.3702948,0.0,0.0,194.0,,0.068,-0.108,0.12480947735586945,0.03333333333333333,0.0,-0.0
1743607471.3942933,0.0,0.0,194.0,,0.058,-0.108,0.11474837106646518,0.03333333333333333,0.0,-0.0
1743607471.414515,0.0,0.0,194.0,,0.068,-0.118,0.12492177849688879,0.03333333333333333,0.0,-0.0
1743607471.4347594,0.0,0.0,194.0,,0.058,-0.118,0.12485916860198643,0.03333333333333333,0.0,-0.0
1743607471.455003,0.0,0.0,194.0,,0.068,-0.118,0.11492363684568296,0.03333333333333333,0.0,-0.0
1743607471.47545,0.0,0.0,194.0,,0.068,-0.108,0.12480947735586945,0.03333333333333333,0.0,-0.0
1743607471.4956043,0.0,0.0,194.0,,0.068,-0.118,0.11492363684568296,0.03333333333333333,0.0,-0.0
1743607471.5158198,0.0,0.0,194.0,,0.058,-0.118,0.11486090074290622,0.03333333333333333,0.0,-0.0
1743607471.5364141,0.0,0.0,194.0,,0.068,-0.118,0.12492177849688879,0.03333333333333333,0.0,-0.0
1743607471.5570762,0.0,0.0,194.0,,0.058,-0.118,0.12485916860198643,0.03333333333333333,0.0,-0.0
1743607471.5772297,0.0,0.0,194.0,,0.058,-0.118,0.11486090074290622,0.03333333333333333,0.0,-0.0
1743607471.5976985,0.0,0.0,194.0,,0.058,-0.118,0.11486090074290622,0.03333333333333333,0.0,-0.0
1743607471.618459,0.0,0.0,194.0,,0.058,-0.118,0.12485916860198643,0.03333333333333333,0.0,-0.0
1743607471.6387236,0.0,0.0,194.0,,0.068,-0.098,0.1247071110086484,0.03333333333333333,0.0,-0.0
1743607471.658917,0.0,0.0,194.0,,0.068,-0.098,0.1247071110086484,0.03333333333333333,0.0,-0.0
1743607471.6791718,0.0,0.0,194.0,,0.058,-0.118,0.12485916860198643,0.03333333333333333,0.0,-0.0
1743607471.6994746,0.0,0.0,194.0,,0.058,-0.118,0.11486090074290622,0.03333333333333333,0.0,-0.0
1743607471.7198045,0.0,0.0,194.0,,0.058,-0.118,0.11486090074290622,0.03333333333333333,0.0,-0.0
1743607471.740135,0.0,0.0,194.0,,0.068,-0.108,0.12480947735586945,0.03333333333333333,0.0,-0.0
1743607471.7603264,0.0,0.0,194.0,,0.068,-0.108,0.11481110932836636,0.03333333333333333,0.0,-0.0
1743607471.7814739,0.0,0.0,194.0,,0.068,-0.108,0.11481110932836636,0.03333333333333333,0.0,-0.0
1743607471.8019147,0.0,0.0,194.0,,0.068,-0.118,0.11492363684568296,0.03333333333333333,0.0,-0.0
1743607471.8222134,0.0,0.0,194.0,,0.068,-0.118,0.12492177849688879,0.03333333333333333,0.0,-0.0
1743607471.8424006,0.0,0.0,194.0,,0.068,-0.118,0.12492177849688879,0.03333333333333333,0.0,-0.0
1743607471.8625953,0.0,0.0,194.0,,0.058,-0.118,0.11486090074290622,0.03333333333333333,0.0,-0.0
1743607471.8829036,0.0,0.0,194.0,,0.058,-0.118,0.12485916860198643,0.03333333333333333,0.0,-0.0
1743607471.903215,0.0,0.0,194.0,,0.058,-0.118,0.12485916860198643,0.03333333333333333,0.0,-0.0
1743607471.9233973,0.0,0.0,194.0,,0.068,-0.118,0.12492177849688879,0.03333333333333333,0.0,-0.0
1743607471.944398,0.0,0.0,194.0,,0.058,-0.118,0.12485916860198643,0.03333333333333333,0.0,-0.0
1743607471.9645972,0.0,0.0,194.0,,0.058,-0.118,0.12485916860198643,0.03333333333333333,0.0,-0.0
1743607471.9847744,0.0,0.0,194.0,,0.058,-0.118,0.12485916860198643,0.03333333333333333,0.0,-0.0
1743607472.0049746,0.0,0.0,194.0,,0.068,-0.118,0.11492363684568296,0.03333333333333333,0.0,-0.0
1743607472.0251944,0.0,0.0,194.0,,0.068,-0.118,0.11492363684568296,0.03333333333333333,0.0,-0.0
1743607472.0453725,0.0,0.0,194.0,,0.068,-0.118,0.12492177849688879,0.03333333333333333,0.0,-0.0
1743607472.0657043,0.0,0.0,194.0,,0.068,-0.108,0.12480947735586945,0.03333333333333333,0.0,-0.0
1743607472.086222,0.0,0.0,194.0,,0.068,-0.108,0.12480947735586945,0.03333333333333333,0.0,-0.0
1743607472.1063738,0.0,0.0,194.0,,0.068,-0.118,0.11492363684568296,0.03333333333333333,0.0,-0.0
1743607472.126621,0.0,0.0,194.0,,0.058,-0.108,0.11474837106646518,0.03333333333333333,0.0,-0.0
1743607472.146894,0.0,0.0,194.0,,0.058,-0.118,0.12485916860198643,0.03333333333333333,0.0,-0.0
1743607472.1672118,0.0,0.0,194.0,,0.058,-0.118,0.11486090074290622,0.03333333333333333,0.0,-0.0
1743607472.1875007,0.0,0.0,194.0,,0.058,-0.118,0.11486090074290622,0.03333333333333333,0.0,-0.0
1743607472.2076402,0.0,0.0,194.0,,0.058,-0.108,0.11474837106646518,0.03333333333333333,0.0,-0.0
1743607472.2288926,0.0,0.0,194.0,,0.068,-0.118,0.12492177849688879,0.03333333333333333,0.0,-0.0
1743607472.2492495,0.0,0.0,194.0,,0.058,-0.108,0.1247468653105237,0.03333333333333333,0.0,-0.0
1743607472.269478,0.0,0.0,194.0,,0.068,-0.108,0.11481110932836636,0.03333333333333333,0.0,-0.0
1743607472.290117,0.0,0.0,194.0,,0.068,-0.118,0.12492177849688879,0.03333333333333333,0.0,-0.0
1743607472.3103542,0.0,0.0,194.0,,0.058,-0.118,0.12485916860198643,0.03333333333333333,0.0,-0.0
1743607472.3308327,0.0,0.0,194.0,,0.058,-0.118,0.12485916860198643,0.03333333333333333,0.0,-0.0
1743607472.3514326,0.0,0.0,194.0,,0.058,-0.118,0.11486090074290622,0.03333333333333333,0.0,-0.0
1743607472.3724055,0.0,0.0,194.0,,0.058,-0.108,0.11474837106646518,0.03333333333333333,0.0,-0.0
1743607472.3926628,0.0,0.0,194.0,,0.058,-0.118,0.11486090074290622,0.03333333333333333,0.0,-0.0
1743607472.4175704,0.0,0.0,194.0,,0.058,-0.118,0.12485916860198643,0.03333333333333333,0.0,-0.0
1743607472.4378002,0.0,0.0,194.0,,0.058,-0.118,0.12485916860198643,0.03333333333333333,0.0,-0.0
1743607472.4580095,0.0,0.0,194.0,,0.068,-0.118,0.11492363684568296,0.03333333333333333,0.0,-0.0
1743607472.478187,0.0,0.0,194.0,,0.058,-0.118,0.12485916860198643,0.03333333333333333,0.0,-0.0
1743607472.4984033,0.0,0.0,194.0,,0.058,-0.118,0.12485916860198643,0.03333333333333333,0.0,-0.0
1743607472.5186112,0.0,0.0,194.0,,0.058,-0.108,0.1247468653105237,0.03333333333333333,0.0,-0.0
1743607472.5388255,0.0,0.0,194.0,,0.068,-0.118,0.11492363684568296,0.03333333333333333,0.0,-0.0
1743607472.5590093,0.0,0.0,194.0,,0.068,-0.118,0.11492363684568296,0.03333333333333333,0.0,-0.0
1743607472.5792468,0.0,0.0,194.0,,0.068,-0.118,0.11492363684568296,0.03333333333333333,0.0,-0.0
1743607472.6004095,0.0,0.0,194.0,,0.058,-0.118,0.10486263812704877,0.03333333333333333,0.0,-0.0
1743607472.6207643,0.0,0.0,194.0,,0.058,-0.118,0.10486263812704877,0.03333333333333333,0.0,-0.0
1743607472.6410017,0.0,0.0,194.0,,0.068,-0.118,0.12492177849688879,0.03333333333333333,0.0,-0.0
1743607472.6618106,0.0,0.0,194.0,,0.068,-0.118,0.12492177849688879,0.03333333333333333,0.0,-0.0
1743607472.6821508,0.0,0.0,194.0,,0.068,-0.118,0.12492177849688879,0.03333333333333333,0.0,-0.0
1743607472.7025127,0.0,0.0,194.0,,0.068,-0.108,0.11481110932836636,0.03333333333333333,0.0,-0.0
1743607472.7243874,0.0,0.0,194.0,,0.068,-0.108,0.11481110932836636,0.03333333333333333,0.0,-0.0
1743607472.744579,0.0,0.0,194.0,,0.068,-0.108,0.11481110932836636,0.03333333333333333,0.0,-0.0
1743607472.7647913,0.0,0.0,194.0,,0.068,-0.108,0.11481110932836636,0.03333333333333333,0.0,-0.0
1743607472.7849624,0.0,0.0,194.0,,0.058,-0.118,0.12485916860198643,0.03333333333333333,0.0,-0.0
1743607472.8051538,0.0,0.0,194.0,,0.058,-0.118,0.12485916860198643,0.03333333333333333,0.0,-0.0
1743607472.8253462,0.0,0.0,194.0,,0.058,-0.108,0.11474837106646518,0.03333333333333333,0.0,-0.0
1743607472.8455546,0.0,0.0,194.0,,0.068,-0.118,0.11492363684568296,0.03333333333333333,0.0,-0.0
1743607472.8658035,0.0,0.0,194.0,,0.068,-0.118,0.11492363684568296,0.03333333333333333,0.0,-0.0
1743607472.8860643,0.0,0.0,194.0,,0.068,-0.108,0.11481110932836636,0.03333333333333333,0.0,-0.0
1743607472.9063332,0.0,0.0,194.0,,0.058,-0.118,0.11486090074290622,0.03333333333333333,0.0,-0.0
1743607472.9266014,0.0,0.0,194.0,,0.068,-0.108,0.12480947735586945,0.03333333333333333,0.0,-0.0
1743607472.9469404,0.0,0.0,194.0,,0.068,-0.118,0.12492177849688879,0.03333333333333333,0.0,-0.0
1743607472.9672818,0.0,0.0,194.0,,0.058,-0.118,0.11486090074290622,0.03333333333333333,0.0,-0.0
1743607472.9875898,0.0,0.0,194.0,,0.058,-0.118,0.11486090074290622,0.03333333333333333,0.0,-0.0
1743607473.0078015,0.0,0.0,194.0,,0.058,-0.118,0.11486090074290622,0.03333333333333333,0.0,-0.0
1743607473.0279884,0.0,0.0,194.0,,0.068,-0.118,0.12492177849688879,0.03333333333333333,0.0,-0.0
1743607473.0513697,0.0,0.0,194.0,,0.068,-0.108,0.11481110932836636,0.03333333333333333,0.0,-0.0
1743607473.0715532,0.0,0.0,194.0,,0.068,-0.108,0.12480947735586945,0.03333333333333333,0.0,-0.0
1743607473.0917609,0.0,0.0,194.0,,0.068,-0.108,0.11481110932836636,0.03333333333333333,0.0,-0.0
1743607473.111963,0.0,0.0,194.0,,0.058,-0.118,0.11486090074290622,0.03333333333333333,0.0,-0.0
1743607473.1321378,0.0,0.0,194.0,,0.058,-0.118,0.11486090074290622,0.03333333333333333,0.0,-0.0
1743607473.1523252,0.0,0.0,194.0,,0.068,-0.118,0.12492177849688879,0.03333333333333333,0.0,-0.0
1743607473.1729143,0.0,0.0,194.0,,0.068,-0.108,0.11481110932836636,0.03333333333333333,0.0,-0.0
1743607473.1934047,0.0,0.0,194.0,,0.068,-0.118,0.11492363684568296,0.03333333333333333,0.0,-0.0
1743607473.2138152,0.0,0.0,194.0,,0.068,-0.118,0.12492177849688879,0.03333333333333333,0.0,-0.0
1743607473.2340248,0.0,0.0,194.0,,0.068,-0.108,0.11481110932836636,0.03333333333333333,0.0,-0.0
1743607473.2544568,0.0,0.0,194.0,,0.068,-0.108,0.11481110932836636,0.03333333333333333,0.0,-0.0
1743607473.2747927,0.0,0.0,194.0,,0.058,-0.118,0.12485916860198643,0.03333333333333333,0.0,-0.0
1743607473.295074,0.0,0.0,194.0,,0.058,-0.118,0.11486090074290622,0.03333333333333333,0.0,-0.0
1743607473.3152573,0.0,0.0,194.0,,0.058,-0.118,0.12485916860198643,0.03333333333333333,0.0,-0.0
1743607473.3354638,0.0,0.0,194.0,,0.058,-0.118,0.11486090074290622,0.03333333333333333,0.0,-0.0
1743607473.3557677,0.0,0.0,194.0,,0.068,-0.118,0.11492363684568296,0.03333333333333333,0.0,-0.0
1743607473.3769953,0.0,0.0,194.0,,0.068,-0.118,0.11492363684568296,0.03333333333333333,0.0,-0.0
1743607473.39723,0.0,0.0,194.0,,0.068,-0.118,0.11492363684568296,0.03333333333333333,0.0,-0.0
1743607473.4174244,0.0,0.0,194.0,,0.058,-0.118,0.11486090074290622,0.03333333333333333,0.0,-0.0
1743607473.4382298,0.0,0.0,194.0,,0.058,-0.108,0.1247468653105237,0.03333333333333333,0.0,-0.0
1743607473.4584217,0.0,0.0,194.0,,0.058,-0.108,0.1247468653105237,0.03333333333333333,0.0,-0.0
1743607473.4786072,0.0,0.0,194.0,,0.058,-0.118,0.11486090074290622,0.03333333333333333,0.0,-0.0
1743607473.4989562,0.0,0.0,194.0,,0.058,-0.118,0.12485916860198643,0.03333333333333333,0.0,-0.0
1743607473.5193934,0.0,0.0,194.0,,0.058,-0.118,0.12485916860198643,0.03333333333333333,0.0,-0.0
1743607473.5396376,0.0,0.0,194.0,,0.068,-0.118,0.12492177849688879,0.03333333333333333,0.0,-0.0
1743607473.5598292,0.0,0.0,194.0,,0.058,-0.118,0.12485916860198643,0.03333333333333333,0.0,-0.0
1743607473.580127,0.0,0.0,194.0,,0.058,-0.118,0.12485916860198643,0.03333333333333333,0.0,-0.0
1743607473.600471,0.0,0.0,194.0,,0.058,-0.118,0.11486090074290622,0.03333333333333333,0.0,-0.0
1743607473.6210725,0.0,0.0,194.0,,0.058,-0.108,0.1247468653105237,0.03333333333333333,0.0,-0.0
1743607473.6412776,0.0,0.0,194.0,,0.058,-0.108,0.1247468653105237,0.03333333333333333,0.0,-0.0
1743607473.6616364,0.0,0.0,194.0,,0.068,-0.108,0.11481110932836636,0.03333333333333333,0.0,-0.0
1743607473.6819046,0.0,0.0,194.0,,0.068,-0.108,0.11481110932836636,0.03333333333333333,0.0,-0.0
1743607473.7020683,0.0,0.0,194.0,,0.068,-0.108,0.11481110932836636,0.03333333333333333,0.0,-0.0
1743607473.7224753,0.0,0.0,194.0,,0.068,-0.118,0.12492177849688879,0.03333333333333333,0.0,-0.0
1743607473.7429237,0.0,0.0,194.0,,0.058,-0.108,0.11474837106646518,0.03333333333333333,0.0,-0.0
1743607473.7631187,0.0,0.0,194.0,,0.058,-0.108,0.11474837106646518,0.03333333333333333,0.0,-0.0
1743607473.7838554,0.0,0.0,194.0,,0.068,-0.118,0.11492363684568296,0.03333333333333333,0.0,-0.0
1743607473.8045473,0.0,0.0,194.0,,0.068,-0.108,0.11481110932836636,0.03333333333333333,0.0,-0.0
1743607473.824922,0.0,0.0,194.0,,0.068,-0.108,0.11481110932836636,0.03333333333333333,0.0,-0.0
1743607473.8451152,0.0,0.0,194.0,,0.058,-0.108,0.1247468653105237,0.03333333333333333,0.0,-0.0
1743607473.865562,0.0,0.0,194.0,,0.058,-0.118,0.12485916860198643,0.03333333333333333,0.0,-0.0
1743607473.8860202,0.0,0.0,194.0,,0.058,-0.118,0.12485916860198643,0.03333333333333333,0.0,-0.0
1743607473.9061859,0.0,0.0,194.0,,0.068,-0.118,0.11492363684568296,0.03333333333333333,0.0,-0.0
1743607473.9266725,0.0,0.0,194.0,,0.068,-0.118,0.12492177849688879,0.03333333333333333,0.0,-0.0
1743607473.947164,0.0,0.0,194.0,,0.058,-0.118,0.12485916860198643,0.03333333333333333,0.0,-0.0
1743607473.9676042,0.0,0.0,194.0,,0.058,-0.118,0.11486090074290622,0.03333333333333333,0.0,-0.0
1743607473.9890294,0.0,0.0,194.0,,0.058,-0.118,0.11486090074290622,0.03333333333333333,0.0,-0.0
1743607474.0091958,0.0,0.0,194.0,,0.058,-0.108,0.11474837106646518,0.03333333333333333,0.0,-0.0
1743607474.0293632,0.0,0.0,194.0,,0.068,-0.108,0.11481110932836636,0.03333333333333333,0.0,-0.0
1743607474.0495214,0.0,0.0,194.0,,0.068,-0.118,0.11492363684568296,0.03333333333333333,0.0,-0.0
1743607474.0696712,0.0,0.0,194.0,,0.058,-0.118,0.12485916860198643,0.03333333333333333,0.0,-0.0
1743607474.090267,0.0,0.0,194.0,,0.068,-0.118,0.11492363684568296,0.03333333333333333,0.0,-0.0
1743607474.1108527,0.0,0.0,194.0,,0.058,-0.118,0.12485916860198643,0.03333333333333333,0.0,-0.0
1743607474.1313498,0.0,0.0,194.0,,0.058,-0.118,0.12485916860198643,0.03333333333333333,0.0,-0.0
1743607474.151616,0.0,0.0,194.0,,0.068,-0.118,0.12492177849688879,0.03333333333333333,0.0,-0.0
1743607474.1721096,0.0,0.0,194.0,,0.058,-0.118,0.11486090074290622,0.03333333333333333,0.0,-0.0
1743607474.1925368,0.0,0.0,194.0,,0.058,-0.108,0.11474837106646518,0.03333333333333333,0.0,-0.0
1743607474.2132456,0.0,0.0,194.0,,0.058,-0.118,0.11486090074290622,0.03333333333333333,0.0,-0.0
1743607474.2354026,0.0,0.0,194.0,,0.068,-0.118,0.12492177849688879,0.03333333333333333,0.0,-0.0
1743607474.2558446,0.0,0.0,194.0,,0.068,-0.108,0.11481110932836636,0.03333333333333333,0.0,-0.0
1743607474.2760901,0.0,0.0,194.0,,0.068,-0.108,0.12480947735586945,0.03333333333333333,0.0,-0.0
1743607474.2962956,0.0,0.0,194.0,,0.068,-0.118,0.11492363684568296,0.03333333333333333,0.0,-0.0
1743607474.316867,0.0,0.0,194.0,,0.058,-0.108,0.11474837106646518,0.03333333333333333,0.0,-0.0
1743607474.337531,0.0,0.0,194.0,,0.068,-0.118,0.12492177849688879,0.03333333333333333,0.0,-0.0
1743607474.3577516,0.0,0.0,194.0,,0.068,-0.118,0.12492177849688879,0.03333333333333333,0.0,-0.0
1743607474.3780773,0.0,0.0,194.0,,0.058,-0.118,0.12485916860198643,0.03333333333333333,0.0,-0.0
1743607474.3982348,0.0,0.0,194.0,,0.068,-0.118,0.12492177849688879,0.03333333333333333,0.0,-0.0
1743607474.4186144,0.0,0.0,194.0,,0.068,-0.118,0.12492177849688879,0.03333333333333333,0.0,-0.0
1743607474.438844,0.0,0.0,194.0,,0.068,-0.108,0.12480947735586945,0.03333333333333333,0.0,-0.0
1743607474.4590483,0.0,0.0,194.0,,0.068,-0.118,0.11492363684568296,0.03333333333333333,0.0,-0.0
1743607474.4793775,0.0,0.0,194.0,,0.068,-0.118,0.11492363684568296,0.03333333333333333,0.0,-0.0
1743607474.4995928,0.0,0.0,194.0,,0.058,-0.118,0.11486090074290622,0.03333333333333333,0.0,-0.0
1743607474.5199707,0.0,0.0,194.0,,0.058,-0.108,0.11474837106646518,0.03333333333333333,0.0,-0.0
1743607474.5402837,0.0,0.0,194.0,,0.058,-0.108,0.11474837106646518,0.03333333333333333,0.0,-0.0
1743607474.5604885,0.0,0.0,194.0,,0.068,-0.108,0.11481110932836636,0.03333333333333333,0.0,-0.0
1743607474.5807881,0.0,0.0,194.0,,0.068,-0.118,0.11492363684568296,0.03333333333333333,0.0,-0.0
1743607474.6010902,0.0,0.0,194.0,,0.068,-0.118,0.11492363684568296,0.03333333333333333,0.0,-0.0
1743607474.62143,0.0,0.0,194.0,,0.058,-0.108,0.11474837106646518,0.03333333333333333,0.0,-0.0
1743607474.641702,0.0,0.0,194.0,,0.058,-0.108,0.1247468653105237,0.03333333333333333,0.0,-0.0
1743607474.6633954,0.0,0.0,194.0,,0.058,-0.108,0.1247468653105237,0.03333333333333333,0.0,-0.0
1743607474.6844804,0.0,0.0,194.0,,0.058,-0.108,0.11474837106646518,0.03333333333333333,0.0,-0.0
1743607474.7046437,0.0,0.0,194.0,,0.068,-0.118,0.11492363684568296,0.03333333333333333,0.0,-0.0
1743607474.7248385,0.0,0.0,194.0,,0.068,-0.118,0.11492363684568296,0.03333333333333333,0.0,-0.0
1743607474.7451334,0.0,0.0,194.0,,0.068,-0.118,0.11492363684568296,0.03333333333333333,0.0,-0.0
1743607474.7653997,0.0,0.0,194.0,,0.068,-0.108,0.11481110932836636,0.03333333333333333,0.0,-0.0
1743607474.7856152,0.0,0.0,194.0,,0.068,-0.108,0.11481110932836636,0.03333333333333333,0.0,-0.0
1743607474.8058023,0.0,0.0,194.0,,0.068,-0.108,0.11481110932836636,0.03333333333333333,0.0,-0.0
1743607474.8262584,0.0,0.0,194.0,,0.058,-0.108,0.11474837106646518,0.03333333333333333,0.0,-0.0
1743607474.8464117,0.0,0.0,194.0,,0.068,-0.118,0.12492177849688879,0.03333333333333333,0.0,-0.0
1743607474.8665912,0.0,0.0,194.0,,0.058,-0.118,0.11486090074290622,0.03333333333333333,0.0,-0.0
1743607474.8868706,0.0,0.0,194.0,,0.068,-0.118,0.12492177849688879,0.03333333333333333,0.0,-0.0
1743607474.907133,0.0,0.0,194.0,,0.068,-0.118,0.12492177849688879,0.03333333333333333,0.0,-0.0
1743607474.9274237,0.0,0.0,194.0,,0.068,-0.108,0.12480947735586945,0.03333333333333333,0.0,-0.0
1743607474.947719,0.0,0.0,194.0,,0.068,-0.108,0.11481110932836636,0.03333333333333333,0.0,-0.0
1743607474.9680471,0.0,0.0,194.0,,0.068,-0.108,0.12480947735586945,0.03333333333333333,0.0,-0.0
1743607474.9882095,0.0,0.0,194.0,,0.068,-0.108,0.11481110932836636,0.03333333333333333,0.0,-0.0
1743607475.0105467,0.0,0.0,194.0,,0.068,-0.108,0.11481110932836636,0.03333333333333333,0.0,-0.0
1743607475.0307426,0.0,0.0,194.0,,0.068,-0.118,0.11492363684568296,0.03333333333333333,0.0,-0.0
1743607475.0509183,0.0,0.0,194.0,,0.077,-0.108,0.11487608697344598,0.03333333333333333,0.0,-0.0
1743607475.0711281,0.0,0.0,194.0,,0.068,-0.108,0.12480947735586945,0.03333333333333333,0.0,-0.0
1743607475.0916536,0.0,0.0,194.0,,0.058,-0.108,0.11474837106646518,0.03333333333333333,0.0,-0.0
1743607475.112029,0.0,0.0,194.0,,0.068,-0.118,0.11492363684568296,0.03333333333333333,0.0,-0.0
1743607475.132299,0.0,0.0,194.0,,0.068,-0.118,0.11492363684568296,0.03333333333333333,0.0,-0.0
1743607475.1524887,0.0,0.0,194.0,,0.058,-0.108,0.11474837106646518,0.03333333333333333,0.0,-0.0
1743607475.1752567,0.0,0.0,194.0,,0.068,-0.118,0.11492363684568296,0.03333333333333333,0.0,-0.0
1743607475.1955829,0.0,0.0,194.0,,0.068,-0.118,0.12492177849688879,0.03333333333333333,0.0,-0.0
1743607475.2158592,0.0,0.0,194.0,,0.068,-0.108,0.12480947735586945,0.03333333333333333,0.0,-0.0
1743607475.2361085,0.0,0.0,194.0,,0.068,-0.108,0.11481110932836636,0.03333333333333333,0.0,-0.0
1743607475.256514,0.0,0.0,194.0,,0.058,-0.118,0.12485916860198643,0.03333333333333333,0.0,-0.0
1743607475.2767074,0.0,0.0,194.0,,0.058,-0.118,0.12485916860198643,0.03333333333333333,0.0,-0.0
1743607475.2991717,0.0,0.0,194.0,,0.068,-0.108,0.11481110932836636,0.03333333333333333,0.0,-0.0
1743607475.3193407,0.0,0.0,194.0,,0.068,-0.108,0.11481110932836636,0.03333333333333333,0.0,-0.0
1743607475.339489,0.0,0.0,194.0,,0.068,-0.108,0.11481110932836636,0.03333333333333333,0.0,-0.0
1743607475.3596728,0.0,0.0,194.0,,0.068,-0.118,0.12492177849688879,0.03333333333333333,0.0,-0.0
1743607475.3798583,0.0,0.0,194.0,,0.068,-0.118,0.12492177849688879,0.03333333333333333,0.0,-0.0
1743607475.4000325,0.0,0.0,194.0,,0.068,-0.108,0.11481110932836636,0.03333333333333333,0.0,-0.0
1743607475.4202332,0.0,0.0,194.0,,0.068,-0.108,0.11481110932836636,0.03333333333333333,0.0,-0.0
1743607475.4403892,0.0,0.0,194.0,,0.068,-0.108,0.11481110932836636,0.03333333333333333,0.0,-0.0
1743607475.4605546,0.0,0.0,194.0,,0.068,-0.108,0.11481110932836636,0.03333333333333333,0.0,-0.0
1743607475.4807365,0.0,0.0,194.0,,0.068,-0.108,0.11481110932836636,0.03333333333333333,0.0,-0.0
1743607475.500957,0.0,0.0,194.0,,0.068,-0.108,0.11481110932836636,0.03333333333333333,0.0,-0.0
1743607475.5211864,0.0,0.0,194.0,,0.068,-0.108,0.12480947735586945,0.03333333333333333,0.0,-0.0
1743607475.5414493,0.0,0.0,194.0,,0.058,-0.118,0.12485916860198643,0.03333333333333333,0.0,-0.0
1743607475.5616693,0.0,0.0,194.0,,0.058,-0.118,0.12485916860198643,0.03333333333333333,0.0,-0.0
1743607475.5821433,0.0,0.0,194.0,,0.058,-0.108,0.11474837106646518,0.03333333333333333,0.0,-0.0
1743607475.6036355,0.0,0.0,194.0,,0.058,-0.118,0.12485916860198643,0.03333333333333333,0.0,-0.0
1743607475.62435,0.0,0.0,194.0,,0.058,-0.118,0.12485916860198643,0.03333333333333333,0.0,-0.0
1743607475.6445289,0.0,0.0,194.0,,0.068,-0.118,0.12492177849688879,0.03333333333333333,0.0,-0.0
1743607475.6646883,0.0,0.0,194.0,,0.068,-0.108,0.11481110932836636,0.03333333333333333,0.0,-0.0
1743607475.6849434,0.0,0.0,194.0,,0.068,-0.108,0.11481110932836636,0.03333333333333333,0.0,-0.0
1743607475.7051322,0.0,0.0,194.0,,0.058,-0.108,0.11474837106646518,0.03333333333333333,0.0,-0.0
1743607475.72551,0.0,0.0,194.0,,0.068,-0.118,0.11492363684568296,0.03333333333333333,0.0,-0.0
1743607475.7458901,0.0,0.0,194.0,,0.068,-0.118,0.11492363684568296,0.03333333333333333,0.0,-0.0
1743607475.7661855,0.0,0.0,194.0,,0.068,-0.108,0.11481110932836636,0.03333333333333333,0.0,-0.0
1743607475.786482,0.0,0.0,194.0,,0.068,-0.108,0.11481110932836636,0.03333333333333333,0.0,-0.0
1743607475.8068786,0.0,0.0,194.0,,0.068,-0.108,0.11481110932836636,0.03333333333333333,0.0,-0.0
1743607475.828335,0.0,0.0,194.0,,0.068,-0.118,0.12492177849688879,0.03333333333333333,0.0,-0.0
1743607475.8485296,0.0,0.0,194.0,,0.058,-0.118,0.11486090074290622,0.03333333333333333,0.0,-0.0
1743607475.8689632,0.0,0.0,194.0,,0.058,-0.108,0.11474837106646518,0.03333333333333333,0.0,-0.0
1743607475.889173,0.0,0.0,194.0,,0.068,-0.118,0.12492177849688879,0.03333333333333333,0.0,-0.0
1743607475.9093742,0.0,0.0,194.0,,0.058,-0.108,0.11474837106646518,0.03333333333333333,0.0,-0.0
1743607475.9297664,0.0,0.0,194.0,,0.058,-0.108,0.11474837106646518,0.03333333333333333,0.0,-0.0
1743607475.9501386,0.0,0.0,194.0,,0.068,-0.108,0.11481110932836636,0.03333333333333333,0.0,-0.0
1743607475.9704094,0.0,0.0,194.0,,0.068,-0.108,0.12480947735586945,0.03333333333333333,0.0,-0.0
1743607475.9908936,0.0,0.0,194.0,,0.058,-0.108,0.11474837106646518,0.03333333333333333,0.0,-0.0
1743607476.0111878,0.0,0.0,194.0,,0.058,-0.118,0.11486090074290622,0.03333333333333333,0.0,-0.0
1743607476.0316198,0.0,0.0,194.0,,0.058,-0.118,0.12485916860198643,0.03333333333333333,0.0,-0.0
1743607476.0520554,0.0,0.0,194.0,,0.068,-0.108,0.11481110932836636,0.03333333333333333,0.0,-0.0
1743607476.0723321,0.0,0.0,194.0,,0.068,-0.108,0.11481110932836636,0.03333333333333333,0.0,-0.0
1743607476.09295,0.0,0.0,194.0,,0.068,-0.108,0.11481110932836636,0.03333333333333333,0.0,-0.0
1743607476.113298,0.0,0.0,194.0,,0.058,-0.118,0.12485916860198643,0.03333333333333333,0.0,-0.0
1743607476.1336825,0.0,0.0,194.0,,0.058,-0.118,0.10486263812704877,0.03333333333333333,0.0,-0.0
1743607476.1542525,0.0,0.0,194.0,,0.068,-0.108,0.12480947735586945,0.03333333333333333,0.0,-0.0
1743607476.174465,0.0,0.0,194.0,,0.068,-0.108,0.12480947735586945,0.03333333333333333,0.0,-0.0
1743607476.1950965,0.0,0.0,194.0,,0.058,-0.108,0.1247468653105237,0.03333333333333333,0.0,-0.0
1743607476.215353,0.0,0.0,194.0,,0.068,-0.118,0.11492363684568296,0.03333333333333333,0.0,-0.0
1743607476.2357929,0.0,0.0,194.0,,0.058,-0.108,0.1247468653105237,0.03333333333333333,0.0,-0.0
1743607476.2559788,0.0,0.0,194.0,,0.058,-0.118,0.12485916860198643,0.03333333333333333,0.0,-0.0
1743607476.2763786,0.0,0.0,194.0,,0.068,-0.118,0.11492363684568296,0.03333333333333333,0.0,-0.0
1743607476.2965925,0.0,0.0,194.0,,0.068,-0.118,0.11492363684568296,0.03333333333333333,0.0,-0.0
1743607476.3168373,0.0,0.0,194.0,,0.058,-0.108,0.1247468653105237,0.03333333333333333,0.0,-0.0
1743607476.337066,0.0,0.0,194.0,,0.058,-0.108,0.1247468653105237,0.03333333333333333,0.0,-0.0
1743607476.35839,0.0,0.0,194.0,,0.058,-0.108,0.11474837106646518,0.03333333333333333,0.0,-0.0
1743607476.378574,0.0,0.0,194.0,,0.068,-0.108,0.11481110932836636,0.03333333333333333,0.0,-0.0
1743607476.3988636,0.0,0.0,194.0,,0.068,-0.108,0.11481110932836636,0.03333333333333333,0.0,-0.0
1743607476.4194064,0.0,0.0,194.0,,0.068,-0.108,0.12480947735586945,0.03333333333333333,0.0,-0.0
1743607476.4395876,0.0,0.0,194.0,,0.068,-0.118,0.11492363684568296,0.03333333333333333,0.0,-0.0
1743607476.4599228,0.0,0.0,194.0,,0.068,-0.118,0.11492363684568296,0.03333333333333333,0.0,-0.0
1743607476.48013,0.0,0.0,194.0,,0.068,-0.118,0.12492177849688879,0.03333333333333333,0.0,-0.0
1743607476.500421,0.0,0.0,194.0,,0.058,-0.118,0.11486090074290622,0.03333333333333333,0.0,-0.0
1743607476.5207298,0.0,0.0,194.0,,0.058,-0.118,0.11486090074290622,0.03333333333333333,0.0,-0.0
1743607476.5412374,0.0,0.0,194.0,,0.068,-0.118,0.12492177849688879,0.03333333333333333,0.0,-0.0
1743607476.5614216,0.0,0.0,194.0,,0.068,-0.108,0.11481110932836636,0.03333333333333333,0.0,-0.0
1743607476.5816467,0.0,0.0,194.0,,0.068,-0.108,0.11481110932836636,0.03333333333333333,0.0,-0.0
1743607476.6034107,0.0,0.0,194.0,,0.068,-0.108,0.12480947735586945,0.03333333333333333,0.0,-0.0
1743607476.6238356,0.0,0.0,194.0,,0.068,-0.118,0.11492363684568296,0.03333333333333333,0.0,-0.0
1743607476.6442068,0.0,0.0,194.0,,0.068,-0.118,0.11492363684568296,0.03333333333333333,0.0,-0.0
1743607476.6646256,0.0,0.0,194.0,,0.058,-0.118,0.12485916860198643,0.03333333333333333,0.0,-0.0
1743607476.6850584,0.0,0.0,194.0,,0.068,-0.118,0.12492177849688879,0.03333333333333333,0.0,-0.0
1743607476.7052512,0.0,0.0,194.0,,0.068,-0.118,0.12492177849688879,0.03333333333333333,0.0,-0.0
1743607476.7254155,0.0,0.0,194.0,,0.068,-0.118,0.11492363684568296,0.03333333333333333,0.0,-0.0
1743607476.7458303,0.0,0.0,194.0,,0.068,-0.118,0.11492363684568296,0.03333333333333333,0.0,-0.0
1743607476.7661734,0.0,0.0,194.0,,0.068,-0.118,0.11492363684568296,0.03333333333333333,0.0,-0.0
1743607476.7863748,0.0,0.0,194.0,,0.058,-0.108,0.11474837106646518,0.03333333333333333,0.0,-0.0
1743607476.8069386,0.0,0.0,194.0,,0.058,-0.108,0.1247468653105237,0.03333333333333333,0.0,-0.0
1743607476.8271189,0.0,0.0,194.0,,0.058,-0.108,0.1247468653105237,0.03333333333333333,0.0,-0.0
1743607476.8475955,0.0,0.0,194.0,,0.068,-0.118,0.11492363684568296,0.03333333333333333,0.0,-0.0
1743607476.8678157,0.0,0.0,194.0,,0.058,-0.118,0.11486090074290622,0.03333333333333333,0.0,-0.0
1743607476.8881369,0.0,0.0,194.0,,0.058,-0.118,0.11486090074290622,0.03333333333333333,0.0,-0.0
1743607476.9083283,0.0,0.0,194.0,,0.068,-0.108,0.11481110932836636,0.03333333333333333,0.0,-0.0
1743607476.9285061,0.0,0.0,194.0,,0.058,-0.108,0.11474837106646518,0.03333333333333333,0.0,-0.0
1743607476.9487014,0.0,0.0,194.0,,0.058,-0.108,0.11474837106646518,0.03333333333333333,0.0,-0.0
1743607476.9693155,0.0,0.0,194.0,,0.068,-0.118,0.12492177849688879,0.03333333333333333,0.0,-0.0
1743607476.9896243,0.0,0.0,194.0,,0.068,-0.108,0.12480947735586945,0.03333333333333333,0.0,-0.0
1743607477.0101545,0.0,0.0,194.0,,0.068,-0.108,0.12480947735586945,0.03333333333333333,0.0,-0.0
1743607477.030366,0.0,0.0,194.0,,0.068,-0.108,0.11481110932836636,0.03333333333333333,0.0,-0.0
1743607477.0508523,0.0,0.0,194.0,,0.068,-0.118,0.11492363684568296,0.03333333333333333,0.0,-0.0
1743607477.0710244,0.0,0.0,194.0,,-0.441,-0.961,0.41160425766694786,0.03333333333333333,-0.06666666666666667,0.16666666666666666
1743607477.091552,0.0,0.0,192.0,,0.303,-1.236,-0.12394275380351338,0.03333333333333333,0.06666666666666667,4.866666666666666
1743607477.1119244,0.0,0.0,192.0,,0.303,-1.236,-0.12394275380351338,0.03333333333333333,0.06666666666666667,4.866666666666666
1743607477.132363,0.0,0.0,176.0,,0.234,0.627,-0.1952044720578776,0.13333333333333333,0.0,5.266666666666667
1743607477.1525214,0.0,0.0,171.0,,0.568,0.372,0.17669712115599623,0.06666666666666667,-0.03333333333333333,4.866666666666666
1743607477.172704,0.0,0.0,166.0,,0.421,0.244,0.23351961550589984,0.1,-0.06666666666666667,4.466666666666667
1743607477.1932006,0.0,0.0,165.0,,0.166,-0.098,0.056872389453939576,0.1,0.0,4.0
1743607477.2135854,0.0,1.0,164.0,,0.2682081071497513,-0.294,0.09978830109634451,0.06666666666666667,-0.03333333333333333,3.5
1743607477.2340574,-1.0,1.0,161.0,,0.18020810714975127,-0.07379189285024873,0.1269861402056769,0.06666666666666667,0.0,3.0
1743607477.254285,-1.0,1.0,161.0,,0.18020810714975127,-0.07379189285024873,0.1269861402056769,0.06666666666666667,0.0,3.0
1743607477.2748652,-1.0,1.0,156.0,,0.04420810714975126,0.17120810714975127,0.11480319242359016,0.1,0.0,2.033333333333333
1743607477.2952664,-1.0,1.0,154.0,,0.10220810714975126,-0.05479189285024874,0.1267741409762433,0.06666666666666667,0.0,1.5333333333333334
1743607477.3184412,-1.0,2.0,153.0,,0.2443640626515345,0.07320810714975126,0.12495457367766072,0.06666666666666667,0.0,1.0666666666666667
1743607477.3386543,-2.0,2.0,151.0,,0.4103640626515345,0.21536406265153452,0.11503342212915335,0.03333333333333333,0.0,-0.0
1743607477.3589625,-2.0,2.0,151.0,,0.4103640626515345,0.21536406265153452,0.11503342212915335,0.03333333333333333,0.0,-0.0
1743607477.37917,-2.0,2.0,151.0,,0.4003640626515345,0.21536406265153452,0.12496873513130602,0.03333333333333333,0.0,-0.0
1743607477.399355,-2.0,2.0,152.0,,0.4103640626515345,0.22436406265153452,0.11492363684568296,0.03333333333333333,0.0,-0.0
1743607477.4195445,-2.0,2.0,152.0,,0.4103640626515345,0.22436406265153452,0.11492363684568296,0.03333333333333333,0.0,-0.0
1743607477.439762,-2.0,2.0,152.0,,0.4003640626515345,0.21536406265153452,0.12496873513130602,0.03333333333333333,0.0,-0.0
1743607477.4602754,-1.0,1.0,152.0,,0.23920810714975127,0.05320810714975127,0.12492177849688879,0.03333333333333333,0.0,-0.0
1743607477.4805777,-1.0,1.0,152.0,,0.23920810714975127,0.05320810714975127,0.12492177849688879,0.03333333333333333,0.0,-0.0
1743607477.5025895,-1.0,1.0,152.0,,0.22920810714975126,0.04420810714975126,0.11497068813283384,0.03333333333333333,0.0,-0.0
1743607477.5228071,-1.0,1.0,152.0,,0.23920810714975127,0.05320810714975127,0.12492177849688879,0.03333333333333333,0.0,-0.0
1743607477.5430052,-1.0,1.0,152.0,,0.23920810714975127,0.05320810714975127,0.12492177849688879,0.03333333333333333,0.0,-0.0
1743607477.5635436,-1.0,1.0,153.0,,0.23920810714975127,0.04420810714975126,0.11503342212915335,0.03333333333333333,0.0,-0.0
1743607477.583797,-1.0,1.0,153.0,,0.9252081071497513,0.29720810714975127,-0.031972810650527705,0.03333333333333333,-0.03333333333333333,-0.03333333333333333
1743607477.603968,-1.0,1.0,153.0,,0.9252081071497513,0.29720810714975127,-0.031972810650527705,0.03333333333333333,-0.03333333333333333,-0.03333333333333333
1743607477.6242397,-1.0,1.0,152.0,,-0.17179189285024876,-0.19179189285024872,0.18525266105498694,0.0,-0.03333333333333333,0.13333333333333333
1743607477.644548,-1.0,1.0,152.0,,0.19020810714975125,0.06320810714975127,0.08560235497040836,0.06666666666666667,0.0,-0.0
1743607477.6648288,-1.0,1.0,152.0,,0.19020810714975125,0.06320810714975127,0.08560235497040836,0.06666666666666667,0.0,-0.0
1743607477.6850536,-1.0,1.0,152.0,,0.22920810714975126,0.05320810714975127,0.12485916860198643,0.03333333333333333,0.0,-0.0
1743607477.7052596,-1.0,1.0,153.0,,0.28820810714975126,-0.6037918928502488,0.1444529931864107,0.06666666666666667,0.03333333333333333,-0.3333333333333333
1743607477.7256417,-1.0,1.0,153.0,,0.28820810714975126,-0.6037918928502488,0.1444529931864107,0.06666666666666667,0.03333333333333333,-0.3333333333333333
1743607477.7459977,-1.0,1.0,154.0,,0.42520810714975127,-0.8977918928502486,0.20322483748988063,0.03333333333333333,0.0,-1.8333333333333333
1743607477.7662,-1.0,1.0,156.0,,1.0922081071497514,1.0332081071497512,0.173602045124019,0.03333333333333333,0.03333333333333333,-2.2333333333333334
1743607477.7864377,-1.0,1.0,156.0,,1.0922081071497514,1.0332081071497512,0.173602045124019,0.03333333333333333,0.03333333333333333,-2.2333333333333334
1743607477.806637,-1.0,1.0,158.0,,0.3762081071497513,0.7192081071497514,0.14097095499977996,0.03333333333333333,0.0,-1.3333333333333333
1743607477.8270671,-1.0,1.0,161.0,,0.6412081071497513,0.9452081071497513,0.20318956398530474,0.03333333333333333,0.03333333333333333,-0.5
1743607477.8479,-1.0,0.0,162.0,,0.117,-0.35879189285024876,0.06084115625166042,0.0,0.1,-1.3666666666666667
1743607477.868101,-1.0,0.0,162.0,,0.117,-0.35879189285024876,0.06084115625166042,0.0,0.1,-1.3666666666666667
1743607477.8904135,-1.0,0.0,165.0,,0.519,0.04420810714975126,0.1680743087730736,0.03333333333333333,0.0,-1.8666666666666667
1743607477.9106207,-1.0,0.0,165.0,,0.519,0.04420810714975126,0.1680743087730736,0.03333333333333333,0.0,-1.8666666666666667
1743607477.9308398,-1.0,0.0,165.0,,0.519,0.04420810714975126,0.1680743087730736,0.03333333333333333,0.0,-1.8666666666666667
1743607477.953324,-1.0,0.0,172.0,,0.264,-0.4167918928502487,0.09578795759898462,0.03333333333333333,0.06666666666666667,-1.3333333333333333
1743607477.9735322,-1.0,0.0,173.0,,0.313,0.08320810714975127,0.10028089651298977,0.03333333333333333,0.0,-1.2333333333333334
1743607477.993896,-1.0,-1.0,174.0,,0.8577918928502486,0.06320810714975127,0.1668848466234607,0.03333333333333333,0.0,-0.9666666666666667
1743607478.0141604,-1.0,-1.0,175.0,,0.7197918928502487,0.4452081071497513,0.1569933664364136,0.03333333333333333,0.0,-1.4333333333333333
1743607478.0344622,-1.0,-2.0,176.0,,0.2746359373484655,-0.14279189285024874,0.13778360748255736,0.03333333333333333,0.0,-1.0333333333333334
1743607478.0548043,-1.0,-2.0,177.0,,0.02963593734846548,-0.14279189285024874,0.10682648937249262,0.03333333333333333,0.0,-0.7
1743607478.0794172,-1.0,-2.0,178.0,,0.38263593734846546,0.15120810714975128,0.14009374498057348,0.03333333333333333,0.0,-0.6333333333333333
1743607478.0996284,-1.0,-3.0,178.0,,0.22058426925672092,0.31720810714975123,0.11293784799353901,0.03333333333333333,-0.03333333333333333,-0.5333333333333333
1743607478.1198597,-1.0,-3.0,178.0,,0.22058426925672092,0.31720810714975123,0.11293784799353901,0.03333333333333333,-0.03333333333333333,-0.5333333333333333
1743607478.1435258,-1.0,-3.0,180.0,,0.16258426925672098,0.45420810714975124,0.16053254618291213,0.03333333333333333,0.0,-0.43333333333333335
1743607478.163717,-1.0,-3.0,180.0,,0.16258426925672098,0.45420810714975124,0.16053254618291213,0.03333333333333333,0.0,-0.43333333333333335
1743607478.183886,-1.0,-3.0,180.0,,0.16258426925672098,0.45420810714975124,0.16053254618291213,0.03333333333333333,0.0,-0.43333333333333335
1743607478.204101,-1.0,-3.0,182.0,,-0.690415730743279,-0.10379189285024876,0.12931171654464535,0.03333333333333333,0.0,-0.2
1743607478.2243054,-1.0,-3.0,182.0,,-0.690415730743279,-0.10379189285024876,0.12931171654464535,0.03333333333333333,0.0,-0.2
1743607478.244607,-1.0,-3.0,182.0,,-0.807415730743279,-0.17179189285024876,0.15408752331861741,0.03333333333333333,0.0,-0.13333333333333333
1743607478.2664409,-1.0,-3.0,182.0,,-0.807415730743279,-0.17179189285024876,0.15408752331861741,0.03333333333333333,0.0,-0.13333333333333333
1743607478.2866309,-1.0,-4.0,182.0,,-0.9983110074298693,-0.6917918928502487,0.09723269945500945,0.06666666666666667,0.0,-0.26666666666666666
1743607478.306818,-1.0,-4.0,182.0,,-0.9493110074298693,0.34720810714975125,0.16798701772729885,0.06666666666666667,0.0,0.1
1743607478.3289936,-1.0,-4.0,182.0,,-0.7923110074298693,0.41520810714975126,0.07857213938374663,0.03333333333333333,0.0,-0.03333333333333333
1743607478.349195,-1.0,-4.0,182.0,,-1.2633110074298692,0.17120810714975127,0.3070767694241763,0.06666666666666667,0.0,-0.13333333333333333
1743607478.36936,-1.0,-4.0,182.0,,-0.7433110074298692,-0.5637918928502488,-0.034054411820360286,0.03333333333333333,0.0,-0.13333333333333333
1743607478.3895586,-1.0,-4.0,182.0,,-0.6843110074298693,-0.25979189285024873,0.09429275570146167,0.06666666666666667,0.0,-0.06666666666666667
1743607478.409761,-1.0,-4.0,182.0,,-0.7233110074298693,0.8662081071497512,0.21666680628799995,0.03333333333333333,0.0,-0.1
1743607478.4299338,-1.0,-4.0,183.0,,-1.0173110074298692,0.5922081071497513,0.12831865833094547,0.0,0.0,-0.2
1743607478.450112,-1.0,-4.0,183.0,,-1.0083110074298693,-0.014791892850248733,0.14091601026949618,0.03333333333333333,0.0,-0.13333333333333333
1743607478.4704092,-1.0,-4.0,183.0,,-0.9103110074298693,-0.5447918928502486,0.1717886877724606,0.03333333333333333,0.0,-0.06666666666666667
1743607478.4906535,-1.0,-4.0,183.0,,-0.6463110074298692,0.034208107149751255,0.07601449303105312,0.03333333333333333,0.0,-0.1
1743607478.5108495,-1.0,-4.0,183.0,,-0.9883110074298693,0.5522081071497513,0.13578723124640035,0.03333333333333333,0.0,-0.03333333333333333
1743607478.5313654,-1.0,-4.0,183.0,,-0.8413110074298693,0.3862081071497513,0.13751374582452236,0.03333333333333333,0.0,-0.06666666666666667
1743607478.5515792,-1.0,-4.0,184.0,,-1.0273110074298692,0.10220810714975126,0.2379486759092,0.1,0.0,-0.13333333333333333
1743607478.5721185,-1.0,-3.0,184.0,,-0.5134157307432791,-0.6137918928502488,0.0372199483322202,0.03333333333333333,0.0,-0.2
1743607478.5928314,-1.0,-3.0,184.0,,-0.5234157307432791,-0.12279189285024872,0.10831570089538367,0.03333333333333333,0.0,-0.23333333333333334
1743607478.6129982,-1.0,-3.0,184.0,,-0.4264157307432791,0.04420810714975126,0.05619420042144618,0.06666666666666667,0.0,-0.13333333333333333
1743607478.6331794,-1.0,-3.0,184.0,,-0.39641573074327907,0.21920810714975125,0.2037823274395496,0.0,0.0,-0.13333333333333333
1743607478.6535587,-1.0,-3.0,185.0,,-0.5824157307432791,-0.07379189285024873,0.11722502039745031,0.03333333333333333,0.0,-0.16666666666666666
1743607478.6738727,-1.0,-3.0,185.0,,-0.601415730743279,-0.14279189285024874,0.10930256018199458,0.03333333333333333,0.0,-0.26666666666666666
1743607478.6956325,-1.0,-3.0,185.0,,-0.5334157307432791,-0.26979189285024874,0.12369150125047668,0.06666666666666667,0.0,-0.0
1743607478.715827,-1.0,-3.0,185.0,,-0.32841573074327907,0.3072081071497513,0.11662467067509752,0.03333333333333333,0.0,0.06666666666666667
1743607478.7360039,-1.0,-2.0,185.0,,-0.059364062651534544,0.24820810714975128,0.11828124881453483,0.03333333333333333,0.0,-0.13333333333333333
1743607478.7562125,0.0,-3.0,185.0,,-0.5234157307432791,-0.157,0.18421541383639806,0.06666666666666667,0.0,-0.23333333333333334
1743607478.7765017,0.0,-3.0,185.0,,-0.591415730743279,-0.382,0.0726370190625012,0.0,0.0,-0.2
1743607478.796937,0.0,-3.0,185.0,,-0.347415730743279,-0.294,0.12966094619522472,0.03333333333333333,0.0,-0.0
1743607478.8171208,0.0,-3.0,185.0,,-0.611415730743279,0.234,0.157178165585508,0.1,0.0,-0.0
1743607478.8411021,0.0,-3.0,185.0,,-0.44541573074327906,-0.137,0.11516486088520494,0.06666666666666667,0.0,-0.13333333333333333
1743607478.8613205,0.0,-3.0,185.0,,-0.44541573074327906,-0.137,0.11516486088520494,0.06666666666666667,0.0,-0.13333333333333333
1743607478.881636,0.0,-3.0,186.0,,-0.37741573074327905,-0.137,0.12585169242163907,0.03333333333333333,0.0,-0.1
1743607478.9018242,0.0,-3.0,186.0,,-0.5134157307432791,0.126,0.12478900434280682,0.03333333333333333,0.0,-0.06666666666666667
1743607478.9222383,0.0,-3.0,186.0,,-0.5134157307432791,0.126,0.12478900434280682,0.03333333333333333,0.0,-0.06666666666666667
1743607478.9426346,0.0,-2.0,186.0,,-0.3233640626515345,-0.088,0.11440363769285966,0.06666666666666667,0.0,-0.16666666666666666
1743607478.9629257,0.0,-2.0,186.0,,-0.3143640626515345,-0.118,0.104733915509156,0.0,0.0,-0.1
1743607478.9836285,0.0,-2.0,186.0,,-0.3143640626515345,-0.118,0.104733915509156,0.0,0.0,-0.1
1743607479.0041003,0.0,-2.0,186.0,,0.009635937348465462,0.156,0.12137464250687735,0.03333333333333333,0.0,-0.0
1743607479.024303,0.0,-2.0,187.0,,-0.0103640626515345,0.068,0.1396919635361744,0.03333333333333333,0.0,-0.2
1743607479.0452602,0.0,-2.0,187.0,,-0.0103640626515345,0.068,0.1396919635361744,0.03333333333333333,0.0,-0.2
1743607479.065432,0.0,-2.0,187.0,,-0.4403640626515345,-0.265,0.274850673580497,0.03333333333333333,0.0,-0.2
1743607479.0856566,0.0,-2.0,187.0,,-0.24536406265153451,-0.294,-0.01809562666469766,0.0,0.03333333333333333,-0.13333333333333333
1743607479.1062555,0.0,-2.0,187.0,,-0.24536406265153451,-0.294,-0.01809562666469766,0.0,0.03333333333333333,-0.13333333333333333
1743607479.1266046,0.0,-1.0,187.0,,-0.18120810714975127,-0.137,0.16393041021522592,0.03333333333333333,0.0,-0.16666666666666666
1743607479.146961,0.0,-1.0,187.0,,-0.3872081071497513,-0.088,0.14669193054231577,0.06666666666666667,0.0,0.03333333333333333
1743607479.167214,0.0,-1.0,187.0,,-0.3872081071497513,-0.088,0.14669193054231577,0.06666666666666667,0.0,0.03333333333333333
1743607479.1874366,0.0,-1.0,187.0,,-0.20020810714975126,-0.078,0.14434279995184163,0.03333333333333333,0.0,0.16666666666666666
1743607479.2076483,0.0,-1.0,187.0,,-0.025208107149751274,-0.029,0.03712087160956834,0.03333333333333333,0.0,0.03333333333333333
1743607479.2279696,0.0,-1.0,187.0,,-0.17120810714975127,-0.098,0.18347170237574062,0.0,0.0,-0.03333333333333333
1743607479.2482076,0.0,-1.0,187.0,,-0.23020810714975126,-0.284,0.12817926708143368,0.06666666666666667,0.0,0.03333333333333333
1743607479.268342,0.0,-1.0,187.0,,0.004791892850248725,-0.275,0.1592623931334245,0.03333333333333333,0.0,0.03333333333333333
1743607479.2887747,0.0,-1.0,187.0,,-0.045208107149751264,0.048,0.07591247073929175,0.03333333333333333,0.0,-0.0
1743607479.3090243,0.0,-1.0,187.0,,-0.28920810714975126,0.058,0.1448557199656122,0.03333333333333333,0.0,-0.03333333333333333
1743607479.3299417,0.0,-1.0,187.0,,-0.24020810714975127,-0.235,0.1269801811740905,0.06666666666666667,0.0,-0.1
1743607479.3501232,0.0,-1.0,187.0,,-0.34820810714975126,0.068,0.09679699075669035,0.0,0.0,-0.2
1743607479.3703156,0.0,-1.0,187.0,,-0.35720810714975126,-0.441,0.15532069158423845,0.03333333333333333,0.0,-0.06666666666666667
1743607479.3906348,0.0,0.0,187.0,,0.009,-0.235,0.10675886339577367,0.03333333333333333,0.0,-0.0
1743607479.4108794,0.0,0.0,187.0,,0.117,-0.059,0.1248533050742413,0.03333333333333333,0.0,-0.03333333333333333
1743607479.4311318,0.0,0.0,187.0,,-0.02,-0.196,0.15591714529878864,0.03333333333333333,0.0,-0.13333333333333333
1743607479.4514565,0.0,0.0,187.0,,0.136,-0.108,0.11550174814405345,0.03333333333333333,-0.03333333333333333,-0.13333333333333333
1743607479.4718351,0.0,0.0,187.0,,0.166,0.068,0.09660845631650794,0.0,0.0,-0.16666666666666666
1743607479.49212,0.0,0.0,188.0,,0.234,-0.078,0.1170286811000345,0.06666666666666667,0.0,-0.06666666666666667
1743607479.5122929,0.0,0.0,188.0,,0.038,-0.069,0.10430964381234276,0.03333333333333333,0.0,-0.0
1743607479.5326145,0.0,0.0,188.0,,0.205,-0.343,0.13192680674926116,0.1,0.0,0.03333333333333333
1743607479.5528107,0.0,0.0,188.0,,0.156,-0.02,0.09623645242439594,0.03333333333333333,0.0,-0.06666666666666667
1743607479.5730555,0.0,0.0,188.0,,0.038,0.068,0.12430158951914372,0.06666666666666667,0.0,-0.1
1743607479.593295,0.0,0.0,188.0,,-0.196,-0.098,0.1363811173174092,0.03333333333333333,0.0,-0.03333333333333333
1743607479.6135678,0.0,0.0,188.0,,-0.196,-0.098,0.1363811173174092,0.03333333333333333,0.0,-0.03333333333333333
1743607479.633994,0.0,0.0,188.0,,0.146,0.097,0.07654196725390072,0.03333333333333333,0.0,-0.0
1743607479.6543636,0.0,0.0,188.0,,0.225,-0.167,0.15787669097461965,0.03333333333333333,0.0,-0.0
1743607479.6748493,0.0,0.0,188.0,,0.166,-0.069,0.14559944221591792,0.06666666666666667,-0.03333333333333333,-0.03333333333333333
1743607479.6950967,0.0,0.0,188.0,,0.234,-0.029,0.04880609653469392,0.03333333333333333,0.0,-0.03333333333333333
1743607479.7152972,0.0,0.0,188.0,,0.038,-0.088,0.10445849195716228,0.03333333333333333,0.0,-0.0
1743607479.7356446,0.0,0.0,188.0,,0.038,-0.245,0.07808416048345279,0.03333333333333333,0.0,-0.0
1743607479.755961,0.0,0.0,188.0,,-0.098,0.342,0.2671152118019151,0.0,0.0,-0.1
1743607479.7762856,0.0,0.0,188.0,,0.176,-0.029,0.047606165085367635,0.06666666666666667,0.0,-0.1
1743607479.7964864,0.0,0.0,188.0,,0.097,-0.059,0.15463676942833438,0.06666666666666667,0.0,-0.16666666666666666
1743607479.8167968,0.0,0.0,188.0,,-0.02,-0.245,0.11700803145159,0.03333333333333333,0.0,-0.06666666666666667
1743607479.837292,0.0,0.0,188.0,,-0.049,-0.294,0.14839486664568824,0.06666666666666667,0.0,-0.06666666666666667
1743607479.8577685,0.0,0.0,189.0,,0.019,0.126,0.09581167457087858,0.03333333333333333,0.0,-0.06666666666666667
1743607479.8779879,0.0,0.0,189.0,,0.019,0.126,0.09581167457087858,0.03333333333333333,0.0,-0.06666666666666667
1743607479.8983777,0.0,0.0,189.0,,-0.098,-0.049,0.2325838778064444,0.06666666666666667,0.0,-0.06666666666666667
1743607479.919088,0.0,0.0,189.0,,0.058,-0.275,0.010018552150055982,0.06666666666666667,0.0,-0.0
1743607479.939287,0.0,0.0,189.0,,0.176,-0.235,0.10829900484306876,0.03333333333333333,0.0,-0.03333333333333333
1743607479.9594543,0.0,0.0,189.0,,-0.039,0.0,0.17307485849860704,0.03333333333333333,0.0,-0.03333333333333333
1743607479.9796228,0.0,0.0,189.0,,0.136,-0.412,0.025549110717927093,0.03333333333333333,0.0,-0.03333333333333333
1743607480.0000687,0.0,0.0,189.0,,0.136,-0.412,0.025549110717927093,0.03333333333333333,0.0,-0.03333333333333333
1743607480.020407,0.0,0.0,189.0,,-0.039,-0.265,0.06860680723116097,0.03333333333333333,0.0,-0.03333333333333333
1743607480.0408363,0.0,0.0,189.0,,-0.402,-0.049,0.09320576973148853,0.03333333333333333,0.0,-0.0
1743607480.0614429,0.0,0.0,189.0,,-0.402,-0.049,0.09320576973148853,0.03333333333333333,0.0,-0.0
1743607480.0816286,0.0,0.0,189.0,,0.195,-0.157,0.09813191126687215,0.03333333333333333,0.0,0.06666666666666667
1743607480.1018882,0.0,0.0,189.0,,0.068,-0.039,0.11430603215820234,0.03333333333333333,0.0,-0.06666666666666667
1743607480.1220562,0.0,0.0,189.0,,0.068,-0.039,0.11430603215820234,0.03333333333333333,0.0,-0.06666666666666667
1743607480.142257,0.0,0.0,189.0,,-0.069,-0.343,0.14006639505097418,0.03333333333333333,0.0,-0.06666666666666667
1743607480.1630185,0.0,0.0,189.0,,-0.088,-0.147,0.07647312746333768,0.03333333333333333,0.0,-0.0
1743607480.1833913,0.0,0.0,189.0,,-0.088,-0.147,0.07647312746333768,0.03333333333333333,0.0,-0.0
1743607480.203942,0.0,0.0,189.0,,0.146,-0.294,0.10937291061458154,0.06666666666666667,0.0,-0.0
1743607480.224303,0.0,0.0,189.0,,-0.029,-0.186,0.11576443339123621,0.03333333333333333,0.0,-0.0
1743607480.2446754,0.0,0.0,189.0,,-0.029,-0.186,0.11576443339123621,0.03333333333333333,0.0,-0.0
1743607480.2648702,0.0,0.0,189.0,,0.117,-0.157,0.1059126856853485,0.03333333333333333,0.0,-0.06666666666666667
1743607480.2850578,0.0,0.0,189.0,,-0.049,-0.098,0.12459664120467195,0.06666666666666667,0.0,-0.03333333333333333
1743607480.3053408,0.0,0.0,189.0,,-0.049,-0.098,0.12459664120467195,0.06666666666666667,0.0,-0.03333333333333333
1743607480.325607,0.0,0.0,189.0,,0.028,-0.157,0.12526387567858244,0.03333333333333333,0.0,-0.1
1743607480.3457978,0.0,0.0,189.0,,0.0,-0.284,0.1479903902504578,0.03333333333333333,0.0,-0.0
1743607480.3661299,0.0,0.0,189.0,,0.0,-0.284,0.1479903902504578,0.03333333333333333,0.0,-0.0
1743607480.3871613,0.0,0.0,189.0,,0.176,-0.01,0.11554734747604911,0.03333333333333333,0.0,-0.0
1743607480.4073274,0.0,0.0,189.0,,0.097,0.0,0.12446763080738421,0.03333333333333333,0.0,-0.0
1743607480.4285347,0.0,0.0,189.0,,0.332,0.048,0.10062104751719403,0.03333333333333333,0.0,-0.03333333333333333
1743607480.4487126,0.0,0.0,189.0,,0.048,-0.01,0.12411948605680756,0.03333333333333333,0.0,-0.06666666666666667
1743607480.469006,0.0,0.0,189.0,,0.0,-0.255,0.16620519790296484,0.1,0.0,-0.0
1743607480.4892693,0.0,0.0,189.0,,0.068,-0.039,0.06530907662798136,0.03333333333333333,0.0,0.03333333333333333
1743607480.5095859,0.0,0.0,189.0,,0.146,0.107,0.17461220391593812,0.0,0.0,-0.06666666666666667
1743607480.529787,0.0,0.0,189.0,,-0.049,-0.147,0.06620747118124726,0.06666666666666667,0.0,-0.03333333333333333
1743607480.5499744,0.0,0.0,189.0,,0.087,-0.127,0.15517059194007565,0.03333333333333333,0.0,-0.06666666666666667
1743607480.5702991,0.0,0.0,189.0,,-0.098,-0.245,0.14744512570804247,0.03333333333333333,0.0,-0.0
1743607480.5906284,0.0,0.0,189.0,,0.215,-0.127,0.10711027595112199,0.03333333333333333,0.0,-0.06666666666666667
1743607480.610993,0.0,0.0,189.0,,-0.098,-0.118,0.15516219607259174,0.1,0.0,-0.03333333333333333
1743607480.6316638,0.0,0.0,189.0,,0.156,0.028,0.07626072850817955,0.0,0.0,-0.03333333333333333
1743607480.652093,0.0,0.0,189.0,,-0.088,-0.069,0.12462148853943766,0.1,0.0,-0.03333333333333333
1743607480.6725357,0.0,0.0,189.0,,0.166,-0.206,0.12747702778429648,0.03333333333333333,0.0,-0.0
1743607480.6936157,0.0,0.0,189.0,,-0.01,-0.177,0.13555863287212588,0.06666666666666667,0.0,-0.03333333333333333
1743607480.71383,0.0,0.0,189.0,,0.293,-0.098,0.0997687315246285,0.03333333333333333,0.0,0.03333333333333333
1743607480.7339988,0.0,0.0,189.0,,0.117,0.028,0.09572350338460822,0.0,0.0,-0.03333333333333333
1743607480.7542129,0.0,0.0,189.0,,0.019,-0.088,0.14440120849024396,0.0,0.0,-0.0
1743607480.774497,0.0,0.0,189.0,,0.077,-0.049,0.11441484222342346,0.03333333333333333,0.0,-0.03333333333333333
1743607480.79469,0.0,0.0,189.0,,0.185,-0.294,0.07106357733508872,0.03333333333333333,0.0,-0.0
1743607480.8148978,0.0,0.0,189.0,,0.146,-0.069,0.18428061863384393,0.0,0.0,-0.03333333333333333
1743607480.8364878,0.0,0.0,189.0,,-0.255,-0.127,0.19697579813736787,0.1,0.0,0.03333333333333333
1743607480.8567212,0.0,0.0,189.0,,0.529,-0.029,0.030228345698079195,0.06666666666666667,0.0,-0.0
1743607480.8770783,0.0,0.0,189.0,,-0.147,-0.069,0.1742975999626335,0.06666666666666667,0.0,-0.06666666666666667
1743607480.8976126,0.0,0.0,189.0,,0.097,-0.226,0.08802868384447926,0.0,0.0,-0.0
1743607480.9195807,0.0,0.0,189.0,,0.058,-0.137,0.13509770126802323,0.03333333333333333,0.0,-0.0
1743607480.9397984,0.0,0.0,189.0,,-0.088,-0.147,0.18444146466714528,0.03333333333333333,0.0,-0.03333333333333333
1743607480.9599876,0.0,0.0,189.0,,-0.088,-0.147,0.18444146466714528,0.03333333333333333,0.0,-0.03333333333333333
1743607480.9801693,0.0,0.0,189.0,,0.176,-0.039,0.06663417869369148,0.03333333333333333,0.0,-0.06666666666666667
1743607481.000527,0.0,0.0,189.0,,0.087,-0.265,0.09888703072147287,0.03333333333333333,0.0,-0.0
1743607481.0209868,0.0,0.0,189.0,,0.087,-0.265,0.09888703072147287,0.03333333333333333,0.0,-0.0
1743607481.0414927,0.0,0.0,189.0,,-0.049,-0.147,0.13519077541741353,0.03333333333333333,0.0,-0.03333333333333333
1743607481.0616746,0.0,0.0,189.0,,-0.255,-0.078,0.1964839478274012,0.03333333333333333,0.0,-0.16666666666666666
1743607481.0823314,0.0,0.0,189.0,,-0.255,-0.078,0.1964839478274012,0.03333333333333333,0.0,-0.16666666666666666
1743607481.1026905,0.0,0.0,189.0,,-0.235,-0.265,0.12024196758297023,0.03333333333333333,0.0,0.06666666666666667
1743607481.122935,0.0,0.0,189.0,,0.195,-0.059,0.11606651773343302,0.0,0.0,-0.0
1743607481.1434312,0.0,0.0,189.0,,0.195,-0.059,0.11606651773343302,0.0,0.0,-0.0
1743607481.1637688,0.0,0.0,189.0,,-0.226,-0.147,0.14759624830780815,0.03333333333333333,0.0,-0.0
1743607481.1839657,0.0,0.0,189.0,,0.068,-0.177,0.09679699075669035,0.03333333333333333,0.0,0.03333333333333333
1743607481.204153,0.0,0.0,189.0,,0.068,-0.177,0.09679699075669035,0.03333333333333333,0.0,0.03333333333333333
1743607481.2243478,0.0,0.0,189.0,,0.038,-0.137,0.13500249215122473,0.06666666666666667,0.0,-0.0
1743607481.245054,0.0,0.0,189.0,,0.156,0.038,0.1252811162303864,0.03333333333333333,0.0,-0.03333333333333333
1743607481.2656677,0.0,0.0,189.0,,0.156,0.038,0.1252811162303864,0.03333333333333333,0.0,-0.03333333333333333
1743607481.2858238,0.0,0.0,189.0,,-0.01,-0.137,0.16393041021522592,0.06666666666666667,0.0,-0.0
1743607481.3060656,0.0,0.0,189.0,,0.019,-0.137,0.1349487870358157,0.0,0.0,-0.03333333333333333
1743607481.326442,0.0,0.0,189.0,,0.019,-0.137,0.1349487870358157,0.0,0.0,-0.03333333333333333
1743607481.3468242,0.0,0.0,189.0,,0.0,0.058,0.12416719973484014,0.06666666666666667,0.0,-0.03333333333333333
1743607481.3684502,0.0,0.0,189.0,,0.185,-0.235,0.10846092803371299,0.03333333333333333,0.0,-0.0
1743607481.3886254,0.0,0.0,189.0,,-0.137,-0.059,0.18409270941525513,0.03333333333333333,0.0,-0.0
1743607481.4088116,0.0,0.0,189.0,,0.117,-0.167,0.0570949289314413,0.03333333333333333,0.0,-0.0
1743607481.4290214,0.0,0.0,189.0,,-0.137,-0.039,0.15500227537454947,0.03333333333333333,0.0,-0.03333333333333333
1743607481.4492157,0.0,0.0,189.0,,-0.078,-0.157,0.11553027269150107,0.03333333333333333,0.0,-0.0
1743607481.4693737,0.0,0.0,189.0,,0.0,-0.186,0.1157225704326379,0.06666666666666667,0.0,-0.0
1743607481.4895465,0.0,0.0,189.0,,0.117,0.0,0.12468032627522874,0.0,0.0,-0.13333333333333333
1743607481.5097232,0.0,0.0,189.0,,-0.078,-0.118,0.12499432497093466,0.03333333333333333,0.0,-0.0
1743607481.5299587,0.0,0.0,189.0,,0.019,-0.157,0.09625014595635051,0.03333333333333333,0.0,-0.03333333333333333
1743607481.5506487,0.0,0.0,189.0,,0.038,-0.137,0.14500047922112458,0.03333333333333333,0.0,-0.06666666666666667
1743607481.5711768,0.0,0.0,189.0,,0.146,-0.108,0.1256388247474458,0.06666666666666667,0.0,-0.06666666666666667
1743607481.5914593,0.0,0.0,189.0,,0.097,-0.255,0.11770502181276044,0.03333333333333333,0.0,-0.06666666666666667
1743607481.6116784,0.0,0.0,189.0,,-0.137,-0.127,0.20470685944893852,0.06666666666666667,0.0,-0.0
1743607481.6318877,0.0,0.0,189.0,,0.097,0.019,0.055492387135743115,0.03333333333333333,0.0,-0.13333333333333333
1743607481.652085,0.0,0.0,189.0,,0.136,-0.098,0.10540202059193682,0.03333333333333333,0.0,-0.0
1743607481.6723228,0.0,0.0,189.0,,0.087,-0.02,0.11439686515799075,0.06666666666666667,0.0,-0.06666666666666667
1743607481.6925035,0.0,0.0,189.0,,0.087,-0.216,0.12669408521992231,0.06666666666666667,0.0,0.03333333333333333
1743607481.7127864,0.0,0.0,189.0,,0.234,-0.078,0.1170286811000345,0.06666666666666667,0.0,-0.06666666666666667
1743607481.7343946,0.0,0.0,189.0,,0.176,-0.059,0.10571911319824778,0.03333333333333333,0.0,-0.06666666666666667
1743607481.754575,0.0,0.0,189.0,,-0.088,-0.098,0.13486041714207175,0.03333333333333333,0.0,-0.03333333333333333
1743607481.774733,0.0,0.0,189.0,,-0.069,-0.157,0.13545852857360074,0.06666666666666667,0.0,-0.0
1743607481.7949035,0.0,0.0,189.0,,0.264,-0.069,0.09872039005914246,0.03333333333333333,0.0,-0.0
1743607481.81517,0.0,0.0,189.0,,0.136,-0.127,0.09673063267068649,0.03333333333333333,0.0,-0.06666666666666667
1743607481.8355823,0.0,0.0,189.0,,0.048,-0.118,0.16380020126217687,0.03333333333333333,0.0,-0.0
1743607481.8561957,0.0,0.0,189.0,,0.028,-0.069,0.12427559665959187,0.06666666666666667,0.0,-0.06666666666666667
1743607481.8768322,0.0,0.0,189.0,,-0.118,-0.098,0.12516922492017812,0.06666666666666667,0.0,-0.06666666666666667
1743607481.8971012,0.0,0.0,189.0,,-0.02,-0.177,0.13557350694914838,0.06666666666666667,0.0,-0.03333333333333333
1743607481.9174023,0.0,0.0,190.0,,-0.039,-0.186,0.11579828176488505,0.03333333333333333,0.0,-0.0
1743607481.937566,0.0,0.0,190.0,,-0.039,-0.098,0.13455179804348383,0.03333333333333333,0.0,-0.03333333333333333
1743607481.9577749,0.0,0.0,190.0,,-0.01,-0.127,0.10480980259585593,0.03333333333333333,0.0,-0.03333333333333333
1743607481.9784718,0.0,0.0,190.0,,-0.059,-0.127,0.11497651348318705,0.03333333333333333,0.0,-0.0
1743607481.9993706,0.0,0.0,190.0,,-0.02,-0.088,0.12440476372688636,0.03333333333333333,0.0,-0.0
1743607482.0195565,0.0,0.0,190.0,,0.195,-0.177,0.09846554375220862,0.03333333333333333,0.0,-0.0
1743607482.0397632,0.0,0.0,190.0,,0.195,-0.177,0.09846554375220862,0.03333333333333333,0.0,-0.0
1743607482.0600593,0.0,0.0,190.0,,0.146,-0.108,0.155628973582834,0.0,0.0,-0.03333333333333333
1743607482.0803366,0.0,0.0,189.0,,0.303,-0.147,0.09067691369220121,0.1,0.0,-0.0
1743607482.1006558,0.0,0.0,189.0,,0.303,-0.147,0.09067691369220121,0.1,0.0,-0.0
1743607482.120971,0.0,0.0,189.0,,0.303,-0.147,0.09067691369220121,0.1,0.0,-0.0
1743607482.1412163,0.0,0.0,190.0,,0.0,-0.088,0.1443833395481633,0.03333333333333333,0.0,-0.0
1743607482.1619623,0.0,0.0,190.0,,0.0,-0.088,0.1443833395481633,0.03333333333333333,0.0,-0.0
1743607482.1821668,0.0,0.0,190.0,,0.0,-0.088,0.1443833395481633,0.03333333333333333,0.0,-0.0
1743607482.2023382,0.0,0.0,190.0,,0.048,-0.088,0.1145003937732536,0.1,0.0,-0.0
1743607482.2224908,0.0,0.0,190.0,,0.048,-0.088,0.1145003937732536,0.1,0.0,-0.0
1743607482.2427957,0.0,0.0,190.0,,-0.029,-0.265,0.13752325955024602,0.03333333333333333,0.0,-0.0
1743607482.2631216,0.0,0.0,190.0,,0.077,-0.108,0.12487432428176248,0.06666666666666667,0.0,-0.03333333333333333
1743607482.283409,0.0,0.0,190.0,,0.077,-0.108,0.12487432428176248,0.06666666666666667,0.0,-0.03333333333333333
1743607482.3036103,0.0,0.0,190.0,,0.038,-0.147,0.11514793346304586,0.03333333333333333,0.0,-0.0
1743607482.3237853,0.0,0.0,190.0,,0.058,-0.167,0.10555929877717674,0.03333333333333333,0.0,-0.0
1743607482.3441951,0.0,0.0,190.0,,0.058,-0.167,0.10555929877717674,0.03333333333333333,0.0,-0.0
1743607482.3643818,0.0,0.0,190.0,,0.185,-0.118,0.06742098046087541,0.06666666666666667,0.0,0.03333333333333333
1743607482.3845608,0.0,0.0,190.0,,0.215,-0.177,0.10786801782394484,0.06666666666666667,0.0,-0.0
1743607482.4049575,0.0,0.0,190.0,,0.215,-0.177,0.10786801782394484,0.06666666666666667,0.0,-0.0
1743607482.4253066,0.0,0.0,190.0,,0.077,-0.108,0.13487256690431693,0.03333333333333333,0.0,-0.03333333333333333
1743607482.4456456,0.0,0.0,190.0,,-0.01,-0.069,0.1142420889937199,0.03333333333333333,0.0,-0.0
1743607482.4660318,0.0,0.0,190.0,,-0.01,-0.069,0.1142420889937199,0.03333333333333333,0.0,-0.0
1743607482.4863942,0.0,0.0,190.0,,-0.108,-0.118,0.11527414022207871,0.03333333333333333,0.0,-0.0
1743607482.5066004,0.0,0.0,190.0,,-0.177,-0.039,0.10563895756590647,0.1,0.0,-0.0
1743607482.5267913,0.0,0.0,190.0,,-0.177,-0.039,0.10563895756590647,0.1,0.0,-0.0
1743607482.5473866,0.0,0.0,190.0,,0.0,-0.196,0.12590886875177176,0.03333333333333333,0.0,-0.03333333333333333
1743607482.567558,0.0,0.0,190.0,,-0.039,-0.059,0.13424810984170144,0.03333333333333333,0.0,-0.0
1743607482.5877392,0.0,0.0,190.0,,-0.039,-0.059,0.13424810984170144,0.03333333333333333,0.0,-0.0
1743607482.6080763,0.0,0.0,190.0,,0.244,-0.167,0.13833375704118822,0.03333333333333333,0.0,-0.0
1743607482.6284647,0.0,0.0,190.0,,0.136,-0.029,0.11496292098288485,0.03333333333333333,0.0,-0.0
1743607482.6514127,0.0,0.0,190.0,,0.136,-0.029,0.11496292098288485,0.03333333333333333,0.0,-0.0
1743607482.6716309,0.0,0.0,190.0,,0.156,-0.147,0.10629206648561507,0.03333333333333333,0.0,-0.0
1743607482.691843,0.0,0.0,190.0,,0.146,-0.177,0.13661036080750932,0.03333333333333333,0.0,-0.0
1743607482.7120137,0.0,0.0,190.0,,0.176,-0.078,0.125841508869577,0.06666666666666667,0.0,-0.0
1743607482.7324204,0.0,0.0,190.0,,0.117,-0.118,0.12537218657049998,0.03333333333333333,0.0,-0.06666666666666667
1743607482.7526262,0.0,0.0,190.0,,-0.02,-0.039,0.14409509655597041,0.1,0.0,-0.0
1743607482.7728646,0.0,0.0,190.0,,0.225,-0.245,0.09053848423403288,0.06666666666666667,0.0,-0.0
1743607482.7933686,0.0,0.0,190.0,,0.176,-0.137,0.12647158746249154,0.03333333333333333,0.0,-0.03333333333333333
1743607482.813548,0.0,0.0,190.0,,0.058,-0.255,0.11740428290348426,0.06666666666666667,0.0,-0.0
1743607482.833733,0.0,0.0,190.0,,0.028,0.019,0.11405702525032169,0.06666666666666667,0.0,-0.03333333333333333
1743607482.8539164,0.0,0.0,190.0,,0.038,-0.118,0.12476376074246076,0.06666666666666667,0.0,-0.0
1743607482.8746326,0.0,0.0,190.0,,0.038,-0.177,0.13562526820970788,0.03333333333333333,0.0,-0.0
1743607482.8952596,0.0,0.0,190.0,,-0.118,-0.049,0.1348096851980234,0.03333333333333333,0.0,-0.03333333333333333
1743607482.915893,0.0,0.0,190.0,,0.048,-0.167,0.10550642462095539,0.03333333333333333,0.0,-0.03333333333333333
1743607482.9368663,0.0,0.0,190.0,,0.0,-0.167,0.10539149520382907,0.06666666666666667,0.0,-0.0
1743607482.95726,0.0,0.0,190.0,,0.048,-0.235,0.10686970602567492,0.06666666666666667,0.0,-0.03333333333333333
1743607482.9776113,0.0,0.0,190.0,,-0.088,0.048,0.15449638452823677,0.0,0.0,-0.13333333333333333
1743607482.997888,0.0,0.0,190.0,,-0.059,-0.177,0.11573322288911925,0.03333333333333333,0.0,-0.0
1743607483.0184941,0.0,0.0,190.0,,-0.049,-0.118,0.11481295162421112,0.06666666666666667,0.0,-0.0
1743607483.0391479,0.0,0.0,190.0,,-0.069,-0.02,0.11425702909736835,0.03333333333333333,0.0,-0.0
1743607483.0613832,0.0,0.0,190.0,,-0.069,-0.02,0.11425702909736835,0.03333333333333333,0.0,-0.0
1743607483.0816057,0.0,0.0,190.0,,0.176,-0.127,0.11634518308425079,0.03333333333333333,0.0,-0.06666666666666667
1743607483.103813,0.0,0.0,190.0,,0.097,-0.216,0.11679107786316933,0.06666666666666667,0.0,-0.03333333333333333
1743607483.1240032,0.0,0.0,190.0,,0.097,-0.216,0.11679107786316933,0.06666666666666667,0.0,-0.03333333333333333
1743607483.1441863,0.0,0.0,190.0,,0.028,-0.108,0.12461865595281019,0.03333333333333333,0.0,-0.03333333333333333
1743607483.1643507,0.0,0.0,190.0,,0.019,-0.137,0.11495261454389016,0.03333333333333333,0.0,-0.03333333333333333
1743607483.1845453,0.0,0.0,190.0,,0.019,-0.137,0.11495261454389016,0.03333333333333333,0.0,-0.03333333333333333
1743607483.2049174,0.0,0.0,190.0,,-0.078,-0.078,0.14460231397701406,0.03333333333333333,0.0,-0.06666666666666667
1743607483.2250953,0.0,0.0,190.0,,0.264,-0.216,0.10081189590670903,0.03333333333333333,0.0,0.03333333333333333
1743607483.2453692,0.0,0.0,190.0,,0.264,-0.216,0.10081189590670903,0.03333333333333333,0.0,0.03333333333333333
1743607483.2655623,0.0,0.0,190.0,,0.0,0.0,0.11399999999999899,0.03333333333333333,0.0,-0.06666666666666667
1743607483.2858386,0.0,0.0,190.0,,0.038,-0.069,0.12430839832200746,0.03333333333333333,0.0,-0.06666666666666667
1743607483.3061626,0.0,0.0,190.0,,0.038,-0.069,0.12430839832200746,0.03333333333333333,0.0,-0.06666666666666667
1743607483.3264863,0.0,0.0,190.0,,0.068,-0.147,0.13530100312205562,0.03333333333333333,0.0,-0.0
1743607483.3466737,0.0,0.0,190.0,,0.009,-0.147,0.1150800735349442,0.06666666666666667,0.0,-0.03333333333333333
1743607483.3669834,0.0,0.0,190.0,,0.009,-0.147,0.1150800735349442,0.06666666666666667,0.0,-0.03333333333333333
1743607483.3872547,0.0,0.0,190.0,,-0.078,-0.137,0.14523010126973013,0.03333333333333333,0.0,-0.0
1743607483.407459,0.0,0.0,190.0,,0.048,-0.039,0.12419011199321162,0.03333333333333333,0.0,0.03333333333333333
1743607483.4276571,0.0,0.0,190.0,,0.048,-0.039,0.12419011199321162,0.03333333333333333,0.0,0.03333333333333333
1743607483.4479825,0.0,0.0,190.0,,-0.167,-0.108,0.13596139898444015,0.03333333333333333,0.0,-0.03333333333333333
1743607483.4682689,0.0,0.0,190.0,,0.0,-0.226,0.11654280757130842,0.03333333333333333,0.0,-0.0
1743607483.4884305,0.0,0.0,190.0,,0.028,-0.118,0.12473096364777447,0.03333333333333333,0.0,-0.0
1743607483.5090795,0.0,0.0,190.0,,0.019,-0.01,0.11402295963085685,0.03333333333333333,0.0,-0.0
1743607483.5297492,0.0,0.0,190.0,,0.019,-0.02,0.11403790073571685,0.06666666666666667,0.0,-0.03333333333333333
1743607483.5503767,0.0,0.0,190.0,,0.166,-0.147,0.12644278084206562,0.03333333333333333,0.0,-0.0
1743607483.5705624,0.0,0.0,190.0,,0.166,-0.216,0.12768654868903795,0.03333333333333333,0.0,0.03333333333333333
1743607483.5907748,0.0,0.0,190.0,,0.097,-0.098,0.11494678915095768,0.03333333333333333,0.0,-0.0
1743607483.6110601,0.0,0.0,190.0,,0.097,-0.098,0.11494678915095768,0.03333333333333333,0.0,-0.0
1743607483.6315043,0.0,0.0,190.0,,0.097,-0.118,0.11516187369942621,0.03333333333333333,0.0,-0.0
1743607483.651776,0.0,0.0,190.0,,0.332,-0.127,0.11029953158364592,0.03333333333333333,0.0,-0.0
1743607483.672161,0.0,0.0,190.0,,0.185,-0.177,0.12725666879875597,0.03333333333333333,0.0,-0.0
1743607483.6926444,0.0,0.0,190.0,,0.028,-0.088,0.10442555932748654,0.06666666666666667,0.0,-0.0
1743607483.7130544,0.0,0.0,190.0,,0.009,-0.098,0.13448037954289305,0.06666666666666667,0.0,-0.0
1743607483.7332494,0.0,0.0,190.0,,0.077,-0.069,0.11453236298628866,0.03333333333333333,0.0,-0.1
1743607483.753483,0.0,0.0,190.0,,-0.108,-0.206,0.11669329476132795,0.03333333333333333,0.0,-0.0
1743607483.7737827,0.0,0.0,190.0,,0.0,-0.078,0.12430238470853006,0.06666666666666667,0.0,0.03333333333333333
1743607483.7940881,0.0,0.0,190.0,,-0.706,-0.284,0.16259972906372866,0.03333333333333333,0.0,0.06666666666666667
1743607483.8142962,0.0,0.0,190.0,,-0.706,-0.284,0.16259972906372866,0.03333333333333333,0.0,0.06666666666666667
1743607483.8347502,0.0,0.0,190.0,,-0.177,-0.363,0.12211288150667521,0.03333333333333333,0.0,0.2
1743607483.8553245,0.0,0.0,189.0,,-0.157,-0.147,0.11630302894695888,0.06666666666666667,0.0,0.16666666666666666
1743607483.8758953,0.0,0.0,189.0,,-0.559,0.548,0.17419556037130413,0.06666666666666667,0.0,-0.0
1743607483.8962026,0.0,0.0,189.0,,-0.108,0.117,0.1252599008987012,0.03333333333333333,0.0,-0.06666666666666667
1743607483.9164162,0.0,0.0,189.0,,0.028,-0.108,0.12461865595281019,0.03333333333333333,0.0,-0.0
1743607483.9366443,0.0,0.0,189.0,,0.038,-0.127,0.12487333046884785,0.03333333333333333,0.0,-0.0
1743607483.9594097,0.0,0.0,189.0,,0.028,-0.118,0.11473243734794814,0.03333333333333333,0.0,-0.0
1743607483.9796262,0.0,0.0,189.0,,0.028,-0.118,0.12473096364777447,0.03333333333333333,0.03333333333333333,-0.03333333333333333
1743607484.003371,0.0,0.0,189.0,,0.068,-0.108,0.11481110932836636,0.03333333333333333,0.0,-0.03333333333333333
1743607484.023534,0.0,0.0,189.0,,0.068,-0.108,0.11481110932836636,0.03333333333333333,0.0,-0.03333333333333333
1743607484.0436945,0.0,0.0,189.0,,-0.039,-0.108,0.1246552806117105,0.03333333333333333,-0.03333333333333333,-0.16666666666666666
1743607484.0638561,0.0,0.0,189.0,,-0.098,-0.108,0.12505693227785564,0.03333333333333333,0.0,-0.16666666666666666
1743607484.0840657,0.0,0.0,189.0,,-0.098,-0.108,0.12505693227785564,0.03333333333333333,0.0,-0.16666666666666666
1743607484.106384,0.0,0.0,189.0,,-0.196,-0.108,0.12648822565347295,0.03333333333333333,0.0,-0.13333333333333333
1743607484.126566,0.0,0.0,190.0,,-0.255,-0.098,0.1376998035088839,0.03333333333333333,0.0,-0.1
1743607484.1467426,0.0,0.0,190.0,,-0.255,-0.098,0.1376998035088839,0.03333333333333333,0.0,-0.1
1743607484.1669457,0.0,0.0,190.0,,-0.235,-0.088,0.12712830954645327,0.03333333333333333,0.0,-0.0
1743607484.1872857,0.0,0.0,190.0,,-0.255,-0.147,0.11831188787564528,0.03333333333333333,0.0,-0.0
1743607484.2083457,0.0,0.0,190.0,,0.0,-0.039,0.1340754468278007,0.03333333333333333,0.0,-0.0
1743607484.2286868,0.0,0.0,190.0,,-0.147,-0.01,0.12507884455206408,0.03333333333333333,0.0,-0.0
1743607484.2489333,0.0,0.0,189.0,,0.019,-0.069,0.12425457360292747,0.03333333333333333,0.0,-0.0
1743607484.2694783,0.0,0.0,189.0,,-0.177,-0.118,0.11625301064094096,0.03333333333333333,0.0,-0.0
1743607484.2902079,0.0,0.0,189.0,,0.087,-0.177,0.11593670801058664,0.03333333333333333,0.0,-0.0
1743607484.3103833,0.0,0.0,189.0,,-0.275,-0.088,0.10815785749428741,0.03333333333333333,0.0,-0.0
1743607484.3305912,0.0,0.0,189.0,,-0.01,-0.039,0.13408040711052394,0.03333333333333333,0.0,0.03333333333333333
1743607484.3509793,0.0,0.0,189.0,,-0.029,-0.029,0.13408343287928837,0.03333333333333333,0.0,-0.0
1743607484.3714743,0.0,0.0,189.0,,-0.147,0.048,0.115190749714289,0.03333333333333333,0.0,-0.03333333333333333
1743607484.3919697,0.0,0.0,189.0,,-0.029,-0.157,0.11526926131363346,0.06666666666666667,0.0,-0.06666666666666667
1743607484.4121547,0.0,0.0,189.0,,0.136,-0.235,0.1476474780746635,0.03333333333333333,0.0,-0.0
1743607484.4337213,0.0,0.0,189.0,,-0.451,0.038,0.09524594397169217,0.03333333333333333,0.0,-0.0
1743607484.454188,0.0,0.0,189.0,,-0.177,-0.059,0.13572625980424036,0.03333333333333333,0.0,-0.0
1743607484.4744868,0.0,0.0,189.0,,-0.304,-0.118,0.10031219288239868,0.03333333333333333,0.0,-0.03333333333333333
1743607484.4946425,0.0,0.0,189.0,,0.009,-0.069,0.14423969148543314,0.03333333333333333,0.0,-0.0
1743607484.517389,0.0,0.0,189.0,,-0.235,-0.127,0.127544651875807,0.03333333333333333,0.0,-0.03333333333333333
1743607484.5384474,0.0,1.0,189.0,,0.034208107149751255,-0.226,0.10748373503249375,0.03333333333333333,0.0,-0.03333333333333333
1743607484.55901,0.0,1.0,189.0,,0.034208107149751255,-0.226,0.10748373503249375,0.03333333333333333,0.0,-0.03333333333333333
1743607484.57919,0.0,1.0,189.0,,0.12220810714975126,-0.147,0.1251931735599765,0.03333333333333333,0.0,-0.0
1743607484.6014624,0.0,1.0,189.0,,0.21920810714975125,0.0,0.12411451584197408,0.03333333333333333,0.0,-0.0
1743607484.6218648,0.0,1.0,189.0,,0.21920810714975125,0.0,0.12411451584197408,0.03333333333333333,0.0,-0.0
1743607484.6424809,0.0,1.0,189.0,,0.29720810714975127,-0.118,0.11548382683511704,0.03333333333333333,0.0,-0.0
1743607484.66267,0.0,0.0,189.0,,0.332,-0.137,0.1403923165737293,0.06666666666666667,0.0,-0.0
1743607484.6829922,0.0,0.0,189.0,,0.332,-0.137,0.1403923165737293,0.06666666666666667,0.0,-0.0
1743607484.7033367,0.0,0.0,189.0,,0.009,-0.127,0.0958103250298219,0.03333333333333333,0.0,-0.03333333333333333
1743607484.723662,0.0,0.0,189.0,,0.009,-0.284,0.12801048526514336,0.03333333333333333,0.0,-0.0
1743607484.7438736,0.0,0.0,189.0,,0.009,-0.284,0.12801048526514336,0.03333333333333333,0.0,-0.0
1743607484.7642136,0.0,0.0,189.0,,0.097,0.019,0.13448459526159695,0.06666666666666667,0.0,-0.03333333333333333
1743607484.784705,0.0,0.0,189.0,,-0.304,0.0,0.07963580225283806,0.06666666666666667,0.0,-0.06666666666666667
1743607484.8051877,0.0,0.0,189.0,,-0.304,0.0,0.07963580225283806,0.06666666666666667,0.0,-0.06666666666666667
1743607484.825802,0.0,0.0,189.0,,0.019,-0.353,0.16016832971723893,0.03333333333333333,0.0,-0.06666666666666667
1743607484.846385,0.0,0.0,189.0,,0.156,-0.177,0.11677117314314245,0.03333333333333333,0.03333333333333333,-0.06666666666666667
1743607484.8668895,0.0,0.0,189.0,,0.156,-0.177,0.11677117314314245,0.03333333333333333,0.03333333333333333,-0.06666666666666667
1743607484.887383,0.0,0.0,189.0,,0.087,-0.118,0.14506382484523606,0.03333333333333333,0.0,-0.0
1743607484.9077454,0.0,0.0,189.0,,-0.029,-0.029,0.12408360093607307,0.06666666666666667,0.0,-0.0
1743607484.928218,0.0,0.0,189.0,,-0.029,-0.029,0.12408360093607307,0.06666666666666667,0.0,-0.0
1743607484.948401,0.0,0.0,189.0,,0.411,-0.118,0.15303912212305626,0.03333333333333333,0.0,-0.06666666666666667
1743607484.9685829,0.0,0.0,189.0,,0.254,-0.216,0.12952102063686333,0.03333333333333333,0.0,-0.03333333333333333
1743607484.9890175,0.0,0.0,189.0,,0.283,-0.108,0.11856648935336622,0.03333333333333333,0.0,-0.03333333333333333
1743607485.0092824,0.0,0.0,189.0,,0.058,-0.157,0.11539486599474635,0.03333333333333333,0.0,-0.03333333333333333
1743607485.0296783,0.0,0.0,189.0,,0.097,-0.177,0.10603238465774112,0.03333333333333333,0.0,-0.03333333333333333
1743607485.050133,0.0,0.0,189.0,,0.009,-0.216,0.1363175210858163,0.03333333333333333,0.0,-0.0
1743607485.0706446,0.0,0.0,189.0,,-0.137,-0.049,0.1050563112153231,0.06666666666666667,0.0,-0.0
1743607485.091409,0.0,0.0,189.0,,0.146,-0.059,0.1152347602532906,0.06666666666666667,0.03333333333333333,-0.03333333333333333
1743607485.1116037,0.0,0.0,189.0,,0.068,-0.137,0.12516251728214733,0.03333333333333333,0.0,-0.1
1743607485.1317823,0.0,0.0,189.0,,-0.049,-0.284,0.14810910315578596,0.06666666666666667,0.0,-0.03333333333333333
1743607485.151995,0.0,0.0,190.0,,-0.363,-0.118,0.10227587732134857,0.06666666666666667,-0.03333333333333333,-0.06666666666666667
1743607485.1722949,0.0,0.0,190.0,,-0.098,-0.235,0.1272206691301747,0.03333333333333333,0.0,-0.06666666666666667
1743607485.192767,0.0,0.0,190.0,,0.46,-0.157,0.13572146141570585,0.03333333333333333,0.0,-0.1
1743607485.2131658,0.0,0.0,190.0,,0.293,-0.186,0.12998111501453025,0.06666666666666667,0.0,-0.0
1743607485.2346635,0.0,0.0,190.0,,0.293,-0.186,0.12998111501453025,0.06666666666666667,0.0,-0.0
1743607485.2548778,0.0,0.0,190.0,,0.352,-0.01,0.12017008737927348,0.03333333333333333,-0.03333333333333333,-0.06666666666666667
1743607485.2750618,0.0,0.0,190.0,,0.166,-0.147,0.13643787206787827,0.03333333333333333,0.0,-0.03333333333333333
1743607485.295536,0.0,0.0,190.0,,0.342,-0.186,0.12153961548447612,0.03333333333333333,0.0,-0.0
1743607485.3158164,0.0,0.0,190.0,,0.47,-0.108,0.12556217834495165,0.03333333333333333,0.0,-0.0
1743607485.3359704,0.0,0.0,190.0,,0.313,-0.127,0.12966620569158493,0.03333333333333333,-0.03333333333333333,-0.03333333333333333
1743607485.3561785,0.0,0.0,190.0,,0.313,-0.127,0.12966620569158493,0.03333333333333333,-0.03333333333333333,-0.03333333333333333
1743607485.3765764,0.0,0.0,190.0,,0.146,0.0,0.09606552833143311,0.03333333333333333,0.0,-0.03333333333333333
1743607485.3969362,0.0,0.0,190.0,,0.126,-0.157,0.1160176903711001,0.03333333333333333,0.0,-0.06666666666666667
1743607485.4171765,0.0,0.0,190.0,,0.126,-0.157,0.1160176903711001,0.03333333333333333,0.0,-0.06666666666666667
1743607485.4373806,0.0,0.0,190.0,,0.097,-0.167,0.12585333172217794,0.03333333333333333,0.0,-0.06666666666666667
1743607485.4577093,0.0,0.0,190.0,,0.146,-0.147,0.10614145653011597,0.03333333333333333,0.0,-0.06666666666666667
1743607485.4779758,0.0,0.0,190.0,,0.146,-0.147,0.10614145653011597,0.03333333333333333,0.0,-0.06666666666666667
1743607485.4981503,0.0,0.0,190.0,,0.185,-0.186,0.12741888583531136,0.03333333333333333,0.0,-0.03333333333333333
1743607485.5183933,0.0,0.0,190.0,,0.185,-0.186,0.12741888583531136,0.03333333333333333,0.0,-0.03333333333333333
1743607485.5387146,0.0,0.0,190.0,,0.048,-0.186,0.11583725673752987,0.03333333333333333,0.0,-0.03333333333333333
1743607485.558885,0.0,0.0,190.0,,-0.029,-0.118,0.12473379613711266,0.03333333333333333,0.0,-0.06666666666666667
1743607485.5790675,0.0,0.0,190.0,,-0.029,-0.118,0.12473379613711266,0.03333333333333333,0.0,-0.06666666666666667
1743607485.5992582,0.0,0.0,190.0,,-0.049,-0.118,0.12481131594542916,0.03333333333333333,0.0,-0.03333333333333333
1743607485.6195898,0.0,0.0,190.0,,0.185,-0.02,0.1357170878932763,0.03333333333333333,0.0,-0.06666666666666667
1743607485.639876,0.0,0.0,190.0,,0.185,-0.02,0.1357170878932763,0.03333333333333333,0.0,-0.06666666666666667
1743607485.6600487,0.0,0.0,190.0,,-0.284,-0.098,0.1085012954470077,0.03333333333333333,0.0,-0.03333333333333333
1743607485.6802435,0.0,0.0,190.0,,-0.02,-0.167,0.11540860604756631,0.03333333333333333,0.0,-0.0
1743607485.7006085,0.0,0.0,190.0,,-0.02,-0.167,0.11540860604756631,0.03333333333333333,0.0,-0.0
1743607485.7209215,0.0,0.0,190.0,,0.166,-0.118,0.12606106915653292,0.03333333333333333,0.03333333333333333,-0.03333333333333333
1743607485.741112,0.0,0.0,190.0,,-0.02,0.058,0.12418708022854297,0.03333333333333333,0.0,-0.0
1743607485.7633972,0.0,0.0,190.0,,0.225,0.009,0.11652439431115802,0.03333333333333333,0.03333333333333333,-0.0
1743607485.7835643,0.0,0.0,190.0,,0.205,-0.02,0.11611225850509399,0.03333333333333333,0.0,-0.06666666666666667
1743607485.803725,0.0,0.0,190.0,,0.234,-0.186,0.13842921594702773,0.03333333333333333,-0.03333333333333333,-0.1
1743607485.8239782,0.0,0.0,190.0,,0.019,-0.245,0.10701215547481624,0.03333333333333333,0.0,-0.06666666666666667
1743607485.8442056,0.0,0.0,191.0,,0.215,-0.275,0.11007523579840495,0.03333333333333333,0.0,-0.0
1743607485.864467,0.0,0.0,191.0,,0.43,-0.098,0.13365334505903803,0.03333333333333333,0.0,-0.0
1743607485.8863294,0.0,0.0,191.0,,0.303,0.0,0.10857849050708701,0.03333333333333333,0.0,-0.0
1743607485.906489,0.0,0.0,191.0,,0.244,-0.078,0.13725339593771047,0.03333333333333333,0.0,-0.06666666666666667
1743607485.9266765,0.0,0.0,191.0,,0.136,-0.098,0.11539919710458513,0.03333333333333333,0.0,-0.03333333333333333
1743607485.9468915,0.0,0.0,191.0,,0.156,-0.167,0.1365895436839093,0.03333333333333333,0.0,-0.06666666666666667
1743607485.967079,0.0,0.0,191.0,,0.019,-0.167,0.10540950307472485,0.03333333333333333,0.03333333333333333,-0.03333333333333333
1743607485.9873092,0.0,0.0,191.0,,0.185,-0.196,0.12760855088820833,0.03333333333333333,0.0,-0.03333333333333333
1743607486.0111504,0.0,0.0,191.0,,0.038,-0.069,0.12430839832200746,0.03333333333333333,-0.03333333333333333,-0.06666666666666667
1743607486.031381,0.0,0.0,191.0,,0.126,-0.108,0.12536855970419936,0.03333333333333333,0.0,-0.06666666666666667
1743607486.0516982,0.0,0.0,191.0,,0.038,-0.196,0.11598459087793778,0.03333333333333333,0.0,-0.03333333333333333
1743607486.0719044,0.0,0.0,191.0,,0.097,-0.177,0.11602829209279086,0.03333333333333333,0.0,-0.0
1743607486.092116,0.0,0.0,191.0,,0.215,-0.167,0.13767428623738276,0.03333333333333333,0.0,-0.06666666666666667
1743607486.1123984,0.0,0.0,191.0,,0.038,-0.177,0.1256285411739686,0.03333333333333333,0.0,-0.03333333333333333
1743607486.1354017,0.0,0.0,191.0,,0.038,-0.177,0.1256285411739686,0.03333333333333333,0.0,-0.03333333333333333
1743607486.1555817,0.0,0.0,191.0,,0.068,-0.01,0.1042357411602648,0.03333333333333333,0.0,-0.03333333333333333
1743607486.175745,0.0,0.0,191.0,,0.117,-0.206,0.11679406356071809,0.03333333333333333,0.0,-0.0
1743607486.1959016,0.0,0.0,191.0,,0.117,-0.206,0.11679406356071809,0.03333333333333333,0.0,-0.0
1743607486.216129,0.0,0.0,191.0,,0.068,-0.078,0.11453325931485914,0.03333333333333333,0.0,-0.0
1743607486.2363355,0.0,0.0,191.0,,-0.108,-0.127,0.11538391373737511,0.03333333333333333,0.0,-0.06666666666666667
1743607486.256521,0.0,0.0,191.0,,-0.108,-0.127,0.11538391373737511,0.03333333333333333,0.0,-0.06666666666666667
1743607486.2770495,0.0,0.0,191.0,,-0.02,-0.147,0.12509375077712193,0.03333333333333333,0.0,-0.0
1743607486.2972555,0.0,0.0,191.0,,0.166,-0.147,0.12644278084206562,0.03333333333333333,0.0,-0.0
1743607486.3180768,0.0,0.0,191.0,,0.166,-0.147,0.12644278084206562,0.03333333333333333,0.0,-0.0
1743607486.3385718,0.0,0.0,191.0,,0.117,-0.108,0.11526244078656589,0.03333333333333333,0.0,-0.06666666666666667
1743607486.3588252,0.0,0.0,191.0,,0.028,-0.186,0.1257580522233699,0.03333333333333333,0.0,-0.06666666666666667
1743607486.3792198,0.0,0.0,191.0,,0.028,-0.186,0.1257580522233699,0.03333333333333333,0.0,-0.06666666666666667
1743607486.3995173,0.0,0.0,191.0,,0.028,-0.137,0.12497171648215222,0.03333333333333333,0.0,-0.0
1743607486.4198673,0.0,0.0,191.0,,0.146,-0.118,0.12575109740669,0.03333333333333333,0.0,-0.03333333333333333
1743607486.4402828,0.0,0.0,191.0,,0.146,-0.118,0.12575109740669,0.03333333333333333,0.0,-0.03333333333333333
1743607486.4606047,0.0,0.0,191.0,,0.107,-0.118,0.1352583603662083,0.03333333333333333,0.0,-0.06666666666666667
1743607486.4808993,0.0,0.0,191.0,,0.038,-0.147,0.11514793346304586,0.03333333333333333,0.0,-0.0
1743607486.5034509,0.0,0.0,191.0,,0.038,-0.147,0.11514793346304586,0.03333333333333333,0.0,-0.0
1743607486.5236337,0.0,0.0,191.0,,-0.059,-0.059,0.10434741785170765,0.03333333333333333,0.0,-0.0
1743607486.5437934,0.0,0.0,191.0,,0.166,0.0,0.12536935463414345,0.06666666666666667,0.0,-0.03333333333333333
1743607486.563978,0.0,0.0,191.0,,0.038,0.009,0.12407579760976972,0.03333333333333333,0.0,-0.03333333333333333
1743607486.5841799,0.0,0.0,191.0,,0.068,-0.108,0.12480947735586945,0.03333333333333333,0.0,-0.03333333333333333
1743607486.6043751,0.0,0.0,191.0,,-0.088,-0.186,0.0871203982817903,0.03333333333333333,0.0,-0.0
1743607486.624575,0.0,0.0,191.0,,0.234,-0.255,0.12994817177045093,0.03333333333333333,0.0,-0.03333333333333333
1743607486.6448464,0.0,0.0,191.0,,0.028,-0.127,0.11484222905130892,0.03333333333333333,-0.03333333333333333,-0.03333333333333333
1743607486.6651049,0.0,0.0,191.0,,0.117,-0.049,0.11480125053835799,0.03333333333333333,0.0,-0.06666666666666667
1743607486.6853127,0.0,0.0,191.0,,0.126,-0.118,0.13547786545257345,0.03333333333333333,0.0,-0.1
1743607486.7055426,0.0,0.0,191.0,,0.107,-0.265,0.11806517559285012,0.03333333333333333,0.0,-0.0
1743607486.7278304,0.0,0.0,191.0,,0.0,-0.167,0.10539149520382907,0.03333333333333333,0.0,-0.0
1743607486.7480013,0.0,0.0,191.0,,0.126,-0.069,0.11502764666868615,0.03333333333333333,0.0,-0.06666666666666667
1743607486.768305,0.0,0.0,191.0,,0.117,-0.127,0.12548173590992562,0.03333333333333333,0.0,-0.06666666666666667
1743607486.7884748,0.0,0.0,191.0,,0.156,-0.226,0.1277461256408987,0.03333333333333333,0.03333333333333333,-0.0
1743607486.8113906,0.0,0.0,191.0,,0.019,-0.108,0.0956011394316576,0.03333333333333333,0.0,-0.0
1743607486.8315794,0.0,0.0,191.0,,0.166,-0.177,0.11693140270035052,0.03333333333333333,0.0,-0.06666666666666667
1743607486.8517742,0.0,0.0,191.0,,0.028,-0.196,0.10595567807061634,0.03333333333333333,0.0,-0.0
1743607486.872013,0.0,0.0,191.0,,0.087,-0.157,0.12560096911444596,0.03333333333333333,0.0,-0.0
1743607486.8935828,0.0,0.0,191.0,,-0.02,-0.196,0.12592873865843757,0.03333333333333333,0.0,-0.0
1743607486.913777,0.0,0.0,191.0,,-0.02,-0.196,0.12592873865843757,0.03333333333333333,0.0,-0.0
1743607486.9339564,0.0,0.0,191.0,,-0.098,-0.167,0.12586301848130965,0.06666666666666667,0.0,-0.0
1743607486.95414,0.0,0.0,191.0,,-0.069,-0.049,0.10435739770997543,0.03333333333333333,0.0,-0.0
1743607486.9745564,0.0,0.0,191.0,,-0.069,-0.049,0.10435739770997543,0.03333333333333333,0.0,-0.0
1743607486.9947274,0.0,0.0,191.0,,0.0,-0.069,0.11423710894400152,0.03333333333333333,0.0,-0.0
1743607487.01501,0.0,0.0,191.0,,0.097,-0.118,0.11516187369942621,0.03333333333333333,0.0,0.03333333333333333
1743607487.0352697,0.0,0.0,191.0,,0.097,-0.118,0.11516187369942621,0.03333333333333333,0.0,0.03333333333333333
1743607487.055568,0.0,0.0,191.0,,0.244,-0.078,0.13725339593771047,0.03333333333333333,0.0,-0.0
1743607487.076139,0.0,0.0,191.0,,0.107,0.0,0.11457015796112024,0.03333333333333333,0.0,-0.03333333333333333
1743607487.0964866,0.0,0.0,191.0,,0.107,0.0,0.11457015796112024,0.03333333333333333,0.0,-0.03333333333333333
1743607487.1166823,0.0,0.0,191.0,,0.028,-0.059,0.11421240778529196,0.03333333333333333,0.0,-0.03333333333333333
1743607487.13686,0.0,0.0,191.0,,0.283,-0.177,0.11954437451266386,0.03333333333333333,0.0,-0.0
1743607487.1571171,0.0,0.0,191.0,,0.283,-0.177,0.11954437451266386,0.03333333333333333,0.0,-0.0
1743607487.1774187,0.0,0.0,191.0,,0.176,-0.137,0.11647656911582871,0.03333333333333333,0.0,-0.0
1743607487.1976197,0.0,0.0,191.0,,0.107,-0.137,0.11550463545686007,0.03333333333333333,0.0,-0.0
1743607487.2178378,0.0,0.0,191.0,,0.107,-0.137,0.11550463545686007,0.03333333333333333,0.0,-0.0
1743607487.2383895,0.0,0.0,191.0,,0.254,-0.078,0.11751428342103765,0.06666666666666667,0.0,-0.03333333333333333
1743607487.2587013,0.0,0.0,191.0,,0.195,-0.108,0.11647378219421611,0.03333333333333333,0.0,-0.03333333333333333
1743607487.2796464,0.0,0.0,191.0,,0.195,-0.108,0.11647378219421611,0.03333333333333333,0.0,-0.03333333333333333
1743607487.2998896,0.0,0.0,191.0,,0.195,-0.108,0.11647378219421611,0.03333333333333333,0.0,-0.03333333333333333
1743607487.3200524,0.0,0.0,191.0,,0.087,-0.098,0.12485345414711091,0.03333333333333333,0.0,-0.0
1743607487.3402727,0.0,0.0,191.0,,0.087,-0.098,0.12485345414711091,0.03333333333333333,0.0,-0.0
1743607487.360448,0.0,0.0,191.0,,-0.314,-0.069,0.10915393244059146,0.03333333333333333,0.0,-0.03333333333333333
1743607487.380966,0.0,0.0,191.0,,0.048,0.0,0.12411451584197408,0.06666666666666667,0.0,-0.0
1743607487.4013042,0.0,0.0,191.0,,0.048,0.0,0.12411451584197408,0.06666666666666667,0.0,-0.0
1743607487.4214845,0.0,0.0,191.0,,-0.137,-0.167,0.11632293651754644,0.06666666666666667,0.03333333333333333,-0.0
1743607487.4423523,0.0,0.0,191.0,,0.009,-0.127,0.11480722556615319,0.06666666666666667,0.0,-0.0
1743607487.4625652,0.0,0.0,191.0,,0.009,-0.127,0.11480722556615319,0.06666666666666667,0.0,-0.0
1743607487.482744,0.0,0.0,190.0,,0.097,-0.039,0.12454321879553909,0.03333333333333333,0.0,-0.03333333333333333
1743607487.5029418,0.0,0.0,190.0,,0.048,-0.059,0.11428810429430492,0.03333333333333333,0.0,-0.06666666666666667
1743607487.5236332,0.0,0.0,190.0,,0.028,-0.265,0.11753463136978226,0.03333333333333333,0.0,-0.06666666666666667
1743607487.5439029,0.0,0.0,191.0,,0.146,-0.245,0.12804046949500325,0.03333333333333333,0.0,-0.0
1743607487.5641088,0.0,0.0,191.0,,0.028,-0.118,0.104733915509156,0.03333333333333333,0.0,-0.0
1743607487.5844922,0.0,0.0,191.0,,0.146,-0.118,0.11575462725281405,0.03333333333333333,0.0,-0.0
1743607487.6047506,0.0,0.0,190.0,,0.117,-0.137,0.11561614351792748,0.03333333333333333,0.0,-0.03333333333333333
1743607487.6264546,0.0,0.0,191.0,,-0.01,-0.255,0.1272353669737889,0.06666666666666667,-0.03333333333333333,-0.03333333333333333
1743607487.6466486,0.0,0.0,190.0,,0.0,-0.108,0.1145808639681345,0.06666666666666667,0.0,0.03333333333333333
1743607487.6668146,0.0,0.0,190.0,,-0.059,-0.029,0.11421524643600378,0.03333333333333333,0.0,0.03333333333333333
1743607487.6869977,0.0,0.0,190.0,,0.048,-0.059,0.1342869466034795,0.06666666666666667,0.0,-0.0
1743607487.7072053,0.0,0.0,190.0,,0.244,-0.078,0.11726651584027792,0.03333333333333333,0.0,-0.0
1743607487.7275677,0.0,0.0,190.0,,0.019,-0.157,0.11524536451405254,0.03333333333333333,0.0,-0.03333333333333333
1743607487.7478848,0.0,0.0,190.0,,0.019,-0.127,0.11482116725521507,0.03333333333333333,0.0,-0.0
1743607487.76812,0.0,0.0,190.0,,0.342,-0.118,0.1304991832307092,0.03333333333333333,0.0,-0.0
1743607487.7885892,0.0,0.0,190.0,,0.166,-0.157,0.09760896873268088,0.03333333333333333,0.0,-0.0
1743607487.8088899,0.0,0.0,190.0,,0.283,-0.186,0.11970680489856633,0.06666666666666667,0.0,-0.03333333333333333
1743607487.8290923,0.0,0.0,190.0,,0.195,-0.216,0.10822324854924759,0.03333333333333333,0.0,-0.0
1743607487.8493187,0.0,0.0,190.0,,0.48,-0.157,0.13665241702396003,0.03333333333333333,0.0,-0.0
1743607487.8698056,0.0,0.0,190.0,,0.166,-0.108,0.10595667556704491,0.03333333333333333,-0.03333333333333333,-0.0
1743607487.8902507,0.0,0.0,190.0,,0.068,-0.147,0.12530362321163757,0.03333333333333333,0.0,-0.03333333333333333
1743607487.91143,0.0,0.0,190.0,,0.068,-0.147,0.12530362321163757,0.03333333333333333,0.0,-0.03333333333333333
1743607487.9316611,0.0,0.0,190.0,,0.097,-0.157,0.1456855860795816,0.03333333333333333,0.0,-0.0
1743607487.9518466,0.0,0.0,190.0,,-0.314,-0.059,0.10909015446838666,0.03333333333333333,0.0,-0.0
1743607487.9722433,0.0,0.0,190.0,,-0.52,-0.186,0.13912444988881312,0.03333333333333333,0.0,-0.0
1743607487.992412,0.0,0.0,190.0,,-0.52,-0.186,0.13912444988881312,0.03333333333333333,0.0,-0.0
1743607488.0126882,0.0,0.0,190.0,,-0.451,-0.098,0.1345700767708493,0.03333333333333333,0.0,-0.0
1743607488.0329146,0.0,0.0,190.0,,-0.667,-0.127,0.15678868712268113,0.03333333333333333,0.0,-0.0
1743607488.0531158,0.0,0.0,190.0,,-0.667,-0.127,0.15678868712268113,0.03333333333333333,0.0,-0.0
1743607488.0733306,0.0,0.0,190.0,,-0.579,-0.059,0.14079259690986312,0.03333333333333333,0.0,0.06666666666666667
1743607488.093612,0.0,1.0,190.0,,0.18020810714975127,-0.147,0.13507573399388484,0.03333333333333333,0.0,-0.0
1743607488.113882,0.0,1.0,190.0,,0.18020810714975127,-0.147,0.13507573399388484,0.03333333333333333,0.0,-0.0
1743607488.1341872,0.0,1.0,190.0,,0.08320810714975127,-0.235,0.10714093799598956,0.06666666666666667,0.0,-0.0
1743607488.154529,0.0,1.0,190.0,,0.31720810714975123,-0.059,0.06624704213620625,0.03333333333333333,0.0,0.06666666666666667
1743607488.1748571,0.0,1.0,190.0,,0.31720810714975123,-0.059,0.06624704213620625,0.03333333333333333,0.0,0.06666666666666667
1743607488.1953988,0.0,1.0,189.0,,1.1212081071497513,0.126,0.14951255329211222,0.03333333333333333,0.0,-0.0
1743607488.215578,0.0,0.0,189.0,,0.48,-0.275,0.11923650567786126,0.03333333333333333,0.0,-0.06666666666666667
1743607488.2359104,0.0,0.0,189.0,,0.48,-0.275,0.11923650567786126,0.03333333333333333,0.0,-0.06666666666666667
1743607488.2562954,0.0,0.0,189.0,,0.166,-0.284,0.11938496910748597,0.03333333333333333,0.0,-0.06666666666666667
1743607488.2767737,0.0,0.0,190.0,,0.068,-0.284,0.10825310271940225,0.03333333333333333,0.0,-0.03333333333333333
1743607488.2973278,0.0,0.0,190.0,,0.068,-0.284,0.10825310271940225,0.03333333333333333,0.0,-0.03333333333333333
1743607488.3179295,0.0,0.0,190.0,,0.381,0.087,0.13158248052755184,0.06666666666666667,0.0,0.03333333333333333
1743607488.3387582,0.0,0.0,190.0,,0.48,0.107,0.12602294418597104,0.03333333333333333,0.0,-0.0
1743607488.359253,0.0,0.0,190.0,,0.244,-0.02,0.10698971897658005,0.03333333333333333,0.0,-0.1
1743607488.3797364,0.0,0.0,190.0,,0.048,-0.686,0.1275150966770493,0.03333333333333333,0.0,-0.06666666666666667
1743607488.4000158,0.0,0.0,190.0,,0.332,-0.304,0.12407676474635032,0.03333333333333333,0.0,-0.0
1743607488.4202259,0.0,0.0,190.0,,0.332,-0.304,0.12407676474635032,0.03333333333333333,0.0,-0.0
1743607488.4404974,0.0,0.0,190.0,,0.646,0.234,0.14737998410886277,0.06666666666666667,0.0,-0.0
1743607488.461019,0.0,0.0,190.0,,0.568,0.205,0.12214720837179627,0.03333333333333333,0.0,-0.06666666666666667
1743607488.4815264,0.0,0.0,190.0,,0.568,-0.059,0.13020115840376079,0.03333333333333333,0.0,-0.1
1743607488.5017638,0.0,0.0,190.0,,0.725,-0.108,0.13070379721167313,0.03333333333333333,0.0,-0.26666666666666666
1743607488.5221186,0.0,0.0,190.0,,0.666,-0.245,0.12903488354695725,0.03333333333333333,0.0,-0.4666666666666667
1743607488.542462,0.0,-1.0,191.0,,-0.12320810714975126,-0.353,0.13030199659280584,0.03333333333333333,0.0,-0.3333333333333333
1743607488.5633736,0.0,-1.0,191.0,,-0.2692081071497513,-0.343,0.1303188633366137,0.03333333333333333,0.0,-0.2
1743607488.583545,0.0,-1.0,191.0,,-0.0052081071497512565,0.146,0.12642822843558932,0.03333333333333333,0.03333333333333333,-0.1
1743607488.6037858,0.0,-1.0,192.0,,0.13179189285024873,0.156,0.11977939131933724,0.03333333333333333,0.03333333333333333,-0.06666666666666667
1743607488.6241515,0.0,-2.0,192.0,,0.1076359373484655,0.019,0.1051264157815961,0.03333333333333333,0.0,-0.1
1743607488.6445518,0.0,-2.0,192.0,,0.21563593734846553,-0.059,0.1296430898814993,0.03333333333333333,0.0,-0.06666666666666667
1743607488.6649337,0.0,-2.0,192.0,,-0.3813640626515345,-0.088,0.124460474457603,0.03333333333333333,0.0,-0.13333333333333333
1743607488.6851108,0.0,-2.0,192.0,,-0.1473640626515345,-0.098,0.28329345246490867,0.13333333333333333,0.0,-0.1
1743607488.7053225,0.0,-2.0,192.0,,-0.2743640626515345,-0.049,0.24234100263540803,0.3333333333333333,0.06666666666666667,-0.23333333333333334
1743607488.726044,0.0,-2.0,192.0,,-0.2653640626515345,-0.735,-0.2585868763805248,0.16666666666666666,0.06666666666666667,0.03333333333333333
1743607488.7463307,-1.0,-2.0,192.0,,-0.3233640626515345,-0.17179189285024876,0.08091849538747375,-0.03333333333333333,-0.03333333333333333,0.9
1743607488.767967,-1.0,-2.0,192.0,,1.3336359373484654,-0.6037918928502488,0.0997434984992367,-0.3333333333333333,-0.13333333333333333,0.6333333333333333
1743607488.788137,0.0,-3.0,190.0,,-0.954415730743279,0.48,0.4189349222887362,0.03333333333333333,0.16666666666666666,1.6666666666666667
1743607488.8082974,0.0,-3.0,189.0,,-0.5334157307432791,0.48,0.1254746329305796,0.03333333333333333,-0.2,0.4
1743607488.8285174,0.0,-3.0,188.0,,-0.5824157307432791,-0.147,0.1742975999626335,0.06666666666666667,0.0,-0.06666666666666667
1743607488.8487306,0.0,-3.0,188.0,,-0.8464157307432791,-0.284,0.12352584235082453,0.03333333333333333,0.0,-0.0
1743607488.8691204,0.0,-3.0,189.0,,-0.5524157307432791,-0.196,0.10599243561294891,0.06666666666666667,0.0,-0.4
1743607488.889311,0.0,-3.0,189.0,,-0.6704157307432791,-0.324,0.13043653125655652,0.03333333333333333,0.0,-0.6
1743607488.9094956,0.0,-3.0,189.0,,-0.14141573074327907,0.176,0.1224239671411862,0.06666666666666667,0.0,-0.23333333333333334
1743607488.9298959,0.0,-3.0,190.0,,0.09358426925672092,-0.177,0.1338501898115645,0.03333333333333333,0.0,-0.26666666666666666
1743607488.950328,0.0,-3.0,190.0,,0.03458426925672098,0.019,0.1389101692756487,0.06666666666666667,0.0,-0.4666666666666667
1743607488.9707172,0.0,-3.0,191.0,,-0.9354157307432791,-0.196,0.1347432264863766,0.03333333333333333,0.0,-0.36666666666666664
1743607488.9910495,0.0,-3.0,191.0,,-0.5044157307432791,-0.108,0.12458372051597344,0.03333333333333333,-0.06666666666666667,-0.36666666666666664
1743607489.0113614,0.0,-3.0,192.0,,-0.6604157307432791,0.009,-0.0018940060181904528,0.06666666666666667,0.0,-0.26666666666666666
1743607489.0316365,0.0,-3.0,192.0,,-0.48541573074327904,-0.029,0.2420788827747682,0.1,0.1,-0.1
1743607489.051864,0.0,-3.0,192.0,,-0.48541573074327904,-0.029,0.2420788827747682,0.1,0.1,-0.1
1743607489.072138,0.0,-3.0,192.0,,-0.5134157307432791,-0.059,0.09517402935819774,0.06666666666666667,0.0,-0.0
1743607489.0923634,0.0,-3.0,192.0,,-0.44541573074327906,-0.118,0.11492363684568296,0.06666666666666667,0.0,-0.0
1743607489.1125717,0.0,-3.0,192.0,,-0.4654157307432791,-0.108,0.10469699413316391,0.03333333333333333,0.0,-0.0
1743607489.1329076,0.0,-3.0,192.0,,-0.45541573074327907,-0.108,0.1247468653105237,0.03333333333333333,0.0,-0.0
1743607489.1531668,0.0,-2.0,192.0,,-0.2743640626515345,-0.108,0.12480947735586945,0.03333333333333333,0.0,-0.0
1743607489.1734476,0.0,-2.0,192.0,,-0.2843640626515345,-0.118,0.12485916860198643,0.03333333333333333,0.0,-0.0
1743607489.195355,0.0,-2.0,192.0,,-0.2843640626515345,-0.118,0.12485916860198643,0.03333333333333333,0.0,-0.0
1743607489.2154956,0.0,-2.0,192.0,,-0.2843640626515345,-0.118,0.12485916860198643,0.03333333333333333,0.0,-0.0
1743607489.2356455,0.0,-2.0,192.0,,-0.2743640626515345,-0.108,0.12480947735586945,0.03333333333333333,0.0,-0.0
1743607489.255897,0.0,-2.0,192.0,,-0.2743640626515345,-0.108,0.12480947735586945,0.03333333333333333,0.0,-0.0
1743607489.2761989,0.0,-1.0,192.0,,-0.11320810714975127,-0.118,0.11486090074290622,0.03333333333333333,0.0,-0.0
1743607489.2966087,0.0,-1.0,192.0,,-0.11320810714975127,-0.108,0.1247468653105237,0.03333333333333333,0.0,-0.0
1743607489.3168054,0.0,-1.0,192.0,,-0.11320810714975127,-0.108,0.1247468653105237,0.03333333333333333,0.0,-0.0
1743607489.3370435,0.0,-1.0,192.0,,-0.11320810714975127,-0.118,0.11486090074290622,0.03333333333333333,0.0,-0.0
1743607489.357413,0.0,-1.0,192.0,,-0.11320810714975127,-0.098,0.11464579639452843,0.03333333333333333,0.0,-0.0
1743607489.3778894,0.0,-1.0,192.0,,-0.11320810714975127,-0.098,0.11464579639452843,0.03333333333333333,0.0,-0.0
1743607489.3980906,0.0,-1.0,192.0,,-0.11320810714975127,-0.108,0.11474837106646518,0.03333333333333333,0.0,-0.0
1743607489.4182956,0.0,-1.0,192.0,,-0.10320810714975126,-0.108,0.11481110932836636,0.03333333333333333,0.0,-0.0
1743607489.4386044,0.0,-1.0,192.0,,-0.10320810714975126,-0.108,0.11481110932836636,0.03333333333333333,0.0,-0.0
1743607489.458894,0.0,0.0,192.0,,0.058,-0.118,0.12485916860198643,0.03333333333333333,0.0,-0.0
1743607489.4790795,0.0,0.0,192.0,,0.068,-0.108,0.11481110932836636,0.03333333333333333,0.0,-0.0
1743607489.4996073,0.0,0.0,192.0,,0.068,-0.108,0.11481110932836636,0.03333333333333333,0.0,-0.0
1743607489.5201411,0.0,0.0,192.0,,0.058,-0.108,0.11474837106646518,0.03333333333333333,0.0,-0.0
1743607489.5405798,0.0,0.0,192.0,,0.058,-0.108,0.11474837106646518,0.03333333333333333,0.0,-0.0
1743607489.5609481,0.0,0.0,192.0,,0.058,-0.108,0.11474837106646518,0.03333333333333333,0.0,-0.0
1743607489.5811236,0.0,0.0,192.0,,0.058,-0.108,0.11474837106646518,0.03333333333333333,0.0,-0.0
1743607489.6033738,0.0,0.0,192.0,,0.058,-0.118,0.11486090074290622,0.03333333333333333,0.0,-0.0
1743607489.6235404,0.0,0.0,192.0,,0.058,-0.118,0.11486090074290622,0.03333333333333333,0.0,-0.0
1743607489.6440694,0.0,0.0,192.0,,0.058,-0.108,0.1247468653105237,0.03333333333333333,0.0,-0.0
1743607489.664251,0.0,0.0,192.0,,0.058,-0.108,0.10474988138046193,0.03333333333333333,0.0,-0.0
1743607489.6845753,0.0,0.0,192.0,,0.058,-0.108,0.11474837106646518,0.03333333333333333,0.0,-0.0
1743607489.7047749,0.0,0.0,192.0,,0.058,-0.108,0.11474837106646518,0.03333333333333333,0.0,-0.0
1743607489.7249777,0.0,0.0,192.0,,0.058,-0.108,0.11474837106646518,0.03333333333333333,0.0,-0.0
1743607489.7453265,0.0,0.0,192.0,,0.058,-0.108,0.11474837106646518,0.03333333333333333,0.0,-0.0
1743607489.765628,0.0,0.0,192.0,,0.058,-0.118,0.11486090074290622,0.03333333333333333,0.0,-0.0
1743607489.7858264,0.0,0.0,192.0,,0.058,-0.108,0.11474837106646518,0.03333333333333333,0.0,-0.0
1743607489.806279,0.0,0.0,192.0,,0.058,-0.118,0.11486090074290622,0.03333333333333333,0.0,-0.0
1743607489.8293731,0.0,0.0,192.0,,0.058,-0.118,0.11486090074290622,0.03333333333333333,0.0,-0.0
1743607489.8496766,0.0,0.0,192.0,,0.058,-0.118,0.11486090074290622,0.03333333333333333,0.0,-0.0
1743607489.8701417,0.0,0.0,192.0,,0.058,-0.118,0.11486090074290622,0.03333333333333333,0.0,-0.0
1743607489.8913872,0.0,0.0,192.0,,0.068,-0.108,0.11481110932836636,0.03333333333333333,0.0,-0.0
1743607489.911927,0.0,0.0,192.0,,0.048,-0.118,0.11480812181938127,0.03333333333333333,0.0,-0.0
1743607489.9325297,0.0,0.0,192.0,,0.058,-0.118,0.11486090074290622,0.03333333333333333,0.0,-0.0
1743607489.95268,0.0,0.0,192.0,,0.058,-0.108,0.1247468653105237,0.03333333333333333,0.0,-0.0
1743607489.9742923,0.0,0.0,192.0,,0.058,-0.108,0.1247468653105237,0.03333333333333333,0.0,-0.0
1743607489.9949355,0.0,0.0,192.0,,0.058,-0.108,0.11474837106646518,0.03333333333333333,0.0,-0.0
1743607490.015636,0.0,0.0,192.0,,0.068,-0.108,0.11481110932836636,0.03333333333333333,0.0,-0.0
1743607490.0363925,0.0,0.0,192.0,,0.058,-0.108,0.1247468653105237,0.03333333333333333,0.0,-0.0
1743607490.0565667,0.0,0.0,192.0,,0.058,-0.118,0.10486263812704877,0.03333333333333333,0.0,-0.0
1743607490.0769503,0.0,0.0,192.0,,0.068,-0.108,0.11481110932836636,0.03333333333333333,0.0,-0.0
1743607490.097554,0.0,0.0,192.0,,0.068,-0.108,0.11481110932836636,0.03333333333333333,0.0,-0.0
1743607490.1177847,0.0,0.0,192.0,,0.058,-0.108,0.11474837106646518,0.03333333333333333,0.0,-0.0
1743607490.1379602,0.0,0.0,191.0,,0.058,-0.108,0.11474837106646518,0.03333333333333333,0.0,-0.0
1743607490.1582305,0.0,0.0,191.0,,0.058,-0.108,0.11474837106646518,0.03333333333333333,0.0,-0.0
1743607490.1783926,0.0,0.0,191.0,,0.058,-0.108,0.11474837106646518,0.03333333333333333,0.0,-0.0
1743607490.198991,0.0,0.0,191.0,,0.058,-0.118,0.11486090074290622,0.03333333333333333,0.0,-0.0
1743607490.219555,0.0,0.0,191.0,,0.058,-0.118,0.11486090074290622,0.03333333333333333,0.0,-0.0
1743607490.2447069,0.0,0.0,191.0,,0.058,-0.118,0.11486090074290622,0.03333333333333333,0.0,-0.0
1743607490.2649534,0.0,0.0,191.0,,0.058,-0.108,0.11474837106646518,0.03333333333333333,0.0,-0.0
1743607490.285178,0.0,0.0,191.0,,0.058,-0.108,0.1247468653105237,0.03333333333333333,0.0,-0.0
1743607490.3053842,0.0,0.0,191.0,,0.068,-0.108,0.11481110932836636,0.03333333333333333,0.0,-0.0
1743607490.3255603,0.0,0.0,191.0,,0.068,-0.108,0.11481110932836636,0.03333333333333333,0.0,-0.0
1743607490.347866,0.0,0.0,191.0,,0.058,-0.118,0.12485916860198643,0.03333333333333333,0.0,-0.0
1743607490.3680744,0.0,0.0,191.0,,0.058,-0.118,0.12485916860198643,0.03333333333333333,0.0,-0.0
1743607490.388293,0.0,0.0,191.0,,0.058,-0.108,0.11474837106646518,0.03333333333333333,0.0,-0.0
1743607490.4084535,0.0,0.0,191.0,,0.058,-0.108,0.11474837106646518,0.03333333333333333,0.0,-0.0
1743607490.428646,0.0,0.0,191.0,,0.068,-0.108,0.11481110932836636,0.03333333333333333,0.0,-0.0
1743607490.449026,0.0,0.0,191.0,,0.058,-0.108,0.11474837106646518,0.03333333333333333,0.0,-0.0
1743607490.469287,0.0,0.0,191.0,,0.058,-0.108,0.11474837106646518,0.03333333333333333,0.0,-0.0
1743607490.4895833,0.0,0.0,191.0,,0.058,-0.118,0.11486090074290622,0.03333333333333333,0.0,-0.0
1743607490.5124137,0.0,0.0,191.0,,0.058,-0.108,0.1247468653105237,0.03333333333333333,0.0,-0.0
1743607490.5326204,0.0,0.0,191.0,,0.068,-0.108,0.11481110932836636,0.03333333333333333,0.0,-0.0
1743607490.5528424,0.0,0.0,191.0,,0.058,-0.108,0.11474837106646518,0.03333333333333333,0.0,-0.0
1743607490.5730548,0.0,0.0,191.0,,0.058,-0.108,0.11474837106646518,0.03333333333333333,0.0,-0.0
1743607490.5932224,0.0,0.0,191.0,,0.058,-0.118,0.11486090074290622,0.03333333333333333,0.0,-0.0
1743607490.6134002,0.0,0.0,191.0,,0.068,-0.108,0.11481110932836636,0.03333333333333333,0.0,-0.0
1743607490.6347141,0.0,0.0,191.0,,0.068,-0.108,0.11481110932836636,0.03333333333333333,0.0,-0.0
1743607490.6548934,0.0,0.0,191.0,,0.058,-0.108,0.11474837106646518,0.03333333333333333,0.0,-0.0
1743607490.675097,0.0,0.0,191.0,,0.058,-0.108,0.11474837106646518,0.03333333333333333,0.0,-0.0
1743607490.6953707,0.0,0.0,191.0,,0.058,-0.108,0.11474837106646518,0.03333333333333333,0.0,-0.0
1743607490.715632,0.0,0.0,191.0,,0.068,-0.118,0.11492363684568296,0.03333333333333333,0.0,-0.0
1743607490.7357945,0.0,0.0,191.0,,0.058,-0.118,0.10486263812704877,0.03333333333333333,0.0,-0.0
1743607490.7560008,0.0,0.0,191.0,,0.058,-0.118,0.10486263812704877,0.03333333333333333,0.0,-0.0
1743607490.7764728,0.0,0.0,191.0,,0.058,-0.108,0.1247468653105237,0.03333333333333333,0.0,-0.0
1743607490.796886,0.0,0.0,191.0,,0.058,-0.118,0.12485916860198643,0.03333333333333333,0.0,-0.0
1743607490.8172865,0.0,0.0,191.0,,0.058,-0.118,0.12485916860198643,0.03333333333333333,0.0,-0.0
1743607490.8378677,0.0,0.0,191.0,,0.058,-0.108,0.11474837106646518,0.03333333333333333,0.0,-0.0
1743607490.8581,0.0,0.0,191.0,,0.058,-0.108,0.11474837106646518,0.03333333333333333,0.0,-0.0
1743607490.878436,0.0,0.0,191.0,,0.058,-0.108,0.11474837106646518,0.03333333333333333,0.0,-0.0
1743607490.8988564,0.0,0.0,191.0,,0.058,-0.118,0.12485916860198643,0.03333333333333333,0.0,-0.0
1743607490.9203863,0.0,0.0,191.0,,0.058,-0.118,0.11486090074290622,0.03333333333333333,0.0,-0.0
1743607490.9405978,0.0,0.0,191.0,,0.058,-0.118,0.11486090074290622,0.03333333333333333,0.0,-0.0
1743607490.9607956,0.0,0.0,191.0,,0.058,-0.108,0.11474837106646518,0.03333333333333333,0.0,-0.0
1743607490.980999,0.0,0.0,191.0,,0.058,-0.108,0.1247468653105237,0.03333333333333333,0.0,-0.0
1743607491.0057597,0.0,0.0,191.0,,0.058,-0.108,0.1247468653105237,0.03333333333333333,0.0,-0.0
1743607491.025944,0.0,0.0,191.0,,0.058,-0.118,0.11486090074290622,0.03333333333333333,0.0,-0.0
1743607491.0461388,0.0,0.0,191.0,,0.058,-0.108,0.11474837106646518,0.03333333333333333,0.0,-0.0
