timestamp,roll,pitch,yaw,touch_gesture,acc_x,acc_y,acc_z,gyro_x,gyro_y,gyro_z
1743666637.0378528,,,,,,,,,,
1743666637.3685648,,,,,,,,,,
1743666637.568534,,,,,,,,,,
1743666637.8027775,,,,,,,,,,
1743666637.998062,0.0,0.0,0.0,,9.835,-0.137,-1.718442835688762,0.03333333333333333,0.0,-0.0
1743666638.2044058,0.0,-94.0,316.0,,0.05889666695112439,-0.147,-1.7175672598497882,0.03333333333333333,0.0,-0.0
1743666638.39489,0.0,-94.0,316.0,,0.0488966669511246,-0.157,-1.7382752085822402,0.03333333333333333,0.0,-0.0
1743666638.5911765,0.0,-94.0,316.0,,0.0488966669511246,-0.137,-1.7383013280091983,0.03333333333333333,0.0,-0.0
1743666638.797675,0.0,-94.0,316.0,,0.0488966669511246,-0.137,-1.6985817279539286,0.03333333333333333,0.0,-0.0
1743666639.0047626,0.0,-94.0,316.0,,0.0488966669511246,-0.137,-1.7383013280091983,0.03333333333333333,0.0,-0.0
1743666639.1785603,0.0,-94.0,306.0,,0.24489666695112433,-0.196,-1.4497787767204955,0.13333333333333333,0.06666666666666667,0.13333333333333333
1743666639.3587518,-7.0,-89.0,324.0,,2.1254941105158007,-0.6874617411955033,0.011093998898020471,0.9666666666666667,0.0,0.9666666666666667
1743666639.5412378,6.0,-78.0,320.0,,-1.1036279631986332,-1.9764242246556805,-6.306555512651689,0.16666666666666666,-1.0,1.1
1743666639.7348855,8.0,-68.0,301.0,,-1.937673613300185,0.3007118795817578,-0.08849682556146704,1.6666666666666667,0.4,-0.13333333333333333
1743666639.9311445,1.0,-72.0,286.0,,-0.8188644248554571,2.2207918928502486,-0.14682756967133948,1.4,0.8666666666666667,0.43333333333333335
1743666640.1451573,-1.0,-76.0,284.0,,0.4443989252324734,-0.03479189285024872,0.3313669260209249,-0.7333333333333333,-1.4,-0.5
1743666640.3518624,-3.0,-65.0,289.0,,0.16912060917046468,1.493415730743279,0.02210756014988391,0.03333333333333333,-0.6,-0.3
1743666640.5939932,-8.0,-57.0,289.0,,0.0676417284553903,1.688288120418242,-0.22289680681653934,0.1,-1.1333333333333333,-0.6
1743666640.8013687,-3.0,-50.0,305.0,,0.8101040130028245,-0.7415842692567208,0.1382317962360622,-1.2666666666666666,0.5666666666666667,-1.9333333333333333
1743666641.00374,3.0,-49.0,317.0,,-0.3737009819853938,0.4755842692567209,-0.538154154295964,-1.4,0.06666666666666667,0.5333333333333333
1743666641.2043736,13.0,-54.0,332.0,,2.0455432851817648,0.8812301568866845,0.8609099051640108,-1.4666666666666666,-1.1,-0.5666666666666667
1743666641.4066184,15.0,-48.0,341.0,,0.5937492620667628,2.7359851675442717,0.5292705478502437,0.4666666666666667,-0.7,-1.5333333333333334
1743666641.5871606,6.0,-38.0,340.0,,0.00036092705529178204,0.1115757753443194,3.0556737367001983,0.43333333333333335,-2.1333333333333333,-0.5
1743666641.767145,13.0,-21.0,343.0,,-0.260589585039396,0.4302301568866844,-1.0199828842855805,-0.13333333333333333,-1.5333333333333334,-0.06666666666666667
1743666641.9471235,12.0,-9.0,344.0,,0.15137789795533507,0.8233863130777808,-0.8268915058662927,0.43333333333333335,-0.23333333333333334,-0.16666666666666666
1743666642.1334271,11.0,-7.0,345.0,,-0.9315382588044967,0.5591637553560955,-0.8717557214934342,0.43333333333333335,-0.23333333333333334,-0.1
1743666642.319448,2.0,-6.0,344.0,,-1.2804242246556807,1.4906359373484654,0.1284984474393589,1.2,0.23333333333333334,-0.0
1743666642.505009,-5.0,-9.0,342.0,,-1.005622102044665,0.47299783635452664,0.06742805805882846,0.23333333333333334,-0.3,-0.0
1743666642.6893833,-6.0,-7.0,340.0,,-1.4795382588044967,1.1424242246556806,0.1586578025210592,0.13333333333333333,0.0,-0.0
1743666642.8749747,-5.0,-3.0,340.0,,-0.876415730743279,0.6199978363545267,0.2510648253526071,0.13333333333333333,-0.13333333333333333,-0.1
1743666643.0693316,-4.0,0.0,341.0,,-0.392,0.40931100742986926,0.07651285349887971,0.0,-0.06666666666666667,-0.06666666666666667
1743666643.2602475,-2.0,1.0,342.0,,-0.27979189285024875,0.19536406265153453,0.017434361182900204,0.0,0.06666666666666667,-0.0
1743666643.4534109,-1.0,1.0,341.0,,-0.2997918928502487,-0.0057918928502487255,0.09765838881796185,0.0,0.0,-0.0
1743666643.6453917,0.0,2.0,341.0,,-0.03963593734846549,-0.049,0.17030661656933965,0.0,0.03333333333333333,-0.0
1743666643.8382277,1.0,1.0,341.0,,-0.04479189285024873,0.07279189285024873,0.168232769190654,0.0,0.0,-0.0
1743666644.03462,3.0,1.0,341.0,,0.05320810714975127,-0.014415730743279065,0.03930300507865603,-0.16666666666666666,0.03333333333333333,-0.0
1743666644.2325876,5.0,0.0,341.0,,0.048,0.21300216364547342,0.13187415177436712,-0.16666666666666666,0.1,-0.0
1743666644.431448,8.0,-1.0,341.0,,0.09279189285024875,0.1637118795817578,-0.02584851441051228,-0.23333333333333334,0.23333333333333334,-0.0
1743666644.628189,11.0,-3.0,340.0,,0.2115842692567209,0.12816375535609548,0.14447750697950568,0.0,0.3,-0.0
1743666644.8261783,10.0,-5.0,335.0,,0.05600216364547339,0.28651137708741325,0.07345421577059419,0.06666666666666667,0.06666666666666667,-0.0
1743666645.028333,8.0,-8.0,331.0,,-0.03228812041824214,0.3887118795817579,-0.18433265286649636,0.23333333333333334,0.43333333333333335,-0.0
1743666645.2308893,5.0,-21.0,323.0,,-0.280589585039396,0.5370021636454733,0.29553125201883645,0.06666666666666667,1.0333333333333334,-0.0
1743666645.411148,6.0,-29.0,321.0,,-0.38298237461656637,0.3955757753443194,0.033088139779664516,0.0,0.6666666666666666,-0.0
1743666645.592134,6.0,-35.0,320.0,,-0.1847848406037622,0.1405757753443193,0.021442759779995768,0.3,0.6333333333333333,-0.06666666666666667
1743666645.7712023,4.0,-39.0,318.0,,-0.055633036198904584,0.11868899257013077,0.13434283257033197,0.2,0.3,-0.03333333333333333
1743666645.9484298,3.0,-43.0,317.0,,0.026596087786889377,0.3095842692567209,0.11991694884850101,0.06666666666666667,0.6,-0.0
1743666646.1279757,4.0,-49.0,316.0,,-0.0007009819853944776,0.1776889925701307,-0.0785440469676777,0.0,0.6,-0.0
1743666646.3082566,5.0,-54.0,316.0,,0.1825432851817652,0.1930021636454734,0.07406450375632989,0.03333333333333333,0.6333333333333333,-0.0
1743666646.4880576,7.0,-59.0,316.0,,0.14118878011227842,0.00946174119550336,0.04920236376819265,0.0,0.4666666666666667,0.03333333333333333
1743666646.6759613,10.0,-65.0,317.0,,0.0031206091704643057,0.13951137708741324,0.034761358062122216,-0.23333333333333334,0.4,0.2
1743666646.866137,16.0,-69.0,320.0,,-0.14742398393754996,-0.008002460564761726,0.017147808877497894,-0.4666666666666667,0.16666666666666666,0.43333333333333335
1743666647.0520627,21.0,-67.0,322.0,,-0.5191526123684405,0.42541041496060394,0.007755555273158077,-0.7333333333333333,-0.7,0.8
1743666647.2370355,35.0,-54.0,322.0,,-1.5634567148182343,0.4722151593962378,-0.08849315381147793,-0.5333333333333333,-1.6333333333333333,1.2333333333333334
1743666647.4237225,42.0,-36.0,316.0,,-2.001173324989162,0.7208287516196004,-0.11659858117992528,0.36666666666666664,-1.4333333333333333,0.23333333333333334
1743666647.609751,38.0,-18.0,311.0,,-0.5904567148182345,0.7553609270552917,0.03086199468096229,0.6333333333333333,-1.6,0.06666666666666667
1743666647.797117,32.0,-2.0,310.0,,-0.059364062651534544,0.8024920178722601,0.05644824429835538,0.6,-1.3,0.03333333333333333
1743666647.986639,24.0,9.0,308.0,,0.26962210204466497,1.0299135314263994,0.32731749852913694,1.0,-0.5,0.26666666666666666
1743666648.1717923,12.0,8.0,306.0,,-0.6937118795817581,0.6853863130777809,-0.22053213011053252,1.6333333333333333,0.6666666666666666,0.36666666666666664
1743666648.357335,0.0,-6.0,301.0,,-0.5264242246556806,0.195,0.040519718019437434,0.9333333333333333,1.4,0.26666666666666666
1743666648.5514493,-4.0,-22.0,296.0,,-0.321890681410097,-0.2966889925701307,0.20013324426745704,0.5,1.5666666666666667,0.2
1743666648.770445,-1.0,-37.0,294.0,,0.17519462287840604,-0.23079189285024876,0.14688515205697783,-0.7,0.9333333333333333,0.36666666666666664
1743666648.983927,12.0,-50.0,299.0,,-0.04289598699717434,0.03838631307778062,-0.020175832479762512,-1.2666666666666666,0.8666666666666667,0.7666666666666667
1743666649.20782,31.0,-50.0,308.0,,-0.6708959869971745,0.07547648513236815,-0.045110036223902306,-1.1333333333333333,-1.0333333333333334,0.8666666666666667
1743666649.422087,42.0,-37.0,309.0,,-1.2858053771215934,0.18182875161960066,-0.1401463751863874,-0.23333333333333334,-1.5,0.43333333333333335
1743666649.6414154,38.0,-13.0,304.0,,-0.4527698431133156,0.029360927055291697,-0.4534218186204333,1.2,-2.2,-0.1
1743666649.854416,23.0,2.0,304.0,,-0.03963593734846549,0.5499276295202242,-0.039949545532635966,0.6333333333333333,-0.8333333333333334,-0.03333333333333333
1743666650.0691407,17.0,6.0,304.0,,0.18242422465568064,0.4058335766699521,-0.09500464517712004,0.7,-0.16666666666666666,0.06666666666666667
1743666650.2836003,12.0,5.0,303.0,,-0.04700216364547338,0.17538631307778063,-0.04794942220590315,0.43333333333333335,0.36666666666666664,0.06666666666666667
1743666650.5082242,2.0,-8.0,302.0,,-0.5722881204182421,0.009635937348465462,0.0053994046627270365,0.5333333333333333,0.3333333333333333,-0.26666666666666666
1743666650.7135966,0.0,-9.0,303.0,,-0.13362210204466485,-0.216,-0.017663164691805733,0.0,-0.03333333333333333,-0.0
1743666650.9191961,0.0,-8.0,302.0,,-0.15028812041824202,0.077,0.20670447159692173,-0.03333333333333333,0.0,-0.0
1743666651.123216,1.0,-8.0,302.0,,0.006711879581758007,0.004791892850248725,-0.042129188714175925,0.0,0.0,-0.0
1743666651.3243363,1.0,-7.0,302.0,,0.2054617411955033,0.03379189285024872,0.16431326806115543,0.03333333333333333,0.0,-0.0
1743666651.5262372,1.0,-7.0,302.0,,0.18646174119550318,0.004791892850248725,0.09451168398209653,0.06666666666666667,0.0,-0.0
1743666651.7281582,1.0,-7.0,301.0,,0.18646174119550318,0.02379189285024874,0.046830992794438586,0.0,0.0,-0.0
1743666651.92901,1.0,-7.0,301.0,,0.22546174119550333,0.08279189285024874,0.18775173458886485,0.06666666666666667,0.0,-0.03333333333333333
1743666652.1307592,1.0,-7.0,301.0,,0.28446174119550327,0.14179189285024874,0.08235608894795021,0.03333333333333333,0.0,-0.0
1743666652.3339736,1.0,-7.0,302.0,,0.27446174119550326,0.12179189285024872,0.09984008685719381,0.06666666666666667,-0.03333333333333333,-0.0
1743666652.5426347,1.0,-7.0,302.0,,0.7354617411955033,0.5727918928502487,0.03894334030884039,-0.03333333333333333,-0.3,-0.23333333333333334
1743666652.764655,4.0,-5.0,299.0,,3.6450021636454735,-0.2633110074298693,1.347746452814734,0.4666666666666667,0.0,1.3
1743666652.9904125,1.0,-5.0,284.0,,-2.9439978363545265,-2.5342081071497513,0.38712763818280216,0.13333333333333333,0.03333333333333333,1.4
1743666653.2191157,0.0,-2.0,280.0,,-1.1363640626515346,-0.078,-0.39966888225756847,-0.3,0.13333333333333333,-0.0
1743666653.4499192,0.0,-3.0,283.0,,0.37758426925672095,0.538,0.7992885883538126,0.03333333333333333,0.1,-0.16666666666666666
1743666653.6373577,0.0,-4.0,284.0,,0.7166889925701307,0.636,-0.019108028718962444,0.16666666666666666,0.06666666666666667,-0.06666666666666667
1743666653.8215234,0.0,-5.0,285.0,,0.4580021636454733,0.43,0.1409882942613887,0.1,-0.03333333333333333,-0.06666666666666667
1743666654.004166,0.0,-6.0,285.0,,0.30757577534431935,0.274,0.11856647448758295,0.06666666666666667,0.0,-0.0
1743666654.1869664,1.0,-6.0,285.0,,0.07157577534431936,0.18079189285024871,0.12122214441372314,0.06666666666666667,0.03333333333333333,-0.0
1743666654.3713872,1.0,-6.0,285.0,,0.19957577534431947,0.10279189285024876,0.12460801998738802,0.0,-0.03333333333333333,-0.03333333333333333
1743666654.5542645,2.0,-6.0,285.0,,0.3265757753443195,-0.00036406265153449135,0.08490465905724598,0.0,0.0,-0.03333333333333333
1743666654.7379153,2.0,-7.0,285.0,,0.1664617411955034,0.07863593734846547,0.11764342308418385,0.03333333333333333,0.0,-0.0
1743666654.922248,2.0,-7.0,285.0,,-0.8725382588044968,-0.019364062651534508,0.026583207289858635,-0.03333333333333333,0.0,-0.0
1743666655.104044,2.0,-3.0,288.0,,-3.896415730743279,-0.7643640626515344,1.2804030299171245,-0.1,-0.06666666666666667,-0.5333333333333333
1743666655.286295,2.0,-3.0,301.0,,0.27058426925672097,-1.7053640626515345,1.1571268861005226,-0.3333333333333333,0.13333333333333333,-2.5
1743666655.4691205,5.0,-5.0,325.0,,6.401002163645473,-1.4039978363545267,1.307988315332823,-0.13333333333333333,-0.6,-1.2666666666666666
1743666655.6573207,2.0,-9.0,334.0,,-0.04462210204466488,0.9416359373484655,-0.3569265843895977,0.23333333333333334,-0.03333333333333333,0.13333333333333333
1743666655.8459077,0.0,-11.0,333.0,,-1.1958362446439046,0.999,0.5437524520734982,0.2,0.0,-0.0
1743666656.031996,0.0,-10.0,332.0,,-0.6654886229125867,0.215,0.03403974290095846,0.03333333333333333,-0.06666666666666667,0.1
1743666656.2244728,2.0,-6.0,329.0,,-0.6044242246556806,0.24463593734846545,0.12993752391734326,0.0,0.0,0.06666666666666667
1743666656.4188535,3.0,-4.0,327.0,,-0.11631100742986933,0.37758426925672095,0.043564579206123,0.06666666666666667,0.03333333333333333,-0.0
1743666656.6086314,4.0,-4.0,326.0,,0.0406889925701307,0.21668899257013075,-0.013405718233364894,0.03333333333333333,0.0,-0.03333333333333333
1743666656.8014739,4.0,-4.0,327.0,,0.11868899257013077,0.07968899257013073,0.14597064494288148,0.03333333333333333,0.0,-0.03333333333333333
1743666656.9902236,4.0,-4.0,327.0,,0.05968899257013072,0.10868899257013076,0.036993000585589186,0.06666666666666667,-0.03333333333333333,-0.0
1743666657.1795123,5.0,-3.0,327.0,,0.2995842692567209,-0.0029978363545266618,-0.01089717305055693,0.03333333333333333,0.03333333333333333,-0.0
1743666657.3700907,5.0,-4.0,327.0,,0.13868899257013068,0.017002163645473356,0.049804188724481335,0.1,0.1,-0.0
1743666657.568972,5.0,-5.0,327.0,,0.22300216364547343,-0.01299783635452667,0.12931956100961628,0.06666666666666667,-0.03333333333333333,-0.0
1743666657.7601745,4.0,-4.0,327.0,,0.14868899257013068,0.13868899257013068,0.036613315759952414,0.0,0.0,-0.0
1743666657.9511347,4.0,-4.0,326.0,,0.21668899257013075,0.13868899257013068,0.16861271484538065,0.1,0.0,-0.0
1743666658.1516347,4.0,-4.0,326.0,,0.07968899257013073,0.14868899257013068,0.10988062956574218,0.03333333333333333,0.0,-0.0
1743666658.3422878,4.0,-4.0,326.0,,0.06968899257013073,0.07968899257013073,0.0157132946821541,0.06666666666666667,-0.03333333333333333,-0.0
1743666658.5334182,4.0,-3.0,326.0,,0.2015842692567209,0.05968899257013072,0.0894332858441409,0.06666666666666667,0.0,-0.0
1743666658.7257109,4.0,-3.0,326.0,,0.279584269256721,0.0406889925701307,0.045471007277532394,0.06666666666666667,0.0,-0.0
1743666658.9182673,4.0,-3.0,326.0,,0.171584269256721,0.04968899257013071,0.19352195901641878,0.03333333333333333,0.0,-0.0
1743666659.1071036,4.0,-3.0,326.0,,0.27058426925672097,0.020688992570130682,-0.13160472096812548,0.03333333333333333,0.03333333333333333,-0.0
1743666659.2937942,4.0,-3.0,326.0,,0.1815842692567209,0.03068899257013069,0.28000618035113334,0.03333333333333333,0.0,-0.03333333333333333
1743666659.4823086,4.0,-3.0,326.0,,0.11358426925672094,0.07968899257013073,0.1236699691867802,0.06666666666666667,0.0,-0.03333333333333333
1743666659.6715837,4.0,-3.0,326.0,,0.27058426925672097,0.0006889925701307753,0.1576474238758827,0.06666666666666667,0.0,-0.0
1743666659.860993,4.0,-3.0,326.0,,0.2015842692567209,0.03068899257013069,0.02894239132625742,0.03333333333333333,0.0,-0.0
1743666660.0514307,4.0,-3.0,326.0,,0.15258426925672097,0.010688992570130673,0.04391652064222562,0.03333333333333333,0.0,-0.0
1743666660.2428505,4.0,-3.0,326.0,,0.22058426925672092,0.03068899257013069,0.05011410033995567,0.06666666666666667,0.0,-0.0
1743666660.4309123,4.0,-3.0,326.0,,0.16258426925672098,0.05968899257013072,0.0481331130438889,0.03333333333333333,0.0,-0.03333333333333333
1743666660.6190739,4.0,-3.0,327.0,,0.2115842692567209,0.0406889925701307,0.020501948471435938,0.03333333333333333,0.0,-0.0
1743666660.8103545,4.0,-4.0,327.0,,0.11868899257013077,0.06968899257013073,0.038548120885412374,0.03333333333333333,0.06666666666666667,-0.0
1743666660.999102,4.0,-6.0,326.0,,0.29757577534431934,0.10868899257013076,0.039038296779304815,0.0,0.4,-0.0
1743666661.1881638,5.0,-10.0,326.0,,0.1975113770874133,0.07600216364547341,0.09549768595007002,-0.03333333333333333,0.3,-0.0
1743666661.374423,7.0,-14.0,326.0,,0.3227462041672595,0.019461741195503368,0.47731979414725423,-0.23333333333333334,0.5666666666666667,-0.03333333333333333
1743666661.5615695,11.0,-23.0,316.0,,-0.15707237047977562,-0.2348362446439045,-0.2854204127092608,-0.13333333333333333,0.5,-0.06666666666666667
1743666661.7501569,11.0,-28.0,317.0,,-0.07551603092958903,-0.03883624464390456,0.08598733623365895,0.06666666666666667,0.3333333333333333,-0.0
1743666661.9380288,11.0,-29.0,317.0,,0.03801762538343301,-0.11783624464390452,0.1352167393652497,0.03333333333333333,0.1,-0.0
1743666662.124512,11.0,-31.0,317.0,,0.03647648513236845,0.06916375535609554,-0.00697351087968201,-0.06666666666666667,0.16666666666666666,-0.0
1743666662.3131118,13.0,-35.0,317.0,,0.07921515939623802,0.028230156886684288,0.02296476557960858,-0.03333333333333333,0.5,-0.0
1743666662.5002158,13.0,-42.0,317.0,,0.15282875161959986,0.1652301568866843,0.14480939353055167,-0.2,0.6333333333333333,0.1
1743666662.6901376,16.0,-52.0,316.0,,-0.45538549288194297,0.1589975394352381,-0.07356275682708979,-0.1,1.2,-0.23333333333333334
1743666662.8768673,12.0,-70.0,318.0,,-0.45238460990976037,0.19538631307778065,-0.07081419618554374,0.03333333333333333,1.9,-0.6666666666666666
1743666663.0655267,7.0,-81.0,319.0,,0.29277737876169674,-0.21553825880449673,0.03658089967563982,0.0,0.2,-0.0
1743666663.2552083,8.0,-83.0,319.0,,-0.20587774760136845,0.006711879581758007,-0.012251999696704763,0.13333333333333333,0.0,-0.0
1743666663.4452066,8.0,-82.0,319.0,,-0.016529754354804638,0.08471187958175785,0.009386089115465346,0.06666666666666667,0.0,-0.0
1743666663.635887,8.0,-81.0,319.0,,-0.0802226212383026,0.07571187958175796,-0.003560640833944584,0.13333333333333333,0.03333333333333333,-0.03333333333333333
1743666663.8280568,8.0,-82.0,318.0,,-0.026529754354804425,0.10471187958175787,0.00687527764143403,0.13333333333333333,0.03333333333333333,-0.03333333333333333
1743666664.018548,8.0,-83.0,318.0,,-0.01987774760136851,0.04571187958175793,0.006048978873232191,0.03333333333333333,0.0,-0.0
1743666664.2103388,8.0,-82.0,318.0,,-0.08552975435480548,0.08471187958175785,-0.00046501052389236186,0.0,-0.06666666666666667,-0.0
1743666664.4010284,9.0,-82.0,319.0,,-0.13452975435480496,0.10237789795533514,-0.003376523860052494,0.0,0.0,0.1
1743666664.592451,12.0,-81.0,320.0,,-0.05022262123830323,0.17538631307778063,0.028618720215854765,-0.2,-0.13333333333333333,0.3333333333333333
1743666664.7934766,18.0,-77.0,325.0,,-0.37057033554315844,0.12554328518176572,0.006727107627126916,-1.0333333333333334,-0.9,1.0333333333333334
1743666665.0016263,33.0,-66.0,331.0,,-2.617880939473914,-0.1659089334974162,-0.3342457212082466,0.36666666666666664,-2.033333333333333,0.8
1743666665.2144556,13.0,-31.0,310.0,,-0.2775235148676316,-1.5897698431133156,0.2982262555090571,2.4,-1.9,0.23333333333333334
1743666665.4266875,-3.0,-19.0,298.0,,-0.3508235952247074,0.35641573074327904,1.292446367473886,1.1,-0.4666666666666667,0.4
1743666665.6319454,-7.0,-21.0,294.0,,-2.800589585039396,-1.0014617411955034,1.2320479666955055,0.3,0.2,0.26666666666666666
1743666665.8265336,-8.0,-23.0,291.0,,-1.598072370479776,0.4922881204182421,-0.008490598962069384,0.0,-0.5,-0.3333333333333333
1743666666.0217988,1.0,-20.0,295.0,,0.5467823939751897,4.515791892850249,0.46430538695895596,1.5,-0.8666666666666667,-0.06666666666666667
1743666666.2168758,-5.0,-13.0,291.0,,-0.04076984311331566,-2.5090021636454733,0.18617806672754078,-0.8,0.0,-0.9
1743666666.4157405,-6.0,-14.0,300.0,,1.1067462041672593,-0.9555757753443195,2.2209689199939326,0.3333333333333333,0.1,-0.43333333333333335
1743666666.6217253,-4.0,-8.0,305.0,,-1.3562881204182422,-1.0316889925701307,2.098998020048942,-1.0,-0.7333333333333333,0.1
1743666666.831977,5.0,-6.0,306.0,,-0.5454242246556806,-1.5119978363545266,-0.009134820395612309,0.0,0.0,-0.7
1743666667.0450783,5.0,-7.0,308.0,,-1.1275382588044967,-0.9429978363545266,0.08561953486091056,0.06666666666666667,0.0,-0.0
1743666667.2587557,2.0,-3.0,307.0,,-0.4264157307432791,-0.42036406265153453,0.09568251596923005,0.03333333333333333,0.0,-0.0
1743666667.476083,1.0,-1.0,307.0,,-0.10320810714975126,-0.2592081071497513,0.09561828465680478,0.03333333333333333,0.0,-0.0
1743666667.6942089,0.0,0.0,307.0,,0.068,-0.088,0.09561828465680478,0.03333333333333333,0.0,-0.0
1743666667.9083295,0.0,0.0,307.0,,0.058,-0.088,0.08555642461582025,0.03333333333333333,0.0,-0.0
1743666668.1231005,0.0,0.0,308.0,,0.058,-0.078,0.10447146532627016,0.03333333333333333,0.0,-0.0
1743666668.3343136,0.0,0.0,308.0,,0.058,-0.088,0.09555530175561877,0.03333333333333333,0.0,-0.0
1743666668.5466115,0.0,0.0,308.0,,0.058,-0.088,0.09555530175561877,0.03333333333333333,0.0,-0.0
1743666668.7611349,0.0,0.0,308.0,,0.048,-0.088,0.10450140367391647,0.03333333333333333,0.0,-0.0
1743666668.9744759,0.0,0.0,308.0,,0.087,-0.078,0.09568251596923005,0.03333333333333333,0.0,-0.0
1743666669.186763,0.0,0.0,308.0,,0.058,-0.088,0.09555530175561877,0.03333333333333333,0.0,-0.0
1743666669.4017348,0.0,0.0,308.0,,0.077,-0.078,0.09560053959708092,0.03333333333333333,0.0,-0.0
1743666669.6195586,0.0,0.0,308.0,,0.058,-0.088,0.10455429408486339,0.03333333333333333,0.0,-0.0
1743666669.8341277,0.0,0.0,308.0,,0.068,-0.078,0.09553530693011325,0.03333333333333333,0.0,-0.0
1743666670.0469697,0.0,0.0,309.0,,-0.255,0.97,0.3390041716962937,0.26666666666666666,0.03333333333333333,-1.1
1743666670.2607048,-17.0,-8.0,309.0,,2.9977118795817583,-3.6438335766699517,2.655016395045174,9.266666666666667,3.2,-3.7333333333333334
1743666670.4683428,-67.0,-74.0,287.0,,-6.253977237154908,-1.6488473876315606,0.23308213173451398,1.8,1.0,-0.3333333333333333
1743666670.6784966,-56.0,-99.0,271.0,,-9.484222621238303,-1.213141413235041,-0.011093879601161455,0.06666666666666667,0.16666666666666666,-0.13333333333333333
1743666670.8872852,-51.0,-89.0,281.0,,-9.574505889484199,-2.0941981181071148,-0.17479466116442388,0.03333333333333333,0.0,-0.0
1743666671.0939872,-57.0,-89.0,282.0,,-9.574505889484199,-1.48164172845539,-0.1949757238934517,0.03333333333333333,0.0,-0.0
1743666671.301109,-64.0,-90.0,282.0,,-9.576,-0.9008304058051717,-0.19488504859646297,0.03333333333333333,0.0,-0.0
1743666671.508195,-70.0,-91.0,282.0,,-9.574505889484199,-0.4996153900902396,-0.19488504859646297,0.03333333333333333,0.0,-0.0
1743666671.7158191,-75.0,-92.0,282.0,,-9.57002401305733,-0.24226764410424018,-0.19488504859646297,0.03333333333333333,0.0,-0.0
1743666671.9261265,-78.0,-93.0,281.0,,-9.56255573594237,-0.11337203680136554,-0.21507514534990974,0.03333333333333333,0.0,-0.0
1743666672.1335442,-81.0,-94.0,280.0,,-9.561103333048877,-0.01977737876169705,-0.17487791517394358,0.03333333333333333,0.0,-0.0
1743666672.3416705,-83.0,-96.0,278.0,,-9.522259793562762,0.018877747601369066,-0.19488504859646297,0.03333333333333333,0.0,-0.0
1743666672.55208,-84.0,-98.0,276.0,,-9.480529754354805,0.04725979356276255,-0.21507514534990974,0.03333333333333333,0.0,-0.0
1743666672.762018,-85.0,-100.0,274.0,,-9.43596405704976,0.06366998828002401,-0.17487791517394358,0.03333333333333333,0.0,-0.0
1743666672.9687662,-86.0,-102.0,272.0,,-9.361627963198634,0.07710333304887662,-0.1949757238934517,0.03333333333333333,0.0,-0.0
1743666673.1761293,-86.0,-104.0,269.0,,-9.284601074767526,0.07710333304887662,-0.21507514534990974,0.03333333333333333,0.0,-0.0
1743666673.383422,-87.0,-107.0,267.0,,-9.13734965599738,0.0875557359423702,-0.19497324158723273,0.03333333333333333,0.0,-0.0
1743666673.5906773,-87.0,-109.0,265.0,,-9.041537226629298,0.0875557359423702,-0.1949757238934517,0.03333333333333333,0.0,-0.0
1743666673.7976322,-87.0,-110.0,263.0,,-8.984384609909762,0.07855573594236986,-0.19488504859646297,0.03333333333333333,0.0,-0.0
1743666674.003178,-87.0,-112.0,262.0,,-8.861673613300185,0.0875557359423702,-0.1949757238934517,0.03333333333333333,0.0,-0.0
1743666674.2136974,-87.0,-113.0,261.0,,-8.79615261236844,0.0875557359423702,-0.1949757238934517,0.03333333333333333,0.0,-0.0
1743666674.4220943,-87.0,-114.0,260.0,,-8.727880939473915,0.0875557359423702,-0.1949757238934517,0.03333333333333333,0.0,-0.0
1743666674.631021,-87.0,-114.0,260.0,,-8.727880939473915,0.07855573594236986,-0.17479466116442388,0.03333333333333333,0.0,-0.0
1743666674.8403814,-87.0,-114.0,259.0,,-8.727880939473915,0.07855573594236986,-0.19488504859646297,0.03333333333333333,0.0,-0.0
1743666675.0512328,-87.0,-115.0,259.0,,-8.656879390829538,0.07855573594236986,-0.17479466116442388,0.03333333333333333,0.0,-0.0
1743666675.2614515,-87.0,-115.0,259.0,,-8.656879390829538,0.07855573594236986,-0.21497512532579632,0.03333333333333333,0.0,-0.0
1743666675.469077,-87.0,-115.0,259.0,,-8.656879390829538,0.07855573594236986,-0.19488504859646297,0.03333333333333333,0.0,-0.0
1743666675.6736088,-87.0,-115.0,259.0,,-8.656879390829538,0.0875557359423702,-0.21507514534990974,0.03333333333333333,0.0,-0.0
1743666675.8794582,-87.0,-115.0,259.0,,-8.656879390829538,0.07855573594236986,-0.19488504859646297,0.03333333333333333,0.0,-0.0
1743666676.083039,-87.0,-115.0,259.0,,-8.656879390829538,0.07855573594236986,-0.19488504859646297,0.03333333333333333,0.0,-0.0
1743666676.2877913,-87.0,-115.0,259.0,,-8.646879390829538,0.0875557359423702,-0.17487376440658642,0.03333333333333333,0.0,-0.0
1743666676.4906356,-87.0,-115.0,259.0,,-8.656879390829538,0.0875557359423702,-0.17487599087008912,0.03333333333333333,0.0,-0.0
1743666676.6939178,-87.0,-115.0,259.0,,-8.656879390829538,0.07855573594236986,-0.21497512532579632,0.03333333333333333,0.0,-0.0
1743666676.8983748,-87.0,-115.0,259.0,,-8.656879390829538,0.07855573594236986,-0.19488504859646297,0.03333333333333333,0.0,-0.0
1743666677.1030626,-87.0,-115.0,259.0,,-8.665879390829538,0.0875557359423702,-0.1949778693188784,0.03333333333333333,0.0,-0.0
1743666677.3058655,-87.0,-114.0,259.0,,-8.727880939473915,0.0875557359423702,-0.21507514534990974,0.03333333333333333,0.0,-0.0
1743666677.510179,-87.0,-114.0,259.0,,-8.727880939473915,0.07855573594236986,-0.19488504859646297,0.03333333333333333,0.0,-0.0
1743666677.7342649,-87.0,-114.0,259.0,,-8.727880939473915,0.0875557359423702,-0.1949757238934517,0.03333333333333333,0.0,-0.0
1743666677.9488206,-87.0,-114.0,259.0,,-8.727880939473915,0.07855573594236986,-0.19488504859646297,0.03333333333333333,0.0,-0.0
1743666678.170437,-87.0,-114.0,259.0,,-8.717880939473915,0.07855573594236986,-0.2149723947954533,0.03333333333333333,0.0,-0.0
1743666678.39455,-87.0,-114.0,259.0,,-8.727880939473915,0.07855573594236986,-0.21497512532579632,0.03333333333333333,0.0,-0.0
1743666678.6246889,-87.0,-114.0,259.0,,-8.736880939473915,0.0875557359423702,-0.1949778693188784,0.03333333333333333,0.0,-0.0
1743666678.8524196,-87.0,-114.0,259.0,,-8.727880939473915,0.0875557359423702,-0.21507514534990974,0.03333333333333333,0.0,-0.0
1743666679.0665243,-87.0,-114.0,259.0,,-8.727880939473915,0.0875557359423702,-0.17487599087008912,0.03333333333333333,0.0,-0.0
1743666679.274866,-87.0,-114.0,259.0,,-8.717880939473915,0.0875557359423702,-0.17487376440658642,0.03333333333333333,0.0,-0.0
1743666679.4811454,-88.0,-116.0,257.0,,-9.199169594194828,0.06602401305732997,-0.7642292779564924,0.03333333333333333,0.13333333333333333,-0.0
1743666679.6878278,-74.0,-92.0,328.0,,-9.619024013057329,-0.7980227628450915,0.00932453530203256,-0.7,0.8,-1.2
1743666679.8913314,-57.0,-24.0,61.0,,-4.2060864685736,2.0493582715446097,-0.2986221636060771,-4.966666666666667,0.2,0.06666666666666667
1743666680.1008852,-17.0,-17.0,83.0,,-2.820166423330048,0.956166423330048,0.32988051849558353,0.03333333333333333,0.3333333333333333,0.03333333333333333
1743666680.308223,-17.0,-20.0,80.0,,-3.2382176060248105,2.839166423330048,0.08572782118935685,0.03333333333333333,0.03333333333333333,0.06666666666666667
1743666680.553025,-19.0,-14.0,84.0,,-2.2762537958327407,3.066823595224707,0.10527421714184193,0.03333333333333333,0.0,-0.0
1743666680.8274796,-7.0,-5.0,86.0,,-0.7579978363545267,1.0775382588044966,0.09616633464494839,0.03333333333333333,0.0,-0.0
1743666681.1138391,-2.0,-1.0,87.0,,-0.07420810714975126,0.23436406265153453,0.10505147202235676,0.03333333333333333,0.0,-0.0
1743666681.4056973,-1.0,0.0,87.0,,0.097,0.04420810714975126,0.09627653333063968,0.03333333333333333,0.0,-0.0
1743666681.7041214,0.0,0.0,87.0,,0.097,-0.118,0.09616633464494839,0.03333333333333333,0.0,-0.0
1743666681.9890363,0.0,0.0,87.0,,0.107,-0.118,0.09626828729905057,0.03333333333333333,0.0,-0.0
1743666682.273739,0.0,0.0,87.0,,0.097,-0.118,0.09616633464494839,0.03333333333333333,0.0,-0.0
1743666682.5582945,0.0,0.0,87.0,,0.097,-0.127,0.09627653333063968,0.03333333333333333,0.0,-0.0
1743666682.8545575,-19.0,-12.0,89.0,,-2.020613686922219,3.0168235952247073,0.1155779126111316,0.03333333333333333,-0.03333333333333333,0.8
1743666683.1217241,-23.0,-9.0,105.0,,-1.437622102044665,3.7250723704797757,0.09605338338482916,0.03333333333333333,0.0,-0.0
1743666683.3571107,-28.0,-6.0,118.0,,-0.42842422465568064,4.918516030929589,0.10768382746958416,0.03333333333333333,0.0,-1.0333333333333334
1743666683.582515,-28.0,0.0,138.0,,0.166,5.124516030929589,0.1287543448037809,-0.6,-0.03333333333333333,-0.8666666666666667
1743666683.798913,1.0,5.0,155.0,,0.1689978363545266,5.211791892850249,0.9381843168349491,-5.8,-0.03333333333333333,-1.5
1743666684.012258,34.0,6.0,155.0,,1.1814242246556805,3.064317616951973,-0.1251979454275025,-3.2666666666666666,-0.16666666666666666,0.03333333333333333
1743666684.2231216,57.0,0.0,156.0,,0.077,1.460641728455391,-0.004982550779425887,-1.1,0.0,-0.2
1743666684.4299529,61.0,-4.0,160.0,,-0.4793110074298693,1.1279806729625275,-0.0004006636601065969,0.03333333333333333,0.0,-0.0
1743666684.6403575,66.0,-9.0,164.0,,-1.3296221020446648,0.7261190605260861,-0.0003584905971825425,0.03333333333333333,0.0,-0.0
1743666684.8515933,71.0,-12.0,167.0,,-1.8446136869222192,0.42246277337070204,-0.0004421108432134391,0.03333333333333333,0.0,-0.0
1743666685.0580342,76.0,-14.0,169.0,,-2.1682537958327406,0.1693989252324748,-0.00048196508587249054,0.03333333333333333,0.0,-0.0
1743666685.2681115,79.0,-16.0,171.0,,-2.499002460564762,0.06823733037841606,-0.00032823166855125777,0.03333333333333333,0.0,-0.0
1743666685.4767742,82.0,-19.0,174.0,,-2.9988235952247075,-0.016529754354804638,-0.0005552408614479809,0.03333333333333333,0.0,-0.0
1743666685.6902466,84.0,-22.0,177.0,,-3.4798906814100974,-0.058259793562761786,-0.0004421108432134391,0.03333333333333333,0.0,-0.0
1743666685.9007497,86.0,-26.0,181.0,,-4.095420950000849,-0.09810333304887564,-0.0003584905971825425,0.03333333333333333,0.0,-0.0
1743666686.1113436,87.0,-31.0,186.0,,-4.847523514867632,-0.09855573594236944,-0.00032823166855125777,0.03333333333333333,0.0,-0.0
1743666686.3251705,87.0,-37.0,192.0,,-5.698805377121594,-0.09855573594236944,-0.0004412724854925762,0.03333333333333333,0.0,-0.0
1743666686.5406318,88.0,-44.0,199.0,,-6.609598614202763,-0.10602401305732911,-0.0004412724854925762,0.03333333333333333,0.0,-0.0
1743666686.7628708,88.0,-50.0,205.0,,-7.309895986997175,-0.09602401305732933,-0.00029803503549525115,0.03333333333333333,0.0,-0.0
1743666687.0245283,88.0,-58.0,213.0,,-8.124351823294539,-0.10602401305732911,-0.0004421108432134391,0.03333333333333333,0.0,-0.0
1743666687.3031652,89.0,-63.0,218.0,,-8.535774002287889,-0.11050588948419815,-0.0004412724854925762,0.03333333333333333,0.0,-0.0
1743666687.5497692,89.0,-68.0,223.0,,-8.890673613300185,-0.11050588948419815,-0.00032823166855125777,0.03333333333333333,0.0,-0.0
1743666687.7813613,89.0,-71.0,226.0,,-9.060537226629299,-0.11050588948419815,-0.0003275771403237378,0.03333333333333333,0.0,-0.0
1743666688.003743,89.0,-73.0,228.0,,-9.186349655997377,-0.11050588948419815,-0.00022684400131001148,0.03333333333333333,0.0,-0.0
1743666688.2207282,89.0,-74.0,230.0,,-9.224977237154908,-0.11050588948419815,-0.0005541875549857425,0.03333333333333333,0.0,-0.0
1743666688.434031,89.0,-75.0,230.0,,-9.27073235589576,-0.11050588948419815,-0.0004412724854925762,0.03333333333333333,0.0,-0.0
1743666688.6433854,89.0,-76.0,231.0,,-9.323601074767526,-0.11050588948419815,-0.0003288550695102928,0.03333333333333333,0.0,-0.0
1743666688.8533769,89.0,-77.0,232.0,,-9.353570335543159,-0.10050588948419836,-0.0004006636601065969,0.03333333333333333,0.0,-0.0
1743666689.0598574,89.0,-77.0,232.0,,-9.353570335543159,-0.11050588948419815,-0.0005541875549857425,0.03333333333333333,0.0,-0.0
1743666689.2687201,89.0,-77.0,232.0,,-9.353570335543159,-0.11050588948419815,-6.006892549817768e-16,0.03333333333333333,0.0,-0.0
1743666689.4772158,89.0,-78.0,233.0,,-9.390627963198634,-0.11050588948419815,-0.00032823166855125777,0.03333333333333333,0.0,-0.0
1743666689.6869636,89.0,-78.0,233.0,,-9.390627963198634,-0.11050588948419815,-0.0004412724854925762,0.03333333333333333,0.0,-0.0
1743666689.8998556,89.0,-77.0,233.0,,-9.363570335543159,-0.11050588948419815,-0.00022684400131001148,0.03333333333333333,0.0,-0.0
1743666690.1120255,89.0,-78.0,233.0,,-9.390627963198634,-0.11050588948419815,-0.0004412724854925762,0.03333333333333333,0.0,-0.0
1743666690.3249378,89.0,-78.0,233.0,,-9.390627963198634,-0.12050588948419794,-0.00048196508587249054,0.03333333333333333,0.0,-0.0
1743666690.5315714,89.0,-78.0,233.0,,-9.390627963198634,-0.10050588948419836,-0.00020558865616019176,0.03333333333333333,0.0,-0.0
1743666690.7425914,89.0,-78.0,233.0,,-9.390627963198634,-0.10050588948419836,-0.0007076688206935217,0.03333333333333333,0.0,-0.0
1743666690.9524484,89.0,-78.0,233.0,,-9.400627963198634,-0.11050588948419815,-0.00011343812375871551,0.03333333333333333,0.0,-0.0
1743666691.191411,89.0,-78.0,233.0,,-9.390627963198634,-0.11050588948419815,-0.0005541875549857425,0.03333333333333333,0.0,-0.0
1743666691.415283,89.0,-78.0,233.0,,-9.390627963198634,-0.11050588948419815,-0.00032823166855125777,0.03333333333333333,0.0,-0.0
1743666691.633054,89.0,-78.0,233.0,,-9.390627963198634,-0.11050588948419815,-0.00032823166855125777,0.03333333333333333,0.0,-0.0
1743666691.851033,89.0,-78.0,233.0,,-9.390627963198634,-0.11050588948419815,-0.00032823166855125777,0.03333333333333333,0.0,-0.0
1743666692.0654042,89.0,-78.0,233.0,,-9.390627963198634,-0.11050588948419815,-0.0004412724854925762,0.03333333333333333,0.0,-0.0
1743666692.2741277,89.0,-78.0,233.0,,-9.380627963198634,-0.11050588948419815,-0.0003275771403237378,0.03333333333333333,0.0,-0.0
1743666692.4954257,89.0,-78.0,233.0,,-9.390627963198634,-0.11050588948419815,-0.00032823166855125777,0.03333333333333333,0.0,-0.0
1743666692.7240791,89.0,-78.0,233.0,,-9.390627963198634,-0.11050588948419815,-0.0005541875549857425,0.03333333333333333,0.0,-0.0
1743666692.9550972,89.0,-78.0,233.0,,-9.390627963198634,-0.11050588948419815,-0.00022641406659194147,0.03333333333333333,0.0,-0.0
1743666693.1861985,89.0,-78.0,233.0,,-9.400627963198634,-0.11050588948419815,-0.0005552408614479809,0.03333333333333333,0.0,-0.0
1743666693.4118469,89.0,-78.0,233.0,,-9.380627963198634,-0.11050588948419815,-0.0004403922674208541,0.03333333333333333,0.0,-0.0
1743666693.628107,89.0,-78.0,233.0,,-9.390627963198634,-0.11050588948419815,-0.0004412724854925762,0.03333333333333333,0.0,-0.0
1743666693.841935,89.0,-78.0,233.0,,-9.390627963198634,-0.11050588948419815,-0.00032823166855125777,0.03333333333333333,0.0,-0.0
1743666694.058065,89.0,-78.0,233.0,,-9.390627963198634,-0.11050588948419815,-0.0005541875549857425,0.03333333333333333,0.0,-0.0
1743666694.2690036,89.0,-78.0,233.0,,-9.400627963198634,-0.11050588948419815,-0.00022684400131001148,0.03333333333333333,0.0,-0.0
1743666694.4790306,89.0,-78.0,233.0,,-9.390627963198634,-0.10050588948419836,-0.0004006636601065969,0.03333333333333333,0.0,-0.0
1743666694.6872098,89.0,-78.0,233.0,,-9.390627963198634,-0.11050588948419815,-0.0004412724854925762,0.03333333333333333,0.0,-0.0
1743666694.8973255,89.0,-78.0,233.0,,-9.400627963198634,-0.10050588948419836,-0.0004014994309112854,0.03333333333333333,0.0,-0.0
1743666695.1066608,89.0,-78.0,233.0,,-9.390627963198634,-0.11050588948419815,-0.00022641406659194147,0.03333333333333333,0.0,-0.0
1743666695.3182044,89.0,-78.0,233.0,,-9.683627963198633,-0.12050588948419794,-0.0071644425540566825,0.03333333333333333,-0.2,-0.0
1743666695.5309474,87.0,-26.0,174.0,,-3.2424209500008496,0.29344426405763,0.031092851664274,3.466666666666667,2.066666666666667,0.4666666666666667
1743666695.74407,48.0,-43.0,162.0,,-3.5334039122131102,-0.18125073793323754,0.8570377170483017,4.6,6.933333333333334,-2.7
1743666695.9533966,0.0,-64.0,162.0,,-0.38416959419482843,1.313,-0.17877307134339415,1.1666666666666667,0.8666666666666667,-0.3333333333333333
1743666696.1622293,-12.0,-58.0,161.0,,0.5156481767054615,1.2456136869222192,-0.10147458783618202,0.9666666666666667,2.1,-0.3
1743666696.3690546,-17.0,-60.0,161.0,,1.349290788874658,3.9951664233300477,0.0075376435336660386,0.2,0.26666666666666666,0.16666666666666666
1743666696.5762188,-19.0,-60.0,163.0,,1.2412907888746574,3.0368235952247074,-0.0025368713503401974,0.1,-0.03333333333333333,-0.0
1743666696.7848225,-12.0,-67.0,164.0,,0.72684738763156,2.1756136869222193,-0.0016059553198620735,0.03333333333333333,0.1,-0.03333333333333333
1743666696.9920523,-7.0,-74.0,164.0,,0.2970227628450921,1.4105382588044968,-0.003889083800157178,0.1,0.1,-0.0
1743666697.1952734,-3.0,-79.0,164.0,,0.2932373303784157,0.7674157307432791,0.010219077669393117,0.03333333333333333,0.06666666666666667,-0.0
1743666697.4009268,0.0,-82.0,164.0,,0.1794702456451951,0.176,0.007419075229042726,0.06666666666666667,0.03333333333333333,-0.0
1743666697.6059701,0.0,-83.0,164.0,,-0.028877747601368853,0.225,-0.004510998274741773,0.06666666666666667,-0.06666666666666667,-0.06666666666666667
1743666697.8120015,1.0,-84.0,164.0,,0.13774020643723794,0.20979189285024874,0.005761424917729574,0.1,0.0,-0.0
1743666698.017026,1.0,-85.0,164.0,,0.1113300117199767,0.18079189285024871,0.0051664989163565656,0.0,0.0,-0.0
1743666698.2211354,2.0,-86.0,164.0,,0.19589666695112307,0.09763593734846548,0.010569700312243469,0.1,0.0,-0.0
1743666698.4271486,2.0,-86.0,164.0,,0.05889666695112439,-0.019364062651534508,0.0025378500304241713,0.06666666666666667,0.0,-0.0
1743666698.6310751,2.0,-86.0,164.0,,0.23489666695112454,0.14663593734846547,0.011227017430421427,0.06666666666666667,0.0,-0.0
1743666698.8360367,2.0,-86.0,164.0,,0.06889666695112417,0.1176359373484655,0.0028430232747070905,0.06666666666666667,-0.03333333333333333,-0.0
1743666699.0399292,2.0,-86.0,164.0,,0.14689666695112358,-0.019364062651534508,0.006910130655966795,0.06666666666666667,0.0,-0.0
1743666699.2433996,2.0,-86.0,164.0,,0.0878966669511243,-0.08836406265153451,0.00393475647308883,0.06666666666666667,0.0,-0.0
1743666699.4470897,2.0,-86.0,164.0,,0.17689666695112294,0.1666359373484655,0.007956847476937923,0.03333333333333333,0.0,-0.0
1743666699.653517,2.0,-86.0,164.0,,0.126896666951124,0.01963593734846547,0.005873094414039548,0.03333333333333333,0.0,-0.0
1743666699.8590717,3.0,-86.0,164.0,,0.01989666695112291,-0.17141573074327904,0.0005657549968121067,0.03333333333333333,0.0,-0.03333333333333333
1743666700.0636106,3.0,-86.0,164.0,,0.06889666695112417,-0.014415730743279065,0.0028475310196098835,0.03333333333333333,0.0,-0.03333333333333333
1743666700.2681463,3.0,-86.0,164.0,,-0.01010333304887645,0.0735842692567209,-0.0003249177458614083,0.06666666666666667,0.0,-0.0
1743666700.475763,3.0,-85.0,164.0,,0.25833001171997694,0.14258426925672096,0.01840711735966538,0.1,-0.06666666666666667,-0.0
1743666700.6814625,4.0,-85.0,165.0,,-0.08466998828002303,0.04968899257013071,-0.004238573884034369,0.06666666666666667,0.03333333333333333,-0.0
1743666700.88916,4.0,-85.0,165.0,,0.1113300117199767,0.07968899257013073,0.0071587413120898225,0.06666666666666667,0.1,0.13333333333333333
1743666701.0955665,5.0,-85.0,169.0,,-0.15366998828002387,0.26200216364547335,-0.004146031620390234,0.0,0.13333333333333333,0.26666666666666666
1743666701.3000734,9.0,-83.0,181.0,,-0.23487774760136837,0.7293778979553349,-0.0012867722555514605,0.1,0.0,0.4666666666666667
1743666701.5064902,14.0,-85.0,184.0,,-0.45766998828002414,0.3127462041672593,-0.002294098326957983,0.06666666666666667,0.03333333333333333,0.26666666666666666
1743666701.714175,18.0,-86.0,186.0,,-0.5491033330488762,0.3215432851817659,0.00024664203480545543,0.06666666666666667,0.0,0.23333333333333334
1743666701.9206383,23.0,-88.0,187.0,,-0.8420240130573298,0.11792762952022429,-1.6048916744558148e-05,0.06666666666666667,0.0,0.23333333333333334
1743666702.1238186,27.0,-89.0,188.0,,-1.1895058894841988,0.23335319755504624,-0.21398306000269535,0.06666666666666667,0.03333333333333333,0.26666666666666666
1743666702.3298988,30.0,-89.0,188.0,,-1.3665058894841984,0.17400000000000038,-0.13570790357917617,0.06666666666666667,0.0,0.16666666666666666
1743666702.5348523,33.0,-90.0,189.0,,-1.681000000000001,-0.04790893349741587,-0.41224800378820103,0.03333333333333333,0.03333333333333333,0.16666666666666666
1743666702.7431412,36.0,-91.0,189.0,,-1.8755058894841987,-0.06917332498916196,-0.48900547816892714,0.0,0.0,0.16666666666666666
1743666702.9461107,38.0,-91.0,189.0,,-2.2285058894841985,0.00036092705529178204,-0.6497456704554205,0.0,0.03333333333333333,0.26666666666666666
1743666703.1508892,41.0,-91.0,190.0,,-2.474505889484199,0.14306092560312322,-0.644435599211056,0.03333333333333333,0.0,0.2
1743666703.3574698,45.0,-92.0,190.0,,-2.9800240130573297,0.03428247655996941,-0.8439759504110178,0.03333333333333333,0.0,0.3
1743666703.5663805,49.0,-93.0,191.0,,-3.5405557359423696,-0.05970098198539375,-1.025861209466699,0.06666666666666667,0.0,0.3333333333333333
1743666703.7763844,52.0,-93.0,192.0,,-4.19755573594237,0.12361450711805677,-1.341755034892341,0.0,-0.13333333333333333,0.3
1743666703.982479,58.0,-89.0,205.0,,-4.553505889484199,-0.5833518232945396,-0.032869939738802256,-0.8,-1.4,1.4
1743666704.1921885,70.0,-85.0,213.0,,-6.772669988280024,-2.34538460990976,-0.27229635510887296,0.4666666666666667,-0.5333333333333333,0.13333333333333333
1743666704.3973854,71.0,-75.0,205.0,,-7.57473235589576,0.0004627733707014414,-0.003167166503571517,0.2,-0.06666666666666667,0.2
1743666704.6017308,75.0,-74.0,207.0,,-8.214977237154908,0.21226764410424082,-0.00023077726718882807,0.0,0.03333333333333333,0.23333333333333334
1743666704.8085651,75.0,-69.0,204.0,,-8.28642398393755,0.3102676441042398,0.00021930824519120207,0.16666666666666666,0.03333333333333333,0.2
1743666705.0133379,80.0,-66.0,202.0,,-8.854880939473915,0.027035942950240255,-0.0019465221816772904,0.03333333333333333,0.03333333333333333,0.3
1743666705.220179,84.0,-58.0,194.0,,-8.59435182329454,-0.32325979356276235,-0.010747918186470806,0.2,-0.03333333333333333,0.16666666666666666
1743666705.4347193,83.0,-54.0,193.0,,-8.358456714818235,-0.09787774760136969,-0.0029373873688385566,0.0,0.0,-0.06666666666666667
1743666705.655001,83.0,-67.0,207.0,,-9.05915261236844,0.04912225239863055,-0.00021186469390958862,0.03333333333333333,-0.1,-0.36666666666666664
1743666705.8789494,82.0,-71.0,215.0,,-9.285537226629298,0.00247024564519549,-0.11655403552246812,0.03333333333333333,-0.13333333333333333,-0.0
1743666706.1090946,84.0,-71.0,217.0,,-9.080537226629298,-0.048259793562762,-0.056288366563322915,0.03333333333333333,-0.1,-0.0
1743666706.3298264,83.0,-70.0,220.0,,-9.04238460990976,-0.03887774760136864,-0.00011381698516791869,0.03333333333333333,0.0,-0.0
1743666706.5441773,85.0,-72.0,221.0,,-9.144864424855456,-0.08466998828002303,-0.0001240778920435677,0.03333333333333333,0.0,-0.0
1743666706.7559,86.0,-73.0,222.0,,-9.196349655997377,-0.09810333304887564,-0.0001240778920435677,0.03333333333333333,0.0,-0.0
1743666706.967431,87.0,-74.0,224.0,,-9.253977237154908,-0.09855573594236944,-0.0002276017205003547,0.03333333333333333,0.0,-0.0
1743666707.175935,87.0,-76.0,225.0,,-9.333601074767525,-0.09855573594236944,-0.00011364235642469245,0.03333333333333333,0.0,-0.0
1743666707.3841774,88.0,-77.0,227.0,,-9.373570335543159,-0.10602401305732911,-0.0002272524646881706,0.03333333333333333,0.0,-0.0
1743666707.5929449,88.0,-79.0,228.0,,-9.444762669621584,-0.10602401305732911,-0.0002272524646881706,0.03333333333333333,0.0,-0.0
1743666707.8013763,88.0,-80.0,230.0,,-9.48496405704976,-0.10602401305732911,-0.00011381698516791869,0.03333333333333333,0.0,-0.0
1743666708.0085688,88.0,-81.0,231.0,,-9.513222621238302,-0.10602401305732911,-0.00011381698516791869,0.03333333333333333,0.0,-0.0
1743666708.2156196,88.0,-82.0,232.0,,-9.519529754354805,-0.09602401305732933,-0.00010302470545987819,0.03333333333333333,0.0,-0.0
1743666708.422008,89.0,-83.0,232.0,,-9.541877747601369,-0.11050588948419815,-0.00011343812375871551,0.03333333333333333,0.0,-0.0
1743666708.6298366,89.0,-83.0,233.0,,-9.551877747601369,-0.11050588948419815,-0.00011364235642469245,0.03333333333333333,0.0,-0.0
1743666708.8376167,89.0,-84.0,233.0,,-9.571259793562762,-0.11050588948419815,-0.00011364235642469245,0.03333333333333333,0.0,-0.0
1743666709.044746,89.0,-84.0,234.0,,-9.571259793562762,-0.12050588948419794,-0.0001240778920435677,0.03333333333333333,0.0,-0.0
1743666709.2504835,89.0,-84.0,234.0,,-9.580259793562762,-0.11050588948419815,-0.00011381698516791869,0.03333333333333333,0.0,-0.0
1743666709.45818,89.0,-85.0,234.0,,-9.587669988280023,-0.11050588948419815,-0.00011364235642469245,0.03333333333333333,0.0,-0.0
1743666709.6661155,89.0,-85.0,234.0,,-9.587669988280023,-0.11050588948419815,-0.00011364235642469245,0.03333333333333333,0.0,-0.0
1743666709.8742933,89.0,-85.0,234.0,,-9.587669988280023,-0.11050588948419815,-0.0002272524646881706,0.03333333333333333,0.0,-0.0
1743666710.0819592,89.0,-85.0,234.0,,-9.596669988280023,-0.12050588948419794,-0.0002484737740598951,0.03333333333333333,0.0,-0.0
1743666710.2883973,89.0,-85.0,234.0,,-9.567669988280024,-0.11050588948419815,-0.00011322315537300696,0.03333333333333333,0.0,-0.0
1743666710.497769,89.0,-85.0,234.0,,-9.577669988280023,-0.11050588948419815,-0.00011343812375871551,0.03333333333333333,0.0,-0.0
1743666710.7107708,89.0,-85.0,234.0,,-9.596669988280023,-0.11050588948419815,-0.00011381698516791869,0.03333333333333333,0.0,-0.0
1743666710.923262,89.0,-85.0,234.0,,-9.596669988280023,-0.11050588948419815,-0.00011381698516791869,0.03333333333333333,0.0,-0.0
1743666711.1347325,89.0,-85.0,234.0,,-9.587669988280023,-0.11050588948419815,-0.00011364235642469245,0.03333333333333333,0.0,-0.0
1743666711.3428252,89.0,-84.0,234.0,,-9.571259793562762,-0.11050588948419815,-0.00011364235642469245,0.03333333333333333,0.0,-0.0
1743666711.5522816,89.0,-84.0,234.0,,-9.580259793562762,-0.10050588948419836,-0.00010340239773175101,0.03333333333333333,0.0,-0.0
1743666711.7610521,89.0,-84.0,234.0,,-9.571259793562762,-0.10050588948419836,-0.00010322830789115042,0.03333333333333333,0.0,-0.0
1743666711.9700246,89.0,-84.0,234.0,,-9.561259793562762,-0.10050588948419836,-0.00010302470545987819,0.03333333333333333,0.0,-0.0
1743666712.178049,89.0,-84.0,234.0,,-9.571259793562762,-0.10050588948419836,-6.006892549817768e-16,0.03333333333333333,0.0,-0.0
1743666712.3848515,89.0,-84.0,234.0,,-9.580259793562762,-0.11050588948419815,-0.00011381698516791869,0.03333333333333333,0.0,-0.0
1743666712.592397,89.0,-84.0,234.0,,-9.571259793562762,-0.11050588948419815,-0.00011364235642469245,0.03333333333333333,0.0,-0.0
1743666712.825142,89.0,-85.0,234.0,,-9.587669988280023,-0.11050588948419815,-0.00011364235642469245,0.03333333333333333,0.0,-0.0
1743666713.0966203,89.0,-85.0,234.0,,-9.587669988280023,-0.11050588948419815,-0.00011364235642469245,0.03333333333333333,0.0,-0.0
1743666713.3856063,89.0,-85.0,234.0,,-9.587669988280023,-0.11050588948419815,-0.00011364235642469245,0.03333333333333333,0.0,-0.0
1743666713.6750138,89.0,-84.0,234.0,,-9.571259793562762,-0.11050588948419815,-0.0002272524646881706,0.03333333333333333,0.0,-0.0
1743666713.9669163,87.0,-74.0,234.0,,-9.547977237154909,-0.07955573594236931,-0.0010188812141274511,0.03333333333333333,-0.5,-0.0
1743666714.257367,73.0,-131.0,296.0,,-5.551700981985395,1.4836503440026227,-2.8956427410944237,0.26666666666666666,0.7,-2.3666666666666667
1743666714.548611,31.0,-119.0,268.0,,-4.600019327037474,-0.9545235148676321,-12.094051577380103,-0.3,-0.4,-2.6333333333333333
1743666714.8474557,0.0,-96.0,258.0,,0.5887402064372385,-1.873,-4.293651549838506,-0.1,0.2,-0.26666666666666666
1743666715.1354182,6.0,-95.0,258.0,,-0.6146699882800242,-0.9484242246556807,-6.034606200990876,0.0,0.06666666666666667,0.03333333333333333
1743666715.3836782,6.0,-99.0,259.0,,-0.22722262123830284,-0.44742422465568066,-5.90292625038435,0.06666666666666667,-0.06666666666666667,-0.0
1743666715.6140857,6.0,-103.0,260.0,,-0.1745703355431587,-0.29142422465568063,-6.219798000513738,0.1,0.16666666666666666,0.1
1743666715.8343658,7.0,-105.0,260.0,,0.03526764410423944,-0.3135382588044967,-6.160314023050603,0.03333333333333333,-0.06666666666666667,-0.03333333333333333
1743666716.0490854,8.0,-107.0,260.0,,-0.27234965599737926,0.04571187958175793,-6.7798772206748215,0.1,0.06666666666666667,0.13333333333333333
1743666716.265105,9.0,-108.0,261.0,,-0.32886442485545864,-0.10362210204466482,-6.94363216909899,0.1,0.0,0.06666666666666667
1743666716.4750848,10.0,-109.0,261.0,,-0.1465372266292988,0.011511377087413344,-6.627405991488233,0.03333333333333333,0.03333333333333333,0.06666666666666667
1743666716.6882024,11.0,-109.0,261.0,,-0.22553722662929765,0.32416375535609565,-6.730644569638965,0.03333333333333333,0.03333333333333333,0.03333333333333333
1743666716.9051821,12.0,-110.0,262.0,,-0.19738460990976137,0.04838631307778085,-6.785144816297494,0.06666666666666667,0.0,-0.03333333333333333
1743666717.1110568,11.0,-110.0,262.0,,-0.19738460990976137,0.08816375535609544,-6.848607714816872,0.06666666666666667,-0.06666666666666667,-0.1
1743666717.318749,10.0,-109.0,262.0,,-0.1855372266292985,0.23751137708741332,-6.700618563791046,0.06666666666666667,0.03333333333333333,-0.0
1743666717.5265145,10.0,-110.0,262.0,,-0.18738460990976158,0.060511377087413276,-6.914595933801383,0.06666666666666667,-0.03333333333333333,-0.03333333333333333
1743666717.7428963,10.0,-110.0,262.0,,-0.1383846099097621,0.10951137708741321,-6.839599630652466,0.06666666666666667,-0.03333333333333333,-0.03333333333333333
1743666717.9571517,10.0,-110.0,262.0,,-0.0893846099097626,0.10951137708741321,-6.861504932461366,0.03333333333333333,0.0,-0.0
1743666718.166129,10.0,-110.0,262.0,,-0.1773846099097618,0.2075113770874133,-6.956031409280801,0.06666666666666667,0.0,-0.0
1743666718.3741245,10.0,-110.0,262.0,,-0.09938460990976239,0.2075113770874133,-6.931143314923924,0.06666666666666667,0.0,-0.0
1743666718.580231,10.0,-110.0,262.0,,-0.10938460990976218,0.04151137708741337,-6.982267830636868,0.06666666666666667,0.0,-0.0
1743666718.7887135,10.0,-110.0,262.0,,-0.19738460990976137,-0.03748862291258681,-6.99695087548613,0.03333333333333333,0.03333333333333333,-0.0
1743666719.0351343,11.0,-112.0,262.0,,-0.1526736133001858,-0.06883624464390459,-7.759805564881569,-0.03333333333333333,0.2,-0.1
1743666719.2910473,9.0,-114.0,270.0,,-0.038880939473914466,-0.09362210204466481,-8.575487335976266,0.0,0.3,-0.0
1743666719.5345588,11.0,-118.0,273.0,,-0.24871588594607275,0.12816375535609548,-10.029961999753771,0.1,0.26666666666666666,0.23333333333333334
1743666719.7662241,16.0,-120.0,280.0,,-0.6707092111253443,-0.5480024605647618,-11.087202269085536,-0.06666666666666667,0.2,-0.0
1743666719.9869883,17.0,-122.0,284.0,,-0.35735182329453963,-0.545166423330048,-10.923277194470467,0.03333333333333333,0.03333333333333333,0.03333333333333333
1743666720.202987,16.0,-124.0,287.0,,-0.41585858676495935,-0.5570024605647621,-11.397704309799934,0.1,0.0,-0.0
1743666720.417157,15.0,-124.0,288.0,,-0.17085858676495924,-0.23501483245572885,-11.073488031374861,0.06666666666666667,0.1,0.03333333333333333
1743666720.6296256,14.0,-125.0,288.0,,-0.4858815544750099,-0.2952537958327408,-11.580997506461957,0.06666666666666667,0.03333333333333333,-0.0
1743666720.8410676,14.0,-126.0,289.0,,-0.4354567148182342,-0.11825379583274076,-11.693952088573905,0.06666666666666667,0.03333333333333333,-0.0
1743666721.0491536,14.0,-127.0,289.0,,-0.11761435356394223,0.07774620416725941,-11.504455233478922,0.06666666666666667,0.13333333333333333,0.06666666666666667
1743666721.2572906,14.0,-129.0,290.0,,-0.24980188189288643,0.1657462041672595,-12.189022200068681,0.0,0.23333333333333334,0.13333333333333333
1743666721.4660132,15.0,-135.0,292.0,,-0.5437175234400327,-1.1280148324557286,-13.815946454554872,-0.36666666666666664,0.5,-0.0
1743666721.6766326,26.0,-153.0,303.0,,0.958353197555045,-0.08442095000084926,-16.893981789824434,-0.7,1.1333333333333333,0.9333333333333333
1743666721.887097,20.0,174.0,330.0,,0.8194242246556833,0.9587823939751896,-16.252207963909033,-2.3333333333333335,0.36666666666666664,1.1666666666666667
1743666722.0971787,-5.0,162.0,339.0,,1.1874567148182351,-0.8420021636454734,-18.56757696198371,0.5666666666666667,0.9666666666666667,1.3666666666666667
1743666722.305092,-13.0,152.0,338.0,,2.2715160309295883,1.6767698431133156,-18.952306684564142,0.26666666666666666,0.26666666666666666,0.26666666666666666
1743666722.5104344,-16.0,144.0,333.0,,4.530173324989163,1.831002460564762,-19.259616892233176,-0.16666666666666666,-0.06666666666666667,-0.0
1743666722.7160149,-17.0,141.0,329.0,,4.692633036198905,2.3291664233300478,-19.32044083375945,0.2,-0.03333333333333333,-0.0
1743666722.9198852,-15.0,144.0,327.0,,4.628173324989163,1.6960148324557287,-19.294747412110844,0.0,0.0,-0.0
1743666723.1210234,-12.0,150.0,328.0,,3.5519999999999996,1.4516136869222191,-19.55689891950795,0.1,0.0,-0.0
1743666723.3383996,-10.0,152.0,324.0,,3.2425160309295884,0.8504886229125868,-19.355348302948705,0.1,-0.03333333333333333,-0.03333333333333333
1743666723.5493789,-7.0,161.0,324.0,,1.7128235952247064,0.7835382588044968,-19.49763526377857,0.03333333333333333,0.0,-0.06666666666666667
1743666723.7570105,-5.0,166.0,324.0,,0.9612537958327407,0.11999783635452665,-19.347669930514925,0.0,0.0,-0.03333333333333333
1743666723.9651568,-4.0,168.0,324.0,,0.5786136869222187,0.04731100742986927,-19.397639729506288,0.06666666666666667,0.0,-0.0
1743666724.16627,-4.0,170.0,324.0,,0.15448862291258614,-0.1586889925701307,-19.41058121122341,0.06666666666666667,0.03333333333333333,-0.0
1743666724.3679104,-4.0,170.0,323.0,,0.14448862291258613,-0.03168899257013069,-19.499076382109713,0.1,0.03333333333333333,0.03333333333333333
1743666724.5695279,-4.0,170.0,322.0,,0.23248862291258598,-0.2666889925701307,-19.37139119574097,0.06666666666666667,0.0,-0.0
1743666724.7745478,-4.0,171.0,322.0,,-0.05437789795533399,0.01731100742986924,-19.477196457898817,0.0,0.0,-0.0
1743666724.9775226,-4.0,171.0,322.0,,0.14162210204466597,0.01731100742986924,-19.415629619644992,0.03333333333333333,0.03333333333333333,-0.0
1743666725.1806026,-4.0,171.0,322.0,,-0.03437789795533397,-0.14968899257013069,-19.417546721439116,0.06666666666666667,0.0,-0.03333333333333333
1743666725.383891,-4.0,171.0,322.0,,0.03462210204466598,-0.19868899257013073,-19.353712050376995,0.06666666666666667,0.0,-0.0
1743666725.5863912,-4.0,171.0,322.0,,0.0736221020446659,-0.10968899257013076,-19.427569362115527,0.1,0.03333333333333333,0.03333333333333333
1743666725.7941751,-3.0,171.0,322.0,,0.014622102044665963,-0.3105842692567209,-19.406209675395093,0.03333333333333333,-0.03333333333333333,-0.03333333333333333
1743666725.9987142,-3.0,171.0,321.0,,0.08362210204466591,-0.418584269256721,-19.33586904627103,0.03333333333333333,-0.03333333333333333,-0.03333333333333333
1743666726.204281,-4.0,171.0,321.0,,-0.03437789795533397,-0.03168899257013069,-19.436815768414966,0.06666666666666667,0.03333333333333333,-0.0
1743666726.4077501,-4.0,171.0,321.0,,0.024622102044665972,-0.11968899257013077,-19.428870484538898,0.03333333333333333,-0.03333333333333333,-0.03333333333333333
1743666726.6132603,-4.0,171.0,321.0,,-0.014377897955333951,0.0863110074298693,-19.468043560128894,0.03333333333333333,0.0,-0.03333333333333333
1743666726.8185256,-4.0,171.0,321.0,,0.09262210204466603,-0.09068899257013074,-19.390673399060013,0.06666666666666667,0.03333333333333333,-0.0
1743666727.0230293,-4.0,171.0,320.0,,0.004622102044665954,-0.1786889925701307,-19.370528402624423,0.06666666666666667,0.0,-0.0
1743666727.226335,-4.0,171.0,320.0,,0.171622102044666,0.12531100742986923,-19.516331188261727,0.03333333333333333,0.0,-0.0
1743666727.4321697,-3.0,171.0,320.0,,0.12262210204466606,-0.418584269256721,-19.33115678774552,0.03333333333333333,0.0,-0.0
1743666727.6359248,-3.0,172.0,320.0,,-0.09571187958175909,-0.27158426925672097,-19.437521053429606,0.06666666666666667,0.0,-0.03333333333333333
1743666727.841568,-3.0,172.0,320.0,,0.03128812041824092,-0.25158426925672095,-19.356210451997214,0.06666666666666667,0.0,-0.0
1743666728.0448256,-3.0,171.0,320.0,,0.04362210204466588,-0.24158426925672094,-19.455995912767094,0.0,0.0,-0.0
1743666728.2507303,-3.0,171.0,320.0,,0.171622102044666,-0.4375842692567209,-19.316639224816107,0.03333333333333333,-0.03333333333333333,-0.03333333333333333
1743666728.454136,-3.0,171.0,320.0,,-0.02437789795533396,-0.0745842692567209,-19.507178485259367,0.03333333333333333,0.0,-0.03333333333333333
1743666728.6613972,-3.0,171.0,320.0,,0.004622102044665954,-0.172584269256721,-19.465375262937066,0.03333333333333333,0.0,-0.0
1743666728.8676877,-3.0,172.0,320.0,,-0.29171187958175904,-0.37858426925672095,-19.440198857008973,0.06666666666666667,-0.03333333333333333,-0.0
1743666729.0729978,-3.0,172.0,319.0,,-0.007711879581759007,-0.38858426925672096,-19.339374401055743,0.03333333333333333,0.0,-0.03333333333333333
1743666729.2759242,-3.0,172.0,319.0,,-0.1257118795817591,-0.280584269256721,-19.442747440613363,0.03333333333333333,0.0,-0.03333333333333333
1743666729.479077,-3.0,172.0,319.0,,-0.08571187958175908,-0.35958426925672093,-19.412220462559816,0.06666666666666667,0.0,-0.0
1743666729.6850836,-3.0,172.0,319.0,,-0.16471187958175904,-0.1925842692567209,-19.524671670532825,0.06666666666666667,0.0,-0.0
1743666729.8886275,-3.0,172.0,319.0,,-0.07671187958175896,-0.172584269256721,-19.478202250300985,0.03333333333333333,0.0,-0.0
1743666730.0929828,-4.0,172.0,319.0,,-0.1057118795817591,-0.14968899257013069,-19.402331894880046,0.0,-0.03333333333333333,-0.03333333333333333
1743666730.2972713,-4.0,172.0,319.0,,-0.1057118795817591,-0.1686889925701307,-19.421331989678677,0.03333333333333333,0.0,-0.03333333333333333
1743666730.5039716,-4.0,172.0,318.0,,-0.20371187958175896,-0.09068899257013074,-19.463422614249055,0.06666666666666667,0.0,-0.0
1743666730.7145412,-4.0,172.0,317.0,,-0.08571187958175908,-0.11968899257013077,-19.47857255839142,0.06666666666666667,0.03333333333333333,-0.0
1743666730.924619,-4.0,172.0,317.0,,-0.1257118795817591,-0.20768899257013074,-19.384150435552428,0.06666666666666667,0.0,-0.0
1743666731.1283019,-4.0,172.0,317.0,,-0.03671187958175892,-0.011688992570130674,-19.46262343513903,0.06666666666666667,0.0,-0.0
1743666731.3403695,-4.0,172.0,317.0,,-0.09571187958175909,-0.10968899257013076,-19.396726360032886,0.03333333333333333,0.0,-0.03333333333333333
1743666731.5621364,-4.0,171.0,317.0,,-0.02437789795533396,-0.03168899257013069,-19.46923130634216,0.06666666666666667,0.0,-0.0
1743666731.7853901,-4.0,172.0,316.0,,-0.15471187958175903,-0.011688992570130674,-19.45591202649448,0.03333333333333333,0.0,-0.03333333333333333
1743666732.008533,-4.0,172.0,316.0,,-0.04671187958175893,-0.10068899257013075,-19.414697346342017,0.03333333333333333,0.0,-0.0
1743666732.2247813,-4.0,171.0,316.0,,0.171622102044666,-0.03168899257013069,-19.46655872960003,0.03333333333333333,0.0,-0.0
1743666732.434313,-4.0,172.0,316.0,,-0.08571187958175908,-0.0416889925701307,-19.514172537053646,0.1,0.06666666666666667,-0.0
1743666732.6426756,-4.0,171.0,316.0,,0.13262210204466607,-0.021688992570130683,-19.42195385325485,0.03333333333333333,0.0,-0.0
1743666732.850442,-4.0,171.0,315.0,,-0.07337789795533411,-0.08068899257013074,-19.488053808415202,0.1,0.03333333333333333,-0.0
1743666733.055095,-3.0,171.0,315.0,,-0.02437789795533396,-0.0745842692567209,-19.547242445586804,0.06666666666666667,0.0,-0.03333333333333333
1743666733.259901,-3.0,171.0,315.0,,-0.09337789795533391,0.023415730743279073,-19.52219871705502,0.03333333333333333,0.0,-0.0
1743666733.4655313,-3.0,171.0,315.0,,0.13262210204466607,-0.25158426925672095,-19.417636192604995,0.03333333333333333,0.0,-0.0
1743666733.6698895,-3.0,172.0,315.0,,0.03128812041824092,-0.3005842692567209,-19.372810567091193,0.06666666666666667,0.0,-0.0
1743666733.8756995,-3.0,172.0,315.0,,0.06128812041824094,-0.290584269256721,-19.387850895063554,0.03333333333333333,0.0,-0.0
1743666734.0790968,-3.0,172.0,315.0,,0.2272881204182411,-0.408584269256721,-19.337676616104886,0.06666666666666667,0.06666666666666667,-0.03333333333333333
1743666734.284314,-3.0,170.0,287.0,,0.389488622912586,-0.0655842692567209,-19.492070600623038,0.0,-0.03333333333333333,-0.06666666666666667
1743666734.4899333,-3.0,171.0,286.0,,0.24962210204466606,-0.290584269256721,-19.299174165814385,0.06666666666666667,-0.03333333333333333,-0.03333333333333333
1743666734.6950743,-2.0,169.0,256.0,,0.6758362446439063,0.11636406265153451,-19.570726228622448,0.1,0.06666666666666667,-0.0
1743666734.9013877,-1.0,171.0,249.0,,0.700622102044666,0.3962081071497513,-19.775617857651156,0.3,-0.3,-0.06666666666666667
1743666735.1057446,0.0,174.0,246.0,,0.48642422465568325,-0.481,-19.32299980484997,0.16666666666666666,0.0,-0.16666666666666666
1743666735.3117595,3.0,177.0,244.0,,0.29741573074327876,0.03458426925672098,-19.666590956362626,0.36666666666666664,-0.23333333333333334,-0.1
1743666735.5151713,7.0,179.0,243.0,,0.5332081071497505,-0.1965382588044967,-19.419282960455707,0.2,-0.26666666666666666,-0.16666666666666666
1743666735.721157,9.0,-178.0,242.0,,0.4506359373484638,-0.12362210204466484,-19.172702116114202,0.4,-0.1,-0.1
1743666735.9271939,12.0,-176.0,240.0,,0.03068899257012858,-0.17761368692221913,-19.173635616974547,0.26666666666666666,-0.13333333333333333,-0.16666666666666666
1743666736.1335158,16.0,-172.0,237.0,,0.05571187958175905,-0.332002460564762,-18.698855677506046,0.4666666666666667,-0.16666666666666666,-0.23333333333333334
1743666736.3377483,19.0,-168.0,234.0,,-0.3046136869222187,0.24717640477529246,-18.189730196608963,0.26666666666666666,-0.16666666666666666,-0.2
1743666736.543151,22.0,-164.0,231.0,,-0.22400246056476236,-0.16489068141009744,-17.58627949580029,0.4,-0.23333333333333334,-0.1
1743666736.748161,25.0,-160.0,228.0,,-0.43421760602481196,-0.0378851476762625,-16.96430609479195,0.16666666666666666,-0.13333333333333333,-0.16666666666666666
1743666736.9535449,26.0,-156.0,225.0,,-0.5780864685736025,-0.1924209500008498,-16.45550341348105,0.2,-0.1,-0.16666666666666666
1743666737.1590502,26.0,-154.0,223.0,,-0.5064209500008485,-0.3594209500008496,-16.060722997870002,0.1,-0.06666666666666667,0.03333333333333333
1743666737.3644078,27.0,-152.0,222.0,,-0.5175160309295883,-0.031646802444954325,-15.477011926843419,0.2,-0.13333333333333333,-0.06666666666666667
1743666737.5772617,28.0,-150.0,220.0,,-0.5909999999999993,-0.07551603092958903,-15.089930887776362,0.13333333333333333,-0.06666666666666667,-0.13333333333333333
1743666737.8005815,29.0,-147.0,218.0,,-0.7739089334974185,0.05801762538343347,-14.665497121240147,0.13333333333333333,-0.06666666666666667,-0.13333333333333333
1743666738.015835,29.0,-145.0,216.0,,-0.9397848406037603,0.07801762538343304,-14.346068935732152,0.2,-0.13333333333333333,-0.06666666666666667
1743666738.2243958,30.0,-142.0,213.0,,-1.009639072944709,-0.15999999999999925,-13.72977873303131,0.16666666666666666,-0.13333333333333333,-0.2
1743666738.434452,31.0,-139.0,211.0,,-0.9939390743968763,-0.02252351486763171,-12.9234541425691,0.2,-0.16666666666666666,-0.13333333333333333
1743666738.6432662,32.0,-135.0,209.0,,-1.1417175234400325,-0.10950798212773982,-12.05619649383534,0.3333333333333333,-0.26666666666666666,0.03333333333333333
1743666738.852598,34.0,-130.0,208.0,,-1.5138959869971744,-0.0926823830480279,-11.19192571431422,0.03333333333333333,0.1,-0.0
1743666739.0574124,36.0,-123.0,207.0,,-1.9523582715446093,-0.05017332498916183,-10.233477632611015,0.26666666666666666,-0.13333333333333333,-0.06666666666666667
1743666739.2658484,36.0,-122.0,207.0,,-2.063351823294539,0.02882667501083791,-9.825954866750308,0.16666666666666666,-0.06666666666666667,-0.03333333333333333
1743666739.4744015,36.0,-119.0,207.0,,-1.903019327037475,-0.2651733249891617,-9.009035007908226,0.06666666666666667,-0.03333333333333333,-0.0
1743666739.6863515,36.0,-119.0,207.0,,-1.834019327037474,-0.030173324989162253,-8.54004576710921,0.2,-0.06666666666666667,-0.1
1743666739.8948278,35.0,-117.0,204.0,,-1.7787740022878893,-0.047784840603762646,-7.688744001252621,0.36666666666666664,-0.23333333333333334,-0.3
1743666740.1069968,35.0,-109.0,202.0,,-1.803537226629298,-0.1457848406037625,-6.4493857452453405,0.16666666666666666,0.0,-0.1
1743666740.3153498,34.0,-101.0,202.0,,-1.785762669621584,-0.07368238304802777,-5.385616424531072,0.6,-0.2,-0.36666666666666664
1743666740.5250509,31.0,-90.0,202.0,,-1.309000000000001,-0.2385235148676319,-4.00443008417749,0.5333333333333333,-0.13333333333333333,-0.43333333333333335
1743666740.737447,28.0,-81.0,201.0,,-1.2472226212383024,0.03248396907041062,-3.37741402729813,0.36666666666666664,0.0,-0.16666666666666666
1743666740.9472504,25.0,-84.0,203.0,,-0.8132597935627626,-0.6558851476762619,-2.250801506645251,0.26666666666666666,-0.13333333333333333,-0.36666666666666664
1743666741.1561456,21.0,-86.0,200.0,,-0.48110333304887654,-0.24158958503939587,-1.521534689869537,0.5,-0.03333333333333333,-0.4
1743666741.3608534,18.0,-79.0,203.0,,-0.2847626696215837,0.19354328518176578,-1.1108398101331693,0.43333333333333335,-0.1,-0.36666666666666664
1743666741.5671546,14.0,-78.0,202.0,,-0.005627963198634234,-0.2852537958327406,9.485599378744602e-05,0.4,-0.3,-0.3
1743666741.7751577,10.0,-69.0,208.0,,0.7845760160624504,-0.10648862291258676,0.006139717402000311,0.4666666666666667,0.0,-0.43333333333333335
1743666741.9813242,5.0,-70.0,208.0,,0.32261539009024,-0.5029978363545267,-0.0007972196779848471,0.4666666666666667,-0.03333333333333333,-0.3
1743666742.1881108,0.0,-73.0,205.0,,0.33565034400262306,-0.078,-0.0009297255106795882,0.5,-0.03333333333333333,-0.4
1743666742.3920503,-3.0,-69.0,205.0,,0.7545760160624511,-0.23158426925672093,0.005619641480623994,0.5666666666666667,-0.1,-0.4
1743666742.5992427,-9.0,-75.0,199.0,,0.2512676441042405,0.38762210204466485,-0.00027301921637604143,0.6,0.03333333333333333,-0.43333333333333335
1743666742.8120408,-15.0,-69.0,203.0,,0.35257601606245004,-0.9619851675442712,0.006644956617104347,0.4,-0.06666666666666667,-0.4
1743666743.0255878,-17.0,-63.0,208.0,,0.6632259977121109,0.27916642333004793,-0.5494678756198836,0.5,0.1,-0.26666666666666666
1743666743.2381501,-21.0,-58.0,213.0,,0.7016481767054614,-0.8774104149606039,0.0032940190392154733,0.4,-0.16666666666666666,-0.7666666666666667
1743666743.4548721,-26.0,-52.0,219.0,,0.653614507118057,-1.6525790499991508,0.03349799175072532,-0.06666666666666667,-0.6,-0.3
1743666743.6792057,-22.0,-43.0,224.0,,1.1735960877868896,-1.876109318589903,-0.012541731802272471,-0.7,0.1,-0.23333333333333334
1743666743.9052343,-18.0,-35.0,223.0,,2.2962151593962377,-0.2635432851817656,-0.23656937179492088,-0.06666666666666667,-0.5,0.3
1743666744.1291857,-13.0,-28.0,225.0,,3.5324839690704106,-2.5302301568866845,0.18548031002438092,-0.26666666666666666,-0.5333333333333333,0.06666666666666667
1743666744.3459816,-8.0,-25.0,229.0,,2.4921148523237378,-2.155711879581758,-0.4778164242667202,-0.6,-0.43333333333333335,-0.1
1743666744.5551746,-3.0,-14.0,233.0,,3.617746204167259,-2.997584269256721,-0.02748616939218529,-0.5,-0.5666666666666667,-0.2
1743666744.7659202,0.0,-9.0,237.0,,3.4263778979553354,-2.922,0.1437470722188543,-0.5,-0.6666666666666666,-0.36666666666666664
1743666745.0015736,2.0,-6.0,240.0,,3.5335757753443193,-3.0683640626515345,0.43576991637845097,-0.26666666666666666,0.0,-0.03333333333333333
1743666745.2663271,5.0,-6.0,242.0,,2.1995757753443197,-3.0519978363545266,0.25148545690501045,0.13333333333333333,-0.7333333333333333,-0.13333333333333333
1743666745.5431087,4.0,10.0,247.0,,0.8204886229125867,-3.1753110074298694,0.5550545862902965,0.2,-2.7,-0.36666666666666664
1743666745.824385,5.0,7.0,250.0,,-0.6674617411955033,-3.2379978363545265,0.047979417569779415,0.06666666666666667,-0.16666666666666666,-0.4666666666666667
1743666746.1183448,4.0,15.0,250.0,,0.7150148324557286,-2.449311007429869,0.01589818609920357,0.03333333333333333,-0.36666666666666664,0.16666666666666666
1743666746.4070332,3.0,16.0,247.0,,0.6540024605647621,-2.219415730743279,0.394976780558574,0.0,0.03333333333333333,-0.13333333333333333
1743666746.7277248,1.0,16.0,245.0,,0.203002460564762,-1.4952081071497514,0.1820059101053655,0.0,-0.3333333333333333,-0.0
1743666747.0189126,-2.0,18.0,244.0,,0.04045671481823421,-0.8536359373484654,0.07948481942421637,0.06666666666666667,-0.2,0.03333333333333333
1743666747.3171837,-1.0,23.0,241.0,,0.19507237047977588,-1.6817918928502487,0.2736336200727756,0.2,-0.4,0.3333333333333333
1743666747.575381,-6.0,33.0,238.0,,0.42990893349741555,-1.2695757753443193,0.009692492379091533,0.6333333333333333,-1.2333333333333334,0.6333333333333333
1743666747.8097918,-12.0,43.0,240.0,,0.8064039122131099,-2.4123863130777807,0.24919226775311643,0.5,-0.26666666666666666,0.43333333333333335
1743666748.0281208,-18.0,49.0,243.0,,1.568700981985394,-1.440543285181766,-0.3085892426903962,0.7,-0.6,0.1
1743666748.238195,-22.0,56.0,247.0,,2.081858586764959,-2.6601093185899027,0.07097335017989259,0.6666666666666666,-0.5666666666666667,0.16666666666666666
1743666748.4483194,-25.0,61.0,250.0,,2.0880193270374727,-2.179114852323738,-0.00661538452392163,0.16666666666666666,-0.3333333333333333,0.03333333333333333
1743666748.6540926,-27.0,62.0,249.0,,2.512715885946073,-2.0773531975550457,-0.06689585208570215,0.13333333333333333,-0.23333333333333334,0.06666666666666667
1743666748.8599381,-27.0,65.0,251.0,,1.9968793908295357,-2.4603531975550457,0.12863649655608533,0.26666666666666666,-0.4666666666666667,-0.23333333333333334
1743666749.063332,-27.0,69.0,253.0,,2.519423983937549,-2.293353197555046,-0.03032986709660368,0.5,-0.26666666666666666,0.03333333333333333
1743666749.2707334,-28.0,76.0,258.0,,2.271601074767526,-2.0534839690704105,0.004766003737315283,0.4,-0.23333333333333334,-0.23333333333333334
1743666749.4731278,-29.0,81.0,258.0,,2.3732226212383027,-1.4520176253834336,-0.35591434025173113,0.06666666666666667,-0.3,-0.03333333333333333
1743666749.6781304,-27.0,83.0,254.0,,2.2248777476013695,-2.1163531975550463,-0.48377847964571397,-0.06666666666666667,-0.6,0.16666666666666666
1743666749.8816981,-32.0,92.0,252.0,,3.1260240130573296,-1.8624920178722597,-2.606575042437105,0.43333333333333335,-0.4666666666666667,0.36666666666666664
1743666750.0838954,-32.0,98.0,257.0,,3.2715297543548054,-1.2154920178722595,-4.8110208498476155,0.8333333333333334,-0.13333333333333333,0.06666666666666667
1743666750.2934093,-34.0,104.0,261.0,,3.2916010747675255,-1.202317616951972,-5.832639181597754,0.06666666666666667,-0.03333333333333333,0.06666666666666667
1743666750.4972363,-35.0,105.0,260.0,,2.9347323558957594,-1.4732151593962373,-6.22491584675303,0.06666666666666667,0.0,-0.0
1743666750.7010617,-37.0,108.0,260.0,,2.9748644248554577,-0.941194622878406,-6.686287845675244,0.13333333333333333,0.03333333333333333,-0.0
1743666750.9099345,-39.0,107.0,256.0,,3.1243496559973796,-1.230366963801095,-5.734321584283941,-0.26666666666666666,0.43333333333333335,0.13333333333333333
1743666751.1139462,-39.0,93.0,238.0,,4.04955573594237,-1.7403669638010948,-2.055431983584114,-0.9333333333333333,0.43333333333333335,-0.1
1743666751.3391647,-37.0,88.0,232.0,,3.3120240130573295,-1.510194622878406,0.0017595485896418905,0.13333333333333333,0.06666666666666667,-0.03333333333333333
1743666751.5742471,-37.0,90.0,232.0,,3.2,-1.4121946228784061,-0.6242618183315803,0.13333333333333333,-0.1,-0.0
1743666751.7963607,-41.0,91.0,232.0,,3.3165058894841986,-0.9390609256031235,-0.33171770904646236,0.0,0.0,-0.03333333333333333
1743666752.0112317,-44.0,91.0,231.0,,3.336505889484198,-0.33440138579723655,-0.17549950109567436,0.0,0.0,-0.03333333333333333
1743666752.2226508,-45.0,90.0,231.0,,3.112,-0.42828247655996954,-0.19258048129094046,0.06666666666666667,-0.03333333333333333,-0.03333333333333333
1743666752.4305863,-46.0,91.0,231.0,,3.267505889484198,-0.3862765586778325,-0.3502188663674975,0.0,0.0,-0.0
1743666752.6355138,-46.0,91.0,231.0,,3.1895058894841988,-0.07227655867783245,-0.0003284635431480068,0.0,-0.03333333333333333,-0.0
1743666752.8487577,-46.0,90.0,231.0,,3.0730000000000004,-0.2592765586778327,-6.006892549817768e-16,0.03333333333333333,0.03333333333333333,-0.03333333333333333
1743666753.0542097,-46.0,90.0,231.0,,3.083,-0.22927655867783248,-0.21284396534596628,0.0,0.0,-0.03333333333333333
1743666753.2613447,-46.0,90.0,230.0,,3.083,-0.28827655867783264,-0.05557821067058621,0.06666666666666667,0.03333333333333333,-0.06666666666666667
1743666753.4689703,-46.0,90.0,230.0,,2.926,-0.14127655867783329,0.0005874618839401824,0.0,0.0,-0.03333333333333333
1743666753.676087,-45.0,89.0,229.0,,3.2385058894841983,-0.19228247655996888,-0.00346383219082369,0.0,0.0,-0.03333333333333333
1743666753.8845363,-45.0,88.0,229.0,,3.0570240130573296,-0.1432824765599694,-0.0006097432832888605,0.0,0.0,-0.1
1743666754.0908175,-44.0,88.0,228.0,,2.694024013057329,-0.16740138579723673,0.0037186640005170135,0.0,0.03333333333333333,-0.1
1743666754.2981095,-44.0,88.0,228.0,,2.851024013057329,-0.08940138579723644,-0.00021566682603735288,0.0,0.0,-0.06666666666666667
1743666754.5053864,-44.0,87.0,228.0,,2.79455573594237,-0.07940138579723666,0.0006792857071972747,0.03333333333333333,0.0,-0.0
1743666754.7102015,-44.0,87.0,228.0,,2.8335557359423698,-0.08940138579723644,-5.169203014671053e-05,0.03333333333333333,0.0,-0.0
1743666754.9168553,-43.0,87.0,228.0,,2.7555557359423695,-0.12559608778688958,7.195184537556187e-05,0.03333333333333333,0.0,-0.0
1743666755.124323,-43.0,86.0,227.0,,2.6861033330488766,-0.21359608778688965,0.003323322391064254,0.06666666666666667,0.03333333333333333,-0.03333333333333333
1743666755.3300223,-43.0,86.0,227.0,,2.814103333048876,-0.13459608778688992,-0.0021521429240123346,0.03333333333333333,0.0,-0.03333333333333333
1743666755.540006,-43.0,86.0,227.0,,3.019103333048876,-0.017596087786889925,-0.01736815957387272,-0.06666666666666667,0.06666666666666667,-0.2
1743666755.7594478,-34.0,84.0,212.0,,2.332259793562762,-0.6243176169519726,-0.011299579976786989,-0.3,0.13333333333333333,-0.13333333333333333
1743666755.971482,-33.0,78.0,206.0,,2.0246279631986344,-0.4040910665025841,0.012366458880197495,-0.5666666666666667,-0.03333333333333333,-0.16666666666666666
1743666756.181406,-29.0,77.0,199.0,,2.2035703355431586,-0.20601762538343316,-0.12778092354982684,-0.4666666666666667,0.3,-0.6666666666666666
1743666756.4039202,-20.0,73.0,192.0,,0.8493496559973774,0.27621760602481027,0.08502602211113075,-0.8,0.5666666666666667,-1.0333333333333334
1743666756.6334832,-11.0,67.0,182.0,,0.3901526123684391,0.7148362446439045,0.22287116302474175,-0.7333333333333333,0.5,0.03333333333333333
1743666756.864837,-9.0,61.0,171.0,,1.049019327037473,1.5346221020446649,0.40970496328877903,-0.9,1.0333333333333334,0.3
1743666757.0950897,-13.0,45.0,167.0,,2.5827175234400306,2.196769843113316,-0.08945848048635163,0.26666666666666666,1.4333333333333333,0.03333333333333333
1743666757.3140264,-12.0,28.0,174.0,,1.5945160309295892,2.9216136869222193,0.06315219661983562,1.7666666666666666,-0.6,-1.3
1743666757.52612,-14.0,36.0,199.0,,4.246173324989162,1.1572537958327407,-0.136228968348874,0.06666666666666667,2.6,-2.433333333333333
1743666757.7406914,0.0,21.0,221.0,,1.740589585039396,-3.089,1.052436511599364,1.2,-2.1333333333333333,1.1
1743666757.9490383,-7.0,28.0,216.0,,2.703516030929589,-0.4224617411955034,0.8658605795180989,-1.0,1.7666666666666666,-0.23333333333333334
1743666758.1614463,-3.0,27.0,204.0,,3.021646802444954,-0.3105842692567209,0.07593404051459807,-0.26666666666666666,-2.6333333333333333,1.3
1743666758.3752627,-3.0,30.0,202.0,,2.9339999999999993,0.31741573074327906,0.16232201101122712,-1.0,1.8666666666666667,-0.3
1743666758.5902438,1.0,20.0,200.0,,3.0312176060248106,0.02379189285024874,0.43468503574070994,0.06666666666666667,-0.7,0.2
1743666758.806426,7.0,7.0,202.0,,1.8025382588044967,0.10746174119550322,0.793434129939449,-0.26666666666666666,1.6,-0.36666666666666664
1743666759.021207,15.0,-29.0,211.0,,0.5090176253834331,-1.0690148324557287,-0.7078597420893917,-0.23333333333333334,1.8,-0.6666666666666666
1743666759.2346802,12.0,-49.0,216.0,,1.3722990180146057,-0.3436136869222193,0.22445831858620213,-0.1,1.1333333333333333,-0.1
1743666759.4490404,10.0,-57.0,217.0,,1.3916417284553901,-0.23348862291258676,0.20430964900900594,-0.03333333333333333,0.9666666666666667,-0.4
1743666759.6640077,8.0,-72.0,222.0,,0.397135575144544,-1.0132881204182422,-0.0035548189150440557,-0.3,2.3666666666666667,-0.7
1743666759.878375,3.0,-89.0,224.0,,-0.5125058894841992,-0.944415730743279,-5.387070851758508,0.36666666666666664,0.43333333333333335,0.16666666666666666
1743666760.0955262,5.0,-92.0,224.0,,-0.26302401305732914,-0.9919978363545267,-5.4762299019742455,-1.3333333333333333,1.6,0.4666666666666667
1743666760.3122833,6.0,-99.0,224.0,,-1.1682226212383018,-1.5254242246556806,-9.668278879477882,0.5,-0.13333333333333333,0.23333333333333334
1743666760.5306532,7.0,-90.0,222.0,,-0.5240000000000009,-0.9215382588044967,-6.702168954891791,0.06666666666666667,-0.7333333333333333,-0.0
1743666760.747528,8.0,-88.0,222.0,,-0.7240240130573294,-0.9442881204182421,-6.914123558039938,0.16666666666666666,-0.1,0.06666666666666667
1743666760.9654322,8.0,-90.0,223.0,,-0.39700000000000024,-0.7582881204182421,-5.841988695663161,0.13333333333333333,-0.16666666666666666,0.03333333333333333
1743666761.1803179,6.0,-97.0,224.0,,-0.37287774760137005,-0.5954242246556807,-5.65184643218913,0.06666666666666667,0.0,-0.0
1743666761.3968072,5.0,-100.0,225.0,,-0.1989640570497606,-0.37499783635452666,-5.228950765271668,0.06666666666666667,0.0,-0.0
1743666761.613326,4.0,-102.0,225.0,,-0.13362796319863435,-0.1953110074298693,-5.1922009668419395,0.06666666666666667,0.0,-0.0
1743666761.830328,4.0,-103.0,225.0,,0.011429664456841238,-0.10631100742986932,-4.9367104009863265,0.1,-0.06666666666666667,-0.0
1743666762.0476868,4.0,-103.0,224.0,,-0.1455703355431588,-0.15531100742986925,-5.204165322703755,0.03333333333333333,0.0,-0.0
1743666762.258653,4.0,-102.0,224.0,,-0.3486279631986342,-0.2543110074298693,-5.114335476951821,0.0,0.0,-0.03333333333333333
1743666762.4705737,4.0,-101.0,225.0,,-0.029762669621584692,-0.15531100742986925,-4.341464321798238,0.03333333333333333,-0.06666666666666667,-0.0
1743666762.6835346,4.0,-101.0,225.0,,-0.02076266962158435,-0.2043110074298693,-4.072884509542577,0.03333333333333333,0.03333333333333333,-0.0
1743666762.8924692,4.0,-100.0,225.0,,0.08603594295023953,-0.02831100742986925,-3.679217953896431,0.03333333333333333,0.0,-0.0
1743666763.1003458,4.0,-100.0,225.0,,0.08603594295023953,-0.0773110074298693,-3.6993141076845397,0.03333333333333333,-0.1,-0.0
1743666763.311275,4.0,-100.0,224.0,,-0.06096405704976071,-0.008311007429869233,-3.745116969311413,0.06666666666666667,0.03333333333333333,-0.0
1743666763.5238702,5.0,-96.0,227.0,,-0.1762597935627621,-0.09099783635452663,-3.3040464446802664,0.1,0.03333333333333333,-0.0
1743666763.7386253,6.0,-96.0,230.0,,-0.019259793562762084,-0.1244242246556806,-3.160499346601876,0.0,-0.13333333333333333,-0.0
1743666763.953866,6.0,-94.0,231.0,,0.16689666695112315,-0.2514242246556806,-1.745348125902867,-0.06666666666666667,-0.4,0.03333333333333333
1743666764.1655555,9.0,-83.0,248.0,,-0.24487774760136816,-1.4766221020446648,-0.7947493089473323,-0.6,0.0,-0.4
1743666764.3762872,10.0,-83.0,255.0,,-0.2648777476013695,-1.8214886229125868,-1.0556734598123398,0.3,0.13333333333333333,0.1
1743666764.5885522,11.0,-83.0,254.0,,-0.0878777476013699,-1.3918362446439045,-1.0050250248347745,0.03333333333333333,-0.06666666666666667,-0.0
1743666764.7998168,11.0,-84.0,257.0,,0.14774020643723773,-1.5978362446439045,-0.7201880743087603,-0.06666666666666667,-0.13333333333333333,-0.0
1743666765.0112882,9.0,-86.0,261.0,,0.1368966669511238,-1.2606221020446648,-0.6221641097554043,0.0,0.0,-0.03333333333333333
1743666765.220073,6.0,-89.0,263.0,,-0.07150588948419845,-0.9284242246556806,-0.6662782277745016,0.0,0.0,-0.0
1743666765.4287906,9.0,-87.0,269.0,,-0.10855573594236922,-1.7896221020446648,-1.7891201988383154,0.36666666666666664,0.36666666666666664,0.03333333333333333
1743666765.6440194,11.0,-87.0,270.0,,-0.12855573594237057,-1.2548362446439045,-1.5753129947257092,0.13333333333333333,-0.06666666666666667,-0.0
1743666765.8542342,12.0,-87.0,272.0,,0.15644426405762957,-1.2956136869222192,-1.028431737358742,0.2,-0.03333333333333333,0.03333333333333333
1743666766.0633616,10.0,-88.0,276.0,,-0.04702401305732984,-1.4594886229125867,-0.9218415020968398,0.03333333333333333,0.0,-0.0
1743666766.2712243,8.0,-90.0,278.0,,0.004999999999999005,-1.023288120418242,-1.0566449346642968,0.13333333333333333,0.0,-0.03333333333333333
1743666766.4801772,6.0,-91.0,279.0,,0.006494110515800955,-0.5854242246556807,-1.1142597476880478,0.06666666666666667,0.0,-0.0
1743666766.6888537,4.0,-92.0,280.0,,0.16797598694267002,-0.5973110074298693,-2.016215152841406,0.16666666666666666,0.13333333333333333,0.03333333333333333
1743666766.898193,9.0,-91.0,286.0,,-0.5325058894841987,-0.9666221020446649,-1.8476487170778615,0.4,0.03333333333333333,0.03333333333333333
1743666767.107255,11.0,-91.0,287.0,,0.10449411051580171,-1.0298362446439047,-1.0677257351555431,0.0,-0.13333333333333333,-0.0
1743666767.3191948,10.0,-91.0,289.0,,0.04649411051580188,-1.3314886229125866,-1.2673338573971313,0.1,0.06666666666666667,-0.0
1743666767.5312595,7.0,-92.0,292.0,,0.050975986942670914,-0.7455382588044968,-0.9945708797111887,0.13333333333333333,0.03333333333333333,-0.0
1743666767.7443306,4.0,-92.0,293.0,,0.01097598694266999,-0.35231100742986926,-1.1144993649486148,0.03333333333333333,0.0,-0.0
1743666767.9558766,3.0,-92.0,293.0,,0.10897598694267074,-0.08341573074327907,-0.7971372660052526,0.03333333333333333,-0.03333333333333333,-0.0
1743666768.1662734,3.0,-92.0,293.0,,0.0019759869426696497,-0.20041573074327906,-1.2905388573486178,0.06666666666666667,0.0,-0.0
1743666768.3755398,2.0,-93.0,293.0,,-0.18755573594236985,-0.0783640626515345,-3.204754042419313,0.23333333333333334,0.23333333333333334,-0.0
1743666768.5843503,8.0,-94.0,299.0,,-0.530103333048876,-0.9252881204182422,-2.788564482270322,0.4666666666666667,0.23333333333333334,0.1
1743666768.7948778,9.0,-94.0,300.0,,-0.30410333304887693,-0.7806221020446649,-1.9047566253657127,0.23333333333333334,-0.1,0.03333333333333333
1743666769.0075798,9.0,-94.0,301.0,,0.15689666695112336,-0.9076221020446649,-0.8926492608333588,0.0,0.0,-0.0
1743666769.233563,6.0,-94.0,302.0,,-0.09810333304887564,-0.6634242246556806,-1.3583785724012285,0.03333333333333333,0.0,-0.0
1743666769.4661527,5.0,-93.0,303.0,,0.07744426405763072,-0.5519978363545266,-1.0137932647744847,0.1,0.0,-0.0
1743666769.6999297,3.0,-92.0,303.0,,-0.018024013057329924,-0.16141573074327908,-1.136070177775656,0.03333333333333333,0.0,-0.03333333333333333
1743666769.9311047,3.0,-92.0,303.0,,-0.008024013057330137,-0.18141573074327905,-1.1734508667450925,0.06666666666666667,-0.03333333333333333,-0.0
1743666770.1489837,3.0,-92.0,303.0,,0.059975986942671256,-0.06341573074327905,-1.189033785260365,0.03333333333333333,0.0,-0.0
1743666770.362293,3.0,-92.0,303.0,,0.03097598694267134,-0.07341573074327906,-1.0354462860381541,0.06666666666666667,0.06666666666666667,-0.0
1743666770.5797014,1.0,-95.0,304.0,,0.19933001171997589,-0.0052081071497512565,-1.70672965964537,0.0,0.43333333333333335,-0.5
1743666770.7993526,-2.0,-101.0,306.0,,-0.2557626696215838,-1.7466359373484655,-4.0567725964326105,-0.4,-0.16666666666666666,-0.26666666666666666
1743666771.021043,-1.0,-101.0,306.0,,-0.09876266962158375,-1.2997918928502488,-3.5094213679073816,-0.16666666666666666,-0.16666666666666666,-0.03333333333333333
1743666771.2409823,-3.0,-100.0,310.0,,-0.06096405704976071,-1.163584269256721,-2.5832672796421887,-0.16666666666666666,-0.2,0.03333333333333333
1743666771.457161,-1.0,-101.0,311.0,,-0.1677626696215846,-0.7997918928502488,-3.939872672852588,-0.03333333333333333,-0.03333333333333333,0.03333333333333333
1743666771.6744542,-1.0,-99.0,313.0,,0.3227773787616979,-0.8587918928502487,-1.5261814526346758,-0.1,0.16666666666666666,-0.03333333333333333
1743666771.8934433,-2.0,-100.0,316.0,,-0.10096405704975986,-1.1876359373484655,-2.3190628529682717,-0.1,0.3,-0.03333333333333333
1743666772.1066673,-2.0,-103.0,318.0,,-0.5865703355431595,-1.3056359373484654,-4.860520914985024,-0.1,-0.1,0.03333333333333333
1743666772.3222911,-1.0,-100.0,319.0,,0.6640359429502389,-0.8777918928502486,-0.9895571905543881,0.0,-0.13333333333333333,-0.0
1743666772.5321255,-2.0,-99.0,320.0,,0.2737773787616966,-0.7556359373484656,-2.087762386733229,0.13333333333333333,0.16666666666666666,-0.06666666666666667
1743666772.742434,-4.0,-101.0,320.0,,-0.6087626696215835,-0.8156889925701307,-4.77777234905701,0.1,0.06666666666666667,-0.0
1743666772.951481,-4.0,-100.0,321.0,,0.12503594295023923,-0.5516889925701307,-2.1437801064949857,0.06666666666666667,-0.2,-0.0
1743666773.1558254,-4.0,-97.0,320.0,,0.38212225239862896,-0.4046889925701307,-1.4220593307950815,0.13333333333333333,0.03333333333333333,-0.0
1743666773.3612497,-4.0,-98.0,320.0,,-0.09552975435480526,-0.47268899257013075,-3.1747683578359176,0.06666666666666667,0.06666666666666667,-0.0
1743666773.5666938,-5.0,-99.0,320.0,,-0.13822262123830242,-0.39000216364547347,-2.8329281714569974,0.0,-0.1,-0.0
1743666773.776379,-5.0,-97.0,320.0,,0.18612225239862923,-0.2140021636454733,-1.918965862375829,0.03333333333333333,0.0,-0.0
1743666773.9869637,-5.0,-97.0,320.0,,-0.0488777476013702,-0.3410021636454733,-2.7373899301907816,0.03333333333333333,0.0,-0.0
1743666774.1963694,-6.0,-97.0,320.0,,0.19612225239862902,0.025424224655680616,-2.343284755796919,0.1,-0.03333333333333333,-0.0
1743666774.4060814,-6.0,-97.0,320.0,,-0.08787774760137168,-0.14157577534431942,-2.800606041628199,0.06666666666666667,0.0,-0.0
1743666774.6154857,-6.0,-96.0,320.0,,-0.03925979356276166,-0.11257577534431928,-2.4042129344693794,0.0,0.0,-0.03333333333333333
1743666774.8209076,-6.0,-97.0,320.0,,-0.17687774760137032,-0.06357577534431935,-3.0884038136751553,0.1,0.0,-0.0
1743666775.0269105,-6.0,-97.0,320.0,,0.03912225239862899,-0.043575775344319334,-2.378346027814555,0.1,0.0,-0.0
1743666775.2319217,-5.0,-96.0,320.0,,0.22574020643723713,-0.22400216364547332,-2.162512561215409,0.03333333333333333,-0.06666666666666667,-0.03333333333333333
1743666775.4412858,-6.0,-97.0,319.0,,-0.0488777476013702,-0.15157577534431943,-2.873959202061475,0.2,0.0,-0.03333333333333333
1743666775.6492212,-6.0,-97.0,317.0,,-0.13687774760137117,-0.42557577534431945,-2.7446299696269714,0.13333333333333333,0.0,-0.06666666666666667
1743666775.855457,-6.0,-97.0,315.0,,-0.02887774760137063,-0.18057577534431934,-2.5982079404452003,0.26666666666666666,-0.03333333333333333,-0.0
1743666776.066877,-6.0,-97.0,313.0,,-0.02887774760137063,-0.08257577534431948,-2.696582399477003,0.13333333333333333,-0.03333333333333333,-0.0
1743666776.2754028,-5.0,-97.0,312.0,,0.07812225239862869,-0.2040021636454733,-2.6653892060433426,0.06666666666666667,0.0,-0.0
1743666776.4859693,-5.0,-97.0,312.0,,-0.038877747601370416,-0.28300216364547326,-2.77648332552587,0.06666666666666667,-0.03333333333333333,-0.0
1743666776.6958323,-6.0,-97.0,312.0,,-0.10787774760137125,-0.3475757753443194,-2.702635305182534,0.03333333333333333,0.0,-0.0
1743666776.903101,-5.0,-97.0,311.0,,-0.09787774760137147,-0.22400216364547332,-2.959778117804575,0.1,0.0,-0.0
1743666777.109746,-5.0,-97.0,312.0,,-1.6968777476013717,-1.7540021636454735,-1.8786772011240016,0.3,-0.3,0.1
1743666777.3477416,14.0,-105.0,301.0,,-1.67073235589576,0.5187462041672593,-3.633537448208594,-1.4666666666666666,0.23333333333333334,0.4
1743666777.6297572,5.0,-94.0,300.0,,2.6088966669511233,-1.2079978363545267,-2.3281944967978316,0.8,-0.5333333333333333,-0.9666666666666667
1743666777.9253848,-4.0,-101.0,300.0,,-0.9127626696215838,-0.6786889925701307,-3.506767547741169,-0.6333333333333333,-0.8333333333333334,-0.3333333333333333
1743666778.2191536,1.0,-103.0,303.0,,1.0614296644568402,-1.1122081071497512,-4.301723689002511,0.23333333333333334,0.2,0.7333333333333333
1743666778.5257008,5.0,-103.0,300.0,,-0.6155703355431594,-0.6009978363545266,-5.755450257594591,0.23333333333333334,-0.2,-0.06666666666666667
1743666778.832261,5.0,-100.0,300.0,,-0.33596405704976107,-0.5419978363545266,-5.550425546496915,-0.06666666666666667,0.06666666666666667,0.03333333333333333
1743666779.150775,5.0,-100.0,306.0,,-0.25696405704976044,-0.6989978363545266,-5.020067217938158,-0.13333333333333333,-0.06666666666666667,-0.0
1743666779.4615479,5.0,-101.0,311.0,,-0.1967626696215845,-0.1599978363545267,-4.777701783115664,0.03333333333333333,0.0,-0.0
1743666779.742944,5.0,-102.0,313.0,,-0.2906279631986344,-0.3359978363545266,-4.88756185669377,0.0,0.0,-0.0
1743666779.9862008,5.0,-102.0,313.0,,0.004372036801365553,0.027002163645473365,-4.392299667953891,0.06666666666666667,0.0,-0.03333333333333333
1743666780.214991,6.0,-102.0,313.0,,-0.044627963198633935,0.032575775344319435,-4.686185863224358,0.06666666666666667,-0.06666666666666667,-0.0
1743666780.4350853,6.0,-101.0,313.0,,-0.05976266962158405,0.022575775344319426,-4.29983307257686,0.06666666666666667,-0.03333333333333333,-0.0
1743666780.6470418,6.0,-101.0,313.0,,-0.08876266962158397,0.2385757753443194,-4.187399652155413,0.06666666666666667,0.0,-0.0
1743666780.8596232,6.0,-101.0,313.0,,-0.029762669621584692,0.1305757753443193,-4.178116766407692,0.03333333333333333,-0.03333333333333333,-0.03333333333333333
1743666781.0708354,6.0,-101.0,313.0,,-0.1677626696215846,0.022575775344319426,-4.093545718028749,0.03333333333333333,-0.03333333333333333,-0.1
1743666781.2811294,5.0,-100.0,313.0,,-0.00196405704975966,0.0850021636454733,-3.9020680735097457,0.06666666666666667,0.0,0.03333333333333333
1743666781.4945884,5.0,-100.0,314.0,,-0.11996405704975999,-0.14999783635452668,-3.928886891762307,0.0,-0.03333333333333333,-0.13333333333333333
1743666781.7085717,5.0,-100.0,314.0,,0.07603594295023974,0.13400216364547335,-3.790969742817495,0.06666666666666667,0.0,0.03333333333333333
1743666781.9304712,5.0,-100.0,314.0,,0.10503594295023966,0.03600216364547337,-3.5964140242813762,0.06666666666666667,0.0,-0.0
1743666782.1440907,6.0,-100.0,314.0,,-0.14996405704976112,0.08157577534431937,-4.043002974817503,0.06666666666666667,0.0,0.03333333333333333
1743666782.3601515,7.0,-100.0,314.0,,0.08603594295023953,0.08846174119550332,-3.78284248232576,0.06666666666666667,0.0,-0.0
1743666782.5846403,7.0,-99.0,314.0,,-0.26622262123830254,-0.039538258804496795,-3.381476727103977,0.13333333333333333,-0.3333333333333333,-0.1
1743666782.822546,7.0,-98.0,315.0,,-0.47752975435480494,0.1764617411955034,-3.604857862044015,-0.03333333333333333,0.03333333333333333,-0.0
1743666783.0629938,8.0,-98.0,316.0,,-0.12452975435480518,-0.062288120418242165,-3.2336262924043053,0.06666666666666667,-0.03333333333333333,0.03333333333333333
1743666783.3061347,8.0,-98.0,316.0,,-0.026529754354804425,0.10471187958175787,-3.253454490541265,0.03333333333333333,0.03333333333333333,-0.0
1743666783.539021,8.0,-98.0,316.0,,-0.7135297543548056,0.673711879581758,-4.05774240401951,-0.16666666666666666,0.26666666666666666,-0.0
1743666783.76543,7.0,-98.0,318.0,,0.2974702456451954,-0.6665382588044967,-2.2796546378145255,0.3333333333333333,-0.2,-0.03333333333333333
1743666783.9906714,9.0,-99.0,317.0,,-0.5402226212383034,-0.7216221020446649,-3.9092332858007,-0.26666666666666666,-0.13333333333333333,-0.36666666666666664
1743666784.2152042,9.0,-98.0,316.0,,-0.3405297543548045,0.49437789795533504,-3.597668234877455,-0.13333333333333333,-0.06666666666666667,-0.1
1743666784.4362578,9.0,-98.0,317.0,,0.208470245645195,0.24937789795533516,-3.2092315572666656,0.1,-0.03333333333333333,-0.0
1743666784.656949,8.0,-97.0,318.0,,0.2451222523986285,-0.29728812041824204,-2.5090368730724832,0.16666666666666666,0.0,-0.0
1743666784.8768115,10.0,-98.0,317.0,,-0.2715297543548054,-0.027488622912586802,-2.801082410275907,0.0,0.1,-0.03333333333333333
1743666785.0965736,9.0,-98.0,317.0,,-1.0365297543548042,0.22937789795533514,-4.832196717965649,-0.06666666666666667,0.26666666666666666,-0.0
1743666785.3158016,9.0,-97.0,318.0,,-0.2938777476013712,0.4163778979553352,-3.684687666515992,0.1,0.0,0.03333333333333333
1743666785.5361238,9.0,-97.0,318.0,,0.4801222523986297,0.3963778979553352,-2.2977371776703923,0.23333333333333334,0.03333333333333333,0.06666666666666667
1743666785.7578866,9.0,-97.0,318.0,,-0.4708777476013708,0.3963778979553352,-3.386469277148458,0.23333333333333334,0.3,0.16666666666666666
1743666785.988588,9.0,-97.0,318.0,,-0.3328777476013709,0.3173778979553352,-3.519916810803446,0.0,0.0,-0.03333333333333333
1743666786.213149,9.0,-97.0,318.0,,0.010122252398629072,0.1803778979553352,-2.8721106253514885,0.06666666666666667,-0.06666666666666667,-0.03333333333333333
1743666786.4318922,10.0,-98.0,319.0,,-0.046529754354805775,0.021511377087413353,-2.806138564719117,0.0,0.0,-0.0
1743666786.6522043,10.0,-98.0,319.0,,-0.11452975435480539,0.060511377087413276,-2.794788756198489,0.1,0.0,-0.0
1743666786.8670459,10.0,-98.0,319.0,,-0.23252975435480572,-0.04748862291258682,-3.2817576426051223,0.0,0.0,-0.06666666666666667
1743666787.0870957,10.0,-98.0,319.0,,-0.4585297543548048,-0.3024886229125867,-3.6582972508667044,0.03333333333333333,0.0,0.03333333333333333
1743666787.3044336,10.0,-97.0,319.0,,0.09812225239863004,0.7765113770874132,-2.971947441377004,-0.06666666666666667,-0.2,-0.23333333333333334
1743666787.5249681,9.0,-97.0,320.0,,0.18612225239862923,-0.16262210204466476,-3.0461676839623504,0.0,-0.03333333333333333,-0.16666666666666666
1743666787.74436,9.0,-98.0,320.0,,-0.13452975435480496,0.25937789795533517,-3.2992341634519944,0.03333333333333333,-0.13333333333333333,-0.03333333333333333
1743666787.9594166,9.0,-98.0,320.0,,-0.23252975435480572,0.21037789795533524,-3.2593997832862334,0.06666666666666667,0.03333333333333333,-0.0
1743666788.1774845,10.0,-98.0,320.0,,-0.291529754354805,0.3155113770874134,-3.3568786994604576,0.06666666666666667,0.0,0.03333333333333333
1743666788.394739,10.0,-98.0,320.0,,0.00247024564519549,0.29651137708741326,-2.868747720859551,0.1,0.0,-0.0
1743666788.6125076,10.0,-98.0,320.0,,-0.0655297543548059,-0.017488622912586793,-2.982989480967719,0.03333333333333333,0.0,-0.03333333333333333
1743666788.8302276,11.0,-98.0,320.0,,-0.07552975435480569,-0.17583624464390457,-3.1395304462266296,0.03333333333333333,-0.1,-0.03333333333333333
1743666789.049042,11.0,-98.0,320.0,,-0.18352975435480445,-0.11783624464390452,-3.038096781551423,0.06666666666666667,0.0,-0.0
1743666789.2685585,11.0,-98.0,320.0,,-0.09552975435480526,-0.08783624464390449,-3.0044733383106905,0.03333333333333333,-0.03333333333333333,-0.03333333333333333
1743666789.4820843,11.0,-98.0,320.0,,-0.23252975435480572,0.16716375535609562,-3.0566704323166407,0.03333333333333333,0.0,-0.0
1743666789.697147,11.0,-98.0,320.0,,-0.38952975435480575,0.04916375535609552,-3.454102413021645,0.0,0.06666666666666667,-0.03333333333333333
1743666789.9181216,11.0,-98.0,320.0,,0.36547024564519504,0.06916375535609554,-4.359821080929504,0.0,-0.1,-0.2
1743666790.1352336,10.0,-97.0,320.0,,0.9021222523986285,0.11951137708741322,-1.7170210912172683,-0.06666666666666667,-0.13333333333333333,-0.2
1743666790.354935,10.0,-98.0,320.0,,-0.4585297543548048,0.07051137708741329,-3.5887006236808974,0.0,-0.06666666666666667,-0.1
1743666790.5737662,10.0,-98.0,320.0,,-0.39952975435480553,0.04151137708741337,-3.344595689475927,0.0,-0.16666666666666666,-0.03333333333333333
1743666790.7959833,9.0,-96.0,318.0,,-1.1962597935627617,-0.23162210204466493,-4.226250756272931,1.5,-1.0666666666666667,-0.6666666666666666
1743666791.0197692,-7.0,-83.0,313.0,,2.7751222523986314,-5.894461741195503,0.9898623931343398,-2.7,1.0,-0.5
1743666791.235513,-4.0,-83.0,307.0,,0.12712225239863173,1.9283110074298693,0.0066150452554401,2.1,0.7333333333333333,2.1
1743666791.446442,1.0,-108.0,287.0,,2.535135575144542,2.6717918928502487,-12.017357664392794,0.5666666666666667,-1.0666666666666667,2.1333333333333333
1743666791.6568413,4.0,-105.0,265.0,,-3.2197323558957596,-0.04831100742986927,-1.2003514313216268,1.9333333333333333,0.16666666666666666,1.0666666666666667
1743666791.8678966,11.0,-109.0,247.0,,-1.8335372266292982,-1.1768362446439045,-17.212421086473924,0.26666666666666666,-2.4,0.6
1743666792.0806239,-4.0,-90.0,244.0,,-1.1910000000000007,-2.5906889925701306,-3.9618604263240913,-0.6,-0.13333333333333333,0.3333333333333333
1743666792.2955978,-7.0,-84.0,246.0,,0.4117402064372371,-0.11846174119550335,-0.054791278789603264,0.16666666666666666,-0.4666666666666667,-0.23333333333333334
1743666792.5084496,-9.0,-85.0,255.0,,0.21933001171997724,1.416622102044665,0.00725783511341177,-0.26666666666666666,0.2,0.26666666666666666
1743666792.721529,-4.0,-80.0,265.0,,1.2140359429502396,1.0263110074298694,0.05067647103161321,-0.13333333333333333,-0.26666666666666666,0.2
1743666792.9369924,-2.0,-86.0,267.0,,0.3628966669511229,1.3223640626515345,-2.546532892761916,-0.03333333333333333,0.0,-0.4666666666666667
1743666793.14836,-2.0,-87.0,268.0,,0.03844426405763102,0.3903640626515345,-1.7582311460904314,0.03333333333333333,0.0,-0.0
1743666793.3834307,0.0,-91.0,268.0,,0.03649411051580209,0.028,-1.7375080725388297,0.03333333333333333,0.0,-0.0
1743666793.6032696,0.0,-93.0,268.0,,0.048444264057630804,0.038,-1.6978033972017221,0.03333333333333333,0.0,-0.0
1743666793.8161569,0.0,-94.0,268.0,,0.05889666695112439,0.0,-1.717661902448353,0.03333333333333333,0.0,-0.0
1743666794.0278995,0.0,-94.0,268.0,,0.0488966669511246,0.028,-1.7383812334748034,0.03333333333333333,0.0,-0.0
1743666794.2355525,0.0,-94.0,268.0,,0.05889666695112439,0.087,-1.7374780159550598,0.03333333333333333,0.0,-0.0
1743666794.4735577,0.0,-94.0,269.0,,0.05889666695112439,0.038,-1.7176555770712363,0.03333333333333333,0.0,-0.0
1743666794.7123983,0.0,-94.0,269.0,,0.0488966669511246,0.009,-1.738384357278995,0.03333333333333333,0.0,-0.0
1743666794.9682832,0.0,-94.0,269.0,,0.0488966669511246,0.038,-1.6986569752008522,0.03333333333333333,0.0,-0.0
1743666795.2306473,0.0,-94.0,269.0,,0.05889666695112439,0.028,-1.6779514636966564,0.03333333333333333,0.0,-0.0
1743666795.7148054,0.0,-94.0,269.0,,0.0488966669511246,0.028,-1.7383812334748034,0.03333333333333333,0.0,-0.0
1743666796.018752,0.0,-94.0,269.0,,0.0488966669511246,0.048,-1.7383744794190896,0.03333333333333333,0.0,-0.0
1743666796.2967553,0.0,-94.0,269.0,,0.0488966669511246,0.028,-1.718521845884402,0.03333333333333333,0.0,-0.0
1743666796.5453148,0.0,-94.0,269.0,,0.0488966669511246,0.038,-1.7383783007733138,0.03333333333333333,0.0,-0.0
1743666796.7810524,0.0,-94.0,269.0,,0.05889666695112439,0.009,-1.717661547627779,0.03333333333333333,0.0,-0.0
1743666797.0146308,0.0,-94.0,269.0,,0.05889666695112439,0.019,-1.677953274589585,0.03333333333333333,0.0,-0.0
1743666797.237349,0.0,-94.0,269.0,,0.0488966669511246,0.019,-1.6986616796345082,0.03333333333333333,0.0,-0.0
1743666797.6361134,0.0,-94.0,269.0,,0.05889666695112439,0.0,-1.6779548200654337,0.03333333333333333,0.0,-0.0
1743666797.98714,0.0,-94.0,269.0,,0.0488966669511246,0.028,-1.718521845884402,0.03333333333333333,0.0,-0.0
1743666798.2690868,0.0,-94.0,269.0,,0.0488966669511246,0.019,-1.6986616796345082,0.03333333333333333,0.0,-0.0
1743666798.543519,0.0,-94.0,269.0,,0.0488966669511246,0.019,-1.7383831130855092,0.03333333333333333,0.0,-0.0
1743666798.8026607,0.0,-94.0,269.0,,0.0488966669511246,0.028,-1.718521845884402,0.03333333333333333,0.0,-0.0
1743666799.033496,0.0,-94.0,269.0,,0.0488966669511246,0.038,-1.7185189460411652,0.03333333333333333,0.0,-0.0
1743666799.2646973,0.0,-94.0,270.0,,0.0488966669511246,0.028,-1.7383812334748034,0.03333333333333333,0.0,-0.0
1743666799.4967165,0.0,-94.0,270.0,,0.0488966669511246,0.028,-1.698659842159398,0.03333333333333333,0.0,-0.0
1743666799.7307656,0.0,-94.0,270.0,,0.0488966669511246,0.019,-1.7185237044357806,0.03333333333333333,0.0,-0.0
1743666800.0188346,0.0,-94.0,270.0,,0.0488966669511246,0.019,-1.7185237044357806,0.03333333333333333,0.0,-0.0
1743666800.418513,0.0,-94.0,270.0,,0.0488966669511246,0.019,-1.6986616796345082,0.03333333333333333,0.0,-0.0
1743666800.7491124,0.0,-94.0,270.0,,0.0488966669511246,0.028,-1.7383812334748034,0.03333333333333333,0.0,-0.0
1743666801.02606,0.0,-94.0,270.0,,0.0488966669511246,0.028,-1.718521845884402,0.03333333333333333,0.0,-0.0
1743666801.3068771,0.0,-94.0,270.0,,0.0488966669511246,0.028,-1.718521845884402,0.03333333333333333,0.0,-0.0
1743666801.5625696,0.0,-94.0,270.0,,0.0488966669511246,0.028,-1.718521845884402,0.03333333333333333,0.0,-0.0
1743666801.7964299,0.0,-94.0,270.0,,0.06889666695112417,0.028,-1.736636662928257,0.03333333333333333,0.0,-0.0
1743666802.053606,0.0,-94.0,270.0,,0.0488966669511246,0.009,-1.7185249346892109,0.03333333333333333,0.0,-0.0
1743666802.3720484,0.0,-94.0,270.0,,0.0488966669511246,0.038,-1.7383783007733138,0.03333333333333333,0.0,-0.0
1743666802.6690006,0.0,-94.0,270.0,,0.0488966669511246,0.028,-1.718521845884402,0.03333333333333333,0.0,-0.0
1743666802.9258435,0.0,-94.0,270.0,,0.05889666695112439,0.019,-1.697808087420968,0.03333333333333333,0.0,-0.0
1743666803.1647031,0.0,-94.0,270.0,,0.0488966669511246,0.019,-1.7185237044357806,0.03333333333333333,0.0,-0.0
1743666803.3959596,0.0,-94.0,270.0,,0.0488966669511246,0.038,-1.7185189460411652,0.03333333333333333,0.0,-0.0
1743666803.6158776,0.0,-94.0,270.0,,0.0488966669511246,0.028,-1.718521845884402,0.03333333333333333,0.0,-0.0
1743666803.8402534,0.0,-94.0,270.0,,0.05889666695112439,-0.01,-1.7375111027351804,0.03333333333333333,0.0,-0.0
1743666804.0525122,0.0,-94.0,270.0,,0.0488966669511246,0.028,-1.7383812334748034,0.03333333333333333,0.0,-0.0
1743666804.2641504,0.0,-94.0,270.0,,0.05889666695112439,0.0,-1.7375115457490087,0.03333333333333333,0.0,-0.0
1743666804.4765942,0.0,-94.0,270.0,,0.05889666695112439,0.019,-1.7375099464722905,0.03333333333333333,0.0,-0.0
1743666804.6832504,0.0,-94.0,270.0,,0.0488966669511246,0.009,-1.7185249346892109,0.03333333333333333,0.0,-0.0
1743666804.8935294,0.0,-94.0,270.0,,0.05889666695112439,0.028,-1.7176584681541758,0.03333333333333333,0.0,-0.0
1743666805.1105483,0.0,-94.0,270.0,,0.0488966669511246,0.019,-1.7185237044357806,0.03333333333333333,0.0,-0.0
1743666805.33743,0.0,-94.0,270.0,,0.05889666695112439,0.019,-1.677953274589585,0.03333333333333333,0.0,-0.0
1743666805.5738835,0.0,-94.0,270.0,,0.0488966669511246,0.019,-1.6787970678943602,0.03333333333333333,0.0,-0.0
1743666805.7999997,0.0,-94.0,270.0,,0.0488966669511246,0.028,-1.7383812334748034,0.03333333333333333,0.0,-0.0
1743666806.0303082,0.0,-94.0,270.0,,0.05889666695112439,0.019,-1.697808087420968,0.03333333333333333,0.0,-0.0
1743666806.2612267,0.0,-94.0,270.0,,0.05889666695112439,0.028,-1.7176584681541758,0.03333333333333333,0.0,-0.0
1743666806.48793,0.0,-94.0,270.0,,0.0488966669511246,0.019,-1.6986616796345082,0.03333333333333333,0.0,-0.0
1743666806.7266567,0.0,-94.0,270.0,,0.0488966669511246,0.028,-1.718521845884402,0.03333333333333333,0.0,-0.0
1743666806.9695926,0.0,-94.0,270.0,,0.05889666695112439,0.028,-1.7176584681541758,0.03333333333333333,0.0,-0.0
1743666807.1993887,0.0,-94.0,270.0,,0.0488966669511246,0.028,-1.718521845884402,0.03333333333333333,0.0,-0.0
1743666807.4221847,0.0,-94.0,270.0,,0.0488966669511246,0.028,-1.718521845884402,0.03333333333333333,0.0,-0.0
1743666807.635389,0.0,-94.0,270.0,,0.05889666695112439,0.028,-1.7176584681541758,0.03333333333333333,0.0,-0.0
1743666807.850083,0.0,-94.0,270.0,,0.0488966669511246,0.019,-1.7185237044357806,0.03333333333333333,0.0,-0.0
1743666808.0673082,0.0,-94.0,270.0,,0.0488966669511246,0.028,-1.718521845884402,0.03333333333333333,0.0,-0.0
1743666808.2818751,0.0,-94.0,270.0,,0.0488966669511246,0.019,-1.7185237044357806,0.03333333333333333,0.0,-0.0
1743666808.4971385,0.0,-94.0,270.0,,0.0488966669511246,0.028,-1.698659842159398,0.03333333333333333,0.0,-0.0
1743666808.723655,0.0,-94.0,270.0,,0.0488966669511246,0.019,-1.6986616796345082,0.03333333333333333,0.0,-0.0
1743666808.9560356,0.0,-94.0,270.0,,0.0488966669511246,0.028,-1.718521845884402,0.03333333333333333,0.0,-0.0
1743666809.19078,0.0,-94.0,270.0,,0.0488966669511246,0.019,-1.6986616796345082,0.03333333333333333,0.0,-0.0
1743666809.4241898,0.0,-94.0,270.0,,0.0488966669511246,0.019,-1.6986616796345082,0.03333333333333333,0.0,-0.0
1743666809.7021,0.0,-94.0,270.0,,0.0488966669511246,0.028,-1.698659842159398,0.03333333333333333,0.0,-0.0
1743666810.004828,0.0,-94.0,270.0,,0.0488966669511246,0.019,-1.7185237044357806,0.03333333333333333,0.0,-0.0
1743666810.312708,0.0,-94.0,270.0,,0.05889666695112439,0.019,-1.697808087420968,0.03333333333333333,0.0,-0.0
1743666810.6933289,0.0,-94.0,270.0,,0.0488966669511246,0.019,-1.7185237044357806,0.03333333333333333,0.0,-0.0
1743666811.0076897,0.0,-94.0,270.0,,0.05889666695112439,0.019,-1.7176603210909231,0.03333333333333333,0.0,-0.0
1743666811.3607395,0.0,-94.0,270.0,,0.0488966669511246,0.019,-1.7185237044357806,0.03333333333333333,0.0,-0.0
1743666811.6699717,0.0,-94.0,270.0,,0.0488966669511246,0.028,-1.718521845884402,0.03333333333333333,0.0,-0.0
1743666811.9858544,0.0,-94.0,270.0,,0.0488966669511246,0.028,-1.698659842159398,0.03333333333333333,0.0,-0.0
1743666812.2710407,0.0,-94.0,270.0,,0.0488966669511246,0.028,-1.718521845884402,0.03333333333333333,0.0,-0.0
1743666812.5181346,0.0,-94.0,270.0,,0.0488966669511246,0.028,-1.698659842159398,0.03333333333333333,0.0,-0.0
1743666812.746914,0.0,-94.0,270.0,,0.05889666695112439,0.028,-1.7176584681541758,0.03333333333333333,0.0,-0.0
1743666812.9761248,0.0,-94.0,270.0,,0.0488966669511246,0.028,-1.718521845884402,0.03333333333333333,0.0,-0.0
1743666813.1944978,0.0,-94.0,270.0,,0.05889666695112439,0.028,-1.697806255497793,0.03333333333333333,0.0,-0.0
1743666813.4139895,0.0,-94.0,270.0,,0.05889666695112439,0.019,-1.7176603210909231,0.03333333333333333,0.0,-0.0
1743666813.6300266,0.0,-94.0,270.0,,0.05889666695112439,0.028,-1.697806255497793,0.03333333333333333,0.0,-0.0
1743666813.8413227,0.0,-94.0,270.0,,0.0488966669511246,0.028,-1.7383812334748034,0.03333333333333333,0.0,-0.0
1743666814.054823,0.0,-94.0,270.0,,0.0488966669511246,0.019,-1.7383831130855092,0.03333333333333333,0.0,-0.0
1743666814.2841656,0.0,-94.0,270.0,,0.0488966669511246,0.019,-1.7185237044357806,0.03333333333333333,0.0,-0.0
1743666814.5230103,0.0,-94.0,270.0,,0.0488966669511246,0.019,-1.6986616796345082,0.03333333333333333,0.0,-0.0
1743666814.7634203,0.0,-94.0,270.0,,0.0488966669511246,0.038,-1.7185189460411652,0.03333333333333333,0.0,-0.0
1743666815.0036845,0.0,-94.0,270.0,,0.05889666695112439,0.038,-1.7375051486953295,0.03333333333333333,0.0,-0.0
1743666815.2323008,0.0,-94.0,270.0,,0.05889666695112439,0.019,-1.7375099464722905,0.03333333333333333,0.0,-0.0
1743666815.4651346,0.0,-94.0,270.0,,0.05889666695112439,0.019,-1.7176603210909231,0.03333333333333333,0.0,-0.0
1743666815.6928222,0.0,-94.0,270.0,,0.0488966669511246,0.028,-1.698659842159398,0.03333333333333333,0.0,-0.0
1743666815.9293766,0.0,-94.0,270.0,,0.0488966669511246,0.019,-1.6986616796345082,0.03333333333333333,0.0,-0.0
1743666816.2140357,0.0,-94.0,270.0,,0.0488966669511246,0.038,-1.7383783007733138,0.03333333333333333,0.0,-0.0
1743666816.516122,0.0,-94.0,270.0,,0.05889666695112439,0.0,-1.7950604928714204,0.03333333333333333,0.0,-0.0
1743666816.7689555,0.0,-94.0,270.0,,0.0488966669511246,0.009,-1.7582411345327733,0.03333333333333333,0.0,-0.0
1743666816.9961855,0.0,-94.0,270.0,,0.05889666695112439,0.028,-1.6779514636966564,0.03333333333333333,0.0,-0.0
1743666817.2141173,0.0,-94.0,270.0,,0.0488966669511246,0.038,-1.7185189460411652,0.03333333333333333,0.0,-0.0
1743666817.4249282,0.0,-94.0,270.0,,0.0488966669511246,0.019,-1.6986616796345082,0.03333333333333333,0.0,-0.0
1743666817.6360297,0.0,-94.0,270.0,,0.05889666695112439,0.019,-1.7176603210909231,0.03333333333333333,0.0,-0.0
1743666817.8415704,0.0,-94.0,270.0,,0.0488966669511246,0.019,-1.7185237044357806,0.03333333333333333,0.0,-0.0
1743666818.0431335,0.0,-94.0,270.0,,0.05889666695112439,0.019,-1.7375099464722905,0.03333333333333333,0.0,-0.0
1743666818.2437115,0.0,-94.0,270.0,,0.0488966669511246,0.019,-1.7185237044357806,0.03333333333333333,0.0,-0.0
1743666818.445245,0.0,-94.0,270.0,,0.05889666695112439,0.028,-1.7573550395641355,0.03333333333333333,0.0,-0.0
1743666818.6453557,0.0,-94.0,270.0,,0.05889666695112439,0.019,-1.677953274589585,0.03333333333333333,0.0,-0.0
1743666818.8524258,0.0,-94.0,270.0,,0.05889666695112439,0.028,-1.7375080725388297,0.03333333333333333,0.0,-0.0
1743666819.0566316,0.0,-94.0,270.0,,0.0488966669511246,0.019,-1.6986616796345082,0.03333333333333333,0.0,-0.0
1743666819.257225,0.0,-94.0,270.0,,0.0488966669511246,0.028,-1.718521845884402,0.03333333333333333,0.0,-0.0
1743666819.4641085,0.0,-94.0,270.0,,0.05889666695112439,0.019,-1.7176603210909231,0.03333333333333333,0.0,-0.0
1743666819.6648288,0.0,-94.0,270.0,,0.0488966669511246,0.019,-1.6986616796345082,0.03333333333333333,0.0,-0.0
1743666819.8644884,0.0,-94.0,270.0,,0.0488966669511246,0.019,-1.7383831130855092,0.03333333333333333,0.0,-0.0
1743666820.0699217,0.0,-94.0,270.0,,0.0488966669511246,0.028,-1.718521845884402,0.03333333333333333,0.0,-0.0
1743666820.26965,0.0,-94.0,270.0,,0.0488966669511246,0.019,-1.7185237044357806,0.03333333333333333,0.0,-0.0
1743666820.506233,0.0,-94.0,270.0,,0.0488966669511246,0.028,-1.718521845884402,0.03333333333333333,0.0,-0.0
1743666820.7204034,0.0,-94.0,270.0,,0.05889666695112439,0.019,-1.7176603210909231,0.03333333333333333,0.0,-0.0
1743666820.9294095,0.0,-94.0,270.0,,0.0488966669511246,0.028,-1.718521845884402,0.03333333333333333,0.0,-0.0
1743666821.136223,0.0,-94.0,270.0,,0.0488966669511246,0.019,-1.6986616796345082,0.03333333333333333,0.0,-0.0
1743666821.3409219,0.0,-94.0,270.0,,0.0488966669511246,0.019,-1.7185237044357806,0.03333333333333333,0.0,-0.0
1743666821.5410488,0.0,-94.0,270.0,,0.0488966669511246,0.028,-1.718521845884402,0.03333333333333333,0.0,-0.0
1743666821.7457829,0.0,-94.0,270.0,,0.0488966669511246,0.019,-1.7185237044357806,0.03333333333333333,0.0,-0.0
1743666821.9470575,0.0,-94.0,270.0,,0.05889666695112439,0.028,-1.7176584681541758,0.03333333333333333,0.0,-0.0
1743666822.1469767,0.0,-94.0,270.0,,0.0488966669511246,0.028,-1.718521845884402,0.03333333333333333,0.0,-0.0
1743666822.3524077,0.0,-94.0,270.0,,0.0488966669511246,0.019,-1.6986616796345082,0.03333333333333333,0.0,-0.0
1743666822.5556793,0.0,-94.0,270.0,,0.0488966669511246,0.028,-1.718521845884402,0.03333333333333333,0.0,-0.0
1743666822.7573802,0.0,-94.0,270.0,,0.0488966669511246,0.019,-1.7185237044357806,0.03333333333333333,0.0,-0.0
1743666822.961405,0.0,-94.0,270.0,,0.0488966669511246,0.028,-1.718521845884402,0.03333333333333333,0.0,-0.0
1743666823.162337,0.0,-94.0,270.0,,0.0488966669511246,0.019,-1.7185237044357806,0.03333333333333333,0.0,-0.0
1743666823.3640103,0.0,-94.0,270.0,,0.0488966669511246,0.019,-1.7185237044357806,0.03333333333333333,0.0,-0.0
1743666823.5688643,0.0,-94.0,270.0,,0.0488966669511246,0.019,-1.7383831130855092,0.03333333333333333,0.0,-0.0
1743666823.7739837,0.0,-94.0,270.0,,0.05889666695112439,0.019,-1.7176603210909231,0.03333333333333333,0.0,-0.0
1743666823.9817164,0.0,-94.0,270.0,,0.0488966669511246,0.028,-1.7383812334748034,0.03333333333333333,0.0,-0.0
1743666824.1866791,0.0,-94.0,270.0,,0.0488966669511246,0.019,-1.7185237044357806,0.03333333333333333,0.0,-0.0
1743666824.3857422,0.0,-94.0,270.0,,0.0488966669511246,0.019,-1.7185237044357806,0.03333333333333333,0.0,-0.0
1743666824.5841837,0.0,-94.0,270.0,,0.0488966669511246,0.019,-1.7185237044357806,0.03333333333333333,0.0,-0.0
1743666824.7861362,0.0,-94.0,270.0,,0.0488966669511246,0.028,-1.7383812334748034,0.03333333333333333,0.0,-0.0
1743666824.990095,0.0,-94.0,270.0,,0.0488966669511246,0.019,-1.7185237044357806,0.03333333333333333,0.0,-0.0
1743666825.1904197,0.0,-94.0,270.0,,0.0488966669511246,0.019,-1.7185237044357806,0.03333333333333333,0.0,-0.0
1743666825.3929765,0.0,-94.0,270.0,,0.0488966669511246,0.019,-1.6986616796345082,0.03333333333333333,0.0,-0.0
1743666825.5933704,0.0,-94.0,270.0,,0.0488966669511246,0.028,-1.718521845884402,0.03333333333333333,0.0,-0.0
1743666825.796185,0.0,-94.0,270.0,,0.0488966669511246,0.019,-1.7185237044357806,0.03333333333333333,0.0,-0.0
1743666825.9993408,0.0,-94.0,270.0,,0.0488966669511246,0.019,-1.7185237044357806,0.03333333333333333,0.0,-0.0
1743666826.2007833,0.0,-94.0,270.0,,0.0488966669511246,0.019,-1.7383831130855092,0.03333333333333333,0.0,-0.0
1743666826.4018993,0.0,-94.0,270.0,,0.0488966669511246,0.019,-1.7185237044357806,0.03333333333333333,0.0,-0.0
1743666826.6054206,0.0,-94.0,270.0,,0.05889666695112439,0.019,-1.7176603210909231,0.03333333333333333,0.0,-0.0
1743666826.8083394,0.0,-94.0,270.0,,0.0488966669511246,0.019,-1.7185237044357806,0.03333333333333333,0.0,-0.0
1743666827.0087225,0.0,-94.0,270.0,,0.0488966669511246,0.019,-1.7185237044357806,0.03333333333333333,0.0,-0.0
1743666827.2127955,0.0,-94.0,270.0,,0.0488966669511246,0.028,-1.718521845884402,0.03333333333333333,0.0,-0.0
1743666827.4148953,0.0,-94.0,270.0,,0.0488966669511246,0.028,-1.7383812334748034,0.03333333333333333,0.0,-0.0
1743666827.6172056,0.0,-94.0,270.0,,0.05889666695112439,0.028,-1.7176584681541758,0.03333333333333333,0.0,-0.0
1743666827.8223593,0.0,-94.0,270.0,,0.05889666695112439,0.028,-1.7176584681541758,0.03333333333333333,0.0,-0.0
1743666828.0252535,0.0,-94.0,270.0,,0.0488966669511246,0.019,-1.7383831130855092,0.03333333333333333,0.0,-0.0
1743666828.2252667,0.0,-94.0,270.0,,0.0488966669511246,0.028,-1.718521845884402,0.03333333333333333,0.0,-0.0
1743666828.429845,0.0,-94.0,270.0,,0.0488966669511246,0.019,-1.7185237044357806,0.03333333333333333,0.0,-0.0
1743666828.632065,0.0,-94.0,270.0,,0.0488966669511246,0.019,-1.7185237044357806,0.03333333333333333,0.0,-0.0
1743666828.8314636,0.0,-94.0,270.0,,0.0488966669511246,0.019,-1.7185237044357806,0.03333333333333333,0.0,-0.0
1743666829.035064,0.0,-94.0,270.0,,0.0488966669511246,0.019,-1.75823987641057,0.03333333333333333,0.0,-0.0
1743666829.2345665,0.0,-94.0,270.0,,0.0488966669511246,0.019,-1.7185237044357806,0.03333333333333333,0.0,-0.0
1743666829.434795,0.0,-94.0,270.0,,0.0488966669511246,0.019,-1.7185237044357806,0.03333333333333333,0.0,-0.0
1743666829.6491413,0.0,-94.0,270.0,,0.0488966669511246,0.019,-1.7185237044357806,0.03333333333333333,0.0,-0.0
1743666829.854671,0.0,-94.0,270.0,,0.05889666695112439,0.028,-1.7176584681541758,0.03333333333333333,0.0,-0.0
1743666830.0631294,0.0,-94.0,270.0,,0.05889666695112439,0.019,-1.7176603210909231,0.03333333333333333,0.0,-0.0
1743666830.276011,0.0,-94.0,270.0,,0.0488966669511246,0.019,-1.7185237044357806,0.03333333333333333,0.0,-0.0
1743666830.5015576,0.0,-94.0,270.0,,0.0488966669511246,0.019,-1.7185237044357806,0.03333333333333333,0.0,-0.0
1743666830.72252,0.0,-94.0,270.0,,0.05889666695112439,0.019,-1.7375099464722905,0.03333333333333333,0.0,-0.0
1743666830.9409013,0.0,-94.0,270.0,,0.0488966669511246,0.019,-1.7185237044357806,0.03333333333333333,0.0,-0.0
1743666831.1535394,0.0,-94.0,270.0,,0.0488966669511246,0.019,-1.6986616796345082,0.03333333333333333,0.0,-0.0
1743666831.3606555,0.0,-94.0,270.0,,0.0488966669511246,0.019,-1.7383831130855092,0.03333333333333333,0.0,-0.0
1743666831.5661924,0.0,-94.0,270.0,,0.0488966669511246,0.028,-1.718521845884402,0.03333333333333333,0.0,-0.0
1743666831.769245,0.0,-94.0,270.0,,0.0488966669511246,0.028,-1.718521845884402,0.03333333333333333,0.0,-0.0
1743666831.9719994,0.0,-94.0,270.0,,0.03889666695112304,0.068,-1.679624199545529,0.03333333333333333,0.0,-0.0
1743666832.1745443,0.0,-94.0,270.0,,0.0488966669511246,0.028,-1.698659842159398,0.03333333333333333,0.0,-0.0
1743666832.3751123,0.0,-94.0,270.0,,0.0488966669511246,0.028,-1.718521845884402,0.03333333333333333,0.0,-0.0
1743666832.5777686,0.0,-94.0,270.0,,0.0488966669511246,0.019,-1.7185237044357806,0.03333333333333333,0.0,-0.0
1743666832.7800803,0.0,-94.0,270.0,,0.05889666695112439,0.019,-1.7176603210909231,0.03333333333333333,0.0,-0.0
1743666832.9808774,0.0,-94.0,270.0,,0.0488966669511246,0.019,-1.6986616796345082,0.03333333333333333,0.0,-0.0
1743666833.1832304,0.0,-94.0,270.0,,0.0488966669511246,0.019,-1.7383831130855092,0.03333333333333333,0.0,-0.0
1743666833.3837016,0.0,-94.0,270.0,,0.0488966669511246,0.028,-1.718521845884402,0.03333333333333333,0.0,-0.0
1743666833.5829418,0.0,-94.0,270.0,,0.0488966669511246,0.028,-1.718521845884402,0.03333333333333333,0.0,-0.0
1743666833.7871263,0.0,-94.0,270.0,,0.0488966669511246,0.028,-1.718521845884402,0.03333333333333333,0.0,-0.0
1743666833.98961,0.0,-94.0,270.0,,0.0488966669511246,0.019,-1.7185237044357806,0.03333333333333333,0.0,-0.0
1743666834.1882076,0.0,-94.0,270.0,,0.0488966669511246,0.028,-1.718521845884402,0.03333333333333333,0.0,-0.0
1743666834.3900907,0.0,-94.0,270.0,,0.0488966669511246,0.019,-1.7185237044357806,0.03333333333333333,0.0,-0.0
1743666834.6000056,0.0,-94.0,270.0,,0.0488966669511246,0.028,-1.718521845884402,0.03333333333333333,0.0,-0.0
1743666834.8041718,0.0,-94.0,270.0,,0.0488966669511246,0.028,-1.718521845884402,0.03333333333333333,0.0,-0.0
1743666835.0087767,0.0,-94.0,270.0,,0.03889666695112304,0.028,-1.7193869609882175,0.03333333333333333,0.0,-0.0
1743666835.2100954,0.0,-94.0,270.0,,0.0488966669511246,0.028,-1.718521845884402,0.03333333333333333,0.0,-0.0
1743666835.4095795,0.0,-94.0,270.0,,0.0488966669511246,0.019,-1.7383831130855092,0.03333333333333333,0.0,-0.0
1743666835.6127067,0.0,-94.0,270.0,,0.0488966669511246,0.048,-1.7185151675017492,0.03333333333333333,0.0,-0.0
1743666835.8143969,0.0,-94.0,270.0,,0.0488966669511246,0.019,-1.7185237044357806,0.03333333333333333,0.0,-0.0
1743666836.0144424,0.0,-94.0,270.0,,0.0488966669511246,0.009,-1.7185249346892109,0.03333333333333333,0.0,-0.0
1743666836.2193034,0.0,-94.0,270.0,,0.0488966669511246,0.038,-1.7383783007733138,0.03333333333333333,0.0,-0.0
1743666836.4201717,0.0,-94.0,270.0,,0.0488966669511246,0.028,-1.7383812334748034,0.03333333333333333,0.0,-0.0
1743666836.6218498,0.0,-94.0,270.0,,0.0488966669511246,0.028,-1.698659842159398,0.03333333333333333,0.0,-0.0
1743666836.8258116,0.0,-94.0,270.0,,0.0488966669511246,0.028,-1.698659842159398,0.03333333333333333,0.0,-0.0
1743666837.0261483,0.0,-94.0,270.0,,0.0488966669511246,0.028,-1.7383812334748034,0.03333333333333333,0.0,-0.0
1743666837.2254953,0.0,-94.0,270.0,,0.0488966669511246,0.019,-1.7185237044357806,0.03333333333333333,0.0,-0.0
1743666837.429146,0.0,-94.0,270.0,,0.0488966669511246,0.028,-1.698659842159398,0.03333333333333333,0.0,-0.0
1743666837.6290827,0.0,-94.0,270.0,,0.0488966669511246,0.028,-1.718521845884402,0.03333333333333333,0.0,-0.0
1743666837.8301642,0.0,-94.0,270.0,,0.0488966669511246,0.019,-1.6986616796345082,0.03333333333333333,0.0,-0.0
1743666838.035639,0.0,-94.0,270.0,,0.05889666695112439,0.019,-1.7176603210909231,0.03333333333333333,0.0,-0.0
1743666838.236923,0.0,-94.0,270.0,,0.0488966669511246,0.028,-1.698659842159398,0.03333333333333333,0.0,-0.0
1743666838.4377491,0.0,-94.0,270.0,,0.0488966669511246,0.019,-1.7185237044357806,0.03333333333333333,0.0,-0.0
1743666838.6416552,0.0,-94.0,270.0,,0.0488966669511246,0.028,-1.7383812334748034,0.03333333333333333,0.0,-0.0
1743666838.8440187,0.0,-94.0,270.0,,0.0488966669511246,0.019,-1.6787970678943602,0.03333333333333333,0.0,-0.0
1743666839.0428803,0.0,-94.0,270.0,,0.0488966669511246,0.009,-1.6787982702341613,0.03333333333333333,0.0,-0.0
1743666839.246531,0.0,-94.0,270.0,,0.0488966669511246,0.038,-1.776103762936737,0.03333333333333333,0.0,-0.0
1743666839.446309,0.0,-94.0,270.0,,0.0488966669511246,0.019,-1.7185237044357806,0.03333333333333333,0.0,-0.0
1743666839.647105,0.0,-94.0,270.0,,0.0488966669511246,0.019,-1.6986616796345082,0.03333333333333333,0.0,-0.0
1743666839.8510673,0.0,-94.0,270.0,,0.0488966669511246,0.028,-1.7383812334748034,0.03333333333333333,0.0,-0.0
1743666840.0551934,0.0,-94.0,270.0,,0.0488966669511246,0.028,-1.698659842159398,0.03333333333333333,0.0,-0.0
1743666840.2640932,0.0,-94.0,270.0,,0.05889666695112439,0.019,-1.7176603210909231,0.03333333333333333,0.0,-0.0
1743666840.4706213,0.0,-94.0,270.0,,0.0488966669511246,0.019,-1.7185237044357806,0.03333333333333333,0.0,-0.0
1743666840.6701078,0.0,-94.0,270.0,,0.0488966669511246,0.019,-1.7185237044357806,0.03333333333333333,0.0,-0.0
1743666840.8690643,0.0,-94.0,270.0,,0.0488966669511246,0.019,-1.7185237044357806,0.03333333333333333,0.0,-0.0
1743666841.074418,0.0,-94.0,270.0,,0.0488966669511246,0.019,-1.7185237044357806,0.03333333333333333,0.0,-0.0
1743666841.274814,0.0,-94.0,270.0,,0.0488966669511246,0.019,-1.7185237044357806,0.03333333333333333,0.0,-0.0
1743666841.4752553,0.0,-94.0,270.0,,0.0488966669511246,0.028,-1.718521845884402,0.03333333333333333,0.0,-0.0
1743666841.6822023,0.0,-94.0,270.0,,0.05889666695112439,0.019,-1.7176603210909231,0.03333333333333333,0.0,-0.0
1743666841.8821294,0.0,-94.0,270.0,,0.0488966669511246,0.028,-1.718521845884402,0.03333333333333333,0.0,-0.0
1743666842.1221528,0.0,-94.0,270.0,,0.0488966669511246,0.028,-1.698659842159398,0.03333333333333333,0.0,-0.0
1743666842.4042797,0.0,-94.0,270.0,,0.0488966669511246,0.028,-1.698659842159398,0.03333333333333333,0.0,-0.0
1743666842.6886032,0.0,-94.0,270.0,,0.05889666695112439,0.009,-1.697809300048059,0.03333333333333333,0.0,-0.0
1743666842.9716942,0.0,-94.0,270.0,,0.0488966669511246,0.019,-1.7185237044357806,0.03333333333333333,0.0,-0.0
1743666843.249783,0.0,-94.0,270.0,,0.0488966669511246,0.038,-1.7383783007733138,0.03333333333333333,0.0,-0.0
1743666843.5283504,0.0,-94.0,270.0,,0.0488966669511246,0.009,-1.7185249346892109,0.03333333333333333,0.0,-0.0
1743666843.8108153,0.0,-94.0,270.0,,0.0488966669511246,0.028,-1.7383812334748034,0.03333333333333333,0.0,-0.0
1743666844.0970387,0.0,-94.0,270.0,,0.0488966669511246,0.028,-1.7383812334748034,0.03333333333333333,0.0,-0.0
1743666844.376671,0.0,-94.0,270.0,,0.0488966669511246,0.028,-1.698659842159398,0.03333333333333333,0.0,-0.0
1743666844.6216865,0.0,-94.0,270.0,,0.0488966669511246,0.038,-1.7185189460411652,0.03333333333333333,0.0,-0.0
1743666844.8456073,0.0,-94.0,270.0,,0.0488966669511246,0.038,-1.7383783007733138,0.03333333333333333,0.0,-0.0
1743666845.0592127,0.0,-94.0,270.0,,0.0488966669511246,0.038,-1.776103762936737,0.03333333333333333,0.0,-0.0
1743666845.2771056,0.0,-94.0,270.0,,0.05889666695112439,0.009,-1.6600829481315107,0.03333333333333333,0.0,-0.0
1743666845.491535,0.0,-94.0,270.0,,0.05889666695112439,0.019,-1.7176603210909231,0.03333333333333333,0.0,-0.0
1743666845.7077284,0.0,-94.0,270.0,,0.0488966669511246,0.028,-1.7383812334748034,0.03333333333333333,0.0,-0.0
1743666845.9271712,0.0,-94.0,270.0,,0.0488966669511246,0.009,-1.6787982702341613,0.03333333333333333,0.0,-0.0
1743666846.1405182,0.0,-94.0,270.0,,0.0488966669511246,0.019,-1.7185237044357806,0.03333333333333333,0.0,-0.0
1743666846.3528023,0.0,-94.0,270.0,,0.0488966669511246,0.028,-1.718521845884402,0.03333333333333333,0.0,-0.0
1743666846.5570474,0.0,-94.0,270.0,,0.0488966669511246,0.028,-1.718521845884402,0.03333333333333333,0.0,-0.0
1743666846.764156,0.0,-94.0,270.0,,0.0488966669511246,0.019,-1.7185237044357806,0.03333333333333333,0.0,-0.0
1743666846.968168,0.0,-94.0,270.0,,0.0488966669511246,0.028,-1.718521845884402,0.03333333333333333,0.0,-0.0
1743666847.1692128,0.0,-94.0,270.0,,0.0488966669511246,0.019,-1.7185237044357806,0.03333333333333333,0.0,-0.0
1743666847.3679392,0.0,-94.0,270.0,,0.05889666695112439,0.019,-1.7176603210909231,0.03333333333333333,0.0,-0.0
1743666847.5702999,0.0,-94.0,270.0,,0.0488966669511246,0.019,-1.7185237044357806,0.03333333333333333,0.0,-0.0
1743666847.7730336,0.0,-94.0,270.0,,0.05889666695112439,0.019,-1.7176603210909231,0.03333333333333333,0.0,-0.0
1743666847.9721048,0.0,-94.0,270.0,,0.0488966669511246,0.028,-1.718521845884402,0.03333333333333333,0.0,-0.0
1743666848.1761193,0.0,-94.0,270.0,,0.0488966669511246,0.028,-1.718521845884402,0.03333333333333333,0.0,-0.0
1743666848.378369,0.0,-94.0,270.0,,0.0488966669511246,0.019,-1.7185237044357806,0.03333333333333333,0.0,-0.0
1743666848.5768456,0.0,-94.0,270.0,,0.05889666695112439,0.019,-1.7176603210909231,0.03333333333333333,0.0,-0.0
1743666848.7792876,0.0,-94.0,270.0,,0.0488966669511246,0.028,-1.718521845884402,0.03333333333333333,0.0,-0.0
1743666848.9832714,0.0,-94.0,270.0,,0.0488966669511246,0.019,-1.6986616796345082,0.03333333333333333,0.0,-0.0
1743666849.1839833,0.0,-94.0,270.0,,0.0488966669511246,0.028,-1.718521845884402,0.03333333333333333,0.0,-0.0
1743666849.3871818,0.0,-94.0,270.0,,0.0488966669511246,0.028,-1.7761067579950516,0.03333333333333333,0.0,-0.0
1743666849.5908713,0.0,-94.0,270.0,,0.0488966669511246,0.028,-1.718521845884402,0.03333333333333333,0.0,-0.0
1743666849.791372,0.0,-94.0,270.0,,0.05889666695112439,0.019,-1.677953274589585,0.03333333333333333,0.0,-0.0
1743666849.9955049,0.0,-94.0,270.0,,0.0488966669511246,0.019,-1.7185237044357806,0.03333333333333333,0.0,-0.0
1743666850.1971545,0.0,-94.0,270.0,,0.0488966669511246,0.028,-1.7383812334748034,0.03333333333333333,0.0,-0.0
1743666850.396012,0.0,-94.0,270.0,,0.0488966669511246,0.028,-1.718521845884402,0.03333333333333333,0.0,-0.0
1743666850.5987225,0.0,-94.0,270.0,,0.0488966669511246,0.038,-1.7185189460411652,0.03333333333333333,0.0,-0.0
1743666850.8011758,0.0,-94.0,270.0,,0.0488966669511246,0.028,-1.718521845884402,0.03333333333333333,0.0,-0.0
1743666851.0002365,0.0,-94.0,270.0,,0.0488966669511246,0.028,-1.698659842159398,0.03333333333333333,0.0,-0.0
1743666851.2039418,0.0,-94.0,270.0,,0.0488966669511246,0.028,-1.758237975757666,0.03333333333333333,0.0,-0.0
1743666851.4054933,0.0,-94.0,270.0,,0.0488966669511246,0.028,-1.718521845884402,0.03333333333333333,0.0,-0.0
1743666851.6057067,0.0,-94.0,270.0,,0.05889666695112439,0.019,-1.697808087420968,0.03333333333333333,0.0,-0.0
1743666851.8107765,0.0,-94.0,270.0,,0.0488966669511246,0.019,-1.7185237044357806,0.03333333333333333,0.0,-0.0
1743666852.0101728,0.0,-94.0,270.0,,0.0488966669511246,0.019,-1.7185237044357806,0.03333333333333333,0.0,-0.0
1743666852.2110431,0.0,-94.0,270.0,,0.0488966669511246,0.028,-1.698659842159398,0.03333333333333333,0.0,-0.0
1743666852.4135332,0.0,-94.0,270.0,,0.05889666695112439,0.019,-1.697808087420968,0.03333333333333333,0.0,-0.0
1743666852.612907,0.0,-94.0,270.0,,0.0488966669511246,0.028,-1.718521845884402,0.03333333333333333,0.0,-0.0
1743666852.8132026,0.0,-94.0,270.0,,0.0488966669511246,0.019,-1.7185237044357806,0.03333333333333333,0.0,-0.0
1743666853.0151918,0.0,-94.0,270.0,,0.0488966669511246,0.019,-1.6986616796345082,0.03333333333333333,0.0,-0.0
1743666853.215102,0.0,-94.0,270.0,,0.0488966669511246,0.019,-1.7185237044357806,0.03333333333333333,0.0,-0.0
1743666853.4152582,0.0,-94.0,270.0,,0.0488966669511246,0.028,-1.718521845884402,0.03333333333333333,0.0,-0.0
1743666853.6210952,0.0,-94.0,270.0,,0.0488966669511246,0.028,-1.718521845884402,0.03333333333333333,0.0,-0.0
1743666853.8210912,0.0,-94.0,270.0,,0.05889666695112439,0.019,-1.7176603210909231,0.03333333333333333,0.0,-0.0
1743666854.0210648,0.0,-94.0,270.0,,0.0488966669511246,0.028,-1.718521845884402,0.03333333333333333,0.0,-0.0
1743666854.226651,0.0,-94.0,270.0,,0.05889666695112439,0.028,-1.697806255497793,0.03333333333333333,0.0,-0.0
1743666854.428974,0.0,-94.0,270.0,,0.0488966669511246,0.028,-1.718521845884402,0.03333333333333333,0.0,-0.0
1743666854.6293905,0.0,-94.0,270.0,,0.0488966669511246,0.028,-1.718521845884402,0.03333333333333333,0.0,-0.0
1743666854.8351648,0.0,-94.0,270.0,,0.0488966669511246,0.019,-1.6986616796345082,0.03333333333333333,0.0,-0.0
1743666855.03513,0.0,-94.0,270.0,,0.0488966669511246,0.019,-1.7185237044357806,0.03333333333333333,0.0,-0.0
1743666855.2399561,0.0,-94.0,270.0,,0.05889666695112439,0.019,-1.7176603210909231,0.03333333333333333,0.0,-0.0
1743666855.4456768,0.0,-94.0,270.0,,0.0488966669511246,0.019,-1.6986616796345082,0.03333333333333333,0.0,-0.0
1743666855.6442764,0.0,-94.0,270.0,,0.0488966669511246,0.028,-1.698659842159398,0.03333333333333333,0.0,-0.0
1743666855.8480306,0.0,-94.0,270.0,,0.0488966669511246,0.038,-1.7185189460411652,0.03333333333333333,0.0,-0.0
1743666856.0550542,0.0,-94.0,270.0,,0.0488966669511246,0.028,-1.718521845884402,0.03333333333333333,0.0,-0.0
1743666856.2546186,0.0,-94.0,270.0,,0.0488966669511246,0.019,-1.6986616796345082,0.03333333333333333,0.0,-0.0
1743666856.4538844,0.0,-94.0,270.0,,0.0488966669511246,0.019,-1.6986616796345082,0.03333333333333333,0.0,-0.0
1743666856.658164,0.0,-94.0,270.0,,0.0488966669511246,0.019,-1.7383831130855092,0.03333333333333333,0.0,-0.0
1743666856.8611722,0.0,-94.0,270.0,,0.0488966669511246,0.019,-1.6986616796345082,0.03333333333333333,0.0,-0.0
1743666857.0604718,0.0,-94.0,270.0,,0.0488966669511246,0.019,-1.6787970678943602,0.03333333333333333,0.0,-0.0
1743666857.2671397,0.0,-94.0,270.0,,0.0488966669511246,0.028,-1.7383812334748034,0.03333333333333333,0.0,-0.0
1743666857.468153,0.0,-94.0,270.0,,0.0488966669511246,0.019,-1.6986616796345082,0.03333333333333333,0.0,-0.0
1743666857.6670663,0.0,-94.0,270.0,,0.0488966669511246,0.028,-1.7383812334748034,0.03333333333333333,0.0,-0.0
1743666857.8740072,0.0,-94.0,270.0,,0.0488966669511246,0.009,-1.7185249346892109,0.03333333333333333,0.0,-0.0
1743666858.075298,0.0,-94.0,270.0,,0.05889666695112439,0.019,-1.7176603210909231,0.03333333333333333,0.0,-0.0
1743666858.3053238,0.0,-94.0,270.0,,0.0488966669511246,0.028,-1.718521845884402,0.03333333333333333,0.0,-0.0
1743666858.5324273,0.0,-94.0,270.0,,0.03889666695112304,0.028,-1.6995151469473986,0.03333333333333333,0.0,-0.0
1743666858.743126,0.0,-94.0,270.0,,0.0488966669511246,0.019,-1.7185237044357806,0.03333333333333333,0.0,-0.0
1743666858.9498951,0.0,-94.0,270.0,,0.0488966669511246,0.028,-1.698659842159398,0.03333333333333333,0.0,-0.0
1743666859.1543498,0.0,-94.0,270.0,,0.0488966669511246,0.019,-1.7185237044357806,0.03333333333333333,0.0,-0.0
1743666859.3555639,0.0,-94.0,270.0,,0.0488966669511246,0.019,-1.7185237044357806,0.03333333333333333,0.0,-0.0
1743666859.5589862,0.0,-94.0,270.0,,0.0488966669511246,0.019,-1.7185237044357806,0.03333333333333333,0.0,-0.0
1743666859.761269,0.0,-94.0,270.0,,0.0488966669511246,0.028,-1.718521845884402,0.03333333333333333,0.0,-0.0
1743666859.961828,0.0,-94.0,270.0,,0.0488966669511246,0.019,-1.6787970678943602,0.03333333333333333,0.0,-0.0
1743666860.1679056,0.0,-94.0,270.0,,0.0488966669511246,0.028,-1.718521845884402,0.03333333333333333,0.0,-0.0
1743666860.3698447,0.0,-94.0,270.0,,0.05889666695112439,0.028,-1.7176584681541758,0.03333333333333333,0.0,-0.0
1743666860.5703106,0.0,-94.0,270.0,,0.0488966669511246,0.028,-1.698659842159398,0.03333333333333333,0.0,-0.0
1743666860.776699,0.0,-94.0,270.0,,0.05889666695112439,0.028,-1.697806255497793,0.03333333333333333,0.0,-0.0
1743666860.989598,0.0,-94.0,270.0,,0.0488966669511246,0.028,-1.698659842159398,0.03333333333333333,0.0,-0.0
1743666861.199649,0.0,-94.0,270.0,,0.0488966669511246,0.028,-1.718521845884402,0.03333333333333333,0.0,-0.0
1743666861.4147317,0.0,-94.0,270.0,,0.0488966669511246,0.028,-1.718521845884402,0.03333333333333333,0.0,-0.0
1743666861.6281817,0.0,-94.0,270.0,,0.05889666695112439,0.009,-1.6779544732958693,0.03333333333333333,0.0,-0.0
1743666861.8375504,0.0,-94.0,270.0,,0.05889666695112439,0.028,-1.7176584681541758,0.03333333333333333,0.0,-0.0
1743666862.043692,0.0,-94.0,270.0,,0.0488966669511246,0.019,-1.7185237044357806,0.03333333333333333,0.0,-0.0
1743666862.2499454,0.0,-94.0,270.0,,0.05889666695112439,0.019,-1.7176603210909231,0.03333333333333333,0.0,-0.0
1743666862.450258,0.0,-94.0,270.0,,0.05889666695112439,0.019,-1.697808087420968,0.03333333333333333,0.0,-0.0
1743666862.6556296,0.0,-94.0,270.0,,0.0488966669511246,0.019,-1.7383831130855092,0.03333333333333333,0.0,-0.0
1743666862.8621278,0.0,-94.0,270.0,,0.0488966669511246,0.019,-1.7185237044357806,0.03333333333333333,0.0,-0.0
1743666863.0614862,0.0,-94.0,270.0,,0.0488966669511246,0.019,-1.7185237044357806,0.03333333333333333,0.0,-0.0
1743666863.2675889,0.0,-94.0,270.0,,0.05889666695112439,0.019,-1.697808087420968,0.03333333333333333,0.0,-0.0
1743666863.4679022,0.0,-94.0,270.0,,0.0488966669511246,0.028,-1.718521845884402,0.03333333333333333,0.0,-0.0
1743666863.6691918,0.0,-94.0,270.0,,0.03889666695112304,0.028,-1.6995151469473986,0.03333333333333333,0.0,-0.0
1743666863.8735907,0.0,-94.0,270.0,,0.0488966669511246,0.028,-1.698659842159398,0.03333333333333333,0.0,-0.0
1743666864.0729315,0.0,-94.0,270.0,,0.0488966669511246,0.019,-1.7185237044357806,0.03333333333333333,0.0,-0.0
1743666864.2714326,0.0,-94.0,270.0,,0.0488966669511246,0.019,-1.7185237044357806,0.03333333333333333,0.0,-0.0
1743666864.4787283,0.0,-94.0,270.0,,0.0488966669511246,0.028,-1.718521845884402,0.03333333333333333,0.0,-0.0
1743666864.6789243,0.0,-94.0,270.0,,0.0488966669511246,0.019,-1.7185237044357806,0.03333333333333333,0.0,-0.0
1743666864.8788939,0.0,-94.0,270.0,,0.05889666695112439,0.019,-1.7176603210909231,0.03333333333333333,0.0,-0.0
1743666865.0842078,0.0,-94.0,270.0,,0.0488966669511246,0.028,-1.718521845884402,0.03333333333333333,0.0,-0.0
1743666865.283835,0.0,-94.0,270.0,,0.0488966669511246,0.019,-1.6986616796345082,0.03333333333333333,0.0,-0.0
1743666865.4855416,0.0,-94.0,270.0,,0.0488966669511246,0.019,-1.7185237044357806,0.03333333333333333,0.0,-0.0
1743666865.6910338,0.0,-94.0,270.0,,0.0488966669511246,0.019,-1.6787970678943602,0.03333333333333333,0.0,-0.0
1743666865.8904603,0.0,-94.0,270.0,,0.0488966669511246,0.028,-1.718521845884402,0.03333333333333333,0.0,-0.0
1743666866.094698,0.0,-94.0,270.0,,0.0488966669511246,0.028,-1.718521845884402,0.03333333333333333,0.0,-0.0
1743666866.2974796,0.0,-94.0,270.0,,0.05889666695112439,0.019,-1.697808087420968,0.03333333333333333,0.0,-0.0
1743666866.4957173,0.0,-94.0,270.0,,0.0488966669511246,0.0,-1.7383847172073947,0.03333333333333333,0.0,-0.0
1743666866.695574,0.0,-94.0,270.0,,0.0488966669511246,0.009,-1.6986628959366712,0.03333333333333333,0.0,-0.0
1743666866.9027047,0.0,-94.0,270.0,,0.0488966669511246,0.019,-1.7383831130855092,0.03333333333333333,0.0,-0.0
1743666867.1040006,0.0,-94.0,270.0,,0.0488966669511246,0.019,-1.7185237044357806,0.03333333333333333,0.0,-0.0
1743666867.3037176,0.0,-94.0,270.0,,0.0488966669511246,0.019,-1.6986616796345082,0.03333333333333333,0.0,-0.0
1743666867.5086477,0.0,-94.0,270.0,,0.0488966669511246,0.019,-1.7185237044357806,0.03333333333333333,0.0,-0.0
1743666867.7097876,0.0,-94.0,270.0,,0.0488966669511246,0.028,-1.698659842159398,0.03333333333333333,0.0,-0.0
1743666867.9092884,0.0,-94.0,270.0,,0.05889666695112439,0.028,-1.7375080725388297,0.03333333333333333,0.0,-0.0
1743666868.1147847,0.0,-94.0,270.0,,0.0488966669511246,0.019,-1.7185237044357806,0.03333333333333333,0.0,-0.0
1743666868.3141766,0.0,-94.0,270.0,,0.0488966669511246,0.028,-1.6787952515122786,0.03333333333333333,0.0,-0.0
1743666868.5150864,0.0,-94.0,270.0,,0.0488966669511246,0.009,-1.6787982702341613,0.03333333333333333,0.0,-0.0
1743666868.715335,0.0,-94.0,270.0,,0.0488966669511246,0.0,-1.718525290584943,0.03333333333333333,0.0,-0.0
1743666868.918033,0.0,-94.0,270.0,,0.05889666695112439,0.009,-1.6600829481315107,0.03333333333333333,0.0,-0.0
1743666869.1179016,0.0,-94.0,270.0,,0.0488966669511246,0.019,-1.6609167296712963,0.03333333333333333,0.0,-0.0
1743666869.3210692,0.0,-94.0,270.0,,0.0488966669511246,0.028,-1.7383812334748034,0.03333333333333333,0.0,-0.0
1743666869.5205622,0.0,-94.0,270.0,,0.0488966669511246,0.009,-1.7185249346892109,0.03333333333333333,0.0,-0.0
1743666869.7231252,0.0,-94.0,270.0,,0.05889666695112439,0.028,-1.7375080725388297,0.03333333333333333,0.0,-0.0
1743666869.9295144,0.0,-94.0,270.0,,0.0488966669511246,0.028,-1.7383812334748034,0.03333333333333333,0.0,-0.0
1743666870.1351886,0.0,-94.0,270.0,,0.05889666695112439,0.009,-1.697809300048059,0.03333333333333333,0.0,-0.0
1743666870.3409333,0.0,-94.0,270.0,,0.0488966669511246,0.028,-1.718521845884402,0.03333333333333333,0.0,-0.0
1743666870.54426,0.0,-94.0,270.0,,0.0488966669511246,0.019,-1.7185237044357806,0.03333333333333333,0.0,-0.0
1743666870.7453432,0.0,-94.0,270.0,,0.05889666695112439,0.019,-1.697808087420968,0.03333333333333333,0.0,-0.0
1743666870.9473789,0.0,-94.0,270.0,,0.0488966669511246,0.019,-1.7383831130855092,0.03333333333333333,0.0,-0.0
1743666871.1492093,0.0,-94.0,270.0,,0.0488966669511246,0.028,-1.718521845884402,0.03333333333333333,0.0,-0.0
1743666871.3489995,0.0,-94.0,270.0,,0.0488966669511246,0.019,-1.7383831130855092,0.03333333333333333,0.0,-0.0
1743666871.5504339,0.0,-94.0,270.0,,0.0488966669511246,0.019,-1.7185237044357806,0.03333333333333333,0.0,-0.0
1743666871.7539265,0.0,-94.0,270.0,,0.0488966669511246,0.019,-1.6986616796345082,0.03333333333333333,0.0,-0.0
1743666871.956877,0.0,-94.0,270.0,,0.0488966669511246,0.019,-1.6986616796345082,0.03333333333333333,0.0,-0.0
1743666872.160529,0.0,-94.0,270.0,,0.0488966669511246,0.019,-1.7185237044357806,0.03333333333333333,0.0,-0.0
1743666872.3620646,0.0,-94.0,270.0,,0.0488966669511246,0.028,-1.7383812334748034,0.03333333333333333,0.0,-0.0
1743666872.5606253,0.0,-94.0,270.0,,0.0488966669511246,0.019,-1.6986616796345082,0.03333333333333333,0.0,-0.0
1743666872.7640502,0.0,-94.0,270.0,,0.0488966669511246,0.028,-1.6410455071081587,0.03333333333333333,0.0,-0.0
1743666872.966631,0.0,-94.0,270.0,,0.0488966669511246,0.009,-1.6986628959366712,0.03333333333333333,0.0,-0.0
1743666873.1659913,0.0,-94.0,270.0,,0.0488966669511246,0.028,-1.7959583939655892,0.03333333333333333,0.0,-0.0
1743666873.367875,0.0,-94.0,270.0,,0.0488966669511246,0.009,-1.6986628959366712,0.03333333333333333,0.0,-0.0
1743666873.569676,0.0,-94.0,270.0,,0.0488966669511246,0.019,-1.6787970678943602,0.03333333333333333,0.0,-0.0
1743666873.7714136,0.0,-94.0,270.0,,0.0488966669511246,0.038,-1.7582350102246433,0.03333333333333333,0.0,-0.0
1743666873.973451,0.0,-94.0,270.0,,0.0488966669511246,0.028,-1.7383812334748034,0.03333333333333333,0.0,-0.0
1743666874.179399,0.0,-94.0,270.0,,0.0488966669511246,0.019,-1.6986616796345082,0.03333333333333333,0.0,-0.0
1743666874.4291298,0.0,-94.0,270.0,,0.0488966669511246,0.019,-1.6986616796345082,0.03333333333333333,0.0,-0.0
1743666874.7160244,0.0,-94.0,270.0,,0.0488966669511246,0.019,-1.7185237044357806,0.03333333333333333,0.0,-0.0
1743666874.9980273,0.0,-94.0,270.0,,0.0488966669511246,0.019,-1.6986616796345082,0.03333333333333333,0.0,-0.0
1743666875.2820861,0.0,-94.0,270.0,,0.0488966669511246,0.019,-1.7185237044357806,0.03333333333333333,0.0,-0.0
1743666875.5624332,0.0,-94.0,270.0,,0.0488966669511246,0.019,-1.6986616796345082,0.03333333333333333,0.0,-0.0
1743666875.846688,0.0,-94.0,270.0,,0.0488966669511246,0.019,-1.7185237044357806,0.03333333333333333,0.0,-0.0
1743666876.1427,0.0,-94.0,270.0,,0.0488966669511246,0.019,-1.7185237044357806,0.03333333333333333,0.0,-0.0
1743666876.44931,0.0,-94.0,270.0,,0.05889666695112439,0.019,-1.697808087420968,0.03333333333333333,0.0,-0.0
1743666876.753579,0.0,-94.0,270.0,,0.0488966669511246,0.028,-1.718521845884402,0.03333333333333333,0.0,-0.0
1743666877.010398,0.0,-94.0,270.0,,0.0488966669511246,0.028,-1.718521845884402,0.03333333333333333,0.0,-0.0
1743666877.2372882,0.0,-94.0,270.0,,0.0488966669511246,0.019,-1.7185237044357806,0.03333333333333333,0.0,-0.0
1743666877.4520264,0.0,-94.0,270.0,,0.0488966669511246,0.028,-1.718521845884402,0.03333333333333333,0.0,-0.0
1743666877.6624424,0.0,-94.0,270.0,,0.0488966669511246,0.028,-1.698659842159398,0.03333333333333333,0.0,-0.0
1743666877.868084,0.0,-94.0,270.0,,0.0488966669511246,0.019,-1.7185237044357806,0.03333333333333333,0.0,-0.0
1743666878.0701425,0.0,-94.0,270.0,,0.0488966669511246,0.019,-1.7185237044357806,0.03333333333333333,0.0,-0.0
1743666878.2771215,0.0,-94.0,270.0,,0.0488966669511246,0.028,-1.718521845884402,0.03333333333333333,0.0,-0.0
1743666878.4772696,0.0,-94.0,270.0,,0.05889666695112439,0.019,-1.7176603210909231,0.03333333333333333,0.0,-0.0
1743666878.6778333,0.0,-94.0,270.0,,0.0488966669511246,0.019,-1.6986616796345082,0.03333333333333333,0.0,-0.0
1743666878.885494,0.0,-94.0,270.0,,0.0488966669511246,0.028,-1.718521845884402,0.03333333333333333,0.0,-0.0
1743666879.0845263,0.0,-94.0,270.0,,0.05889666695112439,0.019,-1.7176603210909231,0.03333333333333333,0.0,-0.0
1743666879.2838936,0.0,-94.0,270.0,,0.0488966669511246,0.019,-1.7185237044357806,0.03333333333333333,0.0,-0.0
1743666879.4897149,0.0,-94.0,270.0,,0.05889666695112439,0.019,-1.7176603210909231,0.03333333333333333,0.0,-0.0
1743666879.688313,0.0,-94.0,270.0,,0.0488966669511246,0.028,-1.698659842159398,0.03333333333333333,0.0,-0.0
1743666879.8890097,0.0,-94.0,270.0,,0.0488966669511246,0.019,-1.7185237044357806,0.03333333333333333,0.0,-0.0
1743666880.0930605,0.0,-94.0,270.0,,0.0488966669511246,0.019,-1.6986616796345082,0.03333333333333333,0.0,-0.0
1743666880.29254,0.0,-94.0,270.0,,0.0488966669511246,0.019,-1.7185237044357806,0.03333333333333333,0.0,-0.0
1743666880.5010936,0.0,-94.0,270.0,,0.0488966669511246,0.019,-1.7185237044357806,0.03333333333333333,0.0,-0.0
1743666880.748378,0.0,-94.0,270.0,,0.0488966669511246,0.019,-1.7185237044357806,0.03333333333333333,0.0,-0.0
1743666881.0112119,0.0,-94.0,270.0,,0.0488966669511246,0.019,-1.6787970678943602,0.03333333333333333,0.0,-0.0
1743666881.2525752,0.0,-94.0,270.0,,0.0488966669511246,0.028,-1.758237975757666,0.03333333333333333,0.0,-0.0
1743666881.4738135,0.0,-94.0,270.0,,0.05889666695112439,0.009,-1.6600829481315107,0.03333333333333333,0.0,-0.0
1743666881.6845567,0.0,-94.0,270.0,,0.0488966669511246,0.028,-1.7383812334748034,0.03333333333333333,0.0,-0.0
1743666881.893033,0.0,-94.0,270.0,,0.05889666695112439,0.019,-1.697808087420968,0.03333333333333333,0.0,-0.0
1743666882.0981789,0.0,-94.0,270.0,,0.0488966669511246,0.028,-1.698659842159398,0.03333333333333333,0.0,-0.0
1743666882.2991636,0.0,-94.0,270.0,,0.05889666695112439,0.019,-1.7176603210909231,0.03333333333333333,0.0,-0.0
1743666882.5036016,0.0,-94.0,270.0,,0.0488966669511246,0.019,-1.7185237044357806,0.03333333333333333,0.0,-0.0
1743666882.7040625,0.0,-94.0,270.0,,0.05889666695112439,0.019,-1.7375099464722905,0.03333333333333333,0.0,-0.0
1743666882.9055142,0.0,-94.0,270.0,,0.0488966669511246,0.019,-1.6986616796345082,0.03333333333333333,0.0,-0.0
1743666883.1082954,0.0,-94.0,270.0,,0.0488966669511246,0.028,-1.698659842159398,0.03333333333333333,0.0,-0.0
1743666883.3074136,0.0,-94.0,270.0,,0.0488966669511246,0.019,-1.7185237044357806,0.03333333333333333,0.0,-0.0
1743666883.5078964,0.0,-94.0,270.0,,0.05889666695112439,0.028,-1.697806255497793,0.03333333333333333,0.0,-0.0
1743666883.7115712,0.0,-94.0,270.0,,0.0488966669511246,0.019,-1.7185237044357806,0.03333333333333333,0.0,-0.0
1743666883.916903,0.0,-94.0,270.0,,0.0488966669511246,0.028,-1.718521845884402,0.03333333333333333,0.0,-0.0
1743666884.1167123,0.0,-94.0,270.0,,0.0488966669511246,0.019,-1.7185237044357806,0.03333333333333333,0.0,-0.0
1743666884.3199644,0.0,-94.0,270.0,,0.0488966669511246,0.028,-1.718521845884402,0.03333333333333333,0.0,-0.0
1743666884.5185056,0.0,-94.0,270.0,,0.0488966669511246,0.028,-1.718521845884402,0.03333333333333333,0.0,-0.0
1743666884.7195263,0.0,-94.0,270.0,,0.0488966669511246,0.019,-1.6986616796345082,0.03333333333333333,0.0,-0.0
1743666884.9506202,0.0,-94.0,270.0,,0.0488966669511246,0.019,-1.6986616796345082,0.03333333333333333,0.0,-0.0
1743666885.1661952,0.0,-94.0,270.0,,0.0488966669511246,0.028,-1.718521845884402,0.03333333333333333,0.0,-0.0
1743666885.374556,0.0,-94.0,270.0,,0.0488966669511246,0.019,-1.6986616796345082,0.03333333333333333,0.0,-0.0
1743666885.5793414,0.0,-94.0,270.0,,0.0488966669511246,0.019,-1.7185237044357806,0.03333333333333333,0.0,-0.0
1743666885.7871003,0.0,-94.0,270.0,,0.0488966669511246,0.019,-1.7185237044357806,0.03333333333333333,0.0,-0.0
1743666885.990223,0.0,-94.0,270.0,,0.0488966669511246,0.019,-1.6986616796345082,0.03333333333333333,0.0,-0.0
1743666886.1914718,0.0,-94.0,270.0,,0.0488966669511246,0.019,-1.7383831130855092,0.03333333333333333,0.0,-0.0
1743666886.3951921,0.0,-94.0,270.0,,0.0488966669511246,0.028,-1.7383812334748034,0.03333333333333333,0.0,-0.0
1743666886.5978909,0.0,-94.0,270.0,,0.05889666695112439,0.028,-1.6779514636966564,0.03333333333333333,0.0,-0.0
1743666886.8002346,0.0,-94.0,270.0,,0.0488966669511246,0.019,-1.6986616796345082,0.03333333333333333,0.0,-0.0
1743666887.0013468,0.0,-94.0,270.0,,0.0488966669511246,0.009,-1.6787982702341613,0.03333333333333333,0.0,-0.0
1743666887.2047021,0.0,-94.0,270.0,,0.0488966669511246,0.028,-1.718521845884402,0.03333333333333333,0.0,-0.0
1743666887.4074624,0.0,-94.0,270.0,,0.0488966669511246,0.019,-1.7185237044357806,0.03333333333333333,0.0,-0.0
1743666887.6071668,0.0,-94.0,270.0,,0.0488966669511246,0.019,-1.6986616796345082,0.03333333333333333,0.0,-0.0
1743666887.8110576,0.0,-94.0,270.0,,0.0488966669511246,0.019,-1.7185237044357806,0.03333333333333333,0.0,-0.0
1743666888.0139441,0.0,-94.0,270.0,,0.0488966669511246,0.028,-1.698659842159398,0.03333333333333333,0.0,-0.0
1743666888.2136047,0.0,-94.0,270.0,,0.0488966669511246,0.019,-1.7185237044357806,0.03333333333333333,0.0,-0.0
1743666888.4183452,0.0,-94.0,270.0,,0.0488966669511246,0.019,-1.7185237044357806,0.03333333333333333,0.0,-0.0
1743666888.6182804,0.0,-94.0,270.0,,0.0488966669511246,0.028,-1.7383812334748034,0.03333333333333333,0.0,-0.0
1743666888.8193378,0.0,-94.0,270.0,,0.05889666695112439,0.019,-1.697808087420968,0.03333333333333333,0.0,-0.0
1743666889.021582,0.0,-94.0,270.0,,0.05889666695112439,0.019,-1.7176603210909231,0.03333333333333333,0.0,-0.0
1743666889.22131,0.0,-94.0,270.0,,0.0488966669511246,0.028,-1.718521845884402,0.03333333333333333,0.0,-0.0
1743666889.4214103,0.0,-94.0,270.0,,0.0488966669511246,0.019,-1.7185237044357806,0.03333333333333333,0.0,-0.0
1743666889.62581,0.0,-94.0,270.0,,0.05889666695112439,0.019,-1.7176603210909231,0.03333333333333333,0.0,-0.0
1743666889.834757,0.0,-94.0,270.0,,0.0488966669511246,0.028,-1.698659842159398,0.03333333333333333,0.0,-0.0
1743666890.0404499,0.0,-94.0,270.0,,0.05889666695112439,0.019,-1.7176603210909231,0.03333333333333333,0.0,-0.0
1743666890.2454154,0.0,-94.0,270.0,,0.0488966669511246,0.019,-1.7185237044357806,0.03333333333333333,0.0,-0.0
1743666890.4468272,0.0,-94.0,270.0,,0.0488966669511246,0.019,-1.6986616796345082,0.03333333333333333,0.0,-0.0
1743666890.6487255,0.0,-94.0,270.0,,0.0488966669511246,0.019,-1.7185237044357806,0.03333333333333333,0.0,-0.0
1743666890.8551598,0.0,-94.0,270.0,,0.0488966669511246,0.019,-1.7185237044357806,0.03333333333333333,0.0,-0.0
1743666891.0611265,0.0,-94.0,270.0,,0.0488966669511246,0.019,-1.7185237044357806,0.03333333333333333,0.0,-0.0
1743666891.2670135,0.0,-94.0,270.0,,0.0488966669511246,0.019,-1.7185237044357806,0.03333333333333333,0.0,-0.0
1743666891.474189,0.0,-94.0,270.0,,0.0488966669511246,0.028,-1.718521845884402,0.03333333333333333,0.0,-0.0
1743666891.676042,0.0,-94.0,270.0,,0.0488966669511246,0.019,-1.6986616796345082,0.03333333333333333,0.0,-0.0
1743666891.877416,0.0,-94.0,270.0,,0.0488966669511246,0.019,-1.7185237044357806,0.03333333333333333,0.0,-0.0
1743666892.0885458,0.0,-94.0,270.0,,0.0488966669511246,0.028,-1.7383812334748034,0.03333333333333333,0.0,-0.0
1743666892.2996507,0.0,-94.0,270.0,,0.0488966669511246,0.019,-1.6986616796345082,0.03333333333333333,0.0,-0.0
1743666892.51227,0.0,-94.0,270.0,,0.0488966669511246,0.019,-1.7185237044357806,0.03333333333333333,0.0,-0.0
1743666892.7307613,0.0,-94.0,270.0,,0.0488966669511246,0.019,-1.6986616796345082,0.03333333333333333,0.0,-0.0
1743666892.941587,0.0,-94.0,270.0,,0.05889666695112439,0.019,-1.697808087420968,0.03333333333333333,0.0,-0.0
1743666893.1496432,0.0,-94.0,270.0,,0.0488966669511246,0.019,-1.6986616796345082,0.03333333333333333,0.0,-0.0
1743666893.3539844,0.0,-94.0,270.0,,0.0488966669511246,0.019,-1.7185237044357806,0.03333333333333333,0.0,-0.0
1743666893.5549715,0.0,-94.0,270.0,,0.0488966669511246,0.019,-1.6986616796345082,0.03333333333333333,0.0,-0.0
1743666893.7580655,0.0,-94.0,270.0,,0.0488966669511246,0.019,-1.7185237044357806,0.03333333333333333,0.0,-0.0
1743666893.961047,0.0,-94.0,270.0,,0.0488966669511246,0.019,-1.7185237044357806,0.03333333333333333,0.0,-0.0
1743666894.1602354,0.0,-94.0,270.0,,0.0488966669511246,0.009,-1.7185249346892109,0.03333333333333333,0.0,-0.0
1743666894.3622866,0.0,-94.0,270.0,,0.0488966669511246,0.019,-1.6787970678943602,0.03333333333333333,0.0,-0.0
1743666894.5620322,0.0,-94.0,270.0,,0.0488966669511246,0.028,-1.718521845884402,0.03333333333333333,0.0,-0.0
1743666894.7623007,0.0,-94.0,270.0,,0.0488966669511246,0.028,-1.718521845884402,0.03333333333333333,0.0,-0.0
1743666894.96511,0.0,-94.0,270.0,,0.0488966669511246,0.019,-1.6986616796345082,0.03333333333333333,0.0,-0.0
1743666895.1674879,0.0,-94.0,270.0,,0.05889666695112439,0.019,-1.7176603210909231,0.03333333333333333,0.0,-0.0
1743666895.3681126,0.0,-94.0,270.0,,0.0488966669511246,0.028,-1.7383812334748034,0.03333333333333333,0.0,-0.0
1743666895.571536,0.0,-94.0,270.0,,0.0488966669511246,0.019,-1.7185237044357806,0.03333333333333333,0.0,-0.0
1743666895.7742226,0.0,-94.0,270.0,,0.0488966669511246,0.019,-1.6986616796345082,0.03333333333333333,0.0,-0.0
1743666895.9754713,0.0,-94.0,270.0,,0.0488966669511246,0.028,-1.698659842159398,0.03333333333333333,0.0,-0.0
1743666896.1782002,0.0,-94.0,270.0,,0.0488966669511246,0.028,-1.718521845884402,0.03333333333333333,0.0,-0.0
1743666896.3791301,0.0,-94.0,270.0,,0.05889666695112439,0.028,-1.7375080725388297,0.03333333333333333,0.0,-0.0
1743666896.5788777,0.0,-94.0,270.0,,0.05889666695112439,0.019,-1.697808087420968,0.03333333333333333,0.0,-0.0
1743666896.7837539,0.0,-94.0,270.0,,0.0488966669511246,0.019,-1.6986616796345082,0.03333333333333333,0.0,-0.0
1743666896.9879937,0.0,-94.0,270.0,,0.05889666695112439,0.019,-1.7176603210909231,0.03333333333333333,0.0,-0.0
1743666897.1880188,0.0,-94.0,270.0,,0.0488966669511246,0.019,-1.7185237044357806,0.03333333333333333,0.0,-0.0
1743666897.3909025,0.0,-94.0,270.0,,0.0488966669511246,0.019,-1.7185237044357806,0.03333333333333333,0.0,-0.0
1743666897.5927203,0.0,-94.0,270.0,,0.0488966669511246,0.028,-1.718521845884402,0.03333333333333333,0.0,-0.0
1743666897.7935174,0.0,-94.0,270.0,,0.0488966669511246,0.019,-1.7383831130855092,0.03333333333333333,0.0,-0.0
1743666897.9972506,0.0,-94.0,270.0,,0.05889666695112439,0.028,-1.7176584681541758,0.03333333333333333,0.0,-0.0
1743666898.1997597,0.0,-94.0,270.0,,0.0488966669511246,0.019,-1.6986616796345082,0.03333333333333333,0.0,-0.0
1743666898.3988063,0.0,-94.0,270.0,,0.05889666695112439,0.009,-1.6779544732958693,0.03333333333333333,0.0,-0.0
1743666898.6035829,0.0,-94.0,270.0,,0.0488966669511246,0.028,-1.718521845884402,0.03333333333333333,0.0,-0.0
1743666898.80551,0.0,-94.0,270.0,,0.05889666695112439,0.019,-1.697808087420968,0.03333333333333333,0.0,-0.0
1743666899.006328,0.0,-94.0,270.0,,0.05889666695112439,0.028,-1.7176584681541758,0.03333333333333333,0.0,-0.0
1743666899.2091227,0.0,-94.0,270.0,,0.05889666695112439,0.019,-1.697808087420968,0.03333333333333333,0.0,-0.0
1743666899.4102082,0.0,-94.0,270.0,,0.0488966669511246,0.038,-1.7582350102246433,0.03333333333333333,0.0,-0.0
1743666899.6082962,0.0,-94.0,270.0,,0.0488966669511246,0.038,-1.776103762936737,0.03333333333333333,0.0,-0.0
1743666899.8119733,0.0,-94.0,270.0,,0.0488966669511246,0.0,-1.6986632477964876,0.03333333333333333,0.0,-0.0
1743666900.0145414,0.0,-94.0,270.0,,0.05889666695112439,0.028,-1.7176584681541758,0.03333333333333333,0.0,-0.0
1743666900.2187457,0.0,-94.0,270.0,,0.0488966669511246,0.028,-1.718521845884402,0.03333333333333333,0.0,-0.0
1743666900.4242828,0.0,-94.0,270.0,,0.0488966669511246,0.019,-1.6986616796345082,0.03333333333333333,0.0,-0.0
1743666900.6235383,0.0,-94.0,270.0,,0.05889666695112439,0.019,-1.697808087420968,0.03333333333333333,0.0,-0.0
1743666900.8247478,0.0,-94.0,270.0,,0.05889666695112439,0.028,-1.7176584681541758,0.03333333333333333,0.0,-0.0
1743666901.0301292,0.0,-94.0,270.0,,0.0488966669511246,0.028,-1.718521845884402,0.03333333333333333,0.0,-0.0
1743666901.2337446,0.0,-94.0,270.0,,0.0488966669511246,0.019,-1.6986616796345082,0.03333333333333333,0.0,-0.0
1743666901.4332914,0.0,-94.0,270.0,,0.0488966669511246,0.019,-1.7185237044357806,0.03333333333333333,0.0,-0.0
1743666901.6386273,0.0,-94.0,270.0,,0.0488966669511246,0.019,-1.7185237044357806,0.03333333333333333,0.0,-0.0
1743666901.83804,0.0,-94.0,270.0,,0.0488966669511246,0.019,-1.7185237044357806,0.03333333333333333,0.0,-0.0
1743666902.0388405,0.0,-94.0,270.0,,0.0488966669511246,0.019,-1.7185237044357806,0.03333333333333333,0.0,-0.0
1743666902.2457952,0.0,-94.0,270.0,,0.05889666695112439,0.028,-1.697806255497793,0.03333333333333333,0.0,-0.0
1743666902.4480643,0.0,-94.0,270.0,,0.0488966669511246,0.019,-1.6986616796345082,0.03333333333333333,0.0,-0.0
1743666902.650158,0.0,-94.0,270.0,,0.0488966669511246,0.019,-1.7185237044357806,0.03333333333333333,0.0,-0.0
1743666902.8562784,0.0,-94.0,270.0,,0.0488966669511246,0.019,-1.7185237044357806,0.03333333333333333,0.0,-0.0
1743666903.0608165,0.0,-94.0,270.0,,0.0488966669511246,0.028,-1.718521845884402,0.03333333333333333,0.0,-0.0
1743666903.2639353,0.0,-94.0,270.0,,0.05889666695112439,0.019,-1.7176603210909231,0.03333333333333333,0.0,-0.0
1743666903.468577,0.0,-94.0,270.0,,0.0488966669511246,0.019,-1.6986616796345082,0.03333333333333333,0.0,-0.0
1743666903.670268,0.0,-94.0,270.0,,0.0488966669511246,0.028,-1.698659842159398,0.03333333333333333,0.0,-0.0
1743666903.8703656,0.0,-94.0,270.0,,0.0488966669511246,0.019,-1.7185237044357806,0.03333333333333333,0.0,-0.0
1743666904.0765114,0.0,-94.0,270.0,,0.0488966669511246,0.028,-1.698659842159398,0.03333333333333333,0.0,-0.0
1743666904.2767684,0.0,-94.0,270.0,,0.05889666695112439,0.019,-1.697808087420968,0.03333333333333333,0.0,-0.0
1743666904.4811795,0.0,-94.0,270.0,,0.05889666695112439,0.028,-1.7176584681541758,0.03333333333333333,0.0,-0.0
1743666904.6885173,0.0,-94.0,270.0,,0.0488966669511246,0.019,-1.7185237044357806,0.03333333333333333,0.0,-0.0
1743666904.8883069,0.0,-94.0,270.0,,0.0488966669511246,0.019,-1.7185237044357806,0.03333333333333333,0.0,-0.0
1743666905.0884447,0.0,-94.0,270.0,,0.0488966669511246,0.019,-1.7383831130855092,0.03333333333333333,0.0,-0.0
1743666905.2932577,0.0,-94.0,270.0,,0.05889666695112439,0.019,-1.697808087420968,0.03333333333333333,0.0,-0.0
1743666905.4928703,0.0,-94.0,270.0,,0.05889666695112439,0.019,-1.7176603210909231,0.03333333333333333,0.0,-0.0
1743666905.693143,0.0,-94.0,270.0,,0.0488966669511246,0.028,-1.718521845884402,0.03333333333333333,0.0,-0.0
1743666905.8995597,0.0,-94.0,270.0,,0.0488966669511246,0.019,-1.7185237044357806,0.03333333333333333,0.0,-0.0
1743666906.0991828,0.0,-94.0,270.0,,0.0488966669511246,0.019,-1.7185237044357806,0.03333333333333333,0.0,-0.0
1743666906.3001604,0.0,-94.0,270.0,,0.0488966669511246,0.028,-1.698659842159398,0.03333333333333333,0.0,-0.0
1743666906.5225658,0.0,-94.0,270.0,,0.0488966669511246,0.019,-1.6986616796345082,0.03333333333333333,0.0,-0.0
1743666906.7657657,0.0,-94.0,270.0,,0.05889666695112439,0.028,-1.7176584681541758,0.03333333333333333,0.0,-0.0
1743666907.04592,0.0,-94.0,270.0,,0.0488966669511246,0.019,-1.7185237044357806,0.03333333333333333,0.0,-0.0
1743666907.3437674,0.0,-94.0,270.0,,0.05889666695112439,0.028,-1.7176584681541758,0.03333333333333333,0.0,-0.0
1743666907.6421578,0.0,-94.0,270.0,,0.0488966669511246,0.019,-1.6986616796345082,0.03333333333333333,0.0,-0.0
1743666907.945477,0.0,-94.0,270.0,,0.0488966669511246,0.019,-1.7185237044357806,0.03333333333333333,0.0,-0.0
1743666908.2291803,0.0,-94.0,270.0,,0.0488966669511246,0.019,-1.7185237044357806,0.03333333333333333,0.0,-0.0
1743666908.5110765,0.0,-94.0,270.0,,0.0488966669511246,0.019,-1.7185237044357806,0.03333333333333333,0.0,-0.0
1743666908.8069923,0.0,-94.0,270.0,,0.0488966669511246,0.019,-1.6986616796345082,0.03333333333333333,0.0,-0.0
1743666909.0679908,0.0,-94.0,270.0,,0.0488966669511246,0.019,-1.7185237044357806,0.03333333333333333,0.0,-0.0
1743666909.2973485,0.0,-94.0,270.0,,0.0488966669511246,0.019,-1.7185237044357806,0.03333333333333333,0.0,-0.0
1743666909.516141,0.0,-94.0,270.0,,0.05889666695112439,0.009,-1.697809300048059,0.03333333333333333,0.0,-0.0
1743666909.7249246,0.0,-94.0,270.0,,0.0488966669511246,0.028,-1.718521845884402,0.03333333333333333,0.0,-0.0
1743666909.932276,0.0,-94.0,270.0,,0.0488966669511246,0.028,-1.7383812334748034,0.03333333333333333,0.0,-0.0
1743666910.136176,0.0,-94.0,270.0,,0.05889666695112439,0.019,-1.697808087420968,0.03333333333333333,0.0,-0.0
1743666910.3352358,0.0,-94.0,270.0,,0.0488966669511246,0.019,-1.7185237044357806,0.03333333333333333,0.0,-0.0
1743666910.5357535,0.0,-94.0,270.0,,0.05889666695112439,0.019,-1.697808087420968,0.03333333333333333,0.0,-0.0
1743666910.745338,0.0,-94.0,270.0,,0.0488966669511246,0.019,-1.6986616796345082,0.03333333333333333,0.0,-0.0
1743666910.948535,0.0,-94.0,270.0,,0.0488966669511246,0.019,-1.6986616796345082,0.03333333333333333,0.0,-0.0
1743666911.1517003,0.0,-94.0,270.0,,0.05889666695112439,0.019,-1.697808087420968,0.03333333333333333,0.0,-0.0
1743666911.3551252,0.0,-94.0,270.0,,0.0488966669511246,0.019,-1.6986616796345082,0.03333333333333333,0.0,-0.0
1743666911.5582573,0.0,-94.0,270.0,,0.0488966669511246,0.028,-1.7383812334748034,0.03333333333333333,0.0,-0.0
1743666911.7600248,0.0,-94.0,270.0,,0.0488966669511246,0.019,-1.7185237044357806,0.03333333333333333,0.0,-0.0
1743666911.9651892,0.0,-94.0,270.0,,0.0488966669511246,0.019,-1.7185237044357806,0.03333333333333333,0.0,-0.0
1743666912.1695871,0.0,-94.0,270.0,,0.0488966669511246,0.019,-1.7185237044357806,0.03333333333333333,0.0,-0.0
1743666912.3738527,0.0,-94.0,270.0,,0.0488966669511246,0.028,-1.718521845884402,0.03333333333333333,0.0,-0.0
1743666912.5754986,0.0,-94.0,270.0,,0.0488966669511246,0.028,-1.718521845884402,0.03333333333333333,0.0,-0.0
1743666912.7852576,0.0,-94.0,270.0,,0.0488966669511246,0.028,-1.7383812334748034,0.03333333333333333,0.0,-0.0
1743666913.0230637,0.0,-94.0,270.0,,0.0488966669511246,0.019,-1.6986616796345082,0.03333333333333333,0.0,-0.0
1743666913.2434149,0.0,-94.0,270.0,,0.05889666695112439,0.019,-1.697808087420968,0.03333333333333333,0.0,-0.0
1743666913.4568994,0.0,-94.0,270.0,,0.0488966669511246,0.019,-1.6787970678943602,0.03333333333333333,0.0,-0.0
1743666913.665149,0.0,-94.0,270.0,,0.0488966669511246,0.019,-1.7383831130855092,0.03333333333333333,0.0,-0.0
1743666913.871369,0.0,-94.0,270.0,,0.0488966669511246,0.019,-1.7185237044357806,0.03333333333333333,0.0,-0.0
1743666914.0772634,0.0,-94.0,270.0,,0.0488966669511246,0.019,-1.6986616796345082,0.03333333333333333,0.0,-0.0
1743666914.2842286,0.0,-94.0,270.0,,0.0488966669511246,0.019,-1.7185237044357806,0.03333333333333333,0.0,-0.0
1743666914.4864025,0.0,-94.0,270.0,,0.0488966669511246,0.019,-1.6986616796345082,0.03333333333333333,0.0,-0.0
1743666914.6940508,0.0,-94.0,270.0,,0.05889666695112439,0.019,-1.697808087420968,0.03333333333333333,0.0,-0.0
1743666914.9038053,0.0,-94.0,270.0,,0.0488966669511246,0.019,-1.6986616796345082,0.03333333333333333,0.0,-0.0
1743666915.104051,0.0,-94.0,270.0,,0.0488966669511246,0.019,-1.7185237044357806,0.03333333333333333,0.0,-0.0
1743666915.304701,0.0,-94.0,270.0,,0.0488966669511246,0.019,-1.7185237044357806,0.03333333333333333,0.0,-0.0
1743666915.5079513,0.0,-94.0,270.0,,0.0488966669511246,0.028,-1.718521845884402,0.03333333333333333,0.0,-0.0
1743666915.709831,0.0,-94.0,270.0,,0.0488966669511246,0.028,-1.718521845884402,0.03333333333333333,0.0,-0.0
1743666915.910001,0.0,-94.0,270.0,,0.0488966669511246,0.019,-1.6986616796345082,0.03333333333333333,0.0,-0.0
1743666916.113611,0.0,-94.0,270.0,,0.0488966669511246,0.028,-1.698659842159398,0.03333333333333333,0.0,-0.0
1743666916.3131933,0.0,-94.0,270.0,,0.05889666695112439,0.019,-1.7176603210909231,0.03333333333333333,0.0,-0.0
1743666916.5134907,0.0,-94.0,270.0,,0.05889666695112439,0.019,-1.697808087420968,0.03333333333333333,0.0,-0.0
1743666916.7147565,0.0,-94.0,270.0,,0.0488966669511246,0.019,-1.7185237044357806,0.03333333333333333,0.0,-0.0
1743666916.914545,0.0,-94.0,270.0,,0.0488966669511246,0.028,-1.718521845884402,0.03333333333333333,0.0,-0.0
1743666917.1299403,0.0,-94.0,270.0,,0.0488966669511246,0.019,-1.7185237044357806,0.03333333333333333,0.0,-0.0
1743666917.3369656,0.0,-94.0,270.0,,0.0488966669511246,0.019,-1.6986616796345082,0.03333333333333333,0.0,-0.0
1743666917.5413356,0.0,-94.0,270.0,,0.05889666695112439,0.028,-1.7176584681541758,0.03333333333333333,0.0,-0.0
1743666917.7489977,0.0,-94.0,270.0,,0.05889666695112439,0.019,-1.7375099464722905,0.03333333333333333,0.0,-0.0
1743666917.9522262,0.0,-94.0,270.0,,0.0488966669511246,0.009,-1.6986628959366712,0.03333333333333333,0.0,-0.0
1743666918.1510854,0.0,-94.0,270.0,,0.0488966669511246,0.028,-1.718521845884402,0.03333333333333333,0.0,-0.0
1743666918.3531287,0.0,-94.0,270.0,,0.0488966669511246,0.028,-1.698659842159398,0.03333333333333333,0.0,-0.0
1743666918.585292,0.0,-94.0,270.0,,0.0488966669511246,0.019,-1.6986616796345082,0.03333333333333333,0.0,-0.0
1743666918.8002565,0.0,-94.0,270.0,,0.0488966669511246,0.019,-1.6986616796345082,0.03333333333333333,0.0,-0.0
1743666919.0100908,0.0,-94.0,270.0,,0.0488966669511246,0.019,-1.6986616796345082,0.03333333333333333,0.0,-0.0
1743666919.214283,0.0,-94.0,270.0,,0.0488966669511246,0.019,-1.7185237044357806,0.03333333333333333,0.0,-0.0
1743666919.416062,0.0,-94.0,270.0,,0.05889666695112439,0.028,-1.697806255497793,0.03333333333333333,0.0,-0.0
1743666919.6191385,0.0,-94.0,270.0,,0.0488966669511246,0.028,-1.7383812334748034,0.03333333333333333,0.0,-0.0
1743666919.8212667,0.0,-94.0,270.0,,0.0488966669511246,0.019,-1.6986616796345082,0.03333333333333333,0.0,-0.0
1743666920.0260096,0.0,-94.0,270.0,,0.0488966669511246,0.019,-1.6986616796345082,0.03333333333333333,0.0,-0.0
1743666920.2336729,0.0,-94.0,270.0,,0.0488966669511246,0.028,-1.7383812334748034,0.03333333333333333,0.0,-0.0
1743666920.4352443,0.0,-94.0,270.0,,0.0488966669511246,0.009,-1.6787982702341613,0.03333333333333333,0.0,-0.0
1743666920.6368587,0.0,-94.0,270.0,,0.0488966669511246,0.019,-1.7185237044357806,0.03333333333333333,0.0,-0.0
1743666920.8422616,0.0,-94.0,270.0,,0.0488966669511246,0.019,-1.7185237044357806,0.03333333333333333,0.0,-0.0
1743666921.0437703,0.0,-94.0,270.0,,0.0488966669511246,0.019,-1.7185237044357806,0.03333333333333333,0.0,-0.0
1743666921.24323,0.0,-94.0,270.0,,0.0488966669511246,0.019,-1.7185237044357806,0.03333333333333333,0.0,-0.0
1743666921.4453204,0.0,-94.0,270.0,,0.05889666695112439,0.019,-1.697808087420968,0.03333333333333333,0.0,-0.0
1743666921.6455104,0.0,-94.0,270.0,,0.0488966669511246,0.019,-1.6986616796345082,0.03333333333333333,0.0,-0.0
1743666921.8483596,0.0,-94.0,270.0,,0.0488966669511246,0.019,-1.7185237044357806,0.03333333333333333,0.0,-0.0
1743666922.0525846,0.0,-94.0,270.0,,0.0488966669511246,0.028,-1.698659842159398,0.03333333333333333,0.0,-0.0
1743666922.2522905,0.0,-94.0,270.0,,0.0488966669511246,0.028,-1.698659842159398,0.03333333333333333,0.0,-0.0
1743666922.4543216,0.0,-94.0,270.0,,0.0488966669511246,0.019,-1.6986616796345082,0.03333333333333333,0.0,-0.0
1743666922.6590433,0.0,-94.0,270.0,,0.0488966669511246,0.019,-1.7185237044357806,0.03333333333333333,0.0,-0.0
1743666922.8661022,0.0,-94.0,270.0,,0.0488966669511246,0.019,-1.6986616796345082,0.03333333333333333,0.0,-0.0
1743666923.0724018,0.0,-94.0,270.0,,0.0488966669511246,0.019,-1.6986616796345082,0.03333333333333333,0.0,-0.0
1743666923.2865133,0.0,-94.0,270.0,,0.0488966669511246,0.028,-1.698659842159398,0.03333333333333333,0.0,-0.0
1743666923.499902,0.0,-94.0,270.0,,0.0488966669511246,0.019,-1.7185237044357806,0.03333333333333333,0.0,-0.0
1743666923.7157552,0.0,-94.0,270.0,,0.0488966669511246,0.019,-1.7185237044357806,0.03333333333333333,0.0,-0.0
1743666923.9289558,0.0,-94.0,270.0,,0.05889666695112439,0.019,-1.7176603210909231,0.03333333333333333,0.0,-0.0
1743666924.133135,0.0,-94.0,270.0,,0.0488966669511246,0.019,-1.6986616796345082,0.03333333333333333,0.0,-0.0
1743666924.3405373,0.0,-94.0,270.0,,0.0488966669511246,0.028,-1.698659842159398,0.03333333333333333,0.0,-0.0
1743666924.5440905,0.0,-94.0,270.0,,0.0488966669511246,0.019,-1.7185237044357806,0.03333333333333333,0.0,-0.0
1743666924.744102,0.0,-94.0,270.0,,0.0488966669511246,0.028,-1.6787952515122786,0.03333333333333333,0.0,-0.0
1743666924.950214,0.0,-94.0,270.0,,0.05889666695112439,0.019,-1.677953274589585,0.03333333333333333,0.0,-0.0
1743666925.1511197,0.0,-94.0,270.0,,0.0488966669511246,0.028,-1.718521845884402,0.03333333333333333,0.0,-0.0
1743666925.349654,0.0,-94.0,270.0,,0.0488966669511246,0.028,-1.718521845884402,0.03333333333333333,0.0,-0.0
1743666925.5524368,0.0,-94.0,270.0,,0.0488966669511246,0.019,-1.6787970678943602,0.03333333333333333,0.0,-0.0
1743666925.7528138,0.0,-94.0,270.0,,0.05889666695112439,0.028,-1.7176584681541758,0.03333333333333333,0.0,-0.0
1743666925.9534204,0.0,-94.0,270.0,,0.0488966669511246,0.038,-1.7383783007733138,0.03333333333333333,0.0,-0.0
1743666926.1572125,0.0,-94.0,270.0,,0.05889666695112439,0.019,-1.7176603210909231,0.03333333333333333,0.0,-0.0
1743666926.3600218,0.0,-94.0,270.0,,0.0488966669511246,0.009,-1.7185249346892109,0.03333333333333333,0.0,-0.0
1743666926.5627375,0.0,-94.0,270.0,,0.0488966669511246,0.0,-1.718525290584943,0.03333333333333333,0.0,-0.0
1743666926.8824015,0.0,-94.0,270.0,,0.0488966669511246,0.038,-1.7582350102246433,0.03333333333333333,0.0,-0.0
1743666927.1264596,0.0,-94.0,270.0,,0.0488966669511246,0.038,-1.7383783007733138,0.03333333333333333,0.0,-0.0
1743666927.3742845,0.0,-94.0,270.0,,0.05889666695112439,0.028,-1.697806255497793,0.03333333333333333,0.0,-0.0
1743666927.6123161,0.0,-94.0,270.0,,0.0488966669511246,0.028,-1.7383812334748034,0.03333333333333333,0.0,-0.0
1743666927.8491466,0.0,-94.0,270.0,,0.03889666695112304,0.068,-1.7591053818228692,0.03333333333333333,0.0,-0.0
1743666928.0752506,0.0,-94.0,270.0,,0.05889666695112439,0.0,-1.6600832912739851,0.03333333333333333,0.0,-0.0
1743666928.2873085,0.0,-94.0,270.0,,0.0488966669511246,0.028,-1.7383812334748034,0.03333333333333333,0.0,-0.0
1743666928.493368,0.0,-94.0,270.0,,0.0488966669511246,0.028,-1.698659842159398,0.03333333333333333,0.0,-0.0
1743666928.7020931,0.0,-94.0,270.0,,0.01989666695112291,0.028,-1.701144978026133,0.03333333333333333,0.0,-0.0
1743666928.9075897,0.0,-94.0,270.0,,0.03889666695112304,0.077,-1.6418506486242594,0.03333333333333333,0.0,-0.0
1743666929.1106453,0.0,-94.0,270.0,,0.0488966669511246,0.028,-1.7383812334748034,0.03333333333333333,0.0,-0.0
1743666929.31666,0.0,-94.0,270.0,,0.05889666695112439,0.009,-1.697809300048059,0.03333333333333333,0.0,-0.0
1743666929.5172374,0.0,-94.0,270.0,,0.05889666695112439,0.009,-1.697809300048059,0.03333333333333333,0.0,-0.0
1743666929.7183733,0.0,-94.0,270.0,,0.0488966669511246,0.028,-1.7383812334748034,0.03333333333333333,0.0,-0.0
1743666929.9232924,0.0,-94.0,270.0,,0.05889666695112439,0.0,-1.6978096508447231,0.03333333333333333,0.0,-0.0
1743666930.1221693,0.0,-94.0,270.0,,0.0488966669511246,0.028,-1.698659842159398,0.03333333333333333,0.0,-0.0
1743666930.3312063,0.0,-94.0,270.0,,0.0488966669511246,0.019,-1.6986616796345082,0.03333333333333333,0.0,-0.0
1743666930.5343335,0.0,-94.0,270.0,,0.0488966669511246,0.038,-1.7383783007733138,0.03333333333333333,0.0,-0.0
1743666930.7344532,0.0,-94.0,270.0,,0.0488966669511246,0.048,-1.7582311460904314,0.03333333333333333,0.0,-0.0
1743666930.9381611,0.0,-94.0,270.0,,0.07789666695112452,0.077,-1.6961670024425675,0.03333333333333333,0.0,-0.0
1743666931.1413605,0.0,-94.0,270.0,,0.03889666695112304,0.038,-1.7193840523493247,0.03333333333333333,0.0,-0.0
1743666931.3440328,0.0,-94.0,270.0,,0.0488966669511246,0.019,-1.6986616796345082,0.03333333333333333,0.0,-0.0
1743666931.5478208,0.0,-94.0,270.0,,0.0488966669511246,0.038,-1.7185189460411652,0.03333333333333333,0.0,-0.0
1743666931.7554266,0.0,-94.0,270.0,,0.06889666695112417,0.0,-1.6969577669084273,0.03333333333333333,0.0,-0.0
1743666931.967187,0.0,-94.0,270.0,,0.0488966669511246,0.019,-1.6787970678943602,0.03333333333333333,0.0,-0.0
1743666932.1837153,0.0,-94.0,270.0,,0.05889666695112439,0.009,-1.7375111869077546,0.03333333333333333,0.0,-0.0
1743666932.3913116,0.0,-94.0,270.0,,0.05889666695112439,0.0,-1.6978096508447231,0.03333333333333333,0.0,-0.0
1743666932.6119766,0.0,-94.0,270.0,,0.05889666695112439,0.009,-1.717661547627779,0.03333333333333333,0.0,-0.0
1743666932.8335602,0.0,-94.0,270.0,,0.0488966669511246,0.028,-1.718521845884402,0.03333333333333333,0.0,-0.0
1743666933.043076,0.0,-94.0,270.0,,0.0488966669511246,0.028,-1.698659842159398,0.03333333333333333,0.0,-0.0
1743666933.2523725,0.0,-94.0,270.0,,0.0488966669511246,0.028,-1.698659842159398,0.03333333333333333,0.0,-0.0
1743666933.4680738,0.0,-94.0,270.0,,0.05889666695112439,0.028,-1.697806255497793,0.03333333333333333,0.0,-0.0
1743666933.675901,0.0,-94.0,270.0,,0.03889666695112304,0.038,-1.759119713199544,0.03333333333333333,0.0,-0.0
1743666933.900065,0.0,-94.0,270.0,,0.0488966669511246,0.028,-1.6787952515122786,0.03333333333333333,0.0,-0.0
1743666934.1194518,0.0,-94.0,270.0,,0.05889666695112439,0.028,-1.697806255497793,0.03333333333333333,0.0,-0.0
1743666934.3331249,0.0,-94.0,270.0,,0.0488966669511246,0.019,-1.7185237044357806,0.03333333333333333,0.0,-0.0
1743666934.5445518,0.0,-94.0,270.0,,0.0488966669511246,0.028,-1.7383812334748034,0.03333333333333333,0.0,-0.0
1743666934.7515547,0.0,-94.0,270.0,,0.0488966669511246,0.028,-1.698659842159398,0.03333333333333333,0.0,-0.0
1743666934.9576473,0.0,-94.0,270.0,,0.0488966669511246,0.028,-1.698659842159398,0.03333333333333333,0.0,-0.0
1743666935.164356,0.0,-94.0,270.0,,0.0488966669511246,0.019,-1.6986616796345082,0.03333333333333333,0.0,-0.0
1743666935.366823,0.0,-94.0,270.0,,0.0488966669511246,0.019,-1.7185237044357806,0.03333333333333333,0.0,-0.0
1743666935.56764,0.0,-94.0,270.0,,0.0488966669511246,0.009,-1.6986628959366712,0.03333333333333333,0.0,-0.0
1743666935.773203,0.0,-94.0,270.0,,0.05889666695112439,0.019,-1.7176603210909231,0.03333333333333333,0.0,-0.0
1743666935.9782505,0.0,-94.0,270.0,,0.0488966669511246,0.019,-1.7185237044357806,0.03333333333333333,0.0,-0.0
1743666936.1771781,0.0,-94.0,270.0,,0.0488966669511246,0.009,-1.6986628959366712,0.03333333333333333,0.0,-0.0
1743666936.3809454,0.0,-94.0,270.0,,0.05889666695112439,0.009,-1.697809300048059,0.03333333333333333,0.0,-0.0
1743666936.5881166,0.0,-94.0,270.0,,0.0488966669511246,0.009,-1.6986628959366712,0.03333333333333333,0.0,-0.0
1743666936.7879028,0.0,-94.0,270.0,,0.0488966669511246,0.019,-1.7383831130855092,0.03333333333333333,0.0,-0.0
1743666936.9911675,0.0,-94.0,270.0,,0.0488966669511246,0.019,-1.7185237044357806,0.03333333333333333,0.0,-0.0
1743666937.1938632,0.0,-94.0,270.0,,0.0488966669511246,0.028,-1.698659842159398,0.03333333333333333,0.0,-0.0
1743666937.3941555,0.0,-94.0,270.0,,0.0488966669511246,0.028,-1.718521845884402,0.03333333333333333,0.0,-0.0
1743666937.5962312,0.0,-94.0,270.0,,0.05889666695112439,0.019,-1.697808087420968,0.03333333333333333,0.0,-0.0
1743666937.7996361,0.0,-94.0,270.0,,0.0488966669511246,0.028,-1.7383812334748034,0.03333333333333333,0.0,-0.0
1743666938.0008078,0.0,-94.0,270.0,,0.0488966669511246,0.019,-1.6986616796345082,0.03333333333333333,0.0,-0.0
1743666938.20409,0.0,-94.0,270.0,,0.0488966669511246,0.028,-1.718521845884402,0.03333333333333333,0.0,-0.0
1743666938.407049,0.0,-94.0,270.0,,0.0488966669511246,0.028,-1.698659842159398,0.03333333333333333,0.0,-0.0
1743666938.6128032,0.0,-94.0,270.0,,0.0488966669511246,0.019,-1.6986616796345082,0.03333333333333333,0.0,-0.0
1743666938.858602,0.0,-94.0,270.0,,0.0488966669511246,0.028,-1.718521845884402,0.03333333333333333,0.0,-0.0
1743666939.1270416,0.0,-94.0,270.0,,0.0488966669511246,0.019,-1.6986616796345082,0.03333333333333333,0.0,-0.0
1743666939.4210134,0.0,-94.0,270.0,,0.05889666695112439,0.028,-1.697806255497793,0.03333333333333333,0.0,-0.0
1743666939.701202,0.0,-94.0,270.0,,0.0488966669511246,0.028,-1.698659842159398,0.03333333333333333,0.0,-0.0
1743666939.9964533,0.0,-94.0,270.0,,0.0488966669511246,0.019,-1.7185237044357806,0.03333333333333333,0.0,-0.0
1743666940.2740653,0.0,-94.0,270.0,,0.0488966669511246,0.019,-1.6986616796345082,0.03333333333333333,0.0,-0.0
1743666940.5538013,0.0,-94.0,270.0,,0.05889666695112439,0.009,-1.6779544732958693,0.03333333333333333,0.0,-0.0
1743666940.8383517,0.0,-94.0,270.0,,0.0488966669511246,0.038,-1.7185189460411652,0.03333333333333333,0.0,-0.0
1743666941.1259022,0.0,-94.0,270.0,,0.0488966669511246,0.019,-1.7383831130855092,0.03333333333333333,0.0,-0.0
1743666941.3719695,0.0,-94.0,270.0,,0.0488966669511246,0.028,-1.698659842159398,0.03333333333333333,0.0,-0.0
1743666941.5956743,0.0,-94.0,270.0,,0.0488966669511246,0.019,-1.7185237044357806,0.03333333333333333,0.0,-0.0
1743666941.811889,0.0,-94.0,270.0,,0.05889666695112439,0.009,-1.697809300048059,0.03333333333333333,0.0,-0.0
1743666942.021002,0.0,-94.0,270.0,,0.0488966669511246,0.019,-1.6986616796345082,0.03333333333333333,0.0,-0.0
1743666942.2250495,0.0,-94.0,270.0,,0.0488966669511246,0.028,-1.718521845884402,0.03333333333333333,0.0,-0.0
1743666942.4324298,0.0,-94.0,270.0,,0.0488966669511246,0.019,-1.7185237044357806,0.03333333333333333,0.0,-0.0
1743666942.6342118,0.0,-94.0,270.0,,0.0488966669511246,0.019,-1.6986616796345082,0.03333333333333333,0.0,-0.0
1743666942.835275,0.0,-94.0,270.0,,0.05889666695112439,0.019,-1.697808087420968,0.03333333333333333,0.0,-0.0
1743666943.038288,0.0,-94.0,270.0,,0.0488966669511246,0.019,-1.6986616796345082,0.03333333333333333,0.0,-0.0
1743666943.239295,0.0,-94.0,270.0,,0.05889666695112439,0.028,-1.697806255497793,0.03333333333333333,0.0,-0.0
1743666943.4387863,0.0,-94.0,270.0,,0.0488966669511246,0.028,-1.718521845884402,0.03333333333333333,0.0,-0.0
1743666943.6435792,0.0,-94.0,270.0,,0.0488966669511246,0.028,-1.718521845884402,0.03333333333333333,0.0,-0.0
1743666943.8494775,0.0,-94.0,270.0,,0.05889666695112439,0.019,-1.697808087420968,0.03333333333333333,0.0,-0.0
1743666944.0540776,0.0,-94.0,270.0,,0.0488966669511246,0.028,-1.6787952515122786,0.03333333333333333,0.0,-0.0
1743666944.2583704,0.0,-94.0,270.0,,0.0488966669511246,0.028,-1.698659842159398,0.03333333333333333,0.0,-0.0
1743666944.4581313,0.0,-94.0,270.0,,0.0488966669511246,0.028,-1.718521845884402,0.03333333333333333,0.0,-0.0
1743666944.6589055,0.0,-94.0,270.0,,0.0488966669511246,0.028,-1.698659842159398,0.03333333333333333,0.0,-0.0
1743666944.8656464,0.0,-94.0,270.0,,0.0488966669511246,0.028,-1.698659842159398,0.03333333333333333,0.0,-0.0
1743666945.0688496,0.0,-94.0,270.0,,0.0488966669511246,0.028,-1.698659842159398,0.03333333333333333,0.0,-0.0
1743666945.2691243,0.0,-94.0,270.0,,0.05889666695112439,0.019,-1.7176603210909231,0.03333333333333333,0.0,-0.0
1743666945.4760032,0.0,-94.0,270.0,,0.0488966669511246,0.009,-1.6986628959366712,0.03333333333333333,0.0,-0.0
1743666945.6764212,0.0,-94.0,270.0,,0.05889666695112439,0.038,-1.7176555770712363,0.03333333333333333,0.0,-0.0
1743666945.8781078,0.0,-94.0,270.0,,0.0488966669511246,0.019,-1.6787970678943602,0.03333333333333333,0.0,-0.0
1743666946.0827858,0.0,-94.0,270.0,,0.05889666695112439,0.019,-1.7176603210909231,0.03333333333333333,0.0,-0.0
1743666946.2834141,0.0,-94.0,270.0,,0.05889666695112439,0.019,-1.7176603210909231,0.03333333333333333,0.0,-0.0
1743666946.4827926,0.0,-94.0,270.0,,0.05889666695112439,0.028,-1.7176584681541758,0.03333333333333333,0.0,-0.0
1743666946.6900618,0.0,-94.0,270.0,,0.05889666695112439,0.019,-1.7176603210909231,0.03333333333333333,0.0,-0.0
1743666946.901987,0.0,-94.0,270.0,,0.0488966669511246,0.038,-1.7185189460411652,0.03333333333333333,0.0,-0.0
1743666947.118875,0.0,-94.0,270.0,,0.0488966669511246,0.019,-1.7185237044357806,0.03333333333333333,0.0,-0.0
1743666947.345645,0.0,-94.0,270.0,,0.0488966669511246,0.019,-1.6986616796345082,0.03333333333333333,0.0,-0.0
1743666947.5644302,0.0,-94.0,270.0,,0.0488966669511246,0.019,-1.6787970678943602,0.03333333333333333,0.0,-0.0
1743666947.7867544,0.0,-94.0,270.0,,0.03889666695112304,0.028,-1.6995151469473986,0.03333333333333333,0.0,-0.0
1743666948.0047152,0.0,-94.0,270.0,,0.05889666695112439,0.028,-1.7176584681541758,0.03333333333333333,0.0,-0.0
1743666948.2349467,0.0,-94.0,270.0,,0.0488966669511246,0.019,-1.7185237044357806,0.03333333333333333,0.0,-0.0
1743666948.6573632,0.0,-94.0,270.0,,0.05889666695112439,0.019,-1.697808087420968,0.03333333333333333,0.0,-0.0
1743666949.0652509,0.0,-94.0,270.0,,0.05889666695112439,0.028,-1.7176584681541758,0.03333333333333333,0.0,-0.0
1743666949.4054568,0.0,-94.0,270.0,,0.0488966669511246,0.019,-1.7185237044357806,0.03333333333333333,0.0,-0.0
1743666949.719605,0.0,-94.0,270.0,,0.0488966669511246,0.019,-1.6787970678943602,0.03333333333333333,0.0,-0.0
1743666950.0763342,0.0,-94.0,270.0,,0.0488966669511246,0.019,-1.7185237044357806,0.03333333333333333,0.0,-0.0
1743666950.3582335,0.0,-94.0,270.0,,0.0488966669511246,0.019,-1.7383831130855092,0.03333333333333333,0.0,-0.0
1743666950.7081099,0.0,-94.0,270.0,,0.0488966669511246,0.028,-1.718521845884402,0.03333333333333333,0.0,-0.0
1743666951.0075476,0.0,-94.0,270.0,,0.0488966669511246,0.019,-1.7185237044357806,0.03333333333333333,0.0,-0.0
1743666951.2854981,0.0,-94.0,270.0,,0.0488966669511246,0.019,-1.6787970678943602,0.03333333333333333,0.0,-0.0
1743666951.529945,0.0,-94.0,270.0,,0.05889666695112439,0.019,-1.697808087420968,0.03333333333333333,0.0,-0.0
1743666951.7981582,0.0,-94.0,270.0,,0.0488966669511246,0.038,-1.6787924174645679,0.03333333333333333,0.0,-0.0
1743666952.0780556,0.0,-94.0,270.0,,0.0488966669511246,0.028,-1.698659842159398,0.03333333333333333,0.0,-0.0
1743666952.3394306,0.0,-94.0,270.0,,0.05889666695112439,0.019,-1.677953274589585,0.03333333333333333,0.0,-0.0
1743666952.5995843,0.0,-94.0,270.0,,0.05889666695112439,-0.029,-1.5428725290101961,0.03333333333333333,0.0,-0.0
1743666952.8295815,0.0,-94.0,270.0,,0.0488966669511246,0.038,-1.776103762936737,0.03333333333333333,0.0,-0.0
1743666953.0639129,0.0,-94.0,270.0,,0.05889666695112439,0.0,-1.542875844226777,0.03333333333333333,0.0,-0.0
1743666953.351206,0.0,-94.0,270.0,,0.07789666695112452,0.019,-1.6188153767802804,0.03333333333333333,0.0,-0.0
1743666953.6591947,0.0,-94.0,270.0,,0.0488966669511246,0.048,-1.6410391244260394,0.03333333333333333,0.0,-0.0
1743666953.9661336,0.0,-94.0,270.0,,0.02889666695112325,0.058,-1.7003608998647266,0.03333333333333333,0.0,-0.0
1743666954.234222,0.0,-94.0,270.0,,0.03889666695112304,0.068,-1.6418561448086642,0.03333333333333333,0.0,-0.0
1743666954.4789941,0.0,-94.0,270.0,,0.0488966669511246,0.009,-1.6986628959366712,0.03333333333333333,0.0,-0.0
1743666954.7381647,0.0,-94.0,270.0,,0.05889666695112439,0.028,-1.6600799700116877,0.03333333333333333,0.0,-0.0
1743666954.9807134,0.0,-94.0,270.0,,0.0488966669511246,0.019,-1.75823987641057,0.03333333333333333,0.0,-0.0
1743666955.2029476,0.0,-94.0,270.0,,0.0488966669511246,0.019,-1.7185237044357806,0.03333333333333333,0.0,-0.0
1743666955.4143467,0.0,-94.0,270.0,,0.0488966669511246,0.028,-1.718521845884402,0.03333333333333333,0.0,-0.0
1743666955.6197722,0.0,-94.0,270.0,,0.0488966669511246,0.019,-1.7185237044357806,0.03333333333333333,0.0,-0.0
1743666955.825078,0.0,-94.0,270.0,,0.0488966669511246,0.028,-1.718521845884402,0.03333333333333333,0.0,-0.0
1743666956.0391834,0.0,-94.0,270.0,,0.0488966669511246,0.038,-1.6986569752008522,0.03333333333333333,0.0,-0.0
1743666956.2787,0.0,-94.0,270.0,,0.0488966669511246,0.009,-1.6986628959366712,0.03333333333333333,0.0,-0.0
1743666956.5162458,0.0,-94.0,270.0,,0.0488966669511246,0.038,-1.7185189460411652,0.03333333333333333,0.0,-0.0
1743666956.760512,0.0,-94.0,270.0,,0.05889666695112439,0.009,-1.6779544732958693,0.03333333333333333,0.0,-0.0
1743666957.0174181,0.0,-94.0,270.0,,0.01989666695112291,0.077,-1.58371783397605,0.03333333333333333,0.0,-0.0
1743666957.2810905,0.0,-94.0,270.0,,0.05889666695112439,0.0,-1.6978096508447231,0.03333333333333333,0.0,-0.0
1743666957.5224435,0.0,-94.0,270.0,,0.0488966669511246,0.028,-1.6787952515122786,0.03333333333333333,0.0,-0.0
1743666957.7639306,0.0,-94.0,270.0,,0.0488966669511246,0.009,-1.6410484591491665,0.03333333333333333,0.0,-0.0
1743666958.0253336,0.0,-94.0,270.0,,0.0488966669511246,0.0,-1.7582414984905617,0.03333333333333333,0.0,-0.0
1743666958.2598534,0.0,-94.0,270.0,,0.0488966669511246,0.068,-1.698643162081518,0.03333333333333333,0.0,-0.0
1743666958.4905457,0.0,-94.0,270.0,,0.0488966669511246,0.038,-1.6986569752008522,0.03333333333333333,0.0,-0.0
1743666958.7151499,0.0,-94.0,270.0,,0.0488966669511246,0.028,-1.698659842159398,0.03333333333333333,0.0,-0.0
1743666958.9384384,0.0,-94.0,270.0,,0.0488966669511246,0.038,-1.7582350102246433,0.03333333333333333,0.0,-0.0
1743666959.1596138,0.0,-94.0,270.0,,0.0488966669511246,0.068,-1.77608933262737,0.03333333333333333,0.0,-0.0
1743666959.3872006,0.0,-94.0,270.0,,0.0488966669511246,0.097,-1.7184839525281097,0.03333333333333333,0.0,-0.0
1743666959.6125343,0.0,-94.0,270.0,,0.05889666695112439,0.009,-1.7573581888000605,0.03333333333333333,0.0,-0.0
1743666959.8425128,0.0,-94.0,270.0,,0.0488966669511246,0.0,-1.6986632477964876,0.03333333333333333,0.0,-0.0
1743666960.075426,0.0,-94.0,270.0,,0.0488966669511246,0.028,-1.6787952515122786,0.03333333333333333,0.0,-0.0
1743666960.2972002,0.0,-94.0,270.0,,0.0488966669511246,0.038,-1.6986569752008522,0.03333333333333333,0.0,-0.0
1743666960.5273733,0.0,-94.0,270.0,,0.0488966669511246,0.019,-1.6986616796345082,0.03333333333333333,0.0,-0.0
1743666960.7421062,0.0,-94.0,270.0,,0.0488966669511246,0.019,-1.6986616796345082,0.03333333333333333,0.0,-0.0
1743666960.952214,0.0,-94.0,270.0,,0.0488966669511246,0.028,-1.6787952515122786,0.03333333333333333,0.0,-0.0
1743666961.1665492,0.0,-94.0,270.0,,0.03889666695112304,0.038,-1.6796378955290865,0.03333333333333333,0.0,-0.0
1743666961.38934,0.0,-94.0,270.0,,0.0488966669511246,0.019,-1.7761086775711423,0.03333333333333333,0.0,-0.0
1743666961.6153896,0.0,-94.0,270.0,,0.05889666695112439,0.019,-1.5806283808480952,0.03333333333333333,0.0,-0.0
1743666961.89219,0.0,-94.0,270.0,,0.03889666695112304,0.068,-1.7769827998723315,0.03333333333333333,0.0,-0.0
1743666962.2620971,0.0,-94.0,270.0,,0.0488966669511246,0.019,-1.7185237044357806,0.03333333333333333,0.0,-0.0
1743666962.7023704,0.0,-94.0,270.0,,0.0488966669511246,0.038,-1.6609121278812777,0.03333333333333333,0.0,-0.0
1743666963.1582,0.0,-94.0,270.0,,0.0488966669511246,0.019,-1.7185237044357806,0.03333333333333333,0.0,-0.0
1743666963.6108627,0.0,-94.0,270.0,,0.05889666695112439,0.019,-1.7176603210909231,0.03333333333333333,0.0,-0.0
1743666964.0959756,0.0,-94.0,270.0,,0.0488966669511246,0.038,-1.7185189460411652,0.03333333333333333,0.0,-0.0
1743666964.5839736,0.0,-94.0,270.0,,0.0488966669511246,0.019,-1.7185237044357806,0.03333333333333333,0.0,-0.0
1743666965.0407472,0.0,-94.0,270.0,,0.0488966669511246,0.028,-1.698659842159398,0.03333333333333333,0.0,-0.0
1743666965.4685688,0.0,-94.0,270.0,,0.0488966669511246,0.038,-1.6986569752008522,0.03333333333333333,0.0,-0.0
1743666965.903262,0.0,-94.0,270.0,,0.0488966669511246,0.028,-1.718521845884402,0.03333333333333333,0.0,-0.0
1743666966.2983143,0.0,-94.0,270.0,,0.0488966669511246,0.038,-1.7185189460411652,0.03333333333333333,0.0,-0.0
1743666966.5784569,0.0,-94.0,270.0,,0.0488966669511246,0.028,-1.718521845884402,0.03333333333333333,0.0,-0.0
1743666966.8460672,0.0,-94.0,270.0,,0.0488966669511246,0.019,-1.7185237044357806,0.03333333333333333,0.0,-0.0
1743666967.1877997,0.0,-94.0,270.0,,0.0488966669511246,0.028,-1.718521845884402,0.03333333333333333,0.0,-0.0
1743666967.4443085,0.0,-94.0,270.0,,0.0488966669511246,0.028,-1.698659842159398,0.03333333333333333,0.0,-0.0
1743666967.70168,0.0,-94.0,270.0,,0.05889666695112439,0.019,-1.697808087420968,0.03333333333333333,0.0,-0.0
1743666967.9676788,0.0,-94.0,270.0,,0.0488966669511246,0.019,-1.7383831130855092,0.03333333333333333,0.0,-0.0
1743666968.2066905,0.0,-94.0,270.0,,0.0488966669511246,0.038,-1.6986569752008522,0.03333333333333333,0.0,-0.0
1743666968.4273283,0.0,-94.0,270.0,,0.05889666695112439,0.038,-1.7176555770712363,0.03333333333333333,0.0,-0.0
1743666968.6431086,0.0,-94.0,270.0,,0.0488966669511246,0.019,-1.6986616796345082,0.03333333333333333,0.0,-0.0
1743666968.8591075,0.0,-94.0,270.0,,0.0488966669511246,0.028,-1.698659842159398,0.03333333333333333,0.0,-0.0
1743666969.078821,0.0,-94.0,270.0,,0.05889666695112439,0.019,-1.697808087420968,0.03333333333333333,0.0,-0.0
1743666969.2923188,0.0,-94.0,270.0,,0.0488966669511246,0.019,-1.6787970678943602,0.03333333333333333,0.0,-0.0
1743666969.5100715,0.0,-94.0,270.0,,0.05889666695112439,0.019,-1.697808087420968,0.03333333333333333,0.0,-0.0
1743666969.742989,0.0,-94.0,270.0,,0.0488966669511246,0.028,-1.718521845884402,0.03333333333333333,0.0,-0.0
1743666969.9806218,0.0,-94.0,270.0,,0.05889666695112439,0.028,-1.7176584681541758,0.03333333333333333,0.0,-0.0
1743666970.2288537,0.0,-94.0,270.0,,0.0488966669511246,0.019,-1.7185237044357806,0.03333333333333333,0.0,-0.0
1743666970.4570065,0.0,-94.0,270.0,,0.0488966669511246,0.028,-1.698659842159398,0.03333333333333333,0.0,-0.0
1743666970.680273,0.0,-94.0,270.0,,0.05889666695112439,0.019,-1.7176603210909231,0.03333333333333333,0.0,-0.0
1743666970.923992,0.0,-94.0,270.0,,0.0488966669511246,0.009,-1.6787982702341613,0.03333333333333333,0.0,-0.0
1743666971.1456559,0.0,-94.0,270.0,,0.0488966669511246,0.019,-1.6986616796345082,0.03333333333333333,0.0,-0.0
1743666971.3664932,0.0,-94.0,270.0,,0.0488966669511246,0.009,-1.6986628959366712,0.03333333333333333,0.0,-0.0
1743666971.580711,0.0,-94.0,270.0,,0.05889666695112439,0.009,-1.697809300048059,0.03333333333333333,0.0,-0.0
1743666971.7896545,0.0,-94.0,270.0,,0.0488966669511246,0.019,-1.7383831130855092,0.03333333333333333,0.0,-0.0
1743666971.9966285,0.0,-94.0,270.0,,0.0488966669511246,0.019,-1.6787970678943602,0.03333333333333333,0.0,-0.0
1743666972.2054045,0.0,-94.0,270.0,,0.05889666695112439,0.019,-1.7176603210909231,0.03333333333333333,0.0,-0.0
1743666972.4130716,0.0,-94.0,270.0,,0.0488966669511246,0.019,-1.6986616796345082,0.03333333333333333,0.0,-0.0
1743666972.620296,0.0,-94.0,270.0,,0.0488966669511246,0.019,-1.7185237044357806,0.03333333333333333,0.0,-0.0
1743666972.828435,0.0,-94.0,270.0,,0.05889666695112439,0.019,-1.7176603210909231,0.03333333333333333,0.0,-0.0
1743666973.0381653,0.0,-94.0,270.0,,0.0488966669511246,0.028,-1.698659842159398,0.03333333333333333,0.0,-0.0
1743666973.259886,0.0,-94.0,270.0,,0.05889666695112439,0.009,-1.6600829481315107,0.03333333333333333,0.0,-0.0
1743666973.502273,0.0,-94.0,270.0,,0.05889666695112439,0.019,-1.697808087420968,0.03333333333333333,0.0,-0.0
1743666973.7373335,0.0,-94.0,270.0,,0.0488966669511246,0.019,-1.6787970678943602,0.03333333333333333,0.0,-0.0
1743666973.980847,0.0,-94.0,270.0,,0.0488966669511246,0.028,-1.718521845884402,0.03333333333333333,0.0,-0.0
1743666974.2410583,0.0,-94.0,270.0,,0.0488966669511246,0.028,-1.718521845884402,0.03333333333333333,0.0,-0.0
1743666974.4933026,0.0,-94.0,270.0,,0.05889666695112439,0.028,-1.7176584681541758,0.03333333333333333,0.0,-0.0
1743666974.7217546,0.0,-94.0,270.0,,0.0488966669511246,0.028,-1.718521845884402,0.03333333333333333,0.0,-0.0
1743666974.9491231,0.0,-94.0,270.0,,0.05889666695112439,0.009,-1.6779544732958693,0.03333333333333333,0.0,-0.0
1743666975.1658096,0.0,-94.0,270.0,,0.0488966669511246,0.028,-1.698659842159398,0.03333333333333333,0.0,-0.0
1743666975.375969,0.0,-94.0,270.0,,0.0488966669511246,0.028,-1.698659842159398,0.03333333333333333,0.0,-0.0
1743666975.5845513,0.0,-94.0,270.0,,0.0488966669511246,0.028,-1.758237975757666,0.03333333333333333,0.0,-0.0
1743666975.8094656,0.0,-94.0,270.0,,0.03889666695112304,0.068,-1.60209051493069,0.03333333333333333,0.0,-0.0
1743666976.0325618,0.0,-94.0,270.0,,0.03889666695112304,0.087,-1.6994855857286217,0.03333333333333333,0.0,-0.0
1743666976.258869,0.0,-94.0,270.0,,0.0488966669511246,0.048,-1.7383744794190896,0.03333333333333333,0.0,-0.0
1743666976.4831665,0.0,-94.0,270.0,,0.0488966669511246,0.019,-1.7185237044357806,0.03333333333333333,0.0,-0.0
1743666976.6983383,0.0,-94.0,270.0,,0.0488966669511246,0.019,-1.6986616796345082,0.03333333333333333,0.0,-0.0
1743666976.9144933,0.0,-94.0,270.0,,0.0488966669511246,0.028,-1.718521845884402,0.03333333333333333,0.0,-0.0
1743666977.1349492,0.0,-94.0,270.0,,0.0488966669511246,0.028,-1.6787952515122786,0.03333333333333333,0.0,-0.0
1743666977.3492944,0.0,-94.0,270.0,,0.0488966669511246,0.028,-1.718521845884402,0.03333333333333333,0.0,-0.0
1743666977.5584922,0.0,-94.0,270.0,,0.0488966669511246,0.028,-1.718521845884402,0.03333333333333333,0.0,-0.0
1743666977.7669785,0.0,-94.0,270.0,,0.0488966669511246,0.038,-1.7185189460411652,0.03333333333333333,0.0,-0.0
1743666977.976618,0.0,-94.0,270.0,,0.0488966669511246,0.028,-1.718521845884402,0.03333333333333333,0.0,-0.0
1743666978.1854439,0.0,-94.0,270.0,,0.0488966669511246,0.028,-1.698659842159398,0.03333333333333333,0.0,-0.0
1743666978.392048,0.0,-94.0,270.0,,0.0488966669511246,0.019,-1.7185237044357806,0.03333333333333333,0.0,-0.0
1743666978.6321318,0.0,-94.0,270.0,,0.05889666695112439,0.019,-1.697808087420968,0.03333333333333333,0.0,-0.0
1743666978.8580854,0.0,-94.0,270.0,,0.0488966669511246,0.028,-1.718521845884402,0.03333333333333333,0.0,-0.0
1743666979.0746102,0.0,-94.0,270.0,,0.0488966669511246,0.028,-1.6787952515122786,0.03333333333333333,0.0,-0.0
1743666979.2878897,0.0,-94.0,270.0,,0.0488966669511246,0.019,-1.7383831130855092,0.03333333333333333,0.0,-0.0
1743666979.4971652,0.0,-94.0,270.0,,0.0488966669511246,0.048,-1.7185151675017492,0.03333333333333333,0.0,-0.0
1743666979.7065983,0.0,-94.0,270.0,,0.0488966669511246,0.028,-1.7383812334748034,0.03333333333333333,0.0,-0.0
1743666979.9160242,0.0,-94.0,270.0,,0.0488966669511246,0.019,-1.6986616796345082,0.03333333333333333,0.0,-0.0
1743666980.1237185,0.0,-94.0,270.0,,0.0488966669511246,0.019,-1.7185237044357806,0.03333333333333333,0.0,-0.0
1743666980.330909,0.0,-94.0,270.0,,0.0488966669511246,0.028,-1.718521845884402,0.03333333333333333,0.0,-0.0
1743666980.5380406,0.0,-94.0,270.0,,0.0488966669511246,0.028,-1.698659842159398,0.03333333333333333,0.0,-0.0
1743666980.7440352,0.0,-94.0,270.0,,0.0488966669511246,0.028,-1.698659842159398,0.03333333333333333,0.0,-0.0
1743666980.9757483,0.0,-94.0,270.0,,0.0488966669511246,0.019,-1.7185237044357806,0.03333333333333333,0.0,-0.0
1743666981.2160225,0.0,-94.0,270.0,,0.05889666695112439,0.019,-1.697808087420968,0.03333333333333333,0.0,-0.0
1743666981.440121,0.0,-94.0,270.0,,0.0488966669511246,0.028,-1.718521845884402,0.03333333333333333,0.0,-0.0
1743666981.654363,0.0,-94.0,270.0,,0.0488966669511246,0.019,-1.6986616796345082,0.03333333333333333,0.0,-0.0
1743666981.8629618,0.0,-94.0,270.0,,0.0488966669511246,0.028,-1.7383812334748034,0.03333333333333333,0.0,-0.0
1743666982.0707111,0.0,-94.0,270.0,,0.0488966669511246,0.019,-1.7185237044357806,0.03333333333333333,0.0,-0.0
1743666982.278177,0.0,-94.0,270.0,,0.0488966669511246,0.038,-1.7185189460411652,0.03333333333333333,0.0,-0.0
1743666982.4858577,0.0,-94.0,270.0,,0.0488966669511246,0.019,-1.75823987641057,0.03333333333333333,0.0,-0.0
1743666982.6900792,0.0,-94.0,270.0,,0.05889666695112439,0.019,-1.7375099464722905,0.03333333333333333,0.0,-0.0
1743666982.8982227,0.0,-94.0,270.0,,0.0488966669511246,0.019,-1.7185237044357806,0.03333333333333333,0.0,-0.0
1743666983.1148086,0.0,-94.0,270.0,,0.0488966669511246,0.019,-1.6787970678943602,0.03333333333333333,0.0,-0.0
1743666983.3594773,0.0,-94.0,270.0,,0.0488966669511246,0.019,-1.6787970678943602,0.03333333333333333,0.0,-0.0
1743666983.5973067,0.0,-94.0,270.0,,0.05889666695112439,0.019,-1.697808087420968,0.03333333333333333,0.0,-0.0
1743666983.8202407,0.0,-94.0,270.0,,0.0488966669511246,0.019,-1.7383831130855092,0.03333333333333333,0.0,-0.0
1743666984.0350275,0.0,-94.0,270.0,,0.0488966669511246,0.038,-1.7185189460411652,0.03333333333333333,0.0,-0.0
1743666984.2461407,0.0,-94.0,270.0,,0.0488966669511246,0.028,-1.7761067579950516,0.03333333333333333,0.0,-0.0
1743666984.4615033,0.0,-94.0,270.0,,0.0488966669511246,0.009,-1.6787982702341613,0.03333333333333333,0.0,-0.0
1743666984.6735458,0.0,-94.0,270.0,,0.05889666695112439,0.009,-1.697809300048059,0.03333333333333333,0.0,-0.0
1743666984.8860283,0.0,-94.0,270.0,,0.0488966669511246,0.048,-1.7383744794190896,0.03333333333333333,0.0,-0.0
1743666985.0939872,0.0,-94.0,270.0,,0.0488966669511246,0.038,-1.6986569752008522,0.03333333333333333,0.0,-0.0
1743666985.30143,0.0,-94.0,270.0,,0.05889666695112439,0.019,-1.6600817619632886,0.03333333333333333,0.0,-0.0
1743666985.5074856,0.0,-94.0,270.0,,0.05889666695112439,0.019,-1.677953274589585,0.03333333333333333,0.0,-0.0
1743666985.7137086,0.0,-94.0,270.0,,0.0488966669511246,0.019,-1.7185237044357806,0.03333333333333333,0.0,-0.0
1743666985.9393127,0.0,-94.0,270.0,,0.0488966669511246,0.019,-1.7185237044357806,0.03333333333333333,0.0,-0.0
1743666986.1924405,0.0,-94.0,270.0,,0.0488966669511246,0.038,-1.7383783007733138,0.03333333333333333,0.0,-0.0
1743666986.415251,0.0,-94.0,270.0,,0.0488966669511246,0.028,-1.718521845884402,0.03333333333333333,0.0,-0.0
1743666986.630886,0.0,-94.0,270.0,,0.0488966669511246,0.028,-1.718521845884402,0.03333333333333333,0.0,-0.0
1743666986.8399997,0.0,-94.0,270.0,,0.0488966669511246,0.019,-1.7383831130855092,0.03333333333333333,0.0,-0.0
1743666987.0478742,0.0,-94.0,270.0,,0.0488966669511246,0.009,-1.6787982702341613,0.03333333333333333,0.0,-0.0
1743666987.254205,0.0,-94.0,270.0,,0.0488966669511246,0.019,-1.6787970678943602,0.03333333333333333,0.0,-0.0
1743666987.4615114,0.0,-94.0,270.0,,0.0488966669511246,0.038,-1.7383783007733138,0.03333333333333333,0.0,-0.0
1743666987.667083,0.0,-94.0,270.0,,0.0488966669511246,0.028,-1.698659842159398,0.03333333333333333,0.0,-0.0
1743666987.8719993,0.0,-94.0,270.0,,0.0488966669511246,0.028,-1.698659842159398,0.03333333333333333,0.0,-0.0
1743666988.0773168,0.0,-94.0,270.0,,0.0488966669511246,0.009,-1.6787982702341613,0.03333333333333333,0.0,-0.0
1743666988.2831452,0.0,-94.0,270.0,,0.0488966669511246,0.019,-1.6986616796345082,0.03333333333333333,0.0,-0.0
1743666988.4884276,0.0,-94.0,270.0,,0.0488966669511246,0.019,-1.7185237044357806,0.03333333333333333,0.0,-0.0
1743666988.692796,0.0,-94.0,270.0,,0.0488966669511246,0.019,-1.6986616796345082,0.03333333333333333,0.0,-0.0
1743666988.9008064,0.0,-94.0,270.0,,0.0488966669511246,0.019,-1.6787970678943602,0.03333333333333333,0.0,-0.0
1743666989.1084528,0.0,-94.0,270.0,,0.0488966669511246,0.019,-1.7185237044357806,0.03333333333333333,0.0,-0.0
1743666989.3140843,0.0,-94.0,270.0,,0.0488966669511246,0.019,-1.7383831130855092,0.03333333333333333,0.0,-0.0
1743666989.519556,0.0,-94.0,270.0,,0.0488966669511246,0.019,-1.7185237044357806,0.03333333333333333,0.0,-0.0
1743666989.7275825,0.0,-94.0,270.0,,0.05889666695112439,0.028,-1.7176584681541758,0.03333333333333333,0.0,-0.0
1743666989.9318001,0.0,-94.0,270.0,,0.0488966669511246,0.019,-1.6986616796345082,0.03333333333333333,0.0,-0.0
1743666990.1371226,0.0,-94.0,270.0,,0.05889666695112439,0.028,-1.7176584681541758,0.03333333333333333,0.0,-0.0
1743666990.3747199,0.0,-94.0,270.0,,0.05889666695112439,0.019,-1.697808087420968,0.03333333333333333,0.0,-0.0
1743666990.6169052,0.0,-94.0,270.0,,0.0488966669511246,0.019,-1.6986616796345082,0.03333333333333333,0.0,-0.0
1743666990.8451047,0.0,-94.0,270.0,,0.0488966669511246,0.019,-1.6787970678943602,0.03333333333333333,0.0,-0.0
1743666991.0641084,0.0,-94.0,270.0,,0.0488966669511246,0.019,-1.6986616796345082,0.03333333333333333,0.0,-0.0
1743666991.278308,0.0,-94.0,270.0,,0.0488966669511246,0.019,-1.6986616796345082,0.03333333333333333,0.0,-0.0
1743666991.4851549,0.0,-94.0,270.0,,0.0488966669511246,0.019,-1.6986616796345082,0.03333333333333333,0.0,-0.0
1743666991.6977212,0.0,-94.0,270.0,,0.0488966669511246,0.038,-1.7383783007733138,0.03333333333333333,0.0,-0.0
1743666991.929089,0.0,-94.0,270.0,,0.05889666695112439,0.028,-1.7176584681541758,0.03333333333333333,0.0,-0.0
1743666992.156435,0.0,-94.0,270.0,,0.0488966669511246,0.019,-1.6986616796345082,0.03333333333333333,0.0,-0.0
1743666992.3849788,0.0,-94.0,270.0,,0.0488966669511246,0.038,-1.7582350102246433,0.03333333333333333,0.0,-0.0
1743666992.6082387,0.0,-94.0,270.0,,0.0488966669511246,0.028,-1.698659842159398,0.03333333333333333,0.0,-0.0
1743666992.8215592,0.0,-94.0,270.0,,0.05889666695112439,0.019,-1.7176603210909231,0.03333333333333333,0.0,-0.0
1743666993.0435858,0.0,-94.0,270.0,,0.0488966669511246,0.028,-1.698659842159398,0.03333333333333333,0.0,-0.0
1743666993.2841353,0.0,-94.0,270.0,,0.03889666695112304,0.019,-1.777002203460716,0.03333333333333333,0.0,-0.0
1743666993.5191276,0.0,-94.0,270.0,,0.05889666695112439,0.019,-1.7573569344772701,0.03333333333333333,0.0,-0.0
1743666993.7388206,0.0,-94.0,270.0,,0.0488966669511246,0.009,-1.7185249346892109,0.03333333333333333,0.0,-0.0
1743666993.9529092,0.0,-94.0,270.0,,0.0488966669511246,0.019,-1.7185237044357806,0.03333333333333333,0.0,-0.0
1743666994.161622,0.0,-94.0,270.0,,0.03889666695112304,0.019,-1.7193888251768934,0.03333333333333333,0.0,-0.0
1743666994.369556,0.0,-94.0,270.0,,0.0488966669511246,0.009,-1.738384357278995,0.03333333333333333,0.0,-0.0
1743666994.6135285,0.0,-94.0,270.0,,0.0488966669511246,0.0,-1.4462002113923427,0.03333333333333333,0.0,-0.0
1743666994.8897138,0.0,-94.0,270.0,,0.05889666695112439,0.009,-1.620361160056521,0.03333333333333333,0.0,-0.0
1743666995.135256,0.0,-94.0,270.0,,0.0488966669511246,0.068,-1.738364170901742,0.03333333333333333,0.0,-0.0
1743666995.3648632,0.0,-94.0,270.0,,0.0488966669511246,0.019,-1.6787970678943602,0.03333333333333333,0.0,-0.0
1743666995.7015946,0.0,-94.0,270.0,,0.0488966669511246,0.0,-1.6787986180548558,0.03333333333333333,0.0,-0.0
1743666996.0140016,0.0,-94.0,270.0,,0.0488966669511246,0.038,-1.6986569752008522,0.03333333333333333,0.0,-0.0
1743666996.4039106,0.0,-94.0,270.0,,0.03889666695112304,0.038,-1.6796378955290865,0.03333333333333333,0.0,-0.0
1743666996.6826785,0.0,-94.0,270.0,,0.0488966669511246,0.009,-1.6986628959366712,0.03333333333333333,0.0,-0.0
1743666996.9617429,0.0,-94.0,270.0,,0.05889666695112439,0.019,-1.7573569344772701,0.03333333333333333,0.0,-0.0
1743666997.2250457,0.0,-94.0,270.0,,0.05889666695112439,0.019,-1.7375099464722905,0.03333333333333333,0.0,-0.0
1743666997.4621544,0.0,-94.0,270.0,,0.0488966669511246,0.019,-1.6986616796345082,0.03333333333333333,0.0,-0.0
1743666997.7000027,0.0,-94.0,270.0,,0.0488966669511246,0.028,-1.718521845884402,0.03333333333333333,0.0,-0.0
1743666997.9347453,0.0,-94.0,270.0,,0.0488966669511246,0.019,-1.6986616796345082,0.03333333333333333,0.0,-0.0
1743666998.1618588,0.0,-94.0,270.0,,0.0488966669511246,0.028,-1.718521845884402,0.03333333333333333,0.0,-0.0
1743666998.3783624,0.0,-94.0,270.0,,0.0488966669511246,0.028,-1.698659842159398,0.03333333333333333,0.0,-0.0
1743666998.5900798,0.0,-94.0,270.0,,0.0488966669511246,0.028,-1.698659842159398,0.03333333333333333,0.0,-0.0
1743666998.8007119,0.0,-94.0,270.0,,0.06889666695112417,0.0,-1.639400138789648,0.03333333333333333,0.0,-0.0
1743666999.009033,0.0,-94.0,270.0,,0.0488966669511246,0.0,-1.7383847172073947,0.03333333333333333,0.0,-0.0
1743666999.220969,0.0,-94.0,270.0,,0.0488966669511246,0.019,-1.7185237044357806,0.03333333333333333,0.0,-0.0
1743666999.428447,0.0,-94.0,270.0,,0.0488966669511246,0.019,-1.6986616796345082,0.03333333333333333,0.0,-0.0
1743666999.6364546,0.0,-94.0,270.0,,0.0488966669511246,0.019,-1.6986616796345082,0.03333333333333333,0.0,-0.0
1743666999.8433337,0.0,-94.0,270.0,,0.0488966669511246,0.019,-1.6986616796345082,0.03333333333333333,0.0,-0.0
1743667000.0515018,0.0,-94.0,270.0,,0.0488966669511246,0.019,-1.7185237044357806,0.03333333333333333,0.0,-0.0
1743667000.2584634,0.0,-94.0,270.0,,0.0488966669511246,0.009,-1.6986628959366712,0.03333333333333333,0.0,-0.0
1743667000.4660332,0.0,-94.0,270.0,,0.0488966669511246,0.019,-1.6986616796345082,0.03333333333333333,0.0,-0.0
1743667000.676238,0.0,-94.0,270.0,,0.05889666695112439,0.019,-1.7176603210909231,0.03333333333333333,0.0,-0.0
1743667000.8859463,0.0,-94.0,270.0,,0.0488966669511246,0.019,-1.7185237044357806,0.03333333333333333,0.0,-0.0
1743667001.0922415,0.0,-94.0,270.0,,0.0488966669511246,0.019,-1.6986616796345082,0.03333333333333333,0.0,-0.0
1743667001.2994082,0.0,-94.0,270.0,,0.0488966669511246,0.019,-1.7185237044357806,0.03333333333333333,0.0,-0.0
1743667001.5045643,0.0,-94.0,270.0,,0.0488966669511246,0.019,-1.7383831130855092,0.03333333333333333,0.0,-0.0
1743667001.7137399,0.0,-94.0,270.0,,0.0488966669511246,0.028,-1.718521845884402,0.03333333333333333,0.0,-0.0
1743667001.9221487,0.0,-94.0,270.0,,0.0488966669511246,0.019,-1.7185237044357806,0.03333333333333333,0.0,-0.0
1743667002.1241918,0.0,-94.0,270.0,,0.0488966669511246,0.019,-1.6986616796345082,0.03333333333333333,0.0,-0.0
1743667002.3304257,0.0,-94.0,270.0,,0.0488966669511246,0.019,-1.7185237044357806,0.03333333333333333,0.0,-0.0
1743667002.5382624,0.0,-94.0,270.0,,0.0488966669511246,0.019,-1.6986616796345082,0.03333333333333333,0.0,-0.0
1743667002.7439003,0.0,-94.0,270.0,,0.0488966669511246,0.019,-1.7185237044357806,0.03333333333333333,0.0,-0.0
1743667002.9545016,0.0,-94.0,270.0,,0.0488966669511246,0.019,-1.7185237044357806,0.03333333333333333,0.0,-0.0
1743667003.1611047,0.0,-94.0,270.0,,0.0488966669511246,0.019,-1.7185237044357806,0.03333333333333333,0.0,-0.0
1743667003.368708,0.0,-94.0,270.0,,0.0488966669511246,0.019,-1.7185237044357806,0.03333333333333333,0.0,-0.0
1743667003.5782213,0.0,-94.0,270.0,,0.0488966669511246,0.019,-1.6986616796345082,0.03333333333333333,0.0,-0.0
1743667003.7867506,0.0,-94.0,270.0,,0.05889666695112439,0.019,-1.7176603210909231,0.03333333333333333,0.0,-0.0
1743667003.9923553,0.0,-94.0,270.0,,0.0488966669511246,0.019,-1.6986616796345082,0.03333333333333333,0.0,-0.0
1743667004.1994977,0.0,-94.0,270.0,,0.05889666695112439,0.019,-1.7176603210909231,0.03333333333333333,0.0,-0.0
1743667004.4087327,0.0,-94.0,270.0,,0.05889666695112439,0.019,-1.7176603210909231,0.03333333333333333,0.0,-0.0
1743667004.6181371,0.0,-94.0,270.0,,0.0488966669511246,0.019,-1.7185237044357806,0.03333333333333333,0.0,-0.0
1743667004.825372,0.0,-94.0,270.0,,0.0488966669511246,0.019,-1.7185237044357806,0.03333333333333333,0.0,-0.0
1743667005.030281,0.0,-94.0,270.0,,0.0488966669511246,0.019,-1.7185237044357806,0.03333333333333333,0.0,-0.0
1743667005.2377925,0.0,-94.0,270.0,,0.0488966669511246,0.019,-1.7185237044357806,0.03333333333333333,0.0,-0.0
1743667005.4466956,0.0,-94.0,270.0,,0.0488966669511246,0.019,-1.7185237044357806,0.03333333333333333,0.0,-0.0
1743667005.6489758,0.0,-94.0,270.0,,0.0488966669511246,0.019,-1.7185237044357806,0.03333333333333333,0.0,-0.0
1743667005.855671,0.0,-94.0,270.0,,0.05889666695112439,0.019,-1.7375099464722905,0.03333333333333333,0.0,-0.0
1743667006.0629706,0.0,-94.0,270.0,,0.0488966669511246,0.019,-1.7185237044357806,0.03333333333333333,0.0,-0.0
1743667006.3674788,0.0,-94.0,270.0,,0.03889666695112304,0.058,-1.6418614515744845,0.03333333333333333,0.0,-0.0
1743667006.652229,0.0,-94.0,270.0,,0.05889666695112439,0.0,-1.6779548200654337,0.03333333333333333,0.0,-0.0
1743667006.9175613,0.0,-94.0,270.0,,0.0488966669511246,0.038,-1.7185189460411652,0.03333333333333333,0.0,-0.0
1743667007.1737232,0.0,-94.0,270.0,,0.0488966669511246,0.028,-1.718521845884402,0.03333333333333333,0.0,-0.0
1743667007.414838,0.0,-94.0,270.0,,0.0488966669511246,0.019,-1.6986616796345082,0.03333333333333333,0.0,-0.0
1743667007.6776147,0.0,-94.0,270.0,,0.0488966669511246,0.038,-1.6787924174645679,0.03333333333333333,0.0,-0.0
1743667007.9533916,0.0,-94.0,270.0,,0.0488966669511246,0.019,-1.6986616796345082,0.03333333333333333,0.0,-0.0
1743667008.2081404,0.0,-94.0,270.0,,0.0488966669511246,0.038,-1.7185189460411652,0.03333333333333333,0.0,-0.0
1743667008.53466,0.0,-94.0,270.0,,0.0488966669511246,0.009,-1.7185249346892109,0.03333333333333333,0.0,-0.0
1743667008.8825283,0.0,-94.0,270.0,,0.0488966669511246,0.038,-1.7383783007733138,0.03333333333333333,0.0,-0.0
1743667009.1900098,0.0,-94.0,270.0,,0.03889666695112304,0.019,-1.679642560069305,0.03333333333333333,0.0,-0.0
1743667009.4619136,0.0,-94.0,270.0,,0.0488966669511246,0.019,-1.6986616796345082,0.03333333333333333,0.0,-0.0
1743667009.7224638,0.0,-94.0,270.0,,0.05889666695112439,0.019,-1.7176603210909231,0.03333333333333333,0.0,-0.0
1743667009.9590378,0.0,-94.0,270.0,,0.0488966669511246,0.019,-1.6986616796345082,0.03333333333333333,0.0,-0.0
1743667010.1993039,0.0,-94.0,270.0,,0.0488966669511246,0.028,-1.698659842159398,0.03333333333333333,0.0,-0.0
1743667010.5082908,0.0,-94.0,270.0,,0.0488966669511246,0.038,-1.6986569752008522,0.03333333333333333,0.0,-0.0
1743667010.826838,0.0,-94.0,270.0,,0.05889666695112439,0.0,-1.6600832912739851,0.03333333333333333,0.0,-0.0
1743667011.0947015,0.0,-94.0,270.0,,0.05889666695112439,0.009,-1.697809300048059,0.03333333333333333,0.0,-0.0
1743667011.34218,0.0,-94.0,270.0,,0.0488966669511246,0.019,-1.6787970678943602,0.03333333333333333,0.0,-0.0
1743667011.5746524,0.0,-94.0,270.0,,0.0488966669511246,0.019,-1.7185237044357806,0.03333333333333333,0.0,-0.0
1743667011.7960634,0.0,-94.0,270.0,,0.0488966669511246,0.019,-1.6986616796345082,0.03333333333333333,0.0,-0.0
1743667012.01924,0.0,-94.0,270.0,,0.0488966669511246,0.019,-1.7185237044357806,0.03333333333333333,0.0,-0.0
1743667012.2550042,0.0,-94.0,270.0,,0.0488966669511246,0.019,-1.7185237044357806,0.03333333333333333,0.0,-0.0
1743667012.4911337,0.0,-94.0,270.0,,0.0488966669511246,0.028,-1.718521845884402,0.03333333333333333,0.0,-0.0
1743667012.7100093,0.0,-94.0,270.0,,0.0488966669511246,0.028,-1.7383812334748034,0.03333333333333333,0.0,-0.0
1743667012.9241455,0.0,-94.0,270.0,,0.0488966669511246,0.019,-1.6986616796345082,0.03333333333333333,0.0,-0.0
1743667013.1303546,0.0,-94.0,270.0,,0.0488966669511246,0.028,-1.6787952515122786,0.03333333333333333,0.0,-0.0
1743667013.3425574,0.0,-94.0,270.0,,0.0488966669511246,0.028,-1.7383812334748034,0.03333333333333333,0.0,-0.0
1743667013.5748343,0.0,-94.0,270.0,,0.0488966669511246,0.019,-1.7185237044357806,0.03333333333333333,0.0,-0.0
1743667013.8085363,0.0,-94.0,270.0,,0.0488966669511246,0.019,-1.7185237044357806,0.03333333333333333,0.0,-0.0
1743667014.0270584,0.0,-94.0,270.0,,0.05889666695112439,0.019,-1.697808087420968,0.03333333333333333,0.0,-0.0
1743667014.238632,0.0,-94.0,270.0,,0.0488966669511246,0.019,-1.6986616796345082,0.03333333333333333,0.0,-0.0
1743667014.4453003,0.0,-94.0,270.0,,0.05889666695112439,0.019,-1.7176603210909231,0.03333333333333333,0.0,-0.0
1743667014.6528068,0.0,-94.0,270.0,,0.0488966669511246,0.019,-1.7185237044357806,0.03333333333333333,0.0,-0.0
1743667014.8588514,0.0,-94.0,270.0,,0.0488966669511246,0.019,-1.7185237044357806,0.03333333333333333,0.0,-0.0
1743667015.0635538,0.0,-94.0,270.0,,0.0488966669511246,0.028,-1.718521845884402,0.03333333333333333,0.0,-0.0
1743667015.2678704,0.0,-94.0,270.0,,0.05889666695112439,0.019,-1.697808087420968,0.03333333333333333,0.0,-0.0
1743667015.4774125,0.0,-94.0,270.0,,0.0488966669511246,0.028,-1.718521845884402,0.03333333333333333,0.0,-0.0
1743667015.6852896,0.0,-94.0,270.0,,0.0488966669511246,0.019,-1.6986616796345082,0.03333333333333333,0.0,-0.0
1743667015.8924503,0.0,-94.0,270.0,,0.0488966669511246,0.028,-1.698659842159398,0.03333333333333333,0.0,-0.0
1743667016.1014268,0.0,-94.0,270.0,,0.0488966669511246,0.019,-1.6986616796345082,0.03333333333333333,0.0,-0.0
1743667016.3090875,0.0,-94.0,270.0,,0.0488966669511246,0.019,-1.6986616796345082,0.03333333333333333,0.0,-0.0
1743667016.5135496,0.0,-94.0,270.0,,0.0488966669511246,0.019,-1.7185237044357806,0.03333333333333333,0.0,-0.0
1743667016.7301948,0.0,-94.0,270.0,,0.0488966669511246,0.019,-1.7185237044357806,0.03333333333333333,0.0,-0.0
1743667016.977422,0.0,-94.0,270.0,,0.05889666695112439,0.019,-1.697808087420968,0.03333333333333333,0.0,-0.0
1743667017.2020326,0.0,-94.0,270.0,,0.0488966669511246,0.019,-1.6986616796345082,0.03333333333333333,0.0,-0.0
1743667017.4426255,0.0,-94.0,270.0,,0.0488966669511246,0.019,-1.7185237044357806,0.03333333333333333,0.0,-0.0
1743667017.7541432,0.0,-94.0,270.0,,0.0488966669511246,0.028,-1.698659842159398,0.03333333333333333,0.0,-0.0
1743667018.0646262,0.0,-94.0,270.0,,0.0488966669511246,0.028,-1.718521845884402,0.03333333333333333,0.0,-0.0
1743667018.3338614,0.0,-94.0,270.0,,0.0488966669511246,0.019,-1.7185237044357806,0.03333333333333333,0.0,-0.0
1743667018.589178,0.0,-94.0,270.0,,0.0488966669511246,0.028,-1.698659842159398,0.03333333333333333,0.0,-0.0
1743667018.8192441,0.0,-94.0,270.0,,0.0488966669511246,0.028,-1.7383812334748034,0.03333333333333333,0.0,-0.0
1743667019.0959346,0.0,-94.0,270.0,,0.0488966669511246,0.028,-1.6787952515122786,0.03333333333333333,0.0,-0.0
1743667019.3986986,0.0,-94.0,270.0,,0.0488966669511246,0.019,-1.6986616796345082,0.03333333333333333,0.0,-0.0
1743667019.665236,0.0,-94.0,270.0,,0.0488966669511246,0.028,-1.718521845884402,0.03333333333333333,0.0,-0.0
1743667019.8975317,0.0,-94.0,270.0,,0.0488966669511246,0.019,-1.7185237044357806,0.03333333333333333,0.0,-0.0
1743667020.1173127,0.0,-94.0,270.0,,0.0488966669511246,0.028,-1.698659842159398,0.03333333333333333,0.0,-0.0
1743667020.3320138,0.0,-94.0,270.0,,0.05889666695112439,0.019,-1.697808087420968,0.03333333333333333,0.0,-0.0
1743667020.5371342,0.0,-94.0,270.0,,0.05889666695112439,0.038,-1.7176555770712363,0.03333333333333333,0.0,-0.0
1743667020.7439048,0.0,-94.0,270.0,,0.0488966669511246,0.019,-1.6986616796345082,0.03333333333333333,0.0,-0.0
1743667020.9753916,0.0,-94.0,270.0,,0.0488966669511246,0.028,-1.698659842159398,0.03333333333333333,0.0,-0.0
1743667021.212613,0.0,-94.0,270.0,,0.0488966669511246,0.028,-1.718521845884402,0.03333333333333333,0.0,-0.0
1743667021.4293861,0.0,-94.0,270.0,,0.05889666695112439,0.019,-1.7176603210909231,0.03333333333333333,0.0,-0.0
1743667021.6439471,0.0,-94.0,270.0,,0.0488966669511246,0.019,-1.6787970678943602,0.03333333333333333,0.0,-0.0
1743667021.8532355,0.0,-94.0,270.0,,0.0488966669511246,0.019,-1.7185237044357806,0.03333333333333333,0.0,-0.0
1743667022.0572283,0.0,-94.0,270.0,,0.0488966669511246,0.019,-1.6986616796345082,0.03333333333333333,0.0,-0.0
1743667022.2601283,0.0,-94.0,270.0,,0.0488966669511246,0.019,-1.6986616796345082,0.03333333333333333,0.0,-0.0
1743667022.458877,0.0,-94.0,270.0,,0.0488966669511246,0.028,-1.7383812334748034,0.03333333333333333,0.0,-0.0
1743667022.6636338,0.0,-94.0,270.0,,0.0488966669511246,0.019,-1.6986616796345082,0.03333333333333333,0.0,-0.0
1743667022.895581,0.0,-94.0,270.0,,0.0488966669511246,0.019,-1.7185237044357806,0.03333333333333333,0.0,-0.0
1743667023.1309617,0.0,-94.0,270.0,,0.0488966669511246,0.028,-1.698659842159398,0.03333333333333333,0.0,-0.0
1743667023.3482974,0.0,-94.0,270.0,,0.0488966669511246,0.028,-1.718521845884402,0.03333333333333333,0.0,-0.0
1743667023.5622256,0.0,-94.0,270.0,,0.0488966669511246,0.019,-1.7185237044357806,0.03333333333333333,0.0,-0.0
1743667023.7729552,0.0,-94.0,270.0,,0.0488966669511246,0.028,-1.718521845884402,0.03333333333333333,0.0,-0.0
1743667023.989787,0.0,-94.0,270.0,,0.0488966669511246,0.019,-1.6986616796345082,0.03333333333333333,0.0,-0.0
1743667024.2001638,0.0,-94.0,270.0,,0.0488966669511246,0.028,-1.6787952515122786,0.03333333333333333,0.0,-0.0
1743667024.406187,0.0,-94.0,270.0,,0.0488966669511246,0.019,-1.7185237044357806,0.03333333333333333,0.0,-0.0
1743667024.613996,0.0,-94.0,270.0,,0.0488966669511246,0.028,-1.718521845884402,0.03333333333333333,0.0,-0.0
1743667024.8254795,0.0,-94.0,270.0,,0.0488966669511246,0.019,-1.6986616796345082,0.03333333333333333,0.0,-0.0
1743667025.0302517,0.0,-94.0,270.0,,0.03889666695112304,0.038,-1.6995122712914044,0.03333333333333333,0.0,-0.0
1743667025.2328875,0.0,-94.0,270.0,,0.05889666695112439,0.028,-1.7176584681541758,0.03333333333333333,0.0,-0.0
1743667025.4361615,0.0,-94.0,270.0,,0.0488966669511246,0.028,-1.698659842159398,0.03333333333333333,0.0,-0.0
1743667025.6353257,0.0,-94.0,270.0,,0.0488966669511246,0.019,-1.6986616796345082,0.03333333333333333,0.0,-0.0
1743667025.8510742,0.0,-94.0,270.0,,0.0488966669511246,0.019,-1.7185237044357806,0.03333333333333333,0.0,-0.0
1743667026.069858,0.0,-94.0,270.0,,0.0488966669511246,0.019,-1.7185237044357806,0.03333333333333333,0.0,-0.0
1743667026.29496,0.0,-94.0,270.0,,0.0488966669511246,0.019,-1.7383831130855092,0.03333333333333333,0.0,-0.0
1743667026.5413072,0.0,-94.0,270.0,,0.05889666695112439,0.019,-1.697808087420968,0.03333333333333333,0.0,-0.0
1743667026.780243,0.0,-94.0,270.0,,0.05889666695112439,0.028,-1.7176584681541758,0.03333333333333333,0.0,-0.0
1743667026.999681,0.0,-94.0,270.0,,0.0488966669511246,0.019,-1.7185237044357806,0.03333333333333333,0.0,-0.0
1743667027.2108276,0.0,-94.0,270.0,,0.05889666695112439,0.019,-1.697808087420968,0.03333333333333333,0.0,-0.0
1743667027.4159145,0.0,-94.0,270.0,,0.05889666695112439,0.019,-1.7176603210909231,0.03333333333333333,0.0,-0.0
1743667027.6214273,0.0,-94.0,270.0,,0.0488966669511246,0.019,-1.7185237044357806,0.03333333333333333,0.0,-0.0
1743667027.8367705,0.0,-94.0,270.0,,0.0488966669511246,0.019,-1.6986616796345082,0.03333333333333333,0.0,-0.0
1743667028.0683117,0.0,-94.0,270.0,,0.0488966669511246,0.009,-1.7185249346892109,0.03333333333333333,0.0,-0.0
1743667028.2943058,0.0,-94.0,270.0,,0.0488966669511246,0.028,-1.7383812334748034,0.03333333333333333,0.0,-0.0
1743667028.5060334,0.0,-94.0,270.0,,0.0488966669511246,0.019,-1.6986616796345082,0.03333333333333333,0.0,-0.0
1743667028.7123208,0.0,-94.0,270.0,,0.0488966669511246,0.028,-1.718521845884402,0.03333333333333333,0.0,-0.0
1743667028.9344702,0.0,-94.0,270.0,,0.0488966669511246,0.019,-1.7185237044357806,0.03333333333333333,0.0,-0.0
1743667029.1687193,0.0,-94.0,270.0,,0.0488966669511246,0.019,-1.7185237044357806,0.03333333333333333,0.0,-0.0
1743667029.3902912,0.0,-94.0,270.0,,0.0488966669511246,0.019,-1.7383831130855092,0.03333333333333333,0.0,-0.0
1743667029.6002429,0.0,-94.0,270.0,,0.05889666695112439,0.009,-1.6779544732958693,0.03333333333333333,0.0,-0.0
1743667029.805035,0.0,-94.0,270.0,,0.0488966669511246,0.019,-1.6986616796345082,0.03333333333333333,0.0,-0.0
1743667030.0091817,0.0,-94.0,270.0,,0.0488966669511246,0.028,-1.698659842159398,0.03333333333333333,0.0,-0.0
1743667030.2161107,0.0,-94.0,270.0,,0.0488966669511246,0.019,-1.7383831130855092,0.03333333333333333,0.0,-0.0
1743667030.4221182,0.0,-94.0,270.0,,0.0488966669511246,0.028,-1.698659842159398,0.03333333333333333,0.0,-0.0
1743667030.6282125,0.0,-94.0,270.0,,0.0488966669511246,0.019,-1.7185237044357806,0.03333333333333333,0.0,-0.0
1743667030.8340333,0.0,-94.0,270.0,,0.0488966669511246,0.019,-1.7185237044357806,0.03333333333333333,0.0,-0.0
1743667031.0337186,0.0,-94.0,270.0,,0.06889666695112417,0.009,-1.6771123701459936,0.03333333333333333,0.0,-0.0
1743667031.2323108,0.0,-94.0,270.0,,0.0488966669511246,0.019,-1.6986616796345082,0.03333333333333333,0.0,-0.0
1743667031.4329643,0.0,-94.0,270.0,,0.0488966669511246,0.028,-1.758237975757666,0.03333333333333333,0.0,-0.0
1743667031.666354,0.0,-94.0,270.0,,0.05889666695112439,0.019,-1.7176603210909231,0.03333333333333333,0.0,-0.0
1743667031.9201784,0.0,-94.0,270.0,,0.0488966669511246,0.028,-1.7383812334748034,0.03333333333333333,0.0,-0.0
1743667032.1580641,0.0,-94.0,270.0,,0.0488966669511246,0.019,-1.7185237044357806,0.03333333333333333,0.0,-0.0
1743667032.39182,0.0,-94.0,270.0,,0.0488966669511246,0.028,-1.718521845884402,0.03333333333333333,0.0,-0.0
1743667032.6127422,0.0,-94.0,270.0,,0.0488966669511246,0.028,-1.718521845884402,0.03333333333333333,0.0,-0.0
1743667032.8991861,0.0,-94.0,270.0,,0.0488966669511246,0.019,-1.7185237044357806,0.03333333333333333,0.0,-0.0
1743667033.1674914,0.0,-94.0,270.0,,0.0488966669511246,0.028,-1.718521845884402,0.03333333333333333,0.0,-0.0
1743667033.4077256,0.0,-94.0,270.0,,0.0488966669511246,0.038,-1.7185189460411652,0.03333333333333333,0.0,-0.0
1743667033.6693778,0.0,-94.0,270.0,,0.0488966669511246,0.019,-1.6013009141170753,0.03333333333333333,0.0,-0.0
1743667033.896073,0.0,-94.0,270.0,,0.0488966669511246,0.0,-1.7761103158008047,0.03333333333333333,0.0,-0.0
1743667034.1120315,0.0,-94.0,270.0,,0.0488966669511246,0.048,-1.8733461573642185,0.03333333333333333,0.0,-0.0
1743667034.3209596,0.0,-94.0,270.0,,0.0488966669511246,0.019,-1.6609167296712963,0.03333333333333333,0.0,-0.0
1743667034.5281768,0.0,-94.0,270.0,,0.03889666695112304,0.048,-1.6418659160764317,0.03333333333333333,0.0,-0.0
1743667034.7304292,0.0,-94.0,270.0,,0.05889666695112439,0.009,-1.6600829481315107,0.03333333333333333,0.0,-0.0
1743667034.93495,0.0,-94.0,270.0,,0.03889666695112304,0.058,-1.7968498212850434,0.03333333333333333,0.0,-0.0
1743667035.1423428,0.0,-94.0,270.0,,0.02889666695112325,0.038,-1.6426980079939262,0.03333333333333333,0.0,-0.0
1743667035.348059,0.0,-94.0,270.0,,0.0488966669511246,0.019,-1.7185237044357806,0.03333333333333333,0.0,-0.0
1743667035.5491347,0.0,-94.0,270.0,,0.0488966669511246,0.009,-1.6787982702341613,0.03333333333333333,0.0,-0.0
1743667035.7506907,0.0,-94.0,270.0,,0.0488966669511246,0.009,-1.6787982702341613,0.03333333333333333,0.0,-0.0
1743667035.950779,0.0,-94.0,270.0,,0.0488966669511246,0.048,-1.7582311460904314,0.03333333333333333,0.0,-0.0
1743667036.1540737,0.0,-94.0,270.0,,0.0488966669511246,0.019,-1.6787970678943602,0.03333333333333333,0.0,-0.0
1743667036.3592184,0.0,-94.0,270.0,,0.0488966669511246,0.028,-1.7383812334748034,0.03333333333333333,0.0,-0.0
1743667036.5894291,0.0,-94.0,270.0,,0.0488966669511246,0.028,-1.758237975757666,0.03333333333333333,0.0,-0.0
1743667036.826466,0.0,-94.0,270.0,,0.05889666695112439,-0.01,-1.6600828676413628,0.03333333333333333,0.0,-0.0
1743667037.0493736,0.0,-94.0,270.0,,0.0488966669511246,0.0,-1.6787986180548558,0.03333333333333333,0.0,-0.0
1743667037.2613153,0.0,-94.0,270.0,,0.0488966669511246,0.038,-1.776103762936737,0.03333333333333333,0.0,-0.0
1743667037.5010478,0.0,-94.0,270.0,,0.06889666695112417,0.0,-1.7564773753232528,0.03333333333333333,0.0,-0.0
1743667037.7342696,0.0,-94.0,270.0,,0.05889666695112439,0.028,-1.775215030935779,0.03333333333333333,0.0,-0.0
1743667037.9733498,0.0,-94.0,270.0,,0.0488966669511246,0.019,-1.7185237044357806,0.03333333333333333,0.0,-0.0
1743667038.2211418,0.0,-94.0,270.0,,0.05889666695112439,-0.01,-1.7573581036851291,0.03333333333333333,0.0,-0.0
1743667038.4787724,0.0,-94.0,270.0,,0.05889666695112439,0.038,-1.7752120449206985,0.03333333333333333,0.0,-0.0
1743667038.7634077,0.0,-94.0,270.0,,0.06889666695112417,0.058,-1.5798222249582472,0.03333333333333333,0.0,-0.0
1743667039.020284,0.0,-94.0,270.0,,0.06889666695112417,-0.059,-1.6195334391877372,0.03333333333333333,0.0,-0.0
1743667039.2737513,0.0,-94.0,270.0,,0.03889666695112304,0.048,-1.776993359490215,0.03333333333333333,0.0,-0.0
1743667039.5233045,0.0,-94.0,270.0,,0.0488966669511246,0.077,-1.9130014145182053,0.03333333333333333,0.0,-0.0
1743667039.7736838,0.0,-94.0,270.0,,0.05889666695112439,-0.029,-1.5806264431356867,0.03333333333333333,0.0,-0.0
1743667040.025648,0.0,-94.0,270.0,,0.0488966669511246,0.058,-1.5237558764992474,0.03333333333333333,0.0,-0.0
1743667040.396228,0.0,-94.0,270.0,,0.05889666695112439,0.019,-1.7752169447158983,0.03333333333333333,0.0,-0.0
1743667040.7842577,0.0,-94.0,270.0,,0.05889666695112439,0.009,-1.8148993117336876,0.03333333333333333,0.0,-0.0
1743667041.189281,0.0,-94.0,270.0,,0.009896666951123123,0.176,-1.5844171179336974,0.03333333333333333,0.0,-0.0
1743667041.6046295,0.0,-94.0,270.0,,0.0488966669511246,0.028,-1.718521845884402,0.03333333333333333,0.0,-0.0
1743667042.0382302,0.0,-94.0,270.0,,0.0488966669511246,0.038,-1.7185189460411652,0.03333333333333333,0.0,-0.0
1743667042.394416,0.0,-94.0,270.0,,0.05889666695112439,0.038,-1.6978033972017221,0.03333333333333333,0.0,-0.0
1743667042.8704355,0.0,-94.0,270.0,,0.05889666695112439,0.028,-1.7176584681541758,0.03333333333333333,0.0,-0.0
1743667043.331073,0.0,-94.0,270.0,,0.0488966669511246,0.028,-1.718521845884402,0.03333333333333333,0.0,-0.0
1743667043.833302,0.0,-94.0,270.0,,0.05889666695112439,0.028,-1.6779514636966564,0.03333333333333333,0.0,-0.0
1743667044.3551214,0.0,-94.0,270.0,,0.0488966669511246,0.028,-1.698659842159398,0.03333333333333333,0.0,-0.0
1743667044.9424624,0.0,-94.0,270.0,,0.05889666695112439,0.028,-1.697806255497793,0.03333333333333333,0.0,-0.0
1743667045.5105698,0.0,-94.0,270.0,,0.05889666695112439,0.038,-1.6978033972017221,0.03333333333333333,0.0,-0.0
1743667046.0951831,0.0,-94.0,270.0,,0.0488966669511246,0.028,-1.698659842159398,0.03333333333333333,0.0,-0.0
1743667046.5400686,0.0,-94.0,270.0,,0.0488966669511246,0.028,-1.698659842159398,0.03333333333333333,0.0,-0.0
1743667046.9496322,0.0,-94.0,270.0,,0.0488966669511246,0.038,-1.6986569752008522,0.03333333333333333,0.0,-0.0
1743667047.4480069,0.0,-94.0,270.0,,0.0488966669511246,0.028,-1.698659842159398,0.03333333333333333,0.0,-0.0
1743667047.8032703,0.0,-94.0,270.0,,0.05889666695112439,0.028,-1.7176584681541758,0.03333333333333333,0.0,-0.0
1743667048.2180965,0.0,-94.0,270.0,,0.0488966669511246,0.028,-1.698659842159398,0.03333333333333333,0.0,-0.0
1743667048.562496,0.0,-94.0,270.0,,0.0488966669511246,0.038,-1.6986569752008522,0.03333333333333333,0.0,-0.0
1743667049.0342019,0.0,-94.0,270.0,,0.0488966669511246,0.028,-1.698659842159398,0.03333333333333333,0.0,-0.0
1743667049.3626614,0.0,-94.0,270.0,,0.0488966669511246,0.028,-1.698659842159398,0.03333333333333333,0.0,-0.0
1743667049.63357,0.0,-94.0,270.0,,0.0488966669511246,0.028,-1.698659842159398,0.03333333333333333,0.0,-0.0
1743667049.8742177,0.0,-94.0,270.0,,0.0488966669511246,0.028,-1.718521845884402,0.03333333333333333,0.0,-0.0
1743667050.101828,0.0,-94.0,270.0,,0.0488966669511246,0.028,-1.698659842159398,0.03333333333333333,0.0,-0.0
1743667050.3217704,0.0,-94.0,270.0,,0.0488966669511246,0.028,-1.698659842159398,0.03333333333333333,0.0,-0.0
1743667050.53837,0.0,-94.0,270.0,,0.0488966669511246,0.028,-1.698659842159398,0.03333333333333333,0.0,-0.0
1743667050.7497487,0.0,-94.0,270.0,,0.0488966669511246,0.028,-1.718521845884402,0.03333333333333333,0.0,-0.0
1743667050.9612384,0.0,-94.0,270.0,,0.0488966669511246,0.028,-1.698659842159398,0.03333333333333333,0.0,-0.0
1743667051.17794,0.0,-94.0,270.0,,0.05889666695112439,0.038,-1.6978033972017221,0.03333333333333333,0.0,-0.0
1743667051.4026918,0.0,-94.0,270.0,,0.0488966669511246,0.028,-1.698659842159398,0.03333333333333333,0.0,-0.0
1743667051.6211338,0.0,-94.0,270.0,,0.0488966669511246,0.028,-1.698659842159398,0.03333333333333333,0.0,-0.0
1743667051.837155,0.0,-94.0,270.0,,0.05889666695112439,0.028,-1.697806255497793,0.03333333333333333,0.0,-0.0
1743667052.0491493,0.0,-94.0,270.0,,0.0488966669511246,0.028,-1.698659842159398,0.03333333333333333,0.0,-0.0
1743667052.2612476,0.0,-94.0,270.0,,0.0488966669511246,0.019,-1.6986616796345082,0.03333333333333333,0.0,-0.0
1743667052.4701664,0.0,-94.0,270.0,,0.0488966669511246,0.028,-1.698659842159398,0.03333333333333333,0.0,-0.0
1743667052.6819906,0.0,-94.0,270.0,,0.0488966669511246,0.028,-1.698659842159398,0.03333333333333333,0.0,-0.0
1743667052.8922973,0.0,-94.0,270.0,,0.05889666695112439,0.028,-1.697806255497793,0.03333333333333333,0.0,-0.0
1743667053.1076097,0.0,-94.0,270.0,,0.0488966669511246,0.019,-1.6986616796345082,0.03333333333333333,0.0,-0.0
1743667053.334837,0.0,-94.0,270.0,,0.05889666695112439,0.019,-1.697808087420968,0.03333333333333333,0.0,-0.0
1743667053.5519865,0.0,-94.0,270.0,,0.0488966669511246,0.028,-1.6787952515122786,0.03333333333333333,0.0,-0.0
1743667053.76415,0.0,-94.0,270.0,,0.0488966669511246,0.028,-1.6787952515122786,0.03333333333333333,0.0,-0.0
1743667053.973723,0.0,-94.0,270.0,,0.0488966669511246,0.028,-1.718521845884402,0.03333333333333333,0.0,-0.0
1743667054.1830676,0.0,-94.0,270.0,,0.0488966669511246,0.028,-1.698659842159398,0.03333333333333333,0.0,-0.0
1743667054.3926394,0.0,-94.0,270.0,,0.0488966669511246,0.028,-1.6787952515122786,0.03333333333333333,0.0,-0.0
1743667054.6031752,0.0,-94.0,270.0,,0.0488966669511246,0.028,-1.698659842159398,0.03333333333333333,0.0,-0.0
1743667054.8112082,0.0,-94.0,270.0,,0.0488966669511246,0.028,-1.718521845884402,0.03333333333333333,0.0,-0.0
1743667055.0190423,0.0,-94.0,270.0,,0.0488966669511246,0.028,-1.698659842159398,0.03333333333333333,0.0,-0.0
1743667055.2319589,0.0,-94.0,270.0,,0.0488966669511246,0.028,-1.718521845884402,0.03333333333333333,0.0,-0.0
1743667055.4586256,0.0,-94.0,270.0,,0.0488966669511246,0.028,-1.718521845884402,0.03333333333333333,0.0,-0.0
1743667055.7200754,0.0,-94.0,270.0,,0.0488966669511246,0.028,-1.698659842159398,0.03333333333333333,0.0,-0.0
1743667055.9633207,0.0,-94.0,270.0,,0.0488966669511246,0.028,-1.718521845884402,0.03333333333333333,0.0,-0.0
1743667056.187502,0.0,-94.0,270.0,,0.0488966669511246,0.028,-1.718521845884402,0.03333333333333333,0.0,-0.0
1743667056.404435,0.0,-94.0,270.0,,0.05889666695112439,0.028,-1.7176584681541758,0.03333333333333333,0.0,-0.0
1743667056.6424117,0.0,-94.0,270.0,,0.0488966669511246,0.028,-1.718521845884402,0.03333333333333333,0.0,-0.0
1743667056.895124,0.0,-94.0,270.0,,0.0488966669511246,0.028,-1.718521845884402,0.03333333333333333,0.0,-0.0
1743667057.126649,0.0,-94.0,270.0,,0.0488966669511246,0.038,-1.6787924174645679,0.03333333333333333,0.0,-0.0
1743667057.3594816,0.0,-94.0,270.0,,0.05889666695112439,0.028,-1.697806255497793,0.03333333333333333,0.0,-0.0
1743667057.5810227,0.0,-94.0,270.0,,0.0488966669511246,0.028,-1.698659842159398,0.03333333333333333,0.0,-0.0
1743667057.798143,0.0,-94.0,270.0,,0.05889666695112439,0.038,-1.6978033972017221,0.03333333333333333,0.0,-0.0
1743667058.043527,0.0,-94.0,270.0,,0.0488966669511246,0.028,-1.718521845884402,0.03333333333333333,0.0,-0.0
1743667058.2982876,0.0,-94.0,270.0,,0.0488966669511246,0.028,-1.6787952515122786,0.03333333333333333,0.0,-0.0
1743667058.5304227,0.0,-94.0,270.0,,0.0488966669511246,0.028,-1.698659842159398,0.03333333333333333,0.0,-0.0
1743667058.7530317,0.0,-94.0,270.0,,0.0488966669511246,0.028,-1.698659842159398,0.03333333333333333,0.0,-0.0
1743667058.9703126,0.0,-94.0,270.0,,0.0488966669511246,0.019,-1.6986616796345082,0.03333333333333333,0.0,-0.0
1743667059.187715,0.0,-94.0,270.0,,0.0488966669511246,0.028,-1.698659842159398,0.03333333333333333,0.0,-0.0
1743667059.4004767,0.0,-94.0,270.0,,0.0488966669511246,0.028,-1.6787952515122786,0.03333333333333333,0.0,-0.0
1743667059.61392,0.0,-94.0,270.0,,0.0488966669511246,0.028,-1.698659842159398,0.03333333333333333,0.0,-0.0
1743667059.863034,0.0,-94.0,270.0,,0.0488966669511246,0.028,-1.698659842159398,0.03333333333333333,0.0,-0.0
1743667060.1087444,0.0,-94.0,270.0,,0.05889666695112439,0.038,-1.6978033972017221,0.03333333333333333,0.0,-0.0
1743667060.3449178,0.0,-94.0,270.0,,0.0488966669511246,0.028,-1.698659842159398,0.03333333333333333,0.0,-0.0
1743667060.5641851,0.0,-94.0,270.0,,0.0488966669511246,0.028,-1.698659842159398,0.03333333333333333,0.0,-0.0
1743667060.7766757,0.0,-94.0,270.0,,0.0488966669511246,0.028,-1.698659842159398,0.03333333333333333,0.0,-0.0
1743667061.0063932,0.0,-94.0,270.0,,0.0488966669511246,0.028,-1.698659842159398,0.03333333333333333,0.0,-0.0
1743667061.2222342,0.0,-94.0,270.0,,0.0488966669511246,0.028,-1.698659842159398,0.03333333333333333,0.0,-0.0
1743667061.4303792,0.0,-94.0,270.0,,0.0488966669511246,0.028,-1.698659842159398,0.03333333333333333,0.0,-0.0
1743667061.6373134,0.0,-94.0,270.0,,0.0488966669511246,0.028,-1.698659842159398,0.03333333333333333,0.0,-0.0
1743667061.8421485,0.0,-94.0,270.0,,0.0488966669511246,0.028,-1.698659842159398,0.03333333333333333,0.0,-0.0
1743667062.0505087,0.0,-94.0,270.0,,0.0488966669511246,0.028,-1.698659842159398,0.03333333333333333,0.0,-0.0
1743667062.2872965,0.0,-94.0,270.0,,0.0488966669511246,0.028,-1.698659842159398,0.03333333333333333,0.0,-0.0
1743667062.5269663,0.0,-94.0,270.0,,0.0488966669511246,0.028,-1.698659842159398,0.03333333333333333,0.0,-0.0
1743667062.7463348,0.0,-94.0,270.0,,0.0488966669511246,0.028,-1.698659842159398,0.03333333333333333,0.0,-0.0
1743667062.95938,0.0,-94.0,270.0,,0.0488966669511246,0.028,-1.698659842159398,0.03333333333333333,0.0,-0.0
1743667063.1660194,0.0,-94.0,270.0,,0.0488966669511246,0.028,-1.698659842159398,0.03333333333333333,0.0,-0.0
1743667063.3757203,0.0,-94.0,270.0,,0.0488966669511246,0.028,-1.698659842159398,0.03333333333333333,0.0,-0.0
1743667063.5943384,0.0,-94.0,270.0,,0.0488966669511246,0.028,-1.698659842159398,0.03333333333333333,0.0,-0.0
1743667063.8154042,0.0,-94.0,270.0,,0.0488966669511246,0.028,-1.698659842159398,0.03333333333333333,0.0,-0.0
1743667064.0368018,0.0,-94.0,270.0,,0.0488966669511246,0.028,-1.698659842159398,0.03333333333333333,0.0,-0.0
1743667064.2576342,0.0,-94.0,270.0,,0.0488966669511246,0.028,-1.698659842159398,0.03333333333333333,0.0,-0.0
1743667064.4705527,0.0,-94.0,270.0,,0.0488966669511246,0.028,-1.698659842159398,0.03333333333333333,0.0,-0.0
1743667064.7176864,0.0,-94.0,270.0,,0.0488966669511246,0.028,-1.698659842159398,0.03333333333333333,0.0,-0.0
1743667064.9821684,0.0,-94.0,270.0,,0.0488966669511246,0.028,-1.698659842159398,0.03333333333333333,0.0,-0.0
1743667065.2241654,0.0,-94.0,270.0,,0.0488966669511246,0.028,-1.698659842159398,0.03333333333333333,0.0,-0.0
1743667065.443447,0.0,-94.0,270.0,,0.0488966669511246,0.028,-1.698659842159398,0.03333333333333333,0.0,-0.0
1743667065.653137,0.0,-94.0,270.0,,0.0488966669511246,0.028,-1.698659842159398,0.03333333333333333,0.0,-0.0
1743667065.8601632,0.0,-94.0,270.0,,0.0488966669511246,0.028,-1.698659842159398,0.03333333333333333,0.0,-0.0
1743667066.0691187,0.0,-94.0,270.0,,0.0488966669511246,0.028,-1.698659842159398,0.03333333333333333,0.0,-0.0
1743667066.3056087,0.0,-94.0,270.0,,0.0488966669511246,0.028,-1.698659842159398,0.03333333333333333,0.0,-0.0
1743667066.5451822,0.0,-94.0,270.0,,0.0488966669511246,0.028,-1.698659842159398,0.03333333333333333,0.0,-0.0
1743667066.7603824,0.0,-94.0,270.0,,0.0488966669511246,0.028,-1.698659842159398,0.03333333333333333,0.0,-0.0
1743667066.967835,0.0,-94.0,270.0,,0.0488966669511246,0.028,-1.698659842159398,0.03333333333333333,0.0,-0.0
1743667067.1730502,0.0,-94.0,270.0,,0.0488966669511246,0.028,-1.698659842159398,0.03333333333333333,0.0,-0.0
1743667067.375167,0.0,-94.0,270.0,,0.0488966669511246,0.028,-1.698659842159398,0.03333333333333333,0.0,-0.0
1743667067.5728884,0.0,-94.0,270.0,,0.0488966669511246,0.028,-1.698659842159398,0.03333333333333333,0.0,-0.0
1743667067.7715104,0.0,-94.0,270.0,,0.0488966669511246,0.028,-1.698659842159398,0.03333333333333333,0.0,-0.0
1743667067.9678593,0.0,-94.0,270.0,,0.0488966669511246,0.028,-1.698659842159398,0.03333333333333333,0.0,-0.0
1743667068.164555,0.0,-94.0,270.0,,0.0488966669511246,0.028,-1.698659842159398,0.03333333333333333,0.0,-0.0
1743667068.360371,0.0,-94.0,270.0,,0.0488966669511246,0.028,-1.698659842159398,0.03333333333333333,0.0,-0.0
1743667068.5576322,0.0,-94.0,270.0,,0.0488966669511246,0.028,-1.698659842159398,0.03333333333333333,0.0,-0.0
1743667068.757395,0.0,-94.0,270.0,,0.0488966669511246,0.028,-1.698659842159398,0.03333333333333333,0.0,-0.0
1743667068.9604206,0.0,-94.0,270.0,,0.0488966669511246,0.028,-1.698659842159398,0.03333333333333333,0.0,-0.0
1743667069.1587536,0.0,-94.0,270.0,,0.0488966669511246,0.028,-1.698659842159398,0.03333333333333333,0.0,-0.0
1743667069.3572736,0.0,-94.0,270.0,,0.0488966669511246,0.028,-1.698659842159398,0.03333333333333333,0.0,-0.0
1743667069.5541391,0.0,-94.0,270.0,,0.0488966669511246,0.028,-1.698659842159398,0.03333333333333333,0.0,-0.0
1743667069.7547896,0.0,-94.0,270.0,,0.0488966669511246,0.028,-1.698659842159398,0.03333333333333333,0.0,-0.0
1743667069.9941964,0.0,-94.0,270.0,,0.0488966669511246,0.028,-1.698659842159398,0.03333333333333333,0.0,-0.0
1743667070.2373085,0.0,-94.0,270.0,,0.0488966669511246,0.028,-1.698659842159398,0.03333333333333333,0.0,-0.0
1743667070.460072,0.0,-94.0,270.0,,0.0488966669511246,0.028,-1.698659842159398,0.03333333333333333,0.0,-0.0
1743667070.6721394,0.0,-94.0,270.0,,0.0488966669511246,0.028,-1.698659842159398,0.03333333333333333,0.0,-0.0
1743667070.8777547,0.0,-94.0,270.0,,0.0488966669511246,0.028,-1.698659842159398,0.03333333333333333,0.0,-0.0
1743667071.0876055,0.0,-94.0,270.0,,0.0488966669511246,0.028,-1.698659842159398,0.03333333333333333,0.0,-0.0
1743667071.3019328,0.0,-94.0,270.0,,0.0488966669511246,0.028,-1.698659842159398,0.03333333333333333,0.0,-0.0
1743667071.50656,0.0,-94.0,270.0,,0.0488966669511246,0.028,-1.698659842159398,0.03333333333333333,0.0,-0.0
1743667071.717385,0.0,-94.0,270.0,,0.0488966669511246,0.028,-1.698659842159398,0.03333333333333333,0.0,-0.0
1743667071.9263237,0.0,-94.0,270.0,,0.0488966669511246,0.028,-1.698659842159398,0.03333333333333333,0.0,-0.0
1743667072.132337,0.0,-94.0,270.0,,0.0488966669511246,0.028,-1.698659842159398,0.03333333333333333,0.0,-0.0
1743667072.3363063,0.0,-94.0,270.0,,0.0488966669511246,0.028,-1.698659842159398,0.03333333333333333,0.0,-0.0
1743667072.5391479,0.0,-94.0,270.0,,0.0488966669511246,0.028,-1.698659842159398,0.03333333333333333,0.0,-0.0
1743667072.7417986,0.0,-94.0,270.0,,0.0488966669511246,0.028,-1.698659842159398,0.03333333333333333,0.0,-0.0
1743667072.9509428,0.0,-94.0,270.0,,0.0488966669511246,0.028,-1.698659842159398,0.03333333333333333,0.0,-0.0
1743667073.1864233,0.0,-94.0,270.0,,0.0488966669511246,0.028,-1.698659842159398,0.03333333333333333,0.0,-0.0
1743667073.42347,0.0,-94.0,270.0,,0.0488966669511246,0.028,-1.698659842159398,0.03333333333333333,0.0,-0.0
1743667073.67413,0.0,-94.0,270.0,,0.0488966669511246,0.028,-1.698659842159398,0.03333333333333333,0.0,-0.0
1743667073.9324636,0.0,-94.0,270.0,,0.0488966669511246,0.028,-1.698659842159398,0.03333333333333333,0.0,-0.0
1743667074.1602635,0.0,-94.0,270.0,,0.0488966669511246,0.028,-1.698659842159398,0.03333333333333333,0.0,-0.0
1743667074.3776004,0.0,-94.0,270.0,,0.0488966669511246,0.028,-1.698659842159398,0.03333333333333333,0.0,-0.0
1743667074.58783,0.0,-94.0,270.0,,0.0488966669511246,0.028,-1.698659842159398,0.03333333333333333,0.0,-0.0
1743667074.7970612,0.0,-94.0,270.0,,0.0488966669511246,0.028,-1.698659842159398,0.03333333333333333,0.0,-0.0
1743667075.008379,0.0,-94.0,270.0,,0.0488966669511246,0.028,-1.698659842159398,0.03333333333333333,0.0,-0.0
1743667075.2112164,0.0,-94.0,270.0,,0.0488966669511246,0.028,-1.698659842159398,0.03333333333333333,0.0,-0.0
1743667075.4134035,0.0,-94.0,270.0,,0.0488966669511246,0.028,-1.698659842159398,0.03333333333333333,0.0,-0.0
1743667075.6110654,0.0,-94.0,270.0,,0.0488966669511246,0.028,-1.698659842159398,0.03333333333333333,0.0,-0.0
1743667075.810787,0.0,-94.0,270.0,,0.0488966669511246,0.028,-1.698659842159398,0.03333333333333333,0.0,-0.0
1743667076.0140111,0.0,-94.0,270.0,,0.0488966669511246,0.028,-1.698659842159398,0.03333333333333333,0.0,-0.0
1743667076.211341,0.0,-94.0,270.0,,0.0488966669511246,0.028,-1.698659842159398,0.03333333333333333,0.0,-0.0
1743667076.4081705,0.0,-94.0,270.0,,0.0488966669511246,0.028,-1.698659842159398,0.03333333333333333,0.0,-0.0
1743667076.6090481,0.0,-94.0,270.0,,0.0488966669511246,0.028,-1.698659842159398,0.03333333333333333,0.0,-0.0
1743667076.8141072,0.0,-94.0,270.0,,0.0488966669511246,0.028,-1.698659842159398,0.03333333333333333,0.0,-0.0
1743667077.0462208,0.0,-94.0,270.0,,0.0488966669511246,0.028,-1.698659842159398,0.03333333333333333,0.0,-0.0
1743667077.2837267,0.0,-94.0,270.0,,0.0488966669511246,0.028,-1.698659842159398,0.03333333333333333,0.0,-0.0
1743667077.4987833,0.0,-94.0,270.0,,0.0488966669511246,0.028,-1.698659842159398,0.03333333333333333,0.0,-0.0
1743667077.7043483,0.0,-94.0,270.0,,0.0488966669511246,0.028,-1.698659842159398,0.03333333333333333,0.0,-0.0
1743667077.908069,0.0,-94.0,270.0,,0.0488966669511246,0.028,-1.698659842159398,0.03333333333333333,0.0,-0.0
1743667078.1119473,0.0,-94.0,270.0,,0.0488966669511246,0.028,-1.698659842159398,0.03333333333333333,0.0,-0.0
1743667078.3157973,0.0,-94.0,270.0,,0.0488966669511246,0.028,-1.698659842159398,0.03333333333333333,0.0,-0.0
1743667078.5148454,0.0,-94.0,270.0,,0.0488966669511246,0.028,-1.698659842159398,0.03333333333333333,0.0,-0.0
1743667078.7104163,0.0,-94.0,270.0,,0.0488966669511246,0.028,-1.698659842159398,0.03333333333333333,0.0,-0.0
1743667078.9108903,0.0,-94.0,270.0,,0.0488966669511246,0.028,-1.698659842159398,0.03333333333333333,0.0,-0.0
1743667079.1102731,0.0,-94.0,270.0,,0.0488966669511246,0.028,-1.698659842159398,0.03333333333333333,0.0,-0.0
1743667079.3517861,0.0,-94.0,270.0,,0.0488966669511246,0.028,-1.698659842159398,0.03333333333333333,0.0,-0.0
1743667079.6032836,0.0,-94.0,270.0,,0.0488966669511246,0.028,-1.698659842159398,0.03333333333333333,0.0,-0.0
1743667079.8412569,0.0,-94.0,270.0,,0.0488966669511246,0.028,-1.698659842159398,0.03333333333333333,0.0,-0.0
1743667080.076163,0.0,-94.0,270.0,,0.0488966669511246,0.028,-1.698659842159398,0.03333333333333333,0.0,-0.0
1743667080.3214135,0.0,-94.0,270.0,,0.0488966669511246,0.028,-1.698659842159398,0.03333333333333333,0.0,-0.0
1743667080.5680823,0.0,-94.0,270.0,,0.0488966669511246,0.028,-1.698659842159398,0.03333333333333333,0.0,-0.0
1743667080.7932916,0.0,-94.0,270.0,,0.0488966669511246,0.028,-1.698659842159398,0.03333333333333333,0.0,-0.0
1743667081.02238,0.0,-94.0,270.0,,0.0488966669511246,0.028,-1.698659842159398,0.03333333333333333,0.0,-0.0
1743667081.2395918,0.0,-94.0,270.0,,0.0488966669511246,0.028,-1.698659842159398,0.03333333333333333,0.0,-0.0
1743667081.448038,0.0,-94.0,270.0,,0.0488966669511246,0.028,-1.698659842159398,0.03333333333333333,0.0,-0.0
1743667081.6513703,0.0,-94.0,270.0,,0.0488966669511246,0.028,-1.698659842159398,0.03333333333333333,0.0,-0.0
1743667081.8678985,0.0,-94.0,270.0,,0.0488966669511246,0.028,-1.698659842159398,0.03333333333333333,0.0,-0.0
1743667082.1065037,0.0,-94.0,270.0,,0.0488966669511246,0.028,-1.698659842159398,0.03333333333333333,0.0,-0.0
1743667082.3224082,0.0,-94.0,270.0,,0.0488966669511246,0.028,-1.698659842159398,0.03333333333333333,0.0,-0.0
1743667082.5295823,0.0,-94.0,270.0,,0.0488966669511246,0.028,-1.698659842159398,0.03333333333333333,0.0,-0.0
1743667082.764853,0.0,-94.0,270.0,,0.0488966669511246,0.028,-1.698659842159398,0.03333333333333333,0.0,-0.0
1743667083.0034254,0.0,-94.0,270.0,,0.0488966669511246,0.028,-1.698659842159398,0.03333333333333333,0.0,-0.0
1743667083.2233694,0.0,-94.0,270.0,,0.0488966669511246,0.028,-1.698659842159398,0.03333333333333333,0.0,-0.0
1743667083.4338999,0.0,-94.0,270.0,,0.0488966669511246,0.028,-1.698659842159398,0.03333333333333333,0.0,-0.0
1743667083.6387546,0.0,-94.0,270.0,,0.0488966669511246,0.028,-1.698659842159398,0.03333333333333333,0.0,-0.0
1743667083.8619819,0.0,-94.0,270.0,,0.0488966669511246,0.028,-1.698659842159398,0.03333333333333333,0.0,-0.0
1743667084.0769827,0.0,-94.0,270.0,,0.0488966669511246,0.028,-1.698659842159398,0.03333333333333333,0.0,-0.0
1743667084.283126,0.0,-94.0,270.0,,0.0488966669511246,0.028,-1.698659842159398,0.03333333333333333,0.0,-0.0
1743667084.4914472,0.0,-94.0,270.0,,0.0488966669511246,0.028,-1.698659842159398,0.03333333333333333,0.0,-0.0
1743667084.7029839,0.0,-94.0,270.0,,0.0488966669511246,0.028,-1.698659842159398,0.03333333333333333,0.0,-0.0
1743667084.9061322,0.0,-94.0,270.0,,0.0488966669511246,0.028,-1.698659842159398,0.03333333333333333,0.0,-0.0
1743667085.1081095,0.0,-94.0,270.0,,0.0488966669511246,0.028,-1.698659842159398,0.03333333333333333,0.0,-0.0
1743667085.311211,0.0,-94.0,270.0,,0.0488966669511246,0.028,-1.698659842159398,0.03333333333333333,0.0,-0.0
1743667085.5106053,0.0,-94.0,270.0,,0.0488966669511246,0.028,-1.698659842159398,0.03333333333333333,0.0,-0.0
1743667085.7196789,0.0,-94.0,270.0,,0.0488966669511246,0.028,-1.698659842159398,0.03333333333333333,0.0,-0.0
1743667085.951654,0.0,-94.0,270.0,,0.0488966669511246,0.028,-1.698659842159398,0.03333333333333333,0.0,-0.0
1743667086.1903493,0.0,-94.0,270.0,,0.0488966669511246,0.028,-1.698659842159398,0.03333333333333333,0.0,-0.0
1743667086.4123032,0.0,-94.0,270.0,,0.0488966669511246,0.028,-1.698659842159398,0.03333333333333333,0.0,-0.0
1743667086.6228595,0.0,-94.0,270.0,,0.0488966669511246,0.028,-1.698659842159398,0.03333333333333333,0.0,-0.0
1743667086.826952,0.0,-94.0,270.0,,0.0488966669511246,0.028,-1.698659842159398,0.03333333333333333,0.0,-0.0
1743667087.0286038,0.0,-94.0,270.0,,0.0488966669511246,0.028,-1.698659842159398,0.03333333333333333,0.0,-0.0
1743667087.2252018,0.0,-94.0,270.0,,0.0488966669511246,0.028,-1.698659842159398,0.03333333333333333,0.0,-0.0
1743667087.422118,0.0,-94.0,270.0,,0.0488966669511246,0.028,-1.698659842159398,0.03333333333333333,0.0,-0.0
1743667087.6189682,0.0,-94.0,270.0,,0.0488966669511246,0.028,-1.698659842159398,0.03333333333333333,0.0,-0.0
1743667087.8137383,0.0,-94.0,270.0,,0.0488966669511246,0.028,-1.698659842159398,0.03333333333333333,0.0,-0.0
1743667088.010452,0.0,-94.0,270.0,,0.0488966669511246,0.028,-1.698659842159398,0.03333333333333333,0.0,-0.0
1743667088.2068605,0.0,-94.0,270.0,,0.0488966669511246,0.028,-1.698659842159398,0.03333333333333333,0.0,-0.0
1743667088.4017842,0.0,-94.0,270.0,,0.0488966669511246,0.028,-1.698659842159398,0.03333333333333333,0.0,-0.0
1743667088.5990198,0.0,-94.0,270.0,,0.0488966669511246,0.028,-1.698659842159398,0.03333333333333333,0.0,-0.0
1743667088.7963603,0.0,-94.0,270.0,,0.0488966669511246,0.028,-1.698659842159398,0.03333333333333333,0.0,-0.0
1743667088.9922316,0.0,-94.0,270.0,,0.0488966669511246,0.028,-1.698659842159398,0.03333333333333333,0.0,-0.0
1743667089.1899936,0.0,-94.0,270.0,,0.0488966669511246,0.028,-1.698659842159398,0.03333333333333333,0.0,-0.0
1743667089.385268,0.0,-94.0,270.0,,0.0488966669511246,0.028,-1.698659842159398,0.03333333333333333,0.0,-0.0
1743667089.5803185,0.0,-94.0,270.0,,0.0488966669511246,0.028,-1.698659842159398,0.03333333333333333,0.0,-0.0
1743667089.779716,0.0,-94.0,270.0,,0.0488966669511246,0.028,-1.698659842159398,0.03333333333333333,0.0,-0.0
1743667089.9750369,0.0,-94.0,270.0,,0.0488966669511246,0.028,-1.698659842159398,0.03333333333333333,0.0,-0.0
1743667090.1943824,0.0,-94.0,270.0,,0.0488966669511246,0.028,-1.698659842159398,0.03333333333333333,0.0,-0.0
1743667090.433032,0.0,-94.0,270.0,,0.0488966669511246,0.028,-1.698659842159398,0.03333333333333333,0.0,-0.0
1743667090.667355,0.0,-94.0,270.0,,0.0488966669511246,0.028,-1.698659842159398,0.03333333333333333,0.0,-0.0
1743667090.887295,0.0,-94.0,270.0,,0.0488966669511246,0.028,-1.698659842159398,0.03333333333333333,0.0,-0.0
1743667091.096201,0.0,-94.0,270.0,,0.0488966669511246,0.028,-1.698659842159398,0.03333333333333333,0.0,-0.0
1743667091.299097,0.0,-94.0,270.0,,0.0488966669511246,0.028,-1.698659842159398,0.03333333333333333,0.0,-0.0
1743667091.5020053,0.0,-94.0,270.0,,0.0488966669511246,0.028,-1.698659842159398,0.03333333333333333,0.0,-0.0
1743667091.7043102,0.0,-94.0,270.0,,0.0488966669511246,0.028,-1.698659842159398,0.03333333333333333,0.0,-0.0
1743667091.9272616,0.0,-94.0,270.0,,0.0488966669511246,0.028,-1.698659842159398,0.03333333333333333,0.0,-0.0
1743667092.1679387,0.0,-94.0,270.0,,0.0488966669511246,0.028,-1.698659842159398,0.03333333333333333,0.0,-0.0
1743667092.3893428,0.0,-94.0,270.0,,0.0488966669511246,0.028,-1.698659842159398,0.03333333333333333,0.0,-0.0
1743667092.5996962,0.0,-94.0,270.0,,0.0488966669511246,0.028,-1.698659842159398,0.03333333333333333,0.0,-0.0
1743667092.802005,0.0,-94.0,270.0,,0.0488966669511246,0.028,-1.698659842159398,0.03333333333333333,0.0,-0.0
1743667093.0036716,0.0,-94.0,270.0,,0.0488966669511246,0.028,-1.698659842159398,0.03333333333333333,0.0,-0.0
1743667093.2611887,0.0,-94.0,270.0,,0.0488966669511246,0.028,-1.698659842159398,0.03333333333333333,0.0,-0.0
1743667093.503285,0.0,-94.0,270.0,,0.0488966669511246,0.028,-1.698659842159398,0.03333333333333333,0.0,-0.0
1743667093.7191334,0.0,-94.0,270.0,,0.0488966669511246,0.028,-1.698659842159398,0.03333333333333333,0.0,-0.0
1743667093.926921,0.0,-94.0,270.0,,0.0488966669511246,0.028,-1.698659842159398,0.03333333333333333,0.0,-0.0
1743667094.1614316,0.0,-94.0,270.0,,0.0488966669511246,0.028,-1.698659842159398,0.03333333333333333,0.0,-0.0
1743667094.4260812,0.0,-94.0,270.0,,0.0488966669511246,0.028,-1.698659842159398,0.03333333333333333,0.0,-0.0
1743667094.6794214,0.0,-94.0,270.0,,0.0488966669511246,0.028,-1.698659842159398,0.03333333333333333,0.0,-0.0
1743667094.9008236,0.0,-94.0,270.0,,0.0488966669511246,0.028,-1.698659842159398,0.03333333333333333,0.0,-0.0
1743667095.1270273,0.0,-94.0,270.0,,0.0488966669511246,0.028,-1.698659842159398,0.03333333333333333,0.0,-0.0
1743667095.347932,0.0,-94.0,270.0,,0.0488966669511246,0.028,-1.698659842159398,0.03333333333333333,0.0,-0.0
1743667095.5771766,0.0,-94.0,270.0,,0.0488966669511246,0.028,-1.698659842159398,0.03333333333333333,0.0,-0.0
1743667095.8373637,0.0,-94.0,270.0,,0.0488966669511246,0.028,-1.698659842159398,0.03333333333333333,0.0,-0.0
1743667096.097616,0.0,-94.0,270.0,,0.0488966669511246,0.028,-1.698659842159398,0.03333333333333333,0.0,-0.0
1743667096.3157642,0.0,-94.0,270.0,,0.0488966669511246,0.028,-1.698659842159398,0.03333333333333333,0.0,-0.0
1743667096.5233226,0.0,-94.0,270.0,,0.0488966669511246,0.028,-1.698659842159398,0.03333333333333333,0.0,-0.0
1743667096.7251933,0.0,-94.0,270.0,,0.0488966669511246,0.028,-1.698659842159398,0.03333333333333333,0.0,-0.0
1743667096.9261768,0.0,-94.0,270.0,,0.0488966669511246,0.028,-1.698659842159398,0.03333333333333333,0.0,-0.0
1743667097.1246507,0.0,-94.0,270.0,,0.0488966669511246,0.028,-1.698659842159398,0.03333333333333333,0.0,-0.0
1743667097.3205326,0.0,-94.0,270.0,,0.0488966669511246,0.028,-1.698659842159398,0.03333333333333333,0.0,-0.0
1743667097.517041,0.0,-94.0,270.0,,0.0488966669511246,0.028,-1.698659842159398,0.03333333333333333,0.0,-0.0
1743667097.7212374,0.0,-94.0,270.0,,0.0488966669511246,0.028,-1.698659842159398,0.03333333333333333,0.0,-0.0
1743667097.9183142,0.0,-94.0,270.0,,0.0488966669511246,0.028,-1.698659842159398,0.03333333333333333,0.0,-0.0
1743667098.1156573,0.0,-94.0,270.0,,0.0488966669511246,0.028,-1.698659842159398,0.03333333333333333,0.0,-0.0
1743667098.3103237,0.0,-94.0,270.0,,0.0488966669511246,0.028,-1.698659842159398,0.03333333333333333,0.0,-0.0
1743667098.5131924,0.0,-94.0,270.0,,0.0488966669511246,0.028,-1.698659842159398,0.03333333333333333,0.0,-0.0
1743667098.735342,0.0,-94.0,270.0,,0.0488966669511246,0.028,-1.698659842159398,0.03333333333333333,0.0,-0.0
1743667098.9744241,0.0,-94.0,270.0,,0.0488966669511246,0.028,-1.698659842159398,0.03333333333333333,0.0,-0.0
1743667099.2297146,0.0,-94.0,270.0,,0.0488966669511246,0.028,-1.698659842159398,0.03333333333333333,0.0,-0.0
1743667099.4635022,0.0,-94.0,270.0,,0.0488966669511246,0.028,-1.698659842159398,0.03333333333333333,0.0,-0.0
1743667099.6845465,0.0,-94.0,270.0,,0.0488966669511246,0.028,-1.698659842159398,0.03333333333333333,0.0,-0.0
1743667099.8941698,0.0,-94.0,270.0,,0.0488966669511246,0.028,-1.698659842159398,0.03333333333333333,0.0,-0.0
1743667100.0999637,0.0,-94.0,270.0,,0.0488966669511246,0.028,-1.698659842159398,0.03333333333333333,0.0,-0.0
1743667100.3026896,0.0,-94.0,270.0,,0.0488966669511246,0.028,-1.698659842159398,0.03333333333333333,0.0,-0.0
1743667100.4992514,0.0,-94.0,270.0,,0.0488966669511246,0.028,-1.698659842159398,0.03333333333333333,0.0,-0.0
1743667100.7183154,0.0,-94.0,270.0,,0.0488966669511246,0.028,-1.698659842159398,0.03333333333333333,0.0,-0.0
1743667100.9631407,0.0,-94.0,270.0,,0.0488966669511246,0.028,-1.698659842159398,0.03333333333333333,0.0,-0.0
1743667101.1907735,0.0,-94.0,270.0,,0.0488966669511246,0.028,-1.698659842159398,0.03333333333333333,0.0,-0.0
1743667101.4016774,0.0,-94.0,270.0,,0.0488966669511246,0.028,-1.698659842159398,0.03333333333333333,0.0,-0.0
1743667101.6056423,0.0,-94.0,270.0,,0.0488966669511246,0.028,-1.698659842159398,0.03333333333333333,0.0,-0.0
1743667101.8079524,0.0,-94.0,270.0,,0.0488966669511246,0.028,-1.698659842159398,0.03333333333333333,0.0,-0.0
1743667102.0074658,0.0,-94.0,270.0,,0.0488966669511246,0.028,-1.698659842159398,0.03333333333333333,0.0,-0.0
1743667102.2037797,0.0,-94.0,270.0,,0.0488966669511246,0.028,-1.698659842159398,0.03333333333333333,0.0,-0.0
1743667102.4001722,0.0,-94.0,270.0,,0.0488966669511246,0.028,-1.698659842159398,0.03333333333333333,0.0,-0.0
1743667102.5965872,0.0,-94.0,270.0,,0.0488966669511246,0.028,-1.698659842159398,0.03333333333333333,0.0,-0.0
1743667102.7927566,0.0,-94.0,270.0,,0.0488966669511246,0.028,-1.698659842159398,0.03333333333333333,0.0,-0.0
1743667102.9893825,0.0,-94.0,270.0,,0.0488966669511246,0.028,-1.698659842159398,0.03333333333333333,0.0,-0.0
1743667103.1894135,0.0,-94.0,270.0,,0.0488966669511246,0.028,-1.698659842159398,0.03333333333333333,0.0,-0.0
1743667103.3882072,0.0,-94.0,270.0,,0.0488966669511246,0.028,-1.698659842159398,0.03333333333333333,0.0,-0.0
1743667103.589341,0.0,-94.0,270.0,,0.0488966669511246,0.028,-1.698659842159398,0.03333333333333333,0.0,-0.0
1743667103.785161,0.0,-94.0,270.0,,0.0488966669511246,0.028,-1.698659842159398,0.03333333333333333,0.0,-0.0
1743667103.9820068,0.0,-94.0,270.0,,0.0488966669511246,0.028,-1.698659842159398,0.03333333333333333,0.0,-0.0
1743667104.1792994,0.0,-94.0,270.0,,0.0488966669511246,0.028,-1.698659842159398,0.03333333333333333,0.0,-0.0
1743667104.3745604,0.0,-94.0,270.0,,0.0488966669511246,0.028,-1.698659842159398,0.03333333333333333,0.0,-0.0
1743667104.5713513,0.0,-94.0,270.0,,0.0488966669511246,0.028,-1.698659842159398,0.03333333333333333,0.0,-0.0
1743667104.768888,0.0,-94.0,270.0,,0.0488966669511246,0.028,-1.698659842159398,0.03333333333333333,0.0,-0.0
1743667104.9649248,0.0,-94.0,270.0,,0.0488966669511246,0.028,-1.698659842159398,0.03333333333333333,0.0,-0.0
1743667105.1635199,0.0,-94.0,270.0,,0.0488966669511246,0.028,-1.698659842159398,0.03333333333333333,0.0,-0.0
1743667105.3597615,0.0,-94.0,270.0,,0.0488966669511246,0.028,-1.698659842159398,0.03333333333333333,0.0,-0.0
1743667105.5568147,0.0,-94.0,270.0,,0.0488966669511246,0.028,-1.698659842159398,0.03333333333333333,0.0,-0.0
1743667105.7612505,0.0,-94.0,270.0,,0.0488966669511246,0.028,-1.698659842159398,0.03333333333333333,0.0,-0.0
1743667105.9841025,0.0,-94.0,270.0,,0.0488966669511246,0.028,-1.698659842159398,0.03333333333333333,0.0,-0.0
1743667106.252601,0.0,-94.0,270.0,,0.0488966669511246,0.028,-1.698659842159398,0.03333333333333333,0.0,-0.0
1743667106.492974,0.0,-94.0,270.0,,0.0488966669511246,0.028,-1.698659842159398,0.03333333333333333,0.0,-0.0
1743667106.7108212,0.0,-94.0,270.0,,0.0488966669511246,0.028,-1.698659842159398,0.03333333333333333,0.0,-0.0
1743667106.9220803,0.0,-94.0,270.0,,0.0488966669511246,0.028,-1.698659842159398,0.03333333333333333,0.0,-0.0
1743667107.124281,0.0,-94.0,270.0,,0.0488966669511246,0.028,-1.698659842159398,0.03333333333333333,0.0,-0.0
1743667107.327788,0.0,-94.0,270.0,,0.0488966669511246,0.028,-1.698659842159398,0.03333333333333333,0.0,-0.0
1743667107.5303614,0.0,-94.0,270.0,,0.0488966669511246,0.028,-1.698659842159398,0.03333333333333333,0.0,-0.0
1743667107.7272239,0.0,-94.0,270.0,,0.0488966669511246,0.028,-1.698659842159398,0.03333333333333333,0.0,-0.0
1743667107.9309633,0.0,-94.0,270.0,,0.0488966669511246,0.028,-1.698659842159398,0.03333333333333333,0.0,-0.0
1743667108.176354,0.0,-94.0,270.0,,0.0488966669511246,0.028,-1.698659842159398,0.03333333333333333,0.0,-0.0
1743667108.41401,0.0,-94.0,270.0,,0.0488966669511246,0.028,-1.698659842159398,0.03333333333333333,0.0,-0.0
1743667108.63193,0.0,-94.0,270.0,,0.0488966669511246,0.028,-1.698659842159398,0.03333333333333333,0.0,-0.0
1743667108.8727753,0.0,-94.0,270.0,,0.0488966669511246,0.028,-1.698659842159398,0.03333333333333333,0.0,-0.0
1743667109.1131525,0.0,-94.0,270.0,,0.0488966669511246,0.028,-1.698659842159398,0.03333333333333333,0.0,-0.0
1743667109.3330724,0.0,-94.0,270.0,,0.0488966669511246,0.028,-1.698659842159398,0.03333333333333333,0.0,-0.0
1743667109.5424395,0.0,-94.0,270.0,,0.0488966669511246,0.028,-1.698659842159398,0.03333333333333333,0.0,-0.0
1743667109.747066,0.0,-94.0,270.0,,0.0488966669511246,0.028,-1.698659842159398,0.03333333333333333,0.0,-0.0
1743667109.9768195,0.0,-94.0,270.0,,0.0488966669511246,0.028,-1.698659842159398,0.03333333333333333,0.0,-0.0
1743667110.2243657,0.0,-94.0,270.0,,0.0488966669511246,0.028,-1.698659842159398,0.03333333333333333,0.0,-0.0
1743667110.5068123,0.0,-94.0,270.0,,0.0488966669511246,0.028,-1.698659842159398,0.03333333333333333,0.0,-0.0
1743667110.7908008,0.0,-94.0,270.0,,0.0488966669511246,0.028,-1.698659842159398,0.03333333333333333,0.0,-0.0
1743667111.0853622,0.0,-94.0,270.0,,0.0488966669511246,0.028,-1.698659842159398,0.03333333333333333,0.0,-0.0
1743667111.3855617,0.0,-94.0,270.0,,0.0488966669511246,0.028,-1.698659842159398,0.03333333333333333,0.0,-0.0
1743667111.6767423,0.0,-94.0,270.0,,0.0488966669511246,0.028,-1.698659842159398,0.03333333333333333,0.0,-0.0
1743667111.9872742,0.0,-94.0,270.0,,0.0488966669511246,0.028,-1.698659842159398,0.03333333333333333,0.0,-0.0
1743667112.3042803,0.0,-94.0,270.0,,0.0488966669511246,0.028,-1.698659842159398,0.03333333333333333,0.0,-0.0
1743667112.5837514,0.0,-94.0,270.0,,0.0488966669511246,0.028,-1.698659842159398,0.03333333333333333,0.0,-0.0
1743667112.8279142,0.0,-94.0,270.0,,0.0488966669511246,0.028,-1.698659842159398,0.03333333333333333,0.0,-0.0
1743667113.0458274,0.0,-94.0,270.0,,0.0488966669511246,0.028,-1.698659842159398,0.03333333333333333,0.0,-0.0
1743667113.2553265,0.0,-94.0,270.0,,0.0488966669511246,0.028,-1.698659842159398,0.03333333333333333,0.0,-0.0
1743667113.5327158,0.0,-94.0,270.0,,0.0488966669511246,0.028,-1.698659842159398,0.03333333333333333,0.0,-0.0
1743667113.7855127,0.0,-94.0,270.0,,0.0488966669511246,0.028,-1.698659842159398,0.03333333333333333,0.0,-0.0
1743667114.0085657,0.0,-94.0,270.0,,0.0488966669511246,0.028,-1.698659842159398,0.03333333333333333,0.0,-0.0
1743667114.2630959,0.0,-94.0,270.0,,0.0488966669511246,0.028,-1.698659842159398,0.03333333333333333,0.0,-0.0
1743667114.5191514,0.0,-94.0,270.0,,0.0488966669511246,0.028,-1.698659842159398,0.03333333333333333,0.0,-0.0
1743667114.7465136,0.0,-94.0,270.0,,0.0488966669511246,0.028,-1.698659842159398,0.03333333333333333,0.0,-0.0
1743667114.9583101,0.0,-94.0,270.0,,0.0488966669511246,0.028,-1.698659842159398,0.03333333333333333,0.0,-0.0
1743667115.16131,0.0,-94.0,270.0,,0.0488966669511246,0.028,-1.698659842159398,0.03333333333333333,0.0,-0.0
1743667115.371804,0.0,-94.0,270.0,,0.0488966669511246,0.028,-1.698659842159398,0.03333333333333333,0.0,-0.0
1743667115.6035738,0.0,-94.0,270.0,,0.0488966669511246,0.028,-1.698659842159398,0.03333333333333333,0.0,-0.0
1743667115.8470914,0.0,-94.0,270.0,,0.0488966669511246,0.028,-1.698659842159398,0.03333333333333333,0.0,-0.0
1743667116.0669878,0.0,-94.0,270.0,,0.0488966669511246,0.028,-1.698659842159398,0.03333333333333333,0.0,-0.0
1743667116.3011482,0.0,-94.0,270.0,,0.0488966669511246,0.028,-1.698659842159398,0.03333333333333333,0.0,-0.0
1743667116.5715263,0.0,-94.0,270.0,,0.0488966669511246,0.028,-1.698659842159398,0.03333333333333333,0.0,-0.0
1743667116.8060503,0.0,-94.0,270.0,,0.0488966669511246,0.028,-1.698659842159398,0.03333333333333333,0.0,-0.0
1743667117.0208025,0.0,-94.0,270.0,,0.0488966669511246,0.028,-1.698659842159398,0.03333333333333333,0.0,-0.0
1743667117.2272453,0.0,-94.0,270.0,,0.0488966669511246,0.028,-1.698659842159398,0.03333333333333333,0.0,-0.0
1743667117.4295857,0.0,-94.0,270.0,,0.0488966669511246,0.028,-1.698659842159398,0.03333333333333333,0.0,-0.0
1743667117.6468105,0.0,-94.0,270.0,,0.0488966669511246,0.028,-1.698659842159398,0.03333333333333333,0.0,-0.0
1743667117.890192,0.0,-94.0,270.0,,0.0488966669511246,0.028,-1.698659842159398,0.03333333333333333,0.0,-0.0
1743667118.1183598,0.0,-94.0,270.0,,0.0488966669511246,0.028,-1.698659842159398,0.03333333333333333,0.0,-0.0
1743667118.3307016,0.0,-94.0,270.0,,0.0488966669511246,0.028,-1.698659842159398,0.03333333333333333,0.0,-0.0
1743667118.535349,0.0,-94.0,270.0,,0.0488966669511246,0.028,-1.698659842159398,0.03333333333333333,0.0,-0.0
1743667118.7368834,0.0,-94.0,270.0,,0.0488966669511246,0.028,-1.698659842159398,0.03333333333333333,0.0,-0.0
1743667118.93396,0.0,-94.0,270.0,,0.0488966669511246,0.028,-1.698659842159398,0.03333333333333333,0.0,-0.0
1743667119.1306372,0.0,-94.0,270.0,,0.0488966669511246,0.028,-1.698659842159398,0.03333333333333333,0.0,-0.0
1743667119.3268876,0.0,-94.0,270.0,,0.0488966669511246,0.028,-1.698659842159398,0.03333333333333333,0.0,-0.0
1743667119.5303319,0.0,-94.0,270.0,,0.0488966669511246,0.028,-1.698659842159398,0.03333333333333333,0.0,-0.0
1743667119.771058,0.0,-94.0,270.0,,0.0488966669511246,0.028,-1.698659842159398,0.03333333333333333,0.0,-0.0
1743667120.0222428,0.0,-94.0,270.0,,0.0488966669511246,0.028,-1.698659842159398,0.03333333333333333,0.0,-0.0
1743667120.241007,0.0,-94.0,270.0,,0.0488966669511246,0.028,-1.698659842159398,0.03333333333333333,0.0,-0.0
1743667120.4504926,0.0,-94.0,270.0,,0.0488966669511246,0.028,-1.698659842159398,0.03333333333333333,0.0,-0.0
1743667120.6529388,0.0,-94.0,270.0,,0.0488966669511246,0.028,-1.698659842159398,0.03333333333333333,0.0,-0.0
1743667120.8855152,0.0,-94.0,270.0,,0.0488966669511246,0.028,-1.698659842159398,0.03333333333333333,0.0,-0.0
1743667121.1295373,0.0,-94.0,270.0,,0.0488966669511246,0.028,-1.698659842159398,0.03333333333333333,0.0,-0.0
1743667121.3511462,0.0,-94.0,270.0,,0.0488966669511246,0.028,-1.698659842159398,0.03333333333333333,0.0,-0.0
1743667121.5592294,0.0,-94.0,270.0,,0.0488966669511246,0.028,-1.698659842159398,0.03333333333333333,0.0,-0.0
1743667121.7612405,0.0,-94.0,270.0,,0.0488966669511246,0.028,-1.698659842159398,0.03333333333333333,0.0,-0.0
1743667121.9629145,0.0,-94.0,270.0,,0.0488966669511246,0.028,-1.698659842159398,0.03333333333333333,0.0,-0.0
1743667122.1643791,0.0,-94.0,270.0,,0.0488966669511246,0.028,-1.698659842159398,0.03333333333333333,0.0,-0.0
1743667122.364268,0.0,-94.0,270.0,,0.0488966669511246,0.028,-1.698659842159398,0.03333333333333333,0.0,-0.0
1743667122.5658734,0.0,-94.0,270.0,,0.0488966669511246,0.028,-1.698659842159398,0.03333333333333333,0.0,-0.0
1743667122.7769606,0.0,-94.0,270.0,,0.0488966669511246,0.028,-1.698659842159398,0.03333333333333333,0.0,-0.0
1743667122.9805284,0.0,-94.0,270.0,,0.0488966669511246,0.028,-1.698659842159398,0.03333333333333333,0.0,-0.0
1743667123.1835632,0.0,-94.0,270.0,,0.0488966669511246,0.028,-1.698659842159398,0.03333333333333333,0.0,-0.0
1743667123.3818262,0.0,-94.0,270.0,,0.0488966669511246,0.028,-1.698659842159398,0.03333333333333333,0.0,-0.0
1743667123.5800743,0.0,-94.0,270.0,,0.0488966669511246,0.028,-1.698659842159398,0.03333333333333333,0.0,-0.0
1743667123.7755597,0.0,-94.0,270.0,,0.0488966669511246,0.028,-1.698659842159398,0.03333333333333333,0.0,-0.0
1743667123.974272,0.0,-94.0,270.0,,0.0488966669511246,0.028,-1.698659842159398,0.03333333333333333,0.0,-0.0
1743667124.1757133,0.0,-94.0,270.0,,0.0488966669511246,0.028,-1.698659842159398,0.03333333333333333,0.0,-0.0
1743667124.376259,0.0,-94.0,270.0,,0.0488966669511246,0.028,-1.698659842159398,0.03333333333333333,0.0,-0.0
1743667124.5742073,0.0,-94.0,270.0,,0.0488966669511246,0.028,-1.698659842159398,0.03333333333333333,0.0,-0.0
1743667124.7702866,0.0,-94.0,270.0,,0.0488966669511246,0.028,-1.698659842159398,0.03333333333333333,0.0,-0.0
1743667124.9700937,0.0,-94.0,270.0,,0.0488966669511246,0.028,-1.698659842159398,0.03333333333333333,0.0,-0.0
1743667125.168245,0.0,-94.0,270.0,,0.0488966669511246,0.028,-1.698659842159398,0.03333333333333333,0.0,-0.0
1743667125.363814,0.0,-94.0,270.0,,0.0488966669511246,0.028,-1.698659842159398,0.03333333333333333,0.0,-0.0
1743667125.5631046,0.0,-94.0,270.0,,0.0488966669511246,0.028,-1.698659842159398,0.03333333333333333,0.0,-0.0
1743667125.759824,0.0,-94.0,270.0,,0.0488966669511246,0.028,-1.698659842159398,0.03333333333333333,0.0,-0.0
1743667125.957327,0.0,-94.0,270.0,,0.0488966669511246,0.028,-1.698659842159398,0.03333333333333333,0.0,-0.0
1743667126.1547792,0.0,-94.0,270.0,,0.0488966669511246,0.028,-1.698659842159398,0.03333333333333333,0.0,-0.0
1743667126.3540263,0.0,-94.0,270.0,,0.0488966669511246,0.028,-1.698659842159398,0.03333333333333333,0.0,-0.0
1743667126.5506668,0.0,-94.0,270.0,,0.0488966669511246,0.028,-1.698659842159398,0.03333333333333333,0.0,-0.0
1743667126.7488053,0.0,-94.0,270.0,,0.0488966669511246,0.028,-1.698659842159398,0.03333333333333333,0.0,-0.0
1743667126.9448035,0.0,-94.0,270.0,,0.0488966669511246,0.028,-1.698659842159398,0.03333333333333333,0.0,-0.0
1743667127.1438906,0.0,-94.0,270.0,,0.0488966669511246,0.028,-1.698659842159398,0.03333333333333333,0.0,-0.0
1743667127.3432798,0.0,-94.0,270.0,,0.0488966669511246,0.028,-1.698659842159398,0.03333333333333333,0.0,-0.0
1743667127.5415082,0.0,-94.0,270.0,,0.0488966669511246,0.028,-1.698659842159398,0.03333333333333333,0.0,-0.0
1743667127.7558534,0.0,-94.0,270.0,,0.0488966669511246,0.028,-1.698659842159398,0.03333333333333333,0.0,-0.0
1743667127.9734857,0.0,-94.0,270.0,,0.0488966669511246,0.028,-1.698659842159398,0.03333333333333333,0.0,-0.0
1743667128.1899817,0.0,-94.0,270.0,,0.0488966669511246,0.028,-1.698659842159398,0.03333333333333333,0.0,-0.0
1743667128.4073696,0.0,-94.0,270.0,,0.0488966669511246,0.028,-1.698659842159398,0.03333333333333333,0.0,-0.0
1743667128.613925,0.0,-94.0,270.0,,0.0488966669511246,0.028,-1.698659842159398,0.03333333333333333,0.0,-0.0
1743667128.8160977,0.0,-94.0,270.0,,0.0488966669511246,0.028,-1.698659842159398,0.03333333333333333,0.0,-0.0
1743667129.018356,0.0,-94.0,270.0,,0.0488966669511246,0.028,-1.698659842159398,0.03333333333333333,0.0,-0.0
1743667129.215641,0.0,-94.0,270.0,,0.0488966669511246,0.028,-1.698659842159398,0.03333333333333333,0.0,-0.0
1743667129.4172168,0.0,-94.0,270.0,,0.0488966669511246,0.028,-1.698659842159398,0.03333333333333333,0.0,-0.0
1743667129.6180277,0.0,-94.0,270.0,,0.0488966669511246,0.028,-1.698659842159398,0.03333333333333333,0.0,-0.0
1743667129.8189583,0.0,-94.0,270.0,,0.0488966669511246,0.028,-1.698659842159398,0.03333333333333333,0.0,-0.0
1743667130.019147,0.0,-94.0,270.0,,0.0488966669511246,0.028,-1.698659842159398,0.03333333333333333,0.0,-0.0
1743667130.2159684,0.0,-94.0,270.0,,0.0488966669511246,0.028,-1.698659842159398,0.03333333333333333,0.0,-0.0
1743667130.4132607,0.0,-94.0,270.0,,0.0488966669511246,0.028,-1.698659842159398,0.03333333333333333,0.0,-0.0
1743667130.609822,0.0,-94.0,270.0,,0.0488966669511246,0.028,-1.698659842159398,0.03333333333333333,0.0,-0.0
1743667130.8091023,0.0,-94.0,270.0,,0.0488966669511246,0.028,-1.698659842159398,0.03333333333333333,0.0,-0.0
1743667131.005514,0.0,-94.0,270.0,,0.0488966669511246,0.028,-1.698659842159398,0.03333333333333333,0.0,-0.0
1743667131.2044334,0.0,-94.0,270.0,,0.0488966669511246,0.028,-1.698659842159398,0.03333333333333333,0.0,-0.0
1743667131.4049811,0.0,-94.0,270.0,,0.0488966669511246,0.028,-1.698659842159398,0.03333333333333333,0.0,-0.0
1743667131.6020823,0.0,-94.0,270.0,,0.0488966669511246,0.028,-1.698659842159398,0.03333333333333333,0.0,-0.0
1743667131.801988,0.0,-94.0,270.0,,0.0488966669511246,0.028,-1.698659842159398,0.03333333333333333,0.0,-0.0
1743667131.9999845,0.0,-94.0,270.0,,0.0488966669511246,0.028,-1.698659842159398,0.03333333333333333,0.0,-0.0
1743667132.2012138,0.0,-94.0,270.0,,0.0488966669511246,0.028,-1.698659842159398,0.03333333333333333,0.0,-0.0
1743667132.3998997,0.0,-94.0,270.0,,0.0488966669511246,0.028,-1.698659842159398,0.03333333333333333,0.0,-0.0
1743667132.5973186,0.0,-94.0,270.0,,0.0488966669511246,0.028,-1.698659842159398,0.03333333333333333,0.0,-0.0
1743667132.7951558,0.0,-94.0,270.0,,0.0488966669511246,0.028,-1.698659842159398,0.03333333333333333,0.0,-0.0
1743667132.9913304,0.0,-94.0,270.0,,0.0488966669511246,0.028,-1.698659842159398,0.03333333333333333,0.0,-0.0
1743667133.1879168,0.0,-94.0,270.0,,0.0488966669511246,0.028,-1.698659842159398,0.03333333333333333,0.0,-0.0
1743667133.386129,0.0,-94.0,270.0,,0.0488966669511246,0.028,-1.698659842159398,0.03333333333333333,0.0,-0.0
1743667133.583263,0.0,-94.0,270.0,,0.0488966669511246,0.028,-1.698659842159398,0.03333333333333333,0.0,-0.0
1743667133.7787473,0.0,-94.0,270.0,,0.0488966669511246,0.028,-1.698659842159398,0.03333333333333333,0.0,-0.0
1743667133.9768832,0.0,-94.0,270.0,,0.0488966669511246,0.028,-1.698659842159398,0.03333333333333333,0.0,-0.0
1743667134.1749036,0.0,-94.0,270.0,,0.0488966669511246,0.028,-1.698659842159398,0.03333333333333333,0.0,-0.0
1743667134.379208,0.0,-94.0,270.0,,0.0488966669511246,0.028,-1.698659842159398,0.03333333333333333,0.0,-0.0
1743667134.5816038,0.0,-94.0,270.0,,0.0488966669511246,0.028,-1.698659842159398,0.03333333333333333,0.0,-0.0
1743667134.7827551,0.0,-94.0,270.0,,0.0488966669511246,0.028,-1.698659842159398,0.03333333333333333,0.0,-0.0
1743667134.9798064,0.0,-94.0,270.0,,0.0488966669511246,0.028,-1.698659842159398,0.03333333333333333,0.0,-0.0
1743667135.1767159,0.0,-94.0,270.0,,0.0488966669511246,0.028,-1.698659842159398,0.03333333333333333,0.0,-0.0
1743667135.373309,0.0,-94.0,270.0,,0.0488966669511246,0.028,-1.698659842159398,0.03333333333333333,0.0,-0.0
1743667135.5697572,0.0,-94.0,270.0,,0.0488966669511246,0.028,-1.698659842159398,0.03333333333333333,0.0,-0.0
1743667135.7661912,0.0,-94.0,270.0,,0.0488966669511246,0.028,-1.698659842159398,0.03333333333333333,0.0,-0.0
1743667135.9636679,0.0,-94.0,270.0,,0.0488966669511246,0.028,-1.698659842159398,0.03333333333333333,0.0,-0.0
1743667136.1603665,0.0,-94.0,270.0,,0.0488966669511246,0.028,-1.698659842159398,0.03333333333333333,0.0,-0.0
1743667136.3566372,0.0,-94.0,270.0,,0.0488966669511246,0.028,-1.698659842159398,0.03333333333333333,0.0,-0.0
1743667136.552975,0.0,-94.0,270.0,,0.0488966669511246,0.028,-1.698659842159398,0.03333333333333333,0.0,-0.0
1743667136.748857,0.0,-94.0,270.0,,0.0488966669511246,0.028,-1.698659842159398,0.03333333333333333,0.0,-0.0
1743667136.953851,0.0,-94.0,270.0,,0.0488966669511246,0.028,-1.698659842159398,0.03333333333333333,0.0,-0.0
1743667137.1545885,0.0,-94.0,270.0,,0.0488966669511246,0.028,-1.698659842159398,0.03333333333333333,0.0,-0.0
1743667137.3506083,0.0,-94.0,270.0,,0.0488966669511246,0.028,-1.698659842159398,0.03333333333333333,0.0,-0.0
1743667137.5496895,0.0,-94.0,270.0,,0.0488966669511246,0.028,-1.698659842159398,0.03333333333333333,0.0,-0.0
1743667137.7456768,0.0,-94.0,270.0,,0.0488966669511246,0.028,-1.698659842159398,0.03333333333333333,0.0,-0.0
1743667137.9421911,0.0,-94.0,270.0,,0.0488966669511246,0.028,-1.698659842159398,0.03333333333333333,0.0,-0.0
1743667138.1389313,0.0,-94.0,270.0,,0.0488966669511246,0.028,-1.698659842159398,0.03333333333333333,0.0,-0.0
1743667138.3349319,0.0,-94.0,270.0,,0.0488966669511246,0.028,-1.698659842159398,0.03333333333333333,0.0,-0.0
1743667138.5309045,0.0,-94.0,270.0,,0.0488966669511246,0.028,-1.698659842159398,0.03333333333333333,0.0,-0.0
1743667138.7265239,0.0,-94.0,270.0,,0.0488966669511246,0.028,-1.698659842159398,0.03333333333333333,0.0,-0.0
1743667138.92543,0.0,-94.0,270.0,,0.0488966669511246,0.028,-1.698659842159398,0.03333333333333333,0.0,-0.0
1743667139.1209779,0.0,-94.0,270.0,,0.0488966669511246,0.028,-1.698659842159398,0.03333333333333333,0.0,-0.0
1743667139.3200567,0.0,-94.0,270.0,,0.0488966669511246,0.028,-1.698659842159398,0.03333333333333333,0.0,-0.0
1743667139.5192385,0.0,-94.0,270.0,,0.0488966669511246,0.028,-1.698659842159398,0.03333333333333333,0.0,-0.0
1743667139.7218091,0.0,-94.0,270.0,,0.0488966669511246,0.028,-1.698659842159398,0.03333333333333333,0.0,-0.0
1743667139.9701834,0.0,-94.0,270.0,,0.0488966669511246,0.028,-1.698659842159398,0.03333333333333333,0.0,-0.0
1743667140.2316763,0.0,-94.0,270.0,,0.0488966669511246,0.028,-1.698659842159398,0.03333333333333333,0.0,-0.0
1743667140.4723086,0.0,-94.0,270.0,,0.0488966669511246,0.028,-1.698659842159398,0.03333333333333333,0.0,-0.0
1743667140.698957,0.0,-94.0,270.0,,0.0488966669511246,0.028,-1.698659842159398,0.03333333333333333,0.0,-0.0
1743667140.9125412,0.0,-94.0,270.0,,0.0488966669511246,0.028,-1.698659842159398,0.03333333333333333,0.0,-0.0
1743667141.1171143,0.0,-94.0,270.0,,0.0488966669511246,0.028,-1.698659842159398,0.03333333333333333,0.0,-0.0
1743667141.3194427,0.0,-94.0,270.0,,0.0488966669511246,0.028,-1.698659842159398,0.03333333333333333,0.0,-0.0
1743667141.5204313,0.0,-94.0,270.0,,0.0488966669511246,0.028,-1.698659842159398,0.03333333333333333,0.0,-0.0
1743667141.730689,0.0,-94.0,270.0,,0.0488966669511246,0.028,-1.698659842159398,0.03333333333333333,0.0,-0.0
1743667141.9731293,0.0,-94.0,270.0,,0.0488966669511246,0.028,-1.698659842159398,0.03333333333333333,0.0,-0.0
1743667142.2136557,0.0,-94.0,270.0,,0.0488966669511246,0.028,-1.698659842159398,0.03333333333333333,0.0,-0.0
1743667142.4598098,0.0,-94.0,270.0,,0.0488966669511246,0.028,-1.698659842159398,0.03333333333333333,0.0,-0.0
1743667142.7475228,0.0,-94.0,270.0,,0.0488966669511246,0.028,-1.698659842159398,0.03333333333333333,0.0,-0.0
1743667143.0644171,0.0,-94.0,270.0,,0.0488966669511246,0.028,-1.698659842159398,0.03333333333333333,0.0,-0.0
1743667143.408224,0.0,-94.0,270.0,,0.0488966669511246,0.028,-1.698659842159398,0.03333333333333333,0.0,-0.0
1743667143.7092443,0.0,-94.0,270.0,,0.0488966669511246,0.028,-1.698659842159398,0.03333333333333333,0.0,-0.0
1743667143.9961903,0.0,-94.0,270.0,,0.0488966669511246,0.028,-1.698659842159398,0.03333333333333333,0.0,-0.0
1743667144.2790127,0.0,-94.0,270.0,,0.0488966669511246,0.028,-1.698659842159398,0.03333333333333333,0.0,-0.0
1743667144.556747,0.0,-94.0,270.0,,0.0488966669511246,0.028,-1.698659842159398,0.03333333333333333,0.0,-0.0
1743667144.8499322,0.0,-94.0,270.0,,0.0488966669511246,0.028,-1.698659842159398,0.03333333333333333,0.0,-0.0
1743667145.143622,0.0,-94.0,270.0,,0.0488966669511246,0.028,-1.698659842159398,0.03333333333333333,0.0,-0.0
1743667145.3978832,0.0,-94.0,270.0,,0.0488966669511246,0.028,-1.698659842159398,0.03333333333333333,0.0,-0.0
1743667145.6218753,0.0,-94.0,270.0,,0.0488966669511246,0.028,-1.698659842159398,0.03333333333333333,0.0,-0.0
1743667145.8350334,0.0,-94.0,270.0,,0.0488966669511246,0.028,-1.698659842159398,0.03333333333333333,0.0,-0.0
1743667146.0580928,0.0,-94.0,270.0,,0.0488966669511246,0.028,-1.698659842159398,0.03333333333333333,0.0,-0.0
1743667146.2704303,0.0,-94.0,270.0,,0.0488966669511246,0.028,-1.698659842159398,0.03333333333333333,0.0,-0.0
1743667146.4802465,0.0,-94.0,270.0,,0.0488966669511246,0.028,-1.698659842159398,0.03333333333333333,0.0,-0.0
1743667146.6808019,0.0,-94.0,270.0,,0.0488966669511246,0.028,-1.698659842159398,0.03333333333333333,0.0,-0.0
1743667146.882107,0.0,-94.0,270.0,,0.0488966669511246,0.028,-1.698659842159398,0.03333333333333333,0.0,-0.0
1743667147.084653,0.0,-94.0,270.0,,0.0488966669511246,0.028,-1.698659842159398,0.03333333333333333,0.0,-0.0
1743667147.280801,0.0,-94.0,270.0,,0.0488966669511246,0.028,-1.698659842159398,0.03333333333333333,0.0,-0.0
1743667147.477182,0.0,-94.0,270.0,,0.0488966669511246,0.028,-1.698659842159398,0.03333333333333333,0.0,-0.0
1743667147.6779253,0.0,-94.0,270.0,,0.0488966669511246,0.028,-1.698659842159398,0.03333333333333333,0.0,-0.0
1743667147.8756108,0.0,-94.0,270.0,,0.0488966669511246,0.028,-1.698659842159398,0.03333333333333333,0.0,-0.0
1743667148.074261,0.0,-94.0,270.0,,0.0488966669511246,0.028,-1.698659842159398,0.03333333333333333,0.0,-0.0
1743667148.2728782,0.0,-94.0,270.0,,0.0488966669511246,0.028,-1.698659842159398,0.03333333333333333,0.0,-0.0
1743667148.4700623,0.0,-94.0,270.0,,0.0488966669511246,0.028,-1.698659842159398,0.03333333333333333,0.0,-0.0
1743667148.670401,0.0,-94.0,270.0,,0.0488966669511246,0.028,-1.698659842159398,0.03333333333333333,0.0,-0.0
1743667148.8737965,0.0,-94.0,270.0,,0.0488966669511246,0.028,-1.698659842159398,0.03333333333333333,0.0,-0.0
1743667149.106102,0.0,-94.0,270.0,,0.0488966669511246,0.028,-1.698659842159398,0.03333333333333333,0.0,-0.0
1743667149.3591383,0.0,-94.0,270.0,,0.0488966669511246,0.028,-1.698659842159398,0.03333333333333333,0.0,-0.0
1743667149.600919,0.0,-94.0,270.0,,0.0488966669511246,0.028,-1.698659842159398,0.03333333333333333,0.0,-0.0
1743667149.8222485,0.0,-94.0,270.0,,0.0488966669511246,0.028,-1.698659842159398,0.03333333333333333,0.0,-0.0
1743667150.0351632,0.0,-94.0,270.0,,0.0488966669511246,0.028,-1.698659842159398,0.03333333333333333,0.0,-0.0
1743667150.2415276,0.0,-94.0,270.0,,0.0488966669511246,0.028,-1.698659842159398,0.03333333333333333,0.0,-0.0
1743667150.444168,0.0,-94.0,270.0,,0.0488966669511246,0.028,-1.698659842159398,0.03333333333333333,0.0,-0.0
1743667150.6438334,0.0,-94.0,270.0,,0.0488966669511246,0.028,-1.698659842159398,0.03333333333333333,0.0,-0.0
1743667150.8455763,0.0,-94.0,270.0,,0.0488966669511246,0.028,-1.698659842159398,0.03333333333333333,0.0,-0.0
1743667151.0441484,0.0,-94.0,270.0,,0.0488966669511246,0.028,-1.698659842159398,0.03333333333333333,0.0,-0.0
1743667151.2407386,0.0,-94.0,270.0,,0.0488966669511246,0.028,-1.698659842159398,0.03333333333333333,0.0,-0.0
1743667151.4387891,0.0,-94.0,270.0,,0.0488966669511246,0.028,-1.698659842159398,0.03333333333333333,0.0,-0.0
1743667151.6371036,0.0,-94.0,270.0,,0.0488966669511246,0.028,-1.698659842159398,0.03333333333333333,0.0,-0.0
1743667151.8370478,0.0,-94.0,270.0,,0.0488966669511246,0.028,-1.698659842159398,0.03333333333333333,0.0,-0.0
1743667152.0359607,0.0,-94.0,270.0,,0.0488966669511246,0.028,-1.698659842159398,0.03333333333333333,0.0,-0.0
1743667152.2320535,0.0,-94.0,270.0,,0.0488966669511246,0.028,-1.698659842159398,0.03333333333333333,0.0,-0.0
1743667152.4289527,0.0,-94.0,270.0,,0.0488966669511246,0.028,-1.698659842159398,0.03333333333333333,0.0,-0.0
1743667152.62442,0.0,-94.0,270.0,,0.0488966669511246,0.028,-1.698659842159398,0.03333333333333333,0.0,-0.0
1743667152.8221993,0.0,-94.0,270.0,,0.0488966669511246,0.028,-1.698659842159398,0.03333333333333333,0.0,-0.0
1743667153.0214055,0.0,-94.0,270.0,,0.0488966669511246,0.028,-1.698659842159398,0.03333333333333333,0.0,-0.0
1743667153.224773,0.0,-94.0,270.0,,0.0488966669511246,0.028,-1.698659842159398,0.03333333333333333,0.0,-0.0
1743667153.4464297,0.0,-94.0,270.0,,0.0488966669511246,0.028,-1.698659842159398,0.03333333333333333,0.0,-0.0
1743667153.656199,0.0,-94.0,270.0,,0.0488966669511246,0.028,-1.698659842159398,0.03333333333333333,0.0,-0.0
1743667153.861162,0.0,-94.0,270.0,,0.0488966669511246,0.028,-1.698659842159398,0.03333333333333333,0.0,-0.0
1743667154.0634212,0.0,-94.0,270.0,,0.0488966669511246,0.028,-1.698659842159398,0.03333333333333333,0.0,-0.0
1743667154.2642796,0.0,-94.0,270.0,,0.0488966669511246,0.028,-1.698659842159398,0.03333333333333333,0.0,-0.0
1743667154.4614923,0.0,-94.0,270.0,,0.0488966669511246,0.028,-1.698659842159398,0.03333333333333333,0.0,-0.0
1743667154.6588342,0.0,-94.0,270.0,,0.0488966669511246,0.028,-1.698659842159398,0.03333333333333333,0.0,-0.0
1743667154.8572927,0.0,-94.0,270.0,,0.0488966669511246,0.028,-1.698659842159398,0.03333333333333333,0.0,-0.0
1743667155.0567095,0.0,-94.0,270.0,,0.0488966669511246,0.028,-1.698659842159398,0.03333333333333333,0.0,-0.0
1743667155.2522008,0.0,-94.0,270.0,,0.0488966669511246,0.028,-1.698659842159398,0.03333333333333333,0.0,-0.0
1743667155.450145,0.0,-94.0,270.0,,0.0488966669511246,0.028,-1.698659842159398,0.03333333333333333,0.0,-0.0
1743667155.647223,0.0,-94.0,270.0,,0.0488966669511246,0.028,-1.698659842159398,0.03333333333333333,0.0,-0.0
1743667155.8545487,0.0,-94.0,270.0,,0.0488966669511246,0.028,-1.698659842159398,0.03333333333333333,0.0,-0.0
1743667156.1159918,0.0,-94.0,270.0,,0.0488966669511246,0.028,-1.698659842159398,0.03333333333333333,0.0,-0.0
1743667156.3838866,0.0,-94.0,270.0,,0.0488966669511246,0.028,-1.698659842159398,0.03333333333333333,0.0,-0.0
1743667156.6118448,0.0,-94.0,270.0,,0.0488966669511246,0.028,-1.698659842159398,0.03333333333333333,0.0,-0.0
1743667156.8252022,0.0,-94.0,270.0,,0.0488966669511246,0.028,-1.698659842159398,0.03333333333333333,0.0,-0.0
1743667157.034304,0.0,-94.0,270.0,,0.0488966669511246,0.028,-1.698659842159398,0.03333333333333333,0.0,-0.0
1743667157.2372997,0.0,-94.0,270.0,,0.0488966669511246,0.028,-1.698659842159398,0.03333333333333333,0.0,-0.0
1743667157.4390657,0.0,-94.0,270.0,,0.0488966669511246,0.028,-1.698659842159398,0.03333333333333333,0.0,-0.0
1743667157.6651735,0.0,-94.0,270.0,,0.0488966669511246,0.028,-1.698659842159398,0.03333333333333333,0.0,-0.0
1743667157.9083047,0.0,-94.0,270.0,,0.0488966669511246,0.028,-1.698659842159398,0.03333333333333333,0.0,-0.0
1743667158.1632047,0.0,-94.0,270.0,,0.0488966669511246,0.028,-1.698659842159398,0.03333333333333333,0.0,-0.0
1743667158.400492,0.0,-94.0,270.0,,0.0488966669511246,0.028,-1.698659842159398,0.03333333333333333,0.0,-0.0
1743667158.6416118,0.0,-94.0,270.0,,0.0488966669511246,0.028,-1.698659842159398,0.03333333333333333,0.0,-0.0
1743667158.8903341,0.0,-94.0,270.0,,0.0488966669511246,0.028,-1.698659842159398,0.03333333333333333,0.0,-0.0
1743667159.1331685,0.0,-94.0,270.0,,0.0488966669511246,0.028,-1.698659842159398,0.03333333333333333,0.0,-0.0
1743667159.3778808,0.0,-94.0,270.0,,0.0488966669511246,0.028,-1.698659842159398,0.03333333333333333,0.0,-0.0
1743667159.6150694,0.0,-94.0,270.0,,0.0488966669511246,0.028,-1.698659842159398,0.03333333333333333,0.0,-0.0
1743667159.8321307,0.0,-94.0,270.0,,0.0488966669511246,0.028,-1.698659842159398,0.03333333333333333,0.0,-0.0
1743667160.0402098,0.0,-94.0,270.0,,0.0488966669511246,0.028,-1.698659842159398,0.03333333333333333,0.0,-0.0
1743667160.2443337,0.0,-94.0,270.0,,0.0488966669511246,0.028,-1.698659842159398,0.03333333333333333,0.0,-0.0
1743667160.4470925,0.0,-94.0,270.0,,0.0488966669511246,0.028,-1.698659842159398,0.03333333333333333,0.0,-0.0
1743667160.6595452,0.0,-94.0,270.0,,0.0488966669511246,0.028,-1.698659842159398,0.03333333333333333,0.0,-0.0
1743667160.905644,0.0,-94.0,270.0,,0.0488966669511246,0.028,-1.698659842159398,0.03333333333333333,0.0,-0.0
1743667161.1391704,0.0,-94.0,270.0,,0.0488966669511246,0.028,-1.698659842159398,0.03333333333333333,0.0,-0.0
1743667161.3527765,0.0,-94.0,270.0,,0.0488966669511246,0.028,-1.698659842159398,0.03333333333333333,0.0,-0.0
1743667161.5608044,0.0,-94.0,270.0,,0.0488966669511246,0.028,-1.698659842159398,0.03333333333333333,0.0,-0.0
1743667161.7642918,0.0,-94.0,270.0,,0.0488966669511246,0.028,-1.698659842159398,0.03333333333333333,0.0,-0.0
1743667161.9617398,0.0,-94.0,270.0,,0.0488966669511246,0.028,-1.698659842159398,0.03333333333333333,0.0,-0.0
1743667162.158216,0.0,-94.0,270.0,,0.0488966669511246,0.028,-1.698659842159398,0.03333333333333333,0.0,-0.0
1743667162.3541348,0.0,-94.0,270.0,,0.0488966669511246,0.028,-1.698659842159398,0.03333333333333333,0.0,-0.0
1743667162.5505683,0.0,-94.0,270.0,,0.0488966669511246,0.028,-1.698659842159398,0.03333333333333333,0.0,-0.0
1743667162.7468677,0.0,-94.0,270.0,,0.0488966669511246,0.028,-1.698659842159398,0.03333333333333333,0.0,-0.0
1743667162.9477181,0.0,-94.0,270.0,,0.0488966669511246,0.028,-1.698659842159398,0.03333333333333333,0.0,-0.0
1743667163.1478777,0.0,-94.0,270.0,,0.0488966669511246,0.028,-1.698659842159398,0.03333333333333333,0.0,-0.0
1743667163.3508227,0.0,-94.0,270.0,,0.0488966669511246,0.028,-1.698659842159398,0.03333333333333333,0.0,-0.0
1743667163.547722,0.0,-94.0,270.0,,0.0488966669511246,0.028,-1.698659842159398,0.03333333333333333,0.0,-0.0
1743667163.7445436,0.0,-94.0,270.0,,0.0488966669511246,0.028,-1.698659842159398,0.03333333333333333,0.0,-0.0
1743667163.9414747,0.0,-94.0,270.0,,0.0488966669511246,0.028,-1.698659842159398,0.03333333333333333,0.0,-0.0
1743667164.1383421,0.0,-94.0,270.0,,0.0488966669511246,0.028,-1.698659842159398,0.03333333333333333,0.0,-0.0
1743667164.3352067,0.0,-94.0,270.0,,0.0488966669511246,0.028,-1.698659842159398,0.03333333333333333,0.0,-0.0
1743667164.5326834,0.0,-94.0,270.0,,0.0488966669511246,0.028,-1.698659842159398,0.03333333333333333,0.0,-0.0
1743667164.72702,0.0,-94.0,270.0,,0.0488966669511246,0.028,-1.698659842159398,0.03333333333333333,0.0,-0.0
1743667164.9237711,0.0,-94.0,270.0,,0.0488966669511246,0.028,-1.698659842159398,0.03333333333333333,0.0,-0.0
1743667165.1208816,0.0,-94.0,270.0,,0.0488966669511246,0.028,-1.698659842159398,0.03333333333333333,0.0,-0.0
1743667165.3176465,0.0,-94.0,270.0,,0.0488966669511246,0.028,-1.698659842159398,0.03333333333333333,0.0,-0.0
1743667165.5151947,0.0,-94.0,270.0,,0.0488966669511246,0.028,-1.698659842159398,0.03333333333333333,0.0,-0.0
1743667165.7111213,0.0,-94.0,270.0,,0.0488966669511246,0.028,-1.698659842159398,0.03333333333333333,0.0,-0.0
1743667165.907349,0.0,-94.0,270.0,,0.0488966669511246,0.028,-1.698659842159398,0.03333333333333333,0.0,-0.0
1743667166.1030405,0.0,-94.0,270.0,,0.0488966669511246,0.028,-1.698659842159398,0.03333333333333333,0.0,-0.0
1743667166.298261,0.0,-94.0,270.0,,0.0488966669511246,0.028,-1.698659842159398,0.03333333333333333,0.0,-0.0
1743667166.4930496,0.0,-94.0,270.0,,0.0488966669511246,0.028,-1.698659842159398,0.03333333333333333,0.0,-0.0
1743667166.6873817,0.0,-94.0,270.0,,0.0488966669511246,0.028,-1.698659842159398,0.03333333333333333,0.0,-0.0
1743667166.8832533,0.0,-94.0,270.0,,0.0488966669511246,0.028,-1.698659842159398,0.03333333333333333,0.0,-0.0
1743667167.0780847,0.0,-94.0,270.0,,0.0488966669511246,0.028,-1.698659842159398,0.03333333333333333,0.0,-0.0
1743667167.2739966,0.0,-94.0,270.0,,0.0488966669511246,0.028,-1.698659842159398,0.03333333333333333,0.0,-0.0
1743667167.470086,0.0,-94.0,270.0,,0.0488966669511246,0.028,-1.698659842159398,0.03333333333333333,0.0,-0.0
1743667167.6654835,0.0,-94.0,270.0,,0.0488966669511246,0.028,-1.698659842159398,0.03333333333333333,0.0,-0.0
1743667167.86161,0.0,-94.0,270.0,,0.0488966669511246,0.028,-1.698659842159398,0.03333333333333333,0.0,-0.0
1743667168.0573022,0.0,-94.0,270.0,,0.0488966669511246,0.028,-1.698659842159398,0.03333333333333333,0.0,-0.0
1743667168.2542863,0.0,-94.0,270.0,,0.0488966669511246,0.028,-1.698659842159398,0.03333333333333333,0.0,-0.0
1743667168.4512823,0.0,-94.0,270.0,,0.0488966669511246,0.028,-1.698659842159398,0.03333333333333333,0.0,-0.0
1743667168.6466727,0.0,-94.0,270.0,,0.0488966669511246,0.028,-1.698659842159398,0.03333333333333333,0.0,-0.0
1743667168.8464434,0.0,-94.0,270.0,,0.0488966669511246,0.028,-1.698659842159398,0.03333333333333333,0.0,-0.0
1743667169.0431287,0.0,-94.0,270.0,,0.0488966669511246,0.028,-1.698659842159398,0.03333333333333333,0.0,-0.0
1743667169.2406056,0.0,-94.0,270.0,,0.0488966669511246,0.028,-1.698659842159398,0.03333333333333333,0.0,-0.0
1743667169.4398148,0.0,-94.0,270.0,,0.0488966669511246,0.028,-1.698659842159398,0.03333333333333333,0.0,-0.0
1743667169.6810167,0.0,-94.0,270.0,,0.0488966669511246,0.028,-1.698659842159398,0.03333333333333333,0.0,-0.0
1743667169.9473023,0.0,-94.0,270.0,,0.0488966669511246,0.028,-1.698659842159398,0.03333333333333333,0.0,-0.0
1743667170.1711555,0.0,-94.0,270.0,,0.0488966669511246,0.028,-1.698659842159398,0.03333333333333333,0.0,-0.0
1743667170.3842752,0.0,-94.0,270.0,,0.0488966669511246,0.028,-1.698659842159398,0.03333333333333333,0.0,-0.0
1743667170.590778,0.0,-94.0,270.0,,0.0488966669511246,0.028,-1.698659842159398,0.03333333333333333,0.0,-0.0
1743667170.8225453,0.0,-94.0,270.0,,0.0488966669511246,0.028,-1.698659842159398,0.03333333333333333,0.0,-0.0
1743667171.070507,0.0,-94.0,270.0,,0.0488966669511246,0.028,-1.698659842159398,0.03333333333333333,0.0,-0.0
1743667171.2910974,0.0,-94.0,270.0,,0.0488966669511246,0.028,-1.698659842159398,0.03333333333333333,0.0,-0.0
1743667171.5005171,0.0,-94.0,270.0,,0.0488966669511246,0.028,-1.698659842159398,0.03333333333333333,0.0,-0.0
1743667171.704772,0.0,-94.0,270.0,,0.0488966669511246,0.028,-1.698659842159398,0.03333333333333333,0.0,-0.0
1743667171.9085622,0.0,-94.0,270.0,,0.0488966669511246,0.028,-1.698659842159398,0.03333333333333333,0.0,-0.0
1743667172.1061838,0.0,-94.0,270.0,,0.0488966669511246,0.028,-1.698659842159398,0.03333333333333333,0.0,-0.0
1743667172.3029556,0.0,-94.0,270.0,,0.0488966669511246,0.028,-1.698659842159398,0.03333333333333333,0.0,-0.0
1743667172.5005043,0.0,-94.0,270.0,,0.0488966669511246,0.028,-1.698659842159398,0.03333333333333333,0.0,-0.0
1743667172.697419,0.0,-94.0,270.0,,0.0488966669511246,0.028,-1.698659842159398,0.03333333333333333,0.0,-0.0
1743667172.8939648,0.0,-94.0,270.0,,0.0488966669511246,0.028,-1.698659842159398,0.03333333333333333,0.0,-0.0
1743667173.09096,0.0,-94.0,270.0,,0.0488966669511246,0.028,-1.698659842159398,0.03333333333333333,0.0,-0.0
1743667173.2886271,0.0,-94.0,270.0,,0.0488966669511246,0.028,-1.698659842159398,0.03333333333333333,0.0,-0.0
1743667173.4850152,0.0,-94.0,270.0,,0.0488966669511246,0.028,-1.698659842159398,0.03333333333333333,0.0,-0.0
1743667173.6810029,0.0,-94.0,270.0,,0.0488966669511246,0.028,-1.698659842159398,0.03333333333333333,0.0,-0.0
1743667173.878525,0.0,-94.0,270.0,,0.0488966669511246,0.028,-1.698659842159398,0.03333333333333333,0.0,-0.0
1743667174.0760627,0.0,-94.0,270.0,,0.0488966669511246,0.028,-1.698659842159398,0.03333333333333333,0.0,-0.0
1743667174.2774959,0.0,-94.0,270.0,,0.0488966669511246,0.028,-1.698659842159398,0.03333333333333333,0.0,-0.0
1743667174.4891944,0.0,-94.0,270.0,,0.0488966669511246,0.028,-1.698659842159398,0.03333333333333333,0.0,-0.0
1743667174.704365,0.0,-94.0,270.0,,0.0488966669511246,0.028,-1.698659842159398,0.03333333333333333,0.0,-0.0
1743667174.9315794,0.0,-94.0,270.0,,0.0488966669511246,0.028,-1.698659842159398,0.03333333333333333,0.0,-0.0
1743667175.1904588,0.0,-94.0,270.0,,0.0488966669511246,0.028,-1.698659842159398,0.03333333333333333,0.0,-0.0
1743667175.4770305,0.0,-94.0,270.0,,0.0488966669511246,0.028,-1.698659842159398,0.03333333333333333,0.0,-0.0
1743667175.750693,0.0,-94.0,270.0,,0.0488966669511246,0.028,-1.698659842159398,0.03333333333333333,0.0,-0.0
1743667176.023912,0.0,-94.0,270.0,,0.0488966669511246,0.028,-1.698659842159398,0.03333333333333333,0.0,-0.0
1743667176.3052723,0.0,-94.0,270.0,,0.0488966669511246,0.028,-1.698659842159398,0.03333333333333333,0.0,-0.0
1743667176.5767684,0.0,-94.0,270.0,,0.0488966669511246,0.028,-1.698659842159398,0.03333333333333333,0.0,-0.0
1743667176.8536048,0.0,-94.0,270.0,,0.0488966669511246,0.028,-1.698659842159398,0.03333333333333333,0.0,-0.0
1743667177.1545506,0.0,-94.0,270.0,,0.0488966669511246,0.028,-1.698659842159398,0.03333333333333333,0.0,-0.0
1743667177.5285506,0.0,-94.0,270.0,,0.0488966669511246,0.028,-1.698659842159398,0.03333333333333333,0.0,-0.0
1743667177.8540826,0.0,-94.0,270.0,,0.0488966669511246,0.028,-1.698659842159398,0.03333333333333333,0.0,-0.0
1743667178.1195192,0.0,-94.0,270.0,,0.0488966669511246,0.028,-1.698659842159398,0.03333333333333333,0.0,-0.0
1743667178.3865256,0.0,-94.0,270.0,,0.0488966669511246,0.028,-1.698659842159398,0.03333333333333333,0.0,-0.0
1743667178.652277,0.0,-94.0,270.0,,0.0488966669511246,0.028,-1.698659842159398,0.03333333333333333,0.0,-0.0
1743667178.8785882,0.0,-94.0,270.0,,0.0488966669511246,0.028,-1.698659842159398,0.03333333333333333,0.0,-0.0
1743667179.092456,0.0,-94.0,270.0,,0.0488966669511246,0.028,-1.698659842159398,0.03333333333333333,0.0,-0.0
1743667179.299615,0.0,-94.0,270.0,,0.0488966669511246,0.028,-1.698659842159398,0.03333333333333333,0.0,-0.0
1743667179.5345206,0.0,-94.0,270.0,,0.0488966669511246,0.028,-1.698659842159398,0.03333333333333333,0.0,-0.0
1743667179.7757297,0.0,-94.0,270.0,,0.0488966669511246,0.028,-1.698659842159398,0.03333333333333333,0.0,-0.0
1743667180.009266,0.0,-94.0,270.0,,0.0488966669511246,0.028,-1.698659842159398,0.03333333333333333,0.0,-0.0
1743667180.2284982,0.0,-94.0,270.0,,0.0488966669511246,0.028,-1.698659842159398,0.03333333333333333,0.0,-0.0
1743667180.4389427,0.0,-94.0,270.0,,0.0488966669511246,0.028,-1.698659842159398,0.03333333333333333,0.0,-0.0
1743667180.6761954,0.0,-94.0,270.0,,0.0488966669511246,0.028,-1.698659842159398,0.03333333333333333,0.0,-0.0
1743667180.9232297,0.0,-94.0,270.0,,0.0488966669511246,0.028,-1.698659842159398,0.03333333333333333,0.0,-0.0
1743667181.1431437,0.0,-94.0,270.0,,0.0488966669511246,0.028,-1.698659842159398,0.03333333333333333,0.0,-0.0
1743667181.3546047,0.0,-94.0,270.0,,0.0488966669511246,0.028,-1.698659842159398,0.03333333333333333,0.0,-0.0
1743667181.5676382,0.0,-94.0,270.0,,0.0488966669511246,0.028,-1.698659842159398,0.03333333333333333,0.0,-0.0
1743667181.8284392,0.0,-94.0,270.0,,0.0488966669511246,0.028,-1.698659842159398,0.03333333333333333,0.0,-0.0
1743667182.0893795,0.0,-94.0,270.0,,0.0488966669511246,0.028,-1.698659842159398,0.03333333333333333,0.0,-0.0
1743667182.3331707,0.0,-94.0,270.0,,0.0488966669511246,0.028,-1.698659842159398,0.03333333333333333,0.0,-0.0
1743667182.5526533,0.0,-94.0,270.0,,0.0488966669511246,0.028,-1.698659842159398,0.03333333333333333,0.0,-0.0
1743667182.7611067,0.0,-94.0,270.0,,0.0488966669511246,0.028,-1.698659842159398,0.03333333333333333,0.0,-0.0
1743667182.9683678,0.0,-94.0,270.0,,0.0488966669511246,0.028,-1.698659842159398,0.03333333333333333,0.0,-0.0
1743667183.1694057,0.0,-94.0,270.0,,0.0488966669511246,0.028,-1.698659842159398,0.03333333333333333,0.0,-0.0
1743667183.3704214,0.0,-94.0,270.0,,0.0488966669511246,0.028,-1.698659842159398,0.03333333333333333,0.0,-0.0
1743667183.6001832,0.0,-94.0,270.0,,0.0488966669511246,0.028,-1.698659842159398,0.03333333333333333,0.0,-0.0
1743667183.867411,0.0,-94.0,270.0,,0.0488966669511246,0.028,-1.698659842159398,0.03333333333333333,0.0,-0.0
1743667184.126298,0.0,-94.0,270.0,,0.0488966669511246,0.028,-1.698659842159398,0.03333333333333333,0.0,-0.0
1743667184.3643768,0.0,-94.0,270.0,,0.0488966669511246,0.028,-1.698659842159398,0.03333333333333333,0.0,-0.0
1743667184.5822527,0.0,-94.0,270.0,,0.0488966669511246,0.028,-1.698659842159398,0.03333333333333333,0.0,-0.0
1743667184.7913733,0.0,-94.0,270.0,,0.0488966669511246,0.028,-1.698659842159398,0.03333333333333333,0.0,-0.0
1743667184.9959311,0.0,-94.0,270.0,,0.0488966669511246,0.028,-1.698659842159398,0.03333333333333333,0.0,-0.0
1743667185.2022705,0.0,-94.0,270.0,,0.0488966669511246,0.028,-1.698659842159398,0.03333333333333333,0.0,-0.0
1743667185.4282176,0.0,-94.0,270.0,,0.0488966669511246,0.028,-1.698659842159398,0.03333333333333333,0.0,-0.0
1743667185.6665852,0.0,-94.0,270.0,,0.0488966669511246,0.028,-1.698659842159398,0.03333333333333333,0.0,-0.0
1743667185.8838122,0.0,-94.0,270.0,,0.0488966669511246,0.028,-1.698659842159398,0.03333333333333333,0.0,-0.0
1743667186.0919132,0.0,-94.0,270.0,,0.0488966669511246,0.028,-1.698659842159398,0.03333333333333333,0.0,-0.0
1743667186.2952197,0.0,-94.0,270.0,,0.0488966669511246,0.028,-1.698659842159398,0.03333333333333333,0.0,-0.0
1743667186.4979746,0.0,-94.0,270.0,,0.0488966669511246,0.028,-1.698659842159398,0.03333333333333333,0.0,-0.0
1743667186.6952302,0.0,-94.0,270.0,,0.0488966669511246,0.028,-1.698659842159398,0.03333333333333333,0.0,-0.0
1743667186.8912156,0.0,-94.0,270.0,,0.0488966669511246,0.028,-1.698659842159398,0.03333333333333333,0.0,-0.0
1743667187.087183,0.0,-94.0,270.0,,0.0488966669511246,0.028,-1.698659842159398,0.03333333333333333,0.0,-0.0
1743667187.2849524,0.0,-94.0,270.0,,0.0488966669511246,0.028,-1.698659842159398,0.03333333333333333,0.0,-0.0
1743667187.5132654,0.0,-94.0,270.0,,0.0488966669511246,0.028,-1.698659842159398,0.03333333333333333,0.0,-0.0
1743667187.7561214,0.0,-94.0,270.0,,0.0488966669511246,0.028,-1.698659842159398,0.03333333333333333,0.0,-0.0
1743667187.9747283,0.0,-94.0,270.0,,0.0488966669511246,0.028,-1.698659842159398,0.03333333333333333,0.0,-0.0
1743667188.1842113,0.0,-94.0,270.0,,0.0488966669511246,0.028,-1.698659842159398,0.03333333333333333,0.0,-0.0
1743667188.4166837,0.0,-94.0,270.0,,0.0488966669511246,0.028,-1.698659842159398,0.03333333333333333,0.0,-0.0
1743667188.680386,0.0,-94.0,270.0,,0.0488966669511246,0.028,-1.698659842159398,0.03333333333333333,0.0,-0.0
1743667188.9251606,0.0,-94.0,270.0,,0.0488966669511246,0.028,-1.698659842159398,0.03333333333333333,0.0,-0.0
1743667189.1837077,0.0,-94.0,270.0,,0.0488966669511246,0.028,-1.698659842159398,0.03333333333333333,0.0,-0.0
1743667189.4108405,0.0,-94.0,270.0,,0.0488966669511246,0.028,-1.698659842159398,0.03333333333333333,0.0,-0.0
1743667189.6255267,0.0,-94.0,270.0,,0.0488966669511246,0.028,-1.698659842159398,0.03333333333333333,0.0,-0.0
1743667189.8331807,0.0,-94.0,270.0,,0.0488966669511246,0.028,-1.698659842159398,0.03333333333333333,0.0,-0.0
1743667190.0349388,0.0,-94.0,270.0,,0.0488966669511246,0.028,-1.698659842159398,0.03333333333333333,0.0,-0.0
1743667190.2618954,0.0,-94.0,270.0,,0.0488966669511246,0.028,-1.698659842159398,0.03333333333333333,0.0,-0.0
1743667190.5061107,0.0,-94.0,270.0,,0.0488966669511246,0.028,-1.698659842159398,0.03333333333333333,0.0,-0.0
1743667190.7510304,0.0,-94.0,270.0,,0.0488966669511246,0.028,-1.698659842159398,0.03333333333333333,0.0,-0.0
1743667190.975163,0.0,-94.0,270.0,,0.0488966669511246,0.028,-1.698659842159398,0.03333333333333333,0.0,-0.0
1743667191.1903105,0.0,-94.0,270.0,,0.0488966669511246,0.028,-1.698659842159398,0.03333333333333333,0.0,-0.0
1743667191.4062152,0.0,-94.0,270.0,,0.0488966669511246,0.028,-1.698659842159398,0.03333333333333333,0.0,-0.0
1743667191.6260955,0.0,-94.0,270.0,,0.0488966669511246,0.028,-1.698659842159398,0.03333333333333333,0.0,-0.0
1743667191.8466725,0.0,-94.0,270.0,,0.0488966669511246,0.028,-1.698659842159398,0.03333333333333333,0.0,-0.0
1743667192.078474,0.0,-94.0,270.0,,0.0488966669511246,0.028,-1.698659842159398,0.03333333333333333,0.0,-0.0
1743667192.322241,0.0,-94.0,270.0,,0.0488966669511246,0.028,-1.698659842159398,0.03333333333333333,0.0,-0.0
1743667192.5580735,0.0,-94.0,270.0,,0.0488966669511246,0.028,-1.698659842159398,0.03333333333333333,0.0,-0.0
1743667192.7732205,0.0,-94.0,270.0,,0.0488966669511246,0.028,-1.698659842159398,0.03333333333333333,0.0,-0.0
1743667192.9803174,0.0,-94.0,270.0,,0.0488966669511246,0.028,-1.698659842159398,0.03333333333333333,0.0,-0.0
1743667193.1818075,0.0,-94.0,270.0,,0.0488966669511246,0.028,-1.698659842159398,0.03333333333333333,0.0,-0.0
1743667193.382335,0.0,-94.0,270.0,,0.0488966669511246,0.028,-1.698659842159398,0.03333333333333333,0.0,-0.0
1743667193.5785997,0.0,-94.0,270.0,,0.0488966669511246,0.028,-1.698659842159398,0.03333333333333333,0.0,-0.0
1743667193.775183,0.0,-94.0,270.0,,0.0488966669511246,0.028,-1.698659842159398,0.03333333333333333,0.0,-0.0
1743667193.9732027,0.0,-94.0,270.0,,0.0488966669511246,0.028,-1.698659842159398,0.03333333333333333,0.0,-0.0
1743667194.1871457,0.0,-94.0,270.0,,0.0488966669511246,0.028,-1.698659842159398,0.03333333333333333,0.0,-0.0
1743667194.39199,0.0,-94.0,270.0,,0.0488966669511246,0.028,-1.698659842159398,0.03333333333333333,0.0,-0.0
1743667194.5968537,0.0,-94.0,270.0,,0.0488966669511246,0.028,-1.698659842159398,0.03333333333333333,0.0,-0.0
1743667194.798018,0.0,-94.0,270.0,,0.0488966669511246,0.028,-1.698659842159398,0.03333333333333333,0.0,-0.0
1743667194.993631,0.0,-94.0,270.0,,0.0488966669511246,0.028,-1.698659842159398,0.03333333333333333,0.0,-0.0
1743667195.1889672,0.0,-94.0,270.0,,0.0488966669511246,0.028,-1.698659842159398,0.03333333333333333,0.0,-0.0
1743667195.3869238,0.0,-94.0,270.0,,0.0488966669511246,0.028,-1.698659842159398,0.03333333333333333,0.0,-0.0
1743667195.5821366,0.0,-94.0,270.0,,0.0488966669511246,0.028,-1.698659842159398,0.03333333333333333,0.0,-0.0
1743667195.7766507,0.0,-94.0,270.0,,0.0488966669511246,0.028,-1.698659842159398,0.03333333333333333,0.0,-0.0
1743667195.9740639,0.0,-94.0,270.0,,0.0488966669511246,0.028,-1.698659842159398,0.03333333333333333,0.0,-0.0
1743667196.1725335,0.0,-94.0,270.0,,0.0488966669511246,0.028,-1.698659842159398,0.03333333333333333,0.0,-0.0
1743667196.3692744,0.0,-94.0,270.0,,0.0488966669511246,0.028,-1.698659842159398,0.03333333333333333,0.0,-0.0
1743667196.5657113,0.0,-94.0,270.0,,0.0488966669511246,0.028,-1.698659842159398,0.03333333333333333,0.0,-0.0
1743667196.767783,0.0,-94.0,270.0,,0.0488966669511246,0.028,-1.698659842159398,0.03333333333333333,0.0,-0.0
1743667196.9643524,0.0,-94.0,270.0,,0.0488966669511246,0.028,-1.698659842159398,0.03333333333333333,0.0,-0.0
1743667197.1626017,0.0,-94.0,270.0,,0.0488966669511246,0.028,-1.698659842159398,0.03333333333333333,0.0,-0.0
1743667197.3585448,0.0,-94.0,270.0,,0.0488966669511246,0.028,-1.698659842159398,0.03333333333333333,0.0,-0.0
1743667197.5537975,0.0,-94.0,270.0,,0.0488966669511246,0.028,-1.698659842159398,0.03333333333333333,0.0,-0.0
1743667197.7491965,0.0,-94.0,270.0,,0.0488966669511246,0.028,-1.698659842159398,0.03333333333333333,0.0,-0.0
1743667197.9461231,0.0,-94.0,270.0,,0.0488966669511246,0.028,-1.698659842159398,0.03333333333333333,0.0,-0.0
1743667198.143496,0.0,-94.0,270.0,,0.0488966669511246,0.028,-1.698659842159398,0.03333333333333333,0.0,-0.0
1743667198.346233,0.0,-94.0,270.0,,0.0488966669511246,0.028,-1.698659842159398,0.03333333333333333,0.0,-0.0
1743667198.5471811,0.0,-94.0,270.0,,0.0488966669511246,0.028,-1.698659842159398,0.03333333333333333,0.0,-0.0
1743667198.7439973,0.0,-94.0,270.0,,0.0488966669511246,0.028,-1.698659842159398,0.03333333333333333,0.0,-0.0
1743667198.9412363,0.0,-94.0,270.0,,0.0488966669511246,0.028,-1.698659842159398,0.03333333333333333,0.0,-0.0
1743667199.1376793,0.0,-94.0,270.0,,0.0488966669511246,0.028,-1.698659842159398,0.03333333333333333,0.0,-0.0
1743667199.334059,0.0,-94.0,270.0,,0.0488966669511246,0.028,-1.698659842159398,0.03333333333333333,0.0,-0.0
1743667199.530296,0.0,-94.0,270.0,,0.0488966669511246,0.028,-1.698659842159398,0.03333333333333333,0.0,-0.0
1743667199.7264936,0.0,-94.0,270.0,,0.0488966669511246,0.028,-1.698659842159398,0.03333333333333333,0.0,-0.0
1743667199.923234,0.0,-94.0,270.0,,0.0488966669511246,0.028,-1.698659842159398,0.03333333333333333,0.0,-0.0
1743667200.1205873,0.0,-94.0,270.0,,0.0488966669511246,0.028,-1.698659842159398,0.03333333333333333,0.0,-0.0
1743667200.3169417,0.0,-94.0,270.0,,0.0488966669511246,0.028,-1.698659842159398,0.03333333333333333,0.0,-0.0
1743667200.5138657,0.0,-94.0,270.0,,0.0488966669511246,0.028,-1.698659842159398,0.03333333333333333,0.0,-0.0
1743667200.7102776,0.0,-94.0,270.0,,0.0488966669511246,0.028,-1.698659842159398,0.03333333333333333,0.0,-0.0
1743667200.906039,0.0,-94.0,270.0,,0.0488966669511246,0.028,-1.698659842159398,0.03333333333333333,0.0,-0.0
1743667201.107951,0.0,-94.0,270.0,,0.0488966669511246,0.028,-1.698659842159398,0.03333333333333333,0.0,-0.0
1743667201.3051932,0.0,-94.0,270.0,,0.0488966669511246,0.028,-1.698659842159398,0.03333333333333333,0.0,-0.0
1743667201.5020096,0.0,-94.0,270.0,,0.0488966669511246,0.028,-1.698659842159398,0.03333333333333333,0.0,-0.0
1743667201.6993244,0.0,-94.0,270.0,,0.0488966669511246,0.028,-1.698659842159398,0.03333333333333333,0.0,-0.0
1743667201.8973486,0.0,-94.0,270.0,,0.0488966669511246,0.028,-1.698659842159398,0.03333333333333333,0.0,-0.0
1743667202.0931416,0.0,-94.0,270.0,,0.0488966669511246,0.028,-1.698659842159398,0.03333333333333333,0.0,-0.0
1743667202.2908719,0.0,-94.0,270.0,,0.0488966669511246,0.028,-1.698659842159398,0.03333333333333333,0.0,-0.0
1743667202.4871347,0.0,-94.0,270.0,,0.0488966669511246,0.028,-1.698659842159398,0.03333333333333333,0.0,-0.0
1743667202.682719,0.0,-94.0,270.0,,0.0488966669511246,0.028,-1.698659842159398,0.03333333333333333,0.0,-0.0
1743667202.8784149,0.0,-94.0,270.0,,0.0488966669511246,0.028,-1.698659842159398,0.03333333333333333,0.0,-0.0
1743667203.0743678,0.0,-94.0,270.0,,0.0488966669511246,0.028,-1.698659842159398,0.03333333333333333,0.0,-0.0
1743667203.2702408,0.0,-94.0,270.0,,0.0488966669511246,0.028,-1.698659842159398,0.03333333333333333,0.0,-0.0
1743667203.4655745,0.0,-94.0,270.0,,0.0488966669511246,0.028,-1.698659842159398,0.03333333333333333,0.0,-0.0
1743667203.6621857,0.0,-94.0,270.0,,0.0488966669511246,0.028,-1.698659842159398,0.03333333333333333,0.0,-0.0
1743667203.8582563,0.0,-94.0,270.0,,0.0488966669511246,0.028,-1.698659842159398,0.03333333333333333,0.0,-0.0
1743667204.0546877,0.0,-94.0,270.0,,0.0488966669511246,0.028,-1.698659842159398,0.03333333333333333,0.0,-0.0
1743667204.258382,0.0,-94.0,270.0,,0.0488966669511246,0.028,-1.698659842159398,0.03333333333333333,0.0,-0.0
1743667204.453565,0.0,-94.0,270.0,,0.0488966669511246,0.028,-1.698659842159398,0.03333333333333333,0.0,-0.0
1743667204.6481657,0.0,-94.0,270.0,,0.0488966669511246,0.028,-1.698659842159398,0.03333333333333333,0.0,-0.0
1743667204.8441238,0.0,-94.0,270.0,,0.0488966669511246,0.028,-1.698659842159398,0.03333333333333333,0.0,-0.0
1743667205.0392087,0.0,-94.0,270.0,,0.0488966669511246,0.028,-1.698659842159398,0.03333333333333333,0.0,-0.0
1743667205.2342324,0.0,-94.0,270.0,,0.0488966669511246,0.028,-1.698659842159398,0.03333333333333333,0.0,-0.0
1743667205.4294918,0.0,-94.0,270.0,,0.0488966669511246,0.028,-1.698659842159398,0.03333333333333333,0.0,-0.0
1743667205.6242728,0.0,-94.0,270.0,,0.0488966669511246,0.028,-1.698659842159398,0.03333333333333333,0.0,-0.0
1743667205.8196383,0.0,-94.0,270.0,,0.0488966669511246,0.028,-1.698659842159398,0.03333333333333333,0.0,-0.0
1743667206.0171878,0.0,-94.0,270.0,,0.0488966669511246,0.028,-1.698659842159398,0.03333333333333333,0.0,-0.0
1743667206.2124498,0.0,-94.0,270.0,,0.0488966669511246,0.028,-1.698659842159398,0.03333333333333333,0.0,-0.0
1743667206.4081395,0.0,-94.0,270.0,,0.0488966669511246,0.028,-1.698659842159398,0.03333333333333333,0.0,-0.0
1743667206.6210823,0.0,-94.0,270.0,,0.0488966669511246,0.028,-1.698659842159398,0.03333333333333333,0.0,-0.0
1743667206.8362842,0.0,-94.0,270.0,,0.0488966669511246,0.028,-1.698659842159398,0.03333333333333333,0.0,-0.0
1743667207.0541399,0.0,-94.0,270.0,,0.0488966669511246,0.028,-1.698659842159398,0.03333333333333333,0.0,-0.0
1743667207.2729561,0.0,-94.0,270.0,,0.0488966669511246,0.028,-1.698659842159398,0.03333333333333333,0.0,-0.0
1743667207.481861,0.0,-94.0,270.0,,0.0488966669511246,0.028,-1.698659842159398,0.03333333333333333,0.0,-0.0
1743667207.685878,0.0,-94.0,270.0,,0.0488966669511246,0.028,-1.698659842159398,0.03333333333333333,0.0,-0.0
1743667207.8951097,0.0,-94.0,270.0,,0.0488966669511246,0.028,-1.698659842159398,0.03333333333333333,0.0,-0.0
1743667208.099675,0.0,-94.0,270.0,,0.0488966669511246,0.028,-1.698659842159398,0.03333333333333333,0.0,-0.0
1743667208.3015957,0.0,-94.0,270.0,,0.0488966669511246,0.028,-1.698659842159398,0.03333333333333333,0.0,-0.0
1743667208.502026,0.0,-94.0,270.0,,0.0488966669511246,0.028,-1.698659842159398,0.03333333333333333,0.0,-0.0
1743667208.7030213,0.0,-94.0,270.0,,0.0488966669511246,0.028,-1.698659842159398,0.03333333333333333,0.0,-0.0
1743667208.9235604,0.0,-94.0,270.0,,0.0488966669511246,0.028,-1.698659842159398,0.03333333333333333,0.0,-0.0
1743667209.1341312,0.0,-94.0,270.0,,0.0488966669511246,0.028,-1.698659842159398,0.03333333333333333,0.0,-0.0
1743667209.336911,0.0,-94.0,270.0,,0.0488966669511246,0.028,-1.698659842159398,0.03333333333333333,0.0,-0.0
1743667209.5392327,0.0,-94.0,270.0,,0.0488966669511246,0.028,-1.698659842159398,0.03333333333333333,0.0,-0.0
1743667209.7375948,0.0,-94.0,270.0,,0.0488966669511246,0.028,-1.698659842159398,0.03333333333333333,0.0,-0.0
1743667209.9377418,0.0,-94.0,270.0,,0.0488966669511246,0.028,-1.698659842159398,0.03333333333333333,0.0,-0.0
1743667210.1368492,0.0,-94.0,270.0,,0.0488966669511246,0.028,-1.698659842159398,0.03333333333333333,0.0,-0.0
1743667210.3336768,0.0,-94.0,270.0,,0.0488966669511246,0.028,-1.698659842159398,0.03333333333333333,0.0,-0.0
1743667210.5291326,0.0,-94.0,270.0,,0.0488966669511246,0.028,-1.698659842159398,0.03333333333333333,0.0,-0.0
1743667210.7270796,0.0,-94.0,270.0,,0.0488966669511246,0.028,-1.698659842159398,0.03333333333333333,0.0,-0.0
1743667210.9293194,0.0,-94.0,270.0,,0.0488966669511246,0.028,-1.698659842159398,0.03333333333333333,0.0,-0.0
1743667211.1261544,0.0,-94.0,270.0,,0.0488966669511246,0.028,-1.698659842159398,0.03333333333333333,0.0,-0.0
1743667211.3241332,0.0,-94.0,270.0,,0.0488966669511246,0.028,-1.698659842159398,0.03333333333333333,0.0,-0.0
1743667211.520752,0.0,-94.0,270.0,,0.0488966669511246,0.028,-1.698659842159398,0.03333333333333333,0.0,-0.0
1743667211.7187936,0.0,-94.0,270.0,,0.0488966669511246,0.028,-1.698659842159398,0.03333333333333333,0.0,-0.0
1743667211.9190216,0.0,-94.0,270.0,,0.0488966669511246,0.028,-1.698659842159398,0.03333333333333333,0.0,-0.0
1743667212.1169708,0.0,-94.0,270.0,,0.0488966669511246,0.028,-1.698659842159398,0.03333333333333333,0.0,-0.0
1743667212.313874,0.0,-94.0,270.0,,0.0488966669511246,0.028,-1.698659842159398,0.03333333333333333,0.0,-0.0
1743667212.5116699,0.0,-94.0,270.0,,0.0488966669511246,0.028,-1.698659842159398,0.03333333333333333,0.0,-0.0
1743667212.7082279,0.0,-94.0,270.0,,0.0488966669511246,0.028,-1.698659842159398,0.03333333333333333,0.0,-0.0
1743667212.9071364,0.0,-94.0,270.0,,0.0488966669511246,0.028,-1.698659842159398,0.03333333333333333,0.0,-0.0
1743667213.1056118,0.0,-94.0,270.0,,0.0488966669511246,0.028,-1.698659842159398,0.03333333333333333,0.0,-0.0
1743667213.3043518,0.0,-94.0,270.0,,0.0488966669511246,0.028,-1.698659842159398,0.03333333333333333,0.0,-0.0
1743667213.5015616,0.0,-94.0,270.0,,0.0488966669511246,0.028,-1.698659842159398,0.03333333333333333,0.0,-0.0
1743667213.6987932,0.0,-94.0,270.0,,0.0488966669511246,0.028,-1.698659842159398,0.03333333333333333,0.0,-0.0
1743667213.8963845,0.0,-94.0,270.0,,0.0488966669511246,0.028,-1.698659842159398,0.03333333333333333,0.0,-0.0
1743667214.0942078,0.0,-94.0,270.0,,0.0488966669511246,0.028,-1.698659842159398,0.03333333333333333,0.0,-0.0
1743667214.2919168,0.0,-94.0,270.0,,0.0488966669511246,0.028,-1.698659842159398,0.03333333333333333,0.0,-0.0
1743667214.4880202,0.0,-94.0,270.0,,0.0488966669511246,0.028,-1.698659842159398,0.03333333333333333,0.0,-0.0
1743667214.6863492,0.0,-94.0,270.0,,0.0488966669511246,0.028,-1.698659842159398,0.03333333333333333,0.0,-0.0
1743667214.8846684,0.0,-94.0,270.0,,0.0488966669511246,0.028,-1.698659842159398,0.03333333333333333,0.0,-0.0
1743667215.081408,0.0,-94.0,270.0,,0.0488966669511246,0.028,-1.698659842159398,0.03333333333333333,0.0,-0.0
1743667215.2784429,0.0,-94.0,270.0,,0.0488966669511246,0.028,-1.698659842159398,0.03333333333333333,0.0,-0.0
1743667215.4741788,0.0,-94.0,270.0,,0.0488966669511246,0.028,-1.698659842159398,0.03333333333333333,0.0,-0.0
1743667215.673202,0.0,-94.0,270.0,,0.0488966669511246,0.028,-1.698659842159398,0.03333333333333333,0.0,-0.0
1743667215.87225,0.0,-94.0,270.0,,0.0488966669511246,0.028,-1.698659842159398,0.03333333333333333,0.0,-0.0
1743667216.069676,0.0,-94.0,270.0,,0.0488966669511246,0.028,-1.698659842159398,0.03333333333333333,0.0,-0.0
1743667216.2691925,0.0,-94.0,270.0,,0.0488966669511246,0.028,-1.698659842159398,0.03333333333333333,0.0,-0.0
1743667216.4655397,0.0,-94.0,270.0,,0.0488966669511246,0.028,-1.698659842159398,0.03333333333333333,0.0,-0.0
1743667216.6622686,0.0,-94.0,270.0,,0.0488966669511246,0.028,-1.698659842159398,0.03333333333333333,0.0,-0.0
1743667216.8630972,0.0,-94.0,270.0,,0.0488966669511246,0.028,-1.698659842159398,0.03333333333333333,0.0,-0.0
1743667217.0614705,0.0,-94.0,270.0,,0.0488966669511246,0.028,-1.698659842159398,0.03333333333333333,0.0,-0.0
1743667217.259195,0.0,-94.0,270.0,,0.0488966669511246,0.028,-1.698659842159398,0.03333333333333333,0.0,-0.0
1743667217.485202,0.0,-94.0,270.0,,0.0488966669511246,0.028,-1.698659842159398,0.03333333333333333,0.0,-0.0
1743667217.7175004,0.0,-94.0,270.0,,0.0488966669511246,0.028,-1.698659842159398,0.03333333333333333,0.0,-0.0
1743667217.9364119,0.0,-94.0,270.0,,0.0488966669511246,0.028,-1.698659842159398,0.03333333333333333,0.0,-0.0
1743667218.1461186,0.0,-94.0,270.0,,0.0488966669511246,0.028,-1.698659842159398,0.03333333333333333,0.0,-0.0
1743667218.3501897,0.0,-94.0,270.0,,0.0488966669511246,0.028,-1.698659842159398,0.03333333333333333,0.0,-0.0
1743667218.551008,0.0,-94.0,270.0,,0.0488966669511246,0.028,-1.698659842159398,0.03333333333333333,0.0,-0.0
1743667218.7521937,0.0,-94.0,270.0,,0.0488966669511246,0.028,-1.698659842159398,0.03333333333333333,0.0,-0.0
1743667218.960798,0.0,-94.0,270.0,,0.0488966669511246,0.028,-1.698659842159398,0.03333333333333333,0.0,-0.0
1743667219.1816604,0.0,-94.0,270.0,,0.0488966669511246,0.028,-1.698659842159398,0.03333333333333333,0.0,-0.0
1743667219.3921516,0.0,-94.0,270.0,,0.0488966669511246,0.028,-1.698659842159398,0.03333333333333333,0.0,-0.0
1743667219.595896,0.0,-94.0,270.0,,0.0488966669511246,0.028,-1.698659842159398,0.03333333333333333,0.0,-0.0
1743667219.7984965,0.0,-94.0,270.0,,0.0488966669511246,0.028,-1.698659842159398,0.03333333333333333,0.0,-0.0
1743667219.9997458,0.0,-94.0,270.0,,0.0488966669511246,0.028,-1.698659842159398,0.03333333333333333,0.0,-0.0
1743667220.1963267,0.0,-94.0,270.0,,0.0488966669511246,0.028,-1.698659842159398,0.03333333333333333,0.0,-0.0
1743667220.3942053,0.0,-94.0,270.0,,0.0488966669511246,0.028,-1.698659842159398,0.03333333333333333,0.0,-0.0
1743667220.5898118,0.0,-94.0,270.0,,0.0488966669511246,0.028,-1.698659842159398,0.03333333333333333,0.0,-0.0
1743667220.7971911,0.0,-94.0,270.0,,0.0488966669511246,0.028,-1.698659842159398,0.03333333333333333,0.0,-0.0
1743667220.9962237,0.0,-94.0,270.0,,0.0488966669511246,0.028,-1.698659842159398,0.03333333333333333,0.0,-0.0
1743667221.1913803,0.0,-94.0,270.0,,0.0488966669511246,0.028,-1.698659842159398,0.03333333333333333,0.0,-0.0
1743667221.4009962,0.0,-94.0,270.0,,0.0488966669511246,0.028,-1.698659842159398,0.03333333333333333,0.0,-0.0
1743667221.6290877,0.0,-94.0,270.0,,0.0488966669511246,0.028,-1.698659842159398,0.03333333333333333,0.0,-0.0
1743667221.861704,0.0,-94.0,270.0,,0.0488966669511246,0.028,-1.698659842159398,0.03333333333333333,0.0,-0.0
1743667222.0846782,0.0,-94.0,270.0,,0.0488966669511246,0.028,-1.698659842159398,0.03333333333333333,0.0,-0.0
1743667222.3031905,0.0,-94.0,270.0,,0.0488966669511246,0.028,-1.698659842159398,0.03333333333333333,0.0,-0.0
1743667222.511475,0.0,-94.0,270.0,,0.0488966669511246,0.028,-1.698659842159398,0.03333333333333333,0.0,-0.0
1743667222.71238,0.0,-94.0,270.0,,0.0488966669511246,0.028,-1.698659842159398,0.03333333333333333,0.0,-0.0
1743667222.9141264,0.0,-94.0,270.0,,0.0488966669511246,0.028,-1.698659842159398,0.03333333333333333,0.0,-0.0
1743667223.1104162,0.0,-94.0,270.0,,0.0488966669511246,0.028,-1.698659842159398,0.03333333333333333,0.0,-0.0
1743667223.3120759,0.0,-94.0,270.0,,0.0488966669511246,0.028,-1.698659842159398,0.03333333333333333,0.0,-0.0
1743667223.5099146,0.0,-94.0,270.0,,0.0488966669511246,0.028,-1.698659842159398,0.03333333333333333,0.0,-0.0
1743667223.7059357,0.0,-94.0,270.0,,0.0488966669511246,0.028,-1.698659842159398,0.03333333333333333,0.0,-0.0
1743667223.9016578,0.0,-94.0,270.0,,0.0488966669511246,0.028,-1.698659842159398,0.03333333333333333,0.0,-0.0
1743667224.0991755,0.0,-94.0,270.0,,0.0488966669511246,0.028,-1.698659842159398,0.03333333333333333,0.0,-0.0
1743667224.2949595,0.0,-94.0,270.0,,0.0488966669511246,0.028,-1.698659842159398,0.03333333333333333,0.0,-0.0
1743667224.492546,0.0,-94.0,270.0,,0.0488966669511246,0.028,-1.698659842159398,0.03333333333333333,0.0,-0.0
1743667224.6898825,0.0,-94.0,270.0,,0.0488966669511246,0.028,-1.698659842159398,0.03333333333333333,0.0,-0.0
1743667224.8866122,0.0,-94.0,270.0,,0.0488966669511246,0.028,-1.698659842159398,0.03333333333333333,0.0,-0.0
1743667225.0832894,0.0,-94.0,270.0,,0.0488966669511246,0.028,-1.698659842159398,0.03333333333333333,0.0,-0.0
1743667225.279797,0.0,-94.0,270.0,,0.0488966669511246,0.028,-1.698659842159398,0.03333333333333333,0.0,-0.0
1743667225.4762232,0.0,-94.0,270.0,,0.0488966669511246,0.028,-1.698659842159398,0.03333333333333333,0.0,-0.0
1743667225.6727095,0.0,-94.0,270.0,,0.0488966669511246,0.028,-1.698659842159398,0.03333333333333333,0.0,-0.0
1743667225.8693151,0.0,-94.0,270.0,,0.0488966669511246,0.028,-1.698659842159398,0.03333333333333333,0.0,-0.0
1743667226.0659688,0.0,-94.0,270.0,,0.0488966669511246,0.028,-1.698659842159398,0.03333333333333333,0.0,-0.0
1743667226.261979,0.0,-94.0,270.0,,0.0488966669511246,0.028,-1.698659842159398,0.03333333333333333,0.0,-0.0
1743667226.457632,0.0,-94.0,270.0,,0.0488966669511246,0.028,-1.698659842159398,0.03333333333333333,0.0,-0.0
1743667226.6532593,0.0,-94.0,270.0,,0.0488966669511246,0.028,-1.698659842159398,0.03333333333333333,0.0,-0.0
1743667226.850332,0.0,-94.0,270.0,,0.0488966669511246,0.028,-1.698659842159398,0.03333333333333333,0.0,-0.0
1743667227.0482457,0.0,-94.0,270.0,,0.0488966669511246,0.028,-1.698659842159398,0.03333333333333333,0.0,-0.0
1743667227.245118,0.0,-94.0,270.0,,0.0488966669511246,0.028,-1.698659842159398,0.03333333333333333,0.0,-0.0
1743667227.4411275,0.0,-94.0,270.0,,0.0488966669511246,0.028,-1.698659842159398,0.03333333333333333,0.0,-0.0
1743667227.635978,0.0,-94.0,270.0,,0.0488966669511246,0.028,-1.698659842159398,0.03333333333333333,0.0,-0.0
1743667227.8313081,0.0,-94.0,270.0,,0.0488966669511246,0.028,-1.698659842159398,0.03333333333333333,0.0,-0.0
1743667228.029251,0.0,-94.0,270.0,,0.0488966669511246,0.028,-1.698659842159398,0.03333333333333333,0.0,-0.0
1743667228.2250626,0.0,-94.0,270.0,,0.0488966669511246,0.028,-1.698659842159398,0.03333333333333333,0.0,-0.0
1743667228.4217777,0.0,-94.0,270.0,,0.0488966669511246,0.028,-1.698659842159398,0.03333333333333333,0.0,-0.0
1743667228.6180983,0.0,-94.0,270.0,,0.0488966669511246,0.028,-1.698659842159398,0.03333333333333333,0.0,-0.0
1743667228.816443,0.0,-94.0,270.0,,0.0488966669511246,0.028,-1.698659842159398,0.03333333333333333,0.0,-0.0
1743667229.014423,0.0,-94.0,270.0,,0.0488966669511246,0.028,-1.698659842159398,0.03333333333333333,0.0,-0.0
1743667229.212151,0.0,-94.0,270.0,,0.0488966669511246,0.028,-1.698659842159398,0.03333333333333333,0.0,-0.0
1743667229.407496,0.0,-94.0,270.0,,0.0488966669511246,0.028,-1.698659842159398,0.03333333333333333,0.0,-0.0
1743667229.6049156,0.0,-94.0,270.0,,0.0488966669511246,0.028,-1.698659842159398,0.03333333333333333,0.0,-0.0
1743667229.8009021,0.0,-94.0,270.0,,0.0488966669511246,0.028,-1.698659842159398,0.03333333333333333,0.0,-0.0
1743667230.000628,0.0,-94.0,270.0,,0.0488966669511246,0.028,-1.698659842159398,0.03333333333333333,0.0,-0.0
1743667230.1980908,0.0,-94.0,270.0,,0.0488966669511246,0.028,-1.698659842159398,0.03333333333333333,0.0,-0.0
1743667230.3991668,0.0,-94.0,270.0,,0.0488966669511246,0.028,-1.698659842159398,0.03333333333333333,0.0,-0.0
1743667230.601432,0.0,-94.0,270.0,,0.0488966669511246,0.028,-1.698659842159398,0.03333333333333333,0.0,-0.0
1743667230.8105772,0.0,-94.0,270.0,,0.0488966669511246,0.028,-1.698659842159398,0.03333333333333333,0.0,-0.0
1743667231.0496585,0.0,-94.0,270.0,,0.0488966669511246,0.028,-1.698659842159398,0.03333333333333333,0.0,-0.0
1743667231.3110793,0.0,-94.0,270.0,,0.0488966669511246,0.028,-1.698659842159398,0.03333333333333333,0.0,-0.0
1743667231.530475,0.0,-94.0,270.0,,0.0488966669511246,0.028,-1.698659842159398,0.03333333333333333,0.0,-0.0
1743667231.7485428,0.0,-94.0,270.0,,0.0488966669511246,0.028,-1.698659842159398,0.03333333333333333,0.0,-0.0
1743667231.9643219,0.0,-94.0,270.0,,0.0488966669511246,0.028,-1.698659842159398,0.03333333333333333,0.0,-0.0
1743667232.1712086,0.0,-94.0,270.0,,0.0488966669511246,0.028,-1.698659842159398,0.03333333333333333,0.0,-0.0
1743667232.3750982,0.0,-94.0,270.0,,0.0488966669511246,0.028,-1.698659842159398,0.03333333333333333,0.0,-0.0
1743667232.5732617,0.0,-94.0,270.0,,0.0488966669511246,0.028,-1.698659842159398,0.03333333333333333,0.0,-0.0
1743667232.7719913,0.0,-94.0,270.0,,0.0488966669511246,0.028,-1.698659842159398,0.03333333333333333,0.0,-0.0
1743667232.9916737,0.0,-94.0,270.0,,0.0488966669511246,0.028,-1.698659842159398,0.03333333333333333,0.0,-0.0
1743667233.230797,0.0,-94.0,270.0,,0.0488966669511246,0.028,-1.698659842159398,0.03333333333333333,0.0,-0.0
1743667233.4868915,0.0,-94.0,270.0,,0.0488966669511246,0.028,-1.698659842159398,0.03333333333333333,0.0,-0.0
1743667233.7645793,0.0,-94.0,270.0,,0.0488966669511246,0.028,-1.698659842159398,0.03333333333333333,0.0,-0.0
1743667234.0074508,0.0,-94.0,270.0,,0.0488966669511246,0.028,-1.698659842159398,0.03333333333333333,0.0,-0.0
1743667234.229183,0.0,-94.0,270.0,,0.0488966669511246,0.028,-1.698659842159398,0.03333333333333333,0.0,-0.0
1743667234.4893062,0.0,-94.0,270.0,,0.0488966669511246,0.028,-1.698659842159398,0.03333333333333333,0.0,-0.0
1743667234.7583327,0.0,-94.0,270.0,,0.0488966669511246,0.028,-1.698659842159398,0.03333333333333333,0.0,-0.0
1743667235.0037467,0.0,-94.0,270.0,,0.0488966669511246,0.028,-1.698659842159398,0.03333333333333333,0.0,-0.0
1743667235.227658,0.0,-94.0,270.0,,0.0488966669511246,0.028,-1.698659842159398,0.03333333333333333,0.0,-0.0
1743667235.4502068,0.0,-94.0,270.0,,0.0488966669511246,0.028,-1.698659842159398,0.03333333333333333,0.0,-0.0
1743667235.6630187,0.0,-94.0,270.0,,0.0488966669511246,0.028,-1.698659842159398,0.03333333333333333,0.0,-0.0
1743667235.8690634,0.0,-94.0,270.0,,0.0488966669511246,0.028,-1.698659842159398,0.03333333333333333,0.0,-0.0
1743667236.0726452,0.0,-94.0,270.0,,0.0488966669511246,0.028,-1.698659842159398,0.03333333333333333,0.0,-0.0
1743667236.2744324,0.0,-94.0,270.0,,0.0488966669511246,0.028,-1.698659842159398,0.03333333333333333,0.0,-0.0
1743667236.4732559,0.0,-94.0,270.0,,0.0488966669511246,0.028,-1.698659842159398,0.03333333333333333,0.0,-0.0
1743667236.685733,0.0,-94.0,270.0,,0.0488966669511246,0.028,-1.698659842159398,0.03333333333333333,0.0,-0.0
1743667236.9055285,0.0,-94.0,270.0,,0.0488966669511246,0.028,-1.698659842159398,0.03333333333333333,0.0,-0.0
1743667237.1521451,0.0,-94.0,270.0,,0.0488966669511246,0.028,-1.698659842159398,0.03333333333333333,0.0,-0.0
1743667237.4189398,0.0,-94.0,270.0,,0.0488966669511246,0.028,-1.698659842159398,0.03333333333333333,0.0,-0.0
1743667237.6432118,0.0,-94.0,270.0,,0.0488966669511246,0.028,-1.698659842159398,0.03333333333333333,0.0,-0.0
1743667237.8874037,0.0,-94.0,270.0,,0.0488966669511246,0.028,-1.698659842159398,0.03333333333333333,0.0,-0.0
1743667238.1712754,0.0,-94.0,270.0,,0.0488966669511246,0.028,-1.698659842159398,0.03333333333333333,0.0,-0.0
1743667238.461926,0.0,-94.0,270.0,,0.0488966669511246,0.028,-1.698659842159398,0.03333333333333333,0.0,-0.0
1743667238.7400098,0.0,-94.0,270.0,,0.0488966669511246,0.028,-1.698659842159398,0.03333333333333333,0.0,-0.0
1743667239.078523,0.0,-94.0,270.0,,0.0488966669511246,0.028,-1.698659842159398,0.03333333333333333,0.0,-0.0
1743667239.4423401,0.0,-94.0,270.0,,0.0488966669511246,0.028,-1.698659842159398,0.03333333333333333,0.0,-0.0
1743667239.7559674,0.0,-94.0,270.0,,0.0488966669511246,0.028,-1.698659842159398,0.03333333333333333,0.0,-0.0
1743667240.0460851,0.0,-94.0,270.0,,0.0488966669511246,0.028,-1.698659842159398,0.03333333333333333,0.0,-0.0
1743667240.3378024,0.0,-94.0,270.0,,0.0488966669511246,0.028,-1.698659842159398,0.03333333333333333,0.0,-0.0
1743667240.5828958,0.0,-94.0,270.0,,0.0488966669511246,0.028,-1.698659842159398,0.03333333333333333,0.0,-0.0
1743667240.8187246,0.0,-94.0,270.0,,0.0488966669511246,0.028,-1.698659842159398,0.03333333333333333,0.0,-0.0
1743667241.0710397,0.0,-94.0,270.0,,0.0488966669511246,0.028,-1.698659842159398,0.03333333333333333,0.0,-0.0
1743667241.330301,0.0,-94.0,270.0,,0.0488966669511246,0.028,-1.698659842159398,0.03333333333333333,0.0,-0.0
1743667241.5580335,0.0,-94.0,270.0,,0.0488966669511246,0.028,-1.698659842159398,0.03333333333333333,0.0,-0.0
1743667241.7703927,0.0,-94.0,270.0,,0.0488966669511246,0.028,-1.698659842159398,0.03333333333333333,0.0,-0.0
1743667241.9770734,0.0,-94.0,270.0,,0.0488966669511246,0.028,-1.698659842159398,0.03333333333333333,0.0,-0.0
1743667242.1855154,0.0,-94.0,270.0,,0.0488966669511246,0.028,-1.698659842159398,0.03333333333333333,0.0,-0.0
1743667242.4530177,0.0,-94.0,270.0,,0.0488966669511246,0.028,-1.698659842159398,0.03333333333333333,0.0,-0.0
1743667242.6854923,0.0,-94.0,270.0,,0.0488966669511246,0.028,-1.698659842159398,0.03333333333333333,0.0,-0.0
1743667242.8987029,0.0,-94.0,270.0,,0.0488966669511246,0.028,-1.698659842159398,0.03333333333333333,0.0,-0.0
1743667243.10657,0.0,-94.0,270.0,,0.0488966669511246,0.028,-1.698659842159398,0.03333333333333333,0.0,-0.0
1743667243.3088841,0.0,-94.0,270.0,,0.0488966669511246,0.028,-1.698659842159398,0.03333333333333333,0.0,-0.0
1743667243.5131137,0.0,-94.0,270.0,,0.0488966669511246,0.028,-1.698659842159398,0.03333333333333333,0.0,-0.0
1743667243.7100818,0.0,-94.0,270.0,,0.0488966669511246,0.028,-1.698659842159398,0.03333333333333333,0.0,-0.0
1743667243.9282079,0.0,-94.0,270.0,,0.0488966669511246,0.028,-1.698659842159398,0.03333333333333333,0.0,-0.0
1743667244.174348,0.0,-94.0,270.0,,0.0488966669511246,0.028,-1.698659842159398,0.03333333333333333,0.0,-0.0
1743667244.4055219,0.0,-94.0,270.0,,0.0488966669511246,0.028,-1.698659842159398,0.03333333333333333,0.0,-0.0
1743667244.6201787,0.0,-94.0,270.0,,0.0488966669511246,0.028,-1.698659842159398,0.03333333333333333,0.0,-0.0
1743667244.8261456,0.0,-94.0,270.0,,0.0488966669511246,0.028,-1.698659842159398,0.03333333333333333,0.0,-0.0
1743667245.0309358,0.0,-94.0,270.0,,0.0488966669511246,0.028,-1.698659842159398,0.03333333333333333,0.0,-0.0
1743667245.2341573,0.0,-94.0,270.0,,0.0488966669511246,0.028,-1.698659842159398,0.03333333333333333,0.0,-0.0
1743667245.430445,0.0,-94.0,270.0,,0.0488966669511246,0.028,-1.698659842159398,0.03333333333333333,0.0,-0.0
1743667245.6268368,0.0,-94.0,270.0,,0.0488966669511246,0.028,-1.698659842159398,0.03333333333333333,0.0,-0.0
1743667245.8229985,0.0,-94.0,270.0,,0.0488966669511246,0.028,-1.698659842159398,0.03333333333333333,0.0,-0.0
1743667246.0188112,0.0,-94.0,270.0,,0.0488966669511246,0.028,-1.698659842159398,0.03333333333333333,0.0,-0.0
1743667246.2155354,0.0,-94.0,270.0,,0.0488966669511246,0.028,-1.698659842159398,0.03333333333333333,0.0,-0.0
1743667246.4117978,0.0,-94.0,270.0,,0.0488966669511246,0.028,-1.698659842159398,0.03333333333333333,0.0,-0.0
1743667246.607036,0.0,-94.0,270.0,,0.0488966669511246,0.028,-1.698659842159398,0.03333333333333333,0.0,-0.0
1743667246.80645,0.0,-94.0,270.0,,0.0488966669511246,0.028,-1.698659842159398,0.03333333333333333,0.0,-0.0
1743667247.0076876,0.0,-94.0,270.0,,0.0488966669511246,0.028,-1.698659842159398,0.03333333333333333,0.0,-0.0
1743667247.209965,0.0,-94.0,270.0,,0.0488966669511246,0.028,-1.698659842159398,0.03333333333333333,0.0,-0.0
1743667247.4146423,0.0,-94.0,270.0,,0.0488966669511246,0.028,-1.698659842159398,0.03333333333333333,0.0,-0.0
1743667247.6112754,0.0,-94.0,270.0,,0.0488966669511246,0.028,-1.698659842159398,0.03333333333333333,0.0,-0.0
1743667247.8085995,0.0,-94.0,270.0,,0.0488966669511246,0.028,-1.698659842159398,0.03333333333333333,0.0,-0.0
1743667248.0075529,0.0,-94.0,270.0,,0.0488966669511246,0.028,-1.698659842159398,0.03333333333333333,0.0,-0.0
1743667248.2050018,0.0,-94.0,270.0,,0.0488966669511246,0.028,-1.698659842159398,0.03333333333333333,0.0,-0.0
1743667248.426044,0.0,-94.0,270.0,,0.0488966669511246,0.028,-1.698659842159398,0.03333333333333333,0.0,-0.0
1743667248.6799824,0.0,-94.0,270.0,,0.0488966669511246,0.028,-1.698659842159398,0.03333333333333333,0.0,-0.0
1743667248.9041712,0.0,-94.0,270.0,,0.0488966669511246,0.028,-1.698659842159398,0.03333333333333333,0.0,-0.0
1743667249.1133978,0.0,-94.0,270.0,,0.0488966669511246,0.028,-1.698659842159398,0.03333333333333333,0.0,-0.0
1743667249.3152776,0.0,-94.0,270.0,,0.0488966669511246,0.028,-1.698659842159398,0.03333333333333333,0.0,-0.0
1743667249.5156791,0.0,-94.0,270.0,,0.0488966669511246,0.028,-1.698659842159398,0.03333333333333333,0.0,-0.0
1743667249.7114365,0.0,-94.0,270.0,,0.0488966669511246,0.028,-1.698659842159398,0.03333333333333333,0.0,-0.0
1743667249.9070883,0.0,-94.0,270.0,,0.0488966669511246,0.028,-1.698659842159398,0.03333333333333333,0.0,-0.0
1743667250.1033165,0.0,-94.0,270.0,,0.0488966669511246,0.028,-1.698659842159398,0.03333333333333333,0.0,-0.0
1743667250.29929,0.0,-94.0,270.0,,0.0488966669511246,0.028,-1.698659842159398,0.03333333333333333,0.0,-0.0
1743667250.495634,0.0,-94.0,270.0,,0.0488966669511246,0.028,-1.698659842159398,0.03333333333333333,0.0,-0.0
1743667250.6952562,0.0,-94.0,270.0,,0.0488966669511246,0.028,-1.698659842159398,0.03333333333333333,0.0,-0.0
1743667250.8986068,0.0,-94.0,270.0,,0.0488966669511246,0.028,-1.698659842159398,0.03333333333333333,0.0,-0.0
1743667251.095744,0.0,-94.0,270.0,,0.0488966669511246,0.028,-1.698659842159398,0.03333333333333333,0.0,-0.0
1743667251.2928095,0.0,-94.0,270.0,,0.0488966669511246,0.028,-1.698659842159398,0.03333333333333333,0.0,-0.0
1743667251.4897857,0.0,-94.0,270.0,,0.0488966669511246,0.028,-1.698659842159398,0.03333333333333333,0.0,-0.0
1743667251.6868496,0.0,-94.0,270.0,,0.0488966669511246,0.028,-1.698659842159398,0.03333333333333333,0.0,-0.0
1743667251.8842754,0.0,-94.0,270.0,,0.0488966669511246,0.028,-1.698659842159398,0.03333333333333333,0.0,-0.0
1743667252.0807939,0.0,-94.0,270.0,,0.0488966669511246,0.028,-1.698659842159398,0.03333333333333333,0.0,-0.0
1743667252.2769818,0.0,-94.0,270.0,,0.0488966669511246,0.028,-1.698659842159398,0.03333333333333333,0.0,-0.0
1743667252.473224,0.0,-94.0,270.0,,0.0488966669511246,0.028,-1.698659842159398,0.03333333333333333,0.0,-0.0
1743667252.6693964,0.0,-94.0,270.0,,0.0488966669511246,0.028,-1.698659842159398,0.03333333333333333,0.0,-0.0
1743667252.8661168,0.0,-94.0,270.0,,0.0488966669511246,0.028,-1.698659842159398,0.03333333333333333,0.0,-0.0
1743667253.0630126,0.0,-94.0,270.0,,0.0488966669511246,0.028,-1.698659842159398,0.03333333333333333,0.0,-0.0
1743667253.259776,0.0,-94.0,270.0,,0.0488966669511246,0.028,-1.698659842159398,0.03333333333333333,0.0,-0.0
1743667253.5024948,0.0,-94.0,270.0,,0.0488966669511246,0.028,-1.698659842159398,0.03333333333333333,0.0,-0.0
1743667253.7233624,0.0,-94.0,270.0,,0.0488966669511246,0.028,-1.698659842159398,0.03333333333333333,0.0,-0.0
1743667253.9423113,0.0,-94.0,270.0,,0.0488966669511246,0.028,-1.698659842159398,0.03333333333333333,0.0,-0.0
1743667254.1622264,0.0,-94.0,270.0,,0.0488966669511246,0.028,-1.698659842159398,0.03333333333333333,0.0,-0.0
1743667254.374977,0.0,-94.0,270.0,,0.0488966669511246,0.028,-1.698659842159398,0.03333333333333333,0.0,-0.0
1743667254.6516247,0.0,-94.0,270.0,,0.0488966669511246,0.028,-1.698659842159398,0.03333333333333333,0.0,-0.0
1743667254.9120607,0.0,-94.0,270.0,,0.0488966669511246,0.028,-1.698659842159398,0.03333333333333333,0.0,-0.0
1743667255.1380594,0.0,-94.0,270.0,,0.0488966669511246,0.028,-1.698659842159398,0.03333333333333333,0.0,-0.0
1743667255.3506415,0.0,-94.0,270.0,,0.0488966669511246,0.028,-1.698659842159398,0.03333333333333333,0.0,-0.0
1743667255.5557163,0.0,-94.0,270.0,,0.0488966669511246,0.028,-1.698659842159398,0.03333333333333333,0.0,-0.0
1743667255.7713196,0.0,-94.0,270.0,,0.0488966669511246,0.028,-1.698659842159398,0.03333333333333333,0.0,-0.0
1743667255.9914784,0.0,-94.0,270.0,,0.0488966669511246,0.028,-1.698659842159398,0.03333333333333333,0.0,-0.0
1743667256.2143135,0.0,-94.0,270.0,,0.0488966669511246,0.028,-1.698659842159398,0.03333333333333333,0.0,-0.0
1743667256.4370866,0.0,-94.0,270.0,,0.0488966669511246,0.028,-1.698659842159398,0.03333333333333333,0.0,-0.0
1743667256.6491616,0.0,-94.0,270.0,,0.0488966669511246,0.028,-1.698659842159398,0.03333333333333333,0.0,-0.0
1743667256.853603,0.0,-94.0,270.0,,0.0488966669511246,0.028,-1.698659842159398,0.03333333333333333,0.0,-0.0
1743667257.055885,0.0,-94.0,270.0,,0.0488966669511246,0.028,-1.698659842159398,0.03333333333333333,0.0,-0.0
1743667257.262268,0.0,-94.0,270.0,,0.0488966669511246,0.028,-1.698659842159398,0.03333333333333333,0.0,-0.0
1743667257.470788,0.0,-94.0,270.0,,0.0488966669511246,0.028,-1.698659842159398,0.03333333333333333,0.0,-0.0
1743667257.6740527,0.0,-94.0,270.0,,0.0488966669511246,0.028,-1.698659842159398,0.03333333333333333,0.0,-0.0
1743667257.8750162,0.0,-94.0,270.0,,0.0488966669511246,0.028,-1.698659842159398,0.03333333333333333,0.0,-0.0
1743667258.0748534,0.0,-94.0,270.0,,0.0488966669511246,0.028,-1.698659842159398,0.03333333333333333,0.0,-0.0
1743667258.2847667,0.0,-94.0,270.0,,0.0488966669511246,0.028,-1.698659842159398,0.03333333333333333,0.0,-0.0
1743667258.5041306,0.0,-94.0,270.0,,0.0488966669511246,0.028,-1.698659842159398,0.03333333333333333,0.0,-0.0
1743667258.723628,0.0,-94.0,270.0,,0.0488966669511246,0.028,-1.698659842159398,0.03333333333333333,0.0,-0.0
1743667258.9410315,0.0,-94.0,270.0,,0.0488966669511246,0.028,-1.698659842159398,0.03333333333333333,0.0,-0.0
1743667259.157727,0.0,-94.0,270.0,,0.0488966669511246,0.028,-1.698659842159398,0.03333333333333333,0.0,-0.0
1743667259.3990467,0.0,-94.0,270.0,,0.0488966669511246,0.028,-1.698659842159398,0.03333333333333333,0.0,-0.0
1743667259.621678,0.0,-94.0,270.0,,0.0488966669511246,0.028,-1.698659842159398,0.03333333333333333,0.0,-0.0
1743667259.8428872,0.0,-94.0,270.0,,0.0488966669511246,0.028,-1.698659842159398,0.03333333333333333,0.0,-0.0
1743667260.0855901,0.0,-94.0,270.0,,0.0488966669511246,0.028,-1.698659842159398,0.03333333333333333,0.0,-0.0
1743667260.3153324,0.0,-94.0,270.0,,0.0488966669511246,0.028,-1.698659842159398,0.03333333333333333,0.0,-0.0
1743667260.5358417,0.0,-94.0,270.0,,0.0488966669511246,0.028,-1.698659842159398,0.03333333333333333,0.0,-0.0
1743667260.755975,0.0,-94.0,270.0,,0.0488966669511246,0.028,-1.698659842159398,0.03333333333333333,0.0,-0.0
1743667261.0060425,0.0,-94.0,270.0,,0.0488966669511246,0.028,-1.698659842159398,0.03333333333333333,0.0,-0.0
1743667261.2628453,0.0,-94.0,270.0,,0.0488966669511246,0.028,-1.698659842159398,0.03333333333333333,0.0,-0.0
1743667261.5354621,0.0,-94.0,270.0,,0.0488966669511246,0.028,-1.698659842159398,0.03333333333333333,0.0,-0.0
1743667261.7790496,0.0,-94.0,270.0,,0.0488966669511246,0.028,-1.698659842159398,0.03333333333333333,0.0,-0.0
1743667262.0110407,0.0,-94.0,270.0,,0.0488966669511246,0.028,-1.698659842159398,0.03333333333333333,0.0,-0.0
1743667262.2360353,0.0,-94.0,270.0,,0.0488966669511246,0.028,-1.698659842159398,0.03333333333333333,0.0,-0.0
1743667262.502981,0.0,-94.0,270.0,,0.0488966669511246,0.028,-1.698659842159398,0.03333333333333333,0.0,-0.0
1743667262.7847252,0.0,-94.0,270.0,,0.0488966669511246,0.028,-1.698659842159398,0.03333333333333333,0.0,-0.0
1743667263.2290509,0.0,-94.0,270.0,,0.0488966669511246,0.028,-1.698659842159398,0.03333333333333333,0.0,-0.0
1743667263.6575055,0.0,-94.0,270.0,,0.0488966669511246,0.028,-1.698659842159398,0.03333333333333333,0.0,-0.0
1743667264.0492725,0.0,-94.0,270.0,,0.0488966669511246,0.028,-1.698659842159398,0.03333333333333333,0.0,-0.0
1743667264.3691344,0.0,-94.0,270.0,,0.0488966669511246,0.028,-1.698659842159398,0.03333333333333333,0.0,-0.0
1743667264.6439497,0.0,-94.0,270.0,,0.0488966669511246,0.028,-1.698659842159398,0.03333333333333333,0.0,-0.0
1743667264.9119902,0.0,-94.0,270.0,,0.0488966669511246,0.028,-1.698659842159398,0.03333333333333333,0.0,-0.0
1743667265.1959836,0.0,-94.0,270.0,,0.0488966669511246,0.028,-1.698659842159398,0.03333333333333333,0.0,-0.0
1743667265.5097756,0.0,-94.0,270.0,,0.0488966669511246,0.028,-1.698659842159398,0.03333333333333333,0.0,-0.0
1743667265.7538366,0.0,-94.0,270.0,,0.0488966669511246,0.028,-1.698659842159398,0.03333333333333333,0.0,-0.0
1743667265.9723783,0.0,-94.0,270.0,,0.0488966669511246,0.028,-1.698659842159398,0.03333333333333333,0.0,-0.0
1743667266.1808882,0.0,-94.0,270.0,,0.0488966669511246,0.028,-1.698659842159398,0.03333333333333333,0.0,-0.0
1743667266.379167,0.0,-94.0,270.0,,0.0488966669511246,0.028,-1.698659842159398,0.03333333333333333,0.0,-0.0
1743667266.5728126,0.0,-94.0,270.0,,0.0488966669511246,0.028,-1.698659842159398,0.03333333333333333,0.0,-0.0
1743667266.766701,0.0,-94.0,270.0,,0.0488966669511246,0.028,-1.698659842159398,0.03333333333333333,0.0,-0.0
1743667266.959212,0.0,-94.0,270.0,,0.0488966669511246,0.028,-1.698659842159398,0.03333333333333333,0.0,-0.0
1743667267.1492755,0.0,-94.0,270.0,,0.0488966669511246,0.028,-1.698659842159398,0.03333333333333333,0.0,-0.0
1743667267.3378603,0.0,-94.0,270.0,,0.0488966669511246,0.028,-1.698659842159398,0.03333333333333333,0.0,-0.0
1743667267.5314846,0.0,-94.0,270.0,,0.0488966669511246,0.028,-1.698659842159398,0.03333333333333333,0.0,-0.0
1743667267.725004,0.0,-94.0,270.0,,0.0488966669511246,0.028,-1.698659842159398,0.03333333333333333,0.0,-0.0
1743667267.9189272,0.0,-94.0,270.0,,0.0488966669511246,0.028,-1.698659842159398,0.03333333333333333,0.0,-0.0
1743667268.1091802,0.0,-94.0,270.0,,0.0488966669511246,0.028,-1.698659842159398,0.03333333333333333,0.0,-0.0
1743667268.3042307,0.0,-94.0,270.0,,0.0488966669511246,0.028,-1.698659842159398,0.03333333333333333,0.0,-0.0
1743667268.4951472,0.0,-94.0,270.0,,0.0488966669511246,0.028,-1.698659842159398,0.03333333333333333,0.0,-0.0
1743667268.6861863,0.0,-94.0,270.0,,0.0488966669511246,0.028,-1.698659842159398,0.03333333333333333,0.0,-0.0
1743667268.8770807,0.0,-94.0,270.0,,0.0488966669511246,0.028,-1.698659842159398,0.03333333333333333,0.0,-0.0
1743667269.0674195,0.0,-94.0,270.0,,0.0488966669511246,0.028,-1.698659842159398,0.03333333333333333,0.0,-0.0
1743667269.273899,0.0,-94.0,270.0,,0.0488966669511246,0.028,-1.698659842159398,0.03333333333333333,0.0,-0.0
1743667269.513149,0.0,-94.0,270.0,,0.0488966669511246,0.028,-1.698659842159398,0.03333333333333333,0.0,-0.0
1743667269.7372534,0.0,-94.0,270.0,,0.0488966669511246,0.028,-1.698659842159398,0.03333333333333333,0.0,-0.0
1743667269.9454448,0.0,-94.0,270.0,,0.0488966669511246,0.028,-1.698659842159398,0.03333333333333333,0.0,-0.0
1743667270.1450098,0.0,-94.0,270.0,,0.0488966669511246,0.028,-1.698659842159398,0.03333333333333333,0.0,-0.0
1743667270.3588748,0.0,-94.0,270.0,,0.0488966669511246,0.028,-1.698659842159398,0.03333333333333333,0.0,-0.0
1743667270.5890884,0.0,-94.0,270.0,,0.0488966669511246,0.028,-1.698659842159398,0.03333333333333333,0.0,-0.0
1743667270.8272316,0.0,-94.0,270.0,,0.0488966669511246,0.028,-1.698659842159398,0.03333333333333333,0.0,-0.0
1743667271.0708466,0.0,-94.0,270.0,,0.0488966669511246,0.028,-1.698659842159398,0.03333333333333333,0.0,-0.0
1743667271.2975035,0.0,-94.0,270.0,,0.0488966669511246,0.028,-1.698659842159398,0.03333333333333333,0.0,-0.0
1743667271.5056598,0.0,-94.0,270.0,,0.0488966669511246,0.028,-1.698659842159398,0.03333333333333333,0.0,-0.0
1743667271.7058303,0.0,-94.0,270.0,,0.0488966669511246,0.028,-1.698659842159398,0.03333333333333333,0.0,-0.0
1743667271.9183903,0.0,-94.0,270.0,,0.0488966669511246,0.028,-1.698659842159398,0.03333333333333333,0.0,-0.0
1743667272.1372633,0.0,-94.0,270.0,,0.0488966669511246,0.028,-1.698659842159398,0.03333333333333333,0.0,-0.0
1743667272.3479412,0.0,-94.0,270.0,,0.0488966669511246,0.028,-1.698659842159398,0.03333333333333333,0.0,-0.0
1743667272.5779243,0.0,-94.0,270.0,,0.0488966669511246,0.028,-1.698659842159398,0.03333333333333333,0.0,-0.0
1743667272.8242252,0.0,-94.0,270.0,,0.0488966669511246,0.028,-1.698659842159398,0.03333333333333333,0.0,-0.0
1743667273.054448,0.0,-94.0,270.0,,0.0488966669511246,0.028,-1.698659842159398,0.03333333333333333,0.0,-0.0
1743667273.2623131,0.0,-94.0,270.0,,0.0488966669511246,0.028,-1.698659842159398,0.03333333333333333,0.0,-0.0
1743667273.4626195,0.0,-94.0,270.0,,0.0488966669511246,0.028,-1.698659842159398,0.03333333333333333,0.0,-0.0
1743667273.6988316,0.0,-94.0,270.0,,0.0488966669511246,0.028,-1.698659842159398,0.03333333333333333,0.0,-0.0
1743667273.9145918,0.0,-94.0,270.0,,0.0488966669511246,0.028,-1.698659842159398,0.03333333333333333,0.0,-0.0
1743667274.1175382,0.0,-94.0,270.0,,0.0488966669511246,0.028,-1.698659842159398,0.03333333333333333,0.0,-0.0
1743667274.3163085,0.0,-94.0,270.0,,0.0488966669511246,0.028,-1.698659842159398,0.03333333333333333,0.0,-0.0
1743667274.5351076,0.0,-94.0,270.0,,0.0488966669511246,0.028,-1.698659842159398,0.03333333333333333,0.0,-0.0
1743667274.7471347,0.0,-94.0,270.0,,0.0488966669511246,0.028,-1.698659842159398,0.03333333333333333,0.0,-0.0
1743667274.946965,0.0,-94.0,270.0,,0.0488966669511246,0.028,-1.698659842159398,0.03333333333333333,0.0,-0.0
1743667275.1471877,0.0,-94.0,270.0,,0.0488966669511246,0.028,-1.698659842159398,0.03333333333333333,0.0,-0.0
1743667275.3407257,0.0,-94.0,270.0,,0.0488966669511246,0.028,-1.698659842159398,0.03333333333333333,0.0,-0.0
1743667275.5349243,0.0,-94.0,270.0,,0.0488966669511246,0.028,-1.698659842159398,0.03333333333333333,0.0,-0.0
1743667275.7451463,0.0,-94.0,270.0,,0.0488966669511246,0.028,-1.698659842159398,0.03333333333333333,0.0,-0.0
1743667275.9629784,0.0,-94.0,270.0,,0.0488966669511246,0.028,-1.698659842159398,0.03333333333333333,0.0,-0.0
1743667276.1730118,0.0,-94.0,270.0,,0.0488966669511246,0.028,-1.698659842159398,0.03333333333333333,0.0,-0.0
1743667276.3724618,0.0,-94.0,270.0,,0.0488966669511246,0.028,-1.698659842159398,0.03333333333333333,0.0,-0.0
1743667276.5682178,0.0,-94.0,270.0,,0.0488966669511246,0.028,-1.698659842159398,0.03333333333333333,0.0,-0.0
1743667276.761738,0.0,-94.0,270.0,,0.0488966669511246,0.028,-1.698659842159398,0.03333333333333333,0.0,-0.0
1743667276.9552546,0.0,-94.0,270.0,,0.0488966669511246,0.028,-1.698659842159398,0.03333333333333333,0.0,-0.0
1743667277.1484768,0.0,-94.0,270.0,,0.0488966669511246,0.028,-1.698659842159398,0.03333333333333333,0.0,-0.0
1743667277.3398316,0.0,-94.0,270.0,,0.0488966669511246,0.028,-1.698659842159398,0.03333333333333333,0.0,-0.0
1743667277.5308552,0.0,-94.0,270.0,,0.0488966669511246,0.028,-1.698659842159398,0.03333333333333333,0.0,-0.0
1743667277.7287061,0.0,-94.0,270.0,,0.0488966669511246,0.028,-1.698659842159398,0.03333333333333333,0.0,-0.0
1743667277.9231777,0.0,-94.0,270.0,,0.0488966669511246,0.028,-1.698659842159398,0.03333333333333333,0.0,-0.0
1743667278.1167696,0.0,-94.0,270.0,,0.0488966669511246,0.028,-1.698659842159398,0.03333333333333333,0.0,-0.0
1743667278.309812,0.0,-94.0,270.0,,0.0488966669511246,0.028,-1.698659842159398,0.03333333333333333,0.0,-0.0
1743667278.5071518,0.0,-94.0,270.0,,0.0488966669511246,0.028,-1.698659842159398,0.03333333333333333,0.0,-0.0
1743667278.724052,0.0,-94.0,270.0,,0.0488966669511246,0.028,-1.698659842159398,0.03333333333333333,0.0,-0.0
1743667278.9513159,0.0,-94.0,270.0,,0.0488966669511246,0.028,-1.698659842159398,0.03333333333333333,0.0,-0.0
1743667279.1834404,0.0,-94.0,270.0,,0.0488966669511246,0.028,-1.698659842159398,0.03333333333333333,0.0,-0.0
1743667279.400137,0.0,-94.0,270.0,,0.0488966669511246,0.028,-1.698659842159398,0.03333333333333333,0.0,-0.0
1743667279.6069868,0.0,-94.0,270.0,,0.0488966669511246,0.028,-1.698659842159398,0.03333333333333333,0.0,-0.0
1743667279.8069732,0.0,-94.0,270.0,,0.0488966669511246,0.028,-1.698659842159398,0.03333333333333333,0.0,-0.0
1743667280.0071685,0.0,-94.0,270.0,,0.0488966669511246,0.028,-1.698659842159398,0.03333333333333333,0.0,-0.0
1743667280.2054348,0.0,-94.0,270.0,,0.0488966669511246,0.028,-1.698659842159398,0.03333333333333333,0.0,-0.0
1743667280.398988,0.0,-94.0,270.0,,0.0488966669511246,0.028,-1.698659842159398,0.03333333333333333,0.0,-0.0
1743667280.592796,0.0,-94.0,270.0,,0.0488966669511246,0.028,-1.698659842159398,0.03333333333333333,0.0,-0.0
1743667280.793695,0.0,-94.0,270.0,,0.0488966669511246,0.028,-1.698659842159398,0.03333333333333333,0.0,-0.0
1743667280.9849966,0.0,-94.0,270.0,,0.0488966669511246,0.028,-1.698659842159398,0.03333333333333333,0.0,-0.0
1743667281.1898208,0.0,-94.0,270.0,,0.0488966669511246,0.028,-1.698659842159398,0.03333333333333333,0.0,-0.0
1743667281.403655,0.0,-94.0,270.0,,0.0488966669511246,0.028,-1.698659842159398,0.03333333333333333,0.0,-0.0
1743667281.6152709,0.0,-94.0,270.0,,0.0488966669511246,0.028,-1.698659842159398,0.03333333333333333,0.0,-0.0
1743667281.8180754,0.0,-94.0,270.0,,0.0488966669511246,0.028,-1.698659842159398,0.03333333333333333,0.0,-0.0
1743667282.0159428,0.0,-94.0,270.0,,0.0488966669511246,0.028,-1.698659842159398,0.03333333333333333,0.0,-0.0
1743667282.2098496,0.0,-94.0,270.0,,0.0488966669511246,0.028,-1.698659842159398,0.03333333333333333,0.0,-0.0
1743667282.4036436,0.0,-94.0,270.0,,0.0488966669511246,0.028,-1.698659842159398,0.03333333333333333,0.0,-0.0
1743667282.5982602,0.0,-94.0,270.0,,0.0488966669511246,0.028,-1.698659842159398,0.03333333333333333,0.0,-0.0
1743667282.7899592,0.0,-94.0,270.0,,0.0488966669511246,0.028,-1.698659842159398,0.03333333333333333,0.0,-0.0
1743667282.9840243,0.0,-94.0,270.0,,0.0488966669511246,0.028,-1.698659842159398,0.03333333333333333,0.0,-0.0
1743667283.1961083,0.0,-94.0,270.0,,0.0488966669511246,0.028,-1.698659842159398,0.03333333333333333,0.0,-0.0
1743667283.4141898,0.0,-94.0,270.0,,0.0488966669511246,0.028,-1.698659842159398,0.03333333333333333,0.0,-0.0
1743667283.626095,0.0,-94.0,270.0,,0.0488966669511246,0.028,-1.698659842159398,0.03333333333333333,0.0,-0.0
1743667283.828939,0.0,-94.0,270.0,,0.0488966669511246,0.028,-1.698659842159398,0.03333333333333333,0.0,-0.0
1743667284.0279684,0.0,-94.0,270.0,,0.0488966669511246,0.028,-1.698659842159398,0.03333333333333333,0.0,-0.0
1743667284.221239,0.0,-94.0,270.0,,0.0488966669511246,0.028,-1.698659842159398,0.03333333333333333,0.0,-0.0
1743667284.4147305,0.0,-94.0,270.0,,0.0488966669511246,0.028,-1.698659842159398,0.03333333333333333,0.0,-0.0
1743667284.6256561,0.0,-94.0,270.0,,0.0488966669511246,0.028,-1.698659842159398,0.03333333333333333,0.0,-0.0
1743667284.846424,0.0,-94.0,270.0,,0.0488966669511246,0.028,-1.698659842159398,0.03333333333333333,0.0,-0.0
1743667285.0511544,0.0,-94.0,270.0,,0.0488966669511246,0.028,-1.698659842159398,0.03333333333333333,0.0,-0.0
1743667285.249771,0.0,-94.0,270.0,,0.0488966669511246,0.028,-1.698659842159398,0.03333333333333333,0.0,-0.0
1743667285.4436576,0.0,-94.0,270.0,,0.0488966669511246,0.028,-1.698659842159398,0.03333333333333333,0.0,-0.0
1743667285.6439073,0.0,-94.0,270.0,,0.0488966669511246,0.028,-1.698659842159398,0.03333333333333333,0.0,-0.0
1743667285.853657,0.0,-94.0,270.0,,0.0488966669511246,0.028,-1.698659842159398,0.03333333333333333,0.0,-0.0
1743667286.0642872,0.0,-94.0,270.0,,0.0488966669511246,0.028,-1.698659842159398,0.03333333333333333,0.0,-0.0
1743667286.2732613,0.0,-94.0,270.0,,0.0488966669511246,0.028,-1.698659842159398,0.03333333333333333,0.0,-0.0
1743667286.4816449,0.0,-94.0,270.0,,0.0488966669511246,0.028,-1.698659842159398,0.03333333333333333,0.0,-0.0
1743667286.6820138,0.0,-94.0,270.0,,0.0488966669511246,0.028,-1.698659842159398,0.03333333333333333,0.0,-0.0
1743667286.8790624,0.0,-94.0,270.0,,0.0488966669511246,0.028,-1.698659842159398,0.03333333333333333,0.0,-0.0
1743667287.0711198,0.0,-94.0,270.0,,0.0488966669511246,0.028,-1.698659842159398,0.03333333333333333,0.0,-0.0
1743667287.2637105,0.0,-94.0,270.0,,0.0488966669511246,0.028,-1.698659842159398,0.03333333333333333,0.0,-0.0
1743667287.456434,0.0,-94.0,270.0,,0.0488966669511246,0.028,-1.698659842159398,0.03333333333333333,0.0,-0.0
1743667287.6480858,0.0,-94.0,270.0,,0.0488966669511246,0.028,-1.698659842159398,0.03333333333333333,0.0,-0.0
1743667287.8388717,0.0,-94.0,270.0,,0.0488966669511246,0.028,-1.698659842159398,0.03333333333333333,0.0,-0.0
1743667288.030472,0.0,-94.0,270.0,,0.0488966669511246,0.028,-1.698659842159398,0.03333333333333333,0.0,-0.0
1743667288.2217946,0.0,-94.0,270.0,,0.0488966669511246,0.028,-1.698659842159398,0.03333333333333333,0.0,-0.0
1743667288.413344,0.0,-94.0,270.0,,0.0488966669511246,0.028,-1.698659842159398,0.03333333333333333,0.0,-0.0
1743667288.6058412,0.0,-94.0,270.0,,0.0488966669511246,0.028,-1.698659842159398,0.03333333333333333,0.0,-0.0
1743667288.7970936,0.0,-94.0,270.0,,0.0488966669511246,0.028,-1.698659842159398,0.03333333333333333,0.0,-0.0
1743667288.9877076,0.0,-94.0,270.0,,0.0488966669511246,0.028,-1.698659842159398,0.03333333333333333,0.0,-0.0
1743667289.1793013,0.0,-94.0,270.0,,0.0488966669511246,0.028,-1.698659842159398,0.03333333333333333,0.0,-0.0
1743667289.3685956,0.0,-94.0,270.0,,0.0488966669511246,0.028,-1.698659842159398,0.03333333333333333,0.0,-0.0
1743667289.5597801,0.0,-94.0,270.0,,0.0488966669511246,0.028,-1.698659842159398,0.03333333333333333,0.0,-0.0
1743667289.749868,0.0,-94.0,270.0,,0.0488966669511246,0.028,-1.698659842159398,0.03333333333333333,0.0,-0.0
1743667289.9418468,0.0,-94.0,270.0,,0.0488966669511246,0.028,-1.698659842159398,0.03333333333333333,0.0,-0.0
1743667290.1324644,0.0,-94.0,270.0,,0.0488966669511246,0.028,-1.698659842159398,0.03333333333333333,0.0,-0.0
1743667290.3230503,0.0,-94.0,270.0,,0.0488966669511246,0.028,-1.698659842159398,0.03333333333333333,0.0,-0.0
1743667290.5156467,0.0,-94.0,270.0,,0.0488966669511246,0.028,-1.698659842159398,0.03333333333333333,0.0,-0.0
1743667290.7076316,0.0,-94.0,270.0,,0.0488966669511246,0.028,-1.698659842159398,0.03333333333333333,0.0,-0.0
1743667290.899297,0.0,-94.0,270.0,,0.0488966669511246,0.028,-1.698659842159398,0.03333333333333333,0.0,-0.0
1743667291.0906925,0.0,-94.0,270.0,,0.0488966669511246,0.028,-1.698659842159398,0.03333333333333333,0.0,-0.0
1743667291.3064785,0.0,-94.0,270.0,,0.0488966669511246,0.028,-1.698659842159398,0.03333333333333333,0.0,-0.0
1743667291.5253594,0.0,-94.0,270.0,,0.0488966669511246,0.028,-1.698659842159398,0.03333333333333333,0.0,-0.0
1743667291.7332568,0.0,-94.0,270.0,,0.0488966669511246,0.028,-1.698659842159398,0.03333333333333333,0.0,-0.0
1743667291.9330504,0.0,-94.0,270.0,,0.0488966669511246,0.028,-1.698659842159398,0.03333333333333333,0.0,-0.0
1743667292.1281676,0.0,-94.0,270.0,,0.0488966669511246,0.028,-1.698659842159398,0.03333333333333333,0.0,-0.0
1743667292.3462718,0.0,-94.0,270.0,,0.0488966669511246,0.028,-1.698659842159398,0.03333333333333333,0.0,-0.0
1743667292.5674746,0.0,-94.0,270.0,,0.0488966669511246,0.028,-1.698659842159398,0.03333333333333333,0.0,-0.0
1743667292.7760422,0.0,-94.0,270.0,,0.0488966669511246,0.028,-1.698659842159398,0.03333333333333333,0.0,-0.0
1743667292.9916408,0.0,-94.0,270.0,,0.0488966669511246,0.028,-1.698659842159398,0.03333333333333333,0.0,-0.0
1743667293.2126238,0.0,-94.0,270.0,,0.0488966669511246,0.028,-1.698659842159398,0.03333333333333333,0.0,-0.0
1743667293.4236782,0.0,-94.0,270.0,,0.0488966669511246,0.028,-1.698659842159398,0.03333333333333333,0.0,-0.0
1743667293.6268601,0.0,-94.0,270.0,,0.0488966669511246,0.028,-1.698659842159398,0.03333333333333333,0.0,-0.0
1743667293.8259022,0.0,-94.0,270.0,,0.0488966669511246,0.028,-1.698659842159398,0.03333333333333333,0.0,-0.0
1743667294.0274634,0.0,-94.0,270.0,,0.0488966669511246,0.028,-1.698659842159398,0.03333333333333333,0.0,-0.0
1743667294.2343597,0.0,-94.0,270.0,,0.0488966669511246,0.028,-1.698659842159398,0.03333333333333333,0.0,-0.0
1743667294.4503925,0.0,-94.0,270.0,,0.0488966669511246,0.028,-1.698659842159398,0.03333333333333333,0.0,-0.0
1743667294.667168,0.0,-94.0,270.0,,0.0488966669511246,0.028,-1.698659842159398,0.03333333333333333,0.0,-0.0
1743667294.87212,0.0,-94.0,270.0,,0.0488966669511246,0.028,-1.698659842159398,0.03333333333333333,0.0,-0.0
1743667295.0722182,0.0,-94.0,270.0,,0.0488966669511246,0.028,-1.698659842159398,0.03333333333333333,0.0,-0.0
1743667295.2690845,0.0,-94.0,270.0,,0.0488966669511246,0.028,-1.698659842159398,0.03333333333333333,0.0,-0.0
1743667295.5045428,0.0,-94.0,270.0,,0.0488966669511246,0.028,-1.698659842159398,0.03333333333333333,0.0,-0.0
1743667295.7604587,0.0,-94.0,270.0,,0.0488966669511246,0.028,-1.698659842159398,0.03333333333333333,0.0,-0.0
1743667296.0261552,0.0,-94.0,270.0,,0.0488966669511246,0.028,-1.698659842159398,0.03333333333333333,0.0,-0.0
1743667296.2947252,0.0,-94.0,270.0,,0.0488966669511246,0.028,-1.698659842159398,0.03333333333333333,0.0,-0.0
1743667296.5614007,0.0,-94.0,270.0,,0.0488966669511246,0.028,-1.698659842159398,0.03333333333333333,0.0,-0.0
1743667296.854625,0.0,-94.0,270.0,,0.0488966669511246,0.028,-1.698659842159398,0.03333333333333333,0.0,-0.0
1743667297.1465578,0.0,-94.0,270.0,,0.0488966669511246,0.028,-1.698659842159398,0.03333333333333333,0.0,-0.0
1743667297.4247131,0.0,-94.0,270.0,,0.0488966669511246,0.028,-1.698659842159398,0.03333333333333333,0.0,-0.0
1743667297.7004874,0.0,-94.0,270.0,,0.0488966669511246,0.028,-1.698659842159398,0.03333333333333333,0.0,-0.0
1743667297.9354553,0.0,-94.0,270.0,,0.0488966669511246,0.028,-1.698659842159398,0.03333333333333333,0.0,-0.0
1743667298.149086,0.0,-94.0,270.0,,0.0488966669511246,0.028,-1.698659842159398,0.03333333333333333,0.0,-0.0
1743667298.3524222,0.0,-94.0,270.0,,0.0488966669511246,0.028,-1.698659842159398,0.03333333333333333,0.0,-0.0
1743667298.5507524,0.0,-94.0,270.0,,0.0488966669511246,0.028,-1.698659842159398,0.03333333333333333,0.0,-0.0
1743667298.7461767,0.0,-94.0,270.0,,0.0488966669511246,0.028,-1.698659842159398,0.03333333333333333,0.0,-0.0
1743667298.941707,0.0,-94.0,270.0,,0.0488966669511246,0.028,-1.698659842159398,0.03333333333333333,0.0,-0.0
1743667299.1350443,0.0,-94.0,270.0,,0.0488966669511246,0.028,-1.698659842159398,0.03333333333333333,0.0,-0.0
1743667299.3248339,0.0,-94.0,270.0,,0.0488966669511246,0.028,-1.698659842159398,0.03333333333333333,0.0,-0.0
1743667299.5145493,0.0,-94.0,270.0,,0.0488966669511246,0.028,-1.698659842159398,0.03333333333333333,0.0,-0.0
1743667299.7069948,0.0,-94.0,270.0,,0.0488966669511246,0.028,-1.698659842159398,0.03333333333333333,0.0,-0.0
1743667299.8983128,0.0,-94.0,270.0,,0.0488966669511246,0.028,-1.698659842159398,0.03333333333333333,0.0,-0.0
1743667300.0870745,0.0,-94.0,270.0,,0.0488966669511246,0.028,-1.698659842159398,0.03333333333333333,0.0,-0.0
1743667300.2770386,0.0,-94.0,270.0,,0.0488966669511246,0.028,-1.698659842159398,0.03333333333333333,0.0,-0.0
1743667300.4671838,0.0,-94.0,270.0,,0.0488966669511246,0.028,-1.698659842159398,0.03333333333333333,0.0,-0.0
1743667300.6593091,0.0,-94.0,270.0,,0.0488966669511246,0.028,-1.698659842159398,0.03333333333333333,0.0,-0.0
1743667300.8501272,0.0,-94.0,270.0,,0.0488966669511246,0.028,-1.698659842159398,0.03333333333333333,0.0,-0.0
1743667301.0411835,0.0,-94.0,270.0,,0.0488966669511246,0.028,-1.698659842159398,0.03333333333333333,0.0,-0.0
1743667301.2384582,0.0,-94.0,270.0,,0.0488966669511246,0.028,-1.698659842159398,0.03333333333333333,0.0,-0.0
1743667301.4446023,0.0,-94.0,270.0,,0.0488966669511246,0.028,-1.698659842159398,0.03333333333333333,0.0,-0.0
1743667301.6605606,0.0,-94.0,270.0,,0.0488966669511246,0.028,-1.698659842159398,0.03333333333333333,0.0,-0.0
1743667301.9208426,0.0,-94.0,270.0,,0.0488966669511246,0.028,-1.698659842159398,0.03333333333333333,0.0,-0.0
1743667302.155024,0.0,-94.0,270.0,,0.0488966669511246,0.028,-1.698659842159398,0.03333333333333333,0.0,-0.0
1743667302.3671618,0.0,-94.0,270.0,,0.0488966669511246,0.028,-1.698659842159398,0.03333333333333333,0.0,-0.0
1743667302.5708585,0.0,-94.0,270.0,,0.0488966669511246,0.028,-1.698659842159398,0.03333333333333333,0.0,-0.0
1743667302.7677736,0.0,-94.0,270.0,,0.0488966669511246,0.028,-1.698659842159398,0.03333333333333333,0.0,-0.0
1743667302.961067,0.0,-94.0,270.0,,0.0488966669511246,0.028,-1.698659842159398,0.03333333333333333,0.0,-0.0
1743667303.1541827,0.0,-94.0,270.0,,0.0488966669511246,0.028,-1.698659842159398,0.03333333333333333,0.0,-0.0
1743667303.3474855,0.0,-94.0,270.0,,0.0488966669511246,0.028,-1.698659842159398,0.03333333333333333,0.0,-0.0
1743667303.5424252,0.0,-94.0,270.0,,0.0488966669511246,0.028,-1.698659842159398,0.03333333333333333,0.0,-0.0
1743667303.7346008,0.0,-94.0,270.0,,0.0488966669511246,0.028,-1.698659842159398,0.03333333333333333,0.0,-0.0
1743667303.9251795,0.0,-94.0,270.0,,0.0488966669511246,0.028,-1.698659842159398,0.03333333333333333,0.0,-0.0
1743667304.1163933,0.0,-94.0,270.0,,0.0488966669511246,0.028,-1.698659842159398,0.03333333333333333,0.0,-0.0
1743667304.309698,0.0,-94.0,270.0,,0.0488966669511246,0.028,-1.698659842159398,0.03333333333333333,0.0,-0.0
1743667304.5039127,0.0,-94.0,270.0,,0.0488966669511246,0.028,-1.698659842159398,0.03333333333333333,0.0,-0.0
1743667304.6946049,0.0,-94.0,270.0,,0.0488966669511246,0.028,-1.698659842159398,0.03333333333333333,0.0,-0.0
1743667304.8858542,0.0,-94.0,270.0,,0.0488966669511246,0.028,-1.698659842159398,0.03333333333333333,0.0,-0.0
1743667305.0767083,0.0,-94.0,270.0,,0.0488966669511246,0.028,-1.698659842159398,0.03333333333333333,0.0,-0.0
1743667305.267165,0.0,-94.0,270.0,,0.0488966669511246,0.028,-1.698659842159398,0.03333333333333333,0.0,-0.0
1743667305.4576588,0.0,-94.0,270.0,,0.0488966669511246,0.028,-1.698659842159398,0.03333333333333333,0.0,-0.0
1743667305.6511672,0.0,-94.0,270.0,,0.0488966669511246,0.028,-1.698659842159398,0.03333333333333333,0.0,-0.0
1743667305.8452332,0.0,-94.0,270.0,,0.0488966669511246,0.028,-1.698659842159398,0.03333333333333333,0.0,-0.0
1743667306.0538464,0.0,-94.0,270.0,,0.0488966669511246,0.028,-1.698659842159398,0.03333333333333333,0.0,-0.0
1743667306.2532084,0.0,-94.0,270.0,,0.0488966669511246,0.028,-1.698659842159398,0.03333333333333333,0.0,-0.0
1743667306.4464219,0.0,-94.0,270.0,,0.0488966669511246,0.028,-1.698659842159398,0.03333333333333333,0.0,-0.0
1743667306.6399784,0.0,-94.0,270.0,,0.0488966669511246,0.028,-1.698659842159398,0.03333333333333333,0.0,-0.0
1743667306.8340387,0.0,-94.0,270.0,,0.0488966669511246,0.028,-1.698659842159398,0.03333333333333333,0.0,-0.0
1743667307.025242,0.0,-94.0,270.0,,0.0488966669511246,0.028,-1.698659842159398,0.03333333333333333,0.0,-0.0
1743667307.2183087,0.0,-94.0,270.0,,0.0488966669511246,0.028,-1.698659842159398,0.03333333333333333,0.0,-0.0
1743667307.4154062,0.0,-94.0,270.0,,0.0488966669511246,0.028,-1.698659842159398,0.03333333333333333,0.0,-0.0
1743667307.6391227,0.0,-94.0,270.0,,0.0488966669511246,0.028,-1.698659842159398,0.03333333333333333,0.0,-0.0
1743667307.8650534,0.0,-94.0,270.0,,0.0488966669511246,0.028,-1.698659842159398,0.03333333333333333,0.0,-0.0
1743667308.0705626,0.0,-94.0,270.0,,0.0488966669511246,0.028,-1.698659842159398,0.03333333333333333,0.0,-0.0
1743667308.279246,0.0,-94.0,270.0,,0.0488966669511246,0.028,-1.698659842159398,0.03333333333333333,0.0,-0.0
1743667308.5029986,0.0,-94.0,270.0,,0.0488966669511246,0.028,-1.698659842159398,0.03333333333333333,0.0,-0.0
1743667308.7075174,0.0,-94.0,270.0,,0.0488966669511246,0.028,-1.698659842159398,0.03333333333333333,0.0,-0.0
1743667308.9078918,0.0,-94.0,270.0,,0.0488966669511246,0.028,-1.698659842159398,0.03333333333333333,0.0,-0.0
1743667309.101947,0.0,-94.0,270.0,,0.0488966669511246,0.028,-1.698659842159398,0.03333333333333333,0.0,-0.0
1743667309.2957568,0.0,-94.0,270.0,,0.0488966669511246,0.028,-1.698659842159398,0.03333333333333333,0.0,-0.0
1743667309.4895728,0.0,-94.0,270.0,,0.0488966669511246,0.028,-1.698659842159398,0.03333333333333333,0.0,-0.0
1743667309.6947517,0.0,-94.0,270.0,,0.0488966669511246,0.028,-1.698659842159398,0.03333333333333333,0.0,-0.0
1743667309.9182537,0.0,-94.0,270.0,,0.0488966669511246,0.028,-1.698659842159398,0.03333333333333333,0.0,-0.0
1743667310.1496615,0.0,-94.0,270.0,,0.0488966669511246,0.028,-1.698659842159398,0.03333333333333333,0.0,-0.0
1743667310.356187,0.0,-94.0,270.0,,0.0488966669511246,0.028,-1.698659842159398,0.03333333333333333,0.0,-0.0
1743667310.5553026,0.0,-94.0,270.0,,0.0488966669511246,0.028,-1.698659842159398,0.03333333333333333,0.0,-0.0
1743667310.7506764,0.0,-94.0,270.0,,0.0488966669511246,0.028,-1.698659842159398,0.03333333333333333,0.0,-0.0
1743667310.9432116,0.0,-94.0,270.0,,0.0488966669511246,0.028,-1.698659842159398,0.03333333333333333,0.0,-0.0
1743667311.1549995,0.0,-94.0,270.0,,0.0488966669511246,0.028,-1.698659842159398,0.03333333333333333,0.0,-0.0
1743667311.354151,0.0,-94.0,270.0,,0.0488966669511246,0.028,-1.698659842159398,0.03333333333333333,0.0,-0.0
1743667311.55028,0.0,-94.0,270.0,,0.0488966669511246,0.028,-1.698659842159398,0.03333333333333333,0.0,-0.0
1743667311.7487943,0.0,-94.0,270.0,,0.0488966669511246,0.028,-1.698659842159398,0.03333333333333333,0.0,-0.0
1743667311.9704306,0.0,-94.0,270.0,,0.0488966669511246,0.028,-1.698659842159398,0.03333333333333333,0.0,-0.0
1743667312.1733088,0.0,-94.0,270.0,,0.0488966669511246,0.028,-1.698659842159398,0.03333333333333333,0.0,-0.0
1743667312.3709242,0.0,-94.0,270.0,,0.0488966669511246,0.028,-1.698659842159398,0.03333333333333333,0.0,-0.0
1743667312.571436,0.0,-94.0,270.0,,0.0488966669511246,0.028,-1.698659842159398,0.03333333333333333,0.0,-0.0
1743667312.7702346,0.0,-94.0,270.0,,0.0488966669511246,0.028,-1.698659842159398,0.03333333333333333,0.0,-0.0
1743667312.9724727,0.0,-94.0,270.0,,0.0488966669511246,0.028,-1.698659842159398,0.03333333333333333,0.0,-0.0
1743667313.1682992,0.0,-94.0,270.0,,0.0488966669511246,0.028,-1.698659842159398,0.03333333333333333,0.0,-0.0
1743667313.3649004,0.0,-94.0,270.0,,0.0488966669511246,0.028,-1.698659842159398,0.03333333333333333,0.0,-0.0
1743667313.5600038,0.0,-94.0,270.0,,0.0488966669511246,0.028,-1.698659842159398,0.03333333333333333,0.0,-0.0
1743667313.7556932,0.0,-94.0,270.0,,0.0488966669511246,0.028,-1.698659842159398,0.03333333333333333,0.0,-0.0
1743667313.9494188,0.0,-94.0,270.0,,0.0488966669511246,0.028,-1.698659842159398,0.03333333333333333,0.0,-0.0
1743667314.1461582,0.0,-94.0,270.0,,0.0488966669511246,0.028,-1.698659842159398,0.03333333333333333,0.0,-0.0
1743667314.3394153,0.0,-94.0,270.0,,0.0488966669511246,0.028,-1.698659842159398,0.03333333333333333,0.0,-0.0
1743667314.5326152,0.0,-94.0,270.0,,0.0488966669511246,0.028,-1.698659842159398,0.03333333333333333,0.0,-0.0
1743667314.7275314,0.0,-94.0,270.0,,0.0488966669511246,0.028,-1.698659842159398,0.03333333333333333,0.0,-0.0
1743667314.9208107,0.0,-94.0,270.0,,0.0488966669511246,0.028,-1.698659842159398,0.03333333333333333,0.0,-0.0
1743667315.1098058,0.0,-94.0,270.0,,0.0488966669511246,0.028,-1.698659842159398,0.03333333333333333,0.0,-0.0
1743667315.3232315,0.0,-94.0,270.0,,0.0488966669511246,0.028,-1.698659842159398,0.03333333333333333,0.0,-0.0
1743667315.538989,0.0,-94.0,270.0,,0.0488966669511246,0.028,-1.698659842159398,0.03333333333333333,0.0,-0.0
1743667315.7446492,0.0,-94.0,270.0,,0.0488966669511246,0.028,-1.698659842159398,0.03333333333333333,0.0,-0.0
1743667315.9468958,0.0,-94.0,270.0,,0.0488966669511246,0.028,-1.698659842159398,0.03333333333333333,0.0,-0.0
1743667316.1800222,0.0,-94.0,270.0,,0.0488966669511246,0.028,-1.698659842159398,0.03333333333333333,0.0,-0.0
1743667316.4224362,0.0,-94.0,270.0,,0.0488966669511246,0.028,-1.698659842159398,0.03333333333333333,0.0,-0.0
1743667316.6488464,0.0,-94.0,270.0,,0.0488966669511246,0.028,-1.698659842159398,0.03333333333333333,0.0,-0.0
1743667316.8700535,0.0,-94.0,270.0,,0.0488966669511246,0.028,-1.698659842159398,0.03333333333333333,0.0,-0.0
1743667317.07188,0.0,-94.0,270.0,,0.0488966669511246,0.028,-1.698659842159398,0.03333333333333333,0.0,-0.0
1743667317.27279,0.0,-94.0,270.0,,0.0488966669511246,0.028,-1.698659842159398,0.03333333333333333,0.0,-0.0
1743667317.4670823,0.0,-94.0,270.0,,0.0488966669511246,0.028,-1.698659842159398,0.03333333333333333,0.0,-0.0
1743667317.6602106,0.0,-94.0,270.0,,0.0488966669511246,0.028,-1.698659842159398,0.03333333333333333,0.0,-0.0
1743667317.8531537,0.0,-94.0,270.0,,0.0488966669511246,0.028,-1.698659842159398,0.03333333333333333,0.0,-0.0
1743667318.0456452,0.0,-94.0,270.0,,0.0488966669511246,0.028,-1.698659842159398,0.03333333333333333,0.0,-0.0
1743667318.2432196,0.0,-94.0,270.0,,0.0488966669511246,0.028,-1.698659842159398,0.03333333333333333,0.0,-0.0
1743667318.4597807,0.0,-94.0,270.0,,0.0488966669511246,0.028,-1.698659842159398,0.03333333333333333,0.0,-0.0
1743667318.6779015,0.0,-94.0,270.0,,0.0488966669511246,0.028,-1.698659842159398,0.03333333333333333,0.0,-0.0
1743667318.895415,0.0,-94.0,270.0,,0.0488966669511246,0.028,-1.698659842159398,0.03333333333333333,0.0,-0.0
1743667319.1201293,0.0,-94.0,270.0,,0.0488966669511246,0.028,-1.698659842159398,0.03333333333333333,0.0,-0.0
1743667319.334572,0.0,-94.0,270.0,,0.0488966669511246,0.028,-1.698659842159398,0.03333333333333333,0.0,-0.0
1743667319.5358424,0.0,-94.0,270.0,,0.0488966669511246,0.028,-1.698659842159398,0.03333333333333333,0.0,-0.0
1743667319.737733,0.0,-94.0,270.0,,0.0488966669511246,0.028,-1.698659842159398,0.03333333333333333,0.0,-0.0
1743667319.932614,0.0,-94.0,270.0,,0.0488966669511246,0.028,-1.698659842159398,0.03333333333333333,0.0,-0.0
1743667320.1280937,0.0,-94.0,270.0,,0.0488966669511246,0.028,-1.698659842159398,0.03333333333333333,0.0,-0.0
1743667320.3236012,0.0,-94.0,270.0,,0.0488966669511246,0.028,-1.698659842159398,0.03333333333333333,0.0,-0.0
1743667320.5213077,0.0,-94.0,270.0,,0.0488966669511246,0.028,-1.698659842159398,0.03333333333333333,0.0,-0.0
1743667320.7184844,0.0,-94.0,270.0,,0.0488966669511246,0.028,-1.698659842159398,0.03333333333333333,0.0,-0.0
1743667320.9144182,0.0,-94.0,270.0,,0.0488966669511246,0.028,-1.698659842159398,0.03333333333333333,0.0,-0.0
1743667321.1069732,0.0,-94.0,270.0,,0.0488966669511246,0.028,-1.698659842159398,0.03333333333333333,0.0,-0.0
1743667321.2995315,0.0,-94.0,270.0,,0.0488966669511246,0.028,-1.698659842159398,0.03333333333333333,0.0,-0.0
1743667321.493225,0.0,-94.0,270.0,,0.0488966669511246,0.028,-1.698659842159398,0.03333333333333333,0.0,-0.0
1743667321.6867328,0.0,-94.0,270.0,,0.0488966669511246,0.028,-1.698659842159398,0.03333333333333333,0.0,-0.0
1743667321.8774283,0.0,-94.0,270.0,,0.0488966669511246,0.028,-1.698659842159398,0.03333333333333333,0.0,-0.0
1743667322.0895789,0.0,-94.0,270.0,,0.0488966669511246,0.028,-1.698659842159398,0.03333333333333333,0.0,-0.0
1743667322.3167741,0.0,-94.0,270.0,,0.0488966669511246,0.028,-1.698659842159398,0.03333333333333333,0.0,-0.0
1743667322.5334697,0.0,-94.0,270.0,,0.0488966669511246,0.028,-1.698659842159398,0.03333333333333333,0.0,-0.0
1743667322.7369561,0.0,-94.0,270.0,,0.0488966669511246,0.028,-1.698659842159398,0.03333333333333333,0.0,-0.0
1743667322.9427664,0.0,-94.0,270.0,,0.0488966669511246,0.028,-1.698659842159398,0.03333333333333333,0.0,-0.0
1743667323.1631398,0.0,-94.0,270.0,,0.0488966669511246,0.028,-1.698659842159398,0.03333333333333333,0.0,-0.0
1743667323.3649976,0.0,-94.0,270.0,,0.0488966669511246,0.028,-1.698659842159398,0.03333333333333333,0.0,-0.0
1743667323.5611267,0.0,-94.0,270.0,,0.0488966669511246,0.028,-1.698659842159398,0.03333333333333333,0.0,-0.0
1743667323.755595,0.0,-94.0,270.0,,0.0488966669511246,0.028,-1.698659842159398,0.03333333333333333,0.0,-0.0
1743667323.9705026,0.0,-94.0,270.0,,0.0488966669511246,0.028,-1.698659842159398,0.03333333333333333,0.0,-0.0
1743667324.1751256,0.0,-94.0,270.0,,0.0488966669511246,0.028,-1.698659842159398,0.03333333333333333,0.0,-0.0
1743667324.3742044,0.0,-94.0,270.0,,0.0488966669511246,0.028,-1.698659842159398,0.03333333333333333,0.0,-0.0
1743667324.5741186,0.0,-94.0,270.0,,0.0488966669511246,0.028,-1.698659842159398,0.03333333333333333,0.0,-0.0
1743667324.7951915,0.0,-94.0,270.0,,0.0488966669511246,0.028,-1.698659842159398,0.03333333333333333,0.0,-0.0
1743667325.0105596,0.0,-94.0,270.0,,0.0488966669511246,0.028,-1.698659842159398,0.03333333333333333,0.0,-0.0
1743667325.2142622,0.0,-94.0,270.0,,0.0488966669511246,0.028,-1.698659842159398,0.03333333333333333,0.0,-0.0
1743667325.4111924,0.0,-94.0,270.0,,0.0488966669511246,0.028,-1.698659842159398,0.03333333333333333,0.0,-0.0
1743667325.6041477,0.0,-94.0,270.0,,0.0488966669511246,0.028,-1.698659842159398,0.03333333333333333,0.0,-0.0
1743667325.7974553,0.0,-94.0,270.0,,0.0488966669511246,0.028,-1.698659842159398,0.03333333333333333,0.0,-0.0
1743667326.0046117,0.0,-94.0,270.0,,0.0488966669511246,0.028,-1.698659842159398,0.03333333333333333,0.0,-0.0
1743667326.2212143,0.0,-94.0,270.0,,0.0488966669511246,0.028,-1.698659842159398,0.03333333333333333,0.0,-0.0
1743667326.4337842,0.0,-94.0,270.0,,0.0488966669511246,0.028,-1.698659842159398,0.03333333333333333,0.0,-0.0
1743667326.634366,0.0,-94.0,270.0,,0.0488966669511246,0.028,-1.698659842159398,0.03333333333333333,0.0,-0.0
1743667326.8296885,0.0,-94.0,270.0,,0.0488966669511246,0.028,-1.698659842159398,0.03333333333333333,0.0,-0.0
1743667327.0237033,0.0,-94.0,270.0,,0.0488966669511246,0.028,-1.698659842159398,0.03333333333333333,0.0,-0.0
1743667327.2212756,0.0,-94.0,270.0,,0.0488966669511246,0.028,-1.698659842159398,0.03333333333333333,0.0,-0.0
1743667327.4432046,0.0,-94.0,270.0,,0.0488966669511246,0.028,-1.698659842159398,0.03333333333333333,0.0,-0.0
1743667327.688363,0.0,-94.0,270.0,,0.0488966669511246,0.028,-1.698659842159398,0.03333333333333333,0.0,-0.0
1743667327.9411283,0.0,-94.0,270.0,,0.0488966669511246,0.028,-1.698659842159398,0.03333333333333333,0.0,-0.0
1743667328.2252064,0.0,-94.0,270.0,,0.0488966669511246,0.028,-1.698659842159398,0.03333333333333333,0.0,-0.0
1743667328.5095642,0.0,-94.0,270.0,,0.0488966669511246,0.028,-1.698659842159398,0.03333333333333333,0.0,-0.0
1743667328.781153,0.0,-94.0,270.0,,0.0488966669511246,0.028,-1.698659842159398,0.03333333333333333,0.0,-0.0
1743667329.0545394,0.0,-94.0,270.0,,0.0488966669511246,0.028,-1.698659842159398,0.03333333333333333,0.0,-0.0
1743667329.3286448,0.0,-94.0,270.0,,0.0488966669511246,0.028,-1.698659842159398,0.03333333333333333,0.0,-0.0
1743667329.6300924,0.0,-94.0,270.0,,0.0488966669511246,0.028,-1.698659842159398,0.03333333333333333,0.0,-0.0
1743667329.9447398,0.0,-94.0,270.0,,0.0488966669511246,0.028,-1.698659842159398,0.03333333333333333,0.0,-0.0
1743667330.2318497,0.0,-94.0,270.0,,0.0488966669511246,0.028,-1.698659842159398,0.03333333333333333,0.0,-0.0
1743667330.4649954,0.0,-94.0,270.0,,0.0488966669511246,0.028,-1.698659842159398,0.03333333333333333,0.0,-0.0
1743667330.6779075,0.0,-94.0,270.0,,0.0488966669511246,0.028,-1.698659842159398,0.03333333333333333,0.0,-0.0
1743667330.885132,0.0,-94.0,270.0,,0.0488966669511246,0.028,-1.698659842159398,0.03333333333333333,0.0,-0.0
1743667331.0845358,0.0,-94.0,270.0,,0.0488966669511246,0.028,-1.698659842159398,0.03333333333333333,0.0,-0.0
1743667331.283962,0.0,-94.0,270.0,,0.0488966669511246,0.028,-1.698659842159398,0.03333333333333333,0.0,-0.0
1743667331.4920952,0.0,-94.0,270.0,,0.0488966669511246,0.028,-1.698659842159398,0.03333333333333333,0.0,-0.0
1743667331.701592,0.0,-94.0,270.0,,0.0488966669511246,0.028,-1.698659842159398,0.03333333333333333,0.0,-0.0
1743667331.9138803,0.0,-94.0,270.0,,0.0488966669511246,0.028,-1.698659842159398,0.03333333333333333,0.0,-0.0
1743667332.1259289,0.0,-94.0,270.0,,0.0488966669511246,0.028,-1.698659842159398,0.03333333333333333,0.0,-0.0
1743667332.3244753,0.0,-94.0,270.0,,0.0488966669511246,0.028,-1.698659842159398,0.03333333333333333,0.0,-0.0
1743667332.5260763,0.0,-94.0,270.0,,0.0488966669511246,0.028,-1.698659842159398,0.03333333333333333,0.0,-0.0
1743667332.7447512,0.0,-94.0,270.0,,0.0488966669511246,0.028,-1.698659842159398,0.03333333333333333,0.0,-0.0
1743667332.9615135,0.0,-94.0,270.0,,0.0488966669511246,0.028,-1.698659842159398,0.03333333333333333,0.0,-0.0
1743667333.1664762,0.0,-94.0,270.0,,0.0488966669511246,0.028,-1.698659842159398,0.03333333333333333,0.0,-0.0
1743667333.364543,0.0,-94.0,270.0,,0.0488966669511246,0.028,-1.698659842159398,0.03333333333333333,0.0,-0.0
1743667333.5582113,0.0,-94.0,270.0,,0.0488966669511246,0.028,-1.698659842159398,0.03333333333333333,0.0,-0.0
1743667333.7521577,0.0,-94.0,270.0,,0.0488966669511246,0.028,-1.698659842159398,0.03333333333333333,0.0,-0.0
1743667333.957352,0.0,-94.0,270.0,,0.0488966669511246,0.028,-1.698659842159398,0.03333333333333333,0.0,-0.0
1743667334.223042,0.0,-94.0,270.0,,0.0488966669511246,0.028,-1.698659842159398,0.03333333333333333,0.0,-0.0
1743667334.459434,0.0,-94.0,270.0,,0.0488966669511246,0.028,-1.698659842159398,0.03333333333333333,0.0,-0.0
1743667334.684256,0.0,-94.0,270.0,,0.0488966669511246,0.028,-1.698659842159398,0.03333333333333333,0.0,-0.0
1743667334.9152193,0.0,-94.0,270.0,,0.0488966669511246,0.028,-1.698659842159398,0.03333333333333333,0.0,-0.0
1743667335.145628,0.0,-94.0,270.0,,0.0488966669511246,0.028,-1.698659842159398,0.03333333333333333,0.0,-0.0
1743667335.3547697,0.0,-94.0,270.0,,0.0488966669511246,0.028,-1.698659842159398,0.03333333333333333,0.0,-0.0
1743667335.5565295,0.0,-94.0,270.0,,0.0488966669511246,0.028,-1.698659842159398,0.03333333333333333,0.0,-0.0
1743667335.7548354,0.0,-94.0,270.0,,0.0488966669511246,0.028,-1.698659842159398,0.03333333333333333,0.0,-0.0
1743667335.9472492,0.0,-94.0,270.0,,0.0488966669511246,0.028,-1.698659842159398,0.03333333333333333,0.0,-0.0
1743667336.140245,0.0,-94.0,270.0,,0.0488966669511246,0.028,-1.698659842159398,0.03333333333333333,0.0,-0.0
1743667336.3320928,0.0,-94.0,270.0,,0.0488966669511246,0.028,-1.698659842159398,0.03333333333333333,0.0,-0.0
1743667336.522261,0.0,-94.0,270.0,,0.0488966669511246,0.028,-1.698659842159398,0.03333333333333333,0.0,-0.0
1743667336.7294927,0.0,-94.0,270.0,,0.0488966669511246,0.028,-1.698659842159398,0.03333333333333333,0.0,-0.0
1743667336.9473486,0.0,-94.0,270.0,,0.0488966669511246,0.028,-1.698659842159398,0.03333333333333333,0.0,-0.0
1743667337.1587148,0.0,-94.0,270.0,,0.0488966669511246,0.028,-1.698659842159398,0.03333333333333333,0.0,-0.0
1743667337.3577788,0.0,-94.0,270.0,,0.0488966669511246,0.028,-1.698659842159398,0.03333333333333333,0.0,-0.0
1743667337.5519993,0.0,-94.0,270.0,,0.0488966669511246,0.028,-1.698659842159398,0.03333333333333333,0.0,-0.0
1743667337.7585707,0.0,-94.0,270.0,,0.0488966669511246,0.028,-1.698659842159398,0.03333333333333333,0.0,-0.0
1743667337.996592,0.0,-94.0,270.0,,0.0488966669511246,0.028,-1.698659842159398,0.03333333333333333,0.0,-0.0
1743667338.2173107,0.0,-94.0,270.0,,0.0488966669511246,0.028,-1.698659842159398,0.03333333333333333,0.0,-0.0
1743667338.4222915,0.0,-94.0,270.0,,0.0488966669511246,0.028,-1.698659842159398,0.03333333333333333,0.0,-0.0
1743667338.6219728,0.0,-94.0,270.0,,0.0488966669511246,0.028,-1.698659842159398,0.03333333333333333,0.0,-0.0
1743667338.8307707,0.0,-94.0,270.0,,0.0488966669511246,0.028,-1.698659842159398,0.03333333333333333,0.0,-0.0
1743667339.0656788,0.0,-94.0,270.0,,0.0488966669511246,0.028,-1.698659842159398,0.03333333333333333,0.0,-0.0
1743667339.2829466,0.0,-94.0,270.0,,0.0488966669511246,0.028,-1.698659842159398,0.03333333333333333,0.0,-0.0
1743667339.4882622,0.0,-94.0,270.0,,0.0488966669511246,0.028,-1.698659842159398,0.03333333333333333,0.0,-0.0
1743667339.687256,0.0,-94.0,270.0,,0.0488966669511246,0.028,-1.698659842159398,0.03333333333333333,0.0,-0.0
1743667339.8846505,0.0,-94.0,270.0,,0.0488966669511246,0.028,-1.698659842159398,0.03333333333333333,0.0,-0.0
1743667340.0991032,0.0,-94.0,270.0,,0.0488966669511246,0.028,-1.698659842159398,0.03333333333333333,0.0,-0.0
1743667340.32024,0.0,-94.0,270.0,,0.0488966669511246,0.028,-1.698659842159398,0.03333333333333333,0.0,-0.0
1743667340.528883,0.0,-94.0,270.0,,0.0488966669511246,0.028,-1.698659842159398,0.03333333333333333,0.0,-0.0
1743667340.7301452,0.0,-94.0,270.0,,0.0488966669511246,0.028,-1.698659842159398,0.03333333333333333,0.0,-0.0
1743667340.9487443,0.0,-94.0,270.0,,0.0488966669511246,0.028,-1.698659842159398,0.03333333333333333,0.0,-0.0
1743667341.1842237,0.0,-94.0,270.0,,0.0488966669511246,0.028,-1.698659842159398,0.03333333333333333,0.0,-0.0
1743667341.4011633,0.0,-94.0,270.0,,0.0488966669511246,0.028,-1.698659842159398,0.03333333333333333,0.0,-0.0
1743667341.6110842,0.0,-94.0,270.0,,0.0488966669511246,0.028,-1.698659842159398,0.03333333333333333,0.0,-0.0
1743667341.8330903,0.0,-94.0,270.0,,0.0488966669511246,0.028,-1.698659842159398,0.03333333333333333,0.0,-0.0
1743667342.0590522,0.0,-94.0,270.0,,0.0488966669511246,0.028,-1.698659842159398,0.03333333333333333,0.0,-0.0
1743667342.2787933,0.0,-94.0,270.0,,0.0488966669511246,0.028,-1.698659842159398,0.03333333333333333,0.0,-0.0
1743667342.483603,0.0,-94.0,270.0,,0.0488966669511246,0.028,-1.698659842159398,0.03333333333333333,0.0,-0.0
1743667342.7097204,0.0,-94.0,270.0,,0.0488966669511246,0.028,-1.698659842159398,0.03333333333333333,0.0,-0.0
1743667342.9404836,0.0,-94.0,270.0,,0.0488966669511246,0.028,-1.698659842159398,0.03333333333333333,0.0,-0.0
1743667343.1506224,0.0,-94.0,270.0,,0.0488966669511246,0.028,-1.698659842159398,0.03333333333333333,0.0,-0.0
1743667343.3522236,0.0,-94.0,270.0,,0.0488966669511246,0.028,-1.698659842159398,0.03333333333333333,0.0,-0.0
1743667343.552039,0.0,-94.0,270.0,,0.0488966669511246,0.028,-1.698659842159398,0.03333333333333333,0.0,-0.0
1743667343.7612543,0.0,-94.0,270.0,,0.0488966669511246,0.028,-1.698659842159398,0.03333333333333333,0.0,-0.0
1743667343.9853375,0.0,-94.0,270.0,,0.0488966669511246,0.028,-1.698659842159398,0.03333333333333333,0.0,-0.0
1743667344.203506,0.0,-94.0,270.0,,0.0488966669511246,0.028,-1.698659842159398,0.03333333333333333,0.0,-0.0
1743667344.410199,0.0,-94.0,270.0,,0.0488966669511246,0.028,-1.698659842159398,0.03333333333333333,0.0,-0.0
1743667344.6352975,0.0,-94.0,270.0,,0.0488966669511246,0.028,-1.698659842159398,0.03333333333333333,0.0,-0.0
1743667344.8812199,0.0,-94.0,270.0,,0.0488966669511246,0.028,-1.698659842159398,0.03333333333333333,0.0,-0.0
1743667345.106296,0.0,-94.0,270.0,,0.0488966669511246,0.028,-1.698659842159398,0.03333333333333333,0.0,-0.0
1743667345.3252308,0.0,-94.0,270.0,,0.0488966669511246,0.028,-1.698659842159398,0.03333333333333333,0.0,-0.0
1743667345.5402668,0.0,-94.0,270.0,,0.0488966669511246,0.028,-1.698659842159398,0.03333333333333333,0.0,-0.0
1743667345.8216257,0.0,-94.0,270.0,,0.0488966669511246,0.028,-1.698659842159398,0.03333333333333333,0.0,-0.0
1743667346.0651257,0.0,-94.0,270.0,,0.0488966669511246,0.028,-1.698659842159398,0.03333333333333333,0.0,-0.0
1743667346.3200302,0.0,-94.0,270.0,,0.0488966669511246,0.028,-1.698659842159398,0.03333333333333333,0.0,-0.0
1743667346.5432801,0.0,-94.0,270.0,,0.0488966669511246,0.028,-1.698659842159398,0.03333333333333333,0.0,-0.0
1743667346.755838,0.0,-94.0,270.0,,0.0488966669511246,0.028,-1.698659842159398,0.03333333333333333,0.0,-0.0
1743667346.9641652,0.0,-94.0,270.0,,0.0488966669511246,0.028,-1.698659842159398,0.03333333333333333,0.0,-0.0
1743667347.1749275,0.0,-94.0,270.0,,0.0488966669511246,0.028,-1.698659842159398,0.03333333333333333,0.0,-0.0
1743667347.4061327,0.0,-94.0,270.0,,0.0488966669511246,0.028,-1.698659842159398,0.03333333333333333,0.0,-0.0
1743667347.665622,0.0,-94.0,270.0,,0.0488966669511246,0.028,-1.698659842159398,0.03333333333333333,0.0,-0.0
1743667347.9133897,0.0,-94.0,270.0,,0.0488966669511246,0.028,-1.698659842159398,0.03333333333333333,0.0,-0.0
1743667348.1684685,0.0,-94.0,270.0,,0.0488966669511246,0.028,-1.698659842159398,0.03333333333333333,0.0,-0.0
1743667348.4328775,0.0,-94.0,270.0,,0.0488966669511246,0.028,-1.698659842159398,0.03333333333333333,0.0,-0.0
1743667348.6851647,0.0,-94.0,270.0,,0.0488966669511246,0.028,-1.698659842159398,0.03333333333333333,0.0,-0.0
1743667348.9368064,0.0,-94.0,270.0,,0.0488966669511246,0.028,-1.698659842159398,0.03333333333333333,0.0,-0.0
1743667349.1504326,0.0,-94.0,270.0,,0.0488966669511246,0.028,-1.698659842159398,0.03333333333333333,0.0,-0.0
1743667349.3526697,0.0,-94.0,270.0,,0.0488966669511246,0.028,-1.698659842159398,0.03333333333333333,0.0,-0.0
1743667349.5501585,0.0,-94.0,270.0,,0.0488966669511246,0.028,-1.698659842159398,0.03333333333333333,0.0,-0.0
1743667349.7750173,0.0,-94.0,270.0,,0.0488966669511246,0.028,-1.698659842159398,0.03333333333333333,0.0,-0.0
1743667349.9891815,0.0,-94.0,270.0,,0.0488966669511246,0.028,-1.698659842159398,0.03333333333333333,0.0,-0.0
1743667350.2104561,0.0,-94.0,270.0,,0.0488966669511246,0.028,-1.698659842159398,0.03333333333333333,0.0,-0.0
1743667350.4332063,0.0,-94.0,270.0,,0.0488966669511246,0.028,-1.698659842159398,0.03333333333333333,0.0,-0.0
1743667350.6506004,0.0,-94.0,270.0,,0.0488966669511246,0.028,-1.698659842159398,0.03333333333333333,0.0,-0.0
1743667350.8572502,0.0,-94.0,270.0,,0.0488966669511246,0.028,-1.698659842159398,0.03333333333333333,0.0,-0.0
1743667351.0824313,0.0,-94.0,270.0,,0.0488966669511246,0.028,-1.698659842159398,0.03333333333333333,0.0,-0.0
1743667351.3045774,0.0,-94.0,270.0,,0.0488966669511246,0.028,-1.698659842159398,0.03333333333333333,0.0,-0.0
1743667351.5235274,0.0,-94.0,270.0,,0.0488966669511246,0.028,-1.698659842159398,0.03333333333333333,0.0,-0.0
1743667351.7465844,0.0,-94.0,270.0,,0.0488966669511246,0.028,-1.698659842159398,0.03333333333333333,0.0,-0.0
1743667351.9692388,0.0,-94.0,270.0,,0.0488966669511246,0.028,-1.698659842159398,0.03333333333333333,0.0,-0.0
1743667352.1856558,0.0,-94.0,270.0,,0.0488966669511246,0.028,-1.698659842159398,0.03333333333333333,0.0,-0.0
1743667352.4052134,0.0,-94.0,270.0,,0.0488966669511246,0.028,-1.698659842159398,0.03333333333333333,0.0,-0.0
1743667352.6215544,0.0,-94.0,270.0,,0.0488966669511246,0.028,-1.698659842159398,0.03333333333333333,0.0,-0.0
1743667352.8360765,0.0,-94.0,270.0,,0.0488966669511246,0.028,-1.698659842159398,0.03333333333333333,0.0,-0.0
1743667353.0509791,0.0,-94.0,270.0,,0.0488966669511246,0.028,-1.698659842159398,0.03333333333333333,0.0,-0.0
1743667353.2808056,0.0,-94.0,270.0,,0.0488966669511246,0.028,-1.698659842159398,0.03333333333333333,0.0,-0.0
1743667353.5152833,0.0,-94.0,270.0,,0.0488966669511246,0.028,-1.698659842159398,0.03333333333333333,0.0,-0.0
1743667353.7487097,0.0,-94.0,270.0,,0.0488966669511246,0.028,-1.698659842159398,0.03333333333333333,0.0,-0.0
1743667353.9864028,0.0,-94.0,270.0,,0.0488966669511246,0.028,-1.698659842159398,0.03333333333333333,0.0,-0.0
1743667354.207104,0.0,-94.0,270.0,,0.0488966669511246,0.028,-1.698659842159398,0.03333333333333333,0.0,-0.0
1743667354.430272,0.0,-94.0,270.0,,0.0488966669511246,0.028,-1.698659842159398,0.03333333333333333,0.0,-0.0
1743667354.6471882,0.0,-94.0,270.0,,0.0488966669511246,0.028,-1.698659842159398,0.03333333333333333,0.0,-0.0
1743667354.8543751,0.0,-94.0,270.0,,0.0488966669511246,0.028,-1.698659842159398,0.03333333333333333,0.0,-0.0
1743667355.059935,0.0,-94.0,270.0,,0.0488966669511246,0.028,-1.698659842159398,0.03333333333333333,0.0,-0.0
1743667355.2724423,0.0,-94.0,270.0,,0.0488966669511246,0.028,-1.698659842159398,0.03333333333333333,0.0,-0.0
1743667355.480433,0.0,-94.0,270.0,,0.0488966669511246,0.028,-1.698659842159398,0.03333333333333333,0.0,-0.0
1743667355.6960998,0.0,-94.0,270.0,,0.0488966669511246,0.028,-1.698659842159398,0.03333333333333333,0.0,-0.0
1743667355.9184697,0.0,-94.0,270.0,,0.0488966669511246,0.028,-1.698659842159398,0.03333333333333333,0.0,-0.0
1743667356.1442256,0.0,-94.0,270.0,,0.0488966669511246,0.028,-1.698659842159398,0.03333333333333333,0.0,-0.0
1743667356.3619285,0.0,-94.0,270.0,,0.0488966669511246,0.028,-1.698659842159398,0.03333333333333333,0.0,-0.0
1743667356.5830734,0.0,-94.0,270.0,,0.0488966669511246,0.028,-1.698659842159398,0.03333333333333333,0.0,-0.0
1743667356.818423,0.0,-94.0,270.0,,0.0488966669511246,0.028,-1.698659842159398,0.03333333333333333,0.0,-0.0
1743667357.1675968,0.0,-94.0,270.0,,0.0488966669511246,0.028,-1.698659842159398,0.03333333333333333,0.0,-0.0
1743667357.5361178,0.0,-94.0,270.0,,0.0488966669511246,0.028,-1.698659842159398,0.03333333333333333,0.0,-0.0
1743667357.9004388,0.0,-94.0,270.0,,0.0488966669511246,0.028,-1.698659842159398,0.03333333333333333,0.0,-0.0
1743667358.2720873,0.0,-94.0,270.0,,0.0488966669511246,0.028,-1.698659842159398,0.03333333333333333,0.0,-0.0
1743667358.6196961,0.0,-94.0,270.0,,0.0488966669511246,0.028,-1.698659842159398,0.03333333333333333,0.0,-0.0
1743667358.9791248,0.0,-94.0,270.0,,0.0488966669511246,0.028,-1.698659842159398,0.03333333333333333,0.0,-0.0
1743667359.340982,0.0,-94.0,270.0,,0.0488966669511246,0.028,-1.698659842159398,0.03333333333333333,0.0,-0.0
1743667359.6541884,0.0,-94.0,270.0,,0.0488966669511246,0.028,-1.698659842159398,0.03333333333333333,0.0,-0.0
1743667359.9327028,0.0,-94.0,270.0,,0.0488966669511246,0.028,-1.698659842159398,0.03333333333333333,0.0,-0.0
1743667360.1823838,0.0,-94.0,270.0,,0.0488966669511246,0.028,-1.698659842159398,0.03333333333333333,0.0,-0.0
1743667360.4250998,0.0,-94.0,270.0,,0.0488966669511246,0.028,-1.698659842159398,0.03333333333333333,0.0,-0.0
1743667360.653075,0.0,-94.0,270.0,,0.0488966669511246,0.028,-1.698659842159398,0.03333333333333333,0.0,-0.0
1743667360.865205,0.0,-94.0,270.0,,0.0488966669511246,0.028,-1.698659842159398,0.03333333333333333,0.0,-0.0
1743667361.0741048,0.0,-94.0,270.0,,0.0488966669511246,0.028,-1.698659842159398,0.03333333333333333,0.0,-0.0
1743667361.2760308,0.0,-94.0,270.0,,0.0488966669511246,0.028,-1.698659842159398,0.03333333333333333,0.0,-0.0
1743667361.484205,0.0,-94.0,270.0,,0.0488966669511246,0.028,-1.698659842159398,0.03333333333333333,0.0,-0.0
1743667361.712235,0.0,-94.0,270.0,,0.0488966669511246,0.028,-1.698659842159398,0.03333333333333333,0.0,-0.0
1743667362.0096612,0.0,-94.0,270.0,,0.0488966669511246,0.028,-1.698659842159398,0.03333333333333333,0.0,-0.0
1743667362.2945063,0.0,-94.0,270.0,,0.0488966669511246,0.028,-1.698659842159398,0.03333333333333333,0.0,-0.0
1743667362.565858,0.0,-94.0,270.0,,0.0488966669511246,0.028,-1.698659842159398,0.03333333333333333,0.0,-0.0
1743667362.8422341,0.0,-94.0,270.0,,0.0488966669511246,0.028,-1.698659842159398,0.03333333333333333,0.0,-0.0
1743667363.1126351,0.0,-94.0,270.0,,0.0488966669511246,0.028,-1.698659842159398,0.03333333333333333,0.0,-0.0
1743667363.3590305,0.0,-94.0,270.0,,0.0488966669511246,0.028,-1.698659842159398,0.03333333333333333,0.0,-0.0
1743667363.5956075,0.0,-94.0,270.0,,0.0488966669511246,0.028,-1.698659842159398,0.03333333333333333,0.0,-0.0
1743667363.8163188,0.0,-94.0,270.0,,0.0488966669511246,0.028,-1.698659842159398,0.03333333333333333,0.0,-0.0
1743667364.0291297,0.0,-94.0,270.0,,0.0488966669511246,0.028,-1.698659842159398,0.03333333333333333,0.0,-0.0
1743667364.242256,0.0,-94.0,270.0,,0.0488966669511246,0.028,-1.698659842159398,0.03333333333333333,0.0,-0.0
1743667364.4605973,0.0,-94.0,270.0,,0.0488966669511246,0.028,-1.698659842159398,0.03333333333333333,0.0,-0.0
1743667364.6962762,0.0,-94.0,270.0,,0.0488966669511246,0.028,-1.698659842159398,0.03333333333333333,0.0,-0.0
1743667364.9263,0.0,-94.0,270.0,,0.0488966669511246,0.028,-1.698659842159398,0.03333333333333333,0.0,-0.0
1743667365.1619306,0.0,-94.0,270.0,,0.0488966669511246,0.028,-1.698659842159398,0.03333333333333333,0.0,-0.0
1743667365.3842301,0.0,-94.0,270.0,,0.0488966669511246,0.028,-1.698659842159398,0.03333333333333333,0.0,-0.0
1743667365.6086028,0.0,-94.0,270.0,,0.0488966669511246,0.028,-1.698659842159398,0.03333333333333333,0.0,-0.0
1743667365.8638608,0.0,-94.0,270.0,,0.0488966669511246,0.028,-1.698659842159398,0.03333333333333333,0.0,-0.0
1743667366.1624312,0.0,-94.0,270.0,,0.0488966669511246,0.028,-1.698659842159398,0.03333333333333333,0.0,-0.0
1743667366.4321897,0.0,-94.0,270.0,,0.0488966669511246,0.028,-1.698659842159398,0.03333333333333333,0.0,-0.0
1743667366.687557,0.0,-94.0,270.0,,0.0488966669511246,0.028,-1.698659842159398,0.03333333333333333,0.0,-0.0
1743667367.0281885,0.0,-94.0,270.0,,0.0488966669511246,0.028,-1.698659842159398,0.03333333333333333,0.0,-0.0
1743667367.292346,0.0,-94.0,270.0,,0.0488966669511246,0.028,-1.698659842159398,0.03333333333333333,0.0,-0.0
1743667367.53714,0.0,-94.0,270.0,,0.0488966669511246,0.028,-1.698659842159398,0.03333333333333333,0.0,-0.0
1743667367.8124583,0.0,-94.0,270.0,,0.0488966669511246,0.028,-1.698659842159398,0.03333333333333333,0.0,-0.0
1743667368.1127353,0.0,-94.0,270.0,,0.0488966669511246,0.028,-1.698659842159398,0.03333333333333333,0.0,-0.0
1743667368.4247217,0.0,-94.0,270.0,,0.0488966669511246,0.028,-1.698659842159398,0.03333333333333333,0.0,-0.0
1743667368.7505622,0.0,-94.0,270.0,,0.0488966669511246,0.028,-1.698659842159398,0.03333333333333333,0.0,-0.0
1743667369.0930047,0.0,-94.0,270.0,,0.0488966669511246,0.028,-1.698659842159398,0.03333333333333333,0.0,-0.0
1743667369.4164045,0.0,-94.0,270.0,,0.0488966669511246,0.028,-1.698659842159398,0.03333333333333333,0.0,-0.0
1743667369.768026,0.0,-94.0,270.0,,0.0488966669511246,0.028,-1.698659842159398,0.03333333333333333,0.0,-0.0
1743667370.1360435,0.0,-94.0,270.0,,0.0488966669511246,0.028,-1.698659842159398,0.03333333333333333,0.0,-0.0
1743667370.5374472,0.0,-94.0,270.0,,0.0488966669511246,0.028,-1.698659842159398,0.03333333333333333,0.0,-0.0
1743667370.9183,0.0,-94.0,270.0,,0.0488966669511246,0.028,-1.698659842159398,0.03333333333333333,0.0,-0.0
1743667371.3322353,0.0,-94.0,270.0,,0.0488966669511246,0.028,-1.698659842159398,0.03333333333333333,0.0,-0.0
1743667371.7325523,0.0,-94.0,270.0,,0.0488966669511246,0.028,-1.698659842159398,0.03333333333333333,0.0,-0.0
1743667372.0734026,0.0,-94.0,270.0,,0.0488966669511246,0.028,-1.698659842159398,0.03333333333333333,0.0,-0.0
1743667372.3859434,0.0,-94.0,270.0,,0.0488966669511246,0.028,-1.698659842159398,0.03333333333333333,0.0,-0.0
1743667372.7619934,0.0,-94.0,270.0,,0.0488966669511246,0.028,-1.698659842159398,0.03333333333333333,0.0,-0.0
1743667373.1559627,0.0,-94.0,270.0,,0.0488966669511246,0.028,-1.698659842159398,0.03333333333333333,0.0,-0.0
1743667373.5456526,0.0,-94.0,270.0,,0.0488966669511246,0.028,-1.698659842159398,0.03333333333333333,0.0,-0.0
1743667373.9317975,0.0,-94.0,270.0,,0.0488966669511246,0.028,-1.698659842159398,0.03333333333333333,0.0,-0.0
1743667374.3186133,0.0,-94.0,270.0,,0.0488966669511246,0.028,-1.698659842159398,0.03333333333333333,0.0,-0.0
1743667374.669777,0.0,-94.0,270.0,,0.0488966669511246,0.028,-1.698659842159398,0.03333333333333333,0.0,-0.0
1743667375.0859518,0.0,-94.0,270.0,,0.0488966669511246,0.028,-1.698659842159398,0.03333333333333333,0.0,-0.0
1743667375.4933693,0.0,-94.0,270.0,,0.0488966669511246,0.028,-1.698659842159398,0.03333333333333333,0.0,-0.0
1743667375.813684,0.0,-94.0,270.0,,0.0488966669511246,0.028,-1.698659842159398,0.03333333333333333,0.0,-0.0
1743667376.2748816,0.0,-94.0,270.0,,0.0488966669511246,0.028,-1.698659842159398,0.03333333333333333,0.0,-0.0
1743667376.6662111,0.0,-94.0,270.0,,0.0488966669511246,0.028,-1.698659842159398,0.03333333333333333,0.0,-0.0
1743667377.0154889,0.0,-94.0,270.0,,0.0488966669511246,0.028,-1.698659842159398,0.03333333333333333,0.0,-0.0
1743667377.370595,0.0,-94.0,270.0,,0.0488966669511246,0.028,-1.698659842159398,0.03333333333333333,0.0,-0.0
1743667377.695222,0.0,-94.0,270.0,,0.0488966669511246,0.028,-1.698659842159398,0.03333333333333333,0.0,-0.0
1743667378.0106795,0.0,-94.0,270.0,,0.0488966669511246,0.028,-1.698659842159398,0.03333333333333333,0.0,-0.0
1743667378.3427908,0.0,-94.0,270.0,,0.0488966669511246,0.028,-1.698659842159398,0.03333333333333333,0.0,-0.0
1743667378.7497408,0.0,-94.0,270.0,,0.0488966669511246,0.028,-1.698659842159398,0.03333333333333333,0.0,-0.0
1743667379.1860278,0.0,-94.0,270.0,,0.0488966669511246,0.028,-1.698659842159398,0.03333333333333333,0.0,-0.0
1743667379.608092,0.0,-94.0,270.0,,0.0488966669511246,0.028,-1.698659842159398,0.03333333333333333,0.0,-0.0
1743667379.9951828,0.0,-94.0,270.0,,0.0488966669511246,0.028,-1.698659842159398,0.03333333333333333,0.0,-0.0
1743667380.3513854,0.0,-94.0,270.0,,0.0488966669511246,0.028,-1.698659842159398,0.03333333333333333,0.0,-0.0
1743667380.6808038,0.0,-94.0,270.0,,0.0488966669511246,0.028,-1.698659842159398,0.03333333333333333,0.0,-0.0
1743667380.9891303,0.0,-94.0,270.0,,0.0488966669511246,0.028,-1.698659842159398,0.03333333333333333,0.0,-0.0
1743667381.3027353,0.0,-94.0,270.0,,0.0488966669511246,0.028,-1.698659842159398,0.03333333333333333,0.0,-0.0
1743667381.6190288,0.0,-94.0,270.0,,0.0488966669511246,0.028,-1.698659842159398,0.03333333333333333,0.0,-0.0
1743667381.931596,0.0,-94.0,270.0,,0.0488966669511246,0.028,-1.698659842159398,0.03333333333333333,0.0,-0.0
1743667382.2665787,0.0,-94.0,270.0,,0.0488966669511246,0.028,-1.698659842159398,0.03333333333333333,0.0,-0.0
1743667382.6172976,0.0,-94.0,270.0,,0.0488966669511246,0.028,-1.698659842159398,0.03333333333333333,0.0,-0.0
1743667382.950767,0.0,-94.0,270.0,,0.0488966669511246,0.028,-1.698659842159398,0.03333333333333333,0.0,-0.0
1743667383.2713344,0.0,-94.0,270.0,,0.0488966669511246,0.028,-1.698659842159398,0.03333333333333333,0.0,-0.0
1743667383.5973637,0.0,-94.0,270.0,,0.0488966669511246,0.028,-1.698659842159398,0.03333333333333333,0.0,-0.0
1743667383.9610906,0.0,-94.0,270.0,,0.0488966669511246,0.028,-1.698659842159398,0.03333333333333333,0.0,-0.0
1743667384.3191514,0.0,-94.0,270.0,,0.0488966669511246,0.028,-1.698659842159398,0.03333333333333333,0.0,-0.0
1743667384.6814513,0.0,-94.0,270.0,,0.0488966669511246,0.028,-1.698659842159398,0.03333333333333333,0.0,-0.0
1743667385.0633693,0.0,-94.0,270.0,,0.0488966669511246,0.028,-1.698659842159398,0.03333333333333333,0.0,-0.0
1743667385.4488504,0.0,-94.0,270.0,,0.0488966669511246,0.028,-1.698659842159398,0.03333333333333333,0.0,-0.0
1743667385.8097267,0.0,-94.0,270.0,,0.0488966669511246,0.028,-1.698659842159398,0.03333333333333333,0.0,-0.0
1743667386.1430137,0.0,-94.0,270.0,,0.0488966669511246,0.028,-1.698659842159398,0.03333333333333333,0.0,-0.0
1743667386.4555564,0.0,-94.0,270.0,,0.0488966669511246,0.028,-1.698659842159398,0.03333333333333333,0.0,-0.0
1743667386.7662923,0.0,-94.0,270.0,,0.0488966669511246,0.028,-1.698659842159398,0.03333333333333333,0.0,-0.0
1743667387.0749457,0.0,-94.0,270.0,,0.0488966669511246,0.028,-1.698659842159398,0.03333333333333333,0.0,-0.0
1743667387.383812,0.0,-94.0,270.0,,0.0488966669511246,0.028,-1.698659842159398,0.03333333333333333,0.0,-0.0
1743667387.6981475,0.0,-94.0,270.0,,0.0488966669511246,0.028,-1.698659842159398,0.03333333333333333,0.0,-0.0
1743667388.0408254,0.0,-94.0,270.0,,0.0488966669511246,0.028,-1.698659842159398,0.03333333333333333,0.0,-0.0
1743667388.409371,0.0,-94.0,270.0,,0.0488966669511246,0.028,-1.698659842159398,0.03333333333333333,0.0,-0.0
1743667388.742601,0.0,-94.0,270.0,,0.0488966669511246,0.028,-1.698659842159398,0.03333333333333333,0.0,-0.0
1743667389.0937207,0.0,-94.0,270.0,,0.0488966669511246,0.028,-1.698659842159398,0.03333333333333333,0.0,-0.0
1743667389.482685,0.0,-94.0,270.0,,0.0488966669511246,0.028,-1.698659842159398,0.03333333333333333,0.0,-0.0
1743667389.886785,0.0,-94.0,270.0,,0.0488966669511246,0.028,-1.698659842159398,0.03333333333333333,0.0,-0.0
1743667390.2560947,0.0,-94.0,270.0,,0.0488966669511246,0.028,-1.698659842159398,0.03333333333333333,0.0,-0.0
1743667390.6128154,0.0,-94.0,270.0,,0.0488966669511246,0.028,-1.698659842159398,0.03333333333333333,0.0,-0.0
1743667390.944173,0.0,-94.0,270.0,,0.0488966669511246,0.028,-1.698659842159398,0.03333333333333333,0.0,-0.0
1743667391.2748744,0.0,-94.0,270.0,,0.0488966669511246,0.028,-1.698659842159398,0.03333333333333333,0.0,-0.0
1743667391.622877,0.0,-94.0,270.0,,0.0488966669511246,0.028,-1.698659842159398,0.03333333333333333,0.0,-0.0
1743667391.9422073,0.0,-94.0,270.0,,0.0488966669511246,0.028,-1.698659842159398,0.03333333333333333,0.0,-0.0
1743667392.253583,0.0,-94.0,270.0,,0.0488966669511246,0.028,-1.698659842159398,0.03333333333333333,0.0,-0.0
1743667392.5822668,0.0,-94.0,270.0,,0.0488966669511246,0.028,-1.698659842159398,0.03333333333333333,0.0,-0.0
1743667392.9009707,0.0,-94.0,270.0,,0.0488966669511246,0.028,-1.698659842159398,0.03333333333333333,0.0,-0.0
1743667393.2306423,0.0,-94.0,270.0,,0.0488966669511246,0.028,-1.698659842159398,0.03333333333333333,0.0,-0.0
1743667393.5625436,0.0,-94.0,270.0,,0.0488966669511246,0.028,-1.698659842159398,0.03333333333333333,0.0,-0.0
1743667393.894188,0.0,-94.0,270.0,,0.0488966669511246,0.028,-1.698659842159398,0.03333333333333333,0.0,-0.0
1743667394.2177134,0.0,-94.0,270.0,,0.0488966669511246,0.028,-1.698659842159398,0.03333333333333333,0.0,-0.0
1743667394.5892184,0.0,-94.0,270.0,,0.0488966669511246,0.028,-1.698659842159398,0.03333333333333333,0.0,-0.0
1743667394.9627204,0.0,-94.0,270.0,,0.0488966669511246,0.028,-1.698659842159398,0.03333333333333333,0.0,-0.0
1743667395.3536034,0.0,-94.0,270.0,,0.0488966669511246,0.028,-1.698659842159398,0.03333333333333333,0.0,-0.0
1743667395.740218,0.0,-94.0,270.0,,0.0488966669511246,0.028,-1.698659842159398,0.03333333333333333,0.0,-0.0
1743667396.1213007,0.0,-94.0,270.0,,0.0488966669511246,0.028,-1.698659842159398,0.03333333333333333,0.0,-0.0
1743667396.4499257,0.0,-94.0,270.0,,0.0488966669511246,0.028,-1.698659842159398,0.03333333333333333,0.0,-0.0
1743667396.7570536,0.0,-94.0,270.0,,0.0488966669511246,0.028,-1.698659842159398,0.03333333333333333,0.0,-0.0
1743667397.071788,0.0,-94.0,270.0,,0.0488966669511246,0.028,-1.698659842159398,0.03333333333333333,0.0,-0.0
1743667397.3979366,0.0,-94.0,270.0,,0.0488966669511246,0.028,-1.698659842159398,0.03333333333333333,0.0,-0.0
1743667397.7322106,0.0,-94.0,270.0,,0.0488966669511246,0.028,-1.698659842159398,0.03333333333333333,0.0,-0.0
1743667398.062687,0.0,-94.0,270.0,,0.0488966669511246,0.028,-1.698659842159398,0.03333333333333333,0.0,-0.0
1743667398.4419982,0.0,-94.0,270.0,,0.0488966669511246,0.028,-1.698659842159398,0.03333333333333333,0.0,-0.0
1743667398.8529208,0.0,-94.0,270.0,,0.0488966669511246,0.028,-1.698659842159398,0.03333333333333333,0.0,-0.0
1743667399.3497112,0.0,-94.0,270.0,,0.0488966669511246,0.028,-1.698659842159398,0.03333333333333333,0.0,-0.0
1743667399.869885,0.0,-94.0,270.0,,0.0488966669511246,0.028,-1.698659842159398,0.03333333333333333,0.0,-0.0
1743667400.3283238,0.0,-94.0,270.0,,0.0488966669511246,0.028,-1.698659842159398,0.03333333333333333,0.0,-0.0
1743667400.8902872,0.0,-94.0,270.0,,0.0488966669511246,0.028,-1.698659842159398,0.03333333333333333,0.0,-0.0
1743667401.2950833,0.0,-94.0,270.0,,0.0488966669511246,0.028,-1.698659842159398,0.03333333333333333,0.0,-0.0
1743667401.6394181,0.0,-94.0,270.0,,0.0488966669511246,0.028,-1.698659842159398,0.03333333333333333,0.0,-0.0
1743667401.9441404,0.0,-94.0,270.0,,0.0488966669511246,0.028,-1.698659842159398,0.03333333333333333,0.0,-0.0
1743667402.2763243,0.0,-94.0,270.0,,0.0488966669511246,0.028,-1.698659842159398,0.03333333333333333,0.0,-0.0
1743667402.6111033,0.0,-94.0,270.0,,0.0488966669511246,0.028,-1.698659842159398,0.03333333333333333,0.0,-0.0
1743667402.9208367,0.0,-94.0,270.0,,0.0488966669511246,0.028,-1.698659842159398,0.03333333333333333,0.0,-0.0
1743667403.2320905,0.0,-94.0,270.0,,0.0488966669511246,0.028,-1.698659842159398,0.03333333333333333,0.0,-0.0
1743667403.5239422,0.0,-94.0,270.0,,0.0488966669511246,0.028,-1.698659842159398,0.03333333333333333,0.0,-0.0
1743667403.9369917,0.0,-94.0,270.0,,0.0488966669511246,0.028,-1.698659842159398,0.03333333333333333,0.0,-0.0
1743667404.4009018,0.0,-94.0,270.0,,0.0488966669511246,0.028,-1.698659842159398,0.03333333333333333,0.0,-0.0
1743667404.8364687,0.0,-94.0,270.0,,0.0488966669511246,0.028,-1.698659842159398,0.03333333333333333,0.0,-0.0
1743667405.2219641,0.0,-94.0,270.0,,0.0488966669511246,0.028,-1.698659842159398,0.03333333333333333,0.0,-0.0
1743667405.733306,0.0,-94.0,270.0,,0.0488966669511246,0.028,-1.698659842159398,0.03333333333333333,0.0,-0.0
1743667406.1753602,0.0,-94.0,270.0,,0.0488966669511246,0.028,-1.698659842159398,0.03333333333333333,0.0,-0.0
1743667406.541294,0.0,-94.0,270.0,,0.0488966669511246,0.028,-1.698659842159398,0.03333333333333333,0.0,-0.0
1743667406.8948727,0.0,-94.0,270.0,,0.0488966669511246,0.028,-1.698659842159398,0.03333333333333333,0.0,-0.0
1743667407.2034113,0.0,-94.0,270.0,,0.0488966669511246,0.028,-1.698659842159398,0.03333333333333333,0.0,-0.0
1743667407.6083474,0.0,-94.0,270.0,,0.0488966669511246,0.028,-1.698659842159398,0.03333333333333333,0.0,-0.0
1743667408.0581582,0.0,-94.0,270.0,,0.0488966669511246,0.028,-1.698659842159398,0.03333333333333333,0.0,-0.0
1743667408.4436204,0.0,-94.0,270.0,,0.0488966669511246,0.028,-1.698659842159398,0.03333333333333333,0.0,-0.0
1743667408.8018103,0.0,-94.0,270.0,,0.0488966669511246,0.028,-1.698659842159398,0.03333333333333333,0.0,-0.0
1743667409.133219,0.0,-94.0,270.0,,0.0488966669511246,0.028,-1.698659842159398,0.03333333333333333,0.0,-0.0
1743667409.461517,0.0,-94.0,270.0,,0.0488966669511246,0.028,-1.698659842159398,0.03333333333333333,0.0,-0.0
1743667409.7714548,0.0,-94.0,270.0,,0.0488966669511246,0.028,-1.698659842159398,0.03333333333333333,0.0,-0.0
1743667410.0783632,0.0,-94.0,270.0,,0.0488966669511246,0.028,-1.698659842159398,0.03333333333333333,0.0,-0.0
1743667410.395937,0.0,-94.0,270.0,,0.0488966669511246,0.028,-1.698659842159398,0.03333333333333333,0.0,-0.0
1743667410.7018344,0.0,-94.0,270.0,,0.0488966669511246,0.028,-1.698659842159398,0.03333333333333333,0.0,-0.0
1743667411.0056927,0.0,-94.0,270.0,,0.0488966669511246,0.028,-1.698659842159398,0.03333333333333333,0.0,-0.0
1743667411.3193383,0.0,-94.0,270.0,,0.0488966669511246,0.028,-1.698659842159398,0.03333333333333333,0.0,-0.0
1743667411.8228767,0.0,-94.0,270.0,,0.0488966669511246,0.028,-1.698659842159398,0.03333333333333333,0.0,-0.0
1743667412.2112136,0.0,-94.0,270.0,,0.0488966669511246,0.028,-1.698659842159398,0.03333333333333333,0.0,-0.0
1743667412.6871026,0.0,-94.0,270.0,,0.0488966669511246,0.028,-1.698659842159398,0.03333333333333333,0.0,-0.0
1743667413.1959867,0.0,-94.0,270.0,,0.0488966669511246,0.028,-1.698659842159398,0.03333333333333333,0.0,-0.0
1743667413.6110325,0.0,-94.0,270.0,,0.0488966669511246,0.028,-1.698659842159398,0.03333333333333333,0.0,-0.0
1743667414.0539362,0.0,-94.0,270.0,,0.0488966669511246,0.028,-1.698659842159398,0.03333333333333333,0.0,-0.0
1743667414.5141454,0.0,-94.0,270.0,,0.0488966669511246,0.028,-1.698659842159398,0.03333333333333333,0.0,-0.0
1743667415.047374,0.0,-94.0,270.0,,0.0488966669511246,0.028,-1.698659842159398,0.03333333333333333,0.0,-0.0
1743667415.5668159,0.0,-94.0,270.0,,0.0488966669511246,0.028,-1.698659842159398,0.03333333333333333,0.0,-0.0
1743667416.0365381,0.0,-94.0,270.0,,0.0488966669511246,0.028,-1.698659842159398,0.03333333333333333,0.0,-0.0
1743667416.6010587,0.0,-94.0,270.0,,0.0488966669511246,0.028,-1.698659842159398,0.03333333333333333,0.0,-0.0
1743667417.1247463,0.0,-94.0,270.0,,0.0488966669511246,0.028,-1.698659842159398,0.03333333333333333,0.0,-0.0
1743667417.641481,0.0,-94.0,270.0,,0.0488966669511246,0.028,-1.698659842159398,0.03333333333333333,0.0,-0.0
1743667418.0464349,0.0,-94.0,270.0,,0.0488966669511246,0.028,-1.698659842159398,0.03333333333333333,0.0,-0.0
1743667418.4064295,0.0,-94.0,270.0,,0.0488966669511246,0.028,-1.698659842159398,0.03333333333333333,0.0,-0.0
1743667418.7363951,0.0,-94.0,270.0,,0.0488966669511246,0.028,-1.698659842159398,0.03333333333333333,0.0,-0.0
1743667419.0631883,0.0,-94.0,270.0,,0.0488966669511246,0.028,-1.698659842159398,0.03333333333333333,0.0,-0.0
1743667419.3763251,0.0,-94.0,270.0,,0.0488966669511246,0.028,-1.698659842159398,0.03333333333333333,0.0,-0.0
1743667419.6839345,0.0,-94.0,270.0,,0.0488966669511246,0.028,-1.698659842159398,0.03333333333333333,0.0,-0.0
1743667419.9993312,0.0,-94.0,270.0,,0.0488966669511246,0.028,-1.698659842159398,0.03333333333333333,0.0,-0.0
1743667420.314993,0.0,-94.0,270.0,,0.0488966669511246,0.028,-1.698659842159398,0.03333333333333333,0.0,-0.0
1743667420.608232,0.0,-94.0,270.0,,0.0488966669511246,0.028,-1.698659842159398,0.03333333333333333,0.0,-0.0
1743667420.9230287,0.0,-94.0,270.0,,0.0488966669511246,0.028,-1.698659842159398,0.03333333333333333,0.0,-0.0
1743667421.31189,0.0,-94.0,270.0,,0.0488966669511246,0.028,-1.698659842159398,0.03333333333333333,0.0,-0.0
1743667421.6887217,0.0,-94.0,270.0,,0.0488966669511246,0.028,-1.698659842159398,0.03333333333333333,0.0,-0.0
1743667422.1162443,0.0,-94.0,270.0,,0.0488966669511246,0.028,-1.698659842159398,0.03333333333333333,0.0,-0.0
1743667422.4838946,0.0,-94.0,270.0,,0.0488966669511246,0.028,-1.698659842159398,0.03333333333333333,0.0,-0.0
1743667422.821355,0.0,-94.0,270.0,,0.0488966669511246,0.028,-1.698659842159398,0.03333333333333333,0.0,-0.0
1743667423.2411616,0.0,-94.0,270.0,,0.0488966669511246,0.028,-1.698659842159398,0.03333333333333333,0.0,-0.0
1743667423.6387982,0.0,-94.0,270.0,,0.0488966669511246,0.028,-1.698659842159398,0.03333333333333333,0.0,-0.0
1743667424.0411844,0.0,-94.0,270.0,,0.0488966669511246,0.028,-1.698659842159398,0.03333333333333333,0.0,-0.0
1743667424.4420078,0.0,-94.0,270.0,,0.0488966669511246,0.028,-1.698659842159398,0.03333333333333333,0.0,-0.0
1743667424.905857,0.0,-94.0,270.0,,0.0488966669511246,0.028,-1.698659842159398,0.03333333333333333,0.0,-0.0
1743667425.4065828,0.0,-94.0,270.0,,0.0488966669511246,0.028,-1.698659842159398,0.03333333333333333,0.0,-0.0
1743667425.9370284,0.0,-94.0,270.0,,0.0488966669511246,0.028,-1.698659842159398,0.03333333333333333,0.0,-0.0
1743667426.448509,0.0,-94.0,270.0,,0.0488966669511246,0.028,-1.698659842159398,0.03333333333333333,0.0,-0.0
1743667426.9347248,0.0,-94.0,270.0,,0.0488966669511246,0.028,-1.698659842159398,0.03333333333333333,0.0,-0.0
1743667427.4590175,0.0,-94.0,270.0,,0.0488966669511246,0.028,-1.698659842159398,0.03333333333333333,0.0,-0.0
1743667427.9100487,0.0,-94.0,270.0,,0.0488966669511246,0.028,-1.698659842159398,0.03333333333333333,0.0,-0.0
1743667428.4191613,0.0,-94.0,270.0,,0.0488966669511246,0.028,-1.698659842159398,0.03333333333333333,0.0,-0.0
1743667428.8431096,0.0,-94.0,270.0,,0.0488966669511246,0.028,-1.698659842159398,0.03333333333333333,0.0,-0.0
1743667429.1968396,0.0,-94.0,270.0,,0.0488966669511246,0.028,-1.698659842159398,0.03333333333333333,0.0,-0.0
1743667429.6256256,0.0,-94.0,270.0,,0.0488966669511246,0.028,-1.698659842159398,0.03333333333333333,0.0,-0.0
1743667430.0312743,0.0,-94.0,270.0,,0.0488966669511246,0.028,-1.698659842159398,0.03333333333333333,0.0,-0.0
1743667430.4114826,0.0,-94.0,270.0,,0.0488966669511246,0.028,-1.698659842159398,0.03333333333333333,0.0,-0.0
1743667430.9445643,0.0,-94.0,270.0,,0.0488966669511246,0.028,-1.698659842159398,0.03333333333333333,0.0,-0.0
1743667431.489072,0.0,-94.0,270.0,,0.0488966669511246,0.028,-1.698659842159398,0.03333333333333333,0.0,-0.0
1743667432.0156565,0.0,-94.0,270.0,,0.0488966669511246,0.028,-1.698659842159398,0.03333333333333333,0.0,-0.0
1743667432.5038292,0.0,-94.0,270.0,,0.0488966669511246,0.028,-1.698659842159398,0.03333333333333333,0.0,-0.0
1743667432.99504,0.0,-94.0,270.0,,0.0488966669511246,0.028,-1.698659842159398,0.03333333333333333,0.0,-0.0
1743667433.5188744,0.0,-94.0,270.0,,0.0488966669511246,0.028,-1.698659842159398,0.03333333333333333,0.0,-0.0
1743667434.0149956,0.0,-94.0,270.0,,0.0488966669511246,0.028,-1.698659842159398,0.03333333333333333,0.0,-0.0
1743667434.4389858,0.0,-94.0,270.0,,0.0488966669511246,0.028,-1.698659842159398,0.03333333333333333,0.0,-0.0
1743667434.837757,0.0,-94.0,270.0,,0.0488966669511246,0.028,-1.698659842159398,0.03333333333333333,0.0,-0.0
1743667435.2091095,0.0,-94.0,270.0,,0.0488966669511246,0.028,-1.698659842159398,0.03333333333333333,0.0,-0.0
1743667435.5737054,0.0,-94.0,270.0,,0.0488966669511246,0.028,-1.698659842159398,0.03333333333333333,0.0,-0.0
1743667435.9218993,0.0,-94.0,270.0,,0.0488966669511246,0.028,-1.698659842159398,0.03333333333333333,0.0,-0.0
1743667436.2515373,0.0,-94.0,270.0,,0.0488966669511246,0.028,-1.698659842159398,0.03333333333333333,0.0,-0.0
1743667436.5585392,0.0,-94.0,270.0,,0.0488966669511246,0.028,-1.698659842159398,0.03333333333333333,0.0,-0.0
1743667436.8742137,0.0,-94.0,270.0,,0.0488966669511246,0.028,-1.698659842159398,0.03333333333333333,0.0,-0.0
1743667437.159924,0.0,-94.0,270.0,,0.0488966669511246,0.028,-1.698659842159398,0.03333333333333333,0.0,-0.0
1743667437.431707,0.0,-94.0,270.0,,0.0488966669511246,0.028,-1.698659842159398,0.03333333333333333,0.0,-0.0
1743667437.698244,0.0,-94.0,270.0,,0.0488966669511246,0.028,-1.698659842159398,0.03333333333333333,0.0,-0.0
1743667437.9679565,0.0,-94.0,270.0,,0.0488966669511246,0.028,-1.698659842159398,0.03333333333333333,0.0,-0.0
1743667438.2540627,0.0,-94.0,270.0,,0.0488966669511246,0.028,-1.698659842159398,0.03333333333333333,0.0,-0.0
1743667438.5481145,0.0,-94.0,270.0,,0.0488966669511246,0.028,-1.698659842159398,0.03333333333333333,0.0,-0.0
1743667438.860143,0.0,-94.0,270.0,,0.0488966669511246,0.028,-1.698659842159398,0.03333333333333333,0.0,-0.0
1743667439.1485586,0.0,-94.0,270.0,,0.0488966669511246,0.028,-1.698659842159398,0.03333333333333333,0.0,-0.0
1743667439.4196963,0.0,-94.0,270.0,,0.0488966669511246,0.028,-1.698659842159398,0.03333333333333333,0.0,-0.0
1743667439.6904652,0.0,-94.0,270.0,,0.0488966669511246,0.028,-1.698659842159398,0.03333333333333333,0.0,-0.0
1743667439.953813,0.0,-94.0,270.0,,0.0488966669511246,0.028,-1.698659842159398,0.03333333333333333,0.0,-0.0
1743667440.2290032,0.0,-94.0,270.0,,0.0488966669511246,0.028,-1.698659842159398,0.03333333333333333,0.0,-0.0
1743667440.5116014,0.0,-94.0,270.0,,0.0488966669511246,0.028,-1.698659842159398,0.03333333333333333,0.0,-0.0
1743667440.8104186,0.0,-94.0,270.0,,0.0488966669511246,0.028,-1.698659842159398,0.03333333333333333,0.0,-0.0
1743667441.0830646,0.0,-94.0,270.0,,0.0488966669511246,0.028,-1.698659842159398,0.03333333333333333,0.0,-0.0
1743667441.3451715,0.0,-94.0,270.0,,0.0488966669511246,0.028,-1.698659842159398,0.03333333333333333,0.0,-0.0
1743667441.6072032,0.0,-94.0,270.0,,0.0488966669511246,0.028,-1.698659842159398,0.03333333333333333,0.0,-0.0
1743667441.8809605,0.0,-94.0,270.0,,0.0488966669511246,0.028,-1.698659842159398,0.03333333333333333,0.0,-0.0
1743667442.1444478,0.0,-94.0,270.0,,0.0488966669511246,0.028,-1.698659842159398,0.03333333333333333,0.0,-0.0
1743667442.406896,0.0,-94.0,270.0,,0.0488966669511246,0.028,-1.698659842159398,0.03333333333333333,0.0,-0.0
1743667442.6665516,0.0,-94.0,270.0,,0.0488966669511246,0.028,-1.698659842159398,0.03333333333333333,0.0,-0.0
1743667442.9323323,0.0,-94.0,270.0,,0.0488966669511246,0.028,-1.698659842159398,0.03333333333333333,0.0,-0.0
1743667443.19677,0.0,-94.0,270.0,,0.0488966669511246,0.028,-1.698659842159398,0.03333333333333333,0.0,-0.0
1743667443.4754078,0.0,-94.0,270.0,,0.0488966669511246,0.028,-1.698659842159398,0.03333333333333333,0.0,-0.0
1743667443.7846963,0.0,-94.0,270.0,,0.0488966669511246,0.028,-1.698659842159398,0.03333333333333333,0.0,-0.0
1743667444.0860107,0.0,-94.0,270.0,,0.0488966669511246,0.028,-1.698659842159398,0.03333333333333333,0.0,-0.0
1743667444.3954463,0.0,-94.0,270.0,,0.0488966669511246,0.028,-1.698659842159398,0.03333333333333333,0.0,-0.0
1743667444.7073374,0.0,-94.0,270.0,,0.0488966669511246,0.028,-1.698659842159398,0.03333333333333333,0.0,-0.0
1743667445.021099,0.0,-94.0,270.0,,0.0488966669511246,0.028,-1.698659842159398,0.03333333333333333,0.0,-0.0
1743667445.3420951,0.0,-94.0,270.0,,0.0488966669511246,0.028,-1.698659842159398,0.03333333333333333,0.0,-0.0
1743667445.6428888,0.0,-94.0,270.0,,0.0488966669511246,0.028,-1.698659842159398,0.03333333333333333,0.0,-0.0
1743667445.9562547,0.0,-94.0,270.0,,0.0488966669511246,0.028,-1.698659842159398,0.03333333333333333,0.0,-0.0
1743667446.3344593,0.0,-94.0,270.0,,0.0488966669511246,0.028,-1.698659842159398,0.03333333333333333,0.0,-0.0
1743667446.7209833,0.0,-94.0,270.0,,0.0488966669511246,0.028,-1.698659842159398,0.03333333333333333,0.0,-0.0
1743667447.0716503,0.0,-94.0,270.0,,0.0488966669511246,0.028,-1.698659842159398,0.03333333333333333,0.0,-0.0
1743667447.4355812,0.0,-94.0,270.0,,0.0488966669511246,0.028,-1.698659842159398,0.03333333333333333,0.0,-0.0
1743667447.793186,0.0,-94.0,270.0,,0.0488966669511246,0.028,-1.698659842159398,0.03333333333333333,0.0,-0.0
1743667448.1376505,0.0,-94.0,270.0,,0.0488966669511246,0.028,-1.698659842159398,0.03333333333333333,0.0,-0.0
1743667448.4690351,0.0,-94.0,270.0,,0.0488966669511246,0.028,-1.698659842159398,0.03333333333333333,0.0,-0.0
1743667448.7742627,0.0,-94.0,270.0,,0.0488966669511246,0.028,-1.698659842159398,0.03333333333333333,0.0,-0.0
1743667449.0157099,0.0,-94.0,270.0,,0.0488966669511246,0.028,-1.698659842159398,0.03333333333333333,0.0,-0.0
1743667449.2360237,0.0,-94.0,270.0,,0.0488966669511246,0.028,-1.698659842159398,0.03333333333333333,0.0,-0.0
1743667449.4431636,0.0,-94.0,270.0,,0.0488966669511246,0.028,-1.698659842159398,0.03333333333333333,0.0,-0.0
1743667449.6432827,0.0,-94.0,270.0,,0.0488966669511246,0.028,-1.698659842159398,0.03333333333333333,0.0,-0.0
1743667449.838514,0.0,-94.0,270.0,,0.0488966669511246,0.028,-1.698659842159398,0.03333333333333333,0.0,-0.0
1743667450.0712063,0.0,-94.0,270.0,,0.0488966669511246,0.028,-1.698659842159398,0.03333333333333333,0.0,-0.0
1743667450.285139,0.0,-94.0,270.0,,0.0488966669511246,0.028,-1.698659842159398,0.03333333333333333,0.0,-0.0
1743667450.4840975,0.0,-94.0,270.0,,0.0488966669511246,0.028,-1.698659842159398,0.03333333333333333,0.0,-0.0
1743667450.6799445,0.0,-94.0,270.0,,0.0488966669511246,0.028,-1.698659842159398,0.03333333333333333,0.0,-0.0
1743667450.8760045,0.0,-94.0,270.0,,0.0488966669511246,0.028,-1.698659842159398,0.03333333333333333,0.0,-0.0
1743667451.0764825,0.0,-94.0,270.0,,0.0488966669511246,0.028,-1.698659842159398,0.03333333333333333,0.0,-0.0
1743667451.2689939,0.0,-94.0,270.0,,0.0488966669511246,0.028,-1.698659842159398,0.03333333333333333,0.0,-0.0
1743667451.4620194,0.0,-94.0,270.0,,0.0488966669511246,0.028,-1.698659842159398,0.03333333333333333,0.0,-0.0
1743667451.6551633,0.0,-94.0,270.0,,0.0488966669511246,0.028,-1.698659842159398,0.03333333333333333,0.0,-0.0
1743667451.8502002,0.0,-94.0,270.0,,0.0488966669511246,0.028,-1.698659842159398,0.03333333333333333,0.0,-0.0
1743667452.0513625,0.0,-94.0,270.0,,0.0488966669511246,0.028,-1.698659842159398,0.03333333333333333,0.0,-0.0
1743667452.291063,0.0,-94.0,270.0,,0.0488966669511246,0.028,-1.698659842159398,0.03333333333333333,0.0,-0.0
1743667452.532364,0.0,-94.0,270.0,,0.0488966669511246,0.028,-1.698659842159398,0.03333333333333333,0.0,-0.0
1743667452.7452955,0.0,-94.0,270.0,,0.0488966669511246,0.028,-1.698659842159398,0.03333333333333333,0.0,-0.0
1743667452.948996,0.0,-94.0,270.0,,0.0488966669511246,0.028,-1.698659842159398,0.03333333333333333,0.0,-0.0
1743667453.1482646,0.0,-94.0,270.0,,0.0488966669511246,0.028,-1.698659842159398,0.03333333333333333,0.0,-0.0
1743667453.342801,0.0,-94.0,270.0,,0.0488966669511246,0.028,-1.698659842159398,0.03333333333333333,0.0,-0.0
1743667453.536632,0.0,-94.0,270.0,,0.0488966669511246,0.028,-1.698659842159398,0.03333333333333333,0.0,-0.0
1743667453.7284353,0.0,-94.0,270.0,,0.0488966669511246,0.028,-1.698659842159398,0.03333333333333333,0.0,-0.0
1743667453.9206302,0.0,-94.0,270.0,,0.0488966669511246,0.028,-1.698659842159398,0.03333333333333333,0.0,-0.0
1743667454.1149762,0.0,-94.0,270.0,,0.0488966669511246,0.028,-1.698659842159398,0.03333333333333333,0.0,-0.0
1743667454.308484,0.0,-94.0,270.0,,0.0488966669511246,0.028,-1.698659842159398,0.03333333333333333,0.0,-0.0
1743667454.5367737,0.0,-94.0,270.0,,0.0488966669511246,0.028,-1.698659842159398,0.03333333333333333,0.0,-0.0
1743667454.7781847,0.0,-94.0,270.0,,0.0488966669511246,0.028,-1.698659842159398,0.03333333333333333,0.0,-0.0
1743667454.9985785,0.0,-94.0,270.0,,0.0488966669511246,0.028,-1.698659842159398,0.03333333333333333,0.0,-0.0
1743667455.2078393,0.0,-94.0,270.0,,0.0488966669511246,0.028,-1.698659842159398,0.03333333333333333,0.0,-0.0
1743667455.4089699,0.0,-94.0,270.0,,0.0488966669511246,0.028,-1.698659842159398,0.03333333333333333,0.0,-0.0
1743667455.60899,0.0,-94.0,270.0,,0.0488966669511246,0.028,-1.698659842159398,0.03333333333333333,0.0,-0.0
1743667455.8101563,0.0,-94.0,270.0,,0.0488966669511246,0.028,-1.698659842159398,0.03333333333333333,0.0,-0.0
1743667456.0080886,0.0,-94.0,270.0,,0.0488966669511246,0.028,-1.698659842159398,0.03333333333333333,0.0,-0.0
1743667456.2314327,0.0,-94.0,270.0,,0.0488966669511246,0.028,-1.698659842159398,0.03333333333333333,0.0,-0.0
1743667456.4752822,0.0,-94.0,270.0,,0.0488966669511246,0.028,-1.698659842159398,0.03333333333333333,0.0,-0.0
1743667456.6971653,0.0,-94.0,270.0,,0.0488966669511246,0.028,-1.698659842159398,0.03333333333333333,0.0,-0.0
1743667456.907267,0.0,-94.0,270.0,,0.0488966669511246,0.028,-1.698659842159398,0.03333333333333333,0.0,-0.0
1743667457.1091275,0.0,-94.0,270.0,,0.0488966669511246,0.028,-1.698659842159398,0.03333333333333333,0.0,-0.0
1743667457.3059814,0.0,-94.0,270.0,,0.0488966669511246,0.028,-1.698659842159398,0.03333333333333333,0.0,-0.0
1743667457.499187,0.0,-94.0,270.0,,0.0488966669511246,0.028,-1.698659842159398,0.03333333333333333,0.0,-0.0
1743667457.7255769,0.0,-94.0,270.0,,0.0488966669511246,0.028,-1.698659842159398,0.03333333333333333,0.0,-0.0
1743667457.9704852,0.0,-94.0,270.0,,0.0488966669511246,0.028,-1.698659842159398,0.03333333333333333,0.0,-0.0
1743667458.1945462,0.0,-94.0,270.0,,0.0488966669511246,0.028,-1.698659842159398,0.03333333333333333,0.0,-0.0
1743667458.4050844,0.0,-94.0,270.0,,0.0488966669511246,0.028,-1.698659842159398,0.03333333333333333,0.0,-0.0
1743667458.6068847,0.0,-94.0,270.0,,0.0488966669511246,0.028,-1.698659842159398,0.03333333333333333,0.0,-0.0
1743667458.80515,0.0,-94.0,270.0,,0.0488966669511246,0.028,-1.698659842159398,0.03333333333333333,0.0,-0.0
1743667459.0077531,0.0,-94.0,270.0,,0.0488966669511246,0.028,-1.698659842159398,0.03333333333333333,0.0,-0.0
1743667459.2326503,0.0,-94.0,270.0,,0.0488966669511246,0.028,-1.698659842159398,0.03333333333333333,0.0,-0.0
1743667459.4510345,0.0,-94.0,270.0,,0.0488966669511246,0.028,-1.698659842159398,0.03333333333333333,0.0,-0.0
1743667459.6968338,0.0,-94.0,270.0,,0.0488966669511246,0.028,-1.698659842159398,0.03333333333333333,0.0,-0.0
1743667459.9437315,0.0,-94.0,270.0,,0.0488966669511246,0.028,-1.698659842159398,0.03333333333333333,0.0,-0.0
1743667460.1611505,0.0,-94.0,270.0,,0.0488966669511246,0.028,-1.698659842159398,0.03333333333333333,0.0,-0.0
1743667460.367777,0.0,-94.0,270.0,,0.0488966669511246,0.028,-1.698659842159398,0.03333333333333333,0.0,-0.0
1743667460.5669842,0.0,-94.0,270.0,,0.0488966669511246,0.028,-1.698659842159398,0.03333333333333333,0.0,-0.0
1743667460.763203,0.0,-94.0,270.0,,0.0488966669511246,0.028,-1.698659842159398,0.03333333333333333,0.0,-0.0
1743667460.9607146,0.0,-94.0,270.0,,0.0488966669511246,0.028,-1.698659842159398,0.03333333333333333,0.0,-0.0
1743667461.1553347,0.0,-94.0,270.0,,0.0488966669511246,0.028,-1.698659842159398,0.03333333333333333,0.0,-0.0
1743667461.3894584,0.0,-94.0,270.0,,0.0488966669511246,0.028,-1.698659842159398,0.03333333333333333,0.0,-0.0
1743667461.6437113,0.0,-94.0,270.0,,0.0488966669511246,0.028,-1.698659842159398,0.03333333333333333,0.0,-0.0
1743667461.8700523,0.0,-94.0,270.0,,0.0488966669511246,0.028,-1.698659842159398,0.03333333333333333,0.0,-0.0
1743667462.079266,0.0,-94.0,270.0,,0.0488966669511246,0.028,-1.698659842159398,0.03333333333333333,0.0,-0.0
1743667462.302076,0.0,-94.0,270.0,,0.0488966669511246,0.028,-1.698659842159398,0.03333333333333333,0.0,-0.0
1743667462.5644326,0.0,-94.0,270.0,,0.0488966669511246,0.028,-1.698659842159398,0.03333333333333333,0.0,-0.0
1743667462.8042135,0.0,-94.0,270.0,,0.0488966669511246,0.028,-1.698659842159398,0.03333333333333333,0.0,-0.0
1743667463.025511,0.0,-94.0,270.0,,0.0488966669511246,0.028,-1.698659842159398,0.03333333333333333,0.0,-0.0
1743667463.2459068,0.0,-94.0,270.0,,0.0488966669511246,0.028,-1.698659842159398,0.03333333333333333,0.0,-0.0
1743667463.4621437,0.0,-94.0,270.0,,0.0488966669511246,0.028,-1.698659842159398,0.03333333333333333,0.0,-0.0
1743667463.6822093,0.0,-94.0,270.0,,0.0488966669511246,0.028,-1.698659842159398,0.03333333333333333,0.0,-0.0
1743667463.904549,0.0,-94.0,270.0,,0.0488966669511246,0.028,-1.698659842159398,0.03333333333333333,0.0,-0.0
1743667464.1871808,0.0,-94.0,270.0,,0.0488966669511246,0.028,-1.698659842159398,0.03333333333333333,0.0,-0.0
1743667464.4249065,0.0,-94.0,270.0,,0.0488966669511246,0.028,-1.698659842159398,0.03333333333333333,0.0,-0.0
1743667464.6417964,0.0,-94.0,270.0,,0.0488966669511246,0.028,-1.698659842159398,0.03333333333333333,0.0,-0.0
1743667464.8470204,0.0,-94.0,270.0,,0.0488966669511246,0.028,-1.698659842159398,0.03333333333333333,0.0,-0.0
1743667465.0492208,0.0,-94.0,270.0,,0.0488966669511246,0.028,-1.698659842159398,0.03333333333333333,0.0,-0.0
1743667465.2437956,0.0,-94.0,270.0,,0.0488966669511246,0.028,-1.698659842159398,0.03333333333333333,0.0,-0.0
1743667465.439256,0.0,-94.0,270.0,,0.0488966669511246,0.028,-1.698659842159398,0.03333333333333333,0.0,-0.0
1743667465.6672504,0.0,-94.0,270.0,,0.0488966669511246,0.028,-1.698659842159398,0.03333333333333333,0.0,-0.0
1743667465.9201643,0.0,-94.0,270.0,,0.0488966669511246,0.028,-1.698659842159398,0.03333333333333333,0.0,-0.0
1743667466.13794,0.0,-94.0,270.0,,0.0488966669511246,0.028,-1.698659842159398,0.03333333333333333,0.0,-0.0
1743667466.3439791,0.0,-94.0,270.0,,0.0488966669511246,0.028,-1.698659842159398,0.03333333333333333,0.0,-0.0
1743667466.5421584,0.0,-94.0,270.0,,0.0488966669511246,0.028,-1.698659842159398,0.03333333333333333,0.0,-0.0
1743667466.7382474,0.0,-94.0,270.0,,0.0488966669511246,0.028,-1.698659842159398,0.03333333333333333,0.0,-0.0
1743667466.9414186,0.0,-94.0,270.0,,0.0488966669511246,0.028,-1.698659842159398,0.03333333333333333,0.0,-0.0
1743667467.1411133,0.0,-94.0,270.0,,0.0488966669511246,0.028,-1.698659842159398,0.03333333333333333,0.0,-0.0
1743667467.3378675,0.0,-94.0,270.0,,0.0488966669511246,0.028,-1.698659842159398,0.03333333333333333,0.0,-0.0
1743667467.5310698,0.0,-94.0,270.0,,0.0488966669511246,0.028,-1.698659842159398,0.03333333333333333,0.0,-0.0
1743667467.7397773,0.0,-94.0,270.0,,0.0488966669511246,0.028,-1.698659842159398,0.03333333333333333,0.0,-0.0
1743667468.011317,0.0,-94.0,270.0,,0.0488966669511246,0.028,-1.698659842159398,0.03333333333333333,0.0,-0.0
1743667468.2434194,0.0,-94.0,270.0,,0.0488966669511246,0.028,-1.698659842159398,0.03333333333333333,0.0,-0.0
1743667468.453459,0.0,-94.0,270.0,,0.0488966669511246,0.028,-1.698659842159398,0.03333333333333333,0.0,-0.0
1743667468.6560893,0.0,-94.0,270.0,,0.0488966669511246,0.028,-1.698659842159398,0.03333333333333333,0.0,-0.0
1743667468.856193,0.0,-94.0,270.0,,0.0488966669511246,0.028,-1.698659842159398,0.03333333333333333,0.0,-0.0
1743667469.083643,0.0,-94.0,270.0,,0.0488966669511246,0.028,-1.698659842159398,0.03333333333333333,0.0,-0.0
1743667469.327075,0.0,-94.0,270.0,,0.0488966669511246,0.028,-1.698659842159398,0.03333333333333333,0.0,-0.0
1743667469.601424,0.0,-94.0,270.0,,0.0488966669511246,0.028,-1.698659842159398,0.03333333333333333,0.0,-0.0
1743667469.869262,0.0,-94.0,270.0,,0.0488966669511246,0.028,-1.698659842159398,0.03333333333333333,0.0,-0.0
1743667470.091096,0.0,-94.0,270.0,,0.0488966669511246,0.028,-1.698659842159398,0.03333333333333333,0.0,-0.0
1743667470.2993982,0.0,-94.0,270.0,,0.0488966669511246,0.028,-1.698659842159398,0.03333333333333333,0.0,-0.0
1743667470.5000668,0.0,-94.0,270.0,,0.0488966669511246,0.028,-1.698659842159398,0.03333333333333333,0.0,-0.0
1743667470.7003098,0.0,-94.0,270.0,,0.0488966669511246,0.028,-1.698659842159398,0.03333333333333333,0.0,-0.0
1743667470.899896,0.0,-94.0,270.0,,0.0488966669511246,0.028,-1.698659842159398,0.03333333333333333,0.0,-0.0
1743667471.1316411,0.0,-94.0,270.0,,0.0488966669511246,0.028,-1.698659842159398,0.03333333333333333,0.0,-0.0
1743667471.390401,0.0,-94.0,270.0,,0.0488966669511246,0.028,-1.698659842159398,0.03333333333333333,0.0,-0.0
1743667471.6070766,0.0,-94.0,270.0,,0.0488966669511246,0.028,-1.698659842159398,0.03333333333333333,0.0,-0.0
1743667471.813533,0.0,-94.0,270.0,,0.0488966669511246,0.028,-1.698659842159398,0.03333333333333333,0.0,-0.0
1743667472.0221457,0.0,-94.0,270.0,,0.0488966669511246,0.028,-1.698659842159398,0.03333333333333333,0.0,-0.0
1743667472.221911,0.0,-94.0,270.0,,0.0488966669511246,0.028,-1.698659842159398,0.03333333333333333,0.0,-0.0
1743667472.4150224,0.0,-94.0,270.0,,0.0488966669511246,0.028,-1.698659842159398,0.03333333333333333,0.0,-0.0
1743667472.6087635,0.0,-94.0,270.0,,0.0488966669511246,0.028,-1.698659842159398,0.03333333333333333,0.0,-0.0
1743667472.8522277,0.0,-94.0,270.0,,0.0488966669511246,0.028,-1.698659842159398,0.03333333333333333,0.0,-0.0
1743667473.1001573,0.0,-94.0,270.0,,0.0488966669511246,0.028,-1.698659842159398,0.03333333333333333,0.0,-0.0
1743667473.3218403,0.0,-94.0,270.0,,0.0488966669511246,0.028,-1.698659842159398,0.03333333333333333,0.0,-0.0
1743667473.5312314,0.0,-94.0,270.0,,0.0488966669511246,0.028,-1.698659842159398,0.03333333333333333,0.0,-0.0
1743667473.733827,0.0,-94.0,270.0,,0.0488966669511246,0.028,-1.698659842159398,0.03333333333333333,0.0,-0.0
1743667473.9367812,0.0,-94.0,270.0,,0.0488966669511246,0.028,-1.698659842159398,0.03333333333333333,0.0,-0.0
1743667474.136905,0.0,-94.0,270.0,,0.0488966669511246,0.028,-1.698659842159398,0.03333333333333333,0.0,-0.0
1743667474.3309114,0.0,-94.0,270.0,,0.0488966669511246,0.028,-1.698659842159398,0.03333333333333333,0.0,-0.0
1743667474.5257597,0.0,-94.0,270.0,,0.0488966669511246,0.028,-1.698659842159398,0.03333333333333333,0.0,-0.0
1743667474.7196767,0.0,-94.0,270.0,,0.0488966669511246,0.028,-1.698659842159398,0.03333333333333333,0.0,-0.0
1743667474.9253852,0.0,-94.0,270.0,,0.0488966669511246,0.028,-1.698659842159398,0.03333333333333333,0.0,-0.0
1743667475.1756084,0.0,-94.0,270.0,,0.0488966669511246,0.028,-1.698659842159398,0.03333333333333333,0.0,-0.0
1743667475.4202135,0.0,-94.0,270.0,,0.0488966669511246,0.028,-1.698659842159398,0.03333333333333333,0.0,-0.0
1743667475.6332598,0.0,-94.0,270.0,,0.0488966669511246,0.028,-1.698659842159398,0.03333333333333333,0.0,-0.0
1743667475.8359067,0.0,-94.0,270.0,,0.0488966669511246,0.028,-1.698659842159398,0.03333333333333333,0.0,-0.0
1743667476.072477,0.0,-94.0,270.0,,0.0488966669511246,0.028,-1.698659842159398,0.03333333333333333,0.0,-0.0
1743667476.3387198,0.0,-94.0,270.0,,0.0488966669511246,0.028,-1.698659842159398,0.03333333333333333,0.0,-0.0
1743667476.5661724,0.0,-94.0,270.0,,0.0488966669511246,0.028,-1.698659842159398,0.03333333333333333,0.0,-0.0
1743667476.7814598,0.0,-94.0,270.0,,0.0488966669511246,0.028,-1.698659842159398,0.03333333333333333,0.0,-0.0
1743667477.1265876,0.0,-94.0,270.0,,0.0488966669511246,0.028,-1.698659842159398,0.03333333333333333,0.0,-0.0
1743667477.449199,0.0,-94.0,270.0,,0.0488966669511246,0.028,-1.698659842159398,0.03333333333333333,0.0,-0.0
1743667477.7308342,0.0,-94.0,270.0,,0.0488966669511246,0.028,-1.698659842159398,0.03333333333333333,0.0,-0.0
1743667478.0044901,0.0,-94.0,270.0,,0.0488966669511246,0.028,-1.698659842159398,0.03333333333333333,0.0,-0.0
1743667478.2595627,0.0,-94.0,270.0,,0.0488966669511246,0.028,-1.698659842159398,0.03333333333333333,0.0,-0.0
1743667478.4897614,0.0,-94.0,270.0,,0.0488966669511246,0.028,-1.698659842159398,0.03333333333333333,0.0,-0.0
1743667478.711484,0.0,-94.0,270.0,,0.0488966669511246,0.028,-1.698659842159398,0.03333333333333333,0.0,-0.0
1743667478.9282188,0.0,-94.0,270.0,,0.0488966669511246,0.028,-1.698659842159398,0.03333333333333333,0.0,-0.0
1743667479.1492674,0.0,-94.0,270.0,,0.0488966669511246,0.028,-1.698659842159398,0.03333333333333333,0.0,-0.0
1743667479.3933535,0.0,-94.0,270.0,,0.0488966669511246,0.028,-1.698659842159398,0.03333333333333333,0.0,-0.0
1743667479.6256318,0.0,-94.0,270.0,,0.0488966669511246,0.028,-1.698659842159398,0.03333333333333333,0.0,-0.0
1743667479.8612132,0.0,-94.0,270.0,,0.0488966669511246,0.028,-1.698659842159398,0.03333333333333333,0.0,-0.0
1743667480.0875099,0.0,-94.0,270.0,,0.0488966669511246,0.028,-1.698659842159398,0.03333333333333333,0.0,-0.0
1743667480.308151,0.0,-94.0,270.0,,0.0488966669511246,0.028,-1.698659842159398,0.03333333333333333,0.0,-0.0
1743667480.5447028,0.0,-94.0,270.0,,0.0488966669511246,0.028,-1.698659842159398,0.03333333333333333,0.0,-0.0
1743667480.7848368,0.0,-94.0,270.0,,0.0488966669511246,0.028,-1.698659842159398,0.03333333333333333,0.0,-0.0
1743667481.0236785,0.0,-94.0,270.0,,0.0488966669511246,0.028,-1.698659842159398,0.03333333333333333,0.0,-0.0
1743667481.2751343,0.0,-94.0,270.0,,0.0488966669511246,0.028,-1.698659842159398,0.03333333333333333,0.0,-0.0
1743667481.5267296,0.0,-94.0,270.0,,0.0488966669511246,0.028,-1.698659842159398,0.03333333333333333,0.0,-0.0
1743667481.76367,0.0,-94.0,270.0,,0.0488966669511246,0.028,-1.698659842159398,0.03333333333333333,0.0,-0.0
1743667482.0064263,0.0,-94.0,270.0,,0.0488966669511246,0.028,-1.698659842159398,0.03333333333333333,0.0,-0.0
1743667482.2405093,0.0,-94.0,270.0,,0.0488966669511246,0.028,-1.698659842159398,0.03333333333333333,0.0,-0.0
1743667482.463247,0.0,-94.0,270.0,,0.0488966669511246,0.028,-1.698659842159398,0.03333333333333333,0.0,-0.0
1743667482.6793146,0.0,-94.0,270.0,,0.0488966669511246,0.028,-1.698659842159398,0.03333333333333333,0.0,-0.0
1743667482.891056,0.0,-94.0,270.0,,0.0488966669511246,0.028,-1.698659842159398,0.03333333333333333,0.0,-0.0
1743667483.1122606,0.0,-94.0,270.0,,0.0488966669511246,0.028,-1.698659842159398,0.03333333333333333,0.0,-0.0
1743667483.3484936,0.0,-94.0,270.0,,0.0488966669511246,0.028,-1.698659842159398,0.03333333333333333,0.0,-0.0
1743667483.5781848,0.0,-94.0,270.0,,0.0488966669511246,0.028,-1.698659842159398,0.03333333333333333,0.0,-0.0
1743667483.7959864,0.0,-94.0,270.0,,0.0488966669511246,0.028,-1.698659842159398,0.03333333333333333,0.0,-0.0
1743667484.0083292,0.0,-94.0,270.0,,0.0488966669511246,0.028,-1.698659842159398,0.03333333333333333,0.0,-0.0
1743667484.220965,0.0,-94.0,270.0,,0.0488966669511246,0.028,-1.698659842159398,0.03333333333333333,0.0,-0.0
1743667484.4275315,0.0,-94.0,270.0,,0.0488966669511246,0.028,-1.698659842159398,0.03333333333333333,0.0,-0.0
1743667484.6604714,0.0,-94.0,270.0,,0.0488966669511246,0.028,-1.698659842159398,0.03333333333333333,0.0,-0.0
1743667484.9245048,0.0,-94.0,270.0,,0.0488966669511246,0.028,-1.698659842159398,0.03333333333333333,0.0,-0.0
1743667485.2462919,0.0,-94.0,270.0,,0.0488966669511246,0.028,-1.698659842159398,0.03333333333333333,0.0,-0.0
1743667485.7365885,0.0,-94.0,270.0,,0.0488966669511246,0.028,-1.698659842159398,0.03333333333333333,0.0,-0.0
1743667486.0581214,0.0,-94.0,270.0,,0.0488966669511246,0.028,-1.698659842159398,0.03333333333333333,0.0,-0.0
1743667486.3754046,0.0,-94.0,270.0,,0.0488966669511246,0.028,-1.698659842159398,0.03333333333333333,0.0,-0.0
1743667486.78046,0.0,-94.0,270.0,,0.0488966669511246,0.028,-1.698659842159398,0.03333333333333333,0.0,-0.0
1743667487.1563075,0.0,-94.0,270.0,,0.0488966669511246,0.028,-1.698659842159398,0.03333333333333333,0.0,-0.0
1743667487.470586,0.0,-94.0,270.0,,0.0488966669511246,0.028,-1.698659842159398,0.03333333333333333,0.0,-0.0
1743667487.7702117,0.0,-94.0,270.0,,0.0488966669511246,0.028,-1.698659842159398,0.03333333333333333,0.0,-0.0
1743667488.050213,0.0,-94.0,270.0,,0.0488966669511246,0.028,-1.698659842159398,0.03333333333333333,0.0,-0.0
1743667488.4554787,0.0,-94.0,270.0,,0.0488966669511246,0.028,-1.698659842159398,0.03333333333333333,0.0,-0.0
1743667488.8232434,0.0,-94.0,270.0,,0.0488966669511246,0.028,-1.698659842159398,0.03333333333333333,0.0,-0.0
1743667489.0899844,0.0,-94.0,270.0,,0.0488966669511246,0.028,-1.698659842159398,0.03333333333333333,0.0,-0.0
1743667489.3417876,0.0,-94.0,270.0,,0.0488966669511246,0.028,-1.698659842159398,0.03333333333333333,0.0,-0.0
1743667489.6068745,0.0,-94.0,270.0,,0.0488966669511246,0.028,-1.698659842159398,0.03333333333333333,0.0,-0.0
1743667489.858687,0.0,-94.0,270.0,,0.0488966669511246,0.028,-1.698659842159398,0.03333333333333333,0.0,-0.0
1743667490.0751557,0.0,-94.0,270.0,,0.0488966669511246,0.028,-1.698659842159398,0.03333333333333333,0.0,-0.0
1743667490.2925017,0.0,-94.0,270.0,,0.0488966669511246,0.028,-1.698659842159398,0.03333333333333333,0.0,-0.0
1743667490.5088506,0.0,-94.0,270.0,,0.0488966669511246,0.028,-1.698659842159398,0.03333333333333333,0.0,-0.0
1743667490.7122939,0.0,-94.0,270.0,,0.0488966669511246,0.028,-1.698659842159398,0.03333333333333333,0.0,-0.0
1743667490.9116018,0.0,-94.0,270.0,,0.0488966669511246,0.028,-1.698659842159398,0.03333333333333333,0.0,-0.0
1743667491.1054387,0.0,-94.0,270.0,,0.0488966669511246,0.028,-1.698659842159398,0.03333333333333333,0.0,-0.0
1743667491.3037064,0.0,-94.0,270.0,,0.0488966669511246,0.028,-1.698659842159398,0.03333333333333333,0.0,-0.0
1743667491.5103152,0.0,-94.0,270.0,,0.0488966669511246,0.028,-1.698659842159398,0.03333333333333333,0.0,-0.0
1743667491.7069042,0.0,-94.0,270.0,,0.0488966669511246,0.028,-1.698659842159398,0.03333333333333333,0.0,-0.0
1743667491.9028494,0.0,-94.0,270.0,,0.0488966669511246,0.028,-1.698659842159398,0.03333333333333333,0.0,-0.0
1743667492.096992,0.0,-94.0,270.0,,0.0488966669511246,0.028,-1.698659842159398,0.03333333333333333,0.0,-0.0
1743667492.290549,0.0,-94.0,270.0,,0.0488966669511246,0.028,-1.698659842159398,0.03333333333333333,0.0,-0.0
1743667492.483757,0.0,-94.0,270.0,,0.0488966669511246,0.028,-1.698659842159398,0.03333333333333333,0.0,-0.0
1743667492.6993196,0.0,-94.0,270.0,,0.0488966669511246,0.028,-1.698659842159398,0.03333333333333333,0.0,-0.0
1743667492.93133,0.0,-94.0,270.0,,0.0488966669511246,0.028,-1.698659842159398,0.03333333333333333,0.0,-0.0
1743667493.1771307,0.0,-94.0,270.0,,0.0488966669511246,0.028,-1.698659842159398,0.03333333333333333,0.0,-0.0
1743667493.420186,0.0,-94.0,270.0,,0.0488966669511246,0.028,-1.698659842159398,0.03333333333333333,0.0,-0.0
1743667493.6373446,0.0,-94.0,270.0,,0.0488966669511246,0.028,-1.698659842159398,0.03333333333333333,0.0,-0.0
1743667493.841822,0.0,-94.0,270.0,,0.0488966669511246,0.028,-1.698659842159398,0.03333333333333333,0.0,-0.0
1743667494.0409017,0.0,-94.0,270.0,,0.0488966669511246,0.028,-1.698659842159398,0.03333333333333333,0.0,-0.0
1743667494.2638693,0.0,-94.0,270.0,,0.0488966669511246,0.028,-1.698659842159398,0.03333333333333333,0.0,-0.0
1743667494.48971,0.0,-94.0,270.0,,0.0488966669511246,0.028,-1.698659842159398,0.03333333333333333,0.0,-0.0
1743667494.7002614,0.0,-94.0,270.0,,0.0488966669511246,0.028,-1.698659842159398,0.03333333333333333,0.0,-0.0
1743667494.914928,0.0,-94.0,270.0,,0.0488966669511246,0.028,-1.698659842159398,0.03333333333333333,0.0,-0.0
1743667495.1406374,0.0,-94.0,270.0,,0.0488966669511246,0.028,-1.698659842159398,0.03333333333333333,0.0,-0.0
1743667495.3491523,0.0,-94.0,270.0,,0.0488966669511246,0.028,-1.698659842159398,0.03333333333333333,0.0,-0.0
1743667495.5495589,0.0,-94.0,270.0,,0.0488966669511246,0.028,-1.698659842159398,0.03333333333333333,0.0,-0.0
1743667495.7469096,0.0,-94.0,270.0,,0.0488966669511246,0.028,-1.698659842159398,0.03333333333333333,0.0,-0.0
1743667495.9412615,0.0,-94.0,270.0,,0.0488966669511246,0.028,-1.698659842159398,0.03333333333333333,0.0,-0.0
1743667496.1356351,0.0,-94.0,270.0,,0.0488966669511246,0.028,-1.698659842159398,0.03333333333333333,0.0,-0.0
1743667496.33678,0.0,-94.0,270.0,,0.0488966669511246,0.028,-1.698659842159398,0.03333333333333333,0.0,-0.0
1743667496.5322185,0.0,-94.0,270.0,,0.0488966669511246,0.028,-1.698659842159398,0.03333333333333333,0.0,-0.0
1743667496.726931,0.0,-94.0,270.0,,0.0488966669511246,0.028,-1.698659842159398,0.03333333333333333,0.0,-0.0
1743667496.9202917,0.0,-94.0,270.0,,0.0488966669511246,0.028,-1.698659842159398,0.03333333333333333,0.0,-0.0
1743667497.114014,0.0,-94.0,270.0,,0.0488966669511246,0.028,-1.698659842159398,0.03333333333333333,0.0,-0.0
1743667497.3071563,0.0,-94.0,270.0,,0.0488966669511246,0.028,-1.698659842159398,0.03333333333333333,0.0,-0.0
1743667497.502221,0.0,-94.0,270.0,,0.0488966669511246,0.028,-1.698659842159398,0.03333333333333333,0.0,-0.0
1743667497.710305,0.0,-94.0,270.0,,0.0488966669511246,0.028,-1.698659842159398,0.03333333333333333,0.0,-0.0
1743667497.921671,0.0,-94.0,270.0,,0.0488966669511246,0.028,-1.698659842159398,0.03333333333333333,0.0,-0.0
1743667498.1293967,0.0,-94.0,270.0,,0.0488966669511246,0.028,-1.698659842159398,0.03333333333333333,0.0,-0.0
1743667498.3412766,0.0,-94.0,270.0,,0.0488966669511246,0.028,-1.698659842159398,0.03333333333333333,0.0,-0.0
1743667498.543252,0.0,-94.0,270.0,,0.0488966669511246,0.028,-1.698659842159398,0.03333333333333333,0.0,-0.0
1743667498.7432704,0.0,-94.0,270.0,,0.0488966669511246,0.028,-1.698659842159398,0.03333333333333333,0.0,-0.0
1743667498.9365907,0.0,-94.0,270.0,,0.0488966669511246,0.028,-1.698659842159398,0.03333333333333333,0.0,-0.0
1743667499.1314342,0.0,-94.0,270.0,,0.0488966669511246,0.028,-1.698659842159398,0.03333333333333333,0.0,-0.0
1743667499.325595,0.0,-94.0,270.0,,0.0488966669511246,0.028,-1.698659842159398,0.03333333333333333,0.0,-0.0
1743667499.5185344,0.0,-94.0,270.0,,0.0488966669511246,0.028,-1.698659842159398,0.03333333333333333,0.0,-0.0
1743667499.7092254,0.0,-94.0,270.0,,0.0488966669511246,0.028,-1.698659842159398,0.03333333333333333,0.0,-0.0
1743667499.933859,0.0,-94.0,270.0,,0.0488966669511246,0.028,-1.698659842159398,0.03333333333333333,0.0,-0.0
1743667500.1612866,0.0,-94.0,270.0,,0.0488966669511246,0.028,-1.698659842159398,0.03333333333333333,0.0,-0.0
1743667500.375547,0.0,-94.0,270.0,,0.0488966669511246,0.028,-1.698659842159398,0.03333333333333333,0.0,-0.0
1743667500.5800717,0.0,-94.0,270.0,,0.0488966669511246,0.028,-1.698659842159398,0.03333333333333333,0.0,-0.0
1743667500.7801633,0.0,-94.0,270.0,,0.0488966669511246,0.028,-1.698659842159398,0.03333333333333333,0.0,-0.0
1743667500.9759762,0.0,-94.0,270.0,,0.0488966669511246,0.028,-1.698659842159398,0.03333333333333333,0.0,-0.0
1743667501.172708,0.0,-94.0,270.0,,0.0488966669511246,0.028,-1.698659842159398,0.03333333333333333,0.0,-0.0
1743667501.3657925,0.0,-94.0,270.0,,0.0488966669511246,0.028,-1.698659842159398,0.03333333333333333,0.0,-0.0
1743667501.560938,0.0,-94.0,270.0,,0.0488966669511246,0.028,-1.698659842159398,0.03333333333333333,0.0,-0.0
1743667501.754636,0.0,-94.0,270.0,,0.0488966669511246,0.028,-1.698659842159398,0.03333333333333333,0.0,-0.0
1743667501.9474857,0.0,-94.0,270.0,,0.0488966669511246,0.028,-1.698659842159398,0.03333333333333333,0.0,-0.0
1743667502.1414034,0.0,-94.0,270.0,,0.0488966669511246,0.028,-1.698659842159398,0.03333333333333333,0.0,-0.0
1743667502.3310134,0.0,-94.0,270.0,,0.0488966669511246,0.028,-1.698659842159398,0.03333333333333333,0.0,-0.0
1743667502.5269923,0.0,-94.0,270.0,,0.0488966669511246,0.028,-1.698659842159398,0.03333333333333333,0.0,-0.0
1743667502.7439218,0.0,-94.0,270.0,,0.0488966669511246,0.028,-1.698659842159398,0.03333333333333333,0.0,-0.0
1743667502.9731152,0.0,-94.0,270.0,,0.0488966669511246,0.028,-1.698659842159398,0.03333333333333333,0.0,-0.0
1743667503.1800163,0.0,-94.0,270.0,,0.0488966669511246,0.028,-1.698659842159398,0.03333333333333333,0.0,-0.0
1743667503.3799577,0.0,-94.0,270.0,,0.0488966669511246,0.028,-1.698659842159398,0.03333333333333333,0.0,-0.0
1743667503.586111,0.0,-94.0,270.0,,0.0488966669511246,0.028,-1.698659842159398,0.03333333333333333,0.0,-0.0
1743667503.8175378,0.0,-94.0,270.0,,0.0488966669511246,0.028,-1.698659842159398,0.03333333333333333,0.0,-0.0
1743667504.0442874,0.0,-94.0,270.0,,0.0488966669511246,0.028,-1.698659842159398,0.03333333333333333,0.0,-0.0
1743667504.2492507,0.0,-94.0,270.0,,0.0488966669511246,0.028,-1.698659842159398,0.03333333333333333,0.0,-0.0
1743667504.448183,0.0,-94.0,270.0,,0.0488966669511246,0.028,-1.698659842159398,0.03333333333333333,0.0,-0.0
1743667504.6489434,0.0,-94.0,270.0,,0.0488966669511246,0.028,-1.698659842159398,0.03333333333333333,0.0,-0.0
1743667504.8707056,0.0,-94.0,270.0,,0.0488966669511246,0.028,-1.698659842159398,0.03333333333333333,0.0,-0.0
1743667505.0869112,0.0,-94.0,270.0,,0.0488966669511246,0.028,-1.698659842159398,0.03333333333333333,0.0,-0.0
1743667505.2906818,0.0,-94.0,270.0,,0.0488966669511246,0.028,-1.698659842159398,0.03333333333333333,0.0,-0.0
1743667505.489146,0.0,-94.0,270.0,,0.0488966669511246,0.028,-1.698659842159398,0.03333333333333333,0.0,-0.0
1743667505.6824684,0.0,-94.0,270.0,,0.0488966669511246,0.028,-1.698659842159398,0.03333333333333333,0.0,-0.0
1743667505.875603,0.0,-94.0,270.0,,0.0488966669511246,0.028,-1.698659842159398,0.03333333333333333,0.0,-0.0
1743667506.0699003,0.0,-94.0,270.0,,0.0488966669511246,0.028,-1.698659842159398,0.03333333333333333,0.0,-0.0
1743667506.260823,0.0,-94.0,270.0,,0.0488966669511246,0.028,-1.698659842159398,0.03333333333333333,0.0,-0.0
1743667506.4519124,0.0,-94.0,270.0,,0.0488966669511246,0.028,-1.698659842159398,0.03333333333333333,0.0,-0.0
1743667506.6727803,0.0,-94.0,270.0,,0.0488966669511246,0.028,-1.698659842159398,0.03333333333333333,0.0,-0.0
1743667506.9063532,0.0,-94.0,270.0,,0.0488966669511246,0.028,-1.698659842159398,0.03333333333333333,0.0,-0.0
1743667507.1169844,0.0,-94.0,270.0,,0.0488966669511246,0.028,-1.698659842159398,0.03333333333333333,0.0,-0.0
1743667507.3181279,0.0,-94.0,270.0,,0.0488966669511246,0.028,-1.698659842159398,0.03333333333333333,0.0,-0.0
1743667507.5145574,0.0,-94.0,270.0,,0.0488966669511246,0.028,-1.698659842159398,0.03333333333333333,0.0,-0.0
1743667507.707893,0.0,-94.0,270.0,,0.0488966669511246,0.028,-1.698659842159398,0.03333333333333333,0.0,-0.0
1743667507.9008803,0.0,-94.0,270.0,,0.0488966669511246,0.028,-1.698659842159398,0.03333333333333333,0.0,-0.0
1743667508.1003284,0.0,-94.0,270.0,,0.0488966669511246,0.028,-1.698659842159398,0.03333333333333333,0.0,-0.0
1743667508.3303463,0.0,-94.0,270.0,,0.0488966669511246,0.028,-1.698659842159398,0.03333333333333333,0.0,-0.0
1743667508.5594242,0.0,-94.0,270.0,,0.0488966669511246,0.028,-1.698659842159398,0.03333333333333333,0.0,-0.0
1743667508.7718349,0.0,-94.0,270.0,,0.0488966669511246,0.028,-1.698659842159398,0.03333333333333333,0.0,-0.0
1743667508.98604,0.0,-94.0,270.0,,0.0488966669511246,0.028,-1.698659842159398,0.03333333333333333,0.0,-0.0
1743667509.188391,0.0,-94.0,270.0,,0.0488966669511246,0.028,-1.698659842159398,0.03333333333333333,0.0,-0.0
1743667509.3902748,0.0,-94.0,270.0,,0.0488966669511246,0.028,-1.698659842159398,0.03333333333333333,0.0,-0.0
1743667509.5856876,0.0,-94.0,270.0,,0.0488966669511246,0.028,-1.698659842159398,0.03333333333333333,0.0,-0.0
1743667509.8032277,0.0,-94.0,270.0,,0.0488966669511246,0.028,-1.698659842159398,0.03333333333333333,0.0,-0.0
1743667510.033941,0.0,-94.0,270.0,,0.0488966669511246,0.028,-1.698659842159398,0.03333333333333333,0.0,-0.0
1743667510.2438266,0.0,-94.0,270.0,,0.0488966669511246,0.028,-1.698659842159398,0.03333333333333333,0.0,-0.0
1743667510.4443984,0.0,-94.0,270.0,,0.0488966669511246,0.028,-1.698659842159398,0.03333333333333333,0.0,-0.0
1743667510.6507592,0.0,-94.0,270.0,,0.0488966669511246,0.028,-1.698659842159398,0.03333333333333333,0.0,-0.0
1743667510.8643415,0.0,-94.0,270.0,,0.0488966669511246,0.028,-1.698659842159398,0.03333333333333333,0.0,-0.0
1743667511.0751915,0.0,-94.0,270.0,,0.0488966669511246,0.028,-1.698659842159398,0.03333333333333333,0.0,-0.0
1743667511.2751474,0.0,-94.0,270.0,,0.0488966669511246,0.028,-1.698659842159398,0.03333333333333333,0.0,-0.0
1743667511.4705806,0.0,-94.0,270.0,,0.0488966669511246,0.028,-1.698659842159398,0.03333333333333333,0.0,-0.0
1743667511.6663,0.0,-94.0,270.0,,0.0488966669511246,0.028,-1.698659842159398,0.03333333333333333,0.0,-0.0
1743667511.8610036,0.0,-94.0,270.0,,0.0488966669511246,0.028,-1.698659842159398,0.03333333333333333,0.0,-0.0
1743667512.06041,0.0,-94.0,270.0,,0.0488966669511246,0.028,-1.698659842159398,0.03333333333333333,0.0,-0.0
1743667512.2779098,0.0,-94.0,270.0,,0.0488966669511246,0.028,-1.698659842159398,0.03333333333333333,0.0,-0.0
1743667512.5099375,0.0,-94.0,270.0,,0.0488966669511246,0.028,-1.698659842159398,0.03333333333333333,0.0,-0.0
1743667512.7315726,0.0,-94.0,270.0,,0.0488966669511246,0.028,-1.698659842159398,0.03333333333333333,0.0,-0.0
1743667512.9481614,0.0,-94.0,270.0,,0.0488966669511246,0.028,-1.698659842159398,0.03333333333333333,0.0,-0.0
1743667513.162457,0.0,-94.0,270.0,,0.0488966669511246,0.028,-1.698659842159398,0.03333333333333333,0.0,-0.0
1743667513.3788521,0.0,-94.0,270.0,,0.0488966669511246,0.028,-1.698659842159398,0.03333333333333333,0.0,-0.0
1743667513.5830064,0.0,-94.0,270.0,,0.0488966669511246,0.028,-1.698659842159398,0.03333333333333333,0.0,-0.0
1743667513.7809963,0.0,-94.0,270.0,,0.0488966669511246,0.028,-1.698659842159398,0.03333333333333333,0.0,-0.0
1743667513.9756286,0.0,-94.0,270.0,,0.0488966669511246,0.028,-1.698659842159398,0.03333333333333333,0.0,-0.0
1743667514.1695812,0.0,-94.0,270.0,,0.0488966669511246,0.028,-1.698659842159398,0.03333333333333333,0.0,-0.0
1743667514.3599265,0.0,-94.0,270.0,,0.0488966669511246,0.028,-1.698659842159398,0.03333333333333333,0.0,-0.0
1743667514.551233,0.0,-94.0,270.0,,0.0488966669511246,0.028,-1.698659842159398,0.03333333333333333,0.0,-0.0
1743667514.742026,0.0,-94.0,270.0,,0.0488966669511246,0.028,-1.698659842159398,0.03333333333333333,0.0,-0.0
1743667514.9329636,0.0,-94.0,270.0,,0.0488966669511246,0.028,-1.698659842159398,0.03333333333333333,0.0,-0.0
1743667515.1249104,0.0,-94.0,270.0,,0.0488966669511246,0.028,-1.698659842159398,0.03333333333333333,0.0,-0.0
1743667515.314404,0.0,-94.0,270.0,,0.0488966669511246,0.028,-1.698659842159398,0.03333333333333333,0.0,-0.0
1743667515.505424,0.0,-94.0,270.0,,0.0488966669511246,0.028,-1.698659842159398,0.03333333333333333,0.0,-0.0
1743667515.7149158,0.0,-94.0,270.0,,0.0488966669511246,0.028,-1.698659842159398,0.03333333333333333,0.0,-0.0
1743667515.946924,0.0,-94.0,270.0,,0.0488966669511246,0.028,-1.698659842159398,0.03333333333333333,0.0,-0.0
1743667516.1687071,0.0,-94.0,270.0,,0.0488966669511246,0.028,-1.698659842159398,0.03333333333333333,0.0,-0.0
1743667516.3832583,0.0,-94.0,270.0,,0.0488966669511246,0.028,-1.698659842159398,0.03333333333333333,0.0,-0.0
1743667516.5969462,0.0,-94.0,270.0,,0.0488966669511246,0.028,-1.698659842159398,0.03333333333333333,0.0,-0.0
1743667516.807391,0.0,-94.0,270.0,,0.0488966669511246,0.028,-1.698659842159398,0.03333333333333333,0.0,-0.0
1743667517.0164557,0.0,-94.0,270.0,,0.0488966669511246,0.028,-1.698659842159398,0.03333333333333333,0.0,-0.0
1743667517.214533,0.0,-94.0,270.0,,0.0488966669511246,0.028,-1.698659842159398,0.03333333333333333,0.0,-0.0
1743667517.408093,0.0,-94.0,270.0,,0.0488966669511246,0.028,-1.698659842159398,0.03333333333333333,0.0,-0.0
1743667517.603849,0.0,-94.0,270.0,,0.0488966669511246,0.028,-1.698659842159398,0.03333333333333333,0.0,-0.0
1743667517.7977989,0.0,-94.0,270.0,,0.0488966669511246,0.028,-1.698659842159398,0.03333333333333333,0.0,-0.0
1743667517.9982398,0.0,-94.0,270.0,,0.0488966669511246,0.028,-1.698659842159398,0.03333333333333333,0.0,-0.0
1743667518.2122018,0.0,-94.0,270.0,,0.0488966669511246,0.028,-1.698659842159398,0.03333333333333333,0.0,-0.0
1743667518.421055,0.0,-94.0,270.0,,0.0488966669511246,0.028,-1.698659842159398,0.03333333333333333,0.0,-0.0
1743667518.6201878,0.0,-94.0,270.0,,0.0488966669511246,0.028,-1.698659842159398,0.03333333333333333,0.0,-0.0
1743667518.8153324,0.0,-94.0,270.0,,0.0488966669511246,0.028,-1.698659842159398,0.03333333333333333,0.0,-0.0
1743667519.0190248,0.0,-94.0,270.0,,0.0488966669511246,0.028,-1.698659842159398,0.03333333333333333,0.0,-0.0
1743667519.248576,0.0,-94.0,270.0,,0.0488966669511246,0.028,-1.698659842159398,0.03333333333333333,0.0,-0.0
1743667519.462242,0.0,-94.0,270.0,,0.0488966669511246,0.028,-1.698659842159398,0.03333333333333333,0.0,-0.0
1743667519.6710205,0.0,-94.0,270.0,,0.0488966669511246,0.028,-1.698659842159398,0.03333333333333333,0.0,-0.0
1743667519.8734765,0.0,-94.0,270.0,,0.0488966669511246,0.028,-1.698659842159398,0.03333333333333333,0.0,-0.0
1743667520.0713162,0.0,-94.0,270.0,,0.0488966669511246,0.028,-1.698659842159398,0.03333333333333333,0.0,-0.0
1743667520.2662117,0.0,-94.0,270.0,,0.0488966669511246,0.028,-1.698659842159398,0.03333333333333333,0.0,-0.0
1743667520.4652698,0.0,-94.0,270.0,,0.0488966669511246,0.028,-1.698659842159398,0.03333333333333333,0.0,-0.0
1743667520.6589265,0.0,-94.0,270.0,,0.0488966669511246,0.028,-1.698659842159398,0.03333333333333333,0.0,-0.0
1743667520.8686059,0.0,-94.0,270.0,,0.0488966669511246,0.028,-1.698659842159398,0.03333333333333333,0.0,-0.0
1743667521.071139,0.0,-94.0,270.0,,0.0488966669511246,0.028,-1.698659842159398,0.03333333333333333,0.0,-0.0
1743667521.268239,0.0,-94.0,270.0,,0.0488966669511246,0.028,-1.698659842159398,0.03333333333333333,0.0,-0.0
1743667521.4633737,0.0,-94.0,270.0,,0.0488966669511246,0.028,-1.698659842159398,0.03333333333333333,0.0,-0.0
1743667521.657734,0.0,-94.0,270.0,,0.0488966669511246,0.028,-1.698659842159398,0.03333333333333333,0.0,-0.0
1743667521.8534799,0.0,-94.0,270.0,,0.0488966669511246,0.028,-1.698659842159398,0.03333333333333333,0.0,-0.0
1743667522.055425,0.0,-94.0,270.0,,0.0488966669511246,0.028,-1.698659842159398,0.03333333333333333,0.0,-0.0
1743667522.2499118,0.0,-94.0,270.0,,0.0488966669511246,0.028,-1.698659842159398,0.03333333333333333,0.0,-0.0
1743667522.4432218,0.0,-94.0,270.0,,0.0488966669511246,0.028,-1.698659842159398,0.03333333333333333,0.0,-0.0
1743667522.6370757,0.0,-94.0,270.0,,0.0488966669511246,0.028,-1.698659842159398,0.03333333333333333,0.0,-0.0
1743667522.8318756,0.0,-94.0,270.0,,0.0488966669511246,0.028,-1.698659842159398,0.03333333333333333,0.0,-0.0
1743667523.0230687,0.0,-94.0,270.0,,0.0488966669511246,0.028,-1.698659842159398,0.03333333333333333,0.0,-0.0
1743667523.214786,0.0,-94.0,270.0,,0.0488966669511246,0.028,-1.698659842159398,0.03333333333333333,0.0,-0.0
1743667523.4060266,0.0,-94.0,270.0,,0.0488966669511246,0.028,-1.698659842159398,0.03333333333333333,0.0,-0.0
1743667523.5955594,0.0,-94.0,270.0,,0.0488966669511246,0.028,-1.698659842159398,0.03333333333333333,0.0,-0.0
1743667523.8039763,0.0,-94.0,270.0,,0.0488966669511246,0.028,-1.698659842159398,0.03333333333333333,0.0,-0.0
1743667524.0282738,0.0,-94.0,270.0,,0.0488966669511246,0.028,-1.698659842159398,0.03333333333333333,0.0,-0.0
1743667524.2312179,0.0,-94.0,270.0,,0.0488966669511246,0.028,-1.698659842159398,0.03333333333333333,0.0,-0.0
1743667524.4299693,0.0,-94.0,270.0,,0.0488966669511246,0.028,-1.698659842159398,0.03333333333333333,0.0,-0.0
1743667524.623702,0.0,-94.0,270.0,,0.0488966669511246,0.028,-1.698659842159398,0.03333333333333333,0.0,-0.0
1743667524.8190143,0.0,-94.0,270.0,,0.0488966669511246,0.028,-1.698659842159398,0.03333333333333333,0.0,-0.0
1743667525.0180972,0.0,-94.0,270.0,,0.0488966669511246,0.028,-1.698659842159398,0.03333333333333333,0.0,-0.0
1743667525.238167,0.0,-94.0,270.0,,0.0488966669511246,0.028,-1.698659842159398,0.03333333333333333,0.0,-0.0
1743667525.4622915,0.0,-94.0,270.0,,0.0488966669511246,0.028,-1.698659842159398,0.03333333333333333,0.0,-0.0
1743667525.6698892,0.0,-94.0,270.0,,0.0488966669511246,0.028,-1.698659842159398,0.03333333333333333,0.0,-0.0
1743667525.8700151,0.0,-94.0,270.0,,0.0488966669511246,0.028,-1.698659842159398,0.03333333333333333,0.0,-0.0
1743667526.0634835,0.0,-94.0,270.0,,0.0488966669511246,0.028,-1.698659842159398,0.03333333333333333,0.0,-0.0
1743667526.2570608,0.0,-94.0,270.0,,0.0488966669511246,0.028,-1.698659842159398,0.03333333333333333,0.0,-0.0
1743667526.4502792,0.0,-94.0,270.0,,0.0488966669511246,0.028,-1.698659842159398,0.03333333333333333,0.0,-0.0
1743667526.6422908,0.0,-94.0,270.0,,0.0488966669511246,0.028,-1.698659842159398,0.03333333333333333,0.0,-0.0
1743667526.8343616,0.0,-94.0,270.0,,0.0488966669511246,0.028,-1.698659842159398,0.03333333333333333,0.0,-0.0
1743667527.0322819,0.0,-94.0,270.0,,0.0488966669511246,0.028,-1.698659842159398,0.03333333333333333,0.0,-0.0
1743667527.228791,0.0,-94.0,270.0,,0.0488966669511246,0.028,-1.698659842159398,0.03333333333333333,0.0,-0.0
1743667527.4210515,0.0,-94.0,270.0,,0.0488966669511246,0.028,-1.698659842159398,0.03333333333333333,0.0,-0.0
1743667527.6173434,0.0,-94.0,270.0,,0.0488966669511246,0.028,-1.698659842159398,0.03333333333333333,0.0,-0.0
1743667527.82085,0.0,-94.0,270.0,,0.0488966669511246,0.028,-1.698659842159398,0.03333333333333333,0.0,-0.0
1743667528.0291188,0.0,-94.0,270.0,,0.0488966669511246,0.028,-1.698659842159398,0.03333333333333333,0.0,-0.0
1743667528.24257,0.0,-94.0,270.0,,0.0488966669511246,0.028,-1.698659842159398,0.03333333333333333,0.0,-0.0
1743667528.4552722,0.0,-94.0,270.0,,0.0488966669511246,0.028,-1.698659842159398,0.03333333333333333,0.0,-0.0
1743667528.6540947,0.0,-94.0,270.0,,0.0488966669511246,0.028,-1.698659842159398,0.03333333333333333,0.0,-0.0
1743667528.8498106,0.0,-94.0,270.0,,0.0488966669511246,0.028,-1.698659842159398,0.03333333333333333,0.0,-0.0
1743667529.0432734,0.0,-94.0,270.0,,0.0488966669511246,0.028,-1.698659842159398,0.03333333333333333,0.0,-0.0
1743667529.2365384,0.0,-94.0,270.0,,0.0488966669511246,0.028,-1.698659842159398,0.03333333333333333,0.0,-0.0
1743667529.4300869,0.0,-94.0,270.0,,0.0488966669511246,0.028,-1.698659842159398,0.03333333333333333,0.0,-0.0
1743667529.6202672,0.0,-94.0,270.0,,0.0488966669511246,0.028,-1.698659842159398,0.03333333333333333,0.0,-0.0
1743667529.811343,0.0,-94.0,270.0,,0.0488966669511246,0.028,-1.698659842159398,0.03333333333333333,0.0,-0.0
1743667530.0040956,0.0,-94.0,270.0,,0.0488966669511246,0.028,-1.698659842159398,0.03333333333333333,0.0,-0.0
1743667530.1959145,0.0,-94.0,270.0,,0.0488966669511246,0.028,-1.698659842159398,0.03333333333333333,0.0,-0.0
1743667530.3869684,0.0,-94.0,270.0,,0.0488966669511246,0.028,-1.698659842159398,0.03333333333333333,0.0,-0.0
1743667530.5794756,0.0,-94.0,270.0,,0.0488966669511246,0.028,-1.698659842159398,0.03333333333333333,0.0,-0.0
1743667530.771833,0.0,-94.0,270.0,,0.0488966669511246,0.028,-1.698659842159398,0.03333333333333333,0.0,-0.0
1743667530.966251,0.0,-94.0,270.0,,0.0488966669511246,0.028,-1.698659842159398,0.03333333333333333,0.0,-0.0
1743667531.167613,0.0,-94.0,270.0,,0.0488966669511246,0.028,-1.698659842159398,0.03333333333333333,0.0,-0.0
1743667531.3682737,0.0,-94.0,270.0,,0.0488966669511246,0.028,-1.698659842159398,0.03333333333333333,0.0,-0.0
1743667531.5894566,0.0,-94.0,270.0,,0.0488966669511246,0.028,-1.698659842159398,0.03333333333333333,0.0,-0.0
1743667531.820109,0.0,-94.0,270.0,,0.0488966669511246,0.028,-1.698659842159398,0.03333333333333333,0.0,-0.0
1743667532.0335352,0.0,-94.0,270.0,,0.0488966669511246,0.028,-1.698659842159398,0.03333333333333333,0.0,-0.0
1743667532.2352993,0.0,-94.0,270.0,,0.0488966669511246,0.028,-1.698659842159398,0.03333333333333333,0.0,-0.0
1743667532.4492414,0.0,-94.0,270.0,,0.0488966669511246,0.028,-1.698659842159398,0.03333333333333333,0.0,-0.0
1743667532.6811068,0.0,-94.0,270.0,,0.0488966669511246,0.028,-1.698659842159398,0.03333333333333333,0.0,-0.0
1743667532.9295206,0.0,-94.0,270.0,,0.0488966669511246,0.028,-1.698659842159398,0.03333333333333333,0.0,-0.0
1743667533.1520596,0.0,-94.0,270.0,,0.0488966669511246,0.028,-1.698659842159398,0.03333333333333333,0.0,-0.0
1743667533.3598783,0.0,-94.0,270.0,,0.0488966669511246,0.028,-1.698659842159398,0.03333333333333333,0.0,-0.0
1743667533.5601182,0.0,-94.0,270.0,,0.0488966669511246,0.028,-1.698659842159398,0.03333333333333333,0.0,-0.0
1743667533.7529132,0.0,-94.0,270.0,,0.0488966669511246,0.028,-1.698659842159398,0.03333333333333333,0.0,-0.0
1743667533.9476612,0.0,-94.0,270.0,,0.0488966669511246,0.028,-1.698659842159398,0.03333333333333333,0.0,-0.0
1743667534.157716,0.0,-94.0,270.0,,0.0488966669511246,0.028,-1.698659842159398,0.03333333333333333,0.0,-0.0
1743667534.380455,0.0,-94.0,270.0,,0.0488966669511246,0.028,-1.698659842159398,0.03333333333333333,0.0,-0.0
1743667534.6231298,0.0,-94.0,270.0,,0.0488966669511246,0.028,-1.698659842159398,0.03333333333333333,0.0,-0.0
1743667534.8674695,0.0,-94.0,270.0,,0.0488966669511246,0.028,-1.698659842159398,0.03333333333333333,0.0,-0.0
1743667535.0940323,0.0,-94.0,270.0,,0.0488966669511246,0.028,-1.698659842159398,0.03333333333333333,0.0,-0.0
1743667535.3063219,0.0,-94.0,270.0,,0.0488966669511246,0.028,-1.698659842159398,0.03333333333333333,0.0,-0.0
1743667535.5203524,0.0,-94.0,270.0,,0.0488966669511246,0.028,-1.698659842159398,0.03333333333333333,0.0,-0.0
1743667535.7544534,0.0,-94.0,270.0,,0.0488966669511246,0.028,-1.698659842159398,0.03333333333333333,0.0,-0.0
1743667535.9648669,0.0,-94.0,270.0,,0.0488966669511246,0.028,-1.698659842159398,0.03333333333333333,0.0,-0.0
1743667536.173096,0.0,-94.0,270.0,,0.0488966669511246,0.028,-1.698659842159398,0.03333333333333333,0.0,-0.0
1743667536.4053252,0.0,-94.0,270.0,,0.0488966669511246,0.028,-1.698659842159398,0.03333333333333333,0.0,-0.0
1743667536.6316113,0.0,-94.0,270.0,,0.0488966669511246,0.028,-1.698659842159398,0.03333333333333333,0.0,-0.0
1743667536.847661,0.0,-94.0,270.0,,0.0488966669511246,0.028,-1.698659842159398,0.03333333333333333,0.0,-0.0
1743667537.0520885,0.0,-94.0,270.0,,0.0488966669511246,0.028,-1.698659842159398,0.03333333333333333,0.0,-0.0
1743667537.251306,0.0,-94.0,270.0,,0.0488966669511246,0.028,-1.698659842159398,0.03333333333333333,0.0,-0.0
1743667537.445278,0.0,-94.0,270.0,,0.0488966669511246,0.028,-1.698659842159398,0.03333333333333333,0.0,-0.0
1743667537.6381195,0.0,-94.0,270.0,,0.0488966669511246,0.028,-1.698659842159398,0.03333333333333333,0.0,-0.0
1743667537.8322487,0.0,-94.0,270.0,,0.0488966669511246,0.028,-1.698659842159398,0.03333333333333333,0.0,-0.0
1743667538.0281873,0.0,-94.0,270.0,,0.0488966669511246,0.028,-1.698659842159398,0.03333333333333333,0.0,-0.0
1743667538.2489426,0.0,-94.0,270.0,,0.0488966669511246,0.028,-1.698659842159398,0.03333333333333333,0.0,-0.0
1743667538.4768965,0.0,-94.0,270.0,,0.0488966669511246,0.028,-1.698659842159398,0.03333333333333333,0.0,-0.0
1743667538.6837766,0.0,-94.0,270.0,,0.0488966669511246,0.028,-1.698659842159398,0.03333333333333333,0.0,-0.0
1743667538.883016,0.0,-94.0,270.0,,0.0488966669511246,0.028,-1.698659842159398,0.03333333333333333,0.0,-0.0
1743667539.0802686,0.0,-94.0,270.0,,0.0488966669511246,0.028,-1.698659842159398,0.03333333333333333,0.0,-0.0
1743667539.2765405,0.0,-94.0,270.0,,0.0488966669511246,0.028,-1.698659842159398,0.03333333333333333,0.0,-0.0
1743667539.4690301,0.0,-94.0,270.0,,0.0488966669511246,0.028,-1.698659842159398,0.03333333333333333,0.0,-0.0
1743667539.661046,0.0,-94.0,270.0,,0.0488966669511246,0.028,-1.698659842159398,0.03333333333333333,0.0,-0.0
1743667539.8547688,0.0,-94.0,270.0,,0.0488966669511246,0.028,-1.698659842159398,0.03333333333333333,0.0,-0.0
1743667540.0470293,0.0,-94.0,270.0,,0.0488966669511246,0.028,-1.698659842159398,0.03333333333333333,0.0,-0.0
1743667540.238244,0.0,-94.0,270.0,,0.0488966669511246,0.028,-1.698659842159398,0.03333333333333333,0.0,-0.0
1743667540.4303472,0.0,-94.0,270.0,,0.0488966669511246,0.028,-1.698659842159398,0.03333333333333333,0.0,-0.0
1743667540.619363,0.0,-94.0,270.0,,0.0488966669511246,0.028,-1.698659842159398,0.03333333333333333,0.0,-0.0
1743667540.8104732,0.0,-94.0,270.0,,0.0488966669511246,0.028,-1.698659842159398,0.03333333333333333,0.0,-0.0
1743667541.0042486,0.0,-94.0,270.0,,0.0488966669511246,0.028,-1.698659842159398,0.03333333333333333,0.0,-0.0
1743667541.2050052,0.0,-94.0,270.0,,0.0488966669511246,0.028,-1.698659842159398,0.03333333333333333,0.0,-0.0
1743667541.397166,0.0,-94.0,270.0,,0.0488966669511246,0.028,-1.698659842159398,0.03333333333333333,0.0,-0.0
1743667541.5892394,0.0,-94.0,270.0,,0.0488966669511246,0.028,-1.698659842159398,0.03333333333333333,0.0,-0.0
1743667541.7830813,0.0,-94.0,270.0,,0.0488966669511246,0.028,-1.698659842159398,0.03333333333333333,0.0,-0.0
1743667541.9770505,0.0,-94.0,270.0,,0.0488966669511246,0.028,-1.698659842159398,0.03333333333333333,0.0,-0.0
1743667542.2144186,0.0,-94.0,270.0,,0.0488966669511246,0.028,-1.698659842159398,0.03333333333333333,0.0,-0.0
1743667542.4576929,0.0,-94.0,270.0,,0.0488966669511246,0.028,-1.698659842159398,0.03333333333333333,0.0,-0.0
1743667542.7223835,0.0,-94.0,270.0,,0.0488966669511246,0.028,-1.698659842159398,0.03333333333333333,0.0,-0.0
1743667542.9991674,0.0,-94.0,270.0,,0.0488966669511246,0.028,-1.698659842159398,0.03333333333333333,0.0,-0.0
1743667543.2861254,0.0,-94.0,270.0,,0.0488966669511246,0.028,-1.698659842159398,0.03333333333333333,0.0,-0.0
1743667543.5823944,0.0,-94.0,270.0,,0.0488966669511246,0.028,-1.698659842159398,0.03333333333333333,0.0,-0.0
1743667543.867734,0.0,-94.0,270.0,,0.0488966669511246,0.028,-1.698659842159398,0.03333333333333333,0.0,-0.0
1743667544.139565,0.0,-94.0,270.0,,0.0488966669511246,0.028,-1.698659842159398,0.03333333333333333,0.0,-0.0
1743667544.4263153,0.0,-94.0,270.0,,0.0488966669511246,0.028,-1.698659842159398,0.03333333333333333,0.0,-0.0
1743667544.681659,0.0,-94.0,270.0,,0.0488966669511246,0.028,-1.698659842159398,0.03333333333333333,0.0,-0.0
1743667544.9101598,0.0,-94.0,270.0,,0.0488966669511246,0.028,-1.698659842159398,0.03333333333333333,0.0,-0.0
1743667545.12831,0.0,-94.0,270.0,,0.0488966669511246,0.028,-1.698659842159398,0.03333333333333333,0.0,-0.0
1743667545.3332317,0.0,-94.0,270.0,,0.0488966669511246,0.028,-1.698659842159398,0.03333333333333333,0.0,-0.0
1743667545.5313492,0.0,-94.0,270.0,,0.0488966669511246,0.028,-1.698659842159398,0.03333333333333333,0.0,-0.0
1743667545.72519,0.0,-94.0,270.0,,0.0488966669511246,0.028,-1.698659842159398,0.03333333333333333,0.0,-0.0
1743667545.9174774,0.0,-94.0,270.0,,0.0488966669511246,0.028,-1.698659842159398,0.03333333333333333,0.0,-0.0
1743667546.1122909,0.0,-94.0,270.0,,0.0488966669511246,0.028,-1.698659842159398,0.03333333333333333,0.0,-0.0
1743667546.3057897,0.0,-94.0,270.0,,0.0488966669511246,0.028,-1.698659842159398,0.03333333333333333,0.0,-0.0
1743667546.500093,0.0,-94.0,270.0,,0.0488966669511246,0.028,-1.698659842159398,0.03333333333333333,0.0,-0.0
1743667546.6933272,0.0,-94.0,270.0,,0.0488966669511246,0.028,-1.698659842159398,0.03333333333333333,0.0,-0.0
1743667546.8869412,0.0,-94.0,270.0,,0.0488966669511246,0.028,-1.698659842159398,0.03333333333333333,0.0,-0.0
1743667547.0770626,0.0,-94.0,270.0,,0.0488966669511246,0.028,-1.698659842159398,0.03333333333333333,0.0,-0.0
1743667547.2666755,0.0,-94.0,270.0,,0.0488966669511246,0.028,-1.698659842159398,0.03333333333333333,0.0,-0.0
1743667547.4619071,0.0,-94.0,270.0,,0.0488966669511246,0.028,-1.698659842159398,0.03333333333333333,0.0,-0.0
1743667547.6520064,0.0,-94.0,270.0,,0.0488966669511246,0.028,-1.698659842159398,0.03333333333333333,0.0,-0.0
1743667547.8423269,0.0,-94.0,270.0,,0.0488966669511246,0.028,-1.698659842159398,0.03333333333333333,0.0,-0.0
1743667548.0334413,0.0,-94.0,270.0,,0.0488966669511246,0.028,-1.698659842159398,0.03333333333333333,0.0,-0.0
1743667548.2240937,0.0,-94.0,270.0,,0.0488966669511246,0.028,-1.698659842159398,0.03333333333333333,0.0,-0.0
1743667548.4173284,0.0,-94.0,270.0,,0.0488966669511246,0.028,-1.698659842159398,0.03333333333333333,0.0,-0.0
1743667548.641127,0.0,-94.0,270.0,,0.0488966669511246,0.028,-1.698659842159398,0.03333333333333333,0.0,-0.0
1743667548.8576922,0.0,-94.0,270.0,,0.0488966669511246,0.028,-1.698659842159398,0.03333333333333333,0.0,-0.0
1743667549.0862975,0.0,-94.0,270.0,,0.0488966669511246,0.028,-1.698659842159398,0.03333333333333333,0.0,-0.0
1743667549.3374,0.0,-94.0,270.0,,0.0488966669511246,0.028,-1.698659842159398,0.03333333333333333,0.0,-0.0
1743667549.580128,0.0,-94.0,270.0,,0.0488966669511246,0.028,-1.698659842159398,0.03333333333333333,0.0,-0.0
1743667549.796792,0.0,-94.0,270.0,,0.0488966669511246,0.028,-1.698659842159398,0.03333333333333333,0.0,-0.0
1743667550.0021982,0.0,-94.0,270.0,,0.0488966669511246,0.028,-1.698659842159398,0.03333333333333333,0.0,-0.0
1743667550.2001696,0.0,-94.0,270.0,,0.0488966669511246,0.028,-1.698659842159398,0.03333333333333333,0.0,-0.0
1743667550.3944576,0.0,-94.0,270.0,,0.0488966669511246,0.028,-1.698659842159398,0.03333333333333333,0.0,-0.0
1743667550.5871327,0.0,-94.0,270.0,,0.0488966669511246,0.028,-1.698659842159398,0.03333333333333333,0.0,-0.0
1743667550.7791104,0.0,-94.0,270.0,,0.0488966669511246,0.028,-1.698659842159398,0.03333333333333333,0.0,-0.0
1743667550.9720356,0.0,-94.0,270.0,,0.0488966669511246,0.028,-1.698659842159398,0.03333333333333333,0.0,-0.0
1743667551.16485,0.0,-94.0,270.0,,0.0488966669511246,0.028,-1.698659842159398,0.03333333333333333,0.0,-0.0
1743667551.3565984,0.0,-94.0,270.0,,0.0488966669511246,0.028,-1.698659842159398,0.03333333333333333,0.0,-0.0
1743667551.5470107,0.0,-94.0,270.0,,0.0488966669511246,0.028,-1.698659842159398,0.03333333333333333,0.0,-0.0
1743667551.7378626,0.0,-94.0,270.0,,0.0488966669511246,0.028,-1.698659842159398,0.03333333333333333,0.0,-0.0
1743667551.9292219,0.0,-94.0,270.0,,0.0488966669511246,0.028,-1.698659842159398,0.03333333333333333,0.0,-0.0
1743667552.1200755,0.0,-94.0,270.0,,0.0488966669511246,0.028,-1.698659842159398,0.03333333333333333,0.0,-0.0
1743667552.3121512,0.0,-94.0,270.0,,0.0488966669511246,0.028,-1.698659842159398,0.03333333333333333,0.0,-0.0
1743667552.5045557,0.0,-94.0,270.0,,0.0488966669511246,0.028,-1.698659842159398,0.03333333333333333,0.0,-0.0
1743667552.7025294,0.0,-94.0,270.0,,0.0488966669511246,0.028,-1.698659842159398,0.03333333333333333,0.0,-0.0
1743667552.9020467,0.0,-94.0,270.0,,0.0488966669511246,0.028,-1.698659842159398,0.03333333333333333,0.0,-0.0
1743667553.0952382,0.0,-94.0,270.0,,0.0488966669511246,0.028,-1.698659842159398,0.03333333333333333,0.0,-0.0
1743667553.2882757,0.0,-94.0,270.0,,0.0488966669511246,0.028,-1.698659842159398,0.03333333333333333,0.0,-0.0
1743667553.4806714,0.0,-94.0,270.0,,0.0488966669511246,0.028,-1.698659842159398,0.03333333333333333,0.0,-0.0
1743667553.6707485,0.0,-94.0,270.0,,0.0488966669511246,0.028,-1.698659842159398,0.03333333333333333,0.0,-0.0
1743667553.8635302,0.0,-94.0,270.0,,0.0488966669511246,0.028,-1.698659842159398,0.03333333333333333,0.0,-0.0
1743667554.0541484,0.0,-94.0,270.0,,0.0488966669511246,0.028,-1.698659842159398,0.03333333333333333,0.0,-0.0
1743667554.246118,0.0,-94.0,270.0,,0.0488966669511246,0.028,-1.698659842159398,0.03333333333333333,0.0,-0.0
1743667554.436673,0.0,-94.0,270.0,,0.0488966669511246,0.028,-1.698659842159398,0.03333333333333333,0.0,-0.0
1743667554.6271107,0.0,-94.0,270.0,,0.0488966669511246,0.028,-1.698659842159398,0.03333333333333333,0.0,-0.0
1743667554.81847,0.0,-94.0,270.0,,0.0488966669511246,0.028,-1.698659842159398,0.03333333333333333,0.0,-0.0
1743667555.0111413,0.0,-94.0,270.0,,0.0488966669511246,0.028,-1.698659842159398,0.03333333333333333,0.0,-0.0
1743667555.2031448,0.0,-94.0,270.0,,0.0488966669511246,0.028,-1.698659842159398,0.03333333333333333,0.0,-0.0
1743667555.3962376,0.0,-94.0,270.0,,0.0488966669511246,0.028,-1.698659842159398,0.03333333333333333,0.0,-0.0
1743667555.5883381,0.0,-94.0,270.0,,0.0488966669511246,0.028,-1.698659842159398,0.03333333333333333,0.0,-0.0
1743667555.7798817,0.0,-94.0,270.0,,0.0488966669511246,0.028,-1.698659842159398,0.03333333333333333,0.0,-0.0
1743667555.9722495,0.0,-94.0,270.0,,0.0488966669511246,0.028,-1.698659842159398,0.03333333333333333,0.0,-0.0
1743667556.1631188,0.0,-94.0,270.0,,0.0488966669511246,0.028,-1.698659842159398,0.03333333333333333,0.0,-0.0
1743667556.3535445,0.0,-94.0,270.0,,0.0488966669511246,0.028,-1.698659842159398,0.03333333333333333,0.0,-0.0
1743667556.5464041,0.0,-94.0,270.0,,0.0488966669511246,0.028,-1.698659842159398,0.03333333333333333,0.0,-0.0
1743667556.7380586,0.0,-94.0,270.0,,0.0488966669511246,0.028,-1.698659842159398,0.03333333333333333,0.0,-0.0
1743667556.9303997,0.0,-94.0,270.0,,0.0488966669511246,0.028,-1.698659842159398,0.03333333333333333,0.0,-0.0
1743667557.1214118,0.0,-94.0,270.0,,0.0488966669511246,0.028,-1.698659842159398,0.03333333333333333,0.0,-0.0
1743667557.3124144,0.0,-94.0,270.0,,0.0488966669511246,0.028,-1.698659842159398,0.03333333333333333,0.0,-0.0
1743667557.5028825,0.0,-94.0,270.0,,0.0488966669511246,0.028,-1.698659842159398,0.03333333333333333,0.0,-0.0
1743667557.7124772,0.0,-94.0,270.0,,0.0488966669511246,0.028,-1.698659842159398,0.03333333333333333,0.0,-0.0
1743667557.9121404,0.0,-94.0,270.0,,0.0488966669511246,0.028,-1.698659842159398,0.03333333333333333,0.0,-0.0
1743667558.1066408,0.0,-94.0,270.0,,0.0488966669511246,0.028,-1.698659842159398,0.03333333333333333,0.0,-0.0
1743667558.3096342,0.0,-94.0,270.0,,0.0488966669511246,0.028,-1.698659842159398,0.03333333333333333,0.0,-0.0
1743667558.5157373,0.0,-94.0,270.0,,0.0488966669511246,0.028,-1.698659842159398,0.03333333333333333,0.0,-0.0
1743667558.7276585,0.0,-94.0,270.0,,0.0488966669511246,0.028,-1.698659842159398,0.03333333333333333,0.0,-0.0
1743667558.9427576,0.0,-94.0,270.0,,0.0488966669511246,0.028,-1.698659842159398,0.03333333333333333,0.0,-0.0
1743667559.1491117,0.0,-94.0,270.0,,0.0488966669511246,0.028,-1.698659842159398,0.03333333333333333,0.0,-0.0
1743667559.3470674,0.0,-94.0,270.0,,0.0488966669511246,0.028,-1.698659842159398,0.03333333333333333,0.0,-0.0
1743667559.5410821,0.0,-94.0,270.0,,0.0488966669511246,0.028,-1.698659842159398,0.03333333333333333,0.0,-0.0
1743667559.7343683,0.0,-94.0,270.0,,0.0488966669511246,0.028,-1.698659842159398,0.03333333333333333,0.0,-0.0
1743667559.9268785,0.0,-94.0,270.0,,0.0488966669511246,0.028,-1.698659842159398,0.03333333333333333,0.0,-0.0
1743667560.1400702,0.0,-94.0,270.0,,0.0488966669511246,0.028,-1.698659842159398,0.03333333333333333,0.0,-0.0
1743667560.338034,0.0,-94.0,270.0,,0.0488966669511246,0.028,-1.698659842159398,0.03333333333333333,0.0,-0.0
1743667560.531113,0.0,-94.0,270.0,,0.0488966669511246,0.028,-1.698659842159398,0.03333333333333333,0.0,-0.0
1743667560.7275918,0.0,-94.0,270.0,,0.0488966669511246,0.028,-1.698659842159398,0.03333333333333333,0.0,-0.0
1743667560.9229789,0.0,-94.0,270.0,,0.0488966669511246,0.028,-1.698659842159398,0.03333333333333333,0.0,-0.0
1743667561.1160269,0.0,-94.0,270.0,,0.0488966669511246,0.028,-1.698659842159398,0.03333333333333333,0.0,-0.0
1743667561.3092709,0.0,-94.0,270.0,,0.0488966669511246,0.028,-1.698659842159398,0.03333333333333333,0.0,-0.0
1743667561.501293,0.0,-94.0,270.0,,0.0488966669511246,0.028,-1.698659842159398,0.03333333333333333,0.0,-0.0
1743667561.6921344,0.0,-94.0,270.0,,0.0488966669511246,0.028,-1.698659842159398,0.03333333333333333,0.0,-0.0
1743667561.8832712,0.0,-94.0,270.0,,0.0488966669511246,0.028,-1.698659842159398,0.03333333333333333,0.0,-0.0
1743667562.0758705,0.0,-94.0,270.0,,0.0488966669511246,0.028,-1.698659842159398,0.03333333333333333,0.0,-0.0
1743667562.2665286,0.0,-94.0,270.0,,0.0488966669511246,0.028,-1.698659842159398,0.03333333333333333,0.0,-0.0
1743667562.460414,0.0,-94.0,270.0,,0.0488966669511246,0.028,-1.698659842159398,0.03333333333333333,0.0,-0.0
1743667562.652423,0.0,-94.0,270.0,,0.0488966669511246,0.028,-1.698659842159398,0.03333333333333333,0.0,-0.0
1743667562.8438432,0.0,-94.0,270.0,,0.0488966669511246,0.028,-1.698659842159398,0.03333333333333333,0.0,-0.0
1743667563.036005,0.0,-94.0,270.0,,0.0488966669511246,0.028,-1.698659842159398,0.03333333333333333,0.0,-0.0
1743667563.2269635,0.0,-94.0,270.0,,0.0488966669511246,0.028,-1.698659842159398,0.03333333333333333,0.0,-0.0
1743667563.4198122,0.0,-94.0,270.0,,0.0488966669511246,0.028,-1.698659842159398,0.03333333333333333,0.0,-0.0
1743667563.6112235,0.0,-94.0,270.0,,0.0488966669511246,0.028,-1.698659842159398,0.03333333333333333,0.0,-0.0
1743667563.8026156,0.0,-94.0,270.0,,0.0488966669511246,0.028,-1.698659842159398,0.03333333333333333,0.0,-0.0
1743667563.9941366,0.0,-94.0,270.0,,0.0488966669511246,0.028,-1.698659842159398,0.03333333333333333,0.0,-0.0
1743667564.1872053,0.0,-94.0,270.0,,0.0488966669511246,0.028,-1.698659842159398,0.03333333333333333,0.0,-0.0
1743667564.3792703,0.0,-94.0,270.0,,0.0488966669511246,0.028,-1.698659842159398,0.03333333333333333,0.0,-0.0
1743667564.5690448,0.0,-94.0,270.0,,0.0488966669511246,0.028,-1.698659842159398,0.03333333333333333,0.0,-0.0
1743667564.7605824,0.0,-94.0,270.0,,0.0488966669511246,0.028,-1.698659842159398,0.03333333333333333,0.0,-0.0
1743667564.9531546,0.0,-94.0,270.0,,0.0488966669511246,0.028,-1.698659842159398,0.03333333333333333,0.0,-0.0
1743667565.1431692,0.0,-94.0,270.0,,0.0488966669511246,0.028,-1.698659842159398,0.03333333333333333,0.0,-0.0
1743667565.3331943,0.0,-94.0,270.0,,0.0488966669511246,0.028,-1.698659842159398,0.03333333333333333,0.0,-0.0
1743667565.523145,0.0,-94.0,270.0,,0.0488966669511246,0.028,-1.698659842159398,0.03333333333333333,0.0,-0.0
1743667565.7131822,0.0,-94.0,270.0,,0.0488966669511246,0.028,-1.698659842159398,0.03333333333333333,0.0,-0.0
1743667565.9061403,0.0,-94.0,270.0,,0.0488966669511246,0.028,-1.698659842159398,0.03333333333333333,0.0,-0.0
1743667566.0962017,0.0,-94.0,270.0,,0.0488966669511246,0.028,-1.698659842159398,0.03333333333333333,0.0,-0.0
1743667566.2870882,0.0,-94.0,270.0,,0.0488966669511246,0.028,-1.698659842159398,0.03333333333333333,0.0,-0.0
1743667566.477858,0.0,-94.0,270.0,,0.0488966669511246,0.028,-1.698659842159398,0.03333333333333333,0.0,-0.0
1743667566.6693423,0.0,-94.0,270.0,,0.0488966669511246,0.028,-1.698659842159398,0.03333333333333333,0.0,-0.0
1743667566.8610437,0.0,-94.0,270.0,,0.0488966669511246,0.028,-1.698659842159398,0.03333333333333333,0.0,-0.0
1743667567.052542,0.0,-94.0,270.0,,0.0488966669511246,0.028,-1.698659842159398,0.03333333333333333,0.0,-0.0
1743667567.2435796,0.0,-94.0,270.0,,0.0488966669511246,0.028,-1.698659842159398,0.03333333333333333,0.0,-0.0
1743667567.4341836,0.0,-94.0,270.0,,0.0488966669511246,0.028,-1.698659842159398,0.03333333333333333,0.0,-0.0
1743667567.6247559,0.0,-94.0,270.0,,0.0488966669511246,0.028,-1.698659842159398,0.03333333333333333,0.0,-0.0
1743667567.8149493,0.0,-94.0,270.0,,0.0488966669511246,0.028,-1.698659842159398,0.03333333333333333,0.0,-0.0
1743667568.0051696,0.0,-94.0,270.0,,0.0488966669511246,0.028,-1.698659842159398,0.03333333333333333,0.0,-0.0
1743667568.1961892,0.0,-94.0,270.0,,0.0488966669511246,0.028,-1.698659842159398,0.03333333333333333,0.0,-0.0
1743667568.3858275,0.0,-94.0,270.0,,0.0488966669511246,0.028,-1.698659842159398,0.03333333333333333,0.0,-0.0
1743667568.575647,0.0,-94.0,270.0,,0.0488966669511246,0.028,-1.698659842159398,0.03333333333333333,0.0,-0.0
1743667568.7656825,0.0,-94.0,270.0,,0.0488966669511246,0.028,-1.698659842159398,0.03333333333333333,0.0,-0.0
1743667568.9577608,0.0,-94.0,270.0,,0.0488966669511246,0.028,-1.698659842159398,0.03333333333333333,0.0,-0.0
1743667569.147371,0.0,-94.0,270.0,,0.0488966669511246,0.028,-1.698659842159398,0.03333333333333333,0.0,-0.0
1743667569.337322,0.0,-94.0,270.0,,0.0488966669511246,0.028,-1.698659842159398,0.03333333333333333,0.0,-0.0
1743667569.5260518,0.0,-94.0,270.0,,0.0488966669511246,0.028,-1.698659842159398,0.03333333333333333,0.0,-0.0
1743667569.7173293,0.0,-94.0,270.0,,0.0488966669511246,0.028,-1.698659842159398,0.03333333333333333,0.0,-0.0
1743667569.9107478,0.0,-94.0,270.0,,0.0488966669511246,0.028,-1.698659842159398,0.03333333333333333,0.0,-0.0
1743667570.1014798,0.0,-94.0,270.0,,0.0488966669511246,0.028,-1.698659842159398,0.03333333333333333,0.0,-0.0
1743667570.2931228,0.0,-94.0,270.0,,0.0488966669511246,0.028,-1.698659842159398,0.03333333333333333,0.0,-0.0
1743667570.482568,0.0,-94.0,270.0,,0.0488966669511246,0.028,-1.698659842159398,0.03333333333333333,0.0,-0.0
1743667570.6725893,0.0,-94.0,270.0,,0.0488966669511246,0.028,-1.698659842159398,0.03333333333333333,0.0,-0.0
1743667570.8730772,0.0,-94.0,270.0,,0.0488966669511246,0.028,-1.698659842159398,0.03333333333333333,0.0,-0.0
1743667571.0756054,0.0,-94.0,270.0,,0.0488966669511246,0.028,-1.698659842159398,0.03333333333333333,0.0,-0.0
1743667571.2720046,0.0,-94.0,270.0,,0.0488966669511246,0.028,-1.698659842159398,0.03333333333333333,0.0,-0.0
1743667571.4665563,0.0,-94.0,270.0,,0.0488966669511246,0.028,-1.698659842159398,0.03333333333333333,0.0,-0.0
1743667571.6582386,0.0,-94.0,270.0,,0.0488966669511246,0.028,-1.698659842159398,0.03333333333333333,0.0,-0.0
1743667571.8502753,0.0,-94.0,270.0,,0.0488966669511246,0.028,-1.698659842159398,0.03333333333333333,0.0,-0.0
1743667572.0430856,0.0,-94.0,270.0,,0.0488966669511246,0.028,-1.698659842159398,0.03333333333333333,0.0,-0.0
1743667572.2339184,0.0,-94.0,270.0,,0.0488966669511246,0.028,-1.698659842159398,0.03333333333333333,0.0,-0.0
1743667572.4238808,0.0,-94.0,270.0,,0.0488966669511246,0.028,-1.698659842159398,0.03333333333333333,0.0,-0.0
1743667572.6250706,0.0,-94.0,270.0,,0.0488966669511246,0.028,-1.698659842159398,0.03333333333333333,0.0,-0.0
1743667572.831135,0.0,-94.0,270.0,,0.0488966669511246,0.028,-1.698659842159398,0.03333333333333333,0.0,-0.0
1743667573.0390437,0.0,-94.0,270.0,,0.0488966669511246,0.028,-1.698659842159398,0.03333333333333333,0.0,-0.0
1743667573.2543428,0.0,-94.0,270.0,,0.0488966669511246,0.028,-1.698659842159398,0.03333333333333333,0.0,-0.0
1743667573.4602883,0.0,-94.0,270.0,,0.0488966669511246,0.028,-1.698659842159398,0.03333333333333333,0.0,-0.0
1743667573.6575267,0.0,-94.0,270.0,,0.0488966669511246,0.028,-1.698659842159398,0.03333333333333333,0.0,-0.0
1743667573.851313,0.0,-94.0,270.0,,0.0488966669511246,0.028,-1.698659842159398,0.03333333333333333,0.0,-0.0
1743667574.0462065,0.0,-94.0,270.0,,0.0488966669511246,0.028,-1.698659842159398,0.03333333333333333,0.0,-0.0
1743667574.2399485,0.0,-94.0,270.0,,0.0488966669511246,0.028,-1.698659842159398,0.03333333333333333,0.0,-0.0
1743667574.4493344,0.0,-94.0,270.0,,0.0488966669511246,0.028,-1.698659842159398,0.03333333333333333,0.0,-0.0
1743667574.6891685,0.0,-94.0,270.0,,0.0488966669511246,0.028,-1.698659842159398,0.03333333333333333,0.0,-0.0
1743667574.952728,0.0,-94.0,270.0,,0.0488966669511246,0.028,-1.698659842159398,0.03333333333333333,0.0,-0.0
1743667575.2241027,0.0,-94.0,270.0,,0.0488966669511246,0.028,-1.698659842159398,0.03333333333333333,0.0,-0.0
1743667575.495438,0.0,-94.0,270.0,,0.0488966669511246,0.028,-1.698659842159398,0.03333333333333333,0.0,-0.0
1743667575.76328,0.0,-94.0,270.0,,0.0488966669511246,0.028,-1.698659842159398,0.03333333333333333,0.0,-0.0
1743667576.031229,0.0,-94.0,270.0,,0.0488966669511246,0.028,-1.698659842159398,0.03333333333333333,0.0,-0.0
1743667576.2989712,0.0,-94.0,270.0,,0.0488966669511246,0.028,-1.698659842159398,0.03333333333333333,0.0,-0.0
1743667576.5816255,0.0,-94.0,270.0,,0.0488966669511246,0.028,-1.698659842159398,0.03333333333333333,0.0,-0.0
1743667576.8343947,0.0,-94.0,270.0,,0.0488966669511246,0.028,-1.698659842159398,0.03333333333333333,0.0,-0.0
1743667577.0552802,0.0,-94.0,270.0,,0.0488966669511246,0.028,-1.698659842159398,0.03333333333333333,0.0,-0.0
1743667577.2611384,0.0,-94.0,270.0,,0.0488966669511246,0.028,-1.698659842159398,0.03333333333333333,0.0,-0.0
1743667577.460098,0.0,-94.0,270.0,,0.0488966669511246,0.028,-1.698659842159398,0.03333333333333333,0.0,-0.0
1743667577.6535125,0.0,-94.0,270.0,,0.0488966669511246,0.028,-1.698659842159398,0.03333333333333333,0.0,-0.0
1743667577.8464565,0.0,-94.0,270.0,,0.0488966669511246,0.028,-1.698659842159398,0.03333333333333333,0.0,-0.0
1743667578.039459,0.0,-94.0,270.0,,0.0488966669511246,0.028,-1.698659842159398,0.03333333333333333,0.0,-0.0
1743667578.2325118,0.0,-94.0,270.0,,0.0488966669511246,0.028,-1.698659842159398,0.03333333333333333,0.0,-0.0
1743667578.4240847,0.0,-94.0,270.0,,0.0488966669511246,0.028,-1.698659842159398,0.03333333333333333,0.0,-0.0
1743667578.614527,0.0,-94.0,270.0,,0.0488966669511246,0.028,-1.698659842159398,0.03333333333333333,0.0,-0.0
1743667578.8061507,0.0,-94.0,270.0,,0.0488966669511246,0.028,-1.698659842159398,0.03333333333333333,0.0,-0.0
1743667578.998288,0.0,-94.0,270.0,,0.0488966669511246,0.028,-1.698659842159398,0.03333333333333333,0.0,-0.0
1743667579.2154524,0.0,-94.0,270.0,,0.0488966669511246,0.028,-1.698659842159398,0.03333333333333333,0.0,-0.0
1743667579.430055,0.0,-94.0,270.0,,0.0488966669511246,0.028,-1.698659842159398,0.03333333333333333,0.0,-0.0
1743667579.6334703,0.0,-94.0,270.0,,0.0488966669511246,0.028,-1.698659842159398,0.03333333333333333,0.0,-0.0
1743667579.8320074,0.0,-94.0,270.0,,0.0488966669511246,0.028,-1.698659842159398,0.03333333333333333,0.0,-0.0
1743667580.025363,0.0,-94.0,270.0,,0.0488966669511246,0.028,-1.698659842159398,0.03333333333333333,0.0,-0.0
1743667580.2196124,0.0,-94.0,270.0,,0.0488966669511246,0.028,-1.698659842159398,0.03333333333333333,0.0,-0.0
1743667580.4136508,0.0,-94.0,270.0,,0.0488966669511246,0.028,-1.698659842159398,0.03333333333333333,0.0,-0.0
1743667580.6048267,0.0,-94.0,270.0,,0.0488966669511246,0.028,-1.698659842159398,0.03333333333333333,0.0,-0.0
1743667580.7980716,0.0,-94.0,270.0,,0.0488966669511246,0.028,-1.698659842159398,0.03333333333333333,0.0,-0.0
1743667580.992292,0.0,-94.0,270.0,,0.0488966669511246,0.028,-1.698659842159398,0.03333333333333333,0.0,-0.0
1743667581.185402,0.0,-94.0,270.0,,0.0488966669511246,0.028,-1.698659842159398,0.03333333333333333,0.0,-0.0
1743667581.3762498,0.0,-94.0,270.0,,0.0488966669511246,0.028,-1.698659842159398,0.03333333333333333,0.0,-0.0
1743667581.5685596,0.0,-94.0,270.0,,0.0488966669511246,0.028,-1.698659842159398,0.03333333333333333,0.0,-0.0
1743667581.7577498,0.0,-94.0,270.0,,0.0488966669511246,0.028,-1.698659842159398,0.03333333333333333,0.0,-0.0
1743667581.9490335,0.0,-94.0,270.0,,0.0488966669511246,0.028,-1.698659842159398,0.03333333333333333,0.0,-0.0
1743667582.1408792,0.0,-94.0,270.0,,0.0488966669511246,0.028,-1.698659842159398,0.03333333333333333,0.0,-0.0
1743667582.333527,0.0,-94.0,270.0,,0.0488966669511246,0.028,-1.698659842159398,0.03333333333333333,0.0,-0.0
1743667582.5223422,0.0,-94.0,270.0,,0.0488966669511246,0.028,-1.698659842159398,0.03333333333333333,0.0,-0.0
1743667582.7126539,0.0,-94.0,270.0,,0.0488966669511246,0.028,-1.698659842159398,0.03333333333333333,0.0,-0.0
1743667582.9053888,0.0,-94.0,270.0,,0.0488966669511246,0.028,-1.698659842159398,0.03333333333333333,0.0,-0.0
1743667583.097116,0.0,-94.0,270.0,,0.0488966669511246,0.028,-1.698659842159398,0.03333333333333333,0.0,-0.0
1743667583.288191,0.0,-94.0,270.0,,0.0488966669511246,0.028,-1.698659842159398,0.03333333333333333,0.0,-0.0
1743667583.4788692,0.0,-94.0,270.0,,0.0488966669511246,0.028,-1.698659842159398,0.03333333333333333,0.0,-0.0
1743667583.669805,0.0,-94.0,270.0,,0.0488966669511246,0.028,-1.698659842159398,0.03333333333333333,0.0,-0.0
1743667583.8617163,0.0,-94.0,270.0,,0.0488966669511246,0.028,-1.698659842159398,0.03333333333333333,0.0,-0.0
1743667584.0564933,0.0,-94.0,270.0,,0.0488966669511246,0.028,-1.698659842159398,0.03333333333333333,0.0,-0.0
1743667584.2462683,0.0,-94.0,270.0,,0.0488966669511246,0.028,-1.698659842159398,0.03333333333333333,0.0,-0.0
1743667584.4358122,0.0,-94.0,270.0,,0.0488966669511246,0.028,-1.698659842159398,0.03333333333333333,0.0,-0.0
1743667584.6269972,0.0,-94.0,270.0,,0.0488966669511246,0.028,-1.698659842159398,0.03333333333333333,0.0,-0.0
1743667584.8175666,0.0,-94.0,270.0,,0.0488966669511246,0.028,-1.698659842159398,0.03333333333333333,0.0,-0.0
1743667585.010178,0.0,-94.0,270.0,,0.0488966669511246,0.028,-1.698659842159398,0.03333333333333333,0.0,-0.0
1743667585.1997216,0.0,-94.0,270.0,,0.0488966669511246,0.028,-1.698659842159398,0.03333333333333333,0.0,-0.0
1743667585.3898103,0.0,-94.0,270.0,,0.0488966669511246,0.028,-1.698659842159398,0.03333333333333333,0.0,-0.0
1743667585.5797944,0.0,-94.0,270.0,,0.0488966669511246,0.028,-1.698659842159398,0.03333333333333333,0.0,-0.0
1743667585.7704012,0.0,-94.0,270.0,,0.0488966669511246,0.028,-1.698659842159398,0.03333333333333333,0.0,-0.0
1743667585.963082,0.0,-94.0,270.0,,0.0488966669511246,0.028,-1.698659842159398,0.03333333333333333,0.0,-0.0
1743667586.153366,0.0,-94.0,270.0,,0.0488966669511246,0.028,-1.698659842159398,0.03333333333333333,0.0,-0.0
1743667586.3446367,0.0,-94.0,270.0,,0.0488966669511246,0.028,-1.698659842159398,0.03333333333333333,0.0,-0.0
1743667586.534676,0.0,-94.0,270.0,,0.0488966669511246,0.028,-1.698659842159398,0.03333333333333333,0.0,-0.0
1743667586.7256749,0.0,-94.0,270.0,,0.0488966669511246,0.028,-1.698659842159398,0.03333333333333333,0.0,-0.0
1743667586.9185064,0.0,-94.0,270.0,,0.0488966669511246,0.028,-1.698659842159398,0.03333333333333333,0.0,-0.0
1743667587.1071002,0.0,-94.0,270.0,,0.0488966669511246,0.028,-1.698659842159398,0.03333333333333333,0.0,-0.0
1743667587.2979853,0.0,-94.0,270.0,,0.0488966669511246,0.028,-1.698659842159398,0.03333333333333333,0.0,-0.0
1743667587.4881136,0.0,-94.0,270.0,,0.0488966669511246,0.028,-1.698659842159398,0.03333333333333333,0.0,-0.0
1743667587.6852872,0.0,-94.0,270.0,,0.0488966669511246,0.028,-1.698659842159398,0.03333333333333333,0.0,-0.0
1743667587.8922446,0.0,-94.0,270.0,,0.0488966669511246,0.028,-1.698659842159398,0.03333333333333333,0.0,-0.0
1743667588.1019523,0.0,-94.0,270.0,,0.0488966669511246,0.028,-1.698659842159398,0.03333333333333333,0.0,-0.0
1743667588.3143077,0.0,-94.0,270.0,,0.0488966669511246,0.028,-1.698659842159398,0.03333333333333333,0.0,-0.0
1743667588.5210946,0.0,-94.0,270.0,,0.0488966669511246,0.028,-1.698659842159398,0.03333333333333333,0.0,-0.0
1743667588.7186406,0.0,-94.0,270.0,,0.0488966669511246,0.028,-1.698659842159398,0.03333333333333333,0.0,-0.0
1743667588.9137914,0.0,-94.0,270.0,,0.0488966669511246,0.028,-1.698659842159398,0.03333333333333333,0.0,-0.0
1743667589.1071897,0.0,-94.0,270.0,,0.0488966669511246,0.028,-1.698659842159398,0.03333333333333333,0.0,-0.0
1743667589.3004713,0.0,-94.0,270.0,,0.0488966669511246,0.028,-1.698659842159398,0.03333333333333333,0.0,-0.0
1743667589.4920578,0.0,-94.0,270.0,,0.0488966669511246,0.028,-1.698659842159398,0.03333333333333333,0.0,-0.0
1743667589.682136,0.0,-94.0,270.0,,0.0488966669511246,0.028,-1.698659842159398,0.03333333333333333,0.0,-0.0
1743667589.8721113,0.0,-94.0,270.0,,0.0488966669511246,0.028,-1.698659842159398,0.03333333333333333,0.0,-0.0
1743667590.0628507,0.0,-94.0,270.0,,0.0488966669511246,0.028,-1.698659842159398,0.03333333333333333,0.0,-0.0
1743667590.2569964,0.0,-94.0,270.0,,0.0488966669511246,0.028,-1.698659842159398,0.03333333333333333,0.0,-0.0
1743667590.4461486,0.0,-94.0,270.0,,0.0488966669511246,0.028,-1.698659842159398,0.03333333333333333,0.0,-0.0
1743667590.6374614,0.0,-94.0,270.0,,0.0488966669511246,0.028,-1.698659842159398,0.03333333333333333,0.0,-0.0
1743667590.828621,0.0,-94.0,270.0,,0.0488966669511246,0.028,-1.698659842159398,0.03333333333333333,0.0,-0.0
1743667591.020633,0.0,-94.0,270.0,,0.0488966669511246,0.028,-1.698659842159398,0.03333333333333333,0.0,-0.0
1743667591.2114048,0.0,-94.0,270.0,,0.0488966669511246,0.028,-1.698659842159398,0.03333333333333333,0.0,-0.0
1743667591.4010353,0.0,-94.0,270.0,,0.0488966669511246,0.028,-1.698659842159398,0.03333333333333333,0.0,-0.0
1743667591.59587,0.0,-94.0,270.0,,0.0488966669511246,0.028,-1.698659842159398,0.03333333333333333,0.0,-0.0
1743667591.791184,0.0,-94.0,270.0,,0.0488966669511246,0.028,-1.698659842159398,0.03333333333333333,0.0,-0.0
1743667591.9853525,0.0,-94.0,270.0,,0.0488966669511246,0.028,-1.698659842159398,0.03333333333333333,0.0,-0.0
1743667592.179073,0.0,-94.0,270.0,,0.0488966669511246,0.028,-1.698659842159398,0.03333333333333333,0.0,-0.0
1743667592.3677874,0.0,-94.0,270.0,,0.0488966669511246,0.028,-1.698659842159398,0.03333333333333333,0.0,-0.0
1743667592.5581772,0.0,-94.0,270.0,,0.0488966669511246,0.028,-1.698659842159398,0.03333333333333333,0.0,-0.0
1743667592.747609,0.0,-94.0,270.0,,0.0488966669511246,0.028,-1.698659842159398,0.03333333333333333,0.0,-0.0
1743667592.9382846,0.0,-94.0,270.0,,0.0488966669511246,0.028,-1.698659842159398,0.03333333333333333,0.0,-0.0
1743667593.1284413,0.0,-94.0,270.0,,0.0488966669511246,0.028,-1.698659842159398,0.03333333333333333,0.0,-0.0
1743667593.3191195,0.0,-94.0,270.0,,0.0488966669511246,0.028,-1.698659842159398,0.03333333333333333,0.0,-0.0
1743667593.5107746,0.0,-94.0,270.0,,0.0488966669511246,0.028,-1.698659842159398,0.03333333333333333,0.0,-0.0
1743667593.7021508,0.0,-94.0,270.0,,0.0488966669511246,0.028,-1.698659842159398,0.03333333333333333,0.0,-0.0
1743667593.8933501,0.0,-94.0,270.0,,0.0488966669511246,0.028,-1.698659842159398,0.03333333333333333,0.0,-0.0
1743667594.085508,0.0,-94.0,270.0,,0.0488966669511246,0.028,-1.698659842159398,0.03333333333333333,0.0,-0.0
1743667594.2746198,0.0,-94.0,270.0,,0.0488966669511246,0.028,-1.698659842159398,0.03333333333333333,0.0,-0.0
1743667594.465074,0.0,-94.0,270.0,,0.0488966669511246,0.028,-1.698659842159398,0.03333333333333333,0.0,-0.0
1743667594.656645,0.0,-94.0,270.0,,0.0488966669511246,0.028,-1.698659842159398,0.03333333333333333,0.0,-0.0
1743667594.847848,0.0,-94.0,270.0,,0.0488966669511246,0.028,-1.698659842159398,0.03333333333333333,0.0,-0.0
1743667595.0393016,0.0,-94.0,270.0,,0.0488966669511246,0.028,-1.698659842159398,0.03333333333333333,0.0,-0.0
1743667595.229907,0.0,-94.0,270.0,,0.0488966669511246,0.028,-1.698659842159398,0.03333333333333333,0.0,-0.0
1743667595.4188533,0.0,-94.0,270.0,,0.0488966669511246,0.028,-1.698659842159398,0.03333333333333333,0.0,-0.0
1743667595.610155,0.0,-94.0,270.0,,0.0488966669511246,0.028,-1.698659842159398,0.03333333333333333,0.0,-0.0
1743667595.8070061,0.0,-94.0,270.0,,0.0488966669511246,0.028,-1.698659842159398,0.03333333333333333,0.0,-0.0
1743667596.0003135,0.0,-94.0,270.0,,0.0488966669511246,0.028,-1.698659842159398,0.03333333333333333,0.0,-0.0
1743667596.1941686,0.0,-94.0,270.0,,0.0488966669511246,0.028,-1.698659842159398,0.03333333333333333,0.0,-0.0
1743667596.3853102,0.0,-94.0,270.0,,0.0488966669511246,0.028,-1.698659842159398,0.03333333333333333,0.0,-0.0
1743667596.5813963,0.0,-94.0,270.0,,0.0488966669511246,0.028,-1.698659842159398,0.03333333333333333,0.0,-0.0
1743667596.7759814,0.0,-94.0,270.0,,0.0488966669511246,0.028,-1.698659842159398,0.03333333333333333,0.0,-0.0
1743667596.968683,0.0,-94.0,270.0,,0.0488966669511246,0.028,-1.698659842159398,0.03333333333333333,0.0,-0.0
1743667597.1599188,0.0,-94.0,270.0,,0.0488966669511246,0.028,-1.698659842159398,0.03333333333333333,0.0,-0.0
1743667597.350394,0.0,-94.0,270.0,,0.0488966669511246,0.028,-1.698659842159398,0.03333333333333333,0.0,-0.0
1743667597.5407767,0.0,-94.0,270.0,,0.0488966669511246,0.028,-1.698659842159398,0.03333333333333333,0.0,-0.0
1743667597.7317834,0.0,-94.0,270.0,,0.0488966669511246,0.028,-1.698659842159398,0.03333333333333333,0.0,-0.0
1743667597.9227462,0.0,-94.0,270.0,,0.0488966669511246,0.028,-1.698659842159398,0.03333333333333333,0.0,-0.0
1743667598.1130648,0.0,-94.0,270.0,,0.0488966669511246,0.028,-1.698659842159398,0.03333333333333333,0.0,-0.0
1743667598.304123,0.0,-94.0,270.0,,0.0488966669511246,0.028,-1.698659842159398,0.03333333333333333,0.0,-0.0
1743667598.4944494,0.0,-94.0,270.0,,0.0488966669511246,0.028,-1.698659842159398,0.03333333333333333,0.0,-0.0
1743667598.6849973,0.0,-94.0,270.0,,0.0488966669511246,0.028,-1.698659842159398,0.03333333333333333,0.0,-0.0
1743667598.879009,0.0,-94.0,270.0,,0.0488966669511246,0.028,-1.698659842159398,0.03333333333333333,0.0,-0.0
1743667599.0700023,0.0,-94.0,270.0,,0.0488966669511246,0.028,-1.698659842159398,0.03333333333333333,0.0,-0.0
1743667599.2630665,0.0,-94.0,270.0,,0.0488966669511246,0.028,-1.698659842159398,0.03333333333333333,0.0,-0.0
1743667599.455318,0.0,-94.0,270.0,,0.0488966669511246,0.028,-1.698659842159398,0.03333333333333333,0.0,-0.0
1743667599.6462235,0.0,-94.0,270.0,,0.0488966669511246,0.028,-1.698659842159398,0.03333333333333333,0.0,-0.0
1743667599.8371754,0.0,-94.0,270.0,,0.0488966669511246,0.028,-1.698659842159398,0.03333333333333333,0.0,-0.0
1743667600.0281608,0.0,-94.0,270.0,,0.0488966669511246,0.028,-1.698659842159398,0.03333333333333333,0.0,-0.0
1743667600.2200627,0.0,-94.0,270.0,,0.0488966669511246,0.028,-1.698659842159398,0.03333333333333333,0.0,-0.0
1743667600.4111338,0.0,-94.0,270.0,,0.0488966669511246,0.028,-1.698659842159398,0.03333333333333333,0.0,-0.0
1743667600.6020072,0.0,-94.0,270.0,,0.0488966669511246,0.028,-1.698659842159398,0.03333333333333333,0.0,-0.0
1743667600.7928965,0.0,-94.0,270.0,,0.0488966669511246,0.028,-1.698659842159398,0.03333333333333333,0.0,-0.0
1743667600.984194,0.0,-94.0,270.0,,0.0488966669511246,0.028,-1.698659842159398,0.03333333333333333,0.0,-0.0
1743667601.1752007,0.0,-94.0,270.0,,0.0488966669511246,0.028,-1.698659842159398,0.03333333333333333,0.0,-0.0
1743667601.3649766,0.0,-94.0,270.0,,0.0488966669511246,0.028,-1.698659842159398,0.03333333333333333,0.0,-0.0
1743667601.555797,0.0,-94.0,270.0,,0.0488966669511246,0.028,-1.698659842159398,0.03333333333333333,0.0,-0.0
1743667601.7476761,0.0,-94.0,270.0,,0.0488966669511246,0.028,-1.698659842159398,0.03333333333333333,0.0,-0.0
1743667601.9449847,0.0,-94.0,270.0,,0.0488966669511246,0.028,-1.698659842159398,0.03333333333333333,0.0,-0.0
1743667602.1525037,0.0,-94.0,270.0,,0.0488966669511246,0.028,-1.698659842159398,0.03333333333333333,0.0,-0.0
1743667602.3602526,0.0,-94.0,270.0,,0.0488966669511246,0.028,-1.698659842159398,0.03333333333333333,0.0,-0.0
1743667602.5713377,0.0,-94.0,270.0,,0.0488966669511246,0.028,-1.698659842159398,0.03333333333333333,0.0,-0.0
1743667602.7785025,0.0,-94.0,270.0,,0.0488966669511246,0.028,-1.698659842159398,0.03333333333333333,0.0,-0.0
1743667602.977013,0.0,-94.0,270.0,,0.0488966669511246,0.028,-1.698659842159398,0.03333333333333333,0.0,-0.0
1743667603.170066,0.0,-94.0,270.0,,0.0488966669511246,0.028,-1.698659842159398,0.03333333333333333,0.0,-0.0
1743667603.3637342,0.0,-94.0,270.0,,0.0488966669511246,0.028,-1.698659842159398,0.03333333333333333,0.0,-0.0
1743667603.5563357,0.0,-94.0,270.0,,0.0488966669511246,0.028,-1.698659842159398,0.03333333333333333,0.0,-0.0
1743667603.7466805,0.0,-94.0,270.0,,0.0488966669511246,0.028,-1.698659842159398,0.03333333333333333,0.0,-0.0
1743667603.9362195,0.0,-94.0,270.0,,0.0488966669511246,0.028,-1.698659842159398,0.03333333333333333,0.0,-0.0
1743667604.1275058,0.0,-94.0,270.0,,0.0488966669511246,0.028,-1.698659842159398,0.03333333333333333,0.0,-0.0
1743667604.3171663,0.0,-94.0,270.0,,0.0488966669511246,0.028,-1.698659842159398,0.03333333333333333,0.0,-0.0
1743667604.507574,0.0,-94.0,270.0,,0.0488966669511246,0.028,-1.698659842159398,0.03333333333333333,0.0,-0.0
1743667604.6965451,0.0,-94.0,270.0,,0.0488966669511246,0.028,-1.698659842159398,0.03333333333333333,0.0,-0.0
1743667604.887279,0.0,-94.0,270.0,,0.0488966669511246,0.028,-1.698659842159398,0.03333333333333333,0.0,-0.0
1743667605.082743,0.0,-94.0,270.0,,0.0488966669511246,0.028,-1.698659842159398,0.03333333333333333,0.0,-0.0
1743667605.283729,0.0,-94.0,270.0,,0.0488966669511246,0.028,-1.698659842159398,0.03333333333333333,0.0,-0.0
1743667605.477781,0.0,-94.0,270.0,,0.0488966669511246,0.028,-1.698659842159398,0.03333333333333333,0.0,-0.0
1743667605.671487,0.0,-94.0,270.0,,0.0488966669511246,0.028,-1.698659842159398,0.03333333333333333,0.0,-0.0
1743667605.860819,0.0,-94.0,270.0,,0.0488966669511246,0.028,-1.698659842159398,0.03333333333333333,0.0,-0.0
1743667606.0533051,0.0,-94.0,270.0,,0.0488966669511246,0.028,-1.698659842159398,0.03333333333333333,0.0,-0.0
1743667606.24484,0.0,-94.0,270.0,,0.0488966669511246,0.028,-1.698659842159398,0.03333333333333333,0.0,-0.0
1743667606.435142,0.0,-94.0,270.0,,0.0488966669511246,0.028,-1.698659842159398,0.03333333333333333,0.0,-0.0
1743667606.6672862,0.0,-94.0,270.0,,0.0488966669511246,0.028,-1.698659842159398,0.03333333333333333,0.0,-0.0
1743667606.913779,0.0,-94.0,270.0,,0.0488966669511246,0.028,-1.698659842159398,0.03333333333333333,0.0,-0.0
1743667607.1764438,0.0,-94.0,270.0,,0.0488966669511246,0.028,-1.698659842159398,0.03333333333333333,0.0,-0.0
1743667607.4464052,0.0,-94.0,270.0,,0.0488966669511246,0.028,-1.698659842159398,0.03333333333333333,0.0,-0.0
1743667607.7222178,0.0,-94.0,270.0,,0.0488966669511246,0.028,-1.698659842159398,0.03333333333333333,0.0,-0.0
1743667607.9937575,0.0,-94.0,270.0,,0.0488966669511246,0.028,-1.698659842159398,0.03333333333333333,0.0,-0.0
1743667608.2587805,0.0,-94.0,270.0,,0.0488966669511246,0.028,-1.698659842159398,0.03333333333333333,0.0,-0.0
1743667608.533159,0.0,-94.0,270.0,,0.0488966669511246,0.028,-1.698659842159398,0.03333333333333333,0.0,-0.0
1743667608.8149679,0.0,-94.0,270.0,,0.0488966669511246,0.028,-1.698659842159398,0.03333333333333333,0.0,-0.0
1743667609.0606005,0.0,-94.0,270.0,,0.0488966669511246,0.028,-1.698659842159398,0.03333333333333333,0.0,-0.0
1743667609.2789588,0.0,-94.0,270.0,,0.0488966669511246,0.028,-1.698659842159398,0.03333333333333333,0.0,-0.0
1743667609.483686,0.0,-94.0,270.0,,0.0488966669511246,0.028,-1.698659842159398,0.03333333333333333,0.0,-0.0
1743667609.680916,0.0,-94.0,270.0,,0.0488966669511246,0.028,-1.698659842159398,0.03333333333333333,0.0,-0.0
1743667609.874688,0.0,-94.0,270.0,,0.0488966669511246,0.028,-1.698659842159398,0.03333333333333333,0.0,-0.0
1743667610.067879,0.0,-94.0,270.0,,0.0488966669511246,0.028,-1.698659842159398,0.03333333333333333,0.0,-0.0
1743667610.2578952,0.0,-94.0,270.0,,0.0488966669511246,0.028,-1.698659842159398,0.03333333333333333,0.0,-0.0
1743667610.447289,0.0,-94.0,270.0,,0.0488966669511246,0.028,-1.698659842159398,0.03333333333333333,0.0,-0.0
1743667610.6379213,0.0,-94.0,270.0,,0.0488966669511246,0.028,-1.698659842159398,0.03333333333333333,0.0,-0.0
1743667610.8291278,0.0,-94.0,270.0,,0.0488966669511246,0.028,-1.698659842159398,0.03333333333333333,0.0,-0.0
1743667611.0196784,0.0,-94.0,270.0,,0.0488966669511246,0.028,-1.698659842159398,0.03333333333333333,0.0,-0.0
1743667611.208821,0.0,-94.0,270.0,,0.0488966669511246,0.028,-1.698659842159398,0.03333333333333333,0.0,-0.0
1743667611.3983014,0.0,-94.0,270.0,,0.0488966669511246,0.028,-1.698659842159398,0.03333333333333333,0.0,-0.0
1743667611.5902205,0.0,-94.0,270.0,,0.0488966669511246,0.028,-1.698659842159398,0.03333333333333333,0.0,-0.0
1743667611.7822275,0.0,-94.0,270.0,,0.0488966669511246,0.028,-1.698659842159398,0.03333333333333333,0.0,-0.0
1743667611.9738412,0.0,-94.0,270.0,,0.0488966669511246,0.028,-1.698659842159398,0.03333333333333333,0.0,-0.0
1743667612.1650236,0.0,-94.0,270.0,,0.0488966669511246,0.028,-1.698659842159398,0.03333333333333333,0.0,-0.0
1743667612.3562622,0.0,-94.0,270.0,,0.0488966669511246,0.028,-1.698659842159398,0.03333333333333333,0.0,-0.0
1743667612.5453358,0.0,-94.0,270.0,,0.0488966669511246,0.028,-1.698659842159398,0.03333333333333333,0.0,-0.0
1743667612.735499,0.0,-94.0,270.0,,0.0488966669511246,0.028,-1.698659842159398,0.03333333333333333,0.0,-0.0
1743667612.9927714,0.0,-94.0,270.0,,0.0488966669511246,0.028,-1.698659842159398,0.03333333333333333,0.0,-0.0
1743667613.236156,0.0,-94.0,270.0,,0.0488966669511246,0.028,-1.698659842159398,0.03333333333333333,0.0,-0.0
1743667613.4496791,0.0,-94.0,270.0,,0.0488966669511246,0.028,-1.698659842159398,0.03333333333333333,0.0,-0.0
1743667613.6538777,0.0,-94.0,270.0,,0.0488966669511246,0.028,-1.698659842159398,0.03333333333333333,0.0,-0.0
1743667613.854519,0.0,-94.0,270.0,,0.0488966669511246,0.028,-1.698659842159398,0.03333333333333333,0.0,-0.0
1743667614.0484965,0.0,-94.0,270.0,,0.0488966669511246,0.028,-1.698659842159398,0.03333333333333333,0.0,-0.0
1743667614.2430558,0.0,-94.0,270.0,,0.0488966669511246,0.028,-1.698659842159398,0.03333333333333333,0.0,-0.0
1743667614.4354632,0.0,-94.0,270.0,,0.0488966669511246,0.028,-1.698659842159398,0.03333333333333333,0.0,-0.0
1743667614.6273785,0.0,-94.0,270.0,,0.0488966669511246,0.028,-1.698659842159398,0.03333333333333333,0.0,-0.0
1743667614.8201828,0.0,-94.0,270.0,,0.0488966669511246,0.028,-1.698659842159398,0.03333333333333333,0.0,-0.0
1743667615.0209417,0.0,-94.0,270.0,,0.0488966669511246,0.028,-1.698659842159398,0.03333333333333333,0.0,-0.0
1743667615.2160034,0.0,-94.0,270.0,,0.0488966669511246,0.028,-1.698659842159398,0.03333333333333333,0.0,-0.0
1743667615.4081988,0.0,-94.0,270.0,,0.0488966669511246,0.028,-1.698659842159398,0.03333333333333333,0.0,-0.0
1743667615.6005955,0.0,-94.0,270.0,,0.0488966669511246,0.028,-1.698659842159398,0.03333333333333333,0.0,-0.0
1743667615.7939887,0.0,-94.0,270.0,,0.0488966669511246,0.028,-1.698659842159398,0.03333333333333333,0.0,-0.0
1743667615.9841871,0.0,-94.0,270.0,,0.0488966669511246,0.028,-1.698659842159398,0.03333333333333333,0.0,-0.0
1743667616.1751938,0.0,-94.0,270.0,,0.0488966669511246,0.028,-1.698659842159398,0.03333333333333333,0.0,-0.0
1743667616.3652382,0.0,-94.0,270.0,,0.0488966669511246,0.028,-1.698659842159398,0.03333333333333333,0.0,-0.0
1743667616.5560472,0.0,-94.0,270.0,,0.0488966669511246,0.028,-1.698659842159398,0.03333333333333333,0.0,-0.0
1743667616.7500515,0.0,-94.0,270.0,,0.0488966669511246,0.028,-1.698659842159398,0.03333333333333333,0.0,-0.0
1743667616.9436781,0.0,-94.0,270.0,,0.0488966669511246,0.028,-1.698659842159398,0.03333333333333333,0.0,-0.0
1743667617.1566365,0.0,-94.0,270.0,,0.0488966669511246,0.028,-1.698659842159398,0.03333333333333333,0.0,-0.0
1743667617.3797526,0.0,-94.0,270.0,,0.0488966669511246,0.028,-1.698659842159398,0.03333333333333333,0.0,-0.0
1743667617.5960727,0.0,-94.0,270.0,,0.0488966669511246,0.028,-1.698659842159398,0.03333333333333333,0.0,-0.0
1743667617.8087184,0.0,-94.0,270.0,,0.0488966669511246,0.028,-1.698659842159398,0.03333333333333333,0.0,-0.0
1743667618.0132716,0.0,-94.0,270.0,,0.0488966669511246,0.028,-1.698659842159398,0.03333333333333333,0.0,-0.0
1743667618.2122862,0.0,-94.0,270.0,,0.0488966669511246,0.028,-1.698659842159398,0.03333333333333333,0.0,-0.0
1743667618.4088478,0.0,-94.0,270.0,,0.0488966669511246,0.028,-1.698659842159398,0.03333333333333333,0.0,-0.0
1743667618.6022127,0.0,-94.0,270.0,,0.0488966669511246,0.028,-1.698659842159398,0.03333333333333333,0.0,-0.0
1743667618.7961566,0.0,-94.0,270.0,,0.0488966669511246,0.028,-1.698659842159398,0.03333333333333333,0.0,-0.0
1743667618.991171,0.0,-94.0,270.0,,0.0488966669511246,0.028,-1.698659842159398,0.03333333333333333,0.0,-0.0
1743667619.1850965,0.0,-94.0,270.0,,0.0488966669511246,0.028,-1.698659842159398,0.03333333333333333,0.0,-0.0
1743667619.3778727,0.0,-94.0,270.0,,0.0488966669511246,0.028,-1.698659842159398,0.03333333333333333,0.0,-0.0
1743667619.567537,0.0,-94.0,270.0,,0.0488966669511246,0.028,-1.698659842159398,0.03333333333333333,0.0,-0.0
1743667619.758629,0.0,-94.0,270.0,,0.0488966669511246,0.028,-1.698659842159398,0.03333333333333333,0.0,-0.0
1743667619.9512658,0.0,-94.0,270.0,,0.0488966669511246,0.028,-1.698659842159398,0.03333333333333333,0.0,-0.0
1743667620.1449897,0.0,-94.0,270.0,,0.0488966669511246,0.028,-1.698659842159398,0.03333333333333333,0.0,-0.0
1743667620.337024,0.0,-94.0,270.0,,0.0488966669511246,0.028,-1.698659842159398,0.03333333333333333,0.0,-0.0
1743667620.5276775,0.0,-94.0,270.0,,0.0488966669511246,0.028,-1.698659842159398,0.03333333333333333,0.0,-0.0
1743667620.7187378,0.0,-94.0,270.0,,0.0488966669511246,0.028,-1.698659842159398,0.03333333333333333,0.0,-0.0
1743667620.9154594,0.0,-94.0,270.0,,0.0488966669511246,0.028,-1.698659842159398,0.03333333333333333,0.0,-0.0
1743667621.107162,0.0,-94.0,270.0,,0.0488966669511246,0.028,-1.698659842159398,0.03333333333333333,0.0,-0.0
1743667621.2980497,0.0,-94.0,270.0,,0.0488966669511246,0.028,-1.698659842159398,0.03333333333333333,0.0,-0.0
1743667621.488148,0.0,-94.0,270.0,,0.0488966669511246,0.028,-1.698659842159398,0.03333333333333333,0.0,-0.0
1743667621.6786768,0.0,-94.0,270.0,,0.0488966669511246,0.028,-1.698659842159398,0.03333333333333333,0.0,-0.0
1743667621.87023,0.0,-94.0,270.0,,0.0488966669511246,0.028,-1.698659842159398,0.03333333333333333,0.0,-0.0
1743667622.0615523,0.0,-94.0,270.0,,0.0488966669511246,0.028,-1.698659842159398,0.03333333333333333,0.0,-0.0
1743667622.2551768,0.0,-94.0,270.0,,0.0488966669511246,0.028,-1.698659842159398,0.03333333333333333,0.0,-0.0
1743667622.4461148,0.0,-94.0,270.0,,0.0488966669511246,0.028,-1.698659842159398,0.03333333333333333,0.0,-0.0
1743667622.6375875,0.0,-94.0,270.0,,0.0488966669511246,0.028,-1.698659842159398,0.03333333333333333,0.0,-0.0
1743667622.8306036,0.0,-94.0,270.0,,0.0488966669511246,0.028,-1.698659842159398,0.03333333333333333,0.0,-0.0
1743667623.0231023,0.0,-94.0,270.0,,0.0488966669511246,0.028,-1.698659842159398,0.03333333333333333,0.0,-0.0
1743667623.212687,0.0,-94.0,270.0,,0.0488966669511246,0.028,-1.698659842159398,0.03333333333333333,0.0,-0.0
1743667623.4053028,0.0,-94.0,270.0,,0.0488966669511246,0.028,-1.698659842159398,0.03333333333333333,0.0,-0.0
1743667623.5944037,0.0,-94.0,270.0,,0.0488966669511246,0.028,-1.698659842159398,0.03333333333333333,0.0,-0.0
1743667623.7857306,0.0,-94.0,270.0,,0.0488966669511246,0.028,-1.698659842159398,0.03333333333333333,0.0,-0.0
1743667623.9764667,0.0,-94.0,270.0,,0.0488966669511246,0.028,-1.698659842159398,0.03333333333333333,0.0,-0.0
1743667624.1689394,0.0,-94.0,270.0,,0.0488966669511246,0.028,-1.698659842159398,0.03333333333333333,0.0,-0.0
1743667624.3592553,0.0,-94.0,270.0,,0.0488966669511246,0.028,-1.698659842159398,0.03333333333333333,0.0,-0.0
1743667624.5505958,0.0,-94.0,270.0,,0.0488966669511246,0.028,-1.698659842159398,0.03333333333333333,0.0,-0.0
1743667624.7406273,0.0,-94.0,270.0,,0.0488966669511246,0.028,-1.698659842159398,0.03333333333333333,0.0,-0.0
1743667624.9323132,0.0,-94.0,270.0,,0.0488966669511246,0.028,-1.698659842159398,0.03333333333333333,0.0,-0.0
1743667625.1236055,0.0,-94.0,270.0,,0.0488966669511246,0.028,-1.698659842159398,0.03333333333333333,0.0,-0.0
1743667625.3130655,0.0,-94.0,270.0,,0.0488966669511246,0.028,-1.698659842159398,0.03333333333333333,0.0,-0.0
1743667625.503908,0.0,-94.0,270.0,,0.0488966669511246,0.028,-1.698659842159398,0.03333333333333333,0.0,-0.0
1743667625.6951904,0.0,-94.0,270.0,,0.0488966669511246,0.028,-1.698659842159398,0.03333333333333333,0.0,-0.0
1743667625.8854103,0.0,-94.0,270.0,,0.0488966669511246,0.028,-1.698659842159398,0.03333333333333333,0.0,-0.0
1743667626.0757148,0.0,-94.0,270.0,,0.0488966669511246,0.028,-1.698659842159398,0.03333333333333333,0.0,-0.0
1743667626.2681913,0.0,-94.0,270.0,,0.0488966669511246,0.028,-1.698659842159398,0.03333333333333333,0.0,-0.0
1743667626.458136,0.0,-94.0,270.0,,0.0488966669511246,0.028,-1.698659842159398,0.03333333333333333,0.0,-0.0
1743667626.6481705,0.0,-94.0,270.0,,0.0488966669511246,0.028,-1.698659842159398,0.03333333333333333,0.0,-0.0
1743667626.8410146,0.0,-94.0,270.0,,0.0488966669511246,0.028,-1.698659842159398,0.03333333333333333,0.0,-0.0
1743667627.0309734,0.0,-94.0,270.0,,0.0488966669511246,0.028,-1.698659842159398,0.03333333333333333,0.0,-0.0
1743667627.2212498,0.0,-94.0,270.0,,0.0488966669511246,0.028,-1.698659842159398,0.03333333333333333,0.0,-0.0
1743667627.4113235,0.0,-94.0,270.0,,0.0488966669511246,0.028,-1.698659842159398,0.03333333333333333,0.0,-0.0
1743667627.6010292,0.0,-94.0,270.0,,0.0488966669511246,0.028,-1.698659842159398,0.03333333333333333,0.0,-0.0
1743667627.7938886,0.0,-94.0,270.0,,0.0488966669511246,0.028,-1.698659842159398,0.03333333333333333,0.0,-0.0
1743667627.984133,0.0,-94.0,270.0,,0.0488966669511246,0.028,-1.698659842159398,0.03333333333333333,0.0,-0.0
1743667628.1752346,0.0,-94.0,270.0,,0.0488966669511246,0.028,-1.698659842159398,0.03333333333333333,0.0,-0.0
1743667628.3652015,0.0,-94.0,270.0,,0.0488966669511246,0.028,-1.698659842159398,0.03333333333333333,0.0,-0.0
1743667628.5559142,0.0,-94.0,270.0,,0.0488966669511246,0.028,-1.698659842159398,0.03333333333333333,0.0,-0.0
1743667628.7483282,0.0,-94.0,270.0,,0.0488966669511246,0.028,-1.698659842159398,0.03333333333333333,0.0,-0.0
1743667628.9401605,0.0,-94.0,270.0,,0.0488966669511246,0.028,-1.698659842159398,0.03333333333333333,0.0,-0.0
1743667629.1301775,0.0,-94.0,270.0,,0.0488966669511246,0.028,-1.698659842159398,0.03333333333333333,0.0,-0.0
1743667629.3214815,0.0,-94.0,270.0,,0.0488966669511246,0.028,-1.698659842159398,0.03333333333333333,0.0,-0.0
1743667629.5117412,0.0,-94.0,270.0,,0.0488966669511246,0.028,-1.698659842159398,0.03333333333333333,0.0,-0.0
1743667629.702027,0.0,-94.0,270.0,,0.0488966669511246,0.028,-1.698659842159398,0.03333333333333333,0.0,-0.0
1743667629.8939404,0.0,-94.0,270.0,,0.0488966669511246,0.028,-1.698659842159398,0.03333333333333333,0.0,-0.0
1743667630.0850427,0.0,-94.0,270.0,,0.0488966669511246,0.028,-1.698659842159398,0.03333333333333333,0.0,-0.0
1743667630.2782893,0.0,-94.0,270.0,,0.0488966669511246,0.028,-1.698659842159398,0.03333333333333333,0.0,-0.0
1743667630.4680138,0.0,-94.0,270.0,,0.0488966669511246,0.028,-1.698659842159398,0.03333333333333333,0.0,-0.0
1743667630.6608493,0.0,-94.0,270.0,,0.0488966669511246,0.028,-1.698659842159398,0.03333333333333333,0.0,-0.0
1743667630.8527544,0.0,-94.0,270.0,,0.0488966669511246,0.028,-1.698659842159398,0.03333333333333333,0.0,-0.0
1743667631.0443635,0.0,-94.0,270.0,,0.0488966669511246,0.028,-1.698659842159398,0.03333333333333333,0.0,-0.0
1743667631.2455962,0.0,-94.0,270.0,,0.0488966669511246,0.028,-1.698659842159398,0.03333333333333333,0.0,-0.0
1743667631.4516907,0.0,-94.0,270.0,,0.0488966669511246,0.028,-1.698659842159398,0.03333333333333333,0.0,-0.0
1743667631.658441,0.0,-94.0,270.0,,0.0488966669511246,0.028,-1.698659842159398,0.03333333333333333,0.0,-0.0
1743667631.8716285,0.0,-94.0,270.0,,0.0488966669511246,0.028,-1.698659842159398,0.03333333333333333,0.0,-0.0
1743667632.0867617,0.0,-94.0,270.0,,0.0488966669511246,0.028,-1.698659842159398,0.03333333333333333,0.0,-0.0
1743667632.2940342,0.0,-94.0,270.0,,0.0488966669511246,0.028,-1.698659842159398,0.03333333333333333,0.0,-0.0
1743667632.4920585,0.0,-94.0,270.0,,0.0488966669511246,0.028,-1.698659842159398,0.03333333333333333,0.0,-0.0
1743667632.685001,0.0,-94.0,270.0,,0.0488966669511246,0.028,-1.698659842159398,0.03333333333333333,0.0,-0.0
1743667632.878276,0.0,-94.0,270.0,,0.0488966669511246,0.028,-1.698659842159398,0.03333333333333333,0.0,-0.0
1743667633.0722263,0.0,-94.0,270.0,,0.0488966669511246,0.028,-1.698659842159398,0.03333333333333333,0.0,-0.0
1743667633.2665763,0.0,-94.0,270.0,,0.0488966669511246,0.028,-1.698659842159398,0.03333333333333333,0.0,-0.0
1743667633.4594843,0.0,-94.0,270.0,,0.0488966669511246,0.028,-1.698659842159398,0.03333333333333333,0.0,-0.0
1743667633.6492674,0.0,-94.0,270.0,,0.0488966669511246,0.028,-1.698659842159398,0.03333333333333333,0.0,-0.0
1743667633.840463,0.0,-94.0,270.0,,0.0488966669511246,0.028,-1.698659842159398,0.03333333333333333,0.0,-0.0
1743667634.0318806,0.0,-94.0,270.0,,0.0488966669511246,0.028,-1.698659842159398,0.03333333333333333,0.0,-0.0
1743667634.2234364,0.0,-94.0,270.0,,0.0488966669511246,0.028,-1.698659842159398,0.03333333333333333,0.0,-0.0
1743667634.413309,0.0,-94.0,270.0,,0.0488966669511246,0.028,-1.698659842159398,0.03333333333333333,0.0,-0.0
1743667634.604159,0.0,-94.0,270.0,,0.0488966669511246,0.028,-1.698659842159398,0.03333333333333333,0.0,-0.0
1743667634.795432,0.0,-94.0,270.0,,0.0488966669511246,0.028,-1.698659842159398,0.03333333333333333,0.0,-0.0
1743667634.9872026,0.0,-94.0,270.0,,0.0488966669511246,0.028,-1.698659842159398,0.03333333333333333,0.0,-0.0
1743667635.1785073,0.0,-94.0,270.0,,0.0488966669511246,0.028,-1.698659842159398,0.03333333333333333,0.0,-0.0
1743667635.3693898,0.0,-94.0,270.0,,0.0488966669511246,0.028,-1.698659842159398,0.03333333333333333,0.0,-0.0
1743667635.5587626,0.0,-94.0,270.0,,0.0488966669511246,0.028,-1.698659842159398,0.03333333333333333,0.0,-0.0
1743667635.750156,0.0,-94.0,270.0,,0.0488966669511246,0.028,-1.698659842159398,0.03333333333333333,0.0,-0.0
1743667635.9412992,0.0,-94.0,270.0,,0.0488966669511246,0.028,-1.698659842159398,0.03333333333333333,0.0,-0.0
1743667636.1314976,0.0,-94.0,270.0,,0.0488966669511246,0.028,-1.698659842159398,0.03333333333333333,0.0,-0.0
1743667636.3217723,0.0,-94.0,270.0,,0.0488966669511246,0.028,-1.698659842159398,0.03333333333333333,0.0,-0.0
1743667636.5106196,0.0,-94.0,270.0,,0.0488966669511246,0.028,-1.698659842159398,0.03333333333333333,0.0,-0.0
1743667636.7026908,0.0,-94.0,270.0,,0.0488966669511246,0.028,-1.698659842159398,0.03333333333333333,0.0,-0.0
1743667636.896737,0.0,-94.0,270.0,,0.0488966669511246,0.028,-1.698659842159398,0.03333333333333333,0.0,-0.0
1743667637.0882647,0.0,-94.0,270.0,,0.0488966669511246,0.028,-1.698659842159398,0.03333333333333333,0.0,-0.0
1743667637.2805421,0.0,-94.0,270.0,,0.0488966669511246,0.028,-1.698659842159398,0.03333333333333333,0.0,-0.0
1743667637.470096,0.0,-94.0,270.0,,0.0488966669511246,0.028,-1.698659842159398,0.03333333333333333,0.0,-0.0
1743667637.6607265,0.0,-94.0,270.0,,0.0488966669511246,0.028,-1.698659842159398,0.03333333333333333,0.0,-0.0
1743667637.8532019,0.0,-94.0,270.0,,0.0488966669511246,0.028,-1.698659842159398,0.03333333333333333,0.0,-0.0
1743667638.0457094,0.0,-94.0,270.0,,0.0488966669511246,0.028,-1.698659842159398,0.03333333333333333,0.0,-0.0
1743667638.239592,0.0,-94.0,270.0,,0.0488966669511246,0.028,-1.698659842159398,0.03333333333333333,0.0,-0.0
1743667638.4300282,0.0,-94.0,270.0,,0.0488966669511246,0.028,-1.698659842159398,0.03333333333333333,0.0,-0.0
1743667638.6213858,0.0,-94.0,270.0,,0.0488966669511246,0.028,-1.698659842159398,0.03333333333333333,0.0,-0.0
1743667638.833211,0.0,-94.0,270.0,,0.0488966669511246,0.028,-1.698659842159398,0.03333333333333333,0.0,-0.0
1743667639.0708714,0.0,-94.0,270.0,,0.0488966669511246,0.028,-1.698659842159398,0.03333333333333333,0.0,-0.0
1743667639.3698392,0.0,-94.0,270.0,,0.0488966669511246,0.028,-1.698659842159398,0.03333333333333333,0.0,-0.0
1743667639.6530087,0.0,-94.0,270.0,,0.0488966669511246,0.028,-1.698659842159398,0.03333333333333333,0.0,-0.0
1743667639.9262924,0.0,-94.0,270.0,,0.0488966669511246,0.028,-1.698659842159398,0.03333333333333333,0.0,-0.0
1743667640.197717,0.0,-94.0,270.0,,0.0488966669511246,0.028,-1.698659842159398,0.03333333333333333,0.0,-0.0
1743667640.4659798,0.0,-94.0,270.0,,0.0488966669511246,0.028,-1.698659842159398,0.03333333333333333,0.0,-0.0
1743667640.7305443,0.0,-94.0,270.0,,0.0488966669511246,0.028,-1.698659842159398,0.03333333333333333,0.0,-0.0
1743667641.015396,0.0,-94.0,270.0,,0.0488966669511246,0.028,-1.698659842159398,0.03333333333333333,0.0,-0.0
1743667641.2652087,0.0,-94.0,270.0,,0.0488966669511246,0.028,-1.698659842159398,0.03333333333333333,0.0,-0.0
1743667641.484578,0.0,-94.0,270.0,,0.0488966669511246,0.028,-1.698659842159398,0.03333333333333333,0.0,-0.0
1743667641.6920958,0.0,-94.0,270.0,,0.0488966669511246,0.028,-1.698659842159398,0.03333333333333333,0.0,-0.0
1743667641.891714,0.0,-94.0,270.0,,0.0488966669511246,0.028,-1.698659842159398,0.03333333333333333,0.0,-0.0
1743667642.0880535,0.0,-94.0,270.0,,0.0488966669511246,0.028,-1.698659842159398,0.03333333333333333,0.0,-0.0
1743667642.2821977,0.0,-94.0,270.0,,0.0488966669511246,0.028,-1.698659842159398,0.03333333333333333,0.0,-0.0
1743667642.4761834,0.0,-94.0,270.0,,0.0488966669511246,0.028,-1.698659842159398,0.03333333333333333,0.0,-0.0
1743667642.6673694,0.0,-94.0,270.0,,0.0488966669511246,0.028,-1.698659842159398,0.03333333333333333,0.0,-0.0
1743667642.8588812,0.0,-94.0,270.0,,0.0488966669511246,0.028,-1.698659842159398,0.03333333333333333,0.0,-0.0
1743667643.0540295,0.0,-94.0,270.0,,0.0488966669511246,0.028,-1.698659842159398,0.03333333333333333,0.0,-0.0
1743667643.2476215,0.0,-94.0,270.0,,0.0488966669511246,0.028,-1.698659842159398,0.03333333333333333,0.0,-0.0
1743667643.4405732,0.0,-94.0,270.0,,0.0488966669511246,0.028,-1.698659842159398,0.03333333333333333,0.0,-0.0
1743667643.6314802,0.0,-94.0,270.0,,0.0488966669511246,0.028,-1.698659842159398,0.03333333333333333,0.0,-0.0
1743667643.8241906,0.0,-94.0,270.0,,0.0488966669511246,0.028,-1.698659842159398,0.03333333333333333,0.0,-0.0
1743667644.0162725,0.0,-94.0,270.0,,0.0488966669511246,0.028,-1.698659842159398,0.03333333333333333,0.0,-0.0
1743667644.208029,0.0,-94.0,270.0,,0.0488966669511246,0.028,-1.698659842159398,0.03333333333333333,0.0,-0.0
1743667644.4012082,0.0,-94.0,270.0,,0.0488966669511246,0.028,-1.698659842159398,0.03333333333333333,0.0,-0.0
1743667644.5936813,0.0,-94.0,270.0,,0.0488966669511246,0.028,-1.698659842159398,0.03333333333333333,0.0,-0.0
1743667644.7869,0.0,-94.0,270.0,,0.0488966669511246,0.028,-1.698659842159398,0.03333333333333333,0.0,-0.0
1743667644.9778135,0.0,-94.0,270.0,,0.0488966669511246,0.028,-1.698659842159398,0.03333333333333333,0.0,-0.0
1743667645.2131026,0.0,-94.0,270.0,,0.0488966669511246,0.028,-1.698659842159398,0.03333333333333333,0.0,-0.0
1743667645.421951,0.0,-94.0,270.0,,0.0488966669511246,0.028,-1.698659842159398,0.03333333333333333,0.0,-0.0
1743667645.6217902,0.0,-94.0,270.0,,0.0488966669511246,0.028,-1.698659842159398,0.03333333333333333,0.0,-0.0
1743667645.8164508,0.0,-94.0,270.0,,0.0488966669511246,0.028,-1.698659842159398,0.03333333333333333,0.0,-0.0
1743667646.0097275,0.0,-94.0,270.0,,0.0488966669511246,0.028,-1.698659842159398,0.03333333333333333,0.0,-0.0
1743667646.2022176,0.0,-94.0,270.0,,0.0488966669511246,0.028,-1.698659842159398,0.03333333333333333,0.0,-0.0
1743667646.3952706,0.0,-94.0,270.0,,0.0488966669511246,0.028,-1.698659842159398,0.03333333333333333,0.0,-0.0
1743667646.5968952,0.0,-94.0,270.0,,0.0488966669511246,0.028,-1.698659842159398,0.03333333333333333,0.0,-0.0
1743667646.8051965,0.0,-94.0,270.0,,0.0488966669511246,0.028,-1.698659842159398,0.03333333333333333,0.0,-0.0
1743667647.017418,0.0,-94.0,270.0,,0.0488966669511246,0.028,-1.698659842159398,0.03333333333333333,0.0,-0.0
1743667647.2290938,0.0,-94.0,270.0,,0.0488966669511246,0.028,-1.698659842159398,0.03333333333333333,0.0,-0.0
1743667647.4291673,0.0,-94.0,270.0,,0.0488966669511246,0.028,-1.698659842159398,0.03333333333333333,0.0,-0.0
1743667647.6242957,0.0,-94.0,270.0,,0.0488966669511246,0.028,-1.698659842159398,0.03333333333333333,0.0,-0.0
1743667647.817024,0.0,-94.0,270.0,,0.0488966669511246,0.028,-1.698659842159398,0.03333333333333333,0.0,-0.0
1743667648.0102663,0.0,-94.0,270.0,,0.0488966669511246,0.028,-1.698659842159398,0.03333333333333333,0.0,-0.0
1743667648.2040963,0.0,-94.0,270.0,,0.0488966669511246,0.028,-1.698659842159398,0.03333333333333333,0.0,-0.0
1743667648.3981166,0.0,-94.0,270.0,,0.0488966669511246,0.028,-1.698659842159398,0.03333333333333333,0.0,-0.0
1743667648.5891745,0.0,-94.0,270.0,,0.0488966669511246,0.028,-1.698659842159398,0.03333333333333333,0.0,-0.0
1743667648.7813632,0.0,-94.0,270.0,,0.0488966669511246,0.028,-1.698659842159398,0.03333333333333333,0.0,-0.0
1743667648.9719248,0.0,-94.0,270.0,,0.0488966669511246,0.028,-1.698659842159398,0.03333333333333333,0.0,-0.0
1743667649.163326,0.0,-94.0,270.0,,0.0488966669511246,0.028,-1.698659842159398,0.03333333333333333,0.0,-0.0
1743667649.3521829,0.0,-94.0,270.0,,0.0488966669511246,0.028,-1.698659842159398,0.03333333333333333,0.0,-0.0
1743667649.5434287,0.0,-94.0,270.0,,0.0488966669511246,0.028,-1.698659842159398,0.03333333333333333,0.0,-0.0
1743667649.7407377,0.0,-94.0,270.0,,0.0488966669511246,0.028,-1.698659842159398,0.03333333333333333,0.0,-0.0
1743667649.9399667,0.0,-94.0,270.0,,0.0488966669511246,0.028,-1.698659842159398,0.03333333333333333,0.0,-0.0
1743667650.1364062,0.0,-94.0,270.0,,0.0488966669511246,0.028,-1.698659842159398,0.03333333333333333,0.0,-0.0
1743667650.3300974,0.0,-94.0,270.0,,0.0488966669511246,0.028,-1.698659842159398,0.03333333333333333,0.0,-0.0
1743667650.5222304,0.0,-94.0,270.0,,0.0488966669511246,0.028,-1.698659842159398,0.03333333333333333,0.0,-0.0
1743667650.711965,0.0,-94.0,270.0,,0.0488966669511246,0.028,-1.698659842159398,0.03333333333333333,0.0,-0.0
1743667650.9030564,0.0,-94.0,270.0,,0.0488966669511246,0.028,-1.698659842159398,0.03333333333333333,0.0,-0.0
1743667651.092523,0.0,-94.0,270.0,,0.0488966669511246,0.028,-1.698659842159398,0.03333333333333333,0.0,-0.0
1743667651.2841206,0.0,-94.0,270.0,,0.0488966669511246,0.028,-1.698659842159398,0.03333333333333333,0.0,-0.0
1743667651.474256,0.0,-94.0,270.0,,0.0488966669511246,0.028,-1.698659842159398,0.03333333333333333,0.0,-0.0
1743667651.664548,0.0,-94.0,270.0,,0.0488966669511246,0.028,-1.698659842159398,0.03333333333333333,0.0,-0.0
1743667651.8542216,0.0,-94.0,270.0,,0.0488966669511246,0.028,-1.698659842159398,0.03333333333333333,0.0,-0.0
1743667652.0454943,0.0,-94.0,270.0,,0.0488966669511246,0.028,-1.698659842159398,0.03333333333333333,0.0,-0.0
1743667652.2374196,0.0,-94.0,270.0,,0.0488966669511246,0.028,-1.698659842159398,0.03333333333333333,0.0,-0.0
1743667652.4291315,0.0,-94.0,270.0,,0.0488966669511246,0.028,-1.698659842159398,0.03333333333333333,0.0,-0.0
1743667652.6201065,0.0,-94.0,270.0,,0.0488966669511246,0.028,-1.698659842159398,0.03333333333333333,0.0,-0.0
1743667652.8111727,0.0,-94.0,270.0,,0.0488966669511246,0.028,-1.698659842159398,0.03333333333333333,0.0,-0.0
1743667653.0059855,0.0,-94.0,270.0,,0.0488966669511246,0.028,-1.698659842159398,0.03333333333333333,0.0,-0.0
1743667653.199071,0.0,-94.0,270.0,,0.0488966669511246,0.028,-1.698659842159398,0.03333333333333333,0.0,-0.0
1743667653.3906338,0.0,-94.0,270.0,,0.0488966669511246,0.028,-1.698659842159398,0.03333333333333333,0.0,-0.0
1743667653.5795548,0.0,-94.0,270.0,,0.0488966669511246,0.028,-1.698659842159398,0.03333333333333333,0.0,-0.0
1743667653.7695081,0.0,-94.0,270.0,,0.0488966669511246,0.028,-1.698659842159398,0.03333333333333333,0.0,-0.0
1743667653.9594064,0.0,-94.0,270.0,,0.0488966669511246,0.028,-1.698659842159398,0.03333333333333333,0.0,-0.0
1743667654.1510458,0.0,-94.0,270.0,,0.0488966669511246,0.028,-1.698659842159398,0.03333333333333333,0.0,-0.0
1743667654.3440268,0.0,-94.0,270.0,,0.0488966669511246,0.028,-1.698659842159398,0.03333333333333333,0.0,-0.0
1743667654.5327797,0.0,-94.0,270.0,,0.0488966669511246,0.028,-1.698659842159398,0.03333333333333333,0.0,-0.0
1743667654.7236362,0.0,-94.0,270.0,,0.0488966669511246,0.028,-1.698659842159398,0.03333333333333333,0.0,-0.0
1743667654.9128292,0.0,-94.0,270.0,,0.0488966669511246,0.028,-1.698659842159398,0.03333333333333333,0.0,-0.0
1743667655.1060162,0.0,-94.0,270.0,,0.0488966669511246,0.028,-1.698659842159398,0.03333333333333333,0.0,-0.0
1743667655.295106,0.0,-94.0,270.0,,0.0488966669511246,0.028,-1.698659842159398,0.03333333333333333,0.0,-0.0
1743667655.4851243,0.0,-94.0,270.0,,0.0488966669511246,0.028,-1.698659842159398,0.03333333333333333,0.0,-0.0
1743667655.674359,0.0,-94.0,270.0,,0.0488966669511246,0.028,-1.698659842159398,0.03333333333333333,0.0,-0.0
1743667655.8658571,0.0,-94.0,270.0,,0.0488966669511246,0.028,-1.698659842159398,0.03333333333333333,0.0,-0.0
1743667656.0601635,0.0,-94.0,270.0,,0.0488966669511246,0.028,-1.698659842159398,0.03333333333333333,0.0,-0.0
1743667656.255331,0.0,-94.0,270.0,,0.0488966669511246,0.028,-1.698659842159398,0.03333333333333333,0.0,-0.0
1743667656.4473486,0.0,-94.0,270.0,,0.0488966669511246,0.028,-1.698659842159398,0.03333333333333333,0.0,-0.0
1743667656.6397204,0.0,-94.0,270.0,,0.0488966669511246,0.028,-1.698659842159398,0.03333333333333333,0.0,-0.0
1743667656.8326328,0.0,-94.0,270.0,,0.0488966669511246,0.028,-1.698659842159398,0.03333333333333333,0.0,-0.0
1743667657.0220504,0.0,-94.0,270.0,,0.0488966669511246,0.028,-1.698659842159398,0.03333333333333333,0.0,-0.0
1743667657.2120786,0.0,-94.0,270.0,,0.0488966669511246,0.028,-1.698659842159398,0.03333333333333333,0.0,-0.0
1743667657.4026494,0.0,-94.0,270.0,,0.0488966669511246,0.028,-1.698659842159398,0.03333333333333333,0.0,-0.0
1743667657.5927207,0.0,-94.0,270.0,,0.0488966669511246,0.028,-1.698659842159398,0.03333333333333333,0.0,-0.0
1743667657.7830582,0.0,-94.0,270.0,,0.0488966669511246,0.028,-1.698659842159398,0.03333333333333333,0.0,-0.0
1743667657.974,0.0,-94.0,270.0,,0.0488966669511246,0.028,-1.698659842159398,0.03333333333333333,0.0,-0.0
1743667658.1658435,0.0,-94.0,270.0,,0.0488966669511246,0.028,-1.698659842159398,0.03333333333333333,0.0,-0.0
1743667658.3574276,0.0,-94.0,270.0,,0.0488966669511246,0.028,-1.698659842159398,0.03333333333333333,0.0,-0.0
1743667658.548071,0.0,-94.0,270.0,,0.0488966669511246,0.028,-1.698659842159398,0.03333333333333333,0.0,-0.0
1743667658.739225,0.0,-94.0,270.0,,0.0488966669511246,0.028,-1.698659842159398,0.03333333333333333,0.0,-0.0
1743667658.9314356,0.0,-94.0,270.0,,0.0488966669511246,0.028,-1.698659842159398,0.03333333333333333,0.0,-0.0
1743667659.1231325,0.0,-94.0,270.0,,0.0488966669511246,0.028,-1.698659842159398,0.03333333333333333,0.0,-0.0
1743667659.3140323,0.0,-94.0,270.0,,0.0488966669511246,0.028,-1.698659842159398,0.03333333333333333,0.0,-0.0
1743667659.5049233,0.0,-94.0,270.0,,0.0488966669511246,0.028,-1.698659842159398,0.03333333333333333,0.0,-0.0
1743667659.6951113,0.0,-94.0,270.0,,0.0488966669511246,0.028,-1.698659842159398,0.03333333333333333,0.0,-0.0
1743667659.8856394,0.0,-94.0,270.0,,0.0488966669511246,0.028,-1.698659842159398,0.03333333333333333,0.0,-0.0
1743667660.0783105,0.0,-94.0,270.0,,0.0488966669511246,0.028,-1.698659842159398,0.03333333333333333,0.0,-0.0
1743667660.2737541,0.0,-94.0,270.0,,0.0488966669511246,0.028,-1.698659842159398,0.03333333333333333,0.0,-0.0
1743667660.4669752,0.0,-94.0,270.0,,0.0488966669511246,0.028,-1.698659842159398,0.03333333333333333,0.0,-0.0
1743667660.6600142,0.0,-94.0,270.0,,0.0488966669511246,0.028,-1.698659842159398,0.03333333333333333,0.0,-0.0
1743667660.8603146,0.0,-94.0,270.0,,0.0488966669511246,0.028,-1.698659842159398,0.03333333333333333,0.0,-0.0
1743667661.0715961,0.0,-94.0,270.0,,0.0488966669511246,0.028,-1.698659842159398,0.03333333333333333,0.0,-0.0
1743667661.28301,0.0,-94.0,270.0,,0.0488966669511246,0.028,-1.698659842159398,0.03333333333333333,0.0,-0.0
1743667661.4904335,0.0,-94.0,270.0,,0.0488966669511246,0.028,-1.698659842159398,0.03333333333333333,0.0,-0.0
1743667661.695345,0.0,-94.0,270.0,,0.0488966669511246,0.028,-1.698659842159398,0.03333333333333333,0.0,-0.0
1743667661.8932667,0.0,-94.0,270.0,,0.0488966669511246,0.028,-1.698659842159398,0.03333333333333333,0.0,-0.0
1743667662.0868652,0.0,-94.0,270.0,,0.0488966669511246,0.028,-1.698659842159398,0.03333333333333333,0.0,-0.0
1743667662.2808814,0.0,-94.0,270.0,,0.0488966669511246,0.028,-1.698659842159398,0.03333333333333333,0.0,-0.0
1743667662.4721513,0.0,-94.0,270.0,,0.0488966669511246,0.028,-1.698659842159398,0.03333333333333333,0.0,-0.0
1743667662.6637297,0.0,-94.0,270.0,,0.0488966669511246,0.028,-1.698659842159398,0.03333333333333333,0.0,-0.0
1743667662.8555584,0.0,-94.0,270.0,,0.0488966669511246,0.028,-1.698659842159398,0.03333333333333333,0.0,-0.0
1743667663.0460515,0.0,-94.0,270.0,,0.0488966669511246,0.028,-1.698659842159398,0.03333333333333333,0.0,-0.0
1743667663.2381172,0.0,-94.0,270.0,,0.0488966669511246,0.028,-1.698659842159398,0.03333333333333333,0.0,-0.0
1743667663.4296181,0.0,-94.0,270.0,,0.0488966669511246,0.028,-1.698659842159398,0.03333333333333333,0.0,-0.0
1743667663.6211412,0.0,-94.0,270.0,,0.0488966669511246,0.028,-1.698659842159398,0.03333333333333333,0.0,-0.0
1743667663.811578,0.0,-94.0,270.0,,0.0488966669511246,0.028,-1.698659842159398,0.03333333333333333,0.0,-0.0
1743667664.0023744,0.0,-94.0,270.0,,0.0488966669511246,0.028,-1.698659842159398,0.03333333333333333,0.0,-0.0
1743667664.1925929,0.0,-94.0,270.0,,0.0488966669511246,0.028,-1.698659842159398,0.03333333333333333,0.0,-0.0
1743667664.384249,0.0,-94.0,270.0,,0.0488966669511246,0.028,-1.698659842159398,0.03333333333333333,0.0,-0.0
1743667664.5754626,0.0,-94.0,270.0,,0.0488966669511246,0.028,-1.698659842159398,0.03333333333333333,0.0,-0.0
1743667664.7680807,0.0,-94.0,270.0,,0.0488966669511246,0.028,-1.698659842159398,0.03333333333333333,0.0,-0.0
1743667664.960267,0.0,-94.0,270.0,,0.0488966669511246,0.028,-1.698659842159398,0.03333333333333333,0.0,-0.0
1743667665.1548076,0.0,-94.0,270.0,,0.0488966669511246,0.028,-1.698659842159398,0.03333333333333333,0.0,-0.0
1743667665.3468957,0.0,-94.0,270.0,,0.0488966669511246,0.028,-1.698659842159398,0.03333333333333333,0.0,-0.0
1743667665.5374854,0.0,-94.0,270.0,,0.0488966669511246,0.028,-1.698659842159398,0.03333333333333333,0.0,-0.0
1743667665.7271273,0.0,-94.0,270.0,,0.0488966669511246,0.028,-1.698659842159398,0.03333333333333333,0.0,-0.0
1743667665.918277,0.0,-94.0,270.0,,0.0488966669511246,0.028,-1.698659842159398,0.03333333333333333,0.0,-0.0
1743667666.1088338,0.0,-94.0,270.0,,0.0488966669511246,0.028,-1.698659842159398,0.03333333333333333,0.0,-0.0
1743667666.3005784,0.0,-94.0,270.0,,0.0488966669511246,0.028,-1.698659842159398,0.03333333333333333,0.0,-0.0
1743667666.4898283,0.0,-94.0,270.0,,0.0488966669511246,0.028,-1.698659842159398,0.03333333333333333,0.0,-0.0
1743667666.6839433,0.0,-94.0,270.0,,0.0488966669511246,0.028,-1.698659842159398,0.03333333333333333,0.0,-0.0
1743667666.8772936,0.0,-94.0,270.0,,0.0488966669511246,0.028,-1.698659842159398,0.03333333333333333,0.0,-0.0
1743667667.069987,0.0,-94.0,270.0,,0.0488966669511246,0.028,-1.698659842159398,0.03333333333333333,0.0,-0.0
1743667667.262906,0.0,-94.0,270.0,,0.0488966669511246,0.028,-1.698659842159398,0.03333333333333333,0.0,-0.0
1743667667.4530544,0.0,-94.0,270.0,,0.0488966669511246,0.028,-1.698659842159398,0.03333333333333333,0.0,-0.0
1743667667.6417067,0.0,-94.0,270.0,,0.0488966669511246,0.028,-1.698659842159398,0.03333333333333333,0.0,-0.0
1743667667.832026,0.0,-94.0,270.0,,0.0488966669511246,0.028,-1.698659842159398,0.03333333333333333,0.0,-0.0
1743667668.021977,0.0,-94.0,270.0,,0.0488966669511246,0.028,-1.698659842159398,0.03333333333333333,0.0,-0.0
1743667668.2132127,0.0,-94.0,270.0,,0.0488966669511246,0.028,-1.698659842159398,0.03333333333333333,0.0,-0.0
1743667668.4042742,0.0,-94.0,270.0,,0.0488966669511246,0.028,-1.698659842159398,0.03333333333333333,0.0,-0.0
1743667668.5939872,0.0,-94.0,270.0,,0.0488966669511246,0.028,-1.698659842159398,0.03333333333333333,0.0,-0.0
1743667668.7841399,0.0,-94.0,270.0,,0.0488966669511246,0.028,-1.698659842159398,0.03333333333333333,0.0,-0.0
1743667668.9751873,0.0,-94.0,270.0,,0.0488966669511246,0.028,-1.698659842159398,0.03333333333333333,0.0,-0.0
1743667669.1647453,0.0,-94.0,270.0,,0.0488966669511246,0.028,-1.698659842159398,0.03333333333333333,0.0,-0.0
1743667669.3539329,0.0,-94.0,270.0,,0.0488966669511246,0.028,-1.698659842159398,0.03333333333333333,0.0,-0.0
1743667669.5447233,0.0,-94.0,270.0,,0.0488966669511246,0.028,-1.698659842159398,0.03333333333333333,0.0,-0.0
1743667669.7366698,0.0,-94.0,270.0,,0.0488966669511246,0.028,-1.698659842159398,0.03333333333333333,0.0,-0.0
1743667669.925681,0.0,-94.0,270.0,,0.0488966669511246,0.028,-1.698659842159398,0.03333333333333333,0.0,-0.0
1743667670.117316,0.0,-94.0,270.0,,0.0488966669511246,0.028,-1.698659842159398,0.03333333333333333,0.0,-0.0
1743667670.310221,0.0,-94.0,270.0,,0.0488966669511246,0.028,-1.698659842159398,0.03333333333333333,0.0,-0.0
1743667670.4991424,0.0,-94.0,270.0,,0.0488966669511246,0.028,-1.698659842159398,0.03333333333333333,0.0,-0.0
1743667670.6896174,0.0,-94.0,270.0,,0.0488966669511246,0.028,-1.698659842159398,0.03333333333333333,0.0,-0.0
1743667670.8846335,0.0,-94.0,270.0,,0.0488966669511246,0.028,-1.698659842159398,0.03333333333333333,0.0,-0.0
1743667671.1154337,0.0,-94.0,270.0,,0.0488966669511246,0.028,-1.698659842159398,0.03333333333333333,0.0,-0.0
1743667671.3602924,0.0,-94.0,270.0,,0.0488966669511246,0.028,-1.698659842159398,0.03333333333333333,0.0,-0.0
1743667671.6214797,0.0,-94.0,270.0,,0.0488966669511246,0.028,-1.698659842159398,0.03333333333333333,0.0,-0.0
1743667671.8854752,0.0,-94.0,270.0,,0.0488966669511246,0.028,-1.698659842159398,0.03333333333333333,0.0,-0.0
1743667672.1508608,0.0,-94.0,270.0,,0.0488966669511246,0.028,-1.698659842159398,0.03333333333333333,0.0,-0.0
1743667672.4190779,0.0,-94.0,270.0,,0.0488966669511246,0.028,-1.698659842159398,0.03333333333333333,0.0,-0.0
1743667672.686363,0.0,-94.0,270.0,,0.0488966669511246,0.028,-1.698659842159398,0.03333333333333333,0.0,-0.0
1743667672.9561129,0.0,-94.0,270.0,,0.0488966669511246,0.028,-1.698659842159398,0.03333333333333333,0.0,-0.0
1743667673.2390237,0.0,-94.0,270.0,,0.0488966669511246,0.028,-1.698659842159398,0.03333333333333333,0.0,-0.0
1743667673.484267,0.0,-94.0,270.0,,0.0488966669511246,0.028,-1.698659842159398,0.03333333333333333,0.0,-0.0
1743667673.702452,0.0,-94.0,270.0,,0.0488966669511246,0.028,-1.698659842159398,0.03333333333333333,0.0,-0.0
1743667673.9077213,0.0,-94.0,270.0,,0.0488966669511246,0.028,-1.698659842159398,0.03333333333333333,0.0,-0.0
1743667674.1067393,0.0,-94.0,270.0,,0.0488966669511246,0.028,-1.698659842159398,0.03333333333333333,0.0,-0.0
1743667674.3001626,0.0,-94.0,270.0,,0.0488966669511246,0.028,-1.698659842159398,0.03333333333333333,0.0,-0.0
1743667674.4932358,0.0,-94.0,270.0,,0.0488966669511246,0.028,-1.698659842159398,0.03333333333333333,0.0,-0.0
1743667674.6857321,0.0,-94.0,270.0,,0.0488966669511246,0.028,-1.698659842159398,0.03333333333333333,0.0,-0.0
1743667674.8774445,0.0,-94.0,270.0,,0.0488966669511246,0.028,-1.698659842159398,0.03333333333333333,0.0,-0.0
1743667675.0702312,0.0,-94.0,270.0,,0.0488966669511246,0.028,-1.698659842159398,0.03333333333333333,0.0,-0.0
1743667675.2641263,0.0,-94.0,270.0,,0.0488966669511246,0.028,-1.698659842159398,0.03333333333333333,0.0,-0.0
1743667675.4805484,0.0,-94.0,270.0,,0.0488966669511246,0.028,-1.698659842159398,0.03333333333333333,0.0,-0.0
1743667675.702861,0.0,-94.0,270.0,,0.0488966669511246,0.028,-1.698659842159398,0.03333333333333333,0.0,-0.0
1743667675.9212637,0.0,-94.0,270.0,,0.0488966669511246,0.028,-1.698659842159398,0.03333333333333333,0.0,-0.0
1743667676.138871,0.0,-94.0,270.0,,0.0488966669511246,0.028,-1.698659842159398,0.03333333333333333,0.0,-0.0
1743667676.3501737,0.0,-94.0,270.0,,0.0488966669511246,0.028,-1.698659842159398,0.03333333333333333,0.0,-0.0
1743667676.5496013,0.0,-94.0,270.0,,0.0488966669511246,0.028,-1.698659842159398,0.03333333333333333,0.0,-0.0
1743667676.7466857,0.0,-94.0,270.0,,0.0488966669511246,0.028,-1.698659842159398,0.03333333333333333,0.0,-0.0
1743667676.939004,0.0,-94.0,270.0,,0.0488966669511246,0.028,-1.698659842159398,0.03333333333333333,0.0,-0.0
1743667677.1318953,0.0,-94.0,270.0,,0.0488966669511246,0.028,-1.698659842159398,0.03333333333333333,0.0,-0.0
1743667677.324556,0.0,-94.0,270.0,,0.0488966669511246,0.028,-1.698659842159398,0.03333333333333333,0.0,-0.0
1743667677.5129418,0.0,-94.0,270.0,,0.0488966669511246,0.028,-1.698659842159398,0.03333333333333333,0.0,-0.0
1743667677.7061603,0.0,-94.0,270.0,,0.0488966669511246,0.028,-1.698659842159398,0.03333333333333333,0.0,-0.0
1743667677.8971186,0.0,-94.0,270.0,,0.0488966669511246,0.028,-1.698659842159398,0.03333333333333333,0.0,-0.0
1743667678.0860164,0.0,-94.0,270.0,,0.0488966669511246,0.028,-1.698659842159398,0.03333333333333333,0.0,-0.0
1743667678.2797353,0.0,-94.0,270.0,,0.0488966669511246,0.028,-1.698659842159398,0.03333333333333333,0.0,-0.0
1743667678.4680688,0.0,-94.0,270.0,,0.0488966669511246,0.028,-1.698659842159398,0.03333333333333333,0.0,-0.0
1743667678.6598485,0.0,-94.0,270.0,,0.0488966669511246,0.028,-1.698659842159398,0.03333333333333333,0.0,-0.0
1743667678.8497307,0.0,-94.0,270.0,,0.0488966669511246,0.028,-1.698659842159398,0.03333333333333333,0.0,-0.0
1743667679.03991,0.0,-94.0,270.0,,0.0488966669511246,0.028,-1.698659842159398,0.03333333333333333,0.0,-0.0
1743667679.2299285,0.0,-94.0,270.0,,0.0488966669511246,0.028,-1.698659842159398,0.03333333333333333,0.0,-0.0
1743667679.420119,0.0,-94.0,270.0,,0.0488966669511246,0.028,-1.698659842159398,0.03333333333333333,0.0,-0.0
1743667679.6101708,0.0,-94.0,270.0,,0.0488966669511246,0.028,-1.698659842159398,0.03333333333333333,0.0,-0.0
1743667679.8004775,0.0,-94.0,270.0,,0.0488966669511246,0.028,-1.698659842159398,0.03333333333333333,0.0,-0.0
1743667679.991175,0.0,-94.0,270.0,,0.0488966669511246,0.028,-1.698659842159398,0.03333333333333333,0.0,-0.0
1743667680.1854534,0.0,-94.0,270.0,,0.0488966669511246,0.028,-1.698659842159398,0.03333333333333333,0.0,-0.0
1743667680.3761365,0.0,-94.0,270.0,,0.0488966669511246,0.028,-1.698659842159398,0.03333333333333333,0.0,-0.0
1743667680.5681074,0.0,-94.0,270.0,,0.0488966669511246,0.028,-1.698659842159398,0.03333333333333333,0.0,-0.0
1743667680.758798,0.0,-94.0,270.0,,0.0488966669511246,0.028,-1.698659842159398,0.03333333333333333,0.0,-0.0
1743667680.9552455,0.0,-94.0,270.0,,0.0488966669511246,0.028,-1.698659842159398,0.03333333333333333,0.0,-0.0
1743667681.1597896,0.0,-94.0,270.0,,0.0488966669511246,0.028,-1.698659842159398,0.03333333333333333,0.0,-0.0
1743667681.354821,0.0,-94.0,270.0,,0.0488966669511246,0.028,-1.698659842159398,0.03333333333333333,0.0,-0.0
1743667681.547707,0.0,-94.0,270.0,,0.0488966669511246,0.028,-1.698659842159398,0.03333333333333333,0.0,-0.0
1743667681.7411802,0.0,-94.0,270.0,,0.0488966669511246,0.028,-1.698659842159398,0.03333333333333333,0.0,-0.0
1743667681.9324508,0.0,-94.0,270.0,,0.0488966669511246,0.028,-1.698659842159398,0.03333333333333333,0.0,-0.0
1743667682.123905,0.0,-94.0,270.0,,0.0488966669511246,0.028,-1.698659842159398,0.03333333333333333,0.0,-0.0
1743667682.31609,0.0,-94.0,270.0,,0.0488966669511246,0.028,-1.698659842159398,0.03333333333333333,0.0,-0.0
1743667682.5052335,0.0,-94.0,270.0,,0.0488966669511246,0.028,-1.698659842159398,0.03333333333333333,0.0,-0.0
1743667682.6958992,0.0,-94.0,270.0,,0.0488966669511246,0.028,-1.698659842159398,0.03333333333333333,0.0,-0.0
1743667682.8883188,0.0,-94.0,270.0,,0.0488966669511246,0.028,-1.698659842159398,0.03333333333333333,0.0,-0.0
1743667683.0802515,0.0,-94.0,270.0,,0.0488966669511246,0.028,-1.698659842159398,0.03333333333333333,0.0,-0.0
1743667683.2705028,0.0,-94.0,270.0,,0.0488966669511246,0.028,-1.698659842159398,0.03333333333333333,0.0,-0.0
1743667683.4621644,0.0,-94.0,270.0,,0.0488966669511246,0.028,-1.698659842159398,0.03333333333333333,0.0,-0.0
1743667683.65161,0.0,-94.0,270.0,,0.0488966669511246,0.028,-1.698659842159398,0.03333333333333333,0.0,-0.0
1743667683.842997,0.0,-94.0,270.0,,0.0488966669511246,0.028,-1.698659842159398,0.03333333333333333,0.0,-0.0
1743667684.0322406,0.0,-94.0,270.0,,0.0488966669511246,0.028,-1.698659842159398,0.03333333333333333,0.0,-0.0
1743667684.2261622,0.0,-94.0,270.0,,0.0488966669511246,0.028,-1.698659842159398,0.03333333333333333,0.0,-0.0
1743667684.4156847,0.0,-94.0,270.0,,0.0488966669511246,0.028,-1.698659842159398,0.03333333333333333,0.0,-0.0
1743667684.6055987,0.0,-94.0,270.0,,0.0488966669511246,0.028,-1.698659842159398,0.03333333333333333,0.0,-0.0
1743667684.797184,0.0,-94.0,270.0,,0.0488966669511246,0.028,-1.698659842159398,0.03333333333333333,0.0,-0.0
1743667684.9881961,0.0,-94.0,270.0,,0.0488966669511246,0.028,-1.698659842159398,0.03333333333333333,0.0,-0.0
1743667685.1783068,0.0,-94.0,270.0,,0.0488966669511246,0.028,-1.698659842159398,0.03333333333333333,0.0,-0.0
1743667685.3696089,0.0,-94.0,270.0,,0.0488966669511246,0.028,-1.698659842159398,0.03333333333333333,0.0,-0.0
1743667685.5582633,0.0,-94.0,270.0,,0.0488966669511246,0.028,-1.698659842159398,0.03333333333333333,0.0,-0.0
1743667685.7495413,0.0,-94.0,270.0,,0.0488966669511246,0.028,-1.698659842159398,0.03333333333333333,0.0,-0.0
1743667685.9410079,0.0,-94.0,270.0,,0.0488966669511246,0.028,-1.698659842159398,0.03333333333333333,0.0,-0.0
1743667686.131971,0.0,-94.0,270.0,,0.0488966669511246,0.028,-1.698659842159398,0.03333333333333333,0.0,-0.0
1743667686.3241422,0.0,-94.0,270.0,,0.0488966669511246,0.028,-1.698659842159398,0.03333333333333333,0.0,-0.0
1743667686.5163052,0.0,-94.0,270.0,,0.0488966669511246,0.028,-1.698659842159398,0.03333333333333333,0.0,-0.0
1743667686.7078226,0.0,-94.0,270.0,,0.0488966669511246,0.028,-1.698659842159398,0.03333333333333333,0.0,-0.0
1743667686.8989263,0.0,-94.0,270.0,,0.0488966669511246,0.028,-1.698659842159398,0.03333333333333333,0.0,-0.0
1743667687.0898893,0.0,-94.0,270.0,,0.0488966669511246,0.028,-1.698659842159398,0.03333333333333333,0.0,-0.0
1743667687.2809966,0.0,-94.0,270.0,,0.0488966669511246,0.028,-1.698659842159398,0.03333333333333333,0.0,-0.0
1743667687.471538,0.0,-94.0,270.0,,0.0488966669511246,0.028,-1.698659842159398,0.03333333333333333,0.0,-0.0
1743667687.6633062,0.0,-94.0,270.0,,0.0488966669511246,0.028,-1.698659842159398,0.03333333333333333,0.0,-0.0
1743667687.8523126,0.0,-94.0,270.0,,0.0488966669511246,0.028,-1.698659842159398,0.03333333333333333,0.0,-0.0
1743667688.0427115,0.0,-94.0,270.0,,0.0488966669511246,0.028,-1.698659842159398,0.03333333333333333,0.0,-0.0
1743667688.2345338,0.0,-94.0,270.0,,0.0488966669511246,0.028,-1.698659842159398,0.03333333333333333,0.0,-0.0
1743667688.4257119,0.0,-94.0,270.0,,0.0488966669511246,0.028,-1.698659842159398,0.03333333333333333,0.0,-0.0
1743667688.6147408,0.0,-94.0,270.0,,0.0488966669511246,0.028,-1.698659842159398,0.03333333333333333,0.0,-0.0
1743667688.8067164,0.0,-94.0,270.0,,0.0488966669511246,0.028,-1.698659842159398,0.03333333333333333,0.0,-0.0
1743667688.9960675,0.0,-94.0,270.0,,0.0488966669511246,0.028,-1.698659842159398,0.03333333333333333,0.0,-0.0
1743667689.1874213,0.0,-94.0,270.0,,0.0488966669511246,0.028,-1.698659842159398,0.03333333333333333,0.0,-0.0
1743667689.377952,0.0,-94.0,270.0,,0.0488966669511246,0.028,-1.698659842159398,0.03333333333333333,0.0,-0.0
1743667689.5679212,0.0,-94.0,270.0,,0.0488966669511246,0.028,-1.698659842159398,0.03333333333333333,0.0,-0.0
1743667689.7581887,0.0,-94.0,270.0,,0.0488966669511246,0.028,-1.698659842159398,0.03333333333333333,0.0,-0.0
1743667689.9487903,0.0,-94.0,270.0,,0.0488966669511246,0.028,-1.698659842159398,0.03333333333333333,0.0,-0.0
1743667690.1465454,0.0,-94.0,270.0,,0.0488966669511246,0.028,-1.698659842159398,0.03333333333333333,0.0,-0.0
1743667690.354254,0.0,-94.0,270.0,,0.0488966669511246,0.028,-1.698659842159398,0.03333333333333333,0.0,-0.0
1743667690.5631454,0.0,-94.0,270.0,,0.0488966669511246,0.028,-1.698659842159398,0.03333333333333333,0.0,-0.0
1743667690.7771475,0.0,-94.0,270.0,,0.0488966669511246,0.028,-1.698659842159398,0.03333333333333333,0.0,-0.0
1743667690.98608,0.0,-94.0,270.0,,0.0488966669511246,0.028,-1.698659842159398,0.03333333333333333,0.0,-0.0
1743667691.1843874,0.0,-94.0,270.0,,0.0488966669511246,0.028,-1.698659842159398,0.03333333333333333,0.0,-0.0
1743667691.3778841,0.0,-94.0,270.0,,0.0488966669511246,0.028,-1.698659842159398,0.03333333333333333,0.0,-0.0
1743667691.5712826,0.0,-94.0,270.0,,0.0488966669511246,0.028,-1.698659842159398,0.03333333333333333,0.0,-0.0
1743667691.7654338,0.0,-94.0,270.0,,0.0488966669511246,0.028,-1.698659842159398,0.03333333333333333,0.0,-0.0
1743667691.9581177,0.0,-94.0,270.0,,0.0488966669511246,0.028,-1.698659842159398,0.03333333333333333,0.0,-0.0
1743667692.1492832,0.0,-94.0,270.0,,0.0488966669511246,0.028,-1.698659842159398,0.03333333333333333,0.0,-0.0
1743667692.3398855,0.0,-94.0,270.0,,0.0488966669511246,0.028,-1.698659842159398,0.03333333333333333,0.0,-0.0
1743667692.5301025,0.0,-94.0,270.0,,0.0488966669511246,0.028,-1.698659842159398,0.03333333333333333,0.0,-0.0
1743667692.7210696,0.0,-94.0,270.0,,0.0488966669511246,0.028,-1.698659842159398,0.03333333333333333,0.0,-0.0
1743667692.9131033,0.0,-94.0,270.0,,0.0488966669511246,0.028,-1.698659842159398,0.03333333333333333,0.0,-0.0
1743667693.1059558,0.0,-94.0,270.0,,0.0488966669511246,0.028,-1.698659842159398,0.03333333333333333,0.0,-0.0
1743667693.3003275,0.0,-94.0,270.0,,0.0488966669511246,0.028,-1.698659842159398,0.03333333333333333,0.0,-0.0
1743667693.49228,0.0,-94.0,270.0,,0.0488966669511246,0.028,-1.698659842159398,0.03333333333333333,0.0,-0.0
1743667693.683183,0.0,-94.0,270.0,,0.0488966669511246,0.028,-1.698659842159398,0.03333333333333333,0.0,-0.0
1743667693.8742201,0.0,-94.0,270.0,,0.0488966669511246,0.028,-1.698659842159398,0.03333333333333333,0.0,-0.0
1743667694.0664468,0.0,-94.0,270.0,,0.0488966669511246,0.028,-1.698659842159398,0.03333333333333333,0.0,-0.0
1743667694.258251,0.0,-94.0,270.0,,0.0488966669511246,0.028,-1.698659842159398,0.03333333333333333,0.0,-0.0
1743667694.450026,0.0,-94.0,270.0,,0.0488966669511246,0.028,-1.698659842159398,0.03333333333333333,0.0,-0.0
1743667694.6402643,0.0,-94.0,270.0,,0.0488966669511246,0.028,-1.698659842159398,0.03333333333333333,0.0,-0.0
1743667694.8310657,0.0,-94.0,270.0,,0.0488966669511246,0.028,-1.698659842159398,0.03333333333333333,0.0,-0.0
1743667695.0219045,0.0,-94.0,270.0,,0.0488966669511246,0.028,-1.698659842159398,0.03333333333333333,0.0,-0.0
1743667695.2140057,0.0,-94.0,270.0,,0.0488966669511246,0.028,-1.698659842159398,0.03333333333333333,0.0,-0.0
1743667695.4039764,0.0,-94.0,270.0,,0.0488966669511246,0.028,-1.698659842159398,0.03333333333333333,0.0,-0.0
1743667695.594216,0.0,-94.0,270.0,,0.0488966669511246,0.028,-1.698659842159398,0.03333333333333333,0.0,-0.0
1743667695.7841084,0.0,-94.0,270.0,,0.0488966669511246,0.028,-1.698659842159398,0.03333333333333333,0.0,-0.0
1743667695.9761732,0.0,-94.0,270.0,,0.0488966669511246,0.028,-1.698659842159398,0.03333333333333333,0.0,-0.0
1743667696.1689453,0.0,-94.0,270.0,,0.0488966669511246,0.028,-1.698659842159398,0.03333333333333333,0.0,-0.0
1743667696.3709326,0.0,-94.0,270.0,,0.0488966669511246,0.028,-1.698659842159398,0.03333333333333333,0.0,-0.0
1743667696.5694473,0.0,-94.0,270.0,,0.0488966669511246,0.028,-1.698659842159398,0.03333333333333333,0.0,-0.0
1743667696.7831404,0.0,-94.0,270.0,,0.0488966669511246,0.028,-1.698659842159398,0.03333333333333333,0.0,-0.0
1743667696.9856596,0.0,-94.0,270.0,,0.0488966669511246,0.028,-1.698659842159398,0.03333333333333333,0.0,-0.0
1743667697.1839345,0.0,-94.0,270.0,,0.0488966669511246,0.028,-1.698659842159398,0.03333333333333333,0.0,-0.0
1743667697.377162,0.0,-94.0,270.0,,0.0488966669511246,0.028,-1.698659842159398,0.03333333333333333,0.0,-0.0
1743667697.5711372,0.0,-94.0,270.0,,0.0488966669511246,0.028,-1.698659842159398,0.03333333333333333,0.0,-0.0
1743667697.7649539,0.0,-94.0,270.0,,0.0488966669511246,0.028,-1.698659842159398,0.03333333333333333,0.0,-0.0
1743667697.9579797,0.0,-94.0,270.0,,0.0488966669511246,0.028,-1.698659842159398,0.03333333333333333,0.0,-0.0
1743667698.1516979,0.0,-94.0,270.0,,0.0488966669511246,0.028,-1.698659842159398,0.03333333333333333,0.0,-0.0
1743667698.3446324,0.0,-94.0,270.0,,0.0488966669511246,0.028,-1.698659842159398,0.03333333333333333,0.0,-0.0
1743667698.535231,0.0,-94.0,270.0,,0.0488966669511246,0.028,-1.698659842159398,0.03333333333333333,0.0,-0.0
1743667698.729482,0.0,-94.0,270.0,,0.0488966669511246,0.028,-1.698659842159398,0.03333333333333333,0.0,-0.0
1743667698.9207003,0.0,-94.0,270.0,,0.0488966669511246,0.028,-1.698659842159398,0.03333333333333333,0.0,-0.0
1743667699.111785,0.0,-94.0,270.0,,0.0488966669511246,0.028,-1.698659842159398,0.03333333333333333,0.0,-0.0
1743667699.322359,0.0,-94.0,270.0,,0.0488966669511246,0.028,-1.698659842159398,0.03333333333333333,0.0,-0.0
1743667699.5391011,0.0,-94.0,270.0,,0.0488966669511246,0.028,-1.698659842159398,0.03333333333333333,0.0,-0.0
1743667699.7433112,0.0,-94.0,270.0,,0.0488966669511246,0.028,-1.698659842159398,0.03333333333333333,0.0,-0.0
1743667699.9416955,0.0,-94.0,270.0,,0.0488966669511246,0.028,-1.698659842159398,0.03333333333333333,0.0,-0.0
1743667700.135528,0.0,-94.0,270.0,,0.0488966669511246,0.028,-1.698659842159398,0.03333333333333333,0.0,-0.0
1743667700.328835,0.0,-94.0,270.0,,0.0488966669511246,0.028,-1.698659842159398,0.03333333333333333,0.0,-0.0
1743667700.5221477,0.0,-94.0,270.0,,0.0488966669511246,0.028,-1.698659842159398,0.03333333333333333,0.0,-0.0
1743667700.713274,0.0,-94.0,270.0,,0.0488966669511246,0.028,-1.698659842159398,0.03333333333333333,0.0,-0.0
1743667700.908088,0.0,-94.0,270.0,,0.0488966669511246,0.028,-1.698659842159398,0.03333333333333333,0.0,-0.0
1743667701.100296,0.0,-94.0,270.0,,0.0488966669511246,0.028,-1.698659842159398,0.03333333333333333,0.0,-0.0
1743667701.2908032,0.0,-94.0,270.0,,0.0488966669511246,0.028,-1.698659842159398,0.03333333333333333,0.0,-0.0
1743667701.480832,0.0,-94.0,270.0,,0.0488966669511246,0.028,-1.698659842159398,0.03333333333333333,0.0,-0.0
1743667701.6791873,0.0,-94.0,270.0,,0.0488966669511246,0.028,-1.698659842159398,0.03333333333333333,0.0,-0.0
1743667701.8737674,0.0,-94.0,270.0,,0.0488966669511246,0.028,-1.698659842159398,0.03333333333333333,0.0,-0.0
1743667702.0670965,0.0,-94.0,270.0,,0.0488966669511246,0.028,-1.698659842159398,0.03333333333333333,0.0,-0.0
1743667702.2589898,0.0,-94.0,270.0,,0.0488966669511246,0.028,-1.698659842159398,0.03333333333333333,0.0,-0.0
1743667702.4514863,0.0,-94.0,270.0,,0.0488966669511246,0.028,-1.698659842159398,0.03333333333333333,0.0,-0.0
1743667702.6411982,0.0,-94.0,270.0,,0.0488966669511246,0.028,-1.698659842159398,0.03333333333333333,0.0,-0.0
1743667702.8337288,0.0,-94.0,270.0,,0.0488966669511246,0.028,-1.698659842159398,0.03333333333333333,0.0,-0.0
1743667703.0250938,0.0,-94.0,270.0,,0.0488966669511246,0.028,-1.698659842159398,0.03333333333333333,0.0,-0.0
1743667703.2407603,0.0,-94.0,270.0,,0.0488966669511246,0.028,-1.698659842159398,0.03333333333333333,0.0,-0.0
1743667703.4906106,0.0,-94.0,270.0,,0.0488966669511246,0.028,-1.698659842159398,0.03333333333333333,0.0,-0.0
1743667703.7534204,0.0,-94.0,270.0,,0.0488966669511246,0.028,-1.698659842159398,0.03333333333333333,0.0,-0.0
1743667704.019271,0.0,-94.0,270.0,,0.0488966669511246,0.028,-1.698659842159398,0.03333333333333333,0.0,-0.0
1743667704.2910848,0.0,-94.0,270.0,,0.0488966669511246,0.028,-1.698659842159398,0.03333333333333333,0.0,-0.0
1743667704.5722637,0.0,-94.0,270.0,,0.0488966669511246,0.028,-1.698659842159398,0.03333333333333333,0.0,-0.0
1743667704.8678715,0.0,-94.0,270.0,,0.0488966669511246,0.028,-1.698659842159398,0.03333333333333333,0.0,-0.0
1743667705.161577,0.0,-94.0,270.0,,0.0488966669511246,0.028,-1.698659842159398,0.03333333333333333,0.0,-0.0
1743667705.4627645,0.0,-94.0,270.0,,0.0488966669511246,0.028,-1.698659842159398,0.03333333333333333,0.0,-0.0
1743667705.7736044,0.0,-94.0,270.0,,0.0488966669511246,0.028,-1.698659842159398,0.03333333333333333,0.0,-0.0
1743667706.0463164,0.0,-94.0,270.0,,0.0488966669511246,0.028,-1.698659842159398,0.03333333333333333,0.0,-0.0
1743667706.283086,0.0,-94.0,270.0,,0.0488966669511246,0.028,-1.698659842159398,0.03333333333333333,0.0,-0.0
1743667706.497144,0.0,-94.0,270.0,,0.0488966669511246,0.028,-1.698659842159398,0.03333333333333333,0.0,-0.0
1743667706.7030206,0.0,-94.0,270.0,,0.0488966669511246,0.028,-1.698659842159398,0.03333333333333333,0.0,-0.0
1743667706.9023724,0.0,-94.0,270.0,,0.0488966669511246,0.028,-1.698659842159398,0.03333333333333333,0.0,-0.0
1743667707.0967968,0.0,-94.0,270.0,,0.0488966669511246,0.028,-1.698659842159398,0.03333333333333333,0.0,-0.0
1743667707.2910306,0.0,-94.0,270.0,,0.0488966669511246,0.028,-1.698659842159398,0.03333333333333333,0.0,-0.0
1743667707.484159,0.0,-94.0,270.0,,0.0488966669511246,0.028,-1.698659842159398,0.03333333333333333,0.0,-0.0
1743667707.675839,0.0,-94.0,270.0,,0.0488966669511246,0.028,-1.698659842159398,0.03333333333333333,0.0,-0.0
1743667707.866395,0.0,-94.0,270.0,,0.0488966669511246,0.028,-1.698659842159398,0.03333333333333333,0.0,-0.0
1743667708.0570061,0.0,-94.0,270.0,,0.0488966669511246,0.028,-1.698659842159398,0.03333333333333333,0.0,-0.0
1743667708.2481933,0.0,-94.0,270.0,,0.0488966669511246,0.028,-1.698659842159398,0.03333333333333333,0.0,-0.0
1743667708.4375737,0.0,-94.0,270.0,,0.0488966669511246,0.028,-1.698659842159398,0.03333333333333333,0.0,-0.0
1743667708.6273093,0.0,-94.0,270.0,,0.0488966669511246,0.028,-1.698659842159398,0.03333333333333333,0.0,-0.0
1743667708.8188207,0.0,-94.0,270.0,,0.0488966669511246,0.028,-1.698659842159398,0.03333333333333333,0.0,-0.0
1743667709.0094771,0.0,-94.0,270.0,,0.0488966669511246,0.028,-1.698659842159398,0.03333333333333333,0.0,-0.0
1743667709.198397,0.0,-94.0,270.0,,0.0488966669511246,0.028,-1.698659842159398,0.03333333333333333,0.0,-0.0
1743667709.3893878,0.0,-94.0,270.0,,0.0488966669511246,0.028,-1.698659842159398,0.03333333333333333,0.0,-0.0
1743667709.58068,0.0,-94.0,270.0,,0.0488966669511246,0.028,-1.698659842159398,0.03333333333333333,0.0,-0.0
1743667709.7697852,0.0,-94.0,270.0,,0.0488966669511246,0.028,-1.698659842159398,0.03333333333333333,0.0,-0.0
1743667710.0050933,0.0,-94.0,270.0,,0.0488966669511246,0.028,-1.698659842159398,0.03333333333333333,0.0,-0.0
1743667710.2245114,0.0,-94.0,270.0,,0.0488966669511246,0.028,-1.698659842159398,0.03333333333333333,0.0,-0.0
1743667710.4324358,0.0,-94.0,270.0,,0.0488966669511246,0.028,-1.698659842159398,0.03333333333333333,0.0,-0.0
1743667710.632484,0.0,-94.0,270.0,,0.0488966669511246,0.028,-1.698659842159398,0.03333333333333333,0.0,-0.0
1743667710.8278208,0.0,-94.0,270.0,,0.0488966669511246,0.028,-1.698659842159398,0.03333333333333333,0.0,-0.0
1743667711.0228348,0.0,-94.0,270.0,,0.0488966669511246,0.028,-1.698659842159398,0.03333333333333333,0.0,-0.0
1743667711.2163727,0.0,-94.0,270.0,,0.0488966669511246,0.028,-1.698659842159398,0.03333333333333333,0.0,-0.0
1743667711.4092147,0.0,-94.0,270.0,,0.0488966669511246,0.028,-1.698659842159398,0.03333333333333333,0.0,-0.0
1743667711.6014726,0.0,-94.0,270.0,,0.0488966669511246,0.028,-1.698659842159398,0.03333333333333333,0.0,-0.0
1743667711.7948694,0.0,-94.0,270.0,,0.0488966669511246,0.028,-1.698659842159398,0.03333333333333333,0.0,-0.0
1743667711.9857173,0.0,-94.0,270.0,,0.0488966669511246,0.028,-1.698659842159398,0.03333333333333333,0.0,-0.0
1743667712.1757705,0.0,-94.0,270.0,,0.0488966669511246,0.028,-1.698659842159398,0.03333333333333333,0.0,-0.0
1743667712.3678348,0.0,-94.0,270.0,,0.0488966669511246,0.028,-1.698659842159398,0.03333333333333333,0.0,-0.0
1743667712.5571008,0.0,-94.0,270.0,,0.0488966669511246,0.028,-1.698659842159398,0.03333333333333333,0.0,-0.0
1743667712.7500296,0.0,-94.0,270.0,,0.0488966669511246,0.028,-1.698659842159398,0.03333333333333333,0.0,-0.0
1743667712.9430237,0.0,-94.0,270.0,,0.0488966669511246,0.028,-1.698659842159398,0.03333333333333333,0.0,-0.0
1743667713.139917,0.0,-94.0,270.0,,0.0488966669511246,0.028,-1.698659842159398,0.03333333333333333,0.0,-0.0
1743667713.333716,0.0,-94.0,270.0,,0.0488966669511246,0.028,-1.698659842159398,0.03333333333333333,0.0,-0.0
1743667713.527075,0.0,-94.0,270.0,,0.0488966669511246,0.028,-1.698659842159398,0.03333333333333333,0.0,-0.0
1743667713.7201405,0.0,-94.0,270.0,,0.0488966669511246,0.028,-1.698659842159398,0.03333333333333333,0.0,-0.0
1743667713.913182,0.0,-94.0,270.0,,0.0488966669511246,0.028,-1.698659842159398,0.03333333333333333,0.0,-0.0
1743667714.1038427,0.0,-94.0,270.0,,0.0488966669511246,0.028,-1.698659842159398,0.03333333333333333,0.0,-0.0
1743667714.2951376,0.0,-94.0,270.0,,0.0488966669511246,0.028,-1.698659842159398,0.03333333333333333,0.0,-0.0
1743667714.4853709,0.0,-94.0,270.0,,0.0488966669511246,0.028,-1.698659842159398,0.03333333333333333,0.0,-0.0
1743667714.6765401,0.0,-94.0,270.0,,0.0488966669511246,0.028,-1.698659842159398,0.03333333333333333,0.0,-0.0
1743667714.8701384,0.0,-94.0,270.0,,0.0488966669511246,0.028,-1.698659842159398,0.03333333333333333,0.0,-0.0
1743667715.0602813,0.0,-94.0,270.0,,0.0488966669511246,0.028,-1.698659842159398,0.03333333333333333,0.0,-0.0
1743667715.251863,0.0,-94.0,270.0,,0.0488966669511246,0.028,-1.698659842159398,0.03333333333333333,0.0,-0.0
1743667715.4438999,0.0,-94.0,270.0,,0.0488966669511246,0.028,-1.698659842159398,0.03333333333333333,0.0,-0.0
1743667715.6372523,0.0,-94.0,270.0,,0.0488966669511246,0.028,-1.698659842159398,0.03333333333333333,0.0,-0.0
1743667715.8313434,0.0,-94.0,270.0,,0.0488966669511246,0.028,-1.698659842159398,0.03333333333333333,0.0,-0.0
1743667716.025212,0.0,-94.0,270.0,,0.0488966669511246,0.028,-1.698659842159398,0.03333333333333333,0.0,-0.0
1743667716.217502,0.0,-94.0,270.0,,0.0488966669511246,0.028,-1.698659842159398,0.03333333333333333,0.0,-0.0
1743667716.4094625,0.0,-94.0,270.0,,0.0488966669511246,0.028,-1.698659842159398,0.03333333333333333,0.0,-0.0
1743667716.5980923,0.0,-94.0,270.0,,0.0488966669511246,0.028,-1.698659842159398,0.03333333333333333,0.0,-0.0
1743667716.7902966,0.0,-94.0,270.0,,0.0488966669511246,0.028,-1.698659842159398,0.03333333333333333,0.0,-0.0
1743667716.980124,0.0,-94.0,270.0,,0.0488966669511246,0.028,-1.698659842159398,0.03333333333333333,0.0,-0.0
1743667717.1716785,0.0,-94.0,270.0,,0.0488966669511246,0.028,-1.698659842159398,0.03333333333333333,0.0,-0.0
1743667717.3630755,0.0,-94.0,270.0,,0.0488966669511246,0.028,-1.698659842159398,0.03333333333333333,0.0,-0.0
1743667717.5540948,0.0,-94.0,270.0,,0.0488966669511246,0.028,-1.698659842159398,0.03333333333333333,0.0,-0.0
1743667717.7422338,0.0,-94.0,270.0,,0.0488966669511246,0.028,-1.698659842159398,0.03333333333333333,0.0,-0.0
1743667717.9341173,0.0,-94.0,270.0,,0.0488966669511246,0.028,-1.698659842159398,0.03333333333333333,0.0,-0.0
1743667718.1267104,0.0,-94.0,270.0,,0.0488966669511246,0.028,-1.698659842159398,0.03333333333333333,0.0,-0.0
1743667718.3201966,0.0,-94.0,270.0,,0.0488966669511246,0.028,-1.698659842159398,0.03333333333333333,0.0,-0.0
1743667718.5123405,0.0,-94.0,270.0,,0.0488966669511246,0.028,-1.698659842159398,0.03333333333333333,0.0,-0.0
1743667718.705284,0.0,-94.0,270.0,,0.0488966669511246,0.028,-1.698659842159398,0.03333333333333333,0.0,-0.0
1743667718.898299,0.0,-94.0,270.0,,0.0488966669511246,0.028,-1.698659842159398,0.03333333333333333,0.0,-0.0
1743667719.0891664,0.0,-94.0,270.0,,0.0488966669511246,0.028,-1.698659842159398,0.03333333333333333,0.0,-0.0
1743667719.2806168,0.0,-94.0,270.0,,0.0488966669511246,0.028,-1.698659842159398,0.03333333333333333,0.0,-0.0
1743667719.4722254,0.0,-94.0,270.0,,0.0488966669511246,0.028,-1.698659842159398,0.03333333333333333,0.0,-0.0
1743667719.663296,0.0,-94.0,270.0,,0.0488966669511246,0.028,-1.698659842159398,0.03333333333333333,0.0,-0.0
1743667719.8667932,0.0,-94.0,270.0,,0.0488966669511246,0.028,-1.698659842159398,0.03333333333333333,0.0,-0.0
1743667720.0755546,0.0,-94.0,270.0,,0.0488966669511246,0.028,-1.698659842159398,0.03333333333333333,0.0,-0.0
1743667720.284627,0.0,-94.0,270.0,,0.0488966669511246,0.028,-1.698659842159398,0.03333333333333333,0.0,-0.0
1743667720.5123143,0.0,-94.0,270.0,,0.0488966669511246,0.028,-1.698659842159398,0.03333333333333333,0.0,-0.0
1743667720.721115,0.0,-94.0,270.0,,0.0488966669511246,0.028,-1.698659842159398,0.03333333333333333,0.0,-0.0
1743667720.9231398,0.0,-94.0,270.0,,0.0488966669511246,0.028,-1.698659842159398,0.03333333333333333,0.0,-0.0
1743667721.1211772,0.0,-94.0,270.0,,0.0488966669511246,0.028,-1.698659842159398,0.03333333333333333,0.0,-0.0
1743667721.3149557,0.0,-94.0,270.0,,0.0488966669511246,0.028,-1.698659842159398,0.03333333333333333,0.0,-0.0
1743667721.5081034,0.0,-94.0,270.0,,0.0488966669511246,0.028,-1.698659842159398,0.03333333333333333,0.0,-0.0
1743667721.7011666,0.0,-94.0,270.0,,0.0488966669511246,0.028,-1.698659842159398,0.03333333333333333,0.0,-0.0
1743667721.8940918,0.0,-94.0,270.0,,0.0488966669511246,0.028,-1.698659842159398,0.03333333333333333,0.0,-0.0
1743667722.0864432,0.0,-94.0,270.0,,0.0488966669511246,0.028,-1.698659842159398,0.03333333333333333,0.0,-0.0
1743667722.280052,0.0,-94.0,270.0,,0.0488966669511246,0.028,-1.698659842159398,0.03333333333333333,0.0,-0.0
1743667722.4706726,0.0,-94.0,270.0,,0.0488966669511246,0.028,-1.698659842159398,0.03333333333333333,0.0,-0.0
1743667722.6620214,0.0,-94.0,270.0,,0.0488966669511246,0.028,-1.698659842159398,0.03333333333333333,0.0,-0.0
1743667722.8531225,0.0,-94.0,270.0,,0.0488966669511246,0.028,-1.698659842159398,0.03333333333333333,0.0,-0.0
1743667723.0440419,0.0,-94.0,270.0,,0.0488966669511246,0.028,-1.698659842159398,0.03333333333333333,0.0,-0.0
1743667723.2344337,0.0,-94.0,270.0,,0.0488966669511246,0.028,-1.698659842159398,0.03333333333333333,0.0,-0.0
1743667723.427633,0.0,-94.0,270.0,,0.0488966669511246,0.028,-1.698659842159398,0.03333333333333333,0.0,-0.0
1743667723.6188872,0.0,-94.0,270.0,,0.0488966669511246,0.028,-1.698659842159398,0.03333333333333333,0.0,-0.0
1743667723.8100536,0.0,-94.0,270.0,,0.0488966669511246,0.028,-1.698659842159398,0.03333333333333333,0.0,-0.0
1743667724.000044,0.0,-94.0,270.0,,0.0488966669511246,0.028,-1.698659842159398,0.03333333333333333,0.0,-0.0
1743667724.1908364,0.0,-94.0,270.0,,0.0488966669511246,0.028,-1.698659842159398,0.03333333333333333,0.0,-0.0
1743667724.3821867,0.0,-94.0,270.0,,0.0488966669511246,0.028,-1.698659842159398,0.03333333333333333,0.0,-0.0
1743667724.5790973,0.0,-94.0,270.0,,0.0488966669511246,0.028,-1.698659842159398,0.03333333333333333,0.0,-0.0
1743667724.772508,0.0,-94.0,270.0,,0.0488966669511246,0.028,-1.698659842159398,0.03333333333333333,0.0,-0.0
1743667724.9640448,0.0,-94.0,270.0,,0.0488966669511246,0.028,-1.698659842159398,0.03333333333333333,0.0,-0.0
1743667725.157913,0.0,-94.0,270.0,,0.0488966669511246,0.028,-1.698659842159398,0.03333333333333333,0.0,-0.0
1743667725.3511093,0.0,-94.0,270.0,,0.0488966669511246,0.028,-1.698659842159398,0.03333333333333333,0.0,-0.0
1743667725.5410244,0.0,-94.0,270.0,,0.0488966669511246,0.028,-1.698659842159398,0.03333333333333333,0.0,-0.0
1743667725.7301915,0.0,-94.0,270.0,,0.0488966669511246,0.028,-1.698659842159398,0.03333333333333333,0.0,-0.0
1743667725.9212506,0.0,-94.0,270.0,,0.0488966669511246,0.028,-1.698659842159398,0.03333333333333333,0.0,-0.0
1743667726.1128583,0.0,-94.0,270.0,,0.0488966669511246,0.028,-1.698659842159398,0.03333333333333333,0.0,-0.0
1743667726.3041224,0.0,-94.0,270.0,,0.0488966669511246,0.028,-1.698659842159398,0.03333333333333333,0.0,-0.0
1743667726.495216,0.0,-94.0,270.0,,0.0488966669511246,0.028,-1.698659842159398,0.03333333333333333,0.0,-0.0
1743667726.6861129,0.0,-94.0,270.0,,0.0488966669511246,0.028,-1.698659842159398,0.03333333333333333,0.0,-0.0
1743667726.8805702,0.0,-94.0,270.0,,0.0488966669511246,0.028,-1.698659842159398,0.03333333333333333,0.0,-0.0
1743667727.073122,0.0,-94.0,270.0,,0.0488966669511246,0.028,-1.698659842159398,0.03333333333333333,0.0,-0.0
1743667727.2635806,0.0,-94.0,270.0,,0.0488966669511246,0.028,-1.698659842159398,0.03333333333333333,0.0,-0.0
1743667727.4545794,0.0,-94.0,270.0,,0.0488966669511246,0.028,-1.698659842159398,0.03333333333333333,0.0,-0.0
1743667727.6433027,0.0,-94.0,270.0,,0.0488966669511246,0.028,-1.698659842159398,0.03333333333333333,0.0,-0.0
1743667727.834361,0.0,-94.0,270.0,,0.0488966669511246,0.028,-1.698659842159398,0.03333333333333333,0.0,-0.0
1743667728.0260432,0.0,-94.0,270.0,,0.0488966669511246,0.028,-1.698659842159398,0.03333333333333333,0.0,-0.0
1743667728.2171807,0.0,-94.0,270.0,,0.0488966669511246,0.028,-1.698659842159398,0.03333333333333333,0.0,-0.0
1743667728.4084156,0.0,-94.0,270.0,,0.0488966669511246,0.028,-1.698659842159398,0.03333333333333333,0.0,-0.0
1743667728.5972939,0.0,-94.0,270.0,,0.0488966669511246,0.028,-1.698659842159398,0.03333333333333333,0.0,-0.0
1743667728.7881432,0.0,-94.0,270.0,,0.0488966669511246,0.028,-1.698659842159398,0.03333333333333333,0.0,-0.0
1743667728.9800122,0.0,-94.0,270.0,,0.0488966669511246,0.028,-1.698659842159398,0.03333333333333333,0.0,-0.0
1743667729.1704407,0.0,-94.0,270.0,,0.0488966669511246,0.028,-1.698659842159398,0.03333333333333333,0.0,-0.0
1743667729.3620358,0.0,-94.0,270.0,,0.0488966669511246,0.028,-1.698659842159398,0.03333333333333333,0.0,-0.0
1743667729.5531373,0.0,-94.0,270.0,,0.0488966669511246,0.028,-1.698659842159398,0.03333333333333333,0.0,-0.0
1743667729.7437952,0.0,-94.0,270.0,,0.0488966669511246,0.028,-1.698659842159398,0.03333333333333333,0.0,-0.0
1743667729.9354382,0.0,-94.0,270.0,,0.0488966669511246,0.028,-1.698659842159398,0.03333333333333333,0.0,-0.0
1743667730.1269543,0.0,-94.0,270.0,,0.0488966669511246,0.028,-1.698659842159398,0.03333333333333333,0.0,-0.0
1743667730.3190799,0.0,-94.0,270.0,,0.0488966669511246,0.028,-1.698659842159398,0.03333333333333333,0.0,-0.0
1743667730.510112,0.0,-94.0,270.0,,0.0488966669511246,0.028,-1.698659842159398,0.03333333333333333,0.0,-0.0
1743667730.7064989,0.0,-94.0,270.0,,0.0488966669511246,0.028,-1.698659842159398,0.03333333333333333,0.0,-0.0
1743667730.9005935,0.0,-94.0,270.0,,0.0488966669511246,0.028,-1.698659842159398,0.03333333333333333,0.0,-0.0
1743667731.092086,0.0,-94.0,270.0,,0.0488966669511246,0.028,-1.698659842159398,0.03333333333333333,0.0,-0.0
1743667731.2837672,0.0,-94.0,270.0,,0.0488966669511246,0.028,-1.698659842159398,0.03333333333333333,0.0,-0.0
1743667731.4751692,0.0,-94.0,270.0,,0.0488966669511246,0.028,-1.698659842159398,0.03333333333333333,0.0,-0.0
1743667731.6674407,0.0,-94.0,270.0,,0.0488966669511246,0.028,-1.698659842159398,0.03333333333333333,0.0,-0.0
1743667731.858724,0.0,-94.0,270.0,,0.0488966669511246,0.028,-1.698659842159398,0.03333333333333333,0.0,-0.0
1743667732.0492492,0.0,-94.0,270.0,,0.0488966669511246,0.028,-1.698659842159398,0.03333333333333333,0.0,-0.0
1743667732.240252,0.0,-94.0,270.0,,0.0488966669511246,0.028,-1.698659842159398,0.03333333333333333,0.0,-0.0
1743667732.430945,0.0,-94.0,270.0,,0.0488966669511246,0.028,-1.698659842159398,0.03333333333333333,0.0,-0.0
1743667732.622556,0.0,-94.0,270.0,,0.0488966669511246,0.028,-1.698659842159398,0.03333333333333333,0.0,-0.0
1743667732.812566,0.0,-94.0,270.0,,0.0488966669511246,0.028,-1.698659842159398,0.03333333333333333,0.0,-0.0
1743667733.0047452,0.0,-94.0,270.0,,0.0488966669511246,0.028,-1.698659842159398,0.03333333333333333,0.0,-0.0
1743667733.1961544,0.0,-94.0,270.0,,0.0488966669511246,0.028,-1.698659842159398,0.03333333333333333,0.0,-0.0
1743667733.3862963,0.0,-94.0,270.0,,0.0488966669511246,0.028,-1.698659842159398,0.03333333333333333,0.0,-0.0
1743667733.5805147,0.0,-94.0,270.0,,0.0488966669511246,0.028,-1.698659842159398,0.03333333333333333,0.0,-0.0
1743667733.7822223,0.0,-94.0,270.0,,0.0488966669511246,0.028,-1.698659842159398,0.03333333333333333,0.0,-0.0
1743667733.9770818,0.0,-94.0,270.0,,0.0488966669511246,0.028,-1.698659842159398,0.03333333333333333,0.0,-0.0
1743667734.1804829,0.0,-94.0,270.0,,0.0488966669511246,0.028,-1.698659842159398,0.03333333333333333,0.0,-0.0
1743667734.3891208,0.0,-94.0,270.0,,0.0488966669511246,0.028,-1.698659842159398,0.03333333333333333,0.0,-0.0
1743667734.5997322,0.0,-94.0,270.0,,0.0488966669511246,0.028,-1.698659842159398,0.03333333333333333,0.0,-0.0
1743667734.816215,0.0,-94.0,270.0,,0.0488966669511246,0.028,-1.698659842159398,0.03333333333333333,0.0,-0.0
1743667735.0248725,0.0,-94.0,270.0,,0.0488966669511246,0.028,-1.698659842159398,0.03333333333333333,0.0,-0.0
1743667735.2255461,0.0,-94.0,270.0,,0.0488966669511246,0.028,-1.698659842159398,0.03333333333333333,0.0,-0.0
1743667735.4261346,0.0,-94.0,270.0,,0.0488966669511246,0.028,-1.698659842159398,0.03333333333333333,0.0,-0.0
1743667735.6616962,0.0,-94.0,270.0,,0.0488966669511246,0.028,-1.698659842159398,0.03333333333333333,0.0,-0.0
1743667735.9117408,0.0,-94.0,270.0,,0.0488966669511246,0.028,-1.698659842159398,0.03333333333333333,0.0,-0.0
1743667736.1730628,0.0,-94.0,270.0,,0.0488966669511246,0.028,-1.698659842159398,0.03333333333333333,0.0,-0.0
1743667736.4395018,0.0,-94.0,270.0,,0.0488966669511246,0.028,-1.698659842159398,0.03333333333333333,0.0,-0.0
1743667736.7065814,0.0,-94.0,270.0,,0.0488966669511246,0.028,-1.698659842159398,0.03333333333333333,0.0,-0.0
1743667736.9777966,0.0,-94.0,270.0,,0.0488966669511246,0.028,-1.698659842159398,0.03333333333333333,0.0,-0.0
1743667737.245256,0.0,-94.0,270.0,,0.0488966669511246,0.028,-1.698659842159398,0.03333333333333333,0.0,-0.0
1743667737.5156243,0.0,-94.0,270.0,,0.0488966669511246,0.028,-1.698659842159398,0.03333333333333333,0.0,-0.0
1743667737.8030035,0.0,-94.0,270.0,,0.0488966669511246,0.028,-1.698659842159398,0.03333333333333333,0.0,-0.0
1743667738.0753462,0.0,-94.0,270.0,,0.0488966669511246,0.028,-1.698659842159398,0.03333333333333333,0.0,-0.0
1743667738.306383,0.0,-94.0,270.0,,0.0488966669511246,0.028,-1.698659842159398,0.03333333333333333,0.0,-0.0
1743667738.5183113,0.0,-94.0,270.0,,0.0488966669511246,0.028,-1.698659842159398,0.03333333333333333,0.0,-0.0
1743667738.719176,0.0,-94.0,270.0,,0.0488966669511246,0.028,-1.698659842159398,0.03333333333333333,0.0,-0.0
1743667738.9180684,0.0,-94.0,270.0,,0.0488966669511246,0.028,-1.698659842159398,0.03333333333333333,0.0,-0.0
1743667739.11137,0.0,-94.0,270.0,,0.0488966669511246,0.028,-1.698659842159398,0.03333333333333333,0.0,-0.0
1743667739.3049214,0.0,-94.0,270.0,,0.0488966669511246,0.028,-1.698659842159398,0.03333333333333333,0.0,-0.0
1743667739.4959528,0.0,-94.0,270.0,,0.0488966669511246,0.028,-1.698659842159398,0.03333333333333333,0.0,-0.0
1743667739.688603,0.0,-94.0,270.0,,0.0488966669511246,0.028,-1.698659842159398,0.03333333333333333,0.0,-0.0
1743667739.880623,0.0,-94.0,270.0,,0.0488966669511246,0.028,-1.698659842159398,0.03333333333333333,0.0,-0.0
1743667740.0715208,0.0,-94.0,270.0,,0.0488966669511246,0.028,-1.698659842159398,0.03333333333333333,0.0,-0.0
1743667740.2630968,0.0,-94.0,270.0,,0.0488966669511246,0.028,-1.698659842159398,0.03333333333333333,0.0,-0.0
1743667740.4561183,0.0,-94.0,270.0,,0.0488966669511246,0.028,-1.698659842159398,0.03333333333333333,0.0,-0.0
1743667740.6462011,0.0,-94.0,270.0,,0.0488966669511246,0.028,-1.698659842159398,0.03333333333333333,0.0,-0.0
1743667740.8382103,0.0,-94.0,270.0,,0.0488966669511246,0.028,-1.698659842159398,0.03333333333333333,0.0,-0.0
1743667741.0301826,0.0,-94.0,270.0,,0.0488966669511246,0.028,-1.698659842159398,0.03333333333333333,0.0,-0.0
1743667741.2221692,0.0,-94.0,270.0,,0.0488966669511246,0.028,-1.698659842159398,0.03333333333333333,0.0,-0.0
1743667741.4127662,0.0,-94.0,270.0,,0.0488966669511246,0.028,-1.698659842159398,0.03333333333333333,0.0,-0.0
1743667741.6030498,0.0,-94.0,270.0,,0.0488966669511246,0.028,-1.698659842159398,0.03333333333333333,0.0,-0.0
1743667741.7952178,0.0,-94.0,270.0,,0.0488966669511246,0.028,-1.698659842159398,0.03333333333333333,0.0,-0.0
1743667742.0148594,0.0,-94.0,270.0,,0.0488966669511246,0.028,-1.698659842159398,0.03333333333333333,0.0,-0.0
1743667742.2310922,0.0,-94.0,270.0,,0.0488966669511246,0.028,-1.698659842159398,0.03333333333333333,0.0,-0.0
1743667742.4353747,0.0,-94.0,270.0,,0.0488966669511246,0.028,-1.698659842159398,0.03333333333333333,0.0,-0.0
1743667742.6335106,0.0,-94.0,270.0,,0.0488966669511246,0.028,-1.698659842159398,0.03333333333333333,0.0,-0.0
1743667742.83179,0.0,-94.0,270.0,,0.0488966669511246,0.028,-1.698659842159398,0.03333333333333333,0.0,-0.0
1743667743.0241582,0.0,-94.0,270.0,,0.0488966669511246,0.028,-1.698659842159398,0.03333333333333333,0.0,-0.0
1743667743.2162235,0.0,-94.0,270.0,,0.0488966669511246,0.028,-1.698659842159398,0.03333333333333333,0.0,-0.0
1743667743.4093401,0.0,-94.0,270.0,,0.0488966669511246,0.028,-1.698659842159398,0.03333333333333333,0.0,-0.0
1743667743.6026704,0.0,-94.0,270.0,,0.0488966669511246,0.028,-1.698659842159398,0.03333333333333333,0.0,-0.0
1743667743.7947283,0.0,-94.0,270.0,,0.0488966669511246,0.028,-1.698659842159398,0.03333333333333333,0.0,-0.0
1743667743.9852936,0.0,-94.0,270.0,,0.0488966669511246,0.028,-1.698659842159398,0.03333333333333333,0.0,-0.0
1743667744.1762319,0.0,-94.0,270.0,,0.0488966669511246,0.028,-1.698659842159398,0.03333333333333333,0.0,-0.0
1743667744.367522,0.0,-94.0,270.0,,0.0488966669511246,0.028,-1.698659842159398,0.03333333333333333,0.0,-0.0
1743667744.5582535,0.0,-94.0,270.0,,0.0488966669511246,0.028,-1.698659842159398,0.03333333333333333,0.0,-0.0
1743667744.748393,0.0,-94.0,270.0,,0.0488966669511246,0.028,-1.698659842159398,0.03333333333333333,0.0,-0.0
1743667744.9409664,0.0,-94.0,270.0,,0.0488966669511246,0.028,-1.698659842159398,0.03333333333333333,0.0,-0.0
1743667745.1309454,0.0,-94.0,270.0,,0.0488966669511246,0.028,-1.698659842159398,0.03333333333333333,0.0,-0.0
1743667745.322128,0.0,-94.0,270.0,,0.0488966669511246,0.028,-1.698659842159398,0.03333333333333333,0.0,-0.0
1743667745.5141282,0.0,-94.0,270.0,,0.0488966669511246,0.028,-1.698659842159398,0.03333333333333333,0.0,-0.0
1743667745.705021,0.0,-94.0,270.0,,0.0488966669511246,0.028,-1.698659842159398,0.03333333333333333,0.0,-0.0
1743667745.8958902,0.0,-94.0,270.0,,0.0488966669511246,0.028,-1.698659842159398,0.03333333333333333,0.0,-0.0
1743667746.0862417,0.0,-94.0,270.0,,0.0488966669511246,0.028,-1.698659842159398,0.03333333333333333,0.0,-0.0
1743667746.2767253,0.0,-94.0,270.0,,0.0488966669511246,0.028,-1.698659842159398,0.03333333333333333,0.0,-0.0
1743667746.4671519,0.0,-94.0,270.0,,0.0488966669511246,0.028,-1.698659842159398,0.03333333333333333,0.0,-0.0
1743667746.6601965,0.0,-94.0,270.0,,0.0488966669511246,0.028,-1.698659842159398,0.03333333333333333,0.0,-0.0
1743667746.8506567,0.0,-94.0,270.0,,0.0488966669511246,0.028,-1.698659842159398,0.03333333333333333,0.0,-0.0
1743667747.0411785,0.0,-94.0,270.0,,0.0488966669511246,0.028,-1.698659842159398,0.03333333333333333,0.0,-0.0
1743667747.2319868,0.0,-94.0,270.0,,0.0488966669511246,0.028,-1.698659842159398,0.03333333333333333,0.0,-0.0
1743667747.4241672,0.0,-94.0,270.0,,0.0488966669511246,0.028,-1.698659842159398,0.03333333333333333,0.0,-0.0
1743667747.615156,0.0,-94.0,270.0,,0.0488966669511246,0.028,-1.698659842159398,0.03333333333333333,0.0,-0.0
1743667747.8054526,0.0,-94.0,270.0,,0.0488966669511246,0.028,-1.698659842159398,0.03333333333333333,0.0,-0.0
1743667747.9989896,0.0,-94.0,270.0,,0.0488966669511246,0.028,-1.698659842159398,0.03333333333333333,0.0,-0.0
1743667748.1901038,0.0,-94.0,270.0,,0.0488966669511246,0.028,-1.698659842159398,0.03333333333333333,0.0,-0.0
1743667748.380444,0.0,-94.0,270.0,,0.0488966669511246,0.028,-1.698659842159398,0.03333333333333333,0.0,-0.0
1743667748.5710733,0.0,-94.0,270.0,,0.0488966669511246,0.028,-1.698659842159398,0.03333333333333333,0.0,-0.0
1743667748.7641573,0.0,-94.0,270.0,,0.0488966669511246,0.028,-1.698659842159398,0.03333333333333333,0.0,-0.0
1743667748.9551272,0.0,-94.0,270.0,,0.0488966669511246,0.028,-1.698659842159398,0.03333333333333333,0.0,-0.0
1743667749.1458387,0.0,-94.0,270.0,,0.0488966669511246,0.028,-1.698659842159398,0.03333333333333333,0.0,-0.0
1743667749.3452458,0.0,-94.0,270.0,,0.0488966669511246,0.028,-1.698659842159398,0.03333333333333333,0.0,-0.0
1743667749.5530813,0.0,-94.0,270.0,,0.0488966669511246,0.028,-1.698659842159398,0.03333333333333333,0.0,-0.0
1743667749.76372,0.0,-94.0,270.0,,0.0488966669511246,0.028,-1.698659842159398,0.03333333333333333,0.0,-0.0
1743667749.9760613,0.0,-94.0,270.0,,0.0488966669511246,0.028,-1.698659842159398,0.03333333333333333,0.0,-0.0
1743667750.1830206,0.0,-94.0,270.0,,0.0488966669511246,0.028,-1.698659842159398,0.03333333333333333,0.0,-0.0
1743667750.3822331,0.0,-94.0,270.0,,0.0488966669511246,0.028,-1.698659842159398,0.03333333333333333,0.0,-0.0
1743667750.576766,0.0,-94.0,270.0,,0.0488966669511246,0.028,-1.698659842159398,0.03333333333333333,0.0,-0.0
1743667750.7699819,0.0,-94.0,270.0,,0.0488966669511246,0.028,-1.698659842159398,0.03333333333333333,0.0,-0.0
1743667750.962881,0.0,-94.0,270.0,,0.0488966669511246,0.028,-1.698659842159398,0.03333333333333333,0.0,-0.0
1743667751.1553564,0.0,-94.0,270.0,,0.0488966669511246,0.028,-1.698659842159398,0.03333333333333333,0.0,-0.0
1743667751.3483398,0.0,-94.0,270.0,,0.0488966669511246,0.028,-1.698659842159398,0.03333333333333333,0.0,-0.0
1743667751.540298,0.0,-94.0,270.0,,0.0488966669511246,0.028,-1.698659842159398,0.03333333333333333,0.0,-0.0
1743667751.731183,0.0,-94.0,270.0,,0.0488966669511246,0.028,-1.698659842159398,0.03333333333333333,0.0,-0.0
1743667751.9232156,0.0,-94.0,270.0,,0.0488966669511246,0.028,-1.698659842159398,0.03333333333333333,0.0,-0.0
1743667752.1126792,0.0,-94.0,270.0,,0.0488966669511246,0.028,-1.698659842159398,0.03333333333333333,0.0,-0.0
1743667752.3035173,0.0,-94.0,270.0,,0.0488966669511246,0.028,-1.698659842159398,0.03333333333333333,0.0,-0.0
1743667752.493983,0.0,-94.0,270.0,,0.0488966669511246,0.028,-1.698659842159398,0.03333333333333333,0.0,-0.0
1743667752.6847832,0.0,-94.0,270.0,,0.0488966669511246,0.028,-1.698659842159398,0.03333333333333333,0.0,-0.0
1743667752.8753023,0.0,-94.0,270.0,,0.0488966669511246,0.028,-1.698659842159398,0.03333333333333333,0.0,-0.0
1743667753.0680513,0.0,-94.0,270.0,,0.0488966669511246,0.028,-1.698659842159398,0.03333333333333333,0.0,-0.0
1743667753.2611456,0.0,-94.0,270.0,,0.0488966669511246,0.028,-1.698659842159398,0.03333333333333333,0.0,-0.0
1743667753.4551003,0.0,-94.0,270.0,,0.0488966669511246,0.028,-1.698659842159398,0.03333333333333333,0.0,-0.0
1743667753.646299,0.0,-94.0,270.0,,0.0488966669511246,0.028,-1.698659842159398,0.03333333333333333,0.0,-0.0
1743667753.8387694,0.0,-94.0,270.0,,0.0488966669511246,0.028,-1.698659842159398,0.03333333333333333,0.0,-0.0
1743667754.0290656,0.0,-94.0,270.0,,0.0488966669511246,0.028,-1.698659842159398,0.03333333333333333,0.0,-0.0
1743667754.2213428,0.0,-94.0,270.0,,0.0488966669511246,0.028,-1.698659842159398,0.03333333333333333,0.0,-0.0
1743667754.412661,0.0,-94.0,270.0,,0.0488966669511246,0.028,-1.698659842159398,0.03333333333333333,0.0,-0.0
1743667754.6037402,0.0,-94.0,270.0,,0.0488966669511246,0.028,-1.698659842159398,0.03333333333333333,0.0,-0.0
1743667754.7978375,0.0,-94.0,270.0,,0.0488966669511246,0.028,-1.698659842159398,0.03333333333333333,0.0,-0.0
1743667754.9911606,0.0,-94.0,270.0,,0.0488966669511246,0.028,-1.698659842159398,0.03333333333333333,0.0,-0.0
1743667755.1819801,0.0,-94.0,270.0,,0.0488966669511246,0.028,-1.698659842159398,0.03333333333333333,0.0,-0.0
1743667755.375333,0.0,-94.0,270.0,,0.0488966669511246,0.028,-1.698659842159398,0.03333333333333333,0.0,-0.0
1743667755.565403,0.0,-94.0,270.0,,0.0488966669511246,0.028,-1.698659842159398,0.03333333333333333,0.0,-0.0
1743667755.758336,0.0,-94.0,270.0,,0.0488966669511246,0.028,-1.698659842159398,0.03333333333333333,0.0,-0.0
1743667755.9479787,0.0,-94.0,270.0,,0.0488966669511246,0.028,-1.698659842159398,0.03333333333333333,0.0,-0.0
1743667756.141151,0.0,-94.0,270.0,,0.0488966669511246,0.028,-1.698659842159398,0.03333333333333333,0.0,-0.0
1743667756.3322098,0.0,-94.0,270.0,,0.0488966669511246,0.028,-1.698659842159398,0.03333333333333333,0.0,-0.0
1743667756.5238738,0.0,-94.0,270.0,,0.0488966669511246,0.028,-1.698659842159398,0.03333333333333333,0.0,-0.0
1743667756.7159572,0.0,-94.0,270.0,,0.0488966669511246,0.028,-1.698659842159398,0.03333333333333333,0.0,-0.0
1743667756.9080977,0.0,-94.0,270.0,,0.0488966669511246,0.028,-1.698659842159398,0.03333333333333333,0.0,-0.0
1743667757.0990624,0.0,-94.0,270.0,,0.0488966669511246,0.028,-1.698659842159398,0.03333333333333333,0.0,-0.0
1743667757.289267,0.0,-94.0,270.0,,0.0488966669511246,0.028,-1.698659842159398,0.03333333333333333,0.0,-0.0
1743667757.4801269,0.0,-94.0,270.0,,0.0488966669511246,0.028,-1.698659842159398,0.03333333333333333,0.0,-0.0
1743667757.671068,0.0,-94.0,270.0,,0.0488966669511246,0.028,-1.698659842159398,0.03333333333333333,0.0,-0.0
1743667757.861397,0.0,-94.0,270.0,,0.0488966669511246,0.028,-1.698659842159398,0.03333333333333333,0.0,-0.0
1743667758.0532258,0.0,-94.0,270.0,,0.0488966669511246,0.028,-1.698659842159398,0.03333333333333333,0.0,-0.0
1743667758.2438884,0.0,-94.0,270.0,,0.0488966669511246,0.028,-1.698659842159398,0.03333333333333333,0.0,-0.0
1743667758.4342864,0.0,-94.0,270.0,,0.0488966669511246,0.028,-1.698659842159398,0.03333333333333333,0.0,-0.0
1743667758.6267076,0.0,-94.0,270.0,,0.0488966669511246,0.028,-1.698659842159398,0.03333333333333333,0.0,-0.0
1743667758.8182602,0.0,-94.0,270.0,,0.0488966669511246,0.028,-1.698659842159398,0.03333333333333333,0.0,-0.0
1743667759.009643,0.0,-94.0,270.0,,0.0488966669511246,0.028,-1.698659842159398,0.03333333333333333,0.0,-0.0
1743667759.2011495,0.0,-94.0,270.0,,0.0488966669511246,0.028,-1.698659842159398,0.03333333333333333,0.0,-0.0
1743667759.3936334,0.0,-94.0,270.0,,0.0488966669511246,0.028,-1.698659842159398,0.03333333333333333,0.0,-0.0
1743667759.5912201,0.0,-94.0,270.0,,0.0488966669511246,0.028,-1.698659842159398,0.03333333333333333,0.0,-0.0
1743667759.8115199,0.0,-94.0,270.0,,0.0488966669511246,0.028,-1.698659842159398,0.03333333333333333,0.0,-0.0
1743667760.020783,0.0,-94.0,270.0,,0.0488966669511246,0.028,-1.698659842159398,0.03333333333333333,0.0,-0.0
1743667760.2215059,0.0,-94.0,270.0,,0.0488966669511246,0.028,-1.698659842159398,0.03333333333333333,0.0,-0.0
1743667760.4193792,0.0,-94.0,270.0,,0.0488966669511246,0.028,-1.698659842159398,0.03333333333333333,0.0,-0.0
1743667760.6129735,0.0,-94.0,270.0,,0.0488966669511246,0.028,-1.698659842159398,0.03333333333333333,0.0,-0.0
1743667760.8112173,0.0,-94.0,270.0,,0.0488966669511246,0.028,-1.698659842159398,0.03333333333333333,0.0,-0.0
1743667761.0405126,0.0,-94.0,270.0,,0.0488966669511246,0.028,-1.698659842159398,0.03333333333333333,0.0,-0.0
1743667761.2585263,0.0,-94.0,270.0,,0.0488966669511246,0.028,-1.698659842159398,0.03333333333333333,0.0,-0.0
1743667761.4644883,0.0,-94.0,270.0,,0.0488966669511246,0.028,-1.698659842159398,0.03333333333333333,0.0,-0.0
1743667761.6639905,0.0,-94.0,270.0,,0.0488966669511246,0.028,-1.698659842159398,0.03333333333333333,0.0,-0.0
1743667761.859148,0.0,-94.0,270.0,,0.0488966669511246,0.028,-1.698659842159398,0.03333333333333333,0.0,-0.0
1743667762.0529475,0.0,-94.0,270.0,,0.0488966669511246,0.028,-1.698659842159398,0.03333333333333333,0.0,-0.0
1743667762.2471726,0.0,-94.0,270.0,,0.0488966669511246,0.028,-1.698659842159398,0.03333333333333333,0.0,-0.0
1743667762.4428809,0.0,-94.0,270.0,,0.0488966669511246,0.028,-1.698659842159398,0.03333333333333333,0.0,-0.0
1743667762.6365712,0.0,-94.0,270.0,,0.0488966669511246,0.028,-1.698659842159398,0.03333333333333333,0.0,-0.0
1743667762.8280945,0.0,-94.0,270.0,,0.0488966669511246,0.028,-1.698659842159398,0.03333333333333333,0.0,-0.0
1743667763.0197217,0.0,-94.0,270.0,,0.0488966669511246,0.028,-1.698659842159398,0.03333333333333333,0.0,-0.0
1743667763.2125256,0.0,-94.0,270.0,,0.0488966669511246,0.028,-1.698659842159398,0.03333333333333333,0.0,-0.0
1743667763.4032593,0.0,-94.0,270.0,,0.0488966669511246,0.028,-1.698659842159398,0.03333333333333333,0.0,-0.0
1743667763.5957053,0.0,-94.0,270.0,,0.0488966669511246,0.028,-1.698659842159398,0.03333333333333333,0.0,-0.0
1743667763.798544,0.0,-94.0,270.0,,0.0488966669511246,0.028,-1.698659842159398,0.03333333333333333,0.0,-0.0
1743667764.004557,0.0,-94.0,270.0,,0.0488966669511246,0.028,-1.698659842159398,0.03333333333333333,0.0,-0.0
1743667764.2151637,0.0,-94.0,270.0,,0.0488966669511246,0.028,-1.698659842159398,0.03333333333333333,0.0,-0.0
1743667764.4282877,0.0,-94.0,270.0,,0.0488966669511246,0.028,-1.698659842159398,0.03333333333333333,0.0,-0.0
1743667764.6313906,0.0,-94.0,270.0,,0.0488966669511246,0.028,-1.698659842159398,0.03333333333333333,0.0,-0.0
1743667764.8308706,0.0,-94.0,270.0,,0.0488966669511246,0.028,-1.698659842159398,0.03333333333333333,0.0,-0.0
1743667765.024999,0.0,-94.0,270.0,,0.0488966669511246,0.028,-1.698659842159398,0.03333333333333333,0.0,-0.0
1743667765.218822,0.0,-94.0,270.0,,0.0488966669511246,0.028,-1.698659842159398,0.03333333333333333,0.0,-0.0
1743667765.4123638,0.0,-94.0,270.0,,0.0488966669511246,0.028,-1.698659842159398,0.03333333333333333,0.0,-0.0
1743667765.6043928,0.0,-94.0,270.0,,0.0488966669511246,0.028,-1.698659842159398,0.03333333333333333,0.0,-0.0
1743667765.796843,0.0,-94.0,270.0,,0.0488966669511246,0.028,-1.698659842159398,0.03333333333333333,0.0,-0.0
1743667765.9872823,0.0,-94.0,270.0,,0.0488966669511246,0.028,-1.698659842159398,0.03333333333333333,0.0,-0.0
1743667766.1801667,0.0,-94.0,270.0,,0.0488966669511246,0.028,-1.698659842159398,0.03333333333333333,0.0,-0.0
1743667766.3716962,0.0,-94.0,270.0,,0.0488966669511246,0.028,-1.698659842159398,0.03333333333333333,0.0,-0.0
1743667766.564272,0.0,-94.0,270.0,,0.0488966669511246,0.028,-1.698659842159398,0.03333333333333333,0.0,-0.0
1743667766.7551363,0.0,-94.0,270.0,,0.0488966669511246,0.028,-1.698659842159398,0.03333333333333333,0.0,-0.0
1743667766.9470913,0.0,-94.0,270.0,,0.0488966669511246,0.028,-1.698659842159398,0.03333333333333333,0.0,-0.0
1743667767.1372678,0.0,-94.0,270.0,,0.0488966669511246,0.028,-1.698659842159398,0.03333333333333333,0.0,-0.0
1743667767.3279607,0.0,-94.0,270.0,,0.0488966669511246,0.028,-1.698659842159398,0.03333333333333333,0.0,-0.0
1743667767.5194418,0.0,-94.0,270.0,,0.0488966669511246,0.028,-1.698659842159398,0.03333333333333333,0.0,-0.0
1743667767.7213264,0.0,-94.0,270.0,,0.0488966669511246,0.028,-1.698659842159398,0.03333333333333333,0.0,-0.0
1743667767.9593973,0.0,-94.0,270.0,,0.0488966669511246,0.028,-1.698659842159398,0.03333333333333333,0.0,-0.0
1743667768.2165928,0.0,-94.0,270.0,,0.0488966669511246,0.028,-1.698659842159398,0.03333333333333333,0.0,-0.0
1743667768.4795113,0.0,-94.0,270.0,,0.0488966669511246,0.028,-1.698659842159398,0.03333333333333333,0.0,-0.0
1743667768.7456176,0.0,-94.0,270.0,,0.0488966669511246,0.028,-1.698659842159398,0.03333333333333333,0.0,-0.0
1743667769.0134392,0.0,-94.0,270.0,,0.0488966669511246,0.028,-1.698659842159398,0.03333333333333333,0.0,-0.0
1743667769.280687,0.0,-94.0,270.0,,0.0488966669511246,0.028,-1.698659842159398,0.03333333333333333,0.0,-0.0
1743667769.5478408,0.0,-94.0,270.0,,0.0488966669511246,0.028,-1.698659842159398,0.03333333333333333,0.0,-0.0
1743667769.826747,0.0,-94.0,270.0,,0.0488966669511246,0.028,-1.698659842159398,0.03333333333333333,0.0,-0.0
1743667770.089476,0.0,-94.0,270.0,,0.0488966669511246,0.028,-1.698659842159398,0.03333333333333333,0.0,-0.0
1743667770.3153756,0.0,-94.0,270.0,,0.0488966669511246,0.028,-1.698659842159398,0.03333333333333333,0.0,-0.0
1743667770.5249994,0.0,-94.0,270.0,,0.0488966669511246,0.028,-1.698659842159398,0.03333333333333333,0.0,-0.0
1743667770.726385,0.0,-94.0,270.0,,0.0488966669511246,0.028,-1.698659842159398,0.03333333333333333,0.0,-0.0
1743667770.9245563,0.0,-94.0,270.0,,0.0488966669511246,0.028,-1.698659842159398,0.03333333333333333,0.0,-0.0
1743667771.1189902,0.0,-94.0,270.0,,0.0488966669511246,0.028,-1.698659842159398,0.03333333333333333,0.0,-0.0
1743667771.3132532,0.0,-94.0,270.0,,0.0488966669511246,0.028,-1.698659842159398,0.03333333333333333,0.0,-0.0
1743667771.5066466,0.0,-94.0,270.0,,0.0488966669511246,0.028,-1.698659842159398,0.03333333333333333,0.0,-0.0
1743667771.6988077,0.0,-94.0,270.0,,0.0488966669511246,0.028,-1.698659842159398,0.03333333333333333,0.0,-0.0
1743667771.8903654,0.0,-94.0,270.0,,0.0488966669511246,0.028,-1.698659842159398,0.03333333333333333,0.0,-0.0
1743667772.0808036,0.0,-94.0,270.0,,0.0488966669511246,0.028,-1.698659842159398,0.03333333333333333,0.0,-0.0
1743667772.2712643,0.0,-94.0,270.0,,0.0488966669511246,0.028,-1.698659842159398,0.03333333333333333,0.0,-0.0
1743667772.4648106,0.0,-94.0,270.0,,0.0488966669511246,0.028,-1.698659842159398,0.03333333333333333,0.0,-0.0
1743667772.6533408,0.0,-94.0,270.0,,0.0488966669511246,0.028,-1.698659842159398,0.03333333333333333,0.0,-0.0
1743667772.8458505,0.0,-94.0,270.0,,0.0488966669511246,0.028,-1.698659842159398,0.03333333333333333,0.0,-0.0
1743667773.0375087,0.0,-94.0,270.0,,0.0488966669511246,0.028,-1.698659842159398,0.03333333333333333,0.0,-0.0
1743667773.2282176,0.0,-94.0,270.0,,0.0488966669511246,0.028,-1.698659842159398,0.03333333333333333,0.0,-0.0
1743667773.4226358,0.0,-94.0,270.0,,0.0488966669511246,0.028,-1.698659842159398,0.03333333333333333,0.0,-0.0
1743667773.6127763,0.0,-94.0,270.0,,0.0488966669511246,0.028,-1.698659842159398,0.03333333333333333,0.0,-0.0
1743667773.8056114,0.0,-94.0,270.0,,0.0488966669511246,0.028,-1.698659842159398,0.03333333333333333,0.0,-0.0
1743667773.9952016,0.0,-94.0,270.0,,0.0488966669511246,0.028,-1.698659842159398,0.03333333333333333,0.0,-0.0
1743667774.1860223,0.0,-94.0,270.0,,0.0488966669511246,0.028,-1.698659842159398,0.03333333333333333,0.0,-0.0
1743667774.3768911,0.0,-94.0,270.0,,0.0488966669511246,0.028,-1.698659842159398,0.03333333333333333,0.0,-0.0
1743667774.5673118,0.0,-94.0,270.0,,0.0488966669511246,0.028,-1.698659842159398,0.03333333333333333,0.0,-0.0
1743667774.7608106,0.0,-94.0,270.0,,0.0488966669511246,0.028,-1.698659842159398,0.03333333333333333,0.0,-0.0
1743667774.9516766,0.0,-94.0,270.0,,0.0488966669511246,0.028,-1.698659842159398,0.03333333333333333,0.0,-0.0
1743667775.142222,0.0,-94.0,270.0,,0.0488966669511246,0.028,-1.698659842159398,0.03333333333333333,0.0,-0.0
1743667775.3339672,0.0,-94.0,270.0,,0.0488966669511246,0.028,-1.698659842159398,0.03333333333333333,0.0,-0.0
1743667775.524571,0.0,-94.0,270.0,,0.0488966669511246,0.028,-1.698659842159398,0.03333333333333333,0.0,-0.0
1743667775.716142,0.0,-94.0,270.0,,0.0488966669511246,0.028,-1.698659842159398,0.03333333333333333,0.0,-0.0
1743667775.9078972,0.0,-94.0,270.0,,0.0488966669511246,0.028,-1.698659842159398,0.03333333333333333,0.0,-0.0
1743667776.0992866,0.0,-94.0,270.0,,0.0488966669511246,0.028,-1.698659842159398,0.03333333333333333,0.0,-0.0
1743667776.2921078,0.0,-94.0,270.0,,0.0488966669511246,0.028,-1.698659842159398,0.03333333333333333,0.0,-0.0
1743667776.4838543,0.0,-94.0,270.0,,0.0488966669511246,0.028,-1.698659842159398,0.03333333333333333,0.0,-0.0
1743667776.6758075,0.0,-94.0,270.0,,0.0488966669511246,0.028,-1.698659842159398,0.03333333333333333,0.0,-0.0
1743667776.8669307,0.0,-94.0,270.0,,0.0488966669511246,0.028,-1.698659842159398,0.03333333333333333,0.0,-0.0
1743667777.0563579,0.0,-94.0,270.0,,0.0488966669511246,0.028,-1.698659842159398,0.03333333333333333,0.0,-0.0
1743667777.2489293,0.0,-94.0,270.0,,0.0488966669511246,0.028,-1.698659842159398,0.03333333333333333,0.0,-0.0
1743667777.4382386,0.0,-94.0,270.0,,0.0488966669511246,0.028,-1.698659842159398,0.03333333333333333,0.0,-0.0
1743667777.629318,0.0,-94.0,270.0,,0.0488966669511246,0.028,-1.698659842159398,0.03333333333333333,0.0,-0.0
1743667777.8210273,0.0,-94.0,270.0,,0.0488966669511246,0.028,-1.698659842159398,0.03333333333333333,0.0,-0.0
1743667778.0121639,0.0,-94.0,270.0,,0.0488966669511246,0.028,-1.698659842159398,0.03333333333333333,0.0,-0.0
1743667778.2040136,0.0,-94.0,270.0,,0.0488966669511246,0.028,-1.698659842159398,0.03333333333333333,0.0,-0.0
1743667778.39601,0.0,-94.0,270.0,,0.0488966669511246,0.028,-1.698659842159398,0.03333333333333333,0.0,-0.0
1743667778.588243,0.0,-94.0,270.0,,0.0488966669511246,0.028,-1.698659842159398,0.03333333333333333,0.0,-0.0
1743667778.7871158,0.0,-94.0,270.0,,0.0488966669511246,0.028,-1.698659842159398,0.03333333333333333,0.0,-0.0
1743667778.9922783,0.0,-94.0,270.0,,0.0488966669511246,0.028,-1.698659842159398,0.03333333333333333,0.0,-0.0
1743667779.201535,0.0,-94.0,270.0,,0.0488966669511246,0.028,-1.698659842159398,0.03333333333333333,0.0,-0.0
1743667779.411651,0.0,-94.0,270.0,,0.0488966669511246,0.028,-1.698659842159398,0.03333333333333333,0.0,-0.0
1743667779.620167,0.0,-94.0,270.0,,0.0488966669511246,0.028,-1.698659842159398,0.03333333333333333,0.0,-0.0
1743667779.818661,0.0,-94.0,270.0,,0.0488966669511246,0.028,-1.698659842159398,0.03333333333333333,0.0,-0.0
1743667780.0137742,0.0,-94.0,270.0,,0.0488966669511246,0.028,-1.698659842159398,0.03333333333333333,0.0,-0.0
1743667780.20799,0.0,-94.0,270.0,,0.0488966669511246,0.028,-1.698659842159398,0.03333333333333333,0.0,-0.0
1743667780.4013736,0.0,-94.0,270.0,,0.0488966669511246,0.028,-1.698659842159398,0.03333333333333333,0.0,-0.0
1743667780.594825,0.0,-94.0,270.0,,0.0488966669511246,0.028,-1.698659842159398,0.03333333333333333,0.0,-0.0
1743667780.7882955,0.0,-94.0,270.0,,0.0488966669511246,0.028,-1.698659842159398,0.03333333333333333,0.0,-0.0
1743667780.9818954,0.0,-94.0,270.0,,0.0488966669511246,0.028,-1.698659842159398,0.03333333333333333,0.0,-0.0
1743667781.172415,0.0,-94.0,270.0,,0.0488966669511246,0.028,-1.698659842159398,0.03333333333333333,0.0,-0.0
1743667781.3621173,0.0,-94.0,270.0,,0.0488966669511246,0.028,-1.698659842159398,0.03333333333333333,0.0,-0.0
1743667781.5535605,0.0,-94.0,270.0,,0.0488966669511246,0.028,-1.698659842159398,0.03333333333333333,0.0,-0.0
1743667781.745626,0.0,-94.0,270.0,,0.0488966669511246,0.028,-1.698659842159398,0.03333333333333333,0.0,-0.0
1743667781.9387891,0.0,-94.0,270.0,,0.0488966669511246,0.028,-1.698659842159398,0.03333333333333333,0.0,-0.0
1743667782.1302426,0.0,-94.0,270.0,,0.0488966669511246,0.028,-1.698659842159398,0.03333333333333333,0.0,-0.0
1743667782.3239334,0.0,-94.0,270.0,,0.0488966669511246,0.028,-1.698659842159398,0.03333333333333333,0.0,-0.0
1743667782.5143118,0.0,-94.0,270.0,,0.0488966669511246,0.028,-1.698659842159398,0.03333333333333333,0.0,-0.0
1743667782.703225,0.0,-94.0,270.0,,0.0488966669511246,0.028,-1.698659842159398,0.03333333333333333,0.0,-0.0
1743667782.8942487,0.0,-94.0,270.0,,0.0488966669511246,0.028,-1.698659842159398,0.03333333333333333,0.0,-0.0
1743667783.0849226,0.0,-94.0,270.0,,0.0488966669511246,0.028,-1.698659842159398,0.03333333333333333,0.0,-0.0
1743667783.2751763,0.0,-94.0,270.0,,0.0488966669511246,0.028,-1.698659842159398,0.03333333333333333,0.0,-0.0
1743667783.467159,0.0,-94.0,270.0,,0.0488966669511246,0.028,-1.698659842159398,0.03333333333333333,0.0,-0.0
1743667783.6599052,0.0,-94.0,270.0,,0.0488966669511246,0.028,-1.698659842159398,0.03333333333333333,0.0,-0.0
1743667783.8518205,0.0,-94.0,270.0,,0.0488966669511246,0.028,-1.698659842159398,0.03333333333333333,0.0,-0.0
1743667784.042093,0.0,-94.0,270.0,,0.0488966669511246,0.028,-1.698659842159398,0.03333333333333333,0.0,-0.0
1743667784.232534,0.0,-94.0,270.0,,0.0488966669511246,0.028,-1.698659842159398,0.03333333333333333,0.0,-0.0
1743667784.4217122,0.0,-94.0,270.0,,0.0488966669511246,0.028,-1.698659842159398,0.03333333333333333,0.0,-0.0
1743667784.613148,0.0,-94.0,270.0,,0.0488966669511246,0.028,-1.698659842159398,0.03333333333333333,0.0,-0.0
1743667784.8090746,0.0,-94.0,270.0,,0.0488966669511246,0.028,-1.698659842159398,0.03333333333333333,0.0,-0.0
1743667785.003915,0.0,-94.0,270.0,,0.0488966669511246,0.028,-1.698659842159398,0.03333333333333333,0.0,-0.0
1743667785.198202,0.0,-94.0,270.0,,0.0488966669511246,0.028,-1.698659842159398,0.03333333333333333,0.0,-0.0
1743667785.3913503,0.0,-94.0,270.0,,0.0488966669511246,0.028,-1.698659842159398,0.03333333333333333,0.0,-0.0
1743667785.584232,0.0,-94.0,270.0,,0.0488966669511246,0.028,-1.698659842159398,0.03333333333333333,0.0,-0.0
1743667785.7757177,0.0,-94.0,270.0,,0.0488966669511246,0.028,-1.698659842159398,0.03333333333333333,0.0,-0.0
1743667785.969463,0.0,-94.0,270.0,,0.0488966669511246,0.028,-1.698659842159398,0.03333333333333333,0.0,-0.0
1743667786.1670775,0.0,-94.0,270.0,,0.0488966669511246,0.028,-1.698659842159398,0.03333333333333333,0.0,-0.0
1743667786.3611443,0.0,-94.0,270.0,,0.0488966669511246,0.028,-1.698659842159398,0.03333333333333333,0.0,-0.0
1743667786.554326,0.0,-94.0,270.0,,0.0488966669511246,0.028,-1.698659842159398,0.03333333333333333,0.0,-0.0
1743667786.747453,0.0,-94.0,270.0,,0.0488966669511246,0.028,-1.698659842159398,0.03333333333333333,0.0,-0.0
1743667786.9414241,0.0,-94.0,270.0,,0.0488966669511246,0.028,-1.698659842159398,0.03333333333333333,0.0,-0.0
1743667787.1318939,0.0,-94.0,270.0,,0.0488966669511246,0.028,-1.698659842159398,0.03333333333333333,0.0,-0.0
1743667787.324809,0.0,-94.0,270.0,,0.0488966669511246,0.028,-1.698659842159398,0.03333333333333333,0.0,-0.0
1743667787.5155656,0.0,-94.0,270.0,,0.0488966669511246,0.028,-1.698659842159398,0.03333333333333333,0.0,-0.0
1743667787.7062857,0.0,-94.0,270.0,,0.0488966669511246,0.028,-1.698659842159398,0.03333333333333333,0.0,-0.0
1743667787.8976986,0.0,-94.0,270.0,,0.0488966669511246,0.028,-1.698659842159398,0.03333333333333333,0.0,-0.0
1743667788.0890982,0.0,-94.0,270.0,,0.0488966669511246,0.028,-1.698659842159398,0.03333333333333333,0.0,-0.0
1743667788.2809765,0.0,-94.0,270.0,,0.0488966669511246,0.028,-1.698659842159398,0.03333333333333333,0.0,-0.0
1743667788.4722981,0.0,-94.0,270.0,,0.0488966669511246,0.028,-1.698659842159398,0.03333333333333333,0.0,-0.0
1743667788.660457,0.0,-94.0,270.0,,0.0488966669511246,0.028,-1.698659842159398,0.03333333333333333,0.0,-0.0
1743667788.8566265,0.0,-94.0,270.0,,0.0488966669511246,0.028,-1.698659842159398,0.03333333333333333,0.0,-0.0
1743667789.0500164,0.0,-94.0,270.0,,0.0488966669511246,0.028,-1.698659842159398,0.03333333333333333,0.0,-0.0
1743667789.2428904,0.0,-94.0,270.0,,0.0488966669511246,0.028,-1.698659842159398,0.03333333333333333,0.0,-0.0
1743667789.4360628,0.0,-94.0,270.0,,0.0488966669511246,0.028,-1.698659842159398,0.03333333333333333,0.0,-0.0
1743667789.629482,0.0,-94.0,270.0,,0.0488966669511246,0.028,-1.698659842159398,0.03333333333333333,0.0,-0.0
1743667789.8202548,0.0,-94.0,270.0,,0.0488966669511246,0.028,-1.698659842159398,0.03333333333333333,0.0,-0.0
1743667790.0113034,0.0,-94.0,270.0,,0.0488966669511246,0.028,-1.698659842159398,0.03333333333333333,0.0,-0.0
1743667790.2044945,0.0,-94.0,270.0,,0.0488966669511246,0.028,-1.698659842159398,0.03333333333333333,0.0,-0.0
1743667790.3968167,0.0,-94.0,270.0,,0.0488966669511246,0.028,-1.698659842159398,0.03333333333333333,0.0,-0.0
1743667790.5877435,0.0,-94.0,270.0,,0.0488966669511246,0.028,-1.698659842159398,0.03333333333333333,0.0,-0.0
1743667790.778599,0.0,-94.0,270.0,,0.0488966669511246,0.028,-1.698659842159398,0.03333333333333333,0.0,-0.0
1743667790.9704137,0.0,-94.0,270.0,,0.0488966669511246,0.028,-1.698659842159398,0.03333333333333333,0.0,-0.0
1743667791.1602898,0.0,-94.0,270.0,,0.0488966669511246,0.028,-1.698659842159398,0.03333333333333333,0.0,-0.0
1743667791.3514652,0.0,-94.0,270.0,,0.0488966669511246,0.028,-1.698659842159398,0.03333333333333333,0.0,-0.0
1743667791.5422652,0.0,-94.0,270.0,,0.0488966669511246,0.028,-1.698659842159398,0.03333333333333333,0.0,-0.0
1743667791.7332597,0.0,-94.0,270.0,,0.0488966669511246,0.028,-1.698659842159398,0.03333333333333333,0.0,-0.0
1743667791.9237862,0.0,-94.0,270.0,,0.0488966669511246,0.028,-1.698659842159398,0.03333333333333333,0.0,-0.0
1743667792.115159,0.0,-94.0,270.0,,0.0488966669511246,0.028,-1.698659842159398,0.03333333333333333,0.0,-0.0
1743667792.3071032,0.0,-94.0,270.0,,0.0488966669511246,0.028,-1.698659842159398,0.03333333333333333,0.0,-0.0
1743667792.4986885,0.0,-94.0,270.0,,0.0488966669511246,0.028,-1.698659842159398,0.03333333333333333,0.0,-0.0
1743667792.6899736,0.0,-94.0,270.0,,0.0488966669511246,0.028,-1.698659842159398,0.03333333333333333,0.0,-0.0
1743667792.8810585,0.0,-94.0,270.0,,0.0488966669511246,0.028,-1.698659842159398,0.03333333333333333,0.0,-0.0
1743667793.080001,0.0,-94.0,270.0,,0.0488966669511246,0.028,-1.698659842159398,0.03333333333333333,0.0,-0.0
1743667793.2842607,0.0,-94.0,270.0,,0.0488966669511246,0.028,-1.698659842159398,0.03333333333333333,0.0,-0.0
1743667793.5053377,0.0,-94.0,270.0,,0.0488966669511246,0.028,-1.698659842159398,0.03333333333333333,0.0,-0.0
1743667793.7244582,0.0,-94.0,270.0,,0.0488966669511246,0.028,-1.698659842159398,0.03333333333333333,0.0,-0.0
1743667793.9333844,0.0,-94.0,270.0,,0.0488966669511246,0.028,-1.698659842159398,0.03333333333333333,0.0,-0.0
1743667794.1318607,0.0,-94.0,270.0,,0.0488966669511246,0.028,-1.698659842159398,0.03333333333333333,0.0,-0.0
1743667794.3267465,0.0,-94.0,270.0,,0.0488966669511246,0.028,-1.698659842159398,0.03333333333333333,0.0,-0.0
1743667794.5201702,0.0,-94.0,270.0,,0.0488966669511246,0.028,-1.698659842159398,0.03333333333333333,0.0,-0.0
1743667794.7130172,0.0,-94.0,270.0,,0.0488966669511246,0.028,-1.698659842159398,0.03333333333333333,0.0,-0.0
1743667794.9041102,0.0,-94.0,270.0,,0.0488966669511246,0.028,-1.698659842159398,0.03333333333333333,0.0,-0.0
1743667795.0938878,0.0,-94.0,270.0,,0.0488966669511246,0.028,-1.698659842159398,0.03333333333333333,0.0,-0.0
1743667795.2841547,0.0,-94.0,270.0,,0.0488966669511246,0.028,-1.698659842159398,0.03333333333333333,0.0,-0.0
1743667795.4759371,0.0,-94.0,270.0,,0.0488966669511246,0.028,-1.698659842159398,0.03333333333333333,0.0,-0.0
1743667795.6682317,0.0,-94.0,270.0,,0.0488966669511246,0.028,-1.698659842159398,0.03333333333333333,0.0,-0.0
1743667795.8617024,0.0,-94.0,270.0,,0.0488966669511246,0.028,-1.698659842159398,0.03333333333333333,0.0,-0.0
1743667796.0580266,0.0,-94.0,270.0,,0.0488966669511246,0.028,-1.698659842159398,0.03333333333333333,0.0,-0.0
1743667796.250628,0.0,-94.0,270.0,,0.0488966669511246,0.028,-1.698659842159398,0.03333333333333333,0.0,-0.0
1743667796.4441776,0.0,-94.0,270.0,,0.0488966669511246,0.028,-1.698659842159398,0.03333333333333333,0.0,-0.0
1743667796.6367893,0.0,-94.0,270.0,,0.0488966669511246,0.028,-1.698659842159398,0.03333333333333333,0.0,-0.0
1743667796.834101,0.0,-94.0,270.0,,0.0488966669511246,0.028,-1.698659842159398,0.03333333333333333,0.0,-0.0
1743667797.0260375,0.0,-94.0,270.0,,0.0488966669511246,0.028,-1.698659842159398,0.03333333333333333,0.0,-0.0
1743667797.2187903,0.0,-94.0,270.0,,0.0488966669511246,0.028,-1.698659842159398,0.03333333333333333,0.0,-0.0
1743667797.408929,0.0,-94.0,270.0,,0.0488966669511246,0.028,-1.698659842159398,0.03333333333333333,0.0,-0.0
1743667797.6011243,0.0,-94.0,270.0,,0.0488966669511246,0.028,-1.698659842159398,0.03333333333333333,0.0,-0.0
1743667797.794052,0.0,-94.0,270.0,,0.0488966669511246,0.028,-1.698659842159398,0.03333333333333333,0.0,-0.0
1743667797.9873083,0.0,-94.0,270.0,,0.0488966669511246,0.028,-1.698659842159398,0.03333333333333333,0.0,-0.0
1743667798.1811597,0.0,-94.0,270.0,,0.0488966669511246,0.028,-1.698659842159398,0.03333333333333333,0.0,-0.0
1743667798.3750663,0.0,-94.0,270.0,,0.0488966669511246,0.028,-1.698659842159398,0.03333333333333333,0.0,-0.0
1743667798.5654275,0.0,-94.0,270.0,,0.0488966669511246,0.028,-1.698659842159398,0.03333333333333333,0.0,-0.0
1743667798.7574828,0.0,-94.0,270.0,,0.0488966669511246,0.028,-1.698659842159398,0.03333333333333333,0.0,-0.0
1743667798.9491844,0.0,-94.0,270.0,,0.0488966669511246,0.028,-1.698659842159398,0.03333333333333333,0.0,-0.0
1743667799.1400757,0.0,-94.0,270.0,,0.0488966669511246,0.028,-1.698659842159398,0.03333333333333333,0.0,-0.0
1743667799.3301997,0.0,-94.0,270.0,,0.0488966669511246,0.028,-1.698659842159398,0.03333333333333333,0.0,-0.0
1743667799.5219228,0.0,-94.0,270.0,,0.0488966669511246,0.028,-1.698659842159398,0.03333333333333333,0.0,-0.0
1743667799.7155797,0.0,-94.0,270.0,,0.0488966669511246,0.028,-1.698659842159398,0.03333333333333333,0.0,-0.0
1743667799.9242198,0.0,-94.0,270.0,,0.0488966669511246,0.028,-1.698659842159398,0.03333333333333333,0.0,-0.0
1743667800.1726177,0.0,-94.0,270.0,,0.0488966669511246,0.028,-1.698659842159398,0.03333333333333333,0.0,-0.0
1743667800.4465537,0.0,-94.0,270.0,,0.0488966669511246,0.028,-1.698659842159398,0.03333333333333333,0.0,-0.0
1743667800.714724,0.0,-94.0,270.0,,0.0488966669511246,0.028,-1.698659842159398,0.03333333333333333,0.0,-0.0
1743667800.9825134,0.0,-94.0,270.0,,0.0488966669511246,0.028,-1.698659842159398,0.03333333333333333,0.0,-0.0
1743667801.2535954,0.0,-94.0,270.0,,0.0488966669511246,0.028,-1.698659842159398,0.03333333333333333,0.0,-0.0
1743667801.522785,0.0,-94.0,270.0,,0.0488966669511246,0.028,-1.698659842159398,0.03333333333333333,0.0,-0.0
1743667801.7919786,0.0,-94.0,270.0,,0.0488966669511246,0.028,-1.698659842159398,0.03333333333333333,0.0,-0.0
1743667802.070747,0.0,-94.0,270.0,,0.0488966669511246,0.028,-1.698659842159398,0.03333333333333333,0.0,-0.0
1743667802.3484035,0.0,-94.0,270.0,,0.0488966669511246,0.028,-1.698659842159398,0.03333333333333333,0.0,-0.0
1743667802.5946558,0.0,-94.0,270.0,,0.0488966669511246,0.028,-1.698659842159398,0.03333333333333333,0.0,-0.0
1743667802.8122299,0.0,-94.0,270.0,,0.0488966669511246,0.028,-1.698659842159398,0.03333333333333333,0.0,-0.0
1743667803.0179298,0.0,-94.0,270.0,,0.0488966669511246,0.028,-1.698659842159398,0.03333333333333333,0.0,-0.0
1743667803.2161815,0.0,-94.0,270.0,,0.0488966669511246,0.028,-1.698659842159398,0.03333333333333333,0.0,-0.0
1743667803.4148145,0.0,-94.0,270.0,,0.0488966669511246,0.028,-1.698659842159398,0.03333333333333333,0.0,-0.0
1743667803.6093266,0.0,-94.0,270.0,,0.0488966669511246,0.028,-1.698659842159398,0.03333333333333333,0.0,-0.0
1743667803.8021548,0.0,-94.0,270.0,,0.0488966669511246,0.028,-1.698659842159398,0.03333333333333333,0.0,-0.0
1743667803.9941957,0.0,-94.0,270.0,,0.0488966669511246,0.028,-1.698659842159398,0.03333333333333333,0.0,-0.0
1743667804.1871758,0.0,-94.0,270.0,,0.0488966669511246,0.028,-1.698659842159398,0.03333333333333333,0.0,-0.0
1743667804.379893,0.0,-94.0,270.0,,0.0488966669511246,0.028,-1.698659842159398,0.03333333333333333,0.0,-0.0
1743667804.5722904,0.0,-94.0,270.0,,0.0488966669511246,0.028,-1.698659842159398,0.03333333333333333,0.0,-0.0
1743667804.7635903,0.0,-94.0,270.0,,0.0488966669511246,0.028,-1.698659842159398,0.03333333333333333,0.0,-0.0
1743667804.9571621,0.0,-94.0,270.0,,0.0488966669511246,0.028,-1.698659842159398,0.03333333333333333,0.0,-0.0
1743667805.1462228,0.0,-94.0,270.0,,0.0488966669511246,0.028,-1.698659842159398,0.03333333333333333,0.0,-0.0
1743667805.3367982,0.0,-94.0,270.0,,0.0488966669511246,0.028,-1.698659842159398,0.03333333333333333,0.0,-0.0
1743667805.5297096,0.0,-94.0,270.0,,0.0488966669511246,0.028,-1.698659842159398,0.03333333333333333,0.0,-0.0
1743667805.7195504,0.0,-94.0,270.0,,0.0488966669511246,0.028,-1.698659842159398,0.03333333333333333,0.0,-0.0
1743667805.9101427,0.0,-94.0,270.0,,0.0488966669511246,0.028,-1.698659842159398,0.03333333333333333,0.0,-0.0
1743667806.0991657,0.0,-94.0,270.0,,0.0488966669511246,0.028,-1.698659842159398,0.03333333333333333,0.0,-0.0
1743667806.322163,0.0,-94.0,270.0,,0.0488966669511246,0.028,-1.698659842159398,0.03333333333333333,0.0,-0.0
1743667806.5633576,0.0,-94.0,270.0,,0.0488966669511246,0.028,-1.698659842159398,0.03333333333333333,0.0,-0.0
1743667806.8005612,0.0,-94.0,270.0,,0.0488966669511246,0.028,-1.698659842159398,0.03333333333333333,0.0,-0.0
1743667807.016284,0.0,-94.0,270.0,,0.0488966669511246,0.028,-1.698659842159398,0.03333333333333333,0.0,-0.0
1743667807.220335,0.0,-94.0,270.0,,0.0488966669511246,0.028,-1.698659842159398,0.03333333333333333,0.0,-0.0
1743667807.4193008,0.0,-94.0,270.0,,0.0488966669511246,0.028,-1.698659842159398,0.03333333333333333,0.0,-0.0
1743667807.6133633,0.0,-94.0,270.0,,0.0488966669511246,0.028,-1.698659842159398,0.03333333333333333,0.0,-0.0
1743667807.8066826,0.0,-94.0,270.0,,0.0488966669511246,0.028,-1.698659842159398,0.03333333333333333,0.0,-0.0
1743667807.9983513,0.0,-94.0,270.0,,0.0488966669511246,0.028,-1.698659842159398,0.03333333333333333,0.0,-0.0
1743667808.193589,0.0,-94.0,270.0,,0.0488966669511246,0.028,-1.698659842159398,0.03333333333333333,0.0,-0.0
1743667808.398414,0.0,-94.0,270.0,,0.0488966669511246,0.028,-1.698659842159398,0.03333333333333333,0.0,-0.0
1743667808.6061695,0.0,-94.0,270.0,,0.0488966669511246,0.028,-1.698659842159398,0.03333333333333333,0.0,-0.0
1743667808.8191683,0.0,-94.0,270.0,,0.0488966669511246,0.028,-1.698659842159398,0.03333333333333333,0.0,-0.0
1743667809.0299914,0.0,-94.0,270.0,,0.0488966669511246,0.028,-1.698659842159398,0.03333333333333333,0.0,-0.0
1743667809.2294688,0.0,-94.0,270.0,,0.0488966669511246,0.028,-1.698659842159398,0.03333333333333333,0.0,-0.0
1743667809.4240563,0.0,-94.0,270.0,,0.0488966669511246,0.028,-1.698659842159398,0.03333333333333333,0.0,-0.0
1743667809.6173985,0.0,-94.0,270.0,,0.0488966669511246,0.028,-1.698659842159398,0.03333333333333333,0.0,-0.0
1743667809.8113227,0.0,-94.0,270.0,,0.0488966669511246,0.028,-1.698659842159398,0.03333333333333333,0.0,-0.0
1743667810.0051827,0.0,-94.0,270.0,,0.0488966669511246,0.028,-1.698659842159398,0.03333333333333333,0.0,-0.0
1743667810.199283,0.0,-94.0,270.0,,0.0488966669511246,0.028,-1.698659842159398,0.03333333333333333,0.0,-0.0
1743667810.3921723,0.0,-94.0,270.0,,0.0488966669511246,0.028,-1.698659842159398,0.03333333333333333,0.0,-0.0
1743667810.603422,0.0,-94.0,270.0,,0.0488966669511246,0.028,-1.698659842159398,0.03333333333333333,0.0,-0.0
1743667810.809466,0.0,-94.0,270.0,,0.0488966669511246,0.028,-1.698659842159398,0.03333333333333333,0.0,-0.0
1743667811.0082655,0.0,-94.0,270.0,,0.0488966669511246,0.028,-1.698659842159398,0.03333333333333333,0.0,-0.0
1743667811.2022939,0.0,-94.0,270.0,,0.0488966669511246,0.028,-1.698659842159398,0.03333333333333333,0.0,-0.0
1743667811.3959095,0.0,-94.0,270.0,,0.0488966669511246,0.028,-1.698659842159398,0.03333333333333333,0.0,-0.0
1743667811.5872324,0.0,-94.0,270.0,,0.0488966669511246,0.028,-1.698659842159398,0.03333333333333333,0.0,-0.0
1743667811.7790794,0.0,-94.0,270.0,,0.0488966669511246,0.028,-1.698659842159398,0.03333333333333333,0.0,-0.0
1743667811.9703643,0.0,-94.0,270.0,,0.0488966669511246,0.028,-1.698659842159398,0.03333333333333333,0.0,-0.0
1743667812.1611917,0.0,-94.0,270.0,,0.0488966669511246,0.028,-1.698659842159398,0.03333333333333333,0.0,-0.0
1743667812.353065,0.0,-94.0,270.0,,0.0488966669511246,0.028,-1.698659842159398,0.03333333333333333,0.0,-0.0
1743667812.5447874,0.0,-94.0,270.0,,0.0488966669511246,0.028,-1.698659842159398,0.03333333333333333,0.0,-0.0
1743667812.736275,0.0,-94.0,270.0,,0.0488966669511246,0.028,-1.698659842159398,0.03333333333333333,0.0,-0.0
1743667812.927271,0.0,-94.0,270.0,,0.0488966669511246,0.028,-1.698659842159398,0.03333333333333333,0.0,-0.0
1743667813.117739,0.0,-94.0,270.0,,0.0488966669511246,0.028,-1.698659842159398,0.03333333333333333,0.0,-0.0
1743667813.3103,0.0,-94.0,270.0,,0.0488966669511246,0.028,-1.698659842159398,0.03333333333333333,0.0,-0.0
1743667813.5019753,0.0,-94.0,270.0,,0.0488966669511246,0.028,-1.698659842159398,0.03333333333333333,0.0,-0.0
1743667813.6925688,0.0,-94.0,270.0,,0.0488966669511246,0.028,-1.698659842159398,0.03333333333333333,0.0,-0.0
1743667813.882131,0.0,-94.0,270.0,,0.0488966669511246,0.028,-1.698659842159398,0.03333333333333333,0.0,-0.0
1743667814.072583,0.0,-94.0,270.0,,0.0488966669511246,0.028,-1.698659842159398,0.03333333333333333,0.0,-0.0
1743667814.265272,0.0,-94.0,270.0,,0.0488966669511246,0.028,-1.698659842159398,0.03333333333333333,0.0,-0.0
1743667814.4568868,0.0,-94.0,270.0,,0.0488966669511246,0.028,-1.698659842159398,0.03333333333333333,0.0,-0.0
1743667814.64768,0.0,-94.0,270.0,,0.0488966669511246,0.028,-1.698659842159398,0.03333333333333333,0.0,-0.0
1743667814.837722,0.0,-94.0,270.0,,0.0488966669511246,0.028,-1.698659842159398,0.03333333333333333,0.0,-0.0
1743667815.028339,0.0,-94.0,270.0,,0.0488966669511246,0.028,-1.698659842159398,0.03333333333333333,0.0,-0.0
1743667815.2200966,0.0,-94.0,270.0,,0.0488966669511246,0.028,-1.698659842159398,0.03333333333333333,0.0,-0.0
1743667815.412089,0.0,-94.0,270.0,,0.0488966669511246,0.028,-1.698659842159398,0.03333333333333333,0.0,-0.0
1743667815.6030264,0.0,-94.0,270.0,,0.0488966669511246,0.028,-1.698659842159398,0.03333333333333333,0.0,-0.0
1743667815.7928257,0.0,-94.0,270.0,,0.0488966669511246,0.028,-1.698659842159398,0.03333333333333333,0.0,-0.0
1743667815.984375,0.0,-94.0,270.0,,0.0488966669511246,0.028,-1.698659842159398,0.03333333333333333,0.0,-0.0
1743667816.1744368,0.0,-94.0,270.0,,0.0488966669511246,0.028,-1.698659842159398,0.03333333333333333,0.0,-0.0
1743667816.3650262,0.0,-94.0,270.0,,0.0488966669511246,0.028,-1.698659842159398,0.03333333333333333,0.0,-0.0
1743667816.5556831,0.0,-94.0,270.0,,0.0488966669511246,0.028,-1.698659842159398,0.03333333333333333,0.0,-0.0
1743667816.7461631,0.0,-94.0,270.0,,0.0488966669511246,0.028,-1.698659842159398,0.03333333333333333,0.0,-0.0
1743667816.937987,0.0,-94.0,270.0,,0.0488966669511246,0.028,-1.698659842159398,0.03333333333333333,0.0,-0.0
1743667817.1286604,0.0,-94.0,270.0,,0.0488966669511246,0.028,-1.698659842159398,0.03333333333333333,0.0,-0.0
1743667817.3193433,0.0,-94.0,270.0,,0.0488966669511246,0.028,-1.698659842159398,0.03333333333333333,0.0,-0.0
1743667817.510636,0.0,-94.0,270.0,,0.0488966669511246,0.028,-1.698659842159398,0.03333333333333333,0.0,-0.0
1743667817.7000542,0.0,-94.0,270.0,,0.0488966669511246,0.028,-1.698659842159398,0.03333333333333333,0.0,-0.0
1743667817.8913083,0.0,-94.0,270.0,,0.0488966669511246,0.028,-1.698659842159398,0.03333333333333333,0.0,-0.0
1743667818.0827374,0.0,-94.0,270.0,,0.0488966669511246,0.028,-1.698659842159398,0.03333333333333333,0.0,-0.0
1743667818.2729244,0.0,-94.0,270.0,,0.0488966669511246,0.028,-1.698659842159398,0.03333333333333333,0.0,-0.0
1743667818.463751,0.0,-94.0,270.0,,0.0488966669511246,0.028,-1.698659842159398,0.03333333333333333,0.0,-0.0
1743667818.6539931,0.0,-94.0,270.0,,0.0488966669511246,0.028,-1.698659842159398,0.03333333333333333,0.0,-0.0
1743667818.8439553,0.0,-94.0,270.0,,0.0488966669511246,0.028,-1.698659842159398,0.03333333333333333,0.0,-0.0
1743667819.034122,0.0,-94.0,270.0,,0.0488966669511246,0.028,-1.698659842159398,0.03333333333333333,0.0,-0.0
1743667819.2242692,0.0,-94.0,270.0,,0.0488966669511246,0.028,-1.698659842159398,0.03333333333333333,0.0,-0.0
1743667819.41524,0.0,-94.0,270.0,,0.0488966669511246,0.028,-1.698659842159398,0.03333333333333333,0.0,-0.0
1743667819.6169548,0.0,-94.0,270.0,,0.0488966669511246,0.028,-1.698659842159398,0.03333333333333333,0.0,-0.0
1743667819.8350854,0.0,-94.0,270.0,,0.0488966669511246,0.028,-1.698659842159398,0.03333333333333333,0.0,-0.0
1743667820.0423543,0.0,-94.0,270.0,,0.0488966669511246,0.028,-1.698659842159398,0.03333333333333333,0.0,-0.0
1743667820.2423692,0.0,-94.0,270.0,,0.0488966669511246,0.028,-1.698659842159398,0.03333333333333333,0.0,-0.0
1743667820.4369113,0.0,-94.0,270.0,,0.0488966669511246,0.028,-1.698659842159398,0.03333333333333333,0.0,-0.0
1743667820.6304972,0.0,-94.0,270.0,,0.0488966669511246,0.028,-1.698659842159398,0.03333333333333333,0.0,-0.0
1743667820.8225172,0.0,-94.0,270.0,,0.0488966669511246,0.028,-1.698659842159398,0.03333333333333333,0.0,-0.0
1743667821.0142167,0.0,-94.0,270.0,,0.0488966669511246,0.028,-1.698659842159398,0.03333333333333333,0.0,-0.0
1743667821.2041318,0.0,-94.0,270.0,,0.0488966669511246,0.028,-1.698659842159398,0.03333333333333333,0.0,-0.0
1743667821.394123,0.0,-94.0,270.0,,0.0488966669511246,0.028,-1.698659842159398,0.03333333333333333,0.0,-0.0
1743667821.5831363,0.0,-94.0,270.0,,0.0488966669511246,0.028,-1.698659842159398,0.03333333333333333,0.0,-0.0
1743667821.7747934,0.0,-94.0,270.0,,0.0488966669511246,0.028,-1.698659842159398,0.03333333333333333,0.0,-0.0
1743667821.9651666,0.0,-94.0,270.0,,0.0488966669511246,0.028,-1.698659842159398,0.03333333333333333,0.0,-0.0
1743667822.1550078,0.0,-94.0,270.0,,0.0488966669511246,0.028,-1.698659842159398,0.03333333333333333,0.0,-0.0
1743667822.3468103,0.0,-94.0,270.0,,0.0488966669511246,0.028,-1.698659842159398,0.03333333333333333,0.0,-0.0
1743667822.5370696,0.0,-94.0,270.0,,0.0488966669511246,0.028,-1.698659842159398,0.03333333333333333,0.0,-0.0
1743667822.7351696,0.0,-94.0,270.0,,0.0488966669511246,0.028,-1.698659842159398,0.03333333333333333,0.0,-0.0
1743667822.941272,0.0,-94.0,270.0,,0.0488966669511246,0.028,-1.698659842159398,0.03333333333333333,0.0,-0.0
1743667823.147627,0.0,-94.0,270.0,,0.0488966669511246,0.028,-1.698659842159398,0.03333333333333333,0.0,-0.0
1743667823.3564296,0.0,-94.0,270.0,,0.0488966669511246,0.028,-1.698659842159398,0.03333333333333333,0.0,-0.0
1743667823.5633118,0.0,-94.0,270.0,,0.0488966669511246,0.028,-1.698659842159398,0.03333333333333333,0.0,-0.0
1743667823.7615676,0.0,-94.0,270.0,,0.0488966669511246,0.028,-1.698659842159398,0.03333333333333333,0.0,-0.0
1743667823.95507,0.0,-94.0,270.0,,0.0488966669511246,0.028,-1.698659842159398,0.03333333333333333,0.0,-0.0
1743667824.148554,0.0,-94.0,270.0,,0.0488966669511246,0.028,-1.698659842159398,0.03333333333333333,0.0,-0.0
1743667824.3418782,0.0,-94.0,270.0,,0.0488966669511246,0.028,-1.698659842159398,0.03333333333333333,0.0,-0.0
1743667824.534232,0.0,-94.0,270.0,,0.0488966669511246,0.028,-1.698659842159398,0.03333333333333333,0.0,-0.0
1743667824.7276337,0.0,-94.0,270.0,,0.0488966669511246,0.028,-1.698659842159398,0.03333333333333333,0.0,-0.0
1743667824.9172232,0.0,-94.0,270.0,,0.0488966669511246,0.028,-1.698659842159398,0.03333333333333333,0.0,-0.0
1743667825.1079917,0.0,-94.0,270.0,,0.0488966669511246,0.028,-1.698659842159398,0.03333333333333333,0.0,-0.0
1743667825.3000553,0.0,-94.0,270.0,,0.0488966669511246,0.028,-1.698659842159398,0.03333333333333333,0.0,-0.0
1743667825.4909856,0.0,-94.0,270.0,,0.0488966669511246,0.028,-1.698659842159398,0.03333333333333333,0.0,-0.0
1743667825.6811848,0.0,-94.0,270.0,,0.0488966669511246,0.028,-1.698659842159398,0.03333333333333333,0.0,-0.0
1743667825.8720217,0.0,-94.0,270.0,,0.0488966669511246,0.028,-1.698659842159398,0.03333333333333333,0.0,-0.0
1743667826.0621114,0.0,-94.0,270.0,,0.0488966669511246,0.028,-1.698659842159398,0.03333333333333333,0.0,-0.0
1743667826.252021,0.0,-94.0,270.0,,0.0488966669511246,0.028,-1.698659842159398,0.03333333333333333,0.0,-0.0
1743667826.4433925,0.0,-94.0,270.0,,0.0488966669511246,0.028,-1.698659842159398,0.03333333333333333,0.0,-0.0
1743667826.6344342,0.0,-94.0,270.0,,0.0488966669511246,0.028,-1.698659842159398,0.03333333333333333,0.0,-0.0
1743667826.8261633,0.0,-94.0,270.0,,0.0488966669511246,0.028,-1.698659842159398,0.03333333333333333,0.0,-0.0
1743667827.016033,0.0,-94.0,270.0,,0.0488966669511246,0.028,-1.698659842159398,0.03333333333333333,0.0,-0.0
1743667827.2048566,0.0,-94.0,270.0,,0.0488966669511246,0.028,-1.698659842159398,0.03333333333333333,0.0,-0.0
1743667827.3968813,0.0,-94.0,270.0,,0.0488966669511246,0.028,-1.698659842159398,0.03333333333333333,0.0,-0.0
1743667827.5880322,0.0,-94.0,270.0,,0.0488966669511246,0.028,-1.698659842159398,0.03333333333333333,0.0,-0.0
1743667827.778666,0.0,-94.0,270.0,,0.0488966669511246,0.028,-1.698659842159398,0.03333333333333333,0.0,-0.0
1743667827.9702652,0.0,-94.0,270.0,,0.0488966669511246,0.028,-1.698659842159398,0.03333333333333333,0.0,-0.0
1743667828.161485,0.0,-94.0,270.0,,0.0488966669511246,0.028,-1.698659842159398,0.03333333333333333,0.0,-0.0
1743667828.3532462,0.0,-94.0,270.0,,0.0488966669511246,0.028,-1.698659842159398,0.03333333333333333,0.0,-0.0
1743667828.5440903,0.0,-94.0,270.0,,0.0488966669511246,0.028,-1.698659842159398,0.03333333333333333,0.0,-0.0
1743667828.7358096,0.0,-94.0,270.0,,0.0488966669511246,0.028,-1.698659842159398,0.03333333333333333,0.0,-0.0
1743667828.928586,0.0,-94.0,270.0,,0.0488966669511246,0.028,-1.698659842159398,0.03333333333333333,0.0,-0.0
1743667829.1179695,0.0,-94.0,270.0,,0.0488966669511246,0.028,-1.698659842159398,0.03333333333333333,0.0,-0.0
1743667829.309116,0.0,-94.0,270.0,,0.0488966669511246,0.028,-1.698659842159398,0.03333333333333333,0.0,-0.0
1743667829.5014696,0.0,-94.0,270.0,,0.0488966669511246,0.028,-1.698659842159398,0.03333333333333333,0.0,-0.0
1743667829.6923296,0.0,-94.0,270.0,,0.0488966669511246,0.028,-1.698659842159398,0.03333333333333333,0.0,-0.0
1743667829.884657,0.0,-94.0,270.0,,0.0488966669511246,0.028,-1.698659842159398,0.03333333333333333,0.0,-0.0
1743667830.0748665,0.0,-94.0,270.0,,0.0488966669511246,0.028,-1.698659842159398,0.03333333333333333,0.0,-0.0
1743667830.2661643,0.0,-94.0,270.0,,0.0488966669511246,0.028,-1.698659842159398,0.03333333333333333,0.0,-0.0
1743667830.4585838,0.0,-94.0,270.0,,0.0488966669511246,0.028,-1.698659842159398,0.03333333333333333,0.0,-0.0
1743667830.6501815,0.0,-94.0,270.0,,0.0488966669511246,0.028,-1.698659842159398,0.03333333333333333,0.0,-0.0
1743667830.8412976,0.0,-94.0,270.0,,0.0488966669511246,0.028,-1.698659842159398,0.03333333333333333,0.0,-0.0
1743667831.0328996,0.0,-94.0,270.0,,0.0488966669511246,0.028,-1.698659842159398,0.03333333333333333,0.0,-0.0
1743667831.2250307,0.0,-94.0,270.0,,0.0488966669511246,0.028,-1.698659842159398,0.03333333333333333,0.0,-0.0
1743667831.4154046,0.0,-94.0,270.0,,0.0488966669511246,0.028,-1.698659842159398,0.03333333333333333,0.0,-0.0
1743667831.6050227,0.0,-94.0,270.0,,0.0488966669511246,0.028,-1.698659842159398,0.03333333333333333,0.0,-0.0
1743667831.7972856,0.0,-94.0,270.0,,0.0488966669511246,0.028,-1.698659842159398,0.03333333333333333,0.0,-0.0
1743667831.9869013,0.0,-94.0,270.0,,0.0488966669511246,0.028,-1.698659842159398,0.03333333333333333,0.0,-0.0
1743667832.1935818,0.0,-94.0,270.0,,0.0488966669511246,0.028,-1.698659842159398,0.03333333333333333,0.0,-0.0
1743667832.4255445,0.0,-94.0,270.0,,0.0488966669511246,0.028,-1.698659842159398,0.03333333333333333,0.0,-0.0
1743667832.685288,0.0,-94.0,270.0,,0.0488966669511246,0.028,-1.698659842159398,0.03333333333333333,0.0,-0.0
1743667832.9506216,0.0,-94.0,270.0,,0.0488966669511246,0.028,-1.698659842159398,0.03333333333333333,0.0,-0.0
1743667833.2166226,0.0,-94.0,270.0,,0.0488966669511246,0.028,-1.698659842159398,0.03333333333333333,0.0,-0.0
1743667833.4870033,0.0,-94.0,270.0,,0.0488966669511246,0.028,-1.698659842159398,0.03333333333333333,0.0,-0.0
1743667833.7546306,0.0,-94.0,270.0,,0.0488966669511246,0.028,-1.698659842159398,0.03333333333333333,0.0,-0.0
1743667834.0245335,0.0,-94.0,270.0,,0.0488966669511246,0.028,-1.698659842159398,0.03333333333333333,0.0,-0.0
1743667834.3019402,0.0,-94.0,270.0,,0.0488966669511246,0.028,-1.698659842159398,0.03333333333333333,0.0,-0.0
1743667834.5627255,0.0,-94.0,270.0,,0.0488966669511246,0.028,-1.698659842159398,0.03333333333333333,0.0,-0.0
1743667834.7886126,0.0,-94.0,270.0,,0.0488966669511246,0.028,-1.698659842159398,0.03333333333333333,0.0,-0.0
1743667834.9982212,0.0,-94.0,270.0,,0.0488966669511246,0.028,-1.698659842159398,0.03333333333333333,0.0,-0.0
1743667835.198746,0.0,-94.0,270.0,,0.0488966669511246,0.028,-1.698659842159398,0.03333333333333333,0.0,-0.0
1743667835.3964355,0.0,-94.0,270.0,,0.0488966669511246,0.028,-1.698659842159398,0.03333333333333333,0.0,-0.0
1743667835.5891087,0.0,-94.0,270.0,,0.0488966669511246,0.028,-1.698659842159398,0.03333333333333333,0.0,-0.0
1743667835.7830808,0.0,-94.0,270.0,,0.0488966669511246,0.028,-1.698659842159398,0.03333333333333333,0.0,-0.0
1743667835.9758785,0.0,-94.0,270.0,,0.0488966669511246,0.028,-1.698659842159398,0.03333333333333333,0.0,-0.0
1743667836.1650457,0.0,-94.0,270.0,,0.0488966669511246,0.028,-1.698659842159398,0.03333333333333333,0.0,-0.0
1743667836.3578386,0.0,-94.0,270.0,,0.0488966669511246,0.028,-1.698659842159398,0.03333333333333333,0.0,-0.0
1743667836.5492747,0.0,-94.0,270.0,,0.0488966669511246,0.028,-1.698659842159398,0.03333333333333333,0.0,-0.0
1743667836.7400513,0.0,-94.0,270.0,,0.0488966669511246,0.028,-1.698659842159398,0.03333333333333333,0.0,-0.0
1743667836.9302146,0.0,-94.0,270.0,,0.0488966669511246,0.028,-1.698659842159398,0.03333333333333333,0.0,-0.0
1743667837.1218371,0.0,-94.0,270.0,,0.0488966669511246,0.028,-1.698659842159398,0.03333333333333333,0.0,-0.0
1743667837.3121223,0.0,-94.0,270.0,,0.0488966669511246,0.028,-1.698659842159398,0.03333333333333333,0.0,-0.0
1743667837.504983,0.0,-94.0,270.0,,0.0488966669511246,0.028,-1.698659842159398,0.03333333333333333,0.0,-0.0
1743667837.7044344,0.0,-94.0,270.0,,0.0488966669511246,0.028,-1.698659842159398,0.03333333333333333,0.0,-0.0
1743667837.9119935,0.0,-94.0,270.0,,0.0488966669511246,0.028,-1.698659842159398,0.03333333333333333,0.0,-0.0
1743667838.121407,0.0,-94.0,270.0,,0.0488966669511246,0.028,-1.698659842159398,0.03333333333333333,0.0,-0.0
1743667838.3353782,0.0,-94.0,270.0,,0.0488966669511246,0.028,-1.698659842159398,0.03333333333333333,0.0,-0.0
1743667838.539316,0.0,-94.0,270.0,,0.0488966669511246,0.028,-1.698659842159398,0.03333333333333333,0.0,-0.0
1743667838.7375169,0.0,-94.0,270.0,,0.0488966669511246,0.028,-1.698659842159398,0.03333333333333333,0.0,-0.0
1743667838.9312146,0.0,-94.0,270.0,,0.0488966669511246,0.028,-1.698659842159398,0.03333333333333333,0.0,-0.0
1743667839.1310892,0.0,-94.0,270.0,,0.0488966669511246,0.028,-1.698659842159398,0.03333333333333333,0.0,-0.0
1743667839.3271375,0.0,-94.0,270.0,,0.0488966669511246,0.028,-1.698659842159398,0.03333333333333333,0.0,-0.0
1743667839.525706,0.0,-94.0,270.0,,0.0488966669511246,0.028,-1.698659842159398,0.03333333333333333,0.0,-0.0
1743667839.71918,0.0,-94.0,270.0,,0.0488966669511246,0.028,-1.698659842159398,0.03333333333333333,0.0,-0.0
1743667839.911877,0.0,-94.0,270.0,,0.0488966669511246,0.028,-1.698659842159398,0.03333333333333333,0.0,-0.0
1743667840.1060684,0.0,-94.0,270.0,,0.0488966669511246,0.028,-1.698659842159398,0.03333333333333333,0.0,-0.0
1743667840.2999377,0.0,-94.0,270.0,,0.0488966669511246,0.028,-1.698659842159398,0.03333333333333333,0.0,-0.0
1743667840.4962263,0.0,-94.0,270.0,,0.0488966669511246,0.028,-1.698659842159398,0.03333333333333333,0.0,-0.0
1743667840.7052233,0.0,-94.0,270.0,,0.0488966669511246,0.028,-1.698659842159398,0.03333333333333333,0.0,-0.0
1743667840.9108996,0.0,-94.0,270.0,,0.0488966669511246,0.028,-1.698659842159398,0.03333333333333333,0.0,-0.0
1743667841.1101558,0.0,-94.0,270.0,,0.0488966669511246,0.028,-1.698659842159398,0.03333333333333333,0.0,-0.0
1743667841.3082514,0.0,-94.0,270.0,,0.0488966669511246,0.028,-1.698659842159398,0.03333333333333333,0.0,-0.0
1743667841.5037503,0.0,-94.0,270.0,,0.0488966669511246,0.028,-1.698659842159398,0.03333333333333333,0.0,-0.0
1743667841.6989555,0.0,-94.0,270.0,,0.0488966669511246,0.028,-1.698659842159398,0.03333333333333333,0.0,-0.0
1743667841.892355,0.0,-94.0,270.0,,0.0488966669511246,0.028,-1.698659842159398,0.03333333333333333,0.0,-0.0
1743667842.086116,0.0,-94.0,270.0,,0.0488966669511246,0.028,-1.698659842159398,0.03333333333333333,0.0,-0.0
1743667842.279525,0.0,-94.0,270.0,,0.0488966669511246,0.028,-1.698659842159398,0.03333333333333333,0.0,-0.0
1743667842.4730031,0.0,-94.0,270.0,,0.0488966669511246,0.028,-1.698659842159398,0.03333333333333333,0.0,-0.0
1743667842.664006,0.0,-94.0,270.0,,0.0488966669511246,0.028,-1.698659842159398,0.03333333333333333,0.0,-0.0
1743667842.8570623,0.0,-94.0,270.0,,0.0488966669511246,0.028,-1.698659842159398,0.03333333333333333,0.0,-0.0
1743667843.0479949,0.0,-94.0,270.0,,0.0488966669511246,0.028,-1.698659842159398,0.03333333333333333,0.0,-0.0
1743667843.2391577,0.0,-94.0,270.0,,0.0488966669511246,0.028,-1.698659842159398,0.03333333333333333,0.0,-0.0
1743667843.43004,0.0,-94.0,270.0,,0.0488966669511246,0.028,-1.698659842159398,0.03333333333333333,0.0,-0.0
1743667843.6229901,0.0,-94.0,270.0,,0.0488966669511246,0.028,-1.698659842159398,0.03333333333333333,0.0,-0.0
1743667843.8139594,0.0,-94.0,270.0,,0.0488966669511246,0.028,-1.698659842159398,0.03333333333333333,0.0,-0.0
1743667844.0048475,0.0,-94.0,270.0,,0.0488966669511246,0.028,-1.698659842159398,0.03333333333333333,0.0,-0.0
1743667844.1973999,0.0,-94.0,270.0,,0.0488966669511246,0.028,-1.698659842159398,0.03333333333333333,0.0,-0.0
1743667844.4373612,0.0,-94.0,270.0,,0.0488966669511246,0.028,-1.698659842159398,0.03333333333333333,0.0,-0.0
1743667844.6834836,0.0,-94.0,270.0,,0.0488966669511246,0.028,-1.698659842159398,0.03333333333333333,0.0,-0.0
1743667844.9275794,0.0,-94.0,270.0,,0.0488966669511246,0.028,-1.698659842159398,0.03333333333333333,0.0,-0.0
1743667845.1670003,0.0,-94.0,270.0,,0.0488966669511246,0.028,-1.698659842159398,0.03333333333333333,0.0,-0.0
1743667845.4102514,0.0,-94.0,270.0,,0.0488966669511246,0.028,-1.698659842159398,0.03333333333333333,0.0,-0.0
1743667845.643618,0.0,-94.0,270.0,,0.0488966669511246,0.028,-1.698659842159398,0.03333333333333333,0.0,-0.0
1743667845.8609538,0.0,-94.0,270.0,,0.0488966669511246,0.028,-1.698659842159398,0.03333333333333333,0.0,-0.0
1743667846.1058633,0.0,-94.0,270.0,,0.0488966669511246,0.028,-1.698659842159398,0.03333333333333333,0.0,-0.0
1743667846.3493652,0.0,-94.0,270.0,,0.0488966669511246,0.028,-1.698659842159398,0.03333333333333333,0.0,-0.0
1743667846.5872698,0.0,-94.0,270.0,,0.0488966669511246,0.028,-1.698659842159398,0.03333333333333333,0.0,-0.0
1743667846.810589,0.0,-94.0,270.0,,0.0488966669511246,0.028,-1.698659842159398,0.03333333333333333,0.0,-0.0
1743667847.0278058,0.0,-94.0,270.0,,0.0488966669511246,0.028,-1.698659842159398,0.03333333333333333,0.0,-0.0
1743667847.2324986,0.0,-94.0,270.0,,0.0488966669511246,0.028,-1.698659842159398,0.03333333333333333,0.0,-0.0
1743667847.5160117,0.0,-94.0,270.0,,0.0488966669511246,0.028,-1.698659842159398,0.03333333333333333,0.0,-0.0
1743667847.759188,0.0,-94.0,270.0,,0.0488966669511246,0.028,-1.698659842159398,0.03333333333333333,0.0,-0.0
1743667847.98358,0.0,-94.0,270.0,,0.0488966669511246,0.028,-1.698659842159398,0.03333333333333333,0.0,-0.0
1743667848.1965883,0.0,-94.0,270.0,,0.0488966669511246,0.028,-1.698659842159398,0.03333333333333333,0.0,-0.0
1743667848.4212031,0.0,-94.0,270.0,,0.0488966669511246,0.028,-1.698659842159398,0.03333333333333333,0.0,-0.0
1743667848.6819136,0.0,-94.0,270.0,,0.0488966669511246,0.028,-1.698659842159398,0.03333333333333333,0.0,-0.0
1743667848.9442792,0.0,-94.0,270.0,,0.0488966669511246,0.028,-1.698659842159398,0.03333333333333333,0.0,-0.0
1743667849.1746845,0.0,-94.0,270.0,,0.0488966669511246,0.028,-1.698659842159398,0.03333333333333333,0.0,-0.0
1743667849.389389,0.0,-94.0,270.0,,0.0488966669511246,0.028,-1.698659842159398,0.03333333333333333,0.0,-0.0
1743667849.5951316,0.0,-94.0,270.0,,0.0488966669511246,0.028,-1.698659842159398,0.03333333333333333,0.0,-0.0
1743667849.8350408,0.0,-94.0,270.0,,0.0488966669511246,0.028,-1.698659842159398,0.03333333333333333,0.0,-0.0
1743667850.0714102,0.0,-94.0,270.0,,0.0488966669511246,0.028,-1.698659842159398,0.03333333333333333,0.0,-0.0
1743667850.310797,0.0,-94.0,270.0,,0.0488966669511246,0.028,-1.698659842159398,0.03333333333333333,0.0,-0.0
1743667850.5692775,0.0,-94.0,270.0,,0.0488966669511246,0.028,-1.698659842159398,0.03333333333333333,0.0,-0.0
1743667850.8030765,0.0,-94.0,270.0,,0.0488966669511246,0.028,-1.698659842159398,0.03333333333333333,0.0,-0.0
1743667851.0139065,0.0,-94.0,270.0,,0.0488966669511246,0.028,-1.698659842159398,0.03333333333333333,0.0,-0.0
1743667851.2144048,0.0,-94.0,270.0,,0.0488966669511246,0.028,-1.698659842159398,0.03333333333333333,0.0,-0.0
1743667851.4200854,0.0,-94.0,270.0,,0.0488966669511246,0.028,-1.698659842159398,0.03333333333333333,0.0,-0.0
1743667851.6431546,0.0,-94.0,270.0,,0.0488966669511246,0.028,-1.698659842159398,0.03333333333333333,0.0,-0.0
1743667851.8485007,0.0,-94.0,270.0,,0.0488966669511246,0.028,-1.698659842159398,0.03333333333333333,0.0,-0.0
1743667852.0469763,0.0,-94.0,270.0,,0.0488966669511246,0.028,-1.698659842159398,0.03333333333333333,0.0,-0.0
1743667852.2402387,0.0,-94.0,270.0,,0.0488966669511246,0.028,-1.698659842159398,0.03333333333333333,0.0,-0.0
1743667852.4342656,0.0,-94.0,270.0,,0.0488966669511246,0.028,-1.698659842159398,0.03333333333333333,0.0,-0.0
1743667852.6411295,0.0,-94.0,270.0,,0.0488966669511246,0.028,-1.698659842159398,0.03333333333333333,0.0,-0.0
1743667852.8716705,0.0,-94.0,270.0,,0.0488966669511246,0.028,-1.698659842159398,0.03333333333333333,0.0,-0.0
1743667853.1273885,0.0,-94.0,270.0,,0.0488966669511246,0.028,-1.698659842159398,0.03333333333333333,0.0,-0.0
1743667853.3667657,0.0,-94.0,270.0,,0.0488966669511246,0.028,-1.698659842159398,0.03333333333333333,0.0,-0.0
1743667853.610525,0.0,-94.0,270.0,,0.0488966669511246,0.028,-1.698659842159398,0.03333333333333333,0.0,-0.0
1743667853.8666043,0.0,-94.0,270.0,,0.0488966669511246,0.028,-1.698659842159398,0.03333333333333333,0.0,-0.0
1743667854.113315,0.0,-94.0,270.0,,0.0488966669511246,0.028,-1.698659842159398,0.03333333333333333,0.0,-0.0
1743667854.3556175,0.0,-94.0,270.0,,0.0488966669511246,0.028,-1.698659842159398,0.03333333333333333,0.0,-0.0
1743667854.6095583,0.0,-94.0,270.0,,0.0488966669511246,0.028,-1.698659842159398,0.03333333333333333,0.0,-0.0
1743667854.8815923,0.0,-94.0,270.0,,0.0488966669511246,0.028,-1.698659842159398,0.03333333333333333,0.0,-0.0
1743667855.1204648,0.0,-94.0,270.0,,0.0488966669511246,0.028,-1.698659842159398,0.03333333333333333,0.0,-0.0
1743667855.421584,0.0,-94.0,270.0,,0.0488966669511246,0.028,-1.698659842159398,0.03333333333333333,0.0,-0.0
1743667855.6741905,0.0,-94.0,270.0,,0.0488966669511246,0.028,-1.698659842159398,0.03333333333333333,0.0,-0.0
1743667855.9486594,0.0,-94.0,270.0,,0.0488966669511246,0.028,-1.698659842159398,0.03333333333333333,0.0,-0.0
1743667856.2185743,0.0,-94.0,270.0,,0.0488966669511246,0.028,-1.698659842159398,0.03333333333333333,0.0,-0.0
1743667856.4461484,0.0,-94.0,270.0,,0.0488966669511246,0.028,-1.698659842159398,0.03333333333333333,0.0,-0.0
1743667856.656327,0.0,-94.0,270.0,,0.0488966669511246,0.028,-1.698659842159398,0.03333333333333333,0.0,-0.0
1743667856.8648953,0.0,-94.0,270.0,,0.0488966669511246,0.028,-1.698659842159398,0.03333333333333333,0.0,-0.0
1743667857.0773075,0.0,-94.0,270.0,,0.0488966669511246,0.028,-1.698659842159398,0.03333333333333333,0.0,-0.0
1743667857.3189814,0.0,-94.0,270.0,,0.0488966669511246,0.028,-1.698659842159398,0.03333333333333333,0.0,-0.0
1743667857.5651815,0.0,-94.0,270.0,,0.0488966669511246,0.028,-1.698659842159398,0.03333333333333333,0.0,-0.0
1743667857.7889628,0.0,-94.0,270.0,,0.0488966669511246,0.028,-1.698659842159398,0.03333333333333333,0.0,-0.0
1743667858.0091727,0.0,-94.0,270.0,,0.0488966669511246,0.028,-1.698659842159398,0.03333333333333333,0.0,-0.0
1743667858.2369003,0.0,-94.0,270.0,,0.0488966669511246,0.028,-1.698659842159398,0.03333333333333333,0.0,-0.0
1743667858.477278,0.0,-94.0,270.0,,0.0488966669511246,0.028,-1.698659842159398,0.03333333333333333,0.0,-0.0
1743667858.7282267,0.0,-94.0,270.0,,0.0488966669511246,0.028,-1.698659842159398,0.03333333333333333,0.0,-0.0
1743667858.977472,0.0,-94.0,270.0,,0.0488966669511246,0.028,-1.698659842159398,0.03333333333333333,0.0,-0.0
1743667859.2139778,0.0,-94.0,270.0,,0.0488966669511246,0.028,-1.698659842159398,0.03333333333333333,0.0,-0.0
1743667859.4305046,0.0,-94.0,270.0,,0.0488966669511246,0.028,-1.698659842159398,0.03333333333333333,0.0,-0.0
1743667859.632994,0.0,-94.0,270.0,,0.0488966669511246,0.028,-1.698659842159398,0.03333333333333333,0.0,-0.0
1743667859.8445435,0.0,-94.0,270.0,,0.0488966669511246,0.028,-1.698659842159398,0.03333333333333333,0.0,-0.0
1743667860.0462472,0.0,-94.0,270.0,,0.0488966669511246,0.028,-1.698659842159398,0.03333333333333333,0.0,-0.0
1743667860.2435513,0.0,-94.0,270.0,,0.0488966669511246,0.028,-1.698659842159398,0.03333333333333333,0.0,-0.0
1743667860.43901,0.0,-94.0,270.0,,0.0488966669511246,0.028,-1.698659842159398,0.03333333333333333,0.0,-0.0
1743667860.6416478,0.0,-94.0,270.0,,0.0488966669511246,0.028,-1.698659842159398,0.03333333333333333,0.0,-0.0
1743667860.849688,0.0,-94.0,270.0,,0.0488966669511246,0.028,-1.698659842159398,0.03333333333333333,0.0,-0.0
1743667861.05016,0.0,-94.0,270.0,,0.0488966669511246,0.028,-1.698659842159398,0.03333333333333333,0.0,-0.0
1743667861.2506986,0.0,-94.0,270.0,,0.0488966669511246,0.028,-1.698659842159398,0.03333333333333333,0.0,-0.0
1743667861.4466105,0.0,-94.0,270.0,,0.0488966669511246,0.028,-1.698659842159398,0.03333333333333333,0.0,-0.0
1743667861.654716,0.0,-94.0,270.0,,0.0488966669511246,0.028,-1.698659842159398,0.03333333333333333,0.0,-0.0
1743667861.8584125,0.0,-94.0,270.0,,0.0488966669511246,0.028,-1.698659842159398,0.03333333333333333,0.0,-0.0
1743667862.0549443,0.0,-94.0,270.0,,0.0488966669511246,0.028,-1.698659842159398,0.03333333333333333,0.0,-0.0
1743667862.2490196,0.0,-94.0,270.0,,0.0488966669511246,0.028,-1.698659842159398,0.03333333333333333,0.0,-0.0
1743667862.4420996,0.0,-94.0,270.0,,0.0488966669511246,0.028,-1.698659842159398,0.03333333333333333,0.0,-0.0
1743667862.6370192,0.0,-94.0,270.0,,0.0488966669511246,0.028,-1.698659842159398,0.03333333333333333,0.0,-0.0
1743667862.8430462,0.0,-94.0,270.0,,0.0488966669511246,0.028,-1.698659842159398,0.03333333333333333,0.0,-0.0
1743667863.052347,0.0,-94.0,270.0,,0.0488966669511246,0.028,-1.698659842159398,0.03333333333333333,0.0,-0.0
1743667863.2874148,0.0,-94.0,270.0,,0.0488966669511246,0.028,-1.698659842159398,0.03333333333333333,0.0,-0.0
1743667863.5337858,0.0,-94.0,270.0,,0.0488966669511246,0.028,-1.698659842159398,0.03333333333333333,0.0,-0.0
1743667863.7591434,0.0,-94.0,270.0,,0.0488966669511246,0.028,-1.698659842159398,0.03333333333333333,0.0,-0.0
1743667863.9753735,0.0,-94.0,270.0,,0.0488966669511246,0.028,-1.698659842159398,0.03333333333333333,0.0,-0.0
1743667864.182141,0.0,-94.0,270.0,,0.0488966669511246,0.028,-1.698659842159398,0.03333333333333333,0.0,-0.0
1743667864.4014184,0.0,-94.0,270.0,,0.0488966669511246,0.028,-1.698659842159398,0.03333333333333333,0.0,-0.0
1743667864.6463115,0.0,-94.0,270.0,,0.0488966669511246,0.028,-1.698659842159398,0.03333333333333333,0.0,-0.0
1743667864.8821456,0.0,-94.0,270.0,,0.0488966669511246,0.028,-1.698659842159398,0.03333333333333333,0.0,-0.0
1743667865.0978532,0.0,-94.0,270.0,,0.0488966669511246,0.028,-1.698659842159398,0.03333333333333333,0.0,-0.0
1743667865.3010588,0.0,-94.0,270.0,,0.0488966669511246,0.028,-1.698659842159398,0.03333333333333333,0.0,-0.0
1743667865.5122423,0.0,-94.0,270.0,,0.0488966669511246,0.028,-1.698659842159398,0.03333333333333333,0.0,-0.0
1743667865.725168,0.0,-94.0,270.0,,0.0488966669511246,0.028,-1.698659842159398,0.03333333333333333,0.0,-0.0
1743667865.935924,0.0,-94.0,270.0,,0.0488966669511246,0.028,-1.698659842159398,0.03333333333333333,0.0,-0.0
1743667866.137298,0.0,-94.0,270.0,,0.0488966669511246,0.028,-1.698659842159398,0.03333333333333333,0.0,-0.0
1743667866.3320773,0.0,-94.0,270.0,,0.0488966669511246,0.028,-1.698659842159398,0.03333333333333333,0.0,-0.0
1743667866.5332272,0.0,-94.0,270.0,,0.0488966669511246,0.028,-1.698659842159398,0.03333333333333333,0.0,-0.0
1743667866.7382517,0.0,-94.0,270.0,,0.0488966669511246,0.028,-1.698659842159398,0.03333333333333333,0.0,-0.0
1743667866.9403055,0.0,-94.0,270.0,,0.0488966669511246,0.028,-1.698659842159398,0.03333333333333333,0.0,-0.0
1743667867.1462324,0.0,-94.0,270.0,,0.0488966669511246,0.028,-1.698659842159398,0.03333333333333333,0.0,-0.0
1743667867.346183,0.0,-94.0,270.0,,0.0488966669511246,0.028,-1.698659842159398,0.03333333333333333,0.0,-0.0
1743667867.5461888,0.0,-94.0,270.0,,0.0488966669511246,0.028,-1.698659842159398,0.03333333333333333,0.0,-0.0
1743667867.7454848,0.0,-94.0,270.0,,0.0488966669511246,0.028,-1.698659842159398,0.03333333333333333,0.0,-0.0
1743667867.946456,0.0,-94.0,270.0,,0.0488966669511246,0.028,-1.698659842159398,0.03333333333333333,0.0,-0.0
1743667868.1409354,0.0,-94.0,270.0,,0.0488966669511246,0.028,-1.698659842159398,0.03333333333333333,0.0,-0.0
1743667868.3356385,0.0,-94.0,270.0,,0.0488966669511246,0.028,-1.698659842159398,0.03333333333333333,0.0,-0.0
1743667868.5522811,0.0,-94.0,270.0,,0.0488966669511246,0.028,-1.698659842159398,0.03333333333333333,0.0,-0.0
1743667868.8146133,0.0,-94.0,270.0,,0.0488966669511246,0.028,-1.698659842159398,0.03333333333333333,0.0,-0.0
1743667869.0759277,0.0,-94.0,270.0,,0.0488966669511246,0.028,-1.698659842159398,0.03333333333333333,0.0,-0.0
1743667869.3185275,0.0,-94.0,270.0,,0.0488966669511246,0.028,-1.698659842159398,0.03333333333333333,0.0,-0.0
1743667869.5380547,0.0,-94.0,270.0,,0.0488966669511246,0.028,-1.698659842159398,0.03333333333333333,0.0,-0.0
1743667869.758951,0.0,-94.0,270.0,,0.0488966669511246,0.028,-1.698659842159398,0.03333333333333333,0.0,-0.0
1743667869.9985273,0.0,-94.0,270.0,,0.0488966669511246,0.028,-1.698659842159398,0.03333333333333333,0.0,-0.0
1743667870.243278,0.0,-94.0,270.0,,0.0488966669511246,0.028,-1.698659842159398,0.03333333333333333,0.0,-0.0
1743667870.465687,0.0,-94.0,270.0,,0.0488966669511246,0.028,-1.698659842159398,0.03333333333333333,0.0,-0.0
1743667870.692632,0.0,-94.0,270.0,,0.0488966669511246,0.028,-1.698659842159398,0.03333333333333333,0.0,-0.0
1743667870.9342446,0.0,-94.0,270.0,,0.0488966669511246,0.028,-1.698659842159398,0.03333333333333333,0.0,-0.0
1743667871.1561208,0.0,-94.0,270.0,,0.0488966669511246,0.028,-1.698659842159398,0.03333333333333333,0.0,-0.0
1743667871.3657484,0.0,-94.0,270.0,,0.0488966669511246,0.028,-1.698659842159398,0.03333333333333333,0.0,-0.0
1743667871.5667865,0.0,-94.0,270.0,,0.0488966669511246,0.028,-1.698659842159398,0.03333333333333333,0.0,-0.0
1743667871.764017,0.0,-94.0,270.0,,0.0488966669511246,0.028,-1.698659842159398,0.03333333333333333,0.0,-0.0
1743667871.958952,0.0,-94.0,270.0,,0.0488966669511246,0.028,-1.698659842159398,0.03333333333333333,0.0,-0.0
1743667872.1532478,0.0,-94.0,270.0,,0.0488966669511246,0.028,-1.698659842159398,0.03333333333333333,0.0,-0.0
1743667872.3479404,0.0,-94.0,270.0,,0.0488966669511246,0.028,-1.698659842159398,0.03333333333333333,0.0,-0.0
1743667872.5417304,0.0,-94.0,270.0,,0.0488966669511246,0.028,-1.698659842159398,0.03333333333333333,0.0,-0.0
1743667872.7361765,0.0,-94.0,270.0,,0.0488966669511246,0.028,-1.698659842159398,0.03333333333333333,0.0,-0.0
1743667872.9311,0.0,-94.0,270.0,,0.0488966669511246,0.028,-1.698659842159398,0.03333333333333333,0.0,-0.0
1743667873.1249835,0.0,-94.0,270.0,,0.0488966669511246,0.028,-1.698659842159398,0.03333333333333333,0.0,-0.0
1743667873.317471,0.0,-94.0,270.0,,0.0488966669511246,0.028,-1.698659842159398,0.03333333333333333,0.0,-0.0
1743667873.5117695,0.0,-94.0,270.0,,0.0488966669511246,0.028,-1.698659842159398,0.03333333333333333,0.0,-0.0
1743667873.705709,0.0,-94.0,270.0,,0.0488966669511246,0.028,-1.698659842159398,0.03333333333333333,0.0,-0.0
1743667873.898627,0.0,-94.0,270.0,,0.0488966669511246,0.028,-1.698659842159398,0.03333333333333333,0.0,-0.0
1743667874.0920396,0.0,-94.0,270.0,,0.0488966669511246,0.028,-1.698659842159398,0.03333333333333333,0.0,-0.0
1743667874.2851884,0.0,-94.0,270.0,,0.0488966669511246,0.028,-1.698659842159398,0.03333333333333333,0.0,-0.0
1743667874.4781895,0.0,-94.0,270.0,,0.0488966669511246,0.028,-1.698659842159398,0.03333333333333333,0.0,-0.0
1743667874.6706965,0.0,-94.0,270.0,,0.0488966669511246,0.028,-1.698659842159398,0.03333333333333333,0.0,-0.0
1743667874.8713014,0.0,-94.0,270.0,,0.0488966669511246,0.028,-1.698659842159398,0.03333333333333333,0.0,-0.0
1743667875.0791488,0.0,-94.0,270.0,,0.0488966669511246,0.028,-1.698659842159398,0.03333333333333333,0.0,-0.0
1743667875.2796457,0.0,-94.0,270.0,,0.0488966669511246,0.028,-1.698659842159398,0.03333333333333333,0.0,-0.0
1743667875.4782705,0.0,-94.0,270.0,,0.0488966669511246,0.028,-1.698659842159398,0.03333333333333333,0.0,-0.0
1743667875.6733472,0.0,-94.0,270.0,,0.0488966669511246,0.028,-1.698659842159398,0.03333333333333333,0.0,-0.0
1743667875.8690045,0.0,-94.0,270.0,,0.0488966669511246,0.028,-1.698659842159398,0.03333333333333333,0.0,-0.0
1743667876.0633552,0.0,-94.0,270.0,,0.0488966669511246,0.028,-1.698659842159398,0.03333333333333333,0.0,-0.0
1743667876.257711,0.0,-94.0,270.0,,0.0488966669511246,0.028,-1.698659842159398,0.03333333333333333,0.0,-0.0
1743667876.4510431,0.0,-94.0,270.0,,0.0488966669511246,0.028,-1.698659842159398,0.03333333333333333,0.0,-0.0
1743667876.6442304,0.0,-94.0,270.0,,0.0488966669511246,0.028,-1.698659842159398,0.03333333333333333,0.0,-0.0
1743667876.8390365,0.0,-94.0,270.0,,0.0488966669511246,0.028,-1.698659842159398,0.03333333333333333,0.0,-0.0
1743667877.0440032,0.0,-94.0,270.0,,0.0488966669511246,0.028,-1.698659842159398,0.03333333333333333,0.0,-0.0
1743667877.2421114,0.0,-94.0,270.0,,0.0488966669511246,0.028,-1.698659842159398,0.03333333333333333,0.0,-0.0
1743667877.4361851,0.0,-94.0,270.0,,0.0488966669511246,0.028,-1.698659842159398,0.03333333333333333,0.0,-0.0
1743667877.6295838,0.0,-94.0,270.0,,0.0488966669511246,0.028,-1.698659842159398,0.03333333333333333,0.0,-0.0
1743667877.8237624,0.0,-94.0,270.0,,0.0488966669511246,0.028,-1.698659842159398,0.03333333333333333,0.0,-0.0
1743667878.0173473,0.0,-94.0,270.0,,0.0488966669511246,0.028,-1.698659842159398,0.03333333333333333,0.0,-0.0
1743667878.2115266,0.0,-94.0,270.0,,0.0488966669511246,0.028,-1.698659842159398,0.03333333333333333,0.0,-0.0
1743667878.4051287,0.0,-94.0,270.0,,0.0488966669511246,0.028,-1.698659842159398,0.03333333333333333,0.0,-0.0
1743667878.5999308,0.0,-94.0,270.0,,0.0488966669511246,0.028,-1.698659842159398,0.03333333333333333,0.0,-0.0
1743667878.798056,0.0,-94.0,270.0,,0.0488966669511246,0.028,-1.698659842159398,0.03333333333333333,0.0,-0.0
1743667878.9934254,0.0,-94.0,270.0,,0.0488966669511246,0.028,-1.698659842159398,0.03333333333333333,0.0,-0.0
1743667879.1870997,0.0,-94.0,270.0,,0.0488966669511246,0.028,-1.698659842159398,0.03333333333333333,0.0,-0.0
1743667879.38485,0.0,-94.0,270.0,,0.0488966669511246,0.028,-1.698659842159398,0.03333333333333333,0.0,-0.0
1743667879.5780563,0.0,-94.0,270.0,,0.0488966669511246,0.028,-1.698659842159398,0.03333333333333333,0.0,-0.0
1743667880.2763937,0.0,-94.0,270.0,,0.0488966669511246,0.028,-1.698659842159398,0.03333333333333333,0.0,-0.0
1743667880.4331257,0.0,-94.0,270.0,,0.0488966669511246,0.028,-1.698659842159398,0.03333333333333333,0.0,-0.0
1743667880.6056345,0.0,0.0,0.0,,8.717,0.352,8.892652444613365,0.6333333333333333,0.2,-1.7
1743667880.7656913,13.0,-11.0,244.0,,-0.3728362446439044,-1.3737698431133156,-0.7568348082622194,0.9666666666666667,0.4666666666666667,-0.5666666666666667
1743667880.921428,6.0,-11.0,235.0,,0.20616375535609532,0.12057577534431929,1.3856212458497303,-0.1,-0.16666666666666666,0.13333333333333333
1743667881.0792148,9.0,-11.0,236.0,,-0.3728362446439044,-0.13362210204466485,-0.45078110284581463,-0.43333333333333335,0.0,0.3333333333333333
1743667881.2649205,11.0,-12.0,233.0,,-0.049613686922219236,0.09816375535609545,0.3100396039145661,0.0,0.0,0.06666666666666667
1743667881.4485128,10.0,-11.0,232.0,,0.20616375535609532,0.10951137708741321,-0.0546705336297002,0.2,0.0,-0.0
1743667881.628277,9.0,-11.0,233.0,,0.21616375535609555,0.13137789795533505,0.15833425702992265,0.06666666666666667,0.0,-0.0
1743667881.7923503,9.0,-11.0,233.0,,0.12816375535609548,0.062377897955335104,0.06691475566168847,0.1,0.0,-0.1
1743667882.0125363,9.0,-12.0,234.0,,0.16538631307778084,0.12137789795533505,0.0631937058536618,-0.03333333333333333,-0.2,-0.06666666666666667
1743667882.348858,10.0,-11.0,238.0,,0.4021637553560955,0.011511377087413344,0.08762725282862327,0.0,0.03333333333333333,-0.16666666666666666
1743667882.607842,10.0,-12.0,239.0,,0.24438631307778058,-0.11548862291258666,0.015340537720524239,0.0,0.0,-0.03333333333333333
1743667882.861064,10.0,-12.0,239.0,,0.13638631307778093,0.10951137708741321,-0.07895869818087498,-0.03333333333333333,-0.03333333333333333,-0.06666666666666667
1743667883.102785,11.0,-12.0,240.0,,0.21538631307778067,-0.15683624464390444,0.27325821046076726,0.03333333333333333,0.03333333333333333,-0.03333333333333333
1743667883.33544,10.0,-13.0,240.0,,0.11623015688668437,0.11951137708741322,0.20615845533786903,0.13333333333333333,0.03333333333333333,-0.0
1743667883.5423846,10.0,-13.0,240.0,,0.19523015688668455,0.0805113770874133,0.05666391924370373,0.03333333333333333,0.0,-0.0
1743667883.7354233,10.0,-13.0,239.0,,0.3022301568866843,0.03151137708741336,0.16243342959691454,0.06666666666666667,0.0,-0.03333333333333333
