timestamp,roll,pitch,yaw,touch_gesture,acc_x,acc_y,acc_z,gyro_x,gyro_y,gyro_z
1743599701.2298286,,,,,,,,,,
1743599701.2503278,,,,,,,,,,
1743599701.270813,,,,,,,,,,
1743599701.2909896,,,,,,,,,,
1743599701.311179,,,,,,,,,,
1743599701.3313444,,,,,,,,,,
1743599701.353206,,,,,,,,,,
1743599701.3733637,,,,,,,,,,
1743599701.3945384,,,,,,,,,,
1743599701.4146888,,,,,,,,,,
1743599701.435366,,,,,,,,,,
1743599701.4555225,,,,,,,,,,
1743599701.4756994,,,,,,,,,,
1743599701.4958744,,,,,,,,,,
1743599701.5160568,,,,,,,,,,
1743599701.5362475,,,,,,,,,,
1743599701.5566273,,,,,,,,,,
1743599701.5767858,,,,,,,,,,
1743599701.5969102,,,,,,,,,,
1743599701.6170456,,,,,,,,,,
1743599701.6371953,,,,,,,,,,
1743599701.6573455,,,,,,,,,,
1743599701.6774716,,,,,,,,,,
1743599701.6976717,,,,,,,,,,
1743599701.7178042,,,,,,,,,,
1743599701.7379544,,,,,,,,,,
1743599701.7601666,,,,,,,,,,
1743599701.7804017,,,,,,,,,,
1743599701.800554,,,,,,,,,,
1743599701.823612,,,,,,,,,,
1743599701.8437617,,,,,,,,,,
1743599701.8645036,,,,,,,,,,
1743599701.8873544,,,,,,,,,,
1743599701.9075162,,,,,,,,,,
1743599701.9276948,,,,,,,,,,
1743599701.9478748,,,,,,,,,,
1743599701.9680676,,,,,,,,,,
1743599701.9882107,,,,,,,,,,
1743599702.0103648,,,,,,,,,,
1743599702.0305257,,,,,,,,,,
1743599702.0506895,,,,,,,,,,
1743599702.0708737,,,,,,,,,,
1743599702.0923588,,,,,,,,,,
1743599702.1125436,,,,,,,,,,
1743599702.1327064,,,,,,,,,,
1743599702.15438,,,,,,,,,,
1743599702.174562,,,,,,,,,,
1743599702.194734,,,,,,,,,,
1743599702.214895,,,,,,,,,,
1743599702.2350183,,,,,,,,,,
1743599702.2552266,,,,,,,,,,
1743599702.275777,,,,,,,,,,
1743599702.2959235,,,,,,,,,,
1743599702.3160825,,,,,,,,,,
1743599702.336487,,,,,,,,,,
1743599702.356736,,,,,,,,,,
1743599702.376904,,,,,,,,,,
1743599702.3970475,,,,,,,,,,
1743599702.41721,,,,,,,,,,
1743599702.4373448,,,,,,,,,,
1743599702.4574971,,,,,,,,,,
1743599702.4776926,,,,,,,,,,
1743599702.497868,,,,,,,,,,
1743599702.518028,,,,,,,,,,
1743599702.5382366,,,,,,,,,,
1743599702.558353,,,,,,,,,,
1743599702.5803683,,,,,,,,,,
1743599702.6005054,,,,,,,,,,
1743599702.6236277,,,,,,,,,,
1743599702.643864,,,,,,,,,,
1743599702.6640217,,,,,,,,,,
1743599702.6842096,,,,,,,,,,
1743599702.7043834,,,,,,,,,,
1743599702.7245386,,,,,,,,,,
1743599702.747412,,,,,,,,,,
1743599702.7675505,,,,,,,,,,
1743599702.7877064,,,,,,,,,,
1743599702.807861,,,,,,,,,,
1743599702.8282127,,,,,,,,,,
1743599702.8486373,,,,,,,,,,
1743599702.8687918,,,,,,,,,,
1743599702.8893583,,,,,,,,,,
1743599702.9095485,,,,,,,,,,
1743599702.9297051,,,,,,,,,,
1743599702.9519575,,,,,,,,,,
1743599702.9721088,,,,,,,,,,
1743599702.9924562,,,,,,,,,,
1743599703.0125875,,,,,,,,,,
1743599703.033154,,,,,,,,,,
1743599703.0533166,,,,,,,,,,
1743599703.0737486,,,,,,,,,,
1743599703.0941665,,,,,,,,,,
1743599703.1143494,,,,,,,,,,
1743599703.1345167,,,,,,,,,,
1743599703.1547074,,,,,,,,,,
1743599703.1750188,,,,,,,,,,
1743599703.1951697,,,,,,,,,,
1743599703.2153494,,,,,,,,,,
1743599703.2373557,,,,,,,,,,
1743599703.2575219,,,,,,,,,,
1743599703.277706,,,,,,,,,,
1743599703.2978697,,,,,,,,,,
1743599703.318351,,,,,,,,,,
1743599703.338485,,,,,,,,,,
1743599703.3586433,,,,,,,,,,
1743599703.3796535,,,,,,,,,,
1743599703.399783,,,,,,,,,,
1743599703.4211738,,,,,,,,,,
1743599703.4433815,,,,,,,,,,
1743599703.4635198,,,,,,,,,,
1743599703.4843776,,,,,,,,,,
1743599703.5045543,,,,,,,,,,
1743599703.5247312,,,,,,,,,,
1743599703.5448878,,,,,,,,,,
1743599703.565041,,,,,,,,,,
1743599703.5863771,,,,,,,,,,
1743599703.6065142,,,,,,,,,,
1743599703.6266642,,,,,,,,,,
1743599703.6469903,,,,,,,,,,
1743599703.6671572,,,,,,,,,,
1743599703.6888037,,,,,,,,,,
1743599703.7104478,,,,,,,,,,
1743599703.7305918,,,,,,,,,,
1743599703.7509127,,,,,,,,,,
1743599703.7710495,,,,,,,,,,
1743599703.7911923,,,,,,,,,,
1743599703.8136215,,,,,,,,,,
1743599703.8339915,,,,,,,,,,
1743599703.854139,,,,,,,,,,
1743599703.8773575,,,,,,,,,,
1743599703.8975081,,,,,,,,,,
1743599703.9178622,,,,,,,,,,
1743599703.938056,,,,,,,,,,
1743599703.9582016,,,,,,,,,,
1743599703.9784162,,,,,,,,,,
1743599703.998562,,,,,,,,,,
1743599704.018759,,,,,,,,,,
1743599704.0391839,,,,,,,,,,
1743599704.0593536,,,,,,,,,,
1743599704.079868,,,,,,,,,,
1743599704.1000292,,,,,,,,,,
1743599704.1201792,,,,,,,,,,
1743599704.1403344,,,,,,,,,,
1743599704.1604698,,,,,,,,,,
1743599704.1806443,,,,,,,,,,
1743599704.2007816,,,,,,,,,,
1743599704.2209418,,,,,,,,,,
1743599704.241101,,,,,,,,,,
1743599704.2612755,,,,,,,,,,
1743599704.2815888,,,,,,,,,,
1743599704.3022218,,,,,,,,,,
1743599704.3252134,,,,,,,,,,
1743599704.3454156,,,,,,,,,,
1743599704.3655577,,,,,,,,,,
1743599704.3857033,,,,,,,,,,
1743599704.405883,,,,,,,,,,
1743599704.4260387,,,,,,,,,,
1743599704.4461687,,,,,,,,,,
1743599704.4663546,,,,,,,,,,
1743599704.486711,,,,,,,,,,
1743599704.506864,,,,,,,,,,
1743599704.527009,,,,,,,,,,
1743599704.5471506,,,,,,,,,,
1743599704.56737,,,,,,,,,,
1743599704.5875401,,,,,,,,,,
1743599704.6076913,,,,,,,,,,
1743599704.6278746,,,,,,,,,,
1743599704.648052,,,,,,,,,,
1743599704.668219,,,,,,,,,,
1743599704.688412,,,,,,,,,,
1743599704.7085648,,,,,,,,,,
1743599704.730649,,,,,,,,,,
1743599704.7508442,,,,,,,,,,
1743599704.771,,,,,,,,,,
1743599704.7911663,,,,,,,,,,
1743599704.811336,,,,,,,,,,
1743599704.8315918,,,,,,,,,,
1743599704.851992,,,,,,,,,,
1743599704.8721838,,,,,,,,,,
1743599704.892326,,,,,,,,,,
1743599704.9124744,,,,,,,,,,
1743599704.932617,,,,,,,,,,
1743599704.9528153,,,,,,,,,,
1743599704.9730356,,,,,,,,,,
1743599704.9934382,,,,,,,,,,
1743599705.0173845,,,,,,,,,,
1743599705.0375054,,,,,,,,,,
1743599705.0576675,,,,,,,,,,
1743599705.0778167,,,,,,,,,,
1743599705.0979881,,,,,,,,,,
1743599705.1183002,,,,,,,,,,
1743599705.1384761,,,,,,,,,,
1743599705.158629,,,,,,,,,,
1743599705.1793742,,,,,,,,,,
1743599705.199498,,,,,,,,,,
1743599705.2196698,,,,,,,,,,
1743599705.2398844,,,,,,,,,,
1743599705.260017,,,,,,,,,,
1743599705.2801428,,,,,,,,,,
1743599705.300328,,,,,,,,,,
1743599705.3205814,,,,,,,,,,
1743599705.3407648,,,,,,,,,,
1743599705.3609197,,,,,,,,,,
1743599705.3810697,,,,,,,,,,
1743599705.4012237,,,,,,,,,,
1743599705.4214113,,,,,,,,,,
1743599705.4415567,,,,,,,,,,
1743599705.4616914,,,,,,,,,,
1743599705.4830263,,,,,,,,,,
1743599705.5038242,,,,,,,,,,
1743599705.5240467,,,,,,,,,,
1743599705.544168,,,,,,,,,,
1743599705.5643644,,,,,,,,,,
1743599705.5846226,,,,,,,,,,
1743599705.6047616,,,,,,,,,,
1743599705.6249177,,,,,,,,,,
1743599705.6479237,,,,,,,,,,
1743599705.668153,,,,,,,,,,
1743599705.688326,,,,,,,,,,
1743599705.708562,,,,,,,,,,
1743599705.7291193,,,,,,,,,,
1743599705.75019,,,,,,,,,,
1743599705.7714002,,,,,,,,,,
1743599705.7915561,,,,,,,,,,
1743599705.811742,,,,,,,,,,
1743599705.8318765,,,,,,,,,,
1743599705.852076,,,,,,,,,,
1743599705.8722308,,,,,,,,,,
1743599705.892348,,,,,,,,,,
1743599705.9153395,,,,,,,,,,
1743599705.9355097,,,,,,,,,,
1743599705.955671,,,,,,,,,,
1743599705.975817,,,,,,,,,,
1743599705.9982605,,,,,,,,,,
1743599706.0185485,,,,,,,,,,
1743599706.038993,,,,,,,,,,
1743599706.0593734,,,,,,,,,,
1743599706.0795097,,,,,,,,,,
1743599706.099669,,,,,,,,,,
1743599706.1211963,,,,,,,,,,
1743599706.1417394,,,,,,,,,,
1743599706.1618853,,,,,,,,,,
1743599706.1842573,,,,,,,,,,
1743599706.204542,,,,,,,,,,
1743599706.2247353,,,,,,,,,,
1743599706.2449138,,,,,,,,,,
1743599706.2650967,,,,,,,,,,
1743599706.2853956,,,,,,,,,,
1743599706.3055518,,,,,,,,,,
1743599706.3257174,,,,,,,,,,
1743599706.3458858,,,,,,,,,,
1743599706.3673587,,,,,,,,,,
1743599706.3875484,,,,,,,,,,
1743599706.40777,,,,,,,,,,
1743599706.4278927,,,,,,,,,,
1743599706.4480398,,,,,,,,,,
1743599706.4693713,,,,,,,,,,
1743599706.4896014,,,,,,,,,,
1743599706.5097327,,,,,,,,,,
1743599706.5333478,,,,,,,,,,
1743599706.5534935,,,,,,,,,,
1743599706.5736508,,,,,,,,,,
1743599706.5938165,,,,,,,,,,
1743599706.616377,,,,,,,,,,
1743599706.636511,,,,,,,,,,
1743599706.6566813,,,,,,,,,,
1743599706.6768672,,,,,,,,,,
1743599706.7003825,,,,,,,,,,
1743599706.7205164,,,,,,,,,,
1743599706.7406795,,,,,,,,,,
1743599706.7608361,,,,,,,,,,
1743599706.7813573,,,,,,,,,,
1743599706.8015268,,,,,,,,,,
1743599706.821786,,,,,,,,,,
1743599706.8422737,,,,,,,,,,
1743599706.862437,,,,,,,,,,
1743599706.8834076,,,,,,,,,,
1743599706.9035301,,,,,,,,,,
1743599706.9237013,,,,,,,,,,
1743599706.9440954,,,,,,,,,,
1743599706.9642873,,,,,,,,,,
1743599706.984474,,,,,,,,,,
1743599707.008741,,,,,,,,,,
1743599707.0290315,,,,,,,,,,
1743599707.0523672,,,,,,,,,,
1743599707.072519,,,,,,,,,,
1743599707.0929008,,,,,,,,,,
1743599707.1130528,,,,,,,,,,
1743599707.1351314,,,,,,,,,,
1743599707.1554346,,,,,,,,,,
1743599707.1755605,,,,,,,,,,
1743599707.1957781,,,,,,,,,,
1743599707.218375,,,,,,,,,,
1743599707.2385252,,,,,,,,,,
1743599707.258876,,,,,,,,,,
1743599707.2791467,,,,,,,,,,
1743599707.2996309,,,,,,,,,,
1743599707.3197765,,,,,,,,,,
1743599707.3399577,,,,,,,,,,
1743599707.36013,,,,,,,,,,
1743599707.3803968,,,,,,,,,,
1743599707.4005237,,,,,,,,,,
1743599707.420681,,,,,,,,,,
1743599707.44095,,,,,,,,,,
1743599707.4611492,,,,,,,,,,
1743599707.4814274,,,,,,,,,,
1743599707.5015552,,,,,,,,,,
1743599707.5217452,,,,,,,,,,
1743599707.5421498,,,,,,,,,,
1743599707.5625563,,,,,,,,,,
1743599707.5871696,,,,,,,,,,
1743599707.6073065,,,,,,,,,,
1743599707.6275277,,,,,,,,,,
1743599707.6476688,,,,,,,,,,
1743599707.6686397,,,,,,,,,,
1743599707.6888332,,,,,,,,,,
1743599707.7090344,,,,,,,,,,
1743599707.7291968,,,,,,,,,,
1743599707.7493362,,,,,,,,,,
1743599707.7694933,,,,,,,,,,
1743599707.7896366,,,,,,,,,,
1743599707.8100424,,,,,,,,,,
1743599707.8302145,,,,,,,,,,
1743599707.8504064,,,,,,,,,,
1743599707.8705432,,,,,,,,,,
1743599707.8922102,,,,,,,,,,
1743599707.9124465,,,,,,,,,,
1743599707.9325743,,,,,,,,,,
1743599707.9527378,,,,,,,,,,
1743599707.9729023,,,,,,,,,,
1743599707.993064,,,,,,,,,,
1743599708.0132253,,,,,,,,,,
1743599708.0360208,,,,,,,,,,
1743599708.0563064,,,,,,,,,,
1743599708.0764484,,,,,,,,,,
1743599708.096793,,,,,,,,,,
1743599708.1213892,,,,,,,,,,
1743599708.141767,,,,,,,,,,
1743599708.161966,,,,,,,,,,
1743599708.1823769,,,,,,,,,,
1743599708.2033868,,,,,,,,,,
1743599708.2237506,,,,,,,,,,
1743599708.243926,,,,,,,,,,
1743599708.2640822,,,,,,,,,,
1743599708.2873604,,,,,,,,,,
1743599708.307497,,,,,,,,,,
1743599708.327654,,,,,,,,,,
1743599708.3478587,,,,,,,,,,
1743599708.3713927,,,,,,,,,,
1743599708.391688,,,,,,,,,,
1743599708.411819,,,,,,,,,,
1743599708.4322102,,,,,,,,,,
1743599708.4543824,,,,,,,,,,
1743599708.4745572,,,,,,,,,,
1743599708.4973571,,,,,,,,,,
1743599708.5175219,,,,,,,,,,
1743599708.5377576,,,,,,,,,,
1743599708.5580142,,,,,,,,,,
1743599708.5782042,,,,,,,,,,
1743599708.5983472,,,,,,,,,,
1743599708.6213415,,,,,,,,,,
1743599708.641504,,,,,,,,,,
1743599708.6616614,,,,,,,,,,
1743599708.6818194,,,,,,,,,,
1743599708.7024715,,,,,,,,,,
1743599708.7228336,,,,,,,,,,
1743599708.7430804,,,,,,,,,,
1743599708.7635164,,,,,,,,,,
1743599708.7873719,,,,,,,,,,
1743599708.8075082,,,,,,,,,,
1743599708.8276477,,,,,,,,,,
1743599708.8479223,,,,,,,,,,
1743599708.8695545,,,,,,,,,,
1743599708.8897142,,,,,,,,,,
1743599708.9098775,,,,,,,,,,
1743599708.9300466,,,,,,,,,,
1743599708.9502072,,,,,,,,,,
1743599708.9705586,,,,,,,,,,
1743599708.9907513,,,,,,,,,,
1743599709.011166,,,,,,,,,,
1743599709.031383,,,,,,,,,,
1743599709.051535,,,,,,,,,,
1743599709.073496,,,,,,,,,,
1743599709.093773,,,,,,,,,,
1743599709.1143084,,,,,,,,,,
1743599709.1362982,,,,,,,,,,
1743599709.156439,,,,,,,,,,
1743599709.176589,,,,,,,,,,
1743599709.1967533,,,,,,,,,,
1743599709.2169192,,,,,,,,,,
1743599709.2373168,,,,,,,,,,
1743599709.257451,,,,,,,,,,
1743599709.2776146,,,,,,,,,,
1743599709.2978158,,,,,,,,,,
1743599709.3195605,,,,,,,,,,
1743599709.3397243,,,,,,,,,,
1743599709.359872,,,,,,,,,,
1743599709.380023,,,,,,,,,,
1743599709.4020371,,,,,,,,,,
1743599709.4223487,,,,,,,,,,
1743599709.4425268,,,,,,,,,,
1743599709.4626951,,,,,,,,,,
1743599709.4829295,,,,,,,,,,
1743599709.5030837,,,,,,,,,,
1743599709.52329,,,,,,,,,,
1743599709.5435593,,,,,,,,,,
1743599709.5638773,,,,,,,,,,
1743599709.584041,,,,,,,,,,
1743599709.6041613,,,,,,,,,,
1743599709.6243095,,,,,,,,,,
1743599709.6444564,,,,,,,,,,
1743599709.6646066,,,,,,,,,,
1743599709.6847382,,,,,,,,,,
1743599709.7048795,,,,,,,,,,
1743599709.725042,,,,,,,,,,
1743599709.745331,,,,,,,,,,
1743599709.7655025,,,,,,,,,,
1743599709.785644,,,,,,,,,,
1743599709.805881,,,,,,,,,,
1743599709.8260567,,,,,,,,,,
1743599709.8462257,,,,,,,,,,
1743599709.866376,,,,,,,,,,
1743599709.8865223,,,,,,,,,,
1743599709.9073544,,,,,,,,,,
1743599709.927558,,,,,,,,,,
1743599709.9477792,,,,,,,,,,
1743599709.9679074,,,,,,,,,,
1743599709.9915633,,,,,,,,,,
1743599710.0117297,,,,,,,,,,
1743599710.0318887,,,,,,,,,,
1743599710.0520482,,,,,,,,,,
1743599710.0722826,,,,,,,,,,
1743599710.0924342,,,,,,,,,,
1743599710.1125643,,,,,,,,,,
1743599710.1327214,,,,,,,,,,
1743599710.152883,,,,,,,,,,
1743599710.173061,,,,,,,,,,
1743599710.1933265,,,,,,,,,,
1743599710.2136624,,,,,,,,,,
1743599710.2338455,,,,,,,,,,
1743599710.2540095,,,,,,,,,,
1743599710.2741654,,,,,,,,,,
1743599710.2943068,,,,,,,,,,
1743599710.3145518,,,,,,,,,,
1743599710.3347182,,,,,,,,,,
1743599710.354923,,,,,,,,,,
1743599710.3757174,,,,,,,,,,
1743599710.3959823,,,,,,,,,,
1743599710.4161289,,,,,,,,,,
1743599710.436292,,,,,,,,,,
1743599710.4564362,,,,,,,,,,
1743599710.4765816,,,,,,,,,,
1743599710.4967422,,,,,,,,,,
1743599710.5170946,,,,,,,,,,
1743599710.53722,,,,,,,,,,
1743599710.557372,,,,,,,,,,
1743599710.5776057,,,,,,,,,,
1743599710.5979054,,,,,,,,,,
1743599710.618109,,,,,,,,,,
1743599710.6413443,,,,,,,,,,
1743599710.6614852,,,,,,,,,,
1743599710.6820416,,,,,,,,,,
1743599710.7023892,,,,,,,,,,
1743599710.722521,,,,,,,,,,
1743599710.742664,,,,,,,,,,
1743599710.762816,,,,,,,,,,
1743599710.7829735,,,,,,,,,,
1743599710.8033807,,,,,,,,,,
1743599710.8253741,,,,,,,,,,
1743599710.845554,,,,,,,,,,
1743599710.8658726,,,,,,,,,,
1743599710.8860524,,,,,,,,,,
1743599710.9061975,,,,,,,,,,
1743599710.9266167,,,,,,,,,,
1743599710.946795,,,,,,,,,,
1743599710.9669595,,,,,,,,,,
1743599710.9871445,,,,,,,,,,
1743599711.009518,,,,,,,,,,
1743599711.0296988,,,,,,,,,,
1743599711.04986,,,,,,,,,,
1743599711.0700326,,,,,,,,,,
1743599711.0902421,,,,,,,,,,
1743599711.1103497,,,,,,,,,,
1743599711.1329153,,,,,,,,,,
1743599711.1531193,,,,,,,,,,
1743599711.1732566,,,,,,,,,,
1743599711.1934142,,,,,,,,,,
1743599711.2137482,,,,,,,,,,
1743599711.2340608,,,,,,,,,,
1743599711.2542238,,,,,,,,,,
1743599711.2771125,,,,,,,,,,
1743599711.2972496,,,,,,,,,,
1743599711.3173668,,,,,,,,,,
1743599711.3375835,,,,,,,,,,
1743599711.357721,,,,,,,,,,
1743599711.3778756,,,,,,,,,,
1743599711.3980844,,,,,,,,,,
1743599711.4184492,,,,,,,,,,
1743599711.438697,,,,,,,,,,
1743599711.4588542,,,,,,,,,,
1743599711.4800236,,,,,,,,,,
1743599711.5002458,,,,,,,,,,
1743599711.5203788,,,,,,,,,,
1743599711.540661,,,,,,,,,,
1743599711.5608587,,,,,,,,,,
1743599711.5811677,,,,,,,,,,
1743599711.6043775,,,,,,,,,,
1743599711.6245248,,,,,,,,,,
1743599711.644684,,,,,,,,,,
1743599711.664826,,,,,,,,,,
1743599711.6849773,,,,,,,,,,
1743599711.7051702,,,,,,,,,,
1743599711.7273858,,,,,,,,,,
1743599711.7475336,,,,,,,,,,
1743599711.7680101,,,,,,,,,,
1743599711.788194,,,,,,,,,,
1743599711.8093348,,,,,,,,,,
1743599711.8295102,,,,,,,,,,
1743599711.849823,,,,,,,,,,
1743599711.8700204,,,,,,,,,,
1743599711.8901672,,,,,,,,,,
1743599711.911239,,,,,,,,,,
1743599711.9313767,,,,,,,,,,
1743599711.9516263,,,,,,,,,,
1743599711.9717693,,,,,,,,,,
1743599711.995283,,,,,,,,,,
1743599712.0154383,,,,,,,,,,
1743599712.0355911,,,,,,,,,,
1743599712.0557702,,,,,,,,,,
1743599712.075943,,,,,,,,,,
1743599712.096318,,,,,,,,,,
1743599712.1164992,,,,,,,,,,
1743599712.136853,,,,,,,,,,
1743599712.1570225,,,,,,,,,,
1743599712.1777205,,,,,,,,,,
1743599712.1978772,,,,,,,,,,
1743599712.2180648,,,,,,,,,,
1743599712.2382584,,,,,,,,,,
1743599712.258361,,,,,,,,,,
1743599712.2787886,,,,,,,,,,
1743599712.2990928,,,,,,,,,,
1743599712.319347,,,,,,,,,,
1743599712.3394873,,,,,,,,,,
1743599712.3623652,,,,,,,,,,
1743599712.382591,,,,,,,,,,
1743599712.4027627,,,,,,,,,,
1743599712.422912,,,,,,,,,,
1743599712.443053,,,,,,,,,,
1743599712.4632556,,,,,,,,,,
1743599712.4835968,,,,,,,,,,
1743599712.5037746,,,,,,,,,,
1743599712.5239522,,,,,,,,,,
1743599712.5440967,,,,,,,,,,
1743599712.5643358,,,,,,,,,,
1743599712.5883493,,,,,,,,,,
1743599712.6084998,,,,,,,,,,
1743599712.6294477,,,,,,,,,,
1743599712.6495774,,,,,,,,,,
1743599712.6697295,,,,,,,,,,
1743599712.689931,,,,,,,,,,
1743599712.7133598,,,,,,,,,,
1743599712.7334874,,,,,,,,,,
1743599712.7536874,,,,,,,,,,
1743599712.773856,,,,,,,,,,
1743599712.7963715,,,,,,,,,,
1743599712.8165526,,,,,,,,,,
1743599712.8367467,,,,,,,,,,
1743599712.8569427,,,,,,,,,,
1743599712.877111,,,,,,,,,,
1743599712.8972776,,,,,,,,,,
1743599712.9174473,,,,,,,,,,
1743599712.937605,,,,,,,,,,
1743599712.9577558,,,,,,,,,,
1743599712.9780502,,,,,,,,,,
1743599712.9982553,,,,,,,,,,
1743599713.0184534,,,,,,,,,,
1743599713.0385973,,,,,,,,,,
1743599713.0587602,,,,,,,,,,
1743599713.0789158,,,,,,,,,,
1743599713.0990674,,,,,,,,,,
1743599713.1213849,,,,,,,,,,
1743599713.1415784,,,,,,,,,,
1743599713.161765,,,,,,,,,,
1743599713.1820223,,,,,,,,,,
1743599713.2022452,,,,,,,,,,
1743599713.2225814,,,,,,,,,,
1743599713.2427537,,,,,,,,,,
1743599713.2628894,,,,,,,,,,
1743599713.2830572,,,,,,,,,,
1743599713.3032498,,,,,,,,,,
1743599713.323416,,,,,,,,,,
1743599713.3485277,,,,,,,,,,
1743599713.3687022,,,,,,,,,,
1743599713.388872,,,,,,,,,,
1743599713.409066,,,,,,,,,,
1743599713.4303844,,,,,,,,,,
1743599713.4508498,,,,,,,,,,
1743599713.4710264,,,,,,,,,,
1743599713.4912133,,,,,,,,,,
1743599713.514378,,,,,,,,,,
1743599713.5346115,,,,,,,,,,
1743599713.5550005,,,,,,,,,,
1743599713.5751889,,,,,,,,,,
1743599713.595348,,,,,,,,,,
1743599713.6155608,,,,,,,,,,
1743599713.635792,,,,,,,,,,
1743599713.6559677,,,,,,,,,,
1743599713.6761403,,,,,,,,,,
1743599713.6963222,,,,,,,,,,
1743599713.7165203,,,,,,,,,,
1743599713.7366984,,,,,,,,,,
1743599713.7568336,,,,,,,,,,
1743599713.7769797,,,,,,,,,,
1743599713.797153,,,,,,,,,,
1743599713.8173175,,,,,,,,,,
1743599713.8374734,,,,,,,,,,
1743599713.8576324,,,,,,,,,,
1743599713.877784,,,,,,,,,,
1743599713.8979182,,,,,,,,,,
1743599713.9180956,,,,,,,,,,
1743599713.9384406,,,,,,,,,,
1743599713.9587953,,,,,,,,,,
1743599713.980405,,,,,,,,,,
1743599714.000612,,,,,,,,,,
1743599714.0207644,,,,,,,,,,
1743599714.0409656,,,,,,,,,,
1743599714.0611546,,,,,,,,,,
1743599714.081309,,,,,,,,,,
1743599714.1025548,,,,,,,,,,
1743599714.1227958,,,,,,,,,,
1743599714.1429982,,,,,,,,,,
1743599714.1663752,,,,,,,,,,
1743599714.1865122,,,,,,,,,,
1743599714.2066646,,,,,,,,,,
1743599714.2268581,,,,,,,,,,
1743599714.2504919,,,,,,,,,,
1743599714.2707243,,,,,,,,,,
1743599714.2909212,,,,,,,,,,
1743599714.311056,,,,,,,,,,
1743599714.331208,,,,,,,,,,
1743599714.3523457,,,,,,,,,,
1743599714.372513,,,,,,,,,,
1743599714.3927028,,,,,,,,,,
1743599714.4128642,,,,,,,,,,
1743599714.4330552,,,,,,,,,,
1743599714.4533808,,,,,,,,,,
1743599714.4736955,,,,,,,,,,
1743599714.493905,,,,,,,,,,
1743599714.5164194,,,,,,,,,,
1743599714.536562,,,,,,,,,,
1743599714.5567327,,,,,,,,,,
1743599714.5768566,,,,,,,,,,
1743599714.597035,,,,,,,,,,
1743599714.617212,,,,,,,,,,
1743599714.6373463,,,,,,,,,,
1743599714.6575215,,,,,,,,,,
1743599714.677817,,,,,,,,,,
1743599714.6980386,,,,,,,,,,
1743599714.7183332,,,,,,,,,,
1743599714.7384818,,,,,,,,,,
1743599714.7587886,,,,,,,,,,
1743599714.7789173,,,,,,,,,,
1743599714.7990527,,,,,,,,,,
1743599714.819216,,,,,,,,,,
1743599714.8393764,,,,,,,,,,
1743599714.8595283,,,,,,,,,,
1743599714.8801084,,,,,,,,,,
1743599714.9006407,,,,,,,,,,
1743599714.9208198,,,,,,,,,,
1743599714.940959,,,,,,,,,,
1743599714.961312,,,,,,,,,,
1743599714.9814723,,,,,,,,,,
1743599715.002367,,,,,,,,,,
1743599715.022521,,,,,,,,,,
1743599715.0428057,,,,,,,,,,
1743599715.0629556,,,,,,,,,,
1743599715.083124,,,,,,,,,,
1743599715.103287,,,,,,,,,,
1743599715.1234481,,,,,,,,,,
1743599715.1435883,,,,,,,,,,
1743599715.1637483,,,,,,,,,,
1743599715.1843681,,,,,,,,,,
1743599715.2045069,,,,,,,,,,
1743599715.224665,,,,,,,,,,
1743599715.2448523,,,,,,,,,,
1743599715.2683907,,,,,,,,,,
1743599715.2885406,,,,,,,,,,
1743599715.3088038,,,,,,,,,,
1743599715.328996,,,,,,,,,,
1743599715.3491428,,,,,,,,,,
1743599715.3693123,,,,,,,,,,
1743599715.3913956,,,,,,,,,,
1743599715.411547,,,,,,,,,,
1743599715.431651,,,,,,,,,,
1743599715.451822,,,,,,,,,,
1743599715.4720023,,,,,,,,,,
1743599715.492496,,,,,,,,,,
1743599715.512897,,,,,,,,,,
1743599716.035518,,,,,,,,,,
1743599716.0556853,,,,,,,,,,
1743599716.0758536,,,,,,,,,,
1743599716.0960639,,,,,,,,,,
1743599716.1162202,,,,,,,,,,
1743599716.1364038,,,,,,,,,,
1743599716.1568244,,,,,,,,,,
1743599716.1769783,,,,,,,,,,
1743599716.1971312,,,,,,,,,,
1743599716.2173114,,,,,,,,,,
1743599716.2377286,,,,,,,,,,
1743599716.2583044,,,,,,,,,,
1743599716.2784584,,,,,,,,,,
1743599716.298584,,,,,,,,,,
1743599716.3187363,,,,,,,,,,
1743599716.3389063,,,,,,,,,,
1743599716.359134,,,,,,,,,,
1743599716.379356,,,,,,,,,,
1743599716.3995245,,,,,,,,,,
1743599716.4196737,,,,,,,,,,
1743599716.440191,0.0,0.0,0.0,,5.206,3.157,-0.634767888481016,0.26666666666666666,-0.8,-0.0
1743599716.4604268,0.0,0.0,0.0,,5.324,3.676,0.08461978755477695,0.36666666666666664,-1.6666666666666667,0.3
1743599716.4808323,0.0,0.0,0.0,,5.324,3.676,0.08461978755477695,0.36666666666666664,-1.6666666666666667,0.3
1743599716.5010664,0.0,0.0,0.0,,6.324,4.559,0.2658186293369429,-0.1,-1.9333333333333333,0.4666666666666667
1743599716.5212252,0.0,0.0,0.0,,4.804,4.588,0.1353652402983343,-0.5,-1.8,0.4
1743599716.5414062,0.0,0.0,0.0,,4.157,3.873,0.00318613757842634,-0.5666666666666667,-1.9,0.7
1743599716.5616305,0.0,0.0,0.0,,4.451,2.637,-0.04169101181721757,-0.16666666666666666,-2.1666666666666665,0.9333333333333333
1743599716.5820067,0.0,0.0,0.0,,4.843,2.137,0.24576023130423508,0.5,-2.433333333333333,0.5666666666666667
1743599716.60222,0.0,0.0,0.0,,4.843,2.137,0.24576023130423508,0.5,-2.433333333333333,0.5666666666666667
1743599716.6223817,12.0,-25.0,267.0,,-0.0378851476762625,0.6363863130777809,-0.003020304097953286,0.43333333333333335,-3.0,0.13333333333333333
1743599716.6425517,10.0,-22.0,261.0,,-0.2338906814100974,0.7565113770874132,-0.49662035867048715,0.43333333333333335,-3.0,0.1
1743599716.6627355,11.0,-19.0,261.0,,-0.16482359522470746,0.16716375535609562,0.4141356356147128,0.36666666666666664,-3.2666666666666666,-0.1
1743599716.683183,12.0,-16.0,264.0,,2.060997539435238,-0.5306136869222193,1.2514568767711012,0.43333333333333335,-3.5,-0.26666666666666666
1743599716.7044187,12.0,-14.0,266.0,,2.48974620416726,-1.403613686922219,0.06395562682170919,0.7,-2.7666666666666666,-0.7
1743599716.7246299,11.0,-11.0,268.0,,1.4911637553560955,-0.6858362446439046,-0.3115125405933128,0.8666666666666667,-2.433333333333333,-1.1666666666666667
1743599716.7448509,9.0,-8.0,264.0,,1.2817118795817577,0.857377897955335,0.24943249469954587,0.7333333333333333,-2.3333333333333335,-0.9666666666666667
1743599716.7654393,8.0,-5.0,262.0,,1.6350021636454737,-0.41528812041824215,1.3288843161794617,0.23333333333333334,-2.5,-0.8333333333333334
1743599716.7859256,7.0,-3.0,261.0,,2.349584269256721,-1.7545382588044967,1.937960218982889,0.5,-2.6,-0.5
1743599716.8061328,6.0,0.0,259.0,,3.274,-1.6534242246556805,0.9730821159835372,1.0333333333333334,-2.6333333333333333,-0.6
1743599716.8263476,4.0,2.0,257.0,,4.038364062651535,0.49168899257013066,0.27668643580424224,1.0666666666666667,-2.3,-0.7333333333333333
1743599716.8467617,2.0,4.0,255.0,,4.370311007429869,1.6476359373484655,-0.1719465082420406,0.4666666666666667,-1.8666666666666667,-0.6666666666666666
1743599716.8674152,1.0,6.0,255.0,,4.192424224655681,2.1327918928502485,-0.18990287257755156,-0.16666666666666666,-1.2666666666666666,-0.8666666666666667
1743599716.8876219,1.0,8.0,255.0,,3.659288120418242,1.8377918928502486,0.07323534680738142,-0.8333333333333334,-0.8,-0.7666666666666667
1743599716.9078827,1.0,9.0,255.0,,3.220622102044665,-1.4852081071497514,0.6350738845102732,-0.7333333333333333,-0.7333333333333333,-0.4
1743599716.928364,2.0,9.0,256.0,,3.269622102044665,-1.7543640626515344,0.40083778312782314,0.2,-0.9333333333333333,-0.26666666666666666
1743599716.949011,3.0,10.0,256.0,,3.8504886229125868,-0.23941573074327904,-0.10859255900880171,0.5333333333333333,-1.1,-0.26666666666666666
1743599716.9692419,2.0,11.0,256.0,,4.184836244643905,1.0686359373484655,0.5435457378970607,0.4,-0.9333333333333333,-0.7333333333333333
1743599716.9896712,2.0,13.0,257.0,,5.108769843113316,0.38263593734846546,1.1867426819265674,-0.6,-0.26666666666666666,-0.7
1743599717.0098832,2.0,13.0,257.0,,5.108769843113316,0.38263593734846546,1.1867426819265674,-0.6,-0.26666666666666666,-0.7
1743599717.030193,2.0,13.0,257.0,,4.1667698431133156,-1.6273640626515344,1.1258133646036477,-0.16666666666666666,-0.03333333333333333,-0.7333333333333333
1743599717.0523787,2.0,13.0,258.0,,3.3827698431133157,1.6276359373484655,0.21694900476439472,0.26666666666666666,-0.3,-0.5333333333333333
1743599717.072622,2.0,13.0,258.0,,3.3827698431133157,1.6276359373484655,0.21694900476439472,0.26666666666666666,-0.3,-0.5333333333333333
1743599717.0931869,2.0,13.0,258.0,,3.6177698431133156,1.3926359373484656,0.42933579241132236,-0.06666666666666667,-0.26666666666666666,-0.4666666666666667
1743599717.1134803,2.0,14.0,259.0,,2.7542537958327404,0.5296359373484655,-0.0641215313426553,0.06666666666666667,0.16666666666666666,-0.6
1743599717.133702,2.0,14.0,259.0,,2.7542537958327404,0.5296359373484655,-0.0641215313426553,0.06666666666666667,0.16666666666666666,-0.6
1743599717.1540217,2.0,13.0,259.0,,1.3727698431133155,1.8536359373484657,-0.28819298182096276,-0.03333333333333333,-0.23333333333333334,-0.3
1743599717.174301,2.0,13.0,259.0,,2.079769843113316,1.9706359373484656,0.8476126298741136,-0.4,-0.36666666666666664,-0.3333333333333333
1743599717.1947434,2.0,13.0,259.0,,2.079769843113316,1.9706359373484656,0.8476126298741136,-0.4,-0.36666666666666664,-0.3333333333333333
1743599717.215038,2.0,14.0,259.0,,2.8132537958327406,1.0986359373484655,1.3220682190943283,-0.3333333333333333,-0.16666666666666666,-0.43333333333333335
1743599717.2352695,3.0,14.0,259.0,,2.7252537958327405,0.3385842692567209,-0.1452666730407497,0.36666666666666664,0.4666666666666667,-0.36666666666666664
1743599717.258417,3.0,14.0,259.0,,2.7252537958327405,0.3385842692567209,-0.1452666730407497,0.36666666666666664,0.4666666666666667,-0.36666666666666664
1743599717.2786014,2.0,13.0,260.0,,1.6377698431133156,2.2066359373484654,0.7881028777346,0.4,0.4,-0.43333333333333335
1743599717.2987945,2.0,12.0,260.0,,1.6476136869222193,2.5006359373484655,0.93877167061531,0.0,0.0,-0.26666666666666666
1743599717.3190212,2.0,12.0,260.0,,1.6476136869222193,2.5006359373484655,0.93877167061531,0.0,0.0,-0.26666666666666666
1743599717.3394752,2.0,12.0,260.0,,3.519613686922219,-0.2063640626515345,-0.05544842551503315,-0.26666666666666666,0.06666666666666667,0.23333333333333334
1743599717.3598776,2.0,12.0,260.0,,3.636613686922219,-0.8323640626515345,-0.025947879986686573,0.36666666666666664,0.26666666666666666,-0.0
1743599717.3802333,2.0,12.0,260.0,,2.3136136869222192,0.8626359373484656,0.27686717058202603,0.8333333333333334,0.5,-0.4
1743599717.4003801,1.0,11.0,260.0,,1.0678362446439045,2.5837918928502486,1.5474518425590187,0.7333333333333333,0.23333333333333334,-0.5
1743599717.420594,0.0,11.0,260.0,,2.1058362446439047,2.392,1.164862590404736,0.1,-0.5,-0.0
1743599717.4411404,0.0,11.0,260.0,,2.1058362446439047,2.392,1.164862590404736,0.1,-0.5,-0.0
1743599717.4613335,0.0,12.0,260.0,,3.842613686922219,-0.049,0.3011878395090939,0.06666666666666667,-0.3333333333333333,0.03333333333333333
1743599717.481853,0.0,12.0,260.0,,2.2246136869222193,1.293,0.3336246676722485,0.5333333333333333,-0.13333333333333333,-0.06666666666666667
1743599717.5021605,0.0,12.0,260.0,,1.1766136869222192,1.98,0.5922551163849352,0.2,-0.3333333333333333,-0.0
1743599717.5224545,0.0,13.0,260.0,,1.2457698431133157,0.852,0.06038871484608954,0.0,-0.4666666666666667,0.4
1743599717.5428526,0.0,13.0,259.0,,1.2557698431133155,0.676,0.026259092518566618,0.16666666666666666,-0.43333333333333335,0.5333333333333333
1743599717.563315,0.0,14.0,259.0,,1.0392537958327406,1.078,0.09610986096621943,0.3333333333333333,-0.13333333333333333,0.3333333333333333
1743599717.5838654,-1.0,14.0,258.0,,0.5692537958327406,1.2192081071497514,-0.0043745025489378975,0.36666666666666664,0.1,-0.23333333333333334
1743599717.6054406,-1.0,14.0,259.0,,-0.9907462041672592,1.3082081071497513,-0.1063991763190053,0.5,0.0,-0.8
1743599717.6256547,-1.0,14.0,260.0,,-0.3527462041672593,1.8672081071497513,0.7162118469444234,0.43333333333333335,-0.5666666666666667,-0.4
1743599717.6461072,-1.0,14.0,260.0,,2.0982537958327407,1.6902081071497512,1.220331535021037,0.0,-1.0333333333333334,0.23333333333333334
1743599717.6663492,-1.0,15.0,261.0,,3.5680148324557286,0.8662081071497512,0.22930006059741537,-0.2,-0.6333333333333333,0.2
1743599717.6865437,-1.0,16.0,260.0,,2.880002460564762,0.6412081071497513,0.06767037877362547,0.03333333333333333,0.0,-0.13333333333333333
1743599717.7068715,-1.0,16.0,261.0,,2.0370024605647616,1.3762081071497514,0.24639525935225493,0.3333333333333333,0.26666666666666666,-0.3333333333333333
1743599717.727431,-1.0,16.0,261.0,,2.781002460564762,1.7492081071497514,-0.18390252956920428,0.16666666666666666,0.26666666666666666,-0.2
1743599717.7479565,-1.0,15.0,262.0,,3.911014832455729,1.2392081071497514,-0.8182004840355219,0.0,0.6,-0.13333333333333333
1743599717.7685018,-1.0,14.0,263.0,,2.3732537958327407,0.6412081071497513,0.06611480816756377,0.3333333333333333,0.9666666666666667,-0.23333333333333334
1743599717.7887082,-1.0,14.0,263.0,,2.3732537958327407,0.6412081071497513,0.06611480816756377,0.3333333333333333,0.9666666666666667,-0.23333333333333334
1743599717.8088996,-1.0,14.0,263.0,,2.3732537958327407,0.6412081071497513,0.06611480816756377,0.3333333333333333,0.9666666666666667,-0.23333333333333334
1743599717.829208,-1.0,12.0,264.0,,3.156613686922219,0.5232081071497512,-0.39771247312660307,0.3333333333333333,-0.3333333333333333,0.03333333333333333
1743599717.8494577,-1.0,12.0,265.0,,4.2546136869222195,0.9842081071497513,-0.6419033670093253,0.5,-0.23333333333333334,0.06666666666666667
1743599717.8696525,-1.0,12.0,265.0,,3.4116136869222196,1.9652081071497514,0.00522768191312295,0.5666666666666667,0.3,0.26666666666666666
1743599717.8899927,-2.0,12.0,266.0,,1.9126136869222192,1.2333640626515345,1.5478211702654594,-0.23333333333333334,0.03333333333333333,-0.03333333333333333
1743599717.9112248,-2.0,12.0,266.0,,1.9126136869222192,1.2333640626515345,1.5478211702654594,-0.23333333333333334,0.03333333333333333,-0.03333333333333333
1743599717.9313872,-2.0,11.0,267.0,,1.7048362446439045,0.4593640626515345,1.0177396065293411,-0.06666666666666667,-0.23333333333333334,-0.0
1743599717.9516423,-1.0,12.0,268.0,,2.9706136869222193,2.386208107149751,0.36201496659586674,0.0,-0.1,0.13333333333333333
1743599717.9718263,-1.0,12.0,268.0,,2.9706136869222193,2.386208107149751,0.36201496659586674,0.0,-0.1,0.13333333333333333
1743599717.9943616,-1.0,12.0,268.0,,2.734613686922219,1.7102081071497512,0.07225063176990787,-0.4,0.1,0.36666666666666664
1743599718.0145495,0.0,12.0,268.0,,1.6766136869222192,-0.834,0.4466377366788503,-0.43333333333333335,0.16666666666666666,0.03333333333333333
1743599718.0374403,0.0,12.0,268.0,,1.6766136869222192,-0.834,0.4466377366788503,-0.43333333333333335,0.16666666666666666,0.03333333333333333
1743599718.0578914,0.0,12.0,269.0,,1.4906136869222193,1.509,0.058711986656627246,0.6,-0.03333333333333333,-0.03333333333333333
1743599718.0781074,0.0,12.0,269.0,,1.8536136869222193,1.833,0.06134376217221771,0.26666666666666666,-0.26666666666666666,0.16666666666666666
1743599718.101617,0.0,12.0,269.0,,2.8816136869222193,1.284,0.06723847712705755,-0.06666666666666667,-0.16666666666666666,0.1
1743599718.121984,0.0,12.0,270.0,,3.6666136869222195,0.0,0.3865647837433883,-0.2,0.26666666666666666,-0.0
1743599718.142411,0.0,12.0,270.0,,3.019613686922219,-0.137,0.5706497224704759,0.2,0.7,-0.16666666666666666
1743599718.1626353,0.0,11.0,270.0,,1.5878362446439045,1.009,0.5760603093655394,0.4,0.7,-0.13333333333333333
1743599718.183083,0.0,11.0,271.0,,1.1948362446439045,1.539,0.2995057773263383,0.23333333333333334,0.36666666666666664,-0.0
1743599718.2035115,0.0,10.0,271.0,,0.8404886229125867,1.205,0.5292129787154458,0.0,0.03333333333333333,0.16666666666666666
1743599718.2238176,0.0,10.0,271.0,,1.6644886229125868,0.607,0.13237428779188676,-0.03333333333333333,-0.23333333333333334,0.36666666666666664
1743599718.244121,0.0,10.0,271.0,,2.075488622912587,0.107,0.21930890176731843,0.03333333333333333,-0.2,0.2
1743599718.2647183,0.0,11.0,271.0,,2.3518362446439047,0.0,0.09652190373862624,0.26666666666666666,-0.16666666666666666,0.06666666666666667
1743599718.2857342,0.0,11.0,272.0,,2.4298362446439046,0.666,0.14145838944990352,0.4666666666666667,-0.16666666666666666,0.06666666666666667
1743599718.306911,0.0,11.0,272.0,,2.4298362446439046,0.666,0.14145838944990352,0.4666666666666667,-0.16666666666666666,0.06666666666666667
1743599718.328049,-1.0,11.0,272.0,,1.6948362446439045,0.5822081071497512,0.34952021804584454,0.5,-0.03333333333333333,0.2
1743599718.348632,-1.0,11.0,273.0,,1.8808362446439044,0.3862081071497513,0.18527370175359792,0.5,0.0,0.26666666666666666
1743599718.3693118,-2.0,12.0,273.0,,2.3136136869222192,0.49836406265153455,0.08997640440023957,0.4,-0.03333333333333333,-0.06666666666666667
1743599718.3897243,-2.0,12.0,273.0,,2.3136136869222192,0.49836406265153455,0.08997640440023957,0.4,-0.03333333333333333,-0.06666666666666667
1743599718.409999,-2.0,12.0,273.0,,2.3136136869222192,0.4683640626515345,0.13850847394767207,0.43333333333333335,-0.1,-0.0
1743599718.43021,-3.0,11.0,274.0,,2.1258362446439047,0.24841573074327905,0.14067687102234494,0.7333333333333333,0.0,0.1
1743599718.4505513,-3.0,11.0,274.0,,2.1258362446439047,0.24841573074327905,0.14067687102234494,0.7333333333333333,0.0,0.1
1743599718.470768,-3.0,11.0,275.0,,1.8718362446439045,1.365415730743279,0.3743794118488246,0.13333333333333333,0.0,-0.0
1743599718.4911451,-3.0,11.0,276.0,,1.6558362446439046,0.503415730743279,0.1363184628940619,0.03333333333333333,0.0,0.13333333333333333
1743599718.511611,-3.0,11.0,276.0,,1.6558362446439046,0.503415730743279,0.1363184628940619,0.03333333333333333,0.0,0.13333333333333333
1743599718.532198,-3.0,11.0,276.0,,1.7738362446439044,0.4054157307432791,0.1640486833728083,0.06666666666666667,0.0,0.06666666666666667
1743599718.5525513,-3.0,11.0,276.0,,1.6948362446439045,0.5414157307432791,0.06661487322928217,0.03333333333333333,0.0,0.13333333333333333
1743599718.5727198,-3.0,11.0,276.0,,1.6948362446439045,0.5414157307432791,0.06661487322928217,0.03333333333333333,0.0,0.13333333333333333
1743599718.59319,-3.0,10.0,276.0,,1.6644886229125868,0.2784157307432791,0.15680233921929343,0.03333333333333333,0.03333333333333333,0.9
1743599718.6136782,-3.0,10.0,275.0,,2.1334886229125867,0.6494157307432791,0.10515308046672445,0.06666666666666667,0.0,0.23333333333333334
1743599718.6338964,-3.0,10.0,275.0,,2.1334886229125867,0.6494157307432791,0.10515308046672445,0.06666666666666667,0.0,0.23333333333333334
1743599718.6542163,-3.0,10.0,275.0,,1.9184886229125868,0.35641573074327904,0.0885486131726907,0.03333333333333333,0.03333333333333333,0.3
1743599718.6744945,-2.0,10.0,275.0,,2.0844886229125867,0.6353640626515344,0.027714878615448413,0.06666666666666667,0.0,0.7666666666666667
1743599718.6947794,-2.0,10.0,275.0,,2.0844886229125867,0.6353640626515344,0.027714878615448413,0.06666666666666667,0.0,0.7666666666666667
1743599718.715302,-2.0,10.0,275.0,,1.6744886229125868,0.10736406265153453,0.15676877237766185,0.03333333333333333,0.0,0.2
1743599718.735535,-2.0,10.0,275.0,,1.7514886229125868,0.2443640626515345,0.13459063119848658,0.06666666666666667,0.0,-0.0
1743599718.7587848,-2.0,10.0,275.0,,1.7514886229125868,0.2443640626515345,0.13459063119848658,0.06666666666666667,0.0,-0.0
1743599718.7789767,-2.0,10.0,276.0,,1.7614886229125868,0.23436406265153453,0.1247468653105237,0.03333333333333333,0.0,-0.0
1743599718.7991776,-2.0,10.0,276.0,,1.7514886229125868,0.2443640626515345,0.12459182079985887,0.03333333333333333,0.0,-0.0
1743599718.819878,-1.0,9.0,276.0,,1.592622102044665,0.08320810714975127,0.1345509549175059,0.03333333333333333,0.0,-0.0
1743599718.8404105,-1.0,9.0,277.0,,1.582622102044665,0.07320810714975126,0.13459063119848658,0.03333333333333333,0.0,-0.0
1743599718.8611784,-1.0,8.0,277.0,,1.4132881204182421,0.07320810714975126,0.12459182079985887,0.03333333333333333,0.0,-0.0
1743599718.8813791,-1.0,7.0,277.0,,1.2435382588044968,0.07320810714975126,0.13459063119848658,0.03333333333333333,0.0,-0.0
1743599718.9015484,-1.0,7.0,277.0,,1.2535382588044968,0.07320810714975126,0.12464449700305735,0.03333333333333333,0.0,-0.0
1743599718.921737,-1.0,6.0,277.0,,1.0834242246556807,0.07320810714975126,0.12464449700305735,0.03333333333333333,0.0,-0.0
1743599718.9420633,-1.0,6.0,277.0,,1.0934242246556807,0.07320810714975126,0.1347056896908665,0.03333333333333333,0.0,-0.0
1743599718.9626362,-1.0,6.0,277.0,,1.0934242246556807,0.07320810714975126,0.1347056896908665,0.03333333333333333,0.0,-0.0
1743599718.9828472,-1.0,5.0,278.0,,0.9029978363545267,0.07320810714975126,0.13459063119848658,0.03333333333333333,0.0,-0.0
1743599719.0030236,-1.0,5.0,278.0,,0.9029978363545267,0.07320810714975126,0.13459063119848658,0.03333333333333333,0.0,-0.0
1743599719.0232346,-1.0,4.0,278.0,,0.7323110074298693,0.07320810714975126,0.13459063119848658,0.03333333333333333,0.0,-0.0
1743599719.0439954,-1.0,4.0,278.0,,0.7423110074298693,0.06320810714975127,0.13474536409431614,0.03333333333333333,0.0,-0.0
1743599719.064583,-1.0,4.0,278.0,,0.7423110074298693,0.07320810714975126,0.13464320152923115,0.03333333333333333,0.0,-0.0
1743599719.0847974,-1.0,3.0,278.0,,0.5714157307432791,0.07320810714975126,0.13464320152923115,0.03333333333333333,0.0,-0.0
1743599719.1054244,-1.0,3.0,278.0,,0.5714157307432791,0.07320810714975126,0.12464449700305735,0.03333333333333333,0.0,-0.0
1743599719.1256082,-1.0,3.0,278.0,,0.5714157307432791,0.07320810714975126,0.13464320152923115,0.03333333333333333,0.0,-0.0
1743599719.145822,-1.0,3.0,278.0,,0.5714157307432791,0.07320810714975126,0.13464320152923115,0.03333333333333333,0.0,-0.0
1743599719.1660094,-1.0,2.0,278.0,,0.4003640626515345,0.07320810714975126,0.12464449700305735,0.03333333333333333,0.0,-0.0
1743599719.1862671,-1.0,2.0,278.0,,0.4003640626515345,0.07320810714975126,0.13464320152923115,0.03333333333333333,0.0,-0.0
1743599719.2068467,0.0,2.0,278.0,,0.3903640626515345,-0.098,0.13459063119848658,0.03333333333333333,0.0,-0.0
1743599719.227764,0.0,2.0,278.0,,0.4003640626515345,-0.098,0.13464320152923115,0.03333333333333333,0.0,-0.0
1743599719.248267,0.0,2.0,278.0,,0.3903640626515345,-0.098,0.12459182079985887,0.03333333333333333,0.0,-0.0
1743599719.2684407,0.0,2.0,278.0,,0.4003640626515345,-0.098,0.13464320152923115,0.03333333333333333,0.0,-0.0
1743599719.2886572,0.0,1.0,278.0,,0.22920810714975126,-0.088,0.1345509549175059,0.03333333333333333,0.0,-0.0
1743599719.3091588,0.0,1.0,278.0,,0.23920810714975127,-0.098,0.1347056896908665,0.03333333333333333,0.0,-0.0
1743599719.3296332,0.0,1.0,278.0,,0.34720810714975125,-0.186,0.12725756257858833,0.03333333333333333,0.0,-0.06666666666666667
1743599719.3498623,0.0,1.0,278.0,,0.34720810714975125,-0.186,0.12725756257858833,0.03333333333333333,0.0,-0.06666666666666667
1743599719.3703277,0.0,1.0,278.0,,0.09320810714975127,-0.01,0.11430797433755657,0.06666666666666667,0.0,-0.03333333333333333
1743599719.3904965,0.0,1.0,278.0,,0.32720810714975124,-0.078,0.1355086058965469,0.06666666666666667,0.0,-0.1
1743599719.4107003,0.0,1.0,278.0,,0.32720810714975124,-0.078,0.1355086058965469,0.06666666666666667,0.0,-0.1
1743599719.4311523,0.0,1.0,278.0,,0.29720810714975127,-0.069,0.13502351773636967,0.03333333333333333,0.03333333333333333,-0.13333333333333333
1743599719.451416,0.0,0.0,279.0,,0.313,0.107,0.13942307127885734,0.03333333333333333,-0.03333333333333333,-0.2
1743599719.4716613,0.0,0.0,279.0,,0.313,0.107,0.13942307127885734,0.03333333333333333,-0.03333333333333333,-0.2
1743599719.4919913,0.0,0.0,279.0,,0.342,0.126,0.14058276485597787,0.03333333333333333,0.0,-0.16666666666666666
1743599719.5124998,0.0,0.0,279.0,,0.803,-0.324,0.14120504343275186,0.06666666666666667,0.0,0.16666666666666666
1743599719.532765,0.0,0.0,279.0,,0.803,-0.324,0.14120504343275186,0.06666666666666667,0.0,0.16666666666666666
1743599719.5530915,0.0,0.0,279.0,,0.362,-0.069,0.16070258091478884,0.03333333333333333,0.0,0.06666666666666667
1743599719.573355,0.0,0.0,281.0,,-0.196,0.097,0.13637145156302743,0.03333333333333333,0.0,-0.0
1743599719.5943751,0.0,0.0,281.0,,-0.196,0.097,0.13637145156302743,0.03333333333333333,0.0,-0.0
1743599719.6146405,0.0,1.0,282.0,,0.6802081071497512,-0.275,0.11169106557037622,0.03333333333333333,0.0,-0.0
1743599719.6348386,0.0,1.0,282.0,,0.7982081071497513,-0.108,0.15401791690240074,0.06666666666666667,0.0,0.16666666666666666
1743599719.6550345,0.0,1.0,282.0,,0.7982081071497513,-0.108,0.15401791690240074,0.06666666666666667,0.0,0.16666666666666666
1743599719.6752245,0.0,1.0,283.0,,0.024208107149751273,0.028,0.15510614075778761,0.03333333333333333,0.0,-0.0
1743599719.695461,0.0,1.0,284.0,,0.5332081071497512,-0.284,0.16444235773222537,0.03333333333333333,-0.03333333333333333,-0.0
1743599719.715668,0.0,1.0,284.0,,0.5332081071497512,-0.284,0.16444235773222537,0.03333333333333333,-0.03333333333333333,-0.0
1743599719.7358377,0.0,1.0,284.0,,-0.024791892850248742,0.077,0.06722977669705621,0.06666666666666667,0.0,-0.0
1743599719.756289,0.0,1.0,284.0,,0.004208107149751256,-0.157,0.15659461417211773,0.03333333333333333,0.0,-0.06666666666666667
1743599719.7764468,0.0,1.0,284.0,,0.004208107149751256,-0.157,0.15659461417211773,0.03333333333333333,0.0,-0.06666666666666667
1743599719.7966342,0.0,1.0,284.0,,0.6412081071497513,-0.245,0.1768248032546449,0.0,-0.03333333333333333,-0.1
1743599719.8172283,0.0,1.0,284.0,,0.8562081071497514,-0.029,0.14728098771484,0.06666666666666667,0.0,-0.03333333333333333
1743599719.837551,0.0,1.0,284.0,,0.8562081071497514,-0.029,0.14728098771484,0.06666666666666667,0.0,-0.03333333333333333
1743599719.8607492,0.0,1.0,285.0,,-0.07379189285024873,-0.049,0.11710759638603818,0.06666666666666667,0.0,-0.03333333333333333
1743599719.881004,0.0,1.0,285.0,,0.17120810714975127,-0.118,0.1346906132913297,0.06666666666666667,0.0,-0.03333333333333333
1743599719.9011598,0.0,1.0,285.0,,0.19920810714975126,-0.069,0.16327344549036837,0.06666666666666667,0.0,-0.0
1743599719.9213595,0.0,1.0,285.0,,0.6902081071497512,-0.245,0.11142643462452284,0.06666666666666667,0.0,-0.0
1743599719.9419763,0.0,1.0,285.0,,0.4452081071497513,-0.186,0.09048957242388589,0.03333333333333333,0.0,-0.06666666666666667
1743599719.9623425,0.0,1.0,285.0,,0.19920810714975126,0.0,0.17303858605418476,0.06666666666666667,0.0,-0.03333333333333333
1743599719.9825273,0.0,1.0,285.0,,-0.12279189285024872,0.264,0.19066002623698175,0.03333333333333333,0.0,-0.03333333333333333
1743599720.0031364,0.0,1.0,285.0,,0.32720810714975124,0.019,0.09623450334036932,0.03333333333333333,0.0,-0.0
1743599720.0233934,0.0,1.0,285.0,,0.27820810714975125,-0.108,0.1051532432318023,0.03333333333333333,0.0,-0.0
1743599720.0435636,0.0,1.0,285.0,,-0.15279189285024875,-0.275,0.14294628087858108,0.06666666666666667,0.0,-0.13333333333333333
1743599720.063912,0.0,1.0,285.0,,-0.03479189285024872,-0.206,0.16718286621204648,0.03333333333333333,0.0,-0.1
1743599720.0843196,0.0,1.0,285.0,,0.4052081071497513,-0.186,0.1674035117131325,0.03333333333333333,0.0,-0.06666666666666667
1743599720.1045306,0.0,1.0,285.0,,0.22920810714975126,-0.167,0.11555615862736524,0.03333333333333333,0.0,-0.1
1743599720.1247258,0.0,1.0,285.0,,0.06320810714975127,0.254,0.15776151414890904,0.06666666666666667,0.0,-0.13333333333333333
1743599720.1462333,0.0,0.0,285.0,,-0.147,0.107,0.17462661741403984,0.03333333333333333,0.0,-0.13333333333333333
1743599720.1664052,0.0,1.0,286.0,,0.22920810714975126,-0.324,0.06045596076185156,0.03333333333333333,0.0,-0.1
1743599720.1866136,0.0,1.0,286.0,,0.35620810714975126,-0.471,0.10777711631745746,0.03333333333333333,0.0,-0.03333333333333333
1743599720.206812,0.0,0.0,286.0,,0.323,-0.226,0.10276031715973843,0.03333333333333333,0.0,-0.0
1743599720.2304058,0.0,0.0,286.0,,0.529,0.038,0.19678724536577263,0.03333333333333333,0.0,-0.0
1743599720.2505953,0.0,0.0,286.0,,0.185,0.107,0.14626028222768106,0.06666666666666667,0.0,-0.0
1743599720.2707932,0.0,0.0,286.0,,0.185,0.107,0.14626028222768106,0.06666666666666667,0.0,-0.0
1743599720.2909913,0.0,0.0,285.0,,0.548,-0.49,0.16069682957144238,0.03333333333333333,0.0,0.03333333333333333
1743599720.3132699,0.0,0.0,285.0,,0.548,-0.49,0.16069682957144238,0.03333333333333333,0.0,0.03333333333333333
1743599720.3334796,0.0,0.0,285.0,,0.185,-0.245,0.10870013505841314,0.06666666666666667,0.0,-0.03333333333333333
1743599720.3537114,0.0,0.0,285.0,,0.185,-0.245,0.10870013505841314,0.06666666666666667,0.0,-0.03333333333333333
1743599720.3739908,0.0,0.0,284.0,,-0.637,0.107,0.17454794698644882,0.03333333333333333,0.0,-0.2
1743599720.3942392,0.0,0.0,284.0,,-0.637,0.107,0.17454794698644882,0.03333333333333333,0.0,-0.2
1743599720.4145153,0.0,0.0,283.0,,0.303,-0.206,0.14065231754429064,0.03333333333333333,0.0,0.2
1743599720.434923,0.0,0.0,283.0,,0.303,-0.206,0.14065231754429064,0.03333333333333333,0.0,0.2
1743599720.4551673,0.0,0.0,281.0,,-0.324,0.185,0.15088380852007433,0.03333333333333333,0.0,0.03333333333333333
1743599720.4773538,0.0,0.0,281.0,,-0.51,0.019,0.14689444220991987,0.03333333333333333,0.0,-0.0
1743599720.4977396,0.0,0.0,281.0,,-0.51,0.019,0.14689444220991987,0.03333333333333333,0.0,-0.0
1743599720.5183523,0.0,0.0,281.0,,0.215,-0.167,0.09870326109482797,0.06666666666666667,0.0,0.13333333333333333
1743599720.5394633,0.0,0.0,280.0,,0.126,-0.108,0.14536306683747569,0.03333333333333333,0.0,-0.0
1743599720.560011,0.0,0.0,280.0,,-0.206,-0.078,0.15639625602584495,0.06666666666666667,0.0,-0.13333333333333333
1743599720.585314,0.0,0.0,280.0,,-0.353,0.126,0.1209892590168149,0.03333333333333333,0.0,-0.26666666666666666
1743599720.6055956,0.0,0.0,280.0,,0.117,-0.108,0.10526498836208198,0.03333333333333333,0.0,-0.1
1743599720.6258216,0.0,0.0,279.0,,0.627,-0.177,0.2137412132927956,0.06666666666666667,0.0,0.06666666666666667
1743599720.648601,0.0,0.0,279.0,,0.47,-0.088,0.08645734840081865,0.06666666666666667,0.0,0.06666666666666667
1743599720.6688309,0.0,0.0,279.0,,-0.078,0.234,0.18598701945579954,0.03333333333333333,0.0,0.03333333333333333
1743599720.6890037,0.0,0.0,278.0,,-0.245,-0.216,0.08035078259673689,0.03333333333333333,0.0,-0.0
1743599720.709188,0.0,0.0,278.0,,-0.02,-0.177,0.12557667570174402,0.03333333333333333,0.0,-0.06666666666666667
1743599720.7305882,0.0,0.0,278.0,,0.038,-0.049,0.16318961431703904,0.06666666666666667,0.0,-0.0
1743599720.7507713,0.0,0.0,278.0,,0.303,-0.088,0.14892460013402875,0.0,0.0,0.03333333333333333
1743599720.7709367,0.0,0.0,278.0,,-0.157,-0.029,0.1642568219082765,0.03333333333333333,0.0,-0.03333333333333333
1743599720.791098,0.0,0.0,278.0,,-0.157,-0.029,0.1642568219082765,0.03333333333333333,0.0,-0.03333333333333333
1743599720.8112874,0.0,0.0,278.0,,0.303,-0.098,0.0601073920815125,0.03333333333333333,-0.03333333333333333,0.06666666666666667
1743599720.8314726,0.0,0.0,278.0,,0.146,-0.333,0.1305645126323025,0.03333333333333333,0.0,-0.0
1743599720.851623,0.0,0.0,278.0,,0.146,-0.333,0.1305645126323025,0.03333333333333333,0.0,-0.0
1743599720.8719075,0.0,0.0,277.0,,0.126,-0.343,0.14061667507044362,0.03333333333333333,0.0,-0.03333333333333333
1743599720.8920896,0.0,0.0,278.0,,0.185,0.048,0.10582245968825355,0.03333333333333333,0.0,-0.1
1743599720.9123223,0.0,0.0,278.0,,0.185,0.048,0.10582245968825355,0.03333333333333333,0.0,-0.1
1743599720.933051,0.0,0.0,278.0,,0.303,-0.196,0.11049238475971102,0.06666666666666667,0.0,-0.06666666666666667
1743599720.9535713,0.0,0.0,278.0,,-0.108,0.234,0.17626737307421436,0.03333333333333333,0.0,-0.0
1743599720.9737895,0.0,0.0,278.0,,-0.108,0.234,0.17626737307421436,0.03333333333333333,0.0,-0.0
1743599720.9939795,0.0,0.0,278.0,,-0.059,-0.363,0.1407020678473323,0.06666666666666667,0.0,0.03333333333333333
1743599721.01445,0.0,0.0,277.0,,-0.137,-0.216,0.11725681371557428,0.03333333333333333,0.0,-0.06666666666666667
1743599721.0350773,0.0,0.0,277.0,,-0.137,-0.216,0.11725681371557428,0.03333333333333333,0.0,-0.06666666666666667
1743599721.055242,0.0,0.0,277.0,,0.038,0.019,0.15408917494670504,0.03333333333333333,0.0,-0.03333333333333333
1743599721.0755057,0.0,0.0,277.0,,0.205,0.038,0.09717252815828736,0.06666666666666667,0.0,0.03333333333333333
1743599721.0957792,0.0,0.0,277.0,,0.205,0.038,0.09717252815828736,0.06666666666666667,0.0,0.03333333333333333
1743599721.1163983,0.0,0.0,276.0,,0.048,-0.265,0.09862410713479797,0.03333333333333333,0.0,0.06666666666666667
1743599721.1365638,0.0,0.0,276.0,,0.117,-0.098,0.14515290255281954,0.06666666666666667,0.0,0.1
1743599721.1568453,0.0,0.0,276.0,,0.117,-0.098,0.14515290255281954,0.06666666666666667,0.0,0.1
1743599721.177207,0.0,0.0,276.0,,0.068,-0.069,0.09546917317375758,0.03333333333333333,0.0,-0.0
1743599721.197494,0.0,0.0,276.0,,0.009,-0.177,0.11556397414848973,0.06666666666666667,0.0,-0.0
1743599721.217682,0.0,0.0,276.0,,0.009,-0.177,0.11556397414848973,0.06666666666666667,0.0,-0.0
1743599721.2378728,0.0,0.0,276.0,,0.48,-0.137,0.10743362555693281,0.03333333333333333,0.0,0.13333333333333333
1743599721.258232,0.0,0.0,276.0,,0.185,0.0,0.10570754138016625,0.06666666666666667,0.0,0.3
1743599721.2786887,0.0,0.0,275.0,,0.068,0.009,0.18323109551573324,0.06666666666666667,0.0,0.3
1743599721.298911,0.0,0.0,275.0,,-0.343,-0.069,0.1200908483101788,0.06666666666666667,0.0,0.1
1743599721.3191266,0.0,0.0,274.0,,-0.118,-0.206,0.17577270521734434,0.03333333333333333,0.0,-0.0
1743599721.3394632,0.0,0.0,274.0,,0.019,-0.294,0.10832870880539325,0.03333333333333333,0.0,-0.03333333333333333
1743599721.3598654,0.0,0.0,274.0,,0.048,-0.01,0.14411900639497865,0.03333333333333333,0.0,0.06666666666666667
1743599721.3800628,0.0,0.0,273.0,,0.068,0.205,0.10632717456411989,0.03333333333333333,0.0,0.13333333333333333
1743599721.4002385,0.0,0.0,273.0,,0.215,0.009,0.1752782575948153,0.06666666666666667,0.0,0.13333333333333333
1743599721.4205751,0.0,0.0,273.0,,-0.069,-0.088,0.07562766466210391,0.03333333333333333,0.0,-0.0
1743599721.440872,0.0,0.0,273.0,,-0.069,-0.088,0.07562766466210391,0.03333333333333333,0.0,-0.0
1743599721.4610837,0.0,0.0,273.0,,0.342,-0.373,0.14667861802935533,0.03333333333333333,0.0,-0.06666666666666667
1743599721.4815748,0.0,0.0,272.0,,0.489,-0.284,0.24751723772987333,0.06666666666666667,0.0,-0.1
1743599721.5019367,0.0,0.0,272.0,,0.499,-0.186,0.06926259468690787,0.03333333333333333,0.0,-0.06666666666666667
1743599721.5223997,0.0,0.0,273.0,,0.068,0.009,0.16323202329686382,0.03333333333333333,0.0,-0.1
1743599721.542794,0.0,0.0,273.0,,-0.177,0.038,0.07664472249546606,0.06666666666666667,0.0,-0.1
1743599721.5631423,0.0,0.0,273.0,,0.038,-0.02,0.20309021224806223,0.03333333333333333,0.0,-0.03333333333333333
1743599721.5837295,0.0,0.0,273.0,,0.332,0.146,0.08159637431521638,0.03333333333333333,0.0,-0.0
1743599721.6040337,0.0,0.0,273.0,,0.332,0.146,0.08159637431521638,0.03333333333333333,0.0,-0.0
1743599721.6243725,0.0,0.0,273.0,,0.274,-0.196,0.09068061439926645,0.06666666666666667,0.0,-0.1
1743599721.6447804,0.0,0.0,273.0,,0.117,-0.265,0.10818502085812476,0.06666666666666667,0.0,-0.1
1743599721.6649585,0.0,0.0,273.0,,0.038,-0.01,0.1930756869045922,0.03333333333333333,0.0,-0.0
1743599721.6863878,0.0,0.0,273.0,,0.009,0.028,0.20304231787746474,0.06666666666666667,0.0,-0.0
1743599721.7065384,0.0,0.0,273.0,,0.009,0.028,0.20304231787746474,0.06666666666666667,0.0,-0.0
1743599721.7267025,0.0,0.0,273.0,,-0.049,0.038,0.13419072185380188,0.03333333333333333,0.0,-0.1
1743599721.7469149,0.0,0.0,273.0,,0.107,-0.177,0.13612127207030156,0.03333333333333333,0.0,-0.03333333333333333
1743599721.7674594,0.0,0.0,273.0,,0.264,-0.157,0.13867654408617902,0.06666666666666667,0.0,0.06666666666666667
1743599721.787883,0.0,0.0,273.0,,0.048,0.087,0.14448872034765614,0.03333333333333333,0.0,0.13333333333333333
1743599721.8081517,0.0,0.0,273.0,,-0.186,-0.01,0.1357206079270128,0.06666666666666667,0.0,0.06666666666666667
1743599721.8285627,0.0,0.0,272.0,,-0.294,-0.049,0.1873606524373823,0.06666666666666667,0.0,-0.06666666666666667
1743599721.8491604,0.0,0.0,272.0,,-0.167,-0.196,0.08831996255504215,0.03333333333333333,0.0,-0.16666666666666666
1743599721.869418,0.0,0.0,272.0,,0.293,-0.324,0.1823784056082456,0.0,-0.03333333333333333,-0.0
1743599721.8897195,0.0,0.0,272.0,,0.48,-0.186,0.06832902318075718,0.03333333333333333,0.0,0.13333333333333333
1743599721.9100854,0.0,0.0,271.0,,-0.196,0.195,0.2557012711774682,0.03333333333333333,0.0,0.1
1743599721.9304404,0.0,0.0,271.0,,-0.196,0.195,0.2557012711774682,0.03333333333333333,0.0,0.1
1743599721.9511132,0.0,0.0,270.0,,-0.108,-0.078,0.07589079121948394,0.06666666666666667,0.0,0.06666666666666667
1743599721.9714935,0.0,0.0,270.0,,0.068,-0.206,0.1063476707254214,0.03333333333333333,0.0,0.06666666666666667
1743599721.9916897,0.0,0.0,270.0,,0.068,-0.206,0.1063476707254214,0.03333333333333333,0.0,0.06666666666666667
1743599722.011901,0.0,0.0,270.0,,-0.01,-0.127,0.16380025056605696,0.06666666666666667,0.0,0.06666666666666667
1743599722.0323806,0.0,0.0,270.0,,-0.167,-0.069,0.12562243062948042,0.06666666666666667,0.0,-0.0
1743599722.052757,0.0,0.0,270.0,,-0.167,-0.069,0.12562243062948042,0.06666666666666667,0.0,-0.0
1743599722.0731554,0.0,0.0,270.0,,0.019,-0.245,0.15698201468773298,0.03333333333333333,0.0,-0.06666666666666667
1743599722.0933876,0.0,0.0,270.0,,0.254,-0.147,0.14826078834075673,0.06666666666666667,0.0,-0.0
1743599722.113631,0.0,0.0,270.0,,0.254,-0.147,0.14826078834075673,0.06666666666666667,0.0,-0.0
1743599722.1339822,0.0,0.0,270.0,,-0.088,-0.01,0.09539214040760413,0.06666666666666667,0.0,-0.0
1743599722.1542768,0.0,0.0,270.0,,0.019,-0.353,0.13020560644245727,0.03333333333333333,0.0,-0.06666666666666667
1743599722.1746922,0.0,0.0,270.0,,0.019,-0.353,0.13020560644245727,0.03333333333333333,0.0,-0.06666666666666667
1743599722.195113,0.0,0.0,270.0,,0.234,-0.029,0.06779531338959544,0.06666666666666667,0.0,-0.16666666666666666
1743599722.2157423,0.0,0.0,270.0,,0.077,0.038,0.07537008827123692,0.06666666666666667,0.0,-0.1
1743599722.2359579,0.0,0.0,270.0,,0.077,0.038,0.07537008827123692,0.06666666666666667,0.0,-0.1
1743599722.25642,0.0,0.0,270.0,,0.058,0.176,0.16469307120406818,0.06666666666666667,0.0,-0.0
1743599722.2767928,0.0,0.0,270.0,,0.107,-0.294,0.12886165246240822,0.03333333333333333,0.0,-0.03333333333333333
1743599722.2973542,0.0,0.0,270.0,,0.107,-0.294,0.12886165246240822,0.03333333333333333,0.0,-0.03333333333333333
1743599722.3178267,0.0,0.0,270.0,,0.068,0.028,0.13426824747946142,0.03333333333333333,0.0,-0.06666666666666667
1743599722.3382416,0.0,0.0,270.0,,-0.01,0.068,0.14423385039002667,0.03333333333333333,0.0,-0.06666666666666667
1743599722.3588145,0.0,0.0,270.0,,0.077,0.068,0.13452342921472038,0.03333333333333333,0.0,-0.03333333333333333
1743599722.3794117,0.0,0.0,270.0,,0.254,-0.569,0.07451143979326247,0.06666666666666667,0.0,-0.0
1743599722.3996396,0.0,0.0,270.0,,0.185,-0.059,0.16485897853892517,0.03333333333333333,0.0,-0.03333333333333333
1743599722.4198265,0.0,0.0,270.0,,-0.029,-0.167,0.13542481271620765,0.03333333333333333,0.0,-0.13333333333333333
1743599722.4399924,0.0,0.0,270.0,,-0.039,0.156,0.1452797846081193,0.06666666666666667,0.0,-0.13333333333333333
1743599722.4602847,0.0,0.0,270.0,,0.156,-0.324,0.07149788419847702,0.03333333333333333,-0.03333333333333333,-0.06666666666666667
1743599722.4805744,0.0,0.0,270.0,,0.195,-0.275,0.24751235678040118,0.06666666666666667,0.0,-0.06666666666666667
1743599722.5021255,0.0,0.0,270.0,,0.381,-0.324,0.06758306829743255,0.03333333333333333,0.0,-0.03333333333333333
1743599722.522336,0.0,0.0,270.0,,0.283,0.283,0.16190404344799525,0.03333333333333333,0.0,0.26666666666666666
1743599722.5425584,0.0,0.0,270.0,,-0.029,0.048,0.14415568760938413,0.06666666666666667,0.0,0.3
1743599722.5627556,0.0,0.0,269.0,,0.0,-0.137,0.10493652661180164,0.03333333333333333,0.0,0.13333333333333333
1743599722.582935,0.0,0.0,268.0,,0.136,-0.167,0.12630470420621798,0.03333333333333333,0.0,0.03333333333333333
1743599722.6036096,0.0,0.0,268.0,,0.303,-0.216,0.07195733017544548,0.03333333333333333,0.0,0.06666666666666667
1743599722.6239064,0.0,0.0,267.0,,0.077,-0.353,0.13048182136293462,0.06666666666666667,0.0,-0.0
1743599722.6441143,0.0,0.0,267.0,,-0.029,0.313,0.23680264473609114,0.03333333333333333,0.0,-0.0
1743599722.6643353,0.0,0.0,267.0,,0.0,0.087,0.10437770662748669,0.03333333333333333,0.0,0.03333333333333333
1743599722.6845167,0.0,0.0,267.0,,0.058,-0.304,0.14873809588691955,0.06666666666666667,0.0,0.06666666666666667
1743599722.7046876,0.0,0.0,267.0,,0.156,-0.392,0.09390503758308455,0.06666666666666667,-0.03333333333333333,0.06666666666666667
1743599722.7252705,0.0,0.0,267.0,,0.195,-0.029,0.24388616044091727,0.06666666666666667,0.0,0.03333333333333333
1743599722.7457256,0.0,0.0,266.0,,0.274,0.077,0.0890555509663038,0.03333333333333333,0.0,0.1
1743599722.7661958,0.0,0.0,266.0,,-0.059,0.009,0.08517843887653953,0.03333333333333333,0.03333333333333333,0.1
1743599722.7874436,0.0,0.0,266.0,,-0.177,-0.304,0.1890725555709576,0.03333333333333333,0.0,0.1
1743599722.8076322,0.0,0.0,266.0,,-0.02,-0.059,0.08519441875005818,0.03333333333333333,0.0,0.03333333333333333
1743599722.8278227,0.0,0.0,266.0,,-0.029,-0.118,0.1147352755472415,0.06666666666666667,0.0,0.03333333333333333
1743599722.8480644,0.0,0.0,266.0,,0.058,-0.01,0.19316980289151608,0.03333333333333333,0.0,-0.0
1743599722.8694928,0.0,0.0,266.0,,0.048,-0.088,-0.02248550010009609,0.03333333333333333,0.0,-0.0
1743599722.8899508,0.0,0.0,266.0,,0.048,-0.088,-0.02248550010009609,0.03333333333333333,0.0,-0.0
1743599722.9106767,0.0,0.0,266.0,,0.156,-0.088,0.21356624809846103,0.03333333333333333,0.0,-0.0
1743599722.9309437,0.0,0.0,265.0,,0.136,-0.431,0.09521657929661664,0.0,0.0,0.06666666666666667
1743599722.9511278,0.0,0.0,265.0,,0.136,-0.431,0.09521657929661664,0.0,0.0,0.06666666666666667
1743599722.9715438,0.0,0.0,265.0,,-0.039,-0.333,0.13957123711567476,0.03333333333333333,0.0,-0.0
1743599722.9932573,0.0,0.0,265.0,,-0.01,0.244,0.08798619101793115,0.03333333333333333,0.0,-0.03333333333333333
1743599723.0134687,0.0,0.0,265.0,,-0.01,0.244,0.08798619101793115,0.03333333333333333,0.0,-0.03333333333333333
1743599723.033644,0.0,0.0,265.0,,0.028,-0.059,0.19320906610404265,0.03333333333333333,0.0,0.1
1743599723.0538208,0.0,0.0,265.0,,0.028,-0.255,0.1272693306569117,0.03333333333333333,0.0,0.16666666666666666
1743599723.0741239,0.0,0.0,265.0,,0.107,-0.392,0.10324448570595912,0.06666666666666667,0.0,0.1
1743599723.0954258,0.0,0.0,264.0,,-0.029,0.068,0.1632695005421656,0.03333333333333333,0.0,-0.0
1743599723.1158276,0.0,0.0,264.0,,-0.294,0.195,0.2180723963765665,0.03333333333333333,0.0,-0.23333333333333334
1743599723.13725,0.0,0.0,264.0,,-0.294,0.195,0.2180723963765665,0.03333333333333333,0.0,-0.23333333333333334
1743599723.157705,0.0,0.0,264.0,,0.303,-0.588,-0.010624610220052233,0.03333333333333333,0.0,-0.0
1743599723.1780803,0.0,0.0,263.0,,0.195,-0.206,0.16696560449249276,0.06666666666666667,0.0,0.06666666666666667
1743599723.2006423,0.0,0.0,263.0,,0.303,0.117,0.12923946431952693,0.06666666666666667,0.0,-0.0
1743599723.2208362,0.0,0.0,262.0,,-0.01,0.283,0.11799130750680575,0.06666666666666667,0.0,-0.06666666666666667
1743599723.241021,0.0,0.0,262.0,,-0.127,0.225,0.18627722954553327,0.03333333333333333,0.0,-0.13333333333333333
1743599723.261227,0.0,0.0,262.0,,0.362,-0.53,0.1444113533278255,0.03333333333333333,0.0,-0.0
1743599723.2829218,0.0,0.0,262.0,,0.499,-0.5,0.15865915995109603,0.1,-0.03333333333333333,0.1
1743599723.3031442,0.0,0.0,262.0,,0.293,-0.078,0.09959299950794254,0.03333333333333333,0.0,0.06666666666666667
1743599723.3233113,0.0,0.0,262.0,,-0.108,0.107,0.08615767552610976,0.03333333333333333,0.03333333333333333,-0.0
1743599723.3435001,0.0,0.0,262.0,,-0.196,0.519,0.11932353073879653,0.03333333333333333,0.0,-0.1
1743599723.365406,0.0,0.0,262.0,,0.058,0.244,0.255045921647179,0.03333333333333333,0.0,-0.06666666666666667
1743599723.3858724,0.0,0.0,262.0,,0.058,0.244,0.255045921647179,0.03333333333333333,0.0,-0.06666666666666667
1743599723.4063303,0.0,0.0,262.0,,0.47,-0.667,0.11818455677880735,0.03333333333333333,0.0,-0.0
1743599723.4265926,0.0,0.0,262.0,,0.332,-0.059,0.09069126641107772,0.03333333333333333,0.0,-0.0
1743599723.4467824,0.0,0.0,262.0,,0.156,0.009,0.1941967165651004,0.06666666666666667,0.0,0.03333333333333333
1743599723.4669578,0.0,0.0,262.0,,-0.118,0.068,0.1839109275350257,0.03333333333333333,0.0,-0.0
1743599723.48714,0.0,0.0,262.0,,-0.078,0.195,0.0872089603440358,0.03333333333333333,0.0,-0.13333333333333333
1743599723.5075994,0.0,0.0,262.0,,0.068,-0.226,0.0977835586210194,0.03333333333333333,0.0,-0.1
1743599723.5279734,0.0,0.0,262.0,,0.068,-0.588,0.2001644812904324,0.03333333333333333,0.0,-0.03333333333333333
1743599723.548397,0.0,0.0,262.0,,-0.147,-0.137,0.15599426988316445,0.06666666666666667,0.0,-0.0
1743599723.568828,0.0,0.0,262.0,,-0.118,0.195,0.05761726800086464,0.06666666666666667,0.0,-0.06666666666666667
1743599723.592378,0.0,0.0,262.0,,0.087,-0.118,0.16405977588386023,0.03333333333333333,0.0,-0.13333333333333333
1743599723.612548,0.0,0.0,262.0,,0.087,-0.118,0.16405977588386023,0.03333333333333333,0.0,-0.13333333333333333
1743599723.6336176,0.0,0.0,262.0,,0.097,-0.451,0.07568677630082021,0.03333333333333333,0.0,0.06666666666666667
1743599723.6538188,0.0,0.0,262.0,,-0.235,-0.108,0.10733637061275303,0.03333333333333333,0.0,-0.26666666666666666
1743599723.6739976,0.0,0.0,262.0,,-0.235,-0.108,0.10733637061275303,0.03333333333333333,0.0,-0.26666666666666666
1743599723.6941977,0.0,0.0,261.0,,0.117,0.45,0.12474941456105881,0.03333333333333333,0.0,-0.3333333333333333
1743599723.7145047,1.0,0.0,261.0,,0.264,0.013791892850248733,0.1591301978208879,0.03333333333333333,0.0,-0.16666666666666666
1743599723.7348127,1.0,0.0,261.0,,0.264,0.013791892850248733,0.1591301978208879,0.03333333333333333,0.0,-0.16666666666666666
1743599723.755179,1.0,0.0,261.0,,0.234,-0.9852081071497512,0.1306688172911521,0.06666666666666667,0.0,-0.0
1743599723.7755308,1.0,0.0,260.0,,-0.147,-0.4362081071497513,0.13855216409879567,0.03333333333333333,0.0,-0.03333333333333333
1743599723.7961597,1.0,0.0,260.0,,-0.147,-0.4362081071497513,0.13855216409879567,0.03333333333333333,0.0,-0.03333333333333333
1743599723.8179257,2.0,0.0,259.0,,-0.147,0.21563593734846553,0.09167195267299988,0.03333333333333333,0.0,-0.03333333333333333
1743599723.8381324,2.0,0.0,259.0,,-0.01,-0.1763640626515345,0.15536606139601794,0.0,0.0,-0.0
1743599723.858346,2.0,0.0,259.0,,-0.01,-0.1763640626515345,0.15536606139601794,0.0,0.0,-0.0
1743599723.8786557,2.0,0.0,259.0,,0.225,-0.7243640626515345,0.1636961240107393,0.03333333333333333,0.0,0.1
1743599723.8989384,2.0,0.0,259.0,,0.0,-0.3143640626515345,0.11403904621760574,0.03333333333333333,0.0,0.03333333333333333
1743599723.9194307,2.0,0.0,259.0,,0.0,-0.3143640626515345,0.11403904621760574,0.03333333333333333,0.0,0.03333333333333333
1743599723.9397519,2.0,0.0,258.0,,-0.275,-0.059364062651534544,0.1616840244365978,0.06666666666666667,0.0,-0.0
1743599723.9599774,2.0,0.0,258.0,,0.244,-0.5193640626515346,0.1774690647741508,0.06666666666666667,0.0,0.03333333333333333
1743599723.9801545,2.0,0.0,258.0,,0.381,-0.7933640626515346,0.1512444960674344,0.03333333333333333,0.0,0.2
1743599724.0003603,1.0,0.0,258.0,,0.058,-0.32820810714975124,0.1253920597390792,0.06666666666666667,0.0,0.13333333333333333
1743599724.020844,1.0,0.0,257.0,,-0.108,-0.09420810714975127,0.11487608697344598,0.06666666666666667,0.0,-0.0
1743599724.0411704,1.0,0.0,257.0,,0.215,-0.05420810714975126,0.13697062474060395,0.06666666666666667,0.0,-0.0
1743599724.0614944,1.0,0.0,257.0,,0.313,-0.2692081071497513,0.13933170229923952,0.06666666666666667,0.0,0.03333333333333333
1743599724.0817463,1.0,0.0,257.0,,0.107,-0.5142081071497513,0.1204233014863032,0.06666666666666667,0.0,0.06666666666666667
1743599724.102629,1.0,0.0,257.0,,-0.039,-0.6222081071497513,0.21300999928460662,0.03333333333333333,0.0,0.03333333333333333
1743599724.1227934,1.0,0.0,257.0,,0.146,-0.3972081071497513,0.0396607222391836,0.06666666666666667,0.0,-0.0
1743599724.1430285,1.0,0.0,257.0,,0.126,-0.0052081071497512565,0.16514118896562735,0.03333333333333333,0.0,-0.03333333333333333
1743599724.1632228,1.0,0.0,257.0,,0.019,-0.045208107149751264,0.12480694308207774,0.06666666666666667,0.0,-0.0
1743599724.1834075,1.0,0.0,257.0,,-0.029,-0.47520810714975126,0.1675958256089487,0.06666666666666667,0.0,-0.0
1743599724.2037213,1.0,0.0,257.0,,0.087,-0.45520810714975124,0.040460820136937414,0.03333333333333333,0.0,0.06666666666666667
1743599724.2241051,0.0,0.0,256.0,,0.097,-0.069,0.21269191718288205,0.03333333333333333,0.0,0.13333333333333333
1743599724.2444715,0.0,0.0,256.0,,-0.039,-0.02,0.154094905774242,0.03333333333333333,0.0,0.1
1743599724.2673776,0.0,0.0,256.0,,-0.059,0.303,0.08977021420572129,0.03333333333333333,0.0,0.06666666666666667
1743599724.2876716,0.0,0.0,256.0,,-0.059,0.303,0.08977021420572129,0.03333333333333333,0.0,0.06666666666666667
1743599724.307991,0.0,0.0,256.0,,0.283,-0.226,0.1604738029084487,0.03333333333333333,0.0,0.03333333333333333
1743599724.3282201,0.0,0.0,256.0,,0.087,-0.216,0.1466832743919202,0.06666666666666667,0.0,0.06666666666666667
1743599724.3484042,0.0,0.0,256.0,,-0.029,0.028,0.13408060552167633,0.03333333333333333,0.0,0.03333333333333333
1743599724.3685842,0.0,0.0,256.0,,-0.147,0.313,0.14991428355913072,0.03333333333333333,0.0,-0.03333333333333333
1743599724.389025,0.0,0.0,256.0,,0.019,0.068,0.08524972153399091,0.03333333333333333,0.0,-0.0
1743599724.4092455,0.0,0.0,256.0,,0.391,-0.275,0.16526990595665758,0.03333333333333333,0.0,0.06666666666666667
1743599724.4295094,0.0,0.0,255.0,,0.313,-0.382,0.16602739704738134,0.06666666666666667,0.0,0.06666666666666667
1743599724.4516208,0.0,0.0,255.0,,0.352,-0.392,0.08890371982316303,0.06666666666666667,0.0,0.1
1743599724.471913,0.0,0.0,255.0,,0.166,-0.127,0.12617059541612896,0.03333333333333333,0.0,0.03333333333333333
1743599724.492204,0.0,0.0,255.0,,-0.059,0.097,0.12464062085853911,0.03333333333333333,0.0,0.06666666666666667
1743599724.5125163,0.0,0.0,255.0,,-0.059,0.097,0.12464062085853911,0.03333333333333333,0.0,0.06666666666666667
1743599724.532865,0.0,0.0,255.0,,0.117,0.028,0.07572643370271592,0.03333333333333333,0.0,0.03333333333333333
1743599724.553205,0.0,0.0,255.0,,0.176,-0.647,0.22492122368073098,0.03333333333333333,0.0,-0.1
1743599724.573391,0.0,0.0,255.0,,0.176,-0.647,0.22492122368073098,0.03333333333333333,0.0,-0.1
1743599724.5937135,0.0,0.0,255.0,,0.215,-0.588,0.08465665785705312,0.03333333333333333,0.0,-0.0
1743599724.6141481,0.0,0.0,255.0,,0.068,0.283,0.08924107324880737,0.06666666666666667,0.0,0.06666666666666667
1743599724.6367478,0.0,0.0,255.0,,0.068,0.283,0.08924107324880737,0.06666666666666667,0.0,0.06666666666666667
1743599724.6569452,0.0,0.0,255.0,,-0.098,0.283,0.1774114605106245,0.06666666666666667,0.0,0.06666666666666667
1743599724.677128,0.0,0.0,255.0,,0.313,-0.137,0.13978555067866694,0.03333333333333333,0.0,-0.03333333333333333
1743599724.6973286,0.0,0.0,255.0,,0.313,-0.137,0.13978555067866694,0.03333333333333333,0.0,-0.03333333333333333
1743599724.7174945,0.0,0.0,255.0,,0.019,-0.108,0.24258368747654124,0.03333333333333333,0.0,-0.0
1743599724.737774,0.0,0.0,255.0,,0.136,-0.029,0.06597249934375249,0.06666666666666667,0.0,0.03333333333333333
1743599724.757994,0.0,0.0,255.0,,0.136,-0.029,0.06597249934375249,0.06666666666666667,0.0,0.03333333333333333
1743599724.7784798,0.0,0.0,255.0,,0.048,0.126,0.11490531404487037,0.06666666666666667,0.0,-0.1
1743599724.798664,0.0,0.0,255.0,,0.097,-0.137,0.13539744311747093,0.03333333333333333,0.03333333333333333,-0.16666666666666666
1743599724.8189595,0.0,0.0,255.0,,0.097,-0.137,0.13539744311747093,0.03333333333333333,0.03333333333333333,-0.16666666666666666
1743599724.839214,0.0,0.0,255.0,,0.0,-0.324,0.12921356031686138,0.03333333333333333,0.0,-0.0
1743599724.859547,0.0,0.0,255.0,,-0.069,0.195,0.07714706283965533,0.03333333333333333,0.0,-0.0
1743599724.8797417,0.0,0.0,255.0,,0.038,0.225,0.20554636523985614,0.03333333333333333,-0.03333333333333333,-0.0
1743599724.9000523,0.0,0.0,255.0,,0.038,0.225,0.20554636523985614,0.03333333333333333,-0.03333333333333333,-0.0
1743599724.9203866,0.0,0.0,255.0,,-0.108,-0.382,0.1517920047360839,0.03333333333333333,0.0,-0.0
1743599724.9433866,0.0,0.0,255.0,,0.195,-0.726,0.12313098464393946,0.03333333333333333,0.0,0.1
1743599724.963567,0.0,0.0,255.0,,0.117,-0.255,0.2158417316493324,0.03333333333333333,0.0,0.1
1743599724.9837456,0.0,0.0,254.0,,-0.01,0.117,0.006701869020504958,0.03333333333333333,0.0,-0.0
1743599725.004125,0.0,0.0,254.0,,-0.078,0.45,0.15430954968003086,0.03333333333333333,0.0,-0.0
1743599725.024326,0.0,0.0,254.0,,0.146,0.107,0.12562814374052778,0.06666666666666667,0.0,0.03333333333333333
1743599725.0446365,0.0,0.0,254.0,,0.126,-0.216,0.13710036752397947,0.06666666666666667,0.0,0.1
1743599725.0649025,0.0,0.0,254.0,,0.028,-0.451,0.1730540990000069,0.03333333333333333,0.0,0.03333333333333333
1743599725.0851061,0.0,0.0,254.0,,0.136,-0.167,0.13630007279977008,0.03333333333333333,0.0,-0.0
1743599725.1053169,0.0,0.0,254.0,,0.0,0.097,0.046475061179679145,0.06666666666666667,0.0,-0.0
1743599725.1283698,0.0,0.0,254.0,,-0.127,0.009,0.1837961178882228,0.06666666666666667,0.0,-0.0
1743599725.1485705,0.0,0.0,254.0,,0.048,0.185,0.14580784610427244,0.03333333333333333,0.0,-0.0
1743599725.168764,0.0,0.0,254.0,,0.068,-0.284,0.14821901134389392,0.03333333333333333,0.0,-0.0
1743599725.1891456,0.0,0.0,254.0,,0.195,-0.118,0.0776066920645988,0.06666666666666667,0.0,0.13333333333333333
1743599725.2094393,0.0,0.0,254.0,,-0.078,-0.059,0.10447730332557548,0.03333333333333333,0.0,0.03333333333333333
1743599725.2300293,0.0,0.0,254.0,,-0.147,0.028,0.1451083640023807,0.03333333333333333,0.0,-0.03333333333333333
1743599725.2505372,0.0,0.0,254.0,,-0.02,0.264,0.12748219149406914,0.03333333333333333,0.0,-0.13333333333333333
1743599725.2708774,0.0,0.0,254.0,,0.0,-0.314,0.09992563425853795,0.03333333333333333,0.0,0.1
1743599725.291116,0.0,0.0,254.0,,0.0,-0.314,0.09992563425853795,0.03333333333333333,0.0,0.1
1743599725.311366,0.0,0.0,254.0,,0.0,-0.373,0.22877378842611762,0.03333333333333333,0.0,0.13333333333333333
1743599725.3346288,0.0,0.0,253.0,,0.019,0.009,0.13402192489861875,0.0,0.0,-0.1
1743599725.354883,0.0,0.0,253.0,,0.019,0.009,0.13402192489861875,0.0,0.0,-0.1
1743599725.375153,0.0,0.0,253.0,,0.0,-0.265,0.09850904332292032,0.06666666666666667,0.0,-0.0
1743599725.3954222,0.0,0.0,253.0,,0.068,-0.451,0.20318163384475874,0.03333333333333333,0.0,0.03333333333333333
1743599725.4156938,0.0,0.0,253.0,,0.068,-0.451,0.20318163384475874,0.03333333333333333,0.0,0.03333333333333333
1743599725.436028,0.0,0.0,253.0,,0.391,-0.02,0.14159452395930572,0.06666666666666667,0.0,-0.13333333333333333
1743599725.4562826,0.0,0.0,253.0,,0.117,0.019,0.08570378013104651,0.03333333333333333,0.0,-0.1
1743599725.476476,0.0,0.0,253.0,,0.117,0.019,0.08570378013104651,0.03333333333333333,0.0,-0.1
1743599725.4983704,0.0,0.0,254.0,,0.0,-0.304,0.11859946324554471,0.03333333333333333,0.0,-0.23333333333333334
1743599725.5185628,0.0,0.0,254.0,,0.205,-0.314,0.12099601790673198,0.03333333333333333,0.0,-0.06666666666666667
1743599725.5423973,0.0,0.0,254.0,,0.362,0.019,0.2094223774119861,0.06666666666666667,0.0,0.06666666666666667
1743599725.5626132,0.0,0.0,254.0,,0.244,0.077,0.07828455607112694,0.03333333333333333,0.0,0.1
1743599725.5828865,0.0,0.0,254.0,,-0.078,-0.088,0.12468723367645751,0.03333333333333333,0.0,0.06666666666666667
1743599725.6032577,0.0,0.0,254.0,,-0.049,-0.422,0.12297656539602464,0.06666666666666667,0.0,-0.0
1743599725.6234503,0.0,0.0,254.0,,0.283,-0.471,0.1389727578862736,0.03333333333333333,0.0,-0.03333333333333333
1743599725.643668,0.0,0.0,254.0,,0.244,-0.177,0.13850416434329915,0.03333333333333333,0.0,-0.03333333333333333
1743599725.6638732,0.0,0.0,254.0,,0.087,0.274,0.09912926125666743,0.06666666666666667,0.0,-0.0
1743599725.6845543,0.0,0.0,254.0,,-0.069,-0.167,0.13561916994285816,0.03333333333333333,0.0,0.1
1743599725.7048714,0.0,0.0,253.0,,0.068,-0.029,0.20326735172565868,0.06666666666666667,0.0,0.13333333333333333
1743599725.7253687,0.0,0.0,253.0,,0.185,-0.039,0.02781179516263599,0.03333333333333333,0.0,-0.0
1743599725.7455788,0.0,0.0,253.0,,0.0,-0.353,0.18911491512781708,0.03333333333333333,0.0,-0.1
1743599725.76586,0.0,0.0,253.0,,0.048,-0.294,0.10842554384165837,0.03333333333333333,0.0,-0.0
1743599725.7861764,0.0,0.0,253.0,,-0.039,0.0,0.15407514425757718,0.03333333333333333,0.0,-0.03333333333333333
1743599725.8064103,0.0,0.0,253.0,,0.077,0.264,0.18671249637710297,0.03333333333333333,0.0,-0.03333333333333333
1743599725.8266168,0.0,0.0,253.0,,0.048,0.274,0.1668138427276329,0.06666666666666667,0.0,-0.0
1743599725.8468935,0.0,0.0,253.0,,0.097,0.0,0.046475061179679145,0.03333333333333333,0.0,0.03333333333333333
1743599725.8670902,0.0,0.0,253.0,,0.234,-0.402,0.06588675356983842,0.03333333333333333,0.0,-0.06666666666666667
1743599725.8873994,0.0,0.0,253.0,,0.176,-0.441,0.17409975828238444,0.03333333333333333,0.0,-0.2
1743599725.90856,0.0,0.0,253.0,,0.166,0.058,0.19451536524032065,0.06666666666666667,0.0,-0.13333333333333333
1743599725.9287689,0.0,0.0,254.0,,0.156,0.058,0.017406927845268427,0.03333333333333333,0.0,-0.03333333333333333
1743599725.9504597,0.0,0.0,254.0,,-0.167,-0.029,0.2623891117758621,0.03333333333333333,0.0,0.03333333333333333
1743599725.9706361,0.0,0.0,254.0,,0.107,-0.412,0.15295756570423258,0.06666666666666667,0.0,0.23333333333333334
1743599725.9911642,0.0,0.0,253.0,,0.313,-0.235,0.06271212789130942,0.03333333333333333,0.0,0.2
1743599726.0117328,0.0,0.0,253.0,,0.107,-0.137,0.08651346582725594,0.03333333333333333,0.0,0.1
1743599726.032411,0.0,0.0,253.0,,-0.098,0.038,0.203540453525898,0.03333333333333333,0.0,0.03333333333333333
1743599726.0526102,0.0,0.0,253.0,,0.234,0.195,0.26548389085557567,0.03333333333333333,0.0,-0.03333333333333333
1743599726.072824,0.0,0.0,253.0,,0.234,0.195,0.26548389085557567,0.03333333333333333,0.0,-0.03333333333333333
1743599726.093358,0.0,0.0,253.0,,0.146,-0.069,0.027321818467285652,0.06666666666666667,0.0,-0.0
1743599726.113749,0.0,0.0,253.0,,0.019,-0.029,0.2030588045785926,0.03333333333333333,0.0,0.06666666666666667
1743599726.1345491,0.0,0.0,253.0,,0.019,-0.029,0.2030588045785926,0.03333333333333333,0.0,0.06666666666666667
1743599726.1547952,0.0,0.0,252.0,,0.146,-0.137,0.13598777238543924,0.03333333333333333,0.0,-0.06666666666666667
1743599726.1750915,0.0,0.0,252.0,,0.097,-0.147,0.056562985046870295,0.03333333333333333,0.0,-0.03333333333333333
1743599726.1954265,0.0,0.0,252.0,,0.097,-0.147,0.056562985046870295,0.03333333333333333,0.0,-0.03333333333333333
1743599726.2157466,0.0,0.0,253.0,,0.087,0.117,0.20403983379184965,0.06666666666666667,0.0,-0.0
1743599726.2393966,0.0,0.0,253.0,,0.0,0.019,0.08501808478772865,0.03333333333333333,0.0,-0.06666666666666667
1743599726.2597616,0.0,0.0,253.0,,0.0,0.019,0.08501808478772865,0.03333333333333333,0.0,-0.06666666666666667
1743599726.2799714,0.0,0.0,253.0,,0.215,-0.078,0.10660942183628386,0.03333333333333333,0.0,-0.13333333333333333
1743599726.3002207,0.0,0.0,253.0,,0.176,0.215,0.1378272382405772,0.06666666666666667,0.0,-0.06666666666666667
1743599726.3204434,0.0,0.0,253.0,,0.195,0.185,0.12758913803363292,0.03333333333333333,0.0,-0.0
1743599726.3406572,0.0,0.0,253.0,,-0.275,-0.314,0.15261334754147526,0.03333333333333333,0.0,-0.03333333333333333
1743599726.3608708,0.0,0.0,253.0,,-0.314,-0.647,0.14960651042229323,0.03333333333333333,0.0,0.1
1743599726.381205,0.0,0.0,253.0,,0.068,-0.539,0.0409294948909551,0.06666666666666667,0.0,0.2
1743599726.4015,0.0,0.0,253.0,,0.195,0.264,0.17829743155832567,0.03333333333333333,0.0,-0.0
1743599726.4234068,0.0,0.0,254.0,,0.028,0.587,0.15108615092549904,0.03333333333333333,0.0,0.03333333333333333
1743599726.443617,0.0,0.0,254.0,,0.028,0.587,0.15108615092549904,0.03333333333333333,0.0,0.03333333333333333
1743599726.463787,0.0,1.0,258.0,,0.48420810714975127,-0.196,0.08183908391077743,0.03333333333333333,0.0,0.1
1743599726.4839504,0.0,1.0,258.0,,-0.07379189285024873,-0.324,0.33786189714155945,0.03333333333333333,0.0,-0.0
1743599726.5041618,0.0,1.0,258.0,,0.29720810714975127,-0.804,0.09814431033606574,0.03333333333333333,0.0,0.06666666666666667
1743599726.5244696,0.0,1.0,258.0,,0.4452081071497513,-0.029,0.07880865581646823,0.03333333333333333,0.0,-0.0
1743599726.5449538,0.0,1.0,258.0,,0.31720810714975123,0.097,0.10553296156850855,0.03333333333333333,0.0,0.03333333333333333
1743599726.5651414,0.0,1.0,258.0,,0.17120810714975127,0.009,0.13400401792228678,0.06666666666666667,0.0,0.23333333333333334
1743599726.5853496,0.0,1.0,258.0,,0.31720810714975123,-0.157,0.07730653336088089,0.03333333333333333,0.0,0.13333333333333333
1743599726.6060574,0.0,1.0,258.0,,0.18020810714975127,0.0,0.1440040098533668,0.03333333333333333,0.0,-0.13333333333333333
1743599726.6264272,0.0,1.0,258.0,,0.15120810714975128,-0.216,0.14632864930499245,0.06666666666666667,0.0,-0.23333333333333334
1743599726.6467633,0.0,1.0,260.0,,0.08320810714975127,-0.363,0.1409130898170794,0.03333333333333333,0.0,-0.1
1743599726.666956,1.0,2.0,263.0,,0.5473640626515345,-0.2592081071497513,0.2244247213716779,0.06666666666666667,0.0,0.1
1743599726.6871371,1.0,2.0,263.0,,0.6553640626515345,-0.06420810714975127,0.0025755159621922985,0.03333333333333333,0.0,0.06666666666666667
1743599726.7074497,1.0,2.0,264.0,,0.2833640626515345,-0.22020810714975125,0.1632900635324237,0.03333333333333333,0.0,-0.0
1743599726.7277632,1.0,2.0,266.0,,0.5373640626515346,0.24979189285024872,0.03689565661617955,0.03333333333333333,0.0,-0.03333333333333333
1743599726.7489438,1.0,2.0,266.0,,0.5473640626515345,-0.29820810714975127,0.254816196371058,0.03333333333333333,0.0,-0.0
1743599726.7694225,1.0,2.0,266.0,,0.29336406265153453,-0.5242081071497513,0.101343757108042,0.03333333333333333,0.0,0.2
1743599726.7913914,1.0,2.0,266.0,,0.29336406265153453,-0.5242081071497513,0.101343757108042,0.03333333333333333,0.0,0.2
1743599726.8116531,1.0,2.0,266.0,,0.29336406265153453,-0.5242081071497513,0.101343757108042,0.03333333333333333,0.0,0.2
1743599726.832719,1.0,2.0,267.0,,0.23436406265153453,0.22979189285024876,0.06368098566364644,0.03333333333333333,0.0,-0.06666666666666667
1743599726.8531718,2.0,2.0,268.0,,0.18536406265153452,-0.1473640626515345,0.18607701972699253,0.03333333333333333,0.0,-0.03333333333333333
1743599726.8733773,2.0,2.0,268.0,,0.18536406265153452,-0.1473640626515345,0.18607701972699253,0.03333333333333333,0.0,-0.03333333333333333
1743599726.89357,2.0,2.0,270.0,,0.22436406265153452,-0.5683640626515345,0.15720975396039094,0.06666666666666667,0.0,-0.06666666666666667
1743599726.9139738,2.0,2.0,270.0,,0.22436406265153452,-0.5683640626515345,0.15720975396039094,0.06666666666666667,0.0,-0.06666666666666667
1743599726.934416,2.0,2.0,270.0,,0.29336406265153453,-0.4403640626515345,0.08560135322473883,0.03333333333333333,0.0,0.03333333333333333
1743599726.9547453,2.0,2.0,271.0,,0.4103640626515345,-0.3423640626515345,0.09523117056054176,0.03333333333333333,0.0,0.1
1743599726.975426,2.0,2.0,271.0,,0.4103640626515345,-0.3423640626515345,0.09523117056054176,0.03333333333333333,0.0,0.1
1743599726.995906,2.0,2.0,272.0,,0.6653640626515345,-0.8033640626515346,0.1985263351070472,0.03333333333333333,0.0,-0.06666666666666667
1743599727.0160987,2.0,2.0,272.0,,0.6843640626515346,-0.6853640626515345,0.09673221074807259,0.03333333333333333,0.0,-0.23333333333333334
1743599727.036672,2.0,2.0,272.0,,0.6843640626515346,-0.6853640626515345,0.09673221074807259,0.03333333333333333,0.0,-0.23333333333333334
1743599727.059414,2.0,2.0,274.0,,0.6553640626515345,-0.29436406265153453,0.09001947159773849,0.03333333333333333,0.0,-0.23333333333333334
1743599727.0795789,2.0,2.0,275.0,,0.6063640626515345,-0.1473640626515345,0.11936055542842539,0.06666666666666667,0.0,-0.16666666666666666
1743599727.0998313,2.0,2.0,275.0,,0.6063640626515345,-0.1473640626515345,0.11936055542842539,0.06666666666666667,0.0,-0.16666666666666666
1743599727.1203773,2.0,2.0,275.0,,0.7433640626515345,-0.6663640626515346,0.10826069126523485,0.03333333333333333,0.0,0.16666666666666666
1743599727.1405773,2.0,2.0,275.0,,0.7233640626515345,-0.6263640626515345,0.1840952279207766,0.06666666666666667,0.0,-0.0
1743599727.1608276,2.0,2.0,277.0,,0.13636406265153453,-0.3523640626515345,0.07713452157537937,0.03333333333333333,0.0,-0.36666666666666664
1743599727.181108,2.0,2.0,277.0,,-0.13863593734846547,-0.7643640626515344,0.20304978848138333,0.03333333333333333,0.0,-0.43333333333333335
1743599727.2015455,2.0,2.0,279.0,,0.49836406265153455,-0.6173640626515345,0.11897468569077319,0.03333333333333333,0.0,-0.16666666666666666
1743599727.2220664,2.0,2.0,280.0,,0.5763640626515345,-0.2743640626515345,0.08797337799600413,0.06666666666666667,0.0,-0.0
1743599727.242256,2.0,2.0,280.0,,0.5083640626515346,0.08763593734846548,0.22235883472247586,0.03333333333333333,0.0,0.1
1743599727.26243,3.0,2.0,281.0,,0.21536406265153452,-0.32841573074327907,0.08752158676814048,0.03333333333333333,0.0,0.03333333333333333
1743599727.2827308,3.0,2.0,281.0,,-0.09863593734846549,-0.797415730743279,0.15759218900373462,0.06666666666666667,0.0,-0.0
1743599727.3031638,3.0,2.0,281.0,,0.08736406265153451,-1.239415730743279,0.14335678023841147,0.03333333333333333,0.0,-0.0
1743599727.3233378,3.0,2.0,281.0,,0.5673640626515345,-0.7684157307432791,0.1497201760251432,0.03333333333333333,0.0,-0.13333333333333333
1743599727.3435106,3.0,2.0,281.0,,0.5373640626515346,-0.43641573074327905,0.11618835898022795,0.03333333333333333,0.0,-0.1
1743599727.3637016,3.0,2.0,282.0,,0.3423640626515345,-0.31841573074327906,0.1358856486345772,0.03333333333333333,0.0,-0.06666666666666667
1743599727.3838887,3.0,2.0,282.0,,0.5673640626515345,-0.37741573074327905,0.10744764233153781,0.03333333333333333,0.0,-0.1
1743599727.4040277,3.0,2.0,282.0,,0.3423640626515345,-0.9354157307432791,0.12285731142550738,0.03333333333333333,0.0,-0.13333333333333333
1743599727.4242303,2.0,2.0,283.0,,0.36136406265153453,-0.3233640626515345,0.15403567027050613,0.03333333333333333,0.0,-0.0
1743599727.4444838,2.0,2.0,283.0,,0.41936406265153453,-0.049364062651534535,0.06961314354573034,0.03333333333333333,0.0,-0.03333333333333333
1743599727.4649038,2.0,1.0,283.0,,0.14220810714975127,-0.3143640626515345,0.17307997696583222,0.06666666666666667,0.0,-0.0
1743599727.4853678,2.0,1.0,283.0,,0.41520810714975126,-0.47936406265153453,0.13788193653929248,0.03333333333333333,0.0,-0.03333333333333333
1743599727.5055292,2.0,1.0,283.0,,0.34720810714975125,-0.4303640626515345,0.07694308574558661,0.03333333333333333,0.0,-0.06666666666666667
1743599727.5257003,2.0,1.0,283.0,,0.28820810714975126,-0.6853640626515345,0.19943193417290317,0.06666666666666667,-0.03333333333333333,-0.03333333333333333
1743599727.5461593,2.0,1.0,284.0,,0.3962081071497513,-0.48936406265153454,0.1965390367838431,0.03333333333333333,0.0,-0.23333333333333334
1743599727.566471,1.0,1.0,284.0,,0.12220810714975126,-0.06420810714975127,0.06569657569651532,0.03333333333333333,0.0,-0.26666666666666666
1743599727.586682,1.0,1.0,284.0,,0.29720810714975127,-0.12320810714975126,0.08591062762119428,0.03333333333333333,0.0,-0.3
1743599727.61071,1.0,1.0,285.0,,0.34720810714975125,-0.12320810714975126,0.12565372841971367,0.03333333333333333,0.0,-0.3333333333333333
1743599727.6309788,1.0,1.0,285.0,,0.33720810714975125,-0.31820810714975123,0.12644278084206562,0.03333333333333333,0.0,-0.3
1743599727.651148,1.0,1.0,286.0,,0.06320810714975127,-0.6222081071497513,0.15462936152935036,0.03333333333333333,0.0,-0.03333333333333333
1743599727.6714149,1.0,1.0,285.0,,0.34720810714975125,-0.10320810714975126,0.13576542605342112,0.06666666666666667,0.0,0.3333333333333333
1743599727.6934605,1.0,1.0,285.0,,0.34720810714975125,-0.10320810714975126,0.13576542605342112,0.06666666666666667,0.0,0.3333333333333333
1743599727.71364,1.0,0.0,285.0,,0.0,0.02379189285024874,0.2138564196076871,0.03333333333333333,0.0,0.16666666666666666
1743599727.733831,2.0,0.0,285.0,,0.156,-0.4403640626515345,0.17467000510329989,0.06666666666666667,0.0,-0.0
1743599727.7543097,2.0,0.0,285.0,,0.156,-0.4403640626515345,0.17467000510329989,0.06666666666666667,0.0,-0.0
1743599727.7749448,2.0,0.0,285.0,,0.264,-0.3233640626515345,0.09850065309486844,0.03333333333333333,0.0,-0.2
1743599727.7951913,2.0,0.0,286.0,,-0.235,-0.7543640626515344,0.15511802448186174,0.06666666666666667,-0.03333333333333333,-0.26666666666666666
1743599727.8157728,2.0,0.0,286.0,,-0.235,-0.7543640626515344,0.15511802448186174,0.06666666666666667,-0.03333333333333333,-0.26666666666666666
1743599727.83624,2.0,0.0,286.0,,0.097,-0.1473640626515345,0.03839910778765798,0.03333333333333333,0.0,-0.0
1743599727.856426,2.0,0.0,286.0,,0.293,-0.3233640626515345,0.25617398404754965,0.06666666666666667,0.0,0.06666666666666667
1743599727.8767395,2.0,0.0,286.0,,0.293,-0.3233640626515345,0.25617398404754965,0.06666666666666667,0.0,0.06666666666666667
1743599727.8970902,2.0,0.0,286.0,,0.048,-0.9893640626515345,0.1548125517525687,0.03333333333333333,0.0,0.03333333333333333
1743599727.9173274,2.0,0.0,286.0,,0.0,-0.8813640626515346,0.10949253515395618,0.03333333333333333,0.0,0.03333333333333333
1743599727.937875,2.0,0.0,286.0,,0.0,-0.8813640626515346,0.10949253515395618,0.03333333333333333,0.0,0.03333333333333333
1743599727.9583352,1.0,0.0,286.0,,0.244,-0.035208107149751255,0.19682293830188513,0.03333333333333333,0.0,-0.16666666666666666
1743599727.9785025,1.0,0.0,286.0,,0.0,-0.025208107149751274,0.09606552833143311,0.03333333333333333,0.0,-0.1
1743599727.9987679,1.0,0.0,286.0,,0.0,-0.025208107149751274,0.09606552833143311,0.03333333333333333,0.0,-0.1
1743599728.0192423,1.0,0.0,286.0,,0.087,-0.20020810714975126,0.07542213720188506,0.03333333333333333,0.0,0.26666666666666666
1743599728.0394347,1.0,0.0,286.0,,-0.196,-0.06420810714975127,0.1854483891662717,0.06666666666666667,0.0,0.13333333333333333
1743599728.060194,1.0,0.0,286.0,,-0.196,-0.06420810714975127,0.1854483891662717,0.06666666666666667,0.0,0.13333333333333333
1743599728.080598,2.0,0.0,285.0,,0.019,-0.42036406265153453,0.0463254160234996,0.06666666666666667,0.0,-0.13333333333333333
1743599728.1008124,2.0,0.0,285.0,,0.019,-0.42036406265153453,0.0463254160234996,0.06666666666666667,0.0,-0.13333333333333333
1743599728.1211176,2.0,0.0,285.0,,0.077,-0.25536406265153455,0.1546668017277817,0.03333333333333333,0.0,-0.0
1743599728.141421,2.0,0.0,285.0,,0.166,-0.3813640626515345,0.0764592790504679,0.06666666666666667,0.0,-0.0
1743599728.1618347,2.0,0.0,285.0,,0.0,-0.5973640626515345,0.14721743959395717,0.03333333333333333,0.0,-0.0
1743599728.1822927,2.0,0.0,285.0,,0.0,-0.5973640626515345,0.14721743959395717,0.03333333333333333,0.0,-0.0
1743599728.2024822,2.0,0.0,286.0,,0.254,-0.5283640626515345,0.05100071019430885,0.06666666666666667,0.0,-0.03333333333333333
1743599728.2227,1.0,0.0,286.0,,0.028,-0.23020810714975126,0.1832094847250989,0.03333333333333333,0.0,-0.0
1743599728.2432368,1.0,0.0,286.0,,0.215,-0.12320810714975126,0.07743514751674496,0.03333333333333333,0.0,-0.03333333333333333
1743599728.2634227,1.0,0.0,286.0,,0.058,-0.5042081071497513,0.22756367808710642,0.03333333333333333,0.0,-0.03333333333333333
1743599728.2839916,1.0,0.0,286.0,,0.342,-0.34820810714975126,0.05347930738392925,0.03333333333333333,0.0,-0.13333333333333333
1743599728.3042293,1.0,0.0,286.0,,-0.069,-0.11320810714975127,0.14440219845647917,0.03333333333333333,0.0,-0.3
1743599728.3249347,1.0,0.0,286.0,,-0.029,-0.07420810714975126,0.18350342835228872,0.03333333333333333,0.0,-0.3
1743599728.3451324,1.0,0.0,286.0,,0.009,-0.24020810714975127,0.18323782430093338,0.06666666666666667,0.0,-0.0
1743599728.3658342,1.0,0.0,286.0,,0.087,-0.29820810714975127,0.08618697147525367,0.03333333333333333,0.0,0.13333333333333333
1743599728.3860164,1.0,0.0,286.0,,0.0,-0.41620810714975126,0.13697612578056884,0.06666666666666667,0.0,0.16666666666666666
1743599728.4062498,1.0,0.0,286.0,,0.009,-0.16220810714975126,0.08500811562348431,0.03333333333333333,0.0,0.03333333333333333
1743599728.4283829,1.0,0.0,285.0,,-0.108,0.004791892850248725,0.1461101862485794,0.03333333333333333,0.0,-0.03333333333333333
1743599728.4486241,1.0,0.0,285.0,,0.038,-0.18120810714975127,0.144076433889337,0.06666666666666667,0.0,-0.0
1743599728.4688504,1.0,0.0,285.0,,0.019,-0.27920810714975125,0.20358824277304421,0.03333333333333333,0.0,-0.0
1743599728.4891365,1.0,0.0,285.0,,0.097,-0.32820810714975124,0.027726261032134047,0.06666666666666667,0.0,0.13333333333333333
1743599728.5094533,1.0,0.0,285.0,,0.077,-0.21020810714975127,0.14436878693038757,0.06666666666666667,0.0,0.06666666666666667
1743599728.5296428,1.0,0.0,285.0,,0.0,-0.31820810714975123,0.12507387579527673,0.03333333333333333,0.0,-0.06666666666666667
1743599728.5499187,1.0,0.0,285.0,,-0.02,-0.19120810714975126,0.25203875768234596,0.06666666666666667,0.0,-0.16666666666666666
1743599728.5701346,1.0,0.0,285.0,,0.087,-0.5142081071497513,0.1202304350426644,0.06666666666666667,0.0,-0.06666666666666667
1743599728.5902896,1.0,0.0,285.0,,0.087,-0.5142081071497513,0.1202304350426644,0.06666666666666667,0.0,-0.06666666666666667
1743599728.6104865,1.0,0.0,285.0,,0.028,-0.34820810714975126,0.11559896953306925,0.0,0.0,0.06666666666666667
1743599728.6306581,1.0,0.0,285.0,,-0.059,-0.22020810714975125,0.11429293486730785,0.06666666666666667,0.0,0.06666666666666667
1743599728.6509686,1.0,0.0,285.0,,-0.059,-0.22020810714975125,0.11429293486730785,0.06666666666666667,0.0,0.06666666666666667
1743599728.6711438,1.0,0.0,285.0,,0.058,-0.16220810714975126,0.1731695488453724,0.06666666666666667,0.0,-0.0
1743599728.6915712,1.0,0.0,285.0,,0.176,-0.3672081071497513,0.12744723699171878,0.03333333333333333,0.0,-0.0
1743599728.712587,1.0,0.0,285.0,,0.176,-0.3672081071497513,0.12744723699171878,0.03333333333333333,0.0,-0.0
1743599728.732768,1.0,0.0,285.0,,0.048,-0.42620810714975127,0.1763120665124518,0.03333333333333333,0.0,-0.0
1743599728.7531896,0.0,0.0,285.0,,0.136,-0.206,0.13702107537289088,0.03333333333333333,0.0,0.13333333333333333
1743599728.7733262,0.0,0.0,285.0,,0.136,-0.206,0.13702107537289088,0.03333333333333333,0.0,0.13333333333333333
1743599728.793515,0.0,0.0,285.0,,0.293,-0.059,0.11844598012763718,0.06666666666666667,0.0,0.13333333333333333
1743599728.8138163,0.0,0.0,284.0,,0.323,-0.196,0.11111589203794559,0.03333333333333333,0.0,-0.06666666666666667
1743599728.834065,0.0,0.0,284.0,,0.323,-0.196,0.11111589203794559,0.03333333333333333,0.0,-0.06666666666666667
1743599728.8544736,0.0,0.0,285.0,,0.352,-0.078,0.13045453824149078,0.06666666666666667,0.0,-0.0
1743599728.8746982,0.0,0.0,285.0,,0.146,0.087,0.14542962181775287,0.03333333333333333,0.0,-0.06666666666666667
1743599728.8949404,0.0,0.0,285.0,,0.146,0.087,0.14542962181775287,0.03333333333333333,0.0,-0.06666666666666667
1743599728.9174185,0.0,0.0,285.0,,0.244,-0.304,0.08261878860110627,0.03333333333333333,0.0,-0.03333333333333333
1743599728.9376225,0.0,0.0,285.0,,0.028,0.146,0.21307907300300144,0.03333333333333333,0.0,-0.03333333333333333
1743599728.9578724,0.0,0.0,285.0,,0.028,0.146,0.21307907300300144,0.03333333333333333,0.0,-0.03333333333333333
1743599728.9780626,0.0,0.0,285.0,,-0.088,0.068,0.18360744417826247,0.03333333333333333,0.0,-0.2
1743599728.998308,0.0,0.0,285.0,,-0.088,0.068,0.18360744417826247,0.03333333333333333,0.0,-0.2
1743599729.0185068,0.0,0.0,285.0,,0.019,0.156,0.13522484078632502,0.03333333333333333,0.0,-0.36666666666666664
1743599729.038723,0.0,0.0,285.0,,0.028,-0.039,0.05511617376051525,0.06666666666666667,0.0,-0.3
1743599729.0590563,0.0,0.0,286.0,,-0.127,0.028,0.07584888711056692,0.03333333333333333,0.0,0.03333333333333333
1743599729.079291,0.0,0.0,286.0,,-0.127,0.028,0.07584888711056692,0.03333333333333333,0.0,0.03333333333333333
1743599729.0995975,1.0,0.0,287.0,,0.087,-0.4462081071497513,0.15810762456808547,0.06666666666666667,0.0,-0.03333333333333333
1743599729.1200862,1.0,0.0,287.0,,0.068,-0.40620810714975125,0.13696740340659552,0.03333333333333333,0.0,-0.06666666666666667
1743599729.1405602,1.0,0.0,287.0,,0.254,-0.41620810714975126,0.1691360953646246,0.06666666666666667,0.0,0.03333333333333333
1743599729.1607318,1.0,0.0,287.0,,0.0,-0.28920810714975126,0.14468922652491223,0.03333333333333333,0.0,0.06666666666666667
1743599729.1809576,1.0,0.0,287.0,,0.0,-0.28920810714975126,0.14468922652491223,0.03333333333333333,0.0,0.06666666666666667
1743599729.2012966,0.0,0.0,287.0,,0.215,0.077,0.12659123155391327,0.06666666666666667,0.0,-0.03333333333333333
1743599729.2217317,0.0,0.0,287.0,,0.274,-0.049,0.08887902484374521,0.03333333333333333,0.0,-0.03333333333333333
1743599729.24193,0.0,0.0,287.0,,0.362,-0.196,0.09347834959790191,0.03333333333333333,0.0,0.03333333333333333
1743599729.2621057,0.0,0.0,287.0,,0.195,-0.098,0.1853386400301602,0.03333333333333333,0.0,-0.0
1743599729.2828677,0.0,0.0,287.0,,-0.137,-0.333,0.13043816825928722,0.06666666666666667,0.0,-0.06666666666666667
1743599729.3030756,0.0,0.0,287.0,,0.293,-0.392,0.08700099484084411,0.03333333333333333,0.0,0.03333333333333333
1743599729.3242867,0.0,0.0,287.0,,0.381,-0.284,0.19407307059619328,0.03333333333333333,0.0,0.03333333333333333
1743599729.3454564,0.0,0.0,287.0,,0.048,-0.01,0.11411972697592887,0.03333333333333333,0.0,0.1
1743599729.3657053,0.0,0.0,287.0,,0.342,-0.108,0.12039993940444127,0.03333333333333333,0.0,0.06666666666666667
1743599729.3860395,0.0,0.0,287.0,,-0.049,-0.196,0.12602813605347407,0.06666666666666667,0.0,-0.0
1743599729.4063935,0.0,0.0,287.0,,0.274,-0.029,0.1477560667019162,0.03333333333333333,0.0,-0.03333333333333333
1743599729.4265792,0.0,0.0,287.0,,0.038,-0.206,0.06720640323016802,0.03333333333333333,0.0,-0.0
1743599729.4467595,0.0,0.0,287.0,,0.185,0.068,0.13592649851772265,0.03333333333333333,0.0,0.13333333333333333
1743599729.4672003,0.0,0.0,287.0,,0.166,0.009,0.18435721296989982,0.03333333333333333,0.0,0.13333333333333333
1743599729.4873867,0.0,0.0,287.0,,0.058,-0.127,0.07597836154559978,0.03333333333333333,-0.03333333333333333,0.1
1743599729.5077496,0.0,0.0,287.0,,0.028,-0.049,0.15415735138195608,0.03333333333333333,0.0,-0.0
1743599729.5280194,0.0,0.0,286.0,,-0.029,0.146,0.09610756049387703,0.03333333333333333,0.0,-0.03333333333333333
1743599729.5483112,0.0,0.0,286.0,,0.117,-0.039,0.252736801785586,0.06666666666666667,0.0,-0.0
1743599729.5686677,0.0,0.0,286.0,,0.117,0.176,0.11622374584435846,0.06666666666666667,0.0,0.03333333333333333
1743599729.589125,0.0,0.0,286.0,,0.028,-0.118,0.04674257774542845,0.03333333333333333,0.0,0.06666666666666667
1743599729.6094606,0.0,0.0,286.0,,0.126,-0.196,0.1956603429387318,0.06666666666666667,0.0,0.06666666666666667
1743599729.6298566,0.0,0.0,286.0,,0.117,0.028,0.04673071438717891,0.03333333333333333,0.0,0.1
1743599729.6502266,0.0,0.0,286.0,,-0.059,0.048,0.1342869466034795,0.03333333333333333,0.0,0.1
1743599729.6706634,0.0,0.0,286.0,,0.185,0.126,0.17546490142487414,0.03333333333333333,0.0,-0.0
1743599729.690991,0.0,0.0,286.0,,0.156,-0.039,-0.0016815695094383187,0.06666666666666667,0.0,-0.1
1743599729.7144506,0.0,0.0,286.0,,0.205,-0.265,0.1195857410826644,0.06666666666666667,0.0,-0.03333333333333333
1743599729.7346494,0.0,0.0,286.0,,0.205,-0.265,0.1195857410826644,0.06666666666666667,0.0,-0.03333333333333333
1743599729.7548668,0.0,0.0,286.0,,-0.02,-0.186,0.05676338088706956,0.03333333333333333,0.0,-0.03333333333333333
1743599729.7750692,0.0,0.0,286.0,,0.146,-0.137,-0.010952147476951168,0.03333333333333333,0.0,-0.0
1743599729.7952948,0.0,0.0,286.0,,0.146,-0.137,-0.010952147476951168,0.03333333333333333,0.0,-0.0
1743599729.8159616,0.0,0.0,286.0,,0.009,-0.353,0.10122799060061105,0.03333333333333333,0.0,-0.0
1743599729.8363686,0.0,0.0,286.0,,0.028,-0.049,0.04616081863787258,0.03333333333333333,0.0,-0.06666666666666667
1743599729.8598206,0.0,0.0,286.0,,0.028,-0.049,0.04616081863787258,0.03333333333333333,0.0,-0.06666666666666667
1743599729.880313,0.0,0.0,286.0,,-0.059,-0.049,0.18328890367866357,0.03333333333333333,0.0,-0.13333333333333333
1743599729.9008508,0.0,0.0,286.0,,-0.118,-0.5,0.1370918052054808,0.06666666666666667,0.0,0.06666666666666667
1743599729.921369,0.0,0.0,286.0,,0.019,-0.333,0.27636507028671353,0.03333333333333333,0.0,0.1
1743599729.941843,0.0,0.0,286.0,,0.126,-0.01,-0.06117544189611124,0.03333333333333333,0.0,-0.0
1743599729.9620833,0.0,0.0,287.0,,0.028,0.156,0.184233630066581,0.03333333333333333,0.0,-0.0
1743599729.9822927,0.0,0.0,288.0,,0.234,0.0,0.22466758648234197,0.06666666666666667,0.0,-0.03333333333333333
1743599730.0030732,0.0,0.0,288.0,,0.117,0.126,0.037495539578056736,0.03333333333333333,0.0,-0.16666666666666666
1743599730.0236347,0.0,0.0,288.0,,0.028,-0.226,0.10658703243899481,0.06666666666666667,0.0,-0.06666666666666667
1743599730.0441284,0.0,0.0,288.0,,0.225,-0.481,0.20679396972063735,0.03333333333333333,0.0,-0.0
1743599730.0645304,0.0,0.0,288.0,,0.215,-0.284,0.17923877060858828,0.03333333333333333,0.0,-0.0
1743599730.0849416,0.0,0.0,288.0,,0.225,-0.098,0.08801587098910346,0.03333333333333333,0.0,0.03333333333333333
1743599730.105544,0.0,0.0,288.0,,0.146,0.058,0.1352239978338794,0.06666666666666667,0.0,0.03333333333333333
1743599730.1262546,0.0,0.0,288.0,,0.185,0.068,0.06695350671292388,0.06666666666666667,0.0,0.03333333333333333
1743599730.1468647,0.0,0.0,288.0,,0.028,0.107,0.1935996138152376,0.06666666666666667,0.0,-0.1
1743599730.1673565,0.0,0.0,288.0,,-0.049,0.097,0.0755927836223993,0.03333333333333333,0.0,-0.1
1743599730.1878426,0.0,0.0,288.0,,0.019,-0.01,0.055023235082293454,0.03333333333333333,0.0,0.03333333333333333
1743599730.208459,0.0,0.0,288.0,,0.019,-0.088,0.12440282551310489,0.03333333333333333,0.0,0.1
1743599730.22889,0.0,0.0,288.0,,-0.137,-0.147,0.14599827764289763,0.06666666666666667,0.0,-0.0
1743599730.2503865,0.0,0.0,290.0,,-0.216,-0.206,0.21634790575830287,0.06666666666666667,0.0,-0.13333333333333333
1743599730.2712197,0.0,0.0,290.0,,-0.01,-0.294,0.12829835230130726,0.03333333333333333,0.0,-0.06666666666666667
1743599730.29137,1.0,0.0,292.0,,-0.069,-0.5142081071497513,0.1200908483101788,0.03333333333333333,0.0,0.03333333333333333
1743599730.3116295,0.0,1.0,292.0,,0.034208107149751255,-0.275,0.05076283615890986,0.03333333333333333,0.0,-0.0
1743599730.3319874,0.0,1.0,292.0,,0.034208107149751255,-0.275,0.05076283615890986,0.03333333333333333,0.0,-0.0
1743599730.3526015,0.0,1.0,292.0,,0.09320810714975127,-0.098,0.13477809511476124,0.03333333333333333,0.0,-0.0
1743599730.3730896,0.0,1.0,292.0,,0.11220810714975127,0.323,0.15932202725376676,0.03333333333333333,0.0,0.06666666666666667
1743599730.3933284,0.0,1.0,292.0,,0.11220810714975127,0.323,0.15932202725376676,0.03333333333333333,0.0,0.06666666666666667
1743599730.4135299,0.0,1.0,292.0,,0.06320810714975127,-0.127,0.17436760749535907,0.06666666666666667,0.0,0.06666666666666667
1743599730.4337058,0.0,1.0,291.0,,0.35620810714975126,0.019,0.0767356842796385,0.06666666666666667,0.0,0.03333333333333333
1743599730.4539847,0.0,1.0,291.0,,0.14220810714975127,-0.069,0.15427675552520093,0.06666666666666667,0.0,-0.0
1743599730.4742446,0.0,1.0,291.0,,0.14220810714975127,-0.069,0.15427675552520093,0.06666666666666667,0.0,-0.0
1743599730.4944406,0.0,0.0,291.0,,0.077,-0.147,0.2333391895016721,0.0,0.0,-0.0
1743599730.5146291,0.0,0.0,291.0,,0.087,-0.186,0.04812837609343035,0.06666666666666667,0.0,-0.0
1743599730.5357249,0.0,0.0,291.0,,-0.069,0.0,0.08523850075491346,0.06666666666666667,0.0,0.03333333333333333
1743599730.5560627,0.0,0.0,291.0,,-0.226,-0.481,0.1579520511899073,0.03333333333333333,0.0,-0.0
1743599730.5763116,0.0,0.0,291.0,,0.009,-0.157,0.11523142463363811,0.06666666666666667,0.0,-0.03333333333333333
1743599730.5966113,0.0,0.0,291.0,,0.0,-0.137,0.15492715242066168,0.03333333333333333,0.0,-0.0
1743599730.616831,0.0,0.0,291.0,,0.019,-0.167,0.08641492004707452,0.06666666666666667,0.0,0.03333333333333333
1743599730.6370218,0.0,0.0,291.0,,-0.118,-0.314,0.2085001551542529,0.03333333333333333,0.0,-0.0
1743599730.6575096,0.0,0.0,291.0,,0.009,-0.275,0.13775316616872324,0.06666666666666667,0.0,-0.03333333333333333
1743599730.6779191,0.0,0.0,291.0,,0.146,0.077,0.11535663250040784,0.03333333333333333,0.0,-0.2
1743599730.6999862,0.0,0.0,291.0,,-0.147,0.254,0.059337963832614804,0.03333333333333333,0.0,-0.06666666666666667
1743599730.7201893,0.0,0.0,291.0,,0.117,-0.01,0.14468254483355913,0.03333333333333333,0.0,0.1
1743599730.7403724,0.0,0.0,291.0,,-0.01,0.372,0.16982234606214064,0.03333333333333333,0.0,0.23333333333333334
1743599730.7605393,0.0,0.0,293.0,,-0.049,-0.029,0.144160489303351,0.06666666666666667,0.0,-0.0
1743599730.7807245,1.0,1.0,296.0,,-0.32879189285024873,-0.16220810714975126,0.1264314008035381,0.03333333333333333,0.0,-0.16666666666666666
1743599730.8011045,1.0,1.0,296.0,,-0.08379189285024874,-0.5932081071497513,0.11610981412054855,0.06666666666666667,0.0,-0.16666666666666666
1743599730.8212972,2.0,0.0,298.0,,0.058,-1.1563640626515346,0.19567843511255134,0.03333333333333333,0.0,-0.0
1743599730.8415196,2.0,0.0,298.0,,0.058,-1.1563640626515346,0.19567843511255134,0.03333333333333333,0.0,-0.0
1743599730.8618612,3.0,0.0,300.0,,-0.304,0.171584269256721,0.16174152547903198,0.06666666666666667,0.0,-0.03333333333333333
1743599730.8833656,3.0,0.0,300.0,,-1.196,-0.5724157307432791,0.2043627148683793,0.06666666666666667,0.0,0.2
1743599730.903562,3.0,0.0,301.0,,-0.422,-0.6504157307432791,0.14375014278400045,0.06666666666666667,0.0,0.13333333333333333
1743599730.9237576,4.0,0.0,301.0,,0.077,-0.7723110074298692,0.12467953117774755,0.03333333333333333,0.0,-0.0
1743599730.944234,4.0,0.0,302.0,,0.087,-0.7723110074298692,0.12476102766380137,0.03333333333333333,0.0,-0.0
1743599730.964594,4.0,0.0,302.0,,0.077,-0.7723110074298692,0.12467953117774755,0.03333333333333333,0.0,-0.0
1743599730.9848654,4.0,0.0,302.0,,0.077,-0.7723110074298692,0.13467816529063725,0.03333333333333333,0.0,-0.0
1743599731.0053377,4.0,0.0,303.0,,0.077,-0.7723110074298692,0.12467953117774755,0.03333333333333333,0.0,-0.0
1743599731.0259676,4.0,0.0,303.0,,0.068,-0.7723110074298692,0.12461468038849155,0.03333333333333333,0.0,-0.0
1743599731.046133,4.0,0.0,303.0,,0.077,-0.7723110074298692,0.12467953117774755,0.03333333333333333,0.0,-0.0
1743599731.0663786,4.0,0.0,303.0,,0.077,-0.7723110074298692,0.12467953117774755,0.03333333333333333,0.0,-0.0
1743599731.0866838,3.0,0.0,304.0,,0.077,-0.601415730743279,0.12467953117774755,0.03333333333333333,0.0,-0.0
1743599731.106847,3.0,0.0,304.0,,0.077,-0.601415730743279,0.12467953117774755,0.03333333333333333,0.0,-0.0
1743599731.1277952,3.0,0.0,304.0,,0.077,-0.601415730743279,0.12467953117774755,0.03333333333333333,0.0,-0.0
1743599731.1482384,2.0,0.0,304.0,,0.077,-0.4403640626515345,0.12477195996473078,0.03333333333333333,0.0,-0.0
1743599731.168639,2.0,0.0,304.0,,0.068,-0.4403640626515345,0.1247071110086484,0.03333333333333333,0.0,-0.0
1743599731.1888697,2.0,0.0,305.0,,0.077,-0.4303640626515345,0.13467816529063725,0.03333333333333333,0.0,-0.0
1743599731.2092178,2.0,0.0,305.0,,0.077,-0.4303640626515345,0.13467816529063725,0.03333333333333333,0.0,-0.0
1743599731.2295141,1.0,0.0,305.0,,0.077,-0.2692081071497513,0.12477195996473078,0.03333333333333333,0.0,-0.0
1743599731.2497842,1.0,0.0,305.0,,0.077,-0.2692081071497513,0.12477195996473078,0.03333333333333333,0.0,-0.0
1743599731.2699473,1.0,0.0,305.0,,0.077,-0.2692081071497513,0.1347704083136403,0.03333333333333333,0.0,-0.0
1743599731.2902093,1.0,0.0,305.0,,0.068,-0.2592081071497513,0.12461468038849155,0.03333333333333333,0.0,-0.0
1743599731.3104603,1.0,0.0,305.0,,0.068,-0.2592081071497513,0.12461468038849155,0.03333333333333333,0.0,-0.0
1743599731.3306472,1.0,0.0,305.0,,0.068,-0.2692081071497513,0.1247071110086484,0.03333333333333333,0.0,-0.0
1743599731.3508184,1.0,0.0,305.0,,0.077,-0.2692081071497513,0.12477195996473078,0.03333333333333333,0.0,-0.0
1743599731.3711426,1.0,0.0,305.0,,0.077,-0.2692081071497513,0.12477195996473078,0.03333333333333333,0.0,-0.0
1743599731.391365,0.0,0.0,305.0,,0.077,-0.088,0.12467953117774755,0.03333333333333333,0.0,-0.0
1743599731.4115548,0.0,0.0,305.0,,0.077,-0.088,0.13467816529063725,0.03333333333333333,0.0,-0.0
1743599731.4320178,0.0,0.0,305.0,,0.077,-0.088,0.13467816529063725,0.03333333333333333,0.0,-0.0
1743599731.4557385,0.0,0.0,305.0,,0.077,-0.088,0.12467953117774755,0.03333333333333333,0.0,-0.0
1743599731.4761736,0.0,0.0,305.0,,0.077,-0.088,0.13467816529063725,0.03333333333333333,0.0,-0.0
1743599731.4963887,0.0,0.0,305.0,,0.077,-0.088,0.13467816529063725,0.03333333333333333,0.0,-0.0
1743599731.5165982,0.0,0.0,305.0,,0.077,-0.098,0.12477195996473078,0.03333333333333333,0.0,-0.0
1743599731.5372438,0.0,0.0,305.0,,0.087,-0.098,0.12485345414711091,0.03333333333333333,0.0,-0.0
1743599731.5575225,0.0,0.0,305.0,,0.087,-0.088,0.12476102766380137,0.03333333333333333,0.0,-0.0
1743599731.5778327,0.0,0.0,305.0,,0.087,-0.088,0.13475949798424836,0.03333333333333333,0.0,-0.0
1743599731.59822,0.0,0.0,305.0,,0.087,-0.088,0.13475949798424836,0.03333333333333333,0.0,-0.0
1743599731.6185365,0.0,0.0,305.0,,0.068,-0.088,0.12461468038849155,0.03333333333333333,0.0,-0.0
1743599731.6389332,0.0,0.0,305.0,,0.077,-0.088,0.13467816529063725,0.03333333333333333,0.0,-0.0
1743599731.6592104,0.0,0.0,305.0,,0.077,-0.088,0.12467953117774755,0.03333333333333333,0.0,-0.0
1743599731.6795297,0.0,0.0,305.0,,0.077,-0.088,0.12467953117774755,0.03333333333333333,0.0,-0.0
1743599731.6998246,0.0,0.0,305.0,,0.068,-0.088,0.12461468038849155,0.03333333333333333,0.0,-0.0
1743599731.7199852,0.0,0.0,305.0,,0.068,-0.098,0.1347056896908665,0.03333333333333333,0.0,-0.0
1743599731.7440605,0.0,0.0,305.0,,0.087,-0.088,0.12476102766380137,0.03333333333333333,0.0,-0.0
1743599731.764391,0.0,0.0,305.0,,0.077,-0.078,0.134595838674624,0.03333333333333333,0.0,-0.0
1743599731.7847707,0.0,0.0,305.0,,0.077,-0.078,0.134595838674624,0.03333333333333333,0.0,-0.0
1743599731.8049378,0.0,0.0,305.0,,0.077,-0.078,0.12459703876351469,0.03333333333333333,0.0,-0.0
1743599731.8251157,0.0,0.0,305.0,,0.068,-0.088,0.12461468038849155,0.03333333333333333,0.0,-0.0
1743599731.8453023,0.0,0.0,305.0,,0.068,-0.088,0.13461344484205107,0.03333333333333333,0.0,-0.0
1743599731.8655047,0.0,0.0,305.0,,0.077,-0.088,0.13467816529063725,0.03333333333333333,0.0,-0.0
1743599731.8857875,0.0,0.0,305.0,,0.077,-0.098,0.12477195996473078,0.03333333333333333,0.0,-0.0
1743599731.9067178,0.0,0.0,305.0,,0.077,-0.098,0.12477195996473078,0.03333333333333333,0.0,-0.0
1743599731.9276001,0.0,0.0,305.0,,0.087,-0.088,0.13475949798424836,0.03333333333333333,0.0,-0.0
1743599731.9478106,0.0,0.0,305.0,,0.068,-0.088,0.12461468038849155,0.03333333333333333,0.0,-0.0
1743599731.9682496,0.0,0.0,305.0,,0.068,-0.088,0.12461468038849155,0.03333333333333333,0.0,-0.0
1743599731.9884639,0.0,0.0,305.0,,0.068,-0.088,0.12461468038849155,0.03333333333333333,0.0,-0.0
1743599732.0087347,0.0,0.0,305.0,,0.087,-0.098,0.11485517476881846,0.03333333333333333,0.0,-0.0
1743599732.0289016,0.0,0.0,305.0,,0.087,-0.098,0.11485517476881846,0.03333333333333333,0.0,-0.0
1743599732.0491087,0.0,0.0,305.0,,0.077,-0.088,0.13467816529063725,0.03333333333333333,0.0,-0.0
1743599732.069389,0.0,0.0,305.0,,0.068,-0.088,0.12461468038849155,0.03333333333333333,0.0,-0.0
1743599732.089635,0.0,0.0,305.0,,0.068,-0.088,0.12461468038849155,0.03333333333333333,0.0,-0.0
1743599732.1099246,0.0,0.0,305.0,,0.087,-0.098,0.12485345414711091,0.03333333333333333,0.0,-0.0
1743599732.130246,0.0,0.0,305.0,,0.097,-0.088,0.12485246032785291,0.03333333333333333,0.0,-0.0
1743599732.1505353,0.0,0.0,305.0,,0.097,-0.088,0.12485246032785291,0.03333333333333333,0.0,-0.0
1743599732.1706705,0.0,0.0,305.0,,0.087,-0.088,0.12476102766380137,0.03333333333333333,0.0,-0.0
1743599732.1908772,0.0,0.0,305.0,,0.058,-0.088,0.1345509549175059,0.03333333333333333,0.0,-0.0
1743599732.211403,0.0,0.0,305.0,,0.058,-0.088,0.1345509549175059,0.03333333333333333,0.0,-0.0
1743599732.2316856,0.0,0.0,305.0,,0.077,-0.098,0.11477351630804833,0.03333333333333333,0.0,-0.0
1743599732.2525036,0.0,0.0,305.0,,0.077,-0.098,0.11477351630804833,0.03333333333333333,0.0,-0.0
1743599732.2726915,0.0,0.0,305.0,,0.077,-0.088,0.13467816529063725,0.03333333333333333,0.0,-0.0
1743599732.2931693,0.0,0.0,305.0,,0.077,-0.098,0.12477195996473078,0.03333333333333333,0.0,-0.0
1743599732.3133407,0.0,0.0,305.0,,0.077,-0.108,0.11487608697344598,0.03333333333333333,0.0,-0.0
1743599732.336713,0.0,0.0,305.0,,0.077,-0.088,0.13467816529063725,0.03333333333333333,0.0,-0.0
1743599732.3569024,0.0,0.0,305.0,,0.077,-0.078,0.134595838674624,0.03333333333333333,0.0,-0.0
1743599732.3771226,0.0,0.0,305.0,,0.077,-0.088,0.12467953117774755,0.03333333333333333,0.0,-0.0
1743599732.3973331,0.0,0.0,305.0,,0.077,-0.088,0.12467953117774755,0.03333333333333333,0.0,-0.0
1743599732.418389,0.0,0.0,305.0,,0.077,-0.078,0.134595838674624,0.03333333333333333,0.0,-0.0
1743599732.4385908,0.0,0.0,305.0,,0.077,-0.098,0.12477195996473078,0.03333333333333333,0.0,-0.0
1743599732.45877,0.0,0.0,305.0,,0.068,-0.088,0.12461468038849155,0.03333333333333333,0.0,-0.0
1743599732.4789355,0.0,0.0,305.0,,0.068,-0.088,0.13461344484205107,0.03333333333333333,0.0,-0.0
1743599732.499558,0.0,0.0,305.0,,0.068,-0.088,0.12461468038849155,0.03333333333333333,0.0,-0.0
1743599732.51973,0.0,0.0,305.0,,0.077,-0.098,0.12477195996473078,0.03333333333333333,0.0,-0.0
1743599732.5430212,0.0,0.0,305.0,,0.068,-0.088,0.12461468038849155,0.03333333333333333,0.0,-0.0
1743599732.5632129,0.0,0.0,305.0,,0.077,-0.088,0.12467953117774755,0.03333333333333333,0.0,-0.0
1743599732.5834389,0.0,0.0,305.0,,0.077,-0.088,0.12467953117774755,0.03333333333333333,0.0,-0.0
1743599732.6036577,0.0,0.0,305.0,,0.077,-0.088,0.12467953117774755,0.03333333333333333,0.0,-0.0
1743599732.624182,0.0,0.0,305.0,,0.077,-0.088,0.13467816529063725,0.03333333333333333,0.0,-0.0
1743599732.6445572,0.0,0.0,305.0,,0.077,-0.088,0.13467816529063725,0.03333333333333333,0.0,-0.0
1743599732.664718,0.0,0.0,305.0,,0.068,-0.088,0.13461344484205107,0.03333333333333333,0.0,-0.0
1743599732.6849256,0.0,0.0,305.0,,0.068,-0.088,0.13461344484205107,0.03333333333333333,0.0,-0.0
1743599732.7054513,0.0,0.0,305.0,,0.068,-0.088,0.12461468038849155,0.03333333333333333,0.0,-0.0
1743599732.7257571,0.0,0.0,305.0,,0.087,-0.088,0.12476102766380137,0.03333333333333333,0.0,-0.0
1743599732.7459562,0.0,0.0,305.0,,0.087,-0.088,0.12476102766380137,0.03333333333333333,0.0,-0.0
1743599732.7661521,0.0,0.0,305.0,,0.077,-0.088,0.12467953117774755,0.03333333333333333,0.0,-0.0
1743599732.7868512,0.0,0.0,305.0,,0.077,-0.088,0.12467953117774755,0.03333333333333333,0.0,-0.0
1743599732.807232,0.0,0.0,305.0,,0.077,-0.088,0.12467953117774755,0.03333333333333333,0.0,-0.0
1743599732.8273773,0.0,0.0,305.0,,0.077,-0.088,0.12467953117774755,0.03333333333333333,0.0,-0.0
1743599732.8478134,0.0,0.0,305.0,,0.077,-0.088,0.14467680351748768,0.03333333333333333,0.0,-0.0
1743599732.8682466,0.0,0.0,305.0,,0.077,-0.088,0.14467680351748768,0.03333333333333333,0.0,-0.0
1743599732.8885934,0.0,0.0,305.0,,0.068,-0.088,0.13461344484205107,0.03333333333333333,0.0,-0.0
1743599732.9088058,0.0,0.0,305.0,,0.058,-0.098,0.12464449700305735,0.03333333333333333,0.0,-0.0
1743599732.9289885,0.0,0.0,305.0,,0.058,-0.098,0.12464449700305735,0.03333333333333333,0.0,-0.0
1743599732.9500344,0.0,0.0,305.0,,0.097,-0.088,0.1348507468908764,0.03333333333333333,0.0,-0.0
1743599732.9703498,0.0,0.0,305.0,,0.097,-0.108,0.11504935438100183,0.03333333333333333,0.0,-0.0
1743599732.9905481,0.0,0.0,305.0,,0.097,-0.108,0.11504935438100183,0.03333333333333333,0.0,-0.0
1743599733.010732,0.0,0.0,305.0,,0.077,-0.088,0.13467816529063725,0.03333333333333333,0.0,-0.0
1743599733.034363,0.0,0.0,305.0,,0.068,-0.098,0.11470853662458325,0.03333333333333333,0.0,-0.0
1743599733.0545197,0.0,0.0,305.0,,0.068,-0.098,0.11470853662458325,0.03333333333333333,0.0,-0.0
1743599733.074727,0.0,0.0,305.0,,0.058,-0.098,0.13464320152923115,0.03333333333333333,0.0,-0.0
1743599733.0949523,0.0,0.0,305.0,,0.087,-0.088,0.13475949798424836,0.03333333333333333,0.0,-0.0
1743599733.116499,0.0,0.0,305.0,,0.087,-0.098,0.12485345414711091,0.03333333333333333,0.0,-0.0
1743599733.136921,0.0,0.0,305.0,,0.087,-0.098,0.12485345414711091,0.03333333333333333,0.0,-0.0
1743599733.1571085,0.0,0.0,305.0,,0.087,-0.098,0.13485173871282896,0.03333333333333333,0.0,-0.0
1743599733.1775193,0.0,0.0,305.0,,0.087,-0.098,0.13485173871282896,0.03333333333333333,0.0,-0.0
1743599733.1980517,0.0,0.0,305.0,,0.087,-0.098,0.13485173871282896,0.03333333333333333,0.0,-0.0
1743599733.2213933,0.0,0.0,305.0,,0.068,-0.088,0.12461468038849155,0.03333333333333333,0.0,-0.0
1743599733.2419367,0.0,0.0,305.0,,0.058,-0.088,0.1345509549175059,0.03333333333333333,0.0,-0.0
1743599733.2625008,0.0,0.0,305.0,,0.068,-0.098,0.11470853662458325,0.03333333333333333,0.0,-0.0
1743599733.2830877,0.0,0.0,305.0,,0.077,-0.088,0.12467953117774755,0.03333333333333333,0.0,-0.0
1743599733.3035254,0.0,0.0,305.0,,0.087,-0.078,0.13467717341603525,0.03333333333333333,0.0,-0.0
1743599733.3236675,0.0,0.0,305.0,,0.087,-0.088,0.13475949798424836,0.03333333333333333,0.0,-0.0
1743599733.343836,0.0,0.0,305.0,,0.087,-0.088,0.12476102766380137,0.03333333333333333,0.0,-0.0
1743599733.3641267,0.0,0.0,305.0,,0.077,-0.088,0.12467953117774755,0.03333333333333333,0.0,-0.0
1743599733.384414,0.0,0.0,305.0,,0.077,-0.098,0.12477195996473078,0.03333333333333333,0.0,-0.0
1743599733.4046314,0.0,0.0,305.0,,0.077,-0.098,0.12477195996473078,0.03333333333333333,0.0,-0.0
1743599733.4248357,0.0,0.0,305.0,,0.077,-0.098,0.12477195996473078,0.03333333333333333,0.0,-0.0
1743599733.447541,0.0,0.0,305.0,,0.087,-0.098,0.12485345414711091,0.03333333333333333,0.0,-0.0
1743599733.467713,0.0,0.0,305.0,,0.087,-0.098,0.12485345414711091,0.03333333333333333,0.0,-0.0
1743599733.4893773,0.0,0.0,305.0,,0.087,-0.098,0.12485345414711091,0.03333333333333333,0.0,-0.0
1743599733.509547,0.0,0.0,305.0,,0.038,-0.078,0.14437264783529358,0.03333333333333333,0.0,-0.0
1743599733.529688,0.0,0.0,305.0,,0.038,-0.078,0.14437264783529358,0.03333333333333333,0.0,-0.0
1743599733.5498588,0.0,0.0,305.0,,0.077,-0.059,0.1344667404157338,0.03333333333333333,0.0,-0.0
1743599733.570027,0.0,0.0,305.0,,0.126,-0.108,0.09637658352360745,0.03333333333333333,0.0,-0.0
1743599733.5903244,0.0,0.0,305.0,,0.126,-0.108,0.09637658352360745,0.03333333333333333,0.0,-0.0
1743599733.6106179,0.0,0.0,305.0,,0.077,-0.088,0.13467816529063725,0.03333333333333333,0.0,-0.0
1743599733.6307774,0.0,0.0,305.0,,0.077,-0.088,0.13467816529063725,0.03333333333333333,0.0,-0.0
1743599733.6511037,0.0,0.0,305.0,,0.077,-0.088,0.13467816529063725,0.03333333333333333,0.0,-0.0
1743599733.6713436,0.0,0.0,305.0,,0.068,-0.078,0.14453005007690933,0.03333333333333333,0.0,-0.0
1743599733.6915116,0.0,0.0,305.0,,0.087,-0.098,0.12485345414711091,0.03333333333333333,0.0,-0.0
1743599733.711669,0.0,0.0,305.0,,0.087,-0.098,0.12485345414711091,0.03333333333333333,0.0,-0.0
1743599733.7344005,0.0,0.0,305.0,,0.087,-0.098,0.12485345414711091,0.03333333333333333,0.0,-0.0
1743599733.754598,0.0,0.0,305.0,,0.068,-0.088,0.12461468038849155,0.03333333333333333,0.0,-0.0
1743599733.7748132,0.0,0.0,305.0,,0.068,-0.098,0.1247071110086484,0.03333333333333333,0.0,-0.0
1743599733.7951238,0.0,0.0,305.0,,0.077,-0.088,0.13467816529063725,0.03333333333333333,0.0,-0.0
1743599733.8155599,0.0,0.0,305.0,,0.077,-0.098,0.12477195996473078,0.03333333333333333,0.0,-0.0
1743599733.8361537,0.0,0.0,305.0,,0.077,-0.088,0.13467816529063725,0.03333333333333333,0.0,-0.0
1743599733.8563428,0.0,0.0,305.0,,0.077,-0.088,0.12467953117774755,0.03333333333333333,0.0,-0.0
1743599733.8777194,0.0,0.0,305.0,,0.068,-0.088,0.13461344484205107,0.03333333333333333,0.0,-0.0
1743599733.9006414,0.0,0.0,305.0,,0.077,-0.088,0.13467816529063725,0.03333333333333333,0.0,-0.0
1743599733.9210107,0.0,0.0,305.0,,0.077,-0.088,0.12467953117774755,0.03333333333333333,0.0,-0.0
1743599733.9412456,0.0,0.0,305.0,,0.077,-0.088,0.12467953117774755,0.03333333333333333,0.0,-0.0
1743599733.961519,0.0,0.0,305.0,,0.077,-0.088,0.12467953117774755,0.03333333333333333,0.0,-0.0
1743599733.9817948,0.0,0.0,305.0,,0.077,-0.088,0.12467953117774755,0.03333333333333333,0.0,-0.0
1743599734.0020924,0.0,0.0,305.0,,0.077,-0.088,0.12467953117774755,0.03333333333333333,0.0,-0.0
1743599734.02247,0.0,0.0,305.0,,0.077,-0.078,0.134595838674624,0.03333333333333333,0.0,-0.0
1743599734.0426295,0.0,0.0,305.0,,0.077,-0.088,0.13467816529063725,0.03333333333333333,0.0,-0.0
1743599734.0629532,0.0,0.0,305.0,,0.077,-0.088,0.13467816529063725,0.03333333333333333,0.0,-0.0
1743599734.0833373,0.0,0.0,305.0,,0.077,-0.088,0.12467953117774755,0.03333333333333333,0.0,-0.0
1743599734.1038764,0.0,0.0,305.0,,0.077,-0.088,0.12467953117774755,0.03333333333333333,0.0,-0.0
1743599734.1240578,0.0,0.0,305.0,,0.077,-0.088,0.12467953117774755,0.03333333333333333,0.0,-0.0
1743599734.1442223,0.0,0.0,305.0,,0.077,-0.088,0.13467816529063725,0.03333333333333333,0.0,-0.0
1743599734.1643589,0.0,0.0,305.0,,0.087,-0.098,0.14485002844513595,0.03333333333333333,0.0,-0.0
1743599734.1846957,0.0,0.0,305.0,,0.087,-0.098,0.14485002844513595,0.03333333333333333,0.0,-0.0
1743599734.205121,0.0,0.0,305.0,,0.077,-0.088,0.12467953117774755,0.03333333333333333,0.0,-0.0
1743599734.2255626,0.0,0.0,305.0,,0.077,-0.088,0.12467953117774755,0.03333333333333333,0.0,-0.0
1743599734.2457595,0.0,0.0,305.0,,0.068,-0.088,0.12461468038849155,0.03333333333333333,0.0,-0.0
1743599734.265976,0.0,0.0,305.0,,0.077,-0.088,0.11468090119540975,0.03333333333333333,0.0,-0.0
1743599734.2866688,0.0,0.0,305.0,,0.077,-0.088,0.11468090119540975,0.03333333333333333,0.0,-0.0
1743599734.3072772,0.0,0.0,305.0,,0.077,-0.088,0.13467816529063725,0.03333333333333333,0.0,-0.0
1743599734.3275735,0.0,0.0,305.0,,0.077,-0.088,0.13467816529063725,0.03333333333333333,0.0,-0.0
1743599734.3480766,0.0,0.0,305.0,,0.077,-0.088,0.13467816529063725,0.03333333333333333,0.0,-0.0
1743599734.3685641,0.0,0.0,305.0,,0.077,-0.088,0.13467816529063725,0.03333333333333333,0.0,-0.0
1743599734.3891542,0.0,0.0,305.0,,0.087,-0.098,0.12485345414711091,0.03333333333333333,0.0,-0.0
1743599734.4123182,0.0,0.0,305.0,,0.068,-0.078,0.12453218633812746,0.03333333333333333,0.0,-0.0
1743599734.4362261,0.0,0.0,305.0,,0.068,-0.078,0.12453218633812746,0.03333333333333333,0.0,-0.0
1743599734.4592552,0.0,0.0,305.0,,0.077,-0.088,0.12467953117774755,0.03333333333333333,0.0,-0.0
1743599734.4795341,0.0,0.0,305.0,,0.077,-0.088,0.13467816529063725,0.03333333333333333,0.0,-0.0
1743599734.4997637,0.0,0.0,305.0,,0.068,-0.088,0.13461344484205107,0.03333333333333333,0.0,-0.0
1743599734.5200071,0.0,0.0,305.0,,0.068,-0.088,0.13461344484205107,0.03333333333333333,0.0,-0.0
1743599734.5402277,0.0,0.0,305.0,,0.077,-0.098,0.12477195996473078,0.03333333333333333,0.0,-0.0
1743599734.5606232,0.0,0.0,305.0,,0.077,-0.098,0.12477195996473078,0.03333333333333333,0.0,-0.0
1743599734.5829349,0.0,0.0,305.0,,0.077,-0.088,0.12467953117774755,0.03333333333333333,0.0,-0.0
1743599734.6032763,0.0,0.0,305.0,,0.087,-0.098,0.1048569005988842,0.03333333333333333,0.0,-0.0
1743599734.6235256,0.0,0.0,305.0,,0.087,-0.118,0.10507242517737758,0.03333333333333333,0.0,-0.0
1743599734.6437678,0.0,0.0,305.0,,0.068,-0.098,0.1247071110086484,0.03333333333333333,0.0,-0.0
1743599734.663974,0.0,0.0,305.0,,0.058,-0.039,0.17324041716530836,0.03333333333333333,0.0,-0.0
1743599734.6847208,0.0,0.0,305.0,,0.058,-0.069,0.154401391607907,0.03333333333333333,0.0,-0.0
1743599734.7050982,0.0,0.0,305.0,,0.087,-0.088,0.13475949798424836,0.03333333333333333,0.0,-0.0
1743599734.7256153,0.0,0.0,305.0,,0.097,-0.108,0.11504935438100183,0.03333333333333333,0.0,-0.0
1743599734.7463288,0.0,0.0,305.0,,0.097,-0.088,0.10485590276686985,0.03333333333333333,0.0,-0.0
1743599734.7665484,0.0,0.0,305.0,,0.058,-0.108,0.11474837106646518,0.03333333333333333,0.0,-0.0
1743599734.7867663,0.0,0.0,305.0,,0.058,-0.108,0.11474837106646518,0.03333333333333333,0.0,-0.0
1743599734.8071544,0.0,0.0,305.0,,0.068,-0.069,0.14446456572509803,0.03333333333333333,0.0,-0.0
1743599734.8274932,0.0,0.0,305.0,,0.087,-0.098,0.11485517476881846,0.03333333333333333,0.0,-0.0
1743599734.8476808,0.0,0.0,305.0,,0.087,-0.098,0.11485517476881846,0.03333333333333333,0.0,-0.0
1743599734.8678966,0.0,0.0,305.0,,0.077,-0.088,0.13467816529063725,0.03333333333333333,0.0,-0.0
1743599734.888292,0.0,0.0,305.0,,0.077,-0.098,0.11477351630804833,0.03333333333333333,0.0,-0.0
1743599734.9086394,0.0,0.0,305.0,,0.077,-0.098,0.11477351630804833,0.03333333333333333,0.0,-0.0
1743599734.9290326,0.0,0.0,305.0,,0.068,-0.088,0.13461344484205107,0.03333333333333333,0.0,-0.0
1743599734.9494233,0.0,0.0,305.0,,0.077,-0.088,0.12467953117774755,0.03333333333333333,0.0,-0.0
1743599734.969745,0.0,0.0,305.0,,0.077,-0.088,0.12467953117774755,0.03333333333333333,0.0,-0.0
1743599734.9907837,0.0,0.0,305.0,,0.077,-0.088,0.12467953117774755,0.03333333333333333,0.0,-0.0
1743599735.0114126,0.0,0.0,305.0,,0.077,-0.088,0.12467953117774755,0.03333333333333333,0.0,-0.0
1743599735.0320282,0.0,0.0,305.0,,0.077,-0.088,0.12467953117774755,0.03333333333333333,0.0,-0.0
1743599735.0526624,0.0,0.0,305.0,,0.077,-0.088,0.11468090119540975,0.03333333333333333,0.0,-0.0
1743599735.0733023,0.0,0.0,305.0,,0.077,-0.088,0.12467953117774755,0.03333333333333333,0.0,-0.0
1743599735.094031,0.0,0.0,305.0,,0.077,-0.088,0.12467953117774755,0.03333333333333333,0.0,-0.0
1743599735.1164246,0.0,0.0,305.0,,0.077,-0.088,0.13467816529063725,0.03333333333333333,0.0,-0.0
1743599735.136881,0.0,0.0,305.0,,0.087,-0.088,0.12476102766380137,0.03333333333333333,0.0,-0.0
1743599735.1572833,0.0,0.0,305.0,,0.077,-0.088,0.13467816529063725,0.03333333333333333,0.0,-0.0
1743599735.177992,0.0,0.0,305.0,,0.077,-0.098,0.1347704083136403,0.03333333333333333,0.0,-0.0
1743599735.198195,0.0,0.0,305.0,,0.077,-0.098,0.11477351630804833,0.03333333333333333,0.0,-0.0
1743599735.2203953,0.0,0.0,305.0,,0.077,-0.088,0.12467953117774755,0.03333333333333333,0.0,-0.0
1743599735.241004,0.0,0.0,305.0,,0.077,-0.078,0.134595838674624,0.03333333333333333,0.0,-0.0
1743599735.262396,0.0,0.0,305.0,,0.077,-0.098,0.12477195996473078,0.03333333333333333,0.0,-0.0
1743599735.2826014,0.0,0.0,305.0,,0.068,-0.098,0.1247071110086484,0.03333333333333333,0.0,-0.0
1743599735.3028252,0.0,0.0,305.0,,0.077,-0.088,0.13467816529063725,0.03333333333333333,0.0,-0.0
1743599735.3234477,0.0,0.0,305.0,,0.087,-0.078,0.11467990531972738,0.03333333333333333,0.0,-0.0
1743599735.3438041,0.0,0.0,305.0,,0.087,-0.088,0.13475949798424836,0.03333333333333333,0.0,-0.0
1743599735.3643591,0.0,0.0,305.0,,0.077,-0.098,0.12477195996473078,0.03333333333333333,0.0,-0.0
1743599735.3845577,0.0,0.0,305.0,,0.068,-0.098,0.11470853662458325,0.03333333333333333,0.0,-0.0
1743599735.4047947,0.0,0.0,305.0,,0.077,-0.098,0.12477195996473078,0.03333333333333333,0.0,-0.0
1743599735.4253304,0.0,0.0,305.0,,0.087,-0.069,0.1446103322017418,0.03333333333333333,0.0,-0.0
1743599735.4458952,0.0,0.0,305.0,,0.087,-0.069,0.1446103322017418,0.03333333333333333,0.0,-0.0
1743599735.4663212,0.0,0.0,305.0,,0.077,-0.098,0.12477195996473078,0.03333333333333333,0.0,-0.0
1743599735.491772,0.0,0.0,305.0,,0.077,-0.088,0.11468090119540975,0.03333333333333333,0.0,-0.0
1743599735.5120652,0.0,0.0,305.0,,0.077,-0.088,0.11468090119540975,0.03333333333333333,0.0,-0.0
