timestamp,roll,pitch,yaw,touch_gesture,acc_x,acc_y,acc_z,gyro_x,gyro_y,gyro_z
1744720263.7547612,,,,,,,,,,
1744720264.2914126,,,,,,,,,,
1744720264.7516181,0.0,0.0,0.0,,9.815,0.225,-0.715,0.03333333333333333,0.0,-0.0
1744720265.228586,1.0,-93.0,304.0,,9.825,0.195,-0.715,0.03333333333333333,0.0,-0.0
1744720265.6668644,1.0,-93.0,304.0,,9.815,0.244,-0.754,0.03333333333333333,0.0,-0.0
1744720266.0956666,2.0,-94.0,304.0,,11.63,-0.843,0.392,0.03333333333333333,0.0,-0.0
1744720266.4507027,2.0,-94.0,306.0,,6.403,0.666,2.864,0.03333333333333333,0.0,-0.0
1744720266.8300664,3.0,-96.0,321.0,,10.541,0.195,2.864,0.03333333333333333,0.0,-0.0
1744720267.2341688,4.0,-95.0,321.0,,9.021,1.901,1.049,0.03333333333333333,0.0,-0.0
1744720267.6433337,4.0,-95.0,321.0,,10.512,0.784,1.618,0.03333333333333333,0.0,-0.0
1744720267.9802613,4.0,-95.0,321.0,,9.923,-0.029,-0.529,0.03333333333333333,0.0,-0.0
1744720268.330983,2.0,-93.0,321.0,,9.668,-0.294,-0.283,0.03333333333333333,0.0,-0.0
1744720268.6707828,0.0,-92.0,321.0,,9.659,0.244,-0.009,0.03333333333333333,0.0,-0.0
1744720269.02037,0.0,-91.0,321.0,,9.992,-0.069,-0.185,0.03333333333333333,0.0,-0.0
1744720269.365163,0.0,-90.0,321.0,,9.992,0.999,0.794,0.03333333333333333,0.0,-0.0
1744720269.7192798,2.0,-89.0,323.0,,6.834,5.402,4.06,0.03333333333333333,0.0,-0.0
1744720270.075171,9.0,-84.0,322.0,,4.186,7.491,5.276,0.03333333333333333,0.0,-0.0
1744720270.431192,23.0,-74.0,319.0,,1.548,8.629,4.854,0.03333333333333333,0.0,-0.0
1744720270.7940812,39.0,-63.0,313.0,,-0.157,9.247,3.942,0.03333333333333333,0.0,-0.0
1744720271.162718,53.0,-51.0,304.0,,-1.902,9.413,2.834,0.03333333333333333,0.0,-0.0
1744720271.5211823,59.0,-45.0,298.0,,2.431,9.05,4.197,0.03333333333333333,0.0,-0.0
1744720271.8954332,58.0,-47.0,302.0,,8.541,4.059,4.06,0.03333333333333333,0.0,-0.0
1744720272.2211807,50.0,-53.0,308.0,,10.374,-1.432,1.824,0.03333333333333333,0.0,-0.0
1744720272.5359986,42.0,-63.0,315.0,,9.413,-3.53,-1.833,0.03333333333333333,0.0,-0.0
1744720272.858588,32.0,-74.0,322.0,,6.932,-4.207,-4.765,0.03333333333333333,0.0,-0.0
1744720273.1972277,27.0,-81.0,326.0,,4.01,-5.462,-7.266,0.03333333333333333,0.0,-0.0
1744720273.5474863,22.0,-93.0,332.0,,2.97,-5.031,-7.717,0.03333333333333333,0.0,-0.0
1744720273.8849509,19.0,-97.0,334.0,,5.491,-3.883,-7.011,0.03333333333333333,0.0,-0.0
1744720274.227918,13.0,-106.0,337.0,,8.001,-0.637,-5.873,0.03333333333333333,0.0,-0.0
1744720274.5678937,12.0,-109.0,338.0,,6.824,5.451,-3.471,0.03333333333333333,0.0,-0.0
1744720274.9223003,16.0,-110.0,340.0,,3.696,8.678,-1.078,0.03333333333333333,0.0,-0.0
1744720275.275338,21.0,-108.0,347.0,,3.0,7.54,5.629,0.03333333333333333,0.0,-0.0
1744720275.6204586,26.0,-92.0,353.0,,3.882,-2.069,9.081,0.03333333333333333,0.0,-0.0
1744720275.9706402,15.0,-80.0,340.0,,6.511,-8.669,-0.882,0.03333333333333333,0.0,-0.0
1744720276.3177185,12.0,-80.0,338.0,,1.98,-3.903,-8.433,0.03333333333333333,0.0,-0.0
1744720276.6612496,12.0,-86.0,339.0,,0.97,0.509,-9.953,0.03333333333333333,0.0,-0.0
1744720277.03565,14.0,-92.0,340.0,,2.931,3.667,-5.854,0.03333333333333333,0.0,-0.0
1744720277.400008,10.0,-99.0,334.0,,8.393,-6.149,1.961,0.03333333333333333,0.0,-0.0
1744720277.775355,10.0,-98.0,335.0,,7.795,3.471,6.904,0.03333333333333333,0.0,-0.0
1744720278.1368763,12.0,-97.0,335.0,,4.304,9.168,1.383,0.03333333333333333,0.0,-0.0
1744720278.50175,20.0,-98.0,336.0,,2.872,8.286,-3.52,0.03333333333333333,0.0,-0.0
1744720278.8994749,24.0,-100.0,337.0,,9.747,2.813,-0.636,0.03333333333333333,0.0,-0.0
1744720279.2401013,22.0,-102.0,338.0,,10.1,-1.922,1.157,0.03333333333333333,0.0,-0.0
1744720279.574743,13.0,-95.0,336.0,,10.129,2.892,1.893,0.03333333333333333,0.0,-0.0
1744720279.9208345,16.0,-95.0,340.0,,7.933,1.911,9.267,0.03333333333333333,0.0,-0.0
1744720280.26842,21.0,-87.0,350.0,,1.656,-0.186,11.533,0.03333333333333333,0.0,-0.0
1744720280.596716,20.0,-83.0,348.0,,0.391,0.47,9.865,0.03333333333333333,0.0,-0.0
1744720280.9288836,15.0,-49.0,338.0,,0.195,0.107,9.924,0.03333333333333333,0.0,-0.0
1744720281.26793,5.0,-13.0,332.0,,0.205,0.107,9.924,0.03333333333333333,0.0,-0.0
1744720281.6309664,2.0,-4.0,332.0,,1.313,5.873,13.18,0.03333333333333333,0.0,-0.0
1744720281.9965582,19.0,-1.0,34.0,,-3.226,2.127,-6.599,0.03333333333333333,0.0,-0.0
1744720282.3540804,24.0,7.0,30.0,,-1.079,6.373,-7.874,0.03333333333333333,0.0,-0.0
1744720282.6891606,30.0,7.0,31.0,,-0.667,6.344,-7.619,0.03333333333333333,0.0,-0.0
1744720283.0364802,38.0,7.0,32.0,,6.815,6.971,-2.451,0.03333333333333333,0.0,-0.0
1744720283.3732176,46.0,-16.0,66.0,,7.021,-2.138,2.157,0.03333333333333333,0.0,-0.0
1744720283.7032902,43.0,-23.0,73.0,,-2.697,0.725,-2.774,0.03333333333333333,0.0,-0.0
1744720284.047525,40.0,-30.0,80.0,,15.513,7.864,9.532,0.03333333333333333,0.0,-0.0
1744720284.3781834,31.0,-38.0,89.0,,7.472,-4.776,3.628,0.03333333333333333,0.0,-0.0
1744720284.7013133,30.0,-39.0,89.0,,8.913,-6.08,0.696,0.03333333333333333,0.0,-0.0
1744720285.0431478,37.0,-54.0,106.0,,2.088,6.226,-8.678,0.03333333333333333,0.0,-0.0
1744720285.3897712,41.0,-65.0,116.0,,-3.766,14.866,-0.754,0.03333333333333333,0.0,-0.0
1744720285.781956,34.0,-71.0,126.0,,0.087,-4.825,12.768,0.03333333333333333,0.0,-0.0
1744720286.2148595,17.0,-80.0,145.0,,6.305,-5.737,-4.206,0.03333333333333333,0.0,-0.0
1744720286.674089,15.0,-81.0,147.0,,6.903,-7.169,1.108,0.03333333333333333,0.0,-0.0
1744720287.0699182,11.0,-76.0,146.0,,10.198,-0.412,6.835,0.03333333333333333,0.0,-0.0
1744720287.4406583,11.0,-75.0,145.0,,7.609,-0.431,-0.901,0.03333333333333333,0.0,-0.0
1744720287.801907,10.0,-77.0,146.0,,9.786,0.146,-0.636,0.03333333333333333,0.0,-0.0
1744720288.1457322,6.0,-83.0,147.0,,10.139,-0.01,-0.205,0.03333333333333333,0.0,-0.0
1744720288.5104713,2.0,-88.0,148.0,,9.796,-0.01,-0.342,0.03333333333333333,0.0,-0.0
1744720288.8782814,0.0,-90.0,148.0,,9.717,0.0,-0.342,0.03333333333333333,0.0,-0.0
1744720289.243749,0.0,-90.0,148.0,,9.825,-0.177,-0.215,0.03333333333333333,0.0,-0.0
1744720289.6204798,-1.0,-89.0,148.0,,9.649,-1.285,0.108,0.03333333333333333,0.0,-0.0
1744720289.9898026,-5.0,-89.0,148.0,,8.07,-5.492,-0.715,0.03333333333333333,0.0,-0.0
1744720290.3552861,-9.0,-90.0,152.0,,0.46,-7.757,-6.04,0.03333333333333333,0.0,-0.0
1744720290.7131906,-15.0,-97.0,152.0,,0.038,-6.659,-6.824,0.03333333333333333,0.0,-0.0
1744720291.0802555,-22.0,-106.0,149.0,,0.058,-6.551,-6.913,0.03333333333333333,0.0,-0.0
1744720291.4421527,-28.0,-113.0,146.0,,0.401,-7.375,-6.638,0.03333333333333333,0.0,-0.0
1744720291.7974246,-34.0,-123.0,141.0,,2.823,-8.424,-5.108,0.03333333333333333,0.0,-0.0
1744720292.1588829,-52.0,-80.0,160.0,,3.333,-3.364,11.68,0.03333333333333333,0.0,-0.0
1744720292.5342946,-53.0,-65.0,166.0,,-0.265,0.43,10.013,0.03333333333333333,0.0,-0.0
1744720292.904494,-26.0,-18.0,200.0,,0.215,0.117,9.934,0.03333333333333333,0.0,-0.0
1744720293.2978666,-5.0,-4.0,204.0,,0.215,0.117,9.934,0.03333333333333333,0.0,-0.0
1744720293.6752932,0.0,-1.0,204.0,,0.205,0.117,9.934,0.03333333333333333,0.0,-0.0
1744720294.0036647,0.0,0.0,204.0,,0.205,0.107,9.934,0.03333333333333333,0.0,-0.0
1744720294.3308942,1.0,0.0,204.0,,0.205,0.107,9.934,0.03333333333333333,0.0,-0.0
1744720294.6572175,1.0,0.0,204.0,,0.215,0.107,9.934,0.03333333333333333,0.0,-0.0
1744720294.996395,1.0,0.0,204.0,,0.205,0.117,9.924,0.03333333333333333,0.0,-0.0
1744720295.3345518,1.0,0.0,204.0,,0.215,0.117,9.934,0.03333333333333333,0.0,-0.0
1744720295.6571612,1.0,0.0,204.0,,0.205,0.117,9.934,0.03333333333333333,0.0,-0.0
1744720295.9961154,1.0,0.0,204.0,,0.215,0.117,9.934,0.03333333333333333,0.0,-0.0
1744720296.3236928,1.0,0.0,204.0,,0.205,0.107,9.944,0.03333333333333333,0.0,-0.0
1744720296.6597192,1.0,0.0,204.0,,0.205,0.117,9.934,0.03333333333333333,0.0,-0.0
1744720296.9919586,1.0,0.0,204.0,,0.205,0.117,9.934,0.03333333333333333,0.0,-0.0
1744720297.3290877,1.0,0.0,204.0,,0.205,0.117,9.944,0.03333333333333333,0.0,-0.0
1744720297.6550715,1.0,0.0,204.0,,0.205,0.117,9.944,0.03333333333333333,0.0,-0.0
1744720297.9977686,1.0,0.0,204.0,,0.205,0.107,9.934,0.03333333333333333,0.0,-0.0
1744720298.3256438,1.0,0.0,204.0,,0.205,0.117,9.934,0.03333333333333333,0.0,-0.0
1744720298.6662254,1.0,0.0,204.0,,0.205,0.107,9.934,0.03333333333333333,0.0,-0.0
1744720299.015717,1.0,0.0,204.0,,0.205,0.117,9.934,0.03333333333333333,0.0,-0.0
1744720299.3514528,1.0,0.0,204.0,,0.195,0.126,9.924,0.03333333333333333,0.0,-0.0
1744720299.696355,1.0,0.0,204.0,,0.205,0.107,9.934,0.03333333333333333,0.0,-0.0
1744720300.045762,1.0,0.0,204.0,,0.205,0.117,9.944,0.03333333333333333,0.0,-0.0
1744720300.391318,1.0,0.0,204.0,,0.185,0.077,9.875,0.03333333333333333,0.0,-0.0
1744720300.7316349,1.0,0.0,204.0,,0.636,0.43,10.268,0.03333333333333333,0.0,-0.0
1744720301.0760617,2.0,1.0,236.0,,-0.392,-7.522,6.129,0.03333333333333333,0.0,-0.0
1744720301.4172716,-3.0,1.0,256.0,,0.254,-9.65,-0.028,0.03333333333333333,0.0,-0.0
1744720301.7595005,-27.0,0.0,255.0,,0.225,-9.709,0.147,0.03333333333333333,0.0,-0.0
1744720302.133913,-52.0,0.0,254.0,,0.234,-9.718,0.167,0.03333333333333333,0.0,-0.0
1744720302.5226018,-68.0,-2.0,252.0,,0.225,-9.718,0.147,0.03333333333333333,0.0,-0.0
1744720302.94131,-77.0,-5.0,249.0,,0.234,-9.718,0.147,0.03333333333333333,0.0,-0.0
1744720303.319088,-82.0,-10.0,244.0,,0.225,-9.718,0.157,0.03333333333333333,0.0,-0.0
1744720303.6636062,-85.0,-17.0,237.0,,0.234,-9.709,0.157,0.03333333333333333,0.0,-0.0
1744720304.06164,-86.0,-27.0,228.0,,0.225,-9.709,0.167,0.03333333333333333,0.0,-0.0
1744720304.4881,-87.0,-37.0,218.0,,0.215,-9.709,0.127,0.03333333333333333,0.0,-0.0
1744720304.8529546,-87.0,-44.0,211.0,,0.225,-9.709,0.177,0.03333333333333333,0.0,-0.0
1744720305.2068076,-87.0,-48.0,206.0,,0.225,-9.718,0.118,0.03333333333333333,0.0,-0.0
1744720305.5584195,-87.0,-51.0,203.0,,0.244,-9.728,0.127,0.03333333333333333,0.0,-0.0
1744720305.8893237,-87.0,-53.0,201.0,,0.195,-9.699,0.127,0.03333333333333333,0.0,-0.0
1744720306.2467058,-87.0,-54.0,200.0,,0.234,-9.728,0.157,0.03333333333333333,0.0,-0.0
1744720306.596784,-87.0,-55.0,200.0,,0.234,-9.718,0.157,0.03333333333333333,0.0,-0.0
1744720306.9302814,-87.0,-55.0,199.0,,0.234,-9.718,0.157,0.03333333333333333,0.0,-0.0
1744720307.2636917,-87.0,-55.0,199.0,,0.225,-9.718,0.137,0.03333333333333333,0.0,-0.0
1744720307.590815,-87.0,-55.0,199.0,,0.225,-9.709,0.147,0.03333333333333333,0.0,-0.0
1744720307.9250846,-87.0,-55.0,199.0,,0.215,-9.718,0.147,0.03333333333333333,0.0,-0.0
1744720308.2593513,-87.0,-56.0,199.0,,0.225,-9.709,0.157,0.03333333333333333,0.0,-0.0
1744720308.6169488,-87.0,-56.0,199.0,,0.234,-9.718,0.157,0.03333333333333333,0.0,-0.0
1744720308.9925966,-87.0,-56.0,199.0,,0.225,-9.709,0.147,0.03333333333333333,0.0,-0.0
1744720309.3313468,-87.0,-56.0,198.0,,0.215,-9.709,0.177,0.03333333333333333,0.0,-0.0
1744720309.6676245,-87.0,-56.0,199.0,,0.205,-9.699,0.147,0.03333333333333333,0.0,-0.0
1744720310.0011044,-87.0,-56.0,199.0,,0.234,-9.718,0.167,0.03333333333333333,0.0,-0.0
1744720310.3274546,-87.0,-56.0,199.0,,0.225,-9.728,0.167,0.03333333333333333,0.0,-0.0
1744720310.6532574,-87.0,-56.0,199.0,,0.225,-9.709,0.157,0.03333333333333333,0.0,-0.0
1744720310.9967794,-87.0,-40.0,215.0,,0.313,-9.65,1.0,0.03333333333333333,0.0,-0.0
1744720311.3429646,-76.0,19.0,255.0,,7.962,-5.815,0.932,0.03333333333333333,0.0,-0.0
1744720311.688685,-78.0,9.0,237.0,,9.845,-2.177,-1.627,0.03333333333333333,0.0,-0.0
1744720312.0273366,-77.0,-20.0,212.0,,9.982,-2.059,0.059,0.03333333333333333,0.0,-0.0
1744720312.3746917,-75.0,-38.0,197.0,,10.463,-1.03,0.029,0.03333333333333333,0.0,-0.0
1744720312.7275567,-72.0,-50.0,187.0,,8.639,4.618,1.706,0.03333333333333333,0.0,-0.0
1744720313.0991077,-68.0,-55.0,183.0,,4.0,7.785,3.246,0.03333333333333333,0.0,-0.0
1744720313.5106623,-64.0,-54.0,183.0,,1.244,8.58,0.314,0.03333333333333333,0.0,-0.0
1744720313.8896332,-63.0,-63.0,178.0,,3.52,14.179,-1.137,0.03333333333333333,0.0,-0.0
1744720314.2433956,-42.0,-155.0,120.0,,2.98,9.325,-0.303,0.03333333333333333,0.0,-0.0
1744720314.5902631,-26.0,-142.0,123.0,,2.843,9.59,1.118,0.03333333333333333,0.0,-0.0
1744720314.944049,-2.0,-129.0,124.0,,1.313,9.835,0.314,0.03333333333333333,0.0,-0.0
1744720315.2922022,25.0,-126.0,124.0,,0.283,10.021,0.108,0.03333333333333333,0.0,-0.0
1744720315.6729436,64.0,-123.0,122.0,,0.293,10.021,0.127,0.03333333333333333,0.0,-0.0
1744720316.042934,81.0,-116.0,115.0,,0.293,10.012,0.127,0.03333333333333333,0.0,-0.0
1744720316.4003024,86.0,-101.0,100.0,,0.283,10.031,0.137,0.03333333333333333,0.0,-0.0
1744720316.7455168,88.0,-84.0,83.0,,0.293,10.012,0.137,0.03333333333333333,0.0,-0.0
1744720317.0946672,88.0,-72.0,71.0,,0.283,10.021,0.137,0.03333333333333333,0.0,-0.0
1744720317.4489012,88.0,-67.0,66.0,,0.293,10.031,0.137,0.03333333333333333,0.0,-0.0
1744720317.795008,88.0,-65.0,65.0,,0.293,10.031,0.137,0.03333333333333333,0.0,-0.0
1744720318.1613476,88.0,-65.0,64.0,,0.303,10.021,0.137,0.03333333333333333,0.0,-0.0
1744720318.5146995,88.0,-65.0,64.0,,0.293,10.021,0.127,0.03333333333333333,0.0,-0.0
1744720318.8739614,88.0,-64.0,64.0,,0.215,10.021,0.235,0.03333333333333333,0.0,-0.0
1744720319.2195837,88.0,-65.0,64.0,,0.293,10.021,0.137,0.03333333333333333,0.0,-0.0
1744720319.5660233,88.0,-65.0,64.0,,0.293,10.031,0.127,0.03333333333333333,0.0,-0.0
1744720319.9237342,88.0,-65.0,64.0,,0.293,10.021,0.137,0.03333333333333333,0.0,-0.0
1744720320.2754736,88.0,-65.0,64.0,,0.293,10.021,0.127,0.03333333333333333,0.0,-0.0
1744720320.6161559,88.0,-64.0,64.0,,0.303,10.021,0.127,0.03333333333333333,0.0,-0.0
1744720320.9501207,88.0,-65.0,64.0,,0.303,10.031,0.137,0.03333333333333333,0.0,-0.0
1744720321.291055,88.0,-65.0,64.0,,0.342,10.021,0.216,0.03333333333333333,0.0,-0.0
1744720321.6445646,88.0,-65.0,64.0,,0.303,10.031,0.127,0.03333333333333333,0.0,-0.0
1744720321.9864666,88.0,-64.0,64.0,,0.303,10.031,0.118,0.03333333333333333,0.0,-0.0
1744720322.3260634,88.0,-65.0,64.0,,0.293,10.031,0.167,0.03333333333333333,0.0,-0.0
1744720322.6688514,88.0,-65.0,64.0,,0.293,10.021,0.127,0.03333333333333333,0.0,-0.0
1744720323.018954,88.0,-65.0,64.0,,0.293,10.021,0.137,0.03333333333333333,0.0,-0.0
1744720323.3609114,85.0,-116.0,173.0,,5.942,1.137,-4.275,0.03333333333333333,0.0,-0.0
1744720323.7165697,62.0,-152.0,241.0,,2.323,-8.198,-5.638,0.03333333333333333,0.0,-0.0
1744720324.0659719,60.0,-153.0,241.0,,-0.824,-8.267,-2.912,0.03333333333333333,0.0,-0.0
1744720324.4094238,60.0,-153.0,241.0,,0.999,-10.542,1.912,0.03333333333333333,0.0,-0.0
1744720324.7634625,54.0,-147.0,237.0,,1.323,-8.708,2.824,0.03333333333333333,0.0,-0.0
1744720325.1121736,46.0,-132.0,227.0,,2.362,-8.12,4.031,0.03333333333333333,0.0,-0.0
1744720325.4638705,23.0,-108.0,213.0,,2.078,-8.62,4.295,0.03333333333333333,0.0,-0.0
1744720325.808898,-12.0,-87.0,210.0,,2.127,-8.62,4.07,0.03333333333333333,0.0,-0.0
1744720326.1624427,-38.0,-71.0,217.0,,1.901,-8.787,3.628,0.03333333333333333,0.0,-0.0
1744720326.5109537,-54.0,-64.0,227.0,,1.637,-9.375,2.069,0.03333333333333333,0.0,-0.0
1744720326.8560336,-64.0,-59.0,234.0,,1.696,-9.463,1.54,0.03333333333333333,0.0,-0.0
1744720327.2097244,-69.0,-57.0,237.0,,1.705,-9.493,1.363,0.03333333333333333,0.0,-0.0
1744720327.5723927,-72.0,-55.0,240.0,,1.715,-9.503,1.314,0.03333333333333333,0.0,-0.0
1744720327.9095855,-74.0,-54.0,241.0,,1.715,-9.503,1.324,0.03333333333333333,0.0,-0.0
1744720328.2434983,-75.0,-53.0,242.0,,1.647,-9.503,1.334,0.03333333333333333,0.0,-0.0
1744720328.586158,-75.0,-52.0,243.0,,1.813,-9.493,1.304,0.03333333333333333,0.0,-0.0
1744720328.9398336,-76.0,-52.0,243.0,,1.725,-9.503,1.324,0.03333333333333333,0.0,-0.0
1744720329.2820954,-76.0,-52.0,243.0,,1.725,-9.493,1.304,0.03333333333333333,0.0,-0.0
1744720329.6232417,-76.0,-52.0,243.0,,1.725,-9.503,1.314,0.03333333333333333,0.0,-0.0
1744720329.960913,-76.0,-52.0,243.0,,1.764,-9.493,1.304,0.03333333333333333,0.0,-0.0
1744720330.2851279,-76.0,-52.0,243.0,,1.745,-9.503,1.304,0.03333333333333333,0.0,-0.0
1744720330.6181278,-76.0,-52.0,243.0,,1.715,-9.503,1.294,0.03333333333333333,0.0,-0.0
1744720330.9522526,-76.0,-52.0,243.0,,1.774,-9.503,1.285,0.03333333333333333,0.0,-0.0
1744720331.2852964,-76.0,-52.0,242.0,,1.725,-9.512,1.304,0.03333333333333333,0.0,-0.0
1744720331.6253848,-76.0,-52.0,242.0,,1.735,-9.503,1.275,0.03333333333333333,0.0,-0.0
1744720331.9656901,-76.0,-52.0,242.0,,1.725,-9.512,1.285,0.03333333333333333,0.0,-0.0
1744720332.3165011,-76.0,-52.0,243.0,,6.256,-12.396,-0.058,0.03333333333333333,0.0,-0.0
1744720332.6726491,-67.0,-106.0,150.0,,4.824,5.559,-3.117,0.03333333333333333,0.0,-0.0
1744720333.0439603,-65.0,-140.0,130.0,,-6.737,6.962,-3.206,0.03333333333333333,0.0,-0.0
1744720333.3950994,-64.0,-152.0,121.0,,-5.443,7.109,-4.392,0.03333333333333333,0.0,-0.0
1744720333.7452567,-61.0,-160.0,115.0,,2.833,1.029,-8.845,0.03333333333333333,0.0,-0.0
1744720334.100589,-60.0,-162.0,113.0,,-3.981,-7.169,-5.04,0.03333333333333333,0.0,-0.0
1744720334.4557402,-64.0,-160.0,115.0,,7.687,-6.865,-2.539,0.03333333333333333,0.0,-0.0
1744720334.8040059,-64.0,-124.0,134.0,,11.149,0.058,7.306,0.03333333333333333,0.0,-0.0
1744720335.156666,-65.0,-121.0,137.0,,-0.951,3.068,9.13,0.03333333333333333,0.0,-0.0
1744720335.5305479,-70.0,-133.0,134.0,,4.049,-1.206,12.435,0.03333333333333333,0.0,-0.0
1744720335.9096985,-67.0,-116.0,146.0,,3.98,6.138,-8.619,0.03333333333333333,0.0,-0.0
1744720336.2786014,-57.0,-131.0,126.0,,4.834,3.127,-4.412,0.03333333333333333,0.0,-0.0
1744720336.6294568,-49.0,-137.0,119.0,,3.853,8.335,5.178,0.03333333333333333,0.0,-0.0
1744720336.9682868,-47.0,-131.0,124.0,,4.726,7.021,5.904,0.03333333333333333,0.0,-0.0
1744720337.3062124,-43.0,-123.0,130.0,,5.108,6.491,5.462,0.03333333333333333,0.0,-0.0
1744720337.6400647,-21.0,-97.0,146.0,,5.442,6.207,5.717,0.03333333333333333,0.0,-0.0
1744720337.9709518,6.0,-75.0,150.0,,5.422,6.246,5.796,0.03333333333333333,0.0,-0.0
1744720338.3029778,19.0,-64.0,147.0,,5.334,6.158,5.747,0.03333333333333333,0.0,-0.0
1744720338.65132,28.0,-54.0,140.0,,10.159,4.451,4.864,0.03333333333333333,0.0,-0.0
1744720338.988114,24.0,-92.0,175.0,,0.44,1.195,-9.354,0.03333333333333333,0.0,-0.0
1744720339.334329,26.0,-95.0,176.0,,-0.069,0.254,-9.472,0.03333333333333333,0.0,-0.0
1744720339.6845381,25.0,-100.0,179.0,,0.656,-1.902,-9.149,0.03333333333333333,0.0,-0.0
1744720340.015975,15.0,-100.0,184.0,,5.942,6.138,0.392,0.03333333333333333,0.0,-0.0
1744720340.3483572,36.0,-110.0,179.0,,1.47,9.766,2.236,0.03333333333333333,0.0,-0.0
1744720340.683391,40.0,-114.0,179.0,,0.872,10.002,0.294,0.03333333333333333,0.0,-0.0
1744720341.0117323,63.0,-114.0,180.0,,0.293,10.031,0.127,0.03333333333333333,0.0,-0.0
1744720341.3486605,79.0,-110.0,175.0,,0.293,10.031,0.127,0.03333333333333333,0.0,-0.0
1744720341.6878958,85.0,-99.0,165.0,,0.293,10.031,0.127,0.03333333333333333,0.0,-0.0
1744720342.0392103,87.0,-84.0,150.0,,0.293,10.021,0.137,0.03333333333333333,0.0,-0.0
1744720342.3730674,88.0,-72.0,138.0,,0.293,10.031,0.137,0.03333333333333333,0.0,-0.0
1744720342.7117352,88.0,-67.0,133.0,,0.293,10.021,0.137,0.03333333333333333,0.0,-0.0
1744720343.0428164,88.0,-65.0,130.0,,0.293,10.021,0.127,0.03333333333333333,0.0,-0.0
1744720343.3909378,88.0,-64.0,130.0,,0.303,10.021,0.127,0.03333333333333333,0.0,-0.0
1744720343.7329187,88.0,-64.0,129.0,,0.293,10.021,0.137,0.03333333333333333,0.0,-0.0
1744720344.0741675,88.0,-64.0,130.0,,0.254,10.041,0.147,0.03333333333333333,0.0,-0.0
1744720344.405969,88.0,-64.0,130.0,,0.293,10.021,0.147,0.03333333333333333,0.0,-0.0
1744720344.7542794,88.0,-64.0,129.0,,0.293,10.031,0.137,0.03333333333333333,0.0,-0.0
1744720345.0892327,88.0,-63.0,129.0,,0.293,10.021,0.137,0.03333333333333333,0.0,-0.0
1744720345.427202,88.0,-63.0,129.0,,0.293,10.021,0.137,0.03333333333333333,0.0,-0.0
1744720345.8003871,88.0,-64.0,129.0,,0.293,10.021,0.137,0.03333333333333333,0.0,-0.0
1744720346.2421033,88.0,-64.0,129.0,,0.283,10.021,0.147,0.03333333333333333,0.0,-0.0
1744720346.6591833,88.0,-64.0,130.0,,0.274,10.031,0.147,0.03333333333333333,0.0,-0.0
1744720347.0525012,88.0,-63.0,129.0,,0.293,10.021,0.127,0.03333333333333333,0.0,-0.0
1744720347.4225295,88.0,-64.0,129.0,,0.293,10.021,0.137,0.03333333333333333,0.0,-0.0
1744720347.7734137,88.0,-64.0,129.0,,0.293,10.021,0.137,0.03333333333333333,0.0,-0.0
1744720348.125114,88.0,-63.0,129.0,,0.293,10.031,0.127,0.03333333333333333,0.0,-0.0
1744720348.4661078,88.0,-63.0,129.0,,0.293,10.021,0.147,0.03333333333333333,0.0,-0.0
1744720348.8192494,88.0,-63.0,129.0,,0.293,10.031,0.127,0.03333333333333333,0.0,-0.0
1744720349.1501098,88.0,-64.0,129.0,,0.293,10.021,0.137,0.03333333333333333,0.0,-0.0
1744720349.4864078,88.0,-64.0,129.0,,0.293,10.021,0.137,0.03333333333333333,0.0,-0.0
1744720349.8232172,88.0,-64.0,129.0,,0.293,10.021,0.137,0.03333333333333333,0.0,-0.0
1744720350.1745567,88.0,-64.0,129.0,,0.303,10.012,0.127,0.03333333333333333,0.0,-0.0
1744720350.5128922,88.0,-64.0,129.0,,0.293,10.021,0.137,0.03333333333333333,0.0,-0.0
1744720350.859818,88.0,-64.0,129.0,,0.293,10.021,0.137,0.03333333333333333,0.0,-0.0
1744720351.199903,88.0,-63.0,129.0,,0.303,10.031,0.137,0.03333333333333333,0.0,-0.0
1744720351.5441494,88.0,-63.0,129.0,,0.293,10.021,0.127,0.03333333333333333,0.0,-0.0
1744720351.891863,88.0,-64.0,129.0,,0.293,10.012,0.147,0.03333333333333333,0.0,-0.0
1744720352.2405741,89.0,0.0,38.0,,14.679,9.815,-4.059,0.03333333333333333,0.0,-0.0
1744720352.5872686,59.0,-154.0,245.0,,2.97,-1.412,-8.835,0.03333333333333333,0.0,-0.0
1744720352.9287376,51.0,-154.0,248.0,,2.823,-3.619,-7.609,0.03333333333333333,0.0,-0.0
1744720353.2722967,42.0,-147.0,247.0,,4.736,-6.217,-5.677,0.03333333333333333,0.0,-0.0
1744720353.619643,40.0,-146.0,246.0,,4.834,-5.913,-5.883,0.03333333333333333,0.0,-0.0
1744720353.9759054,36.0,-141.0,245.0,,6.903,-6.502,0.853,0.03333333333333333,0.0,-0.0
1744720354.319863,31.0,-135.0,241.0,,6.373,-7.6,0.029,0.03333333333333333,0.0,-0.0
1744720354.6648455,15.0,-122.0,234.0,,6.667,-7.12,0.294,0.03333333333333333,0.0,-0.0
1744720355.0071964,-10.0,-108.0,231.0,,7.668,-5.972,-0.411,0.03333333333333333,0.0,-0.0
1744720355.361272,-17.0,-105.0,231.0,,8.197,-5.276,-1.401,0.03333333333333333,0.0,-0.0
1744720355.7036765,-21.0,-105.0,232.0,,8.825,-4.217,-2.147,0.03333333333333333,0.0,-0.0
1744720356.056231,-20.0,-104.0,232.0,,9.129,-2.716,-2.225,0.03333333333333333,0.0,-0.0
1744720356.4094238,-18.0,-102.0,232.0,,9.982,-2.334,-0.901,0.03333333333333333,0.0,-0.0
1744720356.7719376,-16.0,-98.0,233.0,,9.315,-2.687,-0.989,0.03333333333333333,0.0,-0.0
1744720357.123953,-17.0,-96.0,234.0,,9.217,-3.217,-0.901,0.03333333333333333,0.0,-0.0
1744720357.475275,-18.0,-95.0,234.0,,9.09,-3.54,-0.793,0.03333333333333333,0.0,-0.0
1744720357.8239343,-20.0,-95.0,234.0,,9.041,-3.648,-0.784,0.03333333333333333,0.0,-0.0
1744720358.165589,-20.0,-94.0,235.0,,9.021,-3.815,-0.725,0.03333333333333333,0.0,-0.0
1744720358.512366,-21.0,-94.0,235.0,,9.011,-3.785,-0.764,0.03333333333333333,0.0,-0.0
1744720358.8756702,-21.0,-94.0,235.0,,9.001,-3.795,-0.754,0.03333333333333333,0.0,-0.0
1744720359.2227917,-22.0,-94.0,235.0,,9.031,-3.805,-0.784,0.03333333333333333,0.0,-0.0
1744720359.5686057,-22.0,-94.0,235.0,,9.011,-3.844,-0.715,0.03333333333333333,0.0,-0.0
1744720359.9334505,-22.0,-94.0,235.0,,8.972,-3.805,-0.774,0.03333333333333333,0.0,-0.0
1744720360.2790422,-22.0,-94.0,235.0,,9.011,-3.952,-0.803,0.03333333333333333,0.0,-0.0
1744720360.623535,-23.0,-95.0,234.0,,8.148,-4.982,-1.548,0.03333333333333333,0.0,-0.0
1744720360.9737446,-26.0,-97.0,234.0,,10.669,-3.874,-1.588,0.03333333333333333,0.0,-0.0
1744720361.3119698,-16.0,-89.0,198.0,,11.679,3.147,5.413,0.03333333333333333,0.0,-0.0
1744720361.6545157,0.0,-90.0,159.0,,0.568,9.247,3.668,0.03333333333333333,0.0,-0.0
1744720361.9980605,16.0,-107.0,158.0,,2.313,13.973,0.667,0.03333333333333333,0.0,-0.0
1744720362.3575747,26.0,-104.0,149.0,,5.755,10.433,-2.009,0.03333333333333333,0.0,-0.0
1744720362.6987321,26.0,-100.0,147.0,,8.982,4.579,-4.137,0.03333333333333333,0.0,-0.0
1744720363.0369291,25.0,-99.0,147.0,,9.139,3.245,-2.127,0.03333333333333333,0.0,-0.0
1744720363.385755,24.0,-99.0,147.0,TAP_AND_HOLD,8.884,3.157,-1.852,0.03333333333333333,0.0,-0.0
1744720363.7298913,24.0,-99.0,146.0,TAP_AND_HOLD,8.952,3.784,-2.098,0.03333333333333333,0.0,-0.0
1744720364.0833774,24.0,-98.0,144.0,,9.1,3.745,-1.951,0.03333333333333333,0.0,-0.0
1744720364.4331205,23.0,-98.0,145.0,TAP_AND_HOLD,8.894,3.676,-1.774,0.03333333333333333,0.0,-0.0
1744720364.7817998,23.0,-99.0,145.0,TAP_AND_HOLD,9.05,3.716,-2.137,0.03333333333333333,0.0,-0.0
1744720365.1241033,22.0,-101.0,145.0,,8.864,3.686,-2.019,0.03333333333333333,0.0,-0.0
1744720365.4671688,22.0,-102.0,146.0,,8.648,3.549,-1.96,0.03333333333333333,0.0,-0.0
1744720365.8175654,22.0,-102.0,146.0,,8.884,3.726,-2.039,0.03333333333333333,0.0,-0.0
1744720366.1721096,22.0,-102.0,146.0,,9.119,3.618,-2.019,0.03333333333333333,0.0,-0.0
1744720366.5237312,22.0,-102.0,146.0,,9.149,3.873,-2.147,0.03333333333333333,0.0,-0.0
1744720366.8784106,22.0,-102.0,146.0,,8.864,3.676,-2.019,0.03333333333333333,0.0,-0.0
1744720367.233269,22.0,-102.0,146.0,,8.972,3.637,-1.97,0.03333333333333333,0.0,-0.0
1744720367.5829852,22.0,-102.0,146.0,,8.845,3.775,-2.009,0.03333333333333333,0.0,-0.0
1744720367.9299355,22.0,-102.0,146.0,,9.296,3.294,-2.127,0.03333333333333333,0.0,-0.0
1744720368.3033428,19.0,-100.0,153.0,,8.384,-3.746,-2.049,0.03333333333333333,0.0,-0.0
1744720368.6912508,5.0,-101.0,200.0,,-2.824,-10.493,3.442,0.03333333333333333,0.0,-0.0
1744720369.0717387,-1.0,-98.0,207.0,,0.146,-8.081,4.648,0.03333333333333333,0.0,-0.0
1744720369.4277852,-16.0,-81.0,212.0,,0.323,-7.688,5.855,0.03333333333333333,0.0,-0.0
1744720369.78038,-23.0,-71.0,215.0,,2.97,-7.08,5.855,0.03333333333333333,0.0,-0.0
1744720370.1378684,-26.0,-68.0,216.0,,6.373,-6.286,4.197,0.03333333333333333,0.0,-0.0
1744720370.4830647,-26.0,-69.0,216.0,,9.482,-1.746,0.677,0.03333333333333333,0.0,-0.0
1744720370.8334486,-17.0,-78.0,213.0,,10.11,-0.069,-0.107,0.03333333333333333,0.0,-0.0
1744720371.1711137,-7.0,-85.0,211.0,,9.953,-0.343,0.029,0.03333333333333333,0.0,-0.0
1744720371.513315,-3.0,-87.0,211.0,,9.786,-0.5,0.118,0.03333333333333333,0.0,-0.0
1744720371.9155953,-2.0,-88.0,211.0,,9.904,-0.461,0.118,0.03333333333333333,0.0,-0.0
1744720372.2667174,-2.0,-88.0,211.0,,9.835,-0.628,0.226,0.03333333333333333,0.0,-0.0
1744720372.6186216,-2.0,-87.0,207.0,,10.276,2.98,0.216,0.03333333333333333,0.0,-0.0
1744720372.984759,0.0,-86.0,201.0,,9.168,2.725,1.393,0.03333333333333333,0.0,-0.0
1744720373.3408554,5.0,-84.0,201.0,,9.443,2.774,1.344,0.03333333333333333,0.0,-0.0
1744720373.7000282,10.0,-83.0,201.0,TAP_AND_HOLD,9.462,3.068,1.196,0.03333333333333333,0.0,-0.0
1744720374.0534756,13.0,-83.0,201.0,TAP_AND_HOLD,9.188,3.284,0.834,0.03333333333333333,0.0,-0.0
1744720374.412362,15.0,-83.0,201.0,TAP_AND_HOLD,9.305,3.117,1.02,0.03333333333333333,0.0,-0.0
1744720374.757974,16.0,-82.0,201.0,,8.756,3.137,0.853,0.03333333333333333,0.0,-0.0
1744720375.108499,16.0,-82.0,201.0,,9.315,3.147,1.393,0.03333333333333333,0.0,-0.0
1744720375.4559543,17.0,-81.0,200.0,,9.502,3.147,1.353,0.03333333333333333,0.0,-0.0
1744720375.8278446,17.0,-81.0,200.0,,9.276,2.5,0.961,0.03333333333333333,0.0,-0.0
1744720376.1910055,17.0,-82.0,201.0,,9.6,2.647,1.138,0.03333333333333333,0.0,-0.0
1744720376.5434933,17.0,-81.0,202.0,,10.875,5.559,0.314,0.03333333333333333,0.0,-0.0
1744720376.8983629,5.0,-90.0,223.0,,5.687,-2.226,-7.521,0.03333333333333333,0.0,-0.0
1744720377.2589095,4.0,-93.0,224.0,,5.912,-1.785,-7.364,0.03333333333333333,0.0,-0.0
1744720377.6067905,3.0,-93.0,226.0,,9.56,-2.01,-0.587,0.03333333333333333,0.0,-0.0
1744720377.9586794,1.0,-88.0,231.0,,9.531,-2.285,-0.803,0.03333333333333333,0.0,-0.0
1744720378.2991116,-5.0,-90.0,230.0,,9.639,-2.059,-0.362,0.03333333333333333,0.0,-0.0
1744720378.66184,-9.0,-91.0,230.0,,9.698,-2.118,-0.244,0.03333333333333333,0.0,-0.0
1744720379.0110104,-10.0,-91.0,229.0,,9.6,-2.118,-0.323,0.03333333333333333,0.0,-0.0
1744720379.3629358,-11.0,-91.0,229.0,,9.423,-2.226,-0.352,0.03333333333333333,0.0,-0.0
1744720379.7048779,-11.0,-91.0,229.0,,9.433,-2.305,-0.264,0.03333333333333333,0.0,-0.0
1744720380.078498,-12.0,-90.0,229.0,,9.521,-2.187,-0.244,0.03333333333333333,0.0,-0.0
1744720380.4481313,-12.0,-90.0,230.0,,9.482,-2.216,-0.215,0.03333333333333333,0.0,-0.0
1744720380.8033953,-12.0,-90.0,229.0,,9.659,-2.148,-0.146,0.03333333333333333,0.0,-0.0
1744720381.1837518,-11.0,-91.0,229.0,,9.698,-3.717,1.324,0.03333333333333333,0.0,-0.0
1744720381.5516784,-9.0,-77.0,288.0,,0.676,-2.677,10.483,0.03333333333333333,0.0,-0.0
1744720381.9092386,-10.0,-66.0,288.0,,-0.951,-0.99,9.542,0.03333333333333333,0.0,-0.0
1744720382.2914693,-11.0,-48.0,291.0,,-0.883,-1.383,10.042,0.03333333333333333,0.0,-0.0
1744720382.6516986,-11.0,-43.0,293.0,,5.706,-3.069,6.11,0.03333333333333333,0.0,-0.0
1744720383.002006,-9.0,-44.0,293.0,,8.737,-2.393,3.168,0.03333333333333333,0.0,-0.0
1744720383.3590155,-10.0,-50.0,292.0,,9.482,-2.461,2.197,0.03333333333333333,0.0,-0.0
1744720383.7143607,-11.0,-58.0,290.0,,7.805,-3.148,-4.647,0.03333333333333333,0.0,-0.0
1744720384.2011056,-10.0,-76.0,287.0,,5.167,1.509,-8.344,0.03333333333333333,0.0,-0.0
1744720384.6038527,0.0,-101.0,286.0,,5.863,3.059,-7.295,0.03333333333333333,0.0,-0.0
1744720385.0012012,8.0,-105.0,288.0,,5.52,7.825,0.167,0.03333333333333333,0.0,-0.0
1744720385.3650744,17.0,-99.0,292.0,,4.559,6.707,5.394,0.03333333333333333,0.0,-0.0
1744720385.7227407,28.0,-86.0,289.0,,5.491,7.57,3.06,0.03333333333333333,0.0,-0.0
1744720386.1089058,33.0,-88.0,291.0,,6.864,4.706,-5.196,0.03333333333333333,0.0,-0.0
1744720386.477273,22.0,-104.0,287.0,,6.824,-4.285,-4.892,0.03333333333333333,0.0,-0.0
1744720386.834589,9.0,-107.0,287.0,,6.56,-5.835,-3.814,0.03333333333333333,0.0,-0.0
1744720387.180704,-1.0,-107.0,286.0,,4.392,-8.561,-2.0,0.03333333333333333,0.0,-0.0
1744720387.5334048,-19.0,-107.0,284.0,,2.912,-9.061,-1.617,0.03333333333333333,0.0,-0.0
1744720387.8900504,-39.0,-109.0,281.0,,2.49,-9.248,-1.725,0.03333333333333333,0.0,-0.0
1744720388.2377412,-52.0,-112.0,279.0,,2.529,-9.169,-1.666,0.03333333333333333,0.0,-0.0
1744720388.5958748,-59.0,-115.0,277.0,,2.441,-9.15,-1.617,0.03333333333333333,0.0,-0.0
1744720388.9552577,-64.0,-117.0,275.0,,2.509,-9.12,-1.666,0.03333333333333333,0.0,-0.0
1744720389.297978,-67.0,-119.0,273.0,,2.559,-9.228,-1.686,0.03333333333333333,0.0,-0.0
1744720389.6352236,-68.0,-120.0,272.0,,2.676,-9.12,-1.911,0.03333333333333333,0.0,-0.0
1744720389.9790034,-67.0,-120.0,272.0,,3.804,-7.227,-1.99,0.03333333333333333,0.0,-0.0
1744720390.324315,-66.0,-119.0,273.0,,5.432,-6.708,-0.921,0.03333333333333333,0.0,-0.0
1744720390.6711152,-65.0,-116.0,276.0,,6.707,-6.453,-1.323,0.03333333333333333,0.0,-0.0
1744720391.024902,-60.0,-112.0,279.0,,8.639,-4.766,-1.45,0.03333333333333333,0.0,-0.0
1744720391.3807425,-59.0,-110.0,280.0,,9.472,-4.05,-0.774,0.03333333333333333,0.0,-0.0
1744720391.735323,-50.0,-106.0,284.0,,8.884,-4.609,-1.921,0.03333333333333333,0.0,-0.0
1744720392.0935698,-46.0,-105.0,285.0,,9.139,-4.57,-1.911,0.03333333333333333,0.0,-0.0
1744720392.4497926,-33.0,-105.0,287.0,,9.129,0.195,-0.489,0.03333333333333333,0.0,-0.0
1744720392.7989702,-20.0,-105.0,290.0,,9.237,2.686,-0.891,0.03333333333333333,0.0,-0.0
1744720393.1463394,-16.0,-103.0,293.0,,6.099,7.354,3.069,0.03333333333333333,0.0,-0.0
1744720393.4891806,-10.0,-100.0,294.0,,-0.51,10.306,3.344,0.03333333333333333,0.0,-0.0
1744720393.8449078,-7.0,-99.0,294.0,,-1.834,7.982,6.335,0.03333333333333333,0.0,-0.0
1744720394.203236,-7.0,-95.0,296.0,,3.735,-0.883,9.444,0.03333333333333333,0.0,-0.0
1744720394.5665014,-15.0,-77.0,306.0,,7.119,-7.335,-0.96,0.03333333333333333,0.0,-0.0
1744720394.9290264,-18.0,-81.0,301.0,,4.098,-5.982,-7.05,0.03333333333333333,0.0,-0.0
1744720395.2780159,-18.0,-90.0,294.0,,4.892,-2.854,-6.452,0.03333333333333333,0.0,-0.0
1744720395.6260471,-13.0,-102.0,289.0,,5.814,2.549,-7.884,0.03333333333333333,0.0,-0.0
1744720395.9786503,-7.0,-109.0,289.0,,3.814,4.088,-7.511,0.03333333333333333,0.0,-0.0
1744720396.350291,6.0,-121.0,291.0,,3.833,4.932,-7.266,0.03333333333333333,0.0,-0.0
1744720396.6932933,17.0,-130.0,294.0,,4.206,5.981,-7.119,0.03333333333333333,0.0,-0.0
1744720397.0481162,27.0,-138.0,298.0,,4.049,5.844,-6.854,0.03333333333333333,0.0,-0.0
1744720397.3922043,33.0,-144.0,301.0,,3.833,5.952,-6.717,0.03333333333333333,0.0,-0.0
1744720397.73882,35.0,-146.0,303.0,,3.971,5.922,-6.746,0.03333333333333333,0.0,-0.0
1744720398.0925899,36.0,-147.0,303.0,,3.873,5.697,-6.609,0.03333333333333333,0.0,-0.0
1744720398.4519851,37.0,-148.0,304.0,,1.911,8.492,-3.873,0.03333333333333333,0.0,-0.0
1744720398.815781,38.0,-148.0,304.0,,0.931,10.11,-2.088,0.03333333333333333,0.0,-0.0
1744720399.1799977,51.0,-167.0,307.0,,-0.029,9.492,-2.264,0.03333333333333333,0.0,-0.0
1744720399.5237968,65.0,-172.0,312.0,,-0.137,9.629,-2.362,0.03333333333333333,0.0,-0.0
1744720399.8588638,71.0,-175.0,315.0,,0.087,9.717,-2.205,0.03333333333333333,0.0,-0.0
1744720400.2056165,74.0,-179.0,318.0,,-0.029,9.59,-2.637,0.03333333333333333,0.0,-0.0
1744720400.5643375,74.0,177.0,321.0,,-0.157,9.708,-2.578,0.03333333333333333,0.0,-0.0
1744720400.9223387,75.0,176.0,323.0,,-0.235,9.609,-2.608,0.03333333333333333,0.0,-0.0
1744720401.2887523,75.0,174.0,324.0,,-0.304,9.58,-2.519,0.03333333333333333,0.0,-0.0
1744720401.6436224,75.0,175.0,323.0,,-0.088,9.649,-2.392,0.03333333333333333,0.0,-0.0
1744720402.0401683,76.0,177.0,321.0,,0.028,9.708,-2.088,0.03333333333333333,0.0,-0.0
1744720402.4452138,79.0,-177.0,316.0,,0.303,11.924,-0.529,0.03333333333333333,0.0,-0.0
1744720402.8190486,84.0,179.0,310.0,,0.401,10.08,-0.166,0.03333333333333333,0.0,-0.0
1744720403.1808236,87.0,-158.0,288.0,,0.47,10.09,0.118,0.03333333333333333,0.0,-0.0
1744720403.5297143,89.0,-121.0,252.0,,0.391,10.021,0.284,0.03333333333333333,0.0,-0.0
1744720403.880681,88.0,-80.0,210.0,,0.283,10.031,0.147,0.03333333333333333,0.0,-0.0
1744720404.2314122,88.0,-67.0,198.0,,0.283,10.021,0.147,0.03333333333333333,0.0,-0.0
1744720404.587044,88.0,-63.0,194.0,,0.293,10.021,0.147,0.03333333333333333,0.0,-0.0
1744720404.94252,88.0,-62.0,193.0,,0.283,10.021,0.137,0.03333333333333333,0.0,-0.0
1744720405.2920618,88.0,-62.0,192.0,,0.225,10.021,0.108,0.03333333333333333,0.0,-0.0
1744720405.6431293,88.0,-62.0,192.0,,0.293,10.031,0.147,0.03333333333333333,0.0,-0.0
1744720406.0633934,88.0,-62.0,192.0,,0.283,10.021,0.147,0.03333333333333333,0.0,-0.0
1744720406.491719,88.0,-62.0,192.0,,0.283,10.031,0.137,0.03333333333333333,0.0,-0.0
1744720406.8806925,88.0,-62.0,192.0,,0.293,10.021,0.157,0.03333333333333333,0.0,-0.0
1744720407.2443244,88.0,-62.0,192.0,,0.293,10.021,0.147,0.03333333333333333,0.0,-0.0
1744720407.5972002,88.0,-62.0,192.0,,0.283,10.021,0.147,0.03333333333333333,0.0,-0.0
1744720407.9519114,88.0,-61.0,191.0,,-0.186,10.472,0.5,0.03333333333333333,0.0,-0.0
1744720408.3066008,88.0,-153.0,260.0,,7.766,3.314,-5.049,0.03333333333333333,0.0,-0.0
1744720408.6539412,77.0,-151.0,262.0,,6.962,-3.815,-5.618,0.03333333333333333,0.0,-0.0
1744720409.0406566,72.0,-147.0,258.0,,5.599,-6.384,-3.363,0.03333333333333333,0.0,-0.0
1744720409.4378896,61.0,-139.0,251.0,,3.686,-8.718,-1.921,0.03333333333333333,0.0,-0.0
1744720409.8007936,42.0,-132.0,246.0,,3.735,-8.522,-2.313,0.03333333333333333,0.0,-0.0
1744720410.1558561,17.0,-128.0,243.0,,4.834,-8.149,-2.333,0.03333333333333333,0.0,-0.0
1744720410.5069544,10.0,-126.0,243.0,,5.344,-4.511,-5.285,0.03333333333333333,0.0,-0.0
1744720410.8643584,19.0,-110.0,238.0,,8.148,7.177,2.814,0.03333333333333333,0.0,-0.0
1744720411.2197192,29.0,-98.0,233.0,,3.176,8.648,3.727,0.03333333333333333,0.0,-0.0
1744720411.5759113,42.0,-83.0,226.0,,3.853,8.678,4.335,0.03333333333333333,0.0,-0.0
1744720411.9327114,52.0,-71.0,214.0,,9.943,-1.304,0.588,0.03333333333333333,0.0,-0.0
1744720412.2836342,49.0,-73.0,216.0,,7.168,-4.335,-3.716,0.03333333333333333,0.0,-0.0
1744720412.6144938,45.0,-79.0,220.0,,7.472,-3.383,-4.912,0.03333333333333333,0.0,-0.0
1744720412.9462967,42.0,-84.0,224.0,,8.286,1.696,-5.138,0.03333333333333333,0.0,-0.0
1744720413.2893624,38.0,-96.0,230.0,,7.844,4.824,-4.441,0.03333333333333333,0.0,-0.0
1744720413.637819,39.0,-102.0,235.0,,5.471,8.011,-3.372,0.03333333333333333,0.0,-0.0
1744720413.9963825,46.0,-107.0,239.0,,2.205,9.335,-2.774,0.03333333333333333,0.0,-0.0
1744720414.349237,61.0,-121.0,251.0,,1.823,9.462,-2.598,0.03333333333333333,0.0,-0.0
1744720414.703987,68.0,-134.0,262.0,,1.98,9.364,-2.617,0.03333333333333333,0.0,-0.0
1744720415.0519853,70.0,-139.0,267.0,,1.892,9.511,-2.441,0.03333333333333333,0.0,-0.0
1744720415.3992305,71.0,-139.0,267.0,,2.068,9.404,-2.48,0.03333333333333333,0.0,-0.0
1744720415.744256,71.0,-138.0,266.0,,2.411,9.354,-2.48,0.03333333333333333,0.0,-0.0
1744720416.0963748,77.0,-138.0,260.0,,18.632,13.414,0.608,0.03333333333333333,0.0,-0.0
1744720416.4450166,82.0,-130.0,261.0,,-6.541,1.45,-1.941,0.03333333333333333,0.0,-0.0
1744720416.8145976,80.0,-120.0,268.0,,11.924,-2.579,1.314,0.03333333333333333,0.0,-0.0
1744720417.1726108,68.0,-99.0,245.0,,9.551,-1.265,0.343,0.03333333333333333,0.0,-0.0
1744720417.5296204,45.0,-92.0,236.0,,9.747,-1.442,0.765,0.03333333333333333,0.0,-0.0
1744720417.9020503,10.0,-87.0,233.0,,9.629,-1.432,0.569,0.03333333333333333,0.0,-0.0
1744720418.2725925,-1.0,-86.0,233.0,,9.737,-1.628,0.765,0.03333333333333333,0.0,-0.0
1744720418.6406658,-6.0,-85.0,233.0,,9.737,-1.628,0.99,0.03333333333333333,0.0,-0.0
1744720419.001478,-8.0,-84.0,233.0,,9.629,-1.54,0.912,0.03333333333333333,0.0,-0.0
1744720419.3545852,-8.0,-84.0,233.0,,9.639,-1.736,1.01,0.03333333333333333,0.0,-0.0
1744720419.706927,-9.0,-83.0,233.0,,9.649,-1.569,0.922,0.03333333333333333,0.0,-0.0
1744720420.0695145,-9.0,-83.0,233.0,,9.609,-1.834,0.981,0.03333333333333333,0.0,-0.0
1744720420.4098287,-10.0,-83.0,233.0,,9.688,-2.197,1.118,0.03333333333333333,0.0,-0.0
1744720420.7544947,-10.0,-83.0,233.0,,9.6,-2.04,1.118,0.03333333333333333,0.0,-0.0
1744720421.0991273,-4.0,-78.0,239.0,,14.621,-3.207,3.668,0.03333333333333333,0.0,-0.0
1744720421.450029,0.0,-75.0,234.0,,2.019,-0.5,0.834,0.03333333333333333,0.0,-0.0
1744720421.7904503,7.0,-69.0,236.0,,8.845,-1.569,1.549,0.03333333333333333,0.0,-0.0
1744720422.14287,3.0,-71.0,237.0,,9.423,-1.746,1.706,0.03333333333333333,0.0,-0.0
1744720422.502462,-2.0,-74.0,237.0,,9.659,-1.755,1.775,0.03333333333333333,0.0,-0.0
1744720422.838957,-6.0,-77.0,236.0,,9.757,-1.834,1.844,0.03333333333333333,0.0,-0.0
1744720423.1718726,-8.0,-78.0,236.0,,9.492,-1.549,1.746,0.03333333333333333,0.0,-0.0
1744720423.5000353,-9.0,-78.0,236.0,,9.6,-1.677,1.726,0.03333333333333333,0.0,-0.0
1744720423.8318126,-9.0,-78.0,236.0,,9.56,-1.736,1.746,0.03333333333333333,0.0,-0.0
1744720424.1713583,-9.0,-79.0,236.0,,9.364,-1.844,1.628,0.03333333333333333,0.0,-0.0
1744720424.5261862,-10.0,-79.0,236.0,,9.541,-2.275,1.53,0.03333333333333333,0.0,-0.0
1744720424.8593943,-4.0,-75.0,256.0,,15.68,19.073,6.737,0.03333333333333333,0.0,-0.0
1744720425.1976173,2.0,-74.0,262.0,,9.531,-5.041,1.294,0.03333333333333333,0.0,-0.0
1744720425.5381947,0.0,-76.0,266.0,,9.521,-2.001,1.236,0.03333333333333333,0.0,-0.0
1744720425.890093,-5.0,-79.0,268.0,,9.619,-2.275,1.471,0.03333333333333333,0.0,-0.0
1744720426.2475057,-9.0,-80.0,269.0,,9.413,-2.148,1.412,0.03333333333333333,0.0,-0.0
1744720426.5932698,-11.0,-80.0,269.0,,9.688,-2.197,1.5,0.03333333333333333,0.0,-0.0
1744720426.9416943,-11.0,-80.0,269.0,,9.58,-2.059,1.5,0.03333333333333333,0.0,-0.0
1744720427.2904673,-12.0,-80.0,269.0,,9.453,-2.187,1.461,0.03333333333333333,0.0,-0.0
1744720427.648273,-8.0,-79.0,295.0,,19.593,-11.395,11.327,0.03333333333333333,0.0,-0.0
1744720427.9999752,-5.0,-80.0,311.0,,5.383,-1.393,-0.166,0.03333333333333333,0.0,-0.0
1744720428.339142,-4.0,-81.0,313.0,,9.904,-1.265,1.039,0.03333333333333333,0.0,-0.0
1744720428.6969013,-6.0,-82.0,314.0,,9.904,-1.775,1.03,0.03333333333333333,0.0,-0.0
1744720429.048385,-7.0,-83.0,315.0,,9.659,-1.471,1.069,0.03333333333333333,0.0,-0.0
1744720429.393586,-8.0,-83.0,315.0,,9.815,-1.687,1.039,0.03333333333333333,0.0,-0.0
1744720429.7413657,-8.0,-83.0,315.0,,9.659,-1.383,1.01,0.03333333333333333,0.0,-0.0
1744720430.0809183,-8.0,-83.0,315.0,,9.737,-1.579,1.03,0.03333333333333333,0.0,-0.0
1744720430.4393933,-8.0,-83.0,315.0,,9.688,-1.51,1.059,0.03333333333333333,0.0,-0.0
1744720430.77875,-2.0,-87.0,327.0,,8.766,-15.102,6.492,0.03333333333333333,0.0,-0.0
1744720431.1281564,1.0,-96.0,334.0,,10.933,4.0,2.501,0.03333333333333333,0.0,-0.0
1744720431.4841356,0.0,-93.0,338.0,,9.668,-1.618,1.314,0.03333333333333333,0.0,-0.0
1744720431.8310623,-5.0,-86.0,340.0,,9.502,-1.549,1.353,0.03333333333333333,0.0,-0.0
1744720432.1972115,-7.0,-83.0,341.0,,9.688,-1.589,1.393,0.03333333333333333,0.0,-0.0
1744720432.5362487,-8.0,-82.0,342.0,,9.629,-1.657,1.383,0.03333333333333333,0.0,-0.0
1744720432.8776627,-8.0,-81.0,342.0,,9.708,-1.5,1.393,0.03333333333333333,0.0,-0.0
1744720433.2387733,-8.0,-81.0,342.0,,9.659,-1.51,1.363,0.03333333333333333,0.0,-0.0
1744720433.5719862,-7.0,-83.0,345.0,,13.973,-3.128,-6.648,0.03333333333333333,0.0,-0.0
1744720433.9188247,-5.0,-90.0,343.0,,9.237,-1.069,6.884,0.03333333333333333,0.0,-0.0
1744720434.32939,-6.0,-95.0,354.0,,9.717,-1.491,0.422,0.03333333333333333,0.0,-0.0
1744720434.7329535,-6.0,-89.0,354.0,,9.639,-1.108,1.589,0.03333333333333333,0.0,-0.0
1744720435.0983055,-6.0,-83.0,353.0,,9.806,-1.618,1.442,0.03333333333333333,0.0,-0.0
1744720435.4765275,-6.0,-82.0,354.0,,9.737,-1.285,1.422,0.03333333333333333,0.0,-0.0
1744720435.8880253,-6.0,-85.0,354.0,,1.058,-0.118,15.583,0.03333333333333333,0.0,-0.0
1744720436.271859,-6.0,-90.0,354.0,,14.807,-11.111,-7.844,0.03333333333333333,0.0,-0.0
1744720436.63619,-7.0,-92.0,10.0,,9.668,-0.775,1.118,0.03333333333333333,0.0,-0.0
1744720436.993389,-6.0,-87.0,10.0,,9.708,-0.873,1.569,0.03333333333333333,0.0,-0.0
1744720437.3711302,-5.0,-83.0,10.0,,9.796,-1.118,1.461,0.03333333333333333,0.0,-0.0
1744720437.734997,-5.0,-81.0,10.0,,9.688,-0.912,1.383,0.03333333333333333,0.0,-0.0
1744720438.0892665,-4.0,-81.0,10.0,,9.659,-0.932,1.412,0.03333333333333333,0.0,-0.0
1744720438.4443882,-4.0,-81.0,10.0,,9.815,-1.03,1.334,0.03333333333333333,0.0,-0.0
1744720438.797007,-4.0,-81.0,10.0,,10.09,-0.804,1.118,0.03333333333333333,0.0,-0.0
1744720439.1448393,-4.0,-83.0,11.0,,9.923,-1.589,-4.216,0.03333333333333333,0.0,-0.0
1744720439.4850404,-5.0,-90.0,357.0,,9.021,-2.177,8.963,0.03333333333333333,0.0,-0.0
1744720439.8238792,-5.0,-92.0,1.0,,11.159,-1.039,-6.128,0.03333333333333333,0.0,-0.0
1744720440.158543,-6.0,-93.0,9.0,,10.061,-1.412,1.765,0.03333333333333333,0.0,-0.0
1744720440.4979649,-5.0,-89.0,9.0,,9.717,-0.49,1.275,0.03333333333333333,0.0,-0.0
1744720440.8650525,-4.0,-85.0,8.0,,9.629,-0.785,1.167,0.03333333333333333,0.0,-0.0
1744720441.2229652,-4.0,-83.0,8.0,,9.776,-0.608,1.187,0.03333333333333333,0.0,-0.0
1744720441.5796597,-4.0,-83.0,8.0,,9.845,-0.961,0.971,0.03333333333333333,0.0,-0.0
1744720441.9301062,-4.0,-83.0,8.0,,10.178,-1.147,0.941,0.03333333333333333,0.0,-0.0
1744720442.2737553,-4.0,-83.0,8.0,,9.001,-0.02,2.099,0.03333333333333333,0.0,-0.0
1744720442.5977736,-3.0,-82.0,8.0,,9.884,1.588,0.863,0.03333333333333333,0.0,-0.0
1744720442.9364116,-4.0,-87.0,357.0,,9.188,0.185,0.314,0.03333333333333333,0.0,-0.0
1744720443.279355,-4.0,-87.0,356.0,,9.688,-1.01,1.461,0.03333333333333333,0.0,-0.0
1744720443.6169696,-3.0,-86.0,355.0,,13.512,-1.579,2.001,0.03333333333333333,0.0,-0.0
1744720443.9613729,-3.0,-86.0,354.0,,7.844,2.509,-0.166,0.03333333333333333,0.0,-0.0
1744720444.2973073,-2.0,-87.0,356.0,,10.051,2.049,-0.176,0.03333333333333333,0.0,-0.0
1744720444.681375,0.0,-87.0,354.0,,9.443,1.98,1.206,0.03333333333333333,0.0,-0.0
1744720445.0543363,9.0,-84.0,349.0,,9.619,2.362,1.089,0.03333333333333333,0.0,-0.0
1744720445.4260743,11.0,-83.0,348.0,,9.619,2.294,1.402,0.03333333333333333,0.0,-0.0
1744720445.771304,12.0,-79.0,347.0,,9.443,2.029,2.216,0.03333333333333333,0.0,-0.0
1744720446.1271055,12.0,-77.0,347.0,,9.413,1.901,2.334,0.03333333333333333,0.0,-0.0
1744720446.477136,11.0,-75.0,347.0,,9.521,1.696,2.461,0.03333333333333333,0.0,-0.0
1744720446.825922,10.0,-74.0,347.0,,9.354,1.705,2.736,0.03333333333333333,0.0,-0.0
1744720447.170438,10.0,-71.0,346.0,,8.58,1.686,4.482,0.03333333333333333,0.0,-0.0
1744720447.5181594,10.0,-65.0,345.0,,6.324,1.029,8.277,0.03333333333333333,0.0,-0.0
1744720447.868196,10.0,-55.0,343.0,,4.01,0.421,8.963,0.03333333333333333,0.0,-0.0
1744720448.209368,9.0,-49.0,343.0,,5.167,3.804,7.433,0.03333333333333333,0.0,-0.0
1744720448.5633976,14.0,-48.0,345.0,,5.412,7.325,-2.47,0.03333333333333333,0.0,-0.0
1744720448.928846,19.0,-56.0,347.0,,6.432,1.656,-7.138,0.03333333333333333,0.0,-0.0
1744720449.2761137,15.0,-64.0,347.0,,8.59,-4.962,0.431,0.03333333333333333,0.0,-0.0
1744720449.6213408,9.0,-63.0,346.0,,5.491,-0.912,7.247,0.03333333333333333,0.0,-0.0
1744720449.9663339,5.0,-56.0,346.0,,3.245,-2.609,8.973,0.03333333333333333,0.0,-0.0
1744720450.3188841,-3.0,-43.0,346.0,,3.343,-2.805,8.698,0.03333333333333333,0.0,-0.0
1744720450.671054,-10.0,-33.0,348.0,,3.667,-3.177,8.738,0.03333333333333333,0.0,-0.0
1744720451.0229578,-14.0,-26.0,349.0,,3.686,-3.138,8.64,0.03333333333333333,0.0,-0.0
1744720451.3794606,-16.0,-23.0,350.0,,3.618,-2.099,8.855,0.03333333333333333,0.0,-0.0
1744720451.7239356,-9.0,-24.0,350.0,,4.638,2.872,8.326,0.03333333333333333,0.0,-0.0
1744720452.0698316,-2.0,-22.0,4.0,,6.305,8.717,0.304,0.03333333333333333,0.0,-0.0
1744720452.4241798,7.0,-19.0,20.0,TAP_AND_HOLD,3.569,9.266,-2.912,0.03333333333333333,0.0,-0.0
1744720452.7801974,14.0,-23.0,22.0,TAP_AND_HOLD,3.323,8.796,-2.353,0.03333333333333333,0.0,-0.0
1744720453.1326656,21.0,-28.0,25.0,TAP_AND_HOLD,4.755,7.589,-0.47,0.03333333333333333,0.0,-0.0
1744720453.5132043,24.0,-41.0,38.0,,11.257,1.764,2.893,0.03333333333333333,0.0,-0.0
1744720453.8707104,7.0,-81.0,65.0,,12.444,-0.235,0.951,0.03333333333333333,0.0,-0.0
1744720454.2264736,-2.0,-98.0,71.0,,9.443,0.823,-0.048,0.03333333333333333,0.0,-0.0
1744720454.5663168,-9.0,-104.0,71.0,,8.933,-0.99,1.393,0.03333333333333333,0.0,-0.0
1744720454.9104314,-9.0,-104.0,72.0,,9.678,-0.059,1.873,0.03333333333333333,0.0,-0.0
1744720455.2497435,-7.0,-96.0,75.0,,9.943,-0.647,1.814,0.03333333333333333,0.0,-0.0
1744720455.5933475,-6.0,-88.0,77.0,,9.531,-1.089,1.863,0.03333333333333333,0.0,-0.0
1744720455.9369519,-5.0,-82.0,78.0,,9.58,-0.941,1.844,0.03333333333333333,0.0,-0.0
1744720456.2860951,-5.0,-79.0,79.0,,9.58,-1.147,2.001,0.03333333333333333,0.0,-0.0
1744720456.6134338,-5.0,-78.0,79.0,,9.629,-1.079,1.952,0.03333333333333333,0.0,-0.0
1744720456.946101,-5.0,-78.0,79.0,,9.531,-1.02,1.912,0.03333333333333333,0.0,-0.0
1744720457.2901034,-5.0,-77.0,79.0,,9.59,-1.098,2.059,0.03333333333333333,0.0,-0.0
1744720457.624691,-5.0,-77.0,79.0,,9.747,-0.53,2.295,0.03333333333333333,0.0,-0.0
1744720457.956697,-2.0,-76.0,79.0,,9.551,1.411,2.677,0.03333333333333333,0.0,-0.0
1744720458.287968,5.0,-74.0,79.0,,8.894,3.559,2.775,0.03333333333333333,0.0,-0.0
1744720458.6215534,16.0,-72.0,79.0,,7.991,5.285,2.795,0.03333333333333333,0.0,-0.0
1744720458.980773,29.0,-70.0,78.0,,7.55,5.903,2.814,0.03333333333333333,0.0,-0.0
1744720459.321487,35.0,-69.0,77.0,,7.246,6.334,2.795,0.03333333333333333,0.0,-0.0
1744720459.6598566,38.0,-68.0,77.0,,6.795,6.785,2.658,0.03333333333333333,0.0,-0.0
1744720459.9940882,42.0,-67.0,76.0,,6.393,7.266,2.775,0.03333333333333333,0.0,-0.0
1744720460.3184245,47.0,-65.0,75.0,,5.451,8.021,2.736,0.03333333333333333,0.0,-0.0
1744720460.6428504,51.0,-63.0,73.0,,4.696,8.472,2.677,0.03333333333333333,0.0,-0.0
1744720460.9839952,55.0,-61.0,71.0,,3.676,8.952,2.618,0.03333333333333333,0.0,-0.0
1744720461.318513,61.0,-55.0,66.0,,2.637,9.207,2.589,0.03333333333333333,0.0,-0.0
1744720461.6527705,66.0,-49.0,61.0,,1.951,9.404,2.569,0.03333333333333333,0.0,-0.0
1744720461.995102,69.0,-42.0,55.0,,2.166,9.6,2.412,0.03333333333333333,0.0,-0.0
1744720462.332107,69.0,-43.0,56.0,,5.402,7.658,2.53,0.03333333333333333,0.0,-0.0
1744720462.6608443,66.0,-49.0,61.0,,9.021,4.186,2.01,0.03333333333333333,0.0,-0.0
1744720462.9819903,59.0,-58.0,69.0,,9.766,-2.344,1.569,0.03333333333333333,0.0,-0.0
1744720463.31048,40.0,-68.0,77.0,,6.422,-7.6,0.059,0.03333333333333333,0.0,-0.0
1744720463.639791,21.0,-73.0,80.0,,4.441,-8.483,-0.784,0.03333333333333333,0.0,-0.0
1744720463.9745507,-4.0,-77.0,81.0,,2.156,-9.091,-1.352,0.03333333333333333,0.0,-0.0
1744720464.320792,-26.0,-81.0,79.0,,0.617,-9.316,-1.647,0.03333333333333333,0.0,-0.0
1744720464.668129,-46.0,-86.0,76.0,,1.068,-9.375,-1.382,0.03333333333333333,0.0,-0.0
1744720465.0073283,-59.0,-92.0,70.0,,1.735,-9.306,-1.372,0.03333333333333333,0.0,-0.0
1744720465.338573,-61.0,-94.0,69.0,,4.638,-8.659,-0.548,0.03333333333333333,0.0,-0.0
1744720465.6668997,-59.0,-93.0,70.0,,7.256,-6.178,-0.019,0.03333333333333333,0.0,-0.0
1744720466.036308,-53.0,-91.0,72.0,,9.698,-0.863,1.157,0.03333333333333333,0.0,-0.0
1744720466.4732282,-43.0,-88.0,75.0,,6.432,7.011,2.167,0.03333333333333333,0.0,-0.0
1744720466.8740656,-33.0,-86.0,76.0,,0.166,11.61,0.696,0.03333333333333333,0.0,-0.0
1744720467.2331476,-31.0,-86.0,76.0,,-4.285,8.609,-0.019,0.03333333333333333,0.0,-0.0
1744720467.5711157,-21.0,-86.0,76.0,,-3.893,8.982,0.245,0.03333333333333333,0.0,-0.0
1744720467.9132311,-15.0,-86.0,77.0,,5.226,7.785,1.569,0.03333333333333333,0.0,-0.0
1744720468.2442255,-16.0,-92.0,79.0,,7.089,-6.972,0.52,0.03333333333333333,0.0,-0.0
1744720468.5899808,-19.0,-94.0,79.0,,3.706,-9.807,-2.088,0.03333333333333333,0.0,-0.0
1744720468.9358416,-22.0,-116.0,88.0,,3.961,0.244,-7.393,0.03333333333333333,0.0,-0.0
1744720469.324252,-24.0,-134.0,94.0,,0.244,-1.893,-9.482,0.03333333333333333,0.0,-0.0
1744720469.69421,-29.0,-146.0,96.0,,3.794,-7.502,-1.901,0.03333333333333333,0.0,-0.0
1744720470.0526142,-53.0,-133.0,91.0,,3.245,-10.562,11.376,0.03333333333333333,0.0,-0.0
1744720470.3818002,-53.0,-131.0,91.0,,7.491,5.069,-0.617,0.03333333333333333,0.0,-0.0
1744720470.7102642,-52.0,-127.0,92.0,,8.07,2.117,-1.951,0.03333333333333333,0.0,-0.0
1744720471.049226,-45.0,-120.0,95.0,,10.267,-0.402,-0.401,0.03333333333333333,0.0,-0.0
1744720471.3873613,-29.0,-110.0,102.0,,9.619,1.401,-0.989,0.03333333333333333,0.0,-0.0
1744720471.7169297,-15.0,-103.0,105.0,,9.894,1.48,-0.617,0.03333333333333333,0.0,-0.0
1744720472.052224,1.0,-96.0,106.0,,9.757,1.735,-0.568,0.03333333333333333,0.0,-0.0
1744720472.3982687,6.0,-94.0,106.0,,9.629,1.696,-0.529,0.03333333333333333,0.0,-0.0
1744720472.7221203,9.0,-93.0,106.0,,9.541,1.784,-0.421,0.03333333333333333,0.0,-0.0
1744720473.046031,9.0,-93.0,105.0,,9.168,2.058,0.255,0.03333333333333333,0.0,-0.0
1744720473.3729603,10.0,-92.0,105.0,,10.198,2.431,0.824,0.03333333333333333,0.0,-0.0
1744720473.7025833,11.0,-90.0,105.0,,9.904,1.941,1.383,0.03333333333333333,0.0,-0.0
1744720474.0420172,11.0,-89.0,106.0,,12.659,19.593,-0.205,0.03333333333333333,0.0,-0.0
1744720474.3768358,-7.0,-89.0,134.0,,8.374,5.138,16.828,0.03333333333333333,0.0,-0.0
1744720474.7203608,-5.0,-87.0,132.0,,9.717,-0.177,1.922,0.03333333333333333,0.0,-0.0
1744720475.0661445,-3.0,-84.0,133.0,,8.295,-0.853,1.236,0.03333333333333333,0.0,-0.0
1744720475.426987,-2.0,-83.0,130.0,,-8.002,-0.402,-3.5,0.03333333333333333,0.0,-0.0
1744720475.7766886,2.0,-88.0,131.0,,13.709,1.323,4.57,0.03333333333333333,0.0,-0.0
1744720476.120167,2.0,-87.0,130.0,,8.952,3.49,2.697,0.03333333333333333,0.0,-0.0
1744720476.466734,7.0,-90.0,130.0,,2.304,7.854,-2.127,0.03333333333333333,0.0,-0.0
1744720476.837239,10.0,-93.0,131.0,,10.727,1.137,-1.254,0.03333333333333333,0.0,-0.0
1744720477.1884334,10.0,-93.0,131.0,,9.766,-0.078,-1.529,0.03333333333333333,0.0,-0.0
1744720477.543684,8.0,-97.0,131.0,,9.443,1.117,-2.137,0.03333333333333333,0.0,-0.0
1744720477.9116488,8.0,-100.0,131.0,,9.462,1.882,-2.588,0.03333333333333333,0.0,-0.0
1744720478.277799,10.0,-102.0,132.0,,8.305,2.637,-1.931,0.03333333333333333,0.0,-0.0
1744720478.6311796,13.0,-102.0,132.0,,8.344,5.628,2.55,0.03333333333333333,0.0,-0.0
1744720478.982061,14.0,-100.0,131.0,,9.119,-0.284,4.403,0.03333333333333333,0.0,-0.0
1744720479.3347745,11.0,-98.0,132.0,,8.021,-5.394,-0.489,0.03333333333333333,0.0,-0.0
1744720479.6882358,9.0,-98.0,132.0,,8.697,-1.795,-4.01,0.03333333333333333,0.0,-0.0
1744720480.029614,7.0,-101.0,132.0,,9.1,0.94,-3.539,0.03333333333333333,0.0,-0.0
1744720480.3738987,7.0,-102.0,133.0,,9.119,2.863,-1.647,0.03333333333333333,0.0,-0.0
1744720480.7253258,8.0,-100.0,133.0,,10.012,-0.147,0.52,0.03333333333333333,0.0,-0.0
1744720481.0776978,3.0,-94.0,132.0,,9.874,-0.059,0.108,0.03333333333333333,0.0,-0.0
1744720481.4311113,2.0,-92.0,132.0,,10.139,-0.932,1.01,0.03333333333333333,0.0,-0.0
1744720481.7905169,-8.0,-87.0,144.0,,6.001,-7.267,0.922,0.03333333333333333,0.0,-0.0
1744720482.1378117,-19.0,-87.0,146.0,,1.431,-9.454,-0.676,0.03333333333333333,0.0,-0.0
1744720482.489537,-26.0,-88.0,145.0,,2.843,-9.306,-0.509,0.03333333333333333,0.0,-0.0
1744720482.8313715,-41.0,-89.0,144.0,,3.892,-8.983,0.108,0.03333333333333333,0.0,-0.0
1744720483.177907,-31.0,-93.0,136.0,,9.09,5.226,-0.784,0.03333333333333333,0.0,-0.0
1744720483.5283198,-14.0,-95.0,133.0,,8.442,5.196,-0.666,0.03333333333333333,0.0,-0.0
1744720483.8737779,15.0,-93.0,134.0,,8.707,5.03,-0.509,0.03333333333333333,0.0,-0.0
1744720484.2211869,25.0,-93.0,134.0,,8.403,5.0,-0.509,0.03333333333333333,0.0,-0.0
1744720484.5635672,29.0,-92.0,134.0,,8.541,5.226,-0.489,0.03333333333333333,0.0,-0.0
1744720484.9021697,30.0,-92.0,134.0,,8.56,4.843,-0.362,0.03333333333333333,0.0,-0.0
1744720485.251105,29.0,-92.0,134.0,,8.766,4.657,-0.303,0.03333333333333333,0.0,-0.0
1744720485.5962987,28.0,-91.0,134.0,,8.943,4.294,-0.283,0.03333333333333333,0.0,-0.0
1744720485.9347575,26.0,-91.0,134.0,,8.952,3.863,-0.342,0.03333333333333333,0.0,-0.0
1744720486.2878392,25.0,-91.0,134.0,,10.149,-0.382,0.392,0.03333333333333333,0.0,-0.0
1744720486.6855278,3.0,-89.0,194.0,,1.597,-7.786,-1.715,0.03333333333333333,0.0,-0.0
1744720487.1207619,4.0,-87.0,196.0,,8.658,4.696,-0.774,0.03333333333333333,0.0,-0.0
1744720487.5670245,20.0,-92.0,197.0,,8.472,4.902,-0.803,0.03333333333333333,0.0,-0.0
1744720488.0392735,28.0,-93.0,198.0,,8.717,4.677,-0.43,0.03333333333333333,0.0,-0.0
1744720488.4659896,27.0,-92.0,197.0,,8.707,4.392,-0.303,0.03333333333333333,0.0,-0.0
1744720488.9226406,26.0,-91.0,197.0,,9.364,3.422,0.235,0.03333333333333333,0.0,-0.0
1744720489.3753808,21.0,-89.0,196.0,,9.354,3.274,-0.0,0.03333333333333333,0.0,-0.0
1744720489.791548,20.0,-89.0,197.0,,9.188,3.559,-0.146,0.03333333333333333,0.0,-0.0
1744720490.162002,21.0,-90.0,197.0,,9.168,3.5,-0.166,0.03333333333333333,0.0,-0.0
1744720490.5315456,21.0,-90.0,197.0,,9.335,3.5,-0.077,0.03333333333333333,0.0,-0.0
1744720490.9398177,21.0,-90.0,197.0,,9.129,3.49,-0.225,0.03333333333333333,0.0,-0.0
1744720491.3797834,21.0,-90.0,197.0,,9.227,3.569,-0.176,0.03333333333333333,0.0,-0.0
1744720491.8357885,21.0,-89.0,196.0,,9.992,-0.941,-0.911,0.03333333333333333,0.0,-0.0
1744720492.2620008,-6.0,-94.0,241.0,,0.96,-9.522,-1.078,0.03333333333333333,0.0,-0.0
1744720492.6943235,-25.0,-95.0,240.0,,1.146,-9.718,-1.058,0.03333333333333333,0.0,-0.0
1744720493.1274688,-49.0,-99.0,237.0,,1.343,-9.62,-0.999,0.03333333333333333,0.0,-0.0
1744720493.6123135,-64.0,-104.0,232.0,,2.205,-9.12,-0.833,0.03333333333333333,0.0,-0.0
1744720494.093561,-44.0,-99.0,221.0,,9.413,4.03,-0.656,0.03333333333333333,0.0,-0.0
1744720494.5607364,-3.0,-93.0,225.0,,9.433,2.813,-0.342,0.03333333333333333,0.0,-0.0
1744720495.0028098,12.0,-91.0,225.0,,9.472,3.098,-0.313,0.03333333333333333,0.0,-0.0
1744720495.436074,31.0,-99.0,193.0,,0.146,10.512,-2.362,0.03333333333333333,0.0,-0.0
1744720495.852933,44.0,-100.0,188.0,,0.872,10.012,-1.205,0.03333333333333333,0.0,-0.0
1744720496.279915,67.0,-108.0,195.0,,1.195,9.855,-1.392,0.03333333333333333,0.0,-0.0
1744720496.717301,75.0,-123.0,209.0,,2.147,9.923,-1.647,0.03333333333333333,0.0,-0.0
1744720497.1622028,66.0,-106.0,210.0,,8.717,-2.05,-0.097,0.03333333333333333,0.0,-0.0
1744720497.5872915,42.0,-118.0,232.0,,-0.206,-8.924,-1.725,0.03333333333333333,0.0,-0.0
1744720498.0268712,35.0,-120.0,233.0,,1.146,-9.709,-1.284,0.03333333333333333,0.0,-0.0
1744720498.4461226,7.0,-122.0,234.0,,0.999,-9.61,-1.323,0.03333333333333333,0.0,-0.0
1744720498.8468556,-6.0,-117.0,236.0,,8.492,-3.658,0.53,0.03333333333333333,0.0,-0.0
1744720499.228783,4.0,-104.0,233.0,,9.757,1.872,0.333,0.03333333333333333,0.0,-0.0
1744720499.6048756,7.0,-95.0,233.0,,9.727,1.735,0.118,0.03333333333333333,0.0,-0.0
1744720499.9565647,9.0,-91.0,232.0,,9.766,1.529,0.206,0.03333333333333333,0.0,-0.0
1744720500.313236,9.0,-89.0,232.0,,9.727,1.627,0.118,0.03333333333333333,0.0,-0.0
1744720500.6665645,9.0,-88.0,232.0,,9.717,1.558,0.137,0.03333333333333333,0.0,-0.0
1744720501.0229778,10.0,-88.0,232.0,,9.806,1.617,0.186,0.03333333333333333,0.0,-0.0
1744720501.3772595,9.0,-88.0,232.0,,9.747,1.627,0.069,0.03333333333333333,0.0,-0.0
1744720501.7585604,9.0,-88.0,232.0,,9.717,1.705,0.049,0.03333333333333333,0.0,-0.0
1744720502.127793,9.0,-88.0,232.0,,9.629,1.578,0.01,0.03333333333333333,0.0,-0.0
1744720502.4871304,10.0,-89.0,232.0,,9.717,1.656,0.088,0.03333333333333333,0.0,-0.0
1744720502.8367589,10.0,-89.0,232.0,,9.698,1.686,0.039,0.03333333333333333,0.0,-0.0
1744720503.1763535,10.0,-89.0,228.0,,9.609,-6.806,-2.205,0.03333333333333333,0.0,-0.0
1744720503.5433872,17.0,-83.0,178.0,,8.237,9.227,0.873,0.03333333333333333,0.0,-0.0
1744720503.8900685,17.0,-82.0,170.0,,9.6,-2.04,-0.107,0.03333333333333333,0.0,-0.0
1744720504.2525344,12.0,-84.0,165.0,,9.923,0.676,0.657,0.03333333333333333,0.0,-0.0
1744720504.6161852,6.0,-85.0,163.0,,9.894,0.411,0.539,0.03333333333333333,0.0,-0.0
1744720505.006616,3.0,-86.0,163.0,,9.796,0.107,0.608,0.03333333333333333,0.0,-0.0
1744720505.4066687,2.0,-85.0,162.0,,9.845,0.401,0.579,0.03333333333333333,0.0,-0.0
1744720505.790088,1.0,-85.0,162.0,,9.678,0.068,0.667,0.03333333333333333,0.0,-0.0
1744720506.175333,0.0,-85.0,162.0,,9.894,0.0,0.785,0.03333333333333333,0.0,-0.0
1744720506.546705,0.0,-85.0,162.0,,9.796,0.028,0.755,0.03333333333333333,0.0,-0.0
1744720506.9170084,0.0,-84.0,162.0,,9.864,0.0,0.804,0.03333333333333333,0.0,-0.0
1744720507.2743394,0.0,-84.0,162.0,,9.845,-0.049,0.843,0.03333333333333333,0.0,-0.0
1744720507.6259656,0.0,-84.0,162.0,,9.825,-0.039,0.775,0.03333333333333333,0.0,-0.0
1744720507.9772787,0.0,-84.0,162.0,,9.904,-0.088,0.883,0.03333333333333333,0.0,-0.0
1744720508.3260355,0.0,-84.0,162.0,,9.874,-0.039,0.843,0.03333333333333333,0.0,-0.0
1744720508.687915,0.0,-84.0,162.0,,9.757,-0.127,0.951,0.03333333333333333,0.0,-0.0
1744720509.068956,0.0,-83.0,162.0,,9.737,-0.186,0.971,0.03333333333333333,0.0,-0.0
1744720509.4599473,0.0,-83.0,162.0,,9.815,-0.265,1.079,0.03333333333333333,0.0,-0.0
1744720509.8315694,0.0,-83.0,162.0,,9.835,-0.245,1.089,0.03333333333333333,0.0,-0.0
1744720510.1988757,0.0,-83.0,162.0,,9.747,-0.216,1.128,0.03333333333333333,0.0,-0.0
1744720510.5591917,0.0,-83.0,162.0,,9.835,-0.226,1.118,0.03333333333333333,0.0,-0.0
1744720510.9170303,0.0,-83.0,162.0,,9.913,-0.265,1.187,0.03333333333333333,0.0,-0.0
1744720511.278876,0.0,-83.0,162.0,,9.835,-0.216,1.167,0.03333333333333333,0.0,-0.0
1744720511.6312685,0.0,-82.0,162.0,,9.864,-0.226,1.147,0.03333333333333333,0.0,-0.0
1744720512.0037618,0.0,-82.0,162.0,,9.835,-0.216,1.167,0.03333333333333333,0.0,-0.0
1744720512.3635879,0.0,-82.0,162.0,,9.972,-0.275,1.226,0.03333333333333333,0.0,-0.0
1744720512.7119026,0.0,-82.0,162.0,,9.766,-0.284,1.147,0.03333333333333333,0.0,-0.0
1744720513.0501428,0.0,-82.0,162.0,,9.678,-0.226,1.089,0.03333333333333333,0.0,-0.0
1744720513.405988,0.0,-82.0,162.0,,9.835,-0.314,1.206,0.03333333333333333,0.0,-0.0
1744720513.754986,0.0,-82.0,162.0,,9.835,-0.206,1.177,0.03333333333333333,0.0,-0.0
1744720514.1062322,0.0,-82.0,162.0,,9.923,-0.284,1.206,0.03333333333333333,0.0,-0.0
1744720514.4688842,-1.0,-82.0,162.0,,10.061,-0.206,1.334,0.03333333333333333,0.0,-0.0
1744720514.8345256,-1.0,-82.0,162.0,,9.717,-0.235,1.069,0.03333333333333333,0.0,-0.0
1744720515.1895413,0.0,-82.0,162.0,,9.815,-0.167,1.108,0.03333333333333333,0.0,-0.0
1744720515.5326731,0.0,-82.0,162.0,,10.002,-0.324,1.265,0.03333333333333333,0.0,-0.0
1744720515.8852208,0.0,-82.0,162.0,,9.727,-0.206,1.079,0.03333333333333333,0.0,-0.0
1744720516.2329154,0.0,-82.0,162.0,,9.727,-0.147,1.245,0.03333333333333333,0.0,-0.0
1744720516.5764525,0.0,-81.0,162.0,,9.286,-0.069,1.334,0.03333333333333333,0.0,-0.0
1744720516.942615,0.0,-81.0,162.0,,10.002,1.117,1.824,0.03333333333333333,0.0,-0.0
1744720517.2955017,1.0,-80.0,162.0,,10.237,0.695,2.001,0.03333333333333333,0.0,-0.0
1744720517.6501775,3.0,-80.0,162.0,,8.815,-1.01,1.677,0.03333333333333333,0.0,-0.0
1744720517.994682,1.0,-76.0,158.0,,10.149,-1.697,1.108,0.03333333333333333,0.0,-0.0
1744720518.3599818,1.0,-72.0,183.0,,10.992,-3.55,-2.48,0.03333333333333333,0.0,-0.0
1744720518.7183723,1.0,-72.0,188.0,,8.786,-3.776,2.658,0.03333333333333333,0.0,-0.0
1744720519.0728564,5.0,-66.0,232.0,,9.472,-3.403,1.451,0.03333333333333333,0.0,-0.0
1744720519.4191463,4.0,-67.0,232.0,,8.972,-2.157,0.324,0.03333333333333333,0.0,-0.0
1744720519.7738476,4.0,-70.0,233.0,,9.384,-0.441,-0.234,0.03333333333333333,0.0,-0.0
1744720520.1300516,3.0,-72.0,234.0,,9.972,-0.373,-0.793,0.03333333333333333,0.0,-0.0
1744720520.48734,2.0,-74.0,236.0,,7.58,-1.638,0.53,0.03333333333333333,0.0,-0.0
1744720520.842193,1.0,-74.0,246.0,,9.815,0.087,-0.676,0.03333333333333333,0.0,-0.0
1744720521.1988008,1.0,-89.0,249.0,,9.815,0.146,-0.715,0.03333333333333333,0.0,-0.0
1744720521.543529,1.0,-92.0,249.0,,9.933,0.293,0.069,0.03333333333333333,0.0,-0.0
1744720521.9050632,1.0,-93.0,249.0,,9.815,0.225,-0.695,0.03333333333333333,0.0,-0.0
1744720522.2664282,1.0,-93.0,249.0,,9.825,0.156,-0.685,0.03333333333333333,0.0,-0.0
1744720522.6197822,1.0,-93.0,249.0,,9.815,0.156,-0.685,0.03333333333333333,0.0,-0.0
1744720522.9684856,1.0,-93.0,249.0,,9.815,0.166,-0.685,0.03333333333333333,0.0,-0.0
1744720523.3231053,1.0,-93.0,249.0,,9.815,0.176,-0.695,0.03333333333333333,0.0,-0.0
1744720523.6742036,1.0,-93.0,249.0,,9.815,0.176,-0.705,0.03333333333333333,0.0,-0.0
1744720524.0209465,1.0,-93.0,249.0,,9.815,0.185,-0.695,0.03333333333333333,0.0,-0.0
1744720524.3659937,1.0,-93.0,249.0,,9.815,0.166,-0.705,0.03333333333333333,0.0,-0.0
1744720524.7265308,1.0,-93.0,249.0,,9.815,0.166,-0.695,0.03333333333333333,0.0,-0.0
1744720525.0768378,1.0,-93.0,249.0,,9.815,0.166,-0.695,0.03333333333333333,0.0,-0.0
1744720525.421948,1.0,-93.0,249.0,,9.815,0.146,-0.685,0.03333333333333333,0.0,-0.0
1744720525.7709296,1.0,-93.0,249.0,,9.815,0.146,-0.705,0.03333333333333333,0.0,-0.0
1744720526.1597617,1.0,-93.0,249.0,,9.815,0.166,-0.695,0.03333333333333333,0.0,-0.0
1744720526.633239,1.0,-93.0,249.0,,9.815,0.166,-0.695,0.03333333333333333,0.0,-0.0
1744720527.0609753,1.0,-93.0,249.0,,9.815,0.166,-0.695,0.03333333333333333,0.0,-0.0
1744720527.4348047,1.0,-93.0,249.0,,9.815,0.146,-0.695,0.03333333333333333,0.0,-0.0
1744720527.8039756,1.0,-93.0,249.0,,9.815,0.156,-0.695,0.03333333333333333,0.0,-0.0
1744720528.1589587,1.0,-93.0,249.0,,9.815,0.166,-0.695,0.03333333333333333,0.0,-0.0
1744720528.5085914,1.0,-93.0,249.0,,9.796,0.068,-0.95,0.03333333333333333,0.0,-0.0
1744720528.8669744,1.0,-93.0,249.0,,9.815,0.107,-0.715,0.03333333333333333,0.0,-0.0
1744720529.2264845,1.0,-93.0,249.0,,9.815,0.146,-0.715,0.03333333333333333,0.0,-0.0
1744720529.6011238,1.0,-93.0,249.0,,9.806,0.166,-0.715,0.03333333333333333,0.0,-0.0
1744720529.9474137,1.0,-93.0,249.0,,9.815,0.176,-0.695,0.03333333333333333,0.0,-0.0
1744720530.2929337,1.0,-93.0,249.0,,9.815,0.166,-0.705,0.03333333333333333,0.0,-0.0
1744720530.6437306,1.0,-93.0,249.0,,9.815,0.156,-0.705,0.03333333333333333,0.0,-0.0
1744720530.9808288,1.0,-93.0,249.0,,9.815,0.156,-0.695,0.03333333333333333,0.0,-0.0
1744720531.326173,1.0,-93.0,249.0,,9.815,0.166,-0.705,0.03333333333333333,0.0,-0.0
1744720531.6713536,1.0,-93.0,249.0,,9.815,0.166,-0.695,0.03333333333333333,0.0,-0.0
1744720532.019002,1.0,-93.0,249.0,,9.815,0.156,-0.715,0.03333333333333333,0.0,-0.0
1744720532.3673298,1.0,-93.0,249.0,,9.815,0.156,-0.695,0.03333333333333333,0.0,-0.0
1744720532.6961784,1.0,-93.0,249.0,,9.825,0.166,-0.705,0.03333333333333333,0.0,-0.0
1744720533.0849257,1.0,-93.0,249.0,,9.825,0.205,-0.695,0.03333333333333333,0.0,-0.0
1744720533.4718618,1.0,-93.0,249.0,,9.825,0.146,-0.705,0.03333333333333333,0.0,-0.0
1744720533.6341143,1.0,-93.0,249.0,,9.815,0.176,-0.676,0.03333333333333333,0.0,-0.0
1744720533.876163,1.0,-93.0,249.0,,9.815,0.185,-0.705,0.03333333333333333,0.0,-0.0
1744720534.0662944,1.0,-93.0,249.0,,9.815,0.166,-0.715,0.03333333333333333,0.0,-0.0
1744720534.252222,1.0,-93.0,249.0,,9.806,0.146,-0.715,0.03333333333333333,0.0,-0.0
1744720534.449721,1.0,-93.0,249.0,,9.815,0.156,-0.695,0.03333333333333333,0.0,-0.0
1744720534.622178,1.0,-93.0,249.0,,9.815,0.156,-0.685,0.03333333333333333,0.0,-0.0
1744720534.7795525,1.0,-93.0,249.0,,9.825,0.166,-0.705,0.03333333333333333,0.0,-0.0
1744720534.937438,1.0,-93.0,249.0,,9.815,0.166,-0.695,0.03333333333333333,0.0,-0.0
1744720535.0906348,1.0,-93.0,249.0,,9.815,0.156,-0.695,0.03333333333333333,0.0,-0.0
1744720535.2353654,1.0,-93.0,249.0,,9.815,0.176,-0.705,0.03333333333333333,0.0,-0.0
1744720535.3783767,1.0,-93.0,249.0,,9.815,0.146,-0.705,0.03333333333333333,0.0,-0.0
1744720535.5191243,1.0,-93.0,249.0,,9.815,0.176,-0.705,0.03333333333333333,0.0,-0.0
1744720535.6748393,1.0,-93.0,249.0,,9.815,0.156,-0.705,0.03333333333333333,0.0,-0.0
1744720535.8221734,1.0,-93.0,249.0,,9.815,0.156,-0.695,0.03333333333333333,0.0,-0.0
1744720535.9625442,1.0,-93.0,249.0,,9.815,0.176,-0.705,0.03333333333333333,0.0,-0.0
1744720536.104924,1.0,-93.0,249.0,,9.825,0.166,-0.695,0.03333333333333333,0.0,-0.0
1744720536.246719,1.0,-93.0,249.0,,9.815,0.166,-0.705,0.03333333333333333,0.0,-0.0
1744720536.3908808,1.0,-93.0,249.0,,9.815,0.176,-0.705,0.03333333333333333,0.0,-0.0
1744720536.5251727,1.0,-93.0,249.0,,9.815,0.166,-0.705,0.03333333333333333,0.0,-0.0
1744720536.6598234,1.0,-93.0,249.0,,9.815,0.156,-0.705,0.03333333333333333,0.0,-0.0
1744720536.8013725,1.0,-93.0,249.0,,9.815,0.176,-0.705,0.03333333333333333,0.0,-0.0
1744720536.9465902,1.0,-93.0,249.0,,9.825,0.166,-0.705,0.03333333333333333,0.0,-0.0
1744720537.077302,1.0,-93.0,249.0,,9.815,0.156,-0.715,0.03333333333333333,0.0,-0.0
1744720537.2048328,1.0,-93.0,249.0,,9.815,0.166,-0.695,0.03333333333333333,0.0,-0.0
1744720537.3283343,1.0,-93.0,249.0,,9.815,0.166,-0.705,0.03333333333333333,0.0,-0.0
1744720537.4536264,1.0,-93.0,249.0,,9.815,0.156,-0.705,0.03333333333333333,0.0,-0.0
1744720537.5757616,1.0,-93.0,249.0,,9.815,0.166,-0.715,0.03333333333333333,0.0,-0.0
1744720537.6982708,1.0,-93.0,249.0,,9.825,0.166,-0.705,0.03333333333333333,0.0,-0.0
1744720537.8176517,1.0,-93.0,249.0,,9.815,0.185,-0.715,0.03333333333333333,0.0,-0.0
1744720537.9414113,1.0,-93.0,249.0,,9.815,0.176,-0.705,0.03333333333333333,0.0,-0.0
1744720538.0683513,1.0,-93.0,249.0,,9.815,0.156,-0.705,0.03333333333333333,0.0,-0.0
1744720538.1965766,1.0,-93.0,249.0,,9.815,0.166,-0.705,0.03333333333333333,0.0,-0.0
1744720538.3243566,1.0,-93.0,249.0,,9.815,0.166,-0.695,0.03333333333333333,0.0,-0.0
1744720538.4576406,1.0,-93.0,249.0,,9.815,0.166,-0.705,0.03333333333333333,0.0,-0.0
1744720538.5881314,1.0,-93.0,249.0,,9.815,0.176,-0.705,0.03333333333333333,0.0,-0.0
1744720538.728252,1.0,-93.0,249.0,,9.815,0.146,-0.705,0.03333333333333333,0.0,-0.0
1744720538.8570783,1.0,-93.0,249.0,,9.815,0.136,-0.695,0.03333333333333333,0.0,-0.0
1744720538.9900289,1.0,-93.0,249.0,,9.815,0.156,-0.705,0.03333333333333333,0.0,-0.0
1744720539.1130185,1.0,-93.0,249.0,,9.815,0.166,-0.705,0.03333333333333333,0.0,-0.0
1744720539.2455838,1.0,-93.0,249.0,,9.815,0.146,-0.695,0.03333333333333333,0.0,-0.0
1744720539.3706467,1.0,-93.0,249.0,,9.815,0.176,-0.695,0.03333333333333333,0.0,-0.0
1744720539.4971044,1.0,-93.0,249.0,,9.806,0.176,-0.695,0.03333333333333333,0.0,-0.0
1744720539.6150048,1.0,-93.0,249.0,,9.815,0.146,-0.695,0.03333333333333333,0.0,-0.0
1744720539.73963,1.0,-93.0,249.0,,9.815,0.166,-0.695,0.03333333333333333,0.0,-0.0
1744720539.8538554,1.0,-93.0,249.0,,9.815,0.166,-0.705,0.03333333333333333,0.0,-0.0
1744720539.9732215,1.0,-93.0,249.0,,9.815,0.166,-0.695,0.03333333333333333,0.0,-0.0
1744720540.0913537,1.0,-93.0,249.0,,9.815,0.176,-0.705,0.03333333333333333,0.0,-0.0
1744720540.2096474,1.0,-93.0,249.0,,9.815,0.146,-0.705,0.03333333333333333,0.0,-0.0
1744720540.3237357,1.0,-93.0,249.0,,9.815,0.166,-0.705,0.03333333333333333,0.0,-0.0
1744720540.4416249,1.0,-93.0,249.0,,9.815,0.156,-0.695,0.03333333333333333,0.0,-0.0
1744720540.5549552,1.0,-93.0,249.0,,9.815,0.156,-0.705,0.03333333333333333,0.0,-0.0
1744720540.6752355,1.0,-93.0,249.0,,9.815,0.176,-0.705,0.03333333333333333,0.0,-0.0
1744720540.7868662,1.0,-93.0,249.0,,9.815,0.156,-0.705,0.03333333333333333,0.0,-0.0
1744720540.897505,1.0,-93.0,249.0,,9.815,0.176,-0.725,0.03333333333333333,0.0,-0.0
1744720541.0108964,1.0,-93.0,249.0,,9.815,0.136,-0.705,0.03333333333333333,0.0,-0.0
1744720541.1242268,1.0,-93.0,249.0,,9.815,0.166,-0.695,0.03333333333333333,0.0,-0.0
1744720541.2465281,1.0,-93.0,249.0,,9.825,0.097,-0.715,0.03333333333333333,0.0,-0.0
1744720541.3661573,1.0,-93.0,249.0,,9.825,0.126,-0.695,0.03333333333333333,0.0,-0.0
1744720541.4861846,1.0,-93.0,249.0,,9.815,0.156,-0.695,0.03333333333333333,0.0,-0.0
1744720541.6031342,1.0,-93.0,249.0,,9.815,0.166,-0.734,0.03333333333333333,0.0,-0.0
1744720541.727839,1.0,-93.0,249.0,,9.825,0.146,-0.685,0.03333333333333333,0.0,-0.0
1744720541.8534722,1.0,-93.0,249.0,,9.815,0.136,-0.725,0.03333333333333333,0.0,-0.0
1744720541.9749582,1.0,-93.0,249.0,,9.815,0.176,-0.705,0.03333333333333333,0.0,-0.0
1744720542.091264,1.0,-93.0,249.0,,9.815,0.136,-0.685,0.03333333333333333,0.0,-0.0
1744720542.2137582,1.0,-93.0,249.0,,9.815,0.166,-0.705,0.03333333333333333,0.0,-0.0
1744720542.3313935,1.0,-93.0,249.0,,9.815,0.117,-0.725,0.03333333333333333,0.0,-0.0
1744720542.448488,1.0,-93.0,249.0,,9.825,0.176,-0.695,0.03333333333333333,0.0,-0.0
1744720542.56578,1.0,-93.0,249.0,,9.815,0.107,-0.695,0.03333333333333333,0.0,-0.0
1744720542.6835012,1.0,-93.0,249.0,,9.825,0.126,-0.646,0.03333333333333333,0.0,-0.0
1744720542.7998168,1.0,-93.0,249.0,,9.815,0.146,-0.676,0.03333333333333333,0.0,-0.0
1744720542.9332228,1.0,-93.0,249.0,,9.825,0.126,-0.695,0.03333333333333333,0.0,-0.0
1744720543.0697713,1.0,-93.0,249.0,,9.815,0.068,-0.705,0.03333333333333333,0.0,-0.0
1744720543.2163806,1.0,-93.0,249.0,,9.825,0.166,-0.695,0.03333333333333333,0.0,-0.0
1744720543.3567908,1.0,-93.0,249.0,,9.815,0.185,-0.705,0.03333333333333333,0.0,-0.0
1744720543.4942164,1.0,-93.0,249.0,,9.815,0.146,-0.715,0.03333333333333333,0.0,-0.0
1744720543.6234488,1.0,-93.0,249.0,,9.815,0.176,-0.725,0.03333333333333333,0.0,-0.0
1744720543.771519,1.0,-93.0,249.0,,9.825,0.185,-0.715,0.03333333333333333,0.0,-0.0
1744720543.8971093,1.0,-93.0,249.0,,9.806,0.176,-0.725,0.03333333333333333,0.0,-0.0
1744720544.0206134,1.0,-93.0,249.0,,9.825,0.146,-0.705,0.03333333333333333,0.0,-0.0
1744720544.1454768,1.0,-93.0,249.0,,9.815,0.146,-0.705,0.03333333333333333,0.0,-0.0
1744720544.2668126,1.0,-93.0,249.0,,9.815,0.176,-0.725,0.03333333333333333,0.0,-0.0
1744720544.3880963,1.0,-93.0,249.0,,9.815,0.166,-0.705,0.03333333333333333,0.0,-0.0
1744720544.510644,1.0,-93.0,249.0,,9.825,0.146,-0.715,0.03333333333333333,0.0,-0.0
1744720544.6294274,1.0,-93.0,249.0,,9.815,0.166,-0.705,0.03333333333333333,0.0,-0.0
1744720544.763652,1.0,-93.0,249.0,,9.815,0.156,-0.715,0.03333333333333333,0.0,-0.0
1744720544.895,1.0,-93.0,249.0,,9.815,0.166,-0.715,0.03333333333333333,0.0,-0.0
1744720545.0174367,1.0,-93.0,249.0,,9.815,0.166,-0.715,0.03333333333333333,0.0,-0.0
1744720545.1344042,1.0,-93.0,249.0,,9.815,0.176,-0.725,0.03333333333333333,0.0,-0.0
1744720545.269869,1.0,-93.0,249.0,,9.815,0.176,-0.734,0.03333333333333333,0.0,-0.0
1744720545.408305,1.0,-93.0,249.0,,9.815,0.166,-0.725,0.03333333333333333,0.0,-0.0
1744720545.5538127,1.0,-93.0,249.0,,9.815,0.146,-0.715,0.03333333333333333,0.0,-0.0
1744720545.6963074,1.0,-93.0,249.0,,9.815,0.156,-0.715,0.03333333333333333,0.0,-0.0
1744720545.8273005,1.0,-93.0,249.0,,9.815,0.156,-0.715,0.03333333333333333,0.0,-0.0
1744720545.9505851,1.0,-93.0,249.0,,9.815,0.156,-0.715,0.03333333333333333,0.0,-0.0
1744720546.0755897,1.0,-93.0,249.0,,9.815,0.166,-0.715,0.03333333333333333,0.0,-0.0
1744720546.2126327,1.0,-93.0,249.0,,9.815,0.146,-0.715,0.03333333333333333,0.0,-0.0
1744720546.34043,1.0,-93.0,249.0,,9.815,0.156,-0.715,0.03333333333333333,0.0,-0.0
1744720546.4711103,1.0,-93.0,249.0,,9.815,0.176,-0.715,0.03333333333333333,0.0,-0.0
1744720546.600283,1.0,-93.0,249.0,,9.815,0.156,-0.715,0.03333333333333333,0.0,-0.0
1744720546.7439446,1.0,-93.0,249.0,,9.815,0.156,-0.715,0.03333333333333333,0.0,-0.0
1744720546.8782146,1.0,-93.0,249.0,,9.815,0.146,-0.705,0.03333333333333333,0.0,-0.0
1744720547.0225918,1.0,-93.0,249.0,,9.815,0.156,-0.715,0.03333333333333333,0.0,-0.0
1744720547.1603384,1.0,-93.0,249.0,,9.815,0.176,-0.705,0.03333333333333333,0.0,-0.0
1744720547.284162,1.0,-93.0,249.0,,9.825,0.176,-0.715,0.03333333333333333,0.0,-0.0
1744720547.4092355,1.0,-93.0,249.0,,9.815,0.156,-0.715,0.03333333333333333,0.0,-0.0
1744720547.5273757,1.0,-93.0,249.0,,9.815,0.156,-0.715,0.03333333333333333,0.0,-0.0
1744720547.6456492,1.0,-93.0,249.0,,9.825,0.156,-0.715,0.03333333333333333,0.0,-0.0
1744720547.7779133,1.0,-93.0,249.0,,9.815,0.166,-0.715,0.03333333333333333,0.0,-0.0
1744720547.899711,1.0,-93.0,249.0,,9.815,0.176,-0.715,0.03333333333333333,0.0,-0.0
1744720548.0328095,1.0,-93.0,249.0,,9.815,0.176,-0.725,0.03333333333333333,0.0,-0.0
1744720548.2181847,1.0,-93.0,249.0,,9.825,0.166,-0.705,0.03333333333333333,0.0,-0.0
1744720548.383477,1.0,-93.0,249.0,,9.815,0.166,-0.705,0.03333333333333333,0.0,-0.0
1744720548.5433939,1.0,-93.0,249.0,,9.815,0.166,-0.715,0.03333333333333333,0.0,-0.0
1744720548.6872694,1.0,-93.0,249.0,,9.815,0.156,-0.715,0.03333333333333333,0.0,-0.0
1744720548.8353558,1.0,-93.0,249.0,,9.806,0.146,-0.715,0.03333333333333333,0.0,-0.0
1744720548.9659026,1.0,-93.0,249.0,,9.815,0.146,-0.705,0.03333333333333333,0.0,-0.0
1744720549.1034598,1.0,-93.0,249.0,,9.815,0.166,-0.705,0.03333333333333333,0.0,-0.0
1744720549.239424,1.0,-93.0,249.0,,9.815,0.156,-0.725,0.03333333333333333,0.0,-0.0
1744720549.3618832,1.0,-93.0,249.0,,9.815,0.156,-0.715,0.03333333333333333,0.0,-0.0
1744720549.4842389,1.0,-93.0,249.0,,9.815,0.146,-0.705,0.03333333333333333,0.0,-0.0
1744720549.6006696,1.0,-93.0,249.0,,9.815,0.156,-0.705,0.03333333333333333,0.0,-0.0
1744720549.721627,1.0,-93.0,249.0,,9.815,0.166,-0.705,0.03333333333333333,0.0,-0.0
1744720549.8389146,1.0,-93.0,249.0,,9.815,0.156,-0.715,0.03333333333333333,0.0,-0.0
1744720549.9556797,1.0,-93.0,249.0,,9.815,0.156,-0.705,0.03333333333333333,0.0,-0.0
1744720550.0685008,1.0,-93.0,249.0,,9.815,0.176,-0.715,0.03333333333333333,0.0,-0.0
1744720550.1966712,1.0,-93.0,249.0,,9.815,0.166,-0.715,0.03333333333333333,0.0,-0.0
1744720550.3267386,1.0,-93.0,249.0,,9.815,0.156,-0.715,0.03333333333333333,0.0,-0.0
1744720550.4567451,1.0,-93.0,249.0,,9.825,0.166,-0.705,0.03333333333333333,0.0,-0.0
1744720550.581679,1.0,-93.0,249.0,,9.815,0.156,-0.715,0.03333333333333333,0.0,-0.0
1744720550.713193,1.0,-93.0,249.0,,9.815,0.146,-0.705,0.03333333333333333,0.0,-0.0
1744720550.843379,1.0,-93.0,249.0,,9.825,0.156,-0.715,0.03333333333333333,0.0,-0.0
1744720550.9719522,1.0,-93.0,249.0,,9.815,0.166,-0.695,0.03333333333333333,0.0,-0.0
1744720551.089431,1.0,-93.0,249.0,,9.815,0.146,-0.705,0.03333333333333333,0.0,-0.0
1744720551.2069416,1.0,-93.0,249.0,,9.815,0.156,-0.715,0.03333333333333333,0.0,-0.0
1744720551.3223207,1.0,-93.0,249.0,,9.815,0.146,-0.715,0.03333333333333333,0.0,-0.0
1744720551.4408853,1.0,-93.0,249.0,,9.815,0.185,-0.715,0.03333333333333333,0.0,-0.0
1744720551.5565,1.0,-93.0,249.0,,9.825,0.176,-0.676,0.03333333333333333,0.0,-0.0
1744720551.6708798,1.0,-93.0,249.0,,9.815,0.166,-0.695,0.03333333333333333,0.0,-0.0
1744720551.7895522,1.0,-93.0,249.0,,9.815,0.146,-0.715,0.03333333333333333,0.0,-0.0
1744720551.9079256,1.0,-93.0,249.0,,9.815,0.146,-0.715,0.03333333333333333,0.0,-0.0
1744720552.0216556,1.0,-93.0,249.0,,9.815,0.166,-0.715,0.03333333333333333,0.0,-0.0
1744720552.1332664,1.0,-93.0,249.0,,9.815,0.166,-0.715,0.03333333333333333,0.0,-0.0
1744720552.2471857,1.0,-93.0,249.0,,9.815,0.166,-0.715,0.03333333333333333,0.0,-0.0
1744720552.3583822,1.0,-93.0,249.0,,9.815,0.176,-0.715,0.03333333333333333,0.0,-0.0
1744720552.4682887,1.0,-93.0,249.0,,9.815,0.156,-0.715,0.03333333333333333,0.0,-0.0
1744720552.5817184,1.0,-93.0,249.0,,9.815,0.176,-0.725,0.03333333333333333,0.0,-0.0
1744720552.6996748,1.0,-93.0,249.0,,9.815,0.166,-0.705,0.03333333333333333,0.0,-0.0
1744720552.8192546,1.0,-93.0,249.0,,9.815,0.156,-0.715,0.03333333333333333,0.0,-0.0
1744720552.937623,1.0,-93.0,249.0,,9.815,0.176,-0.725,0.03333333333333333,0.0,-0.0
1744720553.0474308,1.0,-93.0,249.0,,9.815,0.166,-0.715,0.03333333333333333,0.0,-0.0
1744720553.1646655,1.0,-93.0,249.0,,9.815,0.166,-0.715,0.03333333333333333,0.0,-0.0
1744720553.2793977,1.0,-93.0,249.0,,9.815,0.166,-0.715,0.03333333333333333,0.0,-0.0
1744720553.3945405,1.0,-93.0,249.0,,9.815,0.166,-0.705,0.03333333333333333,0.0,-0.0
1744720553.5113752,1.0,-93.0,249.0,,9.815,0.156,-0.705,0.03333333333333333,0.0,-0.0
1744720553.6233552,1.0,-93.0,249.0,,9.815,0.166,-0.715,0.03333333333333333,0.0,-0.0
1744720553.743541,1.0,-93.0,249.0,,9.815,0.166,-0.725,0.03333333333333333,0.0,-0.0
1744720553.8732088,1.0,-93.0,249.0,,9.815,0.176,-0.715,0.03333333333333333,0.0,-0.0
1744720553.9901345,1.0,-93.0,249.0,,9.815,0.176,-0.715,0.03333333333333333,0.0,-0.0
1744720554.1020865,1.0,-93.0,249.0,,9.815,0.156,-0.715,0.03333333333333333,0.0,-0.0
1744720554.2163632,1.0,-93.0,249.0,,9.815,0.166,-0.705,0.03333333333333333,0.0,-0.0
1744720554.3308852,1.0,-93.0,249.0,,9.815,0.156,-0.715,0.03333333333333333,0.0,-0.0
1744720554.4468062,1.0,-93.0,249.0,,9.815,0.166,-0.715,0.03333333333333333,0.0,-0.0
1744720554.5619152,1.0,-93.0,249.0,,9.815,0.156,-0.715,0.03333333333333333,0.0,-0.0
1744720554.6834924,1.0,-93.0,249.0,,9.815,0.156,-0.715,0.03333333333333333,0.0,-0.0
1744720554.8021617,1.0,-93.0,249.0,,9.815,0.156,-0.715,0.03333333333333333,0.0,-0.0
1744720554.9180274,1.0,-93.0,249.0,,9.815,0.146,-0.715,0.03333333333333333,0.0,-0.0
1744720555.0310147,1.0,-93.0,249.0,,9.815,0.146,-0.705,0.03333333333333333,0.0,-0.0
1744720555.1809828,1.0,-93.0,249.0,,9.825,0.156,-0.715,0.03333333333333333,0.0,-0.0
1744720555.3471518,1.0,-93.0,249.0,,9.825,0.166,-0.715,0.03333333333333333,0.0,-0.0
1744720555.5059273,1.0,-93.0,249.0,,9.815,0.146,-0.705,0.03333333333333333,0.0,-0.0
1744720555.6381657,1.0,-93.0,249.0,,9.806,0.146,-0.715,0.03333333333333333,0.0,-0.0
1744720555.7621675,1.0,-93.0,249.0,,9.815,0.146,-0.705,0.03333333333333333,0.0,-0.0
1744720555.8909135,1.0,-93.0,249.0,,9.815,0.156,-0.715,0.03333333333333333,0.0,-0.0
1744720556.0098674,1.0,-93.0,249.0,,9.815,0.166,-0.705,0.03333333333333333,0.0,-0.0
1744720556.1283894,1.0,-93.0,249.0,,9.815,0.146,-0.715,0.03333333333333333,0.0,-0.0
1744720556.2526999,1.0,-93.0,249.0,,9.815,0.146,-0.705,0.03333333333333333,0.0,-0.0
1744720556.374657,1.0,-93.0,249.0,,9.815,0.156,-0.715,0.03333333333333333,0.0,-0.0
1744720556.4924605,1.0,-93.0,249.0,,9.825,0.156,-0.715,0.03333333333333333,0.0,-0.0
1744720556.609954,1.0,-93.0,249.0,,9.815,0.146,-0.715,0.03333333333333333,0.0,-0.0
1744720556.7267053,1.0,-93.0,249.0,,9.825,0.146,-0.705,0.03333333333333333,0.0,-0.0
1744720556.8500986,1.0,-93.0,249.0,,9.815,0.156,-0.715,0.03333333333333333,0.0,-0.0
1744720556.9647365,1.0,-93.0,249.0,,9.815,0.156,-0.715,0.03333333333333333,0.0,-0.0
1744720557.0834606,1.0,-93.0,249.0,,9.815,0.146,-0.715,0.03333333333333333,0.0,-0.0
1744720557.199999,1.0,-93.0,249.0,,9.815,0.156,-0.715,0.03333333333333333,0.0,-0.0
1744720557.3207624,1.0,-93.0,249.0,,9.815,0.156,-0.715,0.03333333333333333,0.0,-0.0
1744720557.4372582,1.0,-93.0,249.0,,9.815,0.156,-0.715,0.03333333333333333,0.0,-0.0
1744720557.5507412,1.0,-93.0,249.0,,9.815,0.146,-0.705,0.03333333333333333,0.0,-0.0
1744720557.6720169,1.0,-93.0,249.0,,9.815,0.156,-0.715,0.03333333333333333,0.0,-0.0
1744720557.7905216,1.0,-93.0,249.0,,9.815,0.156,-0.705,0.03333333333333333,0.0,-0.0
1744720557.9056304,1.0,-93.0,249.0,,9.806,0.166,-0.715,0.03333333333333333,0.0,-0.0
1744720558.0187194,1.0,-93.0,249.0,,9.825,0.156,-0.715,0.03333333333333333,0.0,-0.0
1744720558.1348085,1.0,-93.0,249.0,,9.815,0.156,-0.695,0.03333333333333333,0.0,-0.0
1744720558.2488937,1.0,-93.0,249.0,,9.815,0.166,-0.705,0.03333333333333333,0.0,-0.0
1744720558.3673713,1.0,-93.0,249.0,,9.815,0.166,-0.715,0.03333333333333333,0.0,-0.0
1744720558.4883318,1.0,-93.0,249.0,,9.815,0.146,-0.715,0.03333333333333333,0.0,-0.0
1744720558.6023648,1.0,-93.0,249.0,,9.815,0.156,-0.705,0.03333333333333333,0.0,-0.0
1744720558.7200432,1.0,-93.0,249.0,,9.815,0.156,-0.715,0.03333333333333333,0.0,-0.0
1744720558.8364556,1.0,-93.0,249.0,,9.815,0.166,-0.715,0.03333333333333333,0.0,-0.0
1744720558.9521036,1.0,-93.0,249.0,,9.815,0.146,-0.715,0.03333333333333333,0.0,-0.0
1744720559.0683393,1.0,-93.0,249.0,,9.815,0.156,-0.705,0.03333333333333333,0.0,-0.0
1744720559.1869538,1.0,-93.0,249.0,,9.815,0.166,-0.715,0.03333333333333333,0.0,-0.0
1744720559.3000262,1.0,-93.0,249.0,,9.815,0.146,-0.715,0.03333333333333333,0.0,-0.0
1744720559.4142148,1.0,-93.0,249.0,,9.815,0.146,-0.715,0.03333333333333333,0.0,-0.0
1744720559.5274677,1.0,-93.0,249.0,,9.815,0.166,-0.715,0.03333333333333333,0.0,-0.0
1744720559.646158,1.0,-93.0,249.0,,9.815,0.166,-0.715,0.03333333333333333,0.0,-0.0
1744720559.7612035,1.0,-93.0,249.0,,9.815,0.146,-0.705,0.03333333333333333,0.0,-0.0
1744720559.8835692,1.0,-93.0,249.0,,9.825,0.166,-0.705,0.03333333333333333,0.0,-0.0
1744720560.0016458,1.0,-93.0,249.0,,9.815,0.166,-0.715,0.03333333333333333,0.0,-0.0
1744720560.1139927,1.0,-93.0,249.0,,9.815,0.156,-0.715,0.03333333333333333,0.0,-0.0
1744720560.233541,1.0,-93.0,249.0,,9.815,0.146,-0.715,0.03333333333333333,0.0,-0.0
1744720560.35415,1.0,-93.0,249.0,,9.815,0.166,-0.715,0.03333333333333333,0.0,-0.0
1744720560.4729118,1.0,-93.0,249.0,,9.825,0.166,-0.715,0.03333333333333333,0.0,-0.0
1744720560.5910614,1.0,-93.0,249.0,,9.815,0.156,-0.715,0.03333333333333333,0.0,-0.0
1744720560.7134216,1.0,-93.0,249.0,,9.815,0.146,-0.715,0.03333333333333333,0.0,-0.0
1744720560.827786,1.0,-93.0,249.0,,9.815,0.166,-0.715,0.03333333333333333,0.0,-0.0
1744720560.9461315,1.0,-93.0,249.0,,9.815,0.146,-0.715,0.03333333333333333,0.0,-0.0
1744720561.06245,1.0,-93.0,249.0,,9.815,0.146,-0.715,0.03333333333333333,0.0,-0.0
1744720561.1806605,1.0,-93.0,249.0,,9.825,0.166,-0.715,0.03333333333333333,0.0,-0.0
1744720561.300087,1.0,-93.0,249.0,,9.815,0.166,-0.715,0.03333333333333333,0.0,-0.0
1744720561.4157078,1.0,-93.0,249.0,,9.815,0.156,-0.715,0.03333333333333333,0.0,-0.0
1744720561.5251148,1.0,-93.0,249.0,,9.815,0.156,-0.715,0.03333333333333333,0.0,-0.0
1744720561.6357656,1.0,-93.0,249.0,,9.815,0.166,-0.725,0.03333333333333333,0.0,-0.0
1744720561.756772,1.0,-93.0,249.0,,9.815,0.166,-0.734,0.03333333333333333,0.0,-0.0
1744720561.8738294,1.0,-93.0,249.0,,9.815,0.146,-0.705,0.03333333333333333,0.0,-0.0
1744720561.9935875,1.0,-93.0,249.0,,9.825,0.146,-0.705,0.03333333333333333,0.0,-0.0
1744720562.1177049,1.0,-93.0,249.0,,9.815,0.166,-0.725,0.03333333333333333,0.0,-0.0
1744720562.2401593,1.0,-93.0,249.0,,9.815,0.166,-0.715,0.03333333333333333,0.0,-0.0
1744720562.3654318,1.0,-93.0,249.0,,9.825,0.156,-0.705,0.03333333333333333,0.0,-0.0
1744720562.495267,1.0,-93.0,249.0,,9.825,0.146,-0.715,0.03333333333333333,0.0,-0.0
1744720562.623387,1.0,-93.0,249.0,,9.815,0.156,-0.715,0.03333333333333333,0.0,-0.0
1744720562.7534163,1.0,-93.0,249.0,,9.815,0.166,-0.715,0.03333333333333333,0.0,-0.0
1744720562.8712559,1.0,-93.0,249.0,,9.815,0.176,-0.715,0.03333333333333333,0.0,-0.0
1744720562.9914734,1.0,-93.0,249.0,,9.815,0.146,-0.715,0.03333333333333333,0.0,-0.0
1744720563.1065202,1.0,-93.0,249.0,,9.825,0.146,-0.715,0.03333333333333333,0.0,-0.0
1744720563.2289891,1.0,-93.0,249.0,,9.815,0.166,-0.715,0.03333333333333333,0.0,-0.0
1744720563.3414524,1.0,-93.0,249.0,,9.815,0.156,-0.705,0.03333333333333333,0.0,-0.0
1744720563.4634936,1.0,-93.0,249.0,,9.825,0.146,-0.715,0.03333333333333333,0.0,-0.0
1744720563.5814145,1.0,-93.0,249.0,,9.815,0.166,-0.715,0.03333333333333333,0.0,-0.0
1744720563.699296,1.0,-93.0,249.0,,9.815,0.156,-0.705,0.03333333333333333,0.0,-0.0
1744720563.8196,1.0,-93.0,249.0,,9.815,0.156,-0.715,0.03333333333333333,0.0,-0.0
1744720563.9412036,1.0,-93.0,249.0,,9.815,0.136,-0.725,0.03333333333333333,0.0,-0.0
1744720564.0563052,1.0,-93.0,249.0,,9.825,0.185,-0.705,0.03333333333333333,0.0,-0.0
1744720564.1742134,1.0,-93.0,249.0,,9.815,0.176,-0.715,0.03333333333333333,0.0,-0.0
1744720564.2919562,1.0,-93.0,249.0,,9.815,0.166,-0.715,0.03333333333333333,0.0,-0.0
1744720564.411644,1.0,-93.0,249.0,,9.815,0.146,-0.725,0.03333333333333333,0.0,-0.0
1744720564.5273361,1.0,-93.0,249.0,,9.815,0.176,-0.705,0.03333333333333333,0.0,-0.0
1744720564.63866,1.0,-93.0,249.0,,9.815,0.176,-0.705,0.03333333333333333,0.0,-0.0
1744720564.7489243,1.0,-93.0,249.0,,9.815,0.166,-0.734,0.03333333333333333,0.0,-0.0
1744720564.8609002,1.0,-93.0,249.0,,9.815,0.166,-0.715,0.03333333333333333,0.0,-0.0
1744720564.9785461,1.0,-93.0,249.0,,9.815,0.176,-0.715,0.03333333333333333,0.0,-0.0
1744720565.095904,1.0,-93.0,249.0,,9.815,0.166,-0.725,0.03333333333333333,0.0,-0.0
1744720565.2146428,1.0,-93.0,249.0,,9.806,0.176,-0.725,0.03333333333333333,0.0,-0.0
1744720565.3301027,1.0,-93.0,249.0,,9.825,0.146,-0.715,0.03333333333333333,0.0,-0.0
1744720565.4486823,1.0,-93.0,249.0,,9.815,0.146,-0.725,0.03333333333333333,0.0,-0.0
1744720565.566193,1.0,-93.0,249.0,,9.815,0.156,-0.715,0.03333333333333333,0.0,-0.0
1744720565.6851106,1.0,-93.0,249.0,,9.815,0.166,-0.715,0.03333333333333333,0.0,-0.0
1744720565.7999535,1.0,-93.0,249.0,,9.815,0.156,-0.715,0.03333333333333333,0.0,-0.0
1744720565.9189782,1.0,-93.0,249.0,,9.825,0.146,-0.705,0.03333333333333333,0.0,-0.0
1744720566.047125,1.0,-93.0,249.0,,9.815,0.156,-0.715,0.03333333333333333,0.0,-0.0
1744720566.1650968,1.0,-93.0,249.0,,9.825,0.166,-0.715,0.03333333333333333,0.0,-0.0
1744720566.2851698,1.0,-93.0,249.0,,9.815,0.146,-0.715,0.03333333333333333,0.0,-0.0
1744720566.4037962,1.0,-93.0,249.0,,9.815,0.156,-0.715,0.03333333333333333,0.0,-0.0
1744720566.524131,1.0,-93.0,249.0,,9.815,0.156,-0.715,0.03333333333333333,0.0,-0.0
1744720566.6429856,1.0,-93.0,249.0,,9.815,0.156,-0.715,0.03333333333333333,0.0,-0.0
1744720566.76367,1.0,-93.0,249.0,,9.815,0.156,-0.715,0.03333333333333333,0.0,-0.0
1744720566.8765008,1.0,-93.0,249.0,,9.815,0.166,-0.705,0.03333333333333333,0.0,-0.0
1744720566.9954617,1.0,-93.0,249.0,,9.815,0.156,-0.715,0.03333333333333333,0.0,-0.0
1744720567.1136444,1.0,-93.0,249.0,,9.815,0.156,-0.715,0.03333333333333333,0.0,-0.0
1744720567.2328649,1.0,-93.0,249.0,,9.815,0.156,-0.715,0.03333333333333333,0.0,-0.0
1744720567.347502,1.0,-93.0,249.0,,9.806,0.166,-0.715,0.03333333333333333,0.0,-0.0
1744720567.4677813,1.0,-93.0,249.0,,9.815,0.166,-0.715,0.03333333333333333,0.0,-0.0
1744720567.5803885,1.0,-93.0,249.0,,9.815,0.146,-0.715,0.03333333333333333,0.0,-0.0
1744720567.6935022,1.0,-93.0,249.0,,9.815,0.166,-0.715,0.03333333333333333,0.0,-0.0
1744720567.806411,1.0,-93.0,249.0,,9.825,0.166,-0.705,0.03333333333333333,0.0,-0.0
1744720567.9240766,1.0,-93.0,249.0,,9.825,0.146,-0.715,0.03333333333333333,0.0,-0.0
1744720568.0442927,1.0,-93.0,249.0,,9.815,0.156,-0.715,0.03333333333333333,0.0,-0.0
1744720568.1654384,1.0,-93.0,249.0,,9.815,0.156,-0.705,0.03333333333333333,0.0,-0.0
1744720568.2827172,1.0,-93.0,249.0,,9.815,0.166,-0.725,0.03333333333333333,0.0,-0.0
1744720568.3954952,1.0,-93.0,249.0,,9.815,0.166,-0.715,0.03333333333333333,0.0,-0.0
1744720568.522878,1.0,-93.0,249.0,,9.815,0.166,-0.725,0.03333333333333333,0.0,-0.0
1744720568.643061,1.0,-93.0,249.0,,9.815,0.166,-0.715,0.03333333333333333,0.0,-0.0
1744720568.7618816,1.0,-93.0,249.0,,9.815,0.166,-0.715,0.03333333333333333,0.0,-0.0
1744720568.8788276,1.0,-93.0,249.0,,9.806,0.166,-0.715,0.03333333333333333,0.0,-0.0
1744720569.0007453,1.0,-93.0,249.0,,9.815,0.166,-0.715,0.03333333333333333,0.0,-0.0
1744720569.117172,1.0,-93.0,249.0,,9.815,0.156,-0.705,0.03333333333333333,0.0,-0.0
1744720569.2424858,1.0,-93.0,249.0,,9.815,0.146,-0.715,0.03333333333333333,0.0,-0.0
1744720569.3590314,1.0,-93.0,249.0,,9.815,0.166,-0.715,0.03333333333333333,0.0,-0.0
1744720569.4759543,1.0,-93.0,249.0,,9.806,0.156,-0.715,0.03333333333333333,0.0,-0.0
1744720569.5901327,1.0,-93.0,249.0,,9.815,0.156,-0.715,0.03333333333333333,0.0,-0.0
1744720569.7078006,1.0,-93.0,249.0,,9.815,0.156,-0.705,0.03333333333333333,0.0,-0.0
1744720569.8278496,1.0,-93.0,249.0,,9.815,0.166,-0.715,0.03333333333333333,0.0,-0.0
1744720569.945684,1.0,-93.0,249.0,,9.825,0.156,-0.715,0.03333333333333333,0.0,-0.0
1744720570.0758784,1.0,-93.0,249.0,,9.815,0.156,-0.715,0.03333333333333333,0.0,-0.0
1744720570.1966035,1.0,-93.0,249.0,,9.815,0.146,-0.715,0.03333333333333333,0.0,-0.0
1744720570.313956,1.0,-93.0,249.0,,9.815,0.166,-0.715,0.03333333333333333,0.0,-0.0
1744720570.431785,1.0,-93.0,249.0,,9.815,0.156,-0.715,0.03333333333333333,0.0,-0.0
1744720570.5511158,1.0,-93.0,249.0,,9.815,0.166,-0.705,0.03333333333333333,0.0,-0.0
1744720570.6642356,1.0,-93.0,249.0,,9.825,0.166,-0.715,0.03333333333333333,0.0,-0.0
1744720570.7798119,1.0,-93.0,249.0,,9.815,0.166,-0.725,0.03333333333333333,0.0,-0.0
1744720570.9002266,1.0,-93.0,249.0,,9.815,0.185,-0.715,0.03333333333333333,0.0,-0.0
1744720571.0264325,1.0,-93.0,249.0,,9.815,0.166,-0.715,0.03333333333333333,0.0,-0.0
1744720571.1449177,1.0,-93.0,249.0,,9.825,0.166,-0.705,0.03333333333333333,0.0,-0.0
1744720571.2655282,1.0,-93.0,249.0,,9.815,0.146,-0.715,0.03333333333333333,0.0,-0.0
1744720571.3887215,1.0,-93.0,249.0,,9.815,0.176,-0.715,0.03333333333333333,0.0,-0.0
1744720571.5071008,1.0,-93.0,249.0,,9.815,0.166,-0.725,0.03333333333333333,0.0,-0.0
1744720571.6399534,1.0,-93.0,249.0,,9.815,0.166,-0.725,0.03333333333333333,0.0,-0.0
1744720571.7644944,1.0,-93.0,249.0,,9.815,0.136,-0.705,0.03333333333333333,0.0,-0.0
1744720571.890485,1.0,-93.0,249.0,,9.815,0.156,-0.705,0.03333333333333333,0.0,-0.0
1744720572.0134218,1.0,-93.0,249.0,,9.815,0.166,-0.695,0.03333333333333333,0.0,-0.0
1744720572.1354573,1.0,-93.0,249.0,,9.815,0.176,-0.715,0.03333333333333333,0.0,-0.0
1744720572.2560115,1.0,-93.0,249.0,,9.835,0.126,-0.646,0.03333333333333333,0.0,-0.0
1744720572.3772252,1.0,-93.0,249.0,,9.806,0.136,-0.695,0.03333333333333333,0.0,-0.0
1744720572.4944487,1.0,-93.0,249.0,,9.815,0.146,-0.725,0.03333333333333333,0.0,-0.0
1744720572.6164494,1.0,-93.0,249.0,,9.815,0.185,-0.734,0.03333333333333333,0.0,-0.0
1744720572.738873,1.0,-93.0,249.0,,9.815,0.176,-0.764,0.03333333333333333,0.0,-0.0
1744720572.8572452,1.0,-93.0,249.0,,9.806,0.107,-0.734,0.03333333333333333,0.0,-0.0
1744720572.9759202,1.0,-93.0,249.0,,9.815,0.185,-0.725,0.03333333333333333,0.0,-0.0
1744720573.0985134,1.0,-93.0,249.0,,9.815,0.166,-0.715,0.03333333333333333,0.0,-0.0
1744720573.2126155,1.0,-93.0,249.0,,9.825,0.166,-0.695,0.03333333333333333,0.0,-0.0
1744720573.3377824,1.0,-93.0,249.0,,9.815,0.136,-0.676,0.03333333333333333,0.0,-0.0
1744720573.4584517,1.0,-93.0,249.0,,9.815,0.136,-0.705,0.03333333333333333,0.0,-0.0
1744720573.5920012,1.0,-93.0,249.0,,9.815,0.176,-0.715,0.03333333333333333,0.0,-0.0
1744720573.720806,1.0,-93.0,249.0,,9.815,0.166,-0.725,0.03333333333333333,0.0,-0.0
1744720573.847678,1.0,-93.0,249.0,,9.815,0.166,-0.705,0.03333333333333333,0.0,-0.0
1744720573.9735913,1.0,-93.0,249.0,,9.815,0.166,-0.705,0.03333333333333333,0.0,-0.0
1744720574.1048024,1.0,-93.0,249.0,,9.815,0.176,-0.695,0.03333333333333333,0.0,-0.0
1744720574.2353191,1.0,-93.0,249.0,,9.815,0.185,-0.705,0.03333333333333333,0.0,-0.0
1744720574.362548,1.0,-93.0,249.0,,9.815,0.176,-0.715,0.03333333333333333,0.0,-0.0
1744720574.4836807,1.0,-93.0,249.0,,9.815,0.176,-0.705,0.03333333333333333,0.0,-0.0
1744720574.606366,1.0,-93.0,249.0,,9.815,0.176,-0.705,0.03333333333333333,0.0,-0.0
1744720574.7263103,1.0,-93.0,249.0,,9.815,0.166,-0.705,0.03333333333333333,0.0,-0.0
1744720574.845104,1.0,-93.0,249.0,,9.815,0.156,-0.705,0.03333333333333333,0.0,-0.0
1744720574.963098,1.0,-93.0,249.0,,9.815,0.156,-0.705,0.03333333333333333,0.0,-0.0
1744720575.0797274,1.0,-93.0,249.0,,9.825,0.156,-0.695,0.03333333333333333,0.0,-0.0
1744720575.1973367,1.0,-93.0,249.0,,9.815,0.156,-0.705,0.03333333333333333,0.0,-0.0
1744720575.316685,1.0,-93.0,249.0,,9.815,0.156,-0.705,0.03333333333333333,0.0,-0.0
1744720575.4334712,1.0,-93.0,249.0,,9.815,0.166,-0.705,0.03333333333333333,0.0,-0.0
1744720575.5566292,1.0,-93.0,249.0,,9.815,0.166,-0.705,0.03333333333333333,0.0,-0.0
1744720575.6725428,1.0,-93.0,249.0,,9.815,0.156,-0.695,0.03333333333333333,0.0,-0.0
1744720575.7922077,1.0,-93.0,249.0,,9.815,0.176,-0.715,0.03333333333333333,0.0,-0.0
1744720575.9090867,1.0,-93.0,249.0,,9.815,0.195,-0.754,0.03333333333333333,0.0,-0.0
1744720576.026412,1.0,-93.0,249.0,,9.825,0.225,-0.676,0.03333333333333333,0.0,-0.0
1744720576.1473536,1.0,-93.0,249.0,,9.815,0.205,-0.685,0.03333333333333333,0.0,-0.0
1744720576.2707224,1.0,-93.0,249.0,,9.815,0.117,-0.715,0.03333333333333333,0.0,-0.0
1744720576.3864062,1.0,-93.0,249.0,,9.825,0.185,-0.676,0.03333333333333333,0.0,-0.0
1744720576.501027,1.0,-93.0,249.0,,9.815,0.176,-0.705,0.03333333333333333,0.0,-0.0
1744720576.6156516,1.0,-93.0,249.0,,9.815,0.176,-0.695,0.03333333333333333,0.0,-0.0
1744720576.733211,1.0,-93.0,249.0,,9.806,0.166,-0.734,0.03333333333333333,0.0,-0.0
1744720576.8474874,1.0,-93.0,249.0,,9.815,0.166,-0.715,0.03333333333333333,0.0,-0.0
1744720576.9642391,1.0,-93.0,249.0,,9.815,0.185,-0.695,0.03333333333333333,0.0,-0.0
1744720577.0876985,1.0,-93.0,249.0,,9.806,0.166,-0.705,0.03333333333333333,0.0,-0.0
1744720577.2089047,1.0,-93.0,249.0,,9.825,0.176,-0.715,0.03333333333333333,0.0,-0.0
1744720577.321679,1.0,-93.0,249.0,,9.806,0.215,-0.695,0.03333333333333333,0.0,-0.0
1744720577.4405544,1.0,-93.0,249.0,,9.815,0.176,-0.627,0.03333333333333333,0.0,-0.0
1744720577.558675,1.0,-93.0,249.0,,9.815,0.146,-0.774,0.03333333333333333,0.0,-0.0
1744720577.6790938,1.0,-93.0,249.0,,9.825,0.156,-0.646,0.03333333333333333,0.0,-0.0
1744720577.7963746,1.0,-93.0,249.0,,9.815,0.146,-0.754,0.03333333333333333,0.0,-0.0
1744720577.9095392,1.0,-93.0,249.0,,9.825,0.166,-0.695,0.03333333333333333,0.0,-0.0
1744720578.027872,1.0,-93.0,249.0,,9.815,0.166,-0.715,0.03333333333333333,0.0,-0.0
1744720578.149687,1.0,-93.0,249.0,,9.825,0.166,-0.656,0.03333333333333333,0.0,-0.0
1744720578.2697659,1.0,-93.0,249.0,,9.825,0.166,-0.705,0.03333333333333333,0.0,-0.0
1744720578.3820422,1.0,-93.0,249.0,,9.815,0.166,-0.695,0.03333333333333333,0.0,-0.0
1744720578.499434,1.0,-93.0,249.0,,9.815,0.166,-0.705,0.03333333333333333,0.0,-0.0
1744720578.6210947,1.0,-93.0,249.0,,9.815,0.146,-0.725,0.03333333333333333,0.0,-0.0
1744720578.7397828,1.0,-93.0,249.0,,9.815,0.156,-0.725,0.03333333333333333,0.0,-0.0
1744720578.8579514,1.0,-93.0,249.0,,9.815,0.205,-0.685,0.03333333333333333,0.0,-0.0
1744720578.9726818,1.0,-93.0,249.0,,9.806,0.176,-0.685,0.03333333333333333,0.0,-0.0
1744720579.0943437,1.0,-93.0,249.0,,9.815,0.146,-0.705,0.03333333333333333,0.0,-0.0
1744720579.2120306,1.0,-93.0,249.0,,9.815,0.166,-0.715,0.03333333333333333,0.0,-0.0
1744720579.3231053,1.0,-93.0,249.0,,9.815,0.185,-0.695,0.03333333333333333,0.0,-0.0
1744720579.4369464,1.0,-93.0,249.0,,9.825,0.166,-0.705,0.03333333333333333,0.0,-0.0
1744720579.5508904,1.0,-93.0,249.0,,9.815,0.166,-0.705,0.03333333333333333,0.0,-0.0
1744720579.667388,1.0,-93.0,249.0,,9.825,0.205,-0.705,0.03333333333333333,0.0,-0.0
1744720579.7875392,1.0,-93.0,249.0,,9.815,0.166,-0.685,0.03333333333333333,0.0,-0.0
1744720579.9105449,1.0,-93.0,249.0,,9.806,0.166,-0.744,0.03333333333333333,0.0,-0.0
1744720580.0316358,1.0,-93.0,249.0,,9.825,0.156,-0.695,0.03333333333333333,0.0,-0.0
1744720580.1534073,1.0,-93.0,249.0,,9.815,0.117,-0.715,0.03333333333333333,0.0,-0.0
1744720580.271065,1.0,-93.0,249.0,,9.815,0.126,-0.715,0.03333333333333333,0.0,-0.0
1744720580.3866851,1.0,-93.0,249.0,,9.815,0.117,-0.715,0.03333333333333333,0.0,-0.0
1744720580.504031,1.0,-93.0,249.0,,9.815,0.117,-0.695,0.03333333333333333,0.0,-0.0
1744720580.6183555,1.0,-93.0,249.0,,9.815,0.146,-0.715,0.03333333333333333,0.0,-0.0
1744720580.7366383,1.0,-93.0,249.0,,9.815,0.156,-0.705,0.03333333333333333,0.0,-0.0
1744720580.8504617,1.0,-93.0,249.0,,9.815,0.146,-0.695,0.03333333333333333,0.0,-0.0
1744720580.9632778,1.0,-93.0,249.0,,9.815,0.156,-0.715,0.03333333333333333,0.0,-0.0
1744720581.0821204,1.0,-93.0,249.0,,9.815,0.146,-0.705,0.03333333333333333,0.0,-0.0
1744720581.1968958,1.0,-93.0,249.0,,9.815,0.166,-0.695,0.03333333333333333,0.0,-0.0
1744720581.313235,1.0,-93.0,249.0,,9.815,0.166,-0.705,0.03333333333333333,0.0,-0.0
1744720581.424321,1.0,-93.0,249.0,,9.815,0.185,-0.695,0.03333333333333333,0.0,-0.0
1744720581.5477486,1.0,-93.0,249.0,,9.815,0.185,-0.715,0.03333333333333333,0.0,-0.0
1744720581.6697552,1.0,-93.0,249.0,,9.825,0.185,-0.676,0.03333333333333333,0.0,-0.0
1744720581.7928548,1.0,-93.0,249.0,,9.815,0.117,-0.842,0.03333333333333333,0.0,-0.0
1744720581.9135146,1.0,-93.0,249.0,,9.815,0.126,-0.725,0.03333333333333333,0.0,-0.0
1744720582.0383954,1.0,-93.0,249.0,,9.815,0.136,-0.725,0.03333333333333333,0.0,-0.0
1744720582.1698053,1.0,-93.0,249.0,,9.815,0.185,-0.695,0.03333333333333333,0.0,-0.0
1744720582.2952194,1.0,-93.0,249.0,,9.815,0.156,-0.725,0.03333333333333333,0.0,-0.0
1744720582.4180577,1.0,-93.0,249.0,,9.815,0.146,-0.715,0.03333333333333333,0.0,-0.0
1744720582.5468395,1.0,-93.0,249.0,,9.815,0.136,-0.725,0.03333333333333333,0.0,-0.0
1744720582.6712704,1.0,-93.0,249.0,,9.815,0.156,-0.705,0.03333333333333333,0.0,-0.0
1744720582.7895489,1.0,-93.0,249.0,,9.825,0.205,-0.705,0.03333333333333333,0.0,-0.0
1744720582.906879,1.0,-93.0,249.0,,9.815,0.146,-0.725,0.03333333333333333,0.0,-0.0
1744720583.027131,1.0,-93.0,249.0,,9.815,0.166,-0.725,0.03333333333333333,0.0,-0.0
1744720583.1568305,1.0,-93.0,249.0,,9.815,0.205,-0.715,0.03333333333333333,0.0,-0.0
1744720583.285155,1.0,-93.0,249.0,,9.815,0.166,-0.725,0.03333333333333333,0.0,-0.0
1744720583.4128308,1.0,-93.0,249.0,,9.815,0.146,-0.725,0.03333333333333333,0.0,-0.0
1744720583.5425553,1.0,-93.0,249.0,,9.815,0.176,-0.715,0.03333333333333333,0.0,-0.0
1744720583.6700666,1.0,-93.0,249.0,,9.825,0.195,-0.705,0.03333333333333333,0.0,-0.0
1744720583.7898428,1.0,-93.0,249.0,,9.815,0.195,-0.715,0.03333333333333333,0.0,-0.0
1744720583.9087546,1.0,-93.0,249.0,,9.815,0.176,-0.715,0.03333333333333333,0.0,-0.0
1744720584.025977,1.0,-93.0,249.0,,9.825,0.156,-0.705,0.03333333333333333,0.0,-0.0
1744720584.1487703,1.0,-93.0,249.0,,9.825,0.185,-0.725,0.03333333333333333,0.0,-0.0
1744720584.2652833,1.0,-93.0,249.0,,9.815,0.185,-0.715,0.03333333333333333,0.0,-0.0
1744720584.3790936,1.0,-93.0,249.0,,9.815,0.156,-0.715,0.03333333333333333,0.0,-0.0
1744720584.4926364,1.0,-93.0,249.0,,9.825,0.176,-0.715,0.03333333333333333,0.0,-0.0
1744720584.613653,1.0,-93.0,249.0,,9.815,0.176,-0.715,0.03333333333333333,0.0,-0.0
1744720584.732539,1.0,-93.0,249.0,,9.815,0.156,-0.715,0.03333333333333333,0.0,-0.0
1744720584.8583124,1.0,-93.0,249.0,,9.825,0.156,-0.705,0.03333333333333333,0.0,-0.0
1744720584.9797742,1.0,-93.0,249.0,,9.825,0.156,-0.715,0.03333333333333333,0.0,-0.0
1744720585.1054857,1.0,-93.0,249.0,,9.825,0.166,-0.705,0.03333333333333333,0.0,-0.0
1744720585.2269652,1.0,-93.0,249.0,,9.815,0.146,-0.715,0.03333333333333333,0.0,-0.0
1744720585.3520162,1.0,-93.0,249.0,,9.825,0.146,-0.715,0.03333333333333333,0.0,-0.0
1744720585.4784703,1.0,-93.0,249.0,,9.815,0.156,-0.715,0.03333333333333333,0.0,-0.0
1744720585.609809,1.0,-93.0,249.0,,9.815,0.146,-0.715,0.03333333333333333,0.0,-0.0
1744720585.7303894,1.0,-93.0,249.0,,9.815,0.136,-0.715,0.03333333333333333,0.0,-0.0
1744720585.853444,1.0,-93.0,249.0,,9.825,0.126,-0.695,0.03333333333333333,0.0,-0.0
1744720585.9710166,1.0,-93.0,249.0,,9.815,0.126,-0.715,0.03333333333333333,0.0,-0.0
1744720586.103023,1.0,-93.0,249.0,,9.815,0.146,-0.715,0.03333333333333333,0.0,-0.0
1744720586.246733,1.0,-93.0,249.0,,9.815,0.176,-0.715,0.03333333333333333,0.0,-0.0
1744720586.3874679,1.0,-93.0,249.0,,9.815,0.166,-0.715,0.03333333333333333,0.0,-0.0
1744720586.5325716,1.0,-93.0,249.0,,9.815,0.166,-0.705,0.03333333333333333,0.0,-0.0
1744720586.6750865,1.0,-93.0,249.0,,9.815,0.156,-0.705,0.03333333333333333,0.0,-0.0
1744720586.8082118,1.0,-93.0,249.0,,9.825,0.146,-0.705,0.03333333333333333,0.0,-0.0
1744720586.9504318,1.0,-93.0,249.0,,9.825,0.156,-0.705,0.03333333333333333,0.0,-0.0
1744720587.0881743,1.0,-93.0,249.0,,9.815,0.166,-0.715,0.03333333333333333,0.0,-0.0
1744720587.2199452,1.0,-93.0,249.0,,9.815,0.166,-0.715,0.03333333333333333,0.0,-0.0
1744720587.3460114,1.0,-93.0,249.0,,9.815,0.156,-0.715,0.03333333333333333,0.0,-0.0
1744720587.464492,1.0,-93.0,249.0,,9.815,0.166,-0.705,0.03333333333333333,0.0,-0.0
1744720587.5848439,1.0,-93.0,249.0,,9.825,0.166,-0.725,0.03333333333333333,0.0,-0.0
1744720587.7058637,1.0,-93.0,249.0,,9.825,0.176,-0.705,0.03333333333333333,0.0,-0.0
1744720587.8199751,1.0,-93.0,249.0,,9.815,0.166,-0.715,0.03333333333333333,0.0,-0.0
1744720587.938686,1.0,-93.0,249.0,,9.815,0.166,-0.715,0.03333333333333333,0.0,-0.0
1744720588.0597105,1.0,-93.0,249.0,,9.815,0.166,-0.715,0.03333333333333333,0.0,-0.0
1744720588.1788168,1.0,-93.0,249.0,,9.815,0.166,-0.715,0.03333333333333333,0.0,-0.0
1744720588.293264,1.0,-93.0,249.0,,9.815,0.166,-0.715,0.03333333333333333,0.0,-0.0
1744720588.4059033,1.0,-93.0,249.0,,9.825,0.156,-0.715,0.03333333333333333,0.0,-0.0
1744720588.5234098,1.0,-93.0,249.0,,9.815,0.166,-0.715,0.03333333333333333,0.0,-0.0
1744720588.6462004,1.0,-93.0,249.0,,9.815,0.166,-0.715,0.03333333333333333,0.0,-0.0
1744720588.7601695,1.0,-93.0,249.0,,9.815,0.156,-0.715,0.03333333333333333,0.0,-0.0
1744720588.8745012,1.0,-93.0,249.0,,9.815,0.156,-0.715,0.03333333333333333,0.0,-0.0
1744720588.985175,1.0,-93.0,249.0,,9.815,0.156,-0.715,0.03333333333333333,0.0,-0.0
1744720589.096621,1.0,-93.0,249.0,,9.815,0.166,-0.715,0.03333333333333333,0.0,-0.0
1744720589.215343,1.0,-93.0,249.0,,9.815,0.156,-0.715,0.03333333333333333,0.0,-0.0
1744720589.3274896,1.0,-93.0,249.0,,9.825,0.156,-0.715,0.03333333333333333,0.0,-0.0
1744720589.441134,1.0,-93.0,249.0,,9.825,0.156,-0.715,0.03333333333333333,0.0,-0.0
1744720589.556785,1.0,-93.0,249.0,,9.815,0.156,-0.725,0.03333333333333333,0.0,-0.0
1744720589.6718822,1.0,-93.0,249.0,,9.815,0.146,-0.705,0.03333333333333333,0.0,-0.0
1744720589.7846494,1.0,-93.0,249.0,,9.825,0.166,-0.705,0.03333333333333333,0.0,-0.0
1744720589.9003003,1.0,-93.0,249.0,,9.815,0.156,-0.715,0.03333333333333333,0.0,-0.0
1744720590.0114481,1.0,-93.0,249.0,,9.815,0.156,-0.705,0.03333333333333333,0.0,-0.0
1744720590.1239321,1.0,-93.0,249.0,,9.815,0.166,-0.705,0.03333333333333333,0.0,-0.0
1744720590.2401125,1.0,-93.0,249.0,,9.815,0.156,-0.715,0.03333333333333333,0.0,-0.0
1744720590.361516,1.0,-93.0,249.0,,9.815,0.166,-0.715,0.03333333333333333,0.0,-0.0
1744720590.4832056,1.0,-93.0,249.0,,9.815,0.166,-0.715,0.03333333333333333,0.0,-0.0
1744720590.5998585,1.0,-93.0,249.0,,9.815,0.156,-0.715,0.03333333333333333,0.0,-0.0
1744720590.7152047,1.0,-93.0,249.0,,9.815,0.166,-0.715,0.03333333333333333,0.0,-0.0
1744720590.8279083,1.0,-93.0,249.0,,9.815,0.156,-0.705,0.03333333333333333,0.0,-0.0
1744720590.9415002,1.0,-93.0,249.0,,9.815,0.156,-0.705,0.03333333333333333,0.0,-0.0
1744720591.055919,1.0,-93.0,249.0,,9.825,0.156,-0.715,0.03333333333333333,0.0,-0.0
1744720591.1763256,1.0,-93.0,249.0,,9.815,0.156,-0.715,0.03333333333333333,0.0,-0.0
1744720591.2943466,1.0,-93.0,249.0,,9.815,0.146,-0.715,0.03333333333333333,0.0,-0.0
1744720591.4068604,1.0,-93.0,249.0,,9.815,0.156,-0.715,0.03333333333333333,0.0,-0.0
1744720591.5221188,1.0,-93.0,249.0,,9.815,0.156,-0.705,0.03333333333333333,0.0,-0.0
1744720591.6325278,1.0,-93.0,249.0,,9.815,0.166,-0.725,0.03333333333333333,0.0,-0.0
1744720591.7442713,1.0,-93.0,249.0,,9.815,0.176,-0.705,0.03333333333333333,0.0,-0.0
1744720591.8645737,1.0,-93.0,249.0,,9.815,0.185,-0.715,0.03333333333333333,0.0,-0.0
1744720591.9822357,1.0,-93.0,249.0,,9.815,0.176,-0.715,0.03333333333333333,0.0,-0.0
1744720592.1025434,1.0,-93.0,249.0,,9.815,0.176,-0.715,0.03333333333333333,0.0,-0.0
1744720592.2203877,1.0,-93.0,249.0,,9.815,0.176,-0.705,0.03333333333333333,0.0,-0.0
1744720592.3350985,1.0,-93.0,249.0,,9.825,0.176,-0.715,0.03333333333333333,0.0,-0.0
1744720592.4478695,1.0,-93.0,249.0,,9.815,0.176,-0.715,0.03333333333333333,0.0,-0.0
1744720592.560927,1.0,-93.0,249.0,,9.815,0.185,-0.725,0.03333333333333333,0.0,-0.0
1744720592.6742449,1.0,-93.0,249.0,,9.815,0.176,-0.725,0.03333333333333333,0.0,-0.0
1744720592.7847672,1.0,-93.0,249.0,,9.815,0.166,-0.725,0.03333333333333333,0.0,-0.0
1744720592.8967938,1.0,-93.0,249.0,,9.825,0.146,-0.705,0.03333333333333333,0.0,-0.0
1744720593.0156796,1.0,-93.0,249.0,,9.815,0.156,-0.715,0.03333333333333333,0.0,-0.0
1744720593.132878,1.0,-93.0,249.0,,9.825,0.146,-0.705,0.03333333333333333,0.0,-0.0
1744720593.2520194,1.0,-93.0,249.0,,9.815,0.136,-0.715,0.03333333333333333,0.0,-0.0
1744720593.372553,1.0,-93.0,249.0,,9.815,0.156,-0.715,0.03333333333333333,0.0,-0.0
1744720593.4975314,1.0,-93.0,249.0,,9.825,0.166,-0.715,0.03333333333333333,0.0,-0.0
1744720593.621252,1.0,-93.0,249.0,,9.815,0.176,-0.715,0.03333333333333333,0.0,-0.0
1744720593.754868,1.0,-93.0,249.0,,9.825,0.156,-0.685,0.03333333333333333,0.0,-0.0
1744720593.8803747,1.0,-93.0,249.0,,9.815,0.156,-0.725,0.03333333333333333,0.0,-0.0
1744720593.999713,1.0,-93.0,249.0,,9.815,0.166,-0.705,0.03333333333333333,0.0,-0.0
1744720594.1185791,1.0,-93.0,249.0,,9.815,0.195,-0.725,0.03333333333333333,0.0,-0.0
1744720594.2386358,1.0,-93.0,249.0,,9.815,0.166,-0.705,0.03333333333333333,0.0,-0.0
1744720594.3543048,1.0,-93.0,249.0,,9.815,0.146,-0.725,0.03333333333333333,0.0,-0.0
1744720594.469901,1.0,-93.0,249.0,,9.815,0.156,-0.715,0.03333333333333333,0.0,-0.0
1744720594.5845764,1.0,-93.0,249.0,,9.815,0.166,-0.715,0.03333333333333333,0.0,-0.0
1744720594.7176828,1.0,-93.0,249.0,,9.806,0.185,-0.715,0.03333333333333333,0.0,-0.0
1744720594.8388844,1.0,-93.0,249.0,,9.806,0.176,-0.715,0.03333333333333333,0.0,-0.0
1744720594.963992,1.0,-93.0,249.0,,9.815,0.146,-0.705,0.03333333333333333,0.0,-0.0
1744720595.0845497,1.0,-93.0,249.0,,9.815,0.156,-0.695,0.03333333333333333,0.0,-0.0
1744720595.2077107,1.0,-93.0,249.0,,9.815,0.146,-0.705,0.03333333333333333,0.0,-0.0
1744720595.3264902,1.0,-93.0,249.0,,9.815,0.176,-0.705,0.03333333333333333,0.0,-0.0
1744720595.4412973,1.0,-93.0,249.0,,9.825,0.156,-0.705,0.03333333333333333,0.0,-0.0
1744720595.5648344,1.0,-93.0,249.0,,9.806,0.126,-0.725,0.03333333333333333,0.0,-0.0
1744720595.6872547,1.0,-93.0,249.0,,9.815,0.166,-0.705,0.03333333333333333,0.0,-0.0
1744720595.8009126,1.0,-93.0,249.0,,9.815,0.166,-0.715,0.03333333333333333,0.0,-0.0
1744720595.9156191,1.0,-93.0,249.0,,9.815,0.146,-0.715,0.03333333333333333,0.0,-0.0
1744720596.0324562,1.0,-93.0,249.0,,9.815,0.146,-0.715,0.03333333333333333,0.0,-0.0
1744720596.149521,1.0,-93.0,249.0,,9.815,0.176,-0.715,0.03333333333333333,0.0,-0.0
1744720596.2724454,1.0,-93.0,249.0,,9.815,0.176,-0.705,0.03333333333333333,0.0,-0.0
1744720596.3952198,1.0,-93.0,249.0,,9.825,0.185,-0.597,0.03333333333333333,0.0,-0.0
1744720596.522778,1.0,-93.0,249.0,,9.825,0.166,-0.685,0.03333333333333333,0.0,-0.0
1744720596.647809,1.0,-93.0,249.0,,9.825,0.107,-0.685,0.03333333333333333,0.0,-0.0
1744720596.7707016,1.0,-93.0,249.0,,9.815,0.176,-0.715,0.03333333333333333,0.0,-0.0
1744720596.8933225,1.0,-93.0,249.0,,9.815,0.185,-0.725,0.03333333333333333,0.0,-0.0
1744720597.0290227,1.0,-93.0,249.0,,9.815,0.166,-0.715,0.03333333333333333,0.0,-0.0
1744720597.1597784,1.0,-93.0,249.0,,9.815,0.166,-0.725,0.03333333333333333,0.0,-0.0
1744720597.2858384,1.0,-93.0,249.0,,9.815,0.166,-0.725,0.03333333333333333,0.0,-0.0
1744720597.4036238,1.0,-93.0,249.0,,9.825,0.146,-0.715,0.03333333333333333,0.0,-0.0
1744720597.521633,1.0,-93.0,249.0,,9.815,0.166,-0.715,0.03333333333333333,0.0,-0.0
1744720597.6413832,1.0,-93.0,249.0,,9.815,0.176,-0.725,0.03333333333333333,0.0,-0.0
1744720597.7590673,1.0,-93.0,249.0,,9.815,0.146,-0.705,0.03333333333333333,0.0,-0.0
1744720597.8796136,1.0,-93.0,249.0,,9.806,0.166,-0.725,0.03333333333333333,0.0,-0.0
1744720597.9932382,1.0,-93.0,249.0,,9.815,0.166,-0.725,0.03333333333333333,0.0,-0.0
1744720598.1114924,1.0,-93.0,249.0,,9.815,0.166,-0.715,0.03333333333333333,0.0,-0.0
1744720598.2338321,1.0,-93.0,249.0,,9.815,0.146,-0.715,0.03333333333333333,0.0,-0.0
1744720598.3497736,1.0,-93.0,249.0,,9.815,0.156,-0.715,0.03333333333333333,0.0,-0.0
1744720598.4635015,1.0,-93.0,249.0,,9.815,0.166,-0.715,0.03333333333333333,0.0,-0.0
1744720598.5820198,1.0,-93.0,249.0,,9.815,0.156,-0.715,0.03333333333333333,0.0,-0.0
1744720598.7043078,1.0,-93.0,249.0,,9.825,0.028,-0.842,0.03333333333333333,0.0,-0.0
1744720598.8458865,1.0,-93.0,249.0,,9.825,0.313,-0.646,0.03333333333333333,0.0,-0.0
1744720598.97691,1.0,-93.0,249.0,,9.835,0.205,-0.617,0.03333333333333333,0.0,-0.0
1744720599.1221929,1.0,-93.0,249.0,,9.806,0.225,-0.725,0.03333333333333333,0.0,-0.0
1744720599.2638128,1.0,-93.0,249.0,,9.806,0.146,-0.774,0.03333333333333333,0.0,-0.0
1744720599.392026,1.0,-93.0,249.0,,9.825,0.087,-0.676,0.03333333333333333,0.0,-0.0
1744720599.5181062,1.0,-93.0,249.0,,9.815,0.156,-0.734,0.03333333333333333,0.0,-0.0
1744720599.6406534,1.0,-93.0,249.0,,9.815,0.205,-0.705,0.03333333333333333,0.0,-0.0
1744720599.7643464,1.0,-93.0,249.0,,9.815,0.146,-0.715,0.03333333333333333,0.0,-0.0
1744720599.895729,1.0,-93.0,249.0,,9.815,0.166,-0.705,0.03333333333333333,0.0,-0.0
1744720600.0969498,1.0,-93.0,249.0,,9.815,0.156,-0.715,0.03333333333333333,0.0,-0.0
1744720600.237772,1.0,-93.0,249.0,,9.815,0.136,-0.705,0.03333333333333333,0.0,-0.0
1744720600.3733575,1.0,-93.0,249.0,,9.825,0.136,-0.695,0.03333333333333333,0.0,-0.0
1744720600.5174146,1.0,-93.0,249.0,,9.815,0.146,-0.705,0.03333333333333333,0.0,-0.0
1744720600.6622498,1.0,-93.0,249.0,,9.825,0.156,-0.705,0.03333333333333333,0.0,-0.0
1744720600.7932494,1.0,-93.0,249.0,,9.815,0.166,-0.715,0.03333333333333333,0.0,-0.0
1744720600.9296672,1.0,-93.0,249.0,,9.815,0.166,-0.725,0.03333333333333333,0.0,-0.0
1744720601.0584056,1.0,-93.0,249.0,,9.815,0.156,-0.695,0.03333333333333333,0.0,-0.0
1744720601.1834283,1.0,-93.0,249.0,,9.815,0.156,-0.715,0.03333333333333333,0.0,-0.0
1744720601.3106568,1.0,-93.0,249.0,,9.825,0.146,-0.725,0.03333333333333333,0.0,-0.0
1744720601.4354215,1.0,-93.0,249.0,,9.815,0.156,-0.715,0.03333333333333333,0.0,-0.0
1744720601.5593956,1.0,-93.0,249.0,,9.815,0.146,-0.705,0.03333333333333333,0.0,-0.0
1744720601.6833854,1.0,-93.0,249.0,,9.815,0.146,-0.695,0.03333333333333333,0.0,-0.0
1744720601.8039472,1.0,-93.0,249.0,,9.815,0.176,-0.705,0.03333333333333333,0.0,-0.0
1744720601.9216096,1.0,-93.0,249.0,,9.815,0.176,-0.715,0.03333333333333333,0.0,-0.0
1744720602.0435762,1.0,-93.0,249.0,,9.815,0.176,-0.715,0.03333333333333333,0.0,-0.0
1744720602.1668954,1.0,-93.0,249.0,,9.815,0.146,-0.715,0.03333333333333333,0.0,-0.0
1744720602.292082,1.0,-93.0,249.0,,9.815,0.176,-0.715,0.03333333333333333,0.0,-0.0
1744720602.4175448,1.0,-93.0,249.0,,9.815,0.185,-0.715,0.03333333333333333,0.0,-0.0
1744720602.5430624,1.0,-93.0,249.0,,9.815,0.166,-0.705,0.03333333333333333,0.0,-0.0
1744720602.669421,1.0,-93.0,249.0,,9.815,0.146,-0.685,0.03333333333333333,0.0,-0.0
1744720602.7899802,1.0,-93.0,249.0,,9.815,0.136,-0.744,0.03333333333333333,0.0,-0.0
1744720602.90727,1.0,-93.0,249.0,,9.815,0.117,-0.734,0.03333333333333333,0.0,-0.0
1744720603.0213869,1.0,-93.0,249.0,,9.835,0.146,-0.685,0.03333333333333333,0.0,-0.0
1744720603.1384852,1.0,-93.0,249.0,,9.825,0.156,-0.636,0.03333333333333333,0.0,-0.0
1744720603.266241,1.0,-93.0,249.0,,9.786,0.156,-0.842,0.03333333333333333,0.0,-0.0
1744720603.3834753,1.0,-93.0,249.0,,9.835,0.156,-0.607,0.03333333333333333,0.0,-0.0
1744720603.5083187,1.0,-93.0,249.0,,9.815,0.195,-0.715,0.03333333333333333,0.0,-0.0
1744720603.630312,1.0,-93.0,249.0,,9.815,0.205,-0.695,0.03333333333333333,0.0,-0.0
1744720603.748672,1.0,-93.0,249.0,,9.825,0.166,-0.695,0.03333333333333333,0.0,-0.0
1744720603.8745275,1.0,-93.0,249.0,,9.806,0.136,-0.744,0.03333333333333333,0.0,-0.0
1744720603.9969022,1.0,-93.0,249.0,,9.815,0.166,-0.725,0.03333333333333333,0.0,-0.0
1744720604.1183598,1.0,-93.0,249.0,,9.815,0.166,-0.676,0.03333333333333333,0.0,-0.0
1744720604.2365506,1.0,-93.0,249.0,,9.815,0.166,-0.705,0.03333333333333333,0.0,-0.0
1744720604.3572984,1.0,-93.0,249.0,,9.815,0.136,-0.705,0.03333333333333333,0.0,-0.0
1744720604.475152,1.0,-93.0,249.0,,9.815,0.156,-0.695,0.03333333333333333,0.0,-0.0
1744720604.594218,1.0,-93.0,249.0,,9.815,0.156,-0.705,0.03333333333333333,0.0,-0.0
1744720604.714013,1.0,-93.0,249.0,,9.815,0.146,-0.705,0.03333333333333333,0.0,-0.0
1744720604.8302777,1.0,-93.0,249.0,,9.815,0.156,-0.705,0.03333333333333333,0.0,-0.0
1744720604.944834,1.0,-93.0,249.0,,9.815,0.166,-0.695,0.03333333333333333,0.0,-0.0
1744720605.0602953,1.0,-93.0,249.0,,9.815,0.166,-0.695,0.03333333333333333,0.0,-0.0
1744720605.1781034,1.0,-93.0,249.0,,9.815,0.146,-0.695,0.03333333333333333,0.0,-0.0
1744720605.2962282,1.0,-93.0,249.0,,9.815,0.136,-0.695,0.03333333333333333,0.0,-0.0
1744720605.4092464,1.0,-93.0,249.0,,9.815,0.156,-0.705,0.03333333333333333,0.0,-0.0
1744720605.5239644,1.0,-93.0,249.0,,9.815,0.156,-0.705,0.03333333333333333,0.0,-0.0
1744720605.6369743,1.0,-93.0,249.0,,9.815,0.166,-0.705,0.03333333333333333,0.0,-0.0
1744720605.7482798,1.0,-93.0,249.0,,9.815,0.156,-0.705,0.03333333333333333,0.0,-0.0
1744720605.8622944,1.0,-93.0,249.0,,9.815,0.166,-0.705,0.03333333333333333,0.0,-0.0
1744720605.9766273,1.0,-93.0,249.0,,9.815,0.166,-0.685,0.03333333333333333,0.0,-0.0
1744720606.0936885,1.0,-93.0,249.0,,9.815,0.156,-0.685,0.03333333333333333,0.0,-0.0
1744720606.211016,1.0,-93.0,249.0,,9.815,0.185,-0.695,0.03333333333333333,0.0,-0.0
1744720606.3322978,1.0,-93.0,249.0,,9.815,0.146,-0.715,0.03333333333333333,0.0,-0.0
1744720606.4529505,1.0,-93.0,249.0,,9.815,0.166,-0.695,0.03333333333333333,0.0,-0.0
1744720606.5791519,1.0,-93.0,249.0,,9.815,0.166,-0.715,0.03333333333333333,0.0,-0.0
1744720606.7060564,1.0,-93.0,249.0,,9.825,0.156,-0.676,0.03333333333333333,0.0,-0.0
1744720606.831167,1.0,-93.0,249.0,,9.815,0.176,-0.695,0.03333333333333333,0.0,-0.0
1744720606.9522936,1.0,-93.0,249.0,,9.806,0.185,-0.695,0.03333333333333333,0.0,-0.0
1744720607.0733688,1.0,-93.0,249.0,,9.815,0.156,-0.705,0.03333333333333333,0.0,-0.0
1744720607.2031457,1.0,-93.0,249.0,,9.815,0.166,-0.705,0.03333333333333333,0.0,-0.0
1744720607.3293526,1.0,-93.0,249.0,,9.815,0.156,-0.715,0.03333333333333333,0.0,-0.0
1744720607.4445598,1.0,-93.0,249.0,,9.825,0.156,-0.695,0.03333333333333333,0.0,-0.0
1744720607.562137,1.0,-93.0,249.0,,9.815,0.166,-0.705,0.03333333333333333,0.0,-0.0
1744720607.6811073,1.0,-93.0,249.0,,9.815,0.166,-0.695,0.03333333333333333,0.0,-0.0
1744720607.7975245,1.0,-93.0,249.0,,9.815,0.156,-0.705,0.03333333333333333,0.0,-0.0
1744720607.9105718,1.0,-93.0,249.0,,9.815,0.156,-0.705,0.03333333333333333,0.0,-0.0
1744720608.0244777,1.0,-93.0,249.0,,9.815,0.176,-0.705,0.03333333333333333,0.0,-0.0
1744720608.1444836,1.0,-93.0,249.0,,9.815,0.156,-0.705,0.03333333333333333,0.0,-0.0
1744720608.269603,1.0,-93.0,249.0,,9.815,0.166,-0.705,0.03333333333333333,0.0,-0.0
1744720608.404502,1.0,-93.0,249.0,,9.806,0.166,-0.695,0.03333333333333333,0.0,-0.0
1744720608.5498328,1.0,-93.0,249.0,,9.825,0.176,-0.695,0.03333333333333333,0.0,-0.0
1744720608.6823573,1.0,-93.0,249.0,,9.815,0.166,-0.705,0.03333333333333333,0.0,-0.0
1744720608.8262155,1.0,-93.0,249.0,,9.825,0.166,-0.695,0.03333333333333333,0.0,-0.0
1744720608.968802,1.0,-93.0,249.0,,9.825,0.166,-0.715,0.03333333333333333,0.0,-0.0
1744720609.109081,1.0,-93.0,249.0,,9.815,0.156,-0.705,0.03333333333333333,0.0,-0.0
1744720609.2429466,1.0,-93.0,249.0,,9.815,0.156,-0.705,0.03333333333333333,0.0,-0.0
1744720609.3780797,1.0,-93.0,249.0,,9.815,0.166,-0.695,0.03333333333333333,0.0,-0.0
1744720609.5080955,1.0,-93.0,249.0,,9.815,0.156,-0.695,0.03333333333333333,0.0,-0.0
1744720609.631396,1.0,-93.0,249.0,,9.815,0.156,-0.715,0.03333333333333333,0.0,-0.0
1744720609.7543917,1.0,-93.0,249.0,,9.825,0.166,-0.695,0.03333333333333333,0.0,-0.0
1744720609.8750515,1.0,-93.0,249.0,,9.815,0.166,-0.695,0.03333333333333333,0.0,-0.0
1744720609.9881995,1.0,-93.0,249.0,,9.815,0.156,-0.705,0.03333333333333333,0.0,-0.0
1744720610.1026506,1.0,-93.0,249.0,,9.815,0.166,-0.705,0.03333333333333333,0.0,-0.0
1744720610.219436,1.0,-93.0,249.0,,9.815,0.166,-0.705,0.03333333333333333,0.0,-0.0
1744720610.3399184,1.0,-93.0,249.0,,9.815,0.166,-0.695,0.03333333333333333,0.0,-0.0
1744720610.463082,1.0,-93.0,249.0,,9.815,0.156,-0.705,0.03333333333333333,0.0,-0.0
1744720610.5812685,1.0,-93.0,249.0,,9.806,0.156,-0.695,0.03333333333333333,0.0,-0.0
1744720610.7007005,1.0,-93.0,249.0,,9.815,0.176,-0.705,0.03333333333333333,0.0,-0.0
1744720610.8219235,1.0,-93.0,249.0,,9.815,0.166,-0.705,0.03333333333333333,0.0,-0.0
1744720610.9430385,1.0,-93.0,249.0,,9.825,0.166,-0.715,0.03333333333333333,0.0,-0.0
1744720611.069361,1.0,-93.0,249.0,,9.825,0.156,-0.705,0.03333333333333333,0.0,-0.0
1744720611.1975777,1.0,-93.0,249.0,,9.825,0.166,-0.705,0.03333333333333333,0.0,-0.0
1744720611.3210356,1.0,-93.0,249.0,,9.815,0.176,-0.695,0.03333333333333333,0.0,-0.0
1744720611.4551458,1.0,-93.0,249.0,,9.815,0.176,-0.695,0.03333333333333333,0.0,-0.0
1744720611.5847101,1.0,-93.0,249.0,,9.815,0.166,-0.695,0.03333333333333333,0.0,-0.0
1744720611.7095559,1.0,-93.0,249.0,,9.815,0.166,-0.695,0.03333333333333333,0.0,-0.0
1744720611.8316958,1.0,-93.0,249.0,,9.825,0.156,-0.705,0.03333333333333333,0.0,-0.0
1744720611.956033,1.0,-93.0,249.0,,9.815,0.176,-0.705,0.03333333333333333,0.0,-0.0
1744720612.0775092,1.0,-93.0,249.0,,9.825,0.166,-0.695,0.03333333333333333,0.0,-0.0
1744720612.203708,1.0,-93.0,249.0,,9.815,0.166,-0.715,0.03333333333333333,0.0,-0.0
1744720612.3370147,1.0,-93.0,249.0,,9.815,0.166,-0.695,0.03333333333333333,0.0,-0.0
1744720612.4652495,1.0,-93.0,249.0,,9.815,0.156,-0.705,0.03333333333333333,0.0,-0.0
1744720612.5873296,1.0,-93.0,249.0,,9.815,0.176,-0.705,0.03333333333333333,0.0,-0.0
1744720612.7041206,1.0,-93.0,249.0,,9.815,0.166,-0.705,0.03333333333333333,0.0,-0.0
1744720612.8201885,1.0,-93.0,249.0,,9.815,0.166,-0.705,0.03333333333333333,0.0,-0.0
1744720612.9386482,1.0,-93.0,249.0,,9.815,0.166,-0.705,0.03333333333333333,0.0,-0.0
1744720613.0625286,1.0,-93.0,249.0,,9.815,0.156,-0.705,0.03333333333333333,0.0,-0.0
1744720613.184475,1.0,-93.0,249.0,,9.815,0.166,-0.695,0.03333333333333333,0.0,-0.0
1744720613.3091297,1.0,-93.0,249.0,,9.815,0.166,-0.695,0.03333333333333333,0.0,-0.0
1744720613.4347064,1.0,-93.0,249.0,,9.815,0.166,-0.705,0.03333333333333333,0.0,-0.0
1744720613.5592334,1.0,-93.0,249.0,,9.815,0.166,-0.705,0.03333333333333333,0.0,-0.0
1744720613.682277,1.0,-93.0,249.0,,9.815,0.156,-0.705,0.03333333333333333,0.0,-0.0
1744720613.7990162,1.0,-93.0,249.0,,9.815,0.156,-0.705,0.03333333333333333,0.0,-0.0
1744720613.9219062,1.0,-93.0,249.0,,9.815,0.166,-0.705,0.03333333333333333,0.0,-0.0
1744720614.0356565,1.0,-93.0,249.0,,9.815,0.166,-0.705,0.03333333333333333,0.0,-0.0
1744720614.1516378,1.0,-93.0,249.0,,9.825,0.156,-0.695,0.03333333333333333,0.0,-0.0
1744720614.274024,1.0,-93.0,249.0,,9.825,0.156,-0.695,0.03333333333333333,0.0,-0.0
1744720614.391878,1.0,-93.0,249.0,,9.815,0.176,-0.695,0.03333333333333333,0.0,-0.0
1744720614.5141027,1.0,-93.0,249.0,,9.815,0.166,-0.695,0.03333333333333333,0.0,-0.0
1744720614.6436348,1.0,-93.0,249.0,,9.815,0.156,-0.695,0.03333333333333333,0.0,-0.0
1744720614.770014,1.0,-93.0,249.0,,9.815,0.166,-0.705,0.03333333333333333,0.0,-0.0
1744720614.8939686,1.0,-93.0,249.0,,9.815,0.166,-0.695,0.03333333333333333,0.0,-0.0
1744720615.010258,1.0,-93.0,249.0,,9.815,0.156,-0.705,0.03333333333333333,0.0,-0.0
1744720615.1293635,1.0,-93.0,249.0,,9.825,0.156,-0.685,0.03333333333333333,0.0,-0.0
1744720615.2473485,1.0,-93.0,249.0,,9.815,0.166,-0.695,0.03333333333333333,0.0,-0.0
1744720615.360053,1.0,-93.0,249.0,,9.825,0.156,-0.705,0.03333333333333333,0.0,-0.0
1744720615.4751124,1.0,-93.0,249.0,,9.825,0.146,-0.695,0.03333333333333333,0.0,-0.0
1744720615.5915284,1.0,-93.0,249.0,,9.815,0.166,-0.695,0.03333333333333333,0.0,-0.0
1744720615.7135267,1.0,-93.0,249.0,,9.815,0.156,-0.695,0.03333333333333333,0.0,-0.0
1744720615.82633,1.0,-93.0,249.0,,9.815,0.146,-0.695,0.03333333333333333,0.0,-0.0
1744720615.9443502,1.0,-93.0,249.0,,9.815,0.146,-0.685,0.03333333333333333,0.0,-0.0
1744720616.0625129,1.0,-93.0,249.0,,9.815,0.166,-0.695,0.03333333333333333,0.0,-0.0
1744720616.1818354,1.0,-93.0,249.0,,9.815,0.166,-0.705,0.03333333333333333,0.0,-0.0
1744720616.2966585,1.0,-93.0,249.0,,9.815,0.156,-0.695,0.03333333333333333,0.0,-0.0
1744720616.4228966,1.0,-93.0,249.0,,9.815,0.156,-0.695,0.03333333333333333,0.0,-0.0
1744720616.5493174,1.0,-93.0,249.0,,9.815,0.156,-0.705,0.03333333333333333,0.0,-0.0
1744720616.6768265,1.0,-93.0,249.0,,9.815,0.166,-0.705,0.03333333333333333,0.0,-0.0
1744720616.8119438,1.0,-93.0,249.0,,9.815,0.176,-0.705,0.03333333333333333,0.0,-0.0
1744720616.9459467,1.0,-93.0,249.0,,9.825,0.166,-0.695,0.03333333333333333,0.0,-0.0
1744720617.0721543,1.0,-93.0,249.0,,9.815,0.156,-0.725,0.03333333333333333,0.0,-0.0
1744720617.1955895,1.0,-93.0,249.0,,9.815,0.185,-0.715,0.03333333333333333,0.0,-0.0
1744720617.3234072,1.0,-93.0,249.0,,9.815,0.166,-0.695,0.03333333333333333,0.0,-0.0
1744720617.4495473,1.0,-93.0,249.0,,9.815,0.166,-0.695,0.03333333333333333,0.0,-0.0
1744720617.5745902,1.0,-93.0,249.0,,9.825,0.146,-0.705,0.03333333333333333,0.0,-0.0
1744720617.709429,1.0,-93.0,249.0,,9.815,0.166,-0.705,0.03333333333333333,0.0,-0.0
1744720617.8329945,1.0,-93.0,249.0,,9.815,0.176,-0.705,0.03333333333333333,0.0,-0.0
1744720617.9571579,1.0,-93.0,249.0,,9.815,0.176,-0.705,0.03333333333333333,0.0,-0.0
1744720618.0723014,1.0,-93.0,249.0,,9.815,0.166,-0.715,0.03333333333333333,0.0,-0.0
1744720618.1858397,1.0,-93.0,249.0,,9.815,0.176,-0.705,0.03333333333333333,0.0,-0.0
1744720618.2971249,1.0,-93.0,249.0,,9.815,0.185,-0.705,0.03333333333333333,0.0,-0.0
1744720618.432039,1.0,-93.0,249.0,,9.806,0.176,-0.715,0.03333333333333333,0.0,-0.0
1744720618.5577128,1.0,-93.0,249.0,,9.815,0.166,-0.705,0.03333333333333333,0.0,-0.0
1744720618.6840472,1.0,-93.0,249.0,,9.815,0.176,-0.705,0.03333333333333333,0.0,-0.0
1744720618.8096724,1.0,-93.0,249.0,,9.815,0.166,-0.695,0.03333333333333333,0.0,-0.0
1744720618.936035,1.0,-93.0,249.0,,9.815,0.156,-0.705,0.03333333333333333,0.0,-0.0
1744720619.0593245,1.0,-93.0,249.0,,9.815,0.166,-0.705,0.03333333333333333,0.0,-0.0
1744720619.1799574,1.0,-93.0,249.0,,9.825,0.166,-0.695,0.03333333333333333,0.0,-0.0
1744720619.3006518,1.0,-93.0,249.0,,9.825,0.156,-0.705,0.03333333333333333,0.0,-0.0
1744720619.4266293,1.0,-93.0,249.0,,9.815,0.195,-0.685,0.03333333333333333,0.0,-0.0
1744720619.544624,1.0,-93.0,249.0,,9.806,0.156,-0.803,0.03333333333333333,0.0,-0.0
1744720619.6593099,1.0,-93.0,249.0,,9.815,0.156,-0.725,0.03333333333333333,0.0,-0.0
1744720619.7734432,1.0,-93.0,249.0,,9.815,0.166,-0.715,0.03333333333333333,0.0,-0.0
1744720619.8875418,1.0,-93.0,249.0,,9.815,0.166,-0.705,0.03333333333333333,0.0,-0.0
1744720620.0026042,1.0,-93.0,249.0,,9.815,0.185,-0.705,0.03333333333333333,0.0,-0.0
1744720620.123301,1.0,-93.0,249.0,,9.815,0.166,-0.725,0.03333333333333333,0.0,-0.0
1744720620.2489285,1.0,-93.0,249.0,,9.776,0.009,-1.088,0.03333333333333333,0.0,-0.0
1744720620.3788674,1.0,-93.0,249.0,,9.806,0.136,-0.833,0.03333333333333333,0.0,-0.0
1744720620.517669,1.0,-93.0,249.0,,9.806,0.126,-0.715,0.03333333333333333,0.0,-0.0
1744720620.6542182,1.0,-93.0,249.0,,9.825,0.146,-0.656,0.03333333333333333,0.0,-0.0
1744720620.798599,1.0,-93.0,249.0,,9.815,0.156,-0.705,0.03333333333333333,0.0,-0.0
1744720620.9360344,1.0,-93.0,249.0,,9.815,0.166,-0.685,0.03333333333333333,0.0,-0.0
1744720621.0575511,1.0,-93.0,249.0,,9.815,0.176,-0.705,0.03333333333333333,0.0,-0.0
1744720621.187883,1.0,-93.0,249.0,,9.815,0.166,-0.695,0.03333333333333333,0.0,-0.0
1744720621.3142107,1.0,-93.0,249.0,,9.815,0.166,-0.715,0.03333333333333333,0.0,-0.0
1744720621.436716,1.0,-93.0,249.0,,9.815,0.166,-0.705,0.03333333333333333,0.0,-0.0
1744720621.567364,1.0,-93.0,249.0,,9.815,0.166,-0.705,0.03333333333333333,0.0,-0.0
1744720621.6872737,1.0,-93.0,249.0,,9.815,0.185,-0.695,0.03333333333333333,0.0,-0.0
1744720621.807268,1.0,-93.0,249.0,,9.815,0.176,-0.695,0.03333333333333333,0.0,-0.0
1744720621.9276,1.0,-93.0,249.0,,9.825,0.166,-0.705,0.03333333333333333,0.0,-0.0
1744720622.0439532,1.0,-93.0,249.0,,9.815,0.166,-0.705,0.03333333333333333,0.0,-0.0
1744720622.1588461,1.0,-93.0,249.0,,9.815,0.166,-0.705,0.03333333333333333,0.0,-0.0
1744720622.271178,1.0,-93.0,249.0,,9.825,0.166,-0.695,0.03333333333333333,0.0,-0.0
1744720622.3922367,1.0,-93.0,249.0,,9.825,0.185,-0.695,0.03333333333333333,0.0,-0.0
1744720622.566726,1.0,-93.0,249.0,,9.815,0.156,-0.715,0.03333333333333333,0.0,-0.0
1744720622.707037,1.0,-93.0,249.0,,9.815,0.176,-0.705,0.03333333333333333,0.0,-0.0
1744720622.83966,1.0,-93.0,249.0,,9.815,0.146,-0.705,0.03333333333333333,0.0,-0.0
1744720622.9912052,1.0,-93.0,249.0,,9.806,0.166,-0.705,0.03333333333333333,0.0,-0.0
1744720623.1378706,1.0,-93.0,249.0,,9.825,0.166,-0.695,0.03333333333333333,0.0,-0.0
1744720623.2721004,1.0,-93.0,249.0,,9.825,0.166,-0.705,0.03333333333333333,0.0,-0.0
1744720623.402282,1.0,-93.0,249.0,,9.815,0.166,-0.695,0.03333333333333333,0.0,-0.0
1744720623.533766,1.0,-93.0,249.0,,9.815,0.176,-0.705,0.03333333333333333,0.0,-0.0
1744720623.6606214,1.0,-93.0,249.0,,9.815,0.166,-0.705,0.03333333333333333,0.0,-0.0
1744720623.7846692,1.0,-93.0,249.0,,9.825,0.156,-0.695,0.03333333333333333,0.0,-0.0
1744720623.9168308,1.0,-93.0,249.0,,9.815,0.166,-0.705,0.03333333333333333,0.0,-0.0
1744720624.0419357,1.0,-93.0,249.0,,9.815,0.166,-0.705,0.03333333333333333,0.0,-0.0
1744720624.1736372,1.0,-93.0,249.0,,9.815,0.166,-0.705,0.03333333333333333,0.0,-0.0
1744720624.303002,1.0,-93.0,249.0,,9.815,0.166,-0.705,0.03333333333333333,0.0,-0.0
1744720624.4384463,1.0,-93.0,249.0,,9.825,0.156,-0.705,0.03333333333333333,0.0,-0.0
1744720624.5693183,1.0,-93.0,249.0,,9.815,0.156,-0.715,0.03333333333333333,0.0,-0.0
1744720624.6974242,1.0,-93.0,249.0,,9.815,0.166,-0.705,0.03333333333333333,0.0,-0.0
1744720624.8179994,1.0,-93.0,249.0,,9.815,0.156,-0.695,0.03333333333333333,0.0,-0.0
1744720624.9366336,1.0,-93.0,249.0,,9.825,0.156,-0.715,0.03333333333333333,0.0,-0.0
1744720625.0526614,1.0,-93.0,249.0,,9.815,0.166,-0.705,0.03333333333333333,0.0,-0.0
1744720625.1685169,1.0,-93.0,249.0,,9.815,0.166,-0.695,0.03333333333333333,0.0,-0.0
1744720625.2857175,1.0,-93.0,249.0,,9.825,0.176,-0.695,0.03333333333333333,0.0,-0.0
1744720625.404702,1.0,-93.0,249.0,,9.825,0.156,-0.705,0.03333333333333333,0.0,-0.0
1744720625.5235906,1.0,-93.0,249.0,,9.815,0.156,-0.705,0.03333333333333333,0.0,-0.0
1744720625.6599534,1.0,-93.0,249.0,,9.815,0.166,-0.705,0.03333333333333333,0.0,-0.0
1744720625.7899477,1.0,-93.0,249.0,,9.815,0.166,-0.705,0.03333333333333333,0.0,-0.0
1744720625.9203918,1.0,-93.0,249.0,,9.815,0.166,-0.676,0.03333333333333333,0.0,-0.0
1744720626.0547204,1.0,-93.0,249.0,,9.806,0.077,-0.636,0.03333333333333333,0.0,-0.0
1744720626.18425,1.0,-93.0,249.0,,9.825,0.117,-0.676,0.03333333333333333,0.0,-0.0
1744720626.30279,1.0,-93.0,249.0,,9.825,0.166,-0.715,0.03333333333333333,0.0,-0.0
1744720626.4251833,1.0,-93.0,249.0,,9.786,0.077,-0.842,0.03333333333333333,0.0,-0.0
1744720626.5548534,1.0,-93.0,249.0,,9.815,0.176,-0.784,0.03333333333333333,0.0,-0.0
1744720626.679256,1.0,-93.0,249.0,,9.815,0.166,-0.705,0.03333333333333333,0.0,-0.0
1744720626.804895,1.0,-93.0,249.0,,9.815,0.185,-0.685,0.03333333333333333,0.0,-0.0
1744720626.9176912,1.0,-93.0,249.0,,9.825,0.176,-0.705,0.03333333333333333,0.0,-0.0
1744720627.036056,1.0,-93.0,249.0,,9.825,0.117,-0.666,0.03333333333333333,0.0,-0.0
1744720627.1485782,1.0,-93.0,249.0,,9.825,0.136,-0.734,0.03333333333333333,0.0,-0.0
1744720627.2650194,1.0,-93.0,249.0,,9.815,0.136,-0.695,0.03333333333333333,0.0,-0.0
1744720627.385814,1.0,-93.0,249.0,,9.815,0.136,-0.705,0.03333333333333333,0.0,-0.0
1744720627.5107436,1.0,-93.0,249.0,,9.825,0.136,-0.627,0.03333333333333333,0.0,-0.0
1744720627.6466799,1.0,-93.0,249.0,,9.815,0.146,-0.715,0.03333333333333333,0.0,-0.0
1744720627.7991633,1.0,-93.0,249.0,,9.815,0.166,-0.695,0.03333333333333333,0.0,-0.0
1744720627.952847,1.0,-93.0,249.0,,9.815,0.166,-0.705,0.03333333333333333,0.0,-0.0
1744720628.0865116,1.0,-93.0,249.0,,9.815,0.205,-0.685,0.03333333333333333,0.0,-0.0
1744720628.221331,1.0,-93.0,249.0,,9.815,0.146,-0.705,0.03333333333333333,0.0,-0.0
1744720628.3555017,1.0,-93.0,249.0,,9.825,0.156,-0.725,0.03333333333333333,0.0,-0.0
1744720628.4944308,1.0,-93.0,249.0,,9.806,0.166,-0.715,0.03333333333333333,0.0,-0.0
1744720628.6340692,1.0,-93.0,249.0,,9.806,0.166,-0.705,0.03333333333333333,0.0,-0.0
1744720628.762389,1.0,-93.0,249.0,,9.825,0.166,-0.695,0.03333333333333333,0.0,-0.0
1744720628.8858995,1.0,-93.0,249.0,,9.825,0.146,-0.695,0.03333333333333333,0.0,-0.0
1744720629.0071042,1.0,-93.0,249.0,,9.825,0.156,-0.695,0.03333333333333333,0.0,-0.0
1744720629.1247473,1.0,-93.0,249.0,,9.825,0.156,-0.705,0.03333333333333333,0.0,-0.0
1744720629.2394576,1.0,-93.0,249.0,,9.815,0.166,-0.695,0.03333333333333333,0.0,-0.0
1744720629.35391,1.0,-93.0,249.0,,9.806,0.146,-0.715,0.03333333333333333,0.0,-0.0
1744720629.469743,1.0,-93.0,249.0,,9.806,0.166,-0.725,0.03333333333333333,0.0,-0.0
1744720629.589213,1.0,-93.0,249.0,,9.815,0.166,-0.715,0.03333333333333333,0.0,-0.0
1744720629.7058787,1.0,-93.0,249.0,,9.815,0.176,-0.705,0.03333333333333333,0.0,-0.0
1744720629.8220809,1.0,-93.0,249.0,,9.825,0.176,-0.705,0.03333333333333333,0.0,-0.0
1744720629.9398832,1.0,-93.0,249.0,,9.815,0.166,-0.705,0.03333333333333333,0.0,-0.0
1744720630.0587983,1.0,-93.0,249.0,,9.815,0.185,-0.715,0.03333333333333333,0.0,-0.0
1744720630.1721911,1.0,-93.0,249.0,,9.815,0.176,-0.715,0.03333333333333333,0.0,-0.0
1744720630.289765,1.0,-93.0,249.0,,9.815,0.156,-0.705,0.03333333333333333,0.0,-0.0
1744720630.4093072,1.0,-93.0,249.0,,9.815,0.156,-0.715,0.03333333333333333,0.0,-0.0
1744720630.537787,1.0,-93.0,249.0,,9.815,0.166,-0.705,0.03333333333333333,0.0,-0.0
1744720630.6599565,1.0,-93.0,249.0,,9.815,0.156,-0.705,0.03333333333333333,0.0,-0.0
1744720630.780773,1.0,-93.0,249.0,,9.815,0.176,-0.715,0.03333333333333333,0.0,-0.0
1744720630.9024267,1.0,-93.0,249.0,,9.815,0.166,-0.705,0.03333333333333333,0.0,-0.0
1744720631.0246558,1.0,-93.0,249.0,,9.815,0.166,-0.705,0.03333333333333333,0.0,-0.0
1744720631.1442323,1.0,-93.0,249.0,,9.815,0.176,-0.715,0.03333333333333333,0.0,-0.0
1744720631.2634168,1.0,-93.0,249.0,,9.815,0.166,-0.715,0.03333333333333333,0.0,-0.0
1744720631.3771389,1.0,-93.0,249.0,,9.815,0.156,-0.705,0.03333333333333333,0.0,-0.0
1744720631.4938695,1.0,-93.0,249.0,,9.815,0.166,-0.715,0.03333333333333333,0.0,-0.0
1744720631.6203632,1.0,-93.0,249.0,,9.815,0.156,-0.705,0.03333333333333333,0.0,-0.0
1744720631.743593,1.0,-93.0,249.0,,9.815,0.156,-0.715,0.03333333333333333,0.0,-0.0
1744720631.8678982,1.0,-93.0,249.0,,9.825,0.166,-0.695,0.03333333333333333,0.0,-0.0
1744720631.9922416,1.0,-93.0,249.0,,9.815,0.156,-0.715,0.03333333333333333,0.0,-0.0
1744720632.1161108,1.0,-93.0,249.0,,9.806,0.156,-0.715,0.03333333333333333,0.0,-0.0
1744720632.2718337,1.0,-93.0,249.0,,9.815,0.156,-0.715,0.03333333333333333,0.0,-0.0
1744720632.4026265,1.0,-93.0,249.0,,9.815,0.146,-0.715,0.03333333333333333,0.0,-0.0
1744720632.5337012,1.0,-93.0,249.0,,9.815,0.146,-0.705,0.03333333333333333,0.0,-0.0
1744720632.6661794,1.0,-93.0,249.0,,9.815,0.166,-0.705,0.03333333333333333,0.0,-0.0
1744720632.79146,1.0,-93.0,249.0,,9.815,0.166,-0.705,0.03333333333333333,0.0,-0.0
1744720632.9162595,1.0,-93.0,249.0,,9.825,0.136,-0.715,0.03333333333333333,0.0,-0.0
1744720633.0351212,1.0,-93.0,249.0,,9.815,0.176,-0.725,0.03333333333333333,0.0,-0.0
1744720633.154347,1.0,-93.0,249.0,,9.815,0.176,-0.725,0.03333333333333333,0.0,-0.0
1744720633.2717392,1.0,-93.0,249.0,,9.825,0.176,-0.705,0.03333333333333333,0.0,-0.0
1744720633.389613,1.0,-93.0,249.0,,9.825,0.176,-0.685,0.03333333333333333,0.0,-0.0
1744720633.5064058,1.0,-93.0,249.0,,9.815,0.136,-0.695,0.03333333333333333,0.0,-0.0
1744720633.6342635,1.0,-93.0,249.0,,9.815,0.166,-0.705,0.03333333333333333,0.0,-0.0
1744720633.7471657,1.0,-93.0,249.0,,9.815,0.156,-0.715,0.03333333333333333,0.0,-0.0
1744720633.8622425,1.0,-93.0,249.0,,9.815,0.146,-0.705,0.03333333333333333,0.0,-0.0
1744720633.9862797,1.0,-93.0,249.0,,9.815,0.156,-0.715,0.03333333333333333,0.0,-0.0
1744720634.1145203,1.0,-93.0,249.0,,9.815,0.166,-0.715,0.03333333333333333,0.0,-0.0
1744720634.2373028,1.0,-93.0,249.0,,9.815,0.176,-0.705,0.03333333333333333,0.0,-0.0
1744720634.3604593,1.0,-93.0,249.0,,9.815,0.166,-0.725,0.03333333333333333,0.0,-0.0
1744720634.484173,1.0,-93.0,249.0,,9.815,0.156,-0.705,0.03333333333333333,0.0,-0.0
1744720634.609904,1.0,-93.0,249.0,,9.815,0.146,-0.705,0.03333333333333333,0.0,-0.0
1744720634.747288,1.0,-93.0,249.0,,9.815,0.156,-0.715,0.03333333333333333,0.0,-0.0
1744720634.884448,1.0,-93.0,249.0,,9.825,0.156,-0.715,0.03333333333333333,0.0,-0.0
1744720635.025961,1.0,-93.0,249.0,,9.815,0.166,-0.705,0.03333333333333333,0.0,-0.0
1744720635.1668088,1.0,-93.0,249.0,,9.815,0.156,-0.705,0.03333333333333333,0.0,-0.0
1744720635.3088837,1.0,-93.0,249.0,,9.815,0.146,-0.715,0.03333333333333333,0.0,-0.0
1744720635.45514,1.0,-93.0,249.0,,9.815,0.166,-0.715,0.03333333333333333,0.0,-0.0
1744720635.5884445,1.0,-93.0,249.0,,9.815,0.166,-0.715,0.03333333333333333,0.0,-0.0
1744720635.7170901,1.0,-93.0,249.0,,9.815,0.166,-0.725,0.03333333333333333,0.0,-0.0
1744720635.8460925,1.0,-93.0,249.0,,9.815,0.176,-0.715,0.03333333333333333,0.0,-0.0
1744720635.9771297,1.0,-93.0,249.0,,9.825,0.166,-0.715,0.03333333333333333,0.0,-0.0
1744720636.1091526,1.0,-93.0,249.0,,9.815,0.146,-0.725,0.03333333333333333,0.0,-0.0
1744720636.2330246,1.0,-93.0,249.0,,9.815,0.176,-0.705,0.03333333333333333,0.0,-0.0
1744720636.3520272,1.0,-93.0,249.0,,9.815,0.176,-0.715,0.03333333333333333,0.0,-0.0
1744720636.4737651,1.0,-93.0,249.0,,9.815,0.176,-0.705,0.03333333333333333,0.0,-0.0
1744720636.597465,1.0,-93.0,249.0,,9.835,0.176,-0.568,0.03333333333333333,0.0,-0.0
1744720636.7164693,1.0,-93.0,249.0,,9.815,0.126,-0.734,0.03333333333333333,0.0,-0.0
1744720636.8316178,1.0,-93.0,249.0,,9.815,0.146,-0.734,0.03333333333333333,0.0,-0.0
1744720636.946878,1.0,-93.0,249.0,,9.815,0.176,-0.705,0.03333333333333333,0.0,-0.0
1744720637.0575306,1.0,-93.0,249.0,,9.815,0.166,-0.715,0.03333333333333333,0.0,-0.0
1744720637.1730762,1.0,-93.0,249.0,,9.815,0.166,-0.715,0.03333333333333333,0.0,-0.0
1744720637.2885525,1.0,-93.0,249.0,,9.815,0.176,-0.725,0.03333333333333333,0.0,-0.0
1744720637.4040332,1.0,-93.0,249.0,,9.806,0.136,-0.705,0.03333333333333333,0.0,-0.0
1744720637.5246553,1.0,-93.0,249.0,,9.806,0.146,-0.715,0.03333333333333333,0.0,-0.0
1744720637.6414824,1.0,-93.0,249.0,,9.815,0.166,-0.715,0.03333333333333333,0.0,-0.0
1744720637.7539546,1.0,-93.0,249.0,,9.815,0.146,-0.715,0.03333333333333333,0.0,-0.0
1744720637.8702037,1.0,-93.0,249.0,,9.815,0.146,-0.715,0.03333333333333333,0.0,-0.0
1744720637.9844344,1.0,-93.0,249.0,,9.815,0.156,-0.725,0.03333333333333333,0.0,-0.0
1744720638.0988696,1.0,-93.0,249.0,,9.815,0.156,-0.715,0.03333333333333333,0.0,-0.0
1744720638.2133195,1.0,-93.0,249.0,,9.815,0.156,-0.705,0.03333333333333333,0.0,-0.0
1744720638.33347,1.0,-93.0,249.0,,9.815,0.156,-0.715,0.03333333333333333,0.0,-0.0
1744720638.452178,1.0,-93.0,249.0,,9.815,0.156,-0.705,0.03333333333333333,0.0,-0.0
1744720638.568772,1.0,-93.0,249.0,,9.815,0.146,-0.715,0.03333333333333333,0.0,-0.0
1744720638.6908817,1.0,-93.0,249.0,,9.815,0.136,-0.715,0.03333333333333333,0.0,-0.0
1744720638.8244445,1.0,-93.0,249.0,,9.815,0.156,-0.715,0.03333333333333333,0.0,-0.0
1744720638.9503531,1.0,-93.0,249.0,,9.815,0.166,-0.715,0.03333333333333333,0.0,-0.0
1744720639.0729263,1.0,-93.0,249.0,,9.815,0.156,-0.715,0.03333333333333333,0.0,-0.0
1744720639.1918635,1.0,-93.0,249.0,,9.815,0.166,-0.705,0.03333333333333333,0.0,-0.0
1744720639.3099277,1.0,-93.0,249.0,,9.815,0.176,-0.734,0.03333333333333333,0.0,-0.0
1744720639.4285252,1.0,-93.0,249.0,,9.825,0.146,-0.715,0.03333333333333333,0.0,-0.0
1744720639.5440686,1.0,-93.0,249.0,,9.825,0.146,-0.725,0.03333333333333333,0.0,-0.0
1744720639.667193,1.0,-93.0,249.0,,9.815,0.146,-0.705,0.03333333333333333,0.0,-0.0
1744720639.7803874,1.0,-93.0,249.0,,9.815,0.146,-0.725,0.03333333333333333,0.0,-0.0
1744720639.8987405,1.0,-93.0,249.0,,9.815,0.136,-0.715,0.03333333333333333,0.0,-0.0
1744720640.009235,1.0,-93.0,249.0,,9.815,0.156,-0.725,0.03333333333333333,0.0,-0.0
1744720640.1320505,1.0,-93.0,249.0,,9.815,0.166,-0.715,0.03333333333333333,0.0,-0.0
1744720640.246662,1.0,-93.0,249.0,,9.825,0.146,-0.715,0.03333333333333333,0.0,-0.0
1744720640.3619156,1.0,-93.0,249.0,,9.825,0.146,-0.725,0.03333333333333333,0.0,-0.0
1744720640.4764733,1.0,-93.0,249.0,,9.815,0.166,-0.705,0.03333333333333333,0.0,-0.0
1744720640.590932,1.0,-93.0,249.0,,9.815,0.146,-0.715,0.03333333333333333,0.0,-0.0
1744720640.7062786,1.0,-93.0,249.0,,9.815,0.146,-0.705,0.03333333333333333,0.0,-0.0
1744720640.8191695,1.0,-93.0,249.0,,9.815,0.156,-0.715,0.03333333333333333,0.0,-0.0
1744720640.936674,1.0,-93.0,249.0,,9.815,0.146,-0.705,0.03333333333333333,0.0,-0.0
1744720641.0495155,1.0,-93.0,249.0,,9.815,0.156,-0.715,0.03333333333333333,0.0,-0.0
1744720641.1665082,1.0,-93.0,249.0,,9.815,0.176,-0.715,0.03333333333333333,0.0,-0.0
1744720641.2820404,1.0,-93.0,249.0,,9.815,0.166,-0.715,0.03333333333333333,0.0,-0.0
1744720641.4006028,1.0,-93.0,249.0,,9.815,0.166,-0.725,0.03333333333333333,0.0,-0.0
1744720641.5140908,1.0,-93.0,249.0,,9.815,0.136,-0.715,0.03333333333333333,0.0,-0.0
1744720641.6346762,1.0,-93.0,249.0,,9.815,0.166,-0.715,0.03333333333333333,0.0,-0.0
1744720641.7579184,1.0,-93.0,249.0,,9.815,0.176,-0.715,0.03333333333333333,0.0,-0.0
1744720641.8729177,1.0,-93.0,249.0,,9.815,0.156,-0.715,0.03333333333333333,0.0,-0.0
1744720641.9907775,1.0,-93.0,249.0,,9.815,0.156,-0.725,0.03333333333333333,0.0,-0.0
1744720642.1060052,1.0,-93.0,249.0,,9.815,0.156,-0.715,0.03333333333333333,0.0,-0.0
1744720642.2364776,1.0,-93.0,249.0,,9.815,0.156,-0.715,0.03333333333333333,0.0,-0.0
1744720642.3636594,1.0,-93.0,249.0,,9.806,0.166,-0.725,0.03333333333333333,0.0,-0.0
1744720642.4819236,1.0,-93.0,249.0,,9.815,0.176,-0.715,0.03333333333333333,0.0,-0.0
1744720642.6031544,1.0,-93.0,249.0,,9.815,0.146,-0.705,0.03333333333333333,0.0,-0.0
1744720642.7257206,1.0,-93.0,249.0,,9.825,0.136,-0.705,0.03333333333333333,0.0,-0.0
1744720642.841631,1.0,-93.0,249.0,,9.815,0.156,-0.715,0.03333333333333333,0.0,-0.0
1744720642.9541345,1.0,-93.0,249.0,,9.815,0.146,-0.695,0.03333333333333333,0.0,-0.0
1744720643.069953,1.0,-93.0,249.0,,9.815,0.156,-0.705,0.03333333333333333,0.0,-0.0
1744720643.1868181,1.0,-93.0,249.0,,9.815,0.156,-0.715,0.03333333333333333,0.0,-0.0
1744720643.3033335,1.0,-93.0,249.0,,9.815,0.136,-0.725,0.03333333333333333,0.0,-0.0
1744720643.4248188,1.0,-93.0,249.0,,9.815,0.126,-0.734,0.03333333333333333,0.0,-0.0
1744720643.5451722,1.0,-93.0,249.0,,9.825,0.136,-0.695,0.03333333333333333,0.0,-0.0
1744720643.6656208,1.0,-93.0,249.0,,9.806,0.166,-0.725,0.03333333333333333,0.0,-0.0
1744720643.7819088,1.0,-93.0,249.0,,9.845,0.126,-0.695,0.03333333333333333,0.0,-0.0
1744720643.9059353,1.0,-93.0,249.0,,9.806,0.146,-0.715,0.03333333333333333,0.0,-0.0
1744720644.0291584,1.0,-93.0,249.0,,9.845,0.097,-0.676,0.03333333333333333,0.0,-0.0
1744720644.1468687,1.0,-93.0,249.0,,9.806,0.195,-0.715,0.03333333333333333,0.0,-0.0
1744720644.272522,1.0,-93.0,249.0,,9.815,0.176,-0.705,0.03333333333333333,0.0,-0.0
1744720644.3976035,1.0,-93.0,249.0,,9.825,0.176,-0.695,0.03333333333333333,0.0,-0.0
1744720644.524481,1.0,-93.0,249.0,,9.806,0.136,-0.725,0.03333333333333333,0.0,-0.0
1744720644.6598215,1.0,-93.0,249.0,,9.796,0.136,-0.725,0.03333333333333333,0.0,-0.0
1744720644.7852342,1.0,-93.0,249.0,,9.825,0.166,-0.627,0.03333333333333333,0.0,-0.0
1744720644.9051692,1.0,-93.0,249.0,,9.815,0.136,-0.734,0.03333333333333333,0.0,-0.0
1744720645.0248587,1.0,-93.0,249.0,,9.815,0.176,-0.646,0.03333333333333333,0.0,-0.0
1744720645.1420665,1.0,-93.0,249.0,,9.815,0.156,-0.725,0.03333333333333333,0.0,-0.0
1744720645.2616305,1.0,-93.0,249.0,,9.815,0.156,-0.715,0.03333333333333333,0.0,-0.0
1744720645.3777544,1.0,-93.0,249.0,,9.815,0.166,-0.685,0.03333333333333333,0.0,-0.0
1744720645.494143,1.0,-93.0,249.0,,9.815,0.176,-0.715,0.03333333333333333,0.0,-0.0
1744720645.6139631,1.0,-93.0,249.0,,9.815,0.146,-0.715,0.03333333333333333,0.0,-0.0
1744720645.736446,1.0,-93.0,249.0,,9.806,0.166,-0.715,0.03333333333333333,0.0,-0.0
1744720645.8554819,1.0,-93.0,249.0,,9.815,0.146,-0.715,0.03333333333333333,0.0,-0.0
1744720645.9741313,1.0,-93.0,249.0,,9.825,0.136,-0.705,0.03333333333333333,0.0,-0.0
1744720646.0875893,1.0,-93.0,249.0,,9.825,0.156,-0.705,0.03333333333333333,0.0,-0.0
1744720646.2034743,1.0,-93.0,249.0,,9.815,0.166,-0.705,0.03333333333333333,0.0,-0.0
1744720646.3431551,1.0,-93.0,249.0,,9.815,0.176,-0.695,0.03333333333333333,0.0,-0.0
1744720646.4897504,1.0,-93.0,249.0,,9.815,0.166,-0.715,0.03333333333333333,0.0,-0.0
1744720646.64865,1.0,-93.0,249.0,,9.815,0.176,-0.715,0.03333333333333333,0.0,-0.0
1744720646.8038273,1.0,-93.0,249.0,,9.806,0.117,-0.734,0.03333333333333333,0.0,-0.0
1744720646.9611616,1.0,-93.0,249.0,,9.815,0.176,-0.666,0.03333333333333333,0.0,-0.0
1744720647.1186876,1.0,-93.0,249.0,,9.815,0.176,-0.715,0.03333333333333333,0.0,-0.0
1744720647.264302,1.0,-93.0,249.0,,9.815,0.166,-0.705,0.03333333333333333,0.0,-0.0
1744720647.4040751,1.0,-93.0,249.0,,9.815,0.146,-0.685,0.03333333333333333,0.0,-0.0
1744720647.5409691,1.0,-93.0,249.0,,9.815,0.166,-0.705,0.03333333333333333,0.0,-0.0
1744720647.6777883,1.0,-93.0,249.0,,9.815,0.166,-0.695,0.03333333333333333,0.0,-0.0
1744720647.815649,1.0,-93.0,249.0,,9.815,0.156,-0.695,0.03333333333333333,0.0,-0.0
1744720647.946988,1.0,-93.0,249.0,,9.815,0.156,-0.705,0.03333333333333333,0.0,-0.0
1744720648.074344,1.0,-93.0,249.0,,9.825,0.146,-0.705,0.03333333333333333,0.0,-0.0
1744720648.2021031,1.0,-93.0,249.0,,9.815,0.176,-0.695,0.03333333333333333,0.0,-0.0
1744720648.329284,1.0,-93.0,249.0,,9.815,0.156,-0.705,0.03333333333333333,0.0,-0.0
1744720648.4611676,1.0,-93.0,249.0,,9.825,0.156,-0.695,0.03333333333333333,0.0,-0.0
1744720648.5896955,1.0,-93.0,249.0,,9.825,0.156,-0.705,0.03333333333333333,0.0,-0.0
1744720648.7284336,1.0,-93.0,249.0,,9.815,0.166,-0.705,0.03333333333333333,0.0,-0.0
1744720648.861356,1.0,-93.0,249.0,,9.825,0.166,-0.705,0.03333333333333333,0.0,-0.0
1744720649.0522416,1.0,-93.0,249.0,,9.815,0.166,-0.705,0.03333333333333333,0.0,-0.0
1744720649.1968923,1.0,-93.0,249.0,,9.796,0.156,-0.685,0.03333333333333333,0.0,-0.0
1744720649.3339489,1.0,-93.0,249.0,,9.815,0.156,-0.695,0.03333333333333333,0.0,-0.0
1744720649.4736457,1.0,-93.0,249.0,,9.815,0.126,-0.695,0.03333333333333333,0.0,-0.0
1744720649.619813,1.0,-93.0,249.0,,9.815,0.117,-0.715,0.03333333333333333,0.0,-0.0
1744720649.7603543,1.0,-93.0,249.0,,9.815,0.146,-0.705,0.03333333333333333,0.0,-0.0
1744720649.8858643,1.0,-93.0,249.0,,9.806,0.195,-0.813,0.03333333333333333,0.0,-0.0
1744720650.007858,1.0,-93.0,249.0,,9.815,0.136,-0.685,0.03333333333333333,0.0,-0.0
1744720650.1320689,1.0,-93.0,249.0,,9.815,0.185,-0.685,0.03333333333333333,0.0,-0.0
1744720650.2570982,1.0,-93.0,249.0,,9.815,0.176,-0.695,0.03333333333333333,0.0,-0.0
1744720650.3831537,1.0,-93.0,249.0,,9.815,0.166,-0.715,0.03333333333333333,0.0,-0.0
1744720650.4996324,1.0,-93.0,249.0,,9.815,0.156,-0.705,0.03333333333333333,0.0,-0.0
1744720650.617767,1.0,-93.0,249.0,,9.815,0.156,-0.715,0.03333333333333333,0.0,-0.0
1744720650.739721,1.0,-93.0,249.0,,9.815,0.146,-0.715,0.03333333333333333,0.0,-0.0
1744720650.8574603,1.0,-93.0,249.0,,9.815,0.166,-0.715,0.03333333333333333,0.0,-0.0
1744720650.9761539,1.0,-93.0,249.0,,9.815,0.156,-0.715,0.03333333333333333,0.0,-0.0
1744720651.0897467,1.0,-93.0,249.0,,9.815,0.146,-0.705,0.03333333333333333,0.0,-0.0
1744720651.2045786,1.0,-93.0,249.0,,9.815,0.166,-0.715,0.03333333333333333,0.0,-0.0
1744720651.3255482,1.0,-93.0,249.0,,9.815,0.146,-0.715,0.03333333333333333,0.0,-0.0
1744720651.4550164,1.0,-93.0,249.0,,9.815,0.146,-0.715,0.03333333333333333,0.0,-0.0
1744720651.5833359,1.0,-93.0,249.0,,9.815,0.166,-0.715,0.03333333333333333,0.0,-0.0
1744720651.7195573,1.0,-93.0,249.0,,9.806,0.185,-0.715,0.03333333333333333,0.0,-0.0
1744720651.846636,1.0,-93.0,249.0,,9.815,0.176,-0.725,0.03333333333333333,0.0,-0.0
1744720651.9708376,1.0,-93.0,249.0,,9.815,0.176,-0.705,0.03333333333333333,0.0,-0.0
1744720652.0947938,1.0,-93.0,249.0,,9.815,0.156,-0.715,0.03333333333333333,0.0,-0.0
1744720652.2259808,1.0,-93.0,249.0,,9.815,0.126,-0.744,0.03333333333333333,0.0,-0.0
1744720652.3981123,1.0,-93.0,249.0,,9.815,0.156,-0.715,0.03333333333333333,0.0,-0.0
1744720652.5713937,1.0,-93.0,249.0,,9.815,0.156,-0.715,0.03333333333333333,0.0,-0.0
1744720652.7480936,1.0,-93.0,249.0,,9.815,0.146,-0.715,0.03333333333333333,0.0,-0.0
1744720652.9474592,1.0,-93.0,249.0,,9.815,0.156,-0.715,0.03333333333333333,0.0,-0.0
1744720653.2132816,1.0,-93.0,249.0,,9.815,0.156,-0.715,0.03333333333333333,0.0,-0.0
1744720653.3999817,1.0,-93.0,249.0,,9.815,0.166,-0.705,0.03333333333333333,0.0,-0.0
1744720653.575326,1.0,-93.0,249.0,,9.815,0.126,-0.715,0.03333333333333333,0.0,-0.0
1744720653.7597718,1.0,-93.0,249.0,,9.815,0.117,-0.705,0.03333333333333333,0.0,-0.0
1744720653.9321852,1.0,-93.0,249.0,,9.815,0.166,-0.725,0.03333333333333333,0.0,-0.0
1744720654.1098237,1.0,-93.0,249.0,,9.815,0.146,-0.715,0.03333333333333333,0.0,-0.0
1744720654.2658274,1.0,-93.0,249.0,,9.815,0.156,-0.705,0.03333333333333333,0.0,-0.0
1744720654.4153562,1.0,-93.0,249.0,,9.815,0.126,-0.744,0.03333333333333333,0.0,-0.0
1744720654.547544,1.0,-93.0,249.0,,9.825,0.156,-0.676,0.03333333333333333,0.0,-0.0
1744720654.6823215,1.0,-93.0,249.0,,9.825,0.156,-0.705,0.03333333333333333,0.0,-0.0
1744720654.8099918,1.0,-93.0,249.0,,9.815,0.166,-0.715,0.03333333333333333,0.0,-0.0
1744720654.9553697,1.0,-93.0,249.0,,9.815,0.156,-0.725,0.03333333333333333,0.0,-0.0
1744720655.0837703,1.0,-93.0,249.0,,9.815,0.156,-0.715,0.03333333333333333,0.0,-0.0
1744720655.2110434,1.0,-93.0,249.0,,9.815,0.166,-0.715,0.03333333333333333,0.0,-0.0
1744720655.339274,1.0,-93.0,249.0,,9.815,0.166,-0.734,0.03333333333333333,0.0,-0.0
1744720655.4640076,1.0,-93.0,249.0,,9.815,0.146,-0.715,0.03333333333333333,0.0,-0.0
1744720655.5818193,1.0,-93.0,249.0,,9.815,0.156,-0.734,0.03333333333333333,0.0,-0.0
1744720655.6984737,1.0,-93.0,249.0,,9.825,0.146,-0.685,0.03333333333333333,0.0,-0.0
1744720655.824859,1.0,-93.0,249.0,,9.864,0.274,-0.676,0.03333333333333333,0.0,-0.0
1744720655.950638,1.0,-93.0,249.0,,9.806,0.126,-0.725,0.03333333333333333,0.0,-0.0
1744720656.068768,1.0,-93.0,249.0,,9.825,0.146,-0.695,0.03333333333333333,0.0,-0.0
1744720656.1864154,1.0,-93.0,249.0,,9.815,0.166,-0.715,0.03333333333333333,0.0,-0.0
1744720656.3064647,1.0,-93.0,249.0,,9.815,0.156,-0.715,0.03333333333333333,0.0,-0.0
1744720656.4278476,1.0,-93.0,249.0,,9.815,0.146,-0.705,0.03333333333333333,0.0,-0.0
1744720656.548537,1.0,-93.0,249.0,,9.815,0.176,-0.715,0.03333333333333333,0.0,-0.0
1744720656.6741607,1.0,-93.0,249.0,,9.806,0.146,-0.695,0.03333333333333333,0.0,-0.0
1744720656.8045995,1.0,-93.0,249.0,,9.825,0.156,-0.676,0.03333333333333333,0.0,-0.0
1744720656.9392788,1.0,-93.0,249.0,,9.835,0.166,-0.627,0.03333333333333333,0.0,-0.0
1744720657.0796623,1.0,-93.0,249.0,,9.815,0.166,-0.705,0.03333333333333333,0.0,-0.0
1744720657.2207303,1.0,-93.0,249.0,,9.806,0.185,-0.705,0.03333333333333333,0.0,-0.0
1744720657.361443,1.0,-93.0,249.0,,9.825,0.166,-0.705,0.03333333333333333,0.0,-0.0
1744720657.501663,1.0,-93.0,249.0,,9.815,0.126,-0.685,0.03333333333333333,0.0,-0.0
1744720657.639734,1.0,-93.0,249.0,,9.815,0.166,-0.725,0.03333333333333333,0.0,-0.0
1744720657.7696536,1.0,-93.0,249.0,,9.825,0.156,-0.725,0.03333333333333333,0.0,-0.0
1744720657.907334,1.0,-93.0,249.0,,9.815,0.146,-0.715,0.03333333333333333,0.0,-0.0
1744720658.038403,1.0,-93.0,249.0,,9.815,0.166,-0.705,0.03333333333333333,0.0,-0.0
1744720658.1694674,1.0,-93.0,249.0,,9.815,0.156,-0.715,0.03333333333333333,0.0,-0.0
1744720658.2975628,1.0,-93.0,249.0,,9.815,0.176,-0.705,0.03333333333333333,0.0,-0.0
1744720658.4285598,1.0,-93.0,249.0,,9.815,0.176,-0.715,0.03333333333333333,0.0,-0.0
1744720658.5577612,1.0,-93.0,249.0,,9.825,0.166,-0.725,0.03333333333333333,0.0,-0.0
1744720658.678113,1.0,-93.0,249.0,,9.825,0.166,-0.705,0.03333333333333333,0.0,-0.0
1744720658.7960124,1.0,-93.0,249.0,,9.815,0.176,-0.705,0.03333333333333333,0.0,-0.0
1744720658.9190187,1.0,-93.0,249.0,,9.815,0.176,-0.705,0.03333333333333333,0.0,-0.0
1744720659.0393856,1.0,-93.0,249.0,,9.815,0.166,-0.695,0.03333333333333333,0.0,-0.0
1744720659.1948664,1.0,-93.0,249.0,,9.815,0.166,-0.725,0.03333333333333333,0.0,-0.0
1744720659.320503,1.0,-93.0,249.0,,9.815,0.166,-0.705,0.03333333333333333,0.0,-0.0
1744720659.4467402,1.0,-93.0,249.0,,9.815,0.156,-0.705,0.03333333333333333,0.0,-0.0
1744720659.5748312,1.0,-93.0,249.0,,9.815,0.146,-0.705,0.03333333333333333,0.0,-0.0
1744720659.7028599,1.0,-93.0,249.0,,9.815,0.176,-0.715,0.03333333333333333,0.0,-0.0
1744720659.841082,1.0,-93.0,249.0,,9.815,0.156,-0.715,0.03333333333333333,0.0,-0.0
1744720659.9729376,1.0,-93.0,249.0,,9.815,0.146,-0.715,0.03333333333333333,0.0,-0.0
1744720660.094663,1.0,-93.0,249.0,,9.825,0.126,-0.705,0.03333333333333333,0.0,-0.0
1744720660.2237413,1.0,-93.0,249.0,,9.815,0.166,-0.725,0.03333333333333333,0.0,-0.0
1744720660.3540947,1.0,-93.0,249.0,,9.815,0.185,-0.676,0.03333333333333333,0.0,-0.0
1744720660.4844944,1.0,-93.0,249.0,,9.815,0.176,-0.725,0.03333333333333333,0.0,-0.0
1744720660.6136537,1.0,-93.0,249.0,,9.815,0.146,-0.715,0.03333333333333333,0.0,-0.0
1744720660.7441027,1.0,-93.0,249.0,,9.825,0.146,-0.695,0.03333333333333333,0.0,-0.0
1744720660.8786333,1.0,-93.0,249.0,,9.815,0.166,-0.715,0.03333333333333333,0.0,-0.0
1744720661.0213702,1.0,-93.0,249.0,,9.806,0.166,-0.715,0.03333333333333333,0.0,-0.0
1744720661.156558,1.0,-93.0,249.0,,9.825,0.176,-0.695,0.03333333333333333,0.0,-0.0
1744720661.2915266,1.0,-93.0,249.0,,9.815,0.156,-0.725,0.03333333333333333,0.0,-0.0
1744720661.426611,1.0,-93.0,249.0,,9.815,0.166,-0.715,0.03333333333333333,0.0,-0.0
1744720661.592695,1.0,-93.0,249.0,,9.815,0.136,-0.705,0.03333333333333333,0.0,-0.0
1744720661.7395704,1.0,-93.0,249.0,,9.815,0.166,-0.715,0.03333333333333333,0.0,-0.0
1744720661.8835135,1.0,-93.0,249.0,,9.815,0.176,-0.715,0.03333333333333333,0.0,-0.0
1744720662.0247104,1.0,-93.0,249.0,,9.815,0.126,-0.705,0.03333333333333333,0.0,-0.0
1744720662.1698613,1.0,-93.0,249.0,,9.815,0.176,-0.705,0.03333333333333333,0.0,-0.0
1744720662.3040216,1.0,-93.0,249.0,,9.815,0.156,-0.705,0.03333333333333333,0.0,-0.0
1744720662.4345129,1.0,-93.0,249.0,,9.815,0.166,-0.715,0.03333333333333333,0.0,-0.0
1744720662.5768392,1.0,-93.0,249.0,,9.825,0.136,-0.715,0.03333333333333333,0.0,-0.0
1744720662.7206125,1.0,-93.0,249.0,,9.815,0.166,-0.715,0.03333333333333333,0.0,-0.0
1744720662.855581,1.0,-93.0,249.0,,9.815,0.166,-0.715,0.03333333333333333,0.0,-0.0
1744720662.9902031,1.0,-93.0,249.0,,9.815,0.156,-0.705,0.03333333333333333,0.0,-0.0
1744720663.1238272,1.0,-93.0,249.0,,9.806,0.176,-0.705,0.03333333333333333,0.0,-0.0
1744720663.2494597,1.0,-93.0,249.0,,9.815,0.136,-0.715,0.03333333333333333,0.0,-0.0
1744720663.3786101,1.0,-93.0,249.0,,9.815,0.176,-0.715,0.03333333333333333,0.0,-0.0
1744720663.5114872,1.0,-93.0,249.0,,9.825,0.156,-0.715,0.03333333333333333,0.0,-0.0
1744720663.6369047,1.0,-93.0,249.0,,9.815,0.156,-0.715,0.03333333333333333,0.0,-0.0
1744720663.7581344,1.0,-93.0,249.0,,9.815,0.156,-0.715,0.03333333333333333,0.0,-0.0
1744720663.8776772,1.0,-93.0,249.0,,9.815,0.166,-0.715,0.03333333333333333,0.0,-0.0
1744720664.0000892,1.0,-93.0,249.0,,9.815,0.146,-0.695,0.03333333333333333,0.0,-0.0
1744720664.131829,1.0,-93.0,249.0,,9.815,0.156,-0.705,0.03333333333333333,0.0,-0.0
1744720664.2548757,1.0,-93.0,249.0,,9.815,0.156,-0.705,0.03333333333333333,0.0,-0.0
1744720664.4104638,1.0,-93.0,249.0,,9.815,0.166,-0.725,0.03333333333333333,0.0,-0.0
1744720664.5594401,1.0,-93.0,249.0,,9.815,0.166,-0.705,0.03333333333333333,0.0,-0.0
1744720664.7037797,1.0,-93.0,249.0,,9.825,0.176,-0.695,0.03333333333333333,0.0,-0.0
1744720664.846222,1.0,-93.0,249.0,,9.815,0.156,-0.705,0.03333333333333333,0.0,-0.0
1744720664.9775374,1.0,-93.0,249.0,,9.815,0.166,-0.705,0.03333333333333333,0.0,-0.0
1744720665.1037536,1.0,-93.0,249.0,,9.815,0.156,-0.705,0.03333333333333333,0.0,-0.0
1744720665.232678,1.0,-93.0,249.0,,9.815,0.146,-0.715,0.03333333333333333,0.0,-0.0
1744720665.3642619,1.0,-93.0,249.0,,9.825,0.146,-0.715,0.03333333333333333,0.0,-0.0
1744720665.4833474,1.0,-93.0,249.0,,9.815,0.166,-0.715,0.03333333333333333,0.0,-0.0
1744720665.606479,1.0,-93.0,249.0,,9.815,0.166,-0.695,0.03333333333333333,0.0,-0.0
1744720665.7244275,1.0,-93.0,249.0,,9.815,0.136,-0.715,0.03333333333333333,0.0,-0.0
1744720665.8543944,1.0,-93.0,249.0,,9.815,0.146,-0.705,0.03333333333333333,0.0,-0.0
1744720665.984429,1.0,-93.0,249.0,,9.815,0.156,-0.705,0.03333333333333333,0.0,-0.0
1744720666.1284122,1.0,-93.0,249.0,,9.815,0.156,-0.715,0.03333333333333333,0.0,-0.0
1744720666.2764714,1.0,-93.0,249.0,,9.815,0.156,-0.705,0.03333333333333333,0.0,-0.0
1744720666.4362755,1.0,-93.0,249.0,,9.815,0.176,-0.725,0.03333333333333333,0.0,-0.0
1744720666.5960588,1.0,-93.0,249.0,,9.815,0.156,-0.705,0.03333333333333333,0.0,-0.0
1744720666.7509654,1.0,-93.0,249.0,,9.815,0.156,-0.715,0.03333333333333333,0.0,-0.0
1744720666.8989806,1.0,-93.0,249.0,,9.815,0.156,-0.695,0.03333333333333333,0.0,-0.0
1744720667.031995,1.0,-93.0,249.0,,9.815,0.166,-0.715,0.03333333333333333,0.0,-0.0
1744720667.1698046,1.0,-93.0,249.0,,9.815,0.156,-0.715,0.03333333333333333,0.0,-0.0
1744720667.3045957,1.0,-93.0,249.0,,9.815,0.166,-0.705,0.03333333333333333,0.0,-0.0
1744720667.439331,1.0,-93.0,249.0,,9.815,0.166,-0.715,0.03333333333333333,0.0,-0.0
1744720667.560447,1.0,-93.0,249.0,,9.815,0.146,-0.705,0.03333333333333333,0.0,-0.0
1744720667.6776512,1.0,-93.0,249.0,,9.815,0.156,-0.705,0.03333333333333333,0.0,-0.0
1744720667.8069952,1.0,-93.0,249.0,,9.815,0.176,-0.715,0.03333333333333333,0.0,-0.0
1744720667.9458826,1.0,-93.0,249.0,,9.815,0.166,-0.715,0.03333333333333333,0.0,-0.0
1744720668.0992255,1.0,-93.0,249.0,,9.825,0.176,-0.715,0.03333333333333333,0.0,-0.0
1744720668.2553372,1.0,-93.0,249.0,,9.815,0.166,-0.705,0.03333333333333333,0.0,-0.0
1744720668.3974252,1.0,-93.0,249.0,,9.806,0.156,-0.705,0.03333333333333333,0.0,-0.0
1744720668.5335276,1.0,-93.0,249.0,,9.825,0.146,-0.715,0.03333333333333333,0.0,-0.0
1744720668.6629436,1.0,-93.0,249.0,,9.815,0.166,-0.725,0.03333333333333333,0.0,-0.0
1744720668.7959697,1.0,-93.0,249.0,,9.815,0.166,-0.695,0.03333333333333333,0.0,-0.0
1744720668.9345324,1.0,-93.0,249.0,,9.806,0.146,-0.725,0.03333333333333333,0.0,-0.0
1744720669.0623913,1.0,-93.0,249.0,,9.815,0.156,-0.715,0.03333333333333333,0.0,-0.0
1744720669.1923158,1.0,-93.0,249.0,,9.815,0.156,-0.705,0.03333333333333333,0.0,-0.0
1744720669.3273122,1.0,-93.0,249.0,,9.815,0.166,-0.715,0.03333333333333333,0.0,-0.0
1744720669.4661615,1.0,-93.0,249.0,,9.815,0.156,-0.715,0.03333333333333333,0.0,-0.0
1744720669.6081514,1.0,-93.0,249.0,,9.815,0.176,-0.705,0.03333333333333333,0.0,-0.0
1744720669.7488391,1.0,-93.0,249.0,,9.815,0.156,-0.705,0.03333333333333333,0.0,-0.0
1744720669.889867,1.0,-93.0,249.0,,9.815,0.156,-0.705,0.03333333333333333,0.0,-0.0
1744720670.03064,1.0,-93.0,249.0,,9.806,0.166,-0.734,0.03333333333333333,0.0,-0.0
1744720670.1788125,1.0,-93.0,249.0,,9.806,0.195,-0.715,0.03333333333333333,0.0,-0.0
1744720670.3179615,1.0,-93.0,249.0,,9.815,0.146,-0.705,0.03333333333333333,0.0,-0.0
1744720670.4557302,1.0,-93.0,249.0,,9.815,0.136,-0.705,0.03333333333333333,0.0,-0.0
1744720670.590845,1.0,-93.0,249.0,,9.815,0.156,-0.715,0.03333333333333333,0.0,-0.0
1744720670.7185254,1.0,-93.0,249.0,,9.815,0.146,-0.705,0.03333333333333333,0.0,-0.0
1744720670.846327,1.0,-93.0,249.0,,9.815,0.156,-0.715,0.03333333333333333,0.0,-0.0
1744720670.9748056,1.0,-93.0,249.0,,9.815,0.176,-0.715,0.03333333333333333,0.0,-0.0
1744720671.0947733,1.0,-93.0,249.0,,9.815,0.176,-0.715,0.03333333333333333,0.0,-0.0
1744720671.227321,1.0,-93.0,249.0,,9.815,0.166,-0.715,0.03333333333333333,0.0,-0.0
1744720671.3727024,1.0,-93.0,249.0,,9.815,0.166,-0.715,0.03333333333333333,0.0,-0.0
1744720671.529126,1.0,-93.0,249.0,,9.815,0.156,-0.715,0.03333333333333333,0.0,-0.0
1744720671.681009,1.0,-93.0,249.0,,9.815,0.146,-0.705,0.03333333333333333,0.0,-0.0
1744720671.8374205,1.0,-93.0,249.0,,9.815,0.146,-0.705,0.03333333333333333,0.0,-0.0
1744720672.0046902,1.0,-93.0,249.0,,9.815,0.156,-0.705,0.03333333333333333,0.0,-0.0
1744720672.1608913,1.0,-93.0,249.0,,9.815,0.156,-0.705,0.03333333333333333,0.0,-0.0
1744720672.3348534,1.0,-93.0,249.0,,9.815,0.156,-0.715,0.03333333333333333,0.0,-0.0
1744720672.501034,1.0,-93.0,249.0,,9.825,0.156,-0.705,0.03333333333333333,0.0,-0.0
1744720672.6496081,1.0,-93.0,249.0,,9.806,0.166,-0.715,0.03333333333333333,0.0,-0.0
1744720672.7906768,1.0,-93.0,249.0,,9.815,0.166,-0.705,0.03333333333333333,0.0,-0.0
1744720672.9258099,1.0,-93.0,249.0,,9.815,0.156,-0.715,0.03333333333333333,0.0,-0.0
1744720673.0534375,1.0,-93.0,249.0,,9.815,0.156,-0.715,0.03333333333333333,0.0,-0.0
1744720673.1781533,1.0,-93.0,249.0,,9.815,0.156,-0.725,0.03333333333333333,0.0,-0.0
1744720673.3051953,1.0,-93.0,249.0,,9.815,0.166,-0.705,0.03333333333333333,0.0,-0.0
1744720673.4278786,1.0,-93.0,249.0,,9.815,0.166,-0.715,0.03333333333333333,0.0,-0.0
1744720673.5476475,1.0,-93.0,249.0,,9.815,0.156,-0.715,0.03333333333333333,0.0,-0.0
1744720673.6746686,1.0,-93.0,249.0,,9.806,0.156,-0.705,0.03333333333333333,0.0,-0.0
1744720673.7957733,1.0,-93.0,249.0,,9.815,0.136,-0.715,0.03333333333333333,0.0,-0.0
1744720673.9203024,1.0,-93.0,249.0,,9.815,0.156,-0.715,0.03333333333333333,0.0,-0.0
1744720674.0380669,1.0,-93.0,249.0,,9.815,0.156,-0.715,0.03333333333333333,0.0,-0.0
1744720674.1605484,1.0,-93.0,249.0,,9.815,0.176,-0.705,0.03333333333333333,0.0,-0.0
1744720674.2861145,1.0,-93.0,249.0,,9.815,0.126,-0.715,0.03333333333333333,0.0,-0.0
1744720674.403,1.0,-93.0,249.0,,9.815,0.136,-0.715,0.03333333333333333,0.0,-0.0
1744720674.5137825,1.0,-93.0,249.0,,9.815,0.166,-0.705,0.03333333333333333,0.0,-0.0
1744720674.6263814,1.0,-93.0,249.0,,9.815,0.156,-0.705,0.03333333333333333,0.0,-0.0
1744720674.7431118,1.0,-93.0,249.0,,9.815,0.156,-0.715,0.03333333333333333,0.0,-0.0
1744720674.8591216,1.0,-93.0,249.0,,9.815,0.156,-0.705,0.03333333333333333,0.0,-0.0
1744720674.9754376,1.0,-93.0,249.0,,9.815,0.176,-0.715,0.03333333333333333,0.0,-0.0
1744720675.091803,1.0,-93.0,249.0,,9.815,0.166,-0.705,0.03333333333333333,0.0,-0.0
1744720675.2074199,1.0,-93.0,249.0,,9.815,0.185,-0.705,0.03333333333333333,0.0,-0.0
1744720675.324352,1.0,-93.0,249.0,,9.815,0.166,-0.695,0.03333333333333333,0.0,-0.0
1744720675.4442835,1.0,-93.0,249.0,,9.815,0.136,-0.705,0.03333333333333333,0.0,-0.0
1744720675.5612638,1.0,-93.0,249.0,,9.815,0.176,-0.715,0.03333333333333333,0.0,-0.0
1744720675.6754959,1.0,-93.0,249.0,,9.806,0.185,-0.715,0.03333333333333333,0.0,-0.0
1744720675.789234,1.0,-93.0,249.0,,9.825,0.185,-0.685,0.03333333333333333,0.0,-0.0
1744720675.9067008,1.0,-93.0,249.0,,9.815,0.146,-0.725,0.03333333333333333,0.0,-0.0
1744720676.0236108,1.0,-93.0,249.0,,9.815,0.185,-0.725,0.03333333333333333,0.0,-0.0
1744720676.1375737,1.0,-93.0,249.0,,9.815,0.166,-0.715,0.03333333333333333,0.0,-0.0
1744720676.2738597,1.0,-93.0,249.0,,9.825,0.195,-0.607,0.03333333333333333,0.0,-0.0
1744720676.4077928,1.0,-93.0,249.0,,9.815,0.117,-0.715,0.03333333333333333,0.0,-0.0
1744720676.546551,1.0,-93.0,249.0,,9.815,0.166,-0.715,0.03333333333333333,0.0,-0.0
1744720676.6837788,1.0,-93.0,249.0,,9.815,0.185,-0.715,0.03333333333333333,0.0,-0.0
1744720676.821069,1.0,-93.0,249.0,,9.825,0.185,-0.715,0.03333333333333333,0.0,-0.0
1744720676.951543,1.0,-93.0,249.0,,9.815,0.176,-0.715,0.03333333333333333,0.0,-0.0
1744720677.0844653,1.0,-93.0,249.0,,9.815,0.126,-0.715,0.03333333333333333,0.0,-0.0
1744720677.2158782,1.0,-93.0,249.0,,9.815,0.136,-0.715,0.03333333333333333,0.0,-0.0
1744720677.347304,1.0,-93.0,249.0,,9.815,0.166,-0.725,0.03333333333333333,0.0,-0.0
1744720677.4752963,1.0,-93.0,249.0,,9.815,0.176,-0.705,0.03333333333333333,0.0,-0.0
1744720677.5964599,1.0,-93.0,249.0,,9.815,0.156,-0.715,0.03333333333333333,0.0,-0.0
1744720677.721784,1.0,-93.0,249.0,,9.815,0.166,-0.705,0.03333333333333333,0.0,-0.0
1744720677.854636,1.0,-93.0,249.0,,9.815,0.156,-0.705,0.03333333333333333,0.0,-0.0
1744720677.9839535,1.0,-93.0,249.0,,9.815,0.146,-0.715,0.03333333333333333,0.0,-0.0
1744720678.118363,1.0,-93.0,249.0,,9.815,0.156,-0.705,0.03333333333333333,0.0,-0.0
1744720678.2415206,1.0,-93.0,249.0,,9.815,0.166,-0.715,0.03333333333333333,0.0,-0.0
1744720678.3770623,1.0,-93.0,249.0,,9.815,0.166,-0.705,0.03333333333333333,0.0,-0.0
1744720678.5055134,1.0,-93.0,249.0,,9.815,0.166,-0.715,0.03333333333333333,0.0,-0.0
1744720678.6336374,1.0,-93.0,249.0,,9.815,0.166,-0.705,0.03333333333333333,0.0,-0.0
1744720678.7640505,1.0,-93.0,249.0,,9.815,0.166,-0.715,0.03333333333333333,0.0,-0.0
1744720678.8929665,1.0,-93.0,249.0,,9.815,0.156,-0.695,0.03333333333333333,0.0,-0.0
1744720679.0176947,1.0,-93.0,249.0,,9.815,0.166,-0.705,0.03333333333333333,0.0,-0.0
1744720679.1353214,1.0,-93.0,249.0,,9.815,0.156,-0.715,0.03333333333333333,0.0,-0.0
1744720679.2590158,1.0,-93.0,249.0,,9.815,0.176,-0.715,0.03333333333333333,0.0,-0.0
1744720679.4051104,1.0,-93.0,249.0,,9.815,0.166,-0.705,0.03333333333333333,0.0,-0.0
1744720679.5573242,1.0,-93.0,249.0,,9.806,0.146,-0.705,0.03333333333333333,0.0,-0.0
1744720679.6999671,1.0,-93.0,249.0,,9.825,0.156,-0.705,0.03333333333333333,0.0,-0.0
1744720679.8409765,1.0,-93.0,249.0,,9.806,0.156,-0.715,0.03333333333333333,0.0,-0.0
1744720680.0137348,1.0,-93.0,249.0,,9.815,0.166,-0.715,0.03333333333333333,0.0,-0.0
1744720680.1541414,1.0,-93.0,249.0,,9.815,0.156,-0.705,0.03333333333333333,0.0,-0.0
1744720680.2876747,1.0,-93.0,249.0,,9.815,0.146,-0.705,0.03333333333333333,0.0,-0.0
1744720680.4452868,1.0,-93.0,249.0,,9.815,0.156,-0.705,0.03333333333333333,0.0,-0.0
1744720680.5860856,1.0,-93.0,249.0,,9.815,0.166,-0.705,0.03333333333333333,0.0,-0.0
1744720680.718393,1.0,-93.0,249.0,,9.825,0.166,-0.715,0.03333333333333333,0.0,-0.0
1744720680.8483903,1.0,-93.0,249.0,,9.815,0.156,-0.705,0.03333333333333333,0.0,-0.0
1744720680.9749897,1.0,-93.0,249.0,,9.815,0.156,-0.715,0.03333333333333333,0.0,-0.0
1744720681.1068385,1.0,-93.0,249.0,,9.815,0.166,-0.715,0.03333333333333333,0.0,-0.0
1744720681.2343185,1.0,-93.0,249.0,,9.815,0.176,-0.715,0.03333333333333333,0.0,-0.0
1744720681.3627872,1.0,-93.0,249.0,,9.815,0.166,-0.715,0.03333333333333333,0.0,-0.0
1744720681.4879775,1.0,-93.0,249.0,,9.815,0.146,-0.705,0.03333333333333333,0.0,-0.0
1744720681.609342,1.0,-93.0,249.0,,9.815,0.146,-0.705,0.03333333333333333,0.0,-0.0
1744720681.7277474,1.0,-93.0,249.0,,9.815,0.156,-0.715,0.03333333333333333,0.0,-0.0
1744720681.8500469,1.0,-93.0,249.0,,9.806,0.166,-0.725,0.03333333333333333,0.0,-0.0
1744720681.972377,1.0,-93.0,249.0,,9.815,0.156,-0.715,0.03333333333333333,0.0,-0.0
1744720682.094339,1.0,-93.0,249.0,,9.815,0.176,-0.705,0.03333333333333333,0.0,-0.0
1744720682.2245653,1.0,-93.0,249.0,,9.815,0.156,-0.705,0.03333333333333333,0.0,-0.0
1744720682.3714573,1.0,-93.0,249.0,,9.815,0.146,-0.705,0.03333333333333333,0.0,-0.0
1744720682.5115306,1.0,-93.0,249.0,,9.815,0.136,-0.705,0.03333333333333333,0.0,-0.0
1744720682.646822,1.0,-93.0,249.0,,9.815,0.156,-0.715,0.03333333333333333,0.0,-0.0
1744720682.782391,1.0,-93.0,249.0,,9.815,0.166,-0.705,0.03333333333333333,0.0,-0.0
1744720682.9196124,1.0,-93.0,249.0,,9.815,0.166,-0.715,0.03333333333333333,0.0,-0.0
1744720683.0453796,1.0,-93.0,249.0,,9.806,0.166,-0.715,0.03333333333333333,0.0,-0.0
1744720683.1701624,1.0,-93.0,249.0,,9.815,0.166,-0.715,0.03333333333333333,0.0,-0.0
1744720683.2903616,1.0,-93.0,249.0,,9.815,0.156,-0.715,0.03333333333333333,0.0,-0.0
1744720683.4259582,1.0,-93.0,249.0,,9.815,0.166,-0.705,0.03333333333333333,0.0,-0.0
1744720683.5472913,1.0,-93.0,249.0,,9.815,0.156,-0.705,0.03333333333333333,0.0,-0.0
1744720683.6693432,1.0,-93.0,249.0,,9.815,0.156,-0.705,0.03333333333333333,0.0,-0.0
1744720683.7879665,1.0,-93.0,249.0,,9.806,0.146,-0.715,0.03333333333333333,0.0,-0.0
1744720683.9039683,1.0,-93.0,249.0,,9.815,0.156,-0.715,0.03333333333333333,0.0,-0.0
1744720684.0164943,1.0,-93.0,249.0,,9.815,0.156,-0.705,0.03333333333333333,0.0,-0.0
1744720684.130844,1.0,-93.0,249.0,,9.815,0.146,-0.705,0.03333333333333333,0.0,-0.0
1744720684.2484179,1.0,-93.0,249.0,,9.815,0.166,-0.715,0.03333333333333333,0.0,-0.0
1744720684.36922,1.0,-93.0,249.0,,9.835,0.146,-0.705,0.03333333333333333,0.0,-0.0
1744720684.4896538,1.0,-93.0,249.0,,9.806,0.146,-0.705,0.03333333333333333,0.0,-0.0
1744720684.606268,1.0,-93.0,249.0,,9.806,0.156,-0.715,0.03333333333333333,0.0,-0.0
1744720684.725244,1.0,-93.0,249.0,,9.815,0.146,-0.715,0.03333333333333333,0.0,-0.0
1744720684.844699,1.0,-93.0,249.0,,11.541,8.188,1.54,0.03333333333333333,0.0,-0.0
1744720684.967547,-1.0,-90.0,297.0,,8.138,-5.041,-2.735,0.03333333333333333,0.0,-0.0
1744720685.0868425,-3.0,-88.0,304.0,,-0.059,-3.511,0.245,0.03333333333333333,0.0,-0.0
1744720685.201517,-3.0,-87.0,307.0,,3.667,11.669,-1.195,0.03333333333333333,0.0,-0.0
1744720685.3304827,0.0,-89.0,314.0,,5.628,9.933,-3.745,0.03333333333333333,0.0,-0.0
1744720685.4545054,6.0,-91.0,325.0,,6.314,9.09,-3.569,0.03333333333333333,0.0,-0.0
1744720685.5723438,13.0,-95.0,344.0,,0.725,8.207,-4.118,0.03333333333333333,0.0,-0.0
1744720685.6908116,18.0,-100.0,357.0,,1.088,9.982,-2.833,0.03333333333333333,0.0,-0.0
1744720685.8068333,18.0,-100.0,357.0,,0.666,9.482,-2.902,0.03333333333333333,0.0,-0.0
1744720685.9275048,20.0,-101.0,359.0,,0.225,6.363,1.275,0.03333333333333333,0.0,-0.0
1744720686.0455925,26.0,-102.0,7.0,SINGLE_TAP,0.901,9.933,-0.077,0.03333333333333333,0.0,-0.0
1744720686.1662712,32.0,-101.0,6.0,,0.274,10.031,0.127,0.03333333333333333,0.0,-0.0
1744720686.2947133,47.0,-99.0,4.0,,0.283,10.031,0.127,0.03333333333333333,0.0,-0.0
1744720686.4281082,58.0,-97.0,3.0,,0.283,10.031,0.127,0.03333333333333333,0.0,-0.0
1744720686.5483084,67.0,-96.0,2.0,,0.293,10.031,0.127,0.03333333333333333,0.0,-0.0
1744720686.6706347,73.0,-95.0,2.0,,0.274,10.031,0.118,0.03333333333333333,0.0,-0.0
1744720686.7924433,77.0,-94.0,0.0,,0.283,10.031,0.118,0.03333333333333333,0.0,-0.0
1744720686.908476,81.0,-92.0,359.0,,0.293,10.021,0.137,0.03333333333333333,0.0,-0.0
1744720687.0225432,83.0,-91.0,357.0,,0.293,10.021,0.118,0.03333333333333333,0.0,-0.0
1744720687.1410747,84.0,-88.0,355.0,,0.303,10.021,0.118,0.03333333333333333,0.0,-0.0
1744720687.256098,85.0,-86.0,353.0,,0.283,10.031,0.127,0.03333333333333333,0.0,-0.0
1744720687.3744638,86.0,-83.0,350.0,,0.283,10.031,0.127,0.03333333333333333,0.0,-0.0
1744720687.494097,87.0,-80.0,347.0,,0.283,10.031,0.127,0.03333333333333333,0.0,-0.0
1744720687.6079948,87.0,-77.0,344.0,,0.283,10.041,0.127,0.03333333333333333,0.0,-0.0
1744720687.723502,87.0,-75.0,342.0,,0.283,10.031,0.127,0.03333333333333333,0.0,-0.0
1744720687.837948,88.0,-73.0,339.0,,0.274,10.031,0.118,0.03333333333333333,0.0,-0.0
1744720687.9527862,88.0,-71.0,338.0,,0.274,10.041,0.147,0.03333333333333333,0.0,-0.0
1744720688.0780203,88.0,-69.0,336.0,,0.274,10.031,0.137,0.03333333333333333,0.0,-0.0
1744720688.2016768,88.0,-68.0,335.0,,0.293,10.031,0.137,0.03333333333333333,0.0,-0.0
1744720688.3211622,88.0,-67.0,334.0,,0.274,10.041,0.127,0.03333333333333333,0.0,-0.0
1744720688.446048,88.0,-67.0,333.0,,0.293,10.031,0.137,0.03333333333333333,0.0,-0.0
1744720688.5665514,88.0,-66.0,333.0,,0.274,10.031,0.108,0.03333333333333333,0.0,-0.0
1744720688.6839461,88.0,-66.0,332.0,,0.274,10.031,0.137,0.03333333333333333,0.0,-0.0
1744720688.8001637,88.0,-65.0,332.0,,0.264,10.031,0.127,0.03333333333333333,0.0,-0.0
1744720688.919425,88.0,-65.0,332.0,,0.283,10.031,0.127,0.03333333333333333,0.0,-0.0
1744720689.0350416,88.0,-65.0,332.0,,0.274,10.031,0.127,0.03333333333333333,0.0,-0.0
1744720689.1531482,88.0,-65.0,332.0,,0.274,10.031,0.147,0.03333333333333333,0.0,-0.0
1744720689.270631,88.0,-65.0,332.0,,0.274,10.031,0.127,0.03333333333333333,0.0,-0.0
1744720689.3914988,88.0,-65.0,332.0,,0.283,10.031,0.118,0.03333333333333333,0.0,-0.0
1744720689.5146258,88.0,-65.0,332.0,,0.283,10.031,0.137,0.03333333333333333,0.0,-0.0
1744720689.635152,88.0,-65.0,332.0,,0.264,10.021,0.137,0.03333333333333333,0.0,-0.0
1744720689.7587874,88.0,-65.0,332.0,,0.264,10.031,0.127,0.03333333333333333,0.0,-0.0
1744720689.881911,88.0,-65.0,332.0,,0.274,10.031,0.098,0.03333333333333333,0.0,-0.0
1744720689.9965012,88.0,-65.0,332.0,,0.293,10.031,0.127,0.03333333333333333,0.0,-0.0
1744720690.1150093,88.0,-65.0,332.0,,0.274,10.021,0.118,0.03333333333333333,0.0,-0.0
1744720690.2331884,88.0,-65.0,332.0,,0.274,10.031,0.127,0.03333333333333333,0.0,-0.0
1744720690.350479,88.0,-65.0,332.0,,0.283,10.031,0.118,0.03333333333333333,0.0,-0.0
1744720690.4657881,88.0,-65.0,332.0,,0.283,10.031,0.118,0.03333333333333333,0.0,-0.0
1744720690.5782878,88.0,-65.0,332.0,,0.303,10.021,0.118,0.03333333333333333,0.0,-0.0
1744720690.6952145,88.0,-65.0,332.0,,0.283,10.031,0.127,0.03333333333333333,0.0,-0.0
1744720690.8096519,88.0,-65.0,332.0,,0.283,10.031,0.127,0.03333333333333333,0.0,-0.0
1744720690.92895,88.0,-65.0,332.0,,0.293,10.031,0.127,0.03333333333333333,0.0,-0.0
1744720691.051319,88.0,-65.0,332.0,,0.283,10.031,0.127,0.03333333333333333,0.0,-0.0
1744720691.175232,88.0,-65.0,332.0,,0.293,10.031,0.137,0.03333333333333333,0.0,-0.0
1744720691.2982352,88.0,-65.0,332.0,,0.274,10.021,0.137,0.03333333333333333,0.0,-0.0
1744720691.419195,88.0,-65.0,332.0,,0.293,10.031,0.118,0.03333333333333333,0.0,-0.0
1744720691.5439377,88.0,-65.0,331.0,,0.293,10.031,0.127,0.03333333333333333,0.0,-0.0
1744720691.6614063,88.0,-65.0,331.0,,0.283,10.031,0.127,0.03333333333333333,0.0,-0.0
1744720691.7804415,88.0,-65.0,332.0,,0.283,10.041,0.127,0.03333333333333333,0.0,-0.0
1744720691.8987489,88.0,-65.0,331.0,,0.283,10.031,0.118,0.03333333333333333,0.0,-0.0
1744720692.0156548,88.0,-65.0,331.0,,0.283,10.031,0.127,0.03333333333333333,0.0,-0.0
1744720692.1304307,88.0,-65.0,331.0,,0.274,10.031,0.127,0.03333333333333333,0.0,-0.0
1744720692.2467003,88.0,-65.0,332.0,,0.283,10.031,0.118,0.03333333333333333,0.0,-0.0
1744720692.3729844,88.0,-65.0,332.0,,0.303,10.021,0.108,0.03333333333333333,0.0,-0.0
1744720692.5056758,88.0,-65.0,332.0,,0.303,10.031,0.118,0.03333333333333333,0.0,-0.0
1744720692.6346717,88.0,-65.0,331.0,,0.293,10.031,0.127,0.03333333333333333,0.0,-0.0
1744720692.7645814,88.0,-65.0,331.0,,0.303,10.031,0.127,0.03333333333333333,0.0,-0.0
1744720692.8891635,88.0,-65.0,332.0,,0.274,10.031,0.118,0.03333333333333333,0.0,-0.0
1744720693.0093505,88.0,-65.0,331.0,,0.293,10.031,0.127,0.03333333333333333,0.0,-0.0
1744720693.1353106,88.0,-65.0,332.0,,0.274,10.031,0.127,0.03333333333333333,0.0,-0.0
1744720693.2659645,88.0,-65.0,331.0,,0.283,10.031,0.127,0.03333333333333333,0.0,-0.0
1744720693.3958938,88.0,-65.0,331.0,,0.274,10.041,0.127,0.03333333333333333,0.0,-0.0
1744720693.528988,88.0,-65.0,331.0,,0.283,10.031,0.118,0.03333333333333333,0.0,-0.0
1744720693.653111,88.0,-65.0,331.0,,0.274,10.031,0.127,0.03333333333333333,0.0,-0.0
1744720693.7841554,88.0,-65.0,331.0,,0.274,10.031,0.127,0.03333333333333333,0.0,-0.0
1744720693.9139278,88.0,-65.0,331.0,,0.274,10.031,0.127,0.03333333333333333,0.0,-0.0
1744720694.04603,88.0,-65.0,331.0,,0.293,10.031,0.118,0.03333333333333333,0.0,-0.0
1744720694.1990464,88.0,-65.0,331.0,,0.283,10.031,0.127,0.03333333333333333,0.0,-0.0
1744720694.372292,88.0,-65.0,331.0,,0.293,10.041,0.137,0.03333333333333333,0.0,-0.0
1744720694.5767689,88.0,-65.0,331.0,,0.293,10.031,0.127,0.03333333333333333,0.0,-0.0
1744720694.7702675,88.0,-64.0,331.0,,0.274,10.031,0.118,0.03333333333333333,0.0,-0.0
1744720694.9932418,88.0,-64.0,331.0,,0.274,10.031,0.127,0.03333333333333333,0.0,-0.0
1744720695.2994652,88.0,-64.0,331.0,,0.283,10.041,0.127,0.03333333333333333,0.0,-0.0
1744720695.5493176,88.0,-64.0,331.0,,0.283,10.031,0.127,0.03333333333333333,0.0,-0.0
