timestamp,roll,pitch,yaw,touch_gesture,acc_x,acc_y,acc_z,gyro_x,gyro_y,gyro_z
1743597340.5118663,,,,,,,,,,
1743597340.5320094,,,,,,,,,,
1743597340.552125,,,,,,,,,,
1743597340.5722377,,,,,,,,,,
1743597340.5934367,,,,,,,,,,
1743597340.6135733,,,,,,,,,,
1743597340.633781,,,,,,,,,,
1743597340.6541803,,,,,,,,,,
1743597340.674309,,,,,,,,,,
1743597340.6944973,0.0,0.0,0.0,,9.835,0.009,-1.6609179194355872,0.03333333333333333,0.0,-0.0
1743597340.7146437,0.0,0.0,0.0,,9.855,0.019,-1.6592484707024677,0.03333333333333333,0.0,-0.0
1743597340.7348678,0.0,0.0,0.0,,9.855,0.019,-1.6592484707024677,0.03333333333333333,0.0,-0.0
1743597340.7550209,0.0,0.0,0.0,,9.825,0.009,-1.641875279132296,0.03333333333333333,0.0,-0.0
1743597340.7752178,0.0,0.0,0.0,,9.845,0.009,-1.6779544732958693,0.03333333333333333,0.0,-0.0
1743597340.7956152,0.0,0.0,0.0,,9.845,0.009,-1.6779544732958693,0.03333333333333333,0.0,-0.0
1743597340.8158147,0.0,0.0,0.0,,9.835,0.009,-1.6211764968496258,0.03333333333333333,0.0,-0.0
1743597340.835972,0.0,0.0,0.0,,9.835,0.0,-1.6787986180548558,0.03333333333333333,0.0,-0.0
1743597340.856276,0.0,0.0,0.0,,9.835,0.0,-1.6787986180548558,0.03333333333333333,0.0,-0.0
1743597340.8764133,0.0,0.0,0.0,,9.825,0.019,-1.6617533788722911,0.03333333333333333,0.0,-0.0
1743597340.8965623,0.0,-94.0,316.0,,0.0488966669511246,0.019,-1.6986616796345082,0.03333333333333333,0.0,-0.0
1743597340.916734,0.0,-94.0,316.0,,0.0488966669511246,0.019,-1.6986616796345082,0.03333333333333333,0.0,-0.0
1743597340.9369125,0.0,-94.0,316.0,,0.0488966669511246,0.019,-1.6609167296712963,0.03333333333333333,0.0,-0.0
1743597340.9571476,0.0,-94.0,316.0,,0.0488966669511246,0.0,-1.641048799286812,0.03333333333333333,0.0,-0.0
1743597340.977408,0.0,-94.0,316.0,,0.0488966669511246,0.0,-1.641048799286812,0.03333333333333333,0.0,-0.0
1743597340.9975836,0.0,-94.0,316.0,,0.05889666695112439,0.0,-1.640223640445774,0.03333333333333333,0.0,-0.0
1743597341.0179634,0.0,-94.0,316.0,,0.0488966669511246,0.019,-1.6787970678943602,0.03333333333333333,0.0,-0.0
1743597341.0383048,0.0,-94.0,316.0,,0.0488966669511246,0.019,-1.6787970678943602,0.03333333333333333,0.0,-0.0
1743597341.0586615,0.0,-94.0,316.0,,0.0488966669511246,0.019,-1.6609167296712963,0.03333333333333333,0.0,-0.0
1743597341.078847,0.0,-94.0,316.0,,0.0488966669511246,0.0,-1.641048799286812,0.03333333333333333,0.0,-0.0
1743597341.099024,0.0,-94.0,316.0,,0.0488966669511246,0.0,-1.641048799286812,0.03333333333333333,0.0,-0.0
1743597341.1191983,0.0,-94.0,316.0,,0.0488966669511246,0.0,-1.641048799286812,0.03333333333333333,0.0,-0.0
1743597341.1394832,0.0,-94.0,316.0,,0.05889666695112439,0.0,-1.640223640445774,0.03333333333333333,0.0,-0.0
1743597341.1596596,0.0,-94.0,316.0,,0.05889666695112439,0.0,-1.640223640445774,0.03333333333333333,0.0,-0.0
1743597341.180047,0.0,-94.0,316.0,,0.0488966669511246,0.038,-1.6609121278812777,0.03333333333333333,0.0,-0.0
1743597341.2002032,0.0,-94.0,316.0,,0.0488966669511246,0.019,-1.6787970678943602,0.03333333333333333,0.0,-0.0
1743597341.220369,0.0,-94.0,316.0,,0.0488966669511246,0.019,-1.6787970678943602,0.03333333333333333,0.0,-0.0
1743597341.240507,0.0,-94.0,316.0,,0.0488966669511246,0.0,-1.641048799286812,0.03333333333333333,0.0,-0.0
1743597341.2606928,0.0,-94.0,316.0,,0.0488966669511246,0.0,-1.641048799286812,0.03333333333333333,0.0,-0.0
1743597341.2810426,0.0,-94.0,316.0,,0.0488966669511246,0.0,-1.641048799286812,0.03333333333333333,0.0,-0.0
1743597341.3014615,0.0,-94.0,316.0,,0.0488966669511246,0.019,-1.6609167296712963,0.03333333333333333,0.0,-0.0
1743597341.321614,0.0,-94.0,316.0,,0.0488966669511246,0.019,-1.6609167296712963,0.03333333333333333,0.0,-0.0
1743597341.341807,0.0,-94.0,316.0,,0.0488966669511246,0.019,-1.6609167296712963,0.03333333333333333,0.0,-0.0
1743597341.3621507,0.0,-94.0,316.0,,0.0488966669511246,0.019,-1.6609167296712963,0.03333333333333333,0.0,-0.0
1743597341.382318,0.0,-94.0,316.0,,0.0488966669511246,0.009,-1.6609179194355872,0.03333333333333333,0.0,-0.0
1743597341.403073,0.0,-94.0,316.0,,0.0488966669511246,0.009,-1.6609179194355872,0.03333333333333333,0.0,-0.0
1743597341.423237,0.0,-94.0,316.0,,0.0488966669511246,0.0,-1.6609182636183557,0.03333333333333333,0.0,-0.0
1743597341.4433382,0.0,-94.0,316.0,,0.0488966669511246,0.009,-1.6609179194355872,0.03333333333333333,0.0,-0.0
1743597341.4635189,0.0,-94.0,316.0,,0.0488966669511246,0.019,-1.6609167296712963,0.03333333333333333,0.0,-0.0
1743597341.485361,0.0,-94.0,316.0,,0.0488966669511246,0.019,-1.6609167296712963,0.03333333333333333,0.0,-0.0
1743597341.50555,0.0,-94.0,316.0,,0.0488966669511246,0.0,-1.6609182636183557,0.03333333333333333,0.0,-0.0
1743597341.5259705,0.0,-94.0,316.0,,0.0488966669511246,0.0,-1.6787986180548558,0.03333333333333333,0.0,-0.0
1743597341.5461164,0.0,-94.0,316.0,,0.0488966669511246,0.009,-1.6609179194355872,0.03333333333333333,0.0,-0.0
1743597341.566305,0.0,-94.0,316.0,,0.0488966669511246,0.019,-1.6609167296712963,0.03333333333333333,0.0,-0.0
1743597341.586559,0.0,-94.0,316.0,,0.0488966669511246,0.0,-1.6787986180548558,0.03333333333333333,0.0,-0.0
1743597341.6078777,0.0,-94.0,316.0,,0.0488966669511246,0.009,-1.6609179194355872,0.03333333333333333,0.0,-0.0
1743597341.628058,0.0,-94.0,316.0,,0.0488966669511246,0.009,-1.6609179194355872,0.03333333333333333,0.0,-0.0
1743597341.6482184,0.0,-94.0,316.0,,0.0488966669511246,0.009,-1.6609179194355872,0.03333333333333333,0.0,-0.0
1743597341.6683846,0.0,-94.0,316.0,,0.05889666695112439,0.019,-1.6600817619632886,0.03333333333333333,0.0,-0.0
1743597341.6885529,0.0,-94.0,316.0,,0.0488966669511246,0.0,-1.6609182636183557,0.03333333333333333,0.0,-0.0
1743597341.7089841,0.0,-94.0,316.0,,0.0488966669511246,0.009,-1.6609179194355872,0.03333333333333333,0.0,-0.0
1743597341.7291245,0.0,-94.0,316.0,,0.0488966669511246,0.009,-1.6609179194355872,0.03333333333333333,0.0,-0.0
1743597341.749294,0.0,-94.0,316.0,,0.0488966669511246,0.009,-1.6609179194355872,0.03333333333333333,0.0,-0.0
1743597341.770081,0.0,-94.0,316.0,,0.0488966669511246,0.009,-1.6609179194355872,0.03333333333333333,0.0,-0.0
1743597341.7904942,0.0,-94.0,316.0,,0.0488966669511246,0.019,-1.6787970678943602,0.03333333333333333,0.0,-0.0
1743597341.814373,0.0,-94.0,316.0,,0.0488966669511246,0.019,-1.6787970678943602,0.03333333333333333,0.0,-0.0
1743597341.8345509,0.0,-94.0,316.0,,0.0488966669511246,0.019,-1.6609167296712963,0.03333333333333333,0.0,-0.0
1743597341.854708,0.0,-94.0,316.0,,0.0488966669511246,0.009,-1.6410484591491665,0.03333333333333333,0.0,-0.0
1743597341.874892,0.0,-94.0,316.0,,0.0488966669511246,0.009,-1.6410484591491665,0.03333333333333333,0.0,-0.0
1743597341.8950658,0.0,-94.0,316.0,,0.05889666695112439,0.009,-1.6600829481315107,0.03333333333333333,0.0,-0.0
1743597341.9152217,0.0,-94.0,316.0,,0.0488966669511246,0.009,-1.6609179194355872,0.03333333333333333,0.0,-0.0
1743597341.935364,0.0,-94.0,316.0,,0.0488966669511246,0.009,-1.6609179194355872,0.03333333333333333,0.0,-0.0
1743597341.9556255,0.0,-94.0,316.0,,0.0488966669511246,0.009,-1.6410484591491665,0.03333333333333333,0.0,-0.0
1743597341.9757872,0.0,-94.0,316.0,,0.0488966669511246,0.019,-1.6787970678943602,0.03333333333333333,0.0,-0.0
1743597341.9959624,0.0,-94.0,316.0,,0.0488966669511246,0.019,-1.6787970678943602,0.03333333333333333,0.0,-0.0
1743597342.01626,0.0,-94.0,316.0,,0.0488966669511246,0.019,-1.6609167296712963,0.03333333333333333,0.0,-0.0
1743597342.0364368,0.0,-94.0,316.0,,0.0488966669511246,0.009,-1.6609179194355872,0.03333333333333333,0.0,-0.0
1743597342.0566235,0.0,-94.0,316.0,,0.0488966669511246,0.009,-1.6609179194355872,0.03333333333333333,0.0,-0.0
1743597342.076925,0.0,-94.0,316.0,,0.0488966669511246,0.0,-1.641048799286812,0.03333333333333333,0.0,-0.0
1743597342.0972323,0.0,-94.0,316.0,,0.0488966669511246,0.009,-1.6609179194355872,0.03333333333333333,0.0,-0.0
1743597342.117436,0.0,-94.0,316.0,,0.0488966669511246,0.009,-1.6609179194355872,0.03333333333333333,0.0,-0.0
1743597342.1376154,0.0,-94.0,316.0,,0.0488966669511246,0.009,-1.6787982702341613,0.03333333333333333,0.0,-0.0
1743597342.158467,0.0,-94.0,316.0,,0.0488966669511246,0.009,-1.6787982702341613,0.03333333333333333,0.0,-0.0
1743597342.1790082,0.0,-94.0,316.0,,0.0488966669511246,0.009,-1.6787982702341613,0.03333333333333333,0.0,-0.0
1743597342.199165,0.0,-94.0,316.0,,0.0488966669511246,0.0,-1.6609182636183557,0.03333333333333333,0.0,-0.0
1743597342.219324,0.0,-94.0,316.0,,0.05889666695112439,0.0,-1.6600832912739851,0.03333333333333333,0.0,-0.0
1743597342.2394958,0.0,-94.0,316.0,,0.05889666695112439,0.0,-1.6600832912739851,0.03333333333333333,0.0,-0.0
1743597342.259896,0.0,-94.0,316.0,,0.0488966669511246,0.019,-1.6609167296712963,0.03333333333333333,0.0,-0.0
1743597342.2808058,0.0,-94.0,316.0,,0.0488966669511246,0.019,-1.6787970678943602,0.03333333333333333,0.0,-0.0
1743597342.3009722,0.0,-94.0,316.0,,0.0488966669511246,0.019,-1.6787970678943602,0.03333333333333333,0.0,-0.0
1743597342.3214653,0.0,-94.0,316.0,,0.05889666695112439,0.0,-1.6600832912739851,0.03333333333333333,0.0,-0.0
1743597342.3416407,0.0,-94.0,316.0,,0.05889666695112439,0.0,-1.6779548200654337,0.03333333333333333,0.0,-0.0
1743597342.361832,0.0,-94.0,316.0,,0.05889666695112439,0.0,-1.6779548200654337,0.03333333333333333,0.0,-0.0
1743597342.382042,0.0,-94.0,316.0,,0.0488966669511246,0.009,-1.6609179194355872,0.03333333333333333,0.0,-0.0
1743597342.4023938,0.0,-94.0,316.0,,0.05889666695112439,0.019,-1.677953274589585,0.03333333333333333,0.0,-0.0
1743597342.4233415,0.0,-94.0,316.0,,0.05889666695112439,0.019,-1.677953274589585,0.03333333333333333,0.0,-0.0
1743597342.443549,0.0,-94.0,316.0,,0.0488966669511246,0.009,-1.6609179194355872,0.03333333333333333,0.0,-0.0
1743597342.465269,0.0,-94.0,316.0,,0.05889666695112439,0.0,-1.6600832912739851,0.03333333333333333,0.0,-0.0
1743597342.48554,0.0,-94.0,316.0,,0.0488966669511246,0.019,-1.64104728336798,0.03333333333333333,0.0,-0.0
1743597342.5060704,0.0,-94.0,316.0,,0.0488966669511246,0.019,-1.6609167296712963,0.03333333333333333,0.0,-0.0
1743597342.5266385,0.0,-94.0,316.0,,0.05889666695112439,0.009,-1.6779544732958693,0.03333333333333333,0.0,-0.0
1743597342.5471375,0.0,-94.0,316.0,,0.0488966669511246,0.009,-1.6609179194355872,0.03333333333333333,0.0,-0.0
1743597342.5674229,0.0,-94.0,316.0,,0.05889666695112439,0.009,-1.6402233013363712,0.03333333333333333,0.0,-0.0
1743597342.5877373,0.0,-94.0,316.0,,0.0488966669511246,0.009,-1.6609179194355872,0.03333333333333333,0.0,-0.0
1743597342.607984,0.0,-94.0,316.0,,0.0488966669511246,0.009,-1.6787982702341613,0.03333333333333333,0.0,-0.0
1743597342.6281724,0.0,-94.0,316.0,,0.0488966669511246,0.009,-1.6609179194355872,0.03333333333333333,0.0,-0.0
1743597342.6483343,0.0,-94.0,316.0,,0.0488966669511246,0.009,-1.6609179194355872,0.03333333333333333,0.0,-0.0
1743597342.6685317,0.0,-94.0,316.0,,0.0488966669511246,0.019,-1.6787970678943602,0.03333333333333333,0.0,-0.0
1743597342.688703,0.0,-94.0,316.0,,0.03889666695112304,0.019,-1.6617533788722911,0.03333333333333333,0.0,-0.0
1743597342.708949,0.0,-94.0,316.0,,0.0488966669511246,0.009,-1.6787982702341613,0.03333333333333333,0.0,-0.0
1743597342.729315,0.0,-94.0,316.0,,0.0488966669511246,0.009,-1.6609179194355872,0.03333333333333333,0.0,-0.0
1743597342.749658,0.0,-94.0,316.0,,0.0488966669511246,0.009,-1.6609179194355872,0.03333333333333333,0.0,-0.0
1743597342.7698283,0.0,-94.0,316.0,,0.0488966669511246,0.019,-1.6609167296712963,0.03333333333333333,0.0,-0.0
1743597342.7901812,0.0,-94.0,316.0,,0.0488966669511246,0.009,-1.6410484591491665,0.03333333333333333,0.0,-0.0
1743597342.8105972,0.0,-94.0,316.0,,0.05889666695112439,0.009,-1.6600829481315107,0.03333333333333333,0.0,-0.0
1743597342.8309731,0.0,-94.0,316.0,,0.0488966669511246,0.009,-1.6787982702341613,0.03333333333333333,0.0,-0.0
1743597342.851456,0.0,-94.0,316.0,,0.0488966669511246,0.009,-1.6609179194355872,0.03333333333333333,0.0,-0.0
1743597342.8725407,0.0,-94.0,316.0,,0.0488966669511246,0.009,-1.6609179194355872,0.03333333333333333,0.0,-0.0
1743597342.8926983,0.0,-94.0,316.0,,0.0488966669511246,0.009,-1.6609179194355872,0.03333333333333333,0.0,-0.0
1743597342.91285,0.0,-94.0,316.0,,0.0488966669511246,0.009,-1.6609179194355872,0.03333333333333333,0.0,-0.0
1743597342.9330812,0.0,-94.0,316.0,,0.05889666695112439,0.009,-1.6779544732958693,0.03333333333333333,0.0,-0.0
1743597342.9532213,0.0,-94.0,316.0,,0.05889666695112439,0.009,-1.6779544732958693,0.03333333333333333,0.0,-0.0
1743597342.9733808,0.0,-94.0,316.0,,0.0488966669511246,0.009,-1.6410484591491665,0.03333333333333333,0.0,-0.0
1743597342.9938192,0.0,-94.0,316.0,,0.05889666695112439,0.009,-1.6600829481315107,0.03333333333333333,0.0,-0.0
1743597343.0140991,0.0,-94.0,316.0,,0.05889666695112439,0.009,-1.6600829481315107,0.03333333333333333,0.0,-0.0
1743597343.0345135,0.0,-94.0,316.0,,0.0488966669511246,0.019,-1.6609167296712963,0.03333333333333333,0.0,-0.0
1743597343.0546556,0.0,-94.0,316.0,,0.0488966669511246,0.0,-1.6787986180548558,0.03333333333333333,0.0,-0.0
1743597343.0750098,0.0,-94.0,316.0,,0.0488966669511246,0.0,-1.6787986180548558,0.03333333333333333,0.0,-0.0
1743597343.0954409,0.0,-94.0,316.0,,0.05889666695112439,0.019,-1.6600817619632886,0.03333333333333333,0.0,-0.0
1743597343.1156056,0.0,-94.0,316.0,,0.0488966669511246,0.019,-1.6609167296712963,0.03333333333333333,0.0,-0.0
1743597343.1361442,0.0,-94.0,316.0,,0.0488966669511246,0.019,-1.6609167296712963,0.03333333333333333,0.0,-0.0
1743597343.1566164,0.0,-94.0,316.0,,0.0488966669511246,0.0,-1.6609182636183557,0.03333333333333333,0.0,-0.0
1743597343.1772697,0.0,-94.0,316.0,,0.0488966669511246,0.009,-1.6609179194355872,0.03333333333333333,0.0,-0.0
1743597343.197519,0.0,-94.0,316.0,,0.0488966669511246,0.009,-1.6609179194355872,0.03333333333333333,0.0,-0.0
1743597343.2176557,0.0,-94.0,316.0,,0.0488966669511246,0.009,-1.6609179194355872,0.03333333333333333,0.0,-0.0
1743597343.2378204,0.0,-94.0,316.0,,0.0488966669511246,0.009,-1.6787982702341613,0.03333333333333333,0.0,-0.0
1743597343.2583044,0.0,-94.0,316.0,,0.0488966669511246,0.009,-1.6787982702341613,0.03333333333333333,0.0,-0.0
1743597343.2784534,0.0,-94.0,316.0,,0.0488966669511246,0.028,-1.6410455071081587,0.03333333333333333,0.0,-0.0
1743597343.2986767,0.0,-94.0,316.0,,0.0488966669511246,0.009,-1.6787982702341613,0.03333333333333333,0.0,-0.0
1743597343.3188355,0.0,-94.0,316.0,,0.0488966669511246,0.009,-1.6787982702341613,0.03333333333333333,0.0,-0.0
1743597343.3389776,0.0,-94.0,316.0,,0.0488966669511246,0.009,-1.6609179194355872,0.03333333333333333,0.0,-0.0
1743597343.3592083,0.0,-94.0,316.0,,0.0488966669511246,0.009,-1.6609179194355872,0.03333333333333333,0.0,-0.0
1743597343.3794367,0.0,-94.0,316.0,,0.0488966669511246,0.009,-1.6609179194355872,0.03333333333333333,0.0,-0.0
1743597343.3995862,0.0,-94.0,316.0,,0.05889666695112439,0.009,-1.6779544732958693,0.03333333333333333,0.0,-0.0
1743597343.4199283,0.0,-94.0,316.0,,0.05889666695112439,0.009,-1.6779544732958693,0.03333333333333333,0.0,-0.0
1743597343.4401042,0.0,-94.0,316.0,,0.0488966669511246,0.009,-1.6609179194355872,0.03333333333333333,0.0,-0.0
1743597343.4602551,0.0,-94.0,316.0,,0.0488966669511246,0.009,-1.6609179194355872,0.03333333333333333,0.0,-0.0
1743597343.4805496,0.0,-94.0,316.0,,0.0488966669511246,0.009,-1.6787982702341613,0.03333333333333333,0.0,-0.0
1743597343.5006948,0.0,-94.0,316.0,,0.0488966669511246,0.009,-1.6787982702341613,0.03333333333333333,0.0,-0.0
1743597343.5209877,0.0,-94.0,316.0,,0.05889666695112439,0.019,-1.6600817619632886,0.03333333333333333,0.0,-0.0
1743597343.5415406,0.0,-94.0,316.0,,0.03889666695112304,0.0,-1.6796441149333616,0.03333333333333333,0.0,-0.0
1743597343.5620568,0.0,-94.0,316.0,,0.03889666695112304,0.0,-1.6796441149333616,0.03333333333333333,0.0,-0.0
1743597343.5825803,0.0,-94.0,316.0,,0.05889666695112439,0.0,-1.6600832912739851,0.03333333333333333,0.0,-0.0
1743597343.6027467,0.0,-94.0,316.0,,0.0488966669511246,0.009,-1.6410484591491665,0.03333333333333333,0.0,-0.0
1743597343.6228993,0.0,-94.0,316.0,,0.0488966669511246,0.009,-1.6410484591491665,0.03333333333333333,0.0,-0.0
1743597343.6431422,0.0,-94.0,316.0,,0.0488966669511246,0.009,-1.6609179194355872,0.03333333333333333,0.0,-0.0
1743597343.6640565,0.0,-94.0,316.0,,0.05889666695112439,0.019,-1.6600817619632886,0.03333333333333333,0.0,-0.0
1743597343.684274,0.0,-94.0,316.0,,0.0488966669511246,0.0,-1.6986632477964876,0.03333333333333333,0.0,-0.0
1743597343.7045069,0.0,-94.0,316.0,,0.0488966669511246,0.019,-1.6609167296712963,0.03333333333333333,0.0,-0.0
1743597343.7248516,0.0,-94.0,316.0,,0.0488966669511246,0.009,-1.6410484591491665,0.03333333333333333,0.0,-0.0
1743597343.7450476,0.0,-94.0,316.0,,0.0488966669511246,0.009,-1.6787982702341613,0.03333333333333333,0.0,-0.0
1743597343.7654252,0.0,-94.0,316.0,,0.0488966669511246,0.019,-1.6609167296712963,0.03333333333333333,0.0,-0.0
1743597343.785877,0.0,-94.0,316.0,,0.0488966669511246,0.009,-1.6609179194355872,0.03333333333333333,0.0,-0.0
1743597343.8060467,0.0,-94.0,316.0,,0.0488966669511246,0.0,-1.6787986180548558,0.03333333333333333,0.0,-0.0
1743597343.8262465,0.0,-94.0,316.0,,0.0488966669511246,0.009,-1.6410484591491665,0.03333333333333333,0.0,-0.0
1743597343.8465152,0.0,-94.0,316.0,,0.0488966669511246,0.0,-1.6609182636183557,0.03333333333333333,0.0,-0.0
1743597343.8666952,0.0,-94.0,316.0,,0.0488966669511246,0.019,-1.6609167296712963,0.03333333333333333,0.0,-0.0
1743597343.8872194,0.0,-94.0,316.0,,0.0488966669511246,0.019,-1.6609167296712963,0.03333333333333333,0.0,-0.0
1743597343.907555,0.0,-94.0,316.0,,0.0488966669511246,0.019,-1.6787970678943602,0.03333333333333333,0.0,-0.0
1743597343.9277463,0.0,-94.0,316.0,,0.0488966669511246,0.009,-1.6787982702341613,0.03333333333333333,0.0,-0.0
1743597343.9478974,0.0,-94.0,316.0,,0.0488966669511246,0.009,-1.6787982702341613,0.03333333333333333,0.0,-0.0
1743597343.9712758,0.0,-94.0,316.0,,0.0488966669511246,0.009,-1.6410484591491665,0.03333333333333333,0.0,-0.0
1743597343.9914389,0.0,-94.0,316.0,,0.0488966669511246,0.009,-1.6609179194355872,0.03333333333333333,0.0,-0.0
1743597344.0115948,0.0,-94.0,316.0,,0.0488966669511246,0.009,-1.6410484591491665,0.03333333333333333,0.0,-0.0
1743597344.0317645,0.0,-94.0,316.0,,0.0488966669511246,0.0,-1.6609182636183557,0.03333333333333333,0.0,-0.0
1743597344.05192,0.0,-94.0,316.0,,0.0488966669511246,0.009,-1.6609179194355872,0.03333333333333333,0.0,-0.0
1743597344.072081,0.0,-94.0,316.0,,0.05889666695112439,0.019,-1.677953274589585,0.03333333333333333,0.0,-0.0
1743597344.0922785,0.0,-94.0,316.0,,0.0488966669511246,0.019,-1.6609167296712963,0.03333333333333333,0.0,-0.0
1743597344.1153388,0.0,-94.0,316.0,,0.05889666695112439,0.019,-1.6600817619632886,0.03333333333333333,0.0,-0.0
1743597344.1355224,0.0,-94.0,316.0,,0.0488966669511246,0.0,-1.6787986180548558,0.03333333333333333,0.0,-0.0
1743597344.155668,0.0,-94.0,316.0,,0.0488966669511246,0.0,-1.6609182636183557,0.03333333333333333,0.0,-0.0
1743597344.175836,0.0,-94.0,316.0,,0.0488966669511246,0.0,-1.6609182636183557,0.03333333333333333,0.0,-0.0
1743597344.195977,0.0,-94.0,316.0,,0.0488966669511246,0.009,-1.6787982702341613,0.03333333333333333,0.0,-0.0
1743597344.2161639,0.0,-94.0,316.0,,0.0488966669511246,0.009,-1.6787982702341613,0.03333333333333333,0.0,-0.0
1743597344.2363274,0.0,-94.0,316.0,,0.0488966669511246,0.019,-1.6986616796345082,0.03333333333333333,0.0,-0.0
1743597344.2565687,0.0,-94.0,316.0,,0.0488966669511246,0.009,-1.6410484591491665,0.03333333333333333,0.0,-0.0
1743597344.2768128,0.0,-94.0,316.0,,0.0488966669511246,0.009,-1.6410484591491665,0.03333333333333333,0.0,-0.0
1743597344.2970939,0.0,-94.0,316.0,,0.05889666695112439,0.0,-1.640223640445774,0.03333333333333333,0.0,-0.0
1743597344.317327,0.0,-94.0,316.0,,0.0488966669511246,0.009,-1.6787982702341613,0.03333333333333333,0.0,-0.0
1743597344.3375716,0.0,-94.0,316.0,,0.0488966669511246,0.009,-1.6787982702341613,0.03333333333333333,0.0,-0.0
1743597344.3577318,0.0,-94.0,316.0,,0.0488966669511246,0.019,-1.64104728336798,0.03333333333333333,0.0,-0.0
1743597344.377995,0.0,-94.0,316.0,,0.0488966669511246,0.009,-1.6787982702341613,0.03333333333333333,0.0,-0.0
1743597344.3983066,0.0,-94.0,316.0,,0.0488966669511246,0.009,-1.6787982702341613,0.03333333333333333,0.0,-0.0
1743597344.4185672,0.0,-94.0,316.0,,0.0488966669511246,0.009,-1.6609179194355872,0.03333333333333333,0.0,-0.0
1743597344.4423447,0.0,-94.0,316.0,,0.0488966669511246,0.009,-1.6609179194355872,0.03333333333333333,0.0,-0.0
1743597344.4625375,0.0,-94.0,316.0,,0.0488966669511246,0.009,-1.6609179194355872,0.03333333333333333,0.0,-0.0
1743597344.4827259,0.0,-94.0,316.0,,0.0488966669511246,0.0,-1.641048799286812,0.03333333333333333,0.0,-0.0
1743597344.5029008,0.0,-94.0,316.0,,0.0488966669511246,0.0,-1.641048799286812,0.03333333333333333,0.0,-0.0
1743597344.523084,0.0,-94.0,316.0,,0.0488966669511246,0.009,-1.6410484591491665,0.03333333333333333,0.0,-0.0
1743597344.5432277,0.0,-94.0,316.0,,0.0488966669511246,0.019,-1.6787970678943602,0.03333333333333333,0.0,-0.0
1743597344.563375,0.0,-94.0,316.0,,0.0488966669511246,0.048,-1.6211672732259585,0.03333333333333333,0.0,-0.0
1743597344.58354,0.0,-94.0,316.0,,0.0488966669511246,0.048,-1.6211672732259585,0.03333333333333333,0.0,-0.0
1743597344.6037483,0.0,-94.0,316.0,,0.05889666695112439,0.009,-1.6779544732958693,0.03333333333333333,0.0,-0.0
1743597344.6239376,0.0,-94.0,316.0,,0.0488966669511246,0.009,-1.6410484591491665,0.03333333333333333,0.0,-0.0
1743597344.6440988,0.0,-94.0,316.0,,0.03889666695112304,0.019,-1.6617533788722911,0.03333333333333333,0.0,-0.0
1743597344.6642787,0.0,-94.0,316.0,,0.05889666695112439,0.019,-1.6203600017818642,0.03333333333333333,0.0,-0.0
1743597344.6845973,0.0,-94.0,316.0,,0.05889666695112439,0.0,-1.6779548200654337,0.03333333333333333,0.0,-0.0
1743597344.707346,0.0,-94.0,316.0,,0.0488966669511246,0.009,-1.6787982702341613,0.03333333333333333,0.0,-0.0
1743597344.7274933,0.0,-94.0,316.0,,0.0488966669511246,0.009,-1.6787982702341613,0.03333333333333333,0.0,-0.0
1743597344.7476518,0.0,-94.0,316.0,,0.05889666695112439,0.0,-1.6779548200654337,0.03333333333333333,0.0,-0.0
1743597344.7678087,0.0,-94.0,316.0,,0.0488966669511246,0.009,-1.6609179194355872,0.03333333333333333,0.0,-0.0
1743597344.789323,0.0,-94.0,316.0,,0.0488966669511246,0.019,-1.6609167296712963,0.03333333333333333,0.0,-0.0
1743597344.809494,0.0,-94.0,316.0,,0.0488966669511246,0.009,-1.6986628959366712,0.03333333333333333,0.0,-0.0
1743597344.829648,0.0,-94.0,316.0,,0.0488966669511246,0.019,-1.6609167296712963,0.03333333333333333,0.0,-0.0
1743597344.8499556,0.0,-94.0,316.0,,0.0488966669511246,0.009,-1.6787982702341613,0.03333333333333333,0.0,-0.0
1743597344.8703566,0.0,-94.0,316.0,,0.0488966669511246,0.009,-1.6787982702341613,0.03333333333333333,0.0,-0.0
1743597344.890799,0.0,-94.0,316.0,,0.0488966669511246,0.009,-1.6410484591491665,0.03333333333333333,0.0,-0.0
1743597344.9111104,0.0,-94.0,316.0,,0.0488966669511246,0.0,-1.6609182636183557,0.03333333333333333,0.0,-0.0
1743597344.9315991,0.0,-94.0,316.0,,0.0488966669511246,0.009,-1.6787982702341613,0.03333333333333333,0.0,-0.0
1743597344.9519355,0.0,-94.0,316.0,,0.0488966669511246,0.028,-1.6609149322871153,0.03333333333333333,0.0,-0.0
1743597344.97341,0.0,-94.0,316.0,,0.0488966669511246,0.009,-1.6609179194355872,0.03333333333333333,0.0,-0.0
1743597344.9935915,0.0,-94.0,316.0,,0.0488966669511246,0.009,-1.6787982702341613,0.03333333333333333,0.0,-0.0
1743597345.0139346,0.0,-94.0,316.0,,0.05889666695112439,0.019,-1.677953274589585,0.03333333333333333,0.0,-0.0
1743597345.0341454,0.0,-94.0,316.0,,0.05889666695112439,0.009,-1.6600829481315107,0.03333333333333333,0.0,-0.0
1743597345.0543373,0.0,-94.0,316.0,,0.05889666695112439,0.009,-1.6600829481315107,0.03333333333333333,0.0,-0.0
1743597345.0745842,0.0,-94.0,316.0,,0.0488966669511246,0.0,-1.6609182636183557,0.03333333333333333,0.0,-0.0
1743597345.0947511,0.0,-94.0,316.0,,0.0488966669511246,0.019,-1.6609167296712963,0.03333333333333333,0.0,-0.0
1743597345.1150415,0.0,-94.0,316.0,,0.0488966669511246,0.019,-1.6609167296712963,0.03333333333333333,0.0,-0.0
1743597345.135326,0.0,-94.0,316.0,,0.0488966669511246,0.019,-1.6986616796345082,0.03333333333333333,0.0,-0.0
1743597345.155722,0.0,-94.0,316.0,,0.0488966669511246,0.028,-1.6787952515122786,0.03333333333333333,0.0,-0.0
1743597345.1758826,0.0,-94.0,316.0,,0.0488966669511246,0.019,-1.6609167296712963,0.03333333333333333,0.0,-0.0
1743597345.1961045,0.0,-94.0,316.0,,0.0488966669511246,0.0,-1.6609182636183557,0.03333333333333333,0.0,-0.0
1743597345.216378,0.0,-94.0,316.0,,0.0488966669511246,0.0,-1.6609182636183557,0.03333333333333333,0.0,-0.0
1743597345.2365084,0.0,-94.0,316.0,,0.0488966669511246,0.0,-1.6609182636183557,0.03333333333333333,0.0,-0.0
1743597345.2570443,0.0,-94.0,316.0,,0.0488966669511246,0.009,-1.6787982702341613,0.03333333333333333,0.0,-0.0
1743597345.2793412,0.0,-94.0,316.0,,0.0488966669511246,0.019,-1.6787970678943602,0.03333333333333333,0.0,-0.0
1743597345.299525,0.0,-94.0,316.0,,0.0488966669511246,0.019,-1.6787970678943602,0.03333333333333333,0.0,-0.0
1743597345.3196893,0.0,-94.0,316.0,,0.05889666695112439,0.009,-1.6402233013363712,0.03333333333333333,0.0,-0.0
1743597345.3398314,0.0,-94.0,316.0,,0.0488966669511246,0.0,-1.6609182636183557,0.03333333333333333,0.0,-0.0
1743597345.3599887,0.0,-94.0,316.0,,0.0488966669511246,0.0,-1.6609182636183557,0.03333333333333333,0.0,-0.0
1743597345.3801296,0.0,-94.0,316.0,,0.0488966669511246,0.019,-1.6609167296712963,0.03333333333333333,0.0,-0.0
1743597345.4003618,0.0,-94.0,316.0,,0.0488966669511246,0.028,-1.698659842159398,0.03333333333333333,0.0,-0.0
1743597345.4205482,0.0,-94.0,316.0,,0.0488966669511246,0.028,-1.698659842159398,0.03333333333333333,0.0,-0.0
1743597345.440814,0.0,-94.0,316.0,,0.0488966669511246,0.028,-1.6609149322871153,0.03333333333333333,0.0,-0.0
1743597345.4610672,0.0,-94.0,316.0,,0.05889666695112439,0.0,-1.6600832912739851,0.03333333333333333,0.0,-0.0
1743597345.481389,0.0,-94.0,316.0,,0.05889666695112439,0.0,-1.6600832912739851,0.03333333333333333,0.0,-0.0
1743597345.5016077,0.0,-94.0,316.0,,0.0488966669511246,0.0,-1.641048799286812,0.03333333333333333,0.0,-0.0
1743597345.521759,0.0,-94.0,316.0,,0.0488966669511246,0.009,-1.6609179194355872,0.03333333333333333,0.0,-0.0
1743597345.5420508,0.0,-94.0,316.0,,0.0488966669511246,0.009,-1.6609179194355872,0.03333333333333333,0.0,-0.0
1743597345.5642412,0.0,-94.0,316.0,,0.0488966669511246,0.019,-1.6986616796345082,0.03333333333333333,0.0,-0.0
1743597345.584356,0.0,-94.0,316.0,,0.0488966669511246,0.028,-1.6787952515122786,0.03333333333333333,0.0,-0.0
1743597345.6045606,0.0,-94.0,316.0,,0.0488966669511246,0.028,-1.6787952515122786,0.03333333333333333,0.0,-0.0
1743597345.6247547,0.0,-94.0,316.0,,0.0488966669511246,0.019,-1.6609167296712963,0.03333333333333333,0.0,-0.0
1743597345.645259,0.0,-94.0,316.0,,0.0488966669511246,0.0,-1.641048799286812,0.03333333333333333,0.0,-0.0
1743597345.6657174,0.0,-94.0,316.0,,0.03889666695112304,0.009,-1.641875279132296,0.03333333333333333,0.0,-0.0
1743597345.686159,0.0,-94.0,316.0,,0.0488966669511246,0.019,-1.6787970678943602,0.03333333333333333,0.0,-0.0
1743597345.7063446,0.0,-94.0,316.0,,0.05889666695112439,0.019,-1.677953274589585,0.03333333333333333,0.0,-0.0
1743597345.7269795,0.0,-94.0,316.0,,0.05889666695112439,0.019,-1.677953274589585,0.03333333333333333,0.0,-0.0
1743597345.7474804,0.0,-94.0,316.0,,0.0488966669511246,0.019,-1.6787970678943602,0.03333333333333333,0.0,-0.0
1743597345.7680302,0.0,-94.0,316.0,,0.0488966669511246,0.009,-1.6410484591491665,0.03333333333333333,0.0,-0.0
1743597345.78854,0.0,-94.0,316.0,,0.0488966669511246,0.009,-1.6609179194355872,0.03333333333333333,0.0,-0.0
1743597345.8087127,0.0,-94.0,316.0,,0.0488966669511246,0.0,-1.6609182636183557,0.03333333333333333,0.0,-0.0
1743597345.8289819,0.0,-94.0,316.0,,0.0488966669511246,0.0,-1.6609182636183557,0.03333333333333333,0.0,-0.0
1743597345.8492086,0.0,-94.0,316.0,,0.0488966669511246,0.009,-1.6787982702341613,0.03333333333333333,0.0,-0.0
1743597345.8694913,0.0,-94.0,316.0,,0.0488966669511246,0.028,-1.6787952515122786,0.03333333333333333,0.0,-0.0
1743597345.8897977,0.0,-94.0,316.0,,0.0488966669511246,0.019,-1.6787970678943602,0.03333333333333333,0.0,-0.0
1743597345.9115317,0.0,-94.0,316.0,,0.0488966669511246,0.009,-1.6787982702341613,0.03333333333333333,0.0,-0.0
1743597345.9319525,0.0,-94.0,316.0,,0.0488966669511246,0.009,-1.6609179194355872,0.03333333333333333,0.0,-0.0
1743597345.9521506,0.0,-94.0,316.0,,0.0488966669511246,0.0,-1.6609182636183557,0.03333333333333333,0.0,-0.0
1743597345.9723554,0.0,-94.0,316.0,,0.0488966669511246,0.0,-1.6609182636183557,0.03333333333333333,0.0,-0.0
1743597345.992577,0.0,-94.0,316.0,,0.0488966669511246,0.019,-1.6609167296712963,0.03333333333333333,0.0,-0.0
1743597346.0134778,0.0,-94.0,316.0,,0.0488966669511246,0.019,-1.6787970678943602,0.03333333333333333,0.0,-0.0
1743597346.0336337,0.0,-94.0,316.0,,0.05889666695112439,0.019,-1.6600817619632886,0.03333333333333333,0.0,-0.0
1743597346.0537899,0.0,-94.0,316.0,,0.0488966669511246,0.019,-1.6787970678943602,0.03333333333333333,0.0,-0.0
1743597346.0739822,0.0,-94.0,316.0,,0.05889666695112439,0.009,-1.6779544732958693,0.03333333333333333,0.0,-0.0
1743597346.0941386,0.0,-94.0,316.0,,0.0488966669511246,0.009,-1.6609179194355872,0.03333333333333333,0.0,-0.0
1743597346.114415,0.0,-94.0,316.0,,0.0488966669511246,0.0,-1.641048799286812,0.03333333333333333,0.0,-0.0
1743597346.1345897,0.0,-94.0,316.0,,0.05889666695112439,0.0,-1.6600832912739851,0.03333333333333333,0.0,-0.0
1743597346.1547327,0.0,-94.0,316.0,,0.05889666695112439,0.009,-1.6402233013363712,0.03333333333333333,0.0,-0.0
1743597346.175276,0.0,-94.0,316.0,,0.0488966669511246,0.019,-1.6787970678943602,0.03333333333333333,0.0,-0.0
1743597346.1954372,0.0,-94.0,316.0,,0.0488966669511246,0.019,-1.6787970678943602,0.03333333333333333,0.0,-0.0
1743597346.2155883,0.0,-94.0,316.0,,0.05889666695112439,0.019,-1.6600817619632886,0.03333333333333333,0.0,-0.0
1743597346.2358584,0.0,-94.0,316.0,,0.0488966669511246,0.009,-1.6787982702341613,0.03333333333333333,0.0,-0.0
1743597346.256068,0.0,-94.0,316.0,,0.05889666695112439,0.009,-1.6600829481315107,0.03333333333333333,0.0,-0.0
1743597346.276327,0.0,-94.0,316.0,,0.0488966669511246,0.009,-1.6609179194355872,0.03333333333333333,0.0,-0.0
1743597346.2965357,0.0,-94.0,316.0,,0.05889666695112439,0.009,-1.6600829481315107,0.03333333333333333,0.0,-0.0
1743597346.3168142,0.0,-94.0,316.0,,0.05889666695112439,0.009,-1.6600829481315107,0.03333333333333333,0.0,-0.0
1743597346.3381312,0.0,-94.0,316.0,,0.0488966669511246,0.009,-1.6787982702341613,0.03333333333333333,0.0,-0.0
1743597346.3582869,0.0,-94.0,316.0,,0.0488966669511246,0.019,-1.6609167296712963,0.03333333333333333,0.0,-0.0
1743597346.3784764,0.0,-94.0,316.0,,0.0488966669511246,0.019,-1.6609167296712963,0.03333333333333333,0.0,-0.0
1743597346.3986242,0.0,-94.0,316.0,,0.0488966669511246,0.009,-1.6787982702341613,0.03333333333333333,0.0,-0.0
1743597346.4189055,0.0,-94.0,316.0,,0.0488966669511246,0.009,-1.6787982702341613,0.03333333333333333,0.0,-0.0
1743597346.4390767,0.0,-94.0,316.0,,0.0488966669511246,0.009,-1.6787982702341613,0.03333333333333333,0.0,-0.0
1743597346.4592118,0.0,-94.0,316.0,,0.0488966669511246,0.0,-1.641048799286812,0.03333333333333333,0.0,-0.0
1743597346.4809911,0.0,-94.0,316.0,,0.0488966669511246,0.009,-1.6609179194355872,0.03333333333333333,0.0,-0.0
1743597346.5011652,0.0,-94.0,316.0,,0.0488966669511246,0.009,-1.6609179194355872,0.03333333333333333,0.0,-0.0
1743597346.5215,0.0,-94.0,316.0,,0.05889666695112439,0.009,-1.717661547627779,0.03333333333333333,0.0,-0.0
1743597346.5416636,0.0,-94.0,316.0,,0.0488966669511246,0.019,-1.64104728336798,0.03333333333333333,0.0,-0.0
1743597346.5618184,0.0,-94.0,316.0,,0.0488966669511246,0.019,-1.64104728336798,0.03333333333333333,0.0,-0.0
1743597346.581988,0.0,-94.0,316.0,,0.0488966669511246,0.0,-1.718525290584943,0.03333333333333333,0.0,-0.0
1743597346.6021507,0.0,-94.0,316.0,,0.0488966669511246,0.009,-1.6609179194355872,0.03333333333333333,0.0,-0.0
1743597346.6223283,0.0,-94.0,316.0,,0.0488966669511246,0.009,-1.6609179194355872,0.03333333333333333,0.0,-0.0
1743597346.6426194,0.0,-94.0,316.0,,0.0488966669511246,0.009,-1.6986628959366712,0.03333333333333333,0.0,-0.0
1743597346.6629493,0.0,-94.0,316.0,,0.0488966669511246,0.009,-1.6787982702341613,0.03333333333333333,0.0,-0.0
1743597346.686358,0.0,-94.0,316.0,,0.0488966669511246,0.019,-1.64104728336798,0.03333333333333333,0.0,-0.0
1743597346.7065687,0.0,-94.0,316.0,,0.0488966669511246,0.009,-1.6609179194355872,0.03333333333333333,0.0,-0.0
1743597346.7267148,0.0,-94.0,316.0,,0.0488966669511246,0.0,-1.6787986180548558,0.03333333333333333,0.0,-0.0
1743597346.7475784,0.0,-94.0,316.0,,0.0488966669511246,0.009,-1.6609179194355872,0.03333333333333333,0.0,-0.0
1743597346.767745,0.0,-94.0,316.0,,0.0488966669511246,0.009,-1.6986628959366712,0.03333333333333333,0.0,-0.0
1743597346.7879083,0.0,-94.0,316.0,,0.0488966669511246,0.019,-1.6787970678943602,0.03333333333333333,0.0,-0.0
1743597346.8080797,0.0,-94.0,316.0,,0.05889666695112439,0.019,-1.6600817619632886,0.03333333333333333,0.0,-0.0
1743597346.8282812,0.0,-94.0,316.0,,0.0488966669511246,0.009,-1.6410484591491665,0.03333333333333333,0.0,-0.0
1743597346.8487148,0.0,-94.0,316.0,,0.0488966669511246,0.0,-1.6787986180548558,0.03333333333333333,0.0,-0.0
1743597346.8690946,0.0,-94.0,316.0,,0.0488966669511246,0.0,-1.6787986180548558,0.03333333333333333,0.0,-0.0
1743597346.889409,0.0,-94.0,316.0,,0.0488966669511246,0.019,-1.64104728336798,0.03333333333333333,0.0,-0.0
1743597346.9096024,0.0,-94.0,316.0,,0.0488966669511246,0.009,-1.6609179194355872,0.03333333333333333,0.0,-0.0
1743597346.9300377,0.0,-94.0,316.0,,0.05889666695112439,0.009,-1.6600829481315107,0.03333333333333333,0.0,-0.0
1743597346.9504714,0.0,-94.0,316.0,,0.0488966669511246,0.019,-1.6787970678943602,0.03333333333333333,0.0,-0.0
1743597346.9709904,0.0,-94.0,316.0,,0.03889666695112304,0.038,-1.6796378955290865,0.03333333333333333,0.0,-0.0
1743597346.9914951,0.0,-94.0,316.0,,0.05889666695112439,0.009,-1.6779544732958693,0.03333333333333333,0.0,-0.0
1743597347.0139725,0.0,-94.0,316.0,,0.05889666695112439,0.009,-1.6600829481315107,0.03333333333333333,0.0,-0.0
1743597347.0341845,0.0,-94.0,316.0,,0.0488966669511246,0.009,-1.6787982702341613,0.03333333333333333,0.0,-0.0
1743597347.0543838,0.0,-94.0,316.0,,0.0488966669511246,0.009,-1.6410484591491665,0.03333333333333333,0.0,-0.0
1743597347.074557,0.0,-94.0,316.0,,0.0488966669511246,0.0,-1.6986632477964876,0.03333333333333333,0.0,-0.0
1743597347.0947294,0.0,-94.0,316.0,,0.0488966669511246,0.0,-1.6986632477964876,0.03333333333333333,0.0,-0.0
1743597347.114902,0.0,-94.0,316.0,,0.0488966669511246,0.019,-1.6609167296712963,0.03333333333333333,0.0,-0.0
1743597347.135058,0.0,-94.0,316.0,,0.0488966669511246,0.009,-1.6609179194355872,0.03333333333333333,0.0,-0.0
1743597347.1552176,0.0,-94.0,316.0,,0.0488966669511246,0.009,-1.6609179194355872,0.03333333333333333,0.0,-0.0
1743597347.1754096,0.0,-94.0,316.0,,0.05889666695112439,0.009,-1.6779544732958693,0.03333333333333333,0.0,-0.0
1743597347.1958258,0.0,-94.0,316.0,,0.05889666695112439,0.009,-1.6600829481315107,0.03333333333333333,0.0,-0.0
1743597347.2171233,0.0,-94.0,316.0,,0.05889666695112439,0.009,-1.6600829481315107,0.03333333333333333,0.0,-0.0
1743597347.2375348,0.0,-94.0,316.0,,0.0488966669511246,0.0,-1.6986632477964876,0.03333333333333333,0.0,-0.0
1743597347.257843,0.0,-94.0,316.0,,0.0488966669511246,0.019,-1.6609167296712963,0.03333333333333333,0.0,-0.0
1743597347.278114,0.0,-94.0,316.0,,0.0488966669511246,0.019,-1.6609167296712963,0.03333333333333333,0.0,-0.0
1743597347.298546,0.0,-94.0,316.0,,0.0488966669511246,0.009,-1.6787982702341613,0.03333333333333333,0.0,-0.0
1743597347.3189404,0.0,-94.0,316.0,,0.0488966669511246,0.009,-1.6787982702341613,0.03333333333333333,0.0,-0.0
1743597347.3394477,0.0,-94.0,316.0,,0.0488966669511246,0.009,-1.6787982702341613,0.03333333333333333,0.0,-0.0
1743597347.3598511,0.0,-94.0,316.0,,0.0488966669511246,0.019,-1.6787970678943602,0.03333333333333333,0.0,-0.0
1743597347.3803217,0.0,-94.0,316.0,,0.0488966669511246,0.019,-1.6609167296712963,0.03333333333333333,0.0,-0.0
1743597347.4007032,0.0,-94.0,316.0,,0.0488966669511246,0.019,-1.6609167296712963,0.03333333333333333,0.0,-0.0
1743597347.4208972,0.0,-94.0,316.0,,0.0488966669511246,0.0,-1.6787986180548558,0.03333333333333333,0.0,-0.0
1743597347.4410627,0.0,-94.0,316.0,,0.0488966669511246,0.009,-1.6609179194355872,0.03333333333333333,0.0,-0.0
1743597347.461288,0.0,-94.0,316.0,,0.0488966669511246,0.009,-1.6609179194355872,0.03333333333333333,0.0,-0.0
1743597347.4815648,0.0,-94.0,316.0,,0.0488966669511246,0.028,-1.6787952515122786,0.03333333333333333,0.0,-0.0
1743597347.5018322,0.0,-94.0,316.0,,0.05889666695112439,0.019,-1.6600817619632886,0.03333333333333333,0.0,-0.0
1743597347.5221233,0.0,-94.0,316.0,,0.05889666695112439,0.019,-1.6600817619632886,0.03333333333333333,0.0,-0.0
1743597347.5423777,0.0,-94.0,316.0,,0.0488966669511246,0.0,-1.6609182636183557,0.03333333333333333,0.0,-0.0
1743597347.5626345,0.0,-94.0,316.0,,0.0488966669511246,0.019,-1.6609167296712963,0.03333333333333333,0.0,-0.0
1743597347.5828595,0.0,-94.0,316.0,,0.0488966669511246,0.019,-1.6609167296712963,0.03333333333333333,0.0,-0.0
1743597347.603176,0.0,-94.0,316.0,,0.0488966669511246,0.019,-1.6787970678943602,0.03333333333333333,0.0,-0.0
1743597347.6234615,0.0,-94.0,316.0,,0.0488966669511246,0.019,-1.6986616796345082,0.03333333333333333,0.0,-0.0
1743597347.6454945,0.0,-94.0,316.0,,0.0488966669511246,0.019,-1.6986616796345082,0.03333333333333333,0.0,-0.0
1743597347.6657596,0.0,-94.0,316.0,,0.0488966669511246,0.019,-1.6609167296712963,0.03333333333333333,0.0,-0.0
1743597347.6860132,0.0,-94.0,316.0,,0.0488966669511246,0.019,-1.6609167296712963,0.03333333333333333,0.0,-0.0
1743597347.7074015,0.0,-94.0,316.0,,0.0488966669511246,0.009,-1.6410484591491665,0.03333333333333333,0.0,-0.0
1743597347.7275856,0.0,-94.0,316.0,,0.05889666695112439,0.0,-1.6779548200654337,0.03333333333333333,0.0,-0.0
1743597347.7477462,0.0,-94.0,316.0,,0.05889666695112439,0.009,-1.697809300048059,0.03333333333333333,0.0,-0.0
1743597347.7678876,0.0,-94.0,316.0,,0.0488966669511246,0.038,-1.6787924174645679,0.03333333333333333,0.0,-0.0
1743597347.788034,0.0,-94.0,316.0,,0.0488966669511246,0.019,-1.6787970678943602,0.03333333333333333,0.0,-0.0
1743597347.8081768,0.0,-94.0,316.0,,0.0488966669511246,0.0,-1.641048799286812,0.03333333333333333,0.0,-0.0
1743597347.8283346,0.0,-94.0,316.0,,0.05889666695112439,0.0,-1.640223640445774,0.03333333333333333,0.0,-0.0
1743597347.8484876,0.0,-94.0,316.0,,0.05889666695112439,0.0,-1.6779548200654337,0.03333333333333333,0.0,-0.0
1743597347.8686335,0.0,-94.0,316.0,,0.0488966669511246,0.019,-1.6986616796345082,0.03333333333333333,0.0,-0.0
1743597347.8888338,0.0,-94.0,316.0,,0.0488966669511246,0.048,-1.6609084736982487,0.03333333333333333,0.0,-0.0
1743597347.9090905,0.0,-94.0,316.0,,0.0488966669511246,0.019,-1.6787970678943602,0.03333333333333333,0.0,-0.0
1743597347.9293857,0.0,-94.0,316.0,,0.0488966669511246,0.0,-1.6787986180548558,0.03333333333333333,0.0,-0.0
1743597347.9500892,0.0,-94.0,316.0,,0.0488966669511246,0.009,-1.6609179194355872,0.03333333333333333,0.0,-0.0
1743597347.9702322,0.0,-94.0,316.0,,0.0488966669511246,0.0,-1.6609182636183557,0.03333333333333333,0.0,-0.0
1743597347.990342,0.0,-94.0,316.0,,0.0488966669511246,0.019,-1.6609167296712963,0.03333333333333333,0.0,-0.0
1743597348.0105212,0.0,-94.0,316.0,,0.05889666695112439,0.009,-1.697809300048059,0.03333333333333333,0.0,-0.0
1743597348.0307398,0.0,-94.0,316.0,,0.0488966669511246,0.009,-1.6787982702341613,0.03333333333333333,0.0,-0.0
1743597348.0509195,0.0,-94.0,316.0,,0.0488966669511246,0.009,-1.6609179194355872,0.03333333333333333,0.0,-0.0
1743597348.0711966,0.0,-94.0,316.0,,0.05889666695112439,0.019,-1.6600817619632886,0.03333333333333333,0.0,-0.0
1743597348.0915666,0.0,-94.0,316.0,,0.0488966669511246,0.019,-1.6986616796345082,0.03333333333333333,0.0,-0.0
1743597348.1117349,0.0,-94.0,316.0,,0.0488966669511246,0.009,-1.6787982702341613,0.03333333333333333,0.0,-0.0
1743597348.1318898,0.0,-94.0,316.0,,0.0488966669511246,0.019,-1.6787970678943602,0.03333333333333333,0.0,-0.0
1743597348.1521194,0.0,-94.0,316.0,,0.0488966669511246,0.0,-1.6787986180548558,0.03333333333333333,0.0,-0.0
1743597348.1723857,0.0,-94.0,316.0,,0.0488966669511246,0.019,-1.6211753350622797,0.03333333333333333,0.0,-0.0
1743597348.195414,0.0,-94.0,316.0,,0.05889666695112439,0.0,-1.6779548200654337,0.03333333333333333,0.0,-0.0
1743597348.2156029,0.0,-94.0,316.0,,0.0488966669511246,0.019,-1.6609167296712963,0.03333333333333333,0.0,-0.0
1743597348.2357748,0.0,-94.0,316.0,,0.0488966669511246,0.019,-1.6609167296712963,0.03333333333333333,0.0,-0.0
1743597348.2560444,0.0,-94.0,316.0,,0.0488966669511246,0.019,-1.6787970678943602,0.03333333333333333,0.0,-0.0
1743597348.2762163,0.0,-94.0,316.0,,0.0488966669511246,0.009,-1.6609179194355872,0.03333333333333333,0.0,-0.0
1743597348.296385,0.0,-94.0,316.0,,0.0488966669511246,0.009,-1.6609179194355872,0.03333333333333333,0.0,-0.0
1743597348.3166552,0.0,-94.0,316.0,,0.0488966669511246,0.019,-1.6609167296712963,0.03333333333333333,0.0,-0.0
1743597348.3368962,0.0,-94.0,316.0,,0.05889666695112439,0.019,-1.677953274589585,0.03333333333333333,0.0,-0.0
1743597348.35714,0.0,-94.0,316.0,,0.05889666695112439,0.019,-1.677953274589585,0.03333333333333333,0.0,-0.0
1743597348.3774877,0.0,-94.0,316.0,,0.0488966669511246,0.009,-1.6609179194355872,0.03333333333333333,0.0,-0.0
1743597348.3977237,0.0,-94.0,316.0,,0.05889666695112439,0.0,-1.6600832912739851,0.03333333333333333,0.0,-0.0
1743597348.4179618,0.0,-94.0,316.0,,0.05889666695112439,0.0,-1.6600832912739851,0.03333333333333333,0.0,-0.0
1743597348.4382186,0.0,-94.0,316.0,,0.0488966669511246,0.0,-1.6609182636183557,0.03333333333333333,0.0,-0.0
1743597348.4583685,0.0,-94.0,316.0,,0.0488966669511246,0.019,-1.6787970678943602,0.03333333333333333,0.0,-0.0
1743597348.478532,0.0,-94.0,316.0,,0.0488966669511246,0.019,-1.6787970678943602,0.03333333333333333,0.0,-0.0
1743597348.498876,0.0,-94.0,316.0,,0.0488966669511246,0.009,-1.6609179194355872,0.03333333333333333,0.0,-0.0
1743597348.5191047,0.0,-94.0,316.0,,0.0488966669511246,0.009,-1.6787982702341613,0.03333333333333333,0.0,-0.0
1743597348.5393426,0.0,-94.0,316.0,,0.0488966669511246,0.009,-1.6787982702341613,0.03333333333333333,0.0,-0.0
1743597348.5594652,0.0,-94.0,316.0,,0.0488966669511246,0.019,-1.6787970678943602,0.03333333333333333,0.0,-0.0
1743597348.5796514,0.0,-94.0,316.0,,0.0488966669511246,0.009,-1.6787982702341613,0.03333333333333333,0.0,-0.0
1743597348.5999584,0.0,-94.0,316.0,,0.0488966669511246,0.009,-1.6787982702341613,0.03333333333333333,0.0,-0.0
1743597348.6226265,0.0,-94.0,316.0,,0.0488966669511246,0.009,-1.6787982702341613,0.03333333333333333,0.0,-0.0
1743597348.6428518,0.0,-94.0,316.0,,0.0488966669511246,0.009,-1.6410484591491665,0.03333333333333333,0.0,-0.0
1743597348.6632957,0.0,-94.0,316.0,,0.0488966669511246,0.009,-1.6410484591491665,0.03333333333333333,0.0,-0.0
1743597348.6836705,0.0,-94.0,316.0,,0.0488966669511246,0.019,-1.6986616796345082,0.03333333333333333,0.0,-0.0
1743597348.704108,0.0,-94.0,316.0,,0.0488966669511246,0.028,-1.6609149322871153,0.03333333333333333,0.0,-0.0
1743597348.724467,0.0,-94.0,316.0,,0.0488966669511246,0.028,-1.6609149322871153,0.03333333333333333,0.0,-0.0
1743597348.7446728,0.0,-94.0,316.0,,0.0488966669511246,0.0,-1.6787986180548558,0.03333333333333333,0.0,-0.0
1743597348.764836,0.0,-94.0,316.0,,0.0488966669511246,0.019,-1.6609167296712963,0.03333333333333333,0.0,-0.0
1743597348.7850995,0.0,-94.0,316.0,,0.0488966669511246,0.019,-1.6609167296712963,0.03333333333333333,0.0,-0.0
1743597348.805304,0.0,-94.0,316.0,,0.0488966669511246,0.019,-1.6787970678943602,0.03333333333333333,0.0,-0.0
1743597348.825563,0.0,-94.0,316.0,,0.0488966669511246,0.009,-1.6787982702341613,0.03333333333333333,0.0,-0.0
1743597348.8459466,0.0,-94.0,316.0,,0.05889666695112439,0.009,-1.6779544732958693,0.03333333333333333,0.0,-0.0
1743597348.868452,0.0,-94.0,316.0,,0.0488966669511246,0.009,-1.6609179194355872,0.03333333333333333,0.0,-0.0
1743597348.8886213,0.0,-94.0,316.0,,0.05889666695112439,0.019,-1.6600817619632886,0.03333333333333333,0.0,-0.0
1743597348.908798,0.0,-94.0,316.0,,0.0488966669511246,0.009,-1.6787982702341613,0.03333333333333333,0.0,-0.0
1743597348.9292717,0.0,-94.0,316.0,,0.0488966669511246,0.019,-1.6986616796345082,0.03333333333333333,0.0,-0.0
1743597348.9495378,0.0,-94.0,316.0,,0.0488966669511246,0.019,-1.6787970678943602,0.03333333333333333,0.0,-0.0
1743597348.969804,0.0,-94.0,316.0,,0.05889666695112439,0.009,-1.6779544732958693,0.03333333333333333,0.0,-0.0
1743597348.9901247,0.0,-94.0,316.0,,0.0488966669511246,0.0,-1.6609182636183557,0.03333333333333333,0.0,-0.0
1743597349.0102723,0.0,-94.0,316.0,,0.0488966669511246,0.0,-1.6609182636183557,0.03333333333333333,0.0,-0.0
1743597349.0304606,0.0,-94.0,316.0,,0.0488966669511246,0.009,-1.6609179194355872,0.03333333333333333,0.0,-0.0
1743597349.0507743,0.0,-94.0,316.0,,0.0488966669511246,0.009,-1.6787982702341613,0.03333333333333333,0.0,-0.0
1743597349.0710442,0.0,-94.0,316.0,,0.0488966669511246,0.009,-1.6609179194355872,0.03333333333333333,0.0,-0.0
1743597349.0914085,0.0,-94.0,316.0,,0.0488966669511246,0.019,-1.6787970678943602,0.03333333333333333,0.0,-0.0
1743597349.1117399,0.0,-94.0,316.0,,0.0488966669511246,0.009,-1.6787982702341613,0.03333333333333333,0.0,-0.0
1743597349.131973,0.0,-94.0,316.0,,0.0488966669511246,0.019,-1.6787970678943602,0.03333333333333333,0.0,-0.0
1743597349.1521215,0.0,-94.0,316.0,,0.0488966669511246,0.019,-1.6787970678943602,0.03333333333333333,0.0,-0.0
1743597349.1723118,0.0,-94.0,316.0,,0.05889666695112439,0.019,-1.677953274589585,0.03333333333333333,0.0,-0.0
1743597349.19259,0.0,-94.0,316.0,,0.0488966669511246,0.019,-1.6609167296712963,0.03333333333333333,0.0,-0.0
1743597349.2129555,0.0,-94.0,316.0,,0.05889666695112439,0.0,-1.6600832912739851,0.03333333333333333,0.0,-0.0
1743597349.2331529,0.0,-94.0,316.0,,0.05889666695112439,0.0,-1.6600832912739851,0.03333333333333333,0.0,-0.0
1743597349.2534583,0.0,-94.0,316.0,,0.0488966669511246,0.0,-1.6787986180548558,0.03333333333333333,0.0,-0.0
1743597349.273709,0.0,-94.0,316.0,,0.0488966669511246,0.009,-1.6609179194355872,0.03333333333333333,0.0,-0.0
1743597349.2943027,0.0,-94.0,316.0,,0.05889666695112439,0.009,-1.6600829481315107,0.03333333333333333,0.0,-0.0
1743597349.3182797,0.0,-94.0,316.0,,0.0488966669511246,0.009,-1.6787982702341613,0.03333333333333333,0.0,-0.0
1743597349.3384743,0.0,-94.0,316.0,,0.03889666695112304,0.009,-1.6796437660572936,0.03333333333333333,0.0,-0.0
1743597349.3589225,0.0,-94.0,316.0,,0.0488966669511246,0.009,-1.6609179194355872,0.03333333333333333,0.0,-0.0
1743597349.3790994,0.0,-94.0,316.0,,0.0488966669511246,0.009,-1.6609179194355872,0.03333333333333333,0.0,-0.0
1743597349.3995423,0.0,-94.0,316.0,,0.0488966669511246,0.019,-1.6787970678943602,0.03333333333333333,0.0,-0.0
1743597349.4198472,0.0,-94.0,316.0,,0.0488966669511246,0.019,-1.6787970678943602,0.03333333333333333,0.0,-0.0
1743597349.4401457,0.0,-94.0,316.0,,0.0488966669511246,0.019,-1.6986616796345082,0.03333333333333333,0.0,-0.0
1743597349.460277,0.0,-94.0,316.0,,0.05889666695112439,0.0,-1.6600832912739851,0.03333333333333333,0.0,-0.0
1743597349.4804313,0.0,-94.0,316.0,,0.0488966669511246,0.0,-1.6609182636183557,0.03333333333333333,0.0,-0.0
1743597349.5007665,0.0,-94.0,316.0,,0.0488966669511246,0.0,-1.6609182636183557,0.03333333333333333,0.0,-0.0
1743597349.5213418,0.0,-94.0,316.0,,0.05889666695112439,0.019,-1.697808087420968,0.03333333333333333,0.0,-0.0
1743597349.5418282,0.0,-94.0,316.0,,0.0488966669511246,0.019,-1.6986616796345082,0.03333333333333333,0.0,-0.0
1743597349.5623677,0.0,-94.0,316.0,,0.0488966669511246,0.019,-1.6986616796345082,0.03333333333333333,0.0,-0.0
1743597349.5825794,0.0,-94.0,316.0,,0.0488966669511246,0.009,-1.6787982702341613,0.03333333333333333,0.0,-0.0
1743597349.6027412,0.0,-94.0,316.0,,0.0488966669511246,0.009,-1.6609179194355872,0.03333333333333333,0.0,-0.0
1743597349.6229737,0.0,-94.0,316.0,,0.0488966669511246,0.009,-1.6609179194355872,0.03333333333333333,0.0,-0.0
1743597349.6432884,0.0,-94.0,316.0,,0.0488966669511246,0.009,-1.6787982702341613,0.03333333333333333,0.0,-0.0
1743597349.6636684,0.0,-94.0,316.0,,0.0488966669511246,0.009,-1.6787982702341613,0.03333333333333333,0.0,-0.0
1743597349.6838348,0.0,-94.0,316.0,,0.0488966669511246,0.009,-1.6787982702341613,0.03333333333333333,0.0,-0.0
1743597349.7039797,0.0,-94.0,316.0,,0.0488966669511246,0.009,-1.6787982702341613,0.03333333333333333,0.0,-0.0
1743597349.7244868,0.0,-94.0,316.0,,0.0488966669511246,0.009,-1.6787982702341613,0.03333333333333333,0.0,-0.0
1743597349.7447314,0.0,-94.0,316.0,,0.0488966669511246,0.019,-1.6609167296712963,0.03333333333333333,0.0,-0.0
1743597349.764976,0.0,-94.0,316.0,,0.0488966669511246,0.009,-1.6609179194355872,0.03333333333333333,0.0,-0.0
1743597349.7851903,0.0,-94.0,316.0,,0.0488966669511246,0.009,-1.6609179194355872,0.03333333333333333,0.0,-0.0
1743597349.8054466,0.0,-94.0,316.0,,0.05889666695112439,0.009,-1.6779544732958693,0.03333333333333333,0.0,-0.0
1743597349.8265045,0.0,-94.0,316.0,,0.05889666695112439,0.009,-1.6779544732958693,0.03333333333333333,0.0,-0.0
1743597349.8467016,0.0,-94.0,316.0,,0.0488966669511246,0.019,-1.6787970678943602,0.03333333333333333,0.0,-0.0
1743597349.8668616,0.0,-94.0,316.0,,0.0488966669511246,0.009,-1.6787982702341613,0.03333333333333333,0.0,-0.0
1743597349.8870523,0.0,-94.0,316.0,,0.0488966669511246,0.0,-1.641048799286812,0.03333333333333333,0.0,-0.0
1743597349.9072306,0.0,-94.0,316.0,,0.05889666695112439,0.0,-1.6600832912739851,0.03333333333333333,0.0,-0.0
1743597349.9274232,0.0,-94.0,316.0,,0.0488966669511246,0.019,-1.6609167296712963,0.03333333333333333,0.0,-0.0
1743597349.9476397,0.0,-94.0,316.0,,0.0488966669511246,0.019,-1.6609167296712963,0.03333333333333333,0.0,-0.0
1743597349.9680626,0.0,-94.0,316.0,,0.0488966669511246,0.019,-1.6986616796345082,0.03333333333333333,0.0,-0.0
1743597349.9883277,0.0,-94.0,316.0,,0.0488966669511246,0.019,-1.6787970678943602,0.03333333333333333,0.0,-0.0
1743597350.008562,0.0,-94.0,316.0,,0.0488966669511246,0.019,-1.64104728336798,0.03333333333333333,0.0,-0.0
1743597350.0289693,0.0,-94.0,316.0,,0.0488966669511246,0.009,-1.6787982702341613,0.03333333333333333,0.0,-0.0
1743597350.0491588,0.0,-94.0,316.0,,0.0488966669511246,0.0,-1.6609182636183557,0.03333333333333333,0.0,-0.0
1743597350.0693462,0.0,-94.0,316.0,,0.0488966669511246,0.009,-1.6787982702341613,0.03333333333333333,0.0,-0.0
1743597350.0895798,0.0,-94.0,316.0,,0.0488966669511246,0.009,-1.6609179194355872,0.03333333333333333,0.0,-0.0
1743597350.1098146,0.0,-94.0,316.0,,0.0488966669511246,0.019,-1.6609167296712963,0.03333333333333333,0.0,-0.0
1743597350.1300764,0.0,-94.0,316.0,,0.0488966669511246,0.009,-1.6410484591491665,0.03333333333333333,0.0,-0.0
1743597350.1502733,0.0,-94.0,316.0,,0.05889666695112439,0.009,-1.6779544732958693,0.03333333333333333,0.0,-0.0
1743597350.1705487,0.0,-94.0,316.0,,0.0488966669511246,0.019,-1.6787970678943602,0.03333333333333333,0.0,-0.0
1743597350.1908727,0.0,-94.0,316.0,,0.0488966669511246,0.028,-1.6787952515122786,0.03333333333333333,0.0,-0.0
1743597350.2112443,0.0,-94.0,316.0,,0.05889666695112439,0.009,-1.697809300048059,0.03333333333333333,0.0,-0.0
1743597350.231577,0.0,-94.0,316.0,,0.0488966669511246,0.0,-1.6609182636183557,0.03333333333333333,0.0,-0.0
1743597350.2517486,0.0,-94.0,316.0,,0.0488966669511246,0.0,-1.641048799286812,0.03333333333333333,0.0,-0.0
1743597350.271908,0.0,-94.0,316.0,,0.0488966669511246,0.0,-1.6609182636183557,0.03333333333333333,0.0,-0.0
1743597350.2922869,0.0,-94.0,316.0,,0.0488966669511246,0.009,-1.6609179194355872,0.03333333333333333,0.0,-0.0
1743597350.3124297,0.0,-94.0,316.0,,0.0488966669511246,0.019,-1.6787970678943602,0.03333333333333333,0.0,-0.0
1743597350.3326178,0.0,-94.0,316.0,,0.0488966669511246,0.009,-1.6787982702341613,0.03333333333333333,0.0,-0.0
1743597350.352911,0.0,-94.0,316.0,,0.0488966669511246,0.009,-1.6787982702341613,0.03333333333333333,0.0,-0.0
1743597350.373191,0.0,-94.0,316.0,,0.05889666695112439,0.019,-1.677953274589585,0.03333333333333333,0.0,-0.0
1743597350.3937721,0.0,-94.0,316.0,,0.0488966669511246,0.019,-1.6787970678943602,0.03333333333333333,0.0,-0.0
1743597350.4139261,0.0,-94.0,316.0,,0.0488966669511246,0.009,-1.6787982702341613,0.03333333333333333,0.0,-0.0
1743597350.434104,0.0,-94.0,316.0,,0.0488966669511246,0.009,-1.6787982702341613,0.03333333333333333,0.0,-0.0
1743597350.454259,0.0,-94.0,316.0,,0.0488966669511246,0.009,-1.6609179194355872,0.03333333333333333,0.0,-0.0
1743597350.4744334,0.0,-94.0,316.0,,0.05889666695112439,0.0,-1.6779548200654337,0.03333333333333333,0.0,-0.0
1743597350.4981794,0.0,-94.0,316.0,,0.0488966669511246,0.009,-1.6787982702341613,0.03333333333333333,0.0,-0.0
1743597350.5183797,0.0,-94.0,316.0,,0.0488966669511246,0.009,-1.6609179194355872,0.03333333333333333,0.0,-0.0
1743597350.5388079,0.0,-94.0,316.0,,0.0488966669511246,0.009,-1.6609179194355872,0.03333333333333333,0.0,-0.0
1743597350.5598185,0.0,-94.0,316.0,,0.0488966669511246,0.019,-1.6787970678943602,0.03333333333333333,0.0,-0.0
1743597350.5800176,0.0,-94.0,316.0,,0.0488966669511246,0.019,-1.6787970678943602,0.03333333333333333,0.0,-0.0
1743597350.602421,0.0,-94.0,316.0,,0.0488966669511246,0.019,-1.6787970678943602,0.03333333333333333,0.0,-0.0
1743597350.622614,0.0,-94.0,316.0,,0.0488966669511246,0.019,-1.6787970678943602,0.03333333333333333,0.0,-0.0
1743597350.6429086,0.0,-94.0,316.0,,0.0488966669511246,0.019,-1.6787970678943602,0.03333333333333333,0.0,-0.0
1743597350.6630611,0.0,-94.0,316.0,,0.0488966669511246,0.0,-1.6609182636183557,0.03333333333333333,0.0,-0.0
1743597350.6832256,0.0,-94.0,316.0,,0.0488966669511246,0.0,-1.6787986180548558,0.03333333333333333,0.0,-0.0
1743597350.703598,0.0,-94.0,316.0,,0.0488966669511246,0.0,-1.6787986180548558,0.03333333333333333,0.0,-0.0
1743597350.7238157,0.0,-94.0,316.0,,0.0488966669511246,0.019,-1.6986616796345082,0.03333333333333333,0.0,-0.0
1743597350.7440886,0.0,-94.0,316.0,,0.0488966669511246,0.019,-1.7185237044357806,0.03333333333333333,0.0,-0.0
1743597350.7643282,0.0,-94.0,316.0,,0.0488966669511246,0.019,-1.7185237044357806,0.03333333333333333,0.0,-0.0
1743597350.7844696,0.0,-94.0,316.0,,0.0488966669511246,0.009,-1.6609179194355872,0.03333333333333333,0.0,-0.0
1743597350.8046885,0.0,-94.0,316.0,,0.0488966669511246,0.0,-1.6609182636183557,0.03333333333333333,0.0,-0.0
1743597350.8249567,0.0,-94.0,316.0,,0.0488966669511246,0.0,-1.6609182636183557,0.03333333333333333,0.0,-0.0
1743597350.8453367,0.0,-94.0,316.0,,0.0488966669511246,0.019,-1.6609167296712963,0.03333333333333333,0.0,-0.0
1743597350.8655596,0.0,-94.0,316.0,,0.0488966669511246,0.019,-1.6787970678943602,0.03333333333333333,0.0,-0.0
1743597350.8857203,0.0,-94.0,316.0,,0.0488966669511246,0.019,-1.6787970678943602,0.03333333333333333,0.0,-0.0
1743597350.9060223,0.0,-94.0,316.0,,0.05889666695112439,0.009,-1.6600829481315107,0.03333333333333333,0.0,-0.0
1743597350.9265764,0.0,-94.0,316.0,,0.0488966669511246,0.0,-1.641048799286812,0.03333333333333333,0.0,-0.0
1743597350.946969,0.0,-94.0,316.0,,0.05889666695112439,0.0,-1.6600832912739851,0.03333333333333333,0.0,-0.0
1743597350.967141,0.0,-94.0,316.0,,0.0488966669511246,0.009,-1.6787982702341613,0.03333333333333333,0.0,-0.0
1743597350.9873,0.0,-94.0,316.0,,0.0488966669511246,0.028,-1.6787952515122786,0.03333333333333333,0.0,-0.0
1743597351.0075634,0.0,-94.0,316.0,,0.0488966669511246,0.038,-1.6787924174645679,0.03333333333333333,0.0,-0.0
1743597351.0277975,0.0,-94.0,316.0,,0.0488966669511246,0.0,-1.718525290584943,0.03333333333333333,0.0,-0.0
1743597351.0480807,0.0,-94.0,316.0,,0.0488966669511246,-0.02,-1.6410471195988596,0.03333333333333333,0.0,-0.0
1743597351.0683491,0.0,-94.0,316.0,,0.0488966669511246,0.0,-1.5237690086156337,0.03333333333333333,0.0,-0.0
1743597351.088756,0.0,-94.0,316.0,,0.0488966669511246,-0.01,-1.6609178387014185,0.03333333333333333,0.0,-0.0
1743597351.1090305,0.0,-94.0,316.0,,0.0488966669511246,0.009,-1.738384357278995,0.03333333333333333,0.0,-0.0
1743597351.1293583,0.0,-94.0,316.0,,0.0488966669511246,0.048,-1.7185151675017492,0.03333333333333333,0.0,-0.0
1743597351.1496212,0.0,-94.0,316.0,,0.03889666695112304,0.068,-1.6418561448086642,0.03333333333333333,0.0,-0.0
1743597351.1697695,0.0,-94.0,316.0,,0.03889666695112304,0.048,-1.6219842248217444,0.03333333333333333,0.0,-0.0
1743597351.1899328,0.0,-94.0,316.0,,0.05889666695112439,-0.01,-1.7176614643983257,0.03333333333333333,0.0,-0.0
1743597351.2103126,0.0,-94.0,316.0,,0.0488966669511246,0.0,-1.6986632477964876,0.03333333333333333,0.0,-0.0
1743597351.231154,0.0,-94.0,316.0,,0.0488966669511246,0.028,-1.5237659480377603,0.03333333333333333,0.0,-0.0
1743597351.2514184,0.0,-94.0,316.0,,0.0488966669511246,0.019,-1.6609167296712963,0.03333333333333333,0.0,-0.0
1743597351.2728972,0.0,-94.0,316.0,,0.03889666695112304,0.0,-1.7392596452974947,0.03333333333333333,0.0,-0.0
1743597351.2930362,0.0,-94.0,316.0,,0.06889666695112417,-0.02,-1.7743268236095082,0.03333333333333333,0.0,-0.0
1743597351.3132157,0.0,-94.0,316.0,,0.03889666695112304,0.0,-1.7392596452974947,0.03333333333333333,0.0,-0.0
1743597351.3335898,0.0,-94.0,316.0,,0.05889666695112439,0.019,-1.697808087420968,0.03333333333333333,0.0,-0.0
1743597351.3541036,0.0,-94.0,316.0,,0.05889666695112439,0.0,-1.775218577999067,0.03333333333333333,0.0,-0.0
1743597351.3745048,0.0,-94.0,316.0,,0.0488966669511246,0.009,-1.6787982702341613,0.03333333333333333,0.0,-0.0
1743597351.3948214,0.0,-94.0,316.0,,0.0488966669511246,0.0,-1.6787986180548558,0.03333333333333333,0.0,-0.0
1743597351.4154258,0.0,-94.0,316.0,,0.0488966669511246,0.0,-1.6787986180548558,0.03333333333333333,0.0,-0.0
1743597351.4355943,0.0,-94.0,316.0,,0.0488966669511246,-0.01,-1.7185248512075626,0.03333333333333333,0.0,-0.0
1743597351.4584196,0.0,-94.0,316.0,,0.0488966669511246,0.019,-1.6609167296712963,0.03333333333333333,0.0,-0.0
1743597351.47857,0.0,-94.0,316.0,,0.0488966669511246,0.019,-1.6609167296712963,0.03333333333333333,0.0,-0.0
1743597351.498706,0.0,-94.0,316.0,,0.0488966669511246,0.009,-1.738384357278995,0.03333333333333333,0.0,-0.0
1743597351.5192122,0.0,-94.0,316.0,,0.0488966669511246,0.019,-1.6787970678943602,0.03333333333333333,0.0,-0.0
1743597351.5395458,0.0,-94.0,316.0,,0.0488966669511246,0.019,-1.6787970678943602,0.03333333333333333,0.0,-0.0
1743597351.5598805,0.0,-94.0,316.0,,0.0488966669511246,0.0,-1.6787986180548558,0.03333333333333333,0.0,-0.0
1743597351.5801263,0.0,-94.0,316.0,,0.0488966669511246,0.0,-1.6787986180548558,0.03333333333333333,0.0,-0.0
1743597351.6004248,0.0,-94.0,316.0,,0.0488966669511246,0.0,-1.6787986180548558,0.03333333333333333,0.0,-0.0
1743597351.6207962,0.0,-94.0,316.0,,0.0488966669511246,0.009,-1.7185249346892109,0.03333333333333333,0.0,-0.0
1743597351.6421986,0.0,-94.0,316.0,,0.0488966669511246,0.009,-1.7185249346892109,0.03333333333333333,0.0,-0.0
1743597351.6626995,0.0,-94.0,316.0,,0.0488966669511246,0.009,-1.7185249346892109,0.03333333333333333,0.0,-0.0
1743597351.6831486,0.0,-94.0,316.0,,0.05889666695112439,0.0,-1.6600832912739851,0.03333333333333333,0.0,-0.0
1743597351.7036836,0.0,-94.0,316.0,,0.03889666695112304,0.0,-1.6796441149333616,0.03333333333333333,0.0,-0.0
1743597351.7248282,0.0,-94.0,316.0,,0.03889666695112304,0.0,-1.6796441149333616,0.03333333333333333,0.0,-0.0
1743597351.7492838,0.0,-94.0,316.0,,0.0488966669511246,0.009,-1.6787982702341613,0.03333333333333333,0.0,-0.0
1743597351.76943,0.0,-94.0,316.0,,0.0488966669511246,0.019,-1.7185237044357806,0.03333333333333333,0.0,-0.0
1743597351.7896717,0.0,-94.0,316.0,,0.0488966669511246,0.019,-1.7185237044357806,0.03333333333333333,0.0,-0.0
1743597351.8098366,0.0,-94.0,316.0,,0.0488966669511246,0.009,-1.6787982702341613,0.03333333333333333,0.0,-0.0
1743597351.830093,0.0,-94.0,316.0,,0.0488966669511246,0.0,-1.6787986180548558,0.03333333333333333,0.0,-0.0
1743597351.850344,0.0,-94.0,316.0,,0.0488966669511246,0.0,-1.6787986180548558,0.03333333333333333,0.0,-0.0
1743597351.870588,0.0,-94.0,316.0,,0.0488966669511246,0.009,-1.6787982702341613,0.03333333333333333,0.0,-0.0
1743597351.891015,0.0,-94.0,316.0,,0.0488966669511246,0.0,-1.6986632477964876,0.03333333333333333,0.0,-0.0
1743597351.9113755,0.0,-94.0,316.0,,0.0488966669511246,0.009,-1.7185249346892109,0.03333333333333333,0.0,-0.0
1743597351.9315295,0.0,-94.0,316.0,,0.05889666695112439,0.009,-1.697809300048059,0.03333333333333333,0.0,-0.0
1743597351.951694,0.0,-94.0,316.0,,0.0488966669511246,0.0,-1.6986632477964876,0.03333333333333333,0.0,-0.0
1743597351.9719696,0.0,-94.0,316.0,,0.0488966669511246,0.0,-1.6787986180548558,0.03333333333333333,0.0,-0.0
1743597351.992412,0.0,-94.0,316.0,,-0.02910333304887658,0.587,-2.327979742085577,0.0,-0.03333333333333333,-0.1
1743597352.0133178,0.0,-94.0,316.0,,0.126896666951124,0.274,-1.0694252277288987,-0.3,-0.16666666666666666,-0.5333333333333333
1743597352.0335307,0.0,-94.0,312.0,,0.23489666695112454,-0.451,-1.8179233901573841,-0.6,-0.16666666666666666,-0.9666666666666667
1743597352.0547366,0.0,-94.0,313.0,,0.09789666695112409,-0.284,-1.4225069064010478,-0.2,-0.1,-0.6333333333333333
1743597352.0749505,-1.0,-93.0,313.0,,-0.0005557359423704611,-0.27979189285024875,-1.330714883280729,-0.1,-0.06666666666666667,-0.5333333333333333
1743597352.0951362,-2.0,-93.0,314.0,,-0.20655573594236998,-0.8736359373484655,-1.3201910706774491,0.0,0.0,-0.06666666666666667
1743597352.1153176,-2.0,-93.0,314.0,,0.3524442640576293,-0.48163593734846544,-0.11387788972046392,0.1,0.06666666666666667,0.36666666666666664
1743597352.135512,-2.0,-93.0,314.0,,0.3524442640576293,-0.48163593734846544,-0.11387788972046392,0.1,0.06666666666666667,0.36666666666666664
1743597352.1556761,-2.0,-93.0,314.0,,-0.08855573594236965,1.0963640626515345,-3.396998106720301,0.26666666666666666,0.16666666666666666,0.23333333333333334
1743597352.175841,-1.0,-94.0,313.0,,0.18589666695112328,-0.6037918928502488,-1.4519742942865155,-0.16666666666666666,-0.06666666666666667,-0.23333333333333334
1743597352.1959908,-1.0,-94.0,313.0,,0.18589666695112328,-0.6037918928502488,-1.4519742942865155,-0.16666666666666666,-0.06666666666666667,-0.23333333333333334
1743597352.2162092,-1.0,-94.0,314.0,,0.0488966669511246,0.014208107149751265,-1.6012013709861797,-0.1,-0.1,-0.23333333333333334
1743597352.2365959,-2.0,-93.0,322.0,,0.3714442640576294,-1.7566359373484657,-1.7297952882812786,-0.03333333333333333,-0.16666666666666666,-0.0
1743597352.2567825,-2.0,-93.0,322.0,,0.3714442640576294,-1.7566359373484657,-1.7297952882812786,-0.03333333333333333,-0.16666666666666666,-0.0
1743597352.2769508,-2.0,-93.0,321.0,,3.157444264057631,-0.2756359373484655,-1.7191985131850172,-0.3333333333333333,-1.0666666666666667,-0.0
1743597352.2972767,-1.0,-91.0,320.0,,0.17349411051580077,-0.17179189285024876,0.06163357202400377,0.9,-0.6666666666666666,0.7333333333333333
1743597352.3175368,-1.0,-91.0,320.0,,0.17349411051580077,-0.17179189285024876,0.06163357202400377,0.9,-0.6666666666666666,0.7333333333333333
1743597352.3378663,0.0,-91.0,319.0,,0.8504941105158021,0.117,-3.107175465537739,0.6333333333333333,0.7,0.8
1743597352.358085,0.0,-91.0,318.0,,5.243494110515801,-0.157,-2.2460111864932553,-0.6333333333333333,-0.06666666666666667,-0.1
1743597352.3784006,0.0,-91.0,318.0,,5.243494110515801,-0.157,-2.2460111864932553,-0.6333333333333333,-0.06666666666666667,-0.1
1743597352.3986974,0.0,-91.0,318.0,,3.7234941105158015,-0.039,-0.8105189440408418,-0.4,-0.6666666666666666,-0.0
1743597352.419175,1.0,-89.0,319.0,,0.8404941105158006,0.9457918928502487,-1.0302875290898394,0.03333333333333333,-1.9333333333333333,0.7
1743597352.4393718,1.0,-89.0,319.0,,0.8404941105158006,0.9457918928502487,-1.0302875290898394,0.03333333333333333,-1.9333333333333333,0.7
1743597352.459564,2.0,-84.0,319.0,,3.9527402064372374,0.8236359373484654,-0.9384220711049357,0.06666666666666667,-4.333333333333333,-0.7666666666666667
1743597352.4797673,1.0,-79.0,319.0,,3.1272373303784153,1.8377918928502486,-1.1536740706423232,0.43333333333333335,-5.6,-0.7333333333333333
1743597352.5003846,1.0,-79.0,319.0,,3.1272373303784153,1.8377918928502486,-1.1536740706423232,0.43333333333333335,-5.6,-0.7333333333333333
1743597352.520963,1.0,-73.0,319.0,,1.316650344002623,2.1127918928502485,-2.849551417189569,0.5333333333333333,-6.166666666666667,-0.0
1743597352.5415847,0.0,-60.0,317.0,,2.192290788874658,1.852,-2.7497825256788566,1.1666666666666667,-5.166666666666667,0.7666666666666667
1743597352.5619352,0.0,-60.0,317.0,,2.192290788874658,1.852,-2.7497825256788566,1.1666666666666667,-5.166666666666667,0.7666666666666667
1743597352.58245,0.0,-49.0,313.0,,2.000299018014606,2.049,-0.0011351707135282205,1.6333333333333333,-2.8,2.033333333333333
1743597352.6035793,1.0,-45.0,311.0,,1.054282476559969,1.9357918928502489,-0.13923537477517733,1.5333333333333334,-1.4333333333333333,3.2
1743597352.6240733,1.0,-45.0,311.0,,1.054282476559969,1.9357918928502489,-0.13923537477517733,1.5333333333333334,-1.4333333333333333,3.2
1743597352.6444306,4.0,-42.0,303.0,,1.0158287516196003,0.5016889925701307,-0.5008789448705402,1.9666666666666666,0.16666666666666666,5.033333333333333
1743597352.6649194,6.0,-42.0,297.0,,0.3578287516195999,-0.22242422465568057,-0.8093760134251764,2.7,0.2,5.0
1743597352.685308,8.0,-41.0,291.0,,-0.08193907439687642,-1.708288120418242,-1.2267239438441684,3.066666666666667,-0.1,4.3
1743597352.7055998,9.0,-40.0,285.0,,0.008253548975049263,-2.466622102044665,-1.1888023267732288,3.033333333333333,-0.3333333333333333,3.8666666666666667
1743597352.7265708,9.0,-39.0,279.0,,-0.055633036198904584,-2.662622102044665,-1.1978139536143475,3.1666666666666665,-0.43333333333333335,3.566666666666667
1743597352.746764,9.0,-38.0,273.0,,-0.16663907294470803,-2.260622102044665,-1.3697862805105405,3.1666666666666665,-0.16666666666666666,3.4
1743597352.766958,9.0,-37.0,268.0,,-0.36380537712159366,-1.711622102044665,-1.7137242576126424,3.0,0.1,3.1666666666666665
1743597352.7880924,8.0,-36.0,262.0,,-0.3641733249891619,-1.2882881204182421,-1.808492820731562,3.066666666666667,0.2,3.1333333333333333
1743597352.8085067,7.0,-35.0,257.0,,-0.3617848406037627,-1.3135382588044968,-1.6500411549136,3.033333333333333,0.5,3.8666666666666667
1743597352.8288114,7.0,-35.0,252.0,,-0.7147848406037625,-2.3825382588044968,-1.1216536888004942,2.7666666666666666,0.9,4.6
1743597352.8504088,7.0,-34.0,246.0,,-1.063682383048028,-3.7555382588044965,-0.44219554040720155,2.6,0.6333333333333333,4.5
1743597352.870586,7.0,-34.0,240.0,,-2.6226823830480277,-3.7155382588044965,-1.6693085857867889,2.466666666666667,-0.4,3.433333333333333
1743597352.89078,7.0,-33.0,235.0,,-2.950908933497416,-3.2455382588044968,-2.783916591364509,2.466666666666667,-1.4,2.5
1743597352.9110687,6.0,-31.0,230.0,,-0.7185235148676323,-3.182424224655681,-1.2467728628448906,3.1,-1.8666666666666667,2.2
1743597352.9316247,5.0,-29.0,226.0,,0.6860176253834336,-3.1499978363545265,-0.08516330262363514,3.6333333333333333,-1.6666666666666667,2.2666666666666666
1743597352.9519389,2.0,-27.0,222.0,,1.2133531975550458,-2.6073640626515346,0.5128806485233435,3.433333333333333,-1.4,2.2333333333333334
1743597352.9721317,0.0,-25.0,218.0,,1.296114852323738,-2.059,0.5441742899850173,2.6333333333333333,-1.2666666666666666,2.466666666666667
1743597352.9923372,-1.0,-23.0,214.0,,0.6279276295202245,-2.3487918928502487,0.4838958344728983,1.8666666666666667,-1.2,2.933333333333333
1743597353.0129752,-2.0,-21.0,210.0,,0.4944104149606039,-3.2856359373484656,0.8094441725692292,1.2666666666666666,-1.1333333333333333,3.0
1743597353.0332298,-3.0,-20.0,207.0,,1.0667823939751893,-4.26258426925672,1.5672636183430075,0.8333333333333334,-1.1,2.2666666666666666
1743597353.054395,-3.0,-19.0,204.0,,1.4731764047752924,-3.919584269256721,1.3516317964644777,0.7666666666666667,-1.2333333333333334,0.9333333333333333
1743597353.0745559,-5.0,-16.0,201.0,,3.1299975394352377,-0.8910021636454734,0.7585210960665307,0.9,-1.0,-0.13333333333333333
1743597353.0953999,-5.0,-16.0,201.0,,3.1299975394352377,-0.8910021636454734,0.7585210960665307,0.9,-1.0,-0.13333333333333333
1743597353.1155908,-6.0,-15.0,201.0,,4.118985167544272,-0.023575775344319316,1.382211514119077,0.5666666666666667,0.13333333333333333,0.13333333333333333
1743597353.135914,-7.0,-16.0,200.0,,1.6489975394352379,-0.3244617411955033,2.145393067527557,0.4,1.2,1.1333333333333333
1743597353.1562247,-7.0,-16.0,200.0,,1.6489975394352379,-0.3244617411955033,2.145393067527557,0.4,1.2,1.1333333333333333
1743597353.176421,-7.0,-17.0,199.0,,1.9848335766699519,-0.9424617411955032,2.8756567483836992,0.6666666666666666,0.7333333333333333,0.9666666666666667
1743597353.196616,-8.0,-19.0,196.0,,1.2181764047752925,-1.105711879581758,3.5057429941625706,0.6,-0.1,0.1
1743597353.2169354,-8.0,-19.0,196.0,,1.2181764047752925,-1.105711879581758,3.5057429941625706,0.6,-0.1,0.1
1743597353.237257,-9.0,-19.0,196.0,,1.1591764047752924,-0.3383778979553351,3.0817786060983483,0.4666666666666667,-0.6333333333333333,-0.23333333333333334
1743597353.2575827,-10.0,-17.0,196.0,,1.631833576669952,2.281488622912587,0.05452326957634135,-0.6,0.6666666666666666,1.0666666666666667
1743597353.279409,-10.0,-17.0,196.0,,1.631833576669952,2.281488622912587,0.05452326957634135,-0.6,0.6666666666666666,1.0666666666666667
1743597353.2996075,-10.0,-17.0,196.0,,1.1028335766699522,-0.41451137708741315,-1.1662950401950116,0.2,0.4,0.7333333333333333
1743597353.319805,-9.0,-19.0,194.0,,0.6881764047752927,0.7996221020446649,0.4361092935967914,-0.26666666666666666,1.3,1.2
1743597353.3400087,-9.0,-19.0,194.0,,0.6881764047752927,0.7996221020446649,0.4361092935967914,-0.26666666666666666,1.3,1.2
1743597353.3602028,-9.0,-21.0,193.0,,0.19041041496060407,-0.37737789795533505,0.6278088075187753,0.36666666666666664,-0.13333333333333333,-0.6666666666666666
1743597353.3805118,-9.0,-21.0,193.0,,0.9064104149606038,1.485622102044665,0.2612190896125117,0.5666666666666667,-0.16666666666666666,-0.9333333333333333
1743597353.4007537,-9.0,-21.0,193.0,,0.9064104149606038,1.485622102044665,0.2612190896125117,0.5666666666666667,-0.16666666666666666,-0.9333333333333333
1743597353.42097,-10.0,-20.0,194.0,,2.2727823939751897,5.683488622912587,0.617437453736672,-0.5,0.5666666666666667,1.4666666666666666
1743597353.443389,-10.0,-21.0,192.0,,0.5924104149606038,-2.7485113770874134,1.6264925529967496,-0.03333333333333333,0.7666666666666667,1.7666666666666666
1743597353.463658,-10.0,-21.0,192.0,,0.5924104149606038,-2.7485113770874134,1.6264925529967496,-0.03333333333333333,0.7666666666666667,1.7666666666666666
1743597353.4838517,-10.0,-21.0,191.0,,-0.3195895850393957,1.2624886229125867,-0.4218913735134606,0.9666666666666667,-1.0333333333333334,-0.7333333333333333
1743597353.5040593,-11.0,-20.0,191.0,,0.5957823939751896,1.5478362446439045,-0.08205258508632163,1.3333333333333333,-1.3,-0.5666666666666667
1743597353.5245473,-11.0,-20.0,191.0,,0.5957823939751896,1.5478362446439045,-0.08205258508632163,1.3333333333333333,-1.3,-0.5666666666666667
1743597353.544758,-14.0,-17.0,191.0,,-0.31916642333004797,1.1082537958327408,-1.512006805240195,1.1333333333333333,-1.2,0.16666666666666666
1743597353.565041,-16.0,-16.0,190.0,,-0.5670024605647619,-0.03199753943523831,0.2532209549191169,2.033333333333333,-2.066666666666667,0.16666666666666666
1743597353.585442,-16.0,-16.0,190.0,,-0.5670024605647619,-0.03199753943523831,0.2532209549191169,2.033333333333333,-2.066666666666667,0.16666666666666666
1743597353.6056376,-19.0,-11.0,189.0,,2.3141637553560956,1.8308235952247074,2.837490305773409,-0.06666666666666667,-1.8666666666666667,0.4
1743597353.6259449,-19.0,-9.0,188.0,,0.974377897955335,1.5758235952247073,1.1396207336261615,-0.9666666666666667,-1.2666666666666666,0.5666666666666667
1743597353.646512,-19.0,-7.0,188.0,,-0.5295382588044967,1.2718235952247074,-0.9550650110771421,-1.0333333333333334,-1.4,0.4
1743597353.6667333,-18.0,-6.0,187.0,,-0.3594242246556806,1.5704567148182342,-0.6362392436276423,-0.6333333333333333,-1.7333333333333334,0.3
1743597353.6873152,-17.0,-4.0,187.0,,1.6976889925701308,2.613166423330048,0.6669832183834323,-0.36666666666666664,-1.5333333333333334,0.5333333333333333
1743597353.707956,-16.0,-2.0,186.0,,2.1576359373484655,3.703002460564762,0.8060351463310766,-0.7333333333333333,-1.6333333333333333,0.5333333333333333
1743597353.7336483,-16.0,0.0,186.0,,1.499,3.5560024605647618,0.9280016811721978,-1.1666666666666667,-0.9666666666666667,0.4
1743597353.7538974,-15.0,0.0,185.0,,0.107,2.166014832455729,0.013656367609465647,-1.2,-0.36666666666666664,0.13333333333333333
1743597353.7741125,-14.0,1.0,185.0,,0.34720810714975125,1.7552537958327408,1.6005604078414475,-0.5333333333333333,-0.23333333333333334,-0.2
1743597353.7943754,-13.0,1.0,185.0,,0.7582081071497513,1.9317698431133157,2.7161369007780856,0.26666666666666666,0.1,-0.6333333333333333
1743597353.814686,-13.0,1.0,185.0,,1.0622081071497513,2.3917698431133156,0.642233032809747,0.3333333333333333,0.43333333333333335,-0.9
1743597353.8349016,-14.0,1.0,186.0,,0.7582081071497513,2.3042537958327407,-1.6054860542445564,-0.13333333333333333,0.5,-0.4666666666666667
1743597353.8564692,-14.0,1.0,187.0,,0.6012081071497513,1.9812537958327407,-2.005657580926381,-0.13333333333333333,0.2,-0.0
1743597353.8767033,-14.0,1.0,187.0,,0.6802081071497512,1.6472537958327407,-0.10893607294206298,0.16666666666666666,-0.13333333333333333,0.3
1743597353.896905,-14.0,1.0,187.0,,0.46420810714975125,2.0982537958327407,0.6702130710883107,0.16666666666666666,-1.0666666666666667,-0.13333333333333333
1743597353.917146,-14.0,2.0,186.0,,1.0183640626515347,1.8732537958327407,1.5439168094794553,0.23333333333333334,-0.5333333333333333,-0.13333333333333333
1743597353.9373684,-15.0,3.0,186.0,,1.169415730743279,2.215014832455729,0.5803447099894914,0.4,-0.1,0.03333333333333333
1743597353.9575484,-15.0,3.0,187.0,,0.9434157307432791,2.049014832455729,-0.5964044941289082,0.03333333333333333,-0.13333333333333333,-0.0
1743597353.9778826,-16.0,4.0,186.0,,1.0653110074298693,2.243002460564762,1.1974857462327968,-0.8666666666666667,-0.8666666666666667,-0.13333333333333333
1743597353.9982553,-16.0,4.0,186.0,,1.0653110074298693,2.243002460564762,1.1974857462327968,-0.8666666666666667,-0.8666666666666667,-0.13333333333333333
1743597354.0187402,-15.0,5.0,186.0,,1.0499978363545266,2.8220148324557286,0.6682777352338043,0.16666666666666666,0.2,0.03333333333333333
1743597354.0392048,-15.0,5.0,186.0,,0.9909978363545267,2.3530148324557287,0.07766402205134071,0.03333333333333333,0.0,-0.0
1743597354.0598466,-15.0,5.0,186.0,,0.9909978363545267,2.3530148324557287,0.07766402205134071,0.03333333333333333,0.0,-0.0
1743597354.0802603,-15.0,5.0,187.0,,1.0009978363545267,2.372014832455729,0.10645463765713892,0.03333333333333333,0.0,-0.0
1743597354.100735,-15.0,5.0,187.0,,1.0009978363545267,2.372014832455729,0.10645463765713892,0.03333333333333333,0.0,-0.0
1743597354.1209412,-14.0,5.0,187.0,,0.9719978363545266,2.2162537958327406,0.1558935434298796,0.03333333333333333,-0.03333333333333333,-0.0
1743597354.1411338,-13.0,5.0,187.0,,0.9719978363545266,2.1867698431133156,0.04671132906234554,0.03333333333333333,0.0,-0.0
1743597354.1617217,-12.0,4.0,188.0,,0.6353110074298692,2.077613686922219,0.19318847871057265,0.0,-0.1,-0.3
1743597354.182718,-12.0,4.0,188.0,,0.6353110074298692,2.077613686922219,0.19318847871057265,0.0,-0.1,-0.3
1743597354.2029364,-11.0,4.0,189.0,,0.24331100742986927,1.2928362446439046,0.17011888315483858,0.03333333333333333,-0.03333333333333333,-0.13333333333333333
1743597354.2231457,-12.0,5.0,189.0,,1.4819978363545268,2.185613686922219,0.12461756055195572,0.03333333333333333,0.0,-0.13333333333333333
1743597354.2437007,-12.0,5.0,189.0,,1.4819978363545268,2.185613686922219,0.12461756055195572,0.03333333333333333,0.0,-0.13333333333333333
1743597354.2641623,-12.0,5.0,190.0,,0.8929978363545267,1.9906136869222193,0.13419072185380188,0.03333333333333333,-0.03333333333333333,0.9
1743597354.284376,-12.0,5.0,189.0,,1.1869978363545266,1.7256136869222192,0.11440451702232579,0.0,-0.03333333333333333,0.6666666666666666
1743597354.305105,-12.0,5.0,189.0,,1.1869978363545266,1.7256136869222192,0.11440451702232579,0.0,-0.03333333333333333,0.6666666666666666
1743597354.3257186,-13.0,5.0,189.0,,0.9619978363545266,2.0497698431133156,0.10580096269035799,0.03333333333333333,0.0,-0.0
1743597354.3474267,-13.0,5.0,189.0,,0.9229978363545266,2.079769843113316,0.10503550762364533,0.03333333333333333,0.0,-0.0
1743597354.367636,-13.0,5.0,189.0,,0.9129978363545267,2.0887698431133157,0.10486263812704877,0.03333333333333333,0.0,-0.0
1743597354.3878472,-13.0,5.0,190.0,,0.8929978363545267,2.0887698431133157,0.10476684503330702,0.03333333333333333,0.0,-0.0
1743597354.4082756,-12.0,5.0,190.0,,0.8829978363545267,1.9126136869222192,0.11484222905130892,0.03333333333333333,0.0,-0.0
1743597354.4284642,-11.0,5.0,191.0,,0.9029978363545267,1.7448362446439045,0.11491791098145931,0.03333333333333333,0.0,-0.0
1743597354.4488091,-10.0,4.0,191.0,,0.7423110074298693,1.5854886229125866,0.11486090074290622,0.03333333333333333,0.0,-0.0
1743597354.4691906,-10.0,4.0,191.0,,0.7613110074298692,1.5854886229125866,0.11498861225460466,0.03333333333333333,0.0,-0.0
1743597354.489386,-9.0,4.0,191.0,,0.7523110074298693,1.4076221020446649,0.11503342212915335,0.03333333333333333,0.0,-0.0
1743597354.5096009,-8.0,4.0,192.0,,0.7423110074298693,1.238288120418242,0.11497068813283384,0.03333333333333333,0.0,-0.0
1743597354.530172,-8.0,3.0,192.0,,0.5614157307432791,1.2472881204182422,0.11480812181938127,0.03333333333333333,0.0,-0.0
1743597354.5503967,-8.0,3.0,192.0,,0.5614157307432791,1.2472881204182422,0.11480812181938127,0.03333333333333333,0.0,-0.0
1743597354.570586,-7.0,3.0,192.0,,0.5614157307432791,1.0585382588044967,0.11504935438100183,0.03333333333333333,0.0,-0.0
1743597354.5908952,-6.0,2.0,192.0,,0.4103640626515345,0.8984242246556806,0.11503342212915335,0.03333333333333333,0.0,-0.0
1743597354.6133914,-6.0,2.0,192.0,,0.4103640626515345,0.8984242246556806,0.11503342212915335,0.03333333333333333,0.0,-0.0
1743597354.6335747,-5.0,2.0,192.0,,0.4103640626515345,0.7279978363545266,0.12503134292821727,0.03333333333333333,0.0,-0.0
1743597354.6537802,-4.0,2.0,192.0,,0.4003640626515345,0.5663110074298693,0.11486090074290622,0.03333333333333333,0.0,-0.0
1743597354.673994,-4.0,2.0,192.0,,0.4003640626515345,0.5663110074298693,0.11486090074290622,0.03333333333333333,0.0,-0.0
1743597354.694546,-4.0,2.0,192.0,,0.4003640626515345,0.5663110074298693,0.11486090074290622,0.03333333333333333,0.0,-0.0
1743597354.7167187,-3.0,1.0,193.0,,0.22920810714975126,0.38641573074327906,0.11497068813283384,0.03333333333333333,0.0,-0.0
1743597354.7373223,-3.0,1.0,193.0,,0.22920810714975126,0.38641573074327906,0.11497068813283384,0.03333333333333333,0.0,-0.0
1743597354.7575455,-3.0,1.0,193.0,,0.22920810714975126,0.38641573074327906,0.11497068813283384,0.03333333333333333,0.0,-0.0
1743597354.777762,-3.0,1.0,193.0,,0.22920810714975126,0.39541573074327907,0.11486090074290622,0.03333333333333333,0.0,-0.0
1743597354.7981112,-3.0,1.0,193.0,,0.22920810714975126,0.39541573074327907,0.11486090074290622,0.03333333333333333,0.0,-0.0
1743597354.8185344,-2.0,1.0,193.0,,0.22920810714975126,0.21536406265153452,0.11497068813283384,0.03333333333333333,0.0,-0.0
1743597354.8392365,-2.0,1.0,193.0,,0.22920810714975126,0.22436406265153452,0.12485916860198643,0.03333333333333333,0.0,-0.0
1743597354.8607109,-2.0,1.0,193.0,,0.22920810714975126,0.22436406265153452,0.12485916860198643,0.03333333333333333,0.0,-0.0
1743597354.88123,-2.0,1.0,193.0,,0.22920810714975126,0.22436406265153452,0.11486090074290622,0.03333333333333333,0.0,-0.0
1743597354.9014823,-2.0,0.0,193.0,,0.058,0.22436406265153452,0.11486090074290622,0.03333333333333333,0.0,-0.0
1743597354.921667,-1.0,0.0,193.0,,0.048,0.05320810714975127,0.11480812181938127,0.03333333333333333,0.0,-0.0
1743597354.9418445,-1.0,0.0,193.0,,0.048,0.05320810714975127,0.1048097527035452,0.03333333333333333,0.0,-0.0
1743597354.9620597,-1.0,0.0,193.0,,0.058,0.05320810714975127,0.11486090074290622,0.03333333333333333,0.0,-0.0
1743597354.9825106,-1.0,0.0,193.0,,0.068,0.05320810714975127,0.11492363684568296,0.03333333333333333,0.0,-0.0
1743597355.002866,-1.0,0.0,193.0,,0.068,0.05320810714975127,0.11492363684568296,0.03333333333333333,0.0,-0.0
1743597355.023189,-1.0,0.0,193.0,,0.068,0.05320810714975127,0.10492550081966279,0.03333333333333333,0.0,-0.0
1743597355.0436478,-1.0,0.0,193.0,,0.058,0.04420810714975126,0.11497068813283384,0.03333333333333333,0.0,-0.0
1743597355.06401,-1.0,0.0,193.0,,0.048,0.04420810714975126,0.12491606415143508,0.03333333333333333,0.0,-0.0
1743597355.0842226,-1.0,0.0,193.0,,0.048,0.04420810714975126,0.11491791098145931,0.03333333333333333,0.0,-0.0
1743597355.1047726,-1.0,0.0,193.0,,0.058,0.04420810714975126,0.11497068813283384,0.03333333333333333,0.0,-0.0
1743597355.125124,-1.0,0.0,193.0,,0.068,0.05320810714975127,0.11492363684568296,0.03333333333333333,0.0,-0.0
1743597355.1456895,0.0,0.0,193.0,,0.058,-0.118,0.10486263812704877,0.03333333333333333,0.0,-0.0
1743597355.167374,0.0,0.0,193.0,,0.058,-0.118,0.11486090074290622,0.03333333333333333,0.0,-0.0
1743597355.1875653,0.0,0.0,193.0,,0.058,-0.118,0.11486090074290622,0.03333333333333333,0.0,-0.0
1743597355.2077677,0.0,0.0,193.0,,0.048,-0.118,0.12480649585708647,0.03333333333333333,0.0,-0.0
1743597355.22797,0.0,0.0,193.0,,0.058,-0.127,0.10497264704599907,0.03333333333333333,0.0,-0.0
1743597355.2481549,0.0,0.0,193.0,,0.058,-0.127,0.11497068813283384,0.03333333333333333,0.0,-0.0
1743597355.2685976,0.0,0.0,193.0,,0.068,-0.127,0.12503134292821727,0.03333333333333333,0.0,-0.0
1743597355.2888002,0.0,0.0,193.0,,0.058,-0.118,0.11486090074290622,0.03333333333333333,0.0,-0.0
1743597355.309151,0.0,0.0,193.0,,0.048,-0.127,0.11491791098145931,0.03333333333333333,0.0,-0.0
1743597355.3293693,0.0,0.0,193.0,,0.048,-0.127,0.11491791098145931,0.03333333333333333,0.0,-0.0
1743597355.3497853,0.0,0.0,193.0,,0.058,-0.127,0.11497068813283384,0.03333333333333333,0.0,-0.0
1743597355.3701468,0.0,0.0,193.0,,0.058,-0.118,0.11486090074290622,0.03333333333333333,0.0,-0.0
1743597355.3903518,0.0,0.0,193.0,,0.058,-0.118,0.11486090074290622,0.03333333333333333,0.0,-0.0
1743597355.410534,0.0,0.0,193.0,,0.058,-0.118,0.11486090074290622,0.03333333333333333,0.0,-0.0
1743597355.4309866,0.0,0.0,193.0,,0.058,-0.118,0.11486090074290622,0.03333333333333333,0.0,-0.0
1743597355.4517114,0.0,0.0,193.0,,0.058,-0.127,0.12496873513130602,0.03333333333333333,0.0,-0.0
1743597355.4719243,0.0,0.0,193.0,,0.058,-0.127,0.11497068813283384,0.03333333333333333,0.0,-0.0
1743597355.4922764,0.0,0.0,193.0,,0.058,-0.118,0.11486090074290622,0.03333333333333333,0.0,-0.0
1743597355.5126557,0.0,0.0,193.0,,0.058,-0.118,0.11486090074290622,0.03333333333333333,0.0,-0.0
1743597355.5330563,0.0,0.0,193.0,,0.058,-0.127,0.11497068813283384,0.03333333333333333,0.0,-0.0
1743597355.5556705,0.0,0.0,193.0,,0.058,-0.118,0.11486090074290622,0.03333333333333333,0.0,-0.0
1743597355.5758483,0.0,0.0,193.0,,0.058,-0.118,0.11486090074290622,0.03333333333333333,0.0,-0.0
1743597355.596039,0.0,0.0,193.0,,0.058,-0.118,0.11486090074290622,0.03333333333333333,0.0,-0.0
1743597355.616215,0.0,0.0,193.0,,0.068,-0.127,0.11503342212915335,0.03333333333333333,0.0,-0.0
1743597355.6364088,0.0,0.0,193.0,,0.068,-0.127,0.11503342212915335,0.03333333333333333,0.0,-0.0
1743597355.6568348,0.0,0.0,193.0,,0.048,-0.118,0.11480812181938127,0.03333333333333333,0.0,-0.0
1743597355.677173,0.0,0.0,193.0,,0.048,-0.118,0.11480812181938127,0.03333333333333333,0.0,-0.0
1743597355.6973646,0.0,0.0,193.0,,0.048,-0.118,0.11480812181938127,0.03333333333333333,0.0,-0.0
1743597355.718437,0.0,0.0,193.0,,0.058,-0.127,0.11497068813283384,0.03333333333333333,0.0,-0.0
1743597355.7386825,0.0,0.0,193.0,,0.068,-0.118,0.11492363684568296,0.03333333333333333,0.0,-0.0
1743597355.7589264,0.0,0.0,193.0,,0.068,-0.118,0.11492363684568296,0.03333333333333333,0.0,-0.0
1743597355.7791066,0.0,0.0,193.0,,0.058,-0.118,0.12485916860198643,0.03333333333333333,0.0,-0.0
1743597355.7992854,0.0,0.0,193.0,,0.048,-0.127,0.11491791098145931,0.03333333333333333,0.0,-0.0
1743597355.8195775,0.0,0.0,193.0,,0.048,-0.127,0.11491791098145931,0.03333333333333333,0.0,-0.0
1743597355.8398502,0.0,0.0,193.0,,0.058,-0.118,0.11486090074290622,0.03333333333333333,0.0,-0.0
1743597355.8600929,0.0,0.0,193.0,,0.068,-0.118,0.11492363684568296,0.03333333333333333,0.0,-0.0
1743597355.880283,0.0,0.0,193.0,,0.058,-0.118,0.10486263812704877,0.03333333333333333,0.0,-0.0
1743597355.9006672,0.0,0.0,193.0,,0.058,-0.118,0.11486090074290622,0.03333333333333333,0.0,-0.0
1743597355.9223688,0.0,0.0,193.0,,0.048,-0.127,0.11491791098145931,0.03333333333333333,0.0,-0.0
1743597355.9425712,0.0,0.0,193.0,,0.048,-0.127,0.12491606415143508,0.03333333333333333,0.0,-0.0
1743597355.9627728,0.0,0.0,193.0,,0.048,-0.127,0.12491606415143508,0.03333333333333333,0.0,-0.0
1743597355.9829662,0.0,0.0,193.0,,0.058,-0.118,0.12485916860198643,0.03333333333333333,0.0,-0.0
1743597356.003164,0.0,0.0,193.0,,0.058,-0.118,0.11486090074290622,0.03333333333333333,0.0,-0.0
1743597356.0233657,0.0,0.0,193.0,,0.058,-0.118,0.10486263812704877,0.03333333333333333,0.0,-0.0
1743597356.0438397,0.0,0.0,193.0,,0.058,-0.127,0.10497264704599907,0.03333333333333333,0.0,-0.0
1743597356.064177,0.0,0.0,193.0,,0.058,-0.127,0.11497068813283384,0.03333333333333333,0.0,-0.0
1743597356.0873942,0.0,0.0,193.0,,0.058,-0.127,0.11497068813283384,0.03333333333333333,0.0,-0.0
1743597356.1075761,0.0,0.0,193.0,,0.058,-0.127,0.11497068813283384,0.03333333333333333,0.0,-0.0
1743597356.127739,0.0,0.0,193.0,,0.068,-0.118,0.11492363684568296,0.03333333333333333,0.0,-0.0
1743597356.1479094,0.0,0.0,193.0,,0.068,-0.127,0.11503342212915335,0.03333333333333333,0.0,-0.0
1743597356.168128,0.0,0.0,193.0,,0.058,-0.127,0.11497068813283384,0.03333333333333333,0.0,-0.0
1743597356.1883595,0.0,0.0,193.0,,0.058,-0.118,0.11486090074290622,0.03333333333333333,0.0,-0.0
1743597356.2093794,0.0,0.0,193.0,,0.048,-0.118,0.11480812181938127,0.03333333333333333,0.0,-0.0
1743597356.229551,0.0,0.0,193.0,,0.048,-0.127,0.11491791098145931,0.03333333333333333,0.0,-0.0
1743597356.2497337,0.0,0.0,193.0,,0.058,-0.118,0.10486263812704877,0.03333333333333333,0.0,-0.0
1743597356.2702408,0.0,0.0,193.0,,0.068,-0.127,0.12503134292821727,0.03333333333333333,0.0,-0.0
1743597356.2943878,0.0,0.0,193.0,,0.077,-0.118,0.11498861225460466,0.03333333333333333,0.0,-0.0
1743597356.3146734,0.0,0.0,193.0,,0.068,-0.127,0.11503342212915335,0.03333333333333333,0.0,-0.0
1743597356.3350832,0.0,0.0,193.0,,0.048,-0.127,0.11491791098145931,0.03333333333333333,0.0,-0.0
1743597356.3554773,0.0,0.0,193.0,,0.048,-0.127,0.11491791098145931,0.03333333333333333,0.0,-0.0
1743597356.3756816,0.0,0.0,193.0,,0.058,-0.118,0.11486090074290622,0.03333333333333333,0.0,-0.0
1743597356.3973715,0.0,0.0,193.0,,0.068,-0.127,0.11503342212915335,0.03333333333333333,0.0,-0.0
1743597356.41753,0.0,0.0,193.0,,0.068,-0.127,0.11503342212915335,0.03333333333333333,0.0,-0.0
1743597356.437888,0.0,0.0,193.0,,0.068,-0.118,0.10492550081966279,0.03333333333333333,0.0,-0.0
1743597356.4581337,0.0,0.0,193.0,,0.058,-0.127,0.11497068813283384,0.03333333333333333,0.0,-0.0
1743597356.4804237,0.0,0.0,193.0,,0.058,-0.127,0.11497068813283384,0.03333333333333333,0.0,-0.0
1743597356.5006983,0.0,0.0,193.0,,0.048,-0.127,0.11491791098145931,0.03333333333333333,0.0,-0.0
1743597356.5209312,0.0,0.0,193.0,,0.058,-0.118,0.11486090074290622,0.03333333333333333,0.0,-0.0
1743597356.5413404,0.0,0.0,193.0,,0.068,-0.118,0.12492177849688879,0.03333333333333333,0.0,-0.0
1743597356.5626945,0.0,0.0,193.0,,0.068,-0.118,0.12492177849688879,0.03333333333333333,0.0,-0.0
1743597356.5828447,0.0,0.0,193.0,,0.077,-0.118,0.10499060733435961,0.03333333333333333,0.0,-0.0
1743597356.6030238,0.0,0.0,193.0,,0.058,-0.118,0.11486090074290622,0.03333333333333333,0.0,-0.0
1743597356.6232069,0.0,0.0,193.0,,0.048,-0.127,0.12491606415143508,0.03333333333333333,0.0,-0.0
1743597356.6436272,0.0,0.0,193.0,,0.048,-0.118,0.11480812181938127,0.03333333333333333,0.0,-0.0
1743597356.664182,0.0,0.0,193.0,,0.048,-0.127,0.11491791098145931,0.03333333333333333,0.0,-0.0
1743597356.6844919,0.0,0.0,193.0,,0.068,-0.127,0.11503342212915335,0.03333333333333333,0.0,-0.0
1743597356.7057877,0.0,0.0,193.0,,0.068,-0.118,0.11492363684568296,0.03333333333333333,0.0,-0.0
1743597356.7262292,0.0,0.0,193.0,,0.058,-0.118,0.11486090074290622,0.03333333333333333,0.0,-0.0
1743597356.7464852,0.0,0.0,193.0,,0.048,-0.127,0.12491606415143508,0.03333333333333333,0.0,-0.0
1743597356.7667067,0.0,0.0,193.0,,0.058,-0.127,0.12496873513130602,0.03333333333333333,0.0,-0.0
1743597356.7871444,0.0,0.0,193.0,,0.058,-0.118,0.11486090074290622,0.03333333333333333,0.0,-0.0
1743597356.8075426,0.0,0.0,193.0,,0.058,-0.118,0.11486090074290622,0.03333333333333333,0.0,-0.0
1743597356.8277457,0.0,0.0,193.0,,0.058,-0.127,0.11497068813283384,0.03333333333333333,0.0,-0.0
1743597356.8479834,0.0,0.0,193.0,,0.048,-0.118,0.12480649585708647,0.03333333333333333,0.0,-0.0
1743597356.8685052,0.0,0.0,193.0,,0.048,-0.127,0.11491791098145931,0.03333333333333333,0.0,-0.0
1743597356.8888614,0.0,0.0,193.0,,0.068,-0.118,0.11492363684568296,0.03333333333333333,0.0,-0.0
1743597356.9090285,0.0,0.0,193.0,,0.058,-0.118,0.11486090074290622,0.03333333333333333,0.0,-0.0
1743597356.9292142,0.0,0.0,193.0,,0.058,-0.118,0.10486263812704877,0.03333333333333333,0.0,-0.0
1743597356.9493701,0.0,0.0,193.0,,0.058,-0.127,0.12496873513130602,0.03333333333333333,0.0,-0.0
1743597356.969549,0.0,0.0,193.0,,0.058,-0.127,0.11497068813283384,0.03333333333333333,0.0,-0.0
1743597356.9898677,0.0,0.0,193.0,,0.048,-0.127,0.11491791098145931,0.03333333333333333,0.0,-0.0
1743597357.010186,0.0,0.0,193.0,,0.058,-0.118,0.12485916860198643,0.03333333333333333,0.0,-0.0
1743597357.0307417,0.0,0.0,193.0,,0.058,-0.118,0.12485916860198643,0.03333333333333333,0.0,-0.0
1743597357.0509214,0.0,0.0,193.0,,0.058,-0.127,0.11497068813283384,0.03333333333333333,0.0,-0.0
1743597357.0711224,0.0,0.0,193.0,,0.058,-0.127,0.11497068813283384,0.03333333333333333,0.0,-0.0
1743597357.09143,0.0,0.0,193.0,,0.058,-0.118,0.11486090074290622,0.03333333333333333,0.0,-0.0
1743597357.1116278,0.0,0.0,193.0,,0.058,-0.127,0.11497068813283384,0.03333333333333333,0.0,-0.0
1743597357.1317928,0.0,0.0,193.0,,0.058,-0.127,0.11497068813283384,0.03333333333333333,0.0,-0.0
1743597357.1519723,0.0,0.0,193.0,,0.058,-0.118,0.11486090074290622,0.03333333333333333,0.0,-0.0
1743597357.1725385,0.0,0.0,193.0,,0.048,-0.118,0.12480649585708647,0.03333333333333333,0.0,-0.0
1743597357.192739,0.0,0.0,193.0,,0.048,-0.118,0.12480649585708647,0.03333333333333333,0.0,-0.0
1743597357.2140582,0.0,0.0,193.0,,0.058,-0.127,0.11497068813283384,0.03333333333333333,0.0,-0.0
1743597357.234236,0.0,0.0,193.0,,0.058,-0.118,0.11486090074290622,0.03333333333333333,0.0,-0.0
1743597357.2543433,0.0,0.0,193.0,,0.058,-0.118,0.11486090074290622,0.03333333333333333,0.0,-0.0
1743597357.2744997,0.0,0.0,193.0,,0.058,-0.118,0.11486090074290622,0.03333333333333333,0.0,-0.0
1743597357.294678,0.0,0.0,193.0,,0.058,-0.118,0.12485916860198643,0.03333333333333333,0.0,-0.0
1743597357.3151634,0.0,0.0,193.0,,0.058,-0.118,0.12485916860198643,0.03333333333333333,0.0,-0.0
1743597357.3356245,0.0,0.0,193.0,,0.058,-0.118,0.10486263812704877,0.03333333333333333,0.0,-0.0
1743597357.3558986,0.0,0.0,193.0,,0.058,-0.127,0.11497068813283384,0.03333333333333333,0.0,-0.0
1743597357.3763082,0.0,0.0,193.0,,0.058,-0.127,0.11497068813283384,0.03333333333333333,0.0,-0.0
1743597357.3966572,0.0,0.0,193.0,,0.058,-0.118,0.11486090074290622,0.03333333333333333,0.0,-0.0
1743597357.4169352,0.0,0.0,193.0,,0.058,-0.118,0.12485916860198643,0.03333333333333333,0.0,-0.0
1743597357.4371297,0.0,0.0,193.0,,0.058,-0.118,0.12485916860198643,0.03333333333333333,0.0,-0.0
1743597357.4575489,0.0,0.0,193.0,,0.058,-0.127,0.11497068813283384,0.03333333333333333,0.0,-0.0
1743597357.477834,0.0,0.0,193.0,,0.058,-0.137,0.12509991199696202,0.03333333333333333,0.0,-0.0
1743597357.4980311,0.0,0.0,193.0,,0.058,-0.137,0.12509991199696202,0.03333333333333333,0.0,-0.0
1743597357.5182068,0.0,0.0,193.0,,0.068,-0.118,0.11492363684568296,0.03333333333333333,0.0,-0.0
1743597357.5388663,0.0,0.0,193.0,,0.058,-0.127,0.11497068813283384,0.03333333333333333,0.0,-0.0
1743597357.5591915,0.0,0.0,193.0,,0.058,-0.127,0.11497068813283384,0.03333333333333333,0.0,-0.0
1743597357.5793872,0.0,0.0,193.0,,0.048,-0.127,0.11491791098145931,0.03333333333333333,0.0,-0.0
1743597357.5995588,0.0,0.0,193.0,,0.068,-0.118,0.11492363684568296,0.03333333333333333,0.0,-0.0
1743597357.6199937,0.0,0.0,193.0,,0.068,-0.118,0.11492363684568296,0.03333333333333333,0.0,-0.0
1743597357.6401558,0.0,0.0,193.0,,0.048,-0.118,0.12480649585708647,0.03333333333333333,0.0,-0.0
1743597357.660368,0.0,0.0,193.0,,0.048,-0.127,0.11491791098145931,0.03333333333333333,0.0,-0.0
1743597357.6806812,0.0,0.0,193.0,,0.048,-0.127,0.11491791098145931,0.03333333333333333,0.0,-0.0
1743597357.7023733,0.0,0.0,193.0,,0.058,-0.127,0.11497068813283384,0.03333333333333333,0.0,-0.0
1743597357.7225337,0.0,0.0,193.0,,0.058,-0.118,0.10486263812704877,0.03333333333333333,0.0,-0.0
1743597357.7427094,0.0,0.0,193.0,,0.068,-0.118,0.10492550081966279,0.03333333333333333,0.0,-0.0
1743597357.762979,0.0,0.0,193.0,,0.048,-0.127,0.11491791098145931,0.03333333333333333,0.0,-0.0
1743597357.7832344,0.0,0.0,193.0,,0.048,-0.118,0.11480812181938127,0.03333333333333333,0.0,-0.0
1743597357.8033917,0.0,0.0,193.0,,0.048,-0.118,0.11480812181938127,0.03333333333333333,0.0,-0.0
1743597357.8235955,0.0,0.0,193.0,,0.048,-0.118,0.11480812181938127,0.03333333333333333,0.0,-0.0
1743597357.8441584,0.0,0.0,193.0,,0.068,-0.127,0.11503342212915335,0.03333333333333333,0.0,-0.0
1743597357.864565,0.0,0.0,193.0,,0.068,-0.127,0.11503342212915335,0.03333333333333333,0.0,-0.0
1743597357.884771,0.0,0.0,193.0,,0.058,-0.127,0.11497068813283384,0.03333333333333333,0.0,-0.0
1743597357.9049726,0.0,0.0,193.0,,0.058,-0.118,0.11486090074290622,0.03333333333333333,0.0,-0.0
1743597357.9255188,0.0,0.0,193.0,,0.048,-0.127,0.11491791098145931,0.03333333333333333,0.0,-0.0
1743597357.9458292,0.0,0.0,193.0,,0.048,-0.127,0.11491791098145931,0.03333333333333333,0.0,-0.0
1743597357.9661922,0.0,0.0,193.0,,0.058,-0.127,0.11497068813283384,0.03333333333333333,0.0,-0.0
1743597357.9865255,0.0,0.0,193.0,,0.058,-0.127,0.12496873513130602,0.03333333333333333,0.0,-0.0
1743597358.006825,0.0,0.0,193.0,,0.058,-0.118,0.10486263812704877,0.03333333333333333,0.0,-0.0
1743597358.027208,0.0,0.0,193.0,,0.068,-0.118,0.10492550081966279,0.03333333333333333,0.0,-0.0
1743597358.0491376,0.0,0.0,193.0,,0.058,-0.127,0.12496873513130602,0.03333333333333333,0.0,-0.0
1743597358.0693035,0.0,0.0,193.0,,0.058,-0.118,0.10486263812704877,0.03333333333333333,0.0,-0.0
1743597358.0895011,0.0,0.0,193.0,,0.058,-0.118,0.11486090074290622,0.03333333333333333,0.0,-0.0
1743597358.11013,0.0,0.0,193.0,,0.058,-0.127,0.11497068813283384,0.03333333333333333,0.0,-0.0
1743597358.1321197,0.0,0.0,193.0,,0.058,-0.127,0.11497068813283384,0.03333333333333333,0.0,-0.0
1743597358.1523063,0.0,0.0,193.0,,0.058,-0.118,0.11486090074290622,0.03333333333333333,0.0,-0.0
1743597358.172543,0.0,0.0,193.0,,0.058,-0.127,0.11497068813283384,0.03333333333333333,0.0,-0.0
1743597358.1927192,0.0,0.0,193.0,,0.058,-0.118,0.11486090074290622,0.03333333333333333,0.0,-0.0
1743597358.2128794,0.0,0.0,193.0,,0.058,-0.118,0.11486090074290622,0.03333333333333333,0.0,-0.0
1743597358.2331357,0.0,0.0,193.0,,0.058,-0.118,0.11486090074290622,0.03333333333333333,0.0,-0.0
1743597358.253418,0.0,0.0,193.0,,0.058,-0.127,0.11497068813283384,0.03333333333333333,0.0,-0.0
1743597358.2736058,0.0,0.0,193.0,,0.058,-0.127,0.11497068813283384,0.03333333333333333,0.0,-0.0
1743597358.2938395,0.0,0.0,193.0,,0.058,-0.118,0.11486090074290622,0.03333333333333333,0.0,-0.0
1743597358.3173883,0.0,0.0,193.0,,0.068,-0.127,0.11503342212915335,0.03333333333333333,0.0,-0.0
1743597358.3375623,0.0,0.0,193.0,,0.068,-0.127,0.11503342212915335,0.03333333333333333,0.0,-0.0
1743597358.3577454,0.0,0.0,193.0,,0.058,-0.118,0.11486090074290622,0.03333333333333333,0.0,-0.0
1743597358.3803828,0.0,0.0,193.0,,0.058,-0.127,0.11497068813283384,0.03333333333333333,0.0,-0.0
1743597358.4010656,0.0,0.0,193.0,,0.048,-0.127,0.11491791098145931,0.03333333333333333,0.0,-0.0
1743597358.4212506,0.0,0.0,193.0,,0.058,-0.118,0.11486090074290622,0.03333333333333333,0.0,-0.0
1743597358.4414887,0.0,0.0,193.0,,0.058,-0.127,0.11497068813283384,0.03333333333333333,0.0,-0.0
1743597358.4616575,0.0,0.0,193.0,,0.068,-0.118,0.11492363684568296,0.03333333333333333,0.0,-0.0
1743597358.4818068,0.0,0.0,193.0,,0.068,-0.118,0.10492550081966279,0.03333333333333333,0.0,-0.0
1743597358.5020158,0.0,0.0,193.0,,0.048,-0.127,0.12491606415143508,0.03333333333333333,0.0,-0.0
1743597358.522218,0.0,0.0,193.0,,0.048,-0.127,0.12491606415143508,0.03333333333333333,0.0,-0.0
1743597358.5423596,0.0,0.0,193.0,,0.048,-0.127,0.11491791098145931,0.03333333333333333,0.0,-0.0
1743597358.5625966,0.0,0.0,193.0,,0.048,-0.118,0.11480812181938127,0.03333333333333333,0.0,-0.0
1743597358.58277,0.0,0.0,193.0,,0.068,-0.118,0.10492550081966279,0.03333333333333333,0.0,-0.0
1743597358.6029294,0.0,0.0,193.0,,0.068,-0.118,0.10492550081966279,0.03333333333333333,0.0,-0.0
1743597358.6230872,0.0,0.0,193.0,,0.068,-0.118,0.11492363684568296,0.03333333333333333,0.0,-0.0
1743597358.6433294,0.0,0.0,193.0,,0.068,-0.118,0.11492363684568296,0.03333333333333333,0.0,-0.0
1743597358.6638498,0.0,0.0,193.0,,0.048,-0.118,0.11480812181938127,0.03333333333333333,0.0,-0.0
1743597358.6843097,0.0,0.0,193.0,,0.048,-0.118,0.11480812181938127,0.03333333333333333,0.0,-0.0
1743597358.7045403,0.0,0.0,193.0,,0.058,-0.127,0.11497068813283384,0.03333333333333333,0.0,-0.0
1743597358.7248304,0.0,0.0,193.0,,0.058,-0.127,0.11497068813283384,0.03333333333333333,0.0,-0.0
1743597358.7450264,0.0,0.0,193.0,,0.068,-0.118,0.11492363684568296,0.03333333333333333,0.0,-0.0
1743597358.7651982,0.0,0.0,193.0,,0.058,-0.118,0.11486090074290622,0.03333333333333333,0.0,-0.0
1743597358.785364,0.0,0.0,193.0,,0.058,-0.127,0.11497068813283384,0.03333333333333333,0.0,-0.0
1743597358.8056464,0.0,0.0,193.0,,0.058,-0.118,0.12485916860198643,0.03333333333333333,0.0,-0.0
1743597358.8258693,0.0,0.0,193.0,,0.048,-0.127,0.11491791098145931,0.03333333333333333,0.0,-0.0
1743597358.8463795,0.0,0.0,193.0,,0.058,-0.127,0.10497264704599907,0.03333333333333333,0.0,-0.0
1743597358.8668585,0.0,0.0,193.0,,0.048,-0.118,0.12480649585708647,0.03333333333333333,0.0,-0.0
1743597358.8872552,0.0,0.0,193.0,,0.058,-0.127,0.11497068813283384,0.03333333333333333,0.0,-0.0
1743597358.9074671,0.0,0.0,193.0,,0.058,-0.118,0.12485916860198643,0.03333333333333333,0.0,-0.0
1743597358.9279034,0.0,0.0,193.0,,0.058,-0.118,0.11486090074290622,0.03333333333333333,0.0,-0.0
1743597358.9483154,0.0,0.0,193.0,,0.058,-0.127,0.11497068813283384,0.03333333333333333,0.0,-0.0
1743597358.968991,0.0,0.0,193.0,,0.058,-0.118,0.11486090074290622,0.03333333333333333,0.0,-0.0
1743597358.9895191,0.0,0.0,193.0,,0.058,-0.127,0.11497068813283384,0.03333333333333333,0.0,-0.0
1743597359.0099156,0.0,0.0,193.0,,0.058,-0.127,0.11497068813283384,0.03333333333333333,0.0,-0.0
1743597359.0305896,0.0,0.0,193.0,,0.058,-0.127,0.12496873513130602,0.03333333333333333,0.0,-0.0
1743597359.0508015,0.0,0.0,193.0,,0.048,-0.118,0.11480812181938127,0.03333333333333333,0.0,-0.0
1743597359.071163,0.0,0.0,193.0,,0.058,-0.127,0.11497068813283384,0.03333333333333333,0.0,-0.0
1743597359.0943034,0.0,0.0,193.0,,0.058,-0.118,0.11486090074290622,0.03333333333333333,0.0,-0.0
1743597359.1147292,0.0,0.0,193.0,,0.058,-0.118,0.11486090074290622,0.03333333333333333,0.0,-0.0
1743597359.1352174,0.0,0.0,193.0,,0.068,-0.127,0.11503342212915335,0.03333333333333333,0.0,-0.0
1743597359.155378,0.0,0.0,193.0,,0.068,-0.127,0.11503342212915335,0.03333333333333333,0.0,-0.0
1743597359.1757178,0.0,0.0,193.0,,0.068,-0.127,0.11503342212915335,0.03333333333333333,0.0,-0.0
1743597359.196059,0.0,0.0,193.0,,0.058,-0.127,0.11497068813283384,0.03333333333333333,0.0,-0.0
1743597359.2164078,0.0,0.0,193.0,,0.058,-0.127,0.11497068813283384,0.03333333333333333,0.0,-0.0
1743597359.23664,0.0,0.0,193.0,,0.058,-0.127,0.11497068813283384,0.03333333333333333,0.0,-0.0
1743597359.2568228,0.0,0.0,193.0,,0.068,-0.118,0.11492363684568296,0.03333333333333333,0.0,-0.0
1743597359.2775567,0.0,0.0,193.0,,0.058,-0.118,0.11486090074290622,0.03333333333333333,0.0,-0.0
1743597359.297811,0.0,0.0,193.0,,0.058,-0.118,0.11486090074290622,0.03333333333333333,0.0,-0.0
1743597359.3194094,0.0,0.0,193.0,,0.058,-0.127,0.11497068813283384,0.03333333333333333,0.0,-0.0
1743597359.3396204,0.0,0.0,193.0,,0.048,-0.127,0.11491791098145931,0.03333333333333333,0.0,-0.0
1743597359.3602853,0.0,0.0,193.0,,0.048,-0.127,0.11491791098145931,0.03333333333333333,0.0,-0.0
1743597359.380621,0.0,0.0,193.0,,0.068,-0.127,0.11503342212915335,0.03333333333333333,0.0,-0.0
1743597359.4010334,0.0,0.0,193.0,,0.058,-0.118,0.11486090074290622,0.03333333333333333,0.0,-0.0
1743597359.4219577,0.0,0.0,193.0,,0.068,-0.127,0.12503134292821727,0.03333333333333333,0.0,-0.0
1743597359.442157,0.0,0.0,193.0,,0.058,-0.127,0.11497068813283384,0.03333333333333333,0.0,-0.0
1743597359.462439,0.0,0.0,193.0,,0.058,-0.127,0.11497068813283384,0.03333333333333333,0.0,-0.0
1743597359.482618,0.0,0.0,193.0,,0.048,-0.127,0.11491791098145931,0.03333333333333333,0.0,-0.0
1743597359.5029688,0.0,0.0,193.0,,0.048,-0.127,0.11491791098145931,0.03333333333333333,0.0,-0.0
1743597359.5233843,0.0,0.0,193.0,,0.058,-0.118,0.11486090074290622,0.03333333333333333,0.0,-0.0
1743597359.543595,0.0,0.0,193.0,,0.058,-0.118,0.11486090074290622,0.03333333333333333,0.0,-0.0
1743597359.5654113,0.0,0.0,193.0,,0.058,-0.118,0.11486090074290622,0.03333333333333333,0.0,-0.0
1743597359.5856094,0.0,0.0,193.0,,0.058,-0.127,0.11497068813283384,0.03333333333333333,0.0,-0.0
1743597359.605793,0.0,0.0,193.0,,0.058,-0.127,0.12496873513130602,0.03333333333333333,0.0,-0.0
1743597359.626021,0.0,0.0,193.0,,0.048,-0.118,0.11480812181938127,0.03333333333333333,0.0,-0.0
1743597359.6462274,0.0,0.0,193.0,,0.058,-0.118,0.11486090074290622,0.03333333333333333,0.0,-0.0
1743597359.6672904,0.0,0.0,193.0,,0.058,-0.118,0.11486090074290622,0.03333333333333333,0.0,-0.0
1743597359.6876242,0.0,0.0,193.0,,0.058,-0.118,0.11486090074290622,0.03333333333333333,0.0,-0.0
1743597359.7078335,0.0,0.0,193.0,,0.058,-0.118,0.11486090074290622,0.03333333333333333,0.0,-0.0
1743597359.7280908,0.0,0.0,193.0,,0.058,-0.127,0.12496873513130602,0.03333333333333333,0.0,-0.0
1743597359.7483757,0.0,0.0,193.0,,0.058,-0.127,0.12496873513130602,0.03333333333333333,0.0,-0.0
1743597359.768921,0.0,0.0,193.0,,0.058,-0.127,0.11497068813283384,0.03333333333333333,0.0,-0.0
1743597359.789765,0.0,0.0,193.0,,0.058,-0.127,0.11497068813283384,0.03333333333333333,0.0,-0.0
1743597359.8105688,0.0,0.0,193.0,,0.068,-0.118,0.11492363684568296,0.03333333333333333,0.0,-0.0
1743597359.8311868,0.0,0.0,193.0,,0.058,-0.118,0.11486090074290622,0.03333333333333333,0.0,-0.0
1743597359.8513763,0.0,0.0,193.0,,0.058,-0.118,0.11486090074290622,0.03333333333333333,0.0,-0.0
1743597359.8719287,0.0,0.0,193.0,,0.058,-0.118,0.11486090074290622,0.03333333333333333,0.0,-0.0
1743597359.8926632,0.0,0.0,193.0,,0.068,-0.118,0.11492363684568296,0.03333333333333333,0.0,-0.0
1743597359.913216,0.0,0.0,193.0,,0.058,-0.118,0.11486090074290622,0.03333333333333333,0.0,-0.0
1743597359.9333951,0.0,0.0,193.0,,0.058,-0.127,0.11497068813283384,0.03333333333333333,0.0,-0.0
1743597359.9541283,0.0,0.0,193.0,,0.058,-0.127,0.11497068813283384,0.03333333333333333,0.0,-0.0
1743597359.9746084,0.0,0.0,193.0,,0.058,-0.118,0.11486090074290622,0.03333333333333333,0.0,-0.0
1743597359.9950473,0.0,0.0,193.0,,0.058,-0.127,0.11497068813283384,0.03333333333333333,0.0,-0.0
1743597360.0152442,0.0,0.0,193.0,,0.058,-0.127,0.11497068813283384,0.03333333333333333,0.0,-0.0
1743597360.0353966,0.0,0.0,193.0,,0.048,-0.118,0.11480812181938127,0.03333333333333333,0.0,-0.0
1743597360.055714,0.0,0.0,193.0,,0.068,-0.118,0.12492177849688879,0.03333333333333333,0.0,-0.0
1743597360.0759902,0.0,0.0,193.0,,0.068,-0.118,0.12492177849688879,0.03333333333333333,0.0,-0.0
1743597360.0962017,0.0,0.0,193.0,,0.048,-0.127,0.11491791098145931,0.03333333333333333,0.0,-0.0
1743597360.1163864,0.0,0.0,193.0,,0.048,-0.127,0.11491791098145931,0.03333333333333333,0.0,-0.0
1743597360.1367128,0.0,0.0,193.0,,0.048,-0.127,0.11491791098145931,0.03333333333333333,0.0,-0.0
1743597360.1596196,0.0,0.0,193.0,,0.058,-0.118,0.11486090074290622,0.03333333333333333,0.0,-0.0
1743597360.18325,0.0,0.0,193.0,,0.058,-0.118,0.10486263812704877,0.03333333333333333,0.0,-0.0
1743597360.2035232,0.0,0.0,193.0,,0.058,-0.127,0.11497068813283384,0.03333333333333333,0.0,-0.0
1743597360.224119,0.0,0.0,193.0,,0.058,-0.127,0.11497068813283384,0.03333333333333333,0.0,-0.0
1743597360.2444234,0.0,0.0,193.0,,0.068,-0.118,0.11492363684568296,0.03333333333333333,0.0,-0.0
1743597360.264961,0.0,0.0,193.0,,0.048,-0.118,0.11480812181938127,0.03333333333333333,0.0,-0.0
1743597360.2852314,0.0,0.0,193.0,,0.048,-0.127,0.12491606415143508,0.03333333333333333,0.0,-0.0
1743597360.3053896,0.0,0.0,193.0,,0.048,-0.118,0.11480812181938127,0.03333333333333333,0.0,-0.0
1743597360.3255863,0.0,0.0,193.0,,0.058,-0.127,0.12496873513130602,0.03333333333333333,0.0,-0.0
1743597360.3457937,0.0,0.0,193.0,,0.058,-0.127,0.12496873513130602,0.03333333333333333,0.0,-0.0
1743597360.3661182,0.0,0.0,193.0,,0.058,-0.118,0.10486263812704877,0.03333333333333333,0.0,-0.0
1743597360.386423,0.0,0.0,193.0,,0.068,-0.118,0.11492363684568296,0.03333333333333333,0.0,-0.0
1743597360.4066231,0.0,0.0,193.0,,0.068,-0.127,0.11503342212915335,0.03333333333333333,0.0,-0.0
1743597360.4270093,0.0,0.0,193.0,,0.048,-0.127,0.11491791098145931,0.03333333333333333,0.0,-0.0
1743597360.447573,0.0,0.0,193.0,,0.048,-0.127,0.11491791098145931,0.03333333333333333,0.0,-0.0
1743597360.47416,0.0,0.0,193.0,,0.058,-0.127,0.11497068813283384,0.03333333333333333,0.0,-0.0
1743597360.4943845,0.0,0.0,193.0,,0.058,-0.127,0.11497068813283384,0.03333333333333333,0.0,-0.0
1743597360.5151978,0.0,0.0,193.0,,0.068,-0.118,0.11492363684568296,0.03333333333333333,0.0,-0.0
1743597360.5376277,0.0,0.0,193.0,,0.058,-0.127,0.11497068813283384,0.03333333333333333,0.0,-0.0
1743597360.5578718,0.0,0.0,193.0,,0.058,-0.127,0.11497068813283384,0.03333333333333333,0.0,-0.0
1743597360.5781271,0.0,0.0,193.0,,0.058,-0.118,0.10486263812704877,0.03333333333333333,0.0,-0.0
1743597360.5984402,0.0,0.0,193.0,,0.058,-0.118,0.11486090074290622,0.03333333333333333,0.0,-0.0
1743597360.6189983,0.0,0.0,193.0,,0.058,-0.118,0.11486090074290622,0.03333333333333333,0.0,-0.0
1743597360.6403828,0.0,0.0,193.0,,0.058,-0.118,0.11486090074290622,0.03333333333333333,0.0,-0.0
1743597360.660677,0.0,0.0,193.0,,0.048,-0.127,0.11491791098145931,0.03333333333333333,0.0,-0.0
1743597360.681556,0.0,0.0,193.0,,0.038,-0.127,0.11487509115721117,0.03333333333333333,0.0,-0.0
1743597360.7019958,0.0,0.0,193.0,,0.048,-0.127,0.11491791098145931,0.03333333333333333,0.0,-0.0
1743597360.7221885,0.0,0.0,193.0,,0.058,-0.118,0.11486090074290622,0.03333333333333333,0.0,-0.0
1743597360.742381,0.0,0.0,193.0,,0.068,-0.127,0.11503342212915335,0.03333333333333333,0.0,-0.0
1743597360.762835,0.0,0.0,193.0,,0.058,-0.118,0.11486090074290622,0.03333333333333333,0.0,-0.0
1743597360.7837203,0.0,0.0,193.0,,0.048,-0.127,0.11491791098145931,0.03333333333333333,0.0,-0.0
1743597360.8039494,0.0,0.0,193.0,,0.048,-0.127,0.11491791098145931,0.03333333333333333,0.0,-0.0
1743597360.8241625,0.0,0.0,193.0,,0.058,-0.118,0.11486090074290622,0.03333333333333333,0.0,-0.0
1743597360.844507,0.0,0.0,193.0,,0.058,-0.118,0.12485916860198643,0.03333333333333333,0.0,-0.0
1743597360.8647811,0.0,0.0,193.0,,0.068,-0.118,0.11492363684568296,0.03333333333333333,0.0,-0.0
1743597360.88496,0.0,0.0,193.0,,0.058,-0.118,0.11486090074290622,0.03333333333333333,0.0,-0.0
1743597360.9065857,0.0,0.0,193.0,,0.058,-0.118,0.12485916860198643,0.03333333333333333,0.0,-0.0
1743597360.9269762,0.0,0.0,193.0,,0.048,-0.127,0.11491791098145931,0.03333333333333333,0.0,-0.0
1743597360.9499846,0.0,0.0,193.0,,0.048,-0.118,0.11480812181938127,0.03333333333333333,0.0,-0.0
1743597360.9702384,0.0,0.0,193.0,,0.048,-0.118,0.11480812181938127,0.03333333333333333,0.0,-0.0
1743597360.9904537,0.0,0.0,193.0,,0.058,-0.118,0.11486090074290622,0.03333333333333333,0.0,-0.0
1743597361.0106554,0.0,0.0,193.0,,0.058,-0.127,0.11497068813283384,0.03333333333333333,0.0,-0.0
1743597361.030869,0.0,0.0,193.0,,0.058,-0.127,0.11497068813283384,0.03333333333333333,0.0,-0.0
1743597361.0511131,0.0,0.0,193.0,,0.048,-0.127,0.12491606415143508,0.03333333333333333,0.0,-0.0
1743597361.0715008,0.0,0.0,193.0,,0.048,-0.127,0.11491791098145931,0.03333333333333333,0.0,-0.0
1743597361.09203,0.0,0.0,193.0,,0.058,-0.127,0.12496873513130602,0.03333333333333333,0.0,-0.0
1743597361.117421,0.0,0.0,193.0,,0.068,-0.118,0.11492363684568296,0.03333333333333333,0.0,-0.0
1743597361.1376061,0.0,0.0,193.0,,0.058,-0.127,0.10497264704599907,0.03333333333333333,0.0,-0.0
1743597361.1578317,0.0,0.0,193.0,,0.058,-0.127,0.10497264704599907,0.03333333333333333,0.0,-0.0
1743597361.178037,0.0,0.0,193.0,,0.048,-0.127,0.12491606415143508,0.03333333333333333,0.0,-0.0
1743597361.1982734,0.0,0.0,193.0,,0.058,-0.127,0.11497068813283384,0.03333333333333333,0.0,-0.0
1743597361.2188377,0.0,0.0,193.0,,0.058,-0.127,0.11497068813283384,0.03333333333333333,0.0,-0.0
1743597361.2396972,0.0,0.0,193.0,,0.068,-0.118,0.11492363684568296,0.03333333333333333,0.0,-0.0
1743597361.260341,0.0,0.0,193.0,,0.058,-0.118,0.11486090074290622,0.03333333333333333,0.0,-0.0
1743597361.2809374,0.0,0.0,193.0,,0.058,-0.118,0.11486090074290622,0.03333333333333333,0.0,-0.0
1743597361.3013675,0.0,0.0,193.0,,0.058,-0.127,0.11497068813283384,0.03333333333333333,0.0,-0.0
1743597361.3218417,0.0,0.0,193.0,,0.048,-0.118,0.11480812181938127,0.03333333333333333,0.0,-0.0
1743597361.3425627,0.0,0.0,193.0,,0.048,-0.118,0.11480812181938127,0.03333333333333333,0.0,-0.0
1743597361.3628125,0.0,0.0,193.0,,0.068,-0.118,0.11492363684568296,0.03333333333333333,0.0,-0.0
1743597361.3832264,0.0,0.0,193.0,,0.068,-0.118,0.11492363684568296,0.03333333333333333,0.0,-0.0
1743597361.4035022,0.0,0.0,193.0,,0.048,-0.127,0.11491791098145931,0.03333333333333333,0.0,-0.0
1743597361.4239538,0.0,0.0,193.0,,0.048,-0.127,0.11491791098145931,0.03333333333333333,0.0,-0.0
1743597361.4443133,0.0,0.0,193.0,,0.048,-0.127,0.11491791098145931,0.03333333333333333,0.0,-0.0
1743597361.4649298,0.0,0.0,193.0,,0.048,-0.118,0.11480812181938127,0.03333333333333333,0.0,-0.0
1743597361.4852993,0.0,0.0,193.0,,0.058,-0.118,0.11486090074290622,0.03333333333333333,0.0,-0.0
1743597361.5073984,0.0,0.0,193.0,,0.068,-0.118,0.11492363684568296,0.03333333333333333,0.0,-0.0
1743597361.5275884,0.0,0.0,193.0,,0.058,-0.118,0.11486090074290622,0.03333333333333333,0.0,-0.0
1743597361.5478067,0.0,0.0,193.0,,0.068,-0.127,0.11503342212915335,0.03333333333333333,0.0,-0.0
1743597361.5680323,0.0,0.0,193.0,,0.048,-0.127,0.11491791098145931,0.03333333333333333,0.0,-0.0
1743597361.5914311,0.0,0.0,193.0,,0.048,-0.118,0.11480812181938127,0.03333333333333333,0.0,-0.0
1743597361.6119573,0.0,0.0,193.0,,0.048,-0.118,0.11480812181938127,0.03333333333333333,0.0,-0.0
1743597361.6321788,0.0,0.0,193.0,,0.058,-0.118,0.10486263812704877,0.03333333333333333,0.0,-0.0
1743597361.6524432,0.0,0.0,193.0,,0.058,-0.118,0.11486090074290622,0.03333333333333333,0.0,-0.0
1743597361.672635,0.0,0.0,193.0,,0.058,-0.118,0.12485916860198643,0.03333333333333333,0.0,-0.0
1743597361.6929104,0.0,0.0,193.0,,0.058,-0.118,0.12485916860198643,0.03333333333333333,0.0,-0.0
1743597361.7131124,0.0,0.0,193.0,,0.058,-0.118,0.12485916860198643,0.03333333333333333,0.0,-0.0
1743597361.7333372,0.0,0.0,193.0,,0.048,-0.127,0.12491606415143508,0.03333333333333333,0.0,-0.0
1743597361.7535796,0.0,0.0,193.0,,0.048,-0.127,0.12491606415143508,0.03333333333333333,0.0,-0.0
1743597361.7737997,0.0,0.0,193.0,,0.058,-0.118,0.11486090074290622,0.03333333333333333,0.0,-0.0
1743597361.7941575,0.0,0.0,193.0,,0.077,-0.118,0.11498861225460466,0.03333333333333333,0.0,-0.0
1743597361.8143795,0.0,0.0,193.0,,0.077,-0.118,0.11498861225460466,0.03333333333333333,0.0,-0.0
1743597361.8347607,0.0,0.0,193.0,,0.068,-0.118,0.12492177849688879,0.03333333333333333,0.0,-0.0
1743597361.8550823,0.0,0.0,193.0,,0.048,-0.118,0.11480812181938127,0.03333333333333333,0.0,-0.0
1743597361.8760304,0.0,0.0,193.0,,0.048,-0.118,0.11480812181938127,0.03333333333333333,0.0,-0.0
1743597361.896814,0.0,0.0,193.0,,0.048,-0.127,0.12491606415143508,0.03333333333333333,0.0,-0.0
1743597361.9170568,0.0,0.0,193.0,,0.058,-0.118,0.11486090074290622,0.03333333333333333,0.0,-0.0
1743597361.9375129,0.0,0.0,193.0,,0.058,-0.118,0.11486090074290622,0.03333333333333333,0.0,-0.0
1743597361.9577436,0.0,0.0,193.0,,0.058,-0.118,0.11486090074290622,0.03333333333333333,0.0,-0.0
1743597361.9814148,0.0,0.0,193.0,,0.058,-0.118,0.11486090074290622,0.03333333333333333,0.0,-0.0
1743597362.0016232,0.0,0.0,193.0,,0.048,-0.127,0.11491791098145931,0.03333333333333333,0.0,-0.0
1743597362.021873,0.0,0.0,193.0,,0.058,-0.118,0.12485916860198643,0.03333333333333333,0.0,-0.0
1743597362.0421357,0.0,0.0,193.0,,0.048,-0.127,0.11491791098145931,0.03333333333333333,0.0,-0.0
1743597362.0623584,0.0,0.0,193.0,,0.058,-0.118,0.11486090074290622,0.03333333333333333,0.0,-0.0
1743597362.0826004,0.0,0.0,193.0,,0.068,-0.127,0.11503342212915335,0.03333333333333333,0.0,-0.0
1743597362.1028178,0.0,0.0,193.0,,0.058,-0.118,0.11486090074290622,0.03333333333333333,0.0,-0.0
1743597362.1233582,0.0,0.0,193.0,,0.048,-0.118,0.11480812181938127,0.03333333333333333,0.0,-0.0
1743597362.1435785,0.0,0.0,193.0,,0.058,-0.127,0.11497068813283384,0.03333333333333333,0.0,-0.0
1743597362.1637998,0.0,0.0,193.0,,0.058,-0.127,0.12496873513130602,0.03333333333333333,0.0,-0.0
1743597362.1842954,0.0,0.0,193.0,,0.058,-0.118,0.10486263812704877,0.03333333333333333,0.0,-0.0
1743597362.2049823,0.0,0.0,193.0,,0.058,-0.127,0.12496873513130602,0.03333333333333333,0.0,-0.0
1743597362.2252052,0.0,0.0,193.0,,0.058,-0.118,0.11486090074290622,0.03333333333333333,0.0,-0.0
1743597362.2453806,0.0,0.0,193.0,,0.048,-0.127,0.11491791098145931,0.03333333333333333,0.0,-0.0
1743597362.2662456,0.0,0.0,193.0,,0.048,-0.118,0.11480812181938127,0.03333333333333333,0.0,-0.0
1743597362.2865067,0.0,0.0,193.0,,0.058,-0.118,0.11486090074290622,0.03333333333333333,0.0,-0.0
1743597362.3067179,0.0,0.0,193.0,,0.058,-0.118,0.12485916860198643,0.03333333333333333,0.0,-0.0
1743597362.3273976,0.0,0.0,193.0,,0.058,-0.127,0.11497068813283384,0.03333333333333333,0.0,-0.0
1743597362.351413,0.0,0.0,193.0,,0.058,-0.118,0.12485916860198643,0.03333333333333333,0.0,-0.0
1743597362.3716388,0.0,0.0,193.0,,0.068,-0.118,0.11492363684568296,0.03333333333333333,0.0,-0.0
1743597362.391811,0.0,0.0,193.0,,0.058,-0.127,0.10497264704599907,0.03333333333333333,0.0,-0.0
1743597362.413394,0.0,0.0,193.0,,0.058,-0.127,0.10497264704599907,0.03333333333333333,0.0,-0.0
1743597362.4335861,0.0,0.0,193.0,,0.058,-0.118,0.11486090074290622,0.03333333333333333,0.0,-0.0
1743597362.4537647,0.0,0.0,193.0,,0.058,-0.118,0.10486263812704877,0.03333333333333333,0.0,-0.0
1743597362.474033,0.0,0.0,193.0,,0.058,-0.118,0.10486263812704877,0.03333333333333333,0.0,-0.0
1743597362.494242,0.0,0.0,193.0,,0.058,-0.118,0.10486263812704877,0.03333333333333333,0.0,-0.0
1743597362.5145977,0.0,0.0,193.0,,0.058,-0.118,0.11486090074290622,0.03333333333333333,0.0,-0.0
1743597362.5348995,0.0,0.0,193.0,,0.058,-0.118,0.11486090074290622,0.03333333333333333,0.0,-0.0
1743597362.5553286,0.0,0.0,193.0,,0.058,-0.118,0.11486090074290622,0.03333333333333333,0.0,-0.0
1743597362.5756538,0.0,0.0,193.0,,0.058,-0.118,0.11486090074290622,0.03333333333333333,0.0,-0.0
1743597362.5960207,0.0,0.0,193.0,,0.058,-0.118,0.11486090074290622,0.03333333333333333,0.0,-0.0
1743597362.6163578,0.0,0.0,193.0,,0.058,-0.127,0.11497068813283384,0.03333333333333333,0.0,-0.0
1743597362.636654,0.0,0.0,193.0,,0.058,-0.127,0.11497068813283384,0.03333333333333333,0.0,-0.0
1743597362.657383,0.0,0.0,193.0,,0.058,-0.127,0.11497068813283384,0.03333333333333333,0.0,-0.0
1743597362.677907,0.0,0.0,193.0,,0.058,-0.118,0.11486090074290622,0.03333333333333333,0.0,-0.0
1743597362.698154,0.0,0.0,193.0,,0.058,-0.127,0.11497068813283384,0.03333333333333333,0.0,-0.0
1743597362.7187023,0.0,0.0,193.0,,0.058,-0.127,0.11497068813283384,0.03333333333333333,0.0,-0.0
1743597362.7414985,0.0,0.0,193.0,,0.058,-0.118,0.11486090074290622,0.03333333333333333,0.0,-0.0
1743597362.761698,0.0,0.0,193.0,,0.058,-0.118,0.11486090074290622,0.03333333333333333,0.0,-0.0
1743597362.781907,0.0,0.0,193.0,,0.048,-0.127,0.11491791098145931,0.03333333333333333,0.0,-0.0
1743597362.8020995,0.0,0.0,193.0,,0.048,-0.118,0.11480812181938127,0.03333333333333333,0.0,-0.0
1743597362.8223119,0.0,0.0,193.0,,0.058,-0.127,0.11497068813283384,0.03333333333333333,0.0,-0.0
1743597362.8424845,0.0,0.0,193.0,,0.058,-0.118,0.11486090074290622,0.03333333333333333,0.0,-0.0
1743597362.8667102,0.0,0.0,193.0,,0.058,-0.127,0.11497068813283384,0.03333333333333333,0.0,-0.0
1743597362.8869512,0.0,0.0,193.0,,0.058,-0.127,0.11497068813283384,0.03333333333333333,0.0,-0.0
1743597362.9071817,0.0,0.0,193.0,,0.058,-0.127,0.11497068813283384,0.03333333333333333,0.0,-0.0
1743597362.9273999,0.0,0.0,193.0,,0.058,-0.118,0.11486090074290622,0.03333333333333333,0.0,-0.0
1743597362.9476461,0.0,0.0,193.0,,0.058,-0.118,0.12485916860198643,0.03333333333333333,0.0,-0.0
1743597362.9678574,0.0,0.0,193.0,,0.048,-0.118,0.1048097527035452,0.03333333333333333,0.0,-0.0
1743597362.988289,0.0,0.0,193.0,,0.058,-0.127,0.11497068813283384,0.03333333333333333,0.0,-0.0
1743597363.0088482,0.0,0.0,193.0,,0.058,-0.127,0.11497068813283384,0.03333333333333333,0.0,-0.0
1743597363.029419,0.0,0.0,193.0,,0.048,-0.118,0.11480812181938127,0.03333333333333333,0.0,-0.0
1743597363.0502064,0.0,0.0,193.0,,0.058,-0.118,0.12485916860198643,0.03333333333333333,0.0,-0.0
1743597363.0709863,0.0,0.0,193.0,,0.058,-0.118,0.11486090074290622,0.03333333333333333,0.0,-0.0
1743597363.0911841,0.0,0.0,193.0,,0.058,-0.127,0.11497068813283384,0.03333333333333333,0.0,-0.0
1743597363.111377,0.0,0.0,193.0,,0.058,-0.127,0.11497068813283384,0.03333333333333333,0.0,-0.0
1743597363.1323817,0.0,0.0,193.0,,0.058,-0.127,0.11497068813283384,0.03333333333333333,0.0,-0.0
1743597363.1529214,0.0,0.0,193.0,,0.068,-0.118,0.11492363684568296,0.03333333333333333,0.0,-0.0
1743597363.173442,0.0,0.0,193.0,,0.058,-0.118,0.11486090074290622,0.03333333333333333,0.0,-0.0
1743597363.1937761,0.0,0.0,193.0,,0.058,-0.118,0.12485916860198643,0.03333333333333333,0.0,-0.0
1743597363.2143443,0.0,0.0,193.0,,0.048,-0.118,0.11480812181938127,0.03333333333333333,0.0,-0.0
1743597363.234623,0.0,0.0,193.0,,0.058,-0.118,0.11486090074290622,0.03333333333333333,0.0,-0.0
1743597363.2548218,0.0,0.0,193.0,,0.058,-0.118,0.11486090074290622,0.03333333333333333,0.0,-0.0
1743597363.2753134,0.0,0.0,193.0,,0.058,-0.127,0.11497068813283384,0.03333333333333333,0.0,-0.0
1743597363.2957792,0.0,0.0,193.0,,0.058,-0.118,0.11486090074290622,0.03333333333333333,0.0,-0.0
1743597363.318444,0.0,0.0,193.0,,0.058,-0.118,0.11486090074290622,0.03333333333333333,0.0,-0.0
1743597363.3386528,0.0,0.0,193.0,,0.058,-0.118,0.12485916860198643,0.03333333333333333,0.0,-0.0
1743597363.3588357,0.0,0.0,193.0,,0.048,-0.118,0.1048097527035452,0.03333333333333333,0.0,-0.0
1743597363.3790307,0.0,0.0,193.0,,0.048,-0.118,0.1048097527035452,0.03333333333333333,0.0,-0.0
1743597363.400377,0.0,0.0,193.0,,0.058,-0.127,0.11497068813283384,0.03333333333333333,0.0,-0.0
1743597363.4205797,0.0,0.0,193.0,,0.068,-0.127,0.11503342212915335,0.03333333333333333,0.0,-0.0
1743597363.4409204,0.0,0.0,193.0,,0.068,-0.127,0.11503342212915335,0.03333333333333333,0.0,-0.0
1743597363.4611187,0.0,0.0,193.0,,0.058,-0.118,0.11486090074290622,0.03333333333333333,0.0,-0.0
1743597363.4813035,0.0,0.0,193.0,,0.048,-0.118,0.1048097527035452,0.03333333333333333,0.0,-0.0
1743597363.5014706,0.0,0.0,193.0,,0.048,-0.127,0.11491791098145931,0.03333333333333333,0.0,-0.0
1743597363.5216627,0.0,0.0,193.0,,0.058,-0.127,0.12496873513130602,0.03333333333333333,0.0,-0.0
1743597363.5423162,0.0,0.0,193.0,,0.068,-0.127,0.11503342212915335,0.03333333333333333,0.0,-0.0
1743597363.5629675,0.0,0.0,193.0,,0.077,-0.118,0.11498861225460466,0.03333333333333333,0.0,-0.0
1743597363.583635,0.0,0.0,193.0,,0.068,-0.118,0.12492177849688879,0.03333333333333333,0.0,-0.0
1743597363.60642,0.0,0.0,193.0,,0.058,-0.118,0.11486090074290622,0.03333333333333333,0.0,-0.0
1743597363.6268387,0.0,0.0,193.0,,0.028,-0.127,0.12484053447318999,0.03333333333333333,0.0,-0.0
1743597363.6470494,0.0,0.0,193.0,,0.038,-0.118,0.10476684503330702,0.03333333333333333,0.0,-0.0
1743597363.667299,0.0,0.0,193.0,,0.019,-0.118,0.13470851650803972,0.03333333333333333,0.0,-0.0
1743597363.6884344,0.0,0.0,193.0,,0.068,-0.147,0.12530362321163757,0.03333333333333333,0.0,-0.0
1743597363.708662,0.0,0.0,193.0,,0.077,-0.108,0.10487785500081159,0.03333333333333333,0.0,-0.0
1743597363.728901,0.0,0.0,193.0,,0.068,-0.118,0.11492363684568296,0.03333333333333333,0.0,-0.0
1743597363.7492387,0.0,0.0,193.0,,0.107,-0.127,0.1153732103594951,0.03333333333333333,0.0,-0.0
1743597363.7694666,0.0,0.0,193.0,,0.028,-0.118,0.11473243734794814,0.03333333333333333,0.0,-0.0
1743597363.7898552,0.0,0.0,193.0,,0.038,-0.108,0.1046540849832045,0.03333333333333333,0.0,-0.0
1743597363.810428,0.0,0.0,193.0,,0.038,-0.147,0.12514562391058703,0.03333333333333333,0.0,-0.0
1743597363.8326101,0.0,0.0,193.0,,0.087,-0.127,0.13517530456499216,0.03333333333333333,0.0,-0.0
1743597363.852792,0.0,0.0,193.0,,0.087,-0.127,0.13517530456499216,0.03333333333333333,0.0,-0.0
1743597363.873027,0.0,0.0,193.0,,0.077,-0.108,0.10487785500081159,0.03333333333333333,0.0,-0.0
1743597363.893227,0.0,0.0,193.0,,0.028,-0.137,0.12497171648215222,0.03333333333333333,0.0,-0.0
1743597363.9134564,0.0,0.0,193.0,,0.028,-0.137,0.12497171648215222,0.03333333333333333,0.0,-0.0
1743597363.9353948,0.0,0.0,193.0,,0.028,-0.137,0.12497171648215222,0.03333333333333333,0.0,-0.0
1743597363.9555717,0.0,0.0,193.0,,0.068,-0.127,0.11503342212915335,0.03333333333333333,0.0,-0.0
1743597363.9757802,0.0,0.0,193.0,,0.068,-0.127,0.11503342212915335,0.03333333333333333,0.0,-0.0
1743597363.9959702,0.0,0.0,193.0,,0.068,-0.118,0.11492363684568296,0.03333333333333333,0.0,-0.0
1743597364.0165737,0.0,0.0,193.0,,0.058,-0.108,0.10474988138046193,0.03333333333333333,0.0,-0.0
1743597364.0370514,0.0,0.0,193.0,,0.058,-0.108,0.10474988138046193,0.03333333333333333,0.0,-0.0
1743597364.0577507,0.0,0.0,193.0,,0.028,-0.127,0.11484222905130892,0.03333333333333333,0.0,-0.0
1743597364.0779424,0.0,0.0,193.0,,0.048,-0.118,0.11480812181938127,0.03333333333333333,0.0,-0.0
1743597364.0981486,0.0,0.0,193.0,,0.048,-0.118,0.11480812181938127,0.03333333333333333,0.0,-0.0
1743597364.1185405,0.0,0.0,193.0,,0.077,-0.118,0.11498861225460466,0.03333333333333333,0.0,-0.0
1743597364.1392052,0.0,0.0,193.0,,0.068,-0.118,0.11492363684568296,0.03333333333333333,0.0,-0.0
1743597364.159417,0.0,0.0,193.0,,0.068,-0.118,0.11492363684568296,0.03333333333333333,0.0,-0.0
1743597364.179713,0.0,0.0,193.0,,0.038,-0.127,0.11487509115721117,0.03333333333333333,0.0,-0.0
1743597364.1999557,0.0,0.0,193.0,,0.038,-0.127,0.11487509115721117,0.03333333333333333,0.0,-0.0
1743597364.2204115,0.0,0.0,193.0,,0.038,-0.127,0.11487509115721117,0.03333333333333333,0.0,-0.0
1743597364.240588,0.0,0.0,193.0,,0.058,-0.118,0.11486090074290622,0.03333333333333333,0.0,-0.0
1743597364.2609808,0.0,0.0,193.0,,0.068,-0.118,0.12492177849688879,0.03333333333333333,0.0,-0.0
1743597364.2813542,0.0,0.0,193.0,,0.068,-0.118,0.12492177849688879,0.03333333333333333,0.0,-0.0
1743597364.3015463,0.0,0.0,193.0,,0.048,-0.127,0.12491606415143508,0.03333333333333333,0.0,-0.0
1743597364.3217545,0.0,0.0,193.0,,0.058,-0.127,0.11497068813283384,0.03333333333333333,0.0,-0.0
1743597364.3419511,0.0,0.0,193.0,,0.058,-0.118,0.11486090074290622,0.03333333333333333,0.0,-0.0
1743597364.3628533,0.0,0.0,193.0,,0.058,-0.127,0.11497068813283384,0.03333333333333333,0.0,-0.0
1743597364.3834825,0.0,0.0,193.0,,0.058,-0.127,0.11497068813283384,0.03333333333333333,0.0,-0.0
1743597364.4037485,0.0,0.0,193.0,,0.068,-0.118,0.11492363684568296,0.03333333333333333,0.0,-0.0
1743597364.4239802,0.0,0.0,193.0,,0.058,-0.127,0.12496873513130602,0.03333333333333333,0.0,-0.0
1743597364.444741,0.0,0.0,193.0,,0.058,-0.127,0.11497068813283384,0.03333333333333333,0.0,-0.0
1743597364.4662077,0.0,0.0,193.0,,0.058,-0.118,0.10486263812704877,0.03333333333333333,0.0,-0.0
1743597364.4864116,0.0,0.0,193.0,,0.058,-0.118,0.11486090074290622,0.03333333333333333,0.0,-0.0
1743597364.5066369,0.0,0.0,193.0,,0.058,-0.118,0.11486090074290622,0.03333333333333333,0.0,-0.0
1743597364.5270467,0.0,0.0,193.0,,0.048,-0.127,0.11491791098145931,0.03333333333333333,0.0,-0.0
1743597364.5472558,0.0,0.0,193.0,,0.058,-0.127,0.11497068813283384,0.03333333333333333,0.0,-0.0
1743597364.5674667,0.0,0.0,193.0,,0.058,-0.127,0.11497068813283384,0.03333333333333333,0.0,-0.0
1743597364.5904825,0.0,0.0,193.0,,0.058,-0.118,0.11486090074290622,0.03333333333333333,0.0,-0.0
1743597364.6109495,0.0,0.0,193.0,,0.058,-0.118,0.10486263812704877,0.03333333333333333,0.0,-0.0
1743597364.6311762,0.0,0.0,193.0,,0.058,-0.118,0.11486090074290622,0.03333333333333333,0.0,-0.0
1743597364.651389,0.0,0.0,193.0,,0.048,-0.127,0.12491606415143508,0.03333333333333333,0.0,-0.0
1743597364.6723971,0.0,0.0,193.0,,0.058,-0.118,0.12485916860198643,0.03333333333333333,0.0,-0.0
1743597364.6929524,0.0,0.0,193.0,,0.058,-0.118,0.12485916860198643,0.03333333333333333,0.0,-0.0
1743597364.7134569,0.0,0.0,193.0,,0.048,-0.118,0.11480812181938127,0.03333333333333333,0.0,-0.0
1743597364.7336361,0.0,0.0,193.0,,0.058,-0.127,0.11497068813283384,0.03333333333333333,0.0,-0.0
1743597364.753819,0.0,0.0,193.0,,0.058,-0.127,0.11497068813283384,0.03333333333333333,0.0,-0.0
1743597364.774001,0.0,0.0,193.0,,0.058,-0.127,0.12496873513130602,0.03333333333333333,0.0,-0.0
1743597364.7942803,0.0,0.0,193.0,,0.058,-0.127,0.11497068813283384,0.03333333333333333,0.0,-0.0
1743597364.8144562,0.0,0.0,193.0,,0.058,-0.127,0.11497068813283384,0.03333333333333333,0.0,-0.0
1743597364.8346865,0.0,0.0,193.0,,0.068,-0.127,0.11503342212915335,0.03333333333333333,0.0,-0.0
1743597364.8549638,0.0,0.0,193.0,,0.048,-0.127,0.11491791098145931,0.03333333333333333,0.0,-0.0
1743597364.8752217,0.0,0.0,193.0,,0.048,-0.127,0.11491791098145931,0.03333333333333333,0.0,-0.0
1743597364.895427,0.0,0.0,193.0,,0.048,-0.127,0.12491606415143508,0.03333333333333333,0.0,-0.0
1743597364.9157124,0.0,0.0,193.0,,0.058,-0.127,0.11497068813283384,0.03333333333333333,0.0,-0.0
1743597364.937377,0.0,0.0,193.0,,0.058,-0.127,0.11497068813283384,0.03333333333333333,0.0,-0.0
1743597364.9575553,0.0,0.0,193.0,,0.058,-0.127,0.11497068813283384,0.03333333333333333,0.0,-0.0
1743597364.977751,0.0,0.0,193.0,,0.058,-0.118,0.11486090074290622,0.03333333333333333,0.0,-0.0
1743597364.998223,0.0,0.0,193.0,,0.058,-0.118,0.11486090074290622,0.03333333333333333,0.0,-0.0
1743597365.018497,0.0,0.0,193.0,,0.048,-0.118,0.11480812181938127,0.03333333333333333,0.0,-0.0
1743597365.0387764,0.0,0.0,193.0,,0.058,-0.118,0.11486090074290622,0.03333333333333333,0.0,-0.0
1743597365.0589783,0.0,0.0,193.0,,0.058,-0.118,0.11486090074290622,0.03333333333333333,0.0,-0.0
1743597365.0791454,0.0,0.0,193.0,,0.058,-0.118,0.12485916860198643,0.03333333333333333,0.0,-0.0
1743597365.099312,0.0,0.0,193.0,,0.068,-0.127,0.11503342212915335,0.03333333333333333,0.0,-0.0
1743597365.1195517,0.0,0.0,193.0,,0.068,-0.127,0.11503342212915335,0.03333333333333333,0.0,-0.0
1743597365.1397305,0.0,0.0,193.0,,0.058,-0.127,0.11497068813283384,0.03333333333333333,0.0,-0.0
1743597365.1608005,0.0,0.0,193.0,,0.058,-0.118,0.11486090074290622,0.03333333333333333,0.0,-0.0
1743597365.1809711,0.0,0.0,193.0,,0.058,-0.118,0.11486090074290622,0.03333333333333333,0.0,-0.0
1743597365.202521,0.0,0.0,193.0,,0.058,-0.118,0.10486263812704877,0.03333333333333333,0.0,-0.0
1743597365.222741,0.0,0.0,193.0,,0.058,-0.127,0.11497068813283384,0.03333333333333333,0.0,-0.0
1743597365.2429445,0.0,0.0,193.0,,0.068,-0.127,0.12503134292821727,0.03333333333333333,0.0,-0.0
1743597365.2631526,0.0,0.0,193.0,,0.058,-0.118,0.12485916860198643,0.03333333333333333,0.0,-0.0
1743597365.2833555,0.0,0.0,193.0,,0.058,-0.108,0.11474837106646518,0.03333333333333333,0.0,-0.0
1743597365.3041468,0.0,0.0,193.0,,0.058,-0.108,0.11474837106646518,0.03333333333333333,0.0,-0.0
1743597365.3255417,0.0,0.0,193.0,,0.048,-0.127,0.10491976340180464,0.03333333333333333,0.0,-0.0
1743597365.3461044,0.0,0.0,193.0,,0.058,-0.118,0.12485916860198643,0.03333333333333333,0.0,-0.0
1743597365.3664653,0.0,0.0,193.0,,-0.422,-0.422,0.13169067466591322,0.06666666666666667,0.0,0.03333333333333333
1743597365.3869643,0.0,0.0,192.0,,0.313,0.146,1.197829273884011,0.4,0.03333333333333333,0.4666666666666667
1743597365.407185,-1.0,0.0,192.0,,0.509,-1.7997918928502488,0.919607237900598,1.7,0.03333333333333333,0.6333333333333333
1743597365.427391,-3.0,0.0,204.0,,0.323,-2.850584269256721,1.8622000172114728,3.5,0.1,-0.43333333333333335
1743597365.4480438,-6.0,0.0,209.0,,1.411,-3.7115757753443193,2.0371507602705616,5.9,0.36666666666666664,-0.5666666666666667
1743597365.4686756,-12.0,0.0,211.0,,-0.265,0.1276136869222193,2.8658025373994427,6.966666666666667,0.23333333333333334,-0.06666666666666667
1743597365.48889,-19.0,0.0,211.0,,-0.392,2.860823595224707,-0.5179569206713168,4.966666666666667,-0.06666666666666667,0.16666666666666666
1743597365.5090997,-25.0,0.0,211.0,,0.009,2.488885147676262,-1.6782972465270936,3.1666666666666665,0.23333333333333334,0.4666666666666667
1743597365.5299294,-30.0,0.0,211.0,,-0.069,-0.5470000000000006,0.5677508976712549,2.8666666666666667,0.13333333333333333,0.5666666666666667
1743597365.550231,-33.0,0.0,210.0,,0.695,-2.3940910665025843,0.9971584030108609,4.066666666666666,-0.3333333333333333,0.4666666666666667
1743597365.5713868,-37.0,0.0,210.0,,0.264,0.9608053771215941,-1.098197359141757,4.866666666666666,-0.4,0.6666666666666666
1743597365.591601,-42.0,0.0,209.0,,0.47,1.5921712483803994,-1.5345038718630875,4.0,-0.06666666666666667,0.9333333333333333
1743597365.6117806,-46.0,0.0,208.0,,0.44,0.6237234413221673,-0.6458902863916833,3.566666666666667,0.13333333333333333,0.36666666666666664
1743597365.6319475,-54.0,-1.0,208.0,,0.4067918928502487,-2.0955432851817655,0.8074756654301822,3.8333333333333335,-0.1,0.5333333333333333
1743597365.652155,-54.0,-1.0,208.0,,0.4067918928502487,-2.0955432851817655,0.8074756654301822,3.8333333333333335,-0.1,0.5333333333333333
1743597365.6726718,-58.0,-1.0,208.0,,0.4257918928502487,0.6013518232945394,-0.4076770244448351,3.8,0.03333333333333333,0.36666666666666664
1743597365.6929321,-64.0,-2.0,206.0,,0.5396359373484655,0.49116959419482775,-0.2933646037038504,2.1666666666666665,0.06666666666666667,0.3
1743597365.7131462,-64.0,-2.0,206.0,,0.5396359373484655,0.49116959419482775,-0.2933646037038504,2.1666666666666665,0.06666666666666667,0.3
1743597365.7335572,-66.0,-2.0,206.0,,1.0096359373484656,0.4688809394739142,-0.23832596616472213,1.8666666666666667,0.2,-0.0
1743597365.7537692,-69.0,-1.0,207.0,,0.8277918928502488,-0.2265760160624506,-0.032540879522420685,1.0,0.23333333333333334,-0.7333333333333333
1743597365.773976,-69.0,-1.0,207.0,,0.8277918928502488,-0.2265760160624506,-0.032540879522420685,1.0,0.23333333333333334,-0.7333333333333333
1743597365.7982256,-70.0,0.0,210.0,,0.43,-0.36261539009023913,-0.0049047416379133235,1.1333333333333333,0.3333333333333333,-1.0666666666666667
1743597365.8183713,-72.0,7.0,218.0,,1.1265382588044968,-1.006135575144544,0.09192813815318646,1.8333333333333333,0.06666666666666667,-0.8
1743597365.838573,-72.0,7.0,218.0,,1.1265382588044968,-1.006135575144544,0.09192813815318646,1.8333333333333333,0.06666666666666667,-0.8
1743597365.8589325,-75.0,14.0,225.0,,3.2642537958327407,-1.2032676441042405,0.12215074370375523,2.6,0.2,-0.03333333333333333
1743597365.881423,-77.0,17.0,227.0,,3.279166423330048,2.409570335543159,-0.14422059920310215,2.2333333333333334,0.36666666666666664,-0.13333333333333333
1743597365.9017124,-77.0,17.0,227.0,,3.279166423330048,2.409570335543159,-0.14422059920310215,2.2333333333333334,0.36666666666666664,-0.13333333333333333
1743597365.9219341,-79.0,20.0,230.0,,3.5312176060248106,0.2647626696215841,-0.0009466005282681503,0.43333333333333335,0.06666666666666667,0.5333333333333333
1743597365.942161,-79.0,16.0,227.0,,3.1250024605647617,0.5487626696215848,-1.6661712314041641,0.0,-0.03333333333333333,0.43333333333333335
1743597365.9631948,-79.0,16.0,227.0,,3.1250024605647617,0.5487626696215848,-1.6661712314041641,0.0,-0.03333333333333333,0.43333333333333335
1743597365.9835513,-79.0,10.0,221.0,,1.8204886229125867,-0.363237330378416,-0.5428628188687665,0.5,0.16666666666666666,0.13333333333333333
1743597366.0037625,-79.0,9.0,219.0,,1.4076221020446649,0.8917626696215848,-0.0024512207059561655,0.7666666666666667,-0.06666666666666667,-0.0
1743597366.0241454,-79.0,9.0,219.0,,2.239622102044665,0.8327626696215837,-0.6185162168234773,0.6333333333333333,-0.4,-0.36666666666666664
1743597366.046226,-79.0,12.0,222.0,,3.705613686922219,-0.26523733037841524,-0.03757530839638802,0.5333333333333333,-0.3,-0.9666666666666667
1743597366.0664256,-79.0,19.0,228.0,,4.281823595224708,-1.2362373303784153,-0.9657511122131979,0.43333333333333335,0.36666666666666664,-0.8333333333333334
1743597366.0866463,-79.0,24.0,234.0,,4.0380864685736,-0.25523733037841545,-0.3884805622645003,0.8,0.4666666666666667,-0.5666666666666667
1743597366.1068769,-79.0,28.0,238.0,,4.468516030929589,0.9407626696215843,-0.08089677851259752,0.5333333333333333,0.23333333333333334,-0.3
1743597366.1270845,-79.0,29.0,240.0,,4.726982374616567,0.7347626696215848,-1.970948643204381,-0.8333333333333334,-0.03333333333333333,0.4666666666666667
1743597366.1472957,-79.0,28.0,238.0,,5.104516030929589,-1.4812373303784163,-1.1603707541068422,-0.5,0.1,0.13333333333333333
1743597366.16756,-78.0,24.0,234.0,,3.9800864685736004,0.23062796319863388,-1.2823259025267197,-0.3333333333333333,0.16666666666666666,-0.0
1743597366.1877613,-77.0,21.0,232.0,,3.515589585039396,0.869570335543159,-1.3330557242822199,-0.7,0.1,0.1
1743597366.208252,-76.0,19.0,230.0,,3.5458235952247072,-0.4743989252324745,-0.21196941327455188,-0.8333333333333334,0.1,0.06666666666666667
1743597366.2285163,-75.0,18.0,229.0,,3.4224567148182343,0.59073235589576,-1.0695303467889756,0.0,0.36666666666666664,-0.0
1743597366.2503886,-74.0,16.0,227.0,,3.360002460564762,-0.21002276284509236,-0.3345127396414528,0.0,0.7333333333333333,-0.0
1743597366.2706616,-74.0,15.0,227.0,,2.832014832455729,-0.190022762845091,-0.0007515102474478438,0.0,1.0,-0.0
1743597366.2908614,-74.0,14.0,226.0,,2.3732537958327407,-0.30802276284509134,-0.001733383488877166,0.03333333333333333,0.7666666666666667,-0.0
1743597366.3113718,-74.0,13.0,226.0,,1.8337698431133156,-0.3180227628450911,-0.000809999067143713,0.03333333333333333,0.36666666666666664,-0.0
1743597366.331611,-74.0,12.0,226.0,,2.000613686922219,-0.30802276284509134,-0.002212439261627619,0.03333333333333333,0.03333333333333333,-0.0
1743597366.3517928,-73.0,11.0,225.0,,2.0868362446439046,-0.32765034400262216,-0.2532688275463958,0.03333333333333333,0.0,-0.0
1743597366.3720055,-73.0,11.0,225.0,,2.0868362446439046,-0.32765034400262216,-0.2532688275463958,0.03333333333333333,0.0,-0.0
1743597366.392225,-73.0,11.0,225.0,,2.0568362446439044,-0.3366503440026225,-0.19489568313076733,0.03333333333333333,0.0,-0.0
1743597366.414378,-73.0,11.0,225.0,,2.0668362446439046,-0.32765034400262216,-0.19498441397077015,0.03333333333333333,0.0,-0.0
1743597366.435523,-73.0,11.0,225.0,,2.0868362446439046,-0.3176503440026224,-0.23530133668400097,0.03333333333333333,0.0,-0.0
1743597366.455726,-73.0,11.0,224.0,,2.1058362446439047,-0.32765034400262216,-0.15477597838649798,0.06666666666666667,0.0,-0.0
1743597366.4758945,-74.0,11.0,224.0,,2.0868362446439046,-0.26902276284509163,-0.2735091537912825,0.03333333333333333,0.0,-0.0
1743597366.4960907,-74.0,11.0,224.0,,2.0868362446439046,-0.26902276284509163,-0.2735091537912825,0.03333333333333333,0.0,-0.0
1743597366.5164793,-74.0,11.0,224.0,,2.0868362446439046,-0.2790227628450914,-0.235179567032963,0.03333333333333333,0.0,-0.0
1743597366.536948,-74.0,11.0,224.0,,2.0768362446439044,-0.26902276284509163,-0.17497248317542238,0.03333333333333333,0.0,-0.0
1743597366.5575001,-74.0,11.0,224.0,,2.0768362446439044,-0.26902276284509163,-0.17497248317542238,0.03333333333333333,0.0,-0.0
1743597366.5779705,-75.0,11.0,223.0,,2.0668362446439046,-0.22326764410424005,-0.23530648981816105,0.03333333333333333,0.0,-0.0
1743597366.5981915,-75.0,11.0,223.0,,2.0668362446439046,-0.23326764410423984,-0.2150847310005029,0.03333333333333333,0.0,-0.0
1743597366.6185598,-75.0,11.0,223.0,,2.0668362446439046,-0.23326764410423984,-0.2150847310005029,0.03333333333333333,0.0,-0.0
1743597366.639316,-76.0,11.0,223.0,,2.0768362446439044,-0.19039892523247381,-0.21508243905836386,0.03333333333333333,0.0,-0.0
1743597366.6595485,-76.0,10.0,223.0,,1.8984886229125868,-0.19939892523247416,-0.21498468438503748,0.03333333333333333,0.0,-0.0
1743597366.679775,-76.0,10.0,223.0,,1.8984886229125868,-0.19939892523247416,-0.21498468438503748,0.03333333333333333,0.0,-0.0
1743597366.7002153,-77.0,10.0,222.0,,1.8984886229125868,-0.1404296644568408,-0.17497435259967012,0.03333333333333333,0.0,-0.0
1743597366.7203937,-77.0,10.0,222.0,,1.8984886229125868,-0.15042966445684058,-0.23518470427017035,0.03333333333333333,0.0,-0.0
1743597366.7405918,-77.0,10.0,222.0,,1.8984886229125868,-0.15042966445684058,-0.23518470427017035,0.03333333333333333,0.0,-0.0
1743597366.7611873,-78.0,10.0,222.0,,1.9084886229125868,-0.10337203680136575,-0.19508330411710084,0.03333333333333333,0.0,-0.0
1743597366.7816305,-78.0,10.0,222.0,,1.9084886229125868,-0.10337203680136575,-0.15486138185196685,0.03333333333333333,0.0,-0.0
1743597366.8018298,-78.0,10.0,222.0,,1.8984886229125868,-0.13237203680136567,-0.25302591867326624,0.03333333333333333,0.0,-0.0
1743597366.8221722,-78.0,10.0,221.0,,1.9184886229125868,-0.11337203680136554,-0.21508003267602865,0.03333333333333333,0.0,-0.0
1743597366.8424866,-79.0,9.0,221.0,,1.729622102044665,-0.05923733037841572,-0.1368335763780655,0.03333333333333333,0.0,-0.0
1743597366.8627958,-79.0,9.0,221.0,,1.729622102044665,-0.06923733037841551,-0.19508538835657752,0.03333333333333333,0.0,-0.0
1743597366.8829806,-79.0,9.0,221.0,,1.719622102044665,-0.08823733037841563,-0.2531591129895862,0.03333333333333333,0.0,-0.0
1743597366.9054127,-80.0,9.0,220.0,,1.719622102044665,-0.048035942950239274,-0.21508690848059353,0.03333333333333333,0.0,-0.0
1743597366.9255924,-80.0,9.0,220.0,,1.729622102044665,-0.03803594295023949,-0.19508538835657752,0.03333333333333333,0.0,-0.0
1743597366.945796,-80.0,9.0,220.0,,1.749622102044665,-0.057035942950239615,-0.23507018841152993,0.03333333333333333,0.0,-0.0
1743597366.9673908,-80.0,8.0,220.0,,1.5802881204182422,-0.03803594295023949,-0.17497052040821887,0.03333333333333333,0.0,-0.0
1743597366.9877958,-81.0,8.0,220.0,,1.5602881204182422,-0.009777378761697264,-0.17497435259967012,0.03333333333333333,0.0,-0.0
1743597367.0079732,-81.0,8.0,219.0,,1.5602881204182422,-0.028777378761697392,-0.23507531139733176,0.03333333333333333,0.0,-0.0
1743597367.028496,-81.0,8.0,219.0,,1.5502881204182422,-0.028777378761697392,-0.23507768569005139,0.03333333333333333,0.0,-0.0
1743597367.0488129,-81.0,7.0,219.0,,1.3805382588044968,-0.009777378761697264,-0.17497612866309498,0.03333333333333333,0.0,-0.0
1743597367.0690053,-82.0,7.0,219.0,,1.3905382588044968,0.005529754354805405,-0.19498441397077015,0.03333333333333333,0.0,-0.0
1743597367.0923877,-82.0,7.0,218.0,,1.4005382588044968,-0.003470245645194936,-0.2531538649018761,0.03333333333333333,0.0,-0.0
1743597367.1125655,-82.0,7.0,218.0,,1.4105382588044968,0.005529754354805405,-0.19498015460385493,0.03333333333333333,0.0,-0.0
1743597367.1327899,-82.0,6.0,218.0,,1.2404242246556807,0.015529754354805192,-0.17497052040821887,0.03333333333333333,0.0,-0.0
1743597367.1531062,-83.0,6.0,217.0,,1.2404242246556807,0.037877747601369194,-0.19508111580864151,0.03333333333333333,0.0,-0.0
1743597367.17333,-83.0,6.0,217.0,,1.2304242246556807,0.027877747601369407,-0.21508243905836386,0.03333333333333333,0.0,-0.0
1743597367.193663,-83.0,5.0,216.0,,1.0399978363545266,0.027877747601369407,-0.21508690848059353,0.03333333333333333,0.0,-0.0
1743597367.2138786,-83.0,5.0,216.0,,1.0399978363545266,0.027877747601369407,-0.21508690848059353,0.03333333333333333,0.0,-0.0
1743597367.2342448,-83.0,5.0,216.0,,1.0499978363545266,0.018877747601369066,-0.21498468438503748,0.03333333333333333,0.0,-0.0
1743597367.2550523,-84.0,4.0,215.0,,0.8993110074298692,0.04725979356276255,-0.19498015460385493,0.03333333333333333,0.0,-0.0
1743597367.2753124,-84.0,4.0,215.0,,0.8993110074298692,0.04725979356276255,-0.19498015460385493,0.03333333333333333,0.0,-0.0
1743597367.295584,-84.0,3.0,215.0,,0.718415730743279,0.04725979356276255,-0.19498233616141908,0.03333333333333333,0.0,-0.0
1743597367.3158016,-84.0,3.0,214.0,,0.718415730743279,0.05725979356276234,-0.19508330411710084,0.03333333333333333,0.0,-0.0
1743597367.3385744,-84.0,3.0,214.0,,0.708415730743279,0.04725979356276255,-0.23518470427017035,0.03333333333333333,0.0,-0.0
1743597367.3587606,-85.0,2.0,213.0,,0.5373640626515346,0.06366998828002401,-0.19498441397077015,0.03333333333333333,0.0,-0.0
1743597367.3790581,-85.0,1.0,212.0,,0.3762081071497513,0.06366998828002401,-0.19498233616141908,0.03333333333333333,0.0,-0.0
1743597367.399393,-85.0,1.0,212.0,,0.3762081071497513,0.06366998828002401,-0.19498233616141908,0.03333333333333333,0.0,-0.0
1743597367.419571,-85.0,0.0,211.0,,0.215,0.06366998828002401,-0.19498015460385493,0.03333333333333333,0.0,-0.0
1743597367.4400492,-85.0,0.0,210.0,,0.195,0.054669988280023674,-0.19489371456630186,0.03333333333333333,0.0,-0.0
1743597367.460244,-85.0,0.0,210.0,,0.195,0.054669988280023674,-0.19489371456630186,0.03333333333333333,0.0,-0.0
1743597367.480383,-86.0,-1.0,209.0,,0.02379189285024874,0.07710333304887662,-0.2150847310005029,0.03333333333333333,0.0,-0.0
1743597367.5006588,-86.0,-2.0,208.0,,-0.13736406265153453,0.07710333304887662,-0.19498233616141908,0.03333333333333333,0.0,-0.0
1743597367.5208433,-86.0,-2.0,208.0,,-0.13736406265153453,0.07710333304887662,-0.19498233616141908,0.03333333333333333,0.0,-0.0
1743597367.5413547,-86.0,-4.0,206.0,,-0.4793110074298693,0.07710333304887662,-0.19498233616141908,0.03333333333333333,0.0,-0.0
1743597367.5618281,-86.0,-5.0,205.0,,-0.6499978363545267,0.06810333304887628,-0.194891642521468,0.03333333333333333,0.0,-0.0
1743597367.5826972,-86.0,-5.0,205.0,,-0.6499978363545267,0.06810333304887628,-0.194891642521468,0.03333333333333333,0.0,-0.0
1743597367.606382,-86.0,-7.0,203.0,,-1.0005382588044966,0.08710333304887641,-0.19508538835657752,0.03333333333333333,0.0,-0.0
1743597367.6265566,-87.0,-8.0,202.0,,-1.180288120418242,0.0875557359423702,-0.19498638801209645,0.03333333333333333,0.0,-0.0
1743597367.6467357,-87.0,-9.0,201.0,,-1.3396221020446648,0.0875557359423702,-0.2150847310005029,0.03333333333333333,0.0,-0.0
1743597367.6673684,-87.0,-10.0,200.0,,-1.4984886229125867,0.0875557359423702,-0.21508243905836386,0.03333333333333333,0.0,-0.0
1743597367.687603,-87.0,-11.0,199.0,,-1.6668362446439045,0.0875557359423702,-0.19498233616141908,0.03333333333333333,0.0,-0.0
1743597367.7080388,-87.0,-12.0,197.0,,-1.8346136869222192,0.0875557359423702,-0.19498233616141908,0.03333333333333333,0.0,-0.0
1743597367.7282116,-87.0,-14.0,196.0,,-2.1682537958327406,0.0875557359423702,-0.21508243905836386,0.03333333333333333,0.0,-0.0
1743597367.7503545,-87.0,-15.0,195.0,,-2.344014832455729,0.0875557359423702,-0.19498441397077015,0.03333333333333333,0.0,-0.0
1743597367.7706294,-87.0,-17.0,193.0,,-2.673166423330048,0.09755573594236999,-0.19508538835657752,0.03333333333333333,0.0,-0.0
1743597367.790862,-87.0,-19.0,191.0,,-2.9988235952247075,0.0875557359423702,-0.19498441397077015,0.03333333333333333,0.0,-0.0
1743597367.8110688,-87.0,-20.0,190.0,,-3.1702176060248104,0.0875557359423702,-0.21508690848059353,0.03333333333333333,0.0,-0.0
1743597367.832364,-87.0,-22.0,188.0,,-3.469890681410097,0.0875557359423702,-0.19498233616141908,0.03333333333333333,0.0,-0.0
1743597367.8525763,-87.0,-24.0,186.0,,-3.7850864685736,0.0875557359423702,-0.19498233616141908,0.03333333333333333,0.0,-0.0
1743597367.8728046,-88.0,-26.0,184.0,,-4.095420950000849,0.09502401305732988,-0.19498233616141908,0.03333333333333333,0.0,-0.0
1743597367.8930109,-88.0,-28.0,182.0,,-4.410516030929589,0.09502401305732988,-0.2150847310005029,0.03333333333333333,0.0,-0.0
1743597367.9131842,-88.0,-33.0,177.0,,-5.137908933497416,0.09502401305732988,-0.21508243905836386,0.03333333333333333,0.0,-0.0
1743597367.93358,-88.0,-33.0,177.0,,-5.137908933497416,0.09502401305732988,-0.21508243905836386,0.03333333333333333,0.0,-0.0
1743597367.9537954,-88.0,-35.0,174.0,,-5.421784840603762,0.09502401305732988,-0.21508243905836386,0.03333333333333333,0.0,-0.0
1743597367.9742231,-88.0,-41.0,169.0,,-6.240939074396876,0.09502401305732988,-0.17488378529122667,0.03333333333333333,0.0,-0.0
1743597367.9946392,-88.0,-41.0,169.0,,-6.240939074396876,0.09502401305732988,-0.17488378529122667,0.03333333333333333,0.0,-0.0
1743597368.0151098,-88.0,-44.0,166.0,,-6.619598614202763,0.09502401305732988,-0.2150847310005029,0.03333333333333333,0.0,-0.0
1743597368.0352952,-88.0,-50.0,160.0,,-7.3198959869971745,0.09502401305732988,-0.19498441397077015,0.03333333333333333,0.0,-0.0
1743597368.0558536,-88.0,-50.0,160.0,,-7.3198959869971745,0.09502401305732988,-0.19498441397077015,0.03333333333333333,0.0,-0.0
1743597368.0761373,-88.0,-56.0,154.0,,-7.927858586764959,0.09502401305732988,-0.19498233616141908,0.03333333333333333,0.0,-0.0
1743597368.0963116,-88.0,-60.0,150.0,,-8.290709211125343,0.09502401305732988,-0.19498233616141908,0.03333333333333333,0.0,-0.0
1743597368.1167161,-88.0,-60.0,150.0,,-8.290709211125343,0.09502401305732988,-0.19498233616141908,0.03333333333333333,0.0,-0.0
1743597368.1370182,-88.0,-64.0,146.0,,-8.622169594194828,0.10502401305732967,-0.19508538835657752,0.03333333333333333,0.0,-0.0
1743597368.1572185,-88.0,-70.0,140.0,,-9.02338460990976,0.10502401305732967,-0.21519611149926987,0.03333333333333333,0.0,-0.0
1743597368.1775198,-88.0,-70.0,140.0,,-9.02338460990976,0.10502401305732967,-0.21519611149926987,0.03333333333333333,0.0,-0.0
1743597368.1978595,-88.0,-77.0,133.0,,-9.353570335543159,0.09502401305732988,-0.19498233616141908,0.03333333333333333,0.0,-0.0
1743597368.2181506,-88.0,-80.0,130.0,,-9.46596405704976,0.09502401305732988,-0.19498441397077015,0.03333333333333333,0.0,-0.0
1743597368.2384093,-88.0,-80.0,130.0,,-9.46596405704976,0.09502401305732988,-0.19498441397077015,0.03333333333333333,0.0,-0.0
1743597368.2586255,-88.0,-86.0,124.0,,-9.591103333048876,0.09502401305732988,-0.19498441397077015,0.03333333333333333,0.0,-0.0
1743597368.2788281,-88.0,-89.0,121.0,,-9.613505889484198,0.09502401305732988,-0.19498441397077015,0.03333333333333333,0.0,-0.0
1743597368.299316,-88.0,-89.0,121.0,,-9.613505889484198,0.09502401305732988,-0.19498441397077015,0.03333333333333333,0.0,-0.0
1743597368.3194995,-88.0,-94.0,116.0,,-9.581103333048876,0.10502401305732967,-0.19508330411710084,0.03333333333333333,0.0,-0.0
1743597368.3397276,-88.0,-96.0,114.0,,-9.551259793562762,0.09502401305732988,-0.19498233616141908,0.03333333333333333,0.0,-0.0
1743597368.3599534,-88.0,-96.0,114.0,,-9.551259793562762,0.09502401305732988,-0.19498233616141908,0.03333333333333333,0.0,-0.0
1743597368.3802295,-88.0,-100.0,110.0,,-9.46596405704976,0.09502401305732988,-0.2150847310005029,0.03333333333333333,0.0,-0.0
1743597368.400785,-88.0,-101.0,108.0,,-9.424762669621584,0.09502401305732988,-0.19498233616141908,0.03333333333333333,0.0,-0.0
1743597368.4226024,-88.0,-103.0,107.0,,-9.353570335543159,0.09502401305732988,-0.21508243905836386,0.03333333333333333,0.0,-0.0
1743597368.4428174,-88.0,-104.0,106.0,,-9.313601074767526,0.09502401305732988,-0.21508243905836386,0.03333333333333333,0.0,-0.0
1743597368.4630334,-88.0,-105.0,105.0,,-9.28073235589576,0.09502401305732988,-0.2150847310005029,0.03333333333333333,0.0,-0.0
1743597368.4832096,-88.0,-106.0,104.0,,-9.234977237154908,0.09502401305732988,-0.19498441397077015,0.03333333333333333,0.0,-0.0
1743597368.5033844,-88.0,-107.0,103.0,,-9.17634965599738,0.09502401305732988,-0.19498233616141908,0.03333333333333333,0.0,-0.0
1743597368.5235767,-88.0,-108.0,102.0,,-9.124864424855458,0.09502401305732988,-0.19498233616141908,0.03333333333333333,0.0,-0.0
1743597368.5441754,-88.0,-109.0,101.0,,-9.070537226629298,0.09502401305732988,-0.21508243905836386,0.03333333333333333,0.0,-0.0
1743597368.5644672,-88.0,-109.0,100.0,,-9.070537226629298,0.09502401305732988,-0.19498233616141908,0.03333333333333333,0.0,-0.0
1743597368.5846474,-88.0,-110.0,100.0,,-9.023384609909762,0.09502401305732988,-0.19498441397077015,0.03333333333333333,0.0,-0.0
1743597368.604853,-88.0,-110.0,99.0,,-9.023384609909762,0.09502401305732988,-0.19498441397077015,0.03333333333333333,0.0,-0.0
1743597368.6253085,-88.0,-111.0,99.0,,-8.963423983937549,0.09502401305732988,-0.19498441397077015,0.03333333333333333,0.0,-0.0
1743597368.645904,-88.0,-111.0,98.0,,-8.95342398393755,0.09502401305732988,-0.21508243905836386,0.03333333333333333,0.0,-0.0
1743597368.666304,-88.0,-112.0,98.0,,-8.890673613300185,0.09502401305732988,-0.19498233616141908,0.03333333333333333,0.0,-0.0
1743597368.686507,-88.0,-112.0,98.0,,-8.890673613300185,0.10502401305732967,-0.19508330411710084,0.03333333333333333,0.0,-0.0
1743597368.7068214,-88.0,-113.0,97.0,,-8.83515261236844,0.09502401305732988,-0.19498441397077015,0.03333333333333333,0.0,-0.0
1743597368.7269979,-88.0,-113.0,97.0,,-8.83515261236844,0.09502401305732988,-0.19498441397077015,0.03333333333333333,0.0,-0.0
1743597368.7475445,-88.0,-113.0,97.0,,-8.83515261236844,0.09502401305732988,-0.19498441397077015,0.03333333333333333,0.0,-0.0
1743597368.767886,-88.0,-113.0,96.0,,-8.82515261236844,0.09502401305732988,-0.19498233616141908,0.03333333333333333,0.0,-0.0
1743597368.7880754,-88.0,-114.0,96.0,,-8.766880939473914,0.09502401305732988,-0.19498441397077015,0.03333333333333333,0.0,-0.0
1743597368.8082497,-88.0,-114.0,96.0,,-8.756880939473914,0.09502401305732988,-0.19498233616141908,0.03333333333333333,0.0,-0.0
1743597368.828423,-88.0,-114.0,96.0,,-8.756880939473914,0.09502401305732988,-0.19498233616141908,0.03333333333333333,0.0,-0.0
1743597368.848616,-88.0,-114.0,96.0,,-8.766880939473914,0.08602401305732954,-0.19489371456630186,0.03333333333333333,0.0,-0.0
1743597368.8689337,-88.0,-114.0,96.0,,-8.766880939473914,0.09502401305732988,-0.2150847310005029,0.03333333333333333,0.0,-0.0
1743597368.8891203,-88.0,-114.0,95.0,,-8.766880939473914,0.09502401305732988,-0.19498441397077015,0.03333333333333333,0.0,-0.0
1743597368.9093106,-88.0,-115.0,95.0,,-8.695879390829537,0.09502401305732988,-0.19498441397077015,0.03333333333333333,0.0,-0.0
1743597368.929509,-88.0,-115.0,95.0,,-8.685879390829538,0.09502401305732988,-0.21508243905836386,0.03333333333333333,0.0,-0.0
1743597368.9497273,-88.0,-115.0,95.0,,-8.685879390829538,0.09502401305732988,-0.19498233616141908,0.03333333333333333,0.0,-0.0
1743597368.9699152,-88.0,-115.0,95.0,,-8.685879390829538,0.09502401305732988,-0.19498233616141908,0.03333333333333333,0.0,-0.0
1743597368.9900894,-88.0,-115.0,95.0,,-8.685879390829538,0.09502401305732988,-0.21508243905836386,0.03333333333333333,0.0,-0.0
1743597369.0102975,-88.0,-115.0,95.0,,-8.695879390829537,0.09502401305732988,-0.19498441397077015,0.03333333333333333,0.0,-0.0
1743597369.0304716,-88.0,-115.0,95.0,,-8.695879390829537,0.10502401305732967,-0.19508538835657752,0.03333333333333333,0.0,-0.0
1743597369.05067,-88.0,-115.0,95.0,,-8.685879390829538,0.09502401305732988,-0.19498233616141908,0.03333333333333333,0.0,-0.0
1743597369.0713694,-88.0,-115.0,95.0,,-8.695879390829537,0.09502401305732988,-0.2150847310005029,0.03333333333333333,0.0,-0.0
1743597369.0916193,-88.0,-115.0,94.0,,-8.685879390829538,0.09502401305732988,-0.19498233616141908,0.03333333333333333,0.0,-0.0
1743597369.1121192,-88.0,-116.0,94.0,,-8.612169594194828,0.09502401305732988,-0.21508243905836386,0.03333333333333333,0.0,-0.0
1743597369.1323268,-88.0,-116.0,94.0,,-8.612169594194828,0.09502401305732988,-0.21508243905836386,0.03333333333333333,0.0,-0.0
1743597369.152506,-88.0,-116.0,94.0,,-8.612169594194828,0.09502401305732988,-0.19498233616141908,0.03333333333333333,0.0,-0.0
1743597369.172807,-88.0,-116.0,94.0,,-8.622169594194828,0.09502401305732988,-0.2150847310005029,0.03333333333333333,0.0,-0.0
1743597369.194402,-88.0,-116.0,94.0,,-8.622169594194828,0.09502401305732988,-0.2150847310005029,0.03333333333333333,0.0,-0.0
1743597369.214612,-88.0,-116.0,94.0,,-8.622169594194828,0.08602401305732954,-0.21498468438503748,0.03333333333333333,0.0,-0.0
1743597369.2348073,-88.0,-116.0,94.0,,-8.612169594194828,0.09502401305732988,-0.19498233616141908,0.03333333333333333,0.0,-0.0
1743597369.2551672,-88.0,-116.0,94.0,,-8.612169594194828,0.09502401305732988,-0.19498233616141908,0.03333333333333333,0.0,-0.0
1743597369.2755144,-88.0,-116.0,94.0,,-8.612169594194828,0.09502401305732988,-0.19498233616141908,0.03333333333333333,0.0,-0.0
1743597369.2957482,-88.0,-116.0,94.0,,-8.622169594194828,0.09502401305732988,-0.19498441397077015,0.03333333333333333,0.0,-0.0
1743597369.3193839,-88.0,-116.0,94.0,,-8.622169594194828,0.09502401305732988,-0.19498441397077015,0.03333333333333333,0.0,-0.0
1743597369.3395813,-88.0,-116.0,94.0,,-8.612169594194828,0.09502401305732988,-0.19498233616141908,0.03333333333333333,0.0,-0.0
1743597369.3598158,-88.0,-116.0,93.0,,-8.602169594194828,0.09502401305732988,-0.21508003267602865,0.03333333333333333,0.0,-0.0
1743597369.3800192,-88.0,-116.0,93.0,,-8.602169594194828,0.09502401305732988,-0.21508003267602865,0.03333333333333333,0.0,-0.0
1743597369.4001968,-88.0,-116.0,94.0,,-8.612169594194828,0.09502401305732988,-0.19498233616141908,0.03333333333333333,0.0,-0.0
1743597369.4204745,-88.0,-116.0,94.0,,-8.612169594194828,0.09502401305732988,-0.19498233616141908,0.03333333333333333,0.0,-0.0
1743597369.4406781,-88.0,-116.0,94.0,,-8.612169594194828,0.09502401305732988,-0.19498233616141908,0.03333333333333333,0.0,-0.0
1743597369.4608934,-88.0,-116.0,94.0,,-8.632169594194828,0.09502401305732988,-0.21508690848059353,0.03333333333333333,0.0,-0.0
1743597369.481091,-88.0,-116.0,93.0,,-8.632169594194828,0.09502401305732988,-0.19498638801209645,0.03333333333333333,0.0,-0.0
1743597369.5015345,-88.0,-116.0,93.0,,-8.632169594194828,0.09502401305732988,-0.19498638801209645,0.03333333333333333,0.0,-0.0
1743597369.521797,-88.0,-117.0,93.0,,-8.52577400228789,0.09502401305732988,-0.19498015460385493,0.03333333333333333,0.0,-0.0
1743597369.5454295,-88.0,-117.0,93.0,,-8.545774002287889,0.09502401305732988,-0.17488378529122667,0.03333333333333333,0.0,-0.0
1743597369.5656285,-88.0,-116.0,93.0,,-8.612169594194828,0.10502401305732967,-0.19508330411710084,0.03333333333333333,0.0,-0.0
1743597369.5858002,-88.0,-116.0,94.0,,-8.632169594194828,0.09502401305732988,-0.19498638801209645,0.03333333333333333,0.0,-0.0
1743597369.6059964,-88.0,-116.0,94.0,,-8.622169594194828,0.10502401305732967,-0.21519611149926987,0.03333333333333333,0.0,-0.0
1743597369.6266172,-88.0,-116.0,93.0,,-8.612169594194828,0.10502401305732967,-0.19508330411710084,0.03333333333333333,0.0,-0.0
1743597369.6468148,-88.0,-116.0,93.0,,-8.612169594194828,0.09502401305732988,-0.19498233616141908,0.03333333333333333,0.0,-0.0
1743597369.6672356,-88.0,-116.0,93.0,,-8.612169594194828,0.09502401305732988,-0.19498233616141908,0.03333333333333333,0.0,-0.0
1743597369.6873856,-88.0,-116.0,94.0,,-8.622169594194828,0.10502401305732967,-0.17497435259967012,0.03333333333333333,0.0,-0.0
1743597369.707801,-88.0,-116.0,94.0,,-8.622169594194828,0.09502401305732988,-0.19498441397077015,0.03333333333333333,0.0,-0.0
1743597369.7281573,-88.0,-116.0,94.0,,-8.622169594194828,0.09502401305732988,-0.2150847310005029,0.03333333333333333,0.0,-0.0
1743597369.7485006,-88.0,-116.0,94.0,,-8.622169594194828,0.09502401305732988,-0.2150847310005029,0.03333333333333333,0.0,-0.0
1743597369.769162,-88.0,-116.0,93.0,,-8.612169594194828,0.09502401305732988,-0.19498233616141908,0.03333333333333333,0.0,-0.0
1743597369.789397,-88.0,-116.0,93.0,,-8.602169594194828,0.10502401305732967,-0.19508111580864151,0.03333333333333333,0.0,-0.0
1743597369.809585,-88.0,-116.0,94.0,,-8.602169594194828,0.09502401305732988,-0.19498015460385493,0.03333333333333333,0.0,-0.0
1743597369.8297813,-88.0,-116.0,94.0,,-8.612169594194828,0.09502401305732988,-0.19498233616141908,0.03333333333333333,0.0,-0.0
1743597369.8499773,-88.0,-116.0,94.0,,-8.622169594194828,0.09502401305732988,-0.19498441397077015,0.03333333333333333,0.0,-0.0
1743597369.8733637,-88.0,-116.0,94.0,,-8.622169594194828,0.09502401305732988,-0.19498441397077015,0.03333333333333333,0.0,-0.0
1743597369.8935592,-88.0,-116.0,94.0,,-8.632169594194828,0.10502401305732967,-0.19508736850715513,0.03333333333333333,0.0,-0.0
1743597369.9137788,-88.0,-116.0,94.0,,-8.622169594194828,0.09502401305732988,-0.19498441397077015,0.03333333333333333,0.0,-0.0
1743597369.9339619,-88.0,-116.0,94.0,,-8.622169594194828,0.09502401305732988,-0.19498441397077015,0.03333333333333333,0.0,-0.0
1743597369.9553716,-88.0,-116.0,94.0,,-8.602169594194828,0.09502401305732988,-0.19498015460385493,0.03333333333333333,0.0,-0.0
1743597369.9755716,-88.0,-116.0,94.0,,-8.602169594194828,0.09502401305732988,-0.19498015460385493,0.03333333333333333,0.0,-0.0
1743597369.995824,-88.0,-116.0,94.0,,-8.612169594194828,0.09502401305732988,-0.19498233616141908,0.03333333333333333,0.0,-0.0
1743597370.0162265,-88.0,-116.0,94.0,,-8.622169594194828,0.09502401305732988,-0.2150847310005029,0.03333333333333333,0.0,-0.0
1743597370.0364103,-88.0,-116.0,94.0,,-8.622169594194828,0.09502401305732988,-0.2150847310005029,0.03333333333333333,0.0,-0.0
1743597370.0566275,-88.0,-116.0,94.0,,-8.632169594194828,0.09502401305732988,-0.21508690848059353,0.03333333333333333,0.0,-0.0
1743597370.076957,-88.0,-116.0,94.0,,-8.622169594194828,0.09502401305732988,-0.19498441397077015,0.03333333333333333,0.0,-0.0
1743597370.0971525,-88.0,-116.0,94.0,,-8.622169594194828,0.09502401305732988,-0.19498441397077015,0.03333333333333333,0.0,-0.0
1743597370.11735,-88.0,-116.0,94.0,,-8.612169594194828,0.09502401305732988,-0.19498233616141908,0.03333333333333333,0.0,-0.0
1743597370.1375918,-88.0,-116.0,94.0,,-8.612169594194828,0.09502401305732988,-0.21508243905836386,0.03333333333333333,0.0,-0.0
1743597370.1578162,-88.0,-116.0,94.0,,-8.612169594194828,0.09502401305732988,-0.21508243905836386,0.03333333333333333,0.0,-0.0
1743597370.1780155,-88.0,-116.0,94.0,,-8.622169594194828,0.10502401305732967,-0.21519611149926987,0.03333333333333333,0.0,-0.0
1743597370.1982114,-88.0,-116.0,94.0,,-8.622169594194828,0.09502401305732988,-0.19498441397077015,0.03333333333333333,0.0,-0.0
1743597370.2183902,-88.0,-116.0,94.0,,-8.622169594194828,0.09502401305732988,-0.19498441397077015,0.03333333333333333,0.0,-0.0
1743597370.238559,-88.0,-116.0,94.0,,-8.612169594194828,0.09502401305732988,-0.19498233616141908,0.03333333333333333,0.0,-0.0
1743597370.258761,-88.0,-116.0,94.0,,-8.612169594194828,0.09502401305732988,-0.19498233616141908,0.03333333333333333,0.0,-0.0
1743597370.2789552,-88.0,-116.0,94.0,,-8.612169594194828,0.09502401305732988,-0.19498233616141908,0.03333333333333333,0.0,-0.0
1743597370.2991414,-88.0,-116.0,94.0,,-8.622169594194828,0.09502401305732988,-0.2150847310005029,0.03333333333333333,0.0,-0.0
1743597370.3193417,-88.0,-116.0,94.0,,-8.612169594194828,0.09502401305732988,-0.19498233616141908,0.03333333333333333,0.0,-0.0
1743597370.3395298,-88.0,-116.0,94.0,,-8.612169594194828,0.09502401305732988,-0.19498233616141908,0.03333333333333333,0.0,-0.0
1743597370.359869,-88.0,-116.0,94.0,,-8.612169594194828,0.09502401305732988,-0.21508243905836386,0.03333333333333333,0.0,-0.0
1743597370.3801787,-88.0,-116.0,94.0,,-8.612169594194828,0.09502401305732988,-0.19498233616141908,0.03333333333333333,0.0,-0.0
1743597370.4005542,-88.0,-116.0,94.0,,-8.612169594194828,0.09502401305732988,-0.19498233616141908,0.03333333333333333,0.0,-0.0
1743597370.421053,-88.0,-116.0,94.0,,-8.622169594194828,0.09502401305732988,-0.2150847310005029,0.03333333333333333,0.0,-0.0
1743597370.4412467,-88.0,-116.0,94.0,,-8.622169594194828,0.09502401305732988,-0.2150847310005029,0.03333333333333333,0.0,-0.0
1743597370.461928,-88.0,-116.0,94.0,,-8.612169594194828,0.09502401305732988,-0.19498233616141908,0.03333333333333333,0.0,-0.0
1743597370.482133,-88.0,-116.0,94.0,,-8.622169594194828,0.09502401305732988,-0.19498441397077015,0.03333333333333333,0.0,-0.0
1743597370.5023437,-88.0,-116.0,94.0,,-8.622169594194828,0.09502401305732988,-0.19498441397077015,0.03333333333333333,0.0,-0.0
1743597370.5226793,-88.0,-116.0,94.0,,-8.622169594194828,0.09502401305732988,-0.19498441397077015,0.03333333333333333,0.0,-0.0
1743597370.5428784,-88.0,-116.0,94.0,,-8.622169594194828,0.10502401305732967,-0.19508538835657752,0.03333333333333333,0.0,-0.0
1743597370.5630913,-88.0,-116.0,94.0,,-8.612169594194828,0.09502401305732988,-0.19498233616141908,0.03333333333333333,0.0,-0.0
1743597370.583283,-88.0,-116.0,94.0,,-8.622169594194828,0.09502401305732988,-0.19498441397077015,0.03333333333333333,0.0,-0.0
1743597370.6034658,-88.0,-116.0,94.0,,-8.612169594194828,0.10502401305732967,-0.19508330411710084,0.03333333333333333,0.0,-0.0
1743597370.6237142,-88.0,-116.0,94.0,,-8.612169594194828,0.09502401305732988,-0.21508243905836386,0.03333333333333333,0.0,-0.0
1743597370.6439223,-88.0,-116.0,94.0,,-8.622169594194828,0.09502401305732988,-0.2150847310005029,0.03333333333333333,0.0,-0.0
1743597370.6643877,-88.0,-116.0,94.0,,-8.622169594194828,0.09502401305732988,-0.19498441397077015,0.03333333333333333,0.0,-0.0
1743597370.6845725,-88.0,-116.0,94.0,,-8.622169594194828,0.09502401305732988,-0.19498441397077015,0.03333333333333333,0.0,-0.0
1743597370.7048833,-88.0,-116.0,94.0,,-8.622169594194828,0.08602401305732954,-0.19489371456630186,0.03333333333333333,0.0,-0.0
1743597370.7255514,-88.0,-116.0,94.0,,-8.622169594194828,0.09502401305732988,-0.2150847310005029,0.03333333333333333,0.0,-0.0
1743597370.7458086,-88.0,-116.0,94.0,,-8.622169594194828,0.09502401305732988,-0.19498441397077015,0.03333333333333333,0.0,-0.0
1743597370.7662992,-88.0,-116.0,93.0,,-8.622169594194828,0.10502401305732967,-0.19508538835657752,0.03333333333333333,0.0,-0.0
1743597370.7864847,-88.0,-116.0,94.0,,-8.612169594194828,0.09502401305732988,-0.19498233616141908,0.03333333333333333,0.0,-0.0
1743597370.8092961,-88.0,-116.0,94.0,,-8.622169594194828,0.10502401305732967,-0.21519611149926987,0.03333333333333333,0.0,-0.0
1743597370.8299234,-88.0,-116.0,94.0,,-8.612169594194828,0.08602401305732954,-0.21498239880135417,0.03333333333333333,0.0,-0.0
1743597370.8502223,-88.0,-116.0,94.0,,-8.622169594194828,0.09502401305732988,-0.19498441397077015,0.03333333333333333,0.0,-0.0
1743597370.8704662,-88.0,-116.0,93.0,,-8.612169594194828,0.09502401305732988,-0.21508243905836386,0.03333333333333333,0.0,-0.0
1743597370.8906825,-88.0,-116.0,93.0,,-8.622169594194828,0.09502401305732988,-0.19498441397077015,0.03333333333333333,0.0,-0.0
1743597370.9133852,-88.0,-116.0,93.0,,-8.622169594194828,0.09502401305732988,-0.19498441397077015,0.03333333333333333,0.0,-0.0
1743597370.9335601,-88.0,-116.0,93.0,,-8.622169594194828,0.09502401305732988,-0.19498441397077015,0.03333333333333333,0.0,-0.0
1743597370.9537644,-88.0,-117.0,93.0,,-8.545774002287889,0.09502401305732988,-0.19498441397077015,0.03333333333333333,0.0,-0.0
1743597370.9740784,-88.0,-117.0,93.0,,-8.545774002287889,0.09502401305732988,-0.2150847310005029,0.03333333333333333,0.0,-0.0
1743597370.99426,-88.0,-117.0,93.0,,-8.545774002287889,0.09502401305732988,-0.2150847310005029,0.03333333333333333,0.0,-0.0
1743597371.0147002,-88.0,-117.0,93.0,,-8.535774002287889,0.09502401305732988,-0.19498233616141908,0.03333333333333333,0.0,-0.0
1743597371.0349007,-88.0,-117.0,93.0,,-8.535774002287889,0.09502401305732988,-0.19498233616141908,0.03333333333333333,0.0,-0.0
1743597371.0551515,-88.0,-117.0,93.0,,-8.535774002287889,0.09502401305732988,-0.19498233616141908,0.03333333333333333,0.0,-0.0
1743597371.0754635,-88.0,-117.0,93.0,,-8.535774002287889,0.10502401305732967,-0.19508330411710084,0.03333333333333333,0.0,-0.0
1743597371.0977728,-88.0,-116.0,94.0,,-8.622169594194828,0.09502401305732988,-0.19498441397077015,0.03333333333333333,0.0,-0.0
1743597371.1182742,-88.0,-116.0,94.0,,-8.622169594194828,0.09502401305732988,-0.19498441397077015,0.03333333333333333,0.0,-0.0
1743597371.1384428,-88.0,-116.0,93.0,,-8.622169594194828,0.09502401305732988,-0.2150847310005029,0.03333333333333333,0.0,-0.0
1743597371.1587262,-88.0,-117.0,93.0,,-8.545774002287889,0.09502401305732988,-0.19498441397077015,0.03333333333333333,0.0,-0.0
1743597371.1792088,-88.0,-117.0,93.0,,-8.545774002287889,0.09502401305732988,-0.19498441397077015,0.03333333333333333,0.0,-0.0
1743597371.199372,-88.0,-117.0,93.0,,-8.535774002287889,0.10502401305732967,-0.19508330411710084,0.03333333333333333,0.0,-0.0
1743597371.2196865,-88.0,-116.0,93.0,,-8.612169594194828,0.09502401305732988,-0.19498233616141908,0.03333333333333333,0.0,-0.0
1743597371.2398956,-88.0,-116.0,93.0,,-8.612169594194828,0.09502401305732988,-0.19498233616141908,0.03333333333333333,0.0,-0.0
1743597371.2600977,-88.0,-116.0,94.0,,-8.612169594194828,0.09502401305732988,-0.19498233616141908,0.03333333333333333,0.0,-0.0
1743597371.2806125,-88.0,-116.0,94.0,,-8.622169594194828,0.10502401305732967,-0.19508538835657752,0.03333333333333333,0.0,-0.0
1743597371.300944,-88.0,-116.0,94.0,,-8.622169594194828,0.10502401305732967,-0.19508538835657752,0.03333333333333333,0.0,-0.0
1743597371.3212593,-88.0,-116.0,94.0,,-8.612169594194828,0.09502401305732988,-0.19498233616141908,0.03333333333333333,0.0,-0.0
1743597371.3414426,-88.0,-116.0,94.0,,-8.612169594194828,0.09502401305732988,-0.19498233616141908,0.03333333333333333,0.0,-0.0
1743597371.3617053,-88.0,-116.0,94.0,,-8.622169594194828,0.09502401305732988,-0.19498441397077015,0.03333333333333333,0.0,-0.0
1743597371.3818824,-88.0,-116.0,94.0,,-8.622169594194828,0.09502401305732988,-0.2150847310005029,0.03333333333333333,0.0,-0.0
1743597371.4023829,-88.0,-116.0,94.0,,-8.622169594194828,0.09502401305732988,-0.19498441397077015,0.03333333333333333,0.0,-0.0
1743597371.42295,-88.0,-116.0,93.0,,-8.612169594194828,0.09502401305732988,-0.19498233616141908,0.03333333333333333,0.0,-0.0
1743597371.4431427,-88.0,-116.0,94.0,,-8.612169594194828,0.09502401305732988,-0.19498233616141908,0.03333333333333333,0.0,-0.0
1743597371.4633486,-88.0,-116.0,94.0,,-8.612169594194828,0.09502401305732988,-0.19498233616141908,0.03333333333333333,0.0,-0.0
1743597371.4835196,-88.0,-116.0,94.0,,-8.622169594194828,0.09502401305732988,-0.17488378529122667,0.03333333333333333,0.0,-0.0
1743597371.5037339,-88.0,-116.0,94.0,,-8.622169594194828,0.09502401305732988,-0.19498441397077015,0.03333333333333333,0.0,-0.0
1743597371.5283847,-88.0,-116.0,94.0,,-8.622169594194828,0.09502401305732988,-0.19498441397077015,0.03333333333333333,0.0,-0.0
1743597371.5485783,-88.0,-116.0,94.0,,-8.622169594194828,0.09502401305732988,-0.19498441397077015,0.03333333333333333,0.0,-0.0
1743597371.5687847,-88.0,-116.0,94.0,,-8.612169594194828,0.10502401305732967,-0.19508330411710084,0.03333333333333333,0.0,-0.0
1743597371.588981,-88.0,-116.0,94.0,,-8.612169594194828,0.09502401305732988,-0.21508243905836386,0.03333333333333333,0.0,-0.0
1743597371.6092982,-88.0,-116.0,94.0,,-8.612169594194828,0.09502401305732988,-0.17488192163448812,0.03333333333333333,0.0,-0.0
1743597371.6296906,-88.0,-116.0,94.0,,-8.612169594194828,0.09502401305732988,-0.19498233616141908,0.03333333333333333,0.0,-0.0
1743597371.650098,-88.0,-116.0,94.0,,-8.612169594194828,0.09502401305732988,-0.19498233616141908,0.03333333333333333,0.0,-0.0
1743597371.6704788,-88.0,-116.0,94.0,,-8.622169594194828,0.09502401305732988,-0.2150847310005029,0.03333333333333333,0.0,-0.0
1743597371.6906588,-88.0,-116.0,94.0,,-8.622169594194828,0.10502401305732967,-0.19508538835657752,0.03333333333333333,0.0,-0.0
1743597371.7108638,-88.0,-116.0,94.0,,-8.612169594194828,0.09502401305732988,-0.19498233616141908,0.03333333333333333,0.0,-0.0
1743597371.7313552,-88.0,-116.0,94.0,,-8.622169594194828,0.09502401305732988,-0.19498441397077015,0.03333333333333333,0.0,-0.0
1743597371.7518013,-88.0,-116.0,94.0,,-8.622169594194828,0.10502401305732967,-0.21519611149926987,0.03333333333333333,0.0,-0.0
1743597371.772389,-88.0,-116.0,94.0,,-8.622169594194828,0.10502401305732967,-0.21519611149926987,0.03333333333333333,0.0,-0.0
1743597371.7929072,-88.0,-116.0,94.0,,-8.612169594194828,0.09502401305732988,-0.21508243905836386,0.03333333333333333,0.0,-0.0
1743597371.8131628,-88.0,-116.0,94.0,,-8.612169594194828,0.09502401305732988,-0.19498233616141908,0.03333333333333333,0.0,-0.0
1743597371.8337424,-88.0,-116.0,94.0,,-8.612169594194828,0.09502401305732988,-0.19498233616141908,0.03333333333333333,0.0,-0.0
1743597371.8543377,-88.0,-116.0,94.0,,-8.612169594194828,0.10502401305732967,-0.2151938124644906,0.03333333333333333,0.0,-0.0
1743597371.8745625,-88.0,-116.0,94.0,,-8.622169594194828,0.09502401305732988,-0.19498441397077015,0.03333333333333333,0.0,-0.0
1743597371.8947809,-88.0,-116.0,94.0,,-8.622169594194828,0.09502401305732988,-0.19498441397077015,0.03333333333333333,0.0,-0.0
1743597371.9151344,-88.0,-116.0,94.0,,-8.612169594194828,0.08602401305732954,-0.194891642521468,0.03333333333333333,0.0,-0.0
1743597371.937291,-88.0,-116.0,94.0,,-8.612169594194828,0.09502401305732988,-0.19498233616141908,0.03333333333333333,0.0,-0.0
1743597371.95747,-88.0,-116.0,94.0,,-8.612169594194828,0.09502401305732988,-0.21508243905836386,0.03333333333333333,0.0,-0.0
1743597371.9780502,-88.0,-116.0,94.0,,-8.622169594194828,0.09502401305732988,-0.19498441397077015,0.03333333333333333,0.0,-0.0
1743597371.9982712,-88.0,-116.0,94.0,,-8.622169594194828,0.09502401305732988,-0.19498441397077015,0.03333333333333333,0.0,-0.0
1743597372.0184429,-88.0,-116.0,94.0,,-8.622169594194828,0.09502401305732988,-0.19498441397077015,0.03333333333333333,0.0,-0.0
1743597372.038877,-88.0,-116.0,94.0,,-8.622169594194828,0.09502401305732988,-0.19498441397077015,0.03333333333333333,0.0,-0.0
1743597372.059467,-88.0,-116.0,94.0,,-8.612169594194828,0.10502401305732967,-0.19508330411710084,0.03333333333333333,0.0,-0.0
1743597372.0796583,-88.0,-116.0,94.0,,-8.612169594194828,0.10502401305732967,-0.19508330411710084,0.03333333333333333,0.0,-0.0
1743597372.102838,-88.0,-116.0,93.0,,-8.612169594194828,0.10502401305732967,-0.19508330411710084,0.03333333333333333,0.0,-0.0
1743597372.1233225,-88.0,-116.0,93.0,,-8.612169594194828,0.09502401305732988,-0.19498233616141908,0.03333333333333333,0.0,-0.0
1743597372.1434844,-88.0,-116.0,94.0,,-8.612169594194828,0.09502401305732988,-0.19498233616141908,0.03333333333333333,0.0,-0.0
1743597372.1638758,-88.0,-116.0,94.0,,-8.612169594194828,0.10502401305732967,-0.19508330411710084,0.03333333333333333,0.0,-0.0
1743597372.1843448,-88.0,-116.0,94.0,,-8.622169594194828,0.09502401305732988,-0.19498441397077015,0.03333333333333333,0.0,-0.0
1743597372.2046988,-88.0,-116.0,94.0,,-8.622169594194828,0.09502401305732988,-0.19498441397077015,0.03333333333333333,0.0,-0.0
1743597372.2283728,-88.0,-116.0,94.0,,-8.622169594194828,0.09502401305732988,-0.19498441397077015,0.03333333333333333,0.0,-0.0
1743597372.2486682,-88.0,-116.0,94.0,,-8.622169594194828,0.09502401305732988,-0.2150847310005029,0.03333333333333333,0.0,-0.0
1743597372.2688537,-88.0,-116.0,94.0,,-8.612169594194828,0.08602401305732954,-0.194891642521468,0.03333333333333333,0.0,-0.0
1743597372.2893124,-88.0,-116.0,94.0,,-8.612169594194828,0.09502401305732988,-0.19498233616141908,0.03333333333333333,0.0,-0.0
1743597372.3094976,-88.0,-116.0,94.0,,-8.622169594194828,0.09502401305732988,-0.19498441397077015,0.03333333333333333,0.0,-0.0
1743597372.3313465,-88.0,-116.0,94.0,,-8.622169594194828,0.09502401305732988,-0.19498441397077015,0.03333333333333333,0.0,-0.0
1743597372.351882,-88.0,-116.0,94.0,,-8.622169594194828,0.09502401305732988,-0.2150847310005029,0.03333333333333333,0.0,-0.0
1743597372.372158,-88.0,-116.0,94.0,,-8.622169594194828,0.09502401305732988,-0.2150847310005029,0.03333333333333333,0.0,-0.0
1743597372.394395,-88.0,-116.0,94.0,,-8.622169594194828,0.09502401305732988,-0.19498441397077015,0.03333333333333333,0.0,-0.0
1743597372.414582,-88.0,-116.0,93.0,,-8.612169594194828,0.10502401305732967,-0.19508330411710084,0.03333333333333333,0.0,-0.0
1743597372.4347742,-88.0,-116.0,93.0,,-8.612169594194828,0.10502401305732967,-0.19508330411710084,0.03333333333333333,0.0,-0.0
1743597372.4553797,-88.0,-116.0,94.0,,-8.612169594194828,0.09502401305732988,-0.21508243905836386,0.03333333333333333,0.0,-0.0
1743597372.4759238,-88.0,-116.0,94.0,,-8.622169594194828,0.09502401305732988,-0.19498441397077015,0.03333333333333333,0.0,-0.0
1743597372.4963944,-88.0,-116.0,94.0,,-8.622169594194828,0.09502401305732988,-0.19498441397077015,0.03333333333333333,0.0,-0.0
1743597372.516875,-88.0,-116.0,94.0,,-8.622169594194828,0.09502401305732988,-0.19498441397077015,0.03333333333333333,0.0,-0.0
1743597372.5374446,-88.0,-116.0,93.0,,-8.612169594194828,0.09502401305732988,-0.19498233616141908,0.03333333333333333,0.0,-0.0
1743597372.5577137,-88.0,-116.0,93.0,,-8.612169594194828,0.09502401305732988,-0.19498233616141908,0.03333333333333333,0.0,-0.0
1743597372.5779028,-88.0,-116.0,93.0,,-8.612169594194828,0.09502401305732988,-0.19498233616141908,0.03333333333333333,0.0,-0.0
1743597372.5981476,-88.0,-116.0,94.0,,-8.612169594194828,0.09502401305732988,-0.19498233616141908,0.03333333333333333,0.0,-0.0
1743597372.6190102,-88.0,-116.0,94.0,,-8.612169594194828,0.09502401305732988,-0.19498233616141908,0.03333333333333333,0.0,-0.0
1743597372.6394844,-88.0,-116.0,94.0,,-8.622169594194828,0.09502401305732988,-0.19498441397077015,0.03333333333333333,0.0,-0.0
1743597372.6597464,-88.0,-116.0,94.0,,-8.612169594194828,0.09502401305732988,-0.21508243905836386,0.03333333333333333,0.0,-0.0
1743597372.6801424,-88.0,-116.0,94.0,,-8.612169594194828,0.09502401305732988,-0.21508243905836386,0.03333333333333333,0.0,-0.0
1743597372.7004743,-88.0,-116.0,94.0,,-8.612169594194828,0.09502401305732988,-0.19498233616141908,0.03333333333333333,0.0,-0.0
1743597372.7225716,-88.0,-116.0,93.0,,-8.622169594194828,0.09502401305732988,-0.19498441397077015,0.03333333333333333,0.0,-0.0
1743597372.7431116,-88.0,-116.0,93.0,,-8.622169594194828,0.09502401305732988,-0.2150847310005029,0.03333333333333333,0.0,-0.0
1743597372.7635474,-88.0,-116.0,93.0,,-8.612169594194828,0.09502401305732988,-0.19498233616141908,0.03333333333333333,0.0,-0.0
1743597372.7841125,-88.0,-117.0,93.0,,-8.535774002287889,0.09502401305732988,-0.17488192163448812,0.03333333333333333,0.0,-0.0
1743597372.8043532,-88.0,-116.0,93.0,,-8.622169594194828,0.09502401305732988,-0.19498441397077015,0.03333333333333333,0.0,-0.0
1743597372.8245382,-88.0,-116.0,94.0,,-8.622169594194828,0.09502401305732988,-0.19498441397077015,0.03333333333333333,0.0,-0.0
1743597372.8448286,-88.0,-116.0,94.0,,-8.632169594194828,0.09502401305732988,-0.19498638801209645,0.03333333333333333,0.0,-0.0
1743597372.8651516,-88.0,-116.0,94.0,,-8.632169594194828,0.09502401305732988,-0.19498638801209645,0.03333333333333333,0.0,-0.0
1743597372.8853734,-88.0,-116.0,94.0,,-8.612169594194828,0.09502401305732988,-0.19498233616141908,0.03333333333333333,0.0,-0.0
1743597372.9063938,-88.0,-116.0,93.0,,-8.612169594194828,0.09502401305732988,-0.19498233616141908,0.03333333333333333,0.0,-0.0
1743597372.9265697,-88.0,-116.0,94.0,,-8.612169594194828,0.09502401305732988,-0.19498233616141908,0.03333333333333333,0.0,-0.0
1743597372.9467618,-88.0,-116.0,94.0,,-8.622169594194828,0.09502401305732988,-0.19498441397077015,0.03333333333333333,0.0,-0.0
1743597372.967016,-88.0,-116.0,94.0,,-8.632169594194828,0.09502401305732988,-0.19498638801209645,0.03333333333333333,0.0,-0.0
1743597372.9873483,-88.0,-116.0,93.0,,-8.622169594194828,0.09502401305732988,-0.2150847310005029,0.03333333333333333,0.0,-0.0
1743597373.0075226,-88.0,-116.0,93.0,,-8.622169594194828,0.09502401305732988,-0.19498441397077015,0.03333333333333333,0.0,-0.0
1743597373.0278392,-88.0,-117.0,93.0,,-8.535774002287889,0.08602401305732954,-0.194891642521468,0.03333333333333333,0.0,-0.0
1743597373.048014,-88.0,-117.0,93.0,,-8.535774002287889,0.09502401305732988,-0.19498233616141908,0.03333333333333333,0.0,-0.0
1743597373.0682747,-88.0,-116.0,93.0,,-8.622169594194828,0.09502401305732988,-0.19498441397077015,0.03333333333333333,0.0,-0.0
1743597373.0885873,-88.0,-116.0,94.0,,-8.622169594194828,0.09502401305732988,-0.19498441397077015,0.03333333333333333,0.0,-0.0
1743597373.1087654,-88.0,-116.0,94.0,,-8.622169594194828,0.09502401305732988,-0.2150847310005029,0.03333333333333333,0.0,-0.0
1743597373.1289692,-88.0,-116.0,94.0,,-8.622169594194828,0.09502401305732988,-0.19498441397077015,0.03333333333333333,0.0,-0.0
1743597373.149201,-88.0,-116.0,94.0,,-8.612169594194828,0.09502401305732988,-0.19498233616141908,0.03333333333333333,0.0,-0.0
1743597373.17142,-88.0,-116.0,93.0,,-8.612169594194828,0.09502401305732988,-0.19498233616141908,0.03333333333333333,0.0,-0.0
1743597373.1916184,-88.0,-116.0,94.0,,-8.622169594194828,0.09502401305732988,-0.19498441397077015,0.03333333333333333,0.0,-0.0
1743597373.2118294,-88.0,-116.0,94.0,,-8.622169594194828,0.09502401305732988,-0.19498441397077015,0.03333333333333333,0.0,-0.0
1743597373.2323492,-88.0,-116.0,94.0,,-8.622169594194828,0.09502401305732988,-0.2150847310005029,0.03333333333333333,0.0,-0.0
1743597373.2525964,-88.0,-116.0,94.0,,-8.612169594194828,0.10502401305732967,-0.19508330411710084,0.03333333333333333,0.0,-0.0
1743597373.2728233,-88.0,-116.0,94.0,,-8.612169594194828,0.10502401305732967,-0.19508330411710084,0.03333333333333333,0.0,-0.0
1743597373.2945373,-88.0,-116.0,94.0,,-8.602169594194828,0.09502401305732988,-0.21508003267602865,0.03333333333333333,0.0,-0.0
1743597373.3147213,-88.0,-116.0,94.0,,-8.622169594194828,0.10502401305732967,-0.19508538835657752,0.03333333333333333,0.0,-0.0
1743597373.3349197,-88.0,-116.0,94.0,,-8.622169594194828,0.10502401305732967,-0.19508538835657752,0.03333333333333333,0.0,-0.0
1743597373.3552678,-88.0,-116.0,94.0,,-8.622169594194828,0.09502401305732988,-0.19498441397077015,0.03333333333333333,0.0,-0.0
1743597373.3755755,-88.0,-116.0,94.0,,-8.612169594194828,0.09502401305732988,-0.19498233616141908,0.03333333333333333,0.0,-0.0
1743597373.3958335,-88.0,-116.0,94.0,,-8.612169594194828,0.09502401305732988,-0.19498233616141908,0.03333333333333333,0.0,-0.0
1743597373.4162142,-88.0,-116.0,94.0,,-8.602169594194828,0.09502401305732988,-0.19498015460385493,0.03333333333333333,0.0,-0.0
1743597373.436685,-88.0,-116.0,94.0,,-8.612169594194828,0.09502401305732988,-0.19498233616141908,0.03333333333333333,0.0,-0.0
1743597373.4568892,-88.0,-116.0,94.0,,-8.612169594194828,0.09502401305732988,-0.19498233616141908,0.03333333333333333,0.0,-0.0
1743597373.4771185,-88.0,-116.0,94.0,,-8.622169594194828,0.09502401305732988,-0.17488378529122667,0.03333333333333333,0.0,-0.0
1743597373.4976728,-88.0,-116.0,94.0,,-8.622169594194828,0.09502401305732988,-0.2150847310005029,0.03333333333333333,0.0,-0.0
1743597373.5204885,-88.0,-116.0,94.0,,-8.622169594194828,0.09502401305732988,-0.2150847310005029,0.03333333333333333,0.0,-0.0
1743597373.540688,-88.0,-116.0,94.0,,-8.612169594194828,0.09502401305732988,-0.19498233616141908,0.03333333333333333,0.0,-0.0
1743597373.5609612,-88.0,-116.0,94.0,,-8.622169594194828,0.09502401305732988,-0.19498441397077015,0.03333333333333333,0.0,-0.0
1743597373.5811684,-88.0,-116.0,94.0,,-8.622169594194828,0.09502401305732988,-0.19498441397077015,0.03333333333333333,0.0,-0.0
1743597373.601408,-88.0,-116.0,94.0,,-8.622169594194828,0.10502401305732967,-0.19508538835657752,0.03333333333333333,0.0,-0.0
1743597373.6216235,-88.0,-116.0,94.0,,-8.622169594194828,0.09502401305732988,-0.19498441397077015,0.03333333333333333,0.0,-0.0
1743597373.6427321,-88.0,-116.0,94.0,,-8.622169594194828,0.09502401305732988,-0.19498441397077015,0.03333333333333333,0.0,-0.0
1743597373.6629393,-88.0,-116.0,94.0,,-8.612169594194828,0.10502401305732967,-0.19508330411710084,0.03333333333333333,0.0,-0.0
1743597373.6831257,-88.0,-116.0,94.0,,-8.622169594194828,0.10502401305732967,-0.19508538835657752,0.03333333333333333,0.0,-0.0
1743597373.703591,-88.0,-116.0,94.0,,-8.612169594194828,0.10502401305732967,-0.19508330411710084,0.03333333333333333,0.0,-0.0
1743597373.7241251,-88.0,-116.0,94.0,,-8.622169594194828,0.09502401305732988,-0.19498441397077015,0.03333333333333333,0.0,-0.0
1743597373.7446675,-88.0,-116.0,94.0,,-8.612169594194828,0.10502401305732967,-0.19508330411710084,0.03333333333333333,0.0,-0.0
1743597373.7648752,-88.0,-116.0,94.0,,-8.612169594194828,0.09502401305732988,-0.21508243905836386,0.03333333333333333,0.0,-0.0
1743597373.7854638,-88.0,-116.0,94.0,,-8.612169594194828,0.09502401305732988,-0.19498233616141908,0.03333333333333333,0.0,-0.0
1743597373.8057768,-88.0,-116.0,94.0,,-8.622169594194828,0.10502401305732967,-0.19508538835657752,0.03333333333333333,0.0,-0.0
1743597373.8262737,-88.0,-116.0,94.0,,-8.632169594194828,0.09502401305732988,-0.19498638801209645,0.03333333333333333,0.0,-0.0
1743597373.8467507,-88.0,-116.0,94.0,,-8.622169594194828,0.09502401305732988,-0.19498441397077015,0.03333333333333333,0.0,-0.0
1743597373.8671796,-88.0,-116.0,94.0,,-8.612169594194828,0.09502401305732988,-0.21508243905836386,0.03333333333333333,0.0,-0.0
1743597373.887823,-88.0,-116.0,94.0,,-8.602169594194828,0.09502401305732988,-0.19498015460385493,0.03333333333333333,0.0,-0.0
1743597373.9080303,-88.0,-116.0,94.0,,-8.612169594194828,0.08602401305732954,-0.194891642521468,0.03333333333333333,0.0,-0.0
1743597373.9282346,-88.0,-116.0,94.0,,-8.612169594194828,0.09502401305732988,-0.19498233616141908,0.03333333333333333,0.0,-0.0
1743597373.9486425,-88.0,-116.0,94.0,,-8.622169594194828,0.09502401305732988,-0.19498441397077015,0.03333333333333333,0.0,-0.0
1743597373.9688315,-88.0,-116.0,94.0,,-8.622169594194828,0.09502401305732988,-0.19498441397077015,0.03333333333333333,0.0,-0.0
1743597373.9890373,-88.0,-116.0,94.0,,-8.612169594194828,0.09502401305732988,-0.21508243905836386,0.03333333333333333,0.0,-0.0
1743597374.0093007,-88.0,-116.0,94.0,,-8.612169594194828,0.10502401305732967,-0.2151938124644906,0.03333333333333333,0.0,-0.0
1743597374.0294974,-88.0,-116.0,94.0,,-8.612169594194828,0.09502401305732988,-0.19498233616141908,0.03333333333333333,0.0,-0.0
1743597374.0499046,-88.0,-116.0,94.0,,-8.622169594194828,0.09502401305732988,-0.19498441397077015,0.03333333333333333,0.0,-0.0
1743597374.070392,-88.0,-116.0,94.0,,-8.622169594194828,0.09502401305732988,-0.2150847310005029,0.03333333333333333,0.0,-0.0
1743597374.0906012,-88.0,-116.0,94.0,,-8.632169594194828,0.09502401305732988,-0.19498638801209645,0.03333333333333333,0.0,-0.0
1743597374.110819,-88.0,-116.0,94.0,,-8.622169594194828,0.09502401305732988,-0.19498441397077015,0.03333333333333333,0.0,-0.0
1743597374.131011,-88.0,-116.0,94.0,,-8.612169594194828,0.09502401305732988,-0.19498233616141908,0.03333333333333333,0.0,-0.0
1743597374.151748,-88.0,-116.0,94.0,,-8.612169594194828,0.10502401305732967,-0.19508330411710084,0.03333333333333333,0.0,-0.0
1743597374.1732244,-88.0,-116.0,94.0,,-8.612169594194828,0.09502401305732988,-0.21508243905836386,0.03333333333333333,0.0,-0.0
1743597374.1939042,-88.0,-116.0,94.0,,-8.622169594194828,0.10502401305732967,-0.19508538835657752,0.03333333333333333,0.0,-0.0
1743597374.2140985,-88.0,-116.0,94.0,,-8.622169594194828,0.09502401305732988,-0.19498441397077015,0.03333333333333333,0.0,-0.0
1743597374.2344499,-88.0,-116.0,94.0,,-8.622169594194828,0.09502401305732988,-0.19498441397077015,0.03333333333333333,0.0,-0.0
1743597374.2550428,-88.0,-116.0,94.0,,-8.622169594194828,0.09502401305732988,-0.19498441397077015,0.03333333333333333,0.0,-0.0
1743597374.2754083,-88.0,-116.0,93.0,,-8.612169594194828,0.09502401305732988,-0.19498233616141908,0.03333333333333333,0.0,-0.0
1743597374.2958782,-88.0,-116.0,93.0,,-8.612169594194828,0.09502401305732988,-0.19498233616141908,0.03333333333333333,0.0,-0.0
1743597374.316099,-88.0,-116.0,94.0,,-8.612169594194828,0.09502401305732988,-0.19498233616141908,0.03333333333333333,0.0,-0.0
1743597374.3364458,-88.0,-116.0,94.0,,-8.622169594194828,0.09502401305732988,-0.2150847310005029,0.03333333333333333,0.0,-0.0
1743597374.3566275,-88.0,-116.0,94.0,,-8.622169594194828,0.09502401305732988,-0.2150847310005029,0.03333333333333333,0.0,-0.0
1743597374.3768,-88.0,-116.0,94.0,,-8.622169594194828,0.09502401305732988,-0.19498441397077015,0.03333333333333333,0.0,-0.0
1743597374.3970995,-88.0,-116.0,94.0,,-8.622169594194828,0.10502401305732967,-0.21519611149926987,0.03333333333333333,0.0,-0.0
1743597374.4172935,-88.0,-116.0,94.0,,-8.622169594194828,0.10502401305732967,-0.21519611149926987,0.03333333333333333,0.0,-0.0
1743597374.4375374,-88.0,-116.0,94.0,,-8.612169594194828,0.10502401305732967,-0.19508330411710084,0.03333333333333333,0.0,-0.0
1743597374.4577143,-88.0,-116.0,94.0,,-8.622169594194828,0.10502401305732967,-0.19508538835657752,0.03333333333333333,0.0,-0.0
1743597374.4778922,-88.0,-116.0,94.0,,-8.622169594194828,0.10502401305732967,-0.19508538835657752,0.03333333333333333,0.0,-0.0
1743597374.4981942,-88.0,-116.0,94.0,,-8.612169594194828,0.09502401305732988,-0.21508243905836386,0.03333333333333333,0.0,-0.0
1743597374.5184102,-88.0,-116.0,93.0,,-8.612169594194828,0.09502401305732988,-0.21508243905836386,0.03333333333333333,0.0,-0.0
1743597374.538865,-88.0,-116.0,93.0,,-8.612169594194828,0.09502401305732988,-0.21508243905836386,0.03333333333333333,0.0,-0.0
1743597374.5594788,-88.0,-116.0,94.0,,-8.622169594194828,0.09502401305732988,-0.19498441397077015,0.03333333333333333,0.0,-0.0
1743597374.5798087,-88.0,-116.0,94.0,,-8.622169594194828,0.09502401305732988,-0.19498441397077015,0.03333333333333333,0.0,-0.0
1743597374.600347,-88.0,-116.0,94.0,,-8.622169594194828,0.09502401305732988,-0.19498441397077015,0.03333333333333333,0.0,-0.0
1743597374.622574,-88.0,-116.0,93.0,,-8.612169594194828,0.09502401305732988,-0.19498233616141908,0.03333333333333333,0.0,-0.0
1743597374.6427896,-88.0,-116.0,93.0,,-8.612169594194828,0.09502401305732988,-0.19498233616141908,0.03333333333333333,0.0,-0.0
1743597374.663033,-88.0,-116.0,94.0,,-8.612169594194828,0.09502401305732988,-0.19498233616141908,0.03333333333333333,0.0,-0.0
1743597374.6832376,-88.0,-116.0,94.0,,-8.612169594194828,0.09502401305732988,-0.19498233616141908,0.03333333333333333,0.0,-0.0
1743597374.7034805,-88.0,-116.0,94.0,,-8.622169594194828,0.09502401305732988,-0.19498441397077015,0.03333333333333333,0.0,-0.0
1743597374.7236521,-88.0,-116.0,94.0,,-8.622169594194828,0.10502401305732967,-0.19508538835657752,0.03333333333333333,0.0,-0.0
1743597374.744104,-88.0,-116.0,94.0,,-8.622169594194828,0.09502401305732988,-0.19498441397077015,0.03333333333333333,0.0,-0.0
1743597374.7643929,-88.0,-116.0,94.0,,-8.612169594194828,0.09502401305732988,-0.19498233616141908,0.03333333333333333,0.0,-0.0
1743597374.7845676,-88.0,-116.0,94.0,,-8.622169594194828,0.09502401305732988,-0.19498441397077015,0.03333333333333333,0.0,-0.0
1743597374.8047488,-88.0,-116.0,94.0,,-8.612169594194828,0.10502401305732967,-0.19508330411710084,0.03333333333333333,0.0,-0.0
1743597374.824981,-88.0,-116.0,94.0,,-8.612169594194828,0.10502401305732967,-0.19508330411710084,0.03333333333333333,0.0,-0.0
1743597374.8452752,-88.0,-116.0,94.0,,-8.622169594194828,0.09502401305732988,-0.19498441397077015,0.03333333333333333,0.0,-0.0
1743597374.865462,-88.0,-116.0,94.0,,-8.612169594194828,0.10502401305732967,-0.17497248317542238,0.03333333333333333,0.0,-0.0
1743597374.8859785,-88.0,-116.0,94.0,,-8.622169594194828,0.09502401305732988,-0.19498441397077015,0.03333333333333333,0.0,-0.0
1743597374.9061956,-88.0,-116.0,94.0,,-8.622169594194828,0.09502401305732988,-0.2150847310005029,0.03333333333333333,0.0,-0.0
1743597374.928415,-88.0,-116.0,94.0,,-8.622169594194828,0.09502401305732988,-0.2150847310005029,0.03333333333333333,0.0,-0.0
1743597374.9486282,-88.0,-116.0,94.0,,-8.612169594194828,0.09502401305732988,-0.19498233616141908,0.03333333333333333,0.0,-0.0
1743597374.9688365,-88.0,-116.0,94.0,,-8.612169594194828,0.09502401305732988,-0.19498233616141908,0.03333333333333333,0.0,-0.0
1743597374.9892948,-88.0,-116.0,94.0,,-8.612169594194828,0.09502401305732988,-0.19498233616141908,0.03333333333333333,0.0,-0.0
1743597375.0094886,-88.0,-116.0,94.0,,-8.622169594194828,0.09502401305732988,-0.19498441397077015,0.03333333333333333,0.0,-0.0
1743597375.0297172,-88.0,-116.0,94.0,,-8.622169594194828,0.09502401305732988,-0.2150847310005029,0.03333333333333333,0.0,-0.0
1743597375.0499847,-88.0,-116.0,94.0,,-8.622169594194828,0.09502401305732988,-0.19498441397077015,0.03333333333333333,0.0,-0.0
1743597375.0701752,-88.0,-116.0,94.0,,-8.622169594194828,0.09502401305732988,-0.19498441397077015,0.03333333333333333,0.0,-0.0
1743597375.0903685,-88.0,-116.0,94.0,,-8.612169594194828,0.09502401305732988,-0.19498233616141908,0.03333333333333333,0.0,-0.0
1743597375.1105483,-88.0,-116.0,94.0,,-8.612169594194828,0.09502401305732988,-0.19498233616141908,0.03333333333333333,0.0,-0.0
1743597375.133016,-88.0,-116.0,94.0,,-8.622169594194828,0.09502401305732988,-0.19498441397077015,0.03333333333333333,0.0,-0.0
1743597375.1537013,-88.0,-116.0,94.0,,-8.622169594194828,0.10502401305732967,-0.19508538835657752,0.03333333333333333,0.0,-0.0
1743597375.1742914,-88.0,-116.0,94.0,,-8.612169594194828,0.09502401305732988,-0.21508243905836386,0.03333333333333333,0.0,-0.0
1743597375.194883,-88.0,-116.0,94.0,,-8.612169594194828,0.09502401305732988,-0.21508243905836386,0.03333333333333333,0.0,-0.0
1743597375.2151008,-88.0,-116.0,94.0,,-8.612169594194828,0.09502401305732988,-0.19498233616141908,0.03333333333333333,0.0,-0.0
1743597375.2357392,-88.0,-116.0,94.0,,-8.612169594194828,0.10502401305732967,-0.19508330411710084,0.03333333333333333,0.0,-0.0
1743597375.2559464,-88.0,-116.0,94.0,,-8.612169594194828,0.10502401305732967,-0.19508330411710084,0.03333333333333333,0.0,-0.0
1743597375.2761436,-88.0,-116.0,94.0,,-8.612169594194828,0.09502401305732988,-0.21508243905836386,0.03333333333333333,0.0,-0.0
1743597375.2966762,-88.0,-116.0,94.0,,-8.622169594194828,0.09502401305732988,-0.19498441397077015,0.03333333333333333,0.0,-0.0
1743597375.3168755,-88.0,-116.0,94.0,,-8.622169594194828,0.09502401305732988,-0.19498441397077015,0.03333333333333333,0.0,-0.0
1743597375.3370652,-88.0,-116.0,94.0,,-8.622169594194828,0.09502401305732988,-0.19498441397077015,0.03333333333333333,0.0,-0.0
1743597375.3577247,-88.0,-116.0,94.0,,-8.612169594194828,0.09502401305732988,-0.19498233616141908,0.03333333333333333,0.0,-0.0
1743597375.378189,-88.0,-116.0,94.0,,-8.612169594194828,0.09502401305732988,-0.19498233616141908,0.03333333333333333,0.0,-0.0
1743597375.3983817,-88.0,-116.0,94.0,,-8.612169594194828,0.09502401305732988,-0.19498233616141908,0.03333333333333333,0.0,-0.0
1743597375.4185524,-88.0,-116.0,94.0,,-8.612169594194828,0.09502401305732988,-0.19498233616141908,0.03333333333333333,0.0,-0.0
1743597375.4387774,-88.0,-116.0,94.0,,-8.612169594194828,0.09502401305732988,-0.19498233616141908,0.03333333333333333,0.0,-0.0
1743597375.4589627,-88.0,-116.0,94.0,,-8.612169594194828,0.09502401305732988,-0.19498233616141908,0.03333333333333333,0.0,-0.0
1743597375.4792674,-88.0,-116.0,94.0,,-8.622169594194828,0.09502401305732988,-0.19498441397077015,0.03333333333333333,0.0,-0.0
1743597375.4996445,-88.0,-116.0,94.0,,-8.622169594194828,0.09502401305732988,-0.19498441397077015,0.03333333333333333,0.0,-0.0
1743597375.5198085,-88.0,-116.0,94.0,,-8.622169594194828,0.09502401305732988,-0.19498441397077015,0.03333333333333333,0.0,-0.0
1743597375.5399947,-88.0,-116.0,94.0,,-8.612169594194828,0.09502401305732988,-0.19498233616141908,0.03333333333333333,0.0,-0.0
1743597375.5602007,-88.0,-116.0,94.0,,-8.612169594194828,0.09502401305732988,-0.19498233616141908,0.03333333333333333,0.0,-0.0
1743597375.5803769,-88.0,-116.0,94.0,,-8.622169594194828,0.09502401305732988,-0.2150847310005029,0.03333333333333333,0.0,-0.0
1743597375.601097,-88.0,-116.0,94.0,,-8.612169594194828,0.09502401305732988,-0.19498233616141908,0.03333333333333333,0.0,-0.0
1743597375.6212964,-88.0,-116.0,94.0,,-8.612169594194828,0.09502401305732988,-0.19498233616141908,0.03333333333333333,0.0,-0.0
1743597375.641481,-88.0,-116.0,94.0,,-8.622169594194828,0.10502401305732967,-0.19508538835657752,0.03333333333333333,0.0,-0.0
1743597375.6616683,-88.0,-116.0,94.0,,-8.622169594194828,0.09502401305732988,-0.2150847310005029,0.03333333333333333,0.0,-0.0
1743597375.681894,-88.0,-116.0,94.0,,-8.622169594194828,0.09502401305732988,-0.2150847310005029,0.03333333333333333,0.0,-0.0
1743597375.7022357,-88.0,-116.0,94.0,,-8.612169594194828,0.09502401305732988,-0.19498233616141908,0.03333333333333333,0.0,-0.0
1743597375.7244139,-88.0,-116.0,94.0,,-8.612169594194828,0.10502401305732967,-0.19508330411710084,0.03333333333333333,0.0,-0.0
1743597375.744612,-88.0,-116.0,94.0,,-8.612169594194828,0.09502401305732988,-0.19498233616141908,0.03333333333333333,0.0,-0.0
1743597375.7648149,-88.0,-116.0,94.0,,-8.622169594194828,0.09502401305732988,-0.19498441397077015,0.03333333333333333,0.0,-0.0
1743597375.785322,-88.0,-116.0,94.0,,-8.622169594194828,0.09502401305732988,-0.19498441397077015,0.03333333333333333,0.0,-0.0
1743597375.8068268,-88.0,-116.0,94.0,,-8.612169594194828,0.09502401305732988,-0.21508243905836386,0.03333333333333333,0.0,-0.0
1743597375.8270483,-88.0,-116.0,94.0,,-8.612169594194828,0.09502401305732988,-0.21508243905836386,0.03333333333333333,0.0,-0.0
1743597375.8472602,-88.0,-116.0,94.0,,-8.612169594194828,0.09502401305732988,-0.19498233616141908,0.03333333333333333,0.0,-0.0
1743597375.8675237,-88.0,-116.0,94.0,,-8.612169594194828,0.10502401305732967,-0.19508330411710084,0.03333333333333333,0.0,-0.0
1743597375.8881845,-88.0,-116.0,94.0,,-8.612169594194828,0.09502401305732988,-0.21508243905836386,0.03333333333333333,0.0,-0.0
1743597375.9084094,-88.0,-116.0,94.0,,-8.622169594194828,0.10502401305732967,-0.19508538835657752,0.03333333333333333,0.0,-0.0
1743597375.9287605,-88.0,-116.0,94.0,,-8.612169594194828,0.09502401305732988,-0.19498233616141908,0.03333333333333333,0.0,-0.0
1743597375.9491787,-88.0,-116.0,94.0,,-8.612169594194828,0.09502401305732988,-0.19498233616141908,0.03333333333333333,0.0,-0.0
1743597375.9693983,-88.0,-116.0,94.0,,-8.612169594194828,0.09502401305732988,-0.21508243905836386,0.03333333333333333,0.0,-0.0
1743597375.9923606,-88.0,-116.0,94.0,,-8.612169594194828,0.09502401305732988,-0.19498233616141908,0.03333333333333333,0.0,-0.0
1743597376.0125518,-88.0,-116.0,94.0,,-8.622169594194828,0.09502401305732988,-0.19498441397077015,0.03333333333333333,0.0,-0.0
1743597376.0330582,-88.0,-116.0,94.0,,-8.622169594194828,0.09502401305732988,-0.19498441397077015,0.03333333333333333,0.0,-0.0
1743597376.0533345,-88.0,-116.0,94.0,,-8.622169594194828,0.10502401305732967,-0.21519611149926987,0.03333333333333333,0.0,-0.0
1743597376.0753846,-88.0,-116.0,94.0,,-8.622169594194828,0.09502401305732988,-0.19498441397077015,0.03333333333333333,0.0,-0.0
1743597376.0955849,-88.0,-116.0,94.0,,-8.622169594194828,0.09502401305732988,-0.19498441397077015,0.03333333333333333,0.0,-0.0
1743597376.1158094,-88.0,-116.0,94.0,,-8.622169594194828,0.10502401305732967,-0.21519611149926987,0.03333333333333333,0.0,-0.0
1743597376.1361213,-88.0,-116.0,94.0,,-8.612169594194828,0.09502401305732988,-0.19498233616141908,0.03333333333333333,0.0,-0.0
1743597376.1565075,-88.0,-116.0,94.0,,-8.612169594194828,0.09502401305732988,-0.19498233616141908,0.03333333333333333,0.0,-0.0
1743597376.1776066,-88.0,-116.0,94.0,,-8.622169594194828,0.09502401305732988,-0.19498441397077015,0.03333333333333333,0.0,-0.0
1743597376.197818,-88.0,-116.0,94.0,,-8.612169594194828,0.09502401305732988,-0.19498233616141908,0.03333333333333333,0.0,-0.0
1743597376.218027,-88.0,-116.0,94.0,,-8.612169594194828,0.09502401305732988,-0.19498233616141908,0.03333333333333333,0.0,-0.0
1743597376.238646,-88.0,-116.0,94.0,,-8.622169594194828,0.09502401305732988,-0.19498441397077015,0.03333333333333333,0.0,-0.0
1743597376.259293,-88.0,-116.0,94.0,,-8.622169594194828,0.10502401305732967,-0.21519611149926987,0.03333333333333333,0.0,-0.0
1743597376.2797282,-88.0,-116.0,94.0,,-8.622169594194828,0.10502401305732967,-0.21519611149926987,0.03333333333333333,0.0,-0.0
1743597376.3003619,-88.0,-116.0,94.0,,-8.622169594194828,0.09502401305732988,-0.19498441397077015,0.03333333333333333,0.0,-0.0
1743597376.32053,-88.0,-116.0,94.0,,-8.622169594194828,0.09502401305732988,-0.2150847310005029,0.03333333333333333,0.0,-0.0
1743597376.3407457,-88.0,-116.0,94.0,,-8.622169594194828,0.09502401305732988,-0.2150847310005029,0.03333333333333333,0.0,-0.0
1743597376.3612893,-88.0,-116.0,93.0,,-8.622169594194828,0.09502401305732988,-0.2150847310005029,0.03333333333333333,0.0,-0.0
1743597376.3816307,-88.0,-116.0,93.0,,-8.612169594194828,0.10502401305732967,-0.19508330411710084,0.03333333333333333,0.0,-0.0
1743597376.4019554,-88.0,-116.0,93.0,,-8.612169594194828,0.10502401305732967,-0.19508330411710084,0.03333333333333333,0.0,-0.0
1743597376.422189,-88.0,-116.0,93.0,,-8.622169594194828,0.10502401305732967,-0.17497435259967012,0.03333333333333333,0.0,-0.0
1743597376.4454002,-88.0,-116.0,94.0,,-8.612169594194828,0.09502401305732988,-0.23518219821710967,0.03333333333333333,0.0,-0.0
1743597376.4655693,-88.0,-116.0,94.0,,-8.612169594194828,0.10502401305732967,-0.2151938124644906,0.03333333333333333,0.0,-0.0
1743597376.4857638,-88.0,-117.0,93.0,,-8.535774002287889,0.11502401305732946,-0.1750632315052708,0.03333333333333333,0.0,-0.0
1743597376.5060627,-88.0,-117.0,93.0,,-8.545774002287889,0.12502401305732924,-0.1550238517331186,0.06666666666666667,0.0,-0.0
1743597376.526244,-88.0,-117.0,93.0,,-8.555774002287889,0.13502401305732903,-0.17524897035641815,0.06666666666666667,0.0,-0.0
1743597376.5464416,-88.0,-117.0,93.0,,-8.535774002287889,0.13502401305732903,-0.13697441658601245,0.06666666666666667,0.0,-0.0
1743597376.5666347,-88.0,-117.0,93.0,,-8.535774002287889,0.10502401305732967,-0.15486138185196685,0.06666666666666667,0.0,-0.0
1743597376.58684,-88.0,-117.0,93.0,,-8.52577400228789,0.017024013057328702,-0.35234256000013087,0.06666666666666667,0.0,-0.0
1743597376.607343,-88.0,-117.0,93.0,,-8.52577400228789,-0.002975986942670872,-0.44995559231976207,0.03333333333333333,0.0,-0.0
1743597376.6277332,-88.0,-118.0,92.0,,-8.495715885946073,0.08602401305732954,-0.273254046870297,0.03333333333333333,0.0,-0.0
1743597376.6480606,-88.0,-119.0,91.0,,-8.404019327037474,0.13502401305732903,-0.09669130328685019,0.03333333333333333,0.0,-0.0
1743597376.6682682,-88.0,-119.0,91.0,,-8.395019327037474,0.09502401305732988,-0.23518708516825024,0.03333333333333333,0.0,-0.0
1743597376.6890047,-88.0,-118.0,91.0,,-8.456715885946073,0.09502401305732988,-0.2733706786487912,0.03333333333333333,0.0,-0.0
1743597376.7093296,-88.0,-119.0,91.0,,-8.336019327037475,0.12502401305732924,-0.195276686065537,0.03333333333333333,0.0,-0.0
1743597376.7298942,-88.0,-119.0,91.0,,-8.346019327037475,0.11502401305732946,-0.19517782704513653,0.06666666666666667,0.0,-0.0
1743597376.750393,-88.0,-119.0,91.0,,-8.355019327037475,0.09502401305732988,-0.25326585933715967,0.06666666666666667,0.0,-0.0
1743597376.7705832,-88.0,-118.0,92.0,,-8.476715885946073,0.07602401305732975,-0.27310819511371,0.03333333333333333,0.0,-0.0
1743597376.7907865,-88.0,-119.0,91.0,,-8.424019327037474,0.08602401305732954,-0.2531657675571101,0.03333333333333333,0.0,-0.0
1743597376.8114526,-88.0,-120.0,90.0,,-8.310709211125344,0.08602401305732954,-0.2531591129895862,0.03333333333333333,0.0,-0.0
1743597376.8316655,-88.0,-120.0,90.0,,-8.290709211125344,0.10502401305732967,-0.23530397601005715,0.03333333333333333,0.0,-0.0
1743597376.8518567,-88.0,-120.0,90.0,,-8.270709211125345,0.09502401305732988,-0.25326585933715967,0.03333333333333333,0.0,-0.0
1743597376.8721995,-88.0,-120.0,90.0,,-8.280709211125345,0.08602401305732954,-0.25315103927762705,0.03333333333333333,0.0,-0.0
1743597376.892357,-88.0,-120.0,90.0,,-8.290709211125344,0.09502401305732988,-0.23518219821710967,0.03333333333333333,0.0,-0.0
1743597376.9125292,-88.0,-120.0,90.0,,-8.310709211125344,0.09502401305732988,-0.23518708516825024,0.03333333333333333,0.0,-0.0
1743597376.9343762,-88.0,-120.0,90.0,,-8.310709211125344,0.09502401305732988,-0.23518708516825024,0.03333333333333333,0.0,-0.0
1743597376.9546146,-88.0,-120.0,89.0,,-8.300709211125344,0.08602401305732954,-0.253156556147734,0.03333333333333333,0.0,-0.0
1743597376.975026,-88.0,-121.0,89.0,,-8.193811219887722,0.09502401305732988,-0.235179567032963,0.03333333333333333,0.0,-0.0
1743597376.995906,-88.0,-121.0,89.0,,-8.193811219887722,0.09502401305732988,-0.235179567032963,0.03333333333333333,0.0,-0.0
1743597377.0205398,-88.0,-120.0,89.0,,-8.300709211125344,0.11502401305732946,-0.23542852654806184,0.03333333333333333,0.0,-0.0
1743597377.0407445,-88.0,-120.0,90.0,,-8.300709211125344,0.08602401305732954,-0.253156556147734,0.03333333333333333,0.0,-0.0
1743597377.0609572,-88.0,-120.0,90.0,,-8.300709211125344,0.08602401305732954,-0.253156556147734,0.03333333333333333,0.0,-0.0
1743597377.0843961,-88.0,-121.0,89.0,,-8.203811219887722,0.09502401305732988,-0.25327166103077453,0.03333333333333333,0.0,-0.0
1743597377.1045814,-88.0,-120.0,89.0,,-8.280709211125345,0.09502401305732988,-0.235179567032963,0.03333333333333333,0.0,-0.0
1743597377.1247687,-88.0,-120.0,89.0,,-8.290709211125344,0.10502401305732967,-0.23530397601005715,0.03333333333333333,0.0,-0.0
1743597377.145069,-88.0,-120.0,89.0,,-8.300709211125344,0.08602401305732954,-0.253156556147734,0.03333333333333333,0.0,-0.0
1743597377.165491,-88.0,-120.0,89.0,,-8.300709211125344,0.09502401305732988,-0.2733735914450526,0.03333333333333333,0.0,-0.0
1743597377.186094,-88.0,-121.0,89.0,,-8.213811219887722,0.10502401305732967,-0.23530648981816105,0.03333333333333333,0.0,-0.0
1743597377.206291,-88.0,-121.0,89.0,,-8.203811219887722,0.09502401305732988,-0.25327166103077453,0.03333333333333333,0.0,-0.0
1743597377.226813,-88.0,-121.0,89.0,,-8.203811219887722,0.09502401305732988,-0.25327166103077453,0.03333333333333333,0.0,-0.0
1743597377.2493203,-88.0,-121.0,89.0,,-8.203811219887722,0.09502401305732988,-0.23518219821710967,0.03333333333333333,0.0,-0.0
1743597377.26965,-88.0,-121.0,89.0,,-8.203811219887722,0.09502401305732988,-0.25327166103077453,0.03333333333333333,0.0,-0.0
1743597377.2901926,-88.0,-121.0,89.0,,-8.213811219887722,0.08602401305732954,-0.253156556147734,0.03333333333333333,0.0,-0.0
1743597377.3104355,-88.0,-121.0,89.0,,-8.203811219887722,0.08602401305732954,-0.27324353891325315,0.03333333333333333,0.0,-0.0
1743597377.330652,-88.0,-121.0,89.0,,-8.193811219887722,0.10502401305732967,-0.23530133668400097,0.03333333333333333,0.0,-0.0
1743597377.3512366,-88.0,-121.0,89.0,,-8.203811219887722,0.10502401305732967,-0.2151938124644906,0.03333333333333333,0.0,-0.0
1743597377.3715732,-88.0,-121.0,89.0,,-8.203811219887722,0.07602401305732975,-0.2731025481865446,0.03333333333333333,0.0,-0.0
1743597377.3917878,-88.0,-120.0,90.0,,-8.310709211125344,0.09502401305732988,-0.27337635877313116,0.03333333333333333,0.0,-0.0
1743597377.4125729,-88.0,-121.0,89.0,,-8.223811219887722,0.09502401305732988,-0.21508690848059353,0.03333333333333333,0.0,-0.0
1743597377.4327796,-88.0,-121.0,89.0,,-8.213811219887722,0.10502401305732967,-0.25340550886401164,0.03333333333333333,0.0,-0.0
1743597377.453052,-88.0,-121.0,89.0,,-8.193811219887722,0.10502401305732967,-0.19508111580864151,0.03333333333333333,0.0,-0.0
1743597377.4732738,-88.0,-121.0,89.0,,-8.193811219887722,0.10502401305732967,-0.19508111580864151,0.03333333333333333,0.0,-0.0
1743597377.4936852,-88.0,-121.0,89.0,,-8.183811219887723,0.08602401305732954,-0.27323729439833844,0.03333333333333333,0.0,-0.0
1743597377.5138586,-88.0,-120.0,89.0,,-8.310709211125344,0.10502401305732967,-0.2534080807532818,0.03333333333333333,0.0,-0.0
1743597377.5340693,-88.0,-120.0,89.0,,-8.310709211125344,0.10502401305732967,-0.2534080807532818,0.03333333333333333,0.0,-0.0
1743597377.554406,-88.0,-121.0,89.0,,-8.213811219887722,0.10502401305732967,-0.17497435259967012,0.03333333333333333,0.0,-0.0
1743597377.574572,-88.0,-120.0,89.0,,-8.290709211125344,0.09502401305732988,-0.2733706786487912,0.03333333333333333,0.0,-0.0
1743597377.5947754,-88.0,-120.0,89.0,,-8.290709211125344,0.09502401305732988,-0.2733706786487912,0.03333333333333333,0.0,-0.0
1743597377.6156867,-88.0,-121.0,89.0,,-8.213811219887722,0.09502401305732988,-0.23518470427017035,0.03333333333333333,0.0,-0.0
1743597377.637686,-88.0,-121.0,89.0,,-8.203811219887722,0.10502401305732967,-0.23530397601005715,0.03333333333333333,0.0,-0.0
1743597377.6579003,-88.0,-121.0,89.0,,-8.203811219887722,0.10502401305732967,-0.23530397601005715,0.03333333333333333,0.0,-0.0
1743597377.6781433,-88.0,-120.0,89.0,,-8.310709211125344,0.08602401305732954,-0.2732492032802766,0.03333333333333333,0.0,-0.0
1743597377.698337,-88.0,-121.0,89.0,,-8.213811219887722,0.10502401305732967,-0.23530648981816105,0.03333333333333333,0.0,-0.0
1743597377.7190278,-88.0,-121.0,89.0,,-8.213811219887722,0.10502401305732967,-0.23530648981816105,0.03333333333333333,0.0,-0.0
