timestamp,roll,pitch,yaw,touch_gesture,acc_x,acc_y,acc_z,gyro_x,gyro_y,gyro_z
1744721658.156033,,,,,,,,,,
1744721658.719982,,,,,,,,,,
1744721659.2020533,,,,,,,,,,
1744721659.6548107,,,,,,,,,,
1744721660.026677,,,,,,,,,,
1744721660.4168198,,,,,,,,,,
1744721660.7482529,,,,,,,,,,
1744721661.0806015,,,,,,,,,,
1744721661.4546998,,,,,,,,,,
1744721661.847968,,,,,,,,,,
1744721662.1707063,,,,,,,,,,
1744721662.513536,,,,,,,,,,
1744721662.840962,,,,,,,,,,
1744721663.1580782,,,,,,,,,,
1744721663.483811,,,,,,,,,,
1744721663.8166265,,,,,,,,,,
1744721664.1675665,,,,,,,,,,
1744721664.515097,,,,,,,,,,
1744721664.8563888,,,,,,,,,,
1744721665.2012727,,,,,,,,,,
1744721665.5483048,,,,,,,,,,
1744721665.9173405,,,,,,,,,,
1744721666.225578,,,,,,,,,,
1744721666.542231,,,,,,,,,,
1744721666.8460462,,,,,,,,,,
1744721667.1645725,,,,,,,,,,
1744721667.4888291,,,,,,,,,,
1744721667.8085258,,,,,,,,,,
1744721668.1338294,,,,,,,,,,
1744721668.5057662,,,,,,,,,,
1744721668.903414,,,,,,,,,,
1744721669.2558267,,,,,,,,,,
1744721669.5991704,,,,,,,,,,
1744721669.9555495,,,,,,,,,,
1744721670.2954807,,,,,,,,,,
1744721670.6349704,,,,,,,,,,
1744721671.020085,,,,,,,,,,
1744721671.4464405,,,,,,,,,,
1744721671.828115,,,,,,,,,,
1744721672.203373,,,,,,,,,,
1744721672.5654728,,,,,,,,,,
1744721672.9272084,,,,,,,,,,
1744721673.2451494,,,,,,,,,,
1744721673.5606992,,,,,,,,,,
1744721673.8654516,,,,,,,,,,
1744721674.185164,,,,,,,,,,
1744721674.5071814,,,,,,,,,,
1744721674.8190713,,,,,,,,,,
1744721675.1273928,,,,,,,,,,
1744721675.9504368,,,,,,,,,,
1744721676.2490475,,,,,,,,,,
1744721676.611781,0.0,-90.0,329.0,,0.9859999999999989,-0.235,-1.7546601340635548,0.03333333333333333,0.0,-0.0
1744721676.9734843,14.0,-139.0,276.0,,9.293060925603122,-1.0602537958327407,1.7020008313480735,0.03333333333333333,0.0,-0.0
1744721677.2996166,19.0,-126.0,275.0,,1.8005432851817655,-3.1558235952247076,-9.98153178106704,0.03333333333333333,0.0,-0.0
1744721677.6316721,15.0,-123.0,272.0,,0.30364172845539095,-2.1970148324557286,-9.476899354854785,0.03333333333333333,0.0,-0.0
1744721677.9700103,6.0,-118.0,266.0,,-0.04271588594607323,-0.3794242246556806,-8.658717495255605,0.03333333333333333,0.0,-0.0
1744721678.2926211,4.0,-116.0,265.0,,-0.061169594194828036,-0.15531100742986925,-8.160296036457975,0.03333333333333333,0.0,-0.0
1744721678.61559,4.0,-114.0,265.0,,-0.24488093947391398,-0.15531100742986925,-8.048247258181219,0.03333333333333333,0.0,-0.0
1744721678.9370852,3.0,-114.0,265.0,,-0.12688093947391366,0.005584269256720953,-8.219967914464556,0.03333333333333333,0.0,-0.0
1744721679.2712986,3.0,-114.0,265.0,,-0.04888093947391425,-0.06341573074327905,-8.299206623981725,0.03333333333333333,0.0,-0.0
1744721679.5935907,3.0,-114.0,265.0,,-0.1078809394739153,0.015584269256720962,-8.267253304777455,0.03333333333333333,0.0,-0.0
1744721679.9210598,5.0,-111.0,273.0,,-0.9514239839375485,1.4290021636454733,0.17650947940783546,0.03333333333333333,0.0,-0.0
1744721680.255306,8.0,-105.0,281.0,,-4.66173235589576,0.8987118795817577,0.5564908378537208,0.03333333333333333,0.0,-0.0
1744721680.5802352,11.0,-86.0,277.0,,-5.227103333048876,0.3731637553560956,0.1401360144249626,0.03333333333333333,0.0,-0.0
1744721680.9104903,13.0,-64.0,273.0,,-4.111169594194828,0.08723015688668445,0.21393078362331153,0.03333333333333333,0.0,-0.0
1744721681.269339,14.0,-48.0,269.0,,-2.594250737933238,-0.06025379583274049,0.17768043485422957,0.03333333333333333,0.0,-0.0
1744721681.6567693,14.0,-39.0,267.0,,-0.8596330361989049,-0.06025379583274049,0.3898785707017254,0.03333333333333333,0.0,-0.0
1744721681.9964476,18.0,-51.0,257.0,,-2.083801881892885,-4.365456714818235,-14.482793373015355,0.03333333333333333,0.0,-0.0
1744721682.3836365,16.0,-70.0,262.0,,-2.7073846099097603,-3.106002460564762,-15.084905151594423,0.03333333333333333,0.0,-0.0
1744721682.761546,14.0,-79.0,263.0,,-1.3927626696215842,-2.7362537958327406,-11.256989110802376,0.03333333333333333,0.0,-0.0
1744721683.1152408,10.0,-89.0,265.0,,-0.8655058894841989,-2.2334886229125868,-8.17874323489308,0.03333333333333333,0.0,-0.0
1744721683.464377,4.0,-98.0,265.0,,0.208470245645195,-0.3323110074298693,-5.5808906009487895,0.03333333333333333,0.0,-0.0
1744721683.8018186,4.0,-98.0,265.0,,-1.0365297543548042,-0.6163110074298692,-2.8014509427783003,0.03333333333333333,0.0,-0.0
1744721684.1446016,3.0,-98.0,265.0,,0.1404702456451954,-1.9944157307432793,-2.5748225438791748,0.03333333333333333,0.0,-0.0
1744721684.4859986,0.0,-97.0,264.0,,-0.009877747601370501,-0.843,-2.873352172638329,0.03333333333333333,0.0,-0.0
1744721684.8242157,0.0,-96.0,264.0,,0.18674020643723743,1.195,-1.7800460282850294,0.03333333333333333,0.0,-0.0
1744721685.1640363,0.0,-96.0,264.0,,-0.36225979356276206,-0.579,-0.7777934759031488,0.03333333333333333,0.0,-0.0
1744721685.5158937,2.0,-95.0,264.0,,-1.9286699882800233,0.2846359373484655,-0.4638129668523594,0.03333333333333333,0.0,-0.0
1744721685.854101,7.0,-87.0,271.0,,-9.31655573594237,4.442461741195503,1.731056278785152,0.03333333333333333,0.0,-0.0
1744721686.2093284,13.0,-86.0,273.0,,-3.423103333048876,4.8332301568866844,-0.013918993976404614,0.03333333333333333,0.0,-0.0
1744721686.574638,17.0,-88.0,274.0,,-3.47002401305733,-0.7801664233300478,-13.663250667214626,0.03333333333333333,0.0,-0.0
1744721686.9312146,15.0,-110.0,283.0,,-3.443384609909762,-1.6380148324557287,-15.456177024023958,0.03333333333333333,0.0,-0.0
1744721687.3137715,11.0,-123.0,287.0,,-0.2263582715446102,0.35316375535609557,-10.129635117816553,0.03333333333333333,0.0,-0.0
1744721687.641899,13.0,-120.0,286.0,,0.064290788874656,1.6172301568866843,-4.354576038802051,0.03333333333333333,0.0,-0.0
1744721687.955334,17.0,-112.0,284.0,,-0.17267361330018538,0.729833576669952,-2.796704560123123,0.03333333333333333,0.0,-0.0
1744721688.2562313,20.0,-105.0,282.0,,-1.4747323558957603,1.4387823939751891,-0.03478421679036403,0.03333333333333333,0.0,-0.0
1744721688.5614767,24.0,-93.0,291.0,,-8.14955573594237,-3.9620864685736,1.4836113509006754,0.03333333333333333,0.0,-0.0
1744721688.8679078,19.0,-72.0,282.0,,-6.525864424855456,-3.0768235952247074,0.42939110701668604,0.03333333333333333,0.0,-0.0
1744721689.1788664,12.0,-46.0,276.0,,-4.223723441322167,-1.6386136869222192,0.046267883128198406,0.03333333333333333,0.0,-0.0
1744721689.4871647,8.0,-32.0,273.0,,-2.3755079821277403,-1.0132881204182422,0.13173300900744245,0.03333333333333333,0.0,-0.0
1744721689.7922506,5.0,-23.0,272.0,,-0.9410723704797759,-0.47399783635452664,0.14225515852884563,0.03333333333333333,0.0,-0.0
1744721690.095204,3.0,-18.0,272.0,,-0.1784567148182341,-0.23941573074327904,0.08335932407189794,0.03333333333333333,0.0,-0.0
1744721690.3934774,2.0,-17.0,272.0,,-0.025166423330047927,-0.029364062651534517,0.23522266203318942,0.03333333333333333,0.0,-0.0
1744721690.7110953,2.0,-16.0,272.0,,0.05099753943523799,-0.09836406265153452,0.09212742275581931,0.03333333333333333,0.0,-0.0
1744721691.0169103,2.0,-15.0,272.0,,0.26498516754427115,-0.0683640626515345,0.17868803397274036,0.03333333333333333,0.0,-0.0
1744721691.337773,2.0,-16.0,272.0,,-0.4400024605647621,0.22563593734846543,0.04977534991671817,0.03333333333333333,0.0,-0.0
1744721691.6546636,3.0,-13.0,278.0,,-0.2267698431133156,-0.4064157307432791,0.6446558341861071,0.03333333333333333,0.0,-0.0
1744721691.9738479,4.0,-9.0,290.0,,0.5533778979553352,-2.3903110074298692,0.4852378226960088,0.03333333333333333,0.0,-0.0
1744721692.3027494,0.0,-9.0,290.0,,-0.12362210204466484,-0.883,-0.12206494088839115,0.03333333333333333,0.0,-0.0
1744721692.6344142,0.0,-8.0,290.0,,0.33071187958175785,0.283,0.592718558945549,0.03333333333333333,0.0,-0.0
1744721692.9486635,0.0,-7.0,290.0,,-0.09853825880449674,-0.147,-0.028987380694793785,0.03333333333333333,0.0,-0.0
1744721693.2766995,5.0,-3.0,306.0,,0.917584269256721,-3.2179978363545265,0.22810090915365677,0.03333333333333333,0.0,-0.0
1744721693.6152968,13.0,0.0,325.0,,3.833,-1.8257698431133156,0.3768913008570607,0.03333333333333333,0.0,-0.0
1744721693.9435432,16.0,-2.0,328.0,,5.256635937348466,-1.107002460564762,-0.051137656796214515,0.03333333333333333,0.0,-0.0
1744721694.2575111,16.0,-4.0,330.0,,8.13068899257013,-1.460002460564762,-0.08485209641582836,0.03333333333333333,0.0,-0.0
1744721694.5888467,16.0,-5.0,331.0,,8.352002163645475,-2.215002460564762,-0.786036043841101,0.03333333333333333,0.0,-0.0
1744721694.9206333,15.0,-12.0,335.0,,7.47138631307778,-2.7250148324557286,-0.4955398545992846,0.03333333333333333,0.0,-0.0
1744721695.2533686,10.0,-40.0,343.0,,3.4902535489750486,-1.5084886229125867,-0.00020198470629212428,0.03333333333333333,0.0,-0.0
1744721695.5700884,5.0,-63.0,346.0,,1.1142259977121114,-0.9039978363545267,0.0002249500810686325,0.03333333333333333,0.0,-0.0
1744721695.8803546,2.0,-75.0,347.0,,0.5262676441042409,-0.4503640626515345,0.002455211661728088,0.03333333333333333,0.0,-0.0
1744721696.1930006,0.0,-83.0,347.0,,0.00012225239863106196,-0.177,-0.0002124624296034605,0.03333333333333333,0.0,-0.0
1744721696.5146806,0.0,-86.0,347.0,,0.1368966669511238,-0.235,0.0011478711459785435,0.03333333333333333,0.0,-0.0
1744721696.8271525,0.0,-87.0,347.0,,0.03844426405763102,-0.137,0.0003198349409948287,0.03333333333333333,0.0,-0.0
1744721697.146032,0.0,-88.0,347.0,,0.18797598694267137,-0.235,0.0021894175860620313,0.03333333333333333,0.0,-0.0
1744721697.4833374,0.0,-88.0,347.0,,0.059975986942671256,-0.216,0.0009166712476305627,0.03333333333333333,0.0,-0.0
1744721697.8407784,0.0,-88.0,347.0,,-0.0770240130573292,-0.108,-0.0019215105271141175,0.03333333333333333,0.0,-0.0
1744721698.1930823,0.0,-88.0,347.0,,-0.09602401305732933,0.028,-0.002860015613434297,0.03333333333333333,0.0,-0.0
1744721698.5363846,0.0,-88.0,349.0,,-4.12702401305733,-0.235,-1.4239810488924345,0.03333333333333333,0.0,-0.0
1744721698.8803701,3.0,-73.0,0.0,,-9.215349655997377,-0.04341573074327909,1.2619439850484344,0.03333333333333333,0.0,-0.0
1744721699.2033336,2.0,-66.0,359.0,,-8.070880939473914,-0.6853640626515345,0.6161959574644147,0.03333333333333333,0.0,-0.0
1744721699.5233395,1.0,-51.0,358.0,,-6.9678018818928855,-0.48520810714975127,0.22877485267438935,0.03333333333333333,0.0,-0.0
1744721699.840811,0.0,-24.0,358.0,,-3.7950864685736003,0.126,0.11668339188205934,0.03333333333333333,0.0,-0.0
1744721700.1577377,1.0,-7.0,358.0,,-0.9905382588044968,-0.045208107149751264,0.12687664126623588,0.03333333333333333,0.0,-0.0
1744721700.477727,1.0,-2.0,358.0,,-0.11736406265153451,-0.045208107149751264,0.13729705331358133,0.03333333333333333,0.0,-0.0
1744721700.790688,1.0,-1.0,358.0,,0.04379189285024873,-0.045208107149751264,0.13707900839004594,0.03333333333333333,0.0,-0.0
1744721701.1082814,1.0,0.0,358.0,,0.215,-0.045208107149751264,0.13707900839004594,0.03333333333333333,0.0,-0.0
1744721701.4331794,1.0,0.0,358.0,,0.205,-0.045208107149751264,0.12687664126623588,0.03333333333333333,0.0,-0.0
1744721701.751738,-2.0,-1.0,342.0,,0.5337918928502488,-4.158635937348466,-1.706333954851572,0.03333333333333333,0.0,-0.0
1744721702.067301,-8.0,0.0,335.0,,-0.794,-3.743711879581758,-0.6212229506462974,0.03333333333333333,0.0,-0.0
1744721702.3821518,-16.0,0.0,330.0,,0.244,-7.013997539435238,-0.001327934361918498,0.03333333333333333,0.0,-0.0
1744721702.7010696,-35.0,0.0,332.0,,0.244,-4.091215159396238,-0.0014157225480524727,0.03333333333333333,0.0,-0.0
1744721703.0209672,-54.0,-1.0,332.0,,0.07279189285024873,-1.772543285181765,-0.0014653124415212049,0.03333333333333333,0.0,-0.0
1744721703.3392768,-67.0,-3.0,330.0,,-0.2794157307432791,-0.6878473876315603,-0.0014197281879201606,0.03333333333333333,0.0,-0.0
1744721703.6636612,-77.0,-6.0,328.0,,-0.7814242246556806,-0.15942966445684092,-0.001327934361918498,0.03333333333333333,0.0,-0.0
1744721703.9855986,-82.0,-12.0,322.0,,-1.7956136869222192,-0.003470245645194936,-0.001327934361918498,0.03333333333333333,0.0,-0.0
1744721704.3029969,-86.0,-26.0,308.0,,-4.05642095000085,0.06810333304887628,-0.0014157225480524727,0.03333333333333333,0.0,-0.0
1744721704.626672,-87.0,-44.0,290.0,,-6.5805986142027635,0.0875557359423702,-0.0014690735573585356,0.03333333333333333,0.0,-0.0
1744721704.94752,-87.0,-53.0,281.0,,-7.590614353563943,0.07855573594236986,-0.001327934361918498,0.03333333333333333,0.0,-0.0
1744721705.2618499,-87.0,-56.0,278.0,,-7.898858586764959,0.0875557359423702,-0.001566455770439651,0.03333333333333333,0.0,-0.0
1744721705.5815537,-87.0,-56.0,278.0,,-7.898858586764959,0.0875557359423702,-0.0014690735573585356,0.03333333333333333,0.0,-0.0
1744721705.8995285,-87.0,-57.0,277.0,,-7.99335827154461,0.0875557359423702,-0.001566455770439651,0.03333333333333333,0.0,-0.0
1744721706.2141564,-87.0,-56.0,277.0,,-7.888858586764959,0.07855573594236986,-0.0014157225480524727,0.03333333333333333,0.0,-0.0
1744721706.5372148,-87.0,-56.0,277.0,,-7.898858586764959,0.0875557359423702,-0.0016633338984505808,0.03333333333333333,0.0,-0.0
1744721706.8526928,-87.0,-57.0,277.0,,-7.99335827154461,0.06855573594237008,-0.0012570155590804488,0.03333333333333333,0.0,-0.0
1744721707.181629,-87.0,-57.0,277.0,,-7.98335827154461,0.07855573594236986,-0.0014157225480524727,0.03333333333333333,0.0,-0.0
1744721707.5028443,-87.0,-57.0,277.0,,-7.98335827154461,0.0875557359423702,-0.0015624389905307956,0.03333333333333333,0.0,-0.0
1744721707.8310702,-87.0,-56.0,278.0,,-7.888858586764959,0.07855573594236986,-0.001327934361918498,0.03333333333333333,0.0,-0.0
1744721708.1438339,-87.0,-56.0,277.0,,-7.888858586764959,0.07855573594236986,-0.001327934361918498,0.03333333333333333,0.0,-0.0
1744721708.4691467,-87.0,-57.0,277.0,,-7.99335827154461,0.0875557359423702,-0.001566455770439651,0.03333333333333333,0.0,-0.0
1744721708.7992017,-87.0,-56.0,278.0,,-7.898858586764959,0.07855573594236986,-0.0013316850464319407,0.03333333333333333,0.0,-0.0
1744721709.1296878,-87.0,-56.0,277.0,,-7.898858586764959,0.06855573594237008,-0.0014108535093009245,0.03333333333333333,0.0,-0.0
1744721709.4534628,-87.0,-56.0,278.0,,-7.898858586764959,0.07855573594236986,-0.0014197281879201606,0.03333333333333333,0.0,-0.0
1744721709.7897432,-87.0,-56.0,278.0,,-7.888858586764959,0.07855573594236986,-0.0014157225480524727,0.03333333333333333,0.0,-0.0
1744721710.111546,-87.0,-56.0,278.0,,-7.888858586764959,0.07855573594236986,-0.0014157225480524727,0.03333333333333333,0.0,-0.0
1744721710.4342754,-87.0,-57.0,277.0,,-7.98335827154461,0.07855573594236986,-0.0014157225480524727,0.03333333333333333,0.0,-0.0
1744721710.7621763,-87.0,-56.0,278.0,,-7.888858586764959,0.07855573594236986,-0.001327934361918498,0.03333333333333333,0.0,-0.0
1744721711.088678,-86.0,-70.0,265.0,,-7.55238460990976,-1.961896666951123,0.08873938988266683,0.03333333333333333,0.0,-0.0
1744721711.4316185,-79.0,-61.0,238.0,,3.5889806729625278,11.001762669621584,0.4925530927655788,0.03333333333333333,0.0,-0.0
1744721711.7682354,-69.0,-53.0,220.0,,3.079385646436057,9.77542398393755,0.12223381926936527,0.03333333333333333,0.0,-0.0
1744721712.113684,-65.0,-60.0,216.0,,1.280290788874657,9.399879390829536,0.0017965238345009071,0.03333333333333333,0.0,-0.0
1744721712.4565995,-32.0,-80.0,204.0,,0.3510359429502401,5.78550798212774,0.01437796947361325,0.03333333333333333,0.0,-0.0
1744721712.7848413,-18.0,-83.0,203.0,,0.1081222523986316,3.4914567148182343,0.003679089919430223,0.03333333333333333,0.0,-0.0
1744721713.1118581,-6.0,-85.0,202.0,,0.10133001171997691,1.5444242246556805,0.004115753119187715,0.03333333333333333,0.0,-0.0
1744721713.44314,0.0,-85.0,202.0,,-0.02566998828002376,0.519,-0.0018969105150320464,0.03333333333333333,0.0,-0.0
1744721713.77485,1.0,-86.0,202.0,,-0.01010333304887645,0.2987918928502487,-0.0004724227355974442,0.03333333333333333,0.0,-0.0
1744721714.1055503,2.0,-86.0,202.0,,0.11789666695112366,0.19563593734846552,0.0044625263206609644,0.03333333333333333,0.0,-0.0
1744721714.4411385,3.0,-86.0,202.0,,0.01989666695112291,-0.014415730743279065,0.0010012332024463833,0.03333333333333333,0.0,-0.0
1744721714.7641904,3.0,-86.0,202.0,,0.0878966669511243,0.0645842692567209,0.00415325050994364,0.03333333333333333,0.0,-0.0
1744721715.1111007,3.0,-87.0,202.0,,0.028444264057629454,0.005584269256720953,0.000645886608850621,0.03333333333333333,0.0,-0.0
1744721715.4500954,3.0,-87.0,202.0,,-0.3835557359423696,1.8395842692567212,-0.5891071425680462,0.03333333333333333,0.0,-0.0
1744721715.7789266,10.0,-84.0,184.0,,-1.745259793562763,4.561511377087413,0.01827501651169333,0.03333333333333333,0.0,-0.0
1744721716.1032996,13.0,-83.0,179.0,,-3.167877747601369,5.627230156886684,0.06345282047883027,0.03333333333333333,0.0,-0.0
1744721716.4298372,20.0,-80.0,164.0,,-5.01396405704976,5.03778239397519,-2.1133025990016567,0.03333333333333333,0.0,-0.0
1744721716.7730725,24.0,-81.0,166.0,,-5.7872226212383024,4.7369135314264,-3.640904524755674,0.03333333333333333,0.0,-0.0
1744721717.1212425,31.0,-82.0,159.0,,-9.136529754354806,5.978476485132369,-3.3480917005866453,0.03333333333333333,0.0,-0.0
1744721717.469066,41.0,-83.0,159.0,,-10.217877747601369,3.3010609256031236,-1.0785508389969318,0.03333333333333333,0.0,-0.0
1744721717.8016925,60.0,-85.0,161.0,,-10.066669988280024,1.4172907888746575,-1.1090878474411183,0.03333333333333333,0.0,-0.0
1744721718.1417537,73.0,-89.0,165.0,,-10.2305058894842,0.5316503440026228,-1.245689657045983,0.03333333333333333,0.0,-0.0
1744721718.4869223,83.0,-102.0,178.0,,-10.007627963198635,0.186122252398631,-1.2054543941362508,0.03333333333333333,0.0,-0.0
1744721718.8467803,87.0,-155.0,231.0,,-4.547885147676262,0.29344426405763,-0.9064174051120426,0.03333333333333333,0.0,-0.0
1744721719.2488177,87.0,164.0,271.0,,2.3610024605647624,0.24444426405763053,-0.985636115351292,0.03333333333333333,0.0,-0.0
1744721719.6154203,87.0,150.0,285.0,,4.659999999999999,0.23444426405763075,-0.948748789453673,0.03333333333333333,0.0,-0.0
1744721719.9755564,87.0,147.0,288.0,,5.058908933497419,0.21544426405763062,-0.7538932411419721,0.03333333333333333,0.0,-0.0
1744721720.3226898,87.0,147.0,288.0,,5.1169089334974185,0.24444426405763053,-0.9088330848796922,0.03333333333333333,0.0,-0.0
1744721720.6631727,87.0,147.0,288.0,,5.018908933497419,0.23444426405763075,-0.6187958489503367,0.03333333333333333,0.0,-0.0
1744721721.0054166,87.0,150.0,285.0,,4.757999999999999,0.1754442640576297,-0.7178461060384417,0.03333333333333333,0.0,-0.0
1744721721.3476694,88.0,162.0,273.0,,2.9624567148182352,0.18797598694267137,-0.4834785448366829,0.03333333333333333,0.0,-0.0
1744721721.7007475,88.0,164.0,271.0,,2.6260024605647625,0.21697598694267128,-0.579699451702826,0.03333333333333333,0.0,-0.0
1744721722.036083,88.0,167.0,268.0,,2.186769843113318,0.24697598694267064,-0.5985998782279085,0.03333333333333333,0.0,-0.0
1744721722.3659313,88.0,169.0,266.0,,1.8518362446439063,0.16797598694267002,-0.6980653598947064,0.03333333333333333,0.0,-0.0
1744721722.710918,88.0,171.0,264.0,,1.572622102044666,0.27597598694267056,-0.5977487013764644,0.03333333333333333,0.0,-0.0
1744721723.0480947,88.0,176.0,259.0,,0.6743110074298714,0.10897598694267074,-0.5450493730027106,0.03333333333333333,0.0,-0.0
1744721723.3833427,89.0,178.0,257.0,,0.36136406265153626,0.23249411051580182,-0.5415963525571795,0.03333333333333333,0.0,-0.0
1744721723.7371619,89.0,179.0,256.0,,0.21920810714975053,0.22249411051580203,-0.308542862550681,0.03333333333333333,0.0,-0.0
1744721724.0873353,89.0,178.0,257.0,,0.30336406265153626,0.16349411051580098,-0.5236182419321072,0.03333333333333333,0.0,-0.0
1744721724.432548,89.0,179.0,256.0,,0.17120810714975054,0.23249411051580182,-0.4052421076581565,0.03333333333333333,0.0,-0.0
1744721724.7897213,89.0,179.0,256.0,,0.19020810714975053,0.2034941105158019,-0.44540440150296895,0.03333333333333333,0.0,-0.0
1744721725.1245728,89.0,-178.0,254.0,,-0.34236406265153624,0.22249411051580203,-0.36589337345257045,0.03333333333333333,0.0,-0.0
1744721725.4487145,89.0,178.0,257.0,,0.34236406265153624,0.1144941105158015,-0.3102044663588701,0.03333333333333333,0.0,-0.0
1744721725.7733269,89.0,180.0,255.0,,-0.009999999999998798,0.10449411051580171,-0.5828288931978385,0.03333333333333333,0.0,-0.0
1744721726.1165202,89.0,-177.0,253.0,,-0.5044157307432787,0.2814941105158013,-0.36483590730502835,0.03333333333333333,0.0,-0.0
1744721726.461744,88.0,-174.0,250.0,,-1.0354242246556833,0.15897598694266968,-0.48418079666387503,0.03333333333333333,0.0,-0.0
1744721726.8004763,88.0,-167.0,243.0,,-2.080769843113318,0.27597598694267056,-0.6746219221251742,0.03333333333333333,0.0,-0.0
1744721727.141984,88.0,-158.0,234.0,,-3.4408906814100995,0.1389759869426701,-0.8735702045332369,0.03333333333333333,0.0,-0.0
1744721727.4791703,87.0,-149.0,225.0,,-4.769523514867633,0.20544426405763083,-0.8136096206792767,0.03333333333333333,0.0,-0.0
1744721727.806798,87.0,-145.0,221.0,,-5.37278484060376,0.20544426405763083,-0.7740782931755994,0.03333333333333333,0.0,-0.0
1744721728.1359153,87.0,-144.0,220.0,,-5.532173324989163,0.06744426405763093,-0.7794452348631218,0.03333333333333333,0.0,-0.0
1744721728.4739447,87.0,-145.0,221.0,,-5.36278484060376,0.18544426405762948,-0.794635329252527,0.03333333333333333,0.0,-0.0
1744721728.886918,87.0,-145.0,221.0,,-5.37278484060376,0.1754442640576297,-0.8346581194003662,0.03333333333333333,0.0,-0.0
1744721729.2891862,87.0,-144.0,220.0,,-5.522173324989163,0.23444426405763075,-0.676172199414155,0.03333333333333333,0.0,-0.0
1744721729.6833045,87.0,-145.0,221.0,,-5.401784840603761,0.15644426405762957,-0.8929690337248435,0.03333333333333333,0.0,-0.0
1744721730.0452166,87.0,-146.0,222.0,,-5.231682383048028,0.048444264057630804,-0.8977838275287617,0.03333333333333333,0.0,-0.0
1744721730.4007857,87.0,-148.0,224.0,,-4.91550798212774,0.09744426405763029,-1.5585999933080208,0.03333333333333333,0.0,-0.0
1744721730.7625825,84.0,-160.0,236.0,,-2.826217606024812,0.30474020643723776,-3.6082497624517194,0.03333333333333333,0.0,-0.0
1744721731.1209798,79.0,-165.0,241.0,,-2.0790148324557314,-0.2947626696215835,-5.67868990987921,0.03333333333333333,0.0,-0.0
1744721731.4608681,74.0,-167.0,243.0,,-1.560769843113318,0.032022762845091535,-6.383244122637084,0.03333333333333333,0.0,-0.0
1744721731.802444,72.0,-167.0,243.0,,-1.5217698431133178,0.06413557514454382,-6.385843502039156,0.03333333333333333,0.0,-0.0
1744721732.1458242,71.0,-167.0,243.0,,-1.4727698431133178,0.07846277337070084,-6.321313840597112,0.03333333333333333,0.0,-0.0
1744721732.4935324,71.0,-166.0,242.0,,-1.6392537958327407,0.2264627733707023,-5.814721802636495,0.03333333333333333,0.0,-0.0
1744721732.8117146,73.0,-164.0,240.0,,-1.7930024605647623,0.18865034400262282,-5.138168761616566,0.03333333333333333,0.0,-0.0
1744721733.1300344,74.0,-161.0,237.0,,-2.1058235952247064,-0.016977237154907954,-3.7535237101837176,0.03333333333333333,0.0,-0.0
1744721733.460871,75.0,-157.0,233.0,,-1.755072370479776,0.7412676441042407,-2.5195305543683144,0.03333333333333333,0.0,-0.0
1744721733.8031127,75.0,-151.0,228.0,,-0.26598237461656726,0.5162676441042411,-7.10798767002966,0.03333333333333333,0.0,-0.0
1744721734.136324,80.0,-124.0,173.0,,-3.1128585867649594,-1.0809640570497603,0.13732267866309122,0.03333333333333333,0.0,-0.0
1744721734.4712029,77.0,-73.0,87.0,,-3.1743496559973776,-2.587570335543159,0.915367693568303,0.03333333333333333,0.0,-0.0
1744721734.8079054,76.0,-51.0,56.0,,-6.398801881892885,-4.930601074767526,-0.6714942329112317,0.03333333333333333,0.0,-0.0
1744721735.1553323,73.0,-20.0,16.0,,1.7627823939751899,-6.577349655997377,0.5516653438126085,0.03333333333333333,0.0,-0.0
1744721735.507373,65.0,-15.0,8.0,,1.6669851675442717,-11.930879390829535,-1.0567236324270928,0.03333333333333333,0.0,-0.0
1744721735.8533845,49.0,-7.0,351.0,,5.197461741195503,-7.365700981985394,1.8194274243416277,0.03333333333333333,0.0,-0.0
1744721736.1975455,45.0,-8.0,349.0,,2.4387118795817577,-10.349717523440031,0.16003584211127198,0.03333333333333333,0.0,-0.0
1744721736.544352,43.0,-9.0,350.0,,-1.2906221020446649,-9.81840391221311,0.0020294654139796364,0.03333333333333333,0.0,-0.0
1744721736.880224,32.0,-6.0,350.0,,-0.8404242246556806,-5.07250798212774,0.1264892686417287,0.03333333333333333,0.0,-0.0
1744721737.2228954,9.0,-2.0,349.0,,-0.13736406265153453,-1.4276221020446649,0.12665678810322056,0.03333333333333333,0.0,-0.0
1744721737.5618348,3.0,-1.0,349.0,,0.02379189285024874,-0.39641573074327907,0.1465590684757423,0.03333333333333333,0.0,-0.0
1744721737.887032,1.0,0.0,349.0,,0.185,-0.045208107149751264,0.13648426648568268,0.03333333333333333,0.0,-0.0
1744721738.226464,1.0,0.0,349.0,,0.195,-0.05420810714975126,0.12656937907866883,0.03333333333333333,0.0,-0.0
1744721738.578148,1.0,0.0,349.0,,0.225,-0.0052081071497512565,0.15786025853946306,0.03333333333333333,0.0,-0.0
1744721738.9202263,1.0,0.0,349.0,,0.205,-0.035208107149751255,0.15698867828579033,0.03333333333333333,0.0,-0.0
1744721739.245916,1.0,0.0,349.0,,0.195,-0.045208107149751264,0.12667799437222982,0.03333333333333333,0.0,-0.0
1744721739.5799367,1.0,0.0,349.0,,0.185,-0.05420810714975126,0.13637586311600813,0.03333333333333333,0.0,-0.0
1744721739.916335,1.0,0.0,349.0,,0.205,-0.06420810714975127,0.12665678810322056,0.03333333333333333,0.0,-0.0
1744721740.2501814,1.0,0.0,349.0,,0.195,-0.05420810714975126,0.1365642160047731,0.03333333333333333,0.0,-0.0
1744721740.5826094,1.0,0.0,349.0,,0.195,-0.06420810714975127,0.12645812784902333,0.03333333333333333,0.0,-0.0
1744721740.9035144,1.0,0.0,349.0,,0.205,-0.06420810714975127,0.12665678810322056,0.03333333333333333,0.0,-0.0
1744721741.2643747,1.0,0.0,349.0,,0.185,-0.05420810714975126,0.1263806470776121,0.03333333333333333,0.0,-0.0
1744721741.6384814,1.0,0.0,349.0,,0.205,-0.045208107149751264,0.13687086103123036,0.03333333333333333,0.0,-0.0
1744721741.9993262,1.0,0.0,349.0,,0.195,-0.07420810714975126,0.13635207040019104,0.03333333333333333,0.0,-0.0
1744721742.345384,1.0,0.0,349.0,,0.185,-0.05420810714975126,0.13637586311600813,0.03333333333333333,0.0,-0.0
1744721742.6792645,1.0,0.0,349.0,,0.401,0.08279189285024874,0.13517999859320895,0.03333333333333333,0.0,-0.0
1744721743.014035,0.0,0.0,349.0,,6.913,0.509,2.9275633483066503,0.03333333333333333,0.0,-0.0
1744721743.351698,1.0,0.0,354.0,,-4.648,-0.11320810714975127,1.189345813888611,0.03333333333333333,0.0,-0.0
1744721743.6876419,1.0,0.0,354.0,,-1.746,-1.6812081071497513,1.1471107770167244,0.03333333333333333,0.0,-0.0
1744721744.0201697,1.0,0.0,354.0,,3.902,0.15179189285024874,1.0229838342883077,0.03333333333333333,0.0,-0.0
1744721744.3650696,1.0,0.0,353.0,,0.421,0.6517918928502486,0.39928547971536865,0.03333333333333333,0.0,-0.0
1744721744.7049508,2.0,0.0,353.0,,0.734,0.01963593734846547,0.13725626988841455,0.03333333333333333,0.0,-0.0
1744721745.0504274,2.0,-2.0,353.0,,0.6276359373484655,-0.019364062651534508,0.25373906433783766,0.03333333333333333,0.0,-0.0
1744721745.390707,1.0,-1.0,353.0,,-0.035208107149751255,-0.08420810714975127,0.08630550471288423,0.03333333333333333,0.0,-0.0
1744721745.7249043,1.0,0.0,353.0,,0.205,-0.045208107149751264,0.13687086103123036,0.03333333333333333,0.0,-0.0
1744721746.0678103,1.0,0.0,353.0,,0.205,-0.045208107149751264,0.13687086103123036,0.03333333333333333,0.0,-0.0
1744721746.4181013,1.0,-1.0,353.0,,0.9657918928502487,0.49479189285024877,0.18951930364325698,0.03333333333333333,0.0,-0.0
1744721746.7610633,1.0,-1.0,353.0,,0.24979189285024872,0.04379189285024873,-0.001599951290401691,0.03333333333333333,0.0,-0.0
1744721747.1023858,1.0,-1.0,353.0,,0.22979189285024876,-0.12320810714975126,0.005307722496752376,0.03333333333333333,0.0,-0.0
1744721747.4380946,1.0,-1.0,353.0,,0.5627918928502487,0.06279189285024875,0.3293526938623117,0.03333333333333333,0.0,-0.0
1744721747.7803898,1.0,-2.0,353.0,,0.058635937348465506,-0.10320810714975126,0.14219546182203402,0.03333333333333333,0.0,-0.0
1744721748.1289313,1.0,-1.0,353.0,,-0.20020810714975126,-0.05420810714975126,0.18371361744923753,0.03333333333333333,0.0,-0.0
1744721748.4698944,2.0,0.0,353.0,,0.43,-0.4303640626515345,0.2902663863742436,0.03333333333333333,0.0,-0.0
1744721748.8003626,1.0,2.0,353.0,,-0.5596359373484655,-0.3082081071497513,0.4180923571096855,0.03333333333333333,0.0,-0.0
1744721749.1243956,0.0,2.0,353.0,,-0.14763593734846547,-0.539,0.023949988453901838,0.03333333333333333,0.0,-0.0
1744721749.4616163,0.0,2.0,353.0,,3.7053640626515345,0.44,1.0688660581674352,0.03333333333333333,0.0,-0.0
1744721749.7891922,1.0,2.0,353.0,,0.41936406265153453,0.34779189285024875,0.4408571512589141,0.03333333333333333,0.0,-0.0
1744721750.1231039,1.0,1.0,353.0,,0.11220810714975127,0.22979189285024876,-0.053530938761554125,0.03333333333333333,0.0,-0.0
1744721750.4536786,2.0,0.0,353.0,,0.372,-0.2653640626515345,0.10220703634319683,0.03333333333333333,0.0,-0.0
1744721750.7815146,1.0,0.0,353.0,,0.205,-0.045208107149751264,0.13687086103123036,0.03333333333333333,0.0,-0.0
1744721751.121166,1.0,0.0,353.0,,0.205,-0.045208107149751264,0.13687086103123036,0.03333333333333333,0.0,-0.0
1744721751.4593225,1.0,0.0,353.0,,0.225,-0.05420810714975126,0.13718867689339298,0.03333333333333333,0.0,-0.0
1744721751.8595026,1.0,0.0,353.0,,0.225,-0.045208107149751264,0.13729705331358133,0.03333333333333333,0.0,-0.0
1744721752.226219,1.0,-2.0,349.0,,9.531635937348465,3.3487918928502487,4.542422430815721,0.03333333333333333,0.0,-0.0
1744721752.5765092,2.0,-16.0,22.0,,-1.577002460564762,-5.589364062651534,-15.38521342913364,0.03333333333333333,0.0,-0.0
1744721752.923989,-1.0,-17.0,20.0,,7.094833576669951,-1.9957918928502485,-3.6626806798607996,0.03333333333333333,0.0,-0.0
1744721753.2670317,19.0,-23.0,22.0,,8.688927629520224,2.5321764047752926,0.9216733452428882,0.03333333333333333,0.0,-0.0
1744721753.5890055,10.0,-40.0,28.0,,-4.58074645102495,-9.646488622912587,-13.026639378110072,0.03333333333333333,0.0,-0.0
1744721753.9253345,7.0,-42.0,28.0,,-4.4571712483804,-6.000538258804497,-15.20552818159571,0.03333333333333333,0.0,-0.0
1744721754.2515237,0.0,-50.0,28.0,,1.0651040130028253,-1.716,-0.10093143554545048,0.03333333333333333,0.0,-0.0
1744721754.5843554,11.0,-60.0,31.0,,-4.573709211125342,6.924163755356095,-0.007784445791244821,0.03333333333333333,0.0,-0.0
1744721754.9140792,12.0,-61.0,30.0,,-6.855019327037473,7.619386313077781,0.10854466937892804,0.03333333333333333,0.0,-0.0
1744721755.240039,15.0,-59.0,30.0,,-3.702811219887722,-0.5000148324557285,1.4504543047758105,0.03333333333333333,0.0,-0.0
1744721755.6734862,10.0,-56.0,28.0,,-5.269858586764959,-11.049488622912587,-3.064764251657593,0.03333333333333333,0.0,-0.0
1744721756.0374956,6.0,-63.0,28.0,,-7.8297740022878894,1.8765757753443195,-19.334693652204308,0.03333333333333333,0.0,-0.0
1744721756.3868196,7.0,-82.0,33.0,,-6.567529754354805,-2.2155382588044965,-18.39563526263463,0.03333333333333333,0.0,-0.0
1744721756.7165606,7.0,-84.0,33.0,,-6.433259793562762,-1.3815382588044967,-18.29074770469986,0.03333333333333333,0.0,-0.0
1744721757.0436895,8.0,-89.0,34.0,,-6.455505889484199,-1.620288120418242,-18.091495601376195,0.03333333333333333,0.0,-0.0
1744721757.3736587,7.0,-95.0,34.0,,-6.449669988280023,-1.5685382588044967,-18.230629195131435,0.03333333333333333,0.0,-0.0
1744721757.7081914,7.0,-102.0,35.0,,-6.193627963198634,-1.7645382588044967,-18.061817081521838,0.03333333333333333,0.0,-0.0
1744721758.0422065,6.0,-110.0,36.0,,-5.865384609909762,-1.6234242246556807,-18.0552393910805,0.03333333333333333,0.0,-0.0
1744721758.3731122,5.0,-117.0,37.0,,-5.328774002287889,-1.7869978363545267,-17.98681131023868,0.03333333333333333,0.0,-0.0
1744721758.7012665,4.0,-122.0,38.0,,-4.9073518232945395,-1.5083110074298691,-18.007683702129796,0.03333333333333333,0.0,-0.0
1744721759.0274587,2.0,-127.0,38.0,,-4.412614353563942,-1.3323640626515345,-17.989268298240102,0.03333333333333333,0.0,-0.0
1744721759.37079,0.0,-131.0,38.0,,-3.942700981985395,-1.657,-17.68390966388693,0.03333333333333333,0.0,-0.0
1744721759.6964593,-1.0,-135.0,37.0,,-3.1617175234400325,-2.427791892850249,-17.256121776480185,0.03333333333333333,0.0,-0.0
1744721760.0265286,-3.0,-137.0,37.0,,-3.121403912213111,-2.840584269256721,-15.896094244553368,0.03333333333333333,0.0,-0.0
1744721760.3592165,-25.0,-145.0,16.0,,0.08921515939623959,-1.5321148523237378,-9.426241887524661,0.03333333333333333,0.0,-0.0
1744721760.6831524,-29.0,-147.0,11.0,,0.6090910665025815,-2.403017625383433,-0.01920148508586783,0.03333333333333333,0.0,-0.0
1744721761.002856,-42.0,-151.0,358.0,,0.3420176253834324,-1.6738287516195998,-0.003999972351429848,0.03333333333333333,0.0,-0.0
1744721761.3332002,-43.0,-149.0,359.0,,0.6534764851323667,-0.04659608778688984,-0.6605719897337756,0.03333333333333333,0.0,-0.0
1744721761.6681325,-46.0,-146.0,0.0,,0.8973176169519723,0.43772344132216734,-1.718059716351779,0.03333333333333333,0.0,-0.0
1744721762.0170789,-46.0,-137.0,6.0,,1.2025960877868886,0.8297234413221668,-1.5270172029105642,0.03333333333333333,0.0,-0.0
1744721762.3531942,-43.0,-118.0,18.0,,3.1542841140539277,1.6404039122131104,-1.8980957739073017,0.03333333333333333,0.0,-0.0
1744721762.6860948,-39.0,-127.0,17.0,,1.598385646436058,6.211633036198905,-1.8337566719871288,0.03333333333333333,0.0,-0.0
1744721763.017095,-33.0,-119.0,20.0,,1.117980672962526,5.254908933497416,-0.0021057357824952605,0.03333333333333333,0.0,-0.0
1744721763.353952,-19.0,-103.0,26.0,,0.2864296644568416,3.0858235952247073,0.0013459390178163777,0.03333333333333333,0.0,-0.0
1744721763.6873565,-7.0,-94.0,28.0,,0.07789666695112452,1.2335382588044967,0.0006552521576586173,0.03333333333333333,0.0,-0.0
1744721764.0312052,-1.0,-90.0,28.0,,0.04499999999999993,0.19020810714975125,0.0004998055252577599,0.03333333333333333,0.0,-0.0
1744721764.3716455,0.0,-89.0,28.0,,0.05549411051580222,0.156,0.00043913090523101106,0.03333333333333333,0.0,-0.0
1744721764.7136624,0.0,-89.0,28.0,,0.05549411051580222,0.146,0.0005519788788518332,0.03333333333333333,0.0,-0.0
1744721765.1117406,1.0,-88.0,28.0,,0.04097598694267113,-0.05420810714975126,0.000360132014836978,0.03333333333333333,0.0,-0.0
1744721765.5252697,1.0,-89.0,28.0,,0.04649411051580188,-0.14320810714975127,0.00017854286920685608,0.03333333333333333,0.0,-0.0
1744721765.8677902,1.0,-89.0,28.0,,0.04649411051580188,-0.05420810714975126,0.00018112176031378352,0.03333333333333333,0.0,-0.0
1744721766.2031252,1.0,-89.0,28.0,,0.04649411051580188,-0.07420810714975126,0.00013394329021582801,0.03333333333333333,0.0,-0.0
1744721766.5358481,1.0,-89.0,28.0,,0.05549411051580222,0.02379189285024874,-0.15356117608451664,0.03333333333333333,0.0,-0.0
1744721766.865544,1.0,-90.0,28.0,,0.03500000000000014,-0.015208107149751265,-0.3313655912298049,0.03333333333333333,0.0,-0.0
1744721767.1914892,1.0,-90.0,28.0,,0.025000000000000355,-0.06420810714975127,-0.9960628192753254,0.03333333333333333,0.0,-0.0
1744721767.5251684,1.0,-91.0,28.0,,0.01649411051580074,-0.035208107149751255,-1.2517122189517442,0.03333333333333333,0.0,-0.0
1744721767.8605871,1.0,-92.0,28.0,,-0.008024013057330137,-0.07420810714975126,-1.7218673238025406,0.03333333333333333,0.0,-0.0
1744721768.1862257,0.0,-93.0,28.0,,0.009444264057629326,0.117,-1.720978288927573,0.03333333333333333,0.0,-0.0
1744721768.50784,1.0,-94.0,28.0,,0.009896666951123123,-0.0052081071497512565,-1.741683042332482,0.03333333333333333,0.0,-0.0
1744721768.8440788,1.0,-94.0,28.0,,0.009896666951123123,-0.0052081071497512565,-1.741683042332482,0.03333333333333333,0.0,-0.0
1744721769.1668346,1.0,-94.0,28.0,,0.009896666951123123,-0.0052081071497512565,-1.741683042332482,0.03333333333333333,0.0,-0.0
1744721769.4854264,1.0,-94.0,28.0,,0.009896666951123123,-0.07420810714975126,-1.7994515221730032,0.03333333333333333,0.0,-0.0
1744721769.802821,1.0,-94.0,28.0,,0.009896666951123123,-0.11320810714975127,-1.7417917938321608,0.03333333333333333,0.0,-0.0
1744721770.136787,1.0,-94.0,28.0,,0.01989666695112291,-0.035208107149751255,-1.7607282758579919,0.03333333333333333,0.0,-0.0
1744721770.465565,1.0,-94.0,28.0,,0.009896666951123123,-0.0052081071497512565,-1.741683042332482,0.03333333333333333,0.0,-0.0
1744721770.7896214,1.0,-94.0,28.0,,0.01989666695112291,-0.0052081071497512565,-1.740803365622436,0.03333333333333333,0.0,-0.0
1744721771.1051779,1.0,-94.0,28.0,,0.009896666951123123,0.013791892850248733,-1.7416530700172443,0.03333333333333333,0.0,-0.0
1744721771.4273756,1.0,-94.0,28.0,,0.009896666951123123,0.04379189285024873,-1.741599146529492,0.03333333333333333,0.0,-0.0
1744721771.7558246,1.0,-94.0,28.0,,0.009896666951123123,0.07279189285024873,-1.838984500221993,0.03333333333333333,0.0,-0.0
1744721772.085969,-10.0,-119.0,325.0,,-2.6090193270374744,-4.611511377087414,-3.9171218881173964,0.03333333333333333,0.0,-0.0
1744721772.4302974,-14.0,-132.0,308.0,,-7.144250737933238,2.460253795832741,-19.231404756228116,0.03333333333333333,0.0,-0.0
1744721772.7776153,-9.0,-140.0,304.0,,-6.6487464510249525,3.386622102044665,-19.053104927481737,0.03333333333333333,0.0,-0.0
1744721773.1126657,-7.0,-144.0,303.0,,-6.050173324989163,2.969538258804497,-19.08013086276457,0.03333333333333333,0.0,-0.0
1744721773.4426394,-4.0,-149.0,303.0,,-5.317523514867633,2.4583110074298693,-19.07031892213009,0.03333333333333333,0.0,-0.0
1744721773.7852097,-2.0,-154.0,303.0,,-4.457420950000849,1.7923640626515345,-19.167734880168375,0.03333333333333333,0.0,-0.0
1744721774.115923,0.0,-158.0,303.0,,-3.5488906814100996,0.627,-19.43752293219795,0.03333333333333333,0.0,-0.0
1744721774.4567802,-17.0,-165.0,291.0,,7.0019851675442695,-14.08783357666995,0.9525642561423309,0.03333333333333333,0.0,-0.0
1744721774.7979672,-43.0,-153.0,293.0,,1.772353197555045,7.57240391221311,-1.2152346452561806,0.03333333333333333,0.0,-0.0
1744721775.1354194,-39.0,-149.0,298.0,,-4.592523514867634,13.370633036198905,-4.029634847590324,0.03333333333333333,0.0,-0.0
1744721775.4617045,-31.0,-153.0,295.0,,-3.924646802444955,13.985523514867632,-7.386765399853094,0.03333333333333333,0.0,-0.0
1744721775.7900386,-5.0,-155.0,294.0,,-3.4998851476762622,9.728997836354527,-7.109983287028813,0.03333333333333333,0.0,-0.0
1744721776.1369655,15.0,-156.0,295.0,,-3.4420864685736023,7.011985167544271,-6.541854739133962,0.03333333333333333,0.0,-0.0
1744721776.4882867,44.0,-160.0,297.0,,-2.660217606024812,2.7754013857972364,-6.454713721012644,0.03333333333333333,0.0,-0.0
1744721776.840956,59.0,-162.0,299.0,,-2.297456714818235,1.0141887801122778,-6.0418489335067616,0.03333333333333333,0.0,-0.0
1744721777.173765,67.0,-161.0,299.0,,-2.2048235952247066,0.4228473876315597,-5.971746781724445,0.03333333333333333,0.0,-0.0
1744721777.5052698,70.0,-161.0,299.0,,-2.1158235952247066,0.3126153900902402,-5.890566134078288,0.03333333333333333,0.0,-0.0
1744721777.8319795,71.0,-161.0,299.0,,-2.2538235952247065,-1.107537226629299,-4.9696393934405245,0.03333333333333333,0.0,-0.0
1744721778.159778,71.0,-161.0,299.0,,-2.5378235952247064,1.4324627733707018,-0.6182248862689407,0.03333333333333333,0.0,-0.0
1744721778.495575,72.0,-160.0,298.0,,-0.7382176060248118,0.4561355751445433,-1.3468575976712622,0.03333333333333333,0.0,-0.0
1744721778.835948,77.0,-159.0,295.0,,-2.7125895850393955,0.5024296644568409,0.018786429062166987,0.03333333333333333,0.0,-0.0
1744721779.181206,84.0,171.0,316.0,,1.093622102044666,0.294740206437238,0.0054303471276256066,0.03333333333333333,0.0,-0.0
1744721779.5136998,88.0,-164.0,292.0,,-2.391002460564762,0.22697598694267107,0.0028683849990344262,0.03333333333333333,0.0,-0.0
1744721779.852974,89.0,-85.0,213.0,,-9.479669988280024,0.21249411051580225,0.0025419249782399067,0.03333333333333333,0.0,-0.0
1744721780.1890543,88.0,-69.0,197.0,,-8.86542398393755,0.21697598694267128,0.0031721332336657193,0.03333333333333333,0.0,-0.0
1744721780.5212069,88.0,-66.0,193.0,,-8.658880939473914,0.21697598694267128,0.002740847136354946,0.03333333333333333,0.0,-0.0
1744721780.8444424,88.0,-65.0,192.0,,-8.597879390829537,0.22697598694267107,0.0028609168396809825,0.03333333333333333,0.0,-0.0
1744721781.166632,88.0,-64.0,192.0,,-8.504169594194828,0.22697598694267107,0.0028683849990344262,0.03333333333333333,0.0,-0.0
1744721781.492882,88.0,-65.0,192.0,,-8.587879390829535,0.21697598694267128,0.0029584219090472708,0.03333333333333333,0.0,-0.0
1744721781.8249993,88.0,-65.0,192.0,,-8.577879390829535,0.22697598694267107,0.0026638513118719537,0.03333333333333333,0.0,-0.0
1744721782.1674337,88.0,-64.0,192.0,,-8.514169594194827,0.22697598694267107,0.002660324640907069,0.03333333333333333,0.0,-0.0
1744721782.4963572,88.0,-65.0,192.0,,-8.587879390829535,0.21697598694267128,0.0029584219090472708,0.03333333333333333,0.0,-0.0
1744721782.8227987,88.0,-65.0,192.0,,-8.607879390829536,0.21697598694267128,0.00295060787969037,0.03333333333333333,0.0,-0.0
1744721783.1623263,88.0,-64.0,192.0,,-8.524169594194829,0.22697598694267107,0.0030879408226247573,0.03333333333333333,0.0,-0.0
1744721783.4907908,88.0,-64.0,192.0,,-8.514169594194827,0.21697598694267128,0.002740847136354946,0.03333333333333333,0.0,-0.0
1744721783.833631,88.0,-64.0,192.0,,-8.524169594194829,0.22697598694267107,0.0028609168396809825,0.03333333333333333,0.0,-0.0
1744721784.1748593,88.0,-65.0,192.0,,-8.597879390829537,0.21697598694267128,0.002737163512435109,0.03333333333333333,0.0,-0.0
1744721784.5108147,88.0,-68.0,195.0,,-7.811673613300186,0.8939759869426709,0.02733040322374175,0.03333333333333333,0.0,-0.0
1744721784.8452919,88.0,-105.0,225.0,,-2.33773235589576,-6.59802401305733,-4.51266294684352,0.03333333333333333,0.0,-0.0
1744721785.1864266,39.0,-126.0,261.0,,-2.847456714818234,-14.058633036198906,-3.400680174034114,0.03333333333333333,0.0,-0.0
1744721785.5242326,33.0,-125.0,261.0,,-3.4178815544750094,-13.452908933497415,-4.035797928272989,0.03333333333333333,0.0,-0.0
1744721785.8676872,27.0,-128.0,262.0,,-4.279385492881943,-13.446646802444954,-3.221315179802448,0.03333333333333333,0.0,-0.0
1744721786.2080069,19.0,-130.0,263.0,,-3.494895986997175,-12.519823595224707,0.04304775778822045,0.03333333333333333,0.0,-0.0
1744721786.5702116,9.0,-123.0,261.0,,-2.30535827154461,-9.644622102044664,-2.4500386060271815,0.03333333333333333,0.0,-0.0
1744721786.9321532,-6.0,-123.0,262.0,,-7.07135827154461,-9.37957577534432,-0.5113027237622882,0.03333333333333333,0.0,-0.0
1744721787.2854333,-23.0,-130.0,261.0,,-7.280895986997175,-5.884927629520224,-0.001073812659421941,0.03333333333333333,0.0,-0.0
1744721787.6309776,-37.0,-128.0,262.0,,-7.466385492881943,-3.805194622878406,-0.0014573190526227797,0.03333333333333333,0.0,-0.0
1744721787.9691317,-55.0,-126.0,262.0,,-7.702456714818235,-1.67311844552499,-0.0013712193285114471,0.03333333333333333,0.0,-0.0
1744721788.298505,-67.0,-124.0,264.0,,-7.898858586764959,-0.6878473876315603,-0.001154218630930487,0.03333333333333333,0.0,-0.0
1744721788.635679,-75.0,-122.0,266.0,,-8.07535182329454,-0.24226764410424018,-0.0012396755046701624,0.03333333333333333,0.0,-0.0
1744721789.0526822,-81.0,-117.0,271.0,,-8.47677400228789,-0.05877737876169675,-0.000582181011578975,0.03333333333333333,0.0,-0.0
1744721789.4451222,-84.0,-110.0,278.0,,-8.984384609909762,0.04725979356276255,-0.0014690735573585356,0.03333333333333333,0.0,-0.0
1744721789.8226256,-86.0,-100.0,288.0,,-9.42696405704976,0.07710333304887662,-0.0013712193285114471,0.03333333333333333,0.0,-0.0
1744721790.1656823,-87.0,-90.0,298.0,,-9.566,0.07855573594236986,-0.0012396755046701624,0.03333333333333333,0.0,-0.0
1744721790.5128958,-87.0,-80.0,308.0,,-9.42696405704976,0.07855573594236986,-0.001154218630930487,0.03333333333333333,0.0,-0.0
1744721790.8504398,-87.0,-73.0,315.0,,-9.137349655997378,0.0875557359423702,-0.0013677139126113957,0.03333333333333333,0.0,-0.0
1744721791.1838148,-87.0,-68.0,320.0,,-8.861673613300185,0.07855573594236986,-0.001154218630930487,0.03333333333333333,0.0,-0.0
1744721791.5106833,-87.0,-65.0,323.0,,-8.656879390829536,0.07855573594236986,-0.001154218630930487,0.03333333333333333,0.0,-0.0
1744721791.842561,-87.0,-63.0,325.0,,-8.51577400228789,0.0875557359423702,-0.001374249014494927,0.03333333333333333,0.0,-0.0
1744721792.1800961,-87.0,-61.0,326.0,,-8.346019327037473,0.09755573594236999,-0.0015137734158523486,0.03333333333333333,0.0,-0.0
1744721792.5288498,-87.0,-61.0,327.0,,-8.346019327037473,0.0875557359423702,-0.0012729251607081216,0.03333333333333333,0.0,-0.0
1744721792.8759818,-87.0,-60.0,328.0,,-8.261709211125343,0.07855573594236986,-0.0012431711981276683,0.03333333333333333,0.0,-0.0
1744721793.2116702,-87.0,-60.0,328.0,,-8.261709211125343,0.0875557359423702,-0.0013712193285114471,0.03333333333333333,0.0,-0.0
1744721793.551107,-87.0,-60.0,328.0,,-8.280709211125343,0.0875557359423702,-0.0012787255740435988,0.03333333333333333,0.0,-0.0
1744721793.8854735,-87.0,-59.0,329.0,,-8.174811219887722,0.0875557359423702,-0.0012729251607081216,0.03333333333333333,0.0,-0.0
1744721794.2200475,-87.0,-59.0,328.0,,-8.164811219887723,0.07855573594236986,-0.0011509779618005533,0.03333333333333333,0.0,-0.0
1744721794.53596,-87.0,-59.0,328.0,,-8.174811219887722,0.07855573594236986,-0.0012431711981276683,0.03333333333333333,0.0,-0.0
1744721794.8611763,-87.0,-59.0,328.0,,-8.174811219887722,0.07855573594236986,-0.001154218630930487,0.03333333333333333,0.0,-0.0
1744721795.1859543,-87.0,-59.0,328.0,,-8.174811219887722,0.09755573594236999,-0.0016220261385331003,0.03333333333333333,0.0,-0.0
1744721795.5075412,-87.0,-59.0,329.0,,-8.174811219887722,0.07855573594236986,-0.001154218630930487,0.03333333333333333,0.0,-0.0
1744721795.830027,-87.0,-59.0,329.0,,-8.174811219887722,0.0875557359423702,-0.0013712193285114471,0.03333333333333333,0.0,-0.0
1744721796.1518166,-87.0,-59.0,329.0,,-8.183811219887723,0.0875557359423702,-0.001374249014494927,0.03333333333333333,0.0,-0.0
1744721796.4670403,-87.0,-59.0,329.0,,-8.164811219887723,0.07855573594236986,-0.0011509779618005533,0.03333333333333333,0.0,-0.0
1744721796.7875683,-87.0,-59.0,329.0,,-8.174811219887722,0.0875557359423702,-0.0013712193285114471,0.03333333333333333,0.0,-0.0
1744721797.1090238,-87.0,-59.0,329.0,,-8.174811219887722,0.07855573594236986,-0.0012431711981276683,0.03333333333333333,0.0,-0.0
1744721797.4294066,-87.0,-59.0,329.0,,-8.154811219887723,0.07855573594236986,-0.00123603382992854,0.03333333333333333,0.0,-0.0
1744721797.7721684,-87.0,-59.0,329.0,,-8.183811219887723,0.07855573594236986,-0.0012461924807335711,0.03333333333333333,0.0,-0.0
1744721798.0954802,-87.0,-59.0,329.0,,-8.164811219887723,0.07855573594236986,-0.0012396755046701624,0.03333333333333333,0.0,-0.0
1744721798.427904,-87.0,-59.0,329.0,,-8.164811219887723,0.07855573594236986,-0.0012396755046701624,0.03333333333333333,0.0,-0.0
1744721798.7416692,-87.0,-59.0,329.0,,-8.183811219887723,0.07855573594236986,-0.0011570194993111294,0.03333333333333333,0.0,-0.0
1744721799.0598345,-87.0,-59.0,329.0,,-8.174811219887722,0.0875557359423702,-0.0013712193285114471,0.03333333333333333,0.0,-0.0
1744721799.3879597,-87.0,-59.0,329.0,,-8.183811219887723,0.0875557359423702,-0.001374249014494927,0.03333333333333333,0.0,-0.0
1744721799.7095964,-87.0,-59.0,329.0,,-8.164811219887723,0.06855573594237008,-0.001019349113596496,0.03333333333333333,0.0,-0.0
1744721800.0337887,-87.0,-59.0,328.0,,-8.154811219887723,0.06855573594237008,-0.0007079152728486082,0.03333333333333333,0.0,-0.0
1744721800.3582282,-87.0,-60.0,328.0,,-8.241709211125343,0.0875557359423702,-0.0015582544691824796,0.03333333333333333,0.0,-0.0
1744721800.6776714,-87.0,-59.0,329.0,,-8.174811219887722,0.0875557359423702,-0.0013712193285114471,0.03333333333333333,0.0,-0.0
1744721801.0134132,-87.0,-59.0,328.0,,-8.174811219887722,0.07855573594236986,-0.0012431711981276683,0.03333333333333333,0.0,-0.0
1744721801.343205,-87.0,-59.0,329.0,,-8.174811219887722,0.0875557359423702,-0.0013712193285114471,0.03333333333333333,0.0,-0.0
1744721801.6670706,-87.0,-59.0,329.0,,-8.174811219887722,0.07855573594236986,-0.001154218630930487,0.03333333333333333,0.0,-0.0
1744721801.9865441,-87.0,-59.0,328.0,,-8.183811219887723,0.0875557359423702,-0.001374249014494927,0.03333333333333333,0.0,-0.0
1744721802.3059447,-87.0,-59.0,328.0,,-8.174811219887722,0.07855573594236986,-0.0012431711981276683,0.03333333333333333,0.0,-0.0
1744721802.6264286,-87.0,-59.0,329.0,,-8.174811219887722,0.0875557359423702,-0.0012729251607081216,0.03333333333333333,0.0,-0.0
1744721802.9424715,-87.0,-59.0,329.0,,-8.174811219887722,0.0875557359423702,-0.0013712193285114471,0.03333333333333333,0.0,-0.0
1744721803.2727718,-87.0,-59.0,329.0,,-8.174811219887722,0.07855573594236986,-0.0012431711981276683,0.03333333333333333,0.0,-0.0
1744721803.594245,-87.0,-59.0,329.0,,-8.174811219887722,0.0875557359423702,-0.0012729251607081216,0.03333333333333333,0.0,-0.0
1744721803.923539,-87.0,-59.0,329.0,,-8.174811219887722,0.0875557359423702,-0.0014690735573585356,0.03333333333333333,0.0,-0.0
1744721804.2914674,-87.0,-59.0,329.0,,-8.183811219887723,0.07855573594236986,-0.0012461924807335711,0.03333333333333333,0.0,-0.0
1744721804.6323354,-87.0,-59.0,329.0,,-8.174811219887722,0.06855573594237008,-0.0009514982948205658,0.03333333333333333,0.0,-0.0
1744721804.9680047,-87.0,-59.0,329.0,,-8.164811219887723,0.07855573594236986,-0.0011509779618005533,0.03333333333333333,0.0,-0.0
1744721805.3011045,-87.0,-59.0,329.0,,-8.174811219887722,0.07855573594236986,-0.001154218630930487,0.03333333333333333,0.0,-0.0
1744721805.6132987,-87.0,-59.0,329.0,,-8.174811219887722,0.0875557359423702,-0.0012729251607081216,0.03333333333333333,0.0,-0.0
1744721805.9459484,-87.0,-59.0,329.0,,-8.174811219887722,0.07855573594236986,-0.001154218630930487,0.03333333333333333,0.0,-0.0
1744721806.2791266,-87.0,-59.0,329.0,,-8.193811219887722,0.07855573594236986,-0.0011600029549555524,0.03333333333333333,0.0,-0.0
1744721806.608827,-87.0,-59.0,329.0,,-8.174811219887722,0.07855573594236986,-0.001154218630930487,0.03333333333333333,0.0,-0.0
1744721806.9409926,-87.0,-59.0,329.0,,-8.193811219887722,0.09755573594236999,-0.0013123102862554331,0.03333333333333333,0.0,-0.0
1744721807.2656841,-87.0,-58.0,330.0,,-8.11435182329454,0.09755573594236999,-0.0019559135801299476,0.03333333333333333,0.0,-0.0
1744721807.623978,-87.0,-57.0,330.0,,-7.99335827154461,0.06855573594237008,-0.0011793289365918669,0.03333333333333333,0.0,-0.0
1744721807.9963284,-87.0,-57.0,331.0,,-8.00235827154461,0.07855573594236986,-0.0012461924807335711,0.03333333333333333,0.0,-0.0
1744721808.396281,-87.0,-56.0,331.0,,-7.888858586764959,0.0875557359423702,-0.0014653124415212049,0.03333333333333333,0.0,-0.0
1744721808.7711918,-87.0,-56.0,332.0,,-7.898858586764959,0.07855573594236986,-0.0013316850464319407,0.03333333333333333,0.0,-0.0
1744721809.1888592,-87.0,-56.0,332.0,,-7.878858586764959,0.048555735942370504,-0.0006433693618471265,0.03333333333333333,0.0,-0.0
1744721809.6309102,-87.0,-57.0,331.0,,-7.99335827154461,0.09755573594236999,-0.0016220261385331003,0.03333333333333333,0.0,-0.0
1744721810.0335314,-87.0,-57.0,330.0,,-8.00235827154461,0.0875557359423702,-0.001374249014494927,0.03333333333333333,0.0,-0.0
1744721810.4146104,-87.0,-58.0,330.0,,-8.08535182329454,0.0875557359423702,-0.0013712193285114471,0.03333333333333333,0.0,-0.0
1744721810.7629027,-87.0,-58.0,330.0,,-8.08535182329454,0.07855573594236986,-0.001154218630930487,0.03333333333333333,0.0,-0.0
1744721811.1044302,-87.0,-58.0,330.0,,-8.06535182329454,0.07855573594236986,-0.0011476019612960964,0.03333333333333333,0.0,-0.0
1744721811.456018,-87.0,-58.0,330.0,,-8.10435182329454,0.07855573594236986,-0.0011600029549555524,0.03333333333333333,0.0,-0.0
1744721811.7837238,-87.0,-58.0,330.0,,-8.09435182329454,0.07855573594236986,-0.0012461924807335711,0.03333333333333333,0.0,-0.0
1744721812.1010566,-87.0,-58.0,330.0,,-8.09435182329454,0.07855573594236986,-0.0012461924807335711,0.03333333333333333,0.0,-0.0
1744721812.4214709,-87.0,-58.0,330.0,,-8.09435182329454,0.07855573594236986,-0.0011570194993111294,0.03333333333333333,0.0,-0.0
1744721812.7578676,-87.0,-58.0,330.0,,-8.08535182329454,0.0875557359423702,-0.0014690735573585356,0.03333333333333333,0.0,-0.0
1744721813.0878725,-87.0,-58.0,330.0,,-8.08535182329454,0.07855573594236986,-0.001154218630930487,0.03333333333333333,0.0,-0.0
1744721813.418509,-87.0,-58.0,330.0,,-8.10435182329454,0.07855573594236986,-0.001249410719287053,0.03333333333333333,0.0,-0.0
1744721813.751808,-87.0,-58.0,330.0,,-8.08535182329454,0.0875557359423702,-0.0013712193285114471,0.03333333333333333,0.0,-0.0
1744721814.09152,-87.0,-58.0,330.0,,-8.07535182329454,0.06855573594237008,-0.001019349113596496,0.03333333333333333,0.0,-0.0
1744721814.4211814,-87.0,-58.0,330.0,,-8.07535182329454,0.07855573594236986,-0.0012396755046701624,0.03333333333333333,0.0,-0.0
1744721814.7462707,-87.0,-58.0,330.0,,-8.08535182329454,0.07855573594236986,-0.0012431711981276683,0.03333333333333333,0.0,-0.0
1744721815.066932,-87.0,-58.0,330.0,,-8.10435182329454,0.0875557359423702,-0.001377476204643846,0.03333333333333333,0.0,-0.0
1744721815.394491,-87.0,-58.0,330.0,,-8.08535182329454,0.06855573594237008,-0.001101173056013094,0.03333333333333333,0.0,-0.0
1744721815.7300718,-87.0,-57.0,331.0,,-7.99335827154461,0.0875557359423702,-0.001566455770439651,0.03333333333333333,0.0,-0.0
1744721816.0971718,-87.0,-57.0,331.0,,-8.00235827154461,0.0875557359423702,-0.001569927421757794,0.03333333333333333,0.0,-0.0
1744721816.4515,-87.0,-57.0,331.0,,-7.99335827154461,0.07855573594236986,-0.0012431711981276683,0.03333333333333333,0.0,-0.0
1744721816.7869072,-87.0,-56.0,331.0,,-7.907858586764959,0.07855573594236986,-0.001334926714495338,0.03333333333333333,0.0,-0.0
1744721817.118728,-87.0,-56.0,332.0,,-7.907858586764959,0.07855573594236986,-0.001334926714495338,0.03333333333333333,0.0,-0.0
1744721817.4539437,-87.0,-56.0,332.0,,-7.898858586764959,0.07855573594236986,-0.0014197281879201606,0.03333333333333333,0.0,-0.0
1744721817.8006132,-87.0,-56.0,332.0,,-7.898858586764959,0.07855573594236986,-0.0013316850464319407,0.03333333333333333,0.0,-0.0
1744721818.1297565,-87.0,-56.0,332.0,,-7.907858586764959,0.07855573594236986,-0.001334926714495338,0.03333333333333333,0.0,-0.0
1744721818.4573364,-87.0,-56.0,332.0,,-7.907858586764959,0.0875557359423702,-0.001472324241507672,0.03333333333333333,0.0,-0.0
1744721818.778662,-87.0,-56.0,332.0,,-7.898858586764959,0.0875557359423702,-0.0014690735573585356,0.03333333333333333,0.0,-0.0
1744721819.0974135,-87.0,-56.0,332.0,,-7.898858586764959,0.07855573594236986,-0.0013316850464319407,0.03333333333333333,0.0,-0.0
1744721819.4349146,-87.0,-62.0,326.0,,-7.279715885946073,0.029555735942370376,0.002624427193361756,0.03333333333333333,0.0,-0.0
1744721819.7577844,-69.0,-133.0,315.0,,1.2484201871159364,6.00042398393755,-0.06704876761607292,0.03333333333333333,0.0,-0.0
1744721820.0746102,-66.0,-128.0,334.0,,-1.729385492881943,16.952880939473914,0.04900569144481559,0.03333333333333333,0.0,-0.0
1744721820.4008584,-65.0,-124.0,337.0,,-6.770858586764959,18.244879390829535,0.02574976343321289,0.03333333333333333,0.0,-0.0
1744721820.7224197,-61.0,-118.0,340.0,,-8.417715885946073,18.58201932703747,0.029325929158229957,0.03333333333333333,0.0,-0.0
1744721821.0477114,-36.0,-114.0,341.0,,-8.648880939473914,15.787173324989162,0.0031808026485946883,0.03333333333333333,0.0,-0.0
1744721821.3707318,26.0,-111.0,341.0,,-8.835423983937549,5.691579049999151,0.002028713960461573,0.03333333333333333,0.0,-0.0
1744721821.7059855,67.0,-108.0,339.0,,-9.006864424855458,1.0108473876315607,0.0032334138038253024,0.03333333333333333,0.0,-0.0
1744721822.0401244,83.0,-100.0,331.0,,-9.35796405704976,0.28412225239863176,0.0031763966072170247,0.03333333333333333,0.0,-0.0
1744721822.3661804,87.0,-85.0,316.0,,-9.469669988280023,0.22444426405763096,0.0029584219090472708,0.03333333333333333,0.0,-0.0
1744721822.6859834,88.0,-71.0,301.0,,-8.962537226629298,0.32497598694267005,0.0015663892236317534,0.03333333333333333,0.0,-0.0
1744721823.0005338,88.0,-66.0,297.0,,-8.648880939473914,0.20797598694267094,0.0028421793497897807,0.03333333333333333,0.0,-0.0
1744721823.3192546,88.0,-65.0,296.0,,-8.597879390829537,0.22697598694267107,0.0028609168396809825,0.03333333333333333,0.0,-0.0
1744721823.641533,88.0,-64.0,295.0,,-8.514169594194827,0.22697598694267107,0.0030919024799503925,0.03333333333333333,0.0,-0.0
1744721823.9773626,88.0,-64.0,295.0,,-8.514169594194827,0.21697598694267128,0.0029584219090472708,0.03333333333333333,0.0,-0.0
1744721824.3178897,88.0,-64.0,295.0,,-8.514169594194827,0.21697598694267128,0.0029584219090472708,0.03333333333333333,0.0,-0.0
1744721824.6559207,88.0,-64.0,295.0,,-8.524169594194829,0.21697598694267128,0.0031721332336657193,0.03333333333333333,0.0,-0.0
1744721824.9819303,88.0,-64.0,295.0,,-8.524169594194829,0.21697598694267128,0.002954448392530201,0.03333333333333333,0.0,-0.0
1744721825.3135629,88.0,-64.0,295.0,,-8.514169594194827,0.21697598694267128,0.0029584219090472708,0.03333333333333333,0.0,-0.0
1744721825.6396534,88.0,-64.0,295.0,,-8.524169594194829,0.21697598694267128,0.002954448392530201,0.03333333333333333,0.0,-0.0
1744721825.9573336,88.0,-64.0,295.0,,-8.514169594194827,0.21697598694267128,0.0029584219090472708,0.03333333333333333,0.0,-0.0
1744721826.286577,88.0,-64.0,295.0,,-8.524169594194829,0.21697598694267128,0.002954448392530201,0.03333333333333333,0.0,-0.0
1744721826.6083891,88.0,-64.0,295.0,,-8.514169594194827,0.21697598694267128,0.0029584219090472708,0.03333333333333333,0.0,-0.0
1744721826.9290218,88.0,-64.0,295.0,,-8.514169594194827,0.21697598694267128,0.0029584219090472708,0.03333333333333333,0.0,-0.0
1744721827.2537842,88.0,-64.0,295.0,,-8.514169594194827,0.21697598694267128,0.0029584219090472708,0.03333333333333333,0.0,-0.0
1744721827.577211,88.0,-64.0,295.0,,-8.514169594194827,0.21697598694267128,0.0029584219090472708,0.03333333333333333,0.0,-0.0
1744721827.9097087,88.0,-64.0,295.0,,-8.514169594194827,0.21697598694267128,0.0029584219090472708,0.03333333333333333,0.0,-0.0
1744721828.2289476,88.0,-64.0,295.0,,-8.514169594194827,0.21697598694267128,0.0029584219090472708,0.03333333333333333,0.0,-0.0
1744721828.5486553,88.0,-64.0,295.0,,-8.524169594194829,0.21697598694267128,0.002954448392530201,0.03333333333333333,0.0,-0.0
1744721828.8916352,88.0,-64.0,295.0,,-8.514169594194827,0.22697598694267107,0.0033196142226406544,0.03333333333333333,0.0,-0.0
1744721829.2519522,88.0,-64.0,295.0,,-8.524169594194829,0.20797598694267094,0.0030429816905039597,0.03333333333333333,0.0,-0.0
1744721829.6070328,88.0,-64.0,295.0,,-8.524169594194829,0.22697598694267107,0.0030879408226247573,0.03333333333333333,0.0,-0.0
1744721829.9498484,88.0,-64.0,295.0,,-8.514169594194827,0.21697598694267128,0.0029584219090472708,0.03333333333333333,0.0,-0.0
1744721830.2782238,88.0,-64.0,295.0,,-8.524169594194829,0.21697598694267128,0.002954448392530201,0.03333333333333333,0.0,-0.0
1744721830.6037757,88.0,-64.0,295.0,,-8.524169594194829,0.21697598694267128,0.002954448392530201,0.03333333333333333,0.0,-0.0
1744721830.9293387,88.0,-64.0,295.0,,-8.524169594194829,0.21697598694267128,0.002954448392530201,0.03333333333333333,0.0,-0.0
1744721831.2432017,88.0,-64.0,295.0,,-8.514169594194827,0.20797598694267094,0.0026292680315886524,0.03333333333333333,0.0,-0.0
1744721831.5623639,88.0,-64.0,295.0,,-8.524169594194829,0.21697598694267128,0.0031721332336657193,0.03333333333333333,0.0,-0.0
1744721831.8828294,88.0,-64.0,295.0,,-8.514169594194827,0.20797598694267094,0.002838061793499408,0.03333333333333333,0.0,-0.0
1744721832.219007,88.0,-64.0,295.0,,-8.514169594194827,0.21697598694267128,0.0031763966072170247,0.03333333333333333,0.0,-0.0
1744721832.5441883,88.0,-64.0,295.0,,-8.524169594194829,0.22697598694267107,0.0030879408226247573,0.03333333333333333,0.0,-0.0
1744721832.8718214,88.0,-64.0,295.0,,-8.524169594194829,0.22697598694267107,0.0030879408226247573,0.03333333333333333,0.0,-0.0
1744721833.2028015,88.0,-64.0,295.0,,-8.524169594194829,0.21697598694267128,0.002954448392530201,0.03333333333333333,0.0,-0.0
1744721833.5266178,88.0,-64.0,295.0,,-8.504169594194828,0.21697598694267128,0.0029625283937197433,0.03333333333333333,0.0,-0.0
1744721833.8576577,88.0,-64.0,295.0,,-8.524169594194829,0.21697598694267128,0.002954448392530201,0.03333333333333333,0.0,-0.0
1744721834.1915717,88.0,-64.0,295.0,,-8.514169594194827,0.20797598694267094,0.0030472565590355938,0.03333333333333333,0.0,-0.0
1744721834.5135334,88.0,-64.0,295.0,,-8.504169594194828,0.21697598694267128,0.0029625283937197433,0.03333333333333333,0.0,-0.0
1744721834.836629,88.0,-64.0,295.0,,-8.514169594194827,0.20797598694267094,0.0030472565590355938,0.03333333333333333,0.0,-0.0
1744721835.166328,88.0,-64.0,295.0,,-8.504169594194828,0.20797598694267094,0.0030516744793386286,0.03333333333333333,0.0,-0.0
1744721835.4892185,88.0,-64.0,295.0,,-8.514169594194827,0.21697598694267128,0.0029584219090472708,0.03333333333333333,0.0,-0.0
1744721835.8273628,88.0,-64.0,295.0,,-8.514169594194827,0.22697598694267107,0.0030919024799503925,0.03333333333333333,0.0,-0.0
1744721836.134463,88.0,-64.0,295.0,,-8.524169594194829,0.21697598694267128,0.002954448392530201,0.03333333333333333,0.0,-0.0
1744721836.4547067,88.0,-64.0,295.0,,-8.514169594194827,0.22697598694267107,0.0028645894693212076,0.03333333333333333,0.0,-0.0
1744721836.7776845,88.0,-64.0,295.0,,-8.514169594194827,0.21697598694267128,0.0029584219090472708,0.03333333333333333,0.0,-0.0
1744721837.0975218,88.0,-64.0,295.0,,-8.514169594194827,0.21697598694267128,0.0031763966072170247,0.03333333333333333,0.0,-0.0
1744721837.411047,88.0,-64.0,295.0,,-8.524169594194829,0.21697598694267128,0.002954448392530201,0.03333333333333333,0.0,-0.0
1744721837.719862,88.0,-64.0,295.0,,-8.514169594194827,0.21697598694267128,0.0029584219090472708,0.03333333333333333,0.0,-0.0
1744721838.0397425,88.0,-64.0,295.0,,-8.514169594194827,0.21697598694267128,0.0029584219090472708,0.03333333333333333,0.0,-0.0
1744721838.3570938,88.0,-64.0,295.0,,-8.524169594194829,0.22697598694267107,0.0030879408226247573,0.03333333333333333,0.0,-0.0
1744721838.6834545,88.0,-63.0,294.0,,-8.437774002287888,0.22697598694267107,0.0030919024799503925,0.03333333333333333,0.0,-0.0
1744721839.0119705,88.0,-63.0,294.0,,-8.437774002287888,0.21697598694267128,0.0031763966072170247,0.03333333333333333,0.0,-0.0
1744721839.3384774,88.0,-64.0,295.0,,-8.514169594194827,0.23697598694267086,0.003225117617137979,0.03333333333333333,0.0,-0.0
1744721839.6689446,88.0,-64.0,295.0,,-8.504169594194828,0.20797598694267094,0.0030516744793386286,0.03333333333333333,0.0,-0.0
1744721839.9846418,88.0,-64.0,295.0,,-8.514169594194827,0.22697598694267107,0.0030919024799503925,0.03333333333333333,0.0,-0.0
1744721840.3034906,88.0,-64.0,295.0,,-8.514169594194827,0.21697598694267128,0.0029584219090472708,0.03333333333333333,0.0,-0.0
1744721840.6272852,88.0,-64.0,295.0,,-8.504169594194828,0.21697598694267128,0.002744654027570459,0.03333333333333333,0.0,-0.0
1744721840.956304,88.0,-64.0,295.0,,-8.524169594194829,0.21697598694267128,0.002954448392530201,0.03333333333333333,0.0,-0.0
1744721841.2828891,88.0,-64.0,295.0,,-8.514169594194827,0.22697598694267107,0.0030919024799503925,0.03333333333333333,0.0,-0.0
1744721841.5979702,88.0,-64.0,295.0,,-8.514169594194827,0.21697598694267128,0.0029584219090472708,0.03333333333333333,0.0,-0.0
1744721841.9293964,88.0,-64.0,295.0,,-8.524169594194829,0.21697598694267128,0.002954448392530201,0.03333333333333333,0.0,-0.0
1744721842.257983,88.0,-64.0,295.0,,-8.485169594194828,0.20797598694267094,0.002850369886891302,0.03333333333333333,0.0,-0.0
1744721842.5934365,88.0,-64.0,295.0,,-8.514169594194827,0.21697598694267128,0.0029584219090472708,0.03333333333333333,0.0,-0.0
1744721842.9064648,88.0,-64.0,295.0,,-8.514169594194827,0.21697598694267128,0.0029584219090472708,0.03333333333333333,0.0,-0.0
1744721843.2252526,88.0,-64.0,295.0,,-8.534169594194829,0.22697598694267107,0.003311255204145297,0.03333333333333333,0.0,-0.0
1744721843.5471106,88.0,-64.0,295.0,,-8.504169594194828,0.18797598694267137,0.0033363944342537644,0.03333333333333333,0.0,-0.0
1744721843.8853765,88.0,-63.0,294.0,,-8.44777400228789,0.21697598694267128,0.0031721332336657193,0.03333333333333333,0.0,-0.0
1744721844.2005844,88.0,-63.0,294.0,,-8.44777400228789,0.21697598694267128,0.0033902471997682704,0.03333333333333333,0.0,-0.0
1744721844.5114853,88.0,-60.0,291.0,,-7.898709211125343,0.18797598694267137,0.009450939164036332,0.03333333333333333,0.0,-0.0
1744721844.8355966,88.0,-57.0,288.0,,-7.306358271544609,0.23697598694267086,0.008654214292048878,0.03333333333333333,0.0,-0.0
1744721845.1581912,88.0,-60.0,291.0,,-8.182709211125342,0.22697598694267107,0.0033240071150914263,0.03333333333333333,0.0,-0.0
1744721845.4713368,88.0,-62.0,292.0,,-8.348715885946072,0.21697598694267128,0.0031808026485946883,0.03333333333333333,0.0,-0.0
1744721845.7795444,88.0,-62.0,293.0,,-8.358715885946072,0.22697598694267107,0.0035477537717679974,0.03333333333333333,0.0,-0.0
1744721846.0949035,88.0,-62.0,293.0,,-8.358715885946072,0.20797598694267094,0.0032568815680963648,0.03333333333333333,0.0,-0.0
1744721846.4217608,88.0,-64.0,295.0,,-7.337169594194828,0.1489759869426699,0.0022109297728232225,0.03333333333333333,0.0,-0.0
1744721846.7526207,85.0,-164.0,111.0,,2.570997539435238,-3.369669988280024,-0.2515656782972855,0.03333333333333333,0.0,-0.0
1744721847.0769403,83.0,-152.0,88.0,,5.170483969070411,-7.9828777476013695,0.175626677322974,0.03333333333333333,0.0,-0.0
1744721847.3946097,71.0,-140.0,51.0,,2.695253548975047,-7.4035372266292985,-0.0271821679864771,0.03333333333333333,0.0,-0.0
1744721847.7120466,68.0,-127.0,41.0,,2.000385646436059,-7.341673613300186,0.012756584038527752,0.03333333333333333,0.0,-0.0
1744721848.0250394,48.0,-99.0,21.0,,0.09677737876169701,-5.496250737933238,0.005942883816132172,0.03333333333333333,0.0,-0.0
1744721848.348202,33.0,-92.0,17.0,,-0.10602401305732911,-3.656908933497416,0.0015850342786272176,0.03333333333333333,0.0,-0.0
1744721848.6679482,19.0,-89.0,15.0,,0.03649411051580209,-1.4688235952247073,0.008178808637770985,0.03333333333333333,0.0,-0.0
1744721849.0398333,13.0,-87.0,15.0,,-0.1475557359423707,-0.7757698431133155,-0.0022522596078444757,0.03333333333333333,0.0,-0.0
1744721849.426714,12.0,-87.0,15.0,,-0.6385557359423704,-2.7356136869222194,-0.08718084832521167,0.03333333333333333,0.0,-0.0
1744721849.8216808,1.0,-101.0,3.0,,0.8422373303784152,-1.9562081071497512,0.003750728396131664,0.03333333333333333,0.0,-0.0
1744721850.18439,-3.0,-109.0,354.0,,0.07846277337070084,-0.25158426925672095,-3.5183087552499366,0.03333333333333333,0.0,-0.0
1744721850.5381234,-4.0,-106.0,355.0,,0.023022762845091194,-0.011688992570130674,-2.9534353731296465,0.03333333333333333,0.0,-0.0
1744721850.8816898,-5.0,-103.0,355.0,,0.07042966445684051,-0.13500216364547335,-2.6514501921659748,0.03333333333333333,0.0,-0.0
1744721851.2116807,-6.0,-100.0,356.0,,-0.11996405704975999,-0.06357577534431935,-2.9146612137428987,0.03333333333333333,0.0,-0.0
1744721851.529121,-6.0,-99.0,356.0,,-0.07022262123830281,-0.3375757753443194,-2.7239867391201233,0.03333333333333333,0.0,-0.0
1744721851.8565583,-6.0,-98.0,356.0,,-0.016529754354804638,-0.23957577534431929,-2.2301719862856273,0.03333333333333333,0.0,-0.0
1744721852.1843622,-7.0,-97.0,356.0,,-0.09787774760137147,-0.1774617411955033,-1.139328408332032,0.03333333333333333,0.0,-0.0
1744721852.5163963,-8.0,-93.0,357.0,,-0.16755573594237028,-0.34071187958175786,-0.0005566333388761502,0.03333333333333333,0.0,-0.0
1744721852.843819,-8.0,-90.0,357.0,,-0.04400000000000048,0.041288120418242036,0.0016647313314023804,0.03333333333333333,0.0,-0.0
1744721853.1665804,-8.0,-89.0,357.0,,0.05549411051580222,-0.5567118795817578,0.0384804979730331,0.03333333333333333,0.0,-0.0
1744721853.490805,-7.0,-87.0,357.0,,-0.11855573594236901,0.3035382588044967,0.004196902230106936,0.03333333333333333,0.0,-0.0
1744721853.8216043,-4.0,-86.0,357.0,,-0.020103333048876237,1.0563110074298692,0.002894038918319408,0.03333333333333333,0.0,-0.0
1744721854.1567833,0.0,-84.0,357.0,,0.09874020643723824,0.813,0.017813820710604444,0.03333333333333333,0.0,-0.0
1744721854.479579,3.0,-83.0,357.0,,0.22612225239863015,0.4755842692567209,0.023693731549885078,0.03333333333333333,0.0,-0.0
1744721854.8081937,4.0,-83.0,357.0,,0.17612225239863122,0.19768899257013073,0.019223067057962173,0.03333333333333333,0.0,-0.0
1744721855.1323164,5.0,-83.0,357.0,,0.1961222523986308,0.2030021636454734,0.02282234242682013,0.03333333333333333,0.0,-0.0
1744721855.4508429,5.0,-83.0,357.0,,0.08812225239863025,0.15400216364547326,0.010768469247991241,0.03333333333333333,0.0,-0.0
1744721855.7618427,5.0,-83.0,357.0,,0.039122252398630764,0.04600216364547338,0.006727118599737958,0.03333333333333333,0.0,-0.0
1744721856.0762577,4.0,-83.0,357.0,,0.010122252398630849,0.11868899257013077,0.0035104467761117863,0.03333333333333333,0.0,-0.0
1744721856.3966932,4.0,-82.0,357.0,,0.08147024564519434,-0.2043110074298693,0.007130374805237816,0.03333333333333333,0.0,-0.0
1744721856.7164476,3.0,-82.0,357.0,,-0.8695297543548044,0.7795842692567209,-0.14339724892001993,0.03333333333333333,0.0,-0.0
1744721857.0310056,3.0,-84.0,356.0,,-0.35225979356276227,0.27058426925672097,-0.012621255637787987,0.03333333333333333,0.0,-0.0
1744721857.3661182,5.0,-85.0,356.0,,-0.12366998828002451,0.39900216364547336,-0.003872594673396401,0.03333333333333333,0.0,-0.0
1744721857.6858096,5.0,-85.0,356.0,,0.1403300117199766,0.11500216364547333,0.014703097983171376,0.03333333333333333,0.0,-0.0
1744721858.016118,5.0,-85.0,356.0,,0.02333001171997573,0.03600216364547337,0.004826061594518927,0.03333333333333333,0.0,-0.0
1744721858.3534575,5.0,-84.0,356.0,,0.029740206437237404,-0.01299783635452667,0.007043505118990767,0.03333333333333333,0.0,-0.0
1744721858.6745338,5.0,-83.0,356.0,,0.2751222523986314,0.10500216364547332,0.026481291054142764,0.03333333333333333,0.0,-0.0
1744721859.001486,4.0,-82.0,356.0,,0.012470245645195277,-0.03831100742986926,0.006003946180060948,0.03333333333333333,0.0,-0.0
1744721859.3321447,3.0,-82.0,356.0,,0.4344702456451941,-0.5044157307432791,0.022135671206905405,0.03333333333333333,0.0,-0.0
1744721859.6543477,3.0,-89.0,348.0,,-1.4645058894841991,-2.092415730743279,-0.14209951702519386,0.03333333333333333,0.0,-0.0
1744721859.983268,5.0,-102.0,321.0,,-1.2116279631986338,-0.7379978363545266,-0.06778910705561059,0.03333333333333333,0.0,-0.0
1744721860.3107922,5.0,-103.0,319.0,,1.09042966445684,-2.5609978363545265,0.19572047978317175,0.03333333333333333,0.0,-0.0
1744721860.6511633,4.0,-103.0,319.0,,0.7764296644568418,-0.6843110074298693,-0.8008137969562781,0.03333333333333333,0.0,-0.0
1744721860.9853363,4.0,-103.0,318.0,,-0.1455703355431588,-2.096311007429869,-0.8929998940543911,0.03333333333333333,0.0,-0.0
1744721861.3330917,1.0,-102.0,320.0,,-0.3096279631986345,-3.201208107149751,-2.4259123485768783,0.03333333333333333,0.0,-0.0
1744721861.7382483,-1.0,-101.0,323.0,,0.254237330378416,-2.8787918928502485,0.016343777270046767,0.03333333333333333,0.0,-0.0
1744721862.1359942,-3.0,-99.0,322.0,,0.29277737876169674,0.4644157307432791,-1.3763667252680554,0.03333333333333333,0.0,-0.0
1744721862.495114,-1.0,-98.0,321.0,,-0.016529754354804638,0.8562081071497514,-1.7084154036932286,0.03333333333333333,0.0,-0.0
1744721862.834441,0.0,-96.0,320.0,,0.12774020643723816,0.146,-1.3453024910168767,0.03333333333333333,0.0,-0.0
1744721863.185761,1.0,-94.0,319.0,,0.07789666695112452,-0.11320810714975127,-1.3268380437464427,0.03333333333333333,0.0,-0.0
1744721863.5258973,1.0,-93.0,319.0,,0.009444264057629326,0.03379189285024872,-1.3883930084685123,0.03333333333333333,0.0,-0.0
1744721863.8519871,1.0,-93.0,319.0,,0.03844426405763102,0.04379189285024873,-1.3286315582337722,0.03333333333333333,0.0,-0.0
1744721864.1842775,1.0,-93.0,319.0,,0.018444264057629667,-0.025208107149751274,-1.270275753846061,0.03333333333333333,0.0,-0.0
1744721864.5146737,1.0,-93.0,319.0,,-0.03055573594236982,-0.0052081071497512565,-1.3133794178983824,0.03333333333333333,0.0,-0.0
1744721864.8447804,1.0,-93.0,319.0,,0.06744426405763093,0.013791892850248733,-1.286977906231359,0.03333333333333333,0.0,-0.0
1744721865.1748931,3.0,-96.0,313.0,,-2.481259793562762,0.701584269256721,-8.014702782528746,0.03333333333333333,0.0,-0.0
1744721865.50708,10.0,-108.0,297.0,,-4.819864424855458,0.29651137708741326,-16.414158215707225,0.03333333333333333,0.0,-0.0
1744721865.8448713,10.0,-113.0,299.0,,-3.92215261236844,0.011511377087413344,-16.034873990801376,0.03333333333333333,0.0,-0.0
1744721866.1761901,10.0,-119.0,301.0,,-3.236019327037474,-0.22348862291258675,-15.815596043660541,0.03333333333333333,0.0,-0.0
1744721866.52326,10.0,-126.0,302.0,,-2.4354567148182342,-0.1554886229125867,-15.733722730323949,0.03333333333333333,0.0,-0.0
1744721866.8712366,10.0,-131.0,303.0,,-2.0307009819853947,-0.2924886229125867,-15.758290035405718,0.03333333333333333,0.0,-0.0
1744721867.2043827,10.0,-134.0,304.0,,-1.5367234413221675,-0.10648862291258676,-15.691296559761856,0.03333333333333333,0.0,-0.0
1744721867.5369508,10.0,-137.0,305.0,,-1.288403912213111,-0.14548862291258668,-15.698723550397373,0.03333333333333333,0.0,-0.0
1744721867.8816233,10.0,-139.0,305.0,,-0.8769390743968764,-0.19448862291258684,-15.645217247178099,0.03333333333333333,0.0,-0.0
1744721868.2214751,10.0,-140.0,305.0,,-0.8047464510249522,-0.11548862291258666,-15.634813406635047,0.03333333333333333,0.0,-0.0
1744721868.5792725,10.0,-141.0,305.0,,-0.6146330361989047,-0.027488622912586802,-15.609266853234066,0.03333333333333333,0.0,-0.0
1744721868.9351888,9.0,-142.0,306.0,,-0.45063907294470873,0.22937789795533514,-15.622346835544796,0.03333333333333333,0.0,-0.0
1744721869.283944,9.0,-142.0,306.0,,-0.5486390729447095,0.09237789795533513,-15.608301259646367,0.03333333333333333,0.0,-0.0
1744721869.625467,10.0,-143.0,306.0,,-0.353805377121593,-0.24348862291258677,-15.575253885044084,0.03333333333333333,0.0,-0.0
1744721869.9671779,10.0,-143.0,306.0,,-0.2558053771215931,-0.08648862291258674,-15.562203900766374,0.03333333333333333,0.0,-0.0
1744721870.31557,10.0,-143.0,306.0,,-0.2268053771215932,0.060511377087413276,-15.581750228030613,0.03333333333333333,0.0,-0.0
1744721870.6688325,10.0,-143.0,306.0,,-0.353805377121593,0.0805113770874133,-15.597842485111027,0.03333333333333333,0.0,-0.0
1744721871.009311,10.0,-143.0,306.0,,-0.34480537712159265,-0.027488622912586802,-15.542339548079518,0.03333333333333333,0.0,-0.0
1744721871.3876905,10.0,-143.0,306.0,,-0.38380537712159324,-0.07648862291258673,-15.59473356303282,0.03333333333333333,0.0,-0.0
1744721871.778309,10.0,-143.0,306.0,,-0.41280537712159315,-0.06648862291258673,-15.632769159302974,0.03333333333333333,0.0,-0.0
1744721872.1442916,10.0,-143.0,306.0,,-0.41280537712159315,-0.08648862291258674,-15.649128173724225,0.03333333333333333,0.0,-0.0
1744721872.5009186,10.0,-143.0,306.0,,-0.4428053771215925,-0.04748862291258682,-15.644092618718265,0.03333333333333333,0.0,-0.0
1744721872.8711615,10.0,-143.0,306.0,,-0.2558053771215931,0.0805113770874133,-15.538824370921052,0.03333333333333333,0.0,-0.0
1744721873.216788,10.0,-143.0,306.0,,-0.2758053771215927,-0.017488622912586793,-15.522380601064548,0.03333333333333333,0.0,-0.0
1744721873.5709412,10.0,-143.0,306.0,,-0.17780537712159283,0.04151137708741337,-15.482153796688404,0.03333333333333333,0.0,-0.0
1744721873.924423,10.0,-143.0,306.0,,-0.33480537712159286,-0.06648862291258673,-15.489672070525454,0.03333333333333333,0.0,-0.0
1744721874.2657237,10.0,-143.0,306.0,,-0.20680537712159275,0.05051137708741327,-15.42686257850928,0.03333333333333333,0.0,-0.0
1744721874.6050465,10.0,-143.0,306.0,,-0.2268053771215932,0.05051137708741327,-15.422418179549677,0.03333333333333333,0.0,-0.0
1744721874.9420652,10.0,-143.0,306.0,,-0.236805377121593,0.13951137708741324,-15.42771511530961,0.03333333333333333,0.0,-0.0
1744721875.2942796,15.0,-149.0,291.0,,1.9284764851323661,-2.2160148324557287,-12.32731926315617,0.03333333333333333,0.0,-0.0
1744721875.6374497,16.0,-148.0,291.0,,5.293492017872261,-5.077002460564762,0.04633197153974483,0.03333333333333333,0.0,-0.0
1744721875.9783883,11.0,-131.0,281.0,,2.6662990180146053,-2.7838362446439047,0.0055714783265481405,0.03333333333333333,0.0,-0.0
1744721876.319537,3.0,-109.0,277.0,,0.5594627733707025,-1.1804157307432792,-0.6442681620910109,0.03333333333333333,0.0,-0.0
1744721876.653228,0.0,-100.0,277.0,,0.2030359429502404,-0.53,-0.8387129859214189,0.03333333333333333,0.0,-0.0
1744721876.9896986,-1.0,-95.0,277.0,,0.052330011719975644,-0.3097918928502487,-0.9182475072502938,0.03333333333333333,0.0,-0.0
1744721877.318084,-2.0,-93.0,277.0,,-0.03055573594236982,-0.08863593734846548,-1.0970716161657459,0.03333333333333333,0.0,-0.0
1744721877.6550083,-1.0,-94.0,277.0,,-0.48110333304887654,1.6702081071497514,-4.956921643809926,0.03333333333333333,0.0,-0.0
1744721877.9902134,0.0,-95.0,277.0,,-3.6836699882800232,2.509,-13.82434979996326,0.03333333333333333,0.0,-0.0
1744721878.3336391,2.0,-102.0,277.0,,-3.026627963198634,2.3146359373484655,-13.49489925061424,0.03333333333333333,0.0,-0.0
1744721878.6754832,7.0,-113.0,277.0,,-2.4211526123684397,1.225461741195503,-13.353339461771817,0.03333333333333333,0.0,-0.0
1744721879.0247157,10.0,-121.0,279.0,,-1.6918112198877227,0.8845113770874133,-13.31916060328235,0.03333333333333333,0.0,-0.0
1744721879.3636808,12.0,-125.0,279.0,,-1.4468815544750093,0.5093863130777807,-13.370738597616345,0.03333333333333333,0.0,-0.0
1744721879.693776,13.0,-128.0,280.0,,-1.1023854928819432,0.3222301568866843,-13.340625340106111,0.03333333333333333,0.0,-0.0
1744721880.0228112,14.0,-130.0,281.0,,-0.8868959869971746,0.23474620416725944,-13.310864848140838,0.03333333333333333,0.0,-0.0
1744721880.3679004,15.0,-132.0,281.0,,-0.7892507379332372,0.07798516754427132,-13.48985911518906,0.03333333333333333,0.0,-0.0
1744721880.7531772,15.0,-133.0,281.0,,-0.614579812884064,0.009985167544271256,-13.38440019948429,0.03333333333333333,0.0,-0.0
1744721881.0947013,15.0,-133.0,281.0,,-0.30157981288406344,-0.06901483245572848,-13.084267544127751,0.03333333333333333,0.0,-0.0
1744721881.4362931,15.0,-133.0,281.0,,-0.457579812884064,-0.10801483245572863,-13.13335723761896,0.03333333333333333,0.0,-0.0
1744721881.771469,15.0,-133.0,281.0,,-0.3995798128840633,-0.2060148324557285,-12.969380650937257,0.03333333333333333,0.0,-0.0
1744721882.1067927,15.0,-133.0,281.0,,-0.4285798128840632,-0.04901483245572846,-13.156009968698113,0.03333333333333333,0.0,-0.0
1744721882.4379725,15.0,-133.0,281.0,,-0.4775798128840636,-0.03001483245572878,-12.976415023076797,0.03333333333333333,0.0,-0.0
1744721882.8022752,15.0,-132.0,281.0,,-0.3682507379332378,0.07798516754427132,-12.713026380803598,0.03333333333333333,0.0,-0.0
1744721883.1545198,15.0,-132.0,281.0,,-0.8282507379332378,1.2649851675442711,-11.905525637293405,0.03333333333333333,0.0,-0.0
1744721883.5037456,18.0,-132.0,281.0,,-2.0542507379332378,3.2635432851817656,-10.872107801435876,0.03333333333333333,0.0,-0.0
1744721883.8823261,32.0,-133.0,281.0,,-1.7325798128840635,1.2334920178722601,-10.681670737369116,0.03333333333333333,0.0,-0.0
1744721884.2506723,36.0,-133.0,281.0,,-1.7035798128840636,0.4798266750108384,-10.584984066698981,0.03333333333333333,0.0,-0.0
1744721884.5981665,38.0,-133.0,281.0,,-1.6645798128840639,0.26536092705529146,-10.55347774080335,0.03333333333333333,0.0,-0.0
1744721884.9324644,39.0,-133.0,281.0,,-1.7725798128840635,-0.025633036198905224,-10.47126252451309,0.03333333333333333,0.0,-0.0
1744721885.2801988,39.0,-132.0,281.0,,-1.2012507379332371,-0.2516330361989052,-9.71963464858182,0.03333333333333333,0.0,-0.0
1744721885.6297007,37.0,-128.0,278.0,,2.751614507118056,-3.0608053771215937,-5.96538682026493,0.03333333333333333,0.0,-0.0
1744721885.9920654,28.0,-132.0,271.0,,-1.2502507379332375,-7.998516030929589,-12.830730266902972,0.03333333333333333,0.0,-0.0
1744721886.3953397,21.0,-131.0,271.0,,-0.3927009819853948,-6.408589585039396,-11.879175850197912,0.03333333333333333,0.0,-0.0
1744721886.760985,12.0,-130.0,271.0,,-0.0628959869971748,-4.8636136869222195,-11.4170578939254,0.03333333333333333,0.0,-0.0
1744721887.1129966,4.0,-129.0,271.0,,-0.38780188189288634,-3.440311007429869,-11.558857966807063,0.03333333333333333,0.0,-0.0
1744721887.439236,-1.0,-128.0,271.0,,-0.3373854928819435,-2.6037918928502486,-11.386667071648514,0.03333333333333333,0.0,-0.0
1744721887.7923799,-6.0,-128.0,271.0,,-0.3473854928819433,-1.7205757753443194,-11.412665220506604,0.03333333333333333,0.0,-0.0
1744721888.119602,-9.0,-127.0,271.0,,-0.5006143535639422,-1.152377897955335,-11.461258888319097,0.03333333333333333,0.0,-0.0
1744721888.4445238,-11.0,-127.0,271.0,,-0.4416143535639421,-0.7371637553560955,-11.4139157756476,0.03333333333333333,0.0,-0.0
1744721888.7642365,-12.0,-127.0,271.0,,-0.4116143535639418,-0.5693863130777808,-11.351947023301172,0.03333333333333333,0.0,-0.0
1744721889.0949473,-13.0,-127.0,271.0,,-0.3046143535639416,-0.4112301568866843,-11.170098676176067,0.03333333333333333,0.0,-0.0
1744721889.4279277,-13.0,-126.0,271.0,,-0.4744567148182348,-0.35323015688668447,-11.2918506603511,0.03333333333333333,0.0,-0.0
1744721889.760751,-14.0,-126.0,271.0,,-0.3964567148182345,-0.15674620416725915,-11.130353128513065,0.03333333333333333,0.0,-0.0
1744721890.0979455,-14.0,-125.0,271.0,,-0.34888155447500946,0.8432537958327406,-10.902763947084512,0.03333333333333333,0.0,-0.0
1744721890.4296813,-9.0,-127.0,265.0,,0.14738564643605834,0.11262210204466494,-9.73559577687123,0.03333333333333333,0.0,-0.0
1744721890.751218,-8.0,-124.0,265.0,,0.3091414132350412,0.6302881204182421,-9.537888326590672,0.03333333333333333,0.0,-0.0
1744721891.0930173,-6.0,-122.0,265.0,,0.024648176705460045,0.04442422465568063,-9.201965551519352,0.03333333333333333,0.0,-0.0
1744721891.432547,-6.0,-120.0,265.0,,0.064290788874656,0.24042422465568059,-9.242870370626541,0.03333333333333333,0.0,-0.0
1744721891.7693768,-5.0,-119.0,265.0,,-0.08801932703747362,0.020997836354526678,-9.233726225555223,0.03333333333333333,0.0,-0.0
1744721892.10673,-5.0,-118.0,265.0,,-0.16071588594607356,-0.13500216364547335,-9.153245855997437,0.03333333333333333,0.0,-0.0
1744721892.4364924,-5.0,-118.0,265.0,,-0.04271588594607323,0.0609978363545266,-9.166379626824655,0.03333333333333333,0.0,-0.0
1744721892.7720046,-4.0,-118.0,265.0,,-0.12071588594607263,-0.11968899257013077,-9.162621228148083,0.03333333333333333,0.0,-0.0
1744721893.110518,-4.0,-117.0,265.0,,0.03522599771211077,1.5073110074298692,-8.71481842429365,0.03333333333333333,0.0,-0.0
1744721893.4634318,0.0,-119.0,255.0,,-2.1670193270374742,5.059,-10.02019182947517,0.03333333333333333,0.0,-0.0
1744721893.839259,18.0,-126.0,256.0,,-4.554456714818235,5.028543285181766,-9.922956337962244,0.03333333333333333,0.0,-0.0
1744721894.222868,37.0,-133.0,260.0,,-3.6745798128840637,1.7931946228784064,-9.960239346206688,0.03333333333333333,0.0,-0.0
1744721894.5717733,44.0,-138.0,263.0,,-3.123171248380401,0.6964013857972366,-10.096702153665435,0.03333333333333333,0.0,-0.0
1744721894.9166713,48.0,-141.0,265.0,,-2.585633036198905,0.4167492620667623,-10.160466535003383,0.03333333333333333,0.0,-0.0
1744721895.245491,50.0,-143.0,267.0,,-2.383805377121593,0.06510401300282531,-10.206619816594754,0.03333333333333333,0.0,-0.0
1744721895.5712664,50.0,-143.0,267.0,,-1.0308053771215926,-0.42589598699717435,-10.031996135052818,0.03333333333333333,0.0,-0.0
1744721895.9025812,46.0,-138.0,263.0,,1.0158287516195994,-3.850723441322167,-10.163181433136552,0.03333333333333333,0.0,-0.0
1744721896.2253911,43.0,-136.0,262.0,,1.4124013857972377,-8.84740391221311,-9.818196155654324,0.03333333333333333,0.0,-0.0
1744721896.5587344,31.0,-132.0,260.0,,0.024749262066762867,-8.906523514867633,-9.871564581020376,0.03333333333333333,0.0,-0.0
1744721896.893044,15.0,-129.0,259.0,,-0.11280188189288598,-6.236014832455728,-9.739517973648567,0.03333333333333333,0.0,-0.0
1744721897.226904,3.0,-127.0,258.0,,-0.353614353563942,-4.1814157307432795,-9.772874391432445,0.03333333333333333,0.0,-0.0
1744721897.5608401,-5.0,-125.0,259.0,,-0.5548815544750099,-2.7340021636454734,-9.84095578987749,0.03333333333333333,0.0,-0.0
1744721897.89984,-10.0,-124.0,259.0,,-0.4948585867649591,-1.9345113770874132,-9.751804530168654,0.03333333333333333,0.0,-0.0
1744721898.2386894,-14.0,-123.0,259.0,,-0.66735827154461,-1.1667462041672594,-9.869503865008166,0.03333333333333333,0.0,-0.0
1744721898.5783937,-16.0,-123.0,259.0,,-0.66735827154461,-0.796997539435238,-9.85925308553539,0.03333333333333333,0.0,-0.0
1744721898.921842,-18.0,-122.0,259.0,,-0.7003518232945396,-0.42054328518176565,-9.89713245041479,0.03333333333333333,0.0,-0.0
1744721899.2611763,-18.0,-122.0,259.0,,-0.5923518232945391,-0.29254328518176553,-9.841377935343816,0.03333333333333333,0.0,-0.0
1744721899.6121664,-19.0,-122.0,259.0,,-0.7003518232945396,-0.15017640477529248,-9.864025506911059,0.03333333333333333,0.0,-0.0
1744721899.9591393,-19.0,-122.0,259.0,,-0.6813518232945395,-0.18917640477529263,-9.81599614753774,0.03333333333333333,0.0,-0.0
1744721900.3033876,-19.0,-122.0,259.0,,-0.5733518232945389,-0.0321764047752926,-9.78202682503878,0.03333333333333333,0.0,-0.0
1744721900.6429286,-19.0,-121.0,259.0,,-0.681811219887722,-0.15017640477529248,-9.665649843085273,0.03333333333333333,0.0,-0.0
1744721900.9884634,-19.0,-121.0,260.0,,-0.45681121988772233,0.02582359522470723,-10.270987832505476,0.03333333333333333,0.0,-0.0
1744721901.3235917,-18.0,-122.0,259.0,,-1.1813518232945395,-0.7045432851817659,-10.293188139218476,0.03333333333333333,0.0,-0.0
1744721901.6597369,-18.0,-121.0,260.0,,0.21018878011227748,0.17745671481823422,-8.925688606025124,0.03333333333333333,0.0,-0.0
1744721902.0109487,-6.0,-117.0,267.0,,0.5942259977121118,5.3594242246556805,0.10263991631457303,0.03333333333333333,0.0,-0.0
1744721902.353995,-2.0,-112.0,275.0,,-0.26067361330018457,2.1753640626515347,-0.043590623597492884,0.03333333333333333,0.0,-0.0
1744721902.6944227,0.0,-107.0,284.0,,-1.5073496559973796,-4.06,-0.15698589236201155,0.03333333333333333,0.0,-0.0
1744721903.0293543,-13.0,-95.0,289.0,,-1.3496699882800236,1.7657698431133155,-0.7178421570921925,0.03333333333333333,0.0,-0.0
1744721903.3648183,-14.0,-95.0,289.0,,-2.153669988280024,3.0192537958327406,-0.37892238026973246,0.03333333333333333,0.0,-0.0
1744721903.6910598,-15.0,-95.0,288.0,,1.415330011719977,2.2640148324557288,-2.910647586262874,0.03333333333333333,0.0,-0.0
1744721904.0288072,-19.0,-94.0,287.0,,0.2258966669511242,2.9098235952247076,-0.40574116016946243,0.03333333333333333,0.0,-0.0
1744721904.358455,-9.0,-93.0,288.0,,0.018444264057629667,1.602622102044665,-1.3500426703457409,0.03333333333333333,0.0,-0.0
1744721904.6921315,-2.0,-93.0,288.0,,0.018444264057629667,0.4003640626515345,-1.367977843897544,0.03333333333333333,0.0,-0.0
1744721905.018025,0.0,-93.0,288.0,,0.018444264057629667,0.058,-1.367977843897544,0.03333333333333333,0.0,-0.0
1744721905.3452058,0.0,-93.0,288.0,,0.018444264057629667,0.068,-1.3500426703457409,0.03333333333333333,0.0,-0.0
1744721905.664785,0.0,-93.0,288.0,,0.009444264057629326,0.058,-1.3686016203794011,0.03333333333333333,0.0,-0.0
1744721905.9977999,0.0,-93.0,288.0,,0.018444264057629667,0.058,-1.367977843897544,0.03333333333333333,0.0,-0.0
1744721906.330627,0.0,-93.0,288.0,,0.018444264057629667,0.058,-1.367977843897544,0.03333333333333333,0.0,-0.0
1744721906.6606488,0.0,-93.0,288.0,,0.018444264057629667,0.048,-1.3500507482101873,0.03333333333333333,0.0,-0.0
1744721906.9894905,0.0,-93.0,288.0,,-0.010555735942370248,0.048,-1.3699956403211,0.03333333333333333,0.0,-0.0
1744721907.3249214,0.0,-93.0,288.0,,0.009444264057629326,0.068,-1.3685971635460534,0.03333333333333333,0.0,-0.0
1744721907.664549,0.0,-93.0,288.0,,0.028444264057629454,0.058,-1.349364262247129,0.03333333333333333,0.0,-0.0
1744721907.9951057,0.0,-93.0,288.0,,0.028444264057629454,0.028,-1.3294579779885152,0.03333333333333333,0.0,-0.0
1744721908.3299387,0.0,-93.0,288.0,,0.018444264057629667,0.068,-1.3878944295180302,0.03333333333333333,0.0,-0.0
1744721908.6602247,0.0,-93.0,288.0,,0.018444264057629667,0.038,-1.3500537426647536,0.03333333333333333,0.0,-0.0
1744721909.0126598,0.0,-93.0,288.0,,0.028444264057629454,0.058,-1.349364262247129,0.03333333333333333,0.0,-0.0
1744721909.411929,0.0,-93.0,288.0,,0.028444264057629454,0.077,-1.3095233561436275,0.03333333333333333,0.0,-0.0
1744721909.8243113,0.0,-93.0,288.0,,0.018444264057629667,0.068,-1.3679733992533731,0.03333333333333333,0.0,-0.0
1744721910.2014492,0.0,-93.0,288.0,,0.018444264057629667,0.068,-1.3679733992533731,0.03333333333333333,0.0,-0.0
1744721910.5644348,0.0,-93.0,288.0,,0.018444264057629667,0.068,-1.3878944295180302,0.03333333333333333,0.0,-0.0
1744721910.9211283,0.0,-93.0,288.0,,0.018444264057629667,0.058,-1.4078178960260646,0.03333333333333333,0.0,-0.0
1744721911.2729084,0.0,-93.0,288.0,,0.018444264057629667,0.087,-1.3500324167507691,0.03333333333333333,0.0,-0.0
1744721911.617444,0.0,-93.0,288.0,,0.018444264057629667,0.097,-1.3679565209784679,0.03333333333333333,0.0,-0.0
1744721911.9590657,0.0,-93.0,288.0,,0.018444264057629667,0.077,-1.350038126674615,0.03333333333333333,0.0,-0.0
1744721912.3129718,0.0,-93.0,288.0,,0.018444264057629667,0.058,-1.367977843897544,0.03333333333333333,0.0,-0.0
1744721912.66197,0.0,-93.0,288.0,,0.018444264057629667,0.038,-1.367984616855523,0.03333333333333333,0.0,-0.0
1744721913.0157945,0.0,-93.0,288.0,,0.018444264057629667,0.048,-1.3879027310716954,0.03333333333333333,0.0,-0.0
1744721913.354627,0.0,-93.0,288.0,,0.018444264057629667,0.068,-1.3679733992533731,0.03333333333333333,0.0,-0.0
1744721913.6933455,0.0,-93.0,288.0,,0.018444264057629667,0.068,-1.3500426703457409,0.03333333333333333,0.0,-0.0
1744721914.0343456,0.0,-93.0,288.0,,0.028444264057629454,0.068,-1.3493598884855937,0.03333333333333333,0.0,-0.0
1744721914.3846717,0.0,-93.0,288.0,,0.028444264057629454,0.058,-1.3672860894302674,0.03333333333333333,0.0,-0.0
1744721914.7194817,0.0,-93.0,288.0,,0.018444264057629667,0.087,-1.3500324167507691,0.03333333333333333,0.0,-0.0
1744721915.0615153,0.0,-93.0,288.0,,0.028444264057629454,0.068,-1.3672816582776164,0.03333333333333333,0.0,-0.0
1744721915.4014938,0.0,-93.0,288.0,,0.028444264057629454,0.068,-1.3672816582776164,0.03333333333333333,0.0,-0.0
1744721915.7489257,0.0,-93.0,288.0,,0.018444264057629667,0.058,-1.367977843897544,0.03333333333333333,0.0,-0.0
1744721916.102015,0.0,-93.0,288.0,,0.018444264057629667,0.068,-1.3500426703457409,0.03333333333333333,0.0,-0.0
1744721916.4658558,0.0,-93.0,288.0,,0.018444264057629667,0.087,-1.3679630111179213,0.03333333333333333,0.0,-0.0
1744721916.8586283,0.0,-93.0,288.0,,0.018444264057629667,0.058,-1.387898938083433,0.03333333333333333,0.0,-0.0
1744721917.2253053,0.0,-93.0,288.0,,0.028444264057629454,0.077,-1.367277068960528,0.03333333333333333,0.0,-0.0
1744721917.5697324,0.0,-93.0,288.0,,0.028444264057629454,0.077,-1.3493553586081346,0.03333333333333333,0.0,-0.0
1744721917.9250457,0.0,-93.0,288.0,,0.018444264057629667,0.058,-1.367977843897544,0.03333333333333333,0.0,-0.0
1744721918.276793,0.0,-93.0,288.0,,0.018444264057629667,0.068,-1.3500426703457409,0.03333333333333333,0.0,-0.0
1744721918.612772,0.0,-93.0,288.0,,0.018444264057629667,0.068,-1.3500426703457409,0.03333333333333333,0.0,-0.0
1744721918.9605882,0.0,-93.0,288.0,,0.028444264057629454,0.068,-1.3672816582776164,0.03333333333333333,0.0,-0.0
1744721919.3120887,0.0,-93.0,288.0,,0.018444264057629667,0.068,-1.3878944295180302,0.03333333333333333,0.0,-0.0
1744721919.6701655,0.0,-93.0,288.0,,0.018444264057629667,0.058,-1.367977843897544,0.03333333333333333,0.0,-0.0
1744721920.0041387,0.0,-93.0,288.0,,0.018444264057629667,0.068,-1.3679733992533731,0.03333333333333333,0.0,-0.0
1744721920.343174,0.0,-93.0,288.0,,0.018444264057629667,0.048,-1.3679815831098465,0.03333333333333333,0.0,-0.0
1744721920.6924922,0.0,-93.0,288.0,,0.018444264057629667,0.068,-1.3679733992533731,0.03333333333333333,0.0,-0.0
1744721921.0375528,0.0,-93.0,288.0,,0.018444264057629667,0.068,-1.3878944295180302,0.03333333333333333,0.0,-0.0
1744721921.403261,0.0,-93.0,288.0,,0.018444264057629667,0.126,-1.2702935845833536,0.03333333333333333,0.0,-0.0
1744721921.7932432,0.0,-93.0,288.0,,0.018444264057629667,0.077,-1.350038126674615,0.03333333333333333,0.0,-0.0
1744721922.1512556,0.0,-93.0,288.0,,0.028444264057629454,0.058,-1.329449152579663,0.03333333333333333,0.0,-0.0
1744721922.4170275,0.0,-93.0,288.0,,0.018444264057629667,0.077,-1.350038126674615,0.03333333333333333,0.0,-0.0
1744721922.794044,0.0,-93.0,288.0,,0.018444264057629667,0.068,-1.3500426703457409,0.03333333333333333,0.0,-0.0
1744721923.134552,0.0,-93.0,288.0,,0.018444264057629667,0.068,-1.3500426703457409,0.03333333333333333,0.0,-0.0
1744721923.4469204,0.0,-93.0,288.0,,0.028444264057629454,0.087,-1.3493496660182038,0.03333333333333333,0.0,-0.0
1744721923.7779028,0.0,-93.0,288.0,,0.028444264057629454,0.068,-1.3493598884855937,0.03333333333333333,0.0,-0.0
1744721924.0543838,0.0,-93.0,288.0,,0.018444264057629667,0.077,-1.350038126674615,0.03333333333333333,0.0,-0.0
1744721924.3231626,0.0,-93.0,288.0,,0.028444264057629454,0.058,-1.3672860894302674,0.03333333333333333,0.0,-0.0
1744721924.5874774,0.0,-93.0,288.0,,0.018444264057629667,0.077,-1.350038126674615,0.03333333333333333,0.0,-0.0
1744721924.8233438,0.0,-93.0,288.0,,0.018444264057629667,0.077,-1.350038126674615,0.03333333333333333,0.0,-0.0
1744721925.0536563,0.0,-93.0,288.0,,0.018444264057629667,0.068,-1.3500426703457409,0.03333333333333333,0.0,-0.0
1744721925.2783225,0.0,-93.0,288.0,,0.028444264057629454,0.058,-1.3672860894302674,0.03333333333333333,0.0,-0.0
1744721925.5092669,0.0,-93.0,288.0,,0.018444264057629667,0.077,-1.3679687959633893,0.03333333333333333,0.0,-0.0
1744721925.7400022,0.0,-93.0,288.0,,0.018444264057629667,0.068,-1.3301176639367998,0.03333333333333333,0.0,-0.0
1744721925.9683843,0.0,-93.0,288.0,,0.018444264057629667,0.048,-1.3679815831098465,0.03333333333333333,0.0,-0.0
1744721926.1987865,0.0,-93.0,288.0,,0.018444264057629667,0.068,-1.3500426703457409,0.03333333333333333,0.0,-0.0
1744721926.4452083,0.0,-93.0,288.0,,0.009444264057629326,0.077,-1.3685925476319802,0.03333333333333333,0.0,-0.0
1744721926.714901,0.0,-93.0,288.0,,0.018444264057629667,0.068,-1.3679733992533731,0.03333333333333333,0.0,-0.0
1744721926.9933176,0.0,-93.0,288.0,,0.018444264057629667,0.087,-1.3679630111179213,0.03333333333333333,0.0,-0.0
1744721927.2551308,0.0,-93.0,288.0,,0.028444264057629454,0.058,-1.349364262247129,0.03333333333333333,0.0,-0.0
1744721927.5223722,0.0,-93.0,288.0,,0.018444264057629667,0.058,-1.367977843897544,0.03333333333333333,0.0,-0.0
1744721927.777048,0.0,-93.0,288.0,,0.018444264057629667,0.068,-1.3500426703457409,0.03333333333333333,0.0,-0.0
1744721928.0332408,0.0,-93.0,288.0,,0.028444264057629454,0.068,-1.3493598884855937,0.03333333333333333,0.0,-0.0
1744721928.2733843,0.0,-93.0,288.0,,0.028444264057629454,0.068,-1.3493598884855937,0.03333333333333333,0.0,-0.0
1744721928.5047894,0.0,-93.0,288.0,,0.018444264057629667,0.058,-1.350047057425744,0.03333333333333333,0.0,-0.0
1744721928.742512,0.0,-93.0,288.0,,0.028444264057629454,0.077,-1.3493553586081346,0.03333333333333333,0.0,-0.0
1744721928.9749618,0.0,-93.0,288.0,,0.018444264057629667,0.077,-1.350038126674615,0.03333333333333333,0.0,-0.0
1744721929.2124891,0.0,-93.0,288.0,,0.018444264057629667,0.068,-1.3500426703457409,0.03333333333333333,0.0,-0.0
1744721929.4824417,0.0,-93.0,288.0,,0.028444264057629454,0.068,-1.3493598884855937,0.03333333333333333,0.0,-0.0
1744721929.7587337,0.0,-93.0,288.0,,0.018444264057629667,0.077,-1.3679687959633893,0.03333333333333333,0.0,-0.0
1744721930.0499187,0.0,-93.0,288.0,,0.018444264057629667,0.068,-1.3500426703457409,0.03333333333333333,0.0,-0.0
1744721930.3286326,0.0,-93.0,288.0,,0.018444264057629667,0.058,-1.3301219870181868,0.03333333333333333,0.0,-0.0
1744721930.5913525,0.0,-93.0,288.0,,0.028444264057629454,0.058,-1.3672860894302674,0.03333333333333333,0.0,-0.0
1744721930.8345408,0.0,-93.0,288.0,,0.018444264057629667,0.077,-1.350038126674615,0.03333333333333333,0.0,-0.0
1744721931.0717545,0.0,-93.0,288.0,,0.018444264057629667,0.058,-1.367977843897544,0.03333333333333333,0.0,-0.0
1744721931.3010657,0.0,-93.0,288.0,,0.028444264057629454,0.068,-1.3672816582776164,0.03333333333333333,0.0,-0.0
1744721931.5370936,0.0,-93.0,288.0,,0.018444264057629667,0.077,-1.350038126674615,0.03333333333333333,0.0,-0.0
1744721931.7730882,0.0,-93.0,288.0,,0.028444264057629454,0.068,-1.3672816582776164,0.03333333333333333,0.0,-0.0
1744721932.060385,0.0,-93.0,288.0,,0.028444264057629454,0.068,-1.3493598884855937,0.03333333333333333,0.0,-0.0
1744721932.3234165,0.0,-93.0,288.0,,0.018444264057629667,0.068,-1.3500426703457409,0.03333333333333333,0.0,-0.0
1744721932.5750089,0.0,-93.0,288.0,,0.028444264057629454,0.077,-1.367277068960528,0.03333333333333333,0.0,-0.0
1744721932.8189087,0.0,-93.0,288.0,,0.018444264057629667,0.058,-1.350047057425744,0.03333333333333333,0.0,-0.0
1744721933.07492,0.0,-93.0,288.0,,0.018444264057629667,0.077,-1.3301131865486484,0.03333333333333333,0.0,-0.0
1744721933.3172405,0.0,-93.0,288.0,,0.018444264057629667,0.077,-1.350038126674615,0.03333333333333333,0.0,-0.0
1744721933.55147,0.0,-93.0,288.0,,0.018444264057629667,0.077,-1.3679687959633893,0.03333333333333333,0.0,-0.0
1744721933.766159,0.0,-93.0,288.0,,0.018444264057629667,0.068,-1.3679733992533731,0.03333333333333333,0.0,-0.0
1744721933.9897118,0.0,-93.0,288.0,,0.018444264057629667,0.068,-1.3500426703457409,0.03333333333333333,0.0,-0.0
1744721934.217487,0.0,-93.0,288.0,,0.028444264057629454,0.068,-1.3493598884855937,0.03333333333333333,0.0,-0.0
1744721934.432014,0.0,-93.0,288.0,,0.018444264057629667,0.068,-1.3500426703457409,0.03333333333333333,0.0,-0.0
1744721934.640661,0.0,-93.0,288.0,,0.018444264057629667,0.068,-1.3679733992533731,0.03333333333333333,0.0,-0.0
1744721934.8549623,0.0,-93.0,288.0,,0.018444264057629667,0.068,-1.3500426703457409,0.03333333333333333,0.0,-0.0
1744721935.0738866,0.0,-93.0,288.0,,0.018444264057629667,0.077,-1.3679687959633893,0.03333333333333333,0.0,-0.0
1744721935.289824,0.0,-93.0,288.0,,0.028444264057629454,0.068,-1.3493598884855937,0.03333333333333333,0.0,-0.0
1744721935.5242696,0.0,-93.0,288.0,,0.028444264057629454,0.068,-1.3493598884855937,0.03333333333333333,0.0,-0.0
1744721935.7507858,0.0,-93.0,288.0,,0.028444264057629454,0.068,-1.3672816582776164,0.03333333333333333,0.0,-0.0
1744721935.9825747,0.0,-93.0,288.0,,0.028444264057629454,0.068,-1.329444842624269,0.03333333333333333,0.0,-0.0
1744721936.2002642,0.0,-93.0,288.0,,0.028444264057629454,0.077,-1.3493553586081346,0.03333333333333333,0.0,-0.0
1744721936.417233,0.0,-93.0,288.0,,0.018444264057629667,0.077,-1.350038126674615,0.03333333333333333,0.0,-0.0
1744721936.645211,0.0,-93.0,288.0,,0.028444264057629454,0.068,-1.3493598884855937,0.03333333333333333,0.0,-0.0
1744721936.8604832,0.0,-93.0,288.0,,0.018444264057629667,0.058,-1.350047057425744,0.03333333333333333,0.0,-0.0
1744721937.0841463,0.0,-93.0,288.0,,0.028444264057629454,0.068,-1.3672816582776164,0.03333333333333333,0.0,-0.0
1744721937.32025,0.0,-93.0,288.0,,0.018444264057629667,0.068,-1.3500426703457409,0.03333333333333333,0.0,-0.0
1744721937.556472,0.0,-93.0,288.0,,0.018444264057629667,0.077,-1.350038126674615,0.03333333333333333,0.0,-0.0
1744721937.803136,0.0,-93.0,288.0,,0.018444264057629667,0.068,-1.3500426703457409,0.03333333333333333,0.0,-0.0
1744721938.0453434,0.0,-93.0,288.0,,0.018444264057629667,0.077,-1.3679687959633893,0.03333333333333333,0.0,-0.0
1744721938.271645,0.0,-93.0,288.0,,0.028444264057629454,0.068,-1.3493598884855937,0.03333333333333333,0.0,-0.0
1744721938.5179684,0.0,-93.0,288.0,,0.018444264057629667,0.068,-1.3101906083749588,0.03333333333333333,0.0,-0.0
1744721938.7407231,0.0,-93.0,288.0,,0.018444264057629667,0.058,-1.350047057425744,0.03333333333333333,0.0,-0.0
1744721938.9624267,0.0,-93.0,288.0,,0.028444264057629454,0.077,-1.3493553586081346,0.03333333333333333,0.0,-0.0
1744721939.1816018,0.0,-93.0,288.0,,0.028444264057629454,0.077,-1.3493553586081346,0.03333333333333333,0.0,-0.0
1744721939.403973,0.0,-93.0,288.0,,0.018444264057629667,0.068,-1.3500426703457409,0.03333333333333333,0.0,-0.0
1744721939.6201544,0.0,-93.0,288.0,,0.028444264057629454,0.068,-1.3672816582776164,0.03333333333333333,0.0,-0.0
1744721939.8355212,0.0,-93.0,288.0,,0.018444264057629667,0.068,-1.3500426703457409,0.03333333333333333,0.0,-0.0
1744721940.05449,0.0,-93.0,288.0,,0.018444264057629667,0.077,-1.3679687959633893,0.03333333333333333,0.0,-0.0
1744721940.2652416,0.0,-93.0,288.0,,0.018444264057629667,0.068,-1.3301176639367998,0.03333333333333333,0.0,-0.0
1744721940.4826639,0.0,-93.0,288.0,,0.018444264057629667,0.068,-1.3500426703457409,0.03333333333333333,0.0,-0.0
1744721940.6960015,0.0,-93.0,288.0,,0.018444264057629667,0.058,-1.350047057425744,0.03333333333333333,0.0,-0.0
1744721940.9040973,0.0,-93.0,288.0,,0.028444264057629454,0.077,-1.3493553586081346,0.03333333333333333,0.0,-0.0
1744721941.1160512,0.0,-93.0,288.0,,0.018444264057629667,0.077,-1.350038126674615,0.03333333333333333,0.0,-0.0
1744721941.3336196,0.0,-93.0,288.0,,0.018444264057629667,0.068,-1.3500426703457409,0.03333333333333333,0.0,-0.0
1744721941.5527723,0.0,-93.0,288.0,,0.018444264057629667,0.068,-1.3500426703457409,0.03333333333333333,0.0,-0.0
1744721941.7873223,0.0,-93.0,288.0,,0.018444264057629667,0.068,-1.3301176639367998,0.03333333333333333,0.0,-0.0
1744721942.020235,0.0,-93.0,288.0,,0.018444264057629667,0.068,-1.3500426703457409,0.03333333333333333,0.0,-0.0
1744721942.235774,0.0,-93.0,288.0,,0.018444264057629667,0.077,-1.350038126674615,0.03333333333333333,0.0,-0.0
1744721942.4523504,0.0,-93.0,288.0,,0.018444264057629667,0.077,-1.350038126674615,0.03333333333333333,0.0,-0.0
1744721942.6656249,0.0,-93.0,288.0,,0.018444264057629667,0.068,-1.3301176639367998,0.03333333333333333,0.0,-0.0
1744721942.8781054,0.0,-93.0,288.0,,0.028444264057629454,0.068,-1.3493598884855937,0.03333333333333333,0.0,-0.0
1744721943.1013012,0.0,-93.0,288.0,,0.018444264057629667,0.068,-1.3301176639367998,0.03333333333333333,0.0,-0.0
1744721943.3231635,0.0,-93.0,288.0,,0.018444264057629667,0.068,-1.3500426703457409,0.03333333333333333,0.0,-0.0
1744721943.5378401,0.0,-93.0,288.0,,0.018444264057629667,0.068,-1.3500426703457409,0.03333333333333333,0.0,-0.0
1744721943.7542655,0.0,-93.0,288.0,,0.028444264057629454,0.058,-1.349364262247129,0.03333333333333333,0.0,-0.0
1744721943.9823244,0.0,-93.0,288.0,,0.018444264057629667,0.068,-1.3500426703457409,0.03333333333333333,0.0,-0.0
1744721944.20703,0.0,-93.0,288.0,,0.018444264057629667,0.068,-1.3500426703457409,0.03333333333333333,0.0,-0.0
1744721944.4255488,0.0,-93.0,288.0,,0.018444264057629667,0.068,-1.3500426703457409,0.03333333333333333,0.0,-0.0
1744721944.642676,0.0,-93.0,288.0,,0.018444264057629667,0.068,-1.3500426703457409,0.03333333333333333,0.0,-0.0
1744721944.9013846,0.0,-93.0,288.0,,0.028444264057629454,0.068,-1.3493598884855937,0.03333333333333333,0.0,-0.0
1744721945.1328478,0.0,-93.0,288.0,,0.028444264057629454,0.068,-1.329444842624269,0.03333333333333333,0.0,-0.0
1744721945.351467,0.0,-93.0,288.0,,0.018444264057629667,0.058,-1.350047057425744,0.03333333333333333,0.0,-0.0
1744721945.5709686,0.0,-93.0,288.0,,0.018444264057629667,0.058,-1.350047057425744,0.03333333333333333,0.0,-0.0
1744721945.7842038,0.0,-93.0,288.0,,0.028444264057629454,0.058,-1.329449152579663,0.03333333333333333,0.0,-0.0
1744721946.007053,0.0,-93.0,288.0,,0.028444264057629454,0.068,-1.3493598884855937,0.03333333333333333,0.0,-0.0
1744721946.222874,0.0,-93.0,288.0,,0.018444264057629667,0.068,-1.3500426703457409,0.03333333333333333,0.0,-0.0
1744721946.4420774,0.0,-93.0,288.0,,0.018444264057629667,0.068,-1.3500426703457409,0.03333333333333333,0.0,-0.0
1744721946.6694944,0.0,-93.0,288.0,,0.028444264057629454,0.068,-1.3672816582776164,0.03333333333333333,0.0,-0.0
1744721946.8829908,0.0,-93.0,288.0,,0.018444264057629667,0.068,-1.3679733992533731,0.03333333333333333,0.0,-0.0
1744721947.0936449,0.0,-93.0,288.0,,0.018444264057629667,0.058,-1.367977843897544,0.03333333333333333,0.0,-0.0
1744721947.305142,0.0,-93.0,288.0,,0.018444264057629667,0.068,-1.3500426703457409,0.03333333333333333,0.0,-0.0
1744721947.519562,0.0,-93.0,288.0,,0.018444264057629667,0.077,-1.350038126674615,0.03333333333333333,0.0,-0.0
1744721947.7338562,0.0,-93.0,288.0,,0.018444264057629667,0.077,-1.3679687959633893,0.03333333333333333,0.0,-0.0
1744721947.9536636,0.0,-93.0,288.0,,0.018444264057629667,0.068,-1.3500426703457409,0.03333333333333333,0.0,-0.0
1744721948.1740036,0.0,-93.0,288.0,,0.018444264057629667,0.058,-1.350047057425744,0.03333333333333333,0.0,-0.0
1744721948.3962626,0.0,-93.0,288.0,,0.018444264057629667,0.068,-1.3500426703457409,0.03333333333333333,0.0,-0.0
1744721948.6265664,0.0,-93.0,288.0,,0.028444264057629454,0.058,-1.3672860894302674,0.03333333333333333,0.0,-0.0
1744721948.8568506,0.0,-93.0,288.0,,0.018444264057629667,0.068,-1.3500426703457409,0.03333333333333333,0.0,-0.0
1744721949.09417,0.0,-93.0,288.0,,0.018444264057629667,0.077,-1.350038126674615,0.03333333333333333,0.0,-0.0
1744721949.3280149,0.0,-93.0,288.0,,0.018444264057629667,0.058,-1.3301219870181868,0.03333333333333333,0.0,-0.0
1744721949.5602388,0.0,-93.0,288.0,,0.018444264057629667,0.048,-1.270338076207361,0.03333333333333333,0.0,-0.0
1744721949.7830346,0.0,-93.0,288.0,,0.05844426405763059,-0.02,-1.2498763318821124,0.03333333333333333,0.0,-0.0
1744721950.0088415,0.0,-93.0,288.0,,0.028444264057629454,0.058,-1.387197234907942,0.03333333333333333,0.0,-0.0
1744721950.2288725,0.0,-93.0,288.0,,0.018444264057629667,0.068,-1.3500426703457409,0.03333333333333333,0.0,-0.0
1744721950.4851432,0.0,-93.0,288.0,,0.018444264057629667,0.087,-1.3301075599210657,0.03333333333333333,0.0,-0.0
1744721950.8196743,0.0,-93.0,288.0,,0.018444264057629667,0.087,-1.3301075599210657,0.03333333333333333,0.0,-0.0
1744721951.1319137,0.0,-93.0,288.0,,0.018444264057629667,0.077,-1.350038126674615,0.03333333333333333,0.0,-0.0
1744721951.4474142,0.0,-93.0,288.0,,0.028444264057629454,0.068,-1.3493598884855937,0.03333333333333333,0.0,-0.0
1744721951.7181323,0.0,-93.0,288.0,,0.028444264057629454,0.058,-1.3672860894302674,0.03333333333333333,0.0,-0.0
1744721951.987031,0.0,-93.0,288.0,,0.018444264057629667,0.068,-1.3301176639367998,0.03333333333333333,0.0,-0.0
1744721952.3616307,0.0,-93.0,288.0,,0.028444264057629454,0.097,-1.2895927702867533,0.03333333333333333,0.0,-0.0
1744721952.7692924,0.0,-93.0,288.0,,0.018444264057629667,0.058,-1.4078178960260646,0.03333333333333333,0.0,-0.0
1744721953.1869802,0.0,-93.0,288.0,,0.028444264057629454,0.058,-1.349364262247129,0.03333333333333333,0.0,-0.0
1744721953.5418549,0.0,-93.0,288.0,,0.018444264057629667,0.028,-1.3500560407616038,0.03333333333333333,0.0,-0.0
1744721953.846596,0.0,-93.0,288.0,,0.028444264057629454,0.087,-1.3294347692862711,0.03333333333333333,0.0,-0.0
1744721954.1324897,0.0,-93.0,288.0,,0.018444264057629667,0.038,-1.367984616855523,0.03333333333333333,0.0,-0.0
1744721954.4400613,0.0,-93.0,288.0,,0.018444264057629667,0.048,-1.4277385882060865,0.03333333333333333,0.0,-0.0
1744721954.823936,0.0,-93.0,288.0,,-0.0005557359423704611,0.126,-1.4489962944873578,0.03333333333333333,0.0,-0.0
1744721955.1284592,0.0,-93.0,288.0,,0.009444264057629326,0.058,-1.3686016203794011,0.03333333333333333,0.0,-0.0
1744721955.3808496,0.0,-93.0,288.0,,0.018444264057629667,0.048,-1.3679815831098465,0.03333333333333333,0.0,-0.0
1744721955.623057,0.0,-93.0,288.0,,0.018444264057629667,0.087,-1.3878838919842003,0.03333333333333333,0.0,-0.0
1744721955.8571544,0.0,-93.0,288.0,,0.018444264057629667,0.068,-1.3301176639367998,0.03333333333333333,0.0,-0.0
1744721956.0862238,0.0,-93.0,288.0,,0.018444264057629667,0.077,-1.3679687959633893,0.03333333333333333,0.0,-0.0
1744721956.3103514,0.0,-93.0,288.0,,0.018444264057629667,0.058,-1.367977843897544,0.03333333333333333,0.0,-0.0
1744721956.5229077,0.0,-93.0,288.0,,0.028444264057629454,0.058,-1.329449152579663,0.03333333333333333,0.0,-0.0
1744721956.7413793,0.0,-93.0,288.0,,0.018444264057629667,0.077,-1.3878897600252147,0.03333333333333333,0.0,-0.0
1744721956.9546523,0.0,-93.0,288.0,,0.018444264057629667,0.077,-1.350038126674615,0.03333333333333333,0.0,-0.0
1744721957.1801403,0.0,-93.0,288.0,,0.018444264057629667,0.068,-1.4078133235809929,0.03333333333333333,0.0,-0.0
1744721957.413687,0.0,-93.0,288.0,,0.018444264057629667,0.048,-1.3679815831098465,0.03333333333333333,0.0,-0.0
1744721957.648549,0.0,-93.0,288.0,,0.018444264057629667,0.068,-1.3878944295180302,0.03333333333333333,0.0,-0.0
1744721957.8759496,0.0,-93.0,288.0,,0.018444264057629667,0.087,-1.3500324167507691,0.03333333333333333,0.0,-0.0
1744721958.0952506,0.0,-93.0,288.0,,0.009444264057629326,0.077,-1.4084502746498293,0.03333333333333333,0.0,-0.0
1744721958.3202162,0.0,-93.0,288.0,,0.018444264057629667,0.087,-1.3500324167507691,0.03333333333333333,0.0,-0.0
1744721958.539358,0.0,-93.0,288.0,,0.018444264057629667,0.058,-1.3301219870181868,0.03333333333333333,0.0,-0.0
1744721958.7562788,0.0,-93.0,288.0,,0.018444264057629667,0.107,-1.4476191261614506,0.03333333333333333,0.0,-0.0
1744721958.974336,0.0,-93.0,288.0,,0.018444264057629667,0.068,-1.4078133235809929,0.03333333333333333,0.0,-0.0
1744721959.1873734,0.0,-93.0,288.0,,0.018444264057629667,0.048,-1.3679815831098465,0.03333333333333333,0.0,-0.0
1744721959.4049828,0.0,-93.0,288.0,,0.009444264057629326,0.087,-1.3885165980080685,0.03333333333333333,0.0,-0.0
1744721959.6250725,0.0,-93.0,288.0,,0.018444264057629667,0.077,-1.3878897600252147,0.03333333333333333,0.0,-0.0
1744721959.8429048,0.0,-93.0,288.0,,0.028444264057629454,0.068,-1.3871927400261446,0.03333333333333333,0.0,-0.0
1744721960.0562325,0.0,-93.0,288.0,,0.018444264057629667,0.048,-1.3879027310716954,0.03333333333333333,0.0,-0.0
1744721960.2738664,0.0,-93.0,288.0,,0.018444264057629667,0.038,-1.3879058084475664,0.03333333333333333,0.0,-0.0
1744721960.5155234,0.0,-93.0,288.0,,0.018444264057629667,0.048,-1.3679815831098465,0.03333333333333333,0.0,-0.0
1744721960.7563324,0.0,-93.0,288.0,,0.009444264057629326,0.048,-1.4084634655426798,0.03333333333333333,0.0,-0.0
1744721960.9930854,0.0,-93.0,288.0,,0.018444264057629667,0.058,-1.387898938083433,0.03333333333333333,0.0,-0.0
1744721961.2173283,0.0,-93.0,288.0,,0.018444264057629667,0.068,-1.3878944295180302,0.03333333333333333,0.0,-0.0
1744721961.4338107,0.0,-93.0,288.0,,0.028444264057629454,0.077,-1.367277068960528,0.03333333333333333,0.0,-0.0
1744721961.6457975,0.0,-93.0,288.0,,0.018444264057629667,0.058,-1.367977843897544,0.03333333333333333,0.0,-0.0
1744721961.8722231,0.0,-93.0,288.0,,0.018444264057629667,0.058,-1.387898938083433,0.03333333333333333,0.0,-0.0
1744721962.0945454,0.0,-93.0,288.0,,0.018444264057629667,0.058,-1.387898938083433,0.03333333333333333,0.0,-0.0
1744721962.3203557,0.0,-93.0,288.0,,0.018444264057629667,0.068,-1.3878944295180302,0.03333333333333333,0.0,-0.0
1744721962.5437202,0.0,-93.0,288.0,,0.018444264057629667,0.068,-1.3878944295180302,0.03333333333333333,0.0,-0.0
1744721962.7637167,0.0,-93.0,288.0,,0.018444264057629667,0.058,-1.387898938083433,0.03333333333333333,0.0,-0.0
1744721962.9788482,0.0,-93.0,288.0,,0.018444264057629667,0.077,-1.3878897600252147,0.03333333333333333,0.0,-0.0
1744721963.1988723,0.0,-93.0,288.0,,0.018444264057629667,0.068,-1.3878944295180302,0.03333333333333333,0.0,-0.0
1744721963.4138875,0.0,-93.0,288.0,,0.018444264057629667,0.077,-1.3878897600252147,0.03333333333333333,0.0,-0.0
1744721963.6312208,0.0,-93.0,288.0,,0.018444264057629667,0.068,-1.3878944295180302,0.03333333333333333,0.0,-0.0
1744721963.8470795,0.0,-93.0,288.0,,0.018444264057629667,0.077,-1.3878897600252147,0.03333333333333333,0.0,-0.0
1744721964.066775,0.0,-93.0,288.0,,0.018444264057629667,0.068,-1.3679733992533731,0.03333333333333333,0.0,-0.0
1744721964.2913709,0.0,-93.0,288.0,,0.03844426405763102,0.097,-1.4262708736550074,0.03333333333333333,0.0,-0.0
1744721964.515439,0.0,-93.0,288.0,,0.03844426405763102,0.117,-1.328742468836237,0.03333333333333333,0.0,-0.0
1744721964.7334456,0.0,-93.0,288.0,,0.018444264057629667,0.048,-1.3879027310716954,0.03333333333333333,0.0,-0.0
1744721964.9547956,0.0,-93.0,288.0,,0.018444264057629667,0.048,-1.3679815831098465,0.03333333333333333,0.0,-0.0
1744721965.1778238,0.0,-93.0,288.0,,0.018444264057629667,0.107,-1.4476191261614506,0.03333333333333333,0.0,-0.0
1744721965.3933861,0.0,-93.0,288.0,,0.028444264057629454,0.097,-1.387175670975068,0.03333333333333333,0.0,-0.0
1744721965.6088505,0.0,-93.0,288.0,,0.03844426405763102,0.058,-1.3287776769372899,0.03333333333333333,0.0,-0.0
1744721965.8223553,0.0,-93.0,288.0,,0.009444264057629326,0.077,-1.4084502746498293,0.03333333333333333,0.0,-0.0
1744721966.0366554,0.0,-93.0,288.0,,0.018444264057629667,0.087,-1.2902517291599724,0.03333333333333333,0.0,-0.0
1744721966.2689948,0.0,-93.0,288.0,,0.018444264057629667,0.048,-1.3301256239615649,0.03333333333333333,0.0,-0.0
1744721966.4842055,0.0,-93.0,288.0,,0.018444264057629667,0.028,-1.40782725893015,0.03333333333333333,0.0,-0.0
1744721966.7006028,0.0,-93.0,288.0,,0.028444264057629454,0.068,-1.3672816582776164,0.03333333333333333,0.0,-0.0
1744721966.923283,0.0,-93.0,288.0,,0.03844426405763102,0.077,-1.2312053587492562,0.03333333333333333,0.0,-0.0
1744721967.150847,0.0,-93.0,288.0,,0.028444264057629454,0.077,-1.2896043205360792,0.03333333333333333,0.0,-0.0
1744721967.4642804,0.0,-93.0,288.0,,0.028444264057629454,0.087,-1.3493496660182038,0.03333333333333333,0.0,-0.0
1744721967.8403707,0.0,-93.0,288.0,,0.018444264057629667,0.048,-1.3301256239615649,0.03333333333333333,0.0,-0.0
1744721968.1823764,0.0,-93.0,288.0,,0.018444264057629667,0.068,-1.3679733992533731,0.03333333333333333,0.0,-0.0
1744721968.487721,0.0,-93.0,288.0,,0.028444264057629454,0.058,-1.2696916856267673,0.03333333333333333,0.0,-0.0
1744721968.768235,0.0,-93.0,288.0,,0.018444264057629667,0.077,-1.350038126674615,0.03333333333333333,0.0,-0.0
1744721969.0653906,0.0,-93.0,288.0,,0.018444264057629667,0.068,-1.3301176639367998,0.03333333333333333,0.0,-0.0
1744721969.4357507,0.0,-93.0,288.0,,0.028444264057629454,0.048,-1.3672898172922237,0.03333333333333333,0.0,-0.0
1744721969.8815236,0.0,-93.0,288.0,,0.018444264057629667,0.028,-1.3500560407616038,0.03333333333333333,0.0,-0.0
1744721970.2145376,0.0,-93.0,288.0,,0.028444264057629454,0.077,-1.3294403788304445,0.03333333333333333,0.0,-0.0
1744721970.6517847,0.0,-93.0,288.0,,0.018444264057629667,0.048,-1.3301256239615649,0.03333333333333333,0.0,-0.0
1744721971.0947137,0.0,-93.0,288.0,,0.018444264057629667,0.077,-1.350038126674615,0.03333333333333333,0.0,-0.0
1744721971.4332108,0.0,-93.0,288.0,,0.028444264057629454,0.048,-1.3294527784802095,0.03333333333333333,0.0,-0.0
1744721971.7101412,0.0,-93.0,288.0,,0.028444264057629454,0.048,-1.3294527784802095,0.03333333333333333,0.0,-0.0
1744721971.9644942,0.0,-93.0,288.0,,0.028444264057629454,0.048,-1.3294527784802095,0.03333333333333333,0.0,-0.0
1744721972.2128327,0.0,-93.0,288.0,,0.028444264057629454,0.048,-1.3294527784802095,0.03333333333333333,0.0,-0.0
1744721972.4513237,0.0,-93.0,288.0,,0.028444264057629454,0.048,-1.3294527784802095,0.03333333333333333,0.0,-0.0
1744721972.6816556,0.0,-93.0,288.0,,0.028444264057629454,0.048,-1.3294527784802095,0.03333333333333333,0.0,-0.0
1744721972.9055665,0.0,-93.0,288.0,,0.028444264057629454,0.048,-1.3294527784802095,0.03333333333333333,0.0,-0.0
1744721973.1315243,0.0,-93.0,288.0,,0.028444264057629454,0.048,-1.3294527784802095,0.03333333333333333,0.0,-0.0
1744721973.3580103,0.0,-93.0,288.0,,0.028444264057629454,0.048,-1.3294527784802095,0.03333333333333333,0.0,-0.0
1744721973.5987809,0.0,-93.0,288.0,,0.028444264057629454,0.048,-1.3294527784802095,0.03333333333333333,0.0,-0.0
1744721973.896127,0.0,-93.0,288.0,,0.028444264057629454,0.048,-1.3294527784802095,0.03333333333333333,0.0,-0.0
1744721974.189225,0.0,-93.0,288.0,,0.028444264057629454,0.048,-1.3294527784802095,0.03333333333333333,0.0,-0.0
1744721974.458541,0.0,-93.0,288.0,,0.028444264057629454,0.048,-1.3294527784802095,0.03333333333333333,0.0,-0.0
1744721974.7169914,0.0,-93.0,288.0,,0.028444264057629454,0.048,-1.3294527784802095,0.03333333333333333,0.0,-0.0
1744721974.9767866,0.0,-93.0,288.0,,0.028444264057629454,0.048,-1.3294527784802095,0.03333333333333333,0.0,-0.0
1744721975.344452,0.0,-93.0,288.0,,0.028444264057629454,0.048,-1.3294527784802095,0.03333333333333333,0.0,-0.0
1744721975.6487086,0.0,-93.0,288.0,,0.028444264057629454,0.048,-1.3294527784802095,0.03333333333333333,0.0,-0.0
1744721975.9638946,0.0,-93.0,288.0,,0.028444264057629454,0.048,-1.3294527784802095,0.03333333333333333,0.0,-0.0
1744721976.2660868,0.0,-93.0,288.0,,0.028444264057629454,0.048,-1.3294527784802095,0.03333333333333333,0.0,-0.0
1744721976.5652502,0.0,-93.0,288.0,,0.028444264057629454,0.048,-1.3294527784802095,0.03333333333333333,0.0,-0.0
1744721976.8359416,0.0,-93.0,288.0,,0.028444264057629454,0.048,-1.3294527784802095,0.03333333333333333,0.0,-0.0
1744721977.0946317,0.0,-93.0,288.0,,0.028444264057629454,0.048,-1.3294527784802095,0.03333333333333333,0.0,-0.0
1744721977.3606725,0.0,-93.0,288.0,,0.028444264057629454,0.048,-1.3294527784802095,0.03333333333333333,0.0,-0.0
1744721977.632866,0.0,-93.0,288.0,,0.028444264057629454,0.048,-1.3294527784802095,0.03333333333333333,0.0,-0.0
1744721977.8986127,0.0,-93.0,288.0,,0.028444264057629454,0.048,-1.3294527784802095,0.03333333333333333,0.0,-0.0
1744721978.1350856,0.0,-93.0,288.0,,0.028444264057629454,0.048,-1.3294527784802095,0.03333333333333333,0.0,-0.0
1744721978.3613174,0.0,-93.0,288.0,,0.028444264057629454,0.048,-1.3294527784802095,0.03333333333333333,0.0,-0.0
1744721978.5726745,0.0,-93.0,288.0,,0.028444264057629454,0.048,-1.3294527784802095,0.03333333333333333,0.0,-0.0
1744721978.7964916,0.0,-93.0,288.0,,0.028444264057629454,0.048,-1.3294527784802095,0.03333333333333333,0.0,-0.0
1744721979.0112498,0.0,-93.0,288.0,,0.028444264057629454,0.048,-1.3294527784802095,0.03333333333333333,0.0,-0.0
1744721979.23072,0.0,-93.0,288.0,,0.028444264057629454,0.048,-1.3294527784802095,0.03333333333333333,0.0,-0.0
1744721979.5487554,0.0,-93.0,288.0,,0.028444264057629454,0.048,-1.3294527784802095,0.03333333333333333,0.0,-0.0
1744721979.8275208,0.0,-93.0,288.0,,0.028444264057629454,0.048,-1.3294527784802095,0.03333333333333333,0.0,-0.0
1744721980.0751164,0.0,-93.0,288.0,,0.028444264057629454,0.048,-1.3294527784802095,0.03333333333333333,0.0,-0.0
1744721980.3054736,0.0,-93.0,288.0,,0.028444264057629454,0.048,-1.3294527784802095,0.03333333333333333,0.0,-0.0
1744721980.5248175,0.0,-93.0,288.0,,0.028444264057629454,0.048,-1.3294527784802095,0.03333333333333333,0.0,-0.0
1744721980.7620907,0.0,-93.0,288.0,,0.028444264057629454,0.048,-1.3294527784802095,0.03333333333333333,0.0,-0.0
1744721981.02075,0.0,-93.0,288.0,,0.028444264057629454,0.048,-1.3294527784802095,0.03333333333333333,0.0,-0.0
1744721981.2733312,0.0,-93.0,288.0,,0.028444264057629454,0.048,-1.3294527784802095,0.03333333333333333,0.0,-0.0
1744721981.514043,0.0,-93.0,288.0,,0.028444264057629454,0.048,-1.3294527784802095,0.03333333333333333,0.0,-0.0
1744721981.7491133,0.0,-93.0,288.0,,0.028444264057629454,0.048,-1.3294527784802095,0.03333333333333333,0.0,-0.0
1744721981.9801793,0.0,-93.0,288.0,,0.028444264057629454,0.048,-1.3294527784802095,0.03333333333333333,0.0,-0.0
1744721982.3215876,0.0,-93.0,288.0,,0.028444264057629454,0.048,-1.3294527784802095,0.03333333333333333,0.0,-0.0
1744721982.6287591,0.0,-93.0,288.0,,0.028444264057629454,0.048,-1.3294527784802095,0.03333333333333333,0.0,-0.0
1744721982.8905995,0.0,-93.0,288.0,,0.028444264057629454,0.048,-1.3294527784802095,0.03333333333333333,0.0,-0.0
1744721983.1417909,0.0,-93.0,288.0,,0.028444264057629454,0.048,-1.3294527784802095,0.03333333333333333,0.0,-0.0
1744721983.4232273,0.0,-93.0,288.0,,0.028444264057629454,0.048,-1.3294527784802095,0.03333333333333333,0.0,-0.0
1744721983.7219362,0.0,-93.0,288.0,,0.028444264057629454,0.048,-1.3294527784802095,0.03333333333333333,0.0,-0.0
1744721983.9868422,0.0,-93.0,288.0,,0.028444264057629454,0.048,-1.3294527784802095,0.03333333333333333,0.0,-0.0
1744721984.2434273,0.0,-93.0,288.0,,0.028444264057629454,0.048,-1.3294527784802095,0.03333333333333333,0.0,-0.0
1744721984.4950564,0.0,-93.0,288.0,,0.028444264057629454,0.048,-1.3294527784802095,0.03333333333333333,0.0,-0.0
1744721984.736748,0.0,-93.0,288.0,,0.028444264057629454,0.048,-1.3294527784802095,0.03333333333333333,0.0,-0.0
1744721984.9765918,0.0,-93.0,288.0,,0.028444264057629454,0.048,-1.3294527784802095,0.03333333333333333,0.0,-0.0
1744721985.202799,0.0,-93.0,288.0,,0.028444264057629454,0.048,-1.3294527784802095,0.03333333333333333,0.0,-0.0
1744721985.4221454,0.0,-93.0,288.0,,0.028444264057629454,0.048,-1.3294527784802095,0.03333333333333333,0.0,-0.0
1744721985.669761,0.0,-93.0,288.0,,0.028444264057629454,0.048,-1.3294527784802095,0.03333333333333333,0.0,-0.0
1744721985.9773908,0.0,-93.0,288.0,,0.028444264057629454,0.048,-1.3294527784802095,0.03333333333333333,0.0,-0.0
1744721986.3243086,0.0,-93.0,288.0,,0.028444264057629454,0.048,-1.3294527784802095,0.03333333333333333,0.0,-0.0
1744721986.615518,0.0,-93.0,288.0,,0.028444264057629454,0.048,-1.3294527784802095,0.03333333333333333,0.0,-0.0
1744721986.9074667,0.0,-93.0,288.0,,0.028444264057629454,0.048,-1.3294527784802095,0.03333333333333333,0.0,-0.0
1744721987.16723,0.0,-93.0,288.0,,0.028444264057629454,0.048,-1.3294527784802095,0.03333333333333333,0.0,-0.0
1744721987.4435625,0.0,-93.0,288.0,,0.028444264057629454,0.048,-1.3294527784802095,0.03333333333333333,0.0,-0.0
1744721987.7277977,0.0,-93.0,288.0,,0.028444264057629454,0.048,-1.3294527784802095,0.03333333333333333,0.0,-0.0
1744721988.0646377,0.0,-93.0,288.0,,0.028444264057629454,0.048,-1.3294527784802095,0.03333333333333333,0.0,-0.0
1744721988.4047377,0.0,-93.0,288.0,,0.028444264057629454,0.048,-1.3294527784802095,0.03333333333333333,0.0,-0.0
1744721988.678306,0.0,-93.0,288.0,,0.028444264057629454,0.048,-1.3294527784802095,0.03333333333333333,0.0,-0.0
1744721988.9344628,0.0,-93.0,288.0,,0.028444264057629454,0.048,-1.3294527784802095,0.03333333333333333,0.0,-0.0
1744721989.2172139,0.0,-93.0,288.0,,0.028444264057629454,0.048,-1.3294527784802095,0.03333333333333333,0.0,-0.0
1744721989.5059671,0.0,-93.0,288.0,,0.028444264057629454,0.048,-1.3294527784802095,0.03333333333333333,0.0,-0.0
1744721989.764142,0.0,-93.0,288.0,,0.028444264057629454,0.048,-1.3294527784802095,0.03333333333333333,0.0,-0.0
1744721990.0619988,0.0,-93.0,288.0,,0.028444264057629454,0.048,-1.3294527784802095,0.03333333333333333,0.0,-0.0
1744721990.3783488,0.0,-93.0,288.0,,0.028444264057629454,0.048,-1.3294527784802095,0.03333333333333333,0.0,-0.0
1744721990.6880615,0.0,-93.0,288.0,,0.028444264057629454,0.048,-1.3294527784802095,0.03333333333333333,0.0,-0.0
1744721991.0125184,0.0,-93.0,288.0,,0.028444264057629454,0.048,-1.3294527784802095,0.03333333333333333,0.0,-0.0
1744721991.2920713,0.0,-93.0,288.0,,0.028444264057629454,0.048,-1.3294527784802095,0.03333333333333333,0.0,-0.0
1744721991.552357,0.0,-93.0,288.0,,0.028444264057629454,0.048,-1.3294527784802095,0.03333333333333333,0.0,-0.0
1744721991.7961125,0.0,-93.0,288.0,,0.028444264057629454,0.048,-1.3294527784802095,0.03333333333333333,0.0,-0.0
1744721992.0255306,0.0,-93.0,288.0,,0.028444264057629454,0.048,-1.3294527784802095,0.03333333333333333,0.0,-0.0
1744721992.248262,0.0,-93.0,288.0,,0.028444264057629454,0.048,-1.3294527784802095,0.03333333333333333,0.0,-0.0
1744721992.4610453,0.0,-93.0,288.0,,0.028444264057629454,0.048,-1.3294527784802095,0.03333333333333333,0.0,-0.0
1744721992.6676865,0.0,-93.0,288.0,,0.028444264057629454,0.048,-1.3294527784802095,0.03333333333333333,0.0,-0.0
1744721992.875196,0.0,-93.0,288.0,,0.028444264057629454,0.048,-1.3294527784802095,0.03333333333333333,0.0,-0.0
1744721993.086103,0.0,-93.0,288.0,,0.028444264057629454,0.048,-1.3294527784802095,0.03333333333333333,0.0,-0.0
1744721993.3010914,0.0,-93.0,288.0,,0.028444264057629454,0.048,-1.3294527784802095,0.03333333333333333,0.0,-0.0
1744721993.5204613,0.0,-93.0,288.0,,0.028444264057629454,0.048,-1.3294527784802095,0.03333333333333333,0.0,-0.0
1744721993.7425613,0.0,-93.0,288.0,,0.028444264057629454,0.048,-1.3294527784802095,0.03333333333333333,0.0,-0.0
1744721993.9683623,0.0,-93.0,288.0,,0.028444264057629454,0.048,-1.3294527784802095,0.03333333333333333,0.0,-0.0
1744721994.184355,0.0,-93.0,288.0,,0.028444264057629454,0.048,-1.3294527784802095,0.03333333333333333,0.0,-0.0
1744721994.4093144,0.0,-93.0,288.0,,0.028444264057629454,0.048,-1.3294527784802095,0.03333333333333333,0.0,-0.0
1744721994.6343436,0.0,-93.0,288.0,,0.028444264057629454,0.048,-1.3294527784802095,0.03333333333333333,0.0,-0.0
1744721994.8354428,0.0,-93.0,288.0,,0.028444264057629454,0.048,-1.3294527784802095,0.03333333333333333,0.0,-0.0
1744721995.0396326,0.0,-93.0,288.0,,0.028444264057629454,0.048,-1.3294527784802095,0.03333333333333333,0.0,-0.0
1744721995.2416193,0.0,-93.0,288.0,,0.028444264057629454,0.048,-1.3294527784802095,0.03333333333333333,0.0,-0.0
1744721995.4434183,0.0,-93.0,288.0,,0.028444264057629454,0.048,-1.3294527784802095,0.03333333333333333,0.0,-0.0
1744721995.6521122,0.0,-93.0,288.0,,0.028444264057629454,0.048,-1.3294527784802095,0.03333333333333333,0.0,-0.0
1744721995.8615065,0.0,-93.0,288.0,,0.028444264057629454,0.048,-1.3294527784802095,0.03333333333333333,0.0,-0.0
1744721996.0663977,0.0,-93.0,288.0,,0.028444264057629454,0.048,-1.3294527784802095,0.03333333333333333,0.0,-0.0
1744721996.2744856,0.0,-93.0,288.0,,0.028444264057629454,0.048,-1.3294527784802095,0.03333333333333333,0.0,-0.0
1744721996.490624,0.0,-93.0,288.0,,0.028444264057629454,0.048,-1.3294527784802095,0.03333333333333333,0.0,-0.0
1744721996.6999478,0.0,-93.0,288.0,,0.028444264057629454,0.048,-1.3294527784802095,0.03333333333333333,0.0,-0.0
1744721996.906309,0.0,-93.0,288.0,,0.028444264057629454,0.048,-1.3294527784802095,0.03333333333333333,0.0,-0.0
1744721997.1143544,0.0,-93.0,288.0,,0.028444264057629454,0.048,-1.3294527784802095,0.03333333333333333,0.0,-0.0
1744721997.328196,0.0,-93.0,288.0,,0.028444264057629454,0.048,-1.3294527784802095,0.03333333333333333,0.0,-0.0
1744721997.540365,0.0,-93.0,288.0,,0.028444264057629454,0.048,-1.3294527784802095,0.03333333333333333,0.0,-0.0
1744721997.7584875,0.0,-93.0,288.0,,0.028444264057629454,0.048,-1.3294527784802095,0.03333333333333333,0.0,-0.0
1744721998.0026004,0.0,-93.0,288.0,,0.028444264057629454,0.048,-1.3294527784802095,0.03333333333333333,0.0,-0.0
1744721998.3078277,0.0,-93.0,288.0,,0.028444264057629454,0.048,-1.3294527784802095,0.03333333333333333,0.0,-0.0
1744721998.5958285,0.0,-93.0,288.0,,0.028444264057629454,0.048,-1.3294527784802095,0.03333333333333333,0.0,-0.0
1744721998.8493762,0.0,-93.0,288.0,,0.028444264057629454,0.048,-1.3294527784802095,0.03333333333333333,0.0,-0.0
1744721999.0908244,0.0,-93.0,288.0,,0.028444264057629454,0.048,-1.3294527784802095,0.03333333333333333,0.0,-0.0
1744721999.335525,0.0,-93.0,288.0,,0.028444264057629454,0.048,-1.3294527784802095,0.03333333333333333,0.0,-0.0
1744721999.5756578,0.0,-93.0,288.0,,0.028444264057629454,0.048,-1.3294527784802095,0.03333333333333333,0.0,-0.0
1744721999.813556,0.0,-93.0,288.0,,0.028444264057629454,0.048,-1.3294527784802095,0.03333333333333333,0.0,-0.0
1744722000.0348964,0.0,-93.0,288.0,,0.028444264057629454,0.048,-1.3294527784802095,0.03333333333333333,0.0,-0.0
1744722000.2443883,0.0,-93.0,288.0,,0.028444264057629454,0.048,-1.3294527784802095,0.03333333333333333,0.0,-0.0
1744722000.4500728,0.0,-93.0,288.0,,0.028444264057629454,0.048,-1.3294527784802095,0.03333333333333333,0.0,-0.0
1744722000.6634312,0.0,-93.0,288.0,,0.028444264057629454,0.048,-1.3294527784802095,0.03333333333333333,0.0,-0.0
1744722000.8897233,0.0,-93.0,288.0,,0.028444264057629454,0.048,-1.3294527784802095,0.03333333333333333,0.0,-0.0
1744722001.1202965,0.0,-93.0,288.0,,0.028444264057629454,0.048,-1.3294527784802095,0.03333333333333333,0.0,-0.0
1744722001.3450623,0.0,-93.0,288.0,,0.028444264057629454,0.048,-1.3294527784802095,0.03333333333333333,0.0,-0.0
1744722001.5620673,0.0,-93.0,288.0,,0.028444264057629454,0.048,-1.3294527784802095,0.03333333333333333,0.0,-0.0
1744722001.7670364,0.0,-93.0,288.0,,0.028444264057629454,0.048,-1.3294527784802095,0.03333333333333333,0.0,-0.0
1744722001.9788344,0.0,-93.0,288.0,,0.028444264057629454,0.048,-1.3294527784802095,0.03333333333333333,0.0,-0.0
1744722002.1821349,0.0,-93.0,288.0,,0.028444264057629454,0.048,-1.3294527784802095,0.03333333333333333,0.0,-0.0
1744722002.3958292,0.0,-93.0,288.0,,0.028444264057629454,0.048,-1.3294527784802095,0.03333333333333333,0.0,-0.0
1744722002.602206,0.0,-93.0,288.0,,0.028444264057629454,0.048,-1.3294527784802095,0.03333333333333333,0.0,-0.0
1744722002.8140926,0.0,-93.0,288.0,,0.028444264057629454,0.048,-1.3294527784802095,0.03333333333333333,0.0,-0.0
1744722003.0231326,0.0,-93.0,288.0,,0.028444264057629454,0.048,-1.3294527784802095,0.03333333333333333,0.0,-0.0
1744722003.2364016,0.0,-93.0,288.0,,0.028444264057629454,0.048,-1.3294527784802095,0.03333333333333333,0.0,-0.0
1744722003.436071,0.0,-93.0,288.0,,0.028444264057629454,0.048,-1.3294527784802095,0.03333333333333333,0.0,-0.0
1744722003.6457467,0.0,-93.0,288.0,,0.028444264057629454,0.048,-1.3294527784802095,0.03333333333333333,0.0,-0.0
1744722003.8863907,0.0,-93.0,288.0,,0.028444264057629454,0.048,-1.3294527784802095,0.03333333333333333,0.0,-0.0
1744722004.227517,0.0,-93.0,288.0,,0.028444264057629454,0.048,-1.3294527784802095,0.03333333333333333,0.0,-0.0
1744722004.7380075,0.0,-93.0,288.0,,0.028444264057629454,0.048,-1.3294527784802095,0.03333333333333333,0.0,-0.0
1744722005.084602,0.0,-93.0,288.0,,0.028444264057629454,0.048,-1.3294527784802095,0.03333333333333333,0.0,-0.0
1744722005.3667657,0.0,-93.0,288.0,,0.028444264057629454,0.048,-1.3294527784802095,0.03333333333333333,0.0,-0.0
1744722005.7179341,0.0,-93.0,288.0,,0.028444264057629454,0.048,-1.3294527784802095,0.03333333333333333,0.0,-0.0
1744722006.1105597,0.0,-93.0,288.0,,0.028444264057629454,0.048,-1.3294527784802095,0.03333333333333333,0.0,-0.0
1744722006.4298012,0.0,-93.0,288.0,,0.028444264057629454,0.048,-1.3294527784802095,0.03333333333333333,0.0,-0.0
1744722006.7296517,0.0,-93.0,288.0,,0.028444264057629454,0.048,-1.3294527784802095,0.03333333333333333,0.0,-0.0
1744722006.991904,0.0,-93.0,288.0,,0.028444264057629454,0.048,-1.3294527784802095,0.03333333333333333,0.0,-0.0
1744722007.2752461,0.0,-93.0,288.0,,0.028444264057629454,0.048,-1.3294527784802095,0.03333333333333333,0.0,-0.0
1744722007.5635645,0.0,-93.0,288.0,,0.028444264057629454,0.048,-1.3294527784802095,0.03333333333333333,0.0,-0.0
1744722007.8125455,0.0,-93.0,288.0,,0.028444264057629454,0.048,-1.3294527784802095,0.03333333333333333,0.0,-0.0
1744722008.0467718,0.0,-93.0,288.0,,0.028444264057629454,0.048,-1.3294527784802095,0.03333333333333333,0.0,-0.0
1744722008.2712498,0.0,-93.0,288.0,,0.028444264057629454,0.048,-1.3294527784802095,0.03333333333333333,0.0,-0.0
1744722008.4855685,0.0,-93.0,288.0,,0.028444264057629454,0.048,-1.3294527784802095,0.03333333333333333,0.0,-0.0
1744722008.6968796,0.0,-93.0,288.0,,0.028444264057629454,0.048,-1.3294527784802095,0.03333333333333333,0.0,-0.0
1744722008.9112535,0.0,-93.0,288.0,,0.028444264057629454,0.048,-1.3294527784802095,0.03333333333333333,0.0,-0.0
1744722009.131455,0.0,-93.0,288.0,,0.028444264057629454,0.048,-1.3294527784802095,0.03333333333333333,0.0,-0.0
1744722009.3823001,0.0,-93.0,288.0,,0.028444264057629454,0.048,-1.3294527784802095,0.03333333333333333,0.0,-0.0
1744722009.6175568,0.0,-93.0,288.0,,0.028444264057629454,0.048,-1.3294527784802095,0.03333333333333333,0.0,-0.0
1744722009.8560798,0.0,-93.0,288.0,,0.028444264057629454,0.048,-1.3294527784802095,0.03333333333333333,0.0,-0.0
1744722010.08394,0.0,-93.0,288.0,,0.028444264057629454,0.048,-1.3294527784802095,0.03333333333333333,0.0,-0.0
1744722010.3015065,0.0,-93.0,288.0,,0.028444264057629454,0.048,-1.3294527784802095,0.03333333333333333,0.0,-0.0
1744722010.5073211,0.0,-93.0,288.0,,0.028444264057629454,0.048,-1.3294527784802095,0.03333333333333333,0.0,-0.0
1744722010.7128246,0.0,-93.0,288.0,,0.028444264057629454,0.048,-1.3294527784802095,0.03333333333333333,0.0,-0.0
1744722010.9126143,0.0,-93.0,288.0,,0.028444264057629454,0.048,-1.3294527784802095,0.03333333333333333,0.0,-0.0
1744722011.1165404,0.0,-93.0,288.0,,0.028444264057629454,0.048,-1.3294527784802095,0.03333333333333333,0.0,-0.0
1744722011.3224292,0.0,-93.0,288.0,,0.028444264057629454,0.048,-1.3294527784802095,0.03333333333333333,0.0,-0.0
1744722011.5224493,0.0,-93.0,288.0,,0.028444264057629454,0.048,-1.3294527784802095,0.03333333333333333,0.0,-0.0
1744722011.7231524,0.0,-93.0,288.0,,0.028444264057629454,0.048,-1.3294527784802095,0.03333333333333333,0.0,-0.0
1744722011.9276805,0.0,-93.0,288.0,,0.028444264057629454,0.048,-1.3294527784802095,0.03333333333333333,0.0,-0.0
1744722012.1325755,0.0,-93.0,288.0,,0.028444264057629454,0.048,-1.3294527784802095,0.03333333333333333,0.0,-0.0
1744722012.4050136,0.0,-93.0,288.0,,0.028444264057629454,0.048,-1.3294527784802095,0.03333333333333333,0.0,-0.0
1744722012.71183,0.0,-93.0,288.0,,0.028444264057629454,0.048,-1.3294527784802095,0.03333333333333333,0.0,-0.0
1744722012.9634607,0.0,-93.0,288.0,,0.028444264057629454,0.048,-1.3294527784802095,0.03333333333333333,0.0,-0.0
1744722013.200393,0.0,-93.0,288.0,,0.028444264057629454,0.048,-1.3294527784802095,0.03333333333333333,0.0,-0.0
1744722013.4264948,0.0,-93.0,288.0,,0.028444264057629454,0.048,-1.3294527784802095,0.03333333333333333,0.0,-0.0
1744722013.665772,0.0,-93.0,288.0,,0.028444264057629454,0.048,-1.3294527784802095,0.03333333333333333,0.0,-0.0
1744722013.9457734,0.0,-93.0,288.0,,0.028444264057629454,0.048,-1.3294527784802095,0.03333333333333333,0.0,-0.0
1744722014.202421,0.0,-93.0,288.0,,0.028444264057629454,0.048,-1.3294527784802095,0.03333333333333333,0.0,-0.0
1744722014.446525,0.0,-93.0,288.0,,0.028444264057629454,0.048,-1.3294527784802095,0.03333333333333333,0.0,-0.0
1744722014.6825345,0.0,-93.0,288.0,,0.028444264057629454,0.048,-1.3294527784802095,0.03333333333333333,0.0,-0.0
1744722014.9256887,0.0,-93.0,288.0,,0.028444264057629454,0.048,-1.3294527784802095,0.03333333333333333,0.0,-0.0
1744722015.2023783,0.0,-93.0,288.0,,0.028444264057629454,0.048,-1.3294527784802095,0.03333333333333333,0.0,-0.0
1744722015.4775612,0.0,-93.0,288.0,,0.028444264057629454,0.048,-1.3294527784802095,0.03333333333333333,0.0,-0.0
1744722015.7381892,0.0,-93.0,288.0,,0.028444264057629454,0.048,-1.3294527784802095,0.03333333333333333,0.0,-0.0
1744722016.0507712,0.0,-93.0,288.0,,0.028444264057629454,0.048,-1.3294527784802095,0.03333333333333333,0.0,-0.0
1744722016.5382621,0.0,-93.0,288.0,,0.028444264057629454,0.048,-1.3294527784802095,0.03333333333333333,0.0,-0.0
1744722016.8315597,0.0,-93.0,288.0,,0.028444264057629454,0.048,-1.3294527784802095,0.03333333333333333,0.0,-0.0
1744722017.1120718,0.0,-93.0,288.0,,0.028444264057629454,0.048,-1.3294527784802095,0.03333333333333333,0.0,-0.0
1744722017.4279585,0.0,-93.0,288.0,,0.028444264057629454,0.048,-1.3294527784802095,0.03333333333333333,0.0,-0.0
1744722017.7488122,0.0,-93.0,288.0,,0.028444264057629454,0.048,-1.3294527784802095,0.03333333333333333,0.0,-0.0
1744722018.0371928,0.0,-93.0,288.0,,0.028444264057629454,0.048,-1.3294527784802095,0.03333333333333333,0.0,-0.0
1744722018.286051,0.0,-93.0,288.0,,0.028444264057629454,0.048,-1.3294527784802095,0.03333333333333333,0.0,-0.0
1744722018.5264547,0.0,-93.0,288.0,,0.028444264057629454,0.048,-1.3294527784802095,0.03333333333333333,0.0,-0.0
1744722018.7917228,0.0,-93.0,288.0,,0.028444264057629454,0.048,-1.3294527784802095,0.03333333333333333,0.0,-0.0
1744722019.116482,0.0,-93.0,288.0,,0.028444264057629454,0.048,-1.3294527784802095,0.03333333333333333,0.0,-0.0
1744722019.41277,0.0,-93.0,288.0,,0.028444264057629454,0.048,-1.3294527784802095,0.03333333333333333,0.0,-0.0
1744722019.7404673,0.0,-93.0,288.0,,0.028444264057629454,0.048,-1.3294527784802095,0.03333333333333333,0.0,-0.0
1744722020.0650182,0.0,-93.0,288.0,,0.028444264057629454,0.048,-1.3294527784802095,0.03333333333333333,0.0,-0.0
1744722020.4206524,0.0,-93.0,288.0,,0.028444264057629454,0.048,-1.3294527784802095,0.03333333333333333,0.0,-0.0
1744722020.689729,0.0,-93.0,288.0,,0.028444264057629454,0.048,-1.3294527784802095,0.03333333333333333,0.0,-0.0
1744722020.9304562,0.0,-93.0,288.0,,0.028444264057629454,0.048,-1.3294527784802095,0.03333333333333333,0.0,-0.0
1744722021.1674714,0.0,-93.0,288.0,,0.028444264057629454,0.048,-1.3294527784802095,0.03333333333333333,0.0,-0.0
1744722021.4035597,0.0,-93.0,288.0,,0.028444264057629454,0.048,-1.3294527784802095,0.03333333333333333,0.0,-0.0
1744722021.6757834,0.0,-93.0,288.0,,0.028444264057629454,0.048,-1.3294527784802095,0.03333333333333333,0.0,-0.0
1744722021.997131,0.0,-93.0,288.0,,0.028444264057629454,0.048,-1.3294527784802095,0.03333333333333333,0.0,-0.0
1744722022.3856714,0.0,-93.0,288.0,,0.028444264057629454,0.048,-1.3294527784802095,0.03333333333333333,0.0,-0.0
1744722022.6717794,0.0,-93.0,288.0,,0.028444264057629454,0.048,-1.3294527784802095,0.03333333333333333,0.0,-0.0
1744722022.9193451,0.0,-93.0,288.0,,0.028444264057629454,0.048,-1.3294527784802095,0.03333333333333333,0.0,-0.0
1744722023.154572,0.0,-93.0,288.0,,0.028444264057629454,0.048,-1.3294527784802095,0.03333333333333333,0.0,-0.0
1744722023.383116,0.0,-93.0,288.0,,0.028444264057629454,0.048,-1.3294527784802095,0.03333333333333333,0.0,-0.0
1744722023.6021252,0.0,-93.0,288.0,,0.028444264057629454,0.048,-1.3294527784802095,0.03333333333333333,0.0,-0.0
1744722023.829639,0.0,-93.0,288.0,,0.028444264057629454,0.048,-1.3294527784802095,0.03333333333333333,0.0,-0.0
1744722024.0517359,0.0,-93.0,288.0,,0.028444264057629454,0.048,-1.3294527784802095,0.03333333333333333,0.0,-0.0
1744722024.3016047,0.0,-93.0,288.0,,0.028444264057629454,0.048,-1.3294527784802095,0.03333333333333333,0.0,-0.0
1744722024.59909,0.0,-93.0,288.0,,0.028444264057629454,0.048,-1.3294527784802095,0.03333333333333333,0.0,-0.0
1744722024.9062204,0.0,-93.0,288.0,,0.028444264057629454,0.048,-1.3294527784802095,0.03333333333333333,0.0,-0.0
1744722025.1716485,0.0,-93.0,288.0,,0.028444264057629454,0.048,-1.3294527784802095,0.03333333333333333,0.0,-0.0
1744722025.4100926,0.0,-93.0,288.0,,0.028444264057629454,0.048,-1.3294527784802095,0.03333333333333333,0.0,-0.0
1744722025.6524951,0.0,-93.0,288.0,,0.028444264057629454,0.048,-1.3294527784802095,0.03333333333333333,0.0,-0.0
1744722025.8903654,0.0,-93.0,288.0,,0.028444264057629454,0.048,-1.3294527784802095,0.03333333333333333,0.0,-0.0
1744722026.146496,0.0,-93.0,288.0,,0.028444264057629454,0.048,-1.3294527784802095,0.03333333333333333,0.0,-0.0
1744722026.4323707,0.0,-93.0,288.0,,0.028444264057629454,0.048,-1.3294527784802095,0.03333333333333333,0.0,-0.0
1744722026.708247,0.0,-93.0,288.0,,0.028444264057629454,0.048,-1.3294527784802095,0.03333333333333333,0.0,-0.0
1744722026.9842074,0.0,-93.0,288.0,,0.028444264057629454,0.048,-1.3294527784802095,0.03333333333333333,0.0,-0.0
1744722027.2187934,0.0,-93.0,288.0,,0.028444264057629454,0.048,-1.3294527784802095,0.03333333333333333,0.0,-0.0
1744722027.4320443,0.0,-93.0,288.0,,0.028444264057629454,0.048,-1.3294527784802095,0.03333333333333333,0.0,-0.0
1744722027.6484275,0.0,-93.0,288.0,,0.028444264057629454,0.048,-1.3294527784802095,0.03333333333333333,0.0,-0.0
1744722027.852343,0.0,-93.0,288.0,,0.028444264057629454,0.048,-1.3294527784802095,0.03333333333333333,0.0,-0.0
1744722028.0927873,0.0,-93.0,288.0,,0.028444264057629454,0.048,-1.3294527784802095,0.03333333333333333,0.0,-0.0
1744722028.3755128,0.0,-93.0,288.0,,0.028444264057629454,0.048,-1.3294527784802095,0.03333333333333333,0.0,-0.0
1744722028.630854,0.0,-93.0,288.0,,0.028444264057629454,0.048,-1.3294527784802095,0.03333333333333333,0.0,-0.0
1744722028.869013,0.0,-93.0,288.0,,0.028444264057629454,0.048,-1.3294527784802095,0.03333333333333333,0.0,-0.0
1744722029.103245,0.0,-93.0,288.0,,0.028444264057629454,0.048,-1.3294527784802095,0.03333333333333333,0.0,-0.0
1744722029.4637012,0.0,-93.0,288.0,,0.028444264057629454,0.048,-1.3294527784802095,0.03333333333333333,0.0,-0.0
1744722029.7947056,0.0,-93.0,288.0,,0.028444264057629454,0.048,-1.3294527784802095,0.03333333333333333,0.0,-0.0
1744722030.0732384,0.0,-93.0,288.0,,0.028444264057629454,0.048,-1.3294527784802095,0.03333333333333333,0.0,-0.0
1744722030.3416123,0.0,-93.0,288.0,,0.028444264057629454,0.048,-1.3294527784802095,0.03333333333333333,0.0,-0.0
1744722030.6612525,0.0,-93.0,288.0,,0.028444264057629454,0.048,-1.3294527784802095,0.03333333333333333,0.0,-0.0
1744722031.0036566,0.0,-93.0,288.0,,0.028444264057629454,0.048,-1.3294527784802095,0.03333333333333333,0.0,-0.0
1744722031.2748647,0.0,-93.0,288.0,,0.028444264057629454,0.048,-1.3294527784802095,0.03333333333333333,0.0,-0.0
1744722031.5470583,0.0,-93.0,288.0,,0.028444264057629454,0.048,-1.3294527784802095,0.03333333333333333,0.0,-0.0
1744722031.7850347,0.0,-93.0,288.0,,0.028444264057629454,0.048,-1.3294527784802095,0.03333333333333333,0.0,-0.0
1744722032.012374,0.0,-93.0,288.0,,0.028444264057629454,0.048,-1.3294527784802095,0.03333333333333333,0.0,-0.0
1744722032.2333064,0.0,-93.0,288.0,,0.028444264057629454,0.048,-1.3294527784802095,0.03333333333333333,0.0,-0.0
1744722032.4856284,0.0,-93.0,288.0,,0.028444264057629454,0.048,-1.3294527784802095,0.03333333333333333,0.0,-0.0
1744722032.7416384,0.0,-93.0,288.0,,0.028444264057629454,0.048,-1.3294527784802095,0.03333333333333333,0.0,-0.0
1744722033.00209,0.0,-93.0,288.0,,0.028444264057629454,0.048,-1.3294527784802095,0.03333333333333333,0.0,-0.0
1744722033.2763557,0.0,-93.0,288.0,,0.028444264057629454,0.048,-1.3294527784802095,0.03333333333333333,0.0,-0.0
1744722033.5273287,0.0,-93.0,288.0,,0.028444264057629454,0.048,-1.3294527784802095,0.03333333333333333,0.0,-0.0
1744722033.7466912,0.0,-93.0,288.0,,0.028444264057629454,0.048,-1.3294527784802095,0.03333333333333333,0.0,-0.0
1744722033.9910295,0.0,-93.0,288.0,,0.028444264057629454,0.048,-1.3294527784802095,0.03333333333333333,0.0,-0.0
1744722034.2954447,0.0,-93.0,288.0,,0.028444264057629454,0.048,-1.3294527784802095,0.03333333333333333,0.0,-0.0
1744722034.6205885,0.0,-93.0,288.0,,0.028444264057629454,0.048,-1.3294527784802095,0.03333333333333333,0.0,-0.0
1744722034.9533932,0.0,-93.0,288.0,,0.028444264057629454,0.048,-1.3294527784802095,0.03333333333333333,0.0,-0.0
1744722035.2310739,0.0,-93.0,288.0,,0.028444264057629454,0.048,-1.3294527784802095,0.03333333333333333,0.0,-0.0
1744722035.472688,0.0,-93.0,288.0,,0.028444264057629454,0.048,-1.3294527784802095,0.03333333333333333,0.0,-0.0
1744722035.7019436,0.0,-93.0,288.0,,0.028444264057629454,0.048,-1.3294527784802095,0.03333333333333333,0.0,-0.0
1744722035.932167,0.0,-93.0,288.0,,0.028444264057629454,0.048,-1.3294527784802095,0.03333333333333333,0.0,-0.0
1744722036.1996005,0.0,-93.0,288.0,,0.028444264057629454,0.048,-1.3294527784802095,0.03333333333333333,0.0,-0.0
1744722036.4940226,0.0,-93.0,288.0,,0.028444264057629454,0.048,-1.3294527784802095,0.03333333333333333,0.0,-0.0
1744722036.7601228,0.0,-93.0,288.0,,0.028444264057629454,0.048,-1.3294527784802095,0.03333333333333333,0.0,-0.0
1744722037.0074754,0.0,-93.0,288.0,,0.028444264057629454,0.048,-1.3294527784802095,0.03333333333333333,0.0,-0.0
1744722037.274642,0.0,-93.0,288.0,,0.028444264057629454,0.048,-1.3294527784802095,0.03333333333333333,0.0,-0.0
1744722037.5470314,0.0,-93.0,288.0,,0.028444264057629454,0.048,-1.3294527784802095,0.03333333333333333,0.0,-0.0
1744722037.852347,0.0,-93.0,288.0,,0.028444264057629454,0.048,-1.3294527784802095,0.03333333333333333,0.0,-0.0
1744722038.2060566,0.0,-93.0,288.0,,0.028444264057629454,0.048,-1.3294527784802095,0.03333333333333333,0.0,-0.0
1744722038.5008786,0.0,-93.0,288.0,,0.028444264057629454,0.048,-1.3294527784802095,0.03333333333333333,0.0,-0.0
1744722038.7413409,0.0,-93.0,288.0,,0.028444264057629454,0.048,-1.3294527784802095,0.03333333333333333,0.0,-0.0
1744722038.9734297,0.0,-93.0,288.0,,0.028444264057629454,0.048,-1.3294527784802095,0.03333333333333333,0.0,-0.0
1744722039.1989474,0.0,-93.0,288.0,,0.028444264057629454,0.048,-1.3294527784802095,0.03333333333333333,0.0,-0.0
1744722039.429564,0.0,-93.0,288.0,,0.028444264057629454,0.048,-1.3294527784802095,0.03333333333333333,0.0,-0.0
1744722039.6911964,0.0,-93.0,288.0,,0.028444264057629454,0.048,-1.3294527784802095,0.03333333333333333,0.0,-0.0
1744722039.997649,0.0,-93.0,288.0,,0.028444264057629454,0.048,-1.3294527784802095,0.03333333333333333,0.0,-0.0
1744722040.302299,0.0,-93.0,288.0,,0.028444264057629454,0.048,-1.3294527784802095,0.03333333333333333,0.0,-0.0
1744722040.5944707,0.0,-93.0,288.0,,0.028444264057629454,0.048,-1.3294527784802095,0.03333333333333333,0.0,-0.0
1744722040.975636,0.0,-93.0,288.0,,0.028444264057629454,0.048,-1.3294527784802095,0.03333333333333333,0.0,-0.0
1744722041.254008,0.0,-93.0,288.0,,0.028444264057629454,0.048,-1.3294527784802095,0.03333333333333333,0.0,-0.0
1744722041.4945927,0.0,-93.0,288.0,,0.028444264057629454,0.048,-1.3294527784802095,0.03333333333333333,0.0,-0.0
1744722041.731886,0.0,-93.0,288.0,,0.028444264057629454,0.048,-1.3294527784802095,0.03333333333333333,0.0,-0.0
1744722041.961851,0.0,-93.0,288.0,,0.028444264057629454,0.048,-1.3294527784802095,0.03333333333333333,0.0,-0.0
1744722042.1737843,0.0,-93.0,288.0,,0.028444264057629454,0.048,-1.3294527784802095,0.03333333333333333,0.0,-0.0
1744722042.3957863,0.0,-93.0,288.0,,0.028444264057629454,0.048,-1.3294527784802095,0.03333333333333333,0.0,-0.0
1744722042.610425,0.0,-93.0,288.0,,0.028444264057629454,0.048,-1.3294527784802095,0.03333333333333333,0.0,-0.0
1744722042.9294562,0.0,-93.0,288.0,,0.028444264057629454,0.048,-1.3294527784802095,0.03333333333333333,0.0,-0.0
1744722043.3242896,0.0,-93.0,288.0,,0.028444264057629454,0.048,-1.3294527784802095,0.03333333333333333,0.0,-0.0
1744722043.5954792,0.0,-93.0,288.0,,0.028444264057629454,0.048,-1.3294527784802095,0.03333333333333333,0.0,-0.0
1744722043.8433695,0.0,-93.0,288.0,,0.028444264057629454,0.048,-1.3294527784802095,0.03333333333333333,0.0,-0.0
1744722044.07712,0.0,-93.0,288.0,,0.028444264057629454,0.048,-1.3294527784802095,0.03333333333333333,0.0,-0.0
1744722044.3535202,0.0,-93.0,288.0,,0.028444264057629454,0.048,-1.3294527784802095,0.03333333333333333,0.0,-0.0
1744722044.68283,0.0,-93.0,288.0,,0.028444264057629454,0.048,-1.3294527784802095,0.03333333333333333,0.0,-0.0
1744722044.9985335,0.0,-93.0,288.0,,0.028444264057629454,0.048,-1.3294527784802095,0.03333333333333333,0.0,-0.0
1744722045.2864542,0.0,-93.0,288.0,,0.028444264057629454,0.048,-1.3294527784802095,0.03333333333333333,0.0,-0.0
1744722045.5262234,0.0,-93.0,288.0,,0.028444264057629454,0.048,-1.3294527784802095,0.03333333333333333,0.0,-0.0
1744722045.756753,0.0,-93.0,288.0,,0.028444264057629454,0.048,-1.3294527784802095,0.03333333333333333,0.0,-0.0
1744722045.979998,0.0,-93.0,288.0,,0.028444264057629454,0.048,-1.3294527784802095,0.03333333333333333,0.0,-0.0
1744722046.201071,0.0,-93.0,288.0,,0.028444264057629454,0.048,-1.3294527784802095,0.03333333333333333,0.0,-0.0
1744722046.4558516,0.0,-93.0,288.0,,0.028444264057629454,0.048,-1.3294527784802095,0.03333333333333333,0.0,-0.0
1744722046.7134554,0.0,-93.0,288.0,,0.028444264057629454,0.048,-1.3294527784802095,0.03333333333333333,0.0,-0.0
1744722047.0719807,0.0,-93.0,288.0,,0.028444264057629454,0.048,-1.3294527784802095,0.03333333333333333,0.0,-0.0
1744722047.356243,0.0,-93.0,288.0,,0.028444264057629454,0.048,-1.3294527784802095,0.03333333333333333,0.0,-0.0
1744722047.6144135,0.0,-93.0,288.0,,0.028444264057629454,0.048,-1.3294527784802095,0.03333333333333333,0.0,-0.0
1744722047.8553843,0.0,-93.0,288.0,,0.028444264057629454,0.048,-1.3294527784802095,0.03333333333333333,0.0,-0.0
1744722048.106478,0.0,-93.0,288.0,,0.028444264057629454,0.048,-1.3294527784802095,0.03333333333333333,0.0,-0.0
1744722048.395884,0.0,-93.0,288.0,,0.028444264057629454,0.048,-1.3294527784802095,0.03333333333333333,0.0,-0.0
1744722048.6965628,0.0,-93.0,288.0,,0.028444264057629454,0.048,-1.3294527784802095,0.03333333333333333,0.0,-0.0
1744722048.9579864,0.0,-93.0,288.0,,0.028444264057629454,0.048,-1.3294527784802095,0.03333333333333333,0.0,-0.0
1744722049.218951,0.0,-93.0,288.0,,0.028444264057629454,0.048,-1.3294527784802095,0.03333333333333333,0.0,-0.0
1744722049.5045836,0.0,-93.0,288.0,,0.028444264057629454,0.048,-1.3294527784802095,0.03333333333333333,0.0,-0.0
1744722049.8094544,0.0,-93.0,288.0,,0.028444264057629454,0.048,-1.3294527784802095,0.03333333333333333,0.0,-0.0
1744722050.1431088,0.0,-93.0,288.0,,0.028444264057629454,0.048,-1.3294527784802095,0.03333333333333333,0.0,-0.0
1744722050.4095972,0.0,-93.0,288.0,,0.028444264057629454,0.048,-1.3294527784802095,0.03333333333333333,0.0,-0.0
1744722050.669311,0.0,-93.0,288.0,,0.028444264057629454,0.048,-1.3294527784802095,0.03333333333333333,0.0,-0.0
1744722050.9351828,0.0,-93.0,288.0,,0.028444264057629454,0.048,-1.3294527784802095,0.03333333333333333,0.0,-0.0
1744722051.2278535,0.0,-93.0,288.0,,0.028444264057629454,0.048,-1.3294527784802095,0.03333333333333333,0.0,-0.0
1744722051.519412,0.0,-93.0,288.0,,0.028444264057629454,0.048,-1.3294527784802095,0.03333333333333333,0.0,-0.0
1744722051.8212802,0.0,-93.0,288.0,,0.028444264057629454,0.048,-1.3294527784802095,0.03333333333333333,0.0,-0.0
1744722052.0998478,0.0,-93.0,288.0,,0.028444264057629454,0.048,-1.3294527784802095,0.03333333333333333,0.0,-0.0
1744722052.403758,0.0,-93.0,288.0,,0.028444264057629454,0.048,-1.3294527784802095,0.03333333333333333,0.0,-0.0
1744722052.7643077,0.0,-93.0,288.0,,0.028444264057629454,0.048,-1.3294527784802095,0.03333333333333333,0.0,-0.0
1744722053.0859892,0.0,-93.0,288.0,,0.028444264057629454,0.048,-1.3294527784802095,0.03333333333333333,0.0,-0.0
1744722053.3588247,0.0,-93.0,288.0,,0.028444264057629454,0.048,-1.3294527784802095,0.03333333333333333,0.0,-0.0
1744722053.6396012,0.0,-93.0,288.0,,0.028444264057629454,0.048,-1.3294527784802095,0.03333333333333333,0.0,-0.0
1744722053.9675624,0.0,-93.0,288.0,,0.028444264057629454,0.048,-1.3294527784802095,0.03333333333333333,0.0,-0.0
1744722054.3456738,0.0,-93.0,288.0,,0.028444264057629454,0.048,-1.3294527784802095,0.03333333333333333,0.0,-0.0
1744722054.7127934,0.0,-93.0,288.0,,0.028444264057629454,0.048,-1.3294527784802095,0.03333333333333333,0.0,-0.0
1744722055.0540197,0.0,-93.0,288.0,,0.028444264057629454,0.048,-1.3294527784802095,0.03333333333333333,0.0,-0.0
1744722055.3742695,0.0,-93.0,288.0,,0.028444264057629454,0.048,-1.3294527784802095,0.03333333333333333,0.0,-0.0
1744722055.639342,0.0,-93.0,288.0,,0.028444264057629454,0.048,-1.3294527784802095,0.03333333333333333,0.0,-0.0
1744722055.9014466,0.0,-93.0,288.0,,0.028444264057629454,0.048,-1.3294527784802095,0.03333333333333333,0.0,-0.0
1744722056.1823063,0.0,-93.0,288.0,,0.028444264057629454,0.048,-1.3294527784802095,0.03333333333333333,0.0,-0.0
1744722056.4810536,0.0,-93.0,288.0,,0.028444264057629454,0.048,-1.3294527784802095,0.03333333333333333,0.0,-0.0
1744722056.7629557,0.0,-93.0,288.0,,0.028444264057629454,0.048,-1.3294527784802095,0.03333333333333333,0.0,-0.0
1744722056.9984589,0.0,-93.0,288.0,,0.028444264057629454,0.048,-1.3294527784802095,0.03333333333333333,0.0,-0.0
1744722057.2394478,0.0,-93.0,288.0,,0.028444264057629454,0.048,-1.3294527784802095,0.03333333333333333,0.0,-0.0
1744722057.4699495,0.0,-93.0,288.0,,0.028444264057629454,0.048,-1.3294527784802095,0.03333333333333333,0.0,-0.0
1744722057.7571054,0.0,-93.0,288.0,,0.028444264057629454,0.048,-1.3294527784802095,0.03333333333333333,0.0,-0.0
1744722058.1871834,0.0,-93.0,288.0,,0.028444264057629454,0.048,-1.3294527784802095,0.03333333333333333,0.0,-0.0
1744722058.5109005,0.0,-93.0,288.0,,0.028444264057629454,0.048,-1.3294527784802095,0.03333333333333333,0.0,-0.0
1744722058.7731333,0.0,-93.0,288.0,,0.028444264057629454,0.048,-1.3294527784802095,0.03333333333333333,0.0,-0.0
1744722058.9970505,0.0,-93.0,288.0,,0.028444264057629454,0.048,-1.3294527784802095,0.03333333333333333,0.0,-0.0
1744722059.214686,0.0,-93.0,288.0,,0.028444264057629454,0.048,-1.3294527784802095,0.03333333333333333,0.0,-0.0
1744722059.4360256,0.0,-93.0,288.0,,0.028444264057629454,0.048,-1.3294527784802095,0.03333333333333333,0.0,-0.0
1744722059.6408062,0.0,-93.0,288.0,,0.028444264057629454,0.048,-1.3294527784802095,0.03333333333333333,0.0,-0.0
1744722059.8537474,0.0,-93.0,288.0,,0.028444264057629454,0.048,-1.3294527784802095,0.03333333333333333,0.0,-0.0
1744722060.098437,0.0,-93.0,288.0,,0.028444264057629454,0.048,-1.3294527784802095,0.03333333333333333,0.0,-0.0
1744722060.3513389,0.0,-93.0,288.0,,0.028444264057629454,0.048,-1.3294527784802095,0.03333333333333333,0.0,-0.0
1744722060.5895634,0.0,-93.0,288.0,,0.028444264057629454,0.048,-1.3294527784802095,0.03333333333333333,0.0,-0.0
1744722060.8240545,0.0,-93.0,288.0,,0.028444264057629454,0.048,-1.3294527784802095,0.03333333333333333,0.0,-0.0
1744722061.0385566,0.0,-93.0,288.0,,0.028444264057629454,0.048,-1.3294527784802095,0.03333333333333333,0.0,-0.0
1744722061.2406619,0.0,-93.0,288.0,,0.028444264057629454,0.048,-1.3294527784802095,0.03333333333333333,0.0,-0.0
1744722061.448109,0.0,-93.0,288.0,,0.028444264057629454,0.048,-1.3294527784802095,0.03333333333333333,0.0,-0.0
1744722061.6605122,0.0,-93.0,288.0,,0.028444264057629454,0.048,-1.3294527784802095,0.03333333333333333,0.0,-0.0
1744722061.919095,0.0,-93.0,288.0,,0.028444264057629454,0.048,-1.3294527784802095,0.03333333333333333,0.0,-0.0
1744722062.2318063,0.0,-93.0,288.0,,0.028444264057629454,0.048,-1.3294527784802095,0.03333333333333333,0.0,-0.0
1744722062.4844449,0.0,-93.0,288.0,,0.028444264057629454,0.048,-1.3294527784802095,0.03333333333333333,0.0,-0.0
1744722062.7172308,0.0,-93.0,288.0,,0.028444264057629454,0.048,-1.3294527784802095,0.03333333333333333,0.0,-0.0
1744722062.938777,0.0,-93.0,288.0,,0.028444264057629454,0.048,-1.3294527784802095,0.03333333333333333,0.0,-0.0
1744722063.1614249,0.0,-93.0,288.0,,0.028444264057629454,0.048,-1.3294527784802095,0.03333333333333333,0.0,-0.0
1744722063.3837452,0.0,-93.0,288.0,,0.028444264057629454,0.048,-1.3294527784802095,0.03333333333333333,0.0,-0.0
1744722063.6247046,0.0,-93.0,288.0,,0.028444264057629454,0.048,-1.3294527784802095,0.03333333333333333,0.0,-0.0
1744722063.879153,0.0,-93.0,288.0,,0.028444264057629454,0.048,-1.3294527784802095,0.03333333333333333,0.0,-0.0
1744722064.1217654,0.0,-93.0,288.0,,0.028444264057629454,0.048,-1.3294527784802095,0.03333333333333333,0.0,-0.0
1744722064.368694,0.0,-93.0,288.0,,0.028444264057629454,0.048,-1.3294527784802095,0.03333333333333333,0.0,-0.0
1744722064.5908496,0.0,-93.0,288.0,,0.028444264057629454,0.048,-1.3294527784802095,0.03333333333333333,0.0,-0.0
1744722064.805715,0.0,-93.0,288.0,,0.028444264057629454,0.048,-1.3294527784802095,0.03333333333333333,0.0,-0.0
1744722065.0256262,0.0,-93.0,288.0,,0.028444264057629454,0.048,-1.3294527784802095,0.03333333333333333,0.0,-0.0
1744722065.27086,0.0,-93.0,288.0,,0.028444264057629454,0.048,-1.3294527784802095,0.03333333333333333,0.0,-0.0
1744722065.5360475,0.0,-93.0,288.0,,0.028444264057629454,0.048,-1.3294527784802095,0.03333333333333333,0.0,-0.0
1744722065.7814882,0.0,-93.0,288.0,,0.028444264057629454,0.048,-1.3294527784802095,0.03333333333333333,0.0,-0.0
1744722066.0249329,0.0,-93.0,288.0,,0.028444264057629454,0.048,-1.3294527784802095,0.03333333333333333,0.0,-0.0
1744722066.2669833,0.0,-93.0,288.0,,0.028444264057629454,0.048,-1.3294527784802095,0.03333333333333333,0.0,-0.0
1744722066.5334606,0.0,-93.0,288.0,,0.028444264057629454,0.048,-1.3294527784802095,0.03333333333333333,0.0,-0.0
1744722066.7622037,0.0,-93.0,288.0,,0.028444264057629454,0.048,-1.3294527784802095,0.03333333333333333,0.0,-0.0
1744722066.9907095,0.0,-93.0,288.0,,0.028444264057629454,0.048,-1.3294527784802095,0.03333333333333333,0.0,-0.0
1744722067.241663,0.0,-93.0,288.0,,0.028444264057629454,0.048,-1.3294527784802095,0.03333333333333333,0.0,-0.0
1744722067.5423353,0.0,-93.0,288.0,,0.028444264057629454,0.048,-1.3294527784802095,0.03333333333333333,0.0,-0.0
1744722067.7985864,0.0,-93.0,288.0,,0.028444264057629454,0.048,-1.3294527784802095,0.03333333333333333,0.0,-0.0
1744722068.0419202,0.0,-93.0,288.0,,0.028444264057629454,0.048,-1.3294527784802095,0.03333333333333333,0.0,-0.0
1744722068.28076,0.0,-93.0,288.0,,0.028444264057629454,0.048,-1.3294527784802095,0.03333333333333333,0.0,-0.0
1744722068.5215342,0.0,-93.0,288.0,,0.028444264057629454,0.048,-1.3294527784802095,0.03333333333333333,0.0,-0.0
1744722068.752752,0.0,-93.0,288.0,,0.028444264057629454,0.048,-1.3294527784802095,0.03333333333333333,0.0,-0.0
1744722068.9692357,0.0,-93.0,288.0,,0.028444264057629454,0.048,-1.3294527784802095,0.03333333333333333,0.0,-0.0
1744722069.190529,0.0,-93.0,288.0,,0.028444264057629454,0.048,-1.3294527784802095,0.03333333333333333,0.0,-0.0
1744722069.4978337,0.0,-93.0,288.0,,0.028444264057629454,0.048,-1.3294527784802095,0.03333333333333333,0.0,-0.0
1744722069.7665665,0.0,-93.0,288.0,,0.028444264057629454,0.048,-1.3294527784802095,0.03333333333333333,0.0,-0.0
1744722070.0165355,0.0,-93.0,288.0,,0.028444264057629454,0.048,-1.3294527784802095,0.03333333333333333,0.0,-0.0
1744722070.2637825,0.0,-93.0,288.0,,0.028444264057629454,0.048,-1.3294527784802095,0.03333333333333333,0.0,-0.0
1744722070.514186,0.0,-93.0,288.0,,0.028444264057629454,0.048,-1.3294527784802095,0.03333333333333333,0.0,-0.0
1744722070.762388,0.0,-93.0,288.0,,0.028444264057629454,0.048,-1.3294527784802095,0.03333333333333333,0.0,-0.0
1744722070.9974525,0.0,-93.0,288.0,,0.028444264057629454,0.048,-1.3294527784802095,0.03333333333333333,0.0,-0.0
1744722071.2176528,0.0,-93.0,288.0,,0.028444264057629454,0.048,-1.3294527784802095,0.03333333333333333,0.0,-0.0
1744722071.4335413,0.0,-93.0,288.0,,0.028444264057629454,0.048,-1.3294527784802095,0.03333333333333333,0.0,-0.0
1744722071.637607,0.0,-93.0,288.0,,0.028444264057629454,0.048,-1.3294527784802095,0.03333333333333333,0.0,-0.0
1744722071.8444057,0.0,-93.0,288.0,,0.028444264057629454,0.048,-1.3294527784802095,0.03333333333333333,0.0,-0.0
1744722072.0613635,0.0,-93.0,288.0,,0.028444264057629454,0.048,-1.3294527784802095,0.03333333333333333,0.0,-0.0
1744722072.2869945,0.0,-93.0,288.0,,0.028444264057629454,0.048,-1.3294527784802095,0.03333333333333333,0.0,-0.0
1744722072.5099971,0.0,-93.0,288.0,,0.028444264057629454,0.048,-1.3294527784802095,0.03333333333333333,0.0,-0.0
1744722072.7364283,0.0,-93.0,288.0,,0.028444264057629454,0.048,-1.3294527784802095,0.03333333333333333,0.0,-0.0
1744722072.9491773,0.0,-93.0,288.0,,0.028444264057629454,0.048,-1.3294527784802095,0.03333333333333333,0.0,-0.0
1744722073.1582232,0.0,-93.0,288.0,,0.028444264057629454,0.048,-1.3294527784802095,0.03333333333333333,0.0,-0.0
1744722073.3698118,0.0,-93.0,288.0,,0.028444264057629454,0.048,-1.3294527784802095,0.03333333333333333,0.0,-0.0
1744722073.5705528,0.0,-93.0,288.0,,0.028444264057629454,0.048,-1.3294527784802095,0.03333333333333333,0.0,-0.0
1744722073.7725728,0.0,-93.0,288.0,,0.028444264057629454,0.048,-1.3294527784802095,0.03333333333333333,0.0,-0.0
1744722073.9749873,0.0,-93.0,288.0,,0.028444264057629454,0.048,-1.3294527784802095,0.03333333333333333,0.0,-0.0
1744722074.184693,0.0,-93.0,288.0,,0.028444264057629454,0.048,-1.3294527784802095,0.03333333333333333,0.0,-0.0
1744722074.3919668,0.0,-93.0,288.0,,0.028444264057629454,0.048,-1.3294527784802095,0.03333333333333333,0.0,-0.0
1744722074.5917542,0.0,-93.0,288.0,,0.028444264057629454,0.048,-1.3294527784802095,0.03333333333333333,0.0,-0.0
1744722074.7943137,0.0,-93.0,288.0,,0.028444264057629454,0.048,-1.3294527784802095,0.03333333333333333,0.0,-0.0
1744722074.9954624,0.0,-93.0,288.0,,0.028444264057629454,0.048,-1.3294527784802095,0.03333333333333333,0.0,-0.0
1744722075.202814,0.0,-93.0,288.0,,0.028444264057629454,0.048,-1.3294527784802095,0.03333333333333333,0.0,-0.0
1744722075.408875,0.0,-93.0,288.0,,0.028444264057629454,0.048,-1.3294527784802095,0.03333333333333333,0.0,-0.0
1744722075.6129088,0.0,-93.0,288.0,,0.028444264057629454,0.048,-1.3294527784802095,0.03333333333333333,0.0,-0.0
1744722075.821083,0.0,-93.0,288.0,,0.028444264057629454,0.048,-1.3294527784802095,0.03333333333333333,0.0,-0.0
1744722076.0249424,0.0,-93.0,288.0,,0.028444264057629454,0.048,-1.3294527784802095,0.03333333333333333,0.0,-0.0
1744722076.2327836,0.0,-93.0,288.0,,0.028444264057629454,0.048,-1.3294527784802095,0.03333333333333333,0.0,-0.0
1744722076.4412677,0.0,-93.0,288.0,,0.028444264057629454,0.048,-1.3294527784802095,0.03333333333333333,0.0,-0.0
1744722076.6499555,0.0,-93.0,288.0,,0.028444264057629454,0.048,-1.3294527784802095,0.03333333333333333,0.0,-0.0
1744722076.8569956,0.0,-93.0,288.0,,0.028444264057629454,0.048,-1.3294527784802095,0.03333333333333333,0.0,-0.0
1744722077.059908,0.0,-93.0,288.0,,0.028444264057629454,0.048,-1.3294527784802095,0.03333333333333333,0.0,-0.0
1744722077.2664912,0.0,-93.0,288.0,,0.028444264057629454,0.048,-1.3294527784802095,0.03333333333333333,0.0,-0.0
1744722077.474304,0.0,-93.0,288.0,,0.028444264057629454,0.048,-1.3294527784802095,0.03333333333333333,0.0,-0.0
1744722077.6755202,0.0,-93.0,288.0,,0.028444264057629454,0.048,-1.3294527784802095,0.03333333333333333,0.0,-0.0
1744722077.9041502,0.0,-93.0,288.0,,0.028444264057629454,0.048,-1.3294527784802095,0.03333333333333333,0.0,-0.0
1744722078.1163845,0.0,-93.0,288.0,,0.028444264057629454,0.048,-1.3294527784802095,0.03333333333333333,0.0,-0.0
1744722078.3856285,0.0,-93.0,288.0,,0.028444264057629454,0.048,-1.3294527784802095,0.03333333333333333,0.0,-0.0
1744722078.6240523,0.0,-93.0,288.0,,0.028444264057629454,0.048,-1.3294527784802095,0.03333333333333333,0.0,-0.0
1744722078.8604662,0.0,-93.0,288.0,,0.028444264057629454,0.048,-1.3294527784802095,0.03333333333333333,0.0,-0.0
1744722079.1345417,0.0,-93.0,288.0,,0.028444264057629454,0.048,-1.3294527784802095,0.03333333333333333,0.0,-0.0
1744722079.359774,0.0,-93.0,288.0,,0.028444264057629454,0.048,-1.3294527784802095,0.03333333333333333,0.0,-0.0
1744722079.570503,0.0,-93.0,288.0,,0.028444264057629454,0.048,-1.3294527784802095,0.03333333333333333,0.0,-0.0
1744722079.7794151,0.0,-93.0,288.0,,0.028444264057629454,0.048,-1.3294527784802095,0.03333333333333333,0.0,-0.0
1744722079.9900582,0.0,-93.0,288.0,,0.028444264057629454,0.048,-1.3294527784802095,0.03333333333333333,0.0,-0.0
1744722080.202302,0.0,-93.0,288.0,,0.028444264057629454,0.048,-1.3294527784802095,0.03333333333333333,0.0,-0.0
1744722080.4065115,0.0,-93.0,288.0,,0.028444264057629454,0.048,-1.3294527784802095,0.03333333333333333,0.0,-0.0
1744722080.6103642,0.0,-93.0,288.0,,0.028444264057629454,0.048,-1.3294527784802095,0.03333333333333333,0.0,-0.0
1744722080.849004,0.0,-93.0,288.0,,0.028444264057629454,0.048,-1.3294527784802095,0.03333333333333333,0.0,-0.0
1744722081.087477,0.0,-93.0,288.0,,0.028444264057629454,0.048,-1.3294527784802095,0.03333333333333333,0.0,-0.0
1744722081.3096216,0.0,-93.0,288.0,,0.028444264057629454,0.048,-1.3294527784802095,0.03333333333333333,0.0,-0.0
1744722081.5330126,0.0,-93.0,288.0,,0.028444264057629454,0.048,-1.3294527784802095,0.03333333333333333,0.0,-0.0
1744722081.7746937,0.0,-93.0,288.0,,0.028444264057629454,0.048,-1.3294527784802095,0.03333333333333333,0.0,-0.0
1744722082.020995,0.0,-93.0,288.0,,0.028444264057629454,0.048,-1.3294527784802095,0.03333333333333333,0.0,-0.0
1744722082.2517245,0.0,-93.0,288.0,,0.028444264057629454,0.048,-1.3294527784802095,0.03333333333333333,0.0,-0.0
1744722082.4889445,0.0,-93.0,288.0,,0.028444264057629454,0.048,-1.3294527784802095,0.03333333333333333,0.0,-0.0
1744722082.7207923,0.0,-93.0,288.0,,0.028444264057629454,0.048,-1.3294527784802095,0.03333333333333333,0.0,-0.0
1744722082.944545,0.0,-93.0,288.0,,0.028444264057629454,0.048,-1.3294527784802095,0.03333333333333333,0.0,-0.0
1744722083.162521,0.0,-93.0,288.0,,0.028444264057629454,0.048,-1.3294527784802095,0.03333333333333333,0.0,-0.0
1744722083.376267,0.0,-93.0,288.0,,0.028444264057629454,0.048,-1.3294527784802095,0.03333333333333333,0.0,-0.0
1744722083.5853457,0.0,-93.0,288.0,,0.028444264057629454,0.048,-1.3294527784802095,0.03333333333333333,0.0,-0.0
1744722083.80116,0.0,-93.0,288.0,,0.028444264057629454,0.048,-1.3294527784802095,0.03333333333333333,0.0,-0.0
1744722084.0111203,0.0,-93.0,288.0,,0.028444264057629454,0.048,-1.3294527784802095,0.03333333333333333,0.0,-0.0
1744722084.2220218,0.0,-93.0,288.0,,0.028444264057629454,0.048,-1.3294527784802095,0.03333333333333333,0.0,-0.0
1744722084.4361637,0.0,-93.0,288.0,,0.028444264057629454,0.048,-1.3294527784802095,0.03333333333333333,0.0,-0.0
1744722084.6339152,0.0,-93.0,288.0,,0.028444264057629454,0.048,-1.3294527784802095,0.03333333333333333,0.0,-0.0
1744722084.8437614,0.0,-93.0,288.0,,0.028444264057629454,0.048,-1.3294527784802095,0.03333333333333333,0.0,-0.0
1744722085.0663264,0.0,-93.0,288.0,,0.028444264057629454,0.048,-1.3294527784802095,0.03333333333333333,0.0,-0.0
1744722085.286283,0.0,-93.0,288.0,,0.028444264057629454,0.048,-1.3294527784802095,0.03333333333333333,0.0,-0.0
1744722085.4924355,0.0,-93.0,288.0,,0.028444264057629454,0.048,-1.3294527784802095,0.03333333333333333,0.0,-0.0
1744722085.6955307,0.0,-93.0,288.0,,0.028444264057629454,0.048,-1.3294527784802095,0.03333333333333333,0.0,-0.0
1744722085.8977835,0.0,-93.0,288.0,,0.028444264057629454,0.048,-1.3294527784802095,0.03333333333333333,0.0,-0.0
1744722086.0925546,0.0,-93.0,288.0,,0.028444264057629454,0.048,-1.3294527784802095,0.03333333333333333,0.0,-0.0
1744722086.3092809,0.0,-93.0,288.0,,0.028444264057629454,0.048,-1.3294527784802095,0.03333333333333333,0.0,-0.0
1744722086.5199506,0.0,-93.0,288.0,,0.028444264057629454,0.048,-1.3294527784802095,0.03333333333333333,0.0,-0.0
1744722086.7242835,0.0,-93.0,288.0,,0.028444264057629454,0.048,-1.3294527784802095,0.03333333333333333,0.0,-0.0
1744722086.9301054,0.0,-93.0,288.0,,0.028444264057629454,0.048,-1.3294527784802095,0.03333333333333333,0.0,-0.0
1744722087.1256955,0.0,-93.0,288.0,,0.028444264057629454,0.048,-1.3294527784802095,0.03333333333333333,0.0,-0.0
1744722087.3354316,0.0,-93.0,288.0,,0.028444264057629454,0.048,-1.3294527784802095,0.03333333333333333,0.0,-0.0
1744722087.5432382,0.0,-93.0,288.0,,0.028444264057629454,0.048,-1.3294527784802095,0.03333333333333333,0.0,-0.0
1744722087.7760198,0.0,-93.0,288.0,,0.028444264057629454,0.048,-1.3294527784802095,0.03333333333333333,0.0,-0.0
1744722087.9948955,0.0,-93.0,288.0,,0.028444264057629454,0.048,-1.3294527784802095,0.03333333333333333,0.0,-0.0
1744722088.2090316,0.0,-93.0,288.0,,0.028444264057629454,0.048,-1.3294527784802095,0.03333333333333333,0.0,-0.0
1744722088.4321163,0.0,-93.0,288.0,,0.028444264057629454,0.048,-1.3294527784802095,0.03333333333333333,0.0,-0.0
1744722088.64437,0.0,-93.0,288.0,,0.028444264057629454,0.048,-1.3294527784802095,0.03333333333333333,0.0,-0.0
1744722088.8476708,0.0,-93.0,288.0,,0.028444264057629454,0.048,-1.3294527784802095,0.03333333333333333,0.0,-0.0
1744722089.065468,0.0,-93.0,288.0,,0.028444264057629454,0.048,-1.3294527784802095,0.03333333333333333,0.0,-0.0
1744722089.273226,0.0,-93.0,288.0,,0.028444264057629454,0.048,-1.3294527784802095,0.03333333333333333,0.0,-0.0
1744722089.5099046,0.0,-93.0,288.0,,0.028444264057629454,0.048,-1.3294527784802095,0.03333333333333333,0.0,-0.0
1744722089.7765846,0.0,-93.0,288.0,,0.028444264057629454,0.048,-1.3294527784802095,0.03333333333333333,0.0,-0.0
1744722090.07654,0.0,-93.0,288.0,,0.028444264057629454,0.048,-1.3294527784802095,0.03333333333333333,0.0,-0.0
1744722090.3521402,0.0,-93.0,288.0,,0.028444264057629454,0.048,-1.3294527784802095,0.03333333333333333,0.0,-0.0
1744722090.6025681,0.0,-93.0,288.0,,0.028444264057629454,0.048,-1.3294527784802095,0.03333333333333333,0.0,-0.0
1744722090.8429382,0.0,-93.0,288.0,,0.028444264057629454,0.048,-1.3294527784802095,0.03333333333333333,0.0,-0.0
1744722091.07494,0.0,-93.0,288.0,,0.028444264057629454,0.048,-1.3294527784802095,0.03333333333333333,0.0,-0.0
1744722091.2949438,0.0,-93.0,288.0,,0.028444264057629454,0.048,-1.3294527784802095,0.03333333333333333,0.0,-0.0
1744722091.50604,0.0,-93.0,288.0,,0.028444264057629454,0.048,-1.3294527784802095,0.03333333333333333,0.0,-0.0
1744722091.710661,0.0,-93.0,288.0,,0.028444264057629454,0.048,-1.3294527784802095,0.03333333333333333,0.0,-0.0
1744722091.9154818,0.0,-93.0,288.0,,0.028444264057629454,0.048,-1.3294527784802095,0.03333333333333333,0.0,-0.0
1744722092.1292598,0.0,-93.0,288.0,,0.028444264057629454,0.048,-1.3294527784802095,0.03333333333333333,0.0,-0.0
1744722092.3840604,0.0,-93.0,288.0,,0.028444264057629454,0.048,-1.3294527784802095,0.03333333333333333,0.0,-0.0
1744722092.7200177,0.0,-93.0,288.0,,0.028444264057629454,0.048,-1.3294527784802095,0.03333333333333333,0.0,-0.0
1744722093.0550106,0.0,-93.0,288.0,,0.028444264057629454,0.048,-1.3294527784802095,0.03333333333333333,0.0,-0.0
1744722093.313552,0.0,-93.0,288.0,,0.028444264057629454,0.048,-1.3294527784802095,0.03333333333333333,0.0,-0.0
1744722093.5453188,0.0,-93.0,288.0,,0.028444264057629454,0.048,-1.3294527784802095,0.03333333333333333,0.0,-0.0
1744722093.7822137,0.0,-93.0,288.0,,0.028444264057629454,0.048,-1.3294527784802095,0.03333333333333333,0.0,-0.0
1744722094.0326161,0.0,-93.0,288.0,,0.028444264057629454,0.048,-1.3294527784802095,0.03333333333333333,0.0,-0.0
1744722094.271918,0.0,-93.0,288.0,,0.028444264057629454,0.048,-1.3294527784802095,0.03333333333333333,0.0,-0.0
1744722094.5045743,0.0,-93.0,288.0,,0.028444264057629454,0.048,-1.3294527784802095,0.03333333333333333,0.0,-0.0
1744722094.7413492,0.0,-93.0,288.0,,0.028444264057629454,0.048,-1.3294527784802095,0.03333333333333333,0.0,-0.0
1744722094.984352,0.0,-93.0,288.0,,0.028444264057629454,0.048,-1.3294527784802095,0.03333333333333333,0.0,-0.0
1744722095.2362754,0.0,-93.0,288.0,,0.028444264057629454,0.048,-1.3294527784802095,0.03333333333333333,0.0,-0.0
1744722095.4748888,0.0,-93.0,288.0,,0.028444264057629454,0.048,-1.3294527784802095,0.03333333333333333,0.0,-0.0
1744722095.7108178,0.0,-93.0,288.0,,0.028444264057629454,0.048,-1.3294527784802095,0.03333333333333333,0.0,-0.0
1744722095.9277475,0.0,-93.0,288.0,,0.028444264057629454,0.048,-1.3294527784802095,0.03333333333333333,0.0,-0.0
1744722096.134763,0.0,-93.0,288.0,,0.028444264057629454,0.048,-1.3294527784802095,0.03333333333333333,0.0,-0.0
1744722096.3447952,0.0,-93.0,288.0,,0.028444264057629454,0.048,-1.3294527784802095,0.03333333333333333,0.0,-0.0
1744722096.5642104,0.0,-93.0,288.0,,0.028444264057629454,0.048,-1.3294527784802095,0.03333333333333333,0.0,-0.0
1744722096.772053,0.0,-93.0,288.0,,0.028444264057629454,0.048,-1.3294527784802095,0.03333333333333333,0.0,-0.0
1744722096.9773054,0.0,-93.0,288.0,,0.028444264057629454,0.048,-1.3294527784802095,0.03333333333333333,0.0,-0.0
1744722097.2017505,0.0,-93.0,288.0,,0.028444264057629454,0.048,-1.3294527784802095,0.03333333333333333,0.0,-0.0
1744722097.4161475,0.0,-93.0,288.0,,0.028444264057629454,0.048,-1.3294527784802095,0.03333333333333333,0.0,-0.0
1744722097.647682,0.0,-93.0,288.0,,0.028444264057629454,0.048,-1.3294527784802095,0.03333333333333333,0.0,-0.0
1744722097.8810494,0.0,-93.0,288.0,,0.028444264057629454,0.048,-1.3294527784802095,0.03333333333333333,0.0,-0.0
1744722098.1212766,0.0,-93.0,288.0,,0.028444264057629454,0.048,-1.3294527784802095,0.03333333333333333,0.0,-0.0
1744722098.3664792,0.0,-93.0,288.0,,0.028444264057629454,0.048,-1.3294527784802095,0.03333333333333333,0.0,-0.0
1744722098.6010997,0.0,-93.0,288.0,,0.028444264057629454,0.048,-1.3294527784802095,0.03333333333333333,0.0,-0.0
1744722098.8377619,0.0,-93.0,288.0,,0.028444264057629454,0.048,-1.3294527784802095,0.03333333333333333,0.0,-0.0
1744722099.066756,0.0,-93.0,288.0,,0.028444264057629454,0.048,-1.3294527784802095,0.03333333333333333,0.0,-0.0
1744722099.2860963,0.0,-93.0,288.0,,0.028444264057629454,0.048,-1.3294527784802095,0.03333333333333333,0.0,-0.0
1744722099.5112433,0.0,-93.0,288.0,,0.028444264057629454,0.048,-1.3294527784802095,0.03333333333333333,0.0,-0.0
1744722099.7245057,0.0,-93.0,288.0,,0.028444264057629454,0.048,-1.3294527784802095,0.03333333333333333,0.0,-0.0
1744722099.9396322,0.0,-93.0,288.0,,0.028444264057629454,0.048,-1.3294527784802095,0.03333333333333333,0.0,-0.0
1744722100.1527872,0.0,-93.0,288.0,,0.028444264057629454,0.048,-1.3294527784802095,0.03333333333333333,0.0,-0.0
1744722100.363273,0.0,-93.0,288.0,,0.028444264057629454,0.048,-1.3294527784802095,0.03333333333333333,0.0,-0.0
1744722100.5731566,0.0,-93.0,288.0,,0.028444264057629454,0.048,-1.3294527784802095,0.03333333333333333,0.0,-0.0
1744722100.787865,0.0,-93.0,288.0,,0.028444264057629454,0.048,-1.3294527784802095,0.03333333333333333,0.0,-0.0
1744722101.003415,0.0,-93.0,288.0,,0.028444264057629454,0.048,-1.3294527784802095,0.03333333333333333,0.0,-0.0
1744722101.2104876,0.0,-93.0,288.0,,0.028444264057629454,0.048,-1.3294527784802095,0.03333333333333333,0.0,-0.0
1744722101.413067,0.0,-93.0,288.0,,0.028444264057629454,0.048,-1.3294527784802095,0.03333333333333333,0.0,-0.0
1744722101.620285,0.0,-93.0,288.0,,0.028444264057629454,0.048,-1.3294527784802095,0.03333333333333333,0.0,-0.0
1744722101.8321834,0.0,-93.0,288.0,,0.028444264057629454,0.048,-1.3294527784802095,0.03333333333333333,0.0,-0.0
1744722102.0440211,0.0,-93.0,288.0,,0.028444264057629454,0.048,-1.3294527784802095,0.03333333333333333,0.0,-0.0
1744722102.2531822,0.0,-93.0,288.0,,0.028444264057629454,0.048,-1.3294527784802095,0.03333333333333333,0.0,-0.0
1744722102.4672182,0.0,-93.0,288.0,,0.028444264057629454,0.048,-1.3294527784802095,0.03333333333333333,0.0,-0.0
1744722102.6750402,0.0,-93.0,288.0,,0.028444264057629454,0.048,-1.3294527784802095,0.03333333333333333,0.0,-0.0
1744722102.891097,0.0,-93.0,288.0,,0.028444264057629454,0.048,-1.3294527784802095,0.03333333333333333,0.0,-0.0
1744722103.0982528,0.0,-93.0,288.0,,0.028444264057629454,0.048,-1.3294527784802095,0.03333333333333333,0.0,-0.0
1744722103.3069177,0.0,-93.0,288.0,,0.028444264057629454,0.048,-1.3294527784802095,0.03333333333333333,0.0,-0.0
1744722103.519174,0.0,-93.0,288.0,,0.028444264057629454,0.048,-1.3294527784802095,0.03333333333333333,0.0,-0.0
1744722103.7530441,0.0,-93.0,288.0,,0.028444264057629454,0.048,-1.3294527784802095,0.03333333333333333,0.0,-0.0
1744722103.9795835,0.0,-93.0,288.0,,0.028444264057629454,0.048,-1.3294527784802095,0.03333333333333333,0.0,-0.0
1744722104.1900642,0.0,-93.0,288.0,,0.028444264057629454,0.048,-1.3294527784802095,0.03333333333333333,0.0,-0.0
1744722104.4139125,0.0,-93.0,288.0,,0.028444264057629454,0.048,-1.3294527784802095,0.03333333333333333,0.0,-0.0
1744722104.6246526,0.0,-93.0,288.0,,0.028444264057629454,0.048,-1.3294527784802095,0.03333333333333333,0.0,-0.0
1744722104.8702304,0.0,-93.0,288.0,,0.028444264057629454,0.048,-1.3294527784802095,0.03333333333333333,0.0,-0.0
1744722105.0953028,0.0,-93.0,288.0,,0.028444264057629454,0.048,-1.3294527784802095,0.03333333333333333,0.0,-0.0
1744722105.31013,0.0,-93.0,288.0,,0.028444264057629454,0.048,-1.3294527784802095,0.03333333333333333,0.0,-0.0
1744722105.5195546,0.0,-93.0,288.0,,0.028444264057629454,0.048,-1.3294527784802095,0.03333333333333333,0.0,-0.0
1744722105.722997,0.0,-93.0,288.0,,0.028444264057629454,0.048,-1.3294527784802095,0.03333333333333333,0.0,-0.0
1744722105.9245617,0.0,-93.0,288.0,,0.028444264057629454,0.048,-1.3294527784802095,0.03333333333333333,0.0,-0.0
1744722106.123558,0.0,-93.0,288.0,,0.028444264057629454,0.048,-1.3294527784802095,0.03333333333333333,0.0,-0.0
1744722106.334418,0.0,-93.0,288.0,,0.028444264057629454,0.048,-1.3294527784802095,0.03333333333333333,0.0,-0.0
1744722106.5416794,0.0,-93.0,288.0,,0.028444264057629454,0.048,-1.3294527784802095,0.03333333333333333,0.0,-0.0
1744722106.7531118,0.0,-93.0,288.0,,0.028444264057629454,0.048,-1.3294527784802095,0.03333333333333333,0.0,-0.0
1744722106.9600549,0.0,-93.0,288.0,,0.028444264057629454,0.048,-1.3294527784802095,0.03333333333333333,0.0,-0.0
1744722107.1695669,0.0,-93.0,288.0,,0.028444264057629454,0.048,-1.3294527784802095,0.03333333333333333,0.0,-0.0
1744722107.3827887,0.0,-93.0,288.0,,0.028444264057629454,0.048,-1.3294527784802095,0.03333333333333333,0.0,-0.0
1744722107.589184,0.0,-93.0,288.0,,0.028444264057629454,0.048,-1.3294527784802095,0.03333333333333333,0.0,-0.0
1744722107.7907505,0.0,-93.0,288.0,,0.028444264057629454,0.048,-1.3294527784802095,0.03333333333333333,0.0,-0.0
1744722107.9873648,0.0,-93.0,288.0,,0.028444264057629454,0.048,-1.3294527784802095,0.03333333333333333,0.0,-0.0
1744722108.1836412,0.0,-93.0,288.0,,0.028444264057629454,0.048,-1.3294527784802095,0.03333333333333333,0.0,-0.0
1744722108.3900692,0.0,-93.0,288.0,,0.028444264057629454,0.048,-1.3294527784802095,0.03333333333333333,0.0,-0.0
1744722108.608987,0.0,-93.0,288.0,,0.028444264057629454,0.048,-1.3294527784802095,0.03333333333333333,0.0,-0.0
1744722108.8188035,0.0,-93.0,288.0,,0.028444264057629454,0.048,-1.3294527784802095,0.03333333333333333,0.0,-0.0
1744722109.0210211,0.0,-93.0,288.0,,0.028444264057629454,0.048,-1.3294527784802095,0.03333333333333333,0.0,-0.0
1744722109.218562,0.0,-93.0,288.0,,0.028444264057629454,0.048,-1.3294527784802095,0.03333333333333333,0.0,-0.0
1744722109.4194462,0.0,-93.0,288.0,,0.028444264057629454,0.048,-1.3294527784802095,0.03333333333333333,0.0,-0.0
1744722109.623015,0.0,-93.0,288.0,,0.028444264057629454,0.048,-1.3294527784802095,0.03333333333333333,0.0,-0.0
1744722109.8258536,0.0,-93.0,288.0,,0.028444264057629454,0.048,-1.3294527784802095,0.03333333333333333,0.0,-0.0
1744722110.0234275,0.0,-93.0,288.0,,0.028444264057629454,0.048,-1.3294527784802095,0.03333333333333333,0.0,-0.0
1744722110.221925,0.0,-93.0,288.0,,0.028444264057629454,0.048,-1.3294527784802095,0.03333333333333333,0.0,-0.0
1744722110.4312458,0.0,-93.0,288.0,,0.028444264057629454,0.048,-1.3294527784802095,0.03333333333333333,0.0,-0.0
1744722110.6435082,0.0,-93.0,288.0,,0.028444264057629454,0.048,-1.3294527784802095,0.03333333333333333,0.0,-0.0
1744722110.846448,0.0,-93.0,288.0,,0.028444264057629454,0.048,-1.3294527784802095,0.03333333333333333,0.0,-0.0
1744722111.042708,0.0,-93.0,288.0,,0.028444264057629454,0.048,-1.3294527784802095,0.03333333333333333,0.0,-0.0
1744722111.2483494,0.0,-93.0,288.0,,0.028444264057629454,0.048,-1.3294527784802095,0.03333333333333333,0.0,-0.0
1744722111.4584517,0.0,-93.0,288.0,,0.028444264057629454,0.048,-1.3294527784802095,0.03333333333333333,0.0,-0.0
1744722111.6675622,0.0,-93.0,288.0,,0.028444264057629454,0.048,-1.3294527784802095,0.03333333333333333,0.0,-0.0
1744722111.8717601,0.0,-93.0,288.0,,0.028444264057629454,0.048,-1.3294527784802095,0.03333333333333333,0.0,-0.0
1744722112.0743685,0.0,-93.0,288.0,,0.028444264057629454,0.048,-1.3294527784802095,0.03333333333333333,0.0,-0.0
1744722112.2731717,0.0,-93.0,288.0,,0.028444264057629454,0.048,-1.3294527784802095,0.03333333333333333,0.0,-0.0
1744722112.4905229,0.0,-93.0,288.0,,0.028444264057629454,0.048,-1.3294527784802095,0.03333333333333333,0.0,-0.0
1744722112.70486,0.0,-93.0,288.0,,0.028444264057629454,0.048,-1.3294527784802095,0.03333333333333333,0.0,-0.0
1744722112.9168005,0.0,-93.0,288.0,,0.028444264057629454,0.048,-1.3294527784802095,0.03333333333333333,0.0,-0.0
1744722113.130614,0.0,-93.0,288.0,,0.028444264057629454,0.048,-1.3294527784802095,0.03333333333333333,0.0,-0.0
1744722113.3425925,0.0,-93.0,288.0,,0.028444264057629454,0.048,-1.3294527784802095,0.03333333333333333,0.0,-0.0
1744722113.5569952,0.0,-93.0,288.0,,0.028444264057629454,0.048,-1.3294527784802095,0.03333333333333333,0.0,-0.0
1744722113.7660675,0.0,-93.0,288.0,,0.028444264057629454,0.048,-1.3294527784802095,0.03333333333333333,0.0,-0.0
1744722113.9712248,0.0,-93.0,288.0,,0.028444264057629454,0.048,-1.3294527784802095,0.03333333333333333,0.0,-0.0
1744722114.1754706,0.0,-93.0,288.0,,0.028444264057629454,0.048,-1.3294527784802095,0.03333333333333333,0.0,-0.0
1744722114.3928883,0.0,-93.0,288.0,,0.028444264057629454,0.048,-1.3294527784802095,0.03333333333333333,0.0,-0.0
1744722114.60913,0.0,-93.0,288.0,,0.028444264057629454,0.048,-1.3294527784802095,0.03333333333333333,0.0,-0.0
1744722114.834187,0.0,-93.0,288.0,,0.028444264057629454,0.048,-1.3294527784802095,0.03333333333333333,0.0,-0.0
1744722115.0556529,0.0,-93.0,288.0,,0.028444264057629454,0.048,-1.3294527784802095,0.03333333333333333,0.0,-0.0
1744722115.2651699,0.0,-93.0,288.0,,0.028444264057629454,0.048,-1.3294527784802095,0.03333333333333333,0.0,-0.0
1744722115.4786608,0.0,-93.0,288.0,,0.028444264057629454,0.048,-1.3294527784802095,0.03333333333333333,0.0,-0.0
1744722115.6861043,0.0,-93.0,288.0,,0.028444264057629454,0.048,-1.3294527784802095,0.03333333333333333,0.0,-0.0
1744722115.8910913,0.0,-93.0,288.0,,0.028444264057629454,0.048,-1.3294527784802095,0.03333333333333333,0.0,-0.0
1744722116.096275,0.0,-93.0,288.0,,0.028444264057629454,0.048,-1.3294527784802095,0.03333333333333333,0.0,-0.0
1744722116.3037207,0.0,-93.0,288.0,,0.028444264057629454,0.048,-1.3294527784802095,0.03333333333333333,0.0,-0.0
1744722116.5113347,0.0,-93.0,288.0,,0.028444264057629454,0.048,-1.3294527784802095,0.03333333333333333,0.0,-0.0
1744722116.712983,0.0,-93.0,288.0,,0.028444264057629454,0.048,-1.3294527784802095,0.03333333333333333,0.0,-0.0
1744722116.9266467,0.0,-93.0,288.0,,0.028444264057629454,0.048,-1.3294527784802095,0.03333333333333333,0.0,-0.0
1744722117.1293962,0.0,-93.0,288.0,,0.028444264057629454,0.048,-1.3294527784802095,0.03333333333333333,0.0,-0.0
1744722117.330413,0.0,-93.0,288.0,,0.028444264057629454,0.048,-1.3294527784802095,0.03333333333333333,0.0,-0.0
1744722117.533648,0.0,-93.0,288.0,,0.028444264057629454,0.048,-1.3294527784802095,0.03333333333333333,0.0,-0.0
1744722117.7414544,0.0,-93.0,288.0,,0.028444264057629454,0.048,-1.3294527784802095,0.03333333333333333,0.0,-0.0
1744722117.960616,0.0,-93.0,288.0,,0.028444264057629454,0.048,-1.3294527784802095,0.03333333333333333,0.0,-0.0
1744722118.1597004,0.0,-93.0,288.0,,0.028444264057629454,0.048,-1.3294527784802095,0.03333333333333333,0.0,-0.0
1744722118.3646657,0.0,-93.0,288.0,,0.028444264057629454,0.048,-1.3294527784802095,0.03333333333333333,0.0,-0.0
1744722118.5782807,0.0,-93.0,288.0,,0.028444264057629454,0.048,-1.3294527784802095,0.03333333333333333,0.0,-0.0
1744722118.7796562,0.0,-93.0,288.0,,0.028444264057629454,0.048,-1.3294527784802095,0.03333333333333333,0.0,-0.0
1744722118.9790385,0.0,-93.0,288.0,,0.028444264057629454,0.048,-1.3294527784802095,0.03333333333333333,0.0,-0.0
1744722119.1836238,0.0,-93.0,288.0,,0.028444264057629454,0.048,-1.3294527784802095,0.03333333333333333,0.0,-0.0
1744722119.389445,0.0,-93.0,288.0,,0.028444264057629454,0.048,-1.3294527784802095,0.03333333333333333,0.0,-0.0
1744722119.5950358,0.0,-93.0,288.0,,0.028444264057629454,0.048,-1.3294527784802095,0.03333333333333333,0.0,-0.0
1744722119.7990842,0.0,-93.0,288.0,,0.028444264057629454,0.048,-1.3294527784802095,0.03333333333333333,0.0,-0.0
1744722119.9990292,0.0,-93.0,288.0,,0.028444264057629454,0.048,-1.3294527784802095,0.03333333333333333,0.0,-0.0
1744722120.2024353,0.0,-93.0,288.0,,0.028444264057629454,0.048,-1.3294527784802095,0.03333333333333333,0.0,-0.0
1744722120.4012127,0.0,-93.0,288.0,,0.028444264057629454,0.048,-1.3294527784802095,0.03333333333333333,0.0,-0.0
1744722120.6046047,0.0,-93.0,288.0,,0.028444264057629454,0.048,-1.3294527784802095,0.03333333333333333,0.0,-0.0
1744722120.8166916,0.0,-93.0,288.0,,0.028444264057629454,0.048,-1.3294527784802095,0.03333333333333333,0.0,-0.0
1744722121.0203106,0.0,-93.0,288.0,,0.028444264057629454,0.048,-1.3294527784802095,0.03333333333333333,0.0,-0.0
1744722121.227137,0.0,-93.0,288.0,,0.028444264057629454,0.048,-1.3294527784802095,0.03333333333333333,0.0,-0.0
1744722121.4363723,0.0,-93.0,288.0,,0.028444264057629454,0.048,-1.3294527784802095,0.03333333333333333,0.0,-0.0
1744722121.644741,0.0,-93.0,288.0,,0.028444264057629454,0.048,-1.3294527784802095,0.03333333333333333,0.0,-0.0
1744722121.856465,0.0,-93.0,288.0,,0.028444264057629454,0.048,-1.3294527784802095,0.03333333333333333,0.0,-0.0
1744722122.0602813,0.0,-93.0,288.0,,0.028444264057629454,0.048,-1.3294527784802095,0.03333333333333333,0.0,-0.0
1744722122.2664814,0.0,-93.0,288.0,,0.028444264057629454,0.048,-1.3294527784802095,0.03333333333333333,0.0,-0.0
1744722122.47322,0.0,-93.0,288.0,,0.028444264057629454,0.048,-1.3294527784802095,0.03333333333333333,0.0,-0.0
1744722122.6784368,0.0,-93.0,288.0,,0.028444264057629454,0.048,-1.3294527784802095,0.03333333333333333,0.0,-0.0
1744722122.8866286,0.0,-93.0,288.0,,0.028444264057629454,0.048,-1.3294527784802095,0.03333333333333333,0.0,-0.0
1744722123.0893476,0.0,-93.0,288.0,,0.028444264057629454,0.048,-1.3294527784802095,0.03333333333333333,0.0,-0.0
1744722123.2924314,0.0,-93.0,288.0,,0.028444264057629454,0.048,-1.3294527784802095,0.03333333333333333,0.0,-0.0
1744722123.4941165,0.0,-93.0,288.0,,0.028444264057629454,0.048,-1.3294527784802095,0.03333333333333333,0.0,-0.0
1744722123.696141,0.0,-93.0,288.0,,0.028444264057629454,0.048,-1.3294527784802095,0.03333333333333333,0.0,-0.0
1744722123.9000063,0.0,-93.0,288.0,,0.028444264057629454,0.048,-1.3294527784802095,0.03333333333333333,0.0,-0.0
1744722124.1003687,0.0,-93.0,288.0,,0.028444264057629454,0.048,-1.3294527784802095,0.03333333333333333,0.0,-0.0
1744722124.3026786,0.0,-93.0,288.0,,0.028444264057629454,0.048,-1.3294527784802095,0.03333333333333333,0.0,-0.0
1744722124.511195,0.0,-93.0,288.0,,0.028444264057629454,0.048,-1.3294527784802095,0.03333333333333333,0.0,-0.0
1744722124.7192838,0.0,-93.0,288.0,,0.028444264057629454,0.048,-1.3294527784802095,0.03333333333333333,0.0,-0.0
1744722124.9276087,0.0,-93.0,288.0,,0.028444264057629454,0.048,-1.3294527784802095,0.03333333333333333,0.0,-0.0
1744722125.1368282,0.0,-93.0,288.0,,0.028444264057629454,0.048,-1.3294527784802095,0.03333333333333333,0.0,-0.0
1744722125.3452723,0.0,-93.0,288.0,,0.028444264057629454,0.048,-1.3294527784802095,0.03333333333333333,0.0,-0.0
1744722125.5524795,0.0,-93.0,288.0,,0.028444264057629454,0.048,-1.3294527784802095,0.03333333333333333,0.0,-0.0
1744722125.7500536,0.0,-93.0,288.0,,0.028444264057629454,0.048,-1.3294527784802095,0.03333333333333333,0.0,-0.0
1744722125.946312,0.0,-93.0,288.0,,0.028444264057629454,0.048,-1.3294527784802095,0.03333333333333333,0.0,-0.0
1744722126.1383004,0.0,-93.0,288.0,,0.028444264057629454,0.048,-1.3294527784802095,0.03333333333333333,0.0,-0.0
1744722126.3395236,0.0,-93.0,288.0,,0.028444264057629454,0.048,-1.3294527784802095,0.03333333333333333,0.0,-0.0
1744722126.543769,0.0,-93.0,288.0,,0.028444264057629454,0.048,-1.3294527784802095,0.03333333333333333,0.0,-0.0
1744722126.7545104,0.0,-93.0,288.0,,0.028444264057629454,0.048,-1.3294527784802095,0.03333333333333333,0.0,-0.0
1744722126.9534955,0.0,-93.0,288.0,,0.028444264057629454,0.048,-1.3294527784802095,0.03333333333333333,0.0,-0.0
1744722127.1650927,0.0,-93.0,288.0,,0.028444264057629454,0.048,-1.3294527784802095,0.03333333333333333,0.0,-0.0
1744722127.3784842,0.0,-93.0,288.0,,0.028444264057629454,0.048,-1.3294527784802095,0.03333333333333333,0.0,-0.0
1744722127.6038308,0.0,-93.0,288.0,,0.028444264057629454,0.048,-1.3294527784802095,0.03333333333333333,0.0,-0.0
1744722127.815873,0.0,-93.0,288.0,,0.028444264057629454,0.048,-1.3294527784802095,0.03333333333333333,0.0,-0.0
1744722128.018783,0.0,-93.0,288.0,,0.028444264057629454,0.048,-1.3294527784802095,0.03333333333333333,0.0,-0.0
1744722128.2424886,0.0,-93.0,288.0,,0.028444264057629454,0.048,-1.3294527784802095,0.03333333333333333,0.0,-0.0
1744722128.4880972,0.0,-93.0,288.0,,0.028444264057629454,0.048,-1.3294527784802095,0.03333333333333333,0.0,-0.0
1744722128.7207353,0.0,-93.0,288.0,,0.028444264057629454,0.048,-1.3294527784802095,0.03333333333333333,0.0,-0.0
1744722128.9503553,0.0,-93.0,288.0,,0.028444264057629454,0.048,-1.3294527784802095,0.03333333333333333,0.0,-0.0
1744722129.182488,0.0,-93.0,288.0,,0.028444264057629454,0.048,-1.3294527784802095,0.03333333333333333,0.0,-0.0
1744722129.4059594,0.0,-93.0,288.0,,0.028444264057629454,0.048,-1.3294527784802095,0.03333333333333333,0.0,-0.0
1744722129.6305912,0.0,-93.0,288.0,,0.028444264057629454,0.048,-1.3294527784802095,0.03333333333333333,0.0,-0.0
1744722129.8490164,0.0,-93.0,288.0,,0.028444264057629454,0.048,-1.3294527784802095,0.03333333333333333,0.0,-0.0
1744722130.0668092,0.0,-93.0,288.0,,0.028444264057629454,0.048,-1.3294527784802095,0.03333333333333333,0.0,-0.0
1744722130.2874508,0.0,-93.0,288.0,,0.028444264057629454,0.048,-1.3294527784802095,0.03333333333333333,0.0,-0.0
1744722130.502449,0.0,-93.0,288.0,,0.028444264057629454,0.048,-1.3294527784802095,0.03333333333333333,0.0,-0.0
1744722130.7266655,0.0,-93.0,288.0,,0.028444264057629454,0.048,-1.3294527784802095,0.03333333333333333,0.0,-0.0
1744722130.9321532,0.0,-93.0,288.0,,0.028444264057629454,0.048,-1.3294527784802095,0.03333333333333333,0.0,-0.0
1744722131.1372669,0.0,-93.0,288.0,,0.028444264057629454,0.048,-1.3294527784802095,0.03333333333333333,0.0,-0.0
1744722131.34199,0.0,-93.0,288.0,,0.028444264057629454,0.048,-1.3294527784802095,0.03333333333333333,0.0,-0.0
1744722131.558814,0.0,-93.0,288.0,,0.028444264057629454,0.048,-1.3294527784802095,0.03333333333333333,0.0,-0.0
1744722131.7864397,0.0,-93.0,288.0,,0.028444264057629454,0.048,-1.3294527784802095,0.03333333333333333,0.0,-0.0
1744722132.0603106,0.0,-93.0,288.0,,0.028444264057629454,0.048,-1.3294527784802095,0.03333333333333333,0.0,-0.0
1744722132.2917795,0.0,-93.0,288.0,,0.028444264057629454,0.048,-1.3294527784802095,0.03333333333333333,0.0,-0.0
1744722132.5217566,0.0,-93.0,288.0,,0.028444264057629454,0.048,-1.3294527784802095,0.03333333333333333,0.0,-0.0
1744722132.7311687,0.0,-93.0,288.0,,0.028444264057629454,0.048,-1.3294527784802095,0.03333333333333333,0.0,-0.0
1744722132.9317372,0.0,-93.0,288.0,,0.028444264057629454,0.048,-1.3294527784802095,0.03333333333333333,0.0,-0.0
1744722133.1304898,0.0,-93.0,288.0,,0.028444264057629454,0.048,-1.3294527784802095,0.03333333333333333,0.0,-0.0
1744722133.3330975,0.0,-93.0,288.0,,0.028444264057629454,0.048,-1.3294527784802095,0.03333333333333333,0.0,-0.0
1744722133.542585,0.0,-93.0,288.0,,0.028444264057629454,0.048,-1.3294527784802095,0.03333333333333333,0.0,-0.0
1744722133.7536466,0.0,-93.0,288.0,,0.028444264057629454,0.048,-1.3294527784802095,0.03333333333333333,0.0,-0.0
1744722133.973697,0.0,-93.0,288.0,,0.028444264057629454,0.048,-1.3294527784802095,0.03333333333333333,0.0,-0.0
1744722134.1960666,0.0,-93.0,288.0,,0.028444264057629454,0.048,-1.3294527784802095,0.03333333333333333,0.0,-0.0
1744722134.413638,0.0,-93.0,288.0,,0.028444264057629454,0.048,-1.3294527784802095,0.03333333333333333,0.0,-0.0
1744722134.627683,0.0,-93.0,288.0,,0.028444264057629454,0.048,-1.3294527784802095,0.03333333333333333,0.0,-0.0
1744722134.8392863,0.0,-93.0,288.0,,0.028444264057629454,0.048,-1.3294527784802095,0.03333333333333333,0.0,-0.0
1744722135.0555534,0.0,-93.0,288.0,,0.028444264057629454,0.048,-1.3294527784802095,0.03333333333333333,0.0,-0.0
1744722135.2734556,0.0,-93.0,288.0,,0.028444264057629454,0.048,-1.3294527784802095,0.03333333333333333,0.0,-0.0
1744722135.4977615,0.0,-93.0,288.0,,0.028444264057629454,0.048,-1.3294527784802095,0.03333333333333333,0.0,-0.0
1744722135.7074962,0.0,-93.0,288.0,,0.028444264057629454,0.048,-1.3294527784802095,0.03333333333333333,0.0,-0.0
1744722135.9215765,0.0,-93.0,288.0,,0.028444264057629454,0.048,-1.3294527784802095,0.03333333333333333,0.0,-0.0
1744722136.1252277,0.0,-93.0,288.0,,0.028444264057629454,0.048,-1.3294527784802095,0.03333333333333333,0.0,-0.0
1744722136.3259184,0.0,-93.0,288.0,,0.028444264057629454,0.048,-1.3294527784802095,0.03333333333333333,0.0,-0.0
1744722136.5239182,0.0,-93.0,288.0,,0.028444264057629454,0.048,-1.3294527784802095,0.03333333333333333,0.0,-0.0
1744722136.7276514,0.0,-93.0,288.0,,0.028444264057629454,0.048,-1.3294527784802095,0.03333333333333333,0.0,-0.0
1744722136.9336338,0.0,-93.0,288.0,,0.028444264057629454,0.048,-1.3294527784802095,0.03333333333333333,0.0,-0.0
1744722137.1364543,0.0,-93.0,288.0,,0.028444264057629454,0.048,-1.3294527784802095,0.03333333333333333,0.0,-0.0
1744722137.3460832,0.0,-93.0,288.0,,0.028444264057629454,0.048,-1.3294527784802095,0.03333333333333333,0.0,-0.0
1744722137.5568166,0.0,-93.0,288.0,,0.028444264057629454,0.048,-1.3294527784802095,0.03333333333333333,0.0,-0.0
1744722137.7724078,0.0,-93.0,288.0,,0.028444264057629454,0.048,-1.3294527784802095,0.03333333333333333,0.0,-0.0
1744722137.9830868,0.0,-93.0,288.0,,0.028444264057629454,0.048,-1.3294527784802095,0.03333333333333333,0.0,-0.0
1744722138.1975381,0.0,-93.0,288.0,,0.028444264057629454,0.048,-1.3294527784802095,0.03333333333333333,0.0,-0.0
1744722138.4239151,0.0,-93.0,288.0,,0.028444264057629454,0.048,-1.3294527784802095,0.03333333333333333,0.0,-0.0
1744722138.6596777,0.0,-93.0,288.0,,0.028444264057629454,0.048,-1.3294527784802095,0.03333333333333333,0.0,-0.0
1744722138.8920743,0.0,-93.0,288.0,,0.028444264057629454,0.048,-1.3294527784802095,0.03333333333333333,0.0,-0.0
1744722139.1226861,0.0,-93.0,288.0,,0.028444264057629454,0.048,-1.3294527784802095,0.03333333333333333,0.0,-0.0
1744722139.355979,0.0,-93.0,288.0,,0.028444264057629454,0.048,-1.3294527784802095,0.03333333333333333,0.0,-0.0
1744722139.5972388,0.0,-93.0,288.0,,0.028444264057629454,0.048,-1.3294527784802095,0.03333333333333333,0.0,-0.0
1744722139.8389952,0.0,-93.0,288.0,,0.028444264057629454,0.048,-1.3294527784802095,0.03333333333333333,0.0,-0.0
1744722140.1065035,0.0,-93.0,288.0,,0.028444264057629454,0.048,-1.3294527784802095,0.03333333333333333,0.0,-0.0
1744722140.3486056,0.0,-93.0,288.0,,0.028444264057629454,0.048,-1.3294527784802095,0.03333333333333333,0.0,-0.0
1744722140.5812805,0.0,-93.0,288.0,,0.028444264057629454,0.048,-1.3294527784802095,0.03333333333333333,0.0,-0.0
1744722140.8166642,0.0,-93.0,288.0,,0.028444264057629454,0.048,-1.3294527784802095,0.03333333333333333,0.0,-0.0
1744722141.0465004,0.0,-93.0,288.0,,0.028444264057629454,0.048,-1.3294527784802095,0.03333333333333333,0.0,-0.0
1744722141.267098,0.0,-93.0,288.0,,0.028444264057629454,0.048,-1.3294527784802095,0.03333333333333333,0.0,-0.0
1744722141.4862158,0.0,-93.0,288.0,,0.028444264057629454,0.048,-1.3294527784802095,0.03333333333333333,0.0,-0.0
1744722141.7164087,0.0,-93.0,288.0,,0.028444264057629454,0.048,-1.3294527784802095,0.03333333333333333,0.0,-0.0
1744722141.9204469,0.0,-93.0,288.0,,0.028444264057629454,0.048,-1.3294527784802095,0.03333333333333333,0.0,-0.0
1744722142.1511998,0.0,-93.0,288.0,,0.028444264057629454,0.048,-1.3294527784802095,0.03333333333333333,0.0,-0.0
1744722142.3754296,0.0,-93.0,288.0,,0.028444264057629454,0.048,-1.3294527784802095,0.03333333333333333,0.0,-0.0
1744722142.587732,0.0,-93.0,288.0,,0.028444264057629454,0.048,-1.3294527784802095,0.03333333333333333,0.0,-0.0
1744722142.793229,0.0,-93.0,288.0,,0.028444264057629454,0.048,-1.3294527784802095,0.03333333333333333,0.0,-0.0
1744722142.999865,0.0,-93.0,288.0,,0.028444264057629454,0.048,-1.3294527784802095,0.03333333333333333,0.0,-0.0
1744722143.2153645,0.0,-93.0,288.0,,0.028444264057629454,0.048,-1.3294527784802095,0.03333333333333333,0.0,-0.0
1744722143.4221652,0.0,-93.0,288.0,,0.028444264057629454,0.048,-1.3294527784802095,0.03333333333333333,0.0,-0.0
1744722143.6302803,0.0,-93.0,288.0,,0.028444264057629454,0.048,-1.3294527784802095,0.03333333333333333,0.0,-0.0
1744722143.838279,0.0,-93.0,288.0,,0.028444264057629454,0.048,-1.3294527784802095,0.03333333333333333,0.0,-0.0
1744722144.053201,0.0,-93.0,288.0,,0.028444264057629454,0.048,-1.3294527784802095,0.03333333333333333,0.0,-0.0
1744722144.2812915,0.0,-93.0,288.0,,0.028444264057629454,0.048,-1.3294527784802095,0.03333333333333333,0.0,-0.0
1744722144.5864863,0.0,-93.0,288.0,,0.028444264057629454,0.048,-1.3294527784802095,0.03333333333333333,0.0,-0.0
1744722144.8590755,0.0,-93.0,288.0,,0.028444264057629454,0.048,-1.3294527784802095,0.03333333333333333,0.0,-0.0
1744722145.1217291,0.0,-93.0,288.0,,0.028444264057629454,0.048,-1.3294527784802095,0.03333333333333333,0.0,-0.0
1744722145.3698308,0.0,-93.0,288.0,,0.028444264057629454,0.048,-1.3294527784802095,0.03333333333333333,0.0,-0.0
1744722145.6134176,0.0,-93.0,288.0,,0.028444264057629454,0.048,-1.3294527784802095,0.03333333333333333,0.0,-0.0
1744722145.8243,0.0,-93.0,288.0,,0.028444264057629454,0.048,-1.3294527784802095,0.03333333333333333,0.0,-0.0
1744722146.0657218,0.0,-93.0,288.0,,0.028444264057629454,0.048,-1.3294527784802095,0.03333333333333333,0.0,-0.0
1744722146.2846549,0.0,-93.0,288.0,,0.028444264057629454,0.048,-1.3294527784802095,0.03333333333333333,0.0,-0.0
1744722146.5066617,0.0,-93.0,288.0,,0.028444264057629454,0.048,-1.3294527784802095,0.03333333333333333,0.0,-0.0
1744722146.721491,0.0,-93.0,288.0,,0.028444264057629454,0.048,-1.3294527784802095,0.03333333333333333,0.0,-0.0
1744722146.921695,0.0,-93.0,288.0,,0.028444264057629454,0.048,-1.3294527784802095,0.03333333333333333,0.0,-0.0
1744722147.1219845,0.0,-93.0,288.0,,0.028444264057629454,0.048,-1.3294527784802095,0.03333333333333333,0.0,-0.0
1744722147.3241963,0.0,-93.0,288.0,,0.028444264057629454,0.048,-1.3294527784802095,0.03333333333333333,0.0,-0.0
1744722147.533763,0.0,-93.0,288.0,,0.028444264057629454,0.048,-1.3294527784802095,0.03333333333333333,0.0,-0.0
1744722147.7431912,0.0,-93.0,288.0,,0.028444264057629454,0.048,-1.3294527784802095,0.03333333333333333,0.0,-0.0
1744722147.939913,0.0,-93.0,288.0,,0.028444264057629454,0.048,-1.3294527784802095,0.03333333333333333,0.0,-0.0
1744722148.1424327,0.0,-93.0,288.0,,0.028444264057629454,0.048,-1.3294527784802095,0.03333333333333333,0.0,-0.0
1744722148.3500454,0.0,-93.0,288.0,,0.028444264057629454,0.048,-1.3294527784802095,0.03333333333333333,0.0,-0.0
1744722148.5696185,0.0,-93.0,288.0,,0.028444264057629454,0.048,-1.3294527784802095,0.03333333333333333,0.0,-0.0
1744722148.77243,0.0,-93.0,288.0,,0.028444264057629454,0.048,-1.3294527784802095,0.03333333333333333,0.0,-0.0
1744722148.9902704,0.0,-93.0,288.0,,0.028444264057629454,0.048,-1.3294527784802095,0.03333333333333333,0.0,-0.0
1744722149.1960373,0.0,-93.0,288.0,,0.028444264057629454,0.048,-1.3294527784802095,0.03333333333333333,0.0,-0.0
1744722149.4004354,0.0,-93.0,288.0,,0.028444264057629454,0.048,-1.3294527784802095,0.03333333333333333,0.0,-0.0
1744722149.6114845,0.0,-93.0,288.0,,0.028444264057629454,0.048,-1.3294527784802095,0.03333333333333333,0.0,-0.0
1744722149.8127422,0.0,-93.0,288.0,,0.028444264057629454,0.048,-1.3294527784802095,0.03333333333333333,0.0,-0.0
1744722150.02251,0.0,-93.0,288.0,,0.028444264057629454,0.048,-1.3294527784802095,0.03333333333333333,0.0,-0.0
1744722150.2757041,0.0,-93.0,288.0,,0.028444264057629454,0.048,-1.3294527784802095,0.03333333333333333,0.0,-0.0
1744722150.6084335,0.0,-93.0,288.0,,0.028444264057629454,0.048,-1.3294527784802095,0.03333333333333333,0.0,-0.0
1744722150.9066384,0.0,-93.0,288.0,,0.028444264057629454,0.048,-1.3294527784802095,0.03333333333333333,0.0,-0.0
1744722151.167508,0.0,-93.0,288.0,,0.028444264057629454,0.048,-1.3294527784802095,0.03333333333333333,0.0,-0.0
1744722151.406359,0.0,-93.0,288.0,,0.028444264057629454,0.048,-1.3294527784802095,0.03333333333333333,0.0,-0.0
1744722151.6427376,0.0,-93.0,288.0,,0.028444264057629454,0.048,-1.3294527784802095,0.03333333333333333,0.0,-0.0
1744722151.873904,0.0,-93.0,288.0,,0.028444264057629454,0.048,-1.3294527784802095,0.03333333333333333,0.0,-0.0
1744722152.109381,0.0,-93.0,288.0,,0.028444264057629454,0.048,-1.3294527784802095,0.03333333333333333,0.0,-0.0
1744722152.3503952,0.0,-93.0,288.0,,0.028444264057629454,0.048,-1.3294527784802095,0.03333333333333333,0.0,-0.0
1744722152.625903,0.0,-93.0,288.0,,0.028444264057629454,0.048,-1.3294527784802095,0.03333333333333333,0.0,-0.0
1744722152.8934333,0.0,-93.0,288.0,,0.028444264057629454,0.048,-1.3294527784802095,0.03333333333333333,0.0,-0.0
1744722153.1288095,0.0,-93.0,288.0,,0.028444264057629454,0.048,-1.3294527784802095,0.03333333333333333,0.0,-0.0
1744722153.35476,0.0,-93.0,288.0,,0.028444264057629454,0.048,-1.3294527784802095,0.03333333333333333,0.0,-0.0
1744722153.5750043,0.0,-93.0,288.0,,0.028444264057629454,0.048,-1.3294527784802095,0.03333333333333333,0.0,-0.0
1744722153.780249,0.0,-93.0,288.0,,0.028444264057629454,0.048,-1.3294527784802095,0.03333333333333333,0.0,-0.0
1744722153.9857237,0.0,-93.0,288.0,,0.028444264057629454,0.048,-1.3294527784802095,0.03333333333333333,0.0,-0.0
1744722154.1914904,0.0,-93.0,288.0,,0.028444264057629454,0.048,-1.3294527784802095,0.03333333333333333,0.0,-0.0
1744722154.3894408,0.0,-93.0,288.0,,0.028444264057629454,0.048,-1.3294527784802095,0.03333333333333333,0.0,-0.0
1744722154.5904021,0.0,-93.0,288.0,,0.028444264057629454,0.048,-1.3294527784802095,0.03333333333333333,0.0,-0.0
1744722154.7876785,0.0,-93.0,288.0,,0.028444264057629454,0.048,-1.3294527784802095,0.03333333333333333,0.0,-0.0
1744722154.981466,0.0,-93.0,288.0,,0.028444264057629454,0.048,-1.3294527784802095,0.03333333333333333,0.0,-0.0
1744722155.1813343,0.0,-93.0,288.0,,0.028444264057629454,0.048,-1.3294527784802095,0.03333333333333333,0.0,-0.0
1744722155.3763728,0.0,-93.0,288.0,,0.028444264057629454,0.048,-1.3294527784802095,0.03333333333333333,0.0,-0.0
1744722155.5755033,0.0,-93.0,288.0,,0.028444264057629454,0.048,-1.3294527784802095,0.03333333333333333,0.0,-0.0
1744722155.7850542,0.0,-93.0,288.0,,0.028444264057629454,0.048,-1.3294527784802095,0.03333333333333333,0.0,-0.0
1744722155.993585,0.0,-93.0,288.0,,0.028444264057629454,0.048,-1.3294527784802095,0.03333333333333333,0.0,-0.0
1744722156.1924105,0.0,-93.0,288.0,,0.028444264057629454,0.048,-1.3294527784802095,0.03333333333333333,0.0,-0.0
1744722156.391298,0.0,-93.0,288.0,,0.028444264057629454,0.048,-1.3294527784802095,0.03333333333333333,0.0,-0.0
1744722156.5971854,0.0,-93.0,288.0,,0.028444264057629454,0.048,-1.3294527784802095,0.03333333333333333,0.0,-0.0
1744722156.8073864,0.0,-93.0,288.0,,0.028444264057629454,0.048,-1.3294527784802095,0.03333333333333333,0.0,-0.0
1744722157.01479,0.0,-93.0,288.0,,0.028444264057629454,0.048,-1.3294527784802095,0.03333333333333333,0.0,-0.0
1744722157.2251866,0.0,-93.0,288.0,,0.028444264057629454,0.048,-1.3294527784802095,0.03333333333333333,0.0,-0.0
1744722157.430225,0.0,-93.0,288.0,,0.028444264057629454,0.048,-1.3294527784802095,0.03333333333333333,0.0,-0.0
1744722157.6447463,0.0,-93.0,288.0,,0.028444264057629454,0.048,-1.3294527784802095,0.03333333333333333,0.0,-0.0
1744722157.8575213,0.0,-93.0,288.0,,0.028444264057629454,0.048,-1.3294527784802095,0.03333333333333333,0.0,-0.0
1744722158.0731783,0.0,-93.0,288.0,,0.028444264057629454,0.048,-1.3294527784802095,0.03333333333333333,0.0,-0.0
1744722158.2805412,0.0,-93.0,288.0,,0.028444264057629454,0.048,-1.3294527784802095,0.03333333333333333,0.0,-0.0
1744722158.490823,0.0,-93.0,288.0,,0.028444264057629454,0.048,-1.3294527784802095,0.03333333333333333,0.0,-0.0
1744722158.7063937,0.0,-93.0,288.0,,0.028444264057629454,0.048,-1.3294527784802095,0.03333333333333333,0.0,-0.0
1744722158.9121532,0.0,-93.0,288.0,,0.028444264057629454,0.048,-1.3294527784802095,0.03333333333333333,0.0,-0.0
1744722159.1238568,0.0,-93.0,288.0,,0.028444264057629454,0.048,-1.3294527784802095,0.03333333333333333,0.0,-0.0
1744722159.332883,0.0,-93.0,288.0,,0.028444264057629454,0.048,-1.3294527784802095,0.03333333333333333,0.0,-0.0
1744722159.536669,0.0,-93.0,288.0,,0.028444264057629454,0.048,-1.3294527784802095,0.03333333333333333,0.0,-0.0
1744722159.7418299,0.0,-93.0,288.0,,0.028444264057629454,0.048,-1.3294527784802095,0.03333333333333333,0.0,-0.0
1744722159.949535,0.0,-93.0,288.0,,0.028444264057629454,0.048,-1.3294527784802095,0.03333333333333333,0.0,-0.0
1744722160.156487,0.0,-93.0,288.0,,0.028444264057629454,0.048,-1.3294527784802095,0.03333333333333333,0.0,-0.0
1744722160.3622756,0.0,-93.0,288.0,,0.028444264057629454,0.048,-1.3294527784802095,0.03333333333333333,0.0,-0.0
1744722160.5649836,0.0,-93.0,288.0,,0.028444264057629454,0.048,-1.3294527784802095,0.03333333333333333,0.0,-0.0
1744722160.7752428,0.0,-93.0,288.0,,0.028444264057629454,0.048,-1.3294527784802095,0.03333333333333333,0.0,-0.0
1744722160.986599,0.0,-93.0,288.0,,0.028444264057629454,0.048,-1.3294527784802095,0.03333333333333333,0.0,-0.0
1744722161.211669,0.0,-93.0,288.0,,0.028444264057629454,0.048,-1.3294527784802095,0.03333333333333333,0.0,-0.0
1744722161.439634,0.0,-93.0,288.0,,0.028444264057629454,0.048,-1.3294527784802095,0.03333333333333333,0.0,-0.0
1744722161.67136,0.0,-93.0,288.0,,0.028444264057629454,0.048,-1.3294527784802095,0.03333333333333333,0.0,-0.0
1744722161.905809,0.0,-93.0,288.0,,0.028444264057629454,0.048,-1.3294527784802095,0.03333333333333333,0.0,-0.0
1744722162.1424792,0.0,-93.0,288.0,,0.028444264057629454,0.048,-1.3294527784802095,0.03333333333333333,0.0,-0.0
1744722162.379056,0.0,-93.0,288.0,,0.028444264057629454,0.048,-1.3294527784802095,0.03333333333333333,0.0,-0.0
1744722162.6003118,0.0,-93.0,288.0,,0.028444264057629454,0.048,-1.3294527784802095,0.03333333333333333,0.0,-0.0
1744722162.821319,0.0,-93.0,288.0,,0.028444264057629454,0.048,-1.3294527784802095,0.03333333333333333,0.0,-0.0
1744722163.071205,0.0,-93.0,288.0,,0.028444264057629454,0.048,-1.3294527784802095,0.03333333333333333,0.0,-0.0
1744722163.3109694,0.0,-93.0,288.0,,0.028444264057629454,0.048,-1.3294527784802095,0.03333333333333333,0.0,-0.0
1744722163.5269847,0.0,-93.0,288.0,,0.028444264057629454,0.048,-1.3294527784802095,0.03333333333333333,0.0,-0.0
1744722163.7505417,0.0,-93.0,288.0,,0.028444264057629454,0.048,-1.3294527784802095,0.03333333333333333,0.0,-0.0
1744722163.9704735,0.0,-93.0,288.0,,0.028444264057629454,0.048,-1.3294527784802095,0.03333333333333333,0.0,-0.0
1744722164.2133043,0.0,-93.0,288.0,,0.028444264057629454,0.048,-1.3294527784802095,0.03333333333333333,0.0,-0.0
1744722164.4326751,0.0,-93.0,288.0,,0.028444264057629454,0.048,-1.3294527784802095,0.03333333333333333,0.0,-0.0
1744722164.6413522,0.0,-93.0,288.0,,0.028444264057629454,0.048,-1.3294527784802095,0.03333333333333333,0.0,-0.0
1744722164.847275,0.0,-93.0,288.0,,0.028444264057629454,0.048,-1.3294527784802095,0.03333333333333333,0.0,-0.0
1744722165.0466828,0.0,-93.0,288.0,,0.028444264057629454,0.048,-1.3294527784802095,0.03333333333333333,0.0,-0.0
1744722165.2496948,0.0,-93.0,288.0,,0.028444264057629454,0.048,-1.3294527784802095,0.03333333333333333,0.0,-0.0
1744722165.4509997,0.0,-93.0,288.0,,0.028444264057629454,0.048,-1.3294527784802095,0.03333333333333333,0.0,-0.0
1744722165.649657,0.0,-93.0,288.0,,0.028444264057629454,0.048,-1.3294527784802095,0.03333333333333333,0.0,-0.0
1744722165.8498282,0.0,-93.0,288.0,,0.028444264057629454,0.048,-1.3294527784802095,0.03333333333333333,0.0,-0.0
1744722166.045939,0.0,-93.0,288.0,,0.028444264057629454,0.048,-1.3294527784802095,0.03333333333333333,0.0,-0.0
1744722166.247338,0.0,-93.0,288.0,,0.028444264057629454,0.048,-1.3294527784802095,0.03333333333333333,0.0,-0.0
1744722166.4529958,0.0,-93.0,288.0,,0.028444264057629454,0.048,-1.3294527784802095,0.03333333333333333,0.0,-0.0
1744722166.671026,0.0,-93.0,288.0,,0.028444264057629454,0.048,-1.3294527784802095,0.03333333333333333,0.0,-0.0
1744722166.8915827,0.0,-93.0,288.0,,0.028444264057629454,0.048,-1.3294527784802095,0.03333333333333333,0.0,-0.0
1744722167.1060889,0.0,-93.0,288.0,,0.028444264057629454,0.048,-1.3294527784802095,0.03333333333333333,0.0,-0.0
1744722167.3144765,0.0,-93.0,288.0,,0.028444264057629454,0.048,-1.3294527784802095,0.03333333333333333,0.0,-0.0
1744722167.5332823,0.0,-93.0,288.0,,0.028444264057629454,0.048,-1.3294527784802095,0.03333333333333333,0.0,-0.0
1744722167.7350738,0.0,-93.0,288.0,,0.028444264057629454,0.048,-1.3294527784802095,0.03333333333333333,0.0,-0.0
1744722167.9486656,0.0,-93.0,288.0,,0.028444264057629454,0.048,-1.3294527784802095,0.03333333333333333,0.0,-0.0
1744722168.164177,0.0,-93.0,288.0,,0.028444264057629454,0.048,-1.3294527784802095,0.03333333333333333,0.0,-0.0
1744722168.367486,0.0,-93.0,288.0,,0.028444264057629454,0.048,-1.3294527784802095,0.03333333333333333,0.0,-0.0
1744722168.5763545,0.0,-93.0,288.0,,0.028444264057629454,0.048,-1.3294527784802095,0.03333333333333333,0.0,-0.0
1744722168.7843428,0.0,-93.0,288.0,,0.028444264057629454,0.048,-1.3294527784802095,0.03333333333333333,0.0,-0.0
1744722168.9931715,0.0,-93.0,288.0,,0.028444264057629454,0.048,-1.3294527784802095,0.03333333333333333,0.0,-0.0
1744722169.1931713,0.0,-93.0,288.0,,0.028444264057629454,0.048,-1.3294527784802095,0.03333333333333333,0.0,-0.0
1744722169.4006875,0.0,-93.0,288.0,,0.028444264057629454,0.048,-1.3294527784802095,0.03333333333333333,0.0,-0.0
1744722169.5965667,0.0,-93.0,288.0,,0.028444264057629454,0.048,-1.3294527784802095,0.03333333333333333,0.0,-0.0
1744722169.797223,0.0,-93.0,288.0,,0.028444264057629454,0.048,-1.3294527784802095,0.03333333333333333,0.0,-0.0
1744722170.0000632,0.0,-93.0,288.0,,0.028444264057629454,0.048,-1.3294527784802095,0.03333333333333333,0.0,-0.0
1744722170.1996026,0.0,-93.0,288.0,,0.028444264057629454,0.048,-1.3294527784802095,0.03333333333333333,0.0,-0.0
1744722170.4021537,0.0,-93.0,288.0,,0.028444264057629454,0.048,-1.3294527784802095,0.03333333333333333,0.0,-0.0
1744722170.603137,0.0,-93.0,288.0,,0.028444264057629454,0.048,-1.3294527784802095,0.03333333333333333,0.0,-0.0
1744722170.8058596,0.0,-93.0,288.0,,0.028444264057629454,0.048,-1.3294527784802095,0.03333333333333333,0.0,-0.0
1744722171.0092108,0.0,-93.0,288.0,,0.028444264057629454,0.048,-1.3294527784802095,0.03333333333333333,0.0,-0.0
1744722171.2041347,0.0,-93.0,288.0,,0.028444264057629454,0.048,-1.3294527784802095,0.03333333333333333,0.0,-0.0
1744722171.3998034,0.0,-93.0,288.0,,0.028444264057629454,0.048,-1.3294527784802095,0.03333333333333333,0.0,-0.0
1744722171.6033325,0.0,-93.0,288.0,,0.028444264057629454,0.048,-1.3294527784802095,0.03333333333333333,0.0,-0.0
1744722171.8103278,0.0,-93.0,288.0,,0.028444264057629454,0.048,-1.3294527784802095,0.03333333333333333,0.0,-0.0
1744722172.014427,0.0,-93.0,288.0,,0.028444264057629454,0.048,-1.3294527784802095,0.03333333333333333,0.0,-0.0
1744722172.2115612,0.0,-93.0,288.0,,0.028444264057629454,0.048,-1.3294527784802095,0.03333333333333333,0.0,-0.0
1744722172.4146643,0.0,-93.0,288.0,,0.028444264057629454,0.048,-1.3294527784802095,0.03333333333333333,0.0,-0.0
1744722172.619672,0.0,-93.0,288.0,,0.028444264057629454,0.048,-1.3294527784802095,0.03333333333333333,0.0,-0.0
1744722172.8725512,0.0,-93.0,288.0,,0.028444264057629454,0.048,-1.3294527784802095,0.03333333333333333,0.0,-0.0
1744722173.2151184,0.0,-93.0,288.0,,0.028444264057629454,0.048,-1.3294527784802095,0.03333333333333333,0.0,-0.0
1744722173.4987078,0.0,-93.0,288.0,,0.028444264057629454,0.048,-1.3294527784802095,0.03333333333333333,0.0,-0.0
1744722173.7563019,0.0,-93.0,288.0,,0.028444264057629454,0.048,-1.3294527784802095,0.03333333333333333,0.0,-0.0
1744722173.9939077,0.0,-93.0,288.0,,0.028444264057629454,0.048,-1.3294527784802095,0.03333333333333333,0.0,-0.0
1744722174.2162087,0.0,-93.0,288.0,,0.028444264057629454,0.048,-1.3294527784802095,0.03333333333333333,0.0,-0.0
1744722174.446675,0.0,-93.0,288.0,,0.028444264057629454,0.048,-1.3294527784802095,0.03333333333333333,0.0,-0.0
1744722174.672523,0.0,-93.0,288.0,,0.028444264057629454,0.048,-1.3294527784802095,0.03333333333333333,0.0,-0.0
1744722174.898626,0.0,-93.0,288.0,,0.028444264057629454,0.048,-1.3294527784802095,0.03333333333333333,0.0,-0.0
1744722175.1125152,0.0,-93.0,288.0,,0.028444264057629454,0.048,-1.3294527784802095,0.03333333333333333,0.0,-0.0
1744722175.3177814,0.0,-93.0,288.0,,0.028444264057629454,0.048,-1.3294527784802095,0.03333333333333333,0.0,-0.0
1744722175.5187376,0.0,-93.0,288.0,,0.028444264057629454,0.048,-1.3294527784802095,0.03333333333333333,0.0,-0.0
1744722175.7277515,0.0,-93.0,288.0,,0.028444264057629454,0.048,-1.3294527784802095,0.03333333333333333,0.0,-0.0
1744722175.9460993,0.0,-93.0,288.0,,0.028444264057629454,0.048,-1.3294527784802095,0.03333333333333333,0.0,-0.0
1744722176.1615458,0.0,-93.0,288.0,,0.028444264057629454,0.048,-1.3294527784802095,0.03333333333333333,0.0,-0.0
1744722176.3821173,0.0,-93.0,288.0,,0.028444264057629454,0.048,-1.3294527784802095,0.03333333333333333,0.0,-0.0
1744722176.597882,0.0,-93.0,288.0,,0.028444264057629454,0.048,-1.3294527784802095,0.03333333333333333,0.0,-0.0
1744722176.823293,0.0,-93.0,288.0,,0.028444264057629454,0.048,-1.3294527784802095,0.03333333333333333,0.0,-0.0
1744722177.0432374,0.0,-93.0,288.0,,0.028444264057629454,0.048,-1.3294527784802095,0.03333333333333333,0.0,-0.0
1744722177.247446,0.0,-93.0,288.0,,0.028444264057629454,0.048,-1.3294527784802095,0.03333333333333333,0.0,-0.0
1744722177.4577866,0.0,-93.0,288.0,,0.028444264057629454,0.048,-1.3294527784802095,0.03333333333333333,0.0,-0.0
1744722177.6752226,0.0,-93.0,288.0,,0.028444264057629454,0.048,-1.3294527784802095,0.03333333333333333,0.0,-0.0
1744722177.8844333,0.0,-93.0,288.0,,0.028444264057629454,0.048,-1.3294527784802095,0.03333333333333333,0.0,-0.0
1744722178.0955095,0.0,-93.0,288.0,,0.028444264057629454,0.048,-1.3294527784802095,0.03333333333333333,0.0,-0.0
1744722178.3046014,0.0,-93.0,288.0,,0.028444264057629454,0.048,-1.3294527784802095,0.03333333333333333,0.0,-0.0
1744722178.5101068,0.0,-93.0,288.0,,0.028444264057629454,0.048,-1.3294527784802095,0.03333333333333333,0.0,-0.0
1744722178.714355,0.0,-93.0,288.0,,0.028444264057629454,0.048,-1.3294527784802095,0.03333333333333333,0.0,-0.0
1744722178.916488,0.0,-93.0,288.0,,0.028444264057629454,0.048,-1.3294527784802095,0.03333333333333333,0.0,-0.0
1744722179.1143332,0.0,-93.0,288.0,,0.028444264057629454,0.048,-1.3294527784802095,0.03333333333333333,0.0,-0.0
1744722179.313113,0.0,-93.0,288.0,,0.028444264057629454,0.048,-1.3294527784802095,0.03333333333333333,0.0,-0.0
1744722179.5222805,0.0,-93.0,288.0,,0.028444264057629454,0.048,-1.3294527784802095,0.03333333333333333,0.0,-0.0
1744722179.7283533,0.0,-93.0,288.0,,0.028444264057629454,0.048,-1.3294527784802095,0.03333333333333333,0.0,-0.0
1744722179.943565,0.0,-93.0,288.0,,0.028444264057629454,0.048,-1.3294527784802095,0.03333333333333333,0.0,-0.0
1744722180.1543934,0.0,-93.0,288.0,,0.028444264057629454,0.048,-1.3294527784802095,0.03333333333333333,0.0,-0.0
1744722180.3561323,0.0,-93.0,288.0,,0.028444264057629454,0.048,-1.3294527784802095,0.03333333333333333,0.0,-0.0
1744722180.5569916,0.0,-93.0,288.0,,0.028444264057629454,0.048,-1.3294527784802095,0.03333333333333333,0.0,-0.0
1744722180.760268,0.0,-93.0,288.0,,0.028444264057629454,0.048,-1.3294527784802095,0.03333333333333333,0.0,-0.0
1744722180.9841523,0.0,-93.0,288.0,,0.028444264057629454,0.048,-1.3294527784802095,0.03333333333333333,0.0,-0.0
1744722181.1983943,0.0,-93.0,288.0,,0.028444264057629454,0.048,-1.3294527784802095,0.03333333333333333,0.0,-0.0
1744722181.4054644,0.0,-93.0,288.0,,0.028444264057629454,0.048,-1.3294527784802095,0.03333333333333333,0.0,-0.0
1744722181.615724,0.0,-93.0,288.0,,0.028444264057629454,0.048,-1.3294527784802095,0.03333333333333333,0.0,-0.0
1744722181.8288574,0.0,-93.0,288.0,,0.028444264057629454,0.048,-1.3294527784802095,0.03333333333333333,0.0,-0.0
1744722182.0365791,0.0,-93.0,288.0,,0.028444264057629454,0.048,-1.3294527784802095,0.03333333333333333,0.0,-0.0
1744722182.246604,0.0,-93.0,288.0,,0.028444264057629454,0.048,-1.3294527784802095,0.03333333333333333,0.0,-0.0
1744722182.4499438,0.0,-93.0,288.0,,0.028444264057629454,0.048,-1.3294527784802095,0.03333333333333333,0.0,-0.0
1744722182.649319,0.0,-93.0,288.0,,0.028444264057629454,0.048,-1.3294527784802095,0.03333333333333333,0.0,-0.0
1744722182.871851,0.0,-93.0,288.0,,0.028444264057629454,0.048,-1.3294527784802095,0.03333333333333333,0.0,-0.0
1744722183.101323,0.0,-93.0,288.0,,0.028444264057629454,0.048,-1.3294527784802095,0.03333333333333333,0.0,-0.0
1744722183.3231146,0.0,-93.0,288.0,,0.028444264057629454,0.048,-1.3294527784802095,0.03333333333333333,0.0,-0.0
1744722183.5330915,0.0,-93.0,288.0,,0.028444264057629454,0.048,-1.3294527784802095,0.03333333333333333,0.0,-0.0
1744722183.7540576,0.0,-93.0,288.0,,0.028444264057629454,0.048,-1.3294527784802095,0.03333333333333333,0.0,-0.0
1744722183.996052,0.0,-93.0,288.0,,0.028444264057629454,0.048,-1.3294527784802095,0.03333333333333333,0.0,-0.0
1744722184.2085092,0.0,-93.0,288.0,,0.028444264057629454,0.048,-1.3294527784802095,0.03333333333333333,0.0,-0.0
1744722184.4270706,0.0,-93.0,288.0,,0.028444264057629454,0.048,-1.3294527784802095,0.03333333333333333,0.0,-0.0
1744722184.6395187,0.0,-93.0,288.0,,0.028444264057629454,0.048,-1.3294527784802095,0.03333333333333333,0.0,-0.0
1744722184.840242,0.0,-93.0,288.0,,0.028444264057629454,0.048,-1.3294527784802095,0.03333333333333333,0.0,-0.0
1744722185.0653481,0.0,-93.0,288.0,,0.028444264057629454,0.048,-1.3294527784802095,0.03333333333333333,0.0,-0.0
1744722185.2788334,0.0,-93.0,288.0,,0.028444264057629454,0.048,-1.3294527784802095,0.03333333333333333,0.0,-0.0
1744722185.4830244,0.0,-93.0,288.0,,0.028444264057629454,0.048,-1.3294527784802095,0.03333333333333333,0.0,-0.0
1744722185.6954958,0.0,-93.0,288.0,,0.028444264057629454,0.048,-1.3294527784802095,0.03333333333333333,0.0,-0.0
1744722185.899049,0.0,-93.0,288.0,,0.028444264057629454,0.048,-1.3294527784802095,0.03333333333333333,0.0,-0.0
1744722186.1049576,0.0,-93.0,288.0,,0.028444264057629454,0.048,-1.3294527784802095,0.03333333333333333,0.0,-0.0
1744722186.3063097,0.0,-93.0,288.0,,0.028444264057629454,0.048,-1.3294527784802095,0.03333333333333333,0.0,-0.0
1744722186.5121622,0.0,-93.0,288.0,,0.028444264057629454,0.048,-1.3294527784802095,0.03333333333333333,0.0,-0.0
1744722186.7198496,0.0,-93.0,288.0,,0.028444264057629454,0.048,-1.3294527784802095,0.03333333333333333,0.0,-0.0
1744722186.923485,0.0,-93.0,288.0,,0.028444264057629454,0.048,-1.3294527784802095,0.03333333333333333,0.0,-0.0
1744722187.1303189,0.0,-93.0,288.0,,0.028444264057629454,0.048,-1.3294527784802095,0.03333333333333333,0.0,-0.0
1744722187.339377,0.0,-93.0,288.0,,0.028444264057629454,0.048,-1.3294527784802095,0.03333333333333333,0.0,-0.0
1744722187.5380075,0.0,-93.0,288.0,,0.028444264057629454,0.048,-1.3294527784802095,0.03333333333333333,0.0,-0.0
1744722187.745207,0.0,-93.0,288.0,,0.028444264057629454,0.048,-1.3294527784802095,0.03333333333333333,0.0,-0.0
1744722187.9557793,0.0,-93.0,288.0,,0.028444264057629454,0.048,-1.3294527784802095,0.03333333333333333,0.0,-0.0
1744722188.17164,0.0,-93.0,288.0,,0.028444264057629454,0.048,-1.3294527784802095,0.03333333333333333,0.0,-0.0
1744722188.3829396,0.0,-93.0,288.0,,0.028444264057629454,0.048,-1.3294527784802095,0.03333333333333333,0.0,-0.0
1744722188.5948734,0.0,-93.0,288.0,,0.028444264057629454,0.048,-1.3294527784802095,0.03333333333333333,0.0,-0.0
1744722188.8026595,0.0,-93.0,288.0,,0.028444264057629454,0.048,-1.3294527784802095,0.03333333333333333,0.0,-0.0
1744722189.0118315,0.0,-93.0,288.0,,0.028444264057629454,0.048,-1.3294527784802095,0.03333333333333333,0.0,-0.0
1744722189.2263567,0.0,-93.0,288.0,,0.028444264057629454,0.048,-1.3294527784802095,0.03333333333333333,0.0,-0.0
1744722189.4353478,0.0,-93.0,288.0,,0.028444264057629454,0.048,-1.3294527784802095,0.03333333333333333,0.0,-0.0
1744722189.6515875,0.0,-93.0,288.0,,0.028444264057629454,0.048,-1.3294527784802095,0.03333333333333333,0.0,-0.0
1744722189.8778448,0.0,-93.0,288.0,,0.028444264057629454,0.048,-1.3294527784802095,0.03333333333333333,0.0,-0.0
1744722190.1019683,0.0,-93.0,288.0,,0.028444264057629454,0.048,-1.3294527784802095,0.03333333333333333,0.0,-0.0
1744722190.315134,0.0,-93.0,288.0,,0.028444264057629454,0.048,-1.3294527784802095,0.03333333333333333,0.0,-0.0
1744722190.5160797,0.0,-93.0,288.0,,0.028444264057629454,0.048,-1.3294527784802095,0.03333333333333333,0.0,-0.0
1744722190.7245226,0.0,-93.0,288.0,,0.028444264057629454,0.048,-1.3294527784802095,0.03333333333333333,0.0,-0.0
1744722190.9335425,0.0,-93.0,288.0,,0.028444264057629454,0.048,-1.3294527784802095,0.03333333333333333,0.0,-0.0
1744722191.1372273,0.0,-93.0,288.0,,0.028444264057629454,0.048,-1.3294527784802095,0.03333333333333333,0.0,-0.0
1744722191.3383207,0.0,-93.0,288.0,,0.028444264057629454,0.048,-1.3294527784802095,0.03333333333333333,0.0,-0.0
1744722191.5530603,0.0,-93.0,288.0,,0.028444264057629454,0.048,-1.3294527784802095,0.03333333333333333,0.0,-0.0
1744722191.7773516,0.0,-93.0,288.0,,0.028444264057629454,0.048,-1.3294527784802095,0.03333333333333333,0.0,-0.0
1744722191.9972634,0.0,-93.0,288.0,,0.028444264057629454,0.048,-1.3294527784802095,0.03333333333333333,0.0,-0.0
1744722192.222745,0.0,-93.0,288.0,,0.028444264057629454,0.048,-1.3294527784802095,0.03333333333333333,0.0,-0.0
1744722192.4397695,0.0,-93.0,288.0,,0.028444264057629454,0.048,-1.3294527784802095,0.03333333333333333,0.0,-0.0
1744722192.6509192,0.0,-93.0,288.0,,0.028444264057629454,0.048,-1.3294527784802095,0.03333333333333333,0.0,-0.0
1744722192.8609707,0.0,-93.0,288.0,,0.028444264057629454,0.048,-1.3294527784802095,0.03333333333333333,0.0,-0.0
1744722193.0699835,0.0,-93.0,288.0,,0.028444264057629454,0.048,-1.3294527784802095,0.03333333333333333,0.0,-0.0
1744722193.2755241,0.0,-93.0,288.0,,0.028444264057629454,0.048,-1.3294527784802095,0.03333333333333333,0.0,-0.0
1744722193.4823928,0.0,-93.0,288.0,,0.028444264057629454,0.048,-1.3294527784802095,0.03333333333333333,0.0,-0.0
1744722193.6987565,0.0,-93.0,288.0,,0.028444264057629454,0.048,-1.3294527784802095,0.03333333333333333,0.0,-0.0
1744722193.9691634,0.0,-93.0,288.0,,0.028444264057629454,0.048,-1.3294527784802095,0.03333333333333333,0.0,-0.0
1744722194.2045882,0.0,-93.0,288.0,,0.028444264057629454,0.048,-1.3294527784802095,0.03333333333333333,0.0,-0.0
1744722194.4493282,0.0,-93.0,288.0,,0.028444264057629454,0.048,-1.3294527784802095,0.03333333333333333,0.0,-0.0
1744722194.6769798,0.0,-93.0,288.0,,0.028444264057629454,0.048,-1.3294527784802095,0.03333333333333333,0.0,-0.0
1744722194.893125,0.0,-93.0,288.0,,0.028444264057629454,0.048,-1.3294527784802095,0.03333333333333333,0.0,-0.0
1744722195.1210248,0.0,-93.0,288.0,,0.028444264057629454,0.048,-1.3294527784802095,0.03333333333333333,0.0,-0.0
1744722195.3627474,0.0,-93.0,288.0,,0.028444264057629454,0.048,-1.3294527784802095,0.03333333333333333,0.0,-0.0
1744722195.6043851,0.0,-93.0,288.0,,0.028444264057629454,0.048,-1.3294527784802095,0.03333333333333333,0.0,-0.0
1744722195.836567,0.0,-93.0,288.0,,0.028444264057629454,0.048,-1.3294527784802095,0.03333333333333333,0.0,-0.0
1744722196.0564473,0.0,-93.0,288.0,,0.028444264057629454,0.048,-1.3294527784802095,0.03333333333333333,0.0,-0.0
1744722196.2707443,0.0,-93.0,288.0,,0.028444264057629454,0.048,-1.3294527784802095,0.03333333333333333,0.0,-0.0
1744722196.4838164,0.0,-93.0,288.0,,0.028444264057629454,0.048,-1.3294527784802095,0.03333333333333333,0.0,-0.0
1744722196.702673,0.0,-93.0,288.0,,0.028444264057629454,0.048,-1.3294527784802095,0.03333333333333333,0.0,-0.0
1744722196.9171062,0.0,-93.0,288.0,,0.028444264057629454,0.048,-1.3294527784802095,0.03333333333333333,0.0,-0.0
1744722197.1232135,0.0,-93.0,288.0,,0.028444264057629454,0.048,-1.3294527784802095,0.03333333333333333,0.0,-0.0
1744722197.3342726,0.0,-93.0,288.0,,0.028444264057629454,0.048,-1.3294527784802095,0.03333333333333333,0.0,-0.0
1744722197.539651,0.0,-93.0,288.0,,0.028444264057629454,0.048,-1.3294527784802095,0.03333333333333333,0.0,-0.0
1744722197.7467608,0.0,-93.0,288.0,,0.028444264057629454,0.048,-1.3294527784802095,0.03333333333333333,0.0,-0.0
1744722197.9485793,0.0,-93.0,288.0,,0.028444264057629454,0.048,-1.3294527784802095,0.03333333333333333,0.0,-0.0
1744722198.1603513,0.0,-93.0,288.0,,0.028444264057629454,0.048,-1.3294527784802095,0.03333333333333333,0.0,-0.0
1744722198.3646705,0.0,-93.0,288.0,,0.028444264057629454,0.048,-1.3294527784802095,0.03333333333333333,0.0,-0.0
1744722198.5820267,0.0,-93.0,288.0,,0.028444264057629454,0.048,-1.3294527784802095,0.03333333333333333,0.0,-0.0
1744722198.797539,0.0,-93.0,288.0,,0.028444264057629454,0.048,-1.3294527784802095,0.03333333333333333,0.0,-0.0
1744722199.0112438,0.0,-93.0,288.0,,0.028444264057629454,0.048,-1.3294527784802095,0.03333333333333333,0.0,-0.0
1744722199.223391,0.0,-93.0,288.0,,0.028444264057629454,0.048,-1.3294527784802095,0.03333333333333333,0.0,-0.0
1744722199.437449,0.0,-93.0,288.0,,0.028444264057629454,0.048,-1.3294527784802095,0.03333333333333333,0.0,-0.0
1744722199.6565046,0.0,-93.0,288.0,,0.028444264057629454,0.048,-1.3294527784802095,0.03333333333333333,0.0,-0.0
1744722199.8697722,0.0,-93.0,288.0,,0.028444264057629454,0.048,-1.3294527784802095,0.03333333333333333,0.0,-0.0
1744722200.0750818,0.0,-93.0,288.0,,0.028444264057629454,0.048,-1.3294527784802095,0.03333333333333333,0.0,-0.0
1744722200.2818182,0.0,-93.0,288.0,,0.028444264057629454,0.048,-1.3294527784802095,0.03333333333333333,0.0,-0.0
1744722200.489152,0.0,-93.0,288.0,,0.028444264057629454,0.048,-1.3294527784802095,0.03333333333333333,0.0,-0.0
1744722200.7004175,0.0,-93.0,288.0,,0.028444264057629454,0.048,-1.3294527784802095,0.03333333333333333,0.0,-0.0
1744722200.9071105,0.0,-93.0,288.0,,0.028444264057629454,0.048,-1.3294527784802095,0.03333333333333333,0.0,-0.0
1744722201.1101036,0.0,-93.0,288.0,,0.028444264057629454,0.048,-1.3294527784802095,0.03333333333333333,0.0,-0.0
1744722201.3145626,0.0,-93.0,288.0,,0.028444264057629454,0.048,-1.3294527784802095,0.03333333333333333,0.0,-0.0
1744722201.5139654,0.0,-93.0,288.0,,0.028444264057629454,0.048,-1.3294527784802095,0.03333333333333333,0.0,-0.0
1744722201.7284565,0.0,-93.0,288.0,,0.028444264057629454,0.048,-1.3294527784802095,0.03333333333333333,0.0,-0.0
1744722201.9353843,0.0,-93.0,288.0,,0.028444264057629454,0.048,-1.3294527784802095,0.03333333333333333,0.0,-0.0
1744722202.139578,0.0,-93.0,288.0,,0.028444264057629454,0.048,-1.3294527784802095,0.03333333333333333,0.0,-0.0
1744722202.338868,0.0,-93.0,288.0,,0.028444264057629454,0.048,-1.3294527784802095,0.03333333333333333,0.0,-0.0
1744722202.5384276,0.0,-93.0,288.0,,0.028444264057629454,0.048,-1.3294527784802095,0.03333333333333333,0.0,-0.0
1744722202.7483249,0.0,-93.0,288.0,,0.028444264057629454,0.048,-1.3294527784802095,0.03333333333333333,0.0,-0.0
1744722202.9521668,0.0,-93.0,288.0,,0.028444264057629454,0.048,-1.3294527784802095,0.03333333333333333,0.0,-0.0
1744722203.1621904,0.0,-93.0,288.0,,0.028444264057629454,0.048,-1.3294527784802095,0.03333333333333333,0.0,-0.0
1744722203.36885,0.0,-93.0,288.0,,0.028444264057629454,0.048,-1.3294527784802095,0.03333333333333333,0.0,-0.0
1744722203.5777347,0.0,-93.0,288.0,,0.028444264057629454,0.048,-1.3294527784802095,0.03333333333333333,0.0,-0.0
1744722203.7909355,0.0,-93.0,288.0,,0.028444264057629454,0.048,-1.3294527784802095,0.03333333333333333,0.0,-0.0
1744722203.989552,0.0,-93.0,288.0,,0.028444264057629454,0.048,-1.3294527784802095,0.03333333333333333,0.0,-0.0
1744722204.1914961,0.0,-93.0,288.0,,0.028444264057629454,0.048,-1.3294527784802095,0.03333333333333333,0.0,-0.0
1744722204.393947,0.0,-93.0,288.0,,0.028444264057629454,0.048,-1.3294527784802095,0.03333333333333333,0.0,-0.0
1744722204.6067753,0.0,-93.0,288.0,,0.028444264057629454,0.048,-1.3294527784802095,0.03333333333333333,0.0,-0.0
1744722204.818929,0.0,-93.0,288.0,,0.028444264057629454,0.048,-1.3294527784802095,0.03333333333333333,0.0,-0.0
1744722205.0271988,0.0,-93.0,288.0,,0.028444264057629454,0.048,-1.3294527784802095,0.03333333333333333,0.0,-0.0
1744722205.2483244,0.0,-93.0,288.0,,0.028444264057629454,0.048,-1.3294527784802095,0.03333333333333333,0.0,-0.0
1744722205.4573438,0.0,-93.0,288.0,,0.028444264057629454,0.048,-1.3294527784802095,0.03333333333333333,0.0,-0.0
1744722205.6683905,0.0,-93.0,288.0,,0.028444264057629454,0.048,-1.3294527784802095,0.03333333333333333,0.0,-0.0
1744722205.8858895,0.0,-93.0,288.0,,0.028444264057629454,0.048,-1.3294527784802095,0.03333333333333333,0.0,-0.0
1744722206.0962472,0.0,-93.0,288.0,,0.028444264057629454,0.048,-1.3294527784802095,0.03333333333333333,0.0,-0.0
1744722206.3199875,0.0,-93.0,288.0,,0.028444264057629454,0.048,-1.3294527784802095,0.03333333333333333,0.0,-0.0
1744722206.5332417,0.0,-93.0,288.0,,0.028444264057629454,0.048,-1.3294527784802095,0.03333333333333333,0.0,-0.0
1744722206.758169,0.0,-93.0,288.0,,0.028444264057629454,0.048,-1.3294527784802095,0.03333333333333333,0.0,-0.0
1744722207.0021632,0.0,-93.0,288.0,,0.028444264057629454,0.048,-1.3294527784802095,0.03333333333333333,0.0,-0.0
1744722207.2326882,0.0,-93.0,288.0,,0.028444264057629454,0.048,-1.3294527784802095,0.03333333333333333,0.0,-0.0
1744722207.4655745,0.0,-93.0,288.0,,0.028444264057629454,0.048,-1.3294527784802095,0.03333333333333333,0.0,-0.0
1744722207.7055075,0.0,-93.0,288.0,,0.028444264057629454,0.048,-1.3294527784802095,0.03333333333333333,0.0,-0.0
1744722207.9350402,0.0,-93.0,288.0,,0.028444264057629454,0.048,-1.3294527784802095,0.03333333333333333,0.0,-0.0
1744722208.1830385,0.0,-93.0,288.0,,0.028444264057629454,0.048,-1.3294527784802095,0.03333333333333333,0.0,-0.0
1744722208.4393904,0.0,-93.0,288.0,,0.028444264057629454,0.048,-1.3294527784802095,0.03333333333333333,0.0,-0.0
1744722208.673484,0.0,-93.0,288.0,,0.028444264057629454,0.048,-1.3294527784802095,0.03333333333333333,0.0,-0.0
1744722208.9459136,0.0,-93.0,288.0,,0.028444264057629454,0.048,-1.3294527784802095,0.03333333333333333,0.0,-0.0
1744722209.252459,0.0,-93.0,288.0,,0.028444264057629454,0.048,-1.3294527784802095,0.03333333333333333,0.0,-0.0
1744722209.6114247,0.0,-93.0,288.0,,0.028444264057629454,0.048,-1.3294527784802095,0.03333333333333333,0.0,-0.0
1744722209.924842,0.0,-93.0,288.0,,0.028444264057629454,0.048,-1.3294527784802095,0.03333333333333333,0.0,-0.0
1744722210.2523324,0.0,-93.0,288.0,,0.028444264057629454,0.048,-1.3294527784802095,0.03333333333333333,0.0,-0.0
1744722210.554115,0.0,-93.0,288.0,,0.028444264057629454,0.048,-1.3294527784802095,0.03333333333333333,0.0,-0.0
1744722210.8239126,0.0,-93.0,288.0,,0.028444264057629454,0.048,-1.3294527784802095,0.03333333333333333,0.0,-0.0
1744722211.0915534,0.0,-93.0,288.0,,0.028444264057629454,0.048,-1.3294527784802095,0.03333333333333333,0.0,-0.0
1744722211.3536003,0.0,-93.0,288.0,,0.028444264057629454,0.048,-1.3294527784802095,0.03333333333333333,0.0,-0.0
1744722211.5917044,0.0,-93.0,288.0,,0.028444264057629454,0.048,-1.3294527784802095,0.03333333333333333,0.0,-0.0
1744722211.835108,0.0,-93.0,288.0,,0.028444264057629454,0.048,-1.3294527784802095,0.03333333333333333,0.0,-0.0
1744722212.0814717,0.0,-93.0,288.0,,0.028444264057629454,0.048,-1.3294527784802095,0.03333333333333333,0.0,-0.0
1744722212.3211708,0.0,-93.0,288.0,,0.028444264057629454,0.048,-1.3294527784802095,0.03333333333333333,0.0,-0.0
1744722212.549455,0.0,-93.0,288.0,,0.028444264057629454,0.048,-1.3294527784802095,0.03333333333333333,0.0,-0.0
1744722212.8074465,0.0,-93.0,288.0,,0.028444264057629454,0.048,-1.3294527784802095,0.03333333333333333,0.0,-0.0
1744722213.0406303,0.0,-93.0,288.0,,0.028444264057629454,0.048,-1.3294527784802095,0.03333333333333333,0.0,-0.0
1744722213.296819,0.0,-93.0,288.0,,0.028444264057629454,0.048,-1.3294527784802095,0.03333333333333333,0.0,-0.0
1744722213.5438488,0.0,-93.0,288.0,,0.028444264057629454,0.048,-1.3294527784802095,0.03333333333333333,0.0,-0.0
1744722213.7752805,0.0,-93.0,288.0,,0.028444264057629454,0.048,-1.3294527784802095,0.03333333333333333,0.0,-0.0
1744722214.0072834,0.0,-93.0,288.0,,0.028444264057629454,0.048,-1.3294527784802095,0.03333333333333333,0.0,-0.0
1744722214.2531428,0.0,-93.0,288.0,,0.028444264057629454,0.048,-1.3294527784802095,0.03333333333333333,0.0,-0.0
1744722214.493674,0.0,-93.0,288.0,,0.028444264057629454,0.048,-1.3294527784802095,0.03333333333333333,0.0,-0.0
1744722214.719653,0.0,-93.0,288.0,,0.028444264057629454,0.048,-1.3294527784802095,0.03333333333333333,0.0,-0.0
1744722214.93892,0.0,-93.0,288.0,,0.028444264057629454,0.048,-1.3294527784802095,0.03333333333333333,0.0,-0.0
1744722215.1634254,0.0,-93.0,288.0,,0.028444264057629454,0.048,-1.3294527784802095,0.03333333333333333,0.0,-0.0
1744722215.3700607,0.0,-93.0,288.0,,0.028444264057629454,0.048,-1.3294527784802095,0.03333333333333333,0.0,-0.0
1744722215.5708103,0.0,-93.0,288.0,,0.028444264057629454,0.048,-1.3294527784802095,0.03333333333333333,0.0,-0.0
1744722215.7738268,0.0,-93.0,288.0,,0.028444264057629454,0.048,-1.3294527784802095,0.03333333333333333,0.0,-0.0
1744722215.982298,0.0,-93.0,288.0,,0.028444264057629454,0.048,-1.3294527784802095,0.03333333333333333,0.0,-0.0
1744722216.1885161,0.0,-93.0,288.0,,0.028444264057629454,0.048,-1.3294527784802095,0.03333333333333333,0.0,-0.0
1744722216.3932328,0.0,-93.0,288.0,,0.028444264057629454,0.048,-1.3294527784802095,0.03333333333333333,0.0,-0.0
1744722216.6160953,0.0,-93.0,288.0,,0.028444264057629454,0.048,-1.3294527784802095,0.03333333333333333,0.0,-0.0
1744722216.8400326,0.0,-93.0,288.0,,0.028444264057629454,0.048,-1.3294527784802095,0.03333333333333333,0.0,-0.0
1744722217.0670831,0.0,-93.0,288.0,,0.028444264057629454,0.048,-1.3294527784802095,0.03333333333333333,0.0,-0.0
1744722217.2991688,0.0,-93.0,288.0,,0.028444264057629454,0.048,-1.3294527784802095,0.03333333333333333,0.0,-0.0
1744722217.5218823,0.0,-93.0,288.0,,0.028444264057629454,0.048,-1.3294527784802095,0.03333333333333333,0.0,-0.0
1744722217.7456248,0.0,-93.0,288.0,,0.028444264057629454,0.048,-1.3294527784802095,0.03333333333333333,0.0,-0.0
1744722217.951492,0.0,-93.0,288.0,,0.028444264057629454,0.048,-1.3294527784802095,0.03333333333333333,0.0,-0.0
1744722218.16037,0.0,-93.0,288.0,,0.028444264057629454,0.048,-1.3294527784802095,0.03333333333333333,0.0,-0.0
1744722218.3641825,0.0,-93.0,288.0,,0.028444264057629454,0.048,-1.3294527784802095,0.03333333333333333,0.0,-0.0
1744722218.560153,0.0,-93.0,288.0,,0.028444264057629454,0.048,-1.3294527784802095,0.03333333333333333,0.0,-0.0
1744722218.7674415,0.0,-93.0,288.0,,0.028444264057629454,0.048,-1.3294527784802095,0.03333333333333333,0.0,-0.0
1744722218.9789126,0.0,-93.0,288.0,,0.028444264057629454,0.048,-1.3294527784802095,0.03333333333333333,0.0,-0.0
1744722219.1921353,0.0,-93.0,288.0,,0.028444264057629454,0.048,-1.3294527784802095,0.03333333333333333,0.0,-0.0
1744722219.4001267,0.0,-93.0,288.0,,0.028444264057629454,0.048,-1.3294527784802095,0.03333333333333333,0.0,-0.0
1744722219.599482,0.0,-93.0,288.0,,0.028444264057629454,0.048,-1.3294527784802095,0.03333333333333333,0.0,-0.0
1744722219.8060865,0.0,-93.0,288.0,,0.028444264057629454,0.048,-1.3294527784802095,0.03333333333333333,0.0,-0.0
1744722220.0112467,0.0,-93.0,288.0,,0.028444264057629454,0.048,-1.3294527784802095,0.03333333333333333,0.0,-0.0
1744722220.224001,0.0,-93.0,288.0,,0.028444264057629454,0.048,-1.3294527784802095,0.03333333333333333,0.0,-0.0
1744722220.4393966,0.0,-93.0,288.0,,0.028444264057629454,0.048,-1.3294527784802095,0.03333333333333333,0.0,-0.0
1744722220.650281,0.0,-93.0,288.0,,0.028444264057629454,0.048,-1.3294527784802095,0.03333333333333333,0.0,-0.0
1744722220.8696246,0.0,-93.0,288.0,,0.028444264057629454,0.048,-1.3294527784802095,0.03333333333333333,0.0,-0.0
1744722221.0736628,0.0,-93.0,288.0,,0.028444264057629454,0.048,-1.3294527784802095,0.03333333333333333,0.0,-0.0
1744722221.2690067,0.0,-93.0,288.0,,0.028444264057629454,0.048,-1.3294527784802095,0.03333333333333333,0.0,-0.0
1744722221.464867,0.0,-93.0,288.0,,0.028444264057629454,0.048,-1.3294527784802095,0.03333333333333333,0.0,-0.0
1744722221.667127,0.0,-93.0,288.0,,0.028444264057629454,0.048,-1.3294527784802095,0.03333333333333333,0.0,-0.0
1744722221.8901298,0.0,-93.0,288.0,,0.028444264057629454,0.048,-1.3294527784802095,0.03333333333333333,0.0,-0.0
1744722222.10927,0.0,-93.0,288.0,,0.028444264057629454,0.048,-1.3294527784802095,0.03333333333333333,0.0,-0.0
1744722222.3735979,0.0,-93.0,288.0,,0.028444264057629454,0.048,-1.3294527784802095,0.03333333333333333,0.0,-0.0
1744722222.6083176,0.0,-93.0,288.0,,0.028444264057629454,0.048,-1.3294527784802095,0.03333333333333333,0.0,-0.0
1744722222.8215654,0.0,-93.0,288.0,,0.028444264057629454,0.048,-1.3294527784802095,0.03333333333333333,0.0,-0.0
1744722223.030593,0.0,-93.0,288.0,,0.028444264057629454,0.048,-1.3294527784802095,0.03333333333333333,0.0,-0.0
1744722223.2419884,0.0,-93.0,288.0,,0.028444264057629454,0.048,-1.3294527784802095,0.03333333333333333,0.0,-0.0
1744722223.4476433,0.0,-93.0,288.0,,0.028444264057629454,0.048,-1.3294527784802095,0.03333333333333333,0.0,-0.0
1744722223.6656318,0.0,-93.0,288.0,,0.028444264057629454,0.048,-1.3294527784802095,0.03333333333333333,0.0,-0.0
1744722223.8811047,0.0,-93.0,288.0,,0.028444264057629454,0.048,-1.3294527784802095,0.03333333333333333,0.0,-0.0
1744722224.094141,0.0,-93.0,288.0,,0.028444264057629454,0.048,-1.3294527784802095,0.03333333333333333,0.0,-0.0
1744722224.3147206,0.0,-93.0,288.0,,0.028444264057629454,0.048,-1.3294527784802095,0.03333333333333333,0.0,-0.0
1744722224.5226371,0.0,-93.0,288.0,,0.028444264057629454,0.048,-1.3294527784802095,0.03333333333333333,0.0,-0.0
1744722224.7315774,0.0,-93.0,288.0,,0.028444264057629454,0.048,-1.3294527784802095,0.03333333333333333,0.0,-0.0
1744722224.942095,0.0,-93.0,288.0,,0.028444264057629454,0.048,-1.3294527784802095,0.03333333333333333,0.0,-0.0
1744722225.1532702,0.0,-93.0,288.0,,0.028444264057629454,0.048,-1.3294527784802095,0.03333333333333333,0.0,-0.0
1744722225.363489,0.0,-93.0,288.0,,0.028444264057629454,0.048,-1.3294527784802095,0.03333333333333333,0.0,-0.0
1744722225.5622993,0.0,-93.0,288.0,,0.028444264057629454,0.048,-1.3294527784802095,0.03333333333333333,0.0,-0.0
1744722225.7601078,0.0,-93.0,288.0,,0.028444264057629454,0.048,-1.3294527784802095,0.03333333333333333,0.0,-0.0
1744722225.963697,0.0,-93.0,288.0,,0.028444264057629454,0.048,-1.3294527784802095,0.03333333333333333,0.0,-0.0
1744722226.1693861,0.0,-93.0,288.0,,0.028444264057629454,0.048,-1.3294527784802095,0.03333333333333333,0.0,-0.0
1744722226.383919,0.0,-93.0,288.0,,0.028444264057629454,0.048,-1.3294527784802095,0.03333333333333333,0.0,-0.0
1744722226.5810611,0.0,-93.0,288.0,,0.028444264057629454,0.048,-1.3294527784802095,0.03333333333333333,0.0,-0.0
1744722226.7872536,0.0,-93.0,288.0,,0.028444264057629454,0.048,-1.3294527784802095,0.03333333333333333,0.0,-0.0
1744722226.9908066,0.0,-93.0,288.0,,0.028444264057629454,0.048,-1.3294527784802095,0.03333333333333333,0.0,-0.0
1744722227.1987607,0.0,-93.0,288.0,,0.028444264057629454,0.048,-1.3294527784802095,0.03333333333333333,0.0,-0.0
1744722227.3996217,0.0,-93.0,288.0,,0.028444264057629454,0.048,-1.3294527784802095,0.03333333333333333,0.0,-0.0
1744722227.6133435,0.0,-93.0,288.0,,0.028444264057629454,0.048,-1.3294527784802095,0.03333333333333333,0.0,-0.0
1744722227.8152711,0.0,-93.0,288.0,,0.028444264057629454,0.048,-1.3294527784802095,0.03333333333333333,0.0,-0.0
1744722228.0165522,0.0,-93.0,288.0,,0.028444264057629454,0.048,-1.3294527784802095,0.03333333333333333,0.0,-0.0
1744722228.2187352,0.0,-93.0,288.0,,0.028444264057629454,0.048,-1.3294527784802095,0.03333333333333333,0.0,-0.0
1744722228.4218621,0.0,-93.0,288.0,,0.028444264057629454,0.048,-1.3294527784802095,0.03333333333333333,0.0,-0.0
1744722228.6236603,0.0,-93.0,288.0,,0.028444264057629454,0.048,-1.3294527784802095,0.03333333333333333,0.0,-0.0
1744722228.8280864,0.0,-93.0,288.0,,0.028444264057629454,0.048,-1.3294527784802095,0.03333333333333333,0.0,-0.0
1744722229.0239363,0.0,-93.0,288.0,,0.028444264057629454,0.048,-1.3294527784802095,0.03333333333333333,0.0,-0.0
1744722229.2231894,0.0,-93.0,288.0,,0.028444264057629454,0.048,-1.3294527784802095,0.03333333333333333,0.0,-0.0
1744722229.423795,0.0,-93.0,288.0,,0.028444264057629454,0.048,-1.3294527784802095,0.03333333333333333,0.0,-0.0
1744722229.629421,0.0,-93.0,288.0,,0.028444264057629454,0.048,-1.3294527784802095,0.03333333333333333,0.0,-0.0
1744722229.8291023,0.0,-93.0,288.0,,0.028444264057629454,0.048,-1.3294527784802095,0.03333333333333333,0.0,-0.0
1744722230.0343666,0.0,-93.0,288.0,,0.028444264057629454,0.048,-1.3294527784802095,0.03333333333333333,0.0,-0.0
1744722230.2363963,0.0,-93.0,288.0,,0.028444264057629454,0.048,-1.3294527784802095,0.03333333333333333,0.0,-0.0
1744722230.4449778,0.0,-93.0,288.0,,0.028444264057629454,0.048,-1.3294527784802095,0.03333333333333333,0.0,-0.0
1744722230.6512167,0.0,-93.0,288.0,,0.028444264057629454,0.048,-1.3294527784802095,0.03333333333333333,0.0,-0.0
1744722230.8583019,0.0,-93.0,288.0,,0.028444264057629454,0.048,-1.3294527784802095,0.03333333333333333,0.0,-0.0
1744722231.0641754,0.0,-93.0,288.0,,0.028444264057629454,0.048,-1.3294527784802095,0.03333333333333333,0.0,-0.0
1744722231.2652116,0.0,-93.0,288.0,,0.028444264057629454,0.048,-1.3294527784802095,0.03333333333333333,0.0,-0.0
1744722231.463789,0.0,-93.0,288.0,,0.028444264057629454,0.048,-1.3294527784802095,0.03333333333333333,0.0,-0.0
1744722231.6659684,0.0,-93.0,288.0,,0.028444264057629454,0.048,-1.3294527784802095,0.03333333333333333,0.0,-0.0
1744722231.8720896,0.0,-93.0,288.0,,0.028444264057629454,0.048,-1.3294527784802095,0.03333333333333333,0.0,-0.0
1744722232.081693,0.0,-93.0,288.0,,0.028444264057629454,0.048,-1.3294527784802095,0.03333333333333333,0.0,-0.0
1744722232.293849,0.0,-93.0,288.0,,0.028444264057629454,0.048,-1.3294527784802095,0.03333333333333333,0.0,-0.0
1744722232.5019333,0.0,-93.0,288.0,,0.028444264057629454,0.048,-1.3294527784802095,0.03333333333333333,0.0,-0.0
1744722232.7147076,0.0,-93.0,288.0,,0.028444264057629454,0.048,-1.3294527784802095,0.03333333333333333,0.0,-0.0
1744722232.9292345,0.0,-93.0,288.0,,0.028444264057629454,0.048,-1.3294527784802095,0.03333333333333333,0.0,-0.0
1744722233.1379228,0.0,-93.0,288.0,,0.028444264057629454,0.048,-1.3294527784802095,0.03333333333333333,0.0,-0.0
1744722233.34596,0.0,-93.0,288.0,,0.028444264057629454,0.048,-1.3294527784802095,0.03333333333333333,0.0,-0.0
1744722233.547467,0.0,-93.0,288.0,,0.028444264057629454,0.048,-1.3294527784802095,0.03333333333333333,0.0,-0.0
1744722233.7496827,0.0,-93.0,288.0,,0.028444264057629454,0.048,-1.3294527784802095,0.03333333333333333,0.0,-0.0
1744722233.9581373,0.0,-93.0,288.0,,0.028444264057629454,0.048,-1.3294527784802095,0.03333333333333333,0.0,-0.0
1744722234.1587155,0.0,-93.0,288.0,,0.028444264057629454,0.048,-1.3294527784802095,0.03333333333333333,0.0,-0.0
1744722234.358116,0.0,-93.0,288.0,,0.028444264057629454,0.048,-1.3294527784802095,0.03333333333333333,0.0,-0.0
1744722234.564425,0.0,-93.0,288.0,,0.028444264057629454,0.048,-1.3294527784802095,0.03333333333333333,0.0,-0.0
1744722234.7682023,0.0,-93.0,288.0,,0.028444264057629454,0.048,-1.3294527784802095,0.03333333333333333,0.0,-0.0
1744722234.9715161,0.0,-93.0,288.0,,0.028444264057629454,0.048,-1.3294527784802095,0.03333333333333333,0.0,-0.0
1744722235.1811926,0.0,-93.0,288.0,,0.028444264057629454,0.048,-1.3294527784802095,0.03333333333333333,0.0,-0.0
1744722235.387052,0.0,-93.0,288.0,,0.028444264057629454,0.048,-1.3294527784802095,0.03333333333333333,0.0,-0.0
1744722235.5929425,0.0,-93.0,288.0,,0.028444264057629454,0.048,-1.3294527784802095,0.03333333333333333,0.0,-0.0
1744722235.8040266,0.0,-93.0,288.0,,0.028444264057629454,0.048,-1.3294527784802095,0.03333333333333333,0.0,-0.0
1744722236.0092175,0.0,-93.0,288.0,,0.028444264057629454,0.048,-1.3294527784802095,0.03333333333333333,0.0,-0.0
1744722236.2088332,0.0,-93.0,288.0,,0.028444264057629454,0.048,-1.3294527784802095,0.03333333333333333,0.0,-0.0
1744722236.407947,0.0,-93.0,288.0,,0.028444264057629454,0.048,-1.3294527784802095,0.03333333333333333,0.0,-0.0
1744722236.6071618,0.0,-93.0,288.0,,0.028444264057629454,0.048,-1.3294527784802095,0.03333333333333333,0.0,-0.0
1744722236.8245258,0.0,-93.0,288.0,,0.028444264057629454,0.048,-1.3294527784802095,0.03333333333333333,0.0,-0.0
1744722237.0440655,0.0,-93.0,288.0,,0.028444264057629454,0.048,-1.3294527784802095,0.03333333333333333,0.0,-0.0
1744722237.2611256,0.0,-93.0,288.0,,0.028444264057629454,0.048,-1.3294527784802095,0.03333333333333333,0.0,-0.0
1744722237.4725065,0.0,-93.0,288.0,,0.028444264057629454,0.048,-1.3294527784802095,0.03333333333333333,0.0,-0.0
1744722237.6851745,0.0,-93.0,288.0,,0.028444264057629454,0.048,-1.3294527784802095,0.03333333333333333,0.0,-0.0
1744722237.8978426,0.0,-93.0,288.0,,0.028444264057629454,0.048,-1.3294527784802095,0.03333333333333333,0.0,-0.0
1744722238.102681,0.0,-93.0,288.0,,0.028444264057629454,0.048,-1.3294527784802095,0.03333333333333333,0.0,-0.0
1744722238.312731,0.0,-93.0,288.0,,0.028444264057629454,0.048,-1.3294527784802095,0.03333333333333333,0.0,-0.0
1744722238.5271707,0.0,-93.0,288.0,,0.028444264057629454,0.048,-1.3294527784802095,0.03333333333333333,0.0,-0.0
1744722238.7416716,0.0,-93.0,288.0,,0.028444264057629454,0.048,-1.3294527784802095,0.03333333333333333,0.0,-0.0
1744722238.9622958,0.0,-93.0,288.0,,0.028444264057629454,0.048,-1.3294527784802095,0.03333333333333333,0.0,-0.0
1744722239.1899545,0.0,-93.0,288.0,,0.028444264057629454,0.048,-1.3294527784802095,0.03333333333333333,0.0,-0.0
1744722239.3998203,0.0,-93.0,288.0,,0.028444264057629454,0.048,-1.3294527784802095,0.03333333333333333,0.0,-0.0
1744722239.6098304,0.0,-93.0,288.0,,0.028444264057629454,0.048,-1.3294527784802095,0.03333333333333333,0.0,-0.0
1744722239.8262174,0.0,-93.0,288.0,,0.028444264057629454,0.048,-1.3294527784802095,0.03333333333333333,0.0,-0.0
1744722240.0276296,0.0,-93.0,288.0,,0.028444264057629454,0.048,-1.3294527784802095,0.03333333333333333,0.0,-0.0
1744722240.2355592,0.0,-93.0,288.0,,0.028444264057629454,0.048,-1.3294527784802095,0.03333333333333333,0.0,-0.0
1744722240.4383266,0.0,-93.0,288.0,,0.028444264057629454,0.048,-1.3294527784802095,0.03333333333333333,0.0,-0.0
1744722240.6339507,0.0,-93.0,288.0,,0.028444264057629454,0.048,-1.3294527784802095,0.03333333333333333,0.0,-0.0
1744722240.8321803,0.0,-93.0,288.0,,0.028444264057629454,0.048,-1.3294527784802095,0.03333333333333333,0.0,-0.0
1744722241.045674,0.0,-93.0,288.0,,0.028444264057629454,0.048,-1.3294527784802095,0.03333333333333333,0.0,-0.0
1744722241.2532823,0.0,-93.0,288.0,,0.028444264057629454,0.048,-1.3294527784802095,0.03333333333333333,0.0,-0.0
1744722241.4565527,0.0,-93.0,288.0,,0.028444264057629454,0.048,-1.3294527784802095,0.03333333333333333,0.0,-0.0
1744722241.6588335,0.0,-93.0,288.0,,0.028444264057629454,0.048,-1.3294527784802095,0.03333333333333333,0.0,-0.0
1744722241.8586884,0.0,-93.0,288.0,,0.028444264057629454,0.048,-1.3294527784802095,0.03333333333333333,0.0,-0.0
1744722242.0597546,0.0,-93.0,288.0,,0.028444264057629454,0.048,-1.3294527784802095,0.03333333333333333,0.0,-0.0
1744722242.2603831,0.0,-93.0,288.0,,0.028444264057629454,0.048,-1.3294527784802095,0.03333333333333333,0.0,-0.0
1744722242.4605267,0.0,-93.0,288.0,,0.028444264057629454,0.048,-1.3294527784802095,0.03333333333333333,0.0,-0.0
1744722242.660296,0.0,-93.0,288.0,,0.028444264057629454,0.048,-1.3294527784802095,0.03333333333333333,0.0,-0.0
1744722242.860832,0.0,-93.0,288.0,,0.028444264057629454,0.048,-1.3294527784802095,0.03333333333333333,0.0,-0.0
1744722243.060688,0.0,-93.0,288.0,,0.028444264057629454,0.048,-1.3294527784802095,0.03333333333333333,0.0,-0.0
1744722243.2610352,0.0,-93.0,288.0,,0.028444264057629454,0.048,-1.3294527784802095,0.03333333333333333,0.0,-0.0
1744722243.4640112,0.0,-93.0,288.0,,0.028444264057629454,0.048,-1.3294527784802095,0.03333333333333333,0.0,-0.0
1744722243.664253,0.0,-93.0,288.0,,0.028444264057629454,0.048,-1.3294527784802095,0.03333333333333333,0.0,-0.0
1744722243.869881,0.0,-93.0,288.0,,0.028444264057629454,0.048,-1.3294527784802095,0.03333333333333333,0.0,-0.0
1744722244.0733066,0.0,-93.0,288.0,,0.028444264057629454,0.048,-1.3294527784802095,0.03333333333333333,0.0,-0.0
1744722244.275356,0.0,-93.0,288.0,,0.028444264057629454,0.048,-1.3294527784802095,0.03333333333333333,0.0,-0.0
1744722244.4769855,0.0,-93.0,288.0,,0.028444264057629454,0.048,-1.3294527784802095,0.03333333333333333,0.0,-0.0
1744722244.6775298,0.0,-93.0,288.0,,0.028444264057629454,0.048,-1.3294527784802095,0.03333333333333333,0.0,-0.0
1744722244.877623,0.0,-93.0,288.0,,0.028444264057629454,0.048,-1.3294527784802095,0.03333333333333333,0.0,-0.0
1744722245.0818987,0.0,-93.0,288.0,,0.028444264057629454,0.048,-1.3294527784802095,0.03333333333333333,0.0,-0.0
1744722245.2968075,0.0,-93.0,288.0,,0.028444264057629454,0.048,-1.3294527784802095,0.03333333333333333,0.0,-0.0
1744722245.5019314,0.0,-93.0,288.0,,0.028444264057629454,0.048,-1.3294527784802095,0.03333333333333333,0.0,-0.0
1744722245.7067852,0.0,-93.0,288.0,,0.028444264057629454,0.048,-1.3294527784802095,0.03333333333333333,0.0,-0.0
1744722245.903031,0.0,-93.0,288.0,,0.028444264057629454,0.048,-1.3294527784802095,0.03333333333333333,0.0,-0.0
1744722246.0991335,0.0,-93.0,288.0,,0.028444264057629454,0.048,-1.3294527784802095,0.03333333333333333,0.0,-0.0
1744722246.3001354,0.0,-93.0,288.0,,0.028444264057629454,0.048,-1.3294527784802095,0.03333333333333333,0.0,-0.0
1744722246.5031135,0.0,-93.0,288.0,,0.028444264057629454,0.048,-1.3294527784802095,0.03333333333333333,0.0,-0.0
1744722246.708744,0.0,-93.0,288.0,,0.028444264057629454,0.048,-1.3294527784802095,0.03333333333333333,0.0,-0.0
1744722246.9142382,0.0,-93.0,288.0,,0.028444264057629454,0.048,-1.3294527784802095,0.03333333333333333,0.0,-0.0
1744722247.1158638,0.0,-93.0,288.0,,0.028444264057629454,0.048,-1.3294527784802095,0.03333333333333333,0.0,-0.0
1744722247.321631,0.0,-93.0,288.0,,0.028444264057629454,0.048,-1.3294527784802095,0.03333333333333333,0.0,-0.0
1744722247.525936,0.0,-93.0,288.0,,0.028444264057629454,0.048,-1.3294527784802095,0.03333333333333333,0.0,-0.0
1744722247.7341998,0.0,-93.0,288.0,,0.028444264057629454,0.048,-1.3294527784802095,0.03333333333333333,0.0,-0.0
1744722247.9405575,0.0,-93.0,288.0,,0.028444264057629454,0.048,-1.3294527784802095,0.03333333333333333,0.0,-0.0
1744722248.1491907,0.0,-93.0,288.0,,0.028444264057629454,0.048,-1.3294527784802095,0.03333333333333333,0.0,-0.0
1744722248.3522956,0.0,-93.0,288.0,,0.028444264057629454,0.048,-1.3294527784802095,0.03333333333333333,0.0,-0.0
1744722248.5563946,0.0,-93.0,288.0,,0.028444264057629454,0.048,-1.3294527784802095,0.03333333333333333,0.0,-0.0
1744722248.7535698,0.0,-93.0,288.0,,0.028444264057629454,0.048,-1.3294527784802095,0.03333333333333333,0.0,-0.0
1744722248.9599543,0.0,-93.0,288.0,,0.028444264057629454,0.048,-1.3294527784802095,0.03333333333333333,0.0,-0.0
1744722249.1569047,0.0,-93.0,288.0,,0.028444264057629454,0.048,-1.3294527784802095,0.03333333333333333,0.0,-0.0
1744722249.3867996,0.0,-93.0,288.0,,0.028444264057629454,0.048,-1.3294527784802095,0.03333333333333333,0.0,-0.0
1744722249.647163,0.0,-93.0,288.0,,0.028444264057629454,0.048,-1.3294527784802095,0.03333333333333333,0.0,-0.0
1744722249.883516,0.0,-93.0,288.0,,0.028444264057629454,0.048,-1.3294527784802095,0.03333333333333333,0.0,-0.0
1744722250.101331,0.0,-93.0,288.0,,0.028444264057629454,0.048,-1.3294527784802095,0.03333333333333333,0.0,-0.0
1744722250.3168375,0.0,-93.0,288.0,,0.028444264057629454,0.048,-1.3294527784802095,0.03333333333333333,0.0,-0.0
1744722250.5877829,0.0,-93.0,288.0,,0.028444264057629454,0.048,-1.3294527784802095,0.03333333333333333,0.0,-0.0
1744722250.8369422,0.0,-93.0,288.0,,0.028444264057629454,0.048,-1.3294527784802095,0.03333333333333333,0.0,-0.0
1744722251.0701866,0.0,-93.0,288.0,,0.028444264057629454,0.048,-1.3294527784802095,0.03333333333333333,0.0,-0.0
1744722251.2975998,0.0,-93.0,288.0,,0.028444264057629454,0.048,-1.3294527784802095,0.03333333333333333,0.0,-0.0
1744722251.530102,0.0,-93.0,288.0,,0.028444264057629454,0.048,-1.3294527784802095,0.03333333333333333,0.0,-0.0
1744722251.7487297,0.0,-93.0,288.0,,0.028444264057629454,0.048,-1.3294527784802095,0.03333333333333333,0.0,-0.0
1744722251.9676554,0.0,-93.0,288.0,,0.028444264057629454,0.048,-1.3294527784802095,0.03333333333333333,0.0,-0.0
1744722252.1801176,0.0,-93.0,288.0,,0.028444264057629454,0.048,-1.3294527784802095,0.03333333333333333,0.0,-0.0
1744722252.393498,0.0,-93.0,288.0,,0.028444264057629454,0.048,-1.3294527784802095,0.03333333333333333,0.0,-0.0
1744722252.5998697,0.0,-93.0,288.0,,0.028444264057629454,0.048,-1.3294527784802095,0.03333333333333333,0.0,-0.0
1744722252.8375857,0.0,-93.0,288.0,,0.028444264057629454,0.048,-1.3294527784802095,0.03333333333333333,0.0,-0.0
1744722253.0619152,0.0,-93.0,288.0,,0.028444264057629454,0.048,-1.3294527784802095,0.03333333333333333,0.0,-0.0
1744722253.286207,0.0,-93.0,288.0,,0.028444264057629454,0.048,-1.3294527784802095,0.03333333333333333,0.0,-0.0
1744722253.5018916,0.0,-93.0,288.0,,0.028444264057629454,0.048,-1.3294527784802095,0.03333333333333333,0.0,-0.0
1744722253.72573,0.0,-93.0,288.0,,0.028444264057629454,0.048,-1.3294527784802095,0.03333333333333333,0.0,-0.0
1744722253.957899,0.0,-93.0,288.0,,0.028444264057629454,0.048,-1.3294527784802095,0.03333333333333333,0.0,-0.0
1744722254.183338,0.0,-93.0,288.0,,0.028444264057629454,0.048,-1.3294527784802095,0.03333333333333333,0.0,-0.0
1744722254.4124355,0.0,-93.0,288.0,,0.028444264057629454,0.048,-1.3294527784802095,0.03333333333333333,0.0,-0.0
1744722254.625276,0.0,-93.0,288.0,,0.028444264057629454,0.048,-1.3294527784802095,0.03333333333333333,0.0,-0.0
1744722254.8330653,0.0,-93.0,288.0,,0.028444264057629454,0.048,-1.3294527784802095,0.03333333333333333,0.0,-0.0
1744722255.036233,0.0,-93.0,288.0,,0.028444264057629454,0.048,-1.3294527784802095,0.03333333333333333,0.0,-0.0
1744722255.254069,0.0,-93.0,288.0,,0.028444264057629454,0.048,-1.3294527784802095,0.03333333333333333,0.0,-0.0
1744722255.458554,0.0,-93.0,288.0,,0.028444264057629454,0.048,-1.3294527784802095,0.03333333333333333,0.0,-0.0
1744722255.6659882,0.0,-93.0,288.0,,0.028444264057629454,0.048,-1.3294527784802095,0.03333333333333333,0.0,-0.0
1744722255.8735309,0.0,-93.0,288.0,,0.028444264057629454,0.048,-1.3294527784802095,0.03333333333333333,0.0,-0.0
1744722256.0769994,0.0,-93.0,288.0,,0.028444264057629454,0.048,-1.3294527784802095,0.03333333333333333,0.0,-0.0
1744722256.2806845,0.0,-93.0,288.0,,0.028444264057629454,0.048,-1.3294527784802095,0.03333333333333333,0.0,-0.0
1744722256.4832804,0.0,-93.0,288.0,,0.028444264057629454,0.048,-1.3294527784802095,0.03333333333333333,0.0,-0.0
1744722256.6863222,0.0,-93.0,288.0,,0.028444264057629454,0.048,-1.3294527784802095,0.03333333333333333,0.0,-0.0
1744722256.883324,0.0,-93.0,288.0,,0.028444264057629454,0.048,-1.3294527784802095,0.03333333333333333,0.0,-0.0
1744722257.0854352,0.0,-93.0,288.0,,0.028444264057629454,0.048,-1.3294527784802095,0.03333333333333333,0.0,-0.0
1744722257.3003263,0.0,-93.0,288.0,,0.028444264057629454,0.048,-1.3294527784802095,0.03333333333333333,0.0,-0.0
1744722257.5099483,0.0,-93.0,288.0,,0.028444264057629454,0.048,-1.3294527784802095,0.03333333333333333,0.0,-0.0
1744722257.7166843,0.0,-93.0,288.0,,0.028444264057629454,0.048,-1.3294527784802095,0.03333333333333333,0.0,-0.0
1744722257.9220634,0.0,-93.0,288.0,,0.028444264057629454,0.048,-1.3294527784802095,0.03333333333333333,0.0,-0.0
1744722258.121659,0.0,-93.0,288.0,,0.028444264057629454,0.048,-1.3294527784802095,0.03333333333333333,0.0,-0.0
1744722258.3217309,0.0,-93.0,288.0,,0.028444264057629454,0.048,-1.3294527784802095,0.03333333333333333,0.0,-0.0
1744722258.5232048,0.0,-93.0,288.0,,0.028444264057629454,0.048,-1.3294527784802095,0.03333333333333333,0.0,-0.0
1744722258.7234328,0.0,-93.0,288.0,,0.028444264057629454,0.048,-1.3294527784802095,0.03333333333333333,0.0,-0.0
1744722258.933214,0.0,-93.0,288.0,,0.028444264057629454,0.048,-1.3294527784802095,0.03333333333333333,0.0,-0.0
1744722259.136805,0.0,-93.0,288.0,,0.028444264057629454,0.048,-1.3294527784802095,0.03333333333333333,0.0,-0.0
1744722259.348808,0.0,-93.0,288.0,,0.028444264057629454,0.048,-1.3294527784802095,0.03333333333333333,0.0,-0.0
1744722259.5601752,0.0,-93.0,288.0,,0.028444264057629454,0.048,-1.3294527784802095,0.03333333333333333,0.0,-0.0
1744722259.7684624,0.0,-93.0,288.0,,0.028444264057629454,0.048,-1.3294527784802095,0.03333333333333333,0.0,-0.0
1744722259.9693766,0.0,-93.0,288.0,,0.028444264057629454,0.048,-1.3294527784802095,0.03333333333333333,0.0,-0.0
1744722260.1785507,0.0,-93.0,288.0,,0.028444264057629454,0.048,-1.3294527784802095,0.03333333333333333,0.0,-0.0
1744722260.3813024,0.0,-93.0,288.0,,0.028444264057629454,0.048,-1.3294527784802095,0.03333333333333333,0.0,-0.0
1744722260.5833228,0.0,-93.0,288.0,,0.028444264057629454,0.048,-1.3294527784802095,0.03333333333333333,0.0,-0.0
1744722260.7921572,0.0,-93.0,288.0,,0.028444264057629454,0.048,-1.3294527784802095,0.03333333333333333,0.0,-0.0
1744722260.999685,0.0,-93.0,288.0,,0.028444264057629454,0.048,-1.3294527784802095,0.03333333333333333,0.0,-0.0
1744722261.204393,0.0,-93.0,288.0,,0.028444264057629454,0.048,-1.3294527784802095,0.03333333333333333,0.0,-0.0
1744722261.4099257,0.0,-93.0,288.0,,0.028444264057629454,0.048,-1.3294527784802095,0.03333333333333333,0.0,-0.0
1744722261.6081612,0.0,-93.0,288.0,,0.028444264057629454,0.048,-1.3294527784802095,0.03333333333333333,0.0,-0.0
1744722261.812443,0.0,-93.0,288.0,,0.028444264057629454,0.048,-1.3294527784802095,0.03333333333333333,0.0,-0.0
1744722262.0155063,0.0,-93.0,288.0,,0.028444264057629454,0.048,-1.3294527784802095,0.03333333333333333,0.0,-0.0
1744722262.220123,0.0,-93.0,288.0,,0.028444264057629454,0.048,-1.3294527784802095,0.03333333333333333,0.0,-0.0
1744722262.4195738,0.0,-93.0,288.0,,0.028444264057629454,0.048,-1.3294527784802095,0.03333333333333333,0.0,-0.0
1744722262.6167178,0.0,-93.0,288.0,,0.028444264057629454,0.048,-1.3294527784802095,0.03333333333333333,0.0,-0.0
1744722262.8168445,0.0,-93.0,288.0,,0.028444264057629454,0.048,-1.3294527784802095,0.03333333333333333,0.0,-0.0
1744722263.0195143,0.0,-93.0,288.0,,0.028444264057629454,0.048,-1.3294527784802095,0.03333333333333333,0.0,-0.0
1744722263.219296,0.0,-93.0,288.0,,0.028444264057629454,0.048,-1.3294527784802095,0.03333333333333333,0.0,-0.0
1744722263.4211552,0.0,-93.0,288.0,,0.028444264057629454,0.048,-1.3294527784802095,0.03333333333333333,0.0,-0.0
1744722263.623887,0.0,-93.0,288.0,,0.028444264057629454,0.048,-1.3294527784802095,0.03333333333333333,0.0,-0.0
1744722263.837148,0.0,-93.0,288.0,,0.028444264057629454,0.048,-1.3294527784802095,0.03333333333333333,0.0,-0.0
1744722264.0515711,0.0,-93.0,288.0,,0.028444264057629454,0.048,-1.3294527784802095,0.03333333333333333,0.0,-0.0
1744722264.2587817,0.0,-93.0,288.0,,0.028444264057629454,0.048,-1.3294527784802095,0.03333333333333333,0.0,-0.0
1744722264.4614768,0.0,-93.0,288.0,,0.028444264057629454,0.048,-1.3294527784802095,0.03333333333333333,0.0,-0.0
1744722264.6659207,0.0,-93.0,288.0,,0.028444264057629454,0.048,-1.3294527784802095,0.03333333333333333,0.0,-0.0
1744722264.8656914,0.0,-93.0,288.0,,0.028444264057629454,0.048,-1.3294527784802095,0.03333333333333333,0.0,-0.0
1744722265.071615,0.0,-93.0,288.0,,0.028444264057629454,0.048,-1.3294527784802095,0.03333333333333333,0.0,-0.0
1744722265.2832525,0.0,-93.0,288.0,,0.028444264057629454,0.048,-1.3294527784802095,0.03333333333333333,0.0,-0.0
1744722265.4903662,0.0,-93.0,288.0,,0.028444264057629454,0.048,-1.3294527784802095,0.03333333333333333,0.0,-0.0
1744722265.6894581,0.0,-93.0,288.0,,0.028444264057629454,0.048,-1.3294527784802095,0.03333333333333333,0.0,-0.0
1744722265.8922155,0.0,-93.0,288.0,,0.028444264057629454,0.048,-1.3294527784802095,0.03333333333333333,0.0,-0.0
1744722266.0941684,0.0,-93.0,288.0,,0.028444264057629454,0.048,-1.3294527784802095,0.03333333333333333,0.0,-0.0
1744722266.2973535,0.0,-93.0,288.0,,0.028444264057629454,0.048,-1.3294527784802095,0.03333333333333333,0.0,-0.0
1744722266.497451,0.0,-93.0,288.0,,0.028444264057629454,0.048,-1.3294527784802095,0.03333333333333333,0.0,-0.0
1744722266.7012184,0.0,-93.0,288.0,,0.028444264057629454,0.048,-1.3294527784802095,0.03333333333333333,0.0,-0.0
1744722266.9179919,0.0,-93.0,288.0,,0.028444264057629454,0.048,-1.3294527784802095,0.03333333333333333,0.0,-0.0
1744722267.1273918,0.0,-93.0,288.0,,0.028444264057629454,0.048,-1.3294527784802095,0.03333333333333333,0.0,-0.0
1744722267.3468268,0.0,-93.0,288.0,,0.028444264057629454,0.048,-1.3294527784802095,0.03333333333333333,0.0,-0.0
1744722267.5555317,0.0,-93.0,288.0,,0.028444264057629454,0.048,-1.3294527784802095,0.03333333333333333,0.0,-0.0
1744722267.7591379,0.0,-93.0,288.0,,0.028444264057629454,0.048,-1.3294527784802095,0.03333333333333333,0.0,-0.0
1744722267.9630754,0.0,-93.0,288.0,,0.028444264057629454,0.048,-1.3294527784802095,0.03333333333333333,0.0,-0.0
1744722268.1655204,0.0,-93.0,288.0,,0.028444264057629454,0.048,-1.3294527784802095,0.03333333333333333,0.0,-0.0
1744722268.3712487,0.0,-93.0,288.0,,0.028444264057629454,0.048,-1.3294527784802095,0.03333333333333333,0.0,-0.0
1744722268.588026,0.0,-93.0,288.0,,0.028444264057629454,0.048,-1.3294527784802095,0.03333333333333333,0.0,-0.0
1744722268.8059297,0.0,-93.0,288.0,,0.028444264057629454,0.048,-1.3294527784802095,0.03333333333333333,0.0,-0.0
1744722269.0269957,0.0,-93.0,288.0,,0.028444264057629454,0.048,-1.3294527784802095,0.03333333333333333,0.0,-0.0
1744722269.2535577,0.0,-93.0,288.0,,0.028444264057629454,0.048,-1.3294527784802095,0.03333333333333333,0.0,-0.0
1744722269.4709375,0.0,-93.0,288.0,,0.028444264057629454,0.048,-1.3294527784802095,0.03333333333333333,0.0,-0.0
1744722269.6829503,0.0,-93.0,288.0,,0.028444264057629454,0.048,-1.3294527784802095,0.03333333333333333,0.0,-0.0
1744722269.88944,0.0,-93.0,288.0,,0.028444264057629454,0.048,-1.3294527784802095,0.03333333333333333,0.0,-0.0
1744722270.1180487,0.0,-93.0,288.0,,0.028444264057629454,0.048,-1.3294527784802095,0.03333333333333333,0.0,-0.0
1744722270.3524714,0.0,-93.0,288.0,,0.028444264057629454,0.048,-1.3294527784802095,0.03333333333333333,0.0,-0.0
1744722270.5959938,0.0,-93.0,288.0,,0.028444264057629454,0.048,-1.3294527784802095,0.03333333333333333,0.0,-0.0
1744722270.8427896,0.0,-93.0,288.0,,0.028444264057629454,0.048,-1.3294527784802095,0.03333333333333333,0.0,-0.0
1744722271.0735126,0.0,-93.0,288.0,,0.028444264057629454,0.048,-1.3294527784802095,0.03333333333333333,0.0,-0.0
1744722271.2953181,0.0,-93.0,288.0,,0.028444264057629454,0.048,-1.3294527784802095,0.03333333333333333,0.0,-0.0
1744722271.5296125,0.0,-93.0,288.0,,0.028444264057629454,0.048,-1.3294527784802095,0.03333333333333333,0.0,-0.0
1744722271.7587852,0.0,-93.0,288.0,,0.028444264057629454,0.048,-1.3294527784802095,0.03333333333333333,0.0,-0.0
1744722271.9744594,0.0,-93.0,288.0,,0.028444264057629454,0.048,-1.3294527784802095,0.03333333333333333,0.0,-0.0
1744722272.1861005,0.0,-93.0,288.0,,0.028444264057629454,0.048,-1.3294527784802095,0.03333333333333333,0.0,-0.0
1744722272.4076843,0.0,-93.0,288.0,,0.028444264057629454,0.048,-1.3294527784802095,0.03333333333333333,0.0,-0.0
1744722272.6225567,0.0,-93.0,288.0,,0.028444264057629454,0.048,-1.3294527784802095,0.03333333333333333,0.0,-0.0
1744722272.8239288,0.0,-93.0,288.0,,0.028444264057629454,0.048,-1.3294527784802095,0.03333333333333333,0.0,-0.0
1744722273.0283139,0.0,-93.0,288.0,,0.028444264057629454,0.048,-1.3294527784802095,0.03333333333333333,0.0,-0.0
1744722273.2374282,0.0,-93.0,288.0,,0.028444264057629454,0.048,-1.3294527784802095,0.03333333333333333,0.0,-0.0
1744722273.449561,0.0,-93.0,288.0,,0.028444264057629454,0.048,-1.3294527784802095,0.03333333333333333,0.0,-0.0
1744722273.652431,0.0,-93.0,288.0,,0.028444264057629454,0.048,-1.3294527784802095,0.03333333333333333,0.0,-0.0
1744722273.8550873,0.0,-93.0,288.0,,0.028444264057629454,0.048,-1.3294527784802095,0.03333333333333333,0.0,-0.0
1744722274.0599182,0.0,-93.0,288.0,,0.028444264057629454,0.048,-1.3294527784802095,0.03333333333333333,0.0,-0.0
1744722274.2650547,0.0,-93.0,288.0,,0.028444264057629454,0.048,-1.3294527784802095,0.03333333333333333,0.0,-0.0
1744722274.4677432,0.0,-93.0,288.0,,0.028444264057629454,0.048,-1.3294527784802095,0.03333333333333333,0.0,-0.0
1744722274.6662111,0.0,-93.0,288.0,,0.028444264057629454,0.048,-1.3294527784802095,0.03333333333333333,0.0,-0.0
1744722274.864112,0.0,-93.0,288.0,,0.028444264057629454,0.048,-1.3294527784802095,0.03333333333333333,0.0,-0.0
1744722275.066527,0.0,-93.0,288.0,,0.028444264057629454,0.048,-1.3294527784802095,0.03333333333333333,0.0,-0.0
1744722275.267519,0.0,-93.0,288.0,,0.028444264057629454,0.048,-1.3294527784802095,0.03333333333333333,0.0,-0.0
1744722275.468235,0.0,-93.0,288.0,,0.028444264057629454,0.048,-1.3294527784802095,0.03333333333333333,0.0,-0.0
1744722275.6721797,0.0,-93.0,288.0,,0.028444264057629454,0.048,-1.3294527784802095,0.03333333333333333,0.0,-0.0
1744722275.8810234,0.0,-93.0,288.0,,0.028444264057629454,0.048,-1.3294527784802095,0.03333333333333333,0.0,-0.0
1744722276.0864463,0.0,-93.0,288.0,,0.028444264057629454,0.048,-1.3294527784802095,0.03333333333333333,0.0,-0.0
1744722276.289498,0.0,-93.0,288.0,,0.028444264057629454,0.048,-1.3294527784802095,0.03333333333333333,0.0,-0.0
1744722276.501903,0.0,-93.0,288.0,,0.028444264057629454,0.048,-1.3294527784802095,0.03333333333333333,0.0,-0.0
1744722276.7030203,0.0,-93.0,288.0,,0.028444264057629454,0.048,-1.3294527784802095,0.03333333333333333,0.0,-0.0
1744722276.9032576,0.0,-93.0,288.0,,0.028444264057629454,0.048,-1.3294527784802095,0.03333333333333333,0.0,-0.0
1744722277.1082306,0.0,-93.0,288.0,,0.028444264057629454,0.048,-1.3294527784802095,0.03333333333333333,0.0,-0.0
1744722277.3118494,0.0,-93.0,288.0,,0.028444264057629454,0.048,-1.3294527784802095,0.03333333333333333,0.0,-0.0
1744722277.5152557,0.0,-93.0,288.0,,0.028444264057629454,0.048,-1.3294527784802095,0.03333333333333333,0.0,-0.0
1744722277.7212203,0.0,-93.0,288.0,,0.028444264057629454,0.048,-1.3294527784802095,0.03333333333333333,0.0,-0.0
1744722277.9292889,0.0,-93.0,288.0,,0.028444264057629454,0.048,-1.3294527784802095,0.03333333333333333,0.0,-0.0
1744722278.1332872,0.0,-93.0,288.0,,0.028444264057629454,0.048,-1.3294527784802095,0.03333333333333333,0.0,-0.0
1744722278.3413527,0.0,-93.0,288.0,,0.028444264057629454,0.048,-1.3294527784802095,0.03333333333333333,0.0,-0.0
1744722278.543208,0.0,-93.0,288.0,,0.028444264057629454,0.048,-1.3294527784802095,0.03333333333333333,0.0,-0.0
1744722278.7463198,0.0,-93.0,288.0,,0.028444264057629454,0.048,-1.3294527784802095,0.03333333333333333,0.0,-0.0
1744722278.9572887,0.0,-93.0,288.0,,0.028444264057629454,0.048,-1.3294527784802095,0.03333333333333333,0.0,-0.0
1744722279.1608868,0.0,-93.0,288.0,,0.028444264057629454,0.048,-1.3294527784802095,0.03333333333333333,0.0,-0.0
1744722279.3602216,0.0,-93.0,288.0,,0.028444264057629454,0.048,-1.3294527784802095,0.03333333333333333,0.0,-0.0
1744722279.5613766,0.0,-93.0,288.0,,0.028444264057629454,0.048,-1.3294527784802095,0.03333333333333333,0.0,-0.0
1744722279.7646933,0.0,-93.0,288.0,,0.028444264057629454,0.048,-1.3294527784802095,0.03333333333333333,0.0,-0.0
1744722279.9775355,0.0,-93.0,288.0,,0.028444264057629454,0.048,-1.3294527784802095,0.03333333333333333,0.0,-0.0
1744722280.1809947,0.0,-93.0,288.0,,0.028444264057629454,0.048,-1.3294527784802095,0.03333333333333333,0.0,-0.0
1744722280.3793764,0.0,-93.0,288.0,,0.028444264057629454,0.048,-1.3294527784802095,0.03333333333333333,0.0,-0.0
1744722280.5756989,0.0,-93.0,288.0,,0.028444264057629454,0.048,-1.3294527784802095,0.03333333333333333,0.0,-0.0
1744722280.7732434,0.0,-93.0,288.0,,0.028444264057629454,0.048,-1.3294527784802095,0.03333333333333333,0.0,-0.0
1744722280.9768279,0.0,-93.0,288.0,,0.028444264057629454,0.048,-1.3294527784802095,0.03333333333333333,0.0,-0.0
1744722281.178299,0.0,-93.0,288.0,,0.028444264057629454,0.048,-1.3294527784802095,0.03333333333333333,0.0,-0.0
1744722281.3793955,0.0,-93.0,288.0,,0.028444264057629454,0.048,-1.3294527784802095,0.03333333333333333,0.0,-0.0
1744722281.5824103,0.0,-93.0,288.0,,0.028444264057629454,0.048,-1.3294527784802095,0.03333333333333333,0.0,-0.0
1744722281.784792,0.0,-93.0,288.0,,0.028444264057629454,0.048,-1.3294527784802095,0.03333333333333333,0.0,-0.0
1744722282.0171475,0.0,-93.0,288.0,,0.028444264057629454,0.048,-1.3294527784802095,0.03333333333333333,0.0,-0.0
1744722282.2343228,0.0,-93.0,288.0,,0.028444264057629454,0.048,-1.3294527784802095,0.03333333333333333,0.0,-0.0
1744722282.448978,0.0,-93.0,288.0,,0.028444264057629454,0.048,-1.3294527784802095,0.03333333333333333,0.0,-0.0
1744722282.6674967,0.0,-93.0,288.0,,0.028444264057629454,0.048,-1.3294527784802095,0.03333333333333333,0.0,-0.0
1744722282.8800404,0.0,-93.0,288.0,,0.028444264057629454,0.048,-1.3294527784802095,0.03333333333333333,0.0,-0.0
1744722283.095505,0.0,-93.0,288.0,,0.028444264057629454,0.048,-1.3294527784802095,0.03333333333333333,0.0,-0.0
1744722283.3198142,0.0,-93.0,288.0,,0.028444264057629454,0.048,-1.3294527784802095,0.03333333333333333,0.0,-0.0
1744722283.5232255,0.0,-93.0,288.0,,0.028444264057629454,0.048,-1.3294527784802095,0.03333333333333333,0.0,-0.0
1744722283.7419426,0.0,-93.0,288.0,,0.028444264057629454,0.048,-1.3294527784802095,0.03333333333333333,0.0,-0.0
1744722283.9777052,0.0,-93.0,288.0,,0.028444264057629454,0.048,-1.3294527784802095,0.03333333333333333,0.0,-0.0
1744722284.2165627,0.0,-93.0,288.0,,0.028444264057629454,0.048,-1.3294527784802095,0.03333333333333333,0.0,-0.0
1744722284.4748273,0.0,-93.0,288.0,,0.028444264057629454,0.048,-1.3294527784802095,0.03333333333333333,0.0,-0.0
1744722284.704286,0.0,-93.0,288.0,,0.028444264057629454,0.048,-1.3294527784802095,0.03333333333333333,0.0,-0.0
1744722284.9710734,0.0,-93.0,288.0,,0.028444264057629454,0.048,-1.3294527784802095,0.03333333333333333,0.0,-0.0
1744722285.2031024,0.0,-93.0,288.0,,0.028444264057629454,0.048,-1.3294527784802095,0.03333333333333333,0.0,-0.0
1744722285.4177206,0.0,-93.0,288.0,,0.028444264057629454,0.048,-1.3294527784802095,0.03333333333333333,0.0,-0.0
1744722285.6465054,0.0,-93.0,288.0,,0.028444264057629454,0.048,-1.3294527784802095,0.03333333333333333,0.0,-0.0
1744722285.8568397,0.0,-93.0,288.0,,0.028444264057629454,0.048,-1.3294527784802095,0.03333333333333333,0.0,-0.0
1744722286.0722554,0.0,-93.0,288.0,,0.028444264057629454,0.048,-1.3294527784802095,0.03333333333333333,0.0,-0.0
1744722286.2797742,0.0,-93.0,288.0,,0.028444264057629454,0.048,-1.3294527784802095,0.03333333333333333,0.0,-0.0
1744722286.4879568,0.0,-93.0,288.0,,0.028444264057629454,0.048,-1.3294527784802095,0.03333333333333333,0.0,-0.0
1744722286.6942236,0.0,-93.0,288.0,,0.028444264057629454,0.048,-1.3294527784802095,0.03333333333333333,0.0,-0.0
1744722286.9010904,0.0,-93.0,288.0,,0.028444264057629454,0.048,-1.3294527784802095,0.03333333333333333,0.0,-0.0
1744722287.1220715,0.0,-93.0,288.0,,0.028444264057629454,0.048,-1.3294527784802095,0.03333333333333333,0.0,-0.0
1744722287.340737,0.0,-93.0,288.0,,0.028444264057629454,0.048,-1.3294527784802095,0.03333333333333333,0.0,-0.0
1744722287.5513363,0.0,-93.0,288.0,,0.028444264057629454,0.048,-1.3294527784802095,0.03333333333333333,0.0,-0.0
1744722287.7627592,0.0,-93.0,288.0,,0.028444264057629454,0.048,-1.3294527784802095,0.03333333333333333,0.0,-0.0
1744722287.9685884,0.0,-93.0,288.0,,0.028444264057629454,0.048,-1.3294527784802095,0.03333333333333333,0.0,-0.0
1744722288.1770582,0.0,-93.0,288.0,,0.028444264057629454,0.048,-1.3294527784802095,0.03333333333333333,0.0,-0.0
1744722288.3849492,0.0,-93.0,288.0,,0.028444264057629454,0.048,-1.3294527784802095,0.03333333333333333,0.0,-0.0
1744722288.6295915,0.0,-93.0,288.0,,0.028444264057629454,0.048,-1.3294527784802095,0.03333333333333333,0.0,-0.0
1744722288.8789494,0.0,-93.0,288.0,,0.028444264057629454,0.048,-1.3294527784802095,0.03333333333333333,0.0,-0.0
1744722289.1327047,0.0,-93.0,288.0,,0.028444264057629454,0.048,-1.3294527784802095,0.03333333333333333,0.0,-0.0
1744722289.3834932,0.0,-93.0,288.0,,0.028444264057629454,0.048,-1.3294527784802095,0.03333333333333333,0.0,-0.0
1744722289.6140969,0.0,-93.0,288.0,,0.028444264057629454,0.048,-1.3294527784802095,0.03333333333333333,0.0,-0.0
1744722289.836487,0.0,-93.0,288.0,,0.028444264057629454,0.048,-1.3294527784802095,0.03333333333333333,0.0,-0.0
1744722290.0529819,0.0,-93.0,288.0,,0.028444264057629454,0.048,-1.3294527784802095,0.03333333333333333,0.0,-0.0
1744722290.2738407,0.0,-93.0,288.0,,0.028444264057629454,0.048,-1.3294527784802095,0.03333333333333333,0.0,-0.0
1744722290.4833379,0.0,-93.0,288.0,,0.028444264057629454,0.048,-1.3294527784802095,0.03333333333333333,0.0,-0.0
1744722290.7010875,0.0,-93.0,288.0,,0.028444264057629454,0.048,-1.3294527784802095,0.03333333333333333,0.0,-0.0
1744722290.911629,0.0,-93.0,288.0,,0.028444264057629454,0.048,-1.3294527784802095,0.03333333333333333,0.0,-0.0
1744722291.120734,0.0,-93.0,288.0,,0.028444264057629454,0.048,-1.3294527784802095,0.03333333333333333,0.0,-0.0
1744722291.322265,0.0,-93.0,288.0,,0.028444264057629454,0.048,-1.3294527784802095,0.03333333333333333,0.0,-0.0
1744722291.5222032,0.0,-93.0,288.0,,0.028444264057629454,0.048,-1.3294527784802095,0.03333333333333333,0.0,-0.0
1744722291.7202008,0.0,-93.0,288.0,,0.028444264057629454,0.048,-1.3294527784802095,0.03333333333333333,0.0,-0.0
1744722291.9311762,0.0,-93.0,288.0,,0.028444264057629454,0.048,-1.3294527784802095,0.03333333333333333,0.0,-0.0
1744722292.1320033,0.0,-93.0,288.0,,0.028444264057629454,0.048,-1.3294527784802095,0.03333333333333333,0.0,-0.0
1744722292.3286116,0.0,-93.0,288.0,,0.028444264057629454,0.048,-1.3294527784802095,0.03333333333333333,0.0,-0.0
1744722292.5270631,0.0,-93.0,288.0,,0.028444264057629454,0.048,-1.3294527784802095,0.03333333333333333,0.0,-0.0
1744722292.7259765,0.0,-93.0,288.0,,0.028444264057629454,0.048,-1.3294527784802095,0.03333333333333333,0.0,-0.0
1744722292.9345887,0.0,-93.0,288.0,,0.028444264057629454,0.048,-1.3294527784802095,0.03333333333333333,0.0,-0.0
1744722293.1409647,0.0,-93.0,288.0,,0.028444264057629454,0.048,-1.3294527784802095,0.03333333333333333,0.0,-0.0
1744722293.3561594,0.0,-93.0,288.0,,0.028444264057629454,0.048,-1.3294527784802095,0.03333333333333333,0.0,-0.0
1744722293.554542,0.0,-93.0,288.0,,0.028444264057629454,0.048,-1.3294527784802095,0.03333333333333333,0.0,-0.0
1744722293.7575085,0.0,-93.0,288.0,,0.028444264057629454,0.048,-1.3294527784802095,0.03333333333333333,0.0,-0.0
1744722293.964017,0.0,-93.0,288.0,,0.028444264057629454,0.048,-1.3294527784802095,0.03333333333333333,0.0,-0.0
1744722294.166775,0.0,-93.0,288.0,,0.028444264057629454,0.048,-1.3294527784802095,0.03333333333333333,0.0,-0.0
1744722294.370255,0.0,-93.0,288.0,,0.028444264057629454,0.048,-1.3294527784802095,0.03333333333333333,0.0,-0.0
1744722294.5862176,0.0,-93.0,288.0,,0.028444264057629454,0.048,-1.3294527784802095,0.03333333333333333,0.0,-0.0
1744722294.8380826,0.0,-93.0,288.0,,0.028444264057629454,0.048,-1.3294527784802095,0.03333333333333333,0.0,-0.0
1744722295.0525,0.0,-93.0,288.0,,0.028444264057629454,0.048,-1.3294527784802095,0.03333333333333333,0.0,-0.0
1744722295.2649443,0.0,-93.0,288.0,,0.028444264057629454,0.048,-1.3294527784802095,0.03333333333333333,0.0,-0.0
1744722295.4770608,0.0,-93.0,288.0,,0.028444264057629454,0.048,-1.3294527784802095,0.03333333333333333,0.0,-0.0
1744722295.6882563,0.0,-93.0,288.0,,0.028444264057629454,0.048,-1.3294527784802095,0.03333333333333333,0.0,-0.0
1744722295.8962772,0.0,-93.0,288.0,,0.028444264057629454,0.048,-1.3294527784802095,0.03333333333333333,0.0,-0.0
1744722296.1086833,0.0,-93.0,288.0,,0.028444264057629454,0.048,-1.3294527784802095,0.03333333333333333,0.0,-0.0
1744722296.3242495,0.0,-93.0,288.0,,0.028444264057629454,0.048,-1.3294527784802095,0.03333333333333333,0.0,-0.0
1744722296.5228362,0.0,-93.0,288.0,,0.028444264057629454,0.048,-1.3294527784802095,0.03333333333333333,0.0,-0.0
1744722296.733199,0.0,-93.0,288.0,,0.028444264057629454,0.048,-1.3294527784802095,0.03333333333333333,0.0,-0.0
1744722296.9674993,0.0,-93.0,288.0,,0.028444264057629454,0.048,-1.3294527784802095,0.03333333333333333,0.0,-0.0
1744722297.1797779,0.0,-93.0,288.0,,0.028444264057629454,0.048,-1.3294527784802095,0.03333333333333333,0.0,-0.0
1744722297.3998103,0.0,-93.0,288.0,,0.028444264057629454,0.048,-1.3294527784802095,0.03333333333333333,0.0,-0.0
1744722297.6335452,0.0,-93.0,288.0,,0.028444264057629454,0.048,-1.3294527784802095,0.03333333333333333,0.0,-0.0
1744722297.868663,0.0,-93.0,288.0,,0.028444264057629454,0.048,-1.3294527784802095,0.03333333333333333,0.0,-0.0
1744722298.1092203,0.0,-93.0,288.0,,0.028444264057629454,0.048,-1.3294527784802095,0.03333333333333333,0.0,-0.0
1744722298.3337789,0.0,-93.0,288.0,,0.028444264057629454,0.048,-1.3294527784802095,0.03333333333333333,0.0,-0.0
1744722298.5674942,0.0,-93.0,288.0,,0.028444264057629454,0.048,-1.3294527784802095,0.03333333333333333,0.0,-0.0
1744722298.7716987,0.0,-93.0,288.0,,0.028444264057629454,0.048,-1.3294527784802095,0.03333333333333333,0.0,-0.0
1744722298.9803333,0.0,-93.0,288.0,,0.028444264057629454,0.048,-1.3294527784802095,0.03333333333333333,0.0,-0.0
1744722299.1881557,0.0,-93.0,288.0,,0.028444264057629454,0.048,-1.3294527784802095,0.03333333333333333,0.0,-0.0
1744722299.4047468,0.0,-93.0,288.0,,0.028444264057629454,0.048,-1.3294527784802095,0.03333333333333333,0.0,-0.0
1744722299.6235173,0.0,-93.0,288.0,,0.028444264057629454,0.048,-1.3294527784802095,0.03333333333333333,0.0,-0.0
1744722299.8609304,0.0,-93.0,288.0,,0.028444264057629454,0.048,-1.3294527784802095,0.03333333333333333,0.0,-0.0
1744722300.0804775,0.0,-93.0,288.0,,0.028444264057629454,0.048,-1.3294527784802095,0.03333333333333333,0.0,-0.0
1744722300.3093948,0.0,-93.0,288.0,,0.028444264057629454,0.048,-1.3294527784802095,0.03333333333333333,0.0,-0.0
1744722300.5336277,0.0,-93.0,288.0,,0.028444264057629454,0.048,-1.3294527784802095,0.03333333333333333,0.0,-0.0
1744722300.7423365,0.0,-93.0,288.0,,0.028444264057629454,0.048,-1.3294527784802095,0.03333333333333333,0.0,-0.0
1744722300.95111,0.0,-93.0,288.0,,0.028444264057629454,0.048,-1.3294527784802095,0.03333333333333333,0.0,-0.0
1744722301.1624036,0.0,-93.0,288.0,,0.028444264057629454,0.048,-1.3294527784802095,0.03333333333333333,0.0,-0.0
1744722301.383299,0.0,-93.0,288.0,,0.028444264057629454,0.048,-1.3294527784802095,0.03333333333333333,0.0,-0.0
1744722301.595112,0.0,-93.0,288.0,,0.028444264057629454,0.048,-1.3294527784802095,0.03333333333333333,0.0,-0.0
1744722301.8020706,0.0,-93.0,288.0,,0.028444264057629454,0.048,-1.3294527784802095,0.03333333333333333,0.0,-0.0
1744722302.0086865,0.0,-93.0,288.0,,0.028444264057629454,0.048,-1.3294527784802095,0.03333333333333333,0.0,-0.0
1744722302.2184644,0.0,-93.0,288.0,,0.028444264057629454,0.048,-1.3294527784802095,0.03333333333333333,0.0,-0.0
1744722302.425269,0.0,-93.0,288.0,,0.028444264057629454,0.048,-1.3294527784802095,0.03333333333333333,0.0,-0.0
1744722302.639597,0.0,-93.0,288.0,,0.028444264057629454,0.048,-1.3294527784802095,0.03333333333333333,0.0,-0.0
1744722302.8468537,0.0,-93.0,288.0,,0.028444264057629454,0.048,-1.3294527784802095,0.03333333333333333,0.0,-0.0
1744722303.061364,0.0,-93.0,288.0,,0.028444264057629454,0.048,-1.3294527784802095,0.03333333333333333,0.0,-0.0
1744722303.2808962,0.0,-93.0,288.0,,0.028444264057629454,0.048,-1.3294527784802095,0.03333333333333333,0.0,-0.0
1744722303.4973173,0.0,-93.0,288.0,,0.028444264057629454,0.048,-1.3294527784802095,0.03333333333333333,0.0,-0.0
1744722303.706445,0.0,-93.0,288.0,,0.028444264057629454,0.048,-1.3294527784802095,0.03333333333333333,0.0,-0.0
1744722303.9216506,0.0,-93.0,288.0,,0.028444264057629454,0.048,-1.3294527784802095,0.03333333333333333,0.0,-0.0
1744722304.1327283,0.0,-93.0,288.0,,0.028444264057629454,0.048,-1.3294527784802095,0.03333333333333333,0.0,-0.0
1744722304.3396816,0.0,-93.0,288.0,,0.028444264057629454,0.048,-1.3294527784802095,0.03333333333333333,0.0,-0.0
1744722304.5515645,0.0,-93.0,288.0,,0.028444264057629454,0.048,-1.3294527784802095,0.03333333333333333,0.0,-0.0
1744722304.7679589,0.0,-93.0,288.0,,0.028444264057629454,0.048,-1.3294527784802095,0.03333333333333333,0.0,-0.0
1744722304.991439,0.0,-93.0,288.0,,0.028444264057629454,0.048,-1.3294527784802095,0.03333333333333333,0.0,-0.0
1744722305.2262204,0.0,-93.0,288.0,,0.028444264057629454,0.048,-1.3294527784802095,0.03333333333333333,0.0,-0.0
1744722305.457154,0.0,-93.0,288.0,,0.028444264057629454,0.048,-1.3294527784802095,0.03333333333333333,0.0,-0.0
1744722305.6906688,0.0,-93.0,288.0,,0.028444264057629454,0.048,-1.3294527784802095,0.03333333333333333,0.0,-0.0
1744722305.916687,0.0,-93.0,288.0,,0.028444264057629454,0.048,-1.3294527784802095,0.03333333333333333,0.0,-0.0
1744722306.1373491,0.0,-93.0,288.0,,0.028444264057629454,0.048,-1.3294527784802095,0.03333333333333333,0.0,-0.0
1744722306.360797,0.0,-93.0,288.0,,0.028444264057629454,0.048,-1.3294527784802095,0.03333333333333333,0.0,-0.0
1744722306.5830324,0.0,-93.0,288.0,,0.028444264057629454,0.048,-1.3294527784802095,0.03333333333333333,0.0,-0.0
1744722306.8135037,0.0,-93.0,288.0,,0.028444264057629454,0.048,-1.3294527784802095,0.03333333333333333,0.0,-0.0
1744722307.0435922,0.0,-93.0,288.0,,0.028444264057629454,0.048,-1.3294527784802095,0.03333333333333333,0.0,-0.0
1744722307.3061655,0.0,-93.0,288.0,,0.028444264057629454,0.048,-1.3294527784802095,0.03333333333333333,0.0,-0.0
1744722307.6207185,0.0,-93.0,288.0,,0.028444264057629454,0.048,-1.3294527784802095,0.03333333333333333,0.0,-0.0
1744722307.8664565,0.0,-93.0,288.0,,0.028444264057629454,0.048,-1.3294527784802095,0.03333333333333333,0.0,-0.0
1744722308.1068904,0.0,-93.0,288.0,,0.028444264057629454,0.048,-1.3294527784802095,0.03333333333333333,0.0,-0.0
1744722308.3303764,0.0,-93.0,288.0,,0.028444264057629454,0.048,-1.3294527784802095,0.03333333333333333,0.0,-0.0
1744722308.5590198,0.0,-93.0,288.0,,0.028444264057629454,0.048,-1.3294527784802095,0.03333333333333333,0.0,-0.0
1744722308.7708209,0.0,-93.0,288.0,,0.028444264057629454,0.048,-1.3294527784802095,0.03333333333333333,0.0,-0.0
1744722309.0112946,0.0,-93.0,288.0,,0.028444264057629454,0.048,-1.3294527784802095,0.03333333333333333,0.0,-0.0
1744722309.2946563,0.0,-93.0,288.0,,0.028444264057629454,0.048,-1.3294527784802095,0.03333333333333333,0.0,-0.0
1744722309.5491328,0.0,-93.0,288.0,,0.028444264057629454,0.048,-1.3294527784802095,0.03333333333333333,0.0,-0.0
1744722309.7955604,0.0,-93.0,288.0,,0.028444264057629454,0.048,-1.3294527784802095,0.03333333333333333,0.0,-0.0
1744722310.0391989,0.0,-93.0,288.0,,0.028444264057629454,0.048,-1.3294527784802095,0.03333333333333333,0.0,-0.0
1744722310.2732494,0.0,-93.0,288.0,,0.028444264057629454,0.048,-1.3294527784802095,0.03333333333333333,0.0,-0.0
1744722310.5099008,0.0,-93.0,288.0,,0.028444264057629454,0.048,-1.3294527784802095,0.03333333333333333,0.0,-0.0
1744722310.7576914,0.0,-93.0,288.0,,0.028444264057629454,0.048,-1.3294527784802095,0.03333333333333333,0.0,-0.0
1744722311.0256522,0.0,-93.0,288.0,,0.028444264057629454,0.048,-1.3294527784802095,0.03333333333333333,0.0,-0.0
1744722311.2930808,0.0,-93.0,288.0,,0.028444264057629454,0.048,-1.3294527784802095,0.03333333333333333,0.0,-0.0
1744722311.5802,0.0,-93.0,288.0,,0.028444264057629454,0.048,-1.3294527784802095,0.03333333333333333,0.0,-0.0
1744722311.8694818,0.0,-93.0,288.0,,0.028444264057629454,0.048,-1.3294527784802095,0.03333333333333333,0.0,-0.0
1744722312.133526,0.0,-93.0,288.0,,0.028444264057629454,0.048,-1.3294527784802095,0.03333333333333333,0.0,-0.0
1744722312.38167,0.0,-93.0,288.0,,0.028444264057629454,0.048,-1.3294527784802095,0.03333333333333333,0.0,-0.0
1744722312.6251707,0.0,-93.0,288.0,,0.028444264057629454,0.048,-1.3294527784802095,0.03333333333333333,0.0,-0.0
1744722312.8579109,0.0,-93.0,288.0,,0.028444264057629454,0.048,-1.3294527784802095,0.03333333333333333,0.0,-0.0
1744722313.0872784,0.0,-93.0,288.0,,0.028444264057629454,0.048,-1.3294527784802095,0.03333333333333333,0.0,-0.0
1744722313.329583,0.0,-93.0,288.0,,0.028444264057629454,0.048,-1.3294527784802095,0.03333333333333333,0.0,-0.0
1744722313.667131,0.0,-93.0,288.0,,0.028444264057629454,0.048,-1.3294527784802095,0.03333333333333333,0.0,-0.0
1744722313.9274843,0.0,-93.0,288.0,,0.028444264057629454,0.048,-1.3294527784802095,0.03333333333333333,0.0,-0.0
1744722314.1833704,0.0,-93.0,288.0,,0.028444264057629454,0.048,-1.3294527784802095,0.03333333333333333,0.0,-0.0
1744722314.4419522,0.0,-93.0,288.0,,0.028444264057629454,0.048,-1.3294527784802095,0.03333333333333333,0.0,-0.0
1744722314.7033737,0.0,-93.0,288.0,,0.028444264057629454,0.048,-1.3294527784802095,0.03333333333333333,0.0,-0.0
1744722314.9511774,0.0,-93.0,288.0,,0.028444264057629454,0.048,-1.3294527784802095,0.03333333333333333,0.0,-0.0
1744722315.1918383,0.0,-93.0,288.0,,0.028444264057629454,0.048,-1.3294527784802095,0.03333333333333333,0.0,-0.0
1744722315.4455473,0.0,-93.0,288.0,,0.028444264057629454,0.048,-1.3294527784802095,0.03333333333333333,0.0,-0.0
1744722315.6853433,0.0,-93.0,288.0,,0.028444264057629454,0.048,-1.3294527784802095,0.03333333333333333,0.0,-0.0
1744722315.8985956,0.0,-93.0,288.0,,0.028444264057629454,0.048,-1.3294527784802095,0.03333333333333333,0.0,-0.0
1744722316.1259382,0.0,-93.0,288.0,,0.028444264057629454,0.048,-1.3294527784802095,0.03333333333333333,0.0,-0.0
1744722316.3471677,0.0,-93.0,288.0,,0.028444264057629454,0.048,-1.3294527784802095,0.03333333333333333,0.0,-0.0
1744722316.5749974,0.0,-93.0,288.0,,0.028444264057629454,0.048,-1.3294527784802095,0.03333333333333333,0.0,-0.0
1744722316.798162,0.0,-93.0,288.0,,0.028444264057629454,0.048,-1.3294527784802095,0.03333333333333333,0.0,-0.0
1744722317.0067587,0.0,-93.0,288.0,,0.028444264057629454,0.048,-1.3294527784802095,0.03333333333333333,0.0,-0.0
1744722317.2241023,0.0,-93.0,288.0,,0.028444264057629454,0.048,-1.3294527784802095,0.03333333333333333,0.0,-0.0
1744722317.4336784,0.0,-93.0,288.0,,0.028444264057629454,0.048,-1.3294527784802095,0.03333333333333333,0.0,-0.0
1744722317.6470807,0.0,-93.0,288.0,,0.028444264057629454,0.048,-1.3294527784802095,0.03333333333333333,0.0,-0.0
1744722317.8591595,0.0,-93.0,288.0,,0.028444264057629454,0.048,-1.3294527784802095,0.03333333333333333,0.0,-0.0
1744722318.0760424,0.0,-93.0,288.0,,0.028444264057629454,0.048,-1.3294527784802095,0.03333333333333333,0.0,-0.0
1744722318.2947507,0.0,-93.0,288.0,,0.028444264057629454,0.048,-1.3294527784802095,0.03333333333333333,0.0,-0.0
1744722318.5167665,0.0,-93.0,288.0,,0.028444264057629454,0.048,-1.3294527784802095,0.03333333333333333,0.0,-0.0
1744722318.7385247,0.0,-93.0,288.0,,0.028444264057629454,0.048,-1.3294527784802095,0.03333333333333333,0.0,-0.0
1744722318.9679434,0.0,-93.0,288.0,,0.028444264057629454,0.048,-1.3294527784802095,0.03333333333333333,0.0,-0.0
1744722319.1898143,0.0,-93.0,288.0,,0.028444264057629454,0.048,-1.3294527784802095,0.03333333333333333,0.0,-0.0
1744722319.4131658,0.0,-93.0,288.0,,0.028444264057629454,0.048,-1.3294527784802095,0.03333333333333333,0.0,-0.0
1744722319.6271577,0.0,-93.0,288.0,,0.028444264057629454,0.048,-1.3294527784802095,0.03333333333333333,0.0,-0.0
1744722319.8416915,0.0,-93.0,288.0,,0.028444264057629454,0.048,-1.3294527784802095,0.03333333333333333,0.0,-0.0
1744722320.0537074,0.0,-93.0,288.0,,0.028444264057629454,0.048,-1.3294527784802095,0.03333333333333333,0.0,-0.0
1744722320.2676017,0.0,-93.0,288.0,,0.028444264057629454,0.048,-1.3294527784802095,0.03333333333333333,0.0,-0.0
1744722320.474534,0.0,-93.0,288.0,,0.028444264057629454,0.048,-1.3294527784802095,0.03333333333333333,0.0,-0.0
1744722320.6860156,0.0,-93.0,288.0,,0.028444264057629454,0.048,-1.3294527784802095,0.03333333333333333,0.0,-0.0
1744722320.9166687,0.0,-93.0,288.0,,0.028444264057629454,0.048,-1.3294527784802095,0.03333333333333333,0.0,-0.0
1744722321.1770504,0.0,-93.0,288.0,,0.028444264057629454,0.048,-1.3294527784802095,0.03333333333333333,0.0,-0.0
1744722321.4231532,0.0,-93.0,288.0,,0.028444264057629454,0.048,-1.3294527784802095,0.03333333333333333,0.0,-0.0
1744722321.6580198,0.0,-93.0,288.0,,0.028444264057629454,0.048,-1.3294527784802095,0.03333333333333333,0.0,-0.0
1744722321.8996465,0.0,-93.0,288.0,,0.028444264057629454,0.048,-1.3294527784802095,0.03333333333333333,0.0,-0.0
1744722322.1326294,0.0,-93.0,288.0,,0.028444264057629454,0.048,-1.3294527784802095,0.03333333333333333,0.0,-0.0
1744722322.3631067,0.0,-93.0,288.0,,0.028444264057629454,0.048,-1.3294527784802095,0.03333333333333333,0.0,-0.0
1744722322.5935342,0.0,-93.0,288.0,,0.028444264057629454,0.048,-1.3294527784802095,0.03333333333333333,0.0,-0.0
1744722322.8380897,0.0,-93.0,288.0,,0.028444264057629454,0.048,-1.3294527784802095,0.03333333333333333,0.0,-0.0
1744722323.1671295,0.0,-93.0,288.0,,0.028444264057629454,0.048,-1.3294527784802095,0.03333333333333333,0.0,-0.0
1744722323.4467087,0.0,-93.0,288.0,,0.028444264057629454,0.048,-1.3294527784802095,0.03333333333333333,0.0,-0.0
1744722323.7015133,0.0,-93.0,288.0,,0.028444264057629454,0.048,-1.3294527784802095,0.03333333333333333,0.0,-0.0
1744722323.9426286,0.0,-93.0,288.0,,0.028444264057629454,0.048,-1.3294527784802095,0.03333333333333333,0.0,-0.0
1744722324.1983633,0.0,-93.0,288.0,,0.028444264057629454,0.048,-1.3294527784802095,0.03333333333333333,0.0,-0.0
1744722324.4225566,0.0,-93.0,288.0,,0.028444264057629454,0.048,-1.3294527784802095,0.03333333333333333,0.0,-0.0
1744722324.6369042,0.0,-93.0,288.0,,0.028444264057629454,0.048,-1.3294527784802095,0.03333333333333333,0.0,-0.0
1744722324.8469408,0.0,-93.0,288.0,,0.028444264057629454,0.048,-1.3294527784802095,0.03333333333333333,0.0,-0.0
1744722325.0567796,0.0,-93.0,288.0,,0.028444264057629454,0.048,-1.3294527784802095,0.03333333333333333,0.0,-0.0
1744722325.2730534,0.0,-93.0,288.0,,0.028444264057629454,0.048,-1.3294527784802095,0.03333333333333333,0.0,-0.0
1744722325.4923298,0.0,-93.0,288.0,,0.028444264057629454,0.048,-1.3294527784802095,0.03333333333333333,0.0,-0.0
1744722325.7250063,0.0,-93.0,288.0,,0.028444264057629454,0.048,-1.3294527784802095,0.03333333333333333,0.0,-0.0
1744722325.9583135,0.0,-93.0,288.0,,0.028444264057629454,0.048,-1.3294527784802095,0.03333333333333333,0.0,-0.0
1744722326.2230103,0.0,-93.0,288.0,,0.028444264057629454,0.048,-1.3294527784802095,0.03333333333333333,0.0,-0.0
1744722326.4501379,0.0,-93.0,288.0,,0.028444264057629454,0.048,-1.3294527784802095,0.03333333333333333,0.0,-0.0
1744722326.6756313,0.0,-93.0,288.0,,0.028444264057629454,0.048,-1.3294527784802095,0.03333333333333333,0.0,-0.0
1744722326.8849626,0.0,-93.0,288.0,,0.028444264057629454,0.048,-1.3294527784802095,0.03333333333333333,0.0,-0.0
1744722327.0972111,0.0,-93.0,288.0,,0.028444264057629454,0.048,-1.3294527784802095,0.03333333333333333,0.0,-0.0
1744722327.328787,0.0,-93.0,288.0,,0.028444264057629454,0.048,-1.3294527784802095,0.03333333333333333,0.0,-0.0
1744722327.5739024,0.0,-93.0,288.0,,0.028444264057629454,0.048,-1.3294527784802095,0.03333333333333333,0.0,-0.0
1744722327.8427567,0.0,-93.0,288.0,,0.028444264057629454,0.048,-1.3294527784802095,0.03333333333333333,0.0,-0.0
