timestamp,roll,pitch,yaw,touch_gesture,acc_x,acc_y,acc_z,gyro_x,gyro_y,gyro_z
1742310603.14283,,,,,,,,,,
1742310603.1630285,,,,,,,,,,
1742310603.1831787,,,,,,,,,,
1742310603.2033105,,,,,,,,,,
1742310603.223444,,,,,,,,,,
1742310603.243597,,,,,,,,,,
1742310603.263982,,,,,,,,,,
1742310603.2841284,,,,,,,,,,
1742310603.304281,,,,,,,,,,
1742310603.3244216,,,,,,,,,,
1742310603.3445737,,,,,,,,,,
1742310603.3647592,,,,,,,,,,
1742310603.3849347,,,,,,,,,,
1742310603.4051194,,,,,,,,,,
1742310603.4253137,,,,,,,,,,
1742310603.445478,,,,,,,,,,
1742310603.4656465,,,,,,,,,,
1742310603.485797,,,,,,,,,,
1742310603.5059717,,,,,,,,,,
1742310603.5261333,,,,,,,,,,
1742310603.5463052,,,,,,,,,,
1742310603.5664742,,,,,,,,,,
1742310603.5880497,,,,,,,,,,
1742310603.608225,,,,,,,,,,
1742310603.628523,,,,,,,,,,
1742310603.648709,,,,,,,,,,
1742310603.6688938,,,,,,,,,,
1742310603.6890805,,,,,,,,,,
1742310603.709273,,,,,,,,,,
1742310603.7294095,,,,,,,,,,
1742310603.7495828,,,,,,,,,,
1742310603.7697203,,,,,,,,,,
1742310603.789846,,,,,,,,,,
1742310603.8099773,,,,,,,,,,
1742310603.8301241,,,,,,,,,,
1742310603.8503203,,,,,,,,,,
1742310603.8705199,,,,,,,,,,
1742310603.890901,,,,,,,,,,
1742310603.9110796,,,,,,,,,,
1742310603.9312387,,,,,,,,,,
1742310603.9513853,,,,,,,,,,
1742310603.9715476,,,,,,,,,,
1742310603.9917607,,,,,,,,,,
1742310604.0119383,,,,,,,,,,
1742310604.0320823,,,,,,,,,,
1742310604.0525737,,,,,,,,,,
1742310604.0727913,,,,,,,,,,
1742310604.0929203,,,,,,,,,,
1742310604.1130898,,,,,,,,,,
1742310604.1332521,,,,,,,,,,
1742310604.1569622,,,,,,,,,,
1742310604.177144,,,,,,,,,,
1742310604.1973166,,,,,,,,,,
1742310604.217577,,,,,,,,,,
1742310604.2377427,,,,,,,,,,
1742310604.2579036,,,,,,,,,,
1742310604.2802317,,,,,,,,,,
1742310604.300415,,,,,,,,,,
1742310604.3205621,,,,,,,,,,
1742310604.340694,,,,,,,,,,
1742310604.3608665,,,,,,,,,,
1742310604.3809948,,,,,,,,,,
1742310604.401199,,,,,,,,,,
1742310604.4213598,,,,,,,,,,
1742310604.4414856,,,,,,,,,,
1742310604.4617372,,,,,,,,,,
1742310604.4818702,,,,,,,,,,
1742310604.502076,,,,,,,,,,
1742310604.5222433,,,,,,,,,,
1742310604.5423813,,,,,,,,,,
1742310604.5625057,,,,,,,,,,
1742310604.5827472,,,,,,,,,,
1742310604.6029148,,,,,,,,,,
1742310604.6230466,,,,,,,,,,
1742310604.6431777,,,,,,,,,,
1742310604.6633422,,,,,,,,,,
1742310604.6835294,,,,,,,,,,
1742310604.7036796,,,,,,,,,,
1742310604.723892,,,,,,,,,,
1742310604.7441628,,,,,,,,,,
1742310604.7644887,,,,,,,,,,
1742310604.7846348,,,,,,,,,,
1742310604.8047981,,,,,,,,,,
1742310604.8250473,,,,,,,,,,
1742310604.845199,,,,,,,,,,
1742310604.8653333,,,,,,,,,,
1742310604.8855524,,,,,,,,,,
1742310604.90579,,,,,,,,,,
1742310604.9259474,,,,,,,,,,
1742310604.9461143,,,,,,,,,,
1742310604.9662724,,,,,,,,,,
1742310604.986431,,,,,,,,,,
1742310605.0065992,,,,,,,,,,
1742310605.0267618,,,,,,,,,,
1742310605.0468793,,,,,,,,,,
1742310605.0670714,,,,,,,,,,
1742310605.08724,,,,,,,,,,
1742310605.107508,,,,,,,,,,
1742310605.1279156,,,,,,,,,,
1742310605.148114,,,,,,,,,,
1742310605.1682854,,,,,,,,,,
1742310605.188433,,,,,,,,,,
1742310605.2085776,,,,,,,,,,
1742310605.2287323,,,,,,,,,,
1742310605.2518778,,,,,,,,,,
1742310605.2720187,,,,,,,,,,
1742310605.2921667,,,,,,,,,,
1742310605.3123195,,,,,,,,,,
1742310605.3329284,,,,,,,,,,
1742310605.353271,,,,,,,,,,
1742310605.3734362,,,,,,,,,,
1742310605.3935878,,,,,,,,,,
1742310605.4140706,,,,,,,,,,
1742310605.4342887,,,,,,,,,,
1742310605.4544551,,,,,,,,,,
1742310605.4746242,,,,,,,,,,
1742310605.4948208,,,,,,,,,,
1742310605.514974,,,,,,,,,,
1742310605.5352058,,,,,,,,,,
1742310605.5554662,,,,,,,,,,
1742310605.5756526,,,,,,,,,,
1742310605.5958223,,,,,,,,,,
1742310605.616004,,,,,,,,,,
1742310605.6361876,,,,,,,,,,
1742310605.6564908,,,,,,,,,,
1742310605.6766942,,,,,,,,,,
1742310605.6968935,,,,,,,,,,
1742310605.7170525,,,,,,,,,,
1742310605.7372406,,,,,,,,,,
1742310605.7573974,,,,,,,,,,
1742310605.7775514,,,,,,,,,,
1742310605.7989016,,,,,,,,,,
1742310605.8190536,,,,,,,,,,
1742310605.8392045,,,,,,,,,,
1742310605.859386,,,,,,,,,,
1742310605.879738,,,,,,,,,,
1742310605.9004784,,,,,,,,,,
1742310605.9206357,,,,,,,,,,
1742310605.941034,,,,,,,,,,
1742310605.9612117,,,,,,,,,,
1742310605.9813924,,,,,,,,,,
1742310606.0015721,,,,,,,,,,
1742310606.0217412,,,,,,,,,,
1742310606.041945,,,,,,,,,,
1742310606.0621922,,,,,,,,,,
1742310606.082378,,,,,,,,,,
1742310606.102566,,,,,,,,,,
1742310606.1227417,,,,,,,,,,
1742310606.142972,,,,,,,,,,
1742310606.1631374,,,,,,,,,,
1742310606.1833465,,,,,,,,,,
1742310606.2035449,,,,,,,,,,
1742310606.2237146,,,,,,,,,,
1742310606.2444198,,,,,,,,,,
1742310606.26503,,,,,,,,,,
1742310606.2851732,,,,,,,,,,
1742310606.305439,,,,,,,,,,
1742310606.3256958,,,,,,,,,,
1742310606.3458838,,,,,,,,,,
1742310606.3660796,,,,,,,,,,
1742310606.3862607,,,,,,,,,,
1742310606.4064348,,,,,,,,,,
1742310606.426582,,,,,,,,,,
1742310606.4467244,,,,,,,,,,
1742310606.4669838,,,,,,,,,,
1742310606.4871244,,,,,,,,,,
1742310606.5072787,,,,,,,,,,
1742310606.5274398,,,,,,,,,,
1742310606.549255,,,,,,,,,,
1742310606.5694063,,,,,,,,,,
1742310606.5895348,,,,,,,,,,
1742310606.6097732,,,,,,,,,,
1742310606.6299675,,,,,,,,,,
1742310606.6500883,,,,,,,,,,
1742310606.6702871,,,,,,,,,,
1742310606.6904602,,,,,,,,,,
1742310606.7106142,,,,,,,,,,
1742310606.7324429,,,,,,,,,,
1742310606.7525926,,,,,,,,,,
1742310606.7727149,,,,,,,,,,
1742310606.7929354,,,,,,,,,,
1742310606.8130949,,,,,,,,,,
1742310606.833229,,,,,,,,,,
1742310606.8534787,,,,,,,,,,
1742310606.8736439,,,,,,,,,,
1742310606.893856,,,,,,,,,,
1742310606.9140615,,,,,,,,,,
1742310606.934248,,,,,,,,,,
1742310606.9544039,,,,,,,,,,
1742310606.9745758,,,,,,,,,,
1742310606.9947662,,,,,,,,,,
1742310607.0149252,,,,,,,,,,
1742310607.0365663,,,,,,,,,,
1742310607.056739,,,,,,,,,,
1742310607.0768993,,,,,,,,,,
1742310607.0970836,,,,,,,,,,
1742310607.117248,,,,,,,,,,
1742310607.1374404,,,,,,,,,,
1742310607.1576455,,,,,,,,,,
1742310607.1809998,,,,,,,,,,
1742310607.2029512,,,,,,,,,,
1742310607.2231295,,,,,,,,,,
1742310607.2433527,,,,,,,,,,
1742310607.2639937,,,,,,,,,,
1742310607.284167,,,,,,,,,,
1742310607.304335,,,,,,,,,,
1742310607.3245063,,,,,,,,,,
1742310607.344683,,,,,,,,,,
1742310607.3649755,,,,,,,,,,
1742310607.3851674,,,,,,,,,,
1742310607.4053564,,,,,,,,,,
1742310607.425579,,,,,,,,,,
1742310607.4457543,,,,,,,,,,
1742310607.4659138,,,,,,,,,,
1742310607.4860802,,,,,,,,,,
1742310607.5062735,,,,,,,,,,
1742310607.5264764,,,,,,,,,,
1742310607.54665,,,,,,,,,,
1742310607.5687425,,,,,,,,,,
1742310607.588919,,,,,,,,,,
1742310607.6096382,,,,,,,,,,
1742310607.6298432,,,,,,,,,,
1742310607.649999,,,,,,,,,,
1742310607.670285,,,,,,,,,,
1742310607.690451,,,,,,,,,,
1742310607.7105827,,,,,,,,,,
1742310607.7307618,,,,,,,,,,
1742310607.7509103,,,,,,,,,,
1742310607.771093,,,,,,,,,,
1742310607.7913582,,,,,,,,,,
1742310607.8115659,,,,,,,,,,
1742310607.8317325,,,,,,,,,,
1742310607.8520422,,,,,,,,,,
1742310607.87227,,,,,,,,,,
1742310607.8925972,,,,,,,,,,
1742310607.9127972,,,,,,,,,,
1742310607.9331613,,,,,,,,,,
1742310607.9549558,,,,,,,,,,
1742310607.9751027,,,,,,,,,,
1742310607.9952812,,,,,,,,,,
1742310608.0154703,,,,,,,,,,
1742310608.0356185,,,,,,,,,,
1742310608.0558262,,,,,,,,,,
1742310608.075992,,,,,,,,,,
1742310608.0961516,,,,,,,,,,
1742310608.1171486,,,,,,,,,,
1742310608.1372778,,,,,,,,,,
1742310608.1574566,,,,,,,,,,
1742310608.1776223,,,,,,,,,,
1742310608.1977777,,,,,,,,,,
1742310608.2209237,,,,,,,,,,
1742310608.2410586,,,,,,,,,,
1742310608.2612395,,,,,,,,,,
1742310608.2814178,,,,,,,,,,
1742310608.30162,,,,,,,,,,
1742310608.3219607,,,,,,,,,,
1742310608.3421488,,,,,,,,,,
1742310608.3623238,,,,,,,,,,
1742310608.382494,,,,,,,,,,
1742310608.40393,,,,,,,,,,
1742310608.4240746,,,,,,,,,,
1742310608.4445844,,,,,,,,,,
1742310608.4647703,,,,,,,,,,
1742310608.4849684,,,,,,,,,,
1742310608.5051482,,,,,,,,,,
1742310608.525303,,,,,,,,,,
1742310608.5454977,,,,,,,,,,
1742310608.565689,,,,,,,,,,
1742310608.5858805,,,,,,,,,,
1742310608.6060693,,,,,,,,,,
1742310608.6263177,,,,,,,,,,
1742310608.6465087,,,,,,,,,,
1742310608.6667037,,,,,,,,,,
1742310608.6869655,,,,,,,,,,
1742310608.7071595,,,,,,,,,,
1742310608.727332,,,,,,,,,,
1742310608.747745,,,,,,,,,,
1742310608.7679253,,,,,,,,,,
1742310608.7880638,,,,,,,,,,
1742310608.8082128,,,,,,,,,,
1742310608.828455,,,,,,,,,,
1742310608.8486345,,,,,,,,,,
1742310608.871377,,,,,,,,,,
1742310608.8915057,,,,,,,,,,
1742310608.9116845,,,,,,,,,,
1742310608.9319541,,,,,,,,,,
1742310608.9521205,,,,,,,,,,
1742310608.9729528,,,,,,,,,,
1742310608.9931152,,,,,,,,,,
1742310609.0133874,,,,,,,,,,
1742310609.0335724,,,,,,,,,,
1742310609.0537398,,,,,,,,,,
1742310609.0739334,,,,,,,,,,
1742310609.0940666,,,,,,,,,,
1742310609.114241,,,,,,,,,,
1742310609.1343875,,,,,,,,,,
1742310609.1545548,,,,,,,,,,
1742310609.174779,,,,,,,,,,
1742310609.1949992,,,,,,,,,,
1742310609.2151883,,,,,,,,,,
1742310609.2353883,,,,,,,,,,
1742310609.255573,,,,,,,,,,
1742310609.2757502,,,,,,,,,,
1742310609.2959492,,,,,,,,,,
1742310609.316277,,,,,,,,,,
1742310609.3399527,,,,,,,,,,
1742310609.3601646,,,,,,,,,,
1742310609.3803701,,,,,,,,,,
1742310609.4005494,,,,,,,,,,
1742310609.420735,,,,,,,,,,
1742310609.4409914,,,,,,,,,,
1742310609.4611664,,,,,,,,,,
1742310609.4813447,,,,,,,,,,
1742310610.5017312,,,,,,,,,,
1742310610.5218945,0.0,0.0,0.0,,18.328,-4.315,3.1412508813826383,-6.933333333333334,-17.2,0.13333333333333333
1742310610.5429435,0.0,0.0,0.0,,19.593,-0.794,-23.299515364379385,-4.166666666666667,-6.5,-1.3333333333333333
1742310610.563232,0.0,0.0,0.0,,19.593,-0.971,-25.597159032304805,0.5666666666666667,7.333333333333333,0.5
1742310610.583376,0.0,0.0,0.0,,18.994,-9.954,-7.716149614155399,6.0,16.033333333333335,-0.5
1742310610.6035147,0.0,0.0,0.0,,16.454,-7.473,4.887975215674809,9.933333333333334,16.7,-2.466666666666667
1742310610.623658,0.0,0.0,0.0,,17.798,-1.755,10.532815629160561,11.2,14.133333333333333,-1.8333333333333333
1742310610.6438384,0.0,0.0,0.0,,4.039,10.914,9.092036643544581,0.8333333333333334,6.033333333333333,-3.3
1742310610.6643655,0.0,0.0,0.0,,0.195,13.218,9.512687650958,-2.966666666666667,-7.766666666666667,1.3
1742310610.6845484,0.0,0.0,0.0,,9.855,4.804,4.896068456063558,-9.2,-14.966666666666667,1.7666666666666666
1742310610.7047207,6.0,10.0,358.0,,18.25648862291259,-3.8694242246556803,7.215659530492266,-10.033333333333333,-18.466666666666665,1.9666666666666666
1742310610.72529,28.0,-19.0,228.0,,16.399176404775293,-16.28551603092959,-2.0866193455276822,-7.3,-16.3,0.2
1742310610.7457135,22.0,-2.0,197.0,,19.250635937348466,-2.4988906814100975,-24.940659626952897,-3.3666666666666667,-5.066666666666666,-0.7333333333333333
1742310610.7662177,25.0,2.0,197.0,,19.582364062651532,-8.734885147676263,-16.511270351725734,4.133333333333334,12.733333333333333,1.0333333333333334
1742310610.7867422,22.0,-7.0,197.0,,13.582461741195504,-11.274890681410097,1.0028826980267942,7.166666666666667,15.6,-0.8
1742310610.8074567,15.0,-22.0,195.0,,10.053109318589902,-5.824014832455729,4.965383470855212,8.966666666666667,14.3,-2.1333333333333333
1742310610.8279426,7.0,-38.0,194.0,,7.139360927055292,0.4704617411955032,8.305678641061036,8.333333333333334,11.666666666666666,-2.3333333333333335
1742310610.8481052,0.0,-50.0,193.0,,-7.3198959869971745,11.688,9.81075178440229,0.3333333333333333,2.566666666666667,-2.9
1742310610.8697493,-3.0,-54.0,192.0,,-2.514456714818235,11.18241573074328,7.413470069247527,-4.766666666666667,-9.5,0.7666666666666667
1742310610.8899288,-2.0,-47.0,197.0,,4.121420187115937,3.3423640626515345,4.9609713152055255,-9.566666666666666,-15.466666666666667,1.1666666666666667
1742310610.9101765,14.0,-13.0,205.0,,17.386230156886683,-12.11125379583274,-6.852523123271821,-6.466666666666667,-13.766666666666667,-0.36666666666666664
1742310610.9303634,14.0,-13.0,205.0,,17.386230156886683,-12.11125379583274,-6.852523123271821,-6.466666666666667,-13.766666666666667,-0.36666666666666664
1742310610.9508088,22.0,0.0,206.0,,19.593,-0.321890681410097,-26.282520592723074,-2.6666666666666665,-1.3666666666666667,-0.2
1742310610.9712596,25.0,-1.0,205.0,,15.03779189285025,-12.353885147676262,-0.8291336299046059,6.133333333333334,15.7,-1.0333333333333334
1742310610.9915042,25.0,-1.0,205.0,,15.03779189285025,-12.353885147676262,-0.8291336299046059,6.133333333333334,15.7,-1.0333333333333334
1742310611.0117671,19.0,-16.0,204.0,,10.131997539435238,-7.116823595224707,4.661257667700661,9.533333333333333,14.7,-2.1666666666666665
1742310611.03256,2.0,-45.0,199.0,,-1.700717523440031,8.894635937348465,9.580387213290733,-0.23333333333333334,3.2333333333333334,-3.2666666666666666
1742310611.0527368,2.0,-45.0,199.0,,-1.700717523440031,8.894635937348465,9.580387213290733,-0.23333333333333334,3.2333333333333334,-3.2666666666666666
1742310611.0739381,0.0,-44.0,201.0,,4.197401385797237,5.206,5.013577451770424,-7.433333333333334,-15.566666666666666,2.466666666666667
1742310611.0941012,6.0,-30.0,204.0,,12.235999999999999,-2.525424224655681,5.215399014619395,-7.5,-17.9,2.2666666666666666
1742310611.1142967,6.0,-30.0,204.0,,12.235999999999999,-2.525424224655681,5.215399014619395,-7.5,-17.9,2.2666666666666666
1742310611.134607,22.0,1.0,206.0,,19.764208107149752,-1.9298906814100971,-24.991549479808974,-2.433333333333333,-0.06666666666666667,-0.0
1742310611.1574214,26.0,4.0,206.0,,19.139311007429868,-6.065420950000849,-17.243848526557393,2.6333333333333333,9.5,1.1
1742310611.1779463,26.0,4.0,206.0,,19.139311007429868,-6.065420950000849,-17.243848526557393,2.6333333333333333,9.5,1.1
1742310611.1982162,18.0,-16.0,204.0,,8.503997539435238,-4.620456714818234,3.2372103688313576,7.9,11.933333333333334,-0.9666666666666667
1742310611.218392,11.0,-28.0,202.0,,1.3164839690704104,6.776163755356095,7.344343256010761,0.3333333333333333,5.766666666666667,-1.8333333333333333
1742310611.2385662,11.0,-28.0,202.0,,1.3164839690704104,6.776163755356095,7.344343256010761,0.3333333333333333,5.766666666666667,-1.8333333333333333
1742310611.2587178,9.0,-32.0,203.0,,3.54749201787226,3.044377897955335,2.930803156529284,-6.233333333333333,-13.566666666666666,1.5
1742310611.2790658,14.0,-20.0,205.0,,11.235782393975189,-2.2562537958327407,4.467978601447148,-6.233333333333333,-16.966666666666665,1.4
1742310611.299466,14.0,-20.0,205.0,,11.235782393975189,-2.2562537958327407,4.467978601447148,-6.233333333333333,-16.966666666666665,1.4
1742310611.3196526,26.0,10.0,205.0,,21.296488622912587,-1.7514209500008495,-17.428402066132907,-0.13333333333333333,-4.1,-0.16666666666666666
1742310611.339816,27.0,18.0,204.0,,19.662456714818234,0.22335319755504557,-12.430582430175624,3.2666666666666666,4.4,2.466666666666667
1742310611.3601782,25.0,16.0,203.0,,14.363002460564763,-2.293885147676262,-0.7523306681790858,3.7333333333333334,8.566666666666666,2.6
1742310611.3805268,20.0,9.0,201.0,,10.859622102044664,-2.9442176060248104,0.8142726988523794,3.7,9.466666666666667,1.4333333333333333
1742310611.4008055,15.0,0.0,200.0,,9.129,-1.3140148324557286,1.6327252847746818,3.1333333333333333,8.533333333333333,-0.0
1742310611.4209473,12.0,-10.0,199.0,,2.8755113770874132,2.2153863130777807,3.063316356398838,0.7,4.866666666666666,-1.5333333333333334
1742310611.4411373,9.0,-16.0,199.0,,0.4629975394352379,1.3963778979553352,0.5783100876273259,1.6333333333333333,-1.3333333333333333,-1.3
1742310611.4614391,7.0,-16.0,200.0,,2.6299975394352377,2.402461741195503,-0.20613006186761762,2.7666666666666666,-6.066666666666666,-0.6
1742310611.4815981,4.0,-11.0,200.0,,6.414163755356095,2.854688992570131,0.5596515327119995,2.466666666666667,-7.766666666666667,-1.4333333333333333
1742310611.501773,4.0,-11.0,200.0,,6.414163755356095,2.854688992570131,0.5596515327119995,2.466666666666667,-7.766666666666667,-1.4333333333333333
1742310611.5219514,0.0,3.0,203.0,,12.456415730743279,7.04,0.6864272228058261,0.6666666666666666,-5.1,-1.4333333333333333
1742310611.5435903,-1.0,9.0,204.0,,12.467622102044665,4.818208107149752,0.3431388200812344,-0.8,-1.5333333333333334,-0.3333333333333333
1742310611.5637527,-1.0,9.0,204.0,,12.467622102044665,4.818208107149752,0.3431388200812344,-0.8,-1.5333333333333334,-0.3333333333333333
1742310611.583942,0.0,12.0,204.0,,9.96261368692222,2.294,-0.17620401656751206,0.7333333333333333,1.7333333333333334,0.9666666666666667
1742310611.6041694,-1.0,10.0,204.0,,9.175488622912587,3.475208107149751,0.34378651449031317,0.9,2.533333333333333,1.1
1742310611.6243308,-1.0,8.0,202.0,,8.013288120418242,2.9452081071497513,-0.07546903942942063,-0.2,2.0,0.4666666666666667
1742310611.6444907,-1.0,5.0,202.0,,6.864997836354527,2.4162081071497514,-0.37654622538936255,0.0,1.0,0.1
1742310611.6647162,-2.0,3.0,201.0,,6.994415730743279,1.9303640626515346,-0.5389094243719539,1.4333333333333333,-0.5666666666666667,-0.16666666666666666
1742310611.6849124,-3.0,3.0,201.0,,7.58341573074328,2.679415730743279,-0.2799532521033221,2.0,-1.2,-0.5
1742310611.705065,-4.0,4.0,201.0,,8.332311007429869,3.399311007429869,-0.006027928142443351,2.1,-1.3333333333333333,-0.7333333333333333
1742310611.725237,-6.0,5.0,202.0,,9.051997836354525,3.858424224655681,0.18043664732885034,2.1333333333333333,-1.0666666666666667,-0.6666666666666666
1742310611.745646,-8.0,6.0,203.0,,9.50742422465568,4.237288120418242,0.31108415515902443,2.066666666666667,-0.4,-0.3333333333333333
1742310611.7668447,-9.0,5.0,203.0,,8.943997836354526,4.642622102044665,0.24979059225287248,1.6,0.26666666666666666,-0.0
1742310611.7870593,-11.0,4.0,203.0,,8.489311007429869,4.939836244643905,0.3406153200911417,0.7,0.7666666666666667,0.2
1742310611.807256,-11.0,3.0,203.0,,8.063415730743278,4.528836244643904,0.4152295599652476,-0.26666666666666666,0.8666666666666667,0.26666666666666666
1742310611.827432,-10.0,2.0,202.0,,7.676364062651534,3.4674886229125867,0.1889787938859646,-0.6666666666666666,0.5666666666666667,0.2
1742310611.8479958,-10.0,1.0,202.0,,7.476208107149751,2.7414886229125868,-0.013819428946949763,-0.3,0.13333333333333333,0.13333333333333333
1742310611.8681526,-9.0,1.0,202.0,,7.672208107149752,2.896622102044665,0.23224294183448624,0.06666666666666667,-0.2,0.06666666666666667
1742310611.8907268,-8.0,1.0,202.0,,7.662208107149751,3.296288120418242,0.24571057119710282,0.0,-0.4,0.03333333333333333
1742310611.9109242,-8.0,1.0,202.0,,7.966208107149751,3.257288120418242,0.30388270779319004,-0.4666666666666667,-0.6333333333333333,-0.0
1742310611.9310637,-6.0,2.0,201.0,,8.314364062651535,3.642424224655681,1.3819254530445333,-1.7666666666666666,-1.4,-0.4666666666666667
1742310611.9514284,-6.0,2.0,201.0,,8.314364062651535,3.642424224655681,1.3819254530445333,-1.7666666666666666,-1.4,-0.4666666666666667
1742310611.971583,-4.0,3.0,202.0,,8.181415730743279,4.772311007429869,1.9017804143805606,-3.033333333333333,-2.033333333333333,-0.23333333333333334
1742310611.991768,-1.0,5.0,202.0,,7.894997836354527,3.6222081071497514,0.588232168059994,-3.966666666666667,-2.433333333333333,0.3
1742310612.0119262,2.0,8.0,201.0,,7.846288120418242,1.3826359373484656,-0.6875845902013218,-3.966666666666667,-2.2333333333333334,0.5333333333333333
1742310612.0320888,6.0,10.0,200.0,,8.125488622912586,-0.2514242246556806,-0.9581188383431583,-2.8333333333333335,-1.8,0.3
1742310612.0530872,12.0,14.0,199.0,,9.717253795832741,1.225386313077781,0.2383029208295273,-0.5666666666666667,-0.7,-0.4666666666666667
1742310612.073284,12.0,14.0,199.0,,9.717253795832741,1.225386313077781,0.2383029208295273,-0.5666666666666667,-0.7,-0.4666666666666667
1742310612.094985,13.0,14.0,199.0,,9.766253795832741,3.058230156886684,0.8472858907694993,-1.1,-0.23333333333333334,-0.4666666666666667
1742310612.1151803,15.0,15.0,200.0,,8.697014832455729,2.882985167544271,0.15665293720108764,-1.8666666666666667,-0.5,0.13333333333333333
1742310612.135328,17.0,15.0,199.0,,8.12801483245573,1.6618335766699524,-0.46057490294134507,-1.3666666666666667,-0.8666666666666667,0.7333333333333333
1742310612.1556804,20.0,17.0,198.0,,9.241166423330048,1.41978239397519,0.10832883366650936,-0.3,-0.6,0.8666666666666667
1742310612.1772192,20.0,18.0,197.0,,8.679456714818233,1.7137823939751895,-0.2865307851774599,-0.6666666666666666,-0.3333333333333333,0.5
1742310612.197546,20.0,18.0,197.0,,8.679456714818233,1.7137823939751895,-0.2865307851774599,-0.6666666666666666,-0.3333333333333333,0.5
1742310612.2177076,22.0,18.0,196.0,,8.943456714818234,0.27610931858990284,-0.5582412145440196,0.26666666666666666,0.1,0.2
1742310612.2378645,22.0,18.0,196.0,,8.943456714818234,0.27610931858990284,-0.5582412145440196,0.26666666666666666,0.1,0.2
1742310612.2582133,22.0,18.0,196.0,,10.061456714818235,1.4041093185899025,0.5445667706027475,0.8,0.4666666666666667,0.3
1742310612.278548,21.0,16.0,196.0,,8.136002460564763,2.6614104149606037,0.2565522581841959,-1.1,0.9,1.0333333333333334
1742310612.2986972,21.0,16.0,195.0,,7.5870024605647615,2.2004104149606043,0.11055147159649525,-1.4333333333333333,0.5333333333333333,1.5666666666666667
1742310612.3188808,21.0,16.0,195.0,,7.5870024605647615,2.2004104149606043,0.11055147159649525,-1.4333333333333333,0.5333333333333333,1.5666666666666667
1742310612.3390636,23.0,16.0,190.0,,7.400002460564762,0.176927629520224,-0.8111271751579476,0.4,0.0,2.433333333333333
1742310612.359224,22.0,17.0,188.0,,6.339166423330048,0.6491093185899026,-1.1816424706033324,0.9333333333333333,0.1,1.8666666666666667
1742310612.3806052,20.0,18.0,186.0,,5.688456714818234,2.7237823939751893,-0.1444729191397709,0.36666666666666664,-0.36666666666666664,0.8333333333333334
1742310612.4007556,19.0,18.0,184.0,,5.266456714818235,2.5911764047752928,-0.33087099855723157,-0.13333333333333333,-0.7666666666666667,0.03333333333333333
1742310612.4209025,19.0,19.0,184.0,,6.291823595224708,2.179176404775293,-0.43507738237025073,0.0,-1.0,-0.6666666666666666
1742310612.442748,19.0,20.0,185.0,,7.571217606024811,2.6111764047752923,-0.2544714882043202,-0.16666666666666666,-1.0333333333333334,-1.6333333333333333
1742310612.4629538,20.0,21.0,186.0,,7.437589585039396,2.7437823939751897,-0.31870707617785676,-0.6666666666666666,-0.9666666666666667,-2.566666666666667
1742310612.4831808,21.0,21.0,188.0,,7.142589585039396,8.388410414960603,0.8501969679616703,-1.3,-0.4,-1.8
1742310612.5033648,23.0,21.0,190.0,,7.996589585039396,3.2949276295202243,0.17007038066205293,-1.1666666666666667,0.3333333333333333,-0.0
1742310612.523549,24.0,21.0,191.0,,7.270589585039396,1.9029135314263996,-0.5447722565403437,-0.2,0.5666666666666667,-0.23333333333333334
1742310612.543735,25.0,20.0,191.0,,6.992217606024811,4.277114852323738,0.5530465942582481,0.13333333333333333,0.6333333333333333,-0.16666666666666666
1742310612.5639005,25.0,19.0,191.0,,7.585823595224708,3.022114852323738,-0.1466700944054553,0.1,0.36666666666666664,-0.03333333333333333
1742310612.5840607,25.0,19.0,191.0,,7.595823595224708,2.512114852323738,-0.32121566331288687,0.4666666666666667,0.16666666666666666,-0.3
1742310612.604396,25.0,18.0,192.0,,7.874456714818234,2.865114852323738,0.12024786072377847,0.4666666666666667,-0.1,-0.3333333333333333
1742310612.6263547,25.0,18.0,193.0,,8.159456714818234,2.963114852323738,0.24656543317567703,-0.1,-0.1,-0.2
1742310612.6465375,25.0,17.0,193.0,,7.849166423330048,2.198114852323738,-0.12166016773177635,-0.1,0.0,-0.1
1742310612.6667428,25.0,17.0,194.0,,7.947166423330048,2.325114852323738,-0.03976385306048247,0.3333333333333333,0.1,-0.06666666666666667
1742310612.6872773,25.0,16.0,195.0,,7.871002460564762,2.580114852323738,0.12048347832466177,0.3,0.13333333333333333,-0.03333333333333333
1742310612.7089484,26.0,15.0,196.0,,7.8140148324557295,2.0825790499991506,0.03653958895637821,0.1,0.06666666666666667,-0.03333333333333333
1742310612.729374,27.0,14.0,197.0,,7.648253795832741,1.8213531975550463,0.05349006854498661,-0.13333333333333333,0.0,-0.0
1742310612.7496724,28.0,13.0,199.0,,7.236769843113316,1.2974839690704103,-0.15584170608653647,-0.3,-0.03333333333333333,-0.0
1742310612.7698708,29.0,12.0,201.0,,7.3046136869222185,1.3130176253834334,-0.037954430751771184,0.43333333333333335,-0.13333333333333333,-0.13333333333333333
1742310612.790049,29.0,12.0,201.0,,7.3046136869222185,1.3130176253834334,-0.037954430751771184,0.43333333333333335,-0.13333333333333333,-0.13333333333333333
1742310612.8104231,28.0,12.0,201.0,,7.4616136869222185,1.993483969070411,0.21441741688621363,0.2,0.0,0.03333333333333333
1742310612.8307931,28.0,12.0,202.0,,7.108613686922219,1.326483969070411,-0.12963272581862473,-0.06666666666666667,0.0,0.03333333333333333
1742310612.851072,28.0,12.0,202.0,,7.108613686922219,1.326483969070411,-0.12963272581862473,-0.06666666666666667,0.0,0.03333333333333333
1742310612.8713539,29.0,11.0,202.0,,6.920836244643905,1.4700176253834334,-0.08573260241981906,0.23333333333333334,-0.03333333333333333,-0.0
1742310612.891528,28.0,11.0,203.0,,6.960836244643905,1.826483969070411,0.077847341641605,0.3333333333333333,0.03333333333333333,0.1
1742310612.9119458,28.0,11.0,203.0,,6.960836244643905,1.826483969070411,0.077847341641605,0.3333333333333333,0.03333333333333333,0.1
1742310612.932117,29.0,10.0,205.0,,6.537488622912586,1.3720176253834335,-0.038853776818002395,0.0,-0.06666666666666667,0.03333333333333333
1742310612.9522629,30.0,9.0,207.0,,6.534622102044665,1.5860000000000003,0.01751386910088204,0.3,-0.16666666666666666,-0.0
1742310612.9724648,30.0,9.0,207.0,,6.534622102044665,1.5860000000000003,0.01751386910088204,0.3,-0.16666666666666666,-0.0
1742310612.9927719,29.0,9.0,207.0,,6.387622102044665,1.8430176253834336,0.09912345983906246,0.2,0.0,0.06666666666666667
1742310613.0131974,29.0,9.0,208.0,,6.456622102044665,1.3130176253834334,-0.038098694885085216,0.1,0.13333333333333333,-0.0
1742310613.0334165,29.0,9.0,208.0,,6.456622102044665,1.3130176253834334,-0.038098694885085216,0.1,0.13333333333333333,-0.0
1742310613.053573,30.0,8.0,209.0,,6.2282881204182425,1.253000000000001,-0.043004469536096934,0.2,0.2,0.1
1742310613.0737367,31.0,6.0,211.0,,5.849424224655681,1.3204764851323683,0.009897827443976048,0.16666666666666666,-0.16666666666666666,-0.06666666666666667
1742310613.0939076,31.0,6.0,211.0,,5.849424224655681,1.3204764851323683,0.009897827443976048,0.16666666666666666,-0.16666666666666666,-0.06666666666666667
1742310613.1140435,32.0,5.0,214.0,,5.835997836354527,1.05749201787226,0.04907911754904504,0.03333333333333333,0.06666666666666667,-0.0
1742310613.1342719,32.0,4.0,215.0,,5.635311007429869,0.90049201787226,-0.035242698412909945,0.16666666666666666,0.4,0.06666666666666667
1742310613.1546352,32.0,4.0,215.0,,5.635311007429869,0.90049201787226,-0.035242698412909945,0.16666666666666666,0.4,0.06666666666666667
1742310613.1748047,33.0,2.0,218.0,,5.3423640626515345,0.667091066502584,-0.06680871249733755,0.4666666666666667,0.3333333333333333,-0.0
1742310613.1950307,32.0,2.0,218.0,,5.362364062651534,0.8114920178722596,-0.05720420959526873,0.4,0.2,-0.0
1742310613.215946,32.0,2.0,218.0,,5.362364062651534,0.8114920178722596,-0.05720420959526873,0.4,0.2,-0.0
1742310613.2361178,33.0,0.0,222.0,,5.128,0.667091066502584,0.0822196089257945,0.1,0.13333333333333333,0.06666666666666667
1742310613.2563112,33.0,0.0,222.0,,4.991,0.4120910665025841,-0.06922194142947724,0.1,0.13333333333333333,0.06666666666666667
1742310613.2769651,33.0,0.0,222.0,,4.991,0.4120910665025841,-0.06922194142947724,0.1,0.13333333333333333,0.06666666666666667
1742310613.2971742,33.0,0.0,224.0,,5.079,0.6180910665025845,0.0053961270349267565,0.3333333333333333,-0.03333333333333333,-0.06666666666666667
1742310613.3173501,33.0,-1.0,225.0,,5.054791892850249,0.7950910665025841,0.1469052046635273,0.06666666666666667,-0.03333333333333333,-0.0
1742310613.3375795,33.0,-1.0,225.0,,5.054791892850249,0.7950910665025841,0.1469052046635273,0.06666666666666667,-0.03333333333333333,-0.0
1742310613.3578322,34.0,-2.0,227.0,,4.736635937348465,0.2403176169519723,-0.13670638174515126,0.06666666666666667,0.0,-0.0
1742310613.3779907,34.0,-2.0,228.0,,4.677635937348465,0.5153176169519726,-0.05743465061993014,0.26666666666666666,0.06666666666666667,-0.0
1742310613.398369,34.0,-2.0,228.0,,4.677635937348465,0.5153176169519726,-0.05743465061993014,0.26666666666666666,0.06666666666666667,-0.0
1742310613.4186938,34.0,-3.0,230.0,,4.6245842692567205,0.5153176169519726,0.03466933935157801,0.2,0.03333333333333333,-0.0
1742310613.438886,34.0,-4.0,231.0,,4.3946889925701305,0.2303176169519725,-0.0663222374943242,0.2,0.03333333333333333,-0.0
1742310613.4590836,34.0,-4.0,231.0,,4.3946889925701305,0.2303176169519725,-0.0663222374943242,0.2,0.03333333333333333,-0.0
1742310613.4803345,35.0,-6.0,234.0,,4.190575775344319,0.3642151593962373,0.09139999197877113,0.3,0.1,-0.0
1742310613.500517,35.0,-8.0,236.0,,3.7137118795817576,0.2272151593962377,-0.019457847770223857,0.2,0.16666666666666666,0.03333333333333333
1742310613.5206704,35.0,-9.0,237.0,,3.4953778979553354,-0.027784840603762184,-0.12552908875845592,0.3,0.16666666666666666,-0.0
1742310613.5408897,35.0,-10.0,238.0,,3.4345113770874134,-0.01878484060376273,-0.0641295300294864,0.4666666666666667,0.16666666666666666,-0.0
1742310613.5610502,35.0,-10.0,238.0,,3.6005113770874138,0.28521515939623754,0.14752521038325916,0.3333333333333333,0.16666666666666666,0.03333333333333333
1742310613.5817997,34.0,-11.0,239.0,,3.413163755356096,0.30931761695197224,0.07732926726239331,0.03333333333333333,0.13333333333333333,0.06666666666666667
1742310613.6019714,34.0,-11.0,239.0,,3.374163755356096,-0.034682383048028065,-0.11338999570060437,0.03333333333333333,0.0,0.03333333333333333
1742310613.62216,35.0,-12.0,240.0,,3.3133863130777805,-0.16578484060376208,-0.12297295621918547,0.16666666666666666,0.0,-0.0
1742310613.6423314,35.0,-11.0,241.0,,3.374163755356096,0.021215159396237304,-0.0960258433639547,0.4,0.03333333333333333,-0.0
1742310613.6625397,35.0,-11.0,241.0,,3.3051637553560953,-0.10678484060376281,-0.11215277271896262,0.5666666666666667,0.13333333333333333,0.03333333333333333
1742310613.6829143,35.0,-11.0,241.0,,3.3051637553560953,-0.10678484060376281,-0.11215277271896262,0.5666666666666667,0.13333333333333333,0.03333333333333333
1742310613.7030616,34.0,-11.0,242.0,,3.2661637553560956,0.11331761695197251,0.009273340286109821,0.8333333333333334,0.4,0.16666666666666666
1742310613.7232087,33.0,-11.0,243.0,,3.2661637553560956,0.22609106650258415,0.026534165923988162,0.8666666666666667,0.4666666666666667,0.2
1742310613.7434,33.0,-12.0,244.0,,2.9513863130777804,0.06909106650258412,0.06473159161703634,0.7333333333333333,0.4,0.1
1742310613.763568,33.0,-13.0,245.0,,2.872230156886684,-0.27390893349741585,-0.16174752991903762,0.7,0.3,-0.06666666666666667
1742310613.783941,32.0,-13.0,245.0,,3.029230156886684,0.11549201787225982,0.05212703061047286,0.8,0.36666666666666664,-0.13333333333333333
1742310613.8041167,31.0,-14.0,246.0,,2.6757462041672597,-0.05252351486763196,-0.23847059686826544,0.7333333333333333,0.5,-0.16666666666666666
1742310613.8243904,31.0,-14.0,246.0,,2.950746204167259,-0.9245235148676318,-0.6610595376336708,1.5,0.6,-0.06666666666666667
1742310613.8462956,29.0,-15.0,246.0,,2.8629851675442715,-0.35398237461656645,-0.4946461611048125,2.6333333333333333,0.8,-0.03333333333333333
1742310613.8664794,27.0,-15.0,245.0,,2.941985167544271,0.5073531975550463,-0.18124848593321463,3.3666666666666667,1.1,-0.03333333333333333
1742310613.8869815,23.0,-15.0,245.0,,3.2559851675442713,1.0689276295202244,0.04905036404262919,3.533333333333333,1.2,-0.03333333333333333
1742310613.9071348,20.0,-17.0,244.0,,2.524833576669952,-0.3162176060248103,-1.072424504600769,3.2666666666666666,1.3,-0.3333333333333333
1742310613.927434,16.0,-18.0,243.0,,3.0185432851817655,-0.36100246056476193,-1.1281496195887089,3.5,1.8666666666666667,-0.9666666666666667
1742310613.9476383,12.0,-19.0,243.0,,3.464176404775293,0.43038631307778097,-0.7243841650845777,4.233333333333333,2.6,-1.9666666666666666
1742310613.96784,7.0,-22.0,243.0,,1.5511093185899028,0.6274617411955032,1.5921760672913,5.2,2.2666666666666666,-2.3333333333333335
1742310613.9881437,1.0,-24.0,244.0,,2.4129135314263994,2.2207918928502486,0.20146605493965097,5.566666666666666,1.0666666666666667,-2.7333333333333334
1742310614.008361,-4.0,-26.0,244.0,,1.2195790499991501,0.3313110074298693,-1.6165945327788513,4.866666666666666,1.7666666666666666,-2.8333333333333335
1742310614.0287728,-11.0,-28.0,244.0,,0.09048396907041045,0.8518362446439045,-2.1549535176327845,4.333333333333333,2.2,-3.033333333333333
1742310614.0492363,-17.0,-30.0,245.0,,0.13500000000000068,1.9171664233300478,-2.013808519448687,3.7,2.2333333333333334,-3.3333333333333335
1742310614.0694044,-23.0,-32.0,246.0,,0.0074920178722601705,1.8520723704797757,-1.4897569304767853,3.2333333333333334,1.9666666666666666,-3.6333333333333333
1742310614.089625,-28.0,-33.0,247.0,,-0.07790893349741612,1.3395160309295893,-1.0102910614129508,2.8,1.3,-3.6333333333333333
1742310614.109828,-33.0,-34.0,249.0,,-0.49468238304802803,0.792908933497416,-0.7882963963529219,2.0,0.8,-3.5
1742310614.1303744,-37.0,-34.0,252.0,,-1.4956823830480275,0.8138053771215938,-0.907829183264186,1.1333333333333333,0.9666666666666667,-3.2
1742310614.1505435,-43.0,-32.0,257.0,,-2.9345079821277404,0.8844039122131102,-0.7603939826139963,0.6333333333333333,1.5,-2.8333333333333335
1742310614.1707172,-43.0,-32.0,257.0,,-2.9345079821277404,0.8844039122131102,-0.7603939826139963,0.6333333333333333,1.5,-2.8333333333333335
1742310614.1909478,-45.0,-32.0,261.0,,-3.0715079821277405,1.719717523440031,-0.4024311121186521,0.9,1.5333333333333334,-3.1666666666666665
1742310614.211112,-50.0,-28.0,269.0,,-1.9295160309295891,-2.341104013002825,0.26633489122573595,0.8333333333333334,-0.7666666666666667,-3.7666666666666666
1742310614.2316456,-50.0,-28.0,269.0,,-1.9295160309295891,-2.341104013002825,0.26633489122573595,0.8333333333333334,-0.7666666666666667,-3.7666666666666666
1742310614.2520854,-52.0,-25.0,273.0,,-0.25388514767626225,-1.889614507118056,-2.732680220189047,1.7666666666666666,-0.6333333333333333,-3.4
1742310614.272235,-58.0,-18.0,281.0,,-0.49245671481823416,-0.8696481767054607,-0.3753332588625644,3.033333333333333,0.9666666666666667,-1.7333333333333334
1742310614.2925224,-58.0,-18.0,281.0,,-0.49245671481823416,-0.8696481767054607,-0.3753332588625644,3.033333333333333,0.9666666666666667,-1.7333333333333334
1742310614.3126867,-62.0,-18.0,283.0,,1.3115432851817657,-1.8312841140539273,0.4142669260384313,2.8666666666666667,0.5,-1.7
1742310614.3328767,-71.0,-16.0,287.0,,-2.8020024605647618,-0.4034627733707019,-19.650593181954854,9.333333333333334,2.3666666666666667,-3.6333333333333333
1742310614.3530707,-71.0,-16.0,287.0,,-2.8020024605647618,-0.4034627733707019,-19.650593181954854,9.333333333333334,2.3666666666666667,-3.6333333333333333
1742310614.3733106,-78.0,-14.0,290.0,,0.27374620416725914,0.8486279631986342,-14.548880122236152,0.0,1.3,-1.8
1742310614.3934948,-81.0,4.0,311.0,,3.2723110074298694,-4.304777378761697,-6.7658006730877105,-2.3666666666666667,-0.7,1.0
1742310614.413894,-81.0,4.0,311.0,,3.2723110074298694,-4.304777378761697,-6.7658006730877105,-2.3666666666666667,-0.7,1.0
1742310614.434043,-76.0,0.0,307.0,,3.039,0.32960107476752576,-0.00013586925695838886,-2.7333333333333334,0.1,-1.1
1742310614.4541838,-72.0,2.0,308.0,,3.1263640626515343,-1.604135575144543,0.007702554141583821,-2.533333333333333,0.0,-0.8
1742310614.4743567,-72.0,2.0,308.0,,3.1263640626515343,-1.604135575144543,0.007702554141583821,-2.533333333333333,0.0,-0.8
1742310614.4945612,-72.0,2.0,308.0,,3.1263640626515343,-1.604135575144543,0.007702554141583821,-2.533333333333333,0.0,-0.8
1742310614.5149615,-62.0,4.0,310.0,,2.4383110074298693,-5.881284114053926,-0.5542826903930504,-2.2333333333333334,-0.3,-0.8
1742310614.5351074,-62.0,4.0,310.0,,2.4383110074298693,-5.881284114053926,-0.5542826903930504,-2.2333333333333334,-0.3,-0.8
1742310614.5552647,-56.0,3.0,308.0,,1.2974157307432792,-1.3301414132350402,-0.0247392711373573,-0.5333333333333333,-0.06666666666666667,-0.3333333333333333
1742310614.5754855,-55.0,3.0,308.0,,2.022415730743279,-2.3791184455249894,0.30247791823074266,-0.03333333333333333,-0.4,-0.7333333333333333
1742310614.5958517,-55.0,3.0,308.0,,2.022415730743279,-2.3791184455249894,0.30247791823074266,-0.03333333333333333,-0.4,-0.7333333333333333
1742310614.6160254,-55.0,5.0,310.0,,1.3249978363545267,-0.5151184455249904,-0.24300366320908795,0.0,-0.2,-0.9666666666666667
1742310614.6362035,-55.0,6.0,312.0,,1.8584242246556806,-0.38811844552498975,-0.26740693440847574,-1.1666666666666667,-0.26666666666666666,-1.4333333333333333
1742310614.6565404,-55.0,6.0,312.0,,1.8584242246556806,-0.38811844552498975,-0.26740693440847574,-1.1666666666666667,-0.26666666666666666,-1.4333333333333333
1742310614.6766841,-51.0,9.0,315.0,,2.9266221020446648,-3.4571981181071143,0.7432243633765077,-0.5666666666666667,-1.1666666666666667,-0.9333333333333333
1742310614.6968904,-50.0,11.0,316.0,,0.4698362446439046,-1.2031040130028252,-0.11592859355055984,-0.23333333333333334,-1.5,-1.3333333333333333
1742310614.7172692,-50.0,11.0,316.0,,0.4698362446439046,-1.2031040130028252,-0.11592859355055984,-0.23333333333333334,-1.5,-1.3333333333333333
1742310614.7377121,-48.0,15.0,319.0,,1.2250148324557286,-4.379749262066762,0.3990663476149847,1.0666666666666667,-0.43333333333333335,-0.7333333333333333
1742310614.7579305,-48.0,17.0,321.0,,0.40716642333004804,-2.476749262066762,0.03488975643891501,1.7333333333333334,-0.6,-1.0
1742310614.7780707,-48.0,17.0,321.0,,0.40716642333004804,-2.476749262066762,0.03488975643891501,1.7333333333333334,-0.6,-1.0
1742310614.798624,-50.0,20.0,324.0,,2.2662176060248105,-2.2331040130028246,0.06621898211374289,0.6333333333333333,-0.43333333333333335,0.1
1742310614.8188057,-51.0,21.0,324.0,,-0.28941041496060427,1.2498018818928855,-0.24663204790498539,1.2666666666666666,-0.5,0.5
1742310614.8389304,-53.0,21.0,323.0,,1.465589585039396,3.058614353563943,-1.9137281399145083,3.1,-1.0666666666666667,1.9666666666666666
1742310614.859077,-56.0,19.0,321.0,,1.0858235952247073,4.082858586764959,-2.224771738026981,3.1666666666666665,-2.0,4.266666666666667
1742310614.8792312,-60.0,16.0,315.0,,4.7920024605647615,-4.968290788874658,-2.923104799011116,-2.8666666666666667,-1.6666666666666667,0.16666666666666666
1742310614.8994098,-60.0,16.0,315.0,,4.7920024605647615,-4.968290788874658,-2.923104799011116,-2.8666666666666667,-1.6666666666666667,0.16666666666666666
1742310614.919738,-61.0,15.0,310.0,,3.6850148324557286,0.8720193270374725,-4.71011582343745,0.4,-0.13333333333333333,-0.03333333333333333
1742310614.9399607,-61.0,16.0,311.0,,4.184002460564762,-1.1679806729625266,-1.014760207521753,0.06666666666666667,0.5,-0.3
1742310614.9601114,-62.0,16.0,311.0,,3.438002460564762,-0.47828411405392757,-0.03478652933905857,-0.03333333333333333,0.5333333333333333,-0.03333333333333333
1742310614.9806638,-61.0,16.0,311.0,,2.958002460564762,-1.392980672962528,0.010175519483102469,-0.23333333333333334,0.4,-0.0
1742310615.0008526,-61.0,15.0,311.0,,2.1470148324557288,-1.2849806729625275,0.0023867827641833594,-0.06666666666666667,0.36666666666666664,-0.0
1742310615.021006,-60.0,13.0,310.0,,1.2947698431133157,-1.0262907888746575,-0.020318496449084344,-0.16666666666666666,0.3,-0.1
1742310615.041173,-59.0,12.0,309.0,,1.9026136869222192,-0.9861887801122773,-0.028001956139872997,-0.3333333333333333,0.06666666666666667,-0.03333333333333333
1742310615.0613468,-58.0,10.0,308.0,,2.4874886229125868,-1.7916481767054613,0.004488312531781613,-0.26666666666666666,-0.1,0.06666666666666667
1742310615.082918,-57.0,9.0,307.0,,2.1216221020446646,-0.9416417284553908,-0.38248884384223636,0.06666666666666667,-0.4,-0.03333333333333333
1742310615.103152,-56.0,8.0,305.0,,1.8842881204182422,-1.742141413235041,-1.2855002096412758,0.03333333333333333,-0.4666666666666667,-0.0
1742310615.1237895,-55.0,7.0,304.0,,1.2725382588044967,-1.7311184455249897,-1.899671358971417,0.03333333333333333,-0.43333333333333335,-0.0
1742310615.1439362,-54.0,6.0,303.0,,1.0254242246556806,-1.772543285181765,-1.6315925035116123,0.06666666666666667,-0.1,-0.0
1742310615.1641438,-53.0,6.0,303.0,,1.1914242246556805,-1.893385646436057,-6.006892549817768e-16,0.03333333333333333,0.0,-0.0
1742310615.1844857,-52.0,5.0,302.0,,1.0009978363545267,-1.9976145071180564,-6.006892549817768e-16,0.03333333333333333,0.0,-0.0
1742310615.2046423,-51.0,3.0,301.0,,0.708415730743279,-2.1041981181071145,-0.01807403676229245,0.03333333333333333,0.0,-0.0
1742310615.2259088,-51.0,3.0,300.0,,0.698415730743279,-2.0851981181071144,-0.03819413079365859,0.03333333333333333,0.0,-0.0
1742310615.246116,-51.0,3.0,300.0,,0.708415730743279,-2.1041981181071145,-6.006892549817768e-16,0.03333333333333333,0.0,-0.0
1742310615.2662761,-52.0,2.0,300.0,,0.5473640626515345,-1.9876145071180567,-0.018083178068138677,0.03333333333333333,0.0,-0.0
1742310615.2871878,-54.0,2.0,300.0,,0.49836406265153455,-1.801543285181765,-6.006892549817768e-16,0.03333333333333333,0.0,-0.0
1742310615.3073657,-55.0,2.0,300.0,,0.49836406265153455,-1.69211844552499,-0.018074692858303334,0.03333333333333333,0.0,-0.0
1742310615.3275325,-56.0,2.0,300.0,,0.5473640626515345,-1.585141413235041,-0.018083178068138677,0.03333333333333333,0.0,-0.0
1742310615.3494434,-58.0,2.0,299.0,,0.5273640626515346,-1.3986481767054606,-0.018083553025556247,0.03333333333333333,0.0,-0.0
1742310615.369609,-60.0,2.0,299.0,,0.5183640626515345,-1.232290788874657,-0.01807437459394414,0.03333333333333333,0.0,-0.0
1742310615.389799,-61.0,2.0,299.0,,0.5083640626515346,-1.1379806729625273,-0.038177038176219355,0.03333333333333333,0.0,-0.0
1742310615.4099703,-64.0,1.0,299.0,,0.33720810714975125,-0.9108304058051715,-6.006892549817768e-16,0.03333333333333333,0.0,-0.0
1742310615.4303873,-64.0,1.0,299.0,,0.33720810714975125,-0.9108304058051715,-6.006892549817768e-16,0.03333333333333333,0.0,-0.0
1742310615.45111,-66.0,1.0,298.0,,0.3762081071497513,-0.7561190605260855,-0.018083178068138677,0.03333333333333333,0.0,-0.0
1742310615.4715776,-69.0,1.0,298.0,,0.34720810714975125,-0.5695760160624506,-6.006892549817768e-16,0.03333333333333333,0.0,-0.0
1742310615.4949453,-69.0,1.0,298.0,,0.34720810714975125,-0.5695760160624506,-6.006892549817768e-16,0.03333333333333333,0.0,-0.0
1742310615.5151007,-70.0,0.0,298.0,,0.176,-0.4996153900902396,-0.01808370922344104,0.03333333333333333,0.0,-0.0
1742310615.5355685,-73.0,0.0,297.0,,0.166,-0.3566503440026221,-6.006892549817768e-16,0.03333333333333333,0.0,-0.0
1742310615.5558414,-73.0,0.0,297.0,,0.166,-0.3566503440026221,-6.006892549817768e-16,0.03333333333333333,0.0,-0.0
1742310615.5759962,-75.0,0.0,297.0,,0.185,-0.25226764410423996,-6.006892549817768e-16,0.03333333333333333,0.0,-0.0
1742310615.5962842,-76.0,0.0,296.0,,0.176,-0.20939892523247394,-6.006892549817768e-16,0.03333333333333333,0.0,-0.0
1742310615.6164832,-76.0,0.0,296.0,,0.176,-0.20939892523247394,-6.006892549817768e-16,0.03333333333333333,0.0,-0.0
1742310615.636643,-78.0,-1.0,296.0,,-0.015208107149751265,-0.13237203680136567,-0.03815765658888656,0.03333333333333333,0.0,-0.0
1742310615.6589632,-78.0,-1.0,295.0,,-0.025208107149751274,-0.13237203680136567,-0.018074837622148836,0.03333333333333333,0.0,-0.0
1742310615.6791143,-78.0,-1.0,295.0,,-0.025208107149751274,-0.13237203680136567,-0.018074837622148836,0.03333333333333333,0.0,-0.0
1742310615.6999195,-80.0,-2.0,294.0,,-0.1763640626515345,-0.0670359429502394,-6.006892549817768e-16,0.03333333333333333,0.0,-0.0
1742310615.7201703,-80.0,-3.0,294.0,,-0.37741573074327905,-0.07703594295023919,-6.006892549817768e-16,0.03333333333333333,0.0,-0.0
1742310615.7403593,-81.0,-3.0,293.0,,-0.3374157307432791,-0.01977737876169705,-0.038194461460824586,0.03333333333333333,0.0,-0.0
1742310615.76384,-82.0,-4.0,293.0,,-0.5183110074298692,-0.013470245645194723,-0.01807453851507978,0.03333333333333333,0.0,-0.0
1742310615.7840567,-82.0,-4.0,292.0,,-0.5083110074298693,-0.02347024564519451,-6.006892549817768e-16,0.03333333333333333,0.0,-0.0
1742310615.804244,-83.0,-5.0,291.0,,-0.6499978363545267,0.027877747601369407,-0.03819333701796024,0.03333333333333333,0.0,-0.0
1742310615.824465,-83.0,-6.0,290.0,,-0.8594242246556806,0.018877747601369066,-0.05626083509278377,0.03333333333333333,0.0,-0.0
1742310615.8446484,-84.0,-7.0,290.0,,-1.0395382588044968,0.008259793562762852,-6.230907471520622e-05,0.03333333333333333,0.0,-0.0
1742310615.8648574,-84.0,-8.0,289.0,,-1.160288120418242,0.04725979356276255,-0.05628485427704623,0.03333333333333333,0.0,-0.0
1742310615.8850768,-84.0,-9.0,288.0,,-1.3496221020446648,0.028259793562762425,-0.01807421887709234,0.03333333333333333,0.0,-0.0
1742310615.905305,-85.0,-10.0,287.0,,-1.5474886229125868,0.04466998828002389,-0.018074692858303334,0.03333333333333333,0.0,-0.0
1742310615.9255934,-85.0,-11.0,286.0,,-1.6768362446439045,0.054669988280023674,-0.03817597565284876,0.03333333333333333,0.0,-0.0
1742310615.9457593,-85.0,-12.0,285.0,,-1.8636136869222193,0.054669988280023674,-0.05626032354617122,0.03333333333333333,0.0,-0.0
1742310615.9659219,-85.0,-13.0,283.0,,-2.0607698431133157,0.0346699882800241,-6.006892549817768e-16,0.03333333333333333,0.0,-0.0
1742310615.9863791,-86.0,-15.0,282.0,,-2.3540148324557286,0.05810333304887649,-6.006892549817768e-16,0.03333333333333333,0.0,-0.0
1742310616.0076578,-86.0,-16.0,280.0,,-2.499002460564762,0.07710333304887662,-0.018091594189312683,0.03333333333333333,0.0,-0.0
1742310616.027859,-86.0,-18.0,279.0,,-2.8654567148182344,0.03810333304887692,-6.006892549817768e-16,0.03333333333333333,0.0,-0.0
1742310616.0480154,-86.0,-20.0,277.0,,-3.1992176060248103,0.06810333304887628,-0.03817736501709049,0.03333333333333333,0.0,-0.0
1742310616.0682118,-87.0,-21.0,275.0,,-3.330589585039396,0.05855573594237029,-6.006892549817768e-16,0.03333333333333333,0.0,-0.0
1742310616.0884397,-87.0,-23.0,273.0,,-3.6480723704797757,0.03855573594237072,-0.018046331157185583,0.03333333333333333,0.0,-0.0
1742310616.1085892,-87.0,-26.0,271.0,,-4.14442095000085,0.01955573594237059,-3.2470445739823245e-05,0.06666666666666667,0.0,-0.0
1742310616.129147,-87.0,-28.0,269.0,,-4.459516030929589,0.09755573594236999,-0.03821523131027672,0.06666666666666667,0.0,-0.0
1742310616.1493776,-87.0,-30.0,267.0,,-4.6899999999999995,0.09755573594236999,-0.056313371905312604,0.06666666666666667,0.0,-0.0
1742310616.1695461,-87.0,-32.0,265.0,,-5.130507982127741,0.06855573594237008,-8.404107547873955e-05,0.06666666666666667,0.0,-0.0
1742310616.1898627,-87.0,-35.0,262.0,,-5.333784840603762,0.21555573594237032,-0.13759101433426063,0.03333333333333333,0.0,-0.0
1742310616.2100139,-87.0,-35.0,262.0,,-5.333784840603762,0.21555573594237032,-0.13759101433426063,0.03333333333333333,0.0,-0.0
1742310616.230386,-87.0,-38.0,259.0,,-5.922639072944708,-0.029444264057630676,0.00011893597758480534,0.03333333333333333,0.0,-0.0
1742310616.252698,-87.0,-40.0,257.0,,-6.071746451024951,0.15655573594236927,-0.17550455870857562,0.03333333333333333,0.0,-0.0
1742310616.27286,-87.0,-40.0,257.0,,-6.071746451024951,0.15655573594236927,-0.17550455870857562,0.03333333333333333,0.0,-0.0
1742310616.2930365,-88.0,-41.0,255.0,,-6.309939074396876,0.027024013057330265,-9.53387601164285e-05,0.03333333333333333,0.0,-0.0
1742310616.3132122,-88.0,-44.0,253.0,,-6.570598614202764,0.15402401305732916,-0.17541063799060683,0.03333333333333333,0.0,-0.0
1742310616.3333962,-88.0,-44.0,253.0,,-6.570598614202764,0.15402401305732916,-0.17541063799060683,0.03333333333333333,0.0,-0.0
1742310616.3539743,-88.0,-46.0,251.0,,-6.920723441322167,0.05602401305733018,-6.006892549817768e-16,0.03333333333333333,0.0,-0.0
1742310616.3741508,-88.0,-49.0,248.0,,-7.149700981985394,0.12502401305732924,-0.11676371306868628,0.03333333333333333,0.0,-0.0
1742310616.394474,-88.0,-49.0,248.0,,-7.149700981985394,0.12502401305732924,-0.11676371306868628,0.03333333333333333,0.0,-0.0
1742310616.4150312,-88.0,-50.0,246.0,,-7.388895986997174,0.06602401305732997,-0.038138842140995374,0.03333333333333333,0.0,-0.0
1742310616.4352145,-88.0,-54.0,243.0,,-7.672456714818234,0.11502401305732946,-0.0764599890026574,0.03333333333333333,0.0,-0.0
1742310616.4565556,-88.0,-54.0,243.0,,-7.672456714818234,0.11502401305732946,-0.0764599890026574,0.03333333333333333,0.0,-0.0
1742310616.4767253,-88.0,-58.0,239.0,,-8.19335182329454,0.04602401305733039,-6.006892549817768e-16,0.03333333333333333,0.0,-0.0
1742310616.4970238,-88.0,-59.0,237.0,,-8.183811219887723,0.10502401305732967,-0.07642425756432517,0.03333333333333333,0.0,-0.0
1742310616.5171828,-88.0,-59.0,237.0,,-8.183811219887723,0.10502401305732967,-0.07642425756432517,0.03333333333333333,0.0,-0.0
1742310616.5373397,-88.0,-63.0,233.0,,-8.61477400228789,0.04602401305733039,-6.006892549817768e-16,0.03333333333333333,0.0,-0.0
1742310616.5580206,-88.0,-65.0,232.0,,-8.675879390829536,0.10502401305732967,-0.07642515571490448,0.03333333333333333,0.0,-0.0
1742310616.5781784,-88.0,-65.0,232.0,,-8.675879390829536,0.10502401305732967,-0.07642515571490448,0.03333333333333333,0.0,-0.0
1742310616.5983603,-88.0,-69.0,228.0,,-8.992423983937549,0.06602401305732997,-6.006892549817768e-16,0.03333333333333333,0.0,-0.0
1742310616.6186552,-88.0,-70.0,227.0,,-9.00338460990976,0.10502401305732967,-0.07642515571490448,0.03333333333333333,0.0,-0.0
1742310616.6387925,-88.0,-71.0,225.0,,-9.109537226629298,0.07602401305732975,-0.01807453851507978,0.03333333333333333,0.0,-0.0
1742310616.6589081,-88.0,-73.0,223.0,,-9.205349655997377,0.06602401305732997,-6.006892549817768e-16,0.03333333333333333,0.0,-0.0
1742310616.679075,-88.0,-75.0,222.0,,-9.24173235589576,0.10502401305732967,-0.056312088803475456,0.03333333333333333,0.0,-0.0
1742310616.6992698,-88.0,-75.0,222.0,,-9.24173235589576,0.10502401305732967,-0.056312088803475456,0.03333333333333333,0.0,-0.0
1742310616.7198339,-88.0,-78.0,219.0,,-9.449627963198633,0.06602401305732997,-0.018065520730179266,0.03333333333333333,0.0,-0.0
1742310616.7400243,-88.0,-79.0,218.0,,-9.424762669621584,0.09502401305732988,-0.05628485427704623,0.03333333333333333,0.0,-0.0
1742310616.7602642,-88.0,-80.0,217.0,,-9.47596405704976,0.08602401305732954,-0.03817636130334483,0.03333333333333333,0.0,-0.0
1742310616.7804832,-88.0,-81.0,215.0,,-9.533222621238302,0.06602401305732997,-6.006892549817768e-16,0.03333333333333333,0.0,-0.0
1742310616.8006737,-88.0,-82.0,214.0,,-9.509529754354805,0.09502401305732988,-0.05628485427704623,0.03333333333333333,0.0,-0.0
1742310616.820928,-88.0,-83.0,213.0,,-9.541877747601369,0.09502401305732988,-0.03819374407011923,0.03333333333333333,0.0,-0.0
1742310616.841109,-88.0,-84.0,212.0,,-9.590259793562762,0.06602401305732997,-6.006892549817768e-16,0.03333333333333333,0.0,-0.0
1742310616.861305,-88.0,-85.0,211.0,,-9.587669988280023,0.08602401305732954,-0.03817636130334483,0.03333333333333333,0.0,-0.0
1742310616.8814836,-88.0,-86.0,211.0,,-9.601103333048876,0.08602401305732954,-0.05625983760261784,0.03333333333333333,0.0,-0.0
1742310616.901752,-88.0,-87.0,210.0,,-9.64055573594237,0.06602401305732997,-6.006892549817768e-16,0.03333333333333333,0.0,-0.0
1742310616.9219635,-88.0,-87.0,209.0,,-9.61155573594237,0.08602401305732954,-0.03817636130334483,0.03333333333333333,0.0,-0.0
1742310616.9421175,-88.0,-88.0,209.0,,-9.60902401305733,0.09502401305732988,-0.05628545413934942,0.03333333333333333,0.0,-0.0
1742310616.9629004,-88.0,-88.0,208.0,,-9.63802401305733,0.06602401305732997,-0.018065222543390706,0.03333333333333333,0.0,-0.0
1742310616.983199,-88.0,-89.0,207.0,,-9.623505889484198,0.08602401305732954,-0.018083553025556247,0.03333333333333333,0.0,-0.0
1742310617.0033772,-88.0,-90.0,207.0,,-9.615,0.08602401305732954,-0.05625926927938851,0.03333333333333333,0.0,-0.0
1742310617.0249467,-88.0,-90.0,206.0,,-9.634,0.07602401305732975,-0.01807437459394414,0.03333333333333333,0.0,-0.0
1742310617.045168,-88.0,-91.0,206.0,,-9.603505889484198,0.08602401305732954,-0.056258671081449926,0.03333333333333333,0.0,-0.0
1742310617.0653522,-88.0,-91.0,206.0,,-9.623505889484198,0.08602401305732954,-0.03817636130334483,0.03333333333333333,0.0,-0.0
1742310617.0859962,-88.0,-91.0,206.0,,-9.623505889484198,0.08602401305732954,-0.03817636130334483,0.03333333333333333,0.0,-0.0
1742310617.1061497,-88.0,-92.0,205.0,,-9.62802401305733,0.08602401305732954,-0.05626032354617122,0.03333333333333333,0.0,-0.0
1742310617.1264787,-88.0,-92.0,204.0,,-9.619024013057329,0.08602401305732954,-0.03817636130334483,0.03333333333333333,0.0,-0.0
1742310617.1466439,-88.0,-93.0,204.0,,-9.61155573594237,0.07602401305732975,-0.01807421887709234,0.03333333333333333,0.0,-0.0
1742310617.1668353,-88.0,-93.0,204.0,,-9.60155573594237,0.08602401305732954,-0.03817597565284876,0.03333333333333333,0.0,-0.0
1742310617.187045,-88.0,-93.0,204.0,,-9.61155573594237,0.08602401305732954,-0.03817636130334483,0.03333333333333333,0.0,-0.0
1742310617.207584,-88.0,-93.0,203.0,,-9.63055573594237,0.07602401305732975,-0.01807453851507978,0.03333333333333333,0.0,-0.0
1742310617.2280762,-88.0,-94.0,203.0,,-9.610103333048876,0.07602401305732975,-0.038156984700441376,0.03333333333333333,0.0,-0.0
1742310617.248293,-88.0,-94.0,203.0,,-9.601103333048876,0.08602401305732954,-0.03817636130334483,0.03333333333333333,0.0,-0.0
1742310617.2686584,-88.0,-94.0,203.0,,-9.610103333048876,0.07602401305732975,-0.038156984700441376,0.03333333333333333,0.0,-0.0
1742310617.288878,-88.0,-94.0,202.0,,-9.601103333048876,0.08602401305732954,-0.018083553025556247,0.03333333333333333,0.0,-0.0
1742310617.3090413,-88.0,-94.0,202.0,,-9.591103333048876,0.08602401305732954,-0.05625926927938851,0.03333333333333333,0.0,-0.0
1742310617.3293605,-88.0,-94.0,202.0,,-9.610103333048876,0.07602401305732975,-0.038156984700441376,0.03333333333333333,0.0,-0.0
1742310617.349535,-88.0,-95.0,202.0,,-9.596669988280023,0.07602401305732975,-0.038156984700441376,0.03333333333333333,0.0,-0.0
1742310617.3697073,-88.0,-95.0,202.0,,-9.577669988280023,0.08602401305732954,-0.03817597565284876,0.03333333333333333,0.0,-0.0
1742310617.3903189,-88.0,-95.0,202.0,,-9.596669988280023,0.07602401305732975,-0.038156984700441376,0.03333333333333333,0.0,-0.0
1742310617.4105108,-88.0,-95.0,202.0,,-9.596669988280023,0.07602401305732975,-0.038156984700441376,0.03333333333333333,0.0,-0.0
1742310617.4307191,-88.0,-95.0,202.0,,-9.587669988280023,0.08602401305732954,-0.03817636130334483,0.03333333333333333,0.0,-0.0
1742310617.4508903,-88.0,-95.0,201.0,,-9.587669988280023,0.07602401305732975,-0.03815665596632688,0.03333333333333333,0.0,-0.0
1742310617.4711404,-88.0,-95.0,201.0,,-9.587669988280023,0.07602401305732975,-0.03815665596632688,0.03333333333333333,0.0,-0.0
1742310617.4914725,-88.0,-95.0,201.0,,-9.587669988280023,0.08602401305732954,-0.03817636130334483,0.03333333333333333,0.0,-0.0
1742310617.5116446,-88.0,-95.0,201.0,,-9.587669988280023,0.07602401305732975,-0.01807421887709234,0.03333333333333333,0.0,-0.0
1742310617.5318406,-88.0,-95.0,201.0,,-9.587669988280023,0.07602401305732975,-0.01807421887709234,0.03333333333333333,0.0,-0.0
1742310617.5540936,-88.0,-95.0,201.0,,-9.596669988280023,0.08602401305732954,-0.03817669105297066,0.03333333333333333,0.0,-0.0
1742310617.5742648,-88.0,-95.0,201.0,,-9.596669988280023,0.07602401305732975,-0.038156984700441376,0.03333333333333333,0.0,-0.0
1742310617.5944436,-88.0,-95.0,201.0,,-9.596669988280023,0.07602401305732975,-0.038156984700441376,0.03333333333333333,0.0,-0.0
1742310617.6147344,-88.0,-95.0,201.0,,-9.587669988280023,0.07602401305732975,-0.01807421887709234,0.03333333333333333,0.0,-0.0
1742310617.63491,-88.0,-95.0,201.0,,-9.587669988280023,0.07602401305732975,-0.03815665596632688,0.03333333333333333,0.0,-0.0
1742310617.6554835,-88.0,-95.0,201.0,,-9.587669988280023,0.07602401305732975,-0.03815665596632688,0.03333333333333333,0.0,-0.0
1742310617.675828,-88.0,-95.0,201.0,,-9.596669988280023,0.08602401305732954,-0.03817669105297066,0.03333333333333333,0.0,-0.0
1742310617.6960406,-88.0,-95.0,201.0,,-9.596669988280023,0.07602401305732975,-0.056231282800448965,0.03333333333333333,0.0,-0.0
1742310617.716292,-88.0,-95.0,201.0,,-9.596669988280023,0.07602401305732975,-0.056231282800448965,0.03333333333333333,0.0,-0.0
1742310617.736564,-88.0,-95.0,201.0,,-9.596669988280023,0.07602401305732975,-0.038156984700441376,0.03333333333333333,0.0,-0.0
1742310617.7575238,-88.0,-96.0,201.0,,-9.580259793562762,0.08602401305732954,-0.03817669105297066,0.03333333333333333,0.0,-0.0
1742310617.7776904,-88.0,-96.0,201.0,,-9.580259793562762,0.08602401305732954,-0.03817669105297066,0.03333333333333333,0.0,-0.0
1742310617.797886,-88.0,-96.0,201.0,,-9.580259793562762,0.07602401305732975,-0.01807437459394414,0.03333333333333333,0.0,-0.0
1742310617.8180456,-88.0,-96.0,201.0,,-9.571259793562762,0.08602401305732954,-0.018083553025556247,0.03333333333333333,0.0,-0.0
1742310617.8382447,-88.0,-96.0,201.0,,-9.571259793562762,0.08602401305732954,-0.018083553025556247,0.03333333333333333,0.0,-0.0
1742310617.8591616,-88.0,-95.0,201.0,,-9.587669988280023,0.07602401305732975,-0.03815665596632688,0.03333333333333333,0.0,-0.0
1742310617.87979,-88.0,-95.0,201.0,,-9.596669988280023,0.07602401305732975,-0.01807437459394414,0.03333333333333333,0.0,-0.0
1742310617.8999887,-88.0,-95.0,201.0,,-9.596669988280023,0.07602401305732975,-0.01807437459394414,0.03333333333333333,0.0,-0.0
1742310617.920355,-88.0,-95.0,202.0,,-9.596669988280023,0.07602401305732975,-0.038156984700441376,0.03333333333333333,0.0,-0.0
1742310617.9410682,-88.0,-95.0,202.0,,-9.587669988280023,0.08602401305732954,-0.03817636130334483,0.03333333333333333,0.0,-0.0
1742310617.9612684,-88.0,-95.0,202.0,,-9.587669988280023,0.08602401305732954,-0.03817636130334483,0.03333333333333333,0.0,-0.0
1742310617.981476,-88.0,-95.0,202.0,,-9.587669988280023,0.08602401305732954,-0.018083553025556247,0.03333333333333333,0.0,-0.0
1742310618.0019028,-88.0,-95.0,202.0,,-9.587669988280023,0.07602401305732975,-0.01807421887709234,0.03333333333333333,0.0,-0.0
1742310618.02228,-88.0,-95.0,202.0,,-9.596669988280023,0.08602401305732954,-0.03817669105297066,0.03333333333333333,0.0,-0.0
1742310618.0426683,-88.0,-95.0,202.0,,-9.596669988280023,0.08602401305732954,-0.03817669105297066,0.03333333333333333,0.0,-0.0
1742310618.0629756,-88.0,-95.0,202.0,,-9.587669988280023,0.08602401305732954,-0.03817636130334483,0.03333333333333333,0.0,-0.0
1742310618.0836942,-88.0,-95.0,202.0,,-9.587669988280023,0.08602401305732954,-0.03817636130334483,0.03333333333333333,0.0,-0.0
1742310618.1038523,-88.0,-95.0,201.0,,-9.587669988280023,0.08602401305732954,-0.03817636130334483,0.03333333333333333,0.0,-0.0
1742310618.124106,-88.0,-95.0,201.0,,-9.587669988280023,0.08602401305732954,-0.018083553025556247,0.03333333333333333,0.0,-0.0
1742310618.144804,-88.0,-95.0,201.0,,-9.587669988280023,0.07602401305732975,-0.03815665596632688,0.03333333333333333,0.0,-0.0
1742310618.1667688,-88.0,-95.0,201.0,,-9.596669988280023,0.08602401305732954,-0.03817669105297066,0.03333333333333333,0.0,-0.0
1742310618.1869445,-88.0,-95.0,201.0,,-9.587669988280023,0.08602401305732954,-0.03817636130334483,0.03333333333333333,0.0,-0.0
1742310618.207114,-88.0,-95.0,201.0,,-9.587669988280023,0.08602401305732954,-0.03817636130334483,0.03333333333333333,0.0,-0.0
1742310618.2273955,-88.0,-95.0,201.0,,-9.587669988280023,0.07602401305732975,-0.03815665596632688,0.03333333333333333,0.0,-0.0
1742310618.2478278,-88.0,-95.0,201.0,,-9.596669988280023,0.08602401305732954,-0.03817669105297066,0.03333333333333333,0.0,-0.0
1742310618.268135,-88.0,-95.0,201.0,,-9.587669988280023,0.07602401305732975,-0.03815665596632688,0.03333333333333333,0.0,-0.0
1742310618.2883043,-88.0,-96.0,201.0,,-9.571259793562762,0.08602401305732954,-0.03817636130334483,0.03333333333333333,0.0,-0.0
1742310618.3084714,-88.0,-96.0,201.0,,-9.571259793562762,0.08602401305732954,-0.018083553025556247,0.03333333333333333,0.0,-0.0
1742310618.3289778,-88.0,-96.0,201.0,,-9.580259793562762,0.08602401305732954,-0.03817669105297066,0.03333333333333333,0.0,-0.0
1742310618.3491664,-88.0,-95.0,201.0,,-9.567669988280024,0.06602401305732997,-0.09634360020446214,0.03333333333333333,0.0,-0.0
1742310618.3697467,-88.0,-95.0,201.0,,-9.567669988280024,0.06602401305732997,-0.09634360020446214,0.03333333333333333,0.0,-0.0
1742310618.3899045,-88.0,-95.0,201.0,,-9.547669988280024,0.03702401305733005,-8.26813551373512e-05,0.03333333333333333,0.0,-0.0
1742310618.4103014,-88.0,-94.0,202.0,,-9.630103333048876,0.09502401305732988,-0.09649247880880593,0.03333333333333333,0.0,-0.0
1742310618.4307773,-88.0,-94.0,202.0,,-9.630103333048876,0.09502401305732988,-0.09649247880880593,0.03333333333333333,0.0,-0.0
1742310618.4511592,-88.0,-94.0,202.0,,-9.620103333048876,0.08602401305732954,-0.038177038176219355,0.03333333333333333,0.0,-0.0
1742310618.4717667,-88.0,-95.0,202.0,,-9.567669988280024,0.11502401305732946,-0.07646565417423093,0.03333333333333333,0.0,-0.0
1742310618.4919446,-88.0,-95.0,202.0,,-9.567669988280024,0.11502401305732946,-0.07646565417423093,0.03333333333333333,0.0,-0.0
1742310618.5124192,-88.0,-94.0,203.0,,-9.640103333048875,0.07602401305732975,-0.07631570520679629,0.03333333333333333,0.0,-0.0
1742310618.532605,-88.0,-95.0,201.0,,-9.577669988280023,0.08602401305732954,-0.07635173149343531,0.03333333333333333,0.0,-0.0
1742310618.552788,-88.0,-95.0,201.0,,-9.577669988280023,0.08602401305732954,-0.07635173149343531,0.03333333333333333,0.0,-0.0
1742310618.5745609,-88.0,-95.0,201.0,,-9.469669988280023,-0.0609759869426707,0.000418711925797996,0.06666666666666667,0.0,-0.0
1742310618.5947447,-88.0,-94.0,203.0,,-9.542103333048876,0.23302401305732978,-0.3360644057260024,0.03333333333333333,0.0,-0.0
1742310618.614922,-88.0,-94.0,203.0,,-9.542103333048876,0.23302401305732978,-0.3360644057260024,0.03333333333333333,0.0,-0.0
1742310618.6350539,-88.0,-94.0,203.0,,-9.650103333048877,0.03702401305733005,-0.00021033673150316207,0.03333333333333333,0.0,-0.0
1742310618.6552358,-88.0,-93.0,204.0,,-9.54255573594237,0.12502401305732924,-0.11676371306868628,0.03333333333333333,0.0,-0.0
1742310618.675926,-88.0,-93.0,204.0,,-9.54255573594237,0.12502401305732924,-0.11676371306868628,0.03333333333333333,0.0,-0.0
1742310618.6960835,-88.0,-93.0,204.0,,-9.64055573594237,0.03702401305733005,-0.00012383181377267904,0.03333333333333333,0.0,-0.0
1742310618.7162757,-88.0,-93.0,203.0,,-9.44455573594237,0.11502401305732946,-0.03822455978260172,0.03333333333333333,0.0,-0.0
1742310618.736524,-88.0,-93.0,203.0,,-9.44455573594237,0.11502401305732946,-0.03822455978260172,0.03333333333333333,0.0,-0.0
1742310618.7567222,-88.0,-93.0,204.0,,-9.78755573594237,0.04602401305733039,-6.006892549817768e-16,0.03333333333333333,0.0,-0.0
1742310618.777017,-88.0,-93.0,204.0,,-9.54255573594237,0.04602401305733039,-0.03809474627809577,0.03333333333333333,0.0,-0.0
1742310618.7972026,-88.0,-93.0,204.0,,-9.54255573594237,0.04602401305733039,-0.03809474627809577,0.03333333333333333,0.0,-0.0
1742310618.8173487,-88.0,-93.0,204.0,,-9.69955573594237,0.07602401305732975,-8.37861570222205e-05,0.03333333333333333,0.0,-0.0
1742310618.83753,-88.0,-93.0,204.0,,-9.69955573594237,0.07602401305732975,-8.37861570222205e-05,0.03333333333333333,0.0,-0.0
1742310618.8576822,-88.0,-93.0,204.0,,-9.55255573594237,0.12502401305732924,-0.11676527387975538,0.03333333333333333,0.0,-0.0
1742310618.8778465,-88.0,-93.0,203.0,,-9.71955573594237,0.027024013057330265,-3.3436277271934114e-05,0.03333333333333333,0.0,-0.0
1742310618.8981826,-88.0,-93.0,203.0,,-9.54255573594237,0.12502401305732924,-0.09663231333442586,0.03333333333333333,0.0,-0.0
1742310618.918371,-88.0,-93.0,203.0,,-9.54255573594237,0.12502401305732924,-0.09663231333442586,0.03333333333333333,0.0,-0.0
1742310618.9385645,-88.0,-94.0,203.0,,-9.640103333048875,0.03702401305733005,-4.2898550009740424e-05,0.03333333333333333,0.0,-0.0
1742310618.9587479,-88.0,-93.0,203.0,,-9.59155573594237,0.10502401305732967,-0.07642601309921124,0.03333333333333333,0.0,-0.0
1742310618.9790134,-88.0,-93.0,203.0,,-9.59155573594237,0.10502401305732967,-0.07642601309921124,0.03333333333333333,0.0,-0.0
1742310618.99916,-88.0,-93.0,204.0,,-9.62055573594237,0.10502401305732967,-0.09654074944577701,0.03333333333333333,0.0,-0.0
1742310619.0193467,-88.0,-94.0,203.0,,-9.552103333048876,0.04602401305733039,-0.038095724302399145,0.03333333333333333,0.0,-0.0
1742310619.0405564,-88.0,-94.0,203.0,,-9.552103333048876,0.04602401305733039,-0.038095724302399145,0.03333333333333333,0.0,-0.0
1742310619.0607224,-88.0,-93.0,203.0,,-9.66055573594237,0.03702401305733005,-8.606234572136259e-05,0.03333333333333333,0.0,-0.0
1742310619.0809634,-88.0,-94.0,203.0,,-9.610103333048876,0.06602401305732997,-0.018065059126575793,0.03333333333333333,0.0,-0.0
1742310619.1010892,-88.0,-93.0,204.0,,-9.58155573594237,0.11502401305732946,-0.09658688594191203,0.03333333333333333,0.0,-0.0
1742310619.1212945,-88.0,-93.0,204.0,,-9.679555735942369,0.05602401305733018,-6.006892549817768e-16,0.03333333333333333,0.0,-0.0
1742310619.1416364,-88.0,-93.0,203.0,,-9.62055573594237,0.06602401305732997,-0.018065059126575793,0.03333333333333333,0.0,-0.0
1742310619.1622722,-88.0,-93.0,204.0,,-9.53255573594237,0.11502401305732946,-0.09658081638598073,0.03333333333333333,0.0,-0.0
1742310619.1824555,-88.0,-93.0,203.0,,-9.64055573594237,0.07602401305732975,-6.006892549817768e-16,0.03333333333333333,0.0,-0.0
1742310619.2026486,-88.0,-93.0,203.0,,-9.66055573594237,0.06602401305732997,-6.006892549817768e-16,0.03333333333333333,0.0,-0.0
1742310619.225913,-88.0,-93.0,203.0,,-9.59155573594237,0.11502401305732946,-0.09658797229390403,0.03333333333333333,0.0,-0.0
1742310619.2461066,-88.0,-93.0,203.0,,-9.62055573594237,0.07602401305732975,-0.01807437459394414,0.03333333333333333,0.0,-0.0
1742310619.2662868,-88.0,-94.0,203.0,,-9.620103333048876,0.06602401305732997,-6.006892549817768e-16,0.03333333333333333,0.0,-0.0
1742310619.286442,-88.0,-93.0,203.0,,-9.56255573594237,0.11502401305732946,-0.07646304740531573,0.03333333333333333,0.0,-0.0
1742310619.3066278,-88.0,-93.0,203.0,,-9.66055573594237,0.05602401305733018,-6.006892549817768e-16,0.03333333333333333,0.0,-0.0
1742310619.3271666,-88.0,-94.0,203.0,,-9.640103333048875,0.07602401305732975,-0.018074837622148836,0.03333333333333333,0.0,-0.0
1742310619.3475149,-88.0,-93.0,203.0,,-9.60155573594237,0.10502401305732967,-0.07642682970905748,0.03333333333333333,0.0,-0.0
1742310619.3676744,-88.0,-94.0,203.0,,-9.620103333048876,0.06602401305732997,-6.006892549817768e-16,0.03333333333333333,0.0,-0.0
1742310619.3878605,-88.0,-94.0,203.0,,-9.581103333048876,0.08602401305732954,-6.006892549817768e-16,0.03333333333333333,0.0,-0.0
1742310619.4082687,-88.0,-94.0,203.0,,-9.542103333048876,0.10502401305732967,-0.05631136994562642,0.03333333333333333,0.0,-0.0
1742310619.428475,-88.0,-94.0,203.0,,-9.640103333048875,0.08602401305732954,-6.006892549817768e-16,0.03333333333333333,0.0,-0.0
1742310619.4486823,-88.0,-94.0,203.0,,-9.620103333048876,0.03702401305733005,-6.006892549817768e-16,0.03333333333333333,0.0,-0.0
1742310619.468958,-88.0,-93.0,203.0,,-9.59155573594237,0.13502401305732903,-0.096688427291321,0.03333333333333333,0.0,-0.0
1742310619.4898307,-88.0,-94.0,203.0,,-9.610103333048876,0.05602401305733018,-6.006892549817768e-16,0.03333333333333333,0.0,-0.0
1742310619.510041,-88.0,-94.0,203.0,,-9.610103333048876,0.05602401305733018,-6.006892549817768e-16,0.03333333333333333,0.0,-0.0
1742310619.530251,-88.0,-93.0,203.0,,-9.58155573594237,0.11502401305732946,-0.09658688594191203,0.03333333333333333,0.0,-0.0
1742310619.5504954,-88.0,-94.0,202.0,,-9.630103333048876,0.06602401305732997,-6.006892549817768e-16,0.03333333333333333,0.0,-0.0
1742310619.5706682,-88.0,-94.0,202.0,,-9.630103333048876,0.06602401305732997,-6.006892549817768e-16,0.03333333333333333,0.0,-0.0
1742310619.5909667,-88.0,-94.0,203.0,,-9.571103333048876,0.09502401305732988,-0.05628422446269962,0.03333333333333333,0.0,-0.0
1742310619.6111565,-88.0,-94.0,203.0,,-9.610103333048876,0.08602401305732954,-0.03817669105297066,0.03333333333333333,0.0,-0.0
1742310619.631316,-88.0,-94.0,202.0,,-9.610103333048876,0.06602401305732997,-6.006892549817768e-16,0.03333333333333333,0.0,-0.0
1742310619.6515656,-88.0,-94.0,202.0,,-9.571103333048876,0.09502401305732988,-0.05628422446269962,0.03333333333333333,0.0,-0.0
1742310619.6717453,-88.0,-95.0,202.0,,-9.577669988280023,-0.05197598694267036,0.00033715707577271214,0.03333333333333333,0.0,-0.0
1742310619.6920183,-88.0,-95.0,202.0,,-9.577669988280023,-0.05197598694267036,0.00033715707577271214,0.03333333333333333,0.0,-0.0
1742310619.7122183,-88.0,-93.0,203.0,,-9.58155573594237,0.22302401305733,-0.19628835975023712,0.03333333333333333,0.0,-0.0
1742310619.7325232,-88.0,-95.0,202.0,,-9.547669988280024,0.04602401305733039,-5.061287492947285e-05,0.03333333333333333,0.0,-0.0
1742310619.7528946,-88.0,-95.0,202.0,,-9.547669988280024,0.04602401305733039,-5.061287492947285e-05,0.03333333333333333,0.0,-0.0
1742310619.7731338,-88.0,-94.0,203.0,,-9.552103333048876,0.12502401305732924,-0.13689851117498913,0.03333333333333333,0.0,-0.0
1742310619.793378,-88.0,-94.0,203.0,,-9.630103333048876,0.07602401305732975,-6.006892549817768e-16,0.03333333333333333,0.0,-0.0
1742310619.8136983,-88.0,-94.0,203.0,,-9.630103333048876,0.07602401305732975,-6.006892549817768e-16,0.03333333333333333,0.0,-0.0
1742310619.8338847,-88.0,-94.0,203.0,,-9.512103333048877,0.10502401305732967,-0.056309033284000096,0.03333333333333333,0.0,-0.0
1742310619.8540494,-88.0,-94.0,203.0,,-9.660103333048877,0.07602401305732975,-0.01807509840629054,0.03333333333333333,0.0,-0.0
1742310619.875708,-88.0,-94.0,203.0,,-9.660103333048877,0.07602401305732975,-0.01807509840629054,0.03333333333333333,0.0,-0.0
1742310619.8958974,-88.0,-94.0,203.0,,-9.591103333048876,0.06602401305732997,-6.006892549817768e-16,0.03333333333333333,0.0,-0.0
1742310619.916051,-88.0,-94.0,202.0,,-9.650103333048877,0.06602401305732997,-0.01806565549732554,0.03333333333333333,0.0,-0.0
1742310619.9362214,-88.0,-94.0,202.0,,-9.650103333048877,0.06602401305732997,-0.01806565549732554,0.03333333333333333,0.0,-0.0
1742310619.956483,-88.0,-94.0,203.0,,-9.601103333048876,0.07602401305732975,-0.03815665596632688,0.03333333333333333,0.0,-0.0
1742310619.9768553,-88.0,-94.0,202.0,,-9.620103333048876,0.06602401305732997,-6.006892549817768e-16,0.03333333333333333,0.0,-0.0
1742310619.9970367,-88.0,-94.0,202.0,,-9.620103333048876,0.06602401305732997,-6.006892549817768e-16,0.03333333333333333,0.0,-0.0
1742310620.0172427,-88.0,-94.0,203.0,,-9.601103333048876,0.08602401305732954,-0.03817636130334483,0.03333333333333333,0.0,-0.0
1742310620.0374734,-88.0,-95.0,202.0,,-9.606669988280023,0.06602401305732997,-6.006892549817768e-16,0.03333333333333333,0.0,-0.0
1742310620.0576744,-88.0,-95.0,202.0,,-9.606669988280023,0.06602401305732997,-6.006892549817768e-16,0.03333333333333333,0.0,-0.0
1742310620.0779784,-88.0,-94.0,203.0,,-9.591103333048876,0.08602401305732954,-0.07635173149343531,0.03333333333333333,0.0,-0.0
1742310620.0981286,-88.0,-94.0,202.0,,-9.640103333048875,0.06602401305732997,-0.018065520730179266,0.03333333333333333,0.0,-0.0
1742310620.1184716,-88.0,-94.0,202.0,,-9.640103333048875,0.06602401305732997,-0.018065520730179266,0.03333333333333333,0.0,-0.0
1742310620.1386487,-88.0,-95.0,202.0,,-9.567669988280024,0.09502401305732988,-0.03819333701796024,0.03333333333333333,0.0,-0.0
1742310620.1588414,-88.0,-95.0,202.0,,-9.616669988280023,0.06602401305732997,-6.006892549817768e-16,0.03333333333333333,0.0,-0.0
1742310620.1795647,-88.0,-95.0,202.0,,-9.567669988280024,0.10502401305732967,-0.07642601309921124,0.03333333333333333,0.0,-0.0
1742310620.1997344,-88.0,-95.0,201.0,,-9.577669988280023,0.07602401305732975,-0.01807403676229245,0.03333333333333333,0.0,-0.0
1742310620.2200098,-88.0,-95.0,201.0,,-9.596669988280023,0.06602401305732997,-0.018065059126575793,0.03333333333333333,0.0,-0.0
1742310620.2401693,-88.0,-95.0,201.0,,-9.577669988280023,0.09502401305732988,-0.05628545413934942,0.03333333333333333,0.0,-0.0
1742310620.26069,-88.0,-95.0,201.0,,-9.587669988280023,0.07602401305732975,-0.03815665596632688,0.03333333333333333,0.0,-0.0
1742310620.2808669,-88.0,-96.0,201.0,,-9.590259793562762,0.06602401305732997,-0.018065222543390706,0.03333333333333333,0.0,-0.0
1742310620.301012,-88.0,-95.0,201.0,,-9.587669988280023,0.09502401305732988,-0.056286024043889125,0.03333333333333333,0.0,-0.0
1742310620.3231752,-88.0,-95.0,201.0,,-9.587669988280023,0.08602401305732954,-0.03817636130334483,0.03333333333333333,0.0,-0.0
1742310620.3433816,-88.0,-96.0,201.0,,-9.590259793562762,0.06602401305732997,-0.018065222543390706,0.03333333333333333,0.0,-0.0
1742310620.3636286,-88.0,-96.0,201.0,,-9.551259793562762,0.09502401305732988,-0.03819333701796024,0.03333333333333333,0.0,-0.0
1742310620.3839052,-88.0,-95.0,201.0,,-9.577669988280023,0.09502401305732988,-0.03819374407011923,0.03333333333333333,0.0,-0.0
1742310620.4042926,-88.0,-95.0,201.0,,-9.606669988280023,0.06602401305732997,-0.018065222543390706,0.03333333333333333,0.0,-0.0
1742310620.4244294,-88.0,-96.0,201.0,,-9.561259793562762,0.08602401305732954,-0.03817597565284876,0.03333333333333333,0.0,-0.0
1742310620.4450011,-88.0,-95.0,201.0,,-9.577669988280023,0.08602401305732954,-0.03817597565284876,0.03333333333333333,0.0,-0.0
1742310620.465163,-88.0,-96.0,201.0,,-9.590259793562762,0.07602401305732975,-0.01807453851507978,0.03333333333333333,0.0,-0.0
1742310620.485409,-88.0,-96.0,201.0,,-9.571259793562762,0.08602401305732954,-0.05625983760261784,0.03333333333333333,0.0,-0.0
1742310620.5056067,-88.0,-96.0,201.0,,-9.561259793562762,0.09502401305732988,-0.03819374407011923,0.03333333333333333,0.0,-0.0
1742310620.5258882,-88.0,-96.0,201.0,,-9.571259793562762,0.07602401305732975,-0.01807421887709234,0.03333333333333333,0.0,-0.0
1742310620.546228,-88.0,-96.0,201.0,,-9.571259793562762,0.07602401305732975,-0.01807421887709234,0.03333333333333333,0.0,-0.0
1742310620.5666633,-88.0,-96.0,201.0,,-9.561259793562762,0.08602401305732954,-0.03817597565284876,0.03333333333333333,0.0,-0.0
1742310620.5879302,-88.0,-95.0,201.0,,-9.596669988280023,0.08602401305732954,-0.01808370922344104,0.03333333333333333,0.0,-0.0
1742310620.6081145,-88.0,-95.0,201.0,,-9.587669988280023,0.08602401305732954,-0.018083553025556247,0.03333333333333333,0.0,-0.0
1742310620.6290035,-88.0,-95.0,201.0,,-9.596669988280023,0.08602401305732954,-0.01808370922344104,0.03333333333333333,0.0,-0.0
1742310620.6491756,-88.0,-95.0,201.0,,-9.596669988280023,0.07602401305732975,-0.01807437459394414,0.03333333333333333,0.0,-0.0
1742310620.6697237,-88.0,-95.0,201.0,,-9.587669988280023,0.08602401305732954,-0.03817636130334483,0.03333333333333333,0.0,-0.0
1742310620.6904714,-88.0,-95.0,201.0,,-9.596669988280023,0.07602401305732975,-0.01807437459394414,0.03333333333333333,0.0,-0.0
1742310620.711413,-88.0,-95.0,201.0,,-9.596669988280023,0.07602401305732975,-0.01807437459394414,0.03333333333333333,0.0,-0.0
1742310620.731596,-88.0,-95.0,201.0,,-9.587669988280023,0.08602401305732954,-0.018083553025556247,0.03333333333333333,0.0,-0.0
1742310620.7517858,-88.0,-95.0,201.0,,-9.587669988280023,0.08602401305732954,-0.03817636130334483,0.03333333333333333,0.0,-0.0
1742310620.7719343,-88.0,-95.0,201.0,,-9.596669988280023,0.07602401305732975,-0.01807437459394414,0.03333333333333333,0.0,-0.0
1742310620.7921214,-88.0,-95.0,201.0,,-9.587669988280023,0.08602401305732954,-0.03817636130334483,0.03333333333333333,0.0,-0.0
1742310620.8127189,-88.0,-95.0,201.0,,-9.596669988280023,0.08602401305732954,-0.01808370922344104,0.03333333333333333,0.0,-0.0
1742310620.832983,-88.0,-95.0,201.0,,-9.596669988280023,0.08602401305732954,-0.01808370922344104,0.03333333333333333,0.0,-0.0
1742310620.8535352,-88.0,-95.0,202.0,,-9.587669988280023,0.07602401305732975,-0.01807421887709234,0.03333333333333333,0.0,-0.0
1742310620.8737085,-88.0,-95.0,202.0,,-9.587669988280023,0.08602401305732954,-0.018083553025556247,0.03333333333333333,0.0,-0.0
1742310620.8954177,-88.0,-95.0,202.0,,-9.587669988280023,0.08602401305732954,-0.018083553025556247,0.03333333333333333,0.0,-0.0
1742310620.9156253,-88.0,-95.0,201.0,,-9.587669988280023,0.08602401305732954,-0.018083553025556247,0.03333333333333333,0.0,-0.0
1742310620.9358366,-88.0,-95.0,202.0,,-9.596669988280023,0.07602401305732975,-0.038156984700441376,0.03333333333333333,0.0,-0.0
1742310620.9579585,-88.0,-95.0,202.0,,-9.596669988280023,0.07602401305732975,-0.038156984700441376,0.03333333333333333,0.0,-0.0
1742310620.9781797,-88.0,-95.0,201.0,,-9.577669988280023,0.08602401305732954,-0.018083370348193427,0.03333333333333333,0.0,-0.0
1742310620.9984293,-88.0,-95.0,201.0,,-9.596669988280023,0.07602401305732975,-0.01807437459394414,0.03333333333333333,0.0,-0.0
1742310621.0187263,-88.0,-95.0,201.0,,-9.596669988280023,0.07602401305732975,-0.01807437459394414,0.03333333333333333,0.0,-0.0
1742310621.0389411,-88.0,-95.0,201.0,,-9.587669988280023,0.08602401305732954,-0.03817636130334483,0.03333333333333333,0.0,-0.0
1742310621.0593855,-88.0,-95.0,201.0,,-9.596669988280023,0.07602401305732975,-0.038156984700441376,0.03333333333333333,0.0,-0.0
1742310621.0795882,-88.0,-95.0,201.0,,-9.596669988280023,0.07602401305732975,-0.038156984700441376,0.03333333333333333,0.0,-0.0
1742310621.0999017,-88.0,-96.0,201.0,,-9.571259793562762,0.08602401305732954,-0.05625983760261784,0.03333333333333333,0.0,-0.0
1742310621.1202617,-88.0,-96.0,201.0,,-9.571259793562762,0.08602401305732954,-0.03817636130334483,0.03333333333333333,0.0,-0.0
1742310621.1404488,-88.0,-96.0,201.0,,-9.580259793562762,0.08602401305732954,-0.01808370922344104,0.03333333333333333,0.0,-0.0
1742310621.1629312,-88.0,-96.0,201.0,,-9.571259793562762,0.08602401305732954,-0.03817636130334483,0.03333333333333333,0.0,-0.0
1742310621.1831357,-88.0,-96.0,201.0,,-9.571259793562762,0.08602401305732954,-0.018083553025556247,0.03333333333333333,0.0,-0.0
1742310621.2050529,-88.0,-95.0,201.0,,-9.596669988280023,0.08602401305732954,-0.01808370922344104,0.03333333333333333,0.0,-0.0
1742310621.2256234,-88.0,-95.0,201.0,,-9.587669988280023,0.07602401305732975,-0.03815665596632688,0.03333333333333333,0.0,-0.0
1742310621.2474744,-88.0,-95.0,201.0,,-9.587669988280023,0.08602401305732954,-0.03817636130334483,0.03333333333333333,0.0,-0.0
1742310621.267696,-88.0,-95.0,201.0,,-9.596669988280023,0.08602401305732954,-0.03817669105297066,0.03333333333333333,0.0,-0.0
1742310621.2879114,-88.0,-95.0,201.0,,-9.587669988280023,0.07602401305732975,-0.03815665596632688,0.03333333333333333,0.0,-0.0
1742310621.3088405,-88.0,-95.0,201.0,,-9.587669988280023,0.08602401305732954,-0.018083553025556247,0.03333333333333333,0.0,-0.0
1742310621.3291845,-88.0,-96.0,201.0,,-9.571259793562762,0.07602401305732975,-0.03815665596632688,0.03333333333333333,0.0,-0.0
1742310621.3495898,-88.0,-95.0,201.0,,-9.587669988280023,0.07602401305732975,-0.03815665596632688,0.03333333333333333,0.0,-0.0
1742310621.3700805,-88.0,-95.0,201.0,,-9.587669988280023,0.08602401305732954,-0.03817636130334483,0.03333333333333333,0.0,-0.0
1742310621.390267,-88.0,-96.0,201.0,,-9.580259793562762,0.08602401305732954,-0.03817669105297066,0.03333333333333333,0.0,-0.0
1742310621.4108183,-88.0,-96.0,201.0,,-9.571259793562762,0.08602401305732954,-0.03817636130334483,0.03333333333333333,0.0,-0.0
1742310621.4313488,-88.0,-96.0,201.0,,-9.571259793562762,0.08602401305732954,-0.03817636130334483,0.03333333333333333,0.0,-0.0
1742310621.4515636,-88.0,-96.0,201.0,,-9.571259793562762,0.08602401305732954,-0.018083553025556247,0.03333333333333333,0.0,-0.0
1742310621.4735992,-88.0,-96.0,201.0,,-9.571259793562762,0.08602401305732954,-0.03817636130334483,0.03333333333333333,0.0,-0.0
1742310621.493818,-88.0,-96.0,201.0,,-9.571259793562762,0.08602401305732954,-0.03817636130334483,0.03333333333333333,0.0,-0.0
1742310621.5140214,-88.0,-96.0,201.0,,-9.571259793562762,0.07602401305732975,-0.03815665596632688,0.03333333333333333,0.0,-0.0
1742310621.5342813,-88.0,-96.0,201.0,,-9.571259793562762,0.08602401305732954,-0.03817636130334483,0.03333333333333333,0.0,-0.0
1742310621.5545588,-88.0,-96.0,201.0,,-9.571259793562762,0.08602401305732954,-0.03817636130334483,0.03333333333333333,0.0,-0.0
1742310621.5748546,-88.0,-96.0,201.0,,-9.571259793562762,0.08602401305732954,-0.03817636130334483,0.03333333333333333,0.0,-0.0
1742310621.5958724,-88.0,-96.0,201.0,,-9.571259793562762,0.08602401305732954,-0.03817636130334483,0.03333333333333333,0.0,-0.0
1742310621.616125,-88.0,-96.0,201.0,,-9.571259793562762,0.08602401305732954,-0.03817636130334483,0.03333333333333333,0.0,-0.0
1742310621.6364975,-88.0,-96.0,201.0,,-9.561259793562762,0.08602401305732954,-0.018083370348193427,0.03333333333333333,0.0,-0.0
1742310621.6567142,-88.0,-96.0,201.0,,-9.571259793562762,0.08602401305732954,-0.03817636130334483,0.03333333333333333,0.0,-0.0
1742310621.677952,-88.0,-96.0,201.0,,-9.571259793562762,0.08602401305732954,-0.03817636130334483,0.03333333333333333,0.0,-0.0
1742310621.6981606,-88.0,-95.0,201.0,,-9.596669988280023,0.07602401305732975,-0.038156984700441376,0.03333333333333333,0.0,-0.0
1742310621.7187319,-88.0,-95.0,201.0,,-9.596669988280023,0.08602401305732954,-0.01808370922344104,0.03333333333333333,0.0,-0.0
1742310621.7396176,-88.0,-95.0,201.0,,-9.596669988280023,0.08602401305732954,-0.01808370922344104,0.03333333333333333,0.0,-0.0
1742310621.7598379,-88.0,-95.0,201.0,,-9.587669988280023,0.08602401305732954,-0.018083553025556247,0.03333333333333333,0.0,-0.0
1742310621.7806787,-88.0,-95.0,201.0,,-9.587669988280023,0.07602401305732975,-0.03815665596632688,0.03333333333333333,0.0,-0.0
1742310621.8015964,-88.0,-95.0,201.0,,-9.587669988280023,0.08602401305732954,-0.03817636130334483,0.03333333333333333,0.0,-0.0
1742310621.822077,-88.0,-95.0,201.0,,-9.596669988280023,0.08602401305732954,-0.03817669105297066,0.03333333333333333,0.0,-0.0
1742310621.842578,-88.0,-95.0,201.0,,-9.587669988280023,0.08602401305732954,-0.03817636130334483,0.03333333333333333,0.0,-0.0
1742310621.862792,-88.0,-95.0,201.0,,-9.587669988280023,0.07602401305732975,-0.03815665596632688,0.03333333333333333,0.0,-0.0
1742310621.8835857,-88.0,-95.0,201.0,,-9.587669988280023,0.08602401305732954,-0.03817636130334483,0.03333333333333333,0.0,-0.0
1742310621.9037926,-88.0,-95.0,201.0,,-9.596669988280023,0.08602401305732954,-0.03817669105297066,0.03333333333333333,0.0,-0.0
1742310621.924119,-88.0,-95.0,201.0,,-9.596669988280023,0.08602401305732954,-0.05626032354617122,0.03333333333333333,0.0,-0.0
1742310621.9444733,-88.0,-95.0,201.0,,-9.646669988280024,0.11502401305732946,-0.056347159660971265,0.03333333333333333,0.0,-0.0
1742310621.9651165,-88.0,-96.0,200.0,,-9.502259793562763,0.12502401305732924,-0.03825049018261806,0.03333333333333333,0.0,-0.0
1742310621.9857175,-88.0,-95.0,201.0,,-9.547669988280024,0.07602401305732975,-0.07630977465058195,0.03333333333333333,0.0,-0.0
1742310622.0059524,-88.0,-95.0,201.0,,-9.655669988280023,0.04602401305733039,-6.006892549817768e-16,0.03333333333333333,0.0,-0.0
1742310622.026182,-88.0,-95.0,201.0,,-9.587669988280023,0.11502401305732946,-0.03823373667494151,0.03333333333333333,0.0,-0.0
1742310622.0468652,-88.0,-95.0,201.0,,-9.518669988280024,0.06602401305732997,-6.006892549817768e-16,0.03333333333333333,0.0,-0.0
1742310622.0706003,-88.0,-95.0,202.0,,-9.606669988280023,0.08602401305732954,-0.07635385650363478,0.03333333333333333,0.0,-0.0
1742310622.0908227,-88.0,-95.0,202.0,,-9.636669988280024,0.08602401305732954,-0.0180843092828626,0.03333333333333333,0.0,-0.0
1742310622.1110096,-88.0,-95.0,202.0,,-9.577669988280023,0.08602401305732954,-0.07635173149343531,0.03333333333333333,0.0,-0.0
1742310622.1320918,-88.0,-95.0,202.0,,-9.596669988280023,0.07602401305732975,-0.038156984700441376,0.03333333333333333,0.0,-0.0
1742310622.1525846,-88.0,-95.0,201.0,,-9.616669988280023,0.06602401305732997,-6.006892549817768e-16,0.03333333333333333,0.0,-0.0
1742310622.1727881,-88.0,-95.0,201.0,,-9.587669988280023,0.10502401305732967,-0.03821391332804969,0.03333333333333333,0.0,-0.0
1742310622.1929374,-88.0,-95.0,202.0,,-9.557669988280024,0.08602401305732954,-0.0381751435389421,0.03333333333333333,0.0,-0.0
1742310622.2132928,-88.0,-95.0,202.0,,-9.557669988280024,0.08602401305732954,-0.0381751435389421,0.03333333333333333,0.0,-0.0
1742310622.2350876,-88.0,-95.0,202.0,,-9.587669988280023,0.08602401305732954,-0.018083553025556247,0.03333333333333333,0.0,-0.0
1742310622.255511,-88.0,-95.0,202.0,,-9.596669988280023,0.08602401305732954,-0.07635316226907829,0.03333333333333333,0.0,-0.0
1742310622.2756982,-88.0,-95.0,202.0,,-9.596669988280023,0.08602401305732954,-0.07635316226907829,0.03333333333333333,0.0,-0.0
1742310622.2960489,-88.0,-95.0,201.0,,-9.587669988280023,0.07602401305732975,-6.006892549817768e-16,0.03333333333333333,0.0,-0.0
1742310622.316714,-88.0,-95.0,201.0,,-9.577669988280023,0.08602401305732954,-0.05625926927938851,0.03333333333333333,0.0,-0.0
1742310622.3370106,-88.0,-95.0,201.0,,-9.577669988280023,0.08602401305732954,-0.05625926927938851,0.03333333333333333,0.0,-0.0
1742310622.3573635,-88.0,-95.0,201.0,,-9.606669988280023,0.07602401305732975,-6.006892549817768e-16,0.03333333333333333,0.0,-0.0
1742310622.3777165,-88.0,-95.0,201.0,,-9.577669988280023,0.08602401305732954,-0.03817597565284876,0.03333333333333333,0.0,-0.0
1742310622.3979285,-88.0,-95.0,201.0,,-9.577669988280023,0.08602401305732954,-0.03817597565284876,0.03333333333333333,0.0,-0.0
1742310622.4181223,-88.0,-95.0,201.0,,-9.577669988280023,0.08602401305732954,-0.03817597565284876,0.03333333333333333,0.0,-0.0
1742310622.4383414,-88.0,-95.0,202.0,,-9.567669988280024,0.10502401305732967,-0.01810096374153928,0.03333333333333333,0.0,-0.0
1742310622.4585447,-88.0,-95.0,202.0,,-9.567669988280024,0.10502401305732967,-0.01810096374153928,0.03333333333333333,0.0,-0.0
1742310622.478874,-88.0,-95.0,202.0,,-9.606669988280023,0.06602401305732997,-6.006892549817768e-16,0.03333333333333333,0.0,-0.0
1742310622.4990845,-88.0,-95.0,202.0,,-9.577669988280023,0.07602401305732975,-0.01807403676229245,0.03333333333333333,0.0,-0.0
1742310622.5193024,-88.0,-95.0,202.0,,-9.606669988280023,0.07602401305732975,-0.01807453851507978,0.03333333333333333,0.0,-0.0
1742310622.539514,-88.0,-95.0,202.0,,-9.587669988280023,0.08602401305732954,-0.03817636130334483,0.03333333333333333,0.0,-0.0
1742310622.5597293,-88.0,-95.0,202.0,,-9.567669988280024,0.08602401305732954,-0.056258671081449926,0.03333333333333333,0.0,-0.0
1742310622.5799527,-88.0,-95.0,202.0,,-9.596669988280023,0.07602401305732975,-6.006892549817768e-16,0.03333333333333333,0.0,-0.0
1742310622.6017165,-88.0,-95.0,202.0,,-9.596669988280023,0.08602401305732954,-0.01808370922344104,0.03333333333333333,0.0,-0.0
1742310622.621946,-88.0,-95.0,202.0,,-9.596669988280023,0.08602401305732954,-0.05626032354617122,0.03333333333333333,0.0,-0.0
1742310622.64238,-88.0,-95.0,202.0,,-9.606669988280023,0.08602401305732954,-0.038177038176219355,0.03333333333333333,0.0,-0.0
1742310622.6649578,-88.0,-95.0,201.0,,-9.577669988280023,0.07602401305732975,-0.01807403676229245,0.03333333333333333,0.0,-0.0
1742310622.6852117,-88.0,-95.0,201.0,,-9.557669988280024,0.08602401305732954,-0.01808297618722174,0.03333333333333333,0.0,-0.0
1742310622.7054725,-88.0,-95.0,202.0,,-9.606669988280023,0.07602401305732975,-0.03815733075463733,0.03333333333333333,0.0,-0.0
1742310622.7257078,-88.0,-95.0,202.0,,-9.606669988280023,0.08602401305732954,-0.038177038176219355,0.03333333333333333,0.0,-0.0
1742310622.7459087,-88.0,-95.0,202.0,,-9.567669988280024,0.07602401305732975,-0.03815586683069447,0.03333333333333333,0.0,-0.0
1742310622.7661424,-88.0,-95.0,201.0,,-9.587669988280023,0.07602401305732975,-0.01807421887709234,0.03333333333333333,0.0,-0.0
1742310622.7863593,-88.0,-95.0,201.0,,-9.606669988280023,0.08602401305732954,-0.038177038176219355,0.03333333333333333,0.0,-0.0
1742310622.8065805,-88.0,-95.0,202.0,,-9.577669988280023,0.08602401305732954,-0.05625926927938851,0.03333333333333333,0.0,-0.0
1742310622.8269649,-88.0,-95.0,201.0,,-9.489669988280024,0.06602401305732997,-0.46956270545802875,0.03333333333333333,0.0,-0.0
1742310622.8496563,-88.0,-105.0,192.0,,-9.85773235589576,0.11502401305732946,0.07487611465698274,-0.26666666666666666,0.6333333333333333,-0.06666666666666667
1742310622.8700056,-88.0,-105.0,192.0,,-9.85773235589576,0.11502401305732946,0.07487611465698274,-0.26666666666666666,0.6333333333333333,-0.06666666666666667
1742310622.8902388,-83.0,-22.0,301.0,,-3.8518906814100973,0.09687774760136847,-0.43370025512666116,-0.9333333333333333,-0.43333333333333335,-0.16666666666666666
1742310622.9104412,-77.0,-27.0,320.0,,-4.492646802444954,-0.1794296644568405,-0.0032030567618074324,-1.8,-0.4,-0.13333333333333333
1742310622.9306388,-77.0,-27.0,320.0,,-4.492646802444954,-0.1794296644568405,-0.0032030567618074324,-1.8,-0.4,-0.13333333333333333
1742310622.9509432,-74.0,-26.0,326.0,,-3.1144209500008495,-0.4160227628450919,-0.07558906688077706,-1.5666666666666667,-0.03333333333333333,-0.1
1742310622.9711463,-69.0,-30.0,336.0,,-4.592,-0.6385760160624514,0.02029967245699038,-2.1666666666666665,-0.26666666666666666,-0.06666666666666667
1742310622.9913607,-69.0,-30.0,336.0,,-4.592,-0.6385760160624514,0.02029967245699038,-2.1666666666666665,-0.26666666666666666,-0.06666666666666667
1742310623.0117214,-66.0,-32.0,341.0,,-5.41450798212774,-0.3741190605260858,-0.02818844953557731,-2.566666666666667,-0.36666666666666664,0.1
1742310623.0320456,-61.0,-31.0,350.0,,-6.239523514867632,0.10701932703747197,0.1895513510683129,-3.6666666666666665,-0.43333333333333335,0.16666666666666666
1742310623.0523965,-61.0,-31.0,350.0,,-6.239523514867632,0.10701932703747197,0.1895513510683129,-3.6666666666666665,-0.43333333333333335,0.16666666666666666
1742310623.0727751,-57.0,-28.0,354.0,,-4.125516030929589,-0.6376417284553906,0.11415326828556793,-3.8333333333333335,-0.26666666666666666,-0.26666666666666666
1742310623.092942,-51.0,-24.0,2.0,,-2.6970864685736,-1.2221981181071149,0.06065446929402096,-2.533333333333333,1.0666666666666667,-1.0666666666666667
1742310623.1131694,-51.0,-24.0,2.0,,-2.6970864685736,-1.2221981181071149,0.06065446929402096,-2.533333333333333,1.0666666666666667,-1.0666666666666667
1742310623.1333845,-48.0,-24.0,6.0,,-4.0290864685736,-1.0157492620667616,0.03046504750034007,-2.033333333333333,1.2666666666666666,-1.2666666666666666
1742310623.153579,-45.0,-22.0,13.0,,-5.302890681410097,-0.4872824765599697,-0.04419926874469127,-1.9666666666666666,0.5666666666666667,-1.3666666666666667
1742310623.173993,-45.0,-22.0,13.0,,-5.302890681410097,-0.4872824765599697,-0.04419926874469127,-1.9666666666666666,0.5666666666666667,-1.3666666666666667
1742310623.194178,-44.0,-21.0,17.0,,-3.692589585039396,-1.040401385797237,-0.2589992861478976,-1.6666666666666667,0.7666666666666667,-1.1333333333333333
1742310623.2143874,-43.0,-21.0,19.0,,-3.055589585039396,-1.6355960877868903,-0.13231967347065776,-1.0333333333333334,1.1666666666666667,-0.7666666666666667
1742310623.236041,-43.0,-22.0,21.0,,-3.6168906814100974,-1.1845960877868897,0.17428609372695458,-0.43333333333333335,1.4666666666666666,-0.6333333333333333
1742310623.2562907,-43.0,-23.0,23.0,,-5.755072370479776,-0.07659608778689009,0.7115690476650087,0.0,1.3,-0.9333333333333333
1742310623.2779782,-44.0,-24.0,26.0,,-5.0980864685736,0.7935986142027636,-0.3832075400414583,-0.5666666666666667,0.6333333333333333,-0.7333333333333333
1742310623.2981858,-44.0,-24.0,26.0,,-5.0980864685736,0.7935986142027636,-0.3832075400414583,-0.5666666666666667,0.6333333333333333,-0.7333333333333333
1742310623.3184028,-42.0,-25.0,28.0,,-2.9998851476762622,-0.40782875161960064,0.31785598122858527,-2.033333333333333,0.9333333333333333,0.3333333333333333
1742310623.3386168,-40.0,-25.0,29.0,,-4.302885147676262,-0.29425354897504885,0.9169183815017199,-1.4666666666666666,1.0,-0.1
1742310623.360397,-39.0,-26.0,30.0,,-4.898420950000849,-0.6123669638010947,0.5261861135852142,-0.5666666666666667,0.6666666666666666,-1.0666666666666667
1742310623.3808973,-38.0,-26.0,32.0,,-3.3894209500008494,0.22463907294470786,-0.14980483040245662,-0.6333333333333333,0.6333333333333333,-0.8666666666666667
1742310623.4016578,-38.0,-26.0,34.0,,-4.4574209500008495,0.8026390729447082,-0.07441869765074571,-1.3333333333333333,0.23333333333333334,-0.36666666666666664
1742310623.421882,-38.0,-26.0,34.0,,-4.4574209500008495,0.8026390729447082,-0.07441869765074571,-1.3333333333333333,0.23333333333333334,-0.36666666666666664
1742310623.4420795,-35.0,-25.0,36.0,,-4.068885147676262,0.7237848406037628,-0.010131892535540032,-2.066666666666667,-0.26666666666666666,0.4666666666666667
1742310623.4628022,-33.0,-24.0,37.0,,-3.4220864685736,0.6459089334974157,-0.01740333967727281,-2.2333333333333334,-0.3,0.7333333333333333
1742310623.4833748,-31.0,-24.0,37.0,,-3.7650864685736,0.9925235148676324,-0.12416594620006016,-2.4,-0.36666666666666664,0.8
1742310623.503912,-28.0,-23.0,38.0,,-3.3630723704797756,1.0455160309295892,0.07708356154570595,-2.6,-0.43333333333333335,0.9333333333333333
1742310623.524311,-25.0,-23.0,38.0,,-3.2060723704797756,1.654885147676262,-0.09557729474051868,-2.8666666666666667,-0.36666666666666664,1.0
1742310623.544512,-22.0,-22.0,38.0,,-3.655890681410097,1.3208906814100971,0.23956480582495665,-2.8333333333333335,-0.43333333333333335,0.9666666666666667
1742310623.5648737,-19.0,-22.0,38.0,,-2.949890681410097,0.7718235952247072,0.28878805504365346,-2.433333333333333,-0.2,0.7666666666666667
1742310623.5851207,-17.0,-22.0,39.0,,-3.106890681410097,0.7691664233300477,0.48197360806505785,-1.8666666666666667,0.0,0.23333333333333334
1742310623.6053352,-15.0,-22.0,39.0,,-3.244890681410097,1.0780148324557286,0.23729114951641073,-1.5,0.03333333333333333,-0.13333333333333333
1742310623.6260433,-13.0,-22.0,40.0,,-3.4108906814100974,1.0197698431133155,0.25483339415064243,-1.4333333333333333,0.03333333333333333,-0.23333333333333334
1742310623.6462553,-12.0,-22.0,41.0,,-3.626890681410097,1.0786136869222194,0.40262215486406205,-1.0333333333333334,0.03333333333333333,-0.36666666666666664
1742310623.6664715,-11.0,-22.0,41.0,,-3.606890681410097,1.2928362446439046,0.23852236247770975,-0.7333333333333333,0.0,-0.4666666666666667
1742310623.6866882,-11.0,-22.0,42.0,,-3.626890681410097,1.2928362446439046,0.03310331341574546,-0.7666666666666667,0.0,-0.26666666666666666
1742310623.7070138,-10.0,-21.0,43.0,,-3.438589585039396,1.2814886229125868,0.015353990237809256,-0.9333333333333333,0.0,-0.0
1742310623.7276092,-9.0,-21.0,43.0,,-3.153589585039396,1.5246221020446649,0.13051188213844434,-0.9666666666666667,0.0,0.06666666666666667
1742310623.747855,-9.0,-21.0,43.0,,-3.515589585039396,1.1036221020446648,0.8869650814088708,-0.6,-0.1,-0.0
1742310623.7680964,-9.0,-21.0,43.0,,-3.554589585039396,2.063622102044665,0.16787123483488564,0.03333333333333333,0.0,-0.7333333333333333
1742310623.788314,-9.0,-21.0,44.0,,-3.281589585039396,1.5436221020446648,0.11672996998759544,0.03333333333333333,0.0,-0.6
1742310623.8085256,-10.0,-21.0,44.0,,-3.310589585039396,1.6744886229125868,0.11613420787558049,0.03333333333333333,0.06666666666666667,-0.36666666666666664
1742310623.8289323,-10.0,-20.0,45.0,,-3.1992176060248103,1.6054886229125866,0.08669983341498089,0.03333333333333333,0.0,-0.0
1742310623.8491623,-10.0,-20.0,45.0,,-3.1602176060248106,1.4584886229125869,0.1088894948712138,0.0,-0.13333333333333333,-0.16666666666666666
1742310623.869398,-11.0,-20.0,45.0,,-3.3552176060248105,2.0668362446439046,0.1258894458012918,0.06666666666666667,0.0,-0.06666666666666667
1742310623.8896174,-11.0,-20.0,45.0,,-3.1792176060248103,1.7738362446439044,0.1260163635062792,0.03333333333333333,0.0,-0.0
1742310623.9099877,-11.0,-20.0,45.0,,-3.2482176060248102,1.8428362446439046,0.10461327087386252,0.06666666666666667,0.0,-0.0
1742310623.9305828,-11.0,-19.0,44.0,,-3.0678235952247075,1.8328362446439046,0.1148663279612645,0.03333333333333333,0.0,-0.0
1742310623.9508908,-11.0,-19.0,44.0,,-3.0768235952247074,1.8328362446439046,0.11475743333423338,0.03333333333333333,0.0,-0.0
1742310623.9716191,-10.0,-18.0,44.0,,-2.9144567148182343,1.6644886229125868,0.1047589619349889,0.03333333333333333,0.0,-0.0
1742310623.9917989,-10.0,-17.0,44.0,,-2.751166423330048,1.6644886229125868,0.1047589619349889,0.03333333333333333,0.0,-0.0
1742310624.0120075,-10.0,-17.0,44.0,,-2.751166423330048,1.6644886229125868,0.1047589619349889,0.03333333333333333,0.0,-0.0
1742310624.032213,-9.0,-16.0,44.0,,-2.587002460564762,1.495622102044665,0.11475743333423338,0.03333333333333333,0.0,-0.0
1742310624.0532465,-8.0,-15.0,44.0,,-2.413014832455729,1.3262881204182422,0.1148663279612645,0.03333333333333333,0.0,-0.0
1742310624.0734708,-8.0,-15.0,44.0,,-2.413014832455729,1.3262881204182422,0.1148663279612645,0.03333333333333333,0.0,-0.0
1742310624.0937521,-7.0,-13.0,43.0,,-2.0807698431133157,1.1565382588044968,0.1148663279612645,0.03333333333333333,0.0,-0.0
1742310624.1139648,-7.0,-13.0,43.0,,-2.0807698431133157,1.1565382588044968,0.1148663279612645,0.03333333333333333,0.0,-0.0
1742310624.1341686,-7.0,-13.0,43.0,,-2.0807698431133157,1.1565382588044968,0.1148663279612645,0.03333333333333333,0.0,-0.0
1742310624.1545043,-7.0,-12.0,43.0,,-1.9226136869222192,1.1565382588044968,0.11475743333423338,0.03333333333333333,0.0,-0.0
1742310624.1748362,-6.0,-11.0,43.0,,-1.7258362446439046,0.9764242246556806,0.11518099164124429,0.03333333333333333,0.0,-0.0
1742310624.1953993,-6.0,-11.0,43.0,,-1.7258362446439046,0.9764242246556806,0.11518099164124429,0.03333333333333333,0.0,-0.0
1742310624.2159486,-5.0,-10.0,43.0,,-1.5864886229125867,0.8259978363545266,0.13472066683473116,0.03333333333333333,0.0,-0.0
1742310624.236141,-5.0,-10.0,43.0,,-1.5574886229125868,0.8059978363545266,0.09618552597566854,0.03333333333333333,0.0,-0.0
1742310624.2563586,-5.0,-10.0,43.0,,-1.5574886229125868,0.8059978363545266,0.09618552597566854,0.03333333333333333,0.0,-0.0
1742310624.2768419,-5.0,-9.0,43.0,,-1.4276221020446649,0.8159978363545266,0.11464589598314845,0.03333333333333333,0.0,-0.0
1742310624.2970226,-4.0,-8.0,43.0,,-1.2192881204182422,0.6353110074298692,0.10518337488406537,0.03333333333333333,0.0,-0.0
1742310624.3175058,-4.0,-8.0,43.0,,-1.2192881204182422,0.6353110074298692,0.10518337488406537,0.03333333333333333,0.0,-0.0
1742310624.3377097,-4.0,-8.0,43.0,,-1.2582881204182421,0.6553110074298693,0.12461080420862736,0.03333333333333333,0.0,-0.0
1742310624.3579216,-4.0,-7.0,43.0,,-1.0695382588044966,0.6453110074298692,0.10486807629662387,0.03333333333333333,0.0,-0.0
1742310624.3782556,-4.0,-7.0,43.0,,-1.0695382588044966,0.6453110074298692,0.10486807629662387,0.03333333333333333,0.0,-0.0
1742310624.3984275,-3.0,-7.0,43.0,,-1.0695382588044966,0.48441573074327904,0.12483079499294725,0.03333333333333333,0.0,-0.0
1742310624.418969,-3.0,-6.0,43.0,,-0.8994242246556806,0.4644157307432791,0.10491198045366446,0.03333333333333333,0.0,-0.0
1742310624.4391062,-3.0,-6.0,43.0,,-0.8994242246556806,0.4644157307432791,0.10491198045366446,0.03333333333333333,0.0,-0.0
1742310624.459563,-3.0,-6.0,43.0,,-0.9084242246556806,0.48441573074327904,0.12472211831439672,0.03333333333333333,0.0,-0.0
1742310624.4801106,-3.0,-5.0,43.0,,-0.7189978363545266,0.4744157307432791,0.11499677765527849,0.03333333333333333,0.0,-0.0
1742310624.5003574,-3.0,-5.0,43.0,,-0.7289978363545266,0.4644157307432791,0.11491014370613684,0.03333333333333333,0.0,-0.0
1742310624.5208285,-2.0,-5.0,43.0,,-0.7379978363545266,0.3133640626515345,0.11472357418341517,0.03333333333333333,0.0,-0.0
1742310624.541012,-2.0,-5.0,43.0,,-0.7289978363545266,0.30336406265153454,0.1148663279612645,0.03333333333333333,0.0,-0.0
1742310624.5611875,-2.0,-4.0,43.0,,-0.5583110074298693,0.29336406265153453,0.10491198045366446,0.03333333333333333,0.0,-0.0
1742310624.5815241,-2.0,-4.0,43.0,,-0.5773110074298693,0.3133640626515345,0.11461203567731104,0.03333333333333333,0.0,-0.0
1742310624.6031978,-2.0,-4.0,43.0,,-0.5583110074298693,0.30336406265153454,0.1148663279612645,0.03333333333333333,0.0,-0.0
1742310624.62338,-2.0,-4.0,43.0,,-0.5483110074298693,0.30336406265153454,0.10499878921079109,0.03333333333333333,0.0,-0.0
1742310624.6435876,-2.0,-4.0,43.0,,-0.5583110074298693,0.3133640626515345,0.1148324699380705,0.03333333333333333,0.0,-0.0
1742310624.6642654,-1.0,-3.0,43.0,,-0.39641573074327907,0.12220810714975126,0.10480286755717749,0.03333333333333333,0.0,-0.0
1742310624.6845708,-1.0,-3.0,43.0,,-0.39641573074327907,0.12220810714975126,0.10480286755717749,0.03333333333333333,0.0,-0.0
1742310624.7048223,-1.0,-3.0,43.0,,-0.39641573074327907,0.15120810714975128,0.13469879621417746,0.03333333333333333,0.0,-0.0
1742310624.7249749,-1.0,-3.0,43.0,,-0.36741573074327905,0.12220810714975126,0.11518099164124429,0.03333333333333333,0.0,-0.0
1742310624.7451704,-1.0,-3.0,43.0,,-0.36741573074327905,0.12220810714975126,0.11518099164124429,0.03333333333333333,0.0,-0.0
1742310624.7657707,-1.0,-3.0,43.0,,-0.39641573074327907,0.15120810714975128,0.13469879621417746,0.03333333333333333,0.0,-0.0
1742310624.7870626,-1.0,-2.0,43.0,,-0.22536406265153452,0.13220810714975126,0.1047589619349889,0.03333333333333333,0.0,-0.0
1742310624.8076556,-1.0,-2.0,43.0,,-0.22536406265153452,0.12220810714975126,0.11480125053835799,0.03333333333333333,0.0,-0.0
1742310624.8278904,-1.0,-2.0,43.0,,-0.22536406265153452,0.12220810714975126,0.11480125053835799,0.03333333333333333,0.0,-0.0
1742310624.8480692,-1.0,-2.0,43.0,,-0.19636406265153453,0.12220810714975126,0.11518099164124429,0.03333333333333333,0.0,-0.0
1742310624.8682795,-1.0,-2.0,43.0,,-0.19636406265153453,0.12220810714975126,0.11518099164124429,0.03333333333333333,0.0,-0.0
1742310624.8885224,-1.0,-2.0,43.0,,-0.22536406265153452,0.12220810714975126,0.11480125053835799,0.03333333333333333,0.0,-0.0
1742310624.908868,0.0,-2.0,43.0,,-0.21636406265153452,-0.039,0.10486807629662387,0.03333333333333333,0.0,-0.0
1742310624.929254,0.0,-2.0,43.0,,-0.21636406265153452,-0.039,0.10486807629662387,0.03333333333333333,0.0,-0.0
1742310624.9496174,0.0,-2.0,43.0,,-0.21636406265153452,-0.039,0.1148663279612645,0.03333333333333333,0.0,-0.0
1742310624.9699614,0.0,-1.0,43.0,,-0.045208107149751264,-0.039,0.1248645849021699,0.03333333333333333,0.0,-0.0
1742310624.9901867,0.0,-1.0,43.0,,-0.045208107149751264,-0.049,0.10491198045366446,0.03333333333333333,0.0,-0.0
1742310625.0103743,0.0,-1.0,43.0,,-0.05420810714975126,-0.039,0.1047589619349889,0.03333333333333333,0.0,-0.0
1742310625.0305798,0.0,-1.0,43.0,,-0.05420810714975126,-0.039,0.1047589619349889,0.03333333333333333,0.0,-0.0
1742310625.050793,0.0,-1.0,43.0,,-0.045208107149751264,-0.039,0.1148663279612645,0.03333333333333333,0.0,-0.0
1742310625.0739686,0.0,-1.0,43.0,,-0.045208107149751264,-0.039,0.10486807629662387,0.03333333333333333,0.0,-0.0
1742310625.0941677,0.0,-1.0,43.0,,-0.045208107149751264,-0.039,0.10486807629662387,0.03333333333333333,0.0,-0.0
1742310625.1143625,0.0,-1.0,43.0,,-0.045208107149751264,-0.039,0.1148663279612645,0.03333333333333333,0.0,-0.0
1742310625.1345732,0.0,-1.0,43.0,,-0.05420810714975126,-0.039,0.11475743333423338,0.03333333333333333,0.0,-0.0
1742310625.154784,0.0,-1.0,43.0,,-0.05420810714975126,-0.039,0.11475743333423338,0.03333333333333333,0.0,-0.0
1742310625.174966,0.0,-1.0,43.0,,-0.05420810714975126,-0.029,0.10472503445949677,0.03333333333333333,0.0,-0.0
1742310625.1955225,0.0,-1.0,43.0,,-0.035208107149751255,-0.039,0.11499677765527849,0.03333333333333333,0.0,-0.0
1742310625.2159665,0.0,-1.0,43.0,,-0.035208107149751255,-0.039,0.11499677765527849,0.03333333333333333,0.0,-0.0
1742310625.236362,0.0,-1.0,43.0,,-0.05420810714975126,-0.039,0.11475743333423338,0.03333333333333333,0.0,-0.0
1742310625.260546,0.0,-1.0,43.0,,-0.05420810714975126,-0.039,0.11475743333423338,0.03333333333333333,0.0,-0.0
1742310625.2814877,0.0,-1.0,43.0,,-0.05420810714975126,-0.039,0.11475743333423338,0.03333333333333333,0.0,-0.0
1742310625.3018067,0.0,0.0,43.0,,0.126,-0.039,0.1148663279612645,0.03333333333333333,0.0,-0.0
1742310625.322077,0.0,0.0,43.0,,0.136,-0.049,0.10504269161271118,0.03333333333333333,0.0,-0.0
1742310625.3422754,0.0,0.0,43.0,,0.136,-0.029,0.11496292098288485,0.03333333333333333,0.0,-0.0
1742310625.3645601,0.0,0.0,43.0,,0.117,-0.039,0.11475743333423338,0.03333333333333333,0.0,-0.0
1742310625.3847299,0.0,0.0,43.0,,0.126,-0.029,0.1148324699380705,0.03333333333333333,0.0,-0.0
1742310625.4049354,0.0,0.0,43.0,,0.126,-0.029,0.1148324699380705,0.03333333333333333,0.0,-0.0
1742310625.4251285,0.0,0.0,43.0,,0.126,-0.039,0.10486807629662387,0.03333333333333333,0.0,-0.0
1742310625.445299,0.0,0.0,43.0,,0.126,-0.039,0.10486807629662387,0.03333333333333333,0.0,-0.0
1742310625.4655406,0.0,0.0,43.0,,0.126,-0.039,0.10486807629662387,0.03333333333333333,0.0,-0.0
1742310625.4857998,0.0,0.0,43.0,,0.126,-0.039,0.1148663279612645,0.03333333333333333,0.0,-0.0
1742310625.5059745,0.0,0.0,43.0,,0.126,-0.039,0.10486807629662387,0.03333333333333333,0.0,-0.0
1742310625.526194,0.0,0.0,43.0,,0.126,-0.039,0.10486807629662387,0.03333333333333333,0.0,-0.0
1742310625.5465398,0.0,0.0,43.0,,0.136,-0.039,0.11499677765527849,0.03333333333333333,0.0,-0.0
1742310625.5667562,0.0,0.0,43.0,,0.117,-0.039,0.11475743333423338,0.03333333333333333,0.0,-0.0
1742310625.5869558,0.0,0.0,43.0,,0.117,-0.039,0.11475743333423338,0.03333333333333333,0.0,-0.0
1742310625.6077192,0.0,0.0,43.0,,0.117,-0.029,0.12472211831439672,0.03333333333333333,0.0,-0.0
1742310625.6279268,0.0,0.0,43.0,,0.136,-0.039,0.11499677765527849,0.03333333333333333,0.0,-0.0
1742310625.648188,0.0,0.0,43.0,,0.136,-0.039,0.11499677765527849,0.03333333333333333,0.0,-0.0
1742310625.6685371,0.0,0.0,43.0,,0.126,-0.029,0.1148324699380705,0.03333333333333333,0.0,-0.0
1742310625.6889462,0.0,0.0,43.0,,0.117,-0.039,0.11475743333423338,0.03333333333333333,0.0,-0.0
1742310625.7098308,0.0,0.0,43.0,,0.117,-0.039,0.11475743333423338,0.03333333333333333,0.0,-0.0
1742310625.7300265,0.0,0.0,43.0,,0.126,-0.049,0.10491198045366446,0.03333333333333333,0.0,-0.0
1742310625.7502306,0.0,0.0,43.0,,0.117,-0.049,0.10480286755717749,0.03333333333333333,0.0,-0.0
1742310625.770426,0.0,0.0,43.0,,0.117,-0.049,0.10480286755717749,0.03333333333333333,0.0,-0.0
1742310625.790585,0.0,0.0,43.0,,0.136,-0.049,0.11504059165209313,0.03333333333333333,0.0,-0.0
1742310625.8107922,0.0,0.0,43.0,,0.136,-0.039,0.11499677765527849,0.03333333333333333,0.0,-0.0
1742310625.8311641,0.0,0.0,43.0,,0.136,-0.039,0.11499677765527849,0.03333333333333333,0.0,-0.0
1742310625.851454,0.0,0.0,43.0,,0.136,-0.039,0.11499677765527849,0.03333333333333333,0.0,-0.0
1742310625.8723772,0.0,0.0,43.0,,0.136,-0.039,0.11499677765527849,0.03333333333333333,0.0,-0.0
1742310625.8926253,0.0,0.0,43.0,,0.136,-0.039,0.11499677765527849,0.03333333333333333,0.0,-0.0
1742310625.9128428,0.0,0.0,43.0,,0.117,-0.039,0.11475743333423338,0.03333333333333333,0.0,-0.0
1742310625.933026,0.0,0.0,43.0,,0.136,-0.039,0.10499878921079109,0.03333333333333333,0.0,-0.0
1742310625.9552903,0.0,0.0,43.0,,0.117,-0.039,0.11475743333423338,0.03333333333333333,0.0,-0.0
1742310625.9754696,0.0,0.0,43.0,,0.136,-0.039,0.11499677765527849,0.03333333333333333,0.0,-0.0
1742310625.9956703,0.0,0.0,43.0,,0.126,-0.039,0.1148663279612645,0.03333333333333333,0.0,-0.0
1742310626.0163133,0.0,0.0,43.0,,0.126,-0.039,0.1148663279612645,0.03333333333333333,0.0,-0.0
1742310626.0371106,0.0,0.0,43.0,,0.126,-0.039,0.1148663279612645,0.03333333333333333,0.0,-0.0
1742310626.0573242,0.0,0.0,43.0,,0.126,-0.049,0.10491198045366446,0.03333333333333333,0.0,-0.0
1742310626.0775056,0.0,0.0,43.0,,0.117,-0.039,0.11475743333423338,0.03333333333333333,0.0,-0.0
1742310626.097833,0.0,0.0,43.0,,0.126,-0.039,0.1148663279612645,0.03333333333333333,0.0,-0.0
1742310626.1182377,0.0,0.0,43.0,,0.136,-0.039,0.10499878921079109,0.03333333333333333,0.0,-0.0
1742310626.1397517,0.0,0.0,43.0,,0.117,-0.039,0.11475743333423338,0.03333333333333333,0.0,-0.0
1742310626.1599224,0.0,0.0,43.0,,0.126,-0.039,0.1148663279612645,0.03333333333333333,0.0,-0.0
1742310626.1801171,0.0,0.0,43.0,,0.126,-0.039,0.10486807629662387,0.03333333333333333,0.0,-0.0
1742310626.200349,0.0,0.0,43.0,,0.117,-0.039,0.11475743333423338,0.03333333333333333,0.0,-0.0
1742310626.2217433,0.0,0.0,43.0,,0.126,-0.039,0.10486807629662387,0.03333333333333333,0.0,-0.0
1742310626.242204,0.0,0.0,43.0,,0.126,-0.039,0.1148663279612645,0.03333333333333333,0.0,-0.0
1742310626.262408,0.0,0.0,43.0,,0.126,-0.029,0.1148324699380705,0.03333333333333333,0.0,-0.0
1742310626.2826157,0.0,0.0,43.0,,0.117,-0.039,0.11475743333423338,0.03333333333333333,0.0,-0.0
1742310626.3031113,0.0,0.0,43.0,,0.126,-0.039,0.1148663279612645,0.03333333333333333,0.0,-0.0
1742310626.3233356,0.0,0.0,43.0,,0.126,-0.029,0.1148324699380705,0.03333333333333333,0.0,-0.0
1742310626.3435302,0.0,0.0,43.0,,0.126,-0.039,0.1148663279612645,0.03333333333333333,0.0,-0.0
1742310626.3638475,0.0,0.0,43.0,,0.126,-0.039,0.1148663279612645,0.03333333333333333,0.0,-0.0
1742310626.3844812,0.0,0.0,43.0,,0.117,-0.039,0.1247559093467121,0.03333333333333333,0.0,-0.0
1742310626.4079573,0.0,0.0,43.0,,0.136,-0.039,0.11499677765527849,0.03333333333333333,0.0,-0.0
1742310626.4281805,0.0,0.0,43.0,,0.136,-0.039,0.11499677765527849,0.03333333333333333,0.0,-0.0
1742310626.4484475,0.0,0.0,43.0,,0.136,-0.039,0.12499477217023447,0.03333333333333333,0.0,-0.0
1742310626.4686346,0.0,0.0,43.0,,0.126,-0.039,0.1148663279612645,0.03333333333333333,0.0,-0.0
1742310626.4888737,0.0,0.0,43.0,,0.126,-0.039,0.1148663279612645,0.03333333333333333,0.0,-0.0
1742310626.5092506,0.0,0.0,43.0,,0.117,-0.039,0.11475743333423338,0.03333333333333333,0.0,-0.0
1742310626.5294526,0.0,0.0,43.0,,0.136,-0.039,0.10499878921079109,0.03333333333333333,0.0,-0.0
1742310626.5497942,0.0,0.0,43.0,,0.136,-0.039,0.10499878921079109,0.03333333333333333,0.0,-0.0
1742310626.5703297,0.0,0.0,43.0,,0.117,-0.039,0.11475743333423338,0.03333333333333333,0.0,-0.0
1742310626.592554,0.0,0.0,43.0,,0.126,-0.039,0.1148663279612645,0.03333333333333333,0.0,-0.0
1742310626.6128056,0.0,0.0,43.0,,0.126,-0.039,0.1148663279612645,0.03333333333333333,0.0,-0.0
1742310626.6330757,0.0,0.0,43.0,,0.126,-0.039,0.1148663279612645,0.03333333333333333,0.0,-0.0
1742310626.6533139,0.0,0.0,43.0,,0.126,-0.039,0.1148663279612645,0.03333333333333333,0.0,-0.0
1742310626.6745467,0.0,0.0,43.0,,0.126,-0.039,0.1148663279612645,0.03333333333333333,0.0,-0.0
1742310626.6951523,0.0,0.0,43.0,,0.117,-0.039,0.11475743333423338,0.03333333333333333,0.0,-0.0
1742310626.7158997,0.0,0.0,43.0,,0.126,-0.039,0.1148663279612645,0.03333333333333333,0.0,-0.0
1742310626.7360983,0.0,0.0,43.0,,0.126,-0.039,0.1148663279612645,0.03333333333333333,0.0,-0.0
1742310626.7563171,0.0,0.0,43.0,,0.136,-0.039,0.11499677765527849,0.03333333333333333,0.0,-0.0
1742310626.7766492,0.0,0.0,43.0,,0.126,-0.029,0.1148324699380705,0.03333333333333333,0.0,-0.0
1742310626.7968931,0.0,0.0,43.0,,0.126,-0.039,0.1148663279612645,0.03333333333333333,0.0,-0.0
1742310626.8172987,0.0,0.0,43.0,,0.126,-0.039,0.1148663279612645,0.03333333333333333,0.0,-0.0
1742310626.8377006,0.0,0.0,43.0,,0.126,-0.039,0.10486807629662387,0.03333333333333333,0.0,-0.0
1742310626.8579192,0.0,0.0,43.0,,0.117,-0.039,0.1247559093467121,0.03333333333333333,0.0,-0.0
1742310626.878133,0.0,0.0,43.0,,0.126,-0.039,0.1148663279612645,0.03333333333333333,0.0,-0.0
1742310626.8984869,0.0,0.0,43.0,,0.126,-0.039,0.1148663279612645,0.03333333333333333,0.0,-0.0
1742310626.9189172,0.0,0.0,43.0,,0.126,-0.029,0.1148324699380705,0.03333333333333333,0.0,-0.0
1742310626.9418507,0.0,0.0,43.0,,0.126,-0.039,0.1148663279612645,0.03333333333333333,0.0,-0.0
1742310626.9620533,0.0,0.0,43.0,,0.126,-0.039,0.10486807629662387,0.03333333333333333,0.0,-0.0
1742310626.982303,0.0,0.0,43.0,,0.117,-0.049,0.10480286755717749,0.03333333333333333,0.0,-0.0
1742310627.0025208,0.0,0.0,43.0,,0.126,-0.029,0.12483079499294725,0.03333333333333333,0.0,-0.0
1742310627.0227165,0.0,0.0,43.0,,0.146,-0.049,0.09618552597566854,0.03333333333333333,0.0,-0.0
1742310627.0435956,0.0,0.0,43.0,,0.126,-0.039,0.1148663279612645,0.03333333333333333,0.0,-0.0
1742310627.0637991,0.0,0.0,43.0,,0.117,-0.029,0.12472211831439672,0.03333333333333333,0.0,-0.0
1742310627.0841866,0.0,0.0,43.0,,0.136,-0.039,0.10499878921079109,0.03333333333333333,0.0,-0.0
1742310627.1069224,0.0,0.0,43.0,,0.126,-0.049,0.11491014370613684,0.03333333333333333,0.0,-0.0
1742310627.127147,0.0,0.0,43.0,,0.136,-0.049,0.10504269161271118,0.03333333333333333,0.0,-0.0
1742310627.147392,0.0,0.0,43.0,,0.136,-0.049,0.10504269161271118,0.03333333333333333,0.0,-0.0
1742310627.1683502,0.0,0.0,43.0,,0.126,-0.039,0.10486807629662387,0.03333333333333333,0.0,-0.0
1742310627.191744,0.0,0.0,43.0,,0.126,-0.039,0.10486807629662387,0.03333333333333333,0.0,-0.0
1742310627.211948,0.0,0.0,43.0,,0.117,-0.039,0.1047589619349889,0.03333333333333333,0.0,-0.0
1742310627.2324567,0.0,0.0,43.0,,0.126,-0.029,0.1148324699380705,0.03333333333333333,0.0,-0.0
1742310627.252957,0.0,0.0,43.0,,0.136,-0.039,0.11499677765527849,0.03333333333333333,0.0,-0.0
1742310627.2731738,0.0,0.0,43.0,,0.136,-0.039,0.11499677765527849,0.03333333333333333,0.0,-0.0
1742310627.2937431,0.0,0.0,43.0,,0.117,-0.039,0.11475743333423338,0.03333333333333333,0.0,-0.0
1742310627.3139575,0.0,0.0,43.0,,0.117,-0.039,0.1047589619349889,0.03333333333333333,0.0,-0.0
1742310627.334186,0.0,0.0,43.0,,0.117,-0.039,0.1047589619349889,0.03333333333333333,0.0,-0.0
1742310627.3553247,0.0,0.0,43.0,,0.126,-0.039,0.1148663279612645,0.03333333333333333,0.0,-0.0
1742310627.3757968,0.0,0.0,43.0,,0.136,-0.039,0.11499677765527849,0.03333333333333333,0.0,-0.0
1742310627.3966596,0.0,0.0,43.0,,0.126,-0.039,0.1148663279612645,0.03333333333333333,0.0,-0.0
1742310627.41714,0.0,0.0,43.0,,0.117,-0.029,0.12472211831439672,0.03333333333333333,0.0,-0.0
1742310627.4376407,0.0,0.0,43.0,,0.126,-0.039,0.10486807629662387,0.03333333333333333,0.0,-0.0
1742310627.458276,0.0,0.0,43.0,,0.126,-0.039,0.1148663279612645,0.03333333333333333,0.0,-0.0
1742310627.4789693,0.0,0.0,43.0,,0.136,-0.039,0.12499477217023447,0.03333333333333333,0.0,-0.0
1742310627.4995031,0.0,0.0,43.0,,0.136,-0.039,0.11499677765527849,0.03333333333333333,0.0,-0.0
1742310627.5228422,0.0,0.0,43.0,,0.126,-0.039,0.1148663279612645,0.03333333333333333,0.0,-0.0
1742310627.543118,0.0,0.0,43.0,,0.126,-0.039,0.1248645849021699,0.03333333333333333,0.0,-0.0
1742310627.5635397,0.0,0.0,43.0,,0.126,-0.039,0.1148663279612645,0.03333333333333333,0.0,-0.0
1742310627.5837529,0.0,0.0,43.0,,0.136,-0.039,0.11499677765527849,0.03333333333333333,0.0,-0.0
1742310627.6039224,0.0,0.0,43.0,,0.126,-0.039,0.10486807629662387,0.03333333333333333,0.0,-0.0
1742310627.6244307,0.0,0.0,43.0,,0.126,-0.039,0.10486807629662387,0.03333333333333333,0.0,-0.0
1742310627.6446326,0.0,0.0,43.0,,0.117,-0.039,0.11475743333423338,0.03333333333333333,0.0,-0.0
1742310627.664956,0.0,0.0,43.0,,0.117,-0.039,0.11475743333423338,0.03333333333333333,0.0,-0.0
1742310627.6857293,0.0,0.0,43.0,,0.126,-0.039,0.1148663279612645,0.03333333333333333,0.0,-0.0
1742310627.7059603,0.0,0.0,43.0,,0.126,-0.049,0.11491014370613684,0.03333333333333333,0.0,-0.0
1742310627.726148,0.0,0.0,43.0,,0.126,-0.039,0.1148663279612645,0.03333333333333333,0.0,-0.0
1742310627.7465036,0.0,0.0,43.0,,0.126,-0.039,0.1148663279612645,0.03333333333333333,0.0,-0.0
1742310627.7669644,0.0,0.0,43.0,,0.126,-0.039,0.1148663279612645,0.03333333333333333,0.0,-0.0
1742310627.7901573,0.0,0.0,43.0,,0.126,-0.039,0.1148663279612645,0.03333333333333333,0.0,-0.0
1742310627.810396,0.0,0.0,43.0,,0.126,-0.039,0.1148663279612645,0.03333333333333333,0.0,-0.0
1742310627.8305755,0.0,0.0,43.0,,0.136,-0.039,0.11499677765527849,0.03333333333333333,0.0,-0.0
1742310627.8507884,0.0,0.0,43.0,,0.126,-0.039,0.1148663279612645,0.03333333333333333,0.0,-0.0
1742310627.8738232,0.0,0.0,43.0,,0.126,-0.039,0.1148663279612645,0.03333333333333333,0.0,-0.0
1742310627.8940628,0.0,0.0,43.0,,0.117,-0.039,0.11475743333423338,0.03333333333333333,0.0,-0.0
1742310627.914281,0.0,0.0,43.0,,0.126,-0.039,0.1148663279612645,0.03333333333333333,0.0,-0.0
1742310627.9344578,0.0,0.0,43.0,,0.136,-0.039,0.10499878921079109,0.03333333333333333,0.0,-0.0
1742310627.954935,0.0,0.0,43.0,,0.117,-0.039,0.11475743333423338,0.03333333333333333,0.0,-0.0
1742310627.9756634,0.0,0.0,43.0,,0.126,-0.039,0.1248645849021699,0.03333333333333333,0.0,-0.0
1742310627.996632,0.0,0.0,43.0,,0.126,-0.039,0.1148663279612645,0.03333333333333333,0.0,-0.0
1742310628.0172336,0.0,0.0,43.0,,0.126,-0.029,0.1148324699380705,0.03333333333333333,0.0,-0.0
1742310628.0378308,0.0,0.0,43.0,,0.126,-0.039,0.1148663279612645,0.03333333333333333,0.0,-0.0
1742310628.0583253,0.0,0.0,43.0,,0.126,-0.039,0.1148663279612645,0.03333333333333333,0.0,-0.0
1742310628.0785258,0.0,0.0,43.0,,0.126,-0.039,0.1148663279612645,0.03333333333333333,0.0,-0.0
1742310628.0993488,0.0,0.0,43.0,,0.126,-0.039,0.10486807629662387,0.03333333333333333,0.0,-0.0
1742310628.1196039,0.0,0.0,43.0,,0.126,-0.039,0.1148663279612645,0.03333333333333333,0.0,-0.0
1742310628.140159,0.0,0.0,43.0,,0.117,-0.039,0.11475743333423338,0.03333333333333333,0.0,-0.0
1742310628.160883,0.0,0.0,43.0,,0.126,-0.039,0.1148663279612645,0.03333333333333333,0.0,-0.0
1742310628.1810863,0.0,0.0,43.0,,0.136,-0.039,0.11499677765527849,0.03333333333333333,0.0,-0.0
1742310628.2013617,0.0,0.0,43.0,,0.136,-0.049,0.11504059165209313,0.03333333333333333,0.0,-0.0
1742310628.2215564,0.0,0.0,43.0,,0.126,-0.039,0.1148663279612645,0.03333333333333333,0.0,-0.0
1742310628.2417486,0.0,0.0,43.0,,0.117,-0.039,0.11475743333423338,0.03333333333333333,0.0,-0.0
1742310628.262165,0.0,0.0,43.0,,0.117,-0.039,0.11475743333423338,0.03333333333333333,0.0,-0.0
1742310628.2826428,0.0,0.0,43.0,,0.126,-0.039,0.1148663279612645,0.03333333333333333,0.0,-0.0
1742310628.3028564,0.0,0.0,43.0,,0.126,-0.049,0.10491198045366446,0.03333333333333333,0.0,-0.0
1742310628.3269153,0.0,0.0,43.0,,0.126,-0.039,0.1148663279612645,0.03333333333333333,0.0,-0.0
1742310628.3504052,0.0,0.0,43.0,,0.126,-0.039,0.1148663279612645,0.03333333333333333,0.0,-0.0
1742310628.370609,0.0,0.0,43.0,,0.117,-0.039,0.11475743333423338,0.03333333333333333,0.0,-0.0
1742310628.3908324,0.0,0.0,43.0,,0.126,-0.039,0.1148663279612645,0.03333333333333333,0.0,-0.0
1742310628.4110613,0.0,0.0,43.0,,0.126,-0.039,0.1148663279612645,0.03333333333333333,0.0,-0.0
1742310628.4312832,0.0,0.0,43.0,,0.126,-0.039,0.1148663279612645,0.03333333333333333,0.0,-0.0
1742310628.4514992,0.0,0.0,43.0,,0.117,-0.039,0.11475743333423338,0.03333333333333333,0.0,-0.0
1742310628.4717255,0.0,0.0,43.0,,0.117,-0.039,0.11475743333423338,0.03333333333333333,0.0,-0.0
1742310628.4919636,0.0,0.0,43.0,,0.136,-0.039,0.11499677765527849,0.03333333333333333,0.0,-0.0
1742310628.5121758,0.0,0.0,43.0,,0.126,-0.039,0.1148663279612645,0.03333333333333333,0.0,-0.0
1742310628.5324073,0.0,0.0,43.0,,0.126,-0.039,0.1148663279612645,0.03333333333333333,0.0,-0.0
1742310628.5559185,0.0,0.0,43.0,,0.126,-0.039,0.10486807629662387,0.03333333333333333,0.0,-0.0
1742310628.576125,0.0,0.0,43.0,,0.117,-0.039,0.11475743333423338,0.03333333333333333,0.0,-0.0
1742310628.5963125,0.0,0.0,43.0,,0.126,-0.029,0.1048341499533123,0.03333333333333333,0.0,-0.0
1742310628.6165073,0.0,0.0,43.0,,0.117,-0.039,0.11475743333423338,0.03333333333333333,0.0,-0.0
1742310628.6367188,0.0,0.0,43.0,,0.126,-0.039,0.1148663279612645,0.03333333333333333,0.0,-0.0
1742310628.6569145,0.0,0.0,43.0,,0.126,-0.029,0.1148324699380705,0.03333333333333333,0.0,-0.0
1742310628.6772738,0.0,0.0,43.0,,0.126,-0.029,0.1148324699380705,0.03333333333333333,0.0,-0.0
1742310628.697473,0.0,0.0,43.0,,0.117,-0.029,0.11472357418341517,0.03333333333333333,0.0,-0.0
1742310628.7176876,0.0,0.0,43.0,,0.126,-0.039,0.1148663279612645,0.03333333333333333,0.0,-0.0
1742310628.7381034,0.0,0.0,43.0,,0.126,-0.039,0.1148663279612645,0.03333333333333333,0.0,-0.0
1742310628.758473,0.0,0.0,43.0,,0.126,-0.039,0.1148663279612645,0.03333333333333333,0.0,-0.0
1742310628.7788074,0.0,0.0,43.0,,0.126,-0.039,0.1148663279612645,0.03333333333333333,0.0,-0.0
1742310628.7990317,0.0,0.0,43.0,,0.126,-0.039,0.1148663279612645,0.03333333333333333,0.0,-0.0
1742310628.8193185,0.0,0.0,43.0,,0.126,-0.029,0.1148324699380705,0.03333333333333333,0.0,-0.0
1742310628.8394923,0.0,0.0,43.0,,0.126,-0.039,0.1248645849021699,0.03333333333333333,0.0,-0.0
1742310628.8598604,0.0,0.0,43.0,,0.126,-0.039,0.10486807629662387,0.03333333333333333,0.0,-0.0
1742310628.8801374,0.0,0.0,43.0,,0.126,-0.039,0.10486807629662387,0.03333333333333333,0.0,-0.0
1742310628.9009743,0.0,0.0,43.0,,0.126,-0.039,0.1148663279612645,0.03333333333333333,0.0,-0.0
1742310628.9212391,0.0,0.0,43.0,,0.117,-0.039,0.11475743333423338,0.03333333333333333,0.0,-0.0
1742310628.9414563,0.0,0.0,43.0,,0.117,-0.039,0.11475743333423338,0.03333333333333333,0.0,-0.0
1742310628.9616623,0.0,0.0,43.0,,0.126,-0.039,0.1248645849021699,0.03333333333333333,0.0,-0.0
1742310628.9818807,0.0,0.0,43.0,,0.126,-0.039,0.10486807629662387,0.03333333333333333,0.0,-0.0
1742310629.0022867,0.0,0.0,43.0,,0.136,-0.039,0.10499878921079109,0.03333333333333333,0.0,-0.0
1742310629.0226078,0.0,0.0,43.0,,0.126,-0.039,0.1248645849021699,0.03333333333333333,0.0,-0.0
1742310629.0430849,0.0,0.0,43.0,,0.126,-0.039,0.1248645849021699,0.03333333333333333,0.0,-0.0
1742310629.0632799,0.0,0.0,43.0,,0.117,-0.039,0.1247559093467121,0.03333333333333333,0.0,-0.0
1742310629.0836306,0.0,0.0,43.0,,0.117,-0.039,0.11475743333423338,0.03333333333333333,0.0,-0.0
1742310629.1041753,0.0,0.0,43.0,,0.126,-0.049,0.12490831250164192,0.03333333333333333,0.0,-0.0
1742310629.1243582,0.0,0.0,43.0,,0.136,-0.039,0.11499677765527849,0.03333333333333333,0.0,-0.0
1742310629.1446664,0.0,0.0,43.0,,0.126,-0.039,0.1148663279612645,0.03333333333333333,0.0,-0.0
1742310629.1650817,0.0,0.0,43.0,,0.126,-0.039,0.1148663279612645,0.03333333333333333,0.0,-0.0
1742310629.1852806,0.0,0.0,43.0,,0.126,-0.039,0.1148663279612645,0.03333333333333333,0.0,-0.0
1742310629.2055273,0.0,0.0,43.0,,0.126,-0.039,0.10486807629662387,0.03333333333333333,0.0,-0.0
1742310629.2261968,0.0,0.0,43.0,,0.126,-0.039,0.1148663279612645,0.03333333333333333,0.0,-0.0
1742310629.2463923,0.0,0.0,43.0,,0.126,-0.039,0.1148663279612645,0.03333333333333333,0.0,-0.0
1742310629.266614,0.0,0.0,43.0,,0.117,-0.039,0.11475743333423338,0.03333333333333333,0.0,-0.0
1742310629.2867825,0.0,0.0,43.0,,0.117,-0.039,0.11475743333423338,0.03333333333333333,0.0,-0.0
1742310629.3069763,0.0,0.0,43.0,,0.117,-0.039,0.11475743333423338,0.03333333333333333,0.0,-0.0
1742310629.327155,0.0,0.0,43.0,,0.126,-0.039,0.10486807629662387,0.03333333333333333,0.0,-0.0
1742310629.3477373,0.0,0.0,43.0,,0.126,-0.049,0.11491014370613684,0.03333333333333333,0.0,-0.0
1742310629.3679733,0.0,0.0,43.0,,0.126,-0.049,0.11491014370613684,0.03333333333333333,0.0,-0.0
1742310629.3881614,0.0,0.0,43.0,,0.117,-0.039,0.1047589619349889,0.03333333333333333,0.0,-0.0
1742310629.4086282,0.0,0.0,43.0,,0.117,-0.039,0.1047589619349889,0.03333333333333333,0.0,-0.0
1742310629.4287982,0.0,0.0,43.0,,0.117,-0.039,0.1047589619349889,0.03333333333333333,0.0,-0.0
1742310629.4493449,0.0,0.0,43.0,,0.136,-0.039,0.10499878921079109,0.03333333333333333,0.0,-0.0
1742310629.4695365,0.0,0.0,43.0,,0.126,-0.039,0.1148663279612645,0.03333333333333333,0.0,-0.0
1742310629.4897728,0.0,0.0,43.0,,0.126,-0.039,0.1148663279612645,0.03333333333333333,0.0,-0.0
1742310629.5099168,0.0,0.0,43.0,,0.126,-0.039,0.1148663279612645,0.03333333333333333,0.0,-0.0
1742310629.530108,0.0,0.0,43.0,,0.126,-0.039,0.1148663279612645,0.03333333333333333,0.0,-0.0
1742310629.5509076,0.0,0.0,43.0,,0.126,-0.039,0.1148663279612645,0.03333333333333333,0.0,-0.0
1742310629.5711339,0.0,0.0,43.0,,0.126,-0.039,0.1148663279612645,0.03333333333333333,0.0,-0.0
1742310629.591334,0.0,0.0,43.0,,0.126,-0.039,0.1148663279612645,0.03333333333333333,0.0,-0.0
1742310629.6115327,0.0,0.0,43.0,,0.126,-0.039,0.1148663279612645,0.03333333333333333,0.0,-0.0
1742310629.6317327,0.0,0.0,43.0,,0.126,-0.039,0.1148663279612645,0.03333333333333333,0.0,-0.0
1742310629.6519508,0.0,0.0,43.0,,0.126,-0.039,0.1148663279612645,0.03333333333333333,0.0,-0.0
1742310629.6722634,0.0,0.0,43.0,,0.126,-0.029,0.1148324699380705,0.03333333333333333,0.0,-0.0
1742310629.6928284,0.0,0.0,43.0,,0.126,-0.039,0.10486807629662387,0.03333333333333333,0.0,-0.0
1742310629.7134726,0.0,0.0,43.0,,0.117,-0.039,0.11475743333423338,0.03333333333333333,0.0,-0.0
1742310629.734021,0.0,0.0,43.0,,0.117,-0.039,0.11475743333423338,0.03333333333333333,0.0,-0.0
1742310629.7546227,0.0,0.0,43.0,,0.117,-0.039,0.11475743333423338,0.03333333333333333,0.0,-0.0
1742310629.7748504,0.0,0.0,43.0,,0.126,-0.039,0.1148663279612645,0.03333333333333333,0.0,-0.0
1742310629.7954617,0.0,0.0,43.0,,0.126,-0.039,0.1148663279612645,0.03333333333333333,0.0,-0.0
1742310629.8188882,0.0,0.0,43.0,,0.136,-0.039,0.11499677765527849,0.03333333333333333,0.0,-0.0
1742310629.8391855,0.0,0.0,43.0,,0.136,-0.039,0.11499677765527849,0.03333333333333333,0.0,-0.0
1742310629.8593917,0.0,0.0,43.0,,0.126,-0.039,0.10486807629662387,0.03333333333333333,0.0,-0.0
1742310629.879643,0.0,0.0,43.0,,0.126,-0.039,0.1248645849021699,0.03333333333333333,0.0,-0.0
1742310629.8998756,0.0,0.0,43.0,,0.126,-0.039,0.1148663279612645,0.03333333333333333,0.0,-0.0
1742310629.9209208,0.0,0.0,43.0,,0.126,-0.039,0.1148663279612645,0.03333333333333333,0.0,-0.0
1742310629.9411347,0.0,0.0,43.0,,0.126,-0.039,0.10486807629662387,0.03333333333333333,0.0,-0.0
1742310629.9613378,0.0,0.0,43.0,,0.126,-0.039,0.10486807629662387,0.03333333333333333,0.0,-0.0
1742310629.9815478,0.0,0.0,43.0,,0.126,-0.039,0.1248645849021699,0.03333333333333333,0.0,-0.0
1742310630.0020375,0.0,0.0,43.0,,0.126,-0.039,0.1148663279612645,0.03333333333333333,0.0,-0.0
1742310630.0222533,0.0,0.0,43.0,,0.126,-0.039,0.10486807629662387,0.03333333333333333,0.0,-0.0
1742310630.0424628,0.0,0.0,43.0,,0.126,-0.039,0.10486807629662387,0.03333333333333333,0.0,-0.0
1742310630.0639424,0.0,0.0,43.0,,0.126,-0.039,0.1148663279612645,0.03333333333333333,0.0,-0.0
1742310630.0841184,0.0,0.0,43.0,,0.117,-0.039,0.11475743333423338,0.03333333333333333,0.0,-0.0
1742310630.1043131,0.0,0.0,43.0,,0.126,-0.039,0.1248645849021699,0.03333333333333333,0.0,-0.0
1742310630.1247113,0.0,0.0,43.0,,0.126,-0.039,0.1248645849021699,0.03333333333333333,0.0,-0.0
1742310630.1450255,0.0,0.0,43.0,,0.136,-0.039,0.11499677765527849,0.03333333333333333,0.0,-0.0
1742310630.1652136,0.0,0.0,43.0,,0.136,-0.039,0.11499677765527849,0.03333333333333333,0.0,-0.0
1742310630.1855118,0.0,0.0,43.0,,0.126,-0.039,0.1148663279612645,0.03333333333333333,0.0,-0.0
1742310630.2061102,0.0,0.0,43.0,,0.126,-0.039,0.1148663279612645,0.03333333333333333,0.0,-0.0
1742310630.2263741,0.0,0.0,43.0,,0.117,-0.039,0.1047589619349889,0.03333333333333333,0.0,-0.0
1742310630.248234,0.0,0.0,43.0,,0.126,-0.049,0.11491014370613684,0.03333333333333333,0.0,-0.0
1742310630.2686815,0.0,0.0,43.0,,0.126,-0.049,0.11491014370613684,0.03333333333333333,0.0,-0.0
1742310630.2889044,0.0,0.0,43.0,,0.126,-0.039,0.1148663279612645,0.03333333333333333,0.0,-0.0
1742310630.3097906,0.0,0.0,43.0,,0.126,-0.039,0.1148663279612645,0.03333333333333333,0.0,-0.0
1742310630.330195,0.0,0.0,43.0,,0.126,-0.039,0.1148663279612645,0.03333333333333333,0.0,-0.0
1742310630.3506546,0.0,0.0,43.0,,0.126,-0.039,0.10486807629662387,0.03333333333333333,0.0,-0.0
1742310630.3710475,0.0,0.0,43.0,,0.126,-0.039,0.10486807629662387,0.03333333333333333,0.0,-0.0
1742310630.3912494,0.0,0.0,43.0,,0.126,-0.039,0.10486807629662387,0.03333333333333333,0.0,-0.0
1742310630.4114995,0.0,0.0,43.0,,0.126,-0.039,0.1148663279612645,0.03333333333333333,0.0,-0.0
1742310630.4316819,0.0,0.0,43.0,,0.126,-0.039,0.1148663279612645,0.03333333333333333,0.0,-0.0
1742310630.451964,0.0,0.0,43.0,,0.126,-0.039,0.1148663279612645,0.03333333333333333,0.0,-0.0
1742310630.4721222,0.0,0.0,43.0,,0.126,-0.039,0.1248645849021699,0.03333333333333333,0.0,-0.0
1742310630.492649,0.0,0.0,43.0,,0.126,-0.039,0.1148663279612645,0.03333333333333333,0.0,-0.0
1742310630.513054,0.0,0.0,43.0,,0.126,-0.039,0.1148663279612645,0.03333333333333333,0.0,-0.0
1742310630.5333025,0.0,0.0,43.0,,0.126,-0.039,0.1148663279612645,0.03333333333333333,0.0,-0.0
1742310630.5537071,0.0,0.0,43.0,,0.117,-0.039,0.11475743333423338,0.03333333333333333,0.0,-0.0
1742310630.574293,0.0,0.0,43.0,,0.117,-0.039,0.11475743333423338,0.03333333333333333,0.0,-0.0
1742310630.5946097,0.0,0.0,43.0,,0.126,-0.039,0.10486807629662387,0.03333333333333333,0.0,-0.0
1742310630.615935,0.0,0.0,43.0,,0.126,-0.039,0.1148663279612645,0.03333333333333333,0.0,-0.0
1742310630.636349,0.0,0.0,43.0,,0.126,-0.029,0.12483079499294725,0.03333333333333333,0.0,-0.0
1742310630.6567795,0.0,0.0,43.0,,0.077,0.058,0.10446373120857544,0.06666666666666667,0.0,-0.0
1742310630.6770477,0.0,0.0,43.0,,0.077,0.058,0.10446373120857544,0.06666666666666667,0.0,-0.0
1742310630.6989245,0.0,0.0,42.0,,0.391,1.097,0.2874415875325944,0.1,0.0,1.7333333333333334
1742310630.7191477,0.0,-1.0,38.0,,-0.32820810714975124,-0.049,-0.11958695976785805,0.13333333333333333,0.06666666666666667,1.6
1742310630.739353,-1.0,-2.0,34.0,,-0.7733640626515346,0.19920810714975126,0.34886954291941485,0.03333333333333333,-0.03333333333333333,1.6
1742310630.7595742,-1.0,-3.0,31.0,,-0.5424157307432791,-0.5247918928502486,0.157982460498042,0.06666666666666667,0.0,1.8333333333333333
1742310630.779896,-2.0,-4.0,28.0,,-0.3123110074298693,-0.8936359373484655,0.13791014099430043,0.06666666666666667,0.0,1.7333333333333334
1742310630.8019087,-2.0,-4.0,25.0,,-0.4013110074298693,-0.9126359373484654,0.3213717926229034,0.06666666666666667,-0.03333333333333333,1.6
1742310630.822192,-2.0,-5.0,21.0,,-0.6209978363545267,-0.5596359373484655,0.11830146352546045,0.1,0.03333333333333333,1.4
1742310630.8423955,-3.0,-6.0,17.0,,-0.5854242246556807,0.21941573074327908,0.09899880302705988,0.03333333333333333,-0.03333333333333333,1.0333333333333334
1742310630.8634233,-3.0,-7.0,13.0,,-0.7355382588044967,0.18041573074327905,0.13998979069952,0.06666666666666667,0.0,0.7333333333333333
1742310630.884035,-3.0,-8.0,11.0,,-1.033288120418242,0.24841573074327905,0.13295674237502908,0.03333333333333333,0.0,0.4
1742310630.9043033,-2.0,-10.0,7.0,,-1.5864886229125867,0.29336406265153453,0.11480125053835799,0.03333333333333333,0.0,-0.0
1742310630.9247217,-2.0,-10.0,7.0,,-1.5864886229125867,0.29336406265153453,0.11480125053835799,0.03333333333333333,0.0,-0.0
1742310630.944947,-2.0,-10.0,5.0,,-1.5774886229125866,0.29336406265153453,0.11491014370613684,0.03333333333333333,0.0,-0.0
1742310630.9651546,-2.0,-11.0,4.0,,-1.7458362446439044,0.29336406265153453,0.11491014370613684,0.03333333333333333,0.0,-0.0
1742310630.9853528,-2.0,-11.0,4.0,,-1.7358362446439046,0.29336406265153453,0.11504059165209313,0.03333333333333333,0.0,-0.0
1742310631.0055869,-2.0,-10.0,3.0,,-1.5774886229125866,0.29336406265153453,0.11491014370613684,0.03333333333333333,0.0,-0.0
1742310631.026019,-2.0,-10.0,3.0,,-1.5864886229125867,0.29336406265153453,0.11480125053835799,0.03333333333333333,0.0,-0.0
1742310631.0461986,-2.0,-10.0,3.0,,-1.5774886229125866,0.29336406265153453,0.11491014370613684,0.03333333333333333,0.0,-0.0
1742310631.0664058,-1.0,-9.0,3.0,,-1.4176221020446649,0.12220810714975126,0.11480125053835799,0.03333333333333333,0.0,-0.0
1742310631.0865996,-1.0,-8.0,2.0,,-1.2392881204182422,0.12220810714975126,0.11491014370613684,0.03333333333333333,0.0,-0.0
1742310631.1068234,-1.0,-8.0,2.0,,-1.2392881204182422,0.12220810714975126,0.11491014370613684,0.03333333333333333,0.0,-0.0
1742310631.1272056,-1.0,-8.0,2.0,,-1.2392881204182422,0.12220810714975126,0.11491014370613684,0.03333333333333333,0.0,-0.0
1742310631.1479464,-1.0,-7.0,2.0,,-1.0695382588044966,0.12220810714975126,0.11491014370613684,0.03333333333333333,0.0,-0.0
1742310631.168169,-1.0,-7.0,2.0,,-1.0695382588044966,0.12220810714975126,0.11491014370613684,0.03333333333333333,0.0,-0.0
1742310631.188447,-1.0,-7.0,2.0,,-1.0695382588044966,0.13220810714975126,0.1148663279612645,0.03333333333333333,0.0,-0.0
1742310631.2086341,-1.0,-6.0,1.0,,-0.9084242246556806,0.12220810714975126,0.11480125053835799,0.03333333333333333,0.0,-0.0
1742310631.228894,-1.0,-6.0,1.0,,-0.9084242246556806,0.12220810714975126,0.11480125053835799,0.03333333333333333,0.0,-0.0
1742310631.2490811,0.0,-6.0,1.0,,-0.8994242246556806,-0.039,0.1148663279612645,0.03333333333333333,0.0,-0.0
1742310631.2692685,0.0,-5.0,1.0,,-0.7289978363545266,-0.039,0.10486807629662387,0.03333333333333333,0.0,-0.0
1742310631.289467,0.0,-5.0,1.0,,-0.7289978363545266,-0.039,0.10486807629662387,0.03333333333333333,0.0,-0.0
1742310631.3101633,0.0,-5.0,1.0,,-0.7289978363545266,-0.039,0.1248645849021699,0.03333333333333333,0.0,-0.0
1742310631.330363,0.0,-5.0,1.0,,-0.7289978363545266,-0.049,0.10491198045366446,0.03333333333333333,0.0,-0.0
1742310631.3510945,0.0,-5.0,1.0,,-0.7289978363545266,-0.049,0.10491198045366446,0.03333333333333333,0.0,-0.0
1742310631.371278,0.0,-4.0,1.0,,-0.5673110074298693,-0.049,0.11480125053835799,0.03333333333333333,0.0,-0.0
1742310631.3914714,0.0,-4.0,1.0,,0.1576889925701307,0.038,0.17898032489680027,0.03333333333333333,0.0,-0.0
1742310631.4118097,0.0,-4.0,1.0,,0.1576889925701307,0.038,0.17898032489680027,0.03333333333333333,0.0,-0.0
1742310631.4324174,0.0,-4.0,1.0,,-0.2043110074298693,0.156,0.06781396654508143,0.03333333333333333,0.0,-0.3333333333333333
1742310631.4545422,0.0,-4.0,1.0,,-0.8313110074298693,0.048,0.21316758024737759,0.03333333333333333,-0.03333333333333333,-0.03333333333333333
1742310631.474725,0.0,-6.0,359.0,,-0.8894242246556806,-0.265,0.09943263579784478,0.03333333333333333,0.0,-0.0
1742310631.4949877,0.0,-7.0,357.0,,-1.1275382588044967,-0.294,0.1584957338924209,0.06666666666666667,0.0,-0.06666666666666667
1742310631.515495,0.0,-8.0,356.0,,-1.4532881204182422,-0.078,0.09569126332661249,0.03333333333333333,0.03333333333333333,-0.16666666666666666
1742310631.5361264,0.0,-8.0,356.0,,-1.4532881204182422,-0.078,0.09569126332661249,0.03333333333333333,0.03333333333333333,-0.16666666666666666
1742310631.556809,0.0,-8.0,356.0,,-1.6102881204182422,-0.226,0.4331949532923023,0.16666666666666666,0.23333333333333334,-0.16666666666666666
1742310631.5770032,0.0,-8.0,356.0,,-0.9052881204182421,0.019,0.46784620836913327,0.13333333333333333,0.16666666666666666,-0.03333333333333333
1742310631.597213,0.0,-9.0,356.0,,-0.9276221020446649,-0.147,1.247654248107935,0.06666666666666667,0.5666666666666667,0.03333333333333333
1742310631.6174076,0.0,-10.0,355.0,,-0.8704886229125868,-0.245,1.1846186330882276,0.0,1.0666666666666667,0.03333333333333333
1742310631.6378355,0.0,-12.0,354.0,,-0.9916136869222192,-0.196,0.9373488586198029,-0.03333333333333333,1.5333333333333334,0.1
1742310631.6580775,0.0,-14.0,353.0,,-1.2362537958327406,-0.088,0.8373797599226247,-0.06666666666666667,1.8666666666666667,0.1
1742310631.678265,0.0,-17.0,352.0,,-1.339166423330048,-0.078,0.7377331794235769,-0.13333333333333333,2.2333333333333334,0.06666666666666667
1742310631.698953,0.0,-20.0,352.0,,-1.5422176060248105,-0.029,0.39781062094428776,-0.16666666666666666,2.433333333333333,-0.0
1742310631.7191353,1.0,-23.0,351.0,,-1.569072370479776,-0.18120810714975127,0.15531052980465887,-0.16666666666666666,2.566666666666667,-0.1
1742310631.7393322,1.0,-23.0,351.0,,-1.569072370479776,-0.18120810714975127,0.15531052980465887,-0.16666666666666666,2.566666666666667,-0.1
1742310631.7619445,1.0,-30.0,351.0,,-1.3659999999999992,-0.08420810714975127,0.39674334874702843,-0.23333333333333334,2.8,-0.23333333333333334
1742310631.78217,0.0,-33.0,352.0,,-1.332908933497416,0.0,0.5316348523308232,-0.2,3.066666666666667,-0.23333333333333334
1742310631.8023896,0.0,-37.0,353.0,,-1.6978053771215933,-0.098,0.26111084303989074,-0.1,3.3666666666666667,-0.2
1742310631.8225613,-1.0,-41.0,354.0,,-1.9549390743968766,0.3762081071497513,-0.13625326122991765,0.0,3.6,-0.13333333333333333
1742310631.843151,-2.0,-46.0,355.0,,-1.8697234413221668,0.5763640626515345,-0.2813564669064741,0.0,3.6666666666666665,-0.13333333333333333
1742310631.8637867,-3.0,-50.0,356.0,,-1.5538959869971745,0.845415730743279,-0.09040490367392362,-0.1,3.7333333333333334,-0.13333333333333333
1742310631.8847709,-4.0,-54.0,357.0,,-1.3674567148182346,1.0163110074298694,0.03135655252423586,-0.26666666666666666,4.033333333333333,-0.06666666666666667
1742310631.9049656,-5.0,-59.0,358.0,,-2.152811219887722,1.1289978363545266,-0.5639002412738545,-0.43333333333333335,4.1,-0.0
1742310631.9251654,-6.0,-63.0,359.0,,-2.1517740022878886,1.3674242246556807,-0.652929291667002,-0.36666666666666664,3.6333333333333333,0.1
1742310631.9455962,-7.0,-67.0,360.0,,-0.1761526123684405,1.4295382588044967,0.009074437471083385,-0.13333333333333333,3.566666666666667,0.16666666666666666
1742310631.9680579,-7.0,-71.0,0.0,,-0.793537226629299,1.5375382588044968,-0.1457214712876187,0.03333333333333333,3.8333333333333335,0.03333333333333333
1742310631.9882803,-8.0,-80.0,1.0,,-1.3259640570497595,1.7562881204182421,-0.29525495779502187,0.23333333333333334,3.466666666666667,0.26666666666666666
1742310632.0084834,-8.0,-80.0,1.0,,-1.3259640570497595,1.7562881204182421,-0.29525495779502187,0.23333333333333334,3.466666666666667,0.26666666666666666
1742310632.028828,-8.0,-80.0,1.0,,-1.3259640570497595,1.7562881204182421,-0.29525495779502187,0.23333333333333334,3.466666666666667,0.26666666666666666
1742310632.0496585,-8.0,-89.0,0.0,,-0.09150588948419802,2.080288120418242,0.017617412312809444,0.26666666666666666,1.6333333333333333,0.43333333333333335
1742310632.0700548,-8.0,-89.0,0.0,,-0.09150588948419802,2.080288120418242,0.017617412312809444,0.26666666666666666,1.6333333333333333,0.43333333333333335
1742310632.0906115,-7.0,-92.0,360.0,,0.0999759869426704,2.1755382588044965,0.02012788104110519,0.06666666666666667,1.6,0.26666666666666666
1742310632.110832,-7.0,-94.0,360.0,,-0.3241033330488765,2.1065382588044965,-0.029212528771951574,-0.06666666666666667,1.6,0.26666666666666666
1742310632.1311483,-7.0,-94.0,360.0,,-0.3241033330488765,2.1065382588044965,-0.029212528771951574,-0.06666666666666667,1.6,0.26666666666666666
1742310632.151549,-6.0,-96.0,360.0,,-0.009259793562762297,1.9164242246556806,0.0043517591459927285,-0.2,1.2666666666666666,0.23333333333333334
1742310632.171754,-5.0,-97.0,0.0,,-0.019877747601370288,1.8739978363545267,-0.0013354728063467158,-0.23333333333333334,1.2,0.2
1742310632.1922362,-5.0,-97.0,0.0,,-0.019877747601370288,1.8739978363545267,-0.0013354728063467158,-0.23333333333333334,1.2,0.2
1742310632.2124543,-5.0,-98.0,1.0,,0.07147024564519455,2.3349978363545265,-1.519016295294017,-0.3,1.0333333333333334,0.03333333333333333
1742310632.2326446,-5.0,-99.0,1.0,,0.14577737876169827,2.089997836354527,-1.4207915074610489,-0.4666666666666667,0.7333333333333333,-0.1
1742310632.2528384,-5.0,-99.0,1.0,,0.14577737876169827,2.089997836354527,-1.4207915074610489,-0.4666666666666667,0.7333333333333333,-0.1
1742310632.273026,-6.0,-99.0,2.0,,-0.040222621238303446,2.142424224655681,-1.5912275423760336,-0.4666666666666667,0.8666666666666667,-0.16666666666666666
1742310632.2935374,-6.0,-100.0,3.0,,0.027035942950240255,2.230424224655681,-2.3690541183057503,-0.6333333333333333,1.1333333333333333,-0.26666666666666666
1742310632.3137915,-6.0,-101.0,3.0,,-0.647762669621585,1.6814242246556805,-2.1612397095828673,-0.26666666666666666,-0.06666666666666667,-0.03333333333333333
1742310632.3340263,-6.0,-101.0,4.0,,0.2742373303784156,1.4364242246556806,-2.5441914302266193,0.0,0.0,0.16666666666666666
1742310632.3542063,-7.0,-100.0,4.0,,0.10503594295023966,1.7925382588044967,-2.677028752220317,0.13333333333333333,0.0,0.1
1742310632.374627,-7.0,-100.0,4.0,,0.10503594295023966,1.7925382588044967,-2.677028752220317,0.13333333333333333,0.0,0.1
1742310632.394978,-6.0,-100.0,3.0,,0.07603594295023974,2.0144242246556807,-2.152027159238447,0.4,0.03333333333333333,0.06666666666666667
1742310632.415257,-6.0,-100.0,3.0,,0.07603594295023974,1.7994242246556806,-2.036887349193984,0.43333333333333335,0.03333333333333333,0.13333333333333333
1742310632.4354358,-6.0,-100.0,2.0,,0.04703594295023983,1.6914242246556808,-2.07854313497487,0.5,0.03333333333333333,0.26666666666666666
1742310632.4556222,-5.0,-99.0,2.0,,0.018777378761697605,1.8249978363545267,-1.920640746663739,0.6,0.03333333333333333,0.43333333333333335
1742310632.4758525,-4.0,-99.0,1.0,,0.027777378761697946,2.154311007429869,-1.8363432904061203,0.7666666666666667,0.06666666666666667,0.43333333333333335
1742310632.4962153,-3.0,-99.0,0.0,,0.008777378761697818,2.052415730743279,-2.186179007007846,0.7666666666666667,0.1,0.3333333333333333
1742310632.516971,-3.0,-99.0,359.0,,-0.0012226212383019686,2.012415730743279,-2.2275795331607573,0.6333333333333333,0.06666666666666667,0.26666666666666666
1742310632.5378528,-3.0,-99.0,358.0,,-0.0012226212383019686,2.061415730743279,-2.1494532317345656,0.5,0.03333333333333333,0.26666666666666666
1742310632.5580838,-2.0,-99.0,358.0,,-0.02122262123830332,1.9493640626515345,-1.81895537752423,0.5,0.06666666666666667,0.23333333333333334
1742310632.578486,-1.0,-98.0,357.0,,-0.05552975435480434,1.8082081071497513,-2.014049485085235,0.6,0.06666666666666667,0.2
1742310632.5988483,0.0,-98.0,356.0,,-0.07552975435480569,1.666,-1.9956839501521484,0.6666666666666666,0.1,0.2
1742310632.620285,0.0,-98.0,355.0,,-0.10552975435480505,1.813,-2.464208546060819,0.6,0.06666666666666667,0.16666666666666666
1742310632.6404986,1.0,-98.0,354.0,,-0.09552975435480526,1.6417918928502486,-2.2292500705006306,0.5666666666666667,0.06666666666666667,0.16666666666666666
1742310632.6606886,2.0,-98.0,353.0,,-0.05552975435480434,1.5686359373484655,-2.1654390137024375,0.36666666666666664,0.03333333333333333,0.1
1742310632.6810563,2.0,-98.0,353.0,,-0.0655297543548059,1.5396359373484654,-1.9709484229838734,0.06666666666666667,0.0,-0.0
1742310632.7012546,2.0,-98.0,353.0,,-0.0655297543548059,1.5396359373484654,-1.9709484229838734,0.06666666666666667,0.0,-0.0
1742310632.721747,2.0,-97.0,352.0,,-0.16687774760137053,1.6086359373484655,-2.6793590826320646,-0.1,-0.03333333333333333,-0.0
1742310632.7427673,2.0,-97.0,352.0,,-0.09787774760137147,1.4316359373484655,-1.99377450942759,-0.16666666666666666,-0.03333333333333333,-0.0
1742310632.762991,2.0,-97.0,352.0,,-0.09787774760137147,1.4316359373484655,-1.99377450942759,-0.16666666666666666,-0.03333333333333333,-0.0
1742310632.783192,2.0,-96.0,352.0,,-0.12725979356276262,1.3536359373484654,-1.7434643471774012,-0.16666666666666666,-0.03333333333333333,-0.03333333333333333
1742310632.8033943,2.0,-96.0,352.0,,-0.1372597935627624,1.4026359373484656,-1.9585040144599724,-0.03333333333333333,0.0,-0.0
1742310632.8235989,3.0,-96.0,352.0,,-0.11725979356276284,1.3485842692567211,-2.0893151279608375,0.0,0.0,-0.0
1742310632.8440862,3.0,-96.0,352.0,,-0.1372597935627624,1.309584269256721,-2.0722996162806626,-0.06666666666666667,-0.03333333333333333,-0.06666666666666667
1742310632.864293,3.0,-96.0,352.0,,-0.12725979356276262,1.103584269256721,-1.8621790664829834,0.0,0.0,-0.03333333333333333
1742310632.8862877,4.0,-96.0,352.0,,-0.12725979356276262,1.0796889925701307,-2.034672518759865,0.03333333333333333,0.0,-0.0
1742310632.9065487,4.0,-96.0,352.0,,-0.11725979356276284,1.0406889925701308,-2.054231996778234,0.03333333333333333,0.0,-0.0
1742310632.926947,5.0,-96.0,352.0,,-0.12725979356276262,0.8900021636454735,-2.0548844881394244,0.03333333333333333,0.0,-0.0
1742310632.947298,5.0,-96.0,352.0,,-0.11725979356276284,1.0070021636454736,-2.245825541750171,-0.3333333333333333,-0.06666666666666667,-0.16666666666666666
1742310632.9675,5.0,-96.0,352.0,,-0.11725979356276284,1.0070021636454736,-2.245825541750171,-0.3333333333333333,-0.06666666666666667,-0.16666666666666666
1742310632.987698,5.0,-96.0,352.0,,-0.2352597935627614,0.8800021636454735,-2.6715721339960785,-0.26666666666666666,-0.03333333333333333,-0.06666666666666667
1742310633.0079021,5.0,-96.0,351.0,,-0.019259793562762084,0.8500021636454734,-1.9280244262116737,-0.23333333333333334,-0.03333333333333333,-0.13333333333333333
1742310633.0281212,5.0,-96.0,351.0,,-0.019259793562762084,0.8500021636454734,-1.9280244262116737,-0.23333333333333334,-0.03333333333333333,-0.13333333333333333
1742310633.0483105,4.0,-95.0,351.0,,-0.11366998828002295,1.0506889925701308,-2.0520154064260336,-0.4,-0.06666666666666667,-0.2
1742310633.0685146,4.0,-95.0,352.0,,-0.04566998828002333,1.0406889925701308,-2.025565276086752,-0.8333333333333334,-0.16666666666666666,-0.36666666666666664
1742310633.0887403,4.0,-95.0,352.0,,-0.04566998828002333,1.0406889925701308,-2.025565276086752,-0.8333333333333334,-0.16666666666666666,-0.36666666666666664
1742310633.1092358,3.0,-95.0,352.0,,-0.06466998828002346,0.9955842692567208,-2.2647854553824245,-1.0666666666666667,-0.3,-0.5
1742310633.1298442,1.0,-95.0,353.0,,-0.06466998828002346,0.7597918928502487,-1.3543552339060763,-0.8,-0.13333333333333333,-0.36666666666666664
1742310633.1500585,1.0,-95.0,353.0,,-0.06466998828002346,0.7597918928502487,-1.3543552339060763,-0.8,-0.13333333333333333,-0.36666666666666664
1742310633.1702807,0.0,-95.0,354.0,,-0.08466998828002303,0.725,-2.1598913920590466,-0.03333333333333333,-0.03333333333333333,-0.06666666666666667
1742310633.1904824,0.0,-95.0,354.0,,0.033330011719975516,1.048,-3.3000886839735157,-0.03333333333333333,0.13333333333333333,-0.3
1742310633.2106895,0.0,-95.0,354.0,,0.033330011719975516,1.048,-3.3000886839735157,-0.03333333333333333,0.13333333333333333,-0.3
1742310633.2311227,0.0,-96.0,354.0,,-0.009259793562762297,1.068,-1.623605055465697,-1.2,0.0,-0.4666666666666667
1742310633.2513528,-1.0,-96.0,355.0,,0.019740206437237617,0.6412081071497513,-1.9573863815917645,-1.0,-0.1,-0.36666666666666664
1742310633.2715614,-1.0,-96.0,355.0,,0.019740206437237617,0.6412081071497513,-1.9573863815917645,-1.0,-0.1,-0.36666666666666664
1742310633.2917693,-2.0,-96.0,357.0,,0.04974020643723698,0.5673640626515345,-2.1695242194414543,-0.13333333333333333,-0.3,-0.16666666666666666
1742310633.3122516,-3.0,-95.0,357.0,,0.013330011719975943,0.9634157307432791,-1.7616716377291621,-0.06666666666666667,-0.3333333333333333,-0.13333333333333333
1742310633.3327317,-3.0,-95.0,357.0,,0.013330011719975943,0.9634157307432791,-1.7616716377291621,-0.06666666666666667,-0.3333333333333333,-0.13333333333333333
1742310633.352949,-3.0,-95.0,357.0,,-0.05566998828002312,1.130415730743279,-2.0779354309808165,-0.13333333333333333,-0.06666666666666667,-0.1
1742310633.3731604,-3.0,-95.0,356.0,,0.013330011719975943,1.110415730743279,-1.9159965658025664,-0.1,0.0,-0.06666666666666667
1742310633.3933618,-3.0,-95.0,356.0,,0.013330011719975943,1.110415730743279,-1.9159965658025664,-0.1,0.0,-0.06666666666666667
1742310633.4135628,-3.0,-95.0,356.0,,0.17033001171997597,0.4254157307432791,-0.6414989962873244,0.03333333333333333,0.0,0.03333333333333333
1742310633.4339278,-3.0,-95.0,356.0,,0.17033001171997597,0.4254157307432791,-0.6414989962873244,0.03333333333333333,0.0,0.03333333333333333
1742310633.45451,-3.0,-95.0,356.0,,0.06233001171997721,0.747415730743279,-1.308697876187837,0.16666666666666666,0.0,-0.0
1742310633.4747047,-3.0,-95.0,356.0,,0.09133001171997712,0.934415730743279,-1.5208637010156099,0.06666666666666667,0.0,-0.0
1742310633.4949455,-3.0,-96.0,355.0,,0.04974020643723698,0.9044157307432791,-1.5054938929637045,0.03333333333333333,-0.03333333333333333,-0.0
1742310633.5151246,-3.0,-96.0,355.0,,0.09874020643723824,0.9634157307432791,-0.8771004357089843,0.03333333333333333,-0.03333333333333333,-0.0
1742310633.5353427,-2.0,-95.0,355.0,,0.033330011719975516,0.7823640626515345,-1.5829523847205864,0.1,-0.03333333333333333,-0.0
1742310633.5555272,-2.0,-95.0,355.0,,0.1113300117199767,0.36136406265153453,-1.771756218414764,0.13333333333333333,-0.03333333333333333,-0.06666666666666667
1742310633.5759497,-2.0,-95.0,355.0,,0.033330011719975516,0.9203640626515345,-1.6619207829982532,0.2,-0.06666666666666667,-0.13333333333333333
1742310633.5961397,-2.0,-95.0,354.0,,0.06233001171997721,0.6453640626515345,-1.5432900552261644,0.16666666666666666,-0.2,-0.03333333333333333
1742310633.6163695,-2.0,-95.0,354.0,,0.3373300117199758,0.7333640626515345,-1.714369711753653,0.26666666666666666,-0.2,-0.0
1742310633.6367223,-2.0,-95.0,354.0,,0.4053300117199772,0.8223640626515345,-1.593255117654555,0.13333333333333333,0.0,-0.0
1742310633.65706,-2.0,-95.0,353.0,,0.3663300117199757,0.7043640626515345,-1.5966061577220172,0.06666666666666667,0.1,-0.0
1742310633.6774516,-2.0,-95.0,353.0,,0.3763300117199755,0.6743640626515346,-1.6526580159139839,0.13333333333333333,0.13333333333333333,-0.0
1742310633.6980956,-2.0,-95.0,353.0,,0.45433001171997667,0.7633640626515346,-1.4746913191409496,0.13333333333333333,0.03333333333333333,-0.0
1742310633.7183156,-2.0,-95.0,353.0,,0.45433001171997667,0.7923640626515345,-1.5331122040079905,0.1,0.0,0.03333333333333333
1742310633.7388375,-2.0,-95.0,353.0,,0.25833001171997694,0.8123640626515345,-1.5652747670023004,0.1,0.0,0.06666666666666667
1742310633.7590349,-2.0,-95.0,352.0,,0.033330011719975516,0.7823640626515345,-1.427684477231471,0.1,-0.1,0.1
1742310633.779434,-2.0,-95.0,352.0,,0.033330011719975516,0.7823640626515345,-1.427684477231471,0.1,-0.1,0.1
1742310633.7997909,-1.0,-95.0,352.0,,0.003330011719976156,0.6012081071497513,-1.3121728273952789,0.13333333333333333,-0.13333333333333333,0.06666666666666667
1742310633.8221078,-1.0,-95.0,352.0,,0.19933001171997589,0.6702081071497512,-1.2220638312083254,0.16666666666666666,-0.1,0.06666666666666667
1742310633.8423102,0.0,-95.0,352.0,,0.09133001171997712,0.597,-1.0911700285151018,0.1,0.0,0.1
1742310633.8625185,0.0,-94.0,352.0,,-0.1961033330488764,0.578,-1.1852628107599716,0.03333333333333333,-0.03333333333333333,0.1
1742310633.8827312,0.0,-94.0,351.0,,-0.26510333304887546,0.529,-1.1897454232033202,0.1,0.0,0.03333333333333333
1742310633.9029338,0.0,-94.0,351.0,,-0.1961033330488764,0.656,-1.1849522809227082,0.1,0.0,0.03333333333333333
1742310633.923231,0.0,-94.0,351.0,,-0.1571033330488767,0.568,-1.1044348774846822,0.1,0.0,-0.0
1742310633.9435055,0.0,-94.0,351.0,,-0.09810333304887564,0.568,-1.179290585068002,0.16666666666666666,0.0,0.03333333333333333
1742310633.9640887,0.0,-94.0,351.0,,-0.1471033330488769,0.676,-1.242134112367912,0.16666666666666666,0.0,-0.0
1742310633.9847076,0.0,-94.0,351.0,,-0.1961033330488764,0.734,-1.047588895427207,0.1,0.0,-0.0
1742310634.0070133,0.0,-94.0,351.0,,-0.2351033330488761,0.646,-1.108659462117119,0.03333333333333333,-0.03333333333333333,-0.0
1742310634.027226,0.0,-94.0,351.0,,0.009896666951123123,0.587,-1.270437583546045,0.06666666666666667,0.0,-0.0
1742310634.0474916,0.0,-94.0,351.0,,0.009896666951123123,0.587,-1.270437583546045,0.06666666666666667,0.0,-0.0
1742310634.067696,1.0,-94.0,350.0,,-0.00010333304887666372,0.46479189285024874,-1.1551960393343812,0.06666666666666667,0.0,-0.0
1742310634.0878894,1.0,-94.0,350.0,,-0.07810333304887607,0.48479189285024876,-1.0415169762995293,0.03333333333333333,-0.03333333333333333,-0.0
1742310634.1088183,1.0,-94.0,350.0,,-0.07810333304887607,0.48479189285024876,-1.0415169762995293,0.03333333333333333,-0.03333333333333333,-0.0
1742310634.1289809,2.0,-93.0,350.0,,0.03844426405763102,0.2846359373484655,-1.1523756697387477,0.03333333333333333,0.0,-0.0
1742310634.149175,2.0,-93.0,350.0,,0.03844426405763102,0.24463593734846545,-1.3276171354326065,0.03333333333333333,0.0,-0.0
1742310634.1698391,2.0,-93.0,350.0,,0.03844426405763102,0.24463593734846545,-1.3276171354326065,0.03333333333333333,0.0,-0.0
1742310634.190724,2.0,-93.0,350.0,,0.018444264057629667,0.2746359373484655,-1.0559271232876728,0.03333333333333333,0.0,-0.0
1742310634.2109528,2.0,-93.0,350.0,,-0.08855573594236965,0.3036359373484655,-0.9633850361356826,0.03333333333333333,-0.06666666666666667,-0.0
1742310634.231138,2.0,-93.0,350.0,,-0.08855573594236965,0.3036359373484655,-0.9633850361356826,0.03333333333333333,-0.06666666666666667,-0.0
1742310634.2513247,2.0,-93.0,350.0,,-0.010555735942370248,0.23563593734846544,-1.1154929285558972,0.03333333333333333,-0.1,-0.0
1742310634.2716994,2.0,-93.0,350.0,,0.1264442640576302,0.24463593734846545,-1.1851118830227902,0.06666666666666667,-0.03333333333333333,-0.0
1742310634.2927215,2.0,-93.0,350.0,,0.1264442640576302,0.24463593734846545,-1.1851118830227902,0.06666666666666667,-0.03333333333333333,-0.0
1742310634.3129573,2.0,-93.0,350.0,,-0.07955573594236931,0.26463593734846547,-1.2174320916660966,0.03333333333333333,0.03333333333333333,-0.0
1742310634.3331401,2.0,-93.0,350.0,,-0.04955573594236995,0.2936359373484655,-1.1175026637715688,0.06666666666666667,-0.03333333333333333,-0.0
1742310634.3547719,2.0,-93.0,350.0,,-0.04955573594236995,0.2936359373484655,-1.1175026637715688,0.06666666666666667,-0.03333333333333333,-0.0
1742310634.3749294,3.0,-93.0,350.0,,0.14644426405762978,0.12258426925672095,-1.1837606963292515,0.03333333333333333,-0.03333333333333333,-0.0
1742310634.395269,3.0,-92.0,350.0,,0.03097598694267134,0.13258426925672095,-1.2677054588167085,0.03333333333333333,0.0,-0.0
1742310634.4155602,3.0,-92.0,350.0,,0.03097598694267134,0.13258426925672095,-1.2677054588167085,0.03333333333333333,0.0,-0.0
1742310634.4357903,3.0,-92.0,350.0,,-0.057024013057329626,0.1815842692567209,-1.1372626604365417,0.06666666666666667,-0.03333333333333333,-0.0
1742310634.4566338,3.0,-92.0,350.0,,0.0019759869426696497,0.16258426925672098,-0.9385430914950545,0.03333333333333333,-0.03333333333333333,-0.0
1742310634.4768512,3.0,-92.0,350.0,,-0.08702401305732899,0.16258426925672098,-1.0409634890548856,0.03333333333333333,-0.03333333333333333,-0.0
1742310634.502197,3.0,-92.0,350.0,,-0.10602401305732911,0.0735842692567209,-1.1986566601369946,0.06666666666666667,0.0,-0.03333333333333333
1742310634.5225081,3.0,-92.0,350.0,,-0.08702401305732899,0.10358426925672093,-0.9810677285145302,0.06666666666666667,0.0,-0.03333333333333333
1742310634.5427353,3.0,-92.0,350.0,,0.050975986942670914,0.12258426925672095,-0.7412707467794543,0.03333333333333333,-0.03333333333333333,-0.0
1742310634.562968,3.0,-92.0,350.0,,0.04097598694267113,0.10358426925672093,-0.8572266025690356,0.0,-0.06666666666666667,-0.0
1742310634.5847452,3.0,-92.0,350.0,,0.1389759869426701,0.054584269256720885,-1.1463838847062724,0.03333333333333333,-0.06666666666666667,-0.0
1742310634.6051075,3.0,-92.0,350.0,,0.15897598694266968,0.0645842692567209,-1.3567677921294523,0.1,0.0,-0.0
1742310634.6253786,3.0,-92.0,350.0,,0.0999759869426704,0.171584269256721,-0.7194720876198719,0.06666666666666667,0.03333333333333333,-0.0
1742310634.6455908,3.0,-92.0,350.0,,0.0999759869426704,0.171584269256721,-0.7194720876198719,0.06666666666666667,0.03333333333333333,-0.0
1742310634.6658447,3.0,-92.0,350.0,,0.0999759869426704,0.171584269256721,-0.7194720876198719,0.06666666666666667,0.03333333333333333,-0.0
1742310634.686362,3.0,-92.0,350.0,,0.06997598694267104,0.0645842692567209,-1.2654977770141662,0.06666666666666667,-0.03333333333333333,-0.0
1742310634.7067711,3.0,-92.0,350.0,,0.06997598694267104,0.0645842692567209,-1.2654977770141662,0.06666666666666667,-0.03333333333333333,-0.0
1742310634.7271156,3.0,-92.0,350.0,,-0.0380240130573295,0.13258426925672095,-0.9005657576126805,0.03333333333333333,0.03333333333333333,-0.0
1742310634.7472997,3.0,-92.0,350.0,,-0.1260240130573287,0.13258426925672095,-0.7861320210828613,0.03333333333333333,-0.06666666666666667,-0.0
1742310634.7675126,3.0,-92.0,350.0,,-0.1260240130573287,0.13258426925672095,-0.7861320210828613,0.03333333333333333,-0.06666666666666667,-0.0
1742310634.787745,3.0,-92.0,349.0,,0.03097598694267134,0.11358426925672094,-1.0349169752967537,0.03333333333333333,-0.1,-0.0
1742310634.8082852,3.0,-92.0,349.0,,-0.10602401305732911,0.12258426925672095,-0.8836729799918475,0.06666666666666667,0.0,-0.0
1742310634.828486,3.0,-92.0,349.0,,-0.10602401305732911,0.12258426925672095,-0.8836729799918475,0.06666666666666667,0.0,-0.0
1742310634.8489597,3.0,-92.0,349.0,,-0.0380240130573295,0.13258426925672095,-0.8425847670130644,0.06666666666666667,-0.03333333333333333,-0.0
1742310634.8693578,3.0,-92.0,349.0,,0.32497598694267005,0.13258426925672095,-1.0572708853971107,0.03333333333333333,-0.03333333333333333,-0.0
1742310634.8895683,3.0,-92.0,349.0,,0.32497598694267005,0.13258426925672095,-1.0572708853971107,0.03333333333333333,-0.03333333333333333,-0.0
1742310634.9100857,3.0,-92.0,349.0,,0.04097598694267113,0.09358426925672092,-0.8572534246368391,0.03333333333333333,0.0,-0.0
1742310634.9302745,3.0,-92.0,350.0,,-0.02802401305732971,0.10358426925672093,-0.66430229311541,0.03333333333333333,-0.03333333333333333,-0.0
1742310634.9504907,3.0,-92.0,350.0,,-0.02802401305732971,0.10358426925672093,-0.66430229311541,0.03333333333333333,-0.03333333333333333,-0.0
1742310634.970932,3.0,-92.0,349.0,,0.01097598694266999,0.12258426925672095,-0.7228140618993719,0.06666666666666667,-0.03333333333333333,-0.0
1742310634.99115,4.0,-91.0,349.0,,-0.08150588948419824,-0.06731100742986929,-0.746149334419721,0.1,-0.03333333333333333,-0.0
1742310635.0114183,4.0,-91.0,349.0,,-0.08150588948419824,-0.06731100742986929,-0.746149334419721,0.1,-0.03333333333333333,-0.0
1742310635.0315876,4.0,-91.0,349.0,,-0.002505889484199386,0.010688992570130673,-0.6451493709716815,0.0,-0.03333333333333333,-0.0
1742310635.053355,4.0,-91.0,349.0,,-0.051505889484198875,-0.03831100742986926,-0.7249226410802159,0.0,-0.03333333333333333,-0.0
1742310635.0738328,4.0,-91.0,349.0,,-0.051505889484198875,-0.03831100742986926,-0.7249226410802159,0.0,-0.03333333333333333,-0.0
1742310635.0940518,4.0,-91.0,349.0,,0.09549411051580137,-0.008311007429869233,-0.9339388394959505,0.06666666666666667,0.0,-0.0
1742310635.1145363,4.0,-91.0,349.0,,0.13449411051580107,-0.02831100742986925,-0.8529342744619945,0.06666666666666667,0.03333333333333333,-0.0
1742310635.1347318,4.0,-91.0,349.0,,0.10449411051580171,0.010688992570130673,-0.6794179711704817,0.06666666666666667,0.0,-0.0
1742310635.1553419,4.0,-91.0,349.0,,0.065494110515802,-0.008311007429869233,-0.6429866265047302,0.03333333333333333,-0.03333333333333333,-0.0
1742310635.175548,4.0,-91.0,349.0,,0.0754941105158018,-0.01831100742986924,-0.6804698948866644,0.06666666666666667,-0.03333333333333333,-0.0
1742310635.1957967,4.0,-91.0,349.0,,0.006494110515800955,0.03068899257013069,-0.6248560535750393,0.06666666666666667,-0.03333333333333333,-0.0
1742310635.2163928,4.0,-91.0,349.0,,0.04649411051580188,0.020688992570130682,-0.6813673238067719,0.03333333333333333,-0.03333333333333333,-0.0
1742310635.236613,4.0,-91.0,349.0,,0.065494110515802,-0.03831100742986926,-0.8558995514914496,0.03333333333333333,0.0,-0.0
1742310635.2571,4.0,-91.0,349.0,,0.065494110515802,-0.0873110074298693,-1.0131121078340926,0.06666666666666667,0.0,-0.0
1742310635.2772849,4.0,-91.0,349.0,,0.18349411051580233,-0.06731100742986929,-0.9498213860097273,0.06666666666666667,0.03333333333333333,-0.0
1742310635.2974837,4.0,-91.0,349.0,,0.2524941105158014,-0.057311007429869276,-0.8303453100280425,0.03333333333333333,0.03333333333333333,-0.0
1742310635.317799,4.0,-91.0,349.0,,0.2524941105158014,-0.10631100742986932,-1.0432455040637354,0.0,0.03333333333333333,-0.0
1742310635.3381708,4.0,-91.0,349.0,,0.2524941105158014,-0.11631100742986933,-1.4289693737933709,0.0,0.06666666666666667,-0.0
1742310635.358735,4.0,-91.0,350.0,,0.14449411051580086,-0.15531100742986925,-1.5710462178524103,0.0,0.03333333333333333,-0.0
1742310635.3789713,4.0,-91.0,350.0,,0.408494110515802,0.04968899257013071,-2.1610324510502257,-0.03333333333333333,-0.13333333333333333,0.06666666666666667
1742310635.3991745,4.0,-91.0,350.0,,0.9674941105158013,-1.0273110074298692,-1.3451093033164694,0.3,0.0,0.2
1742310635.4195309,4.0,-91.0,349.0,,1.1834941105158023,-0.6263110074298692,-2.219571570279643,0.9333333333333333,0.0,0.3333333333333333
1742310635.4423974,4.0,-92.0,345.0,,1.0799759869426708,-0.14631100742986924,-2.0059794963461375,1.1666666666666667,0.1,0.36666666666666664
1742310635.4626381,4.0,-92.0,343.0,,0.7369759869426709,0.2956889925701307,-1.8459541365377319,1.1333333333333333,0.16666666666666666,0.36666666666666664
1742310635.482848,4.0,-92.0,341.0,,0.5119759869426712,0.5506889925701308,-1.6537736890534234,0.9333333333333333,0.0,0.4
1742310635.5033607,5.0,-92.0,340.0,,0.4719759869426703,0.40900216364547337,-1.8850778796739398,0.6333333333333333,-0.2,0.4666666666666667
1742310635.5236478,5.0,-92.0,338.0,,0.3549759869426712,0.09500216364547331,-2.223445720333448,0.36666666666666664,-0.3333333333333333,0.43333333333333335
1742310635.543859,6.0,-92.0,338.0,,-0.09602401305732933,-0.31042422465568065,-1.5115947124367368,0.23333333333333334,-0.26666666666666666,0.3333333333333333
1742310635.564203,6.0,-91.0,337.0,,-0.5815058894841982,-0.15342422465568062,-1.1475575492900925,0.3,-0.16666666666666666,0.26666666666666666
1742310635.5844047,6.0,-91.0,337.0,,0.026494110515802305,0.07157577534431936,-1.4417791253171632,0.5,-0.3,0.36666666666666664
1742310635.6049554,7.0,-90.0,336.0,,0.3089999999999993,-0.019538258804496778,-0.5181419196467316,0.6,-0.5,0.43333333333333335
1742310635.629052,7.0,-90.0,335.0,,0.07399999999999984,0.05846174119550329,-0.5813690933087601,0.7,-0.4,0.4666666666666667
1742310635.6493163,8.0,-89.0,334.0,,0.5164941105158007,0.2517118795817579,0.048826382313148065,0.4666666666666667,0.7666666666666667,-0.13333333333333333
1742310635.6698644,8.0,-89.0,334.0,,0.5164941105158007,0.2517118795817579,0.048826382313148065,0.4666666666666667,0.7666666666666667,-0.13333333333333333
1742310635.6901069,8.0,-90.0,333.0,,-0.14200000000000124,0.9677118795817581,0.005482367309758762,-0.6666666666666666,0.0,0.13333333333333333
1742310635.7103248,8.0,-90.0,334.0,,-0.4060000000000006,0.42871187958175794,-0.008016813957873237,-0.7,-0.03333333333333333,0.26666666666666666
1742310635.733294,8.0,-90.0,334.0,,-0.4060000000000006,0.42871187958175794,-0.008016813957873237,-0.7,-0.03333333333333333,0.26666666666666666
1742310635.7534986,8.0,-90.0,335.0,,-0.8670000000000009,0.18271187958175794,-6.006892549817768e-16,0.0,-0.13333333333333333,0.36666666666666664
1742310635.7737162,9.0,-90.0,335.0,,-0.5440000000000005,0.004377897955335053,-0.006067815808275978,0.4,-0.1,0.3
1742310635.7939157,9.0,-90.0,335.0,,-0.23000000000000043,0.7493778979553349,0.01693505865097511,0.5333333333333333,-0.06666666666666667,0.26666666666666666
1742310635.8145952,9.0,-90.0,334.0,,-0.21000000000000085,1.1413778979553353,0.051936715681125456,0.3,-0.2,0.36666666666666664
1742310635.834999,10.0,-89.0,334.0,,-0.19950588948419856,0.7175113770874131,0.021793972537760053,-0.16666666666666666,-0.5666666666666667,0.4
1742310635.8555033,10.0,-89.0,334.0,,-0.03250588948419875,0.5905113770874133,0.05397900631823327,-0.2,-0.5,0.4
1742310635.8757122,11.0,-88.0,334.0,,-0.0770240130573292,0.34316375535609533,0.0723860469176194,-0.2,-0.16666666666666666,0.36666666666666664
1742310635.8959754,11.0,-88.0,334.0,,-0.9100240130573294,0.6181637553560957,-0.07203422251814962,-0.7333333333333333,0.13333333333333333,-0.03333333333333333
1742310635.9161649,11.0,-88.0,335.0,,-2.1660240130573296,-2.1368362446439044,-0.5186439630863822,-0.8666666666666667,-0.13333333333333333,-0.8
1742310635.9363751,10.0,-88.0,335.0,,-1.1950240130573295,0.3355113770874134,-0.03597886786302057,0.06666666666666667,-0.5333333333333333,-1.1333333333333333
1742310635.9566195,9.0,-88.0,336.0,,-1.3520240130573296,2.014377897955335,-0.28152531149845983,0.23333333333333334,-0.5666666666666667,-0.5666666666666667
1742310635.9768023,9.0,-87.0,335.0,,-1.118555735942369,1.7303778979553353,-0.3621809598349375,0.2,-0.5333333333333333,0.3
1742310635.9972818,9.0,-86.0,335.0,,-0.5491033330488762,0.25937789795533517,-0.5595382414790244,0.36666666666666664,-0.4666666666666667,0.4666666666666667
1742310636.017491,9.0,-86.0,335.0,,-1.147103333048877,3.034377897955335,-0.0009193356602752445,0.0,-0.2,0.26666666666666666
1742310636.037693,9.0,-85.0,335.0,,-1.3496699882800236,-0.12362210204466484,-0.18921689069459013,-1.2666666666666666,-0.23333333333333334,-0.2
1742310636.0580122,9.0,-85.0,336.0,,-1.624669988280024,-0.48662210204466483,-0.3359047873244658,0.16666666666666666,-0.5666666666666667,-0.2
1742310636.0816915,9.0,-85.0,336.0,,-0.21266998828002315,-1.3006221020446649,-0.01787840154903908,1.7333333333333334,-0.5333333333333333,0.3
1742310636.1019275,9.0,-84.0,334.0,,0.206740206437237,-0.26062210204466485,-4.793684037271396,2.6333333333333333,-0.4,0.6333333333333333
1742310636.1221144,9.0,-83.0,333.0,,-0.06887774760136978,-1.5736221020446648,-0.0004255694585909055,-1.0333333333333334,-0.6,-1.0666666666666667
1742310636.1423483,9.0,-83.0,333.0,,1.6471222523986313,-0.38862210204466496,0.2609713597582435,-3.3666666666666667,-0.03333333333333333,0.16666666666666666
1742310636.1625645,9.0,-83.0,336.0,,-0.0878777476013699,-0.9966221020446648,0.0009015539425738517,-4.3,-0.3,0.5666666666666667
1742310636.1829762,10.0,-83.0,340.0,,1.0591222523986303,0.04151137708741337,0.014116838224499773,-2.3333333333333335,-0.5666666666666667,-1.4333333333333333
1742310636.2035131,9.0,-83.0,344.0,,-0.46087774760136924,-0.0746221020446649,-0.047247440326862566,-1.8333333333333333,-0.7666666666666667,-0.6666666666666666
1742310636.2237442,9.0,-83.0,346.0,,-0.10787774760136948,0.769377897955335,-6.006892549817768e-16,-0.5333333333333333,-0.8333333333333334,-0.6
1742310636.243951,8.0,-82.0,347.0,,-0.634529754354805,2.516711879581758,0.00032330535006253047,-0.1,-0.23333333333333334,-0.5
1742310636.2641554,8.0,-82.0,348.0,,-0.47752975435480494,1.036711879581758,-0.01860946215819237,-1.1333333333333333,-0.2,0.5
1742310636.28437,8.0,-82.0,350.0,,0.00247024564519549,0.8207118795817578,0.013722843611917446,-1.2,-0.3,0.8
1742310636.3047392,9.0,-82.0,351.0,,-0.634529754354805,-0.05462210204466489,-0.07375429954725132,-0.4666666666666667,-0.1,-0.0
1742310636.3249474,9.0,-82.0,351.0,,0.8364702456451951,-0.4176221020446649,0.148631446720497,-0.03333333333333333,0.3,-1.1666666666666667
1742310636.345154,8.0,-82.0,352.0,,0.022470245645195064,0.10471187958175787,0.039964542360363176,0.7333333333333333,0.0,-1.8666666666666667
1742310636.3653364,4.0,-82.0,351.0,,0.6204702456451958,2.4526889925701307,0.029848715094896394,1.0333333333333334,-0.1,-1.2333333333333334
1742310636.3855536,4.0,-82.0,351.0,,0.6204702456451958,2.4526889925701307,0.029848715094896394,1.0333333333333334,-0.1,-1.2333333333333334
1742310636.4057665,3.0,-82.0,350.0,,-0.046529754354805775,3.3395842692567212,-0.24475769379602147,0.8,-0.1,-0.5
1742310636.425958,2.0,-82.0,349.0,,-0.09552975435480526,2.2456359373484656,0.013342152185078948,-0.06666666666666667,-0.13333333333333333,0.4666666666666667
1742310636.4469333,2.0,-82.0,349.0,,-0.09552975435480526,2.2456359373484656,0.013342152185078948,-0.06666666666666667,-0.13333333333333333,0.4666666666666667
1742310636.4671714,2.0,-82.0,349.0,,-0.3695297543548044,1.3826359373484656,-0.029155334393237142,-0.26666666666666666,-0.16666666666666666,0.26666666666666666
1742310636.4876242,3.0,-82.0,349.0,,-0.7625297543548051,2.113584269256721,-0.053311591408446546,0.0,-0.5333333333333333,-0.03333333333333333
1742310636.5078483,3.0,-82.0,349.0,,-0.7625297543548051,2.113584269256721,-0.053311591408446546,0.0,-0.5333333333333333,-0.03333333333333333
1742310636.5280688,3.0,-82.0,349.0,,0.5124702456451953,1.672584269256721,0.33616477817833523,0.16666666666666666,-1.0,-0.23333333333333334
1742310636.5484,2.0,-81.0,348.0,,-0.16822262123830178,3.0796359373484656,0.16166522344536194,1.4333333333333333,-0.8,-0.8
1742310636.568582,2.0,-81.0,348.0,,-0.16822262123830178,3.0796359373484656,0.16166522344536194,1.4333333333333333,-0.8,-0.8
1742310636.5904655,1.0,-78.0,347.0,,0.3083720368013658,0.8667918928502487,0.34798814271411294,-1.2333333333333334,-1.4333333333333333,0.5
1742310636.6116264,1.0,-76.0,349.0,,0.7183989252324743,1.2397918928502487,0.5550653905147636,-1.7333333333333334,-2.6,0.8666666666666667
1742310636.6320376,1.0,-76.0,349.0,,0.7183989252324743,1.2397918928502487,0.5550653905147636,-1.7333333333333334,-2.6,0.8666666666666667
1742310636.6522865,4.0,-72.0,352.0,,1.5941355751445432,0.10868899257013076,0.8187578684901866,-1.1,-1.3,0.8666666666666667
1742310636.6727586,6.0,-70.0,353.0,,0.6166153900902405,-0.08542422465568067,0.3462387386580219,-0.6666666666666666,-0.26666666666666666,0.5666666666666667
1742310636.6930382,6.0,-70.0,353.0,,0.6166153900902405,-0.08542422465568067,0.3462387386580219,-0.6666666666666666,-0.26666666666666666,0.5666666666666667
1742310636.713255,7.0,-70.0,354.0,,-1.4133846099097607,-0.06853825880449671,-0.48901681934690844,-0.5333333333333333,0.23333333333333334,0.16666666666666666
1742310636.733544,8.0,-70.0,354.0,,-1.64838460990976,-0.2192881204182422,-0.5205025903074887,-0.4,0.1,0.16666666666666666
1742310636.7542474,8.0,-71.0,355.0,,-1.4995372266292986,-0.19928812041824218,-0.3692463132473667,-0.26666666666666666,0.06666666666666667,0.06666666666666667
1742310636.7745056,8.0,-71.0,355.0,,-1.205537226629298,-0.2382881204182421,-0.27894161087908453,-0.2,0.1,-0.03333333333333333
1742310636.7959611,8.0,-72.0,355.0,,-0.9068644248554563,-0.30728812041824205,-0.19438247733052494,-0.06666666666666667,0.1,-0.13333333333333333
1742310636.816216,8.0,-72.0,355.0,,-0.5928644248554562,-0.41528812041824215,-0.14773696742736186,0.0,0.06666666666666667,-0.23333333333333334
1742310636.8367813,7.0,-73.0,355.0,,-0.40934965599737794,-0.26453825880449666,-0.11706133059907242,0.03333333333333333,0.03333333333333333,-0.2
1742310636.85993,7.0,-73.0,355.0,,-0.3113496559973772,-0.09853825880449674,-0.09781565593365271,0.06666666666666667,-0.03333333333333333,-0.13333333333333333
1742310636.8801072,7.0,-73.0,355.0,,-0.2523496559973779,0.0684617411955033,-0.07721809464994411,0.06666666666666667,-0.06666666666666667,-0.03333333333333333
1742310636.900307,7.0,-73.0,355.0,,-0.2913496559973776,0.18646174119550318,-0.07724916447340169,0.03333333333333333,-0.06666666666666667,-0.0
1742310636.9206052,7.0,-73.0,355.0,,-0.2723496559973775,0.24546174119550335,-0.06098799151825851,0.06666666666666667,-0.1,-0.0
1742310636.9409776,7.0,-73.0,355.0,,-0.2523496559973779,0.40146174119550326,-0.033218659124577776,0.13333333333333333,-0.1,0.03333333333333333
1742310636.9614189,7.0,-73.0,355.0,,-0.2913496559973776,0.5984617411955033,-0.01465044984688424,0.1,-0.06666666666666667,-0.0
1742310636.9816444,7.0,-73.0,355.0,,-0.2523496559973779,0.6764617411955034,0.02140049749162909,0.06666666666666667,-0.06666666666666667,-0.0
1742310637.0021198,7.0,-73.0,355.0,,-0.15434965599737716,0.7354617411955033,0.073432993395663,0.06666666666666667,0.0,-0.0
1742310637.0226324,7.0,-73.0,355.0,,0.03165034400262279,0.5884617411955033,0.11522926952888435,0.13333333333333333,0.13333333333333333,-0.03333333333333333
1742310637.0432036,7.0,-73.0,355.0,,0.10065034400262185,0.5684617411955033,0.12627866025871626,0.23333333333333334,0.23333333333333334,-0.1
1742310637.0635912,7.0,-73.0,354.0,,0.14965034400262311,0.7644617411955033,0.15716087510672816,0.2,0.3333333333333333,-0.13333333333333333
1742310637.083876,6.0,-74.0,354.0,,-0.1149772371549087,1.0525757753443192,0.07750487317442811,0.13333333333333333,0.3333333333333333,-0.06666666666666667
1742310637.104095,6.0,-75.0,354.0,,-0.30773235589576053,1.0725757753443192,0.019885555189174564,0.1,0.23333333333333334,-0.03333333333333333
1742310637.1243312,6.0,-75.0,354.0,,-0.4257323558957591,1.1605757753443193,-0.018805767217457525,0.06666666666666667,0.1,-0.0
1742310637.1445312,6.0,-75.0,353.0,,-0.4257323558957591,1.2095757753443193,-0.013838146006824203,0.03333333333333333,0.0,-0.06666666666666667
1742310637.1647854,6.0,-75.0,353.0,,-0.4257323558957591,1.2095757753443193,-0.013838146006824203,0.03333333333333333,0.0,-0.06666666666666667
1742310637.1850145,6.0,-76.0,353.0,,-0.2816010747675257,1.0525757753443192,0.03688735683989064,0.03333333333333333,0.0,-0.1
1742310637.2052336,6.0,-75.0,353.0,,-0.24873235589575948,0.8855757753443194,0.009434500322416994,0.1,0.0,-0.03333333333333333
1742310637.2257006,6.0,-75.0,353.0,,-0.24873235589575948,0.8855757753443194,0.009434500322416994,0.1,0.0,-0.03333333333333333
1742310637.2465427,6.0,-75.0,352.0,,-0.25873235589575927,0.8665757753443193,0.003141734194050727,0.1,0.03333333333333333,-0.03333333333333333
1742310637.2679448,7.0,-75.0,352.0,,-0.2877323558957592,0.6474617411955033,0.0062585128192846895,0.06666666666666667,0.0,-0.06666666666666667
1742310637.2881691,7.0,-75.0,352.0,,-0.2877323558957592,0.6474617411955033,0.0062585128192846895,0.06666666666666667,0.0,-0.06666666666666667
1742310637.3083684,7.0,-75.0,351.0,,-0.08173235589575967,0.39246174119550337,0.06568092567800266,0.06666666666666667,-0.03333333333333333,-0.03333333333333333
1742310637.328601,7.0,-75.0,351.0,,-0.20973235589575978,0.5094617411955034,0.03915796022675222,0.1,0.03333333333333333,-0.03333333333333333
1742310637.348803,7.0,-75.0,351.0,,-0.20973235589575978,0.5094617411955034,0.03915796022675222,0.1,0.03333333333333333,-0.03333333333333333
1742310637.369088,7.0,-74.0,351.0,,-0.38897723715490784,0.6764617411955034,-0.01883578108663242,0.03333333333333333,0.0,-0.03333333333333333
1742310637.389651,7.0,-74.0,351.0,,-0.30097723715490865,0.5684617411955033,-0.003920890174006875,0.0,-0.03333333333333333,-0.03333333333333333
1742310637.4125397,7.0,-74.0,351.0,,-0.30097723715490865,0.5684617411955033,-0.003920890174006875,0.0,-0.03333333333333333,-0.03333333333333333
1742310637.432748,8.0,-74.0,351.0,,-0.21297723715490768,0.349711879581758,0.016116975621268903,0.0,0.03333333333333333,-0.0
1742310637.453094,8.0,-74.0,351.0,,-0.29097723715490886,0.42871187958175794,-0.01118793300613996,0.03333333333333333,0.0,-0.0
1742310637.4732995,8.0,-74.0,351.0,,-0.29097723715490886,0.42871187958175794,-0.01118793300613996,0.03333333333333333,0.0,-0.0
1742310637.493879,8.0,-73.0,350.0,,-0.20334965599737664,0.5557118795817579,-0.004111372556243609,0.0,0.0,-0.06666666666666667
1742310637.5141404,8.0,-73.0,350.0,,-0.13434965599737758,0.5457118795817579,0.014824430483106443,0.0,0.0,-0.06666666666666667
1742310637.5344555,8.0,-73.0,350.0,,-0.13434965599737758,0.5457118795817579,0.014824430483106443,0.0,0.0,-0.06666666666666667
1742310637.5546517,9.0,-73.0,350.0,,0.002650344002622873,0.3083778979553351,0.04669660980407331,0.03333333333333333,0.0,-0.03333333333333333
1742310637.574846,9.0,-73.0,350.0,,-0.03634965599737683,0.2983778979553351,0.031423994195797,0.03333333333333333,0.0,-0.06666666666666667
1742310637.595015,9.0,-73.0,350.0,,-0.06634965599737797,0.33737789795533524,0.02224053048844965,0.0,0.0,-0.1
1742310637.6154096,9.0,-73.0,350.0,,-0.11534965599737745,0.347377897955335,0.016572811364371276,-0.03333333333333333,0.0,-0.13333333333333333
1742310637.6358569,9.0,-73.0,351.0,,0.10065034400262185,0.004377897955335053,0.0630629705450918,0.0,0.0,-0.1
1742310637.6560683,9.0,-73.0,351.0,,0.08065034400262228,0.02337789795533518,0.05665121960624786,0.1,0.1,-0.0
1742310637.6762538,9.0,-73.0,351.0,,-0.03634965599737683,0.08237789795533512,0.02094258087753964,0.1,0.06666666666666667,-0.0
1742310637.6964343,9.0,-73.0,350.0,,-0.10534965599737767,0.10237789795533514,0.004344435237625621,0.06666666666666667,0.0,0.03333333333333333
1742310637.7166214,8.0,-74.0,350.0,,-0.22297723715490747,0.349711879581758,-0.008120030978366444,0.03333333333333333,0.0,0.03333333333333333
1742310637.7368238,8.0,-74.0,349.0,,-0.22297723715490747,0.33071187958175785,-0.009079638352488484,0.06666666666666667,0.0,0.03333333333333333
1742310637.7570753,9.0,-74.0,349.0,,-0.2319772371549078,0.21937789795533513,-0.006941222223280974,0.1,0.0,0.03333333333333333
1742310637.7772753,9.0,-74.0,349.0,,-0.3209772371549082,0.26837789795533507,-0.026595422185732964,0.06666666666666667,0.03333333333333333,-0.0
1742310637.7974408,9.0,-74.0,349.0,,-0.46797723715490847,0.2783778979553351,-0.07154569088466234,0.0,0.03333333333333333,-0.0
1742310637.8176389,9.0,-74.0,349.0,,-0.31097723715490844,0.20037789795533523,-0.031245535587618,0.0,0.0,-0.0
1742310637.8379958,9.0,-74.0,349.0,,-0.17397723715490798,0.14137789795533506,0.0024093674296064016,0.03333333333333333,0.03333333333333333,-0.03333333333333333
1742310637.8582091,9.0,-74.0,349.0,,-0.1639772371549082,0.15137789795533507,0.005595237958115007,0.06666666666666667,0.03333333333333333,-0.03333333333333333
1742310637.878413,9.0,-73.0,349.0,,-0.0853496559973781,0.15137789795533507,0.015388176258567032,0.03333333333333333,0.0,-0.0
1742310637.898587,9.0,-73.0,349.0,,-0.07634965599737775,0.15137789795533507,0.014431481980809124,0.03333333333333333,0.0,-0.0
1742310637.9187758,9.0,-73.0,349.0,,-0.06634965599737797,0.12137789795533505,0.01238773889746625,0.03333333333333333,0.0,-0.0
1742310637.9390843,9.0,-73.0,349.0,,-0.09534965599737788,0.13137789795533505,0.0013646316873376918,0.06666666666666667,0.0,-0.0
1742310637.9592636,9.0,-73.0,349.0,,-0.07634965599737775,0.13137789795533505,0.009410379971016347,0.1,0.0,-0.0
1742310637.9794416,9.0,-73.0,349.0,,-0.05634965599737818,0.16137789795533508,0.019361538698016822,0.06666666666666667,0.0,-0.0
1742310637.9997592,9.0,-73.0,349.0,,-0.10534965599737767,0.20037789795533523,0.009108607720368589,0.03333333333333333,0.0,-0.0
1742310638.02022,10.0,-73.0,349.0,,-0.19334965599737686,0.0905113770874133,-0.010703937850380374,0.0,-0.03333333333333333,-0.0
1742310638.0423374,10.0,-73.0,349.0,,-0.18334965599737707,0.10951137708741321,-0.003813863813216134,0.03333333333333333,-0.1,-0.03333333333333333
1742310638.0625932,10.0,-73.0,349.0,,-0.06634965599737797,0.0905113770874133,0.030416756790074828,0.03333333333333333,-0.06666666666666667,-0.06666666666666667
1742310638.0838754,10.0,-73.0,349.0,,0.06165034400262215,0.03151137708741336,0.07432990849284593,0.0,0.03333333333333333,-0.06666666666666667
1742310638.1045542,10.0,-73.0,349.0,,0.002650344002622873,-0.027488622912586802,0.04900149253479302,0.0,0.03333333333333333,-0.03333333333333333
1742310638.1247802,10.0,-73.0,349.0,,0.01265034400262266,-0.017488622912586793,0.05017021122174192,0.0,0.0,-0.0
1742310638.1449952,10.0,-73.0,349.0,,0.01265034400262266,0.0015113770874133348,0.04340996480730119,0.03333333333333333,0.0,-0.0
1742310638.1653223,10.0,-73.0,349.0,,-0.3013496559973774,0.2075113770874133,-0.03651823956501232,0.03333333333333333,0.06666666666666667,0.03333333333333333
1742310638.1857111,10.0,-73.0,349.0,,-0.3013496559973774,0.2075113770874133,-0.03651823956501232,0.03333333333333333,0.06666666666666667,0.03333333333333333
1742310638.2061136,10.0,-73.0,349.0,,-0.223349655997378,0.12951137708741323,-0.023306068783901956,0.0,0.0,-0.0
1742310638.2263918,10.0,-73.0,349.0,,-0.06634965599737797,0.060511377087413276,0.015930128513479413,0.06666666666666667,0.0,-0.0
1742310638.2467585,10.0,-73.0,349.0,,-0.06634965599737797,0.060511377087413276,0.015930128513479413,0.06666666666666667,0.0,-0.0
1742310638.2669792,10.0,-73.0,349.0,,0.002650344002622873,-0.017488622912586793,0.0326154014306157,0.03333333333333333,0.06666666666666667,-0.0
1742310638.2871652,10.0,-73.0,349.0,,-0.15434965599737716,-0.007488622912586784,-0.014101206941837585,0.03333333333333333,0.0,-0.0
1742310638.3074,10.0,-73.0,349.0,,-0.15434965599737716,-0.007488622912586784,-0.014101206941837585,0.03333333333333333,0.0,-0.0
1742310638.3276129,10.0,-73.0,349.0,,-0.16434965599737694,0.011511377087413344,-0.017193106731284047,0.03333333333333333,0.0,-0.0
1742310638.347798,10.0,-73.0,349.0,,-0.14434965599737737,0.03151137708741336,-0.01031512470655116,0.06666666666666667,0.0,-0.0
1742310638.3686209,10.0,-73.0,349.0,,-0.14434965599737737,0.03151137708741336,-0.01031512470655116,0.06666666666666667,0.0,-0.0
1742310638.3888063,10.0,-73.0,349.0,,-0.10534965599737767,0.04151137708741337,0.006401637351532763,0.03333333333333333,0.0,-0.0
1742310638.4090211,10.0,-73.0,349.0,,-0.07634965599737775,0.03151137708741336,0.011902960775180382,0.06666666666666667,-0.03333333333333333,-0.0
1742310638.4292037,10.0,-73.0,349.0,,-0.07634965599737775,0.03151137708741336,0.011902960775180382,0.06666666666666667,-0.03333333333333333,-0.0
1742310638.4529145,10.0,-73.0,349.0,,-0.15434965599737716,0.10951137708741321,0.0015629804975696437,0.03333333333333333,0.0,-0.0
1742310638.4731483,10.0,-73.0,349.0,,-0.17434965599737673,0.11951137708741322,-0.004029460139762797,0.03333333333333333,0.0,-0.0
1742310638.4933841,10.0,-73.0,349.0,,-0.17434965599737673,0.11951137708741322,-0.004029460139762797,0.03333333333333333,0.0,-0.0
1742310638.5136003,10.0,-73.0,349.0,,-0.05634965599737818,0.03151137708741336,0.012376751091865312,0.06666666666666667,0.03333333333333333,-0.0
1742310638.5338573,10.0,-73.0,349.0,,-0.05634965599737818,0.03151137708741336,0.012376751091865312,0.1,0.03333333333333333,-0.0
1742310638.5544002,10.0,-73.0,349.0,,-0.12534965599737724,0.0905113770874133,0.0020101772366767356,0.03333333333333333,0.0,-0.0
1742310638.5748675,10.0,-73.0,349.0,,-0.11534965599737745,0.05051137708741327,0.0026241259205748158,0.0,-0.03333333333333333,-0.0
1742310638.5954053,10.0,-73.0,349.0,,0.002650344002622873,0.0015113770874133348,0.03183653379849716,0.03333333333333333,-0.03333333333333333,-0.0
1742310638.6159775,10.0,-73.0,349.0,,0.06165034400262215,-0.03748862291258681,0.04697134485651322,0.06666666666666667,0.0,-0.0
1742310638.6362803,10.0,-73.0,349.0,,-0.03634965599737683,0.03151137708741336,0.02230963920556306,0.1,0.03333333333333333,-0.0
1742310638.6566575,10.0,-73.0,349.0,,-0.07634965599737775,0.060511377087413276,0.014144639068166764,0.06666666666666667,0.03333333333333333,-0.0
1742310638.6776707,10.0,-73.0,349.0,,-0.13434965599737758,0.0995113770874132,0.0008874617893788184,0.03333333333333333,0.0,-0.0
1742310638.6983345,10.0,-73.0,349.0,,-0.13434965599737758,0.11951137708741322,0.0019205180438159886,0.03333333333333333,0.0,-0.0
1742310638.7185404,10.0,-73.0,349.0,,-0.07634965599737775,0.05051137708741327,0.015225458822222038,0.06666666666666667,0.0,-0.0
1742310638.7387466,10.0,-73.0,349.0,,-0.16434965599737694,0.12951137708741323,-0.0040008549040591035,0.1,0.0,-0.0
1742310638.7592494,10.0,-73.0,349.0,,-0.15434965599737716,0.0905113770874133,-0.0017946641180377476,0.06666666666666667,0.0,-0.0
1742310638.7794626,10.0,-73.0,349.0,,-0.10534965599737767,0.05051137708741327,0.007579914448945235,0.03333333333333333,0.0,-0.0
1742310638.79999,10.0,-73.0,349.0,,-0.09534965599737788,0.07051137708741329,0.012889174265009462,0.06666666666666667,0.0,-0.0
1742310638.8202047,10.0,-73.0,349.0,,-0.07634965599737775,0.021511377087413353,0.014635198572845454,0.06666666666666667,0.0,-0.0
1742310638.8429525,10.0,-73.0,349.0,,-0.12534965599737724,0.07051137708741329,0.0032944381011343893,0.06666666666666667,0.0,-0.0
1742310638.8631914,10.0,-73.0,349.0,,-0.16434965599737694,0.05051137708741327,-0.008790167762113388,0.03333333333333333,0.0,-0.0
1742310638.8833983,10.0,-73.0,349.0,,-0.14434965599737737,0.0015113770874133348,-0.008192311340894598,0.06666666666666667,0.0,-0.0
1742310638.9036105,10.0,-73.0,349.0,,-0.0853496559973781,0.0015113770874133348,0.008098274285561757,0.06666666666666667,0.0,-0.03333333333333333
1742310638.923793,10.0,-72.0,349.0,,-0.06386442485545629,0.03151137708741336,0.001684020723763613,0.06666666666666667,0.0,-0.03333333333333333
1742310638.9440165,10.0,-73.0,349.0,,-0.20334965599737664,0.0995113770874132,-0.02161243188297446,0.03333333333333333,0.0,-0.0
1742310638.9653091,10.0,-73.0,349.0,,-0.20334965599737664,0.0995113770874132,-0.02161243188297446,0.03333333333333333,0.0,-0.0
1742310638.9856067,10.0,-73.0,349.0,,-0.0853496559973781,0.04151137708741337,0.005419911769060981,0.06666666666666667,0.0,-0.03333333333333333
1742310639.0060532,10.0,-73.0,349.0,,-0.046349655997376615,0.011511377087413344,0.016378577088721702,0.06666666666666667,-0.03333333333333333,-0.06666666666666667
1742310639.0263805,10.0,-73.0,349.0,,-0.046349655997376615,0.011511377087413344,0.016378577088721702,0.06666666666666667,-0.03333333333333333,-0.06666666666666667
1742310639.046868,10.0,-73.0,349.0,,0.041650344002622575,-0.027488622912586802,0.042266313466766015,0.06666666666666667,0.0,-0.03333333333333333
1742310639.067078,10.0,-72.0,349.0,,0.09313557514454374,-0.05648862291258672,0.04463544457455226,0.03333333333333333,0.0,-0.03333333333333333
1742310639.0875068,10.0,-72.0,349.0,,0.16213557514454457,-0.09648862291258675,0.06571555850624078,0.06666666666666667,0.0,-0.0
1742310639.108231,10.0,-72.0,349.0,,0.11313557514454331,-0.06648862291258673,0.05515342204622664,0.06666666666666667,0.0,-0.0
1742310639.1284416,10.0,-72.0,349.0,,-0.02486442485545659,0.021511377087413353,0.024171496865055264,0.1,-0.03333333333333333,-0.0
1742310639.1486626,10.0,-72.0,349.0,,-0.02486442485545659,0.021511377087413353,0.024171496865055264,0.1,-0.03333333333333333,-0.0
1742310639.170751,10.0,-72.0,348.0,,-0.1418644248554557,0.04151137708741337,-0.009334146735222593,0.06666666666666667,-0.06666666666666667,-0.0
1742310639.191213,10.0,-72.0,348.0,,-0.1418644248554557,0.04151137708741337,-0.009334146735222593,0.06666666666666667,-0.06666666666666667,-0.0
1742310639.2122633,10.0,-72.0,348.0,,-0.15186442485545548,0.011511377087413344,-0.014454970260596056,0.06666666666666667,-0.03333333333333333,-0.0
1742310639.2348318,10.0,-72.0,348.0,,-0.22086442485545632,0.011511377087413344,-0.04121688953690317,0.06666666666666667,-0.1,-0.03333333333333333
1742310639.2550657,10.0,-72.0,348.0,,-0.053864424855456505,-0.06648862291258673,0.0027133129248451127,0.1,-0.06666666666666667,-0.06666666666666667
1742310639.2784796,10.0,-72.0,348.0,,-0.0928644248554562,-0.12548862291258667,-0.011937661359939788,0.1,-0.03333333333333333,-0.06666666666666667
1742310639.298674,10.0,-72.0,348.0,,-0.1318644248554559,-0.17448862291258682,-0.02944621465331343,0.16666666666666666,-0.06666666666666667,-0.1
1742310639.3189259,10.0,-72.0,348.0,,0.015135575144544333,-0.24348862291258677,0.011667896374605746,0.23333333333333334,-0.1,-0.1
1742310639.3391652,9.0,-72.0,348.0,,0.054135575144544035,0.004377897955335053,0.041576877738754625,0.2,-0.06666666666666667,-0.03333333333333333
1742310639.3594532,9.0,-71.0,348.0,,0.03946277337070114,0.03337789795533519,0.028669128978293212,0.1,-0.06666666666666667,-0.0
1742310639.379999,9.0,-71.0,348.0,,0.03946277337070114,0.013377897955335172,0.02586318341977467,0.1,-0.06666666666666667,-0.0
1742310639.4004767,9.0,-71.0,348.0,,0.020462773370701015,0.02337789795533518,0.02188666230612535,0.13333333333333333,-0.06666666666666667,-0.0
1742310639.4210145,9.0,-71.0,348.0,,-0.03853722662929826,0.10237789795533514,0.01479498245523958,0.1,-0.03333333333333333,-0.0
1742310639.4433684,9.0,-71.0,347.0,,-0.019537226629298132,0.03337789795533519,0.01881732713160522,0.06666666666666667,0.0,-0.0
1742310639.463638,9.0,-71.0,347.0,,-0.019537226629298132,-0.015622102044664965,0.011638284826538836,0.06666666666666667,0.0,-0.0
1742310639.483912,9.0,-71.0,347.0,,-0.06853722662929762,0.02337789795533518,0.001262503357505107,0.06666666666666667,0.0,-0.0
1742310639.5044818,9.0,-71.0,347.0,,-0.019537226629298132,0.013377897955335172,0.021844167054498875,0.06666666666666667,0.0,-0.0
1742310639.527641,9.0,-71.0,347.0,,0.010462773370701228,0.004377897955335053,0.03322387452759301,0.06666666666666667,0.0,-0.0
1742310639.547848,9.0,-71.0,347.0,,-0.028537226629298473,-0.025622102044664974,0.017344869260179863,0.06666666666666667,0.0,-0.0
1742310639.568038,9.0,-71.0,347.0,,-0.028537226629298473,-0.025622102044664974,0.017344869260179863,0.06666666666666667,0.0,-0.0
1742310639.5882487,9.0,-71.0,347.0,,-0.04853722662929805,-0.005622102044664956,0.008549049278193888,0.06666666666666667,0.03333333333333333,-0.0
1742310639.6087425,9.0,-71.0,347.0,,-0.08753722662929775,0.02337789795533518,-0.008721790964941523,0.03333333333333333,0.0,-0.0
1742310639.6291046,9.0,-71.0,347.0,,-0.08753722662929775,0.02337789795533518,-0.008721790964941523,0.03333333333333333,0.0,-0.0
1742310639.6497674,9.0,-71.0,347.0,,-0.019537226629298132,-0.03562210204466476,0.007860776966563954,0.06666666666666667,0.0,-0.0
1742310639.6703856,9.0,-71.0,347.0,,-0.028537226629298473,-0.015622102044664965,0.007170229003113704,0.06666666666666667,0.03333333333333333,-0.0
1742310639.6910543,9.0,-71.0,347.0,,-0.028537226629298473,-0.015622102044664965,0.007170229003113704,0.06666666666666667,0.03333333333333333,-0.0
1742310639.7113154,9.0,-71.0,347.0,,0.10846277337070198,-0.03562210204466476,0.04789879905060612,0.03333333333333333,0.0,-0.0
1742310639.7322867,9.0,-71.0,347.0,,0.08846277337070241,-0.015622102044664965,0.04414156621720133,0.03333333333333333,0.03333333333333333,-0.0
1742310639.7526567,9.0,-71.0,347.0,,0.08846277337070241,-0.015622102044664965,0.04414156621720133,0.03333333333333333,0.03333333333333333,-0.0
1742310639.7735105,9.0,-71.0,347.0,,0.08846277337070241,-0.015622102044664965,0.04414156621720133,0.03333333333333333,0.03333333333333333,-0.0
1742310639.7939808,9.0,-71.0,347.0,,-0.03853722662929826,0.013377897955335172,-0.001361688293656016,0.06666666666666667,0.03333333333333333,-0.0
1742310639.8145092,9.0,-72.0,347.0,,-0.06386442485545629,-0.005622102044664956,0.0007212897245514327,0.06666666666666667,0.06666666666666667,-0.0
1742310639.8351421,9.0,-72.0,347.0,,-0.1318644248554559,-0.025622102044664974,-0.02555648319153425,0.1,0.13333333333333333,-0.03333333333333333
1742310639.855351,9.0,-72.0,347.0,,-0.102864424855456,-0.04462210204466488,-0.02480673076164175,0.13333333333333333,0.1,-0.03333333333333333
1742310639.8755872,9.0,-72.0,347.0,,0.04413557514454425,-0.15262210204466498,0.012922667057913007,0.13333333333333333,0.06666666666666667,-0.0
1742310639.8959396,9.0,-72.0,347.0,,0.16213557514454457,-0.2906221020446649,0.03683118868682067,0.1,0.06666666666666667,-0.0
1742310639.9161718,9.0,-72.0,347.0,,0.03413557514454446,-0.24162210204466494,0.01019241164075435,0.1,0.1,-0.0
1742310639.9366324,9.0,-72.0,347.0,,0.03413557514454446,-0.24162210204466494,0.01019241164075435,0.1,0.1,-0.0
1742310639.9569805,9.0,-73.0,347.0,,-0.15434965599737716,-0.0746221020446649,-0.015453928941903783,0.16666666666666666,0.03333333333333333,-0.0
1742310639.9771962,9.0,-73.0,347.0,,-0.046349655997376615,-0.0746221020446649,0.017382170978530453,0.2,0.06666666666666667,-0.0
1742310639.9974077,9.0,-73.0,347.0,,-0.11534965599737745,0.05337789795533521,0.01876036895034705,0.16666666666666666,0.2,-0.03333333333333333
1742310640.019177,9.0,-73.0,346.0,,-0.18334965599737707,0.03337789795533519,0.0010628536824368595,0.13333333333333333,0.16666666666666666,-0.03333333333333333
1742310640.0398479,9.0,-73.0,346.0,,-0.17434965599737673,0.05337789795533521,-0.005329157555131303,0.13333333333333333,0.13333333333333333,-0.03333333333333333
1742310640.0604005,9.0,-73.0,346.0,,-0.05634965599737818,-0.05462210204466489,0.009589184852793586,0.1,0.1,-0.03333333333333333
1742310640.0806208,8.0,-73.0,346.0,,0.10065034400262185,0.06571187958175795,0.03514254235764547,0.1,0.13333333333333333,-0.06666666666666667
1742310640.10081,8.0,-73.0,346.0,,0.27765034400262323,0.05571187958175794,0.08002398400629174,0.1,0.36666666666666664,-0.1
1742310640.121201,8.0,-73.0,346.0,,0.13965034400262333,0.07571187958175796,0.03561051050677877,0.13333333333333333,0.5333333333333333,-0.1
1742310640.1460905,8.0,-76.0,341.0,,0.012398925232474767,-0.20928812041824219,0.0015181617627355593,0.16666666666666666,0.43333333333333335,-0.06666666666666667
1742310640.1663032,8.0,-76.0,341.0,,0.012398925232474767,-0.20928812041824219,0.0015181617627355593,0.16666666666666666,0.43333333333333335,-0.06666666666666667
1742310640.186485,8.0,-77.0,339.0,,0.23742966445684033,-0.42528812041824215,0.03469672330968665,0.26666666666666666,0.5333333333333333,-0.0
1742310640.2067082,8.0,-79.0,338.0,,0.11723733037841555,-0.2192881204182422,0.03662554811815344,0.4,1.0,0.03333333333333333
1742310640.227399,8.0,-79.0,338.0,,0.11723733037841555,-0.2192881204182422,0.03662554811815344,0.4,1.0,0.03333333333333333
1742310640.247703,8.0,-80.0,337.0,,-0.00196405704975966,-0.140288120418242,0.017630962130437133,0.26666666666666666,0.9,0.03333333333333333
1742310640.2679183,8.0,-83.0,335.0,,0.8041222523986313,-0.3662881204182421,0.12601028279621906,0.4666666666666667,1.5666666666666667,-0.1
1742310640.2881603,8.0,-83.0,335.0,,0.8041222523986313,-0.3662881204182421,0.12601028279621906,0.4666666666666667,1.5666666666666667,-0.1
1742310640.3083382,8.0,-83.0,335.0,,0.8041222523986313,-0.3662881204182421,0.12601028279621906,0.4666666666666667,1.5666666666666667,-0.1
1742310640.3285084,7.0,-87.0,333.0,,-0.09855573594236944,0.38246174119550336,0.004414300671902516,0.7666666666666667,2.8666666666666667,-0.5
1742310640.34883,7.0,-91.0,332.0,,0.12449411051580128,-0.12753825880449665,0.0032208269724590677,0.6333333333333333,2.7333333333333334,-0.5
1742310640.3693764,7.0,-94.0,332.0,,1.6078966669511239,-0.8535382588044966,-0.47253609103027716,0.9333333333333333,3.466666666666667,-0.6
1742310640.3896382,6.0,-98.0,331.0,,1.4834702456451954,-0.10442422465568058,-0.7696047594781814,1.4666666666666666,5.166666666666667,-0.9
1742310640.4100378,5.0,-103.0,329.0,,-0.7335703355431598,0.6250021636454733,-2.8381655184977923,1.3666666666666667,5.633333333333334,-1.0
1742310640.4304504,5.0,-108.0,328.0,,-1.6228644248554582,0.4480021636454733,-5.832844449831168,0.9666666666666667,4.7,-0.8666666666666667
1742310640.4523137,4.0,-114.0,326.0,,-0.7158809394739141,0.08968899257013074,-7.712778094813995,0.6666666666666666,3.8666666666666667,-0.6333333333333333
1742310640.4725037,4.0,-118.0,325.0,,-0.4447158859460725,0.0406889925701307,-9.23407922199225,0.6333333333333333,3.6333333333333333,-0.6
1742310640.4927104,3.0,-126.0,324.0,,-0.19045671481823412,0.04458426925672099,-11.612269932946013,0.7666666666666667,3.566666666666667,-0.6666666666666666
1742310640.5129128,3.0,-130.0,323.0,,-0.4058959869971748,0.22058426925672092,-12.607786379983096,0.7666666666666667,3.533333333333333,-0.6333333333333333
1742310640.53314,3.0,-130.0,323.0,,-0.4058959869971748,0.22058426925672092,-12.607786379983096,0.7666666666666667,3.533333333333333,-0.6333333333333333
1742310640.553626,3.0,-136.0,321.0,,-0.411598614202763,-0.23941573074327904,-14.861221049364403,0.6333333333333333,2.8333333333333335,-0.3
1742310640.5740201,4.0,-139.0,321.0,,-0.22893907439687666,-0.29331100742986926,-15.30093691198407,0.7666666666666667,2.933333333333333,-0.13333333333333333
1742310640.5944152,4.0,-142.0,320.0,,-0.5196390729447096,0.010688992570130673,-16.094986439361165,0.7333333333333333,2.8666666666666667,-0.06666666666666667
1742310640.614903,4.0,-145.0,320.0,,-0.4207848406037602,0.05968899257013072,-16.656006260788914,0.6333333333333333,2.6666666666666665,-0.03333333333333333
1742310640.6360161,5.0,-147.0,320.0,,0.12809106650258162,-0.1789978363545266,-16.58087070623575,0.6333333333333333,2.8333333333333335,-0.03333333333333333
1742310640.6562774,6.0,-150.0,319.0,,0.26200000000000045,-0.026424224655680617,-16.554066159471603,0.8,3.566666666666667,-0.1
1742310640.6764958,6.0,-154.0,319.0,,0.052579049999151195,0.18957577534431946,-16.873486241716456,0.8666666666666667,4.266666666666667,-0.2
1742310640.6967256,7.0,-158.0,318.0,,-1.1948906814100995,0.6274617411955032,-17.82504886707482,0.8333333333333334,4.4,-0.26666666666666666
1742310640.7169456,8.0,-162.0,318.0,,-1.9434567148182351,0.3987118795817579,-18.88035520454313,0.5666666666666667,3.7666666666666666,-0.23333333333333334
1742310640.7373123,8.0,-167.0,318.0,,-1.8647698431133177,0.11471187958175788,-19.389835149758234,0.23333333333333334,3.0,-0.03333333333333333
1742310640.7575583,9.0,-170.0,318.0,,-1.606488622912586,-0.40762210204466487,-19.62025344974382,0.26666666666666666,2.5,0.1
1742310640.7781253,9.0,-173.0,318.0,,-2.0095382588044974,-0.12362210204466484,-20.246133525965227,0.5333333333333333,1.9333333333333333,-0.0
1742310640.8010411,9.0,-175.0,318.0,,-1.962997836354527,0.02337789795533518,-20.03184612874427,0.5666666666666667,1.3666666666666667,-0.06666666666666667
1742310640.8224556,10.0,-177.0,318.0,,-1.6414157307432786,0.05051137708741327,-19.859946617669834,0.5666666666666667,0.9,-0.03333333333333333
1742310640.8426764,11.0,-178.0,318.0,,-1.0773640626515362,0.21616375535609555,-19.364742981847378,0.36666666666666664,0.4666666666666667,0.03333333333333333
1742310640.8629806,11.0,-179.0,318.0,,-0.35720810714975054,0.36316375535609535,-19.13174859024193,0.3,0.36666666666666664,0.06666666666666667
1742310640.8832014,11.0,180.0,318.0,,-0.19599999999999881,0.4811637553560957,-19.05315410317601,0.26666666666666666,0.5333333333333333,-0.0
1742310640.9034355,12.0,179.0,318.0,,-0.45679189285024946,0.30338631307778074,-19.120610520648523,0.23333333333333334,0.5333333333333333,-0.03333333333333333
1742310640.9236703,12.0,179.0,318.0,,-0.6717918928502494,0.33238631307778066,-19.10938454078321,0.16666666666666666,0.3,-0.0
1742310640.9441955,12.0,179.0,318.0,,-0.6817918928502494,0.4013863130777806,-19.06174171962597,0.06666666666666667,0.0,0.03333333333333333
1742310640.9648397,12.0,179.0,318.0,,-0.3777918928502495,0.3223863130777809,-19.048713433156482,0.03333333333333333,-0.16666666666666666,-0.0
1742310640.9850938,12.0,179.0,318.0,,-0.5637918928502494,0.18538631307778086,-19.087958581264672,0.03333333333333333,0.0,-0.0
1742310641.0059147,12.0,179.0,318.0,,-0.5637918928502494,0.18538631307778086,-19.087958581264672,0.03333333333333333,0.0,-0.0
1742310641.0264616,12.0,179.0,318.0,,-0.7207918928502495,0.08738631307778055,-19.076335438508227,-0.06666666666666667,-0.16666666666666666,-0.0
1742310641.0490181,12.0,179.0,318.0,,-0.2897918928502495,-0.1386136869222192,-19.07927364729032,0.0,-0.23333333333333334,-0.03333333333333333
1742310641.069416,12.0,179.0,318.0,,-0.2897918928502495,-0.1386136869222192,-19.07927364729032,0.0,-0.23333333333333334,-0.03333333333333333
1742310641.0895987,12.0,180.0,318.0,,-0.5489999999999988,-0.059613686922219244,-19.21257033482741,0.0,-0.13333333333333333,-0.0
1742310641.1097808,12.0,-179.0,318.0,,-0.6022081071497505,-0.1386136869222192,-19.24396771145382,-0.06666666666666667,-0.13333333333333333,-0.0
1742310641.1299555,12.0,-179.0,318.0,,-0.6022081071497505,-0.1386136869222192,-19.24396771145382,-0.06666666666666667,-0.13333333333333333,-0.0
1742310641.1501498,11.0,-179.0,318.0,,-0.7302081071497506,-0.009836244643904424,-19.327019761670638,-0.03333333333333333,-0.13333333333333333,-0.0
1742310641.170362,11.0,180.0,318.0,,-0.5299999999999988,-0.05883624464390458,-19.418211034604177,0.0,-0.13333333333333333,-0.0
1742310641.190606,11.0,180.0,318.0,,-0.5299999999999988,-0.05883624464390458,-19.418211034604177,0.0,-0.13333333333333333,-0.0
1742310641.2108424,11.0,-179.0,318.0,,-0.5142081071497506,-0.08783624464390449,-19.390921907898935,0.03333333333333333,-0.1,-0.0
1742310641.2312665,11.0,-179.0,318.0,,-0.4552081071497505,-0.04883624464390457,-19.37549770568465,0.06666666666666667,-0.03333333333333333,-0.0
1742310641.2514832,11.0,-179.0,318.0,,-0.4552081071497505,-0.04883624464390457,-19.37549770568465,0.06666666666666667,-0.03333333333333333,-0.0
1742310641.2716954,11.0,-179.0,318.0,,-0.49520810714975055,0.09816375535609545,-19.213876080580107,0.2,0.03333333333333333,-0.0
1742310641.2919347,11.0,180.0,318.0,,-0.3819999999999988,0.16716375535609562,-19.198081187156006,0.16666666666666666,0.0,-0.0
1742310641.3121545,11.0,180.0,318.0,,-0.3819999999999988,0.16716375535609562,-19.198081187156006,0.16666666666666666,0.0,-0.0
1742310641.332361,11.0,180.0,319.0,,-0.2259999999999988,0.06916375535609554,-19.212871398145488,0.06666666666666667,-0.1,0.03333333333333333
1742310641.354193,11.0,180.0,319.0,,-0.41199999999999876,0.1771637553560954,-19.26695040534231,0.1,-0.03333333333333333,-0.0
1742310641.374665,11.0,180.0,319.0,,-0.41199999999999876,0.1771637553560954,-19.26695040534231,0.1,-0.03333333333333333,-0.0
1742310641.39564,12.0,180.0,319.0,,-0.5689999999999987,0.14638631307778072,-19.117646377522895,0.0,-0.16666666666666666,-0.06666666666666667
1742310641.4162657,11.0,-179.0,319.0,,-0.5932081071497506,0.1571637553560954,-19.1786587331529,-0.1,-0.26666666666666666,-0.06666666666666667
1742310641.4365346,11.0,-179.0,319.0,,-0.2692081071497505,-0.02883624464390455,-19.15172598473279,-0.03333333333333333,-0.16666666666666666,-0.0
1742310641.4569206,11.0,-179.0,319.0,,-0.30820810714975055,0.06916375535609554,-19.255022056860515,0.03333333333333333,-0.06666666666666667,-0.0
1742310641.4773362,11.0,-178.0,319.0,,-0.5283640626515362,0.1571637553560954,-19.247340511794775,0.03333333333333333,-0.06666666666666667,-0.06666666666666667
1742310641.5028372,11.0,-178.0,319.0,,-0.5383640626515362,0.10816375535609546,-19.27662927312695,0.0,-0.16666666666666666,-0.06666666666666667
1742310641.523061,11.0,-178.0,319.0,,-0.34236406265153624,-0.07783624464390448,-19.29371472280634,-0.03333333333333333,-0.2,-0.03333333333333333
1742310641.5433435,11.0,-178.0,319.0,,-0.24536406265153624,-0.15683624464390444,-19.296842352441157,0.03333333333333333,-0.03333333333333333,-0.0
1742310641.563595,11.0,-178.0,319.0,,-0.4993640626515362,-0.04883624464390457,-19.317236872719597,0.06666666666666667,0.0,-0.03333333333333333
1742310641.584419,11.0,-178.0,319.0,,-0.5193640626515362,0.02016375535609538,-19.090350137751955,0.13333333333333333,0.0,-0.1
1742310641.604631,11.0,-178.0,319.0,,-0.5193640626515362,0.02016375535609538,-19.090350137751955,0.13333333333333333,0.0,-0.1
1742310641.6249175,11.0,-178.0,319.0,,-0.4993640626515362,0.11816375535609547,-19.153512797886194,0.06666666666666667,0.0,-0.06666666666666667
1742310641.646184,11.0,-178.0,319.0,,-0.23536406265153625,-0.07783624464390448,-19.251793022382696,-0.03333333333333333,0.0,-0.0
1742310641.6663916,11.0,-178.0,319.0,,-0.23536406265153625,-0.07783624464390448,-19.251793022382696,-0.03333333333333333,0.0,-0.0
1742310641.686949,11.0,-178.0,319.0,,-0.3233640626515362,-0.009836244643904424,-19.332017662867944,0.06666666666666667,0.06666666666666667,-0.0
1742310641.710307,11.0,-178.0,319.0,,-0.34236406265153624,0.04916375535609552,-19.361481960288593,0.0,0.0,0.03333333333333333
1742310641.730512,11.0,-178.0,319.0,,-0.34236406265153624,0.04916375535609552,-19.361481960288593,0.0,0.0,0.03333333333333333
1742310641.750868,11.0,-178.0,319.0,,-0.5873640626515362,-0.04883624464390457,-19.53874315394859,0.0,0.03333333333333333,-0.0
1742310641.771136,11.0,-178.0,319.0,,-0.6753640626515363,-0.11783624464390452,-19.567670168370654,0.0,-0.03333333333333333,-0.0
1742310641.7913563,11.0,-178.0,319.0,,-0.6753640626515363,-0.11783624464390452,-19.567670168370654,0.0,-0.03333333333333333,-0.0
1742310641.8115382,10.0,-178.0,319.0,,-0.4893640626515362,0.2075113770874133,-19.392363234666945,0.03333333333333333,-0.1,-0.0
1742310641.8322723,10.0,-178.0,319.0,,-0.3813640626515362,0.2275113770874133,-19.268190754627874,0.0,-0.13333333333333333,-0.0
1742310641.852461,10.0,-178.0,319.0,,-0.3813640626515362,0.2275113770874133,-19.268190754627874,0.0,-0.13333333333333333,-0.0
1742310641.872703,10.0,-178.0,319.0,,-0.27436406265153623,0.11951137708741322,-19.379230708835017,0.0,-0.13333333333333333,-0.03333333333333333
1742310641.8934517,10.0,-178.0,319.0,,-0.10836406265153622,0.011511377087413344,-19.42545813926786,0.0,-0.13333333333333333,-0.03333333333333333
1742310641.91404,10.0,-178.0,319.0,,-0.10836406265153622,0.011511377087413344,-19.42545813926786,0.0,-0.13333333333333333,-0.03333333333333333
1742310641.9342644,10.0,-177.0,319.0,,-0.39641573074327874,0.12951137708741323,-19.427644904464465,0.0,-0.1,-0.03333333333333333
1742310641.9544814,10.0,-177.0,319.0,,-0.40641573074327875,0.0905113770874133,-19.413994544045114,-0.06666666666666667,-0.3,-0.0
1742310641.9748986,10.0,-177.0,319.0,,-0.14141573074327873,-0.11548862291258666,-19.472792860503542,-0.06666666666666667,-0.36666666666666664,-0.0
1742310641.9950974,10.0,-177.0,319.0,,-0.04341573074327876,-0.13548862291258668,-19.482109342880936,0.0,-0.2,-0.0
1742310642.0158763,10.0,-176.0,320.0,,-0.4403110074298714,-0.09648862291258675,-19.493184598201346,0.03333333333333333,-0.13333333333333333,-0.0
1742310642.0385697,10.0,-176.0,320.0,,-0.5773110074298714,0.0015113770874133348,-19.429265767179615,0.03333333333333333,-0.26666666666666666,-0.0
1742310642.058791,9.0,-175.0,320.0,,-0.6889978363545269,0.19037789795533522,-19.435406138125394,-0.06666666666666667,-0.5333333333333333,-0.0
1742310642.0792487,9.0,-175.0,320.0,,-0.20899783635452696,-0.0646221020446649,-19.345440088504958,-0.06666666666666667,-0.6333333333333333,0.03333333333333333
1742310642.1008892,9.0,-174.0,320.0,,-0.06542422465568332,-0.0646221020446649,-19.279884541091235,0.0,-0.4,-0.0
1742310642.1219382,9.0,-173.0,321.0,,-0.4905382588044974,0.09237789795533513,-19.215824257412848,0.03333333333333333,0.0,-0.06666666666666667
1742310642.1421428,9.0,-172.0,321.0,,-1.111288120418241,0.10237789795533514,-19.44811605584455,-0.03333333333333333,-0.06666666666666667,-0.13333333333333333
1742310642.1623554,9.0,-172.0,321.0,,-0.954288120418241,-0.0646221020446649,-19.48903858713312,-0.16666666666666666,-0.43333333333333335,-0.06666666666666667
1742310642.1838849,9.0,-171.0,321.0,,-0.584622102044666,-0.04462210204466488,-19.36870075048156,-0.1,-0.5666666666666667,-0.06666666666666667
1742310642.2041223,8.0,-170.0,321.0,,-0.44948862291258607,0.19271187958175795,-19.285012167827226,-0.06666666666666667,-0.5333333333333333,-0.1
1742310642.2243135,8.0,-170.0,322.0,,-0.3604886229125861,0.1537118795817578,-19.259756185739995,-0.1,-0.4666666666666667,-0.1
1742310642.244953,8.0,-168.0,322.0,,-0.6776136869222187,0.04571187958175793,-19.364267451585818,-0.13333333333333333,-0.5666666666666667,-0.06666666666666667
1742310642.2651594,8.0,-168.0,322.0,,-0.6776136869222187,0.04571187958175793,-19.364267451585818,-0.13333333333333333,-0.5666666666666667,-0.06666666666666667
1742310642.2853725,7.0,-168.0,321.0,,-0.7066136869222188,0.2054617411955033,-19.430628264342985,-0.13333333333333333,-0.7666666666666667,-0.03333333333333333
1742310642.3057623,7.0,-166.0,322.0,,-0.4032537958327407,0.12746174119550324,-19.39239911890227,-0.1,-0.9333333333333333,-0.03333333333333333
1742310642.3260522,7.0,-166.0,322.0,,-0.4032537958327407,0.12746174119550324,-19.39239911890227,-0.1,-0.9333333333333333,-0.03333333333333333
1742310642.346581,6.0,-165.0,322.0,,-0.5880148324557313,0.2775757753443193,-19.377257747227915,-0.16666666666666666,-0.9333333333333333,-0.06666666666666667
1742310642.3667884,6.0,-162.0,322.0,,-0.7084567148182352,-0.036424224655680626,-19.211731954038534,-0.13333333333333333,-1.1666666666666667,-0.1
1742310642.3874695,6.0,-162.0,322.0,,-0.7084567148182352,-0.036424224655680626,-19.211731954038534,-0.13333333333333333,-1.1666666666666667,-0.1
1742310642.4090574,6.0,-161.0,322.0,,-0.5858235952247064,-0.10442422465568058,-19.036240437506173,-0.03333333333333333,-1.1333333333333333,-0.13333333333333333
1742310642.4292655,5.0,-158.0,322.0,,-0.45889068141009925,0.007002163645473347,-18.399931480298626,-0.06666666666666667,-1.1333333333333333,-0.2
1742310642.449558,5.0,-158.0,322.0,,-0.45889068141009925,0.007002163645473347,-18.399931480298626,-0.06666666666666667,-1.1333333333333333,-0.2
1742310642.4697583,5.0,-156.0,322.0,,-0.3720864685736025,0.14400216364547336,-17.715619665790946,-0.06666666666666667,-0.4666666666666667,-0.3333333333333333
1742310642.4900968,4.0,-155.0,322.0,,-1.2048851476762623,0.3736889925701308,-18.23596841942031,-0.16666666666666666,-0.7666666666666667,-0.3333333333333333
1742310642.5105946,4.0,-155.0,322.0,,-1.2048851476762623,0.3736889925701308,-18.23596841942031,-0.16666666666666666,-0.7666666666666667,-0.3333333333333333
1742310642.5308065,4.0,-152.0,322.0,,-0.5955160309295886,0.0006889925701307753,-17.84910059202973,-0.26666666666666666,-1.6666666666666667,-0.3
1742310642.5510414,3.0,-150.0,322.0,,-0.28699999999999903,0.09358426925672092,-17.33389471784423,-0.3,-1.6333333333333333,-0.3333333333333333
1742310642.5714188,3.0,-150.0,322.0,,-0.28699999999999903,0.09358426925672092,-17.33389471784423,-0.3,-1.6333333333333333,-0.3333333333333333
1742310642.5919535,2.0,-145.0,322.0,,-0.675784840603761,-0.0783640626515345,-17.280094288099207,-0.3333333333333333,-1.8333333333333333,-0.36666666666666664
1742310642.6125143,1.0,-143.0,322.0,,-0.893805377121593,-0.0052081071497512565,-17.22115085314846,-0.3,-2.066666666666667,-0.4
1742310642.6327052,1.0,-143.0,322.0,,-0.893805377121593,-0.0052081071497512565,-17.22115085314846,-0.3,-2.066666666666667,-0.4
1742310642.6535172,1.0,-141.0,322.0,,-1.0556330361989046,-0.14320810714975127,-16.99236045529579,-0.23333333333333334,-2.3666666666666667,-0.36666666666666664
1742310642.6743104,0.0,-135.0,323.0,,-0.690717523440032,-0.216,-15.958985687116071,-0.3,-2.8,-0.36666666666666664
1742310642.6954143,0.0,-132.0,323.0,,-0.3282507379332378,-0.441,-14.783994842024587,-0.13333333333333333,-2.6,-0.3333333333333333
1742310642.719229,0.0,-129.0,323.0,,-0.5538018818928858,-0.206,-14.106372392652485,-0.03333333333333333,-2.3666666666666667,-0.36666666666666664
1742310642.7394469,-1.0,-126.0,323.0,,-0.8374567148182344,0.014208107149751265,-13.41253644537447,-0.1,-2.3666666666666667,-0.4
1742310642.7596223,-1.0,-123.0,323.0,,-1.1283582715446094,-0.03479189285024872,-12.832056009447264,-0.23333333333333334,-2.566666666666667,-0.4
1742310642.7798924,-1.0,-120.0,323.0,,-1.0047092111253448,-0.36779189285024877,-11.932377334178485,-0.26666666666666666,-2.966666666666667,-0.26666666666666666
1742310642.8001175,-2.0,-117.0,323.0,,-0.08277400228788956,-0.4226359373484655,-10.280997285345503,-0.13333333333333333,-2.8,-0.16666666666666666
1742310642.8239777,-2.0,-114.0,324.0,,-0.17588093947391492,-0.1776359373484655,-9.435510261735146,-0.06666666666666667,-2.2666666666666666,-0.3
1742310642.8443928,-2.0,-112.0,324.0,,-0.7706736133001861,-0.08863593734846548,-9.03718452382729,-0.13333333333333333,-2.066666666666667,-0.4
1742310642.8646488,-3.0,-109.0,324.0,,-1.205537226629298,-0.172584269256721,-8.564187923802766,-0.26666666666666666,-2.5,-0.3
1742310642.8849356,-3.0,-107.0,324.0,,-0.2813496559973796,-0.820584269256721,-7.553388260001796,-0.2,-2.8666666666666667,-0.13333333333333333
1742310642.9051642,-3.0,-101.0,325.0,,-0.2357626696215842,-0.4675842692567209,-5.313542551190483,0.06666666666666667,-1.9666666666666666,-0.3
1742310642.925399,-3.0,-101.0,325.0,,-0.2357626696215842,-0.4675842692567209,-5.313542551190483,0.06666666666666667,-1.9666666666666666,-0.3
1742310642.9456425,-3.0,-99.0,325.0,,-0.7662226212383025,-0.4475842692567209,-4.527627763372843,-0.03333333333333333,-2.2,-0.3
1742310642.9661152,-4.0,-93.0,325.0,,0.4204442640576307,-0.7086889925701307,-2.4015955816377113,-0.06666666666666667,-2.6,-0.0
1742310642.9866312,-4.0,-93.0,325.0,,0.4204442640576307,-0.7086889925701307,-2.4015955816377113,-0.06666666666666667,-2.6,-0.0
1742310643.0068817,-4.0,-91.0,326.0,,0.5164941105158007,-0.4046889925701307,-1.3889928120655985,0.0,-2.1333333333333333,-0.0
1742310643.027635,-4.0,-86.0,326.0,,-0.5101033330488765,-0.18868899257013072,-6.006892549817768e-16,-0.16666666666666666,-2.3,-0.1
1742310643.0488791,-4.0,-86.0,326.0,,-0.5101033330488765,-0.18868899257013072,-6.006892549817768e-16,-0.16666666666666666,-2.3,-0.1
1742310643.0692887,-4.0,-84.0,326.0,,0.029740206437237404,-0.5316889925701307,0.0019196926128297598,-0.2,-2.6333333333333333,-0.0
1742310643.0901697,-3.0,-79.0,327.0,,0.352237330378415,-0.790584269256721,0.04141058490291161,-0.1,-2.5,-0.0
1742310643.1104057,-3.0,-79.0,327.0,,0.352237330378415,-0.790584269256721,0.04141058490291161,-0.1,-2.5,-0.0
1742310643.1306572,-3.0,-76.0,327.0,,0.4533989252324737,-0.820584269256721,0.06660227907986904,0.03333333333333333,-2.3,-0.03333333333333333
1742310643.1509135,-3.0,-71.0,327.0,,-0.058537226629297834,-0.506584269256721,-0.04445441198535738,0.0,-2.2,-0.06666666666666667
1742310643.171223,-3.0,-71.0,327.0,,-0.058537226629297834,-0.506584269256721,-0.04445441198535738,0.0,-2.2,-0.06666666666666667
1742310643.191447,-3.0,-66.0,328.0,,-0.009880939473914552,-0.4765842692567209,-0.02539436713879306,-0.5,-2.966666666666667,-0.03333333333333333
1742310643.211786,-2.0,-64.0,328.0,,0.507830405805171,-0.6576359373484655,0.21679804739239739,-0.5666666666666667,-2.7666666666666666,-0.16666666666666666
1742310643.2325547,-2.0,-64.0,328.0,,0.507830405805171,-0.6576359373484655,0.21679804739239739,-0.5666666666666667,-2.7666666666666666,-0.16666666666666666
1742310643.252757,-2.0,-58.0,330.0,,0.4176481767054607,-1.0406359373484655,0.21108608136094809,-0.2,-1.6,-0.1
1742310643.2729423,-2.0,-56.0,330.0,,-0.6218585867649589,-0.36363593734846544,-0.36548221365037925,-0.2,-1.6,-0.06666666666666667
1742310643.2931738,-2.0,-56.0,330.0,,-0.6218585867649589,-0.36363593734846544,-0.36548221365037925,-0.2,-1.6,-0.06666666666666667
1742310643.313521,-1.0,-52.0,331.0,,-0.16038549288194304,-0.8977918928502486,-0.12709325775101732,-0.36666666666666664,-2.6333333333333333,-0.0
1742310643.3337574,-1.0,-50.0,331.0,,0.5651040130028253,-1.1037918928502486,0.33240583621162134,-0.23333333333333334,-2.5,0.1
1742310643.3540184,-1.0,-50.0,331.0,,0.5651040130028253,-1.1037918928502486,0.33240583621162134,-0.23333333333333334,-2.5,0.1
1742310643.3759718,0.0,-45.0,331.0,,0.19128247655996944,-0.843,0.13237903526516703,-0.03333333333333333,-1.9333333333333333,0.03333333333333333
1742310643.3962407,0.0,-43.0,331.0,,-0.29740391221311047,-0.598,-0.1335833566595621,-0.1,-2.066666666666667,0.06666666666666667
1742310643.416712,0.0,-43.0,331.0,,-0.29740391221311047,-0.598,-0.1335833566595621,-0.1,-2.066666666666667,0.06666666666666667
1742310643.4369206,0.0,-39.0,331.0,,0.2093669638010951,-0.951,0.23313635744084493,-0.13333333333333333,-2.3333333333333335,0.16666666666666666
1742310643.4571338,0.0,-36.0,331.0,,-0.20717332498916186,-0.716,0.02623171227366683,-0.03333333333333333,-2.1666666666666665,0.1
1742310643.4773157,0.0,-34.0,331.0,,-0.41668238304802774,-0.775,-0.06227639764782822,0.0,-2.2666666666666666,0.1
1742310643.497519,0.0,-34.0,331.0,,-0.41668238304802774,-0.775,-0.06227639764782822,0.0,-2.2666666666666666,0.1
1742310643.517891,0.0,-29.0,331.0,,0.06801762538343326,-0.745,0.1285286838998161,-0.06666666666666667,-2.3,0.16666666666666666
1742310643.5383518,1.0,-27.0,331.0,,0.02735319755504584,-0.9952081071497512,0.108944125610142,-0.03333333333333333,-1.8333333333333333,0.2
1742310643.5593913,1.0,-25.0,330.0,,-0.6258851476762621,-0.8572081071497513,-0.1277943543287403,0.0,-1.6333333333333333,0.1
1742310643.5810103,1.0,-24.0,330.0,,-1.6860864685736003,-0.6712081071497513,-0.6061641070447248,0.0,-2.066666666666667,0.1
1742310643.6012402,1.0,-24.0,330.0,,-1.6860864685736003,-0.6712081071497513,-0.6061641070447248,0.0,-2.066666666666667,0.1
1742310643.621507,1.0,-19.0,330.0,,-0.8508235952247074,-0.48520810714975127,0.2512220190318324,-0.03333333333333333,-2.9,0.16666666666666666
1742310643.6417732,2.0,-17.0,329.0,,-0.8681664233300479,-0.5973640626515345,0.31039587445787475,-0.2,-2.8333333333333335,0.2
1742310643.6624682,2.0,-14.0,329.0,,-0.9522537958327406,-0.6853640626515345,0.09441284015548668,-0.13333333333333333,-2.6666666666666665,0.13333333333333333
1742310643.6838343,2.0,-14.0,329.0,,-0.9522537958327406,-0.6853640626515345,0.09441284015548668,-0.13333333333333333,-2.6666666666666665,0.13333333333333333
1742310643.7045183,2.0,-9.0,329.0,,-0.9666221020446649,-0.7643640626515344,0.12889259920678242,0.13333333333333333,-2.4,0.03333333333333333
1742310643.7250938,2.0,-6.0,328.0,,-1.2214242246556806,-0.4403640626515345,0.23433488589529894,0.0,-2.6666666666666665,0.03333333333333333
1742310643.745651,3.0,-1.0,328.0,,-0.3772081071497513,-1.062415730743279,0.15101134263375293,0.0,-2.8333333333333335,0.1
1742310643.7667046,3.0,-1.0,328.0,,-0.3772081071497513,-1.062415730743279,0.15101134263375293,0.0,-2.8333333333333335,0.1
1742310643.7889712,3.0,0.0,327.0,,-0.363,-0.9354157307432791,0.4913306136785316,0.16666666666666666,-1.8333333333333333,0.13333333333333333
1742310643.8091702,3.0,3.0,327.0,,-1.624584269256721,-0.6504157307432791,0.08270682724709744,-0.3,-1.2666666666666666,0.16666666666666666
1742310643.830093,3.0,3.0,327.0,,-1.624584269256721,-0.6504157307432791,0.08270682724709744,-0.3,-1.2666666666666666,0.16666666666666666
1742310643.8507092,3.0,5.0,326.0,,-0.9200021636454733,-0.7784157307432791,0.06241872588215891,0.0,-0.26666666666666666,0.13333333333333333
1742310643.870995,4.0,5.0,326.0,,-0.9890021636454734,-0.9193110074298693,0.06436203781664851,0.1,0.43333333333333335,0.1
1742310643.891457,4.0,5.0,326.0,,-0.9890021636454734,-0.9193110074298693,0.06436203781664851,0.1,0.43333333333333335,0.1
1742310643.9116645,3.0,3.0,325.0,,-2.389584269256721,-0.4754157307432791,0.26513025604446305,0.06666666666666667,0.6333333333333333,-0.0
1742310643.9338987,3.0,2.0,325.0,,-2.1586359373484654,-0.6604157307432791,0.10884546324165001,-0.1,-0.06666666666666667,-0.0
1742310643.9541664,3.0,1.0,325.0,,-1.5257918928502487,-0.7584157307432791,-0.00872394106250951,-0.1,-0.16666666666666666,-0.0
1742310643.9753091,3.0,1.0,325.0,,-1.3487918928502487,-0.719415730743279,-0.09589724911820774,0.0,0.2,-0.0
1742310643.995552,3.0,1.0,325.0,,-1.5647918928502487,-0.807415730743279,-0.08676883455909845,0.06666666666666667,0.5,-0.0
1742310644.0157495,3.0,0.0,325.0,,-1.853,-0.6314157307432791,0.1296013497138837,0.13333333333333333,0.5666666666666667,-0.0
1742310644.0361865,3.0,0.0,325.0,,-2.069,-0.5234157307432791,0.13262765781245278,-0.03333333333333333,0.26666666666666666,-0.0
1742310644.0570378,3.0,-1.0,324.0,,-2.064208107149751,-0.6604157307432791,0.024546309342174055,-0.16666666666666666,-0.1,-0.0
1742310644.07847,4.0,-1.0,324.0,,-1.6712081071497513,-1.0083110074298693,0.019290371058984235,-0.13333333333333333,-0.16666666666666666,-0.0
1742310644.0989754,4.0,-1.0,324.0,,-1.4262081071497512,-1.0573110074298693,0.08326966474441733,0.0,0.1,-0.0
1742310644.1191795,4.0,-2.0,324.0,,-1.6763640626515346,-0.8903110074298692,0.11708913968866952,0.16666666666666666,0.43333333333333335,-0.0
1742310644.1393824,4.0,-2.0,323.0,,-2.0783640626515343,-0.7233110074298693,0.2996575345603443,0.16666666666666666,0.5,-0.03333333333333333
1742310644.1598687,4.0,-3.0,323.0,,-2.504415730743279,-0.7043110074298693,0.2777719042556406,0.03333333333333333,0.13333333333333333,-0.0
1742310644.1801088,4.0,-4.0,323.0,,-2.4693110074298694,-0.7133110074298693,0.16432415480162454,0.0,-0.13333333333333333,-0.0
1742310644.2004182,4.0,-4.0,323.0,,-2.1553110074298694,-0.7333110074298693,0.17217876718660108,0.0,-0.06666666666666667,-0.0
1742310644.2206125,4.0,-5.0,323.0,,-2.2479978363545268,-0.7233110074298693,0.1514375885446917,0.06666666666666667,0.16666666666666666,-0.03333333333333333
1742310644.241493,4.0,-5.0,323.0,,-2.3459978363545266,-0.7533110074298692,0.1370360065781231,0.1,0.3333333333333333,-0.06666666666666667
1742310644.2621014,4.0,-5.0,323.0,,-2.3949978363545266,-0.7233110074298693,0.21153522667030877,0.06666666666666667,0.26666666666666666,-0.06666666666666667
1742310644.2842486,4.0,-6.0,323.0,,-2.496424224655681,-0.7923110074298693,0.1922020078299127,0.0,0.03333333333333333,-0.03333333333333333
1742310644.3050654,4.0,-6.0,322.0,,-2.182424224655681,-0.8613110074298693,0.09472786991701909,-0.03333333333333333,0.0,-0.0
1742310644.3257682,4.0,-6.0,322.0,,-2.1334242246556805,-0.8803110074298692,0.051068292255434855,0.0,0.06666666666666667,-0.0
1742310644.348046,4.0,-6.0,322.0,,-2.2024242246556804,-0.7333110074298693,0.018714206759383956,0.1,0.23333333333333334,-0.03333333333333333
1742310644.3683143,4.0,-6.0,322.0,,-2.2024242246556804,-0.7333110074298693,0.018714206759383956,0.1,0.23333333333333334,-0.03333333333333333
1742310644.388513,4.0,-6.0,322.0,,-2.2214242246556806,-0.7533110074298692,0.011253381672256424,0.03333333333333333,0.16666666666666666,-0.03333333333333333
1742310644.4087393,3.0,-6.0,321.0,,-2.1534242246556805,-0.621415730743279,0.0421000397473108,0.03333333333333333,0.13333333333333333,-0.03333333333333333
1742310644.429167,3.0,-6.0,321.0,,-2.1534242246556805,-0.621415730743279,0.0421000397473108,0.03333333333333333,0.13333333333333333,-0.03333333333333333
1742310644.4493804,3.0,-5.0,321.0,,-1.7769978363545267,-0.5824157307432791,0.18604670459529338,0.06666666666666667,0.4,-0.06666666666666667
1742310644.4696174,3.0,-5.0,321.0,,-1.8059978363545266,-0.5724157307432791,0.25603799683956296,0.0,0.4666666666666667,-0.1
1742310644.4903858,3.0,-5.0,321.0,,-1.8059978363545266,-0.5724157307432791,0.25603799683956296,0.0,0.4666666666666667,-0.1
1742310644.5105748,3.0,-6.0,321.0,,-1.8784242246556806,-0.621415730743279,0.13175267507359933,-0.06666666666666667,0.23333333333333334,-0.03333333333333333
1742310644.530802,3.0,-6.0,321.0,,-1.6334242246556805,-0.5624157307432791,0.04480920107062403,-0.06666666666666667,0.26666666666666666,-0.06666666666666667
1742310644.551189,3.0,-6.0,321.0,,-1.6334242246556805,-0.5624157307432791,0.04480920107062403,-0.06666666666666667,0.26666666666666666,-0.06666666666666667
1742310644.5739665,4.0,-7.0,321.0,,-1.5195382588044968,-0.6263110074298692,0.2082959955873207,-0.03333333333333333,0.6666666666666666,-0.06666666666666667
1742310644.594218,4.0,-8.0,321.0,,-1.6792881204182422,-0.5973110074298693,0.27612003632573234,0.0,0.8333333333333334,-0.1
1742310644.6144173,4.0,-9.0,321.0,,-1.8776221020446648,-0.5583110074298693,0.22850121704524717,-0.06666666666666667,0.8,-0.1
1742310644.6369724,4.0,-11.0,321.0,,-2.0578362446439047,-0.6073110074298693,0.2049819923388423,-0.06666666666666667,0.6333333333333333,-0.06666666666666667
1742310644.657192,4.0,-12.0,321.0,,-1.9226136869222192,-0.6073110074298693,0.2429521942338031,-0.1,0.5333333333333333,-0.0
1742310644.6773827,5.0,-12.0,321.0,,-1.5596136869222192,-0.7969978363545266,0.2922409047487289,-0.06666666666666667,0.6666666666666666,-0.0
1742310644.6975906,5.0,-13.0,321.0,,-1.6687698431133156,-0.7189978363545266,0.37357404079391543,0.0,0.9,-0.06666666666666667
1742310644.717805,5.0,-14.0,321.0,,-1.8052537958327406,-0.5809978363545266,0.456521879352886,0.0,1.1,-0.06666666666666667
1742310644.7380254,5.0,-14.0,321.0,,-1.8052537958327406,-0.5809978363545266,0.456521879352886,0.0,1.1,-0.06666666666666667
1742310644.7582338,5.0,-17.0,321.0,,-2.163166423330048,-0.5229978363545267,0.3687845202462423,-0.06666666666666667,1.0666666666666667,-0.06666666666666667
1742310644.7819886,5.0,-19.0,321.0,,-2.1848235952247075,-0.5909978363545266,0.25578785092475087,-0.1,0.9333333333333333,-0.06666666666666667
1742310644.8022397,6.0,-20.0,321.0,,-1.3852176060248105,-0.8304242246556806,0.3420651364769469,0.0,1.2333333333333334,-0.1
1742310644.8225322,6.0,-21.0,321.0,,-1.3785895850393959,-0.7024242246556807,0.5359300175169697,0.0,1.7666666666666666,-0.16666666666666666
1742310644.8427553,6.0,-23.0,321.0,,-1.9900723704797758,-0.5454242246556806,0.32842958862778104,-0.06666666666666667,1.9333333333333333,-0.16666666666666666
1742310644.8629553,6.0,-25.0,321.0,,-2.322885147676262,-0.6634242246556806,-0.106300449282271,-0.16666666666666666,1.5666666666666667,-0.1
1742310644.8831701,6.0,-27.0,321.0,,-1.7776468024449539,-0.7324242246556807,0.11815699486572662,-0.16666666666666666,1.3333333333333333,-0.0
1742310644.903406,6.0,-29.0,321.0,,-1.5799823746165664,-0.7024242246556807,0.2650146999407532,-0.23333333333333334,1.4,-0.03333333333333333
1742310644.923624,7.0,-31.0,321.0,,-1.4645235148676319,-0.9025382588044968,0.3370999095046372,-0.23333333333333334,1.7,-0.06666666666666667
1742310644.9444728,7.0,-33.0,322.0,,-1.764908933497416,-0.8335382588044967,0.17295534195002027,-0.13333333333333333,1.9333333333333333,-0.16666666666666666
1742310644.9647102,7.0,-35.0,322.0,,-1.9007848406037624,-0.7655382588044968,0.031051930059980748,-0.06666666666666667,1.9666666666666666,-0.2
1742310644.984928,7.0,-37.0,322.0,,-1.9428053771215938,-0.6375382588044967,-0.05194316963823198,-0.06666666666666667,1.8666666666666667,-0.16666666666666666
1742310645.005297,7.0,-39.0,322.0,,-1.7816330361989046,-0.6475382588044967,0.04086789531792334,-0.13333333333333333,1.8,-0.13333333333333333
1742310645.0254848,7.0,-41.0,323.0,,-1.7199390743968763,-0.7255382588044967,0.061363472838266375,-0.2,1.7666666666666666,-0.13333333333333333
1742310645.045726,7.0,-43.0,323.0,,-1.6504039122131102,-0.7355382588044967,0.03623125612304179,-0.16666666666666666,1.8,-0.16666666666666666
1742310645.0673091,7.0,-47.0,323.0,,-1.5465798128840627,-0.49053825880449675,0.07774804563472948,0.0,2.033333333333333,-0.16666666666666666
1742310645.0890086,7.0,-47.0,323.0,,-1.5465798128840627,-0.49053825880449675,0.07774804563472948,0.0,2.033333333333333,-0.16666666666666666
1742310645.1092644,7.0,-49.0,324.0,,-1.589700981985394,-0.38253825880449677,0.016363967048322436,-0.1,2.033333333333333,-0.23333333333333334
1742310645.1294749,7.0,-54.0,324.0,,-1.3374567148182344,-0.5685382588044967,-0.028983463811951715,-0.1,2.1333333333333333,-0.23333333333333334
1742310645.14969,7.0,-54.0,324.0,,-1.3374567148182344,-0.5685382588044967,-0.028983463811951715,-0.1,2.1333333333333333,-0.23333333333333334
1742310645.169907,7.0,-58.0,325.0,,-1.1023518232945397,-0.6575382588044967,0.025326060334823985,0.03333333333333333,2.2333333333333334,-0.26666666666666666
1742310645.1901255,7.0,-60.0,325.0,,-1.0537092111253425,-0.6475382588044967,0.0024969710027331615,0.06666666666666667,2.3,-0.3
1742310645.2104757,7.0,-60.0,325.0,,-1.0537092111253425,-0.6475382588044967,0.0024969710027331615,0.06666666666666667,2.3,-0.3
1742310645.230677,6.0,-65.0,325.0,,-0.997879390829536,-0.6734242246556806,-0.08568950147486643,0.0,2.1333333333333333,-0.23333333333333334
1742310645.2510533,6.0,-68.0,325.0,,-0.5256736133001851,-0.7124242246556807,0.12133216440979844,0.1,2.2,-0.2
1742310645.2712626,6.0,-68.0,325.0,,-0.5256736133001851,-0.7124242246556807,0.12133216440979844,0.1,2.2,-0.2
1742310645.2914762,5.0,-73.0,325.0,,-1.0273496559973783,-0.4639978363545266,-0.16518623893977846,0.03333333333333333,2.433333333333333,-0.3
1742310645.3120906,5.0,-75.0,325.0,,-0.9347323558957594,-0.5229978363545267,-0.17179823241369307,0.0,2.1333333333333333,-0.3
1742310645.332478,5.0,-75.0,325.0,,-0.9347323558957594,-0.5229978363545267,-0.17179823241369307,0.0,2.1333333333333333,-0.3
1742310645.3529968,5.0,-80.0,326.0,,-0.2869640570497598,-0.6009978363545266,0.0515188292390345,0.03333333333333333,2.1333333333333333,-0.16666666666666666
1742310645.373498,4.0,-82.0,326.0,,-0.35052975435480427,-0.5673110074298693,-0.004245417300474674,-0.03333333333333333,2.2333333333333334,-0.13333333333333333
1742310645.3937235,4.0,-82.0,326.0,,-0.35052975435480427,-0.5673110074298693,-0.004245417300474674,-0.03333333333333333,2.2333333333333334,-0.13333333333333333
1742310645.414047,4.0,-86.0,326.0,,-0.13710333304887712,-0.6843110074298693,0.002193906598227935,0.0,2.1,-0.2
1742310645.4342775,4.0,-88.0,326.0,,-0.08702401305732899,-0.6753110074298693,0.005238351475212788,0.1,2.1,-0.16666666666666666
1742310645.4546356,4.0,-88.0,326.0,,-0.08702401305732899,-0.6753110074298693,0.005238351475212788,0.1,2.1,-0.16666666666666666
1742310645.475473,3.0,-92.0,326.0,,0.020975986942669778,-0.6604157307432791,0.003557570390004483,0.1,1.9666666666666666,-0.13333333333333333
1742310645.4965456,3.0,-95.0,326.0,,0.2683300117199767,-0.591415730743279,0.012389344629666843,0.16666666666666666,2.0,-0.1
1742310645.5167341,3.0,-97.0,326.0,,0.2161222523986286,-0.44541573074327906,0.00451437844977115,0.13333333333333333,2.0,-0.06666666666666667
1742310645.5369344,3.0,-99.0,326.0,,0.14577737876169827,-0.5044157307432791,-0.29161277187371776,0.03333333333333333,2.066666666666667,-0.0
1742310645.5571609,3.0,-101.0,326.0,,0.3032373303784155,-0.591415730743279,-1.2628215677293966,0.0,2.2,-0.03333333333333333
1742310645.5773718,3.0,-104.0,326.0,,0.28739892523247335,-0.6504157307432791,-2.2667850646864145,0.06666666666666667,2.3,-0.03333333333333333
1742310645.597706,3.0,-106.0,326.0,,0.12102276284509195,-0.44541573074327906,-3.0597883592287296,0.13333333333333333,2.2,-0.0
1742310645.6180265,3.0,-108.0,326.0,,0.18113557514454115,-0.48541573074327904,-3.8434470127388343,0.1,2.0,0.03333333333333333
1742310645.638388,3.0,-109.0,326.0,,0.15746277337070147,-0.45541573074327907,-4.688233358148661,0.0,2.033333333333333,0.06666666666666667
1742310645.658592,3.0,-111.0,327.0,,0.1275760160624504,-0.5134157307432791,-5.753302241420361,0.0,2.033333333333333,0.1
1742310645.6795511,3.0,-112.0,327.0,,0.1603263866998148,-0.5044157307432791,-6.620790061898951,0.16666666666666666,2.033333333333333,0.06666666666666667
1742310645.6997483,3.0,-114.0,327.0,,-0.06788093947391438,-0.4064157307432791,-7.933387654489838,0.36666666666666664,2.1666666666666665,0.03333333333333333
1742310645.7199495,3.0,-116.0,327.0,,-0.3651695941948283,-0.2794157307432791,-8.503623279952027,0.36666666666666664,2.066666666666667,0.03333333333333333
1742310645.7401748,3.0,-118.0,327.0,,-0.16071588594607356,-0.4654157307432791,-9.107460454363823,0.3,1.9,0.03333333333333333
1742310645.7603812,3.0,-119.0,327.0,,0.2449806729625248,-0.4754157307432791,-9.23537758583814,0.4,2.0,0.03333333333333333
1742310645.781414,3.0,-121.0,326.0,,0.3771887801122773,-0.38741573074327906,-9.681338589440266,0.4666666666666667,2.2666666666666666,-0.0
1742310645.8016171,4.0,-124.0,326.0,,0.31914141323504097,-0.4593110074298693,-10.147896082493855,0.5,2.566666666666667,-0.0
1742310645.8218374,4.0,-126.0,326.0,,-0.013456714818234516,-0.1953110074298693,-10.888841359700278,0.4,2.7333333333333334,-0.03333333333333333
1742310645.8424964,4.0,-128.0,326.0,,-0.15038549288194325,-0.24431100742986928,-11.778115094657444,0.26666666666666666,2.6666666666666665,-0.0
1742310645.8632615,4.0,-131.0,325.0,,-0.049700981985394854,-0.3323110074298693,-12.576402036853679,0.23333333333333334,2.6333333333333333,0.06666666666666667
1742310645.8840146,4.0,-133.0,325.0,,-0.2125798128840639,-0.2733110074298693,-13.281320060843376,0.23333333333333334,2.6666666666666665,0.16666666666666666
1742310645.9045062,4.0,-139.0,326.0,,-0.18993907439687607,-0.12631100742986923,-14.859960260010979,0.13333333333333333,2.8,0.16666666666666666
1742310645.9247155,4.0,-139.0,326.0,,-0.18993907439687607,-0.12631100742986923,-14.859960260010979,0.13333333333333333,2.8,0.16666666666666666
1742310645.9449046,4.0,-142.0,326.0,,-0.41163907294470903,-0.06731100742986929,-15.811864290179189,0.13333333333333333,2.8666666666666667,0.13333333333333333
1742310645.9654448,5.0,-148.0,326.0,,-0.8555079821277403,-0.24799783635452666,-17.20842895950033,0.23333333333333334,2.533333333333333,0.23333333333333334
1742310645.9861846,5.0,-148.0,326.0,,-0.8555079821277403,-0.24799783635452666,-17.20842895950033,0.23333333333333334,2.533333333333333,0.23333333333333334
1742310646.009124,5.0,-148.0,326.0,,-0.8555079821277403,-0.24799783635452666,-17.20842895950033,0.23333333333333334,2.533333333333333,0.23333333333333334
1742310646.0294702,5.0,-155.0,327.0,,-0.723885147676262,-0.21899783635452663,-18.570516809207355,0.36666666666666664,1.5,0.13333333333333333
1742310646.0497055,5.0,-155.0,327.0,,-0.723885147676262,-0.21899783635452663,-18.570516809207355,0.36666666666666664,1.5,0.13333333333333333
1742310646.0699618,5.0,-155.0,327.0,,-0.723885147676262,-0.21899783635452663,-18.570516809207355,0.36666666666666664,1.5,0.13333333333333333
1742310646.0908706,6.0,-160.0,327.0,,-1.0122176060248118,0.042575775344319444,-18.675967672118936,0.4666666666666667,1.7666666666666666,0.06666666666666667
1742310646.1128447,6.0,-160.0,327.0,,-1.0122176060248118,0.042575775344319444,-18.675967672118936,0.4666666666666667,1.7666666666666666,0.06666666666666667
1742310646.1331213,7.0,-163.0,327.0,,-0.9271664233300461,-0.13753825880449666,-18.715253137567082,0.16666666666666666,1.2333333333333334,0.23333333333333334
1742310646.1533313,7.0,-165.0,327.0,,-0.6470148324557314,0.14746174119550326,-18.87546551977166,0.06666666666666667,1.2333333333333334,0.3333333333333333
1742310646.1735833,7.0,-165.0,327.0,,-0.6470148324557314,0.14746174119550326,-18.87546551977166,0.06666666666666667,1.2333333333333334,0.3333333333333333
1742310646.1938684,7.0,-168.0,328.0,,-0.49161368692221874,0.3234617411955032,-19.168850993322586,-0.16666666666666666,1.1333333333333333,0.3333333333333333
1742310646.2143152,7.0,-168.0,328.0,,-0.49161368692221874,0.3234617411955032,-19.168850993322586,-0.16666666666666666,1.1333333333333333,0.3333333333333333
1742310646.234898,7.0,-169.0,329.0,,-0.3328362446439064,0.11746174119550323,-19.321071082074525,-0.2,1.0666666666666667,0.4
1742310646.2566097,7.0,-171.0,330.0,,-0.8496221020446659,0.1664617411955034,-19.71940540463072,-0.16666666666666666,0.7333333333333333,0.4666666666666667
1742310646.2768624,6.0,-172.0,330.0,,-0.797288120418241,0.31757577534431936,-19.85928730062782,-0.23333333333333334,0.43333333333333335,0.4666666666666667
1742310646.2971034,6.0,-172.0,330.0,,-0.797288120418241,0.31757577534431936,-19.85928730062782,-0.23333333333333334,0.43333333333333335,0.4666666666666667
1742310646.3173997,6.0,-174.0,331.0,,-0.7614242246556833,0.20957577534431948,-20.033025015516163,-0.1,0.4,0.4
1742310646.338088,5.0,-174.0,332.0,,-1.1724242246556833,0.38900216364547335,-20.093998591923018,-0.1,0.1,0.36666666666666664
1742310646.3591063,5.0,-174.0,332.0,,-1.1034242246556833,0.35000216364547343,-20.088845770206508,-0.1,-0.1,0.23333333333333334
1742310646.379911,5.0,-174.0,333.0,,-1.0744242246556832,0.28200216364547337,-20.09617193761722,-0.03333333333333333,-0.16666666666666666,0.1
1742310646.403276,5.0,-174.0,333.0,,-1.1334242246556834,0.29100216364547327,-20.074599188286577,0.0,-0.3333333333333333,-0.0
1742310646.4234872,5.0,-174.0,333.0,,-1.1334242246556834,0.29100216364547327,-20.074599188286577,0.0,-0.3333333333333333,-0.0
1742310646.4437654,4.0,-173.0,333.0,,-0.41153825880449735,0.21668899257013075,-19.941407100571077,0.0,-0.5666666666666667,-0.0
1742310646.463987,4.0,-172.0,333.0,,-0.248288120418241,0.20668899257013074,-19.842828364202198,0.06666666666666667,-0.3333333333333333,-0.1
1742310646.4841745,4.0,-172.0,333.0,,-0.248288120418241,0.20668899257013074,-19.842828364202198,0.06666666666666667,-0.3333333333333333,-0.1
1742310646.5053256,4.0,-171.0,333.0,,-0.23162210204466605,0.06968899257013073,-19.722141322659965,0.06666666666666667,-0.3,-0.0
1742310646.5258784,4.0,-171.0,333.0,,-0.23162210204466605,0.06968899257013073,-19.722141322659965,0.06666666666666667,-0.3,-0.0
1742310646.55118,4.0,-171.0,333.0,,-0.17262210204466588,0.12868899257013067,-19.65098594317917,0.13333333333333333,-0.26666666666666666,-0.0
1742310646.5714147,4.0,-171.0,333.0,,-0.27062210204466597,0.18768899257013072,-19.51733065267343,0.16666666666666666,-0.2,-0.0
1742310646.5916264,4.0,-170.0,333.0,,-0.6744886229125862,0.2656889925701307,-19.397078988705452,0.16666666666666666,-0.2,-0.0
1742310646.6118069,4.0,-170.0,333.0,,-0.792488622912586,0.36368899257013076,-19.31814384008965,0.06666666666666667,-0.4,0.1
1742310646.632323,4.0,-169.0,333.0,,-0.7938362446439062,0.3046889925701307,-19.267347917725402,0.06666666666666667,-0.5,0.1
1742310646.653138,4.0,-169.0,333.0,,-0.7938362446439062,0.3046889925701307,-19.267347917725402,0.06666666666666667,-0.5,0.1
1742310646.673875,4.0,-168.0,333.0,,-0.5696136869222188,0.33468899257013063,-19.345290225513804,0.1,-0.3,0.1
1742310646.6941724,4.0,-168.0,333.0,,-0.6476136869222189,0.4036889925701308,-19.19734944881882,0.03333333333333333,-0.26666666666666666,0.03333333333333333
1742310646.7143736,4.0,-168.0,333.0,,-0.6476136869222189,0.4036889925701308,-19.19734944881882,0.03333333333333333,-0.26666666666666666,0.03333333333333333
1742310646.7347465,4.0,-167.0,333.0,,-1.0697698431133178,0.3146889925701307,-19.350737479006526,0.0,-0.8333333333333334,0.3
1742310646.7551877,4.0,-167.0,333.0,,-1.0697698431133178,0.3146889925701307,-19.350737479006526,0.0,-0.8333333333333334,0.3
1742310646.7765837,4.0,-166.0,334.0,,-0.2752537958327408,0.33468899257013063,-19.20441480410463,0.13333333333333333,-0.8666666666666667,0.23333333333333334
1742310646.7967937,4.0,-164.0,334.0,,-0.5080024605647622,0.34468899257013064,-19.007301438828407,0.13333333333333333,-0.6666666666666666,0.16666666666666666
1742310646.8170176,4.0,-164.0,334.0,,-0.5080024605647622,0.34468899257013064,-19.007301438828407,0.13333333333333333,-0.6666666666666666,0.16666666666666666
1742310646.837239,4.0,-162.0,335.0,,-1.1304567148182352,0.5996889925701308,-19.171919478350148,0.03333333333333333,-1.0333333333333334,0.26666666666666666
1742310646.8574405,5.0,-161.0,335.0,,-0.8318235952247064,0.1830021636454734,-19.241031570124065,-0.03333333333333333,-1.3666666666666667,0.36666666666666664
1742310646.8778522,5.0,-160.0,335.0,,-0.36521760602481157,0.16400216364547326,-18.89658892926816,0.03333333333333333,-1.3666666666666667,0.4
1742310646.8984928,5.0,-160.0,335.0,,-0.36521760602481157,0.16400216364547326,-18.89658892926816,0.03333333333333333,-1.3666666666666667,0.4
1742310646.9191103,5.0,-160.0,335.0,,-0.36521760602481157,0.16400216364547326,-18.89658892926816,0.03333333333333333,-1.3666666666666667,0.4
1742310646.9393249,5.0,-155.0,336.0,,-0.586885147676262,0.5270021636454733,-18.25848022241663,0.06666666666666667,-1.0333333333333334,0.3333333333333333
1742310646.9597397,5.0,-154.0,337.0,,-0.5944209500008486,0.48800216364547333,-18.180288214223815,0.0,-1.2,0.4
1742310646.980316,5.0,-153.0,337.0,,-0.4536468024449549,0.4580021636454733,-17.887052510451902,0.0,-1.3,0.43333333333333335
1742310647.0011375,5.0,-151.0,338.0,,-0.6379823746165671,0.4190021636454734,-17.790692775519382,0.03333333333333333,-1.3333333333333333,0.4
1742310647.0216932,5.0,-150.0,338.0,,-0.7679999999999998,0.3310021636454733,-17.94468860392754,0.1,-1.4666666666666666,0.4
1742310647.0423841,6.0,-148.0,338.0,,-0.6495079821277399,0.2775757753443193,-17.423006160671317,0.16666666666666666,-1.7333333333333334,0.4666666666666667
1742310647.0625944,6.0,-146.0,339.0,,-0.5146823830480276,0.28757577534431933,-17.105373003424905,0.13333333333333333,-1.7666666666666666,0.4666666666666667
1742310647.0828004,6.0,-144.0,339.0,,-0.5601733249891625,0.43457577534431935,-16.804182461291063,0.13333333333333333,-1.7,0.4
1742310647.1057208,7.0,-140.0,340.0,,-0.7167464510249522,0.28446174119550327,-16.057955447991713,0.23333333333333334,-1.8,0.4
1742310647.1259391,7.0,-140.0,340.0,,-0.7167464510249522,0.28446174119550327,-16.057955447991713,0.23333333333333334,-1.8,0.4
1742310647.1467147,7.0,-138.0,340.0,,-0.6611712483804011,0.4704617411955032,-15.62678695209181,0.23333333333333334,-1.9333333333333333,0.4666666666666667
1742310647.167121,8.0,-134.0,341.0,,-0.5557234413221668,0.5457118795817579,-14.610431080910509,0.13333333333333333,-2.3,0.7333333333333333
1742310647.1878488,8.0,-134.0,341.0,,-0.5557234413221668,0.5457118795817579,-14.610431080910509,0.13333333333333333,-2.3,0.7333333333333333
1742310647.2087824,9.0,-131.0,341.0,,-0.5207009819853949,0.4553778979553351,-13.85700066499496,0.13333333333333333,-2.566666666666667,0.8
1742310647.229067,10.0,-126.0,342.0,,-0.33745671481823436,0.7865113770874135,-11.968872126639901,0.03333333333333333,-2.8333333333333335,0.9333333333333333
1742310647.2495873,10.0,-126.0,342.0,,-0.33745671481823436,0.7865113770874135,-11.968872126639901,0.03333333333333333,-2.8333333333333335,0.9333333333333333
1742310647.2700267,11.0,-123.0,343.0,,-0.14735827154460956,0.44116375535609564,-11.184677961019865,-0.1,-2.966666666666667,1.0333333333333334
1742310647.2902255,13.0,-117.0,344.0,,-0.17077400228788875,0.6652301568866843,-9.06371013506985,0.03333333333333333,-2.7666666666666666,1.2666666666666666
1742310647.3104293,13.0,-117.0,344.0,,-0.17077400228788875,0.6652301568866843,-9.06371013506985,0.03333333333333333,-2.7666666666666666,1.2666666666666666
1742310647.3306382,16.0,-111.0,345.0,,-0.5784239839375491,0.6979975394352382,-7.069772693975003,-0.23333333333333334,-3.066666666666667,1.5
1742310647.3508399,17.0,-108.0,346.0,,-0.45586442485545753,0.709833576669952,-6.155608402654334,-0.3333333333333333,-3.1333333333333333,1.5333333333333334
1742310647.3710213,17.0,-108.0,346.0,,-0.45586442485545753,0.709833576669952,-6.155608402654334,-0.3333333333333333,-3.1333333333333333,1.5333333333333334
1742310647.391562,20.0,-102.0,347.0,,-0.5056279631986342,0.5567823939751895,-4.564861825960505,-0.13333333333333333,-2.066666666666667,1.3
1742310647.412122,21.0,-100.0,348.0,,-0.8849640570497606,0.42541041496060394,-4.244802776244121,-0.3,-1.9,1.1
1742310647.4343257,21.0,-100.0,348.0,,-0.8849640570497606,0.42541041496060394,-4.244802776244121,-0.3,-1.9,1.1
1742310647.4545503,23.0,-97.0,349.0,,-0.9998777476013707,0.20592762952022392,-3.358819810508088,-0.6,-2.3,0.9333333333333333
1742310647.4747567,24.0,-95.0,350.0,,-0.672669988280024,-0.01908646857360008,-2.117180693109008,-0.5,-2.2333333333333334,1.0333333333333334
1742310647.495026,24.0,-95.0,350.0,,-0.672669988280024,-0.01908646857360008,-2.117180693109008,-0.5,-2.2333333333333334,1.0333333333333334
1742310647.515598,26.0,-91.0,352.0,,-1.2585058894841978,0.7095790499991503,-0.35020142295962353,-0.5333333333333333,-2.4,1.3666666666666667
1742310647.535809,27.0,-89.0,353.0,,-1.3265058894841992,0.8703531975550458,0.00719957450929215,-0.6333333333333333,-2.433333333333333,1.3333333333333333
1742310647.5560582,29.0,-88.0,354.0,,-1.46002401305733,0.8230176253834331,0.021037498369981145,-0.6666666666666666,-2.2666666666666666,1.3666666666666667
1742310647.576276,30.0,-86.0,354.0,,-1.5101033330488765,0.8210000000000006,0.03237122024019912,-0.7333333333333333,-2.1,1.4333333333333333
1742310647.5966415,31.0,-84.0,355.0,,-1.588259793562763,0.9774764851323683,0.052077157053481926,-0.8,-1.9666666666666666,1.4333333333333333
1742310647.617022,31.0,-84.0,355.0,,-1.588259793562763,0.9774764851323683,0.052077157053481926,-0.8,-1.9666666666666666,1.4333333333333333
1742310647.637282,34.0,-81.0,358.0,,-2.1882226212383022,0.6913176169519719,-0.0021354292433506394,-1.0,-2.1,1.5333333333333334
1742310647.6578572,36.0,-80.0,359.0,,-2.47396405704976,0.45982667501083796,-0.02880525958896185,-0.9,-2.033333333333333,1.7
1742310647.6780257,38.0,-78.0,360.0,,-2.7026279631986343,0.26536092705529146,-0.05028166137557477,-1.0333333333333334,-2.3,1.8
1742310647.6982322,40.0,-77.0,1.0,,-2.763570335543159,0.31225354897504953,-0.032409361532143466,-0.9666666666666667,-2.2,1.7333333333333334
1742310647.7184403,42.0,-75.0,2.0,,-3.1617323558957597,0.23082875161960015,-0.06880503344325772,-1.2,-2.2,1.8
1742310647.7386267,45.0,-74.0,3.0,,-3.556977237154908,0.054282476559968984,-0.09763490245044149,-1.7,-2.6,2.1333333333333333
1742310647.7589734,47.0,-72.0,5.0,,-3.858864424855456,-0.06557981288406278,-0.12853440976894426,-1.8333333333333333,-3.033333333333333,2.466666666666667
1742310647.7791998,51.0,-70.0,7.0,,-4.365384609909761,0.1031981181071151,-0.09131641132308843,-1.8333333333333333,-3.1333333333333333,2.6
1742310647.7998729,54.0,-69.0,9.0,,-4.7364239839375495,-0.0034567148182347296,-0.10684587516769772,-2.033333333333333,-2.8333333333333335,2.466666666666667
1742310647.8204813,57.0,-67.0,12.0,,-4.84415261236844,-0.2653582715446099,-0.12442841744351085,-2.2,-2.066666666666667,2.3333333333333335
1742310647.8407395,61.0,-67.0,14.0,,-5.71615261236844,-0.42201932703747325,-0.11237557793781927,-2.2333333333333334,-1.3666666666666667,2.1333333333333333
1742310647.8614333,64.0,-69.0,18.0,,-6.2764239839375495,-0.4241695941948276,-0.021666141886836382,-2.033333333333333,-0.8333333333333334,1.7666666666666666
1742310647.881822,67.0,-71.0,22.0,,-6.962537226629298,-0.40115261236844013,-0.5328044263863414,-1.8,-0.5,1.3666666666666667
1742310647.9020467,69.0,-75.0,27.0,,-7.64273235589576,-0.40242398393754897,-1.7425360083477826,-1.6333333333333333,-0.36666666666666664,1.1
1742310647.92223,71.0,-79.0,32.0,,-8.110762669621584,-0.49953722662929856,-3.026340475273213,-1.3666666666666667,-0.3333333333333333,0.9333333333333333
1742310647.9424622,72.0,-84.0,37.0,,-8.443259793562762,-0.41686442485545605,-3.6104394341853645,-0.8,-0.4,0.5333333333333333
1742310647.9628265,73.0,-87.0,41.0,,-8.12055573594237,-0.5073496559973769,-2.865953290272465,-0.7,-0.23333333333333334,0.36666666666666664
1742310647.9851499,73.0,-91.0,45.0,,-8.152505889484198,-0.380349655997378,-3.323809029491073,-0.6333333333333333,-0.13333333333333333,0.3333333333333333
1742310648.0053291,74.0,-96.0,51.0,,-8.159259793562763,0.2290227628450925,-3.0230859935792824,-0.06666666666666667,-0.03333333333333333,0.06666666666666667
1742310648.025543,74.0,-96.0,51.0,,-8.159259793562763,0.2290227628450925,-3.0230859935792824,-0.06666666666666667,-0.03333333333333333,0.06666666666666667
1742310648.0496304,74.0,-98.0,53.0,,-7.616529754354805,0.3170227628450917,-1.8430697242579588,-0.03333333333333333,0.0,0.03333333333333333
1742310648.0698664,74.0,-100.0,56.0,,-7.464964057049761,0.45402276284509213,-2.1732050650990034,0.06666666666666667,-0.03333333333333333,-0.03333333333333333
1742310648.0935261,74.0,-100.0,56.0,,-7.464964057049761,0.45402276284509213,-2.1732050650990034,0.06666666666666667,-0.03333333333333333,-0.03333333333333333
1742310648.1140501,74.0,-100.0,56.0,,-7.51396405704976,0.3460227628450916,-2.205038782047515,0.2,-0.03333333333333333,-0.13333333333333333
1742310648.1342537,73.0,-100.0,55.0,,-7.63196405704976,0.2866503440026218,-2.1224373341292924,0.26666666666666666,-0.03333333333333333,-0.23333333333333334
1742310648.1551125,73.0,-100.0,55.0,,-7.63196405704976,0.2866503440026218,-2.1224373341292924,0.26666666666666666,-0.03333333333333333,-0.23333333333333334
1742310648.1753232,73.0,-99.0,54.0,,-7.503222621238303,0.05165034400262236,-2.1434879072369464,0.23333333333333334,0.0,-0.16666666666666666
1742310648.19588,73.0,-98.0,54.0,,-7.450529754354806,0.05165034400262236,-1.9061117899273863,0.3,-0.03333333333333333,-0.13333333333333333
1742310648.2161853,73.0,-97.0,53.0,,-7.44287774760137,0.10065034400262185,-1.9406277477372162,0.36666666666666664,-0.06666666666666667,-0.1
1742310648.236384,73.0,-97.0,52.0,,-7.589877747601371,0.12965034400262176,-2.2732599477981927,0.5333333333333333,-0.1,-0.2
1742310648.2565935,73.0,-96.0,51.0,,-7.658259793562762,0.03165034400262279,-1.7153054484862276,0.7,-0.13333333333333333,-0.36666666666666664
1742310648.2768574,73.0,-95.0,50.0,,-7.321669988280023,-0.07634965599737775,-0.3554014710792145,0.6666666666666666,-0.03333333333333333,-0.36666666666666664
1742310648.2970643,72.0,-93.0,48.0,,-7.20855573594237,-0.02486442485545659,-0.1753638402956443,0.6,0.1,-0.23333333333333334
1742310648.320099,72.0,-91.0,47.0,,-7.436505889484199,0.11313557514454331,-0.9029202102791405,0.7,0.0,-0.13333333333333333
1742310648.3402867,72.0,-90.0,45.0,,-7.605,0.06413557514454382,-1.8531008556098496,1.0333333333333334,-0.16666666666666666,-0.16666666666666666
1742310648.3604958,71.0,-87.0,42.0,,-7.88555573594237,0.11846277337070177,-1.6218615874453,1.4666666666666666,-0.43333333333333335,-0.4
1742310648.3807287,70.0,-83.0,38.0,,-7.570877747601369,-0.06938460990976125,-0.008035534937681,1.7333333333333334,-0.5666666666666667,-0.6666666666666666
1742310648.4009385,69.0,-78.0,34.0,,-7.144627963198634,-0.1274239839375486,-0.044429105418015036,1.7,-0.43333333333333335,-0.7666666666666667
1742310648.4211385,68.0,-74.0,29.0,,-6.478977237154908,-0.22167361330018487,-0.053544429737819366,1.7,-0.3333333333333333,-0.7333333333333333
1742310648.4413621,66.0,-70.0,25.0,,-6.3463846099097605,0.049119060526084724,-0.03668570856823705,2.1333333333333333,-0.3,-0.7666666666666667
1742310648.4615686,64.0,-66.0,21.0,,-6.422880939473915,0.18383040580517118,-0.054435179067969575,2.566666666666667,-0.5333333333333333,-0.9333333333333333
1742310648.4822936,64.0,-66.0,21.0,,-6.422880939473915,0.18383040580517118,-0.054435179067969575,2.566666666666667,-0.5333333333333333,-0.9333333333333333
1742310648.5028374,62.0,-62.0,17.0,,-5.887715885946073,-0.052715885946073016,-0.11454422578420154,2.7,-0.9666666666666667,-1.0333333333333334
1742310648.5230596,56.0,-54.0,10.0,,-4.230456714818235,-0.2398585867649592,-0.0840035060169031,2.6,-0.9,-0.9666666666666667
1742310648.543538,53.0,-51.0,7.0,,-4.005801881892886,-0.11761435356394312,-0.061665512848704473,2.6,-0.8333333333333334,-0.7333333333333333
1742310648.5640178,51.0,-48.0,4.0,,-3.8102507379332375,-0.24980188189288555,-0.14023543086034262,2.533333333333333,-0.9666666666666667,-0.5666666666666667
1742310648.5846763,48.0,-46.0,2.0,,-3.4787234413221673,-0.2892507379332372,-0.17906131768952083,2.566666666666667,-1.1,-0.43333333333333335
1742310648.6050944,45.0,-44.0,360.0,,-3.5405986142027635,-0.02371752344003042,-0.2996720256989933,2.6333333333333333,-1.2666666666666666,-0.26666666666666666
1742310648.6254032,42.0,-41.0,357.0,,-3.2109390743968764,0.2508287516196006,0.057473886699554555,2.3333333333333335,-1.6,-0.23333333333333334
1742310648.646013,42.0,-41.0,357.0,,-3.2109390743968764,0.2508287516196006,0.057473886699554555,2.3333333333333335,-1.6,-0.23333333333333334
1742310648.666276,35.0,-35.0,351.0,,-2.7447848406037623,0.011215159396237517,-0.6938625340237072,2.5,-1.0,-0.0
1742310648.6868644,35.0,-35.0,351.0,,-2.7447848406037623,0.011215159396237517,-0.6938625340237072,2.5,-1.0,-0.0
1742310648.707053,33.0,-33.0,349.0,,-3.264908933497416,-0.18590893349741577,-0.8925859443094399,2.8,-1.1666666666666667,-0.1
1742310648.7272625,27.0,-29.0,346.0,,-2.785982374616567,0.48835319755504614,0.47597702968425537,2.3666666666666667,-2.1,0.16666666666666666
1742310648.747572,27.0,-29.0,346.0,,-2.785982374616567,0.48835319755504614,0.47597702968425537,2.3666666666666667,-2.1,0.16666666666666666
1742310648.7678027,25.0,-27.0,344.0,,-2.051646802444954,-0.06688514767626241,-0.34103861357596976,2.3,-1.8,0.23333333333333334
1742310648.7880163,20.0,-23.0,341.0,,-3.2750723704797755,-0.6202176060248106,-1.533026675641568,3.2333333333333334,-0.9666666666666667,-0.0
1742310648.808226,20.0,-23.0,341.0,,-3.2750723704797755,-0.6202176060248106,-1.533026675641568,3.2333333333333334,-0.9666666666666667,-0.0
1742310648.828935,16.0,-21.0,339.0,,-3.7995895850393957,-0.5570024605647621,-1.1773533129580258,3.566666666666667,-1.6,-0.3333333333333333
1742310648.8491178,9.0,-17.0,337.0,,-1.6631664233300478,-0.5646221020446649,0.768290662399238,3.1333333333333333,-1.4333333333333333,-0.4
1742310648.8696983,9.0,-17.0,337.0,,-1.6631664233300478,-0.5646221020446649,0.768290662399238,3.1333333333333333,-1.4333333333333333,-0.4
1742310648.8899918,2.0,-14.0,336.0,,-2.3732537958327407,-1.0383640626515345,0.22661341410837466,3.1666666666666665,-0.5333333333333333,-0.4666666666666667
1742310648.9102075,-1.0,-14.0,335.0,,-2.0702537958327407,-0.5837918928502488,1.0833796284293307,3.1,-0.4,-0.5333333333333333
1742310648.9314709,-1.0,-14.0,335.0,,-2.0702537958327407,-0.5837918928502488,1.0833796284293307,3.1,-0.4,-0.5333333333333333
1742310648.9516668,-7.0,-14.0,335.0,,-2.0992537958327406,-0.6674617411955033,0.9995626689341908,2.566666666666667,0.0,-0.5333333333333333
1742310648.9718695,-10.0,-14.0,334.0,,-2.2172537958327405,-0.9935113770874133,0.31201223225756003,2.533333333333333,0.16666666666666666,-0.4666666666666667
1742310648.9920516,-10.0,-14.0,334.0,,-2.2172537958327405,-0.9935113770874133,0.31201223225756003,2.533333333333333,0.16666666666666666,-0.4666666666666667
1742310649.0122454,-16.0,-15.0,334.0,,-2.5490148324557285,0.18400246056476188,0.7492599676055303,2.3,0.16666666666666666,-0.2
1742310649.0324373,-18.0,-16.0,333.0,,-2.352002460564762,0.47145671481823426,0.5876490661212621,1.7333333333333334,0.0,-0.13333333333333333
1742310649.0560474,-20.0,-16.0,332.0,,-1.9400024605647619,0.5602176060248105,1.0462688270017306,1.2,0.1,-0.06666666666666667
1742310649.0766387,-21.0,-17.0,332.0,,-2.536166423330048,0.0045895850393957716,0.7332103744540586,0.7333333333333333,0.2,-0.0
1742310649.097978,-22.0,-17.0,331.0,,-2.927166423330048,-0.28710931858990296,0.19692076915852397,0.6,0.2,0.06666666666666667
1742310649.1184235,-23.0,-18.0,331.0,,-3.129456714818234,-0.47192762952022393,0.17690411017746044,0.6333333333333333,0.06666666666666667,0.1
1742310649.1386433,-23.0,-18.0,331.0,,-2.806456714818234,-0.21692762952022404,0.0015490460086393654,0.7,0.16666666666666666,0.03333333333333333
1742310649.1588707,-24.0,-19.0,330.0,,-2.9298235952247076,0.34208646857360003,0.3301926733065077,0.5666666666666667,0.23333333333333334,-0.0
1742310649.179228,-24.0,-19.0,330.0,,-3.0968235952247074,0.39108646857359997,0.423529141272466,0.2,0.13333333333333333,0.06666666666666667
1742310649.1994503,-24.0,-19.0,330.0,,-3.1748235952247073,0.07708646857360035,0.28856454021671674,0.0,0.03333333333333333,0.16666666666666666
1742310649.2196658,-24.0,-20.0,330.0,,-3.3362176060248103,-0.3249135314264002,0.3175652052332172,-0.06666666666666667,0.0,0.16666666666666666
1742310649.2401075,-23.0,-20.0,329.0,,-3.1892176060248105,-0.6389276295202246,0.11555566226621039,-0.03333333333333333,0.0,0.13333333333333333
1742310649.2605095,-23.0,-20.0,329.0,,-3.0522176060248105,-0.5309276295202241,0.013106992399812611,0.1,0.03333333333333333,0.1
1742310649.2807195,-23.0,-20.0,329.0,,-2.7482176060248102,-0.09892762952022416,0.3616122439426217,0.13333333333333333,0.1,0.3
1742310649.3009157,-23.0,-20.0,329.0,,-2.8752176060248105,-0.09892762952022416,0.23039702070140144,0.0,0.16666666666666666,0.5333333333333333
1742310649.3211432,-22.0,-21.0,328.0,,-2.888589585039396,-0.3461093185899027,0.2849430539820528,-0.06666666666666667,0.06666666666666667,0.7
1742310649.3416455,-22.0,-21.0,328.0,,-2.9085895850393957,-0.4631093185899027,0.11354081489601953,-0.13333333333333333,0.03333333333333333,0.8333333333333334
1742310649.3618696,-21.0,-22.0,327.0,,-2.9108906814100974,-0.662410414960604,0.017977339425723216,-0.06666666666666667,0.0,0.9333333333333333
1742310649.3824487,-20.0,-22.0,326.0,,-2.743890681410097,-0.6557823939751897,0.04868981433896913,0.13333333333333333,0.0,1.1
1742310649.403135,-20.0,-23.0,325.0,,-2.647072370479776,-0.4497823939751897,0.41444032215791893,-0.03333333333333333,-0.06666666666666667,1.2333333333333334
1742310649.4233456,-19.0,-23.0,323.0,,-2.069072370479776,-0.1701764047752925,0.5811531322536485,-0.23333333333333334,-0.03333333333333333,1.6
1742310649.4436154,-17.0,-24.0,322.0,,-2.6570864685736,-0.495833576669952,0.0015009745012068976,-0.5333333333333333,0.2,1.7333333333333334
1742310649.4639552,-16.0,-24.0,320.0,,-2.6970864685736,-0.7869975394352382,-0.2043875252158145,-0.5666666666666667,0.36666666666666664,1.6333333333333333
1742310649.4843292,-14.0,-25.0,319.0,,-2.5188851476762624,-1.3827462041672591,0.28497955269550346,-0.5666666666666667,0.5666666666666667,1.7
1742310649.5048873,-12.0,-26.0,318.0,,-2.6044209500008497,-1.4513863130777809,0.09339751647672401,-0.5333333333333333,0.5,1.7666666666666666
1742310649.5255795,-11.0,-27.0,316.0,,-2.493646802444954,-1.0211637553560953,-0.0658313839686624,-0.6666666666666666,0.3333333333333333,1.7333333333333334
1742310649.5461187,-9.0,-27.0,315.0,,-2.434646802444954,-1.446377897955335,-0.04703682202262449,-0.7,0.5,1.5666666666666667
1742310649.566824,-6.0,-29.0,313.0,,-2.854982374616567,-1.6415757753443192,0.017661728412042166,-0.5333333333333333,0.5,1.4333333333333333
1742310649.587509,-6.0,-29.0,313.0,,-2.854982374616567,-1.6415757753443192,0.017661728412042166,-0.5333333333333333,0.5,1.4333333333333333
1742310649.6077805,-6.0,-29.0,313.0,,-2.854982374616567,-1.6415757753443192,0.017661728412042166,-0.5333333333333333,0.5,1.4333333333333333
1742310649.6280704,-6.0,-29.0,313.0,,-2.854982374616567,-1.6415757753443192,0.017661728412042166,-0.5333333333333333,0.5,1.4333333333333333
1742310649.648286,-6.0,-29.0,313.0,,-2.854982374616567,-1.6415757753443192,0.017661728412042166,-0.5333333333333333,0.5,1.4333333333333333
1742310649.6688268,0.0,-31.0,309.0,,-2.5625235148676317,-1.834,-0.13548297557059286,-0.7,0.7333333333333333,1.3
1742310649.689367,2.0,-32.0,307.0,,-1.4925079821277403,-1.6363640626515346,0.5033491330307687,-0.6666666666666666,0.7,1.3333333333333333
1742310649.7101054,2.0,-32.0,307.0,,-1.4925079821277403,-1.6363640626515346,0.5033491330307687,-0.6666666666666666,0.7,1.3333333333333333
1742310649.730385,5.0,-34.0,306.0,,-1.3186823830480279,-2.021997836354527,0.08081014839271106,-0.6666666666666666,1.2666666666666666,1.5666666666666667
1742310649.750734,7.0,-35.0,305.0,,-0.7247848406037622,-1.9405382588044966,0.6022398171917089,-0.6333333333333333,1.3333333333333333,1.6333333333333333
1742310649.7738342,7.0,-35.0,305.0,,-0.7247848406037622,-1.9405382588044966,0.6022398171917089,-0.6333333333333333,1.3333333333333333,1.6333333333333333
1742310649.7940345,11.0,-37.0,303.0,,-0.8348053771215938,-1.8818362446439045,0.706899700172718,-1.1,1.2333333333333334,1.6
1742310649.8142688,13.0,-38.0,302.0,,-0.735639072944708,-2.1587698431133155,0.647601492968775,-1.1333333333333333,1.2666666666666666,1.6333333333333333
1742310649.8344724,15.0,-39.0,302.0,,-0.6826330361989053,-2.3050148324557287,0.4552213406463075,-1.2,1.3666666666666667,1.6666666666666667
1742310649.8557804,17.0,-40.0,301.0,,-0.5207464510249507,-2.300166423330048,0.35661154749905855,-1.0333333333333334,1.6,1.6666666666666667
1742310649.875985,19.0,-42.0,300.0,,-0.7991712483804001,-2.3518235952247073,0.0009564710443648039,-0.9,1.8666666666666667,1.7333333333333334
1742310649.8961546,21.0,-43.0,300.0,,-0.9254039122131106,-2.388589585039396,-0.20423461564127887,-1.0333333333333334,2.0,1.5666666666666667
1742310649.9164355,23.0,-45.0,299.0,,-0.6227175234400306,-1.8140723704797757,0.19031172712826905,-0.8666666666666667,2.1666666666666665,1.5
1742310649.9367294,25.0,-47.0,299.0,,-0.4775798128840627,-2.077885147676262,0.09870563788646969,-0.5666666666666667,2.4,1.4666666666666666
1742310649.9576983,26.0,-49.0,298.0,,-0.8347009819853941,-1.9474209500008492,-0.12772868309069896,-0.36666666666666664,2.466666666666667,1.3666666666666667
1742310649.9779294,27.0,-50.0,297.0,,-0.592895986997175,-1.9636468024449538,-0.18863491591065618,-0.1,2.566666666666667,1.3333333333333333
1742310649.9981155,28.0,-53.0,296.0,,-0.03961435356394283,-2.1645160309295894,0.1537307708642217,0.5,3.1,1.4333333333333333
1742310650.0186255,29.0,-55.0,295.0,,-0.1518815544750094,-1.7949823746165667,0.3715580726650236,0.8,3.433333333333333,1.7
1742310650.0387983,29.0,-55.0,295.0,,-0.1518815544750094,-1.7949823746165667,0.3715580726650236,0.8,3.433333333333333,1.7
1742310650.059245,30.0,-56.0,294.0,,-0.6028585867649587,-0.9929999999999994,0.15548603106990289,0.43333333333333335,3.2666666666666666,1.7666666666666666
1742310650.0829704,32.0,-61.0,291.0,,-0.7550193270374725,-1.3555079821277403,0.03062899559267951,0.5,3.3333333333333335,1.7666666666666666
1742310650.103171,32.0,-61.0,291.0,,-0.7550193270374725,-1.3555079821277403,0.03062899559267951,0.5,3.3333333333333335,1.7666666666666666
1742310650.1233735,32.0,-61.0,291.0,,-0.7550193270374725,-1.3555079821277403,0.03062899559267951,0.5,3.3333333333333335,1.7666666666666666
1742310650.143585,32.0,-61.0,291.0,,-0.7550193270374725,-1.3555079821277403,0.03062899559267951,0.5,3.3333333333333335,1.7666666666666666
1742310650.1638072,33.0,-62.0,290.0,,-0.6407158859460722,-1.303908933497416,0.008740715813528865,0.6333333333333333,3.2666666666666666,1.6666666666666667
1742310650.184164,33.0,-62.0,290.0,,-0.6407158859460722,-1.303908933497416,0.008740715813528865,0.6333333333333333,3.2666666666666666,1.6666666666666667
1742310650.205876,35.0,-67.0,286.0,,-1.9601526123684394,-0.05778484060376243,-0.06975617412002855,0.7666666666666667,2.6666666666666665,1.5333333333333334
1742310650.2260823,35.0,-68.0,285.0,,-2.3006736133001855,-0.21478484060376246,-0.21203963892476851,0.43333333333333335,1.8,1.1666666666666667
1742310650.246355,35.0,-68.0,285.0,,-2.3006736133001855,-0.21478484060376246,-0.21203963892476851,0.43333333333333335,1.8,1.1666666666666667
1742310650.2665648,35.0,-68.0,285.0,,-2.3006736133001855,-0.21478484060376246,-0.21203963892476851,0.43333333333333335,1.8,1.1666666666666667
1742310650.2867687,35.0,-68.0,285.0,,-2.3006736133001855,-0.21478484060376246,-0.21203963892476851,0.43333333333333335,1.8,1.1666666666666667
1742310650.3076255,35.0,-68.0,285.0,,-2.3006736133001855,-0.21478484060376246,-0.21203963892476851,0.43333333333333335,1.8,1.1666666666666667
1742310650.3278458,35.0,-68.0,285.0,,-2.3006736133001855,-0.21478484060376246,-0.21203963892476851,0.43333333333333335,1.8,1.1666666666666667
1742310650.348029,35.0,-68.0,285.0,,-2.3006736133001855,-0.21478484060376246,-0.21203963892476851,0.43333333333333335,1.8,1.1666666666666667
1742310650.3682523,35.0,-68.0,285.0,,-2.3006736133001855,-0.21478484060376246,-0.21203963892476851,0.43333333333333335,1.8,1.1666666666666667
1742310650.3884838,35.0,-68.0,285.0,,-2.3006736133001855,-0.21478484060376246,-0.21203963892476851,0.43333333333333335,1.8,1.1666666666666667
1742310650.4087632,35.0,-68.0,285.0,,-2.3006736133001855,-0.21478484060376246,-0.21203963892476851,0.43333333333333335,1.8,1.1666666666666667
1742310650.4289713,35.0,-68.0,285.0,,-2.3006736133001855,-0.21478484060376246,-0.21203963892476851,0.43333333333333335,1.8,1.1666666666666667
1742310650.449155,35.0,-68.0,285.0,,-2.3006736133001855,-0.21478484060376246,-0.21203963892476851,0.43333333333333335,1.8,1.1666666666666667
1742310650.469474,35.0,-68.0,285.0,,-2.3006736133001855,-0.21478484060376246,-0.21203963892476851,0.43333333333333335,1.8,1.1666666666666667
1742310650.4896734,35.0,-68.0,285.0,,-2.3006736133001855,-0.21478484060376246,-0.21203963892476851,0.43333333333333335,1.8,1.1666666666666667
1742310650.509885,35.0,-68.0,285.0,,-2.3006736133001855,-0.21478484060376246,-0.21203963892476851,0.43333333333333335,1.8,1.1666666666666667
1742310650.5302467,35.0,-68.0,285.0,,-2.3006736133001855,-0.21478484060376246,-0.21203963892476851,0.43333333333333335,1.8,1.1666666666666667
1742310650.5504732,35.0,-68.0,285.0,,-2.3006736133001855,-0.21478484060376246,-0.21203963892476851,0.43333333333333335,1.8,1.1666666666666667
1742310650.573512,35.0,-68.0,285.0,,-2.3006736133001855,-0.21478484060376246,-0.21203963892476851,0.43333333333333335,1.8,1.1666666666666667
1742310650.5937533,35.0,-68.0,285.0,,-2.3006736133001855,-0.21478484060376246,-0.21203963892476851,0.43333333333333335,1.8,1.1666666666666667
1742310650.6139686,35.0,-68.0,285.0,,-2.3006736133001855,-0.21478484060376246,-0.21203963892476851,0.43333333333333335,1.8,1.1666666666666667
1742310650.6345558,35.0,-68.0,285.0,,-2.3006736133001855,-0.21478484060376246,-0.21203963892476851,0.43333333333333335,1.8,1.1666666666666667
1742310650.6547842,35.0,-68.0,285.0,,-2.3006736133001855,-0.21478484060376246,-0.21203963892476851,0.43333333333333335,1.8,1.1666666666666667
1742310650.675369,35.0,-68.0,285.0,,-2.3006736133001855,-0.21478484060376246,-0.21203963892476851,0.43333333333333335,1.8,1.1666666666666667
1742310650.6955502,35.0,-68.0,285.0,,-2.3006736133001855,-0.21478484060376246,-0.21203963892476851,0.43333333333333335,1.8,1.1666666666666667
1742310650.7157536,35.0,-68.0,285.0,,-2.3006736133001855,-0.21478484060376246,-0.21203963892476851,0.43333333333333335,1.8,1.1666666666666667
1742310650.736054,35.0,-68.0,285.0,,-2.3006736133001855,-0.21478484060376246,-0.21203963892476851,0.43333333333333335,1.8,1.1666666666666667
1742310650.7579448,35.0,-68.0,285.0,,-2.3006736133001855,-0.21478484060376246,-0.21203963892476851,0.43333333333333335,1.8,1.1666666666666667
1742310650.7781901,35.0,-68.0,285.0,,-2.3006736133001855,-0.21478484060376246,-0.21203963892476851,0.43333333333333335,1.8,1.1666666666666667
1742310650.7983677,35.0,-68.0,285.0,,-2.3006736133001855,-0.21478484060376246,-0.21203963892476851,0.43333333333333335,1.8,1.1666666666666667
1742310650.818943,35.0,-68.0,285.0,,-2.3006736133001855,-0.21478484060376246,-0.21203963892476851,0.43333333333333335,1.8,1.1666666666666667
1742310650.8391132,35.0,-68.0,285.0,,-2.3006736133001855,-0.21478484060376246,-0.21203963892476851,0.43333333333333335,1.8,1.1666666666666667
1742310650.8593438,35.0,-68.0,285.0,,-2.3006736133001855,-0.21478484060376246,-0.21203963892476851,0.43333333333333335,1.8,1.1666666666666667
1742310650.8798301,35.0,-68.0,285.0,,-2.3006736133001855,-0.21478484060376246,-0.21203963892476851,0.43333333333333335,1.8,1.1666666666666667
1742310650.9000318,35.0,-68.0,285.0,,-2.3006736133001855,-0.21478484060376246,-0.21203963892476851,0.43333333333333335,1.8,1.1666666666666667
1742310650.9202404,35.0,-68.0,285.0,,-2.3006736133001855,-0.21478484060376246,-0.21203963892476851,0.43333333333333335,1.8,1.1666666666666667
1742310650.9404485,35.0,-68.0,285.0,,-2.3006736133001855,-0.21478484060376246,-0.21203963892476851,0.43333333333333335,1.8,1.1666666666666667
1742310650.9606838,35.0,-68.0,285.0,,-2.3006736133001855,-0.21478484060376246,-0.21203963892476851,0.43333333333333335,1.8,1.1666666666666667
1742310650.9813905,35.0,-68.0,285.0,,-2.3006736133001855,-0.21478484060376246,-0.21203963892476851,0.43333333333333335,1.8,1.1666666666666667
1742310651.0015867,33.0,-68.0,319.0,,-1.0646736133001848,0.05009106650258399,-0.005678722782019863,-1.7333333333333334,-1.8333333333333333,-0.9666666666666667
1742310651.021835,32.0,-67.0,322.0,,-1.8431526123684394,0.14549201787226007,-0.1141184282633092,-1.9333333333333333,-2.4,-1.3333333333333333
1742310651.042092,32.0,-67.0,325.0,,-2.48015261236844,-0.2865079821277403,-0.28008138418526474,-2.0,-3.3666666666666667,-1.6333333333333333
1742310651.0622792,31.0,-65.0,328.0,,-2.556879390829536,-1.6305235148676318,-0.6194283655829178,-1.9333333333333333,-4.466666666666667,-1.6666666666666667
1742310651.0826898,30.0,-62.0,331.0,,-0.4647158859460738,-1.6599999999999993,-0.12682050271952283,-0.7666666666666667,-4.566666666666666,-0.9333333333333333
1742310651.1034,29.0,-58.0,333.0,,0.6916481767054599,-0.5209823746165663,0.4526451575824737,-0.8666666666666667,-3.4,-1.0333333333333334
1742310651.124853,29.0,-55.0,335.0,,0.31811844552498947,0.03801762538343301,0.4611203970497586,-1.2333333333333334,-2.3333333333333335,-1.5666666666666667
1742310651.1450427,28.0,-53.0,337.0,,-0.9906143535639425,-1.1255160309295893,-0.3626970292018825,-1.5,-2.3333333333333335,-1.6333333333333333
1742310651.1652515,27.0,-51.0,340.0,,-1.1228018818928849,-2.355646802444954,-0.7765432354961881,-0.5666666666666667,-2.4,-1.2
1742310651.1854439,26.0,-48.0,343.0,,-0.17125073793323775,-0.5744209500008495,0.33534053944672326,0.0,-2.7,-1.0333333333333334
1742310651.2056239,26.0,-48.0,343.0,,-0.17125073793323775,-0.5744209500008495,0.33534053944672326,0.0,-2.7,-1.0333333333333334
1742310651.2258537,25.0,-45.0,344.0,,-0.288717523440031,0.27611485232373756,0.6343398313366544,-0.5666666666666667,-2.3333333333333335,-0.9666666666666667
1742310651.24603,24.0,-41.0,346.0,,0.1530609256031239,-1.2450864685736,0.09310893558818378,-0.8333333333333334,-2.7666666666666666,-0.5
1742310651.2664022,24.0,-41.0,346.0,,0.1530609256031239,-1.2450864685736,0.09310893558818378,-0.8333333333333334,-2.7666666666666666,-0.5
1742310651.286588,24.0,-39.0,347.0,,1.1113669638010952,-0.8530864685736002,0.6597269287361858,-0.36666666666666664,-2.066666666666667,-0.3333333333333333
1742310651.3067825,24.0,-37.0,348.0,,1.489194622878406,-0.9710864685736,1.0198300457936798,0.3,-0.1,-0.4666666666666667
1742310651.3270335,24.0,-37.0,348.0,,1.489194622878406,-0.9710864685736,1.0198300457936798,0.3,-0.1,-0.4666666666666667
1742310651.3472173,24.0,-37.0,348.0,,1.489194622878406,-0.9710864685736,1.0198300457936798,0.3,-0.1,-0.4666666666666667
1742310651.3699145,22.0,-37.0,348.0,,-0.04080537712159327,-0.2338906814100974,0.32802879330129553,0.0,-0.6333333333333333,-0.13333333333333333
1742310651.3901281,22.0,-37.0,348.0,,-0.04080537712159327,-0.2338906814100974,0.32802879330129553,0.0,-0.6333333333333333,-0.13333333333333333
1742310651.410386,21.0,-37.0,347.0,,0.37119462287840665,-0.32958958503939595,0.5367975091785109,-0.16666666666666666,-0.8333333333333334,-0.0
1742310651.4305937,21.0,-36.0,347.0,,0.5678266750108376,-0.5745895850393961,0.2566790537687842,0.03333333333333333,-0.5,-0.0
1742310651.4529223,21.0,-36.0,347.0,,0.5678266750108376,-0.5745895850393961,0.2566790537687842,0.03333333333333333,-0.5,-0.0
1742310651.4731154,21.0,-37.0,347.0,,-0.10880537712159377,0.0924104149606042,0.46234071300163926,0.16666666666666666,0.13333333333333333,-0.06666666666666667
1742310651.4935048,20.0,-37.0,347.0,,-0.5018053771215936,-0.09021760602481033,0.0946156961811413,0.0,0.0,-0.0
1742310651.513783,20.0,-37.0,347.0,,-0.5018053771215936,-0.09021760602481033,0.0946156961811413,0.0,0.0,-0.0
1742310651.5355585,20.0,-38.0,346.0,,-0.3826390729447082,0.12478239397518953,0.15692221426109132,-0.03333333333333333,0.0,0.06666666666666667
1742310651.5557492,20.0,-39.0,346.0,,-0.878633036198905,0.05678239397518947,-0.10160661926603254,-0.1,0.03333333333333333,-0.0
1742310651.575924,20.0,-39.0,346.0,,-0.7416330361989045,-0.08121760602481043,-0.16789898804464443,-0.06666666666666667,0.0,-0.03333333333333333
1742310651.5961041,20.0,-40.0,346.0,,-0.638746451024951,-0.07121760602481064,-0.057731682739484036,0.0,0.13333333333333333,-0.03333333333333333
1742310651.6163025,20.0,-40.0,346.0,,-0.5797464510249508,-0.051217606024810625,-0.03253339639346464,0.0,0.36666666666666664,-0.03333333333333333
1742310651.6365047,20.0,-41.0,346.0,,-0.7199390743968763,-0.0322176060248105,-0.07918088903963394,-0.03333333333333333,0.5666666666666667,-0.06666666666666667
1742310651.6567369,20.0,-42.0,346.0,,-0.8871712483804002,0.036782393975189454,-0.004815300590597538,-0.13333333333333333,0.6,-0.03333333333333333
1742310651.6773283,20.0,-44.0,346.0,,-0.9415986142027633,-0.022217606024810266,0.06451696853081224,-0.23333333333333334,0.5666666666666667,-0.0
1742310651.6977131,19.0,-46.0,346.0,,-0.9087234413221674,0.1491764047752926,0.2534116547983407,-0.26666666666666666,0.6333333333333333,-0.0
1742310651.7184286,20.0,-46.0,346.0,,-0.5757234413221672,0.1057823939751894,0.39932913644539436,-0.3333333333333333,0.8,-0.0
1742310651.7390172,20.0,-48.0,347.0,,-0.6722507379332372,0.13478239397518976,0.3036735303237226,-0.3333333333333333,1.1666666666666667,-0.03333333333333333
1742310651.7596953,20.0,-49.0,347.0,,-0.8927009819853939,0.4097823939751897,0.0907177049039758,-0.23333333333333334,1.5333333333333334,-0.1
1742310651.780327,20.0,-52.0,348.0,,-1.4253854928819436,0.6057823939751894,0.21536604865120612,-0.3,1.5,-0.13333333333333333
1742310651.800875,20.0,-54.0,348.0,,-1.2694567148182347,0.6547823939751893,0.3152344600348851,-0.6,1.3,-0.03333333333333333
1742310651.8211687,20.0,-57.0,349.0,,-1.4523582715446093,0.7427823939751894,0.1394102087740956,-0.8333333333333334,1.1333333333333333,0.06666666666666667
1742310651.841703,20.0,-59.0,349.0,,-1.2318112198877227,0.5177823939751898,0.11654321912521226,-0.9666666666666667,1.0333333333333334,0.06666666666666667
1742310651.862297,21.0,-61.0,350.0,,-1.1970193270374727,0.013410414960604022,-0.10429564231250854,-0.6,1.2333333333333334,0.1
1742310651.883074,21.0,-63.0,351.0,,-1.6807740022878894,0.5234104149606038,-0.12453533484236434,-0.3333333333333333,1.2333333333333334,0.03333333333333333
1742310651.9036474,21.0,-65.0,352.0,,-2.0368793908295357,0.8864104149606042,-0.15594907824333148,-0.3333333333333333,1.1,-0.0
1742310651.9239383,21.0,-67.0,352.0,,-2.22515261236844,0.8184104149606037,-0.25916258962645156,-0.3333333333333333,0.7333333333333333,-0.0
1742310651.9449573,21.0,-68.0,353.0,,-1.9576736133001855,0.6804104149606038,-0.19561503727825613,-0.26666666666666666,0.4,-0.0
1742310651.9651425,21.0,-69.0,354.0,,-1.3534239839375495,0.44541041496060396,-0.028496249289635678,-0.3333333333333333,0.2,-0.0
1742310651.985351,21.0,-69.0,354.0,,-1.3534239839375495,0.44541041496060396,-0.028496249289635678,-0.3333333333333333,0.2,-0.0
1742310652.0055778,21.0,-70.0,354.0,,-1.5013846099097607,0.7104104149606041,0.02493118430425234,-0.3,0.23333333333333334,0.03333333333333333
1742310652.0258806,21.0,-71.0,355.0,,-1.4995372266292986,0.808410414960604,0.06221897926620201,-0.4,0.13333333333333333,0.1
1742310652.0473971,21.0,-71.0,355.0,,-1.4995372266292986,0.808410414960604,0.06221897926620201,-0.4,0.13333333333333333,0.1
1742310652.067829,21.0,-71.0,355.0,,-1.774537226629298,0.8374104149606039,-0.06216474258420224,-0.2,0.06666666666666667,0.1
1742310652.0880115,22.0,-71.0,356.0,,-1.6465372266292988,0.9531093185899029,0.025338655367528773,-0.1,0.16666666666666666,0.06666666666666667
1742310652.1085136,22.0,-71.0,356.0,,-1.6465372266292988,0.9531093185899029,0.025338655367528773,-0.1,0.16666666666666666,0.06666666666666667
1742310652.1287835,22.0,-72.0,356.0,,-1.7208644248554563,0.4821093185899028,-0.0425002072319014,-0.06666666666666667,0.2,-0.0
1742310652.1490326,23.0,-72.0,356.0,,-1.6228644248554565,0.5299276295202247,-0.011138185970317238,0.03333333333333333,0.23333333333333334,0.06666666666666667
1742310652.1700556,23.0,-72.0,356.0,,-1.6228644248554565,0.5299276295202247,-0.011138185970317238,0.03333333333333333,0.23333333333333334,0.06666666666666667
1742310652.1904335,23.0,-72.0,356.0,,-1.6228644248554565,0.5299276295202247,-0.011138185970317238,0.03333333333333333,0.23333333333333334,0.06666666666666667
1742310652.2111824,23.0,-72.0,355.0,,-1.7108644248554565,0.8239276295202242,-0.014994657056184746,0.3,0.2,0.03333333333333333
1742310652.231404,23.0,-72.0,355.0,,-1.7798644248554565,1.1969276295202245,0.0261117117983507,0.1,0.03333333333333333,0.13333333333333333
1742310652.2516122,23.0,-72.0,355.0,,-1.6818644248554566,0.9419276295202246,0.007460087937666948,-0.06666666666666667,-0.06666666666666667,0.23333333333333334
1742310652.2721999,23.0,-72.0,355.0,,-1.828864424855456,0.7159276295202246,-0.07428038330277653,-0.16666666666666666,-0.1,0.26666666666666666
1742310652.2940173,23.0,-72.0,355.0,,-1.740864424855456,0.8729276295202246,-0.05287570699792887,0.0,-0.1,0.2
1742310652.3142612,23.0,-72.0,355.0,,-1.7798644248554565,0.7549276295202243,-0.06701730124263605,0.06666666666666667,-0.03333333333333333,0.1
1742310652.334479,23.0,-72.0,355.0,,-1.740864424855456,0.7359276295202242,-0.03546025741155567,0.23333333333333334,0.06666666666666667,0.03333333333333333
1742310652.355175,23.0,-72.0,354.0,,-1.799864424855456,0.7549276295202243,-0.024318307926818328,0.43333333333333335,0.13333333333333333,-0.0
1742310652.375902,23.0,-72.0,354.0,,-1.828864424855456,0.9219276295202241,-0.013689496684041735,0.36666666666666664,0.1,-0.0
1742310652.3965845,23.0,-72.0,354.0,,-1.7798644248554565,1.1379276295202243,0.019020661614879586,0.3,0.1,0.03333333333333333
1742310652.4173586,23.0,-72.0,353.0,,-2.083864424855456,0.9319276295202239,-0.1600888443562991,0.0,-0.03333333333333333,-0.0
1742310652.4375684,23.0,-72.0,353.0,,-2.083864424855456,0.9319276295202239,-0.1600888443562991,0.0,-0.03333333333333333,-0.0
1742310652.4577744,23.0,-72.0,353.0,,-2.0248644248554566,0.862927629520224,-0.15245324609985778,0.03333333333333333,-0.06666666666666667,-0.0
1742310652.4782758,23.0,-72.0,353.0,,-1.8488644248554564,0.8139276295202245,-0.048706479315745455,-0.4666666666666667,-0.16666666666666666,-0.13333333333333333
1742310652.4984758,23.0,-72.0,353.0,,-1.8488644248554564,0.8139276295202245,-0.048706479315745455,-0.4666666666666667,-0.16666666666666666,-0.13333333333333333
1742310652.5192535,22.0,-72.0,354.0,,-2.0348644248554564,0.34510931858990235,-0.004044447061244405,-0.03333333333333333,-0.26666666666666666,-0.03333333333333333
1742310652.5394976,22.0,-72.0,354.0,SINGLE_TAP,-1.671864424855456,0.9131093185899029,-0.015873673102798413,-0.03333333333333333,-0.03333333333333333,-0.03333333333333333
1742310652.5597107,22.0,-72.0,354.0,,-1.5538644248554565,1.0511093185899028,0.017408248359590317,0.03333333333333333,-0.03333333333333333,-0.06666666666666667
1742310652.579924,22.0,-72.0,354.0,,-1.7208644248554563,0.9631093185899027,-0.08845970246732415,0.23333333333333334,0.0,-0.13333333333333333
1742310652.6006715,22.0,-73.0,354.0,,-2.0563496559973773,1.0211093185899025,-0.15989322986395793,0.6,0.0,-0.26666666666666666
1742310652.6213164,21.0,-72.0,353.0,,-2.2698644248554567,1.327410414960604,-0.12112135572847116,0.7,-0.2,-0.36666666666666664
1742310652.6418037,21.0,-72.0,352.0,,-1.7898644248554563,1.1714104149606044,0.09585529779300117,0.5,-0.23333333333333334,-0.3333333333333333
1742310652.6621919,20.0,-72.0,352.0,,-1.6328644248554562,1.0957823939751892,0.08103278633726063,0.3,-0.06666666666666667,-0.2
1742310652.682517,20.0,-72.0,352.0,,-1.5248644248554566,0.7327823939751896,0.10345628875325463,0.2,0.0,-0.1
1742310652.705706,20.0,-72.0,351.0,,-1.485864424855456,1.00778239397519,0.1926535536765659,0.1,0.0,-0.03333333333333333
1742310652.7259448,19.0,-72.0,351.0,,-1.6228644248554565,1.0901764047752924,0.07352188091167289,0.03333333333333333,-0.06666666666666667,-0.03333333333333333
1742310652.7461433,19.0,-72.0,351.0,,-1.5838644248554559,1.1891764047752926,0.10911111371590909,0.06666666666666667,-0.1,-0.03333333333333333
1742310652.7666402,19.0,-72.0,351.0,,-1.5838644248554559,1.1891764047752926,0.10911111371590909,0.06666666666666667,-0.1,-0.03333333333333333
1742310652.7868571,19.0,-71.0,351.0,,-1.7155372266292988,1.1301764047752925,0.024861417468681424,0.0,0.0,-0.06666666666666667
1742310652.8070903,20.0,-71.0,350.0,,-1.8135372266292986,0.9097823939751892,-0.0697483330250579,0.06666666666666667,-0.13333333333333333,-0.06666666666666667
1742310652.8273056,20.0,-71.0,350.0,,-1.8135372266292986,0.9097823939751892,-0.0697483330250579,0.06666666666666667,-0.13333333333333333,-0.06666666666666667
1742310652.8479528,20.0,-71.0,350.0,,-1.7255372266292985,0.9387823939751891,-0.030593813402620462,0.06666666666666667,-0.06666666666666667,-0.03333333333333333
1742310652.8681703,20.0,-70.0,350.0,,-1.90338460990976,1.0467823939751897,-0.027171110281977384,-0.1,-0.23333333333333334,-0.0
1742310652.8884392,20.0,-70.0,350.0,,-1.90338460990976,1.0467823939751897,-0.027171110281977384,-0.1,-0.23333333333333334,-0.0
1742310652.9091315,21.0,-68.0,349.0,,-1.5356736133001858,0.5924104149606038,-0.014628945135758187,0.0,-0.43333333333333335,-0.0
1742310652.9293478,21.0,-68.0,349.0,,-1.5556736133001854,0.7984104149606042,0.004810931886622072,0.06666666666666667,-0.36666666666666664,-0.06666666666666667
1742310652.9499178,21.0,-68.0,349.0,,-1.5556736133001854,0.7984104149606042,0.004810931886622072,0.06666666666666667,-0.36666666666666664,-0.06666666666666667
1742310652.970281,21.0,-67.0,348.0,,-2.0291526123684394,0.8474104149606045,-0.15035187866192512,0.0,-0.6333333333333333,-0.1
1742310652.9904895,21.0,-66.0,348.0,,-1.901880939473915,0.7684104149606039,-0.1550271779268959,0.0,-0.8,-0.1
1742310653.0137184,21.0,-66.0,348.0,,-1.901880939473915,0.7684104149606039,-0.1550271779268959,0.0,-0.8,-0.1
1742310653.034436,21.0,-65.0,348.0,,-1.5468793908295355,0.6614104149606037,0.049067641500815995,-0.03333333333333333,-0.7666666666666667,-0.13333333333333333
1742310653.054675,21.0,-65.0,348.0,,-1.3608793908295356,0.39641041496060403,0.09320586030818578,0.03333333333333333,-0.5333333333333333,-0.06666666666666667
1742310653.0751188,21.0,-64.0,348.0,,-1.5811695941948285,0.41541041496060416,-0.060070521221576634,0.2,-0.4,-0.1
1742310653.0953634,21.0,-63.0,348.0,,-1.514774002287889,0.4644104149606041,-0.06384773749541228,0.36666666666666664,-0.4666666666666667,-0.2
1742310653.1156006,21.0,-63.0,348.0,,-1.5727740022878889,0.5334104149606045,0.008646878289962245,0.36666666666666664,-0.4,-0.2
1742310653.1360226,20.0,-63.0,347.0,,-1.729774002287889,0.7917823939751898,0.08478977050236569,0.2,-0.4666666666666667,-0.16666666666666666
1742310653.1562288,20.0,-63.0,347.0,,-1.8677740022878888,0.8017823939751896,0.02207081300992897,0.03333333333333333,-0.6,-0.1
1742310653.1771185,20.0,-62.0,347.0,,-2.092715885946073,0.6647823939751891,-0.14344562286501095,0.0,-0.9333333333333333,-0.0
1742310653.1978009,20.0,-61.0,346.0,,-2.187019327037473,0.6057823939751894,-0.255914237912795,0.03333333333333333,-1.3,-0.0
1742310653.2181475,20.0,-60.0,346.0,,-2.102709211125343,0.4487823939751894,-0.3645860937330241,0.3,-1.5,-0.1
1742310653.23844,20.0,-59.0,346.0,,-2.221811219887722,0.6447823939751895,-0.28359724015018806,0.4666666666666667,-1.6333333333333333,-0.3
1742310653.2589655,19.0,-57.0,346.0,,-1.7853582715446095,0.5411764047752925,0.054115667947046475,0.5,-1.5333333333333334,-0.36666666666666664
1742310653.2794507,19.0,-56.0,345.0,,-2.406858586764959,0.3651764047752928,-0.2807425455746584,0.7,-1.5,-0.43333333333333335
1742310653.300247,18.0,-54.0,345.0,,-2.661456714818234,0.2135432851817658,-0.5635050251569256,0.9333333333333333,-1.8666666666666667,-0.5333333333333333
1742310653.3209698,17.0,-52.0,344.0,,-3.2493854928819434,0.17083357666995225,-1.199702136828929,1.3666666666666667,-2.566666666666667,-0.7666666666666667
1742310653.3421915,15.0,-49.0,343.0,,-2.6387009819853944,0.23498516754427135,-0.371701398724789,1.2333333333333334,-2.8,-1.0333333333333334
1742310653.3629346,14.0,-46.0,343.0,,-2.2327234413221673,0.07774620416725941,0.4337450215750458,1.2,-2.6333333333333333,-0.9666666666666667
1742310653.38316,12.0,-43.0,343.0,,-1.9944039122131105,0.2343863130777808,1.051749610044988,0.9666666666666667,-2.4,-0.7666666666666667
1742310653.4036381,11.0,-41.0,342.0,,-2.0339390743968764,0.13716375535609537,1.0500111460307053,0.7,-2.033333333333333,-0.5333333333333333
1742310653.4247005,9.0,-39.0,342.0,,-2.418633036198905,0.10237789795533514,0.5522973833386189,0.6,-1.9,-0.4
1742310653.4450414,9.0,-37.0,342.0,,-2.0898053771215936,-0.4766221020446648,0.3288955365272006,0.8333333333333334,-1.8333333333333333,-0.36666666666666664
1742310653.4662714,7.0,-33.0,341.0,,-1.744908933497416,0.13746174119550325,0.5681645155454564,1.2,-1.0333333333333334,-0.2
1742310653.4866495,7.0,-33.0,341.0,,-1.744908933497416,0.13746174119550325,0.5681645155454564,1.2,-1.0333333333333334,-0.2
1742310653.5089426,6.0,-32.0,340.0,,-2.1985079821277402,0.3265757753443195,0.38207249906980323,1.0333333333333334,-0.8333333333333334,-0.16666666666666666
1742310653.529153,4.0,-30.0,339.0,,-2.8559999999999994,0.18768899257013072,-0.12309024250787282,0.8333333333333334,-1.3,-0.16666666666666666
1742310653.549369,4.0,-30.0,339.0,,-2.8559999999999994,0.18768899257013072,-0.12309024250787282,0.8333333333333334,-1.3,-0.16666666666666666
1742310653.5695932,3.0,-29.0,339.0,,-2.4129823746165666,0.289584269256721,-0.2922606800164669,0.9666666666666667,-1.3,-0.0
1742310653.5898018,1.0,-27.0,337.0,,-2.120646802444954,0.3767918928502488,-0.4405929540411755,1.1,-0.8666666666666667,0.6666666666666666
1742310653.6100311,1.0,-27.0,337.0,,-2.120646802444954,0.3767918928502488,-0.4405929540411755,1.1,-0.8666666666666667,0.6666666666666666
1742310653.630593,1.0,-26.0,336.0,,-2.3894209500008494,0.27879189285024875,-0.18938669303060784,1.1333333333333333,-0.6666666666666666,0.8333333333333334
1742310653.651021,0.0,-25.0,333.0,,-2.5878851476762623,-0.177,0.445229223196252,1.0666666666666667,-0.7333333333333333,0.7
1742310653.6714702,0.0,-25.0,333.0,,-2.5878851476762623,-0.177,0.445229223196252,1.0666666666666667,-0.7333333333333333,0.7
1742310653.6916578,0.0,-24.0,331.0,,-2.3730864685736,0.126,0.730632605407731,0.7666666666666667,-0.43333333333333335,0.7
1742310653.7139738,-1.0,-23.0,330.0,,-2.3630723704797756,0.19920810714975126,1.0963820503431272,0.4666666666666667,-0.13333333333333333,0.5
1742310653.7341914,-1.0,-23.0,330.0,,-2.3630723704797756,0.19920810714975126,1.0963820503431272,0.4666666666666667,-0.13333333333333333,0.5
1742310653.7544012,-1.0,-23.0,329.0,,-2.961072370479776,-0.5837918928502488,0.5380907027972164,0.23333333333333334,0.23333333333333334,0.16666666666666666
1742310653.7746124,-1.0,-24.0,328.0,,-2.9710864685736,-0.2507918928502487,0.47454348259928203,0.3,0.3333333333333333,0.3
1742310653.7960243,-1.0,-24.0,328.0,,-2.8140864685736,-0.024791892850248742,0.5323526823147926,0.16666666666666666,0.3,0.3333333333333333
1742310653.8162503,-1.0,-25.0,328.0,,-2.6368851476762623,-0.09379189285024875,0.8437976995985039,-0.03333333333333333,0.23333333333333334,0.23333333333333334
1742310653.8366416,0.0,-25.0,327.0,,-2.508885147676262,-0.461,0.857215275009338,-0.26666666666666666,0.26666666666666666,0.13333333333333333
1742310653.857143,0.0,-25.0,327.0,,-2.4308851476762623,-0.579,0.530233308079703,-0.36666666666666664,0.36666666666666664,0.1
1742310653.8783054,0.0,-26.0,328.0,,-2.0954209500008494,-0.657,-0.5482742867626769,-0.2,0.8,0.13333333333333333
1742310653.8985975,0.0,-27.0,328.0,,-2.954646802444954,-0.5,-0.10796918884916629,0.13333333333333333,0.9333333333333333,0.36666666666666664
1742310653.9191067,1.0,-28.0,327.0,,-3.1455160309295893,-0.46520810714975125,0.40571812276525065,-0.1,0.43333333333333335,0.36666666666666664
1742310653.9396462,1.0,-29.0,327.0,,-2.8839823746165667,-0.29820810714975127,0.5790154544466457,-0.4,0.13333333333333333,0.3
1742310653.9634242,2.0,-29.0,327.0,,-2.5109823746165665,-0.5973640626515345,0.6307744959322772,-0.5,0.2,0.3
1742310653.983625,3.0,-29.0,327.0,,-2.0409823746165667,-0.5524157307432791,0.5814347870337908,-0.5,0.5666666666666667,0.36666666666666664
1742310654.005916,4.0,-31.0,327.0,,-2.415523514867632,-0.8803110074298692,0.25216280504660027,-0.2,1.6,0.43333333333333335
1742310654.0261223,4.0,-31.0,327.0,,-2.415523514867632,-0.8803110074298692,0.25216280504660027,-0.2,1.6,0.43333333333333335
1742310654.0467625,5.0,-33.0,327.0,,-2.9319089334974158,-0.8269978363545266,0.2344302282702042,-0.16666666666666666,1.4666666666666666,0.4
1742310654.068942,6.0,-36.0,326.0,,-2.590173324989162,-0.2614242246556806,0.10231593735695199,-0.6,1.0333333333333334,0.3333333333333333
1742310654.0891764,6.0,-36.0,326.0,,-2.590173324989162,-0.2614242246556806,0.10231593735695199,-0.6,1.0333333333333334,0.3333333333333333
1742310654.1094182,7.0,-37.0,326.0,,-1.9138053771215935,-0.49053825880449675,0.3454370937110305,-0.6,1.4,0.36666666666666664
1742310654.1296222,9.0,-41.0,327.0,,-2.4459390743968763,-1.0156221020446647,0.14468672012689687,-0.3333333333333333,2.4,0.43333333333333335
1742310654.1498907,9.0,-41.0,327.0,,-2.4459390743968763,-1.0156221020446647,0.14468672012689687,-0.3333333333333333,2.4,0.43333333333333335
1742310654.1702003,10.0,-46.0,327.0,,-2.1937234413221667,-0.8614886229125868,-0.19923201331106277,-0.06666666666666667,2.3333333333333335,0.36666666666666664
1742310654.1905966,11.0,-49.0,326.0,,-1.7557009819853944,-0.8628362446439046,0.24130253961552128,-0.03333333333333333,2.533333333333333,0.4666666666666667
1742310654.210996,11.0,-49.0,326.0,,-1.7557009819853944,-0.8628362446439046,0.24130253961552128,-0.03333333333333333,2.533333333333333,0.4666666666666667
1742310654.2313695,12.0,-55.0,326.0,,-2.2218815544750097,-1.1676136869222193,-0.3830224948518408,0.06666666666666667,2.7333333333333334,0.4666666666666667
1742310654.2540092,12.0,-58.0,326.0,,-2.1523518232945396,-1.0796136869222193,-0.5515880325444318,0.23333333333333334,2.433333333333333,0.43333333333333335
1742310654.2742507,12.0,-58.0,326.0,,-2.1523518232945396,-1.0796136869222193,-0.5515880325444318,0.23333333333333334,2.433333333333333,0.43333333333333335
1742310654.2944613,13.0,-63.0,325.0,,-1.3277740022878888,-1.0307698431133157,0.08708777381219246,0.4666666666666667,2.2333333333333334,0.26666666666666666
1742310654.314722,13.0,-65.0,324.0,,-1.3998793908295362,-1.0207698431133156,0.0019760046020920186,0.4666666666666667,2.2666666666666666,0.26666666666666666
1742310654.3349407,13.0,-65.0,324.0,,-1.3998793908295362,-1.0207698431133156,0.0019760046020920186,0.4666666666666667,2.2666666666666666,0.26666666666666666
1742310654.3551888,13.0,-70.0,323.0,,-1.3643846099097603,-1.1187698431133155,-0.10002935059106655,0.8666666666666667,2.4,0.23333333333333334
1742310654.375396,13.0,-72.0,322.0,,-1.3288644248554569,-0.6677698431133157,-0.0005146816427270551,0.7666666666666667,2.2,0.06666666666666667
1742310654.395604,13.0,-74.0,321.0,,-1.2819772371549085,-0.8737698431133156,0.013823479028066465,0.5333333333333333,2.033333333333333,-0.0
1742310654.416286,13.0,-74.0,321.0,,-1.2819772371549085,-0.8737698431133156,0.013823479028066465,0.5333333333333333,2.033333333333333,-0.0
1742310654.4364927,13.0,-74.0,321.0,,-1.2819772371549085,-0.8737698431133156,0.013823479028066465,0.5333333333333333,2.033333333333333,-0.0
1742310654.4567485,12.0,-79.0,319.0,,-0.33376266962158496,-1.1086136869222192,0.16518840959753778,0.6,2.433333333333333,0.43333333333333335
1742310654.4771628,13.0,-81.0,319.0,,-0.29522262123830245,-1.1587698431133155,0.09940228041355281,0.5666666666666667,2.533333333333333,0.43333333333333335
1742310654.4979298,13.0,-84.0,318.0,,-0.2542597935627615,-1.0797698431133156,0.09322028796592097,0.5333333333333333,2.6666666666666665,0.3333333333333333
1742310654.5182154,13.0,-86.0,318.0,,-0.33310333304887685,-1.1487698431133155,0.02181892690472864,0.5,2.8333333333333335,0.36666666666666664
1742310654.5384555,14.0,-88.0,317.0,,-0.46902401305732866,-1.2852537958327406,-0.04389244361068889,0.6333333333333333,2.966666666666667,0.4666666666666667
1742310654.5587144,14.0,-91.0,317.0,,-0.24850588948419805,-1.2172537958327407,-0.01264291210704771,0.7666666666666667,3.1666666666666665,0.43333333333333335
1742310654.5789702,15.0,-94.0,316.0,,-0.22610333304887575,-1.1960148324557287,-0.00958664549285626,0.8333333333333334,3.3,0.36666666666666664
1742310654.6007438,15.0,-96.0,315.0,,-0.16625979356276233,-1.0690148324557287,-0.00313602327370599,0.7666666666666667,3.2666666666666666,0.36666666666666664
1742310654.6211667,16.0,-99.0,315.0,,0.04777737876169752,-1.214002460564762,-0.9176172884385783,0.6666666666666666,3.2666666666666666,0.4666666666666667
1742310654.641355,16.0,-102.0,314.0,,0.641372036801366,-1.518002460564762,-1.5845150111477142,1.0,3.8,0.4
1742310654.6615744,17.0,-106.0,313.0,,-0.13397723715490883,-0.702166423330048,-3.509205653250177,1.0,4.5,0.16666666666666666
1742310654.6817617,17.0,-109.0,312.0,,-0.8625372266292981,-0.4471664233300481,-5.291465148767989,0.7666666666666667,4.033333333333333,0.06666666666666667
1742310654.7019734,18.0,-113.0,311.0,,-0.7741526123684395,-0.47245671481823415,-6.7489197923501445,0.3333333333333333,3.1,0.06666666666666667
1742310654.722678,18.0,-117.0,311.0,,0.3492259977121108,-1.2474567148182343,-7.67358274283489,0.26666666666666666,2.6666666666666665,0.06666666666666667
1742310654.7428815,18.0,-119.0,311.0,,0.8429806729625255,-1.1104567148182343,-8.259887043952329,0.5333333333333333,2.966666666666667,0.03333333333333333
1742310654.763097,19.0,-122.0,310.0,,0.3096481767054602,-0.9198235952247074,-9.004354538102307,0.6,3.3333333333333335,-0.0
1742310654.7833858,19.0,-125.0,310.0,,-0.7208815544750093,-0.5278235952247075,-10.811787798744625,0.4,2.933333333333333,0.03333333333333333
1742310654.8040578,19.0,-128.0,310.0,,-0.5923854928819434,-0.7428235952247073,-11.866543305606303,0.03333333333333333,2.2,0.03333333333333333
1742310654.8244607,19.0,-130.0,310.0,,-0.592895986997175,-0.9688235952247073,-12.731981098268633,0.0,1.7333333333333334,0.03333333333333333
1742310654.8446534,19.0,-134.0,310.0,,-0.12472344132216673,-1.0768235952247074,-13.385112072926631,0.26666666666666666,1.5,-0.0
1742310654.8648703,19.0,-134.0,310.0,,-0.12472344132216673,-1.0768235952247074,-13.385112072926631,0.26666666666666666,1.5,-0.0
1742310654.885032,19.0,-135.0,310.0,,-0.21071752344003247,-1.0278235952247075,-13.564295547894563,0.3333333333333333,1.4666666666666666,-0.0
1742310654.905208,20.0,-137.0,309.0,,-0.34640391221311084,-1.1592176060248103,-14.557100214831472,0.3333333333333333,1.2666666666666666,0.03333333333333333
1742310654.9254227,20.0,-137.0,309.0,,-0.34640391221311084,-1.1592176060248103,-14.557100214831472,0.3333333333333333,1.2666666666666666,0.03333333333333333
1742310654.9456453,20.0,-139.0,309.0,,-0.013939074396876805,-1.1692176060248105,-14.65002115509391,0.26666666666666666,1.3333333333333333,0.1
1742310654.9659162,20.0,-142.0,309.0,,0.7943609270552905,-1.3652176060248105,-14.402976138044082,0.5333333333333333,2.433333333333333,0.03333333333333333
1742310654.9861102,20.0,-142.0,309.0,,0.7943609270552905,-1.3652176060248105,-14.402976138044082,0.5333333333333333,2.433333333333333,0.03333333333333333
1742310655.006373,21.0,-144.0,309.0,,0.7938266750108367,-1.3595895850393958,-14.60570629669564,1.0,3.566666666666667,-0.1
1742310655.0266953,21.0,-147.0,308.0,,-0.04790893349741854,-0.7315895850393961,-15.047191006982128,1.2333333333333334,4.433333333333334,-0.13333333333333333
1742310655.0470607,21.0,-147.0,308.0,,-0.04790893349741854,-0.7315895850393961,-15.047191006982128,1.2333333333333334,4.433333333333334,-0.13333333333333333
1742310655.0693934,23.0,-155.0,307.0,,-1.557885147676262,-0.5000723704797756,-16.786643028170353,0.7,3.933333333333333,0.26666666666666666
1742310655.089595,25.0,-164.0,307.0,,-1.5580024605647624,-1.0188851476762624,-18.157592803330495,0.43333333333333335,3.066666666666667,0.5
1742310655.1098788,25.0,-164.0,307.0,,-1.5580024605647624,-1.0188851476762624,-18.157592803330495,0.43333333333333335,3.066666666666667,0.5
1742310655.1303313,26.0,-170.0,308.0,,-2.2134886229125863,-0.7414209500008493,-19.070848704332345,0.3,1.2666666666666666,0.3333333333333333
1742310655.150696,26.0,-172.0,309.0,,-1.532288120418241,-0.8004209500008495,-18.836475060826,0.23333333333333334,0.8333333333333334,0.23333333333333334
1742310655.1710608,26.0,-172.0,309.0,,-1.532288120418241,-0.8004209500008495,-18.836475060826,0.23333333333333334,0.8333333333333334,0.23333333333333334
1742310655.1912322,27.0,-174.0,309.0,,-1.0064242246556834,-0.6786468024449541,-18.362356145271526,0.3,0.6333333333333333,0.03333333333333333
1742310655.2119257,27.0,-174.0,309.0,,-1.0064242246556834,-0.6786468024449541,-18.362356145271526,0.3,0.6333333333333333,0.03333333333333333
1742310655.2321057,27.0,-175.0,310.0,,-0.883997836354527,-0.5716468024449539,-18.111694807931762,0.26666666666666666,0.43333333333333335,-0.0
1742310655.2523267,28.0,-175.0,310.0,,-0.757997836354527,-0.6835160309295891,-17.948647369850665,0.0,-0.23333333333333334,-0.03333333333333333
1742310655.27272,28.0,-175.0,310.0,,-0.757997836354527,-0.6835160309295891,-17.948647369850665,0.0,-0.23333333333333334,-0.03333333333333333
1742310655.2929065,28.0,-175.0,310.0,,-0.276997836354527,-0.8795160309295893,-17.83451207552247,0.03333333333333333,-0.2,-0.03333333333333333
1742310655.3130975,27.0,-174.0,310.0,,-0.47742422465568324,-0.590646802444954,-17.831028052789506,0.0,0.0,0.03333333333333333
1742310655.3332841,27.0,-174.0,310.0,,-0.49642422465568325,-0.5716468024449539,-17.950607048318837,0.0,-0.06666666666666667,-0.0
1742310655.353497,27.0,-174.0,310.0,,-0.49642422465568325,-0.5716468024449539,-17.950607048318837,0.0,-0.06666666666666667,-0.0
1742310655.374113,27.0,-174.0,310.0,,-0.5364242246556833,-0.6106468024449541,-18.046526302353477,0.06666666666666667,0.0,-0.0
1742310655.3942945,27.0,-174.0,310.0,,-0.6634242246556833,-0.6696468024449542,-18.185255682306366,0.0,-0.03333333333333333,-0.0
1742310655.4144752,26.0,-174.0,310.0,,-0.6734242246556833,-0.5944209500008495,-18.28006511157242,0.0,-0.06666666666666667,0.03333333333333333
1742310655.4346688,26.0,-174.0,310.0,,-0.6834242246556832,-0.6634209500008494,-18.336827992771042,0.0,-0.03333333333333333,0.06666666666666667
1742310655.455178,26.0,-174.0,310.0,,-0.7514242246556833,-0.6144209500008495,-18.34489048325357,0.03333333333333333,-0.03333333333333333,0.06666666666666667
1742310655.4754045,26.0,-174.0,310.0,,-0.7224242246556833,-0.6634209500008494,-18.393522220331246,0.06666666666666667,0.0,0.03333333333333333
1742310655.495797,26.0,-174.0,310.0,,-0.7424242246556834,-0.6634209500008494,-18.372543082626045,0.13333333333333333,0.06666666666666667,-0.0
1742310655.5160213,26.0,-174.0,311.0,,-1.0254242246556833,-0.43742095000084946,-18.320632751878538,0.13333333333333333,0.03333333333333333,-0.0
1742310655.5361981,26.0,-174.0,311.0,,-1.0354242246556833,-0.41842095000084933,-18.21303740152482,-0.03333333333333333,-0.16666666666666666,-0.0
1742310655.556478,25.0,-174.0,311.0,,-0.6044242246556832,-0.6168851476762622,-18.15956163214458,0.06666666666666667,0.0,0.03333333333333333
1742310655.5770886,25.0,-174.0,311.0,,-0.8004242246556833,-0.380885147676262,-18.16242222589983,0.13333333333333333,0.03333333333333333,-0.0
1742310655.5980256,25.0,-174.0,311.0,,-0.8104242246556833,-0.3028851476762622,-18.055544256411068,0.1,0.0,-0.0
1742310655.618238,25.0,-174.0,311.0,,-0.7324242246556834,-0.3318851476762621,-18.029513866198563,0.03333333333333333,0.0,-0.0
1742310655.6384106,25.0,-174.0,311.0,,-0.7024242246556833,-0.37088514767626224,-18.12197000088551,0.03333333333333333,0.0,-0.0
1742310655.6586354,25.0,-175.0,311.0,,-0.5129978363545269,-0.42988514767626196,-18.130698555159857,0.03333333333333333,0.1,-0.0
1742310655.6790578,25.0,-175.0,311.0,,-0.649997836354527,-0.4108851476762623,-18.195081192820652,0.03333333333333333,0.13333333333333333,-0.0
1742310655.699253,25.0,-175.0,312.0,,-0.757997836354527,-0.3418851476762623,-18.26289494436101,0.03333333333333333,0.06666666666666667,-0.0
1742310655.7219572,24.0,-175.0,312.0,,-0.757997836354527,-0.24508646857360006,-18.24910387106749,0.0,-0.03333333333333333,-0.0
1742310655.7421398,24.0,-175.0,312.0,,-0.757997836354527,-0.24508646857360006,-18.24910387106749,0.0,-0.03333333333333333,-0.0
1742310655.7623305,24.0,-176.0,312.0,,-0.6843110074298714,-0.2550864685736003,-18.096302023344755,-0.43333333333333335,-0.2,-0.03333333333333333
1742310655.7825363,24.0,-176.0,312.0,,-0.6843110074298714,-0.2550864685736003,-18.096302023344755,-0.43333333333333335,-0.2,-0.03333333333333333
1742310655.8027618,23.0,-176.0,312.0,,-0.4793110074298714,-0.549072370479776,-18.248276360706676,-0.43333333333333335,-0.23333333333333334,-0.0
1742310655.8230264,22.0,-174.0,313.0,,-0.5954242246556833,-0.2528906814100971,-18.349791809250192,-0.1,0.0,-0.03333333333333333
1742310655.8432028,22.0,-174.0,313.0,,-0.5954242246556833,-0.2528906814100971,-18.349791809250192,-0.1,0.0,-0.03333333333333333
1742310655.8634102,22.0,-174.0,313.0,,-0.5754242246556833,-0.11589068141009706,-17.980396365292727,-0.3333333333333333,-0.06666666666666667,0.06666666666666667
1742310655.8835855,21.0,-174.0,314.0,,0.1895757753443168,-0.849589585039396,-18.297385430862132,-1.1,-0.13333333333333333,0.8
1742310655.9038074,21.0,-174.0,314.0,,0.1895757753443168,-0.849589585039396,-18.297385430862132,-1.1,-0.13333333333333333,0.8
1742310655.9244955,20.0,-173.0,315.0,,-0.11753825880449731,-0.6102176060248103,-18.827640839946504,-0.7666666666666667,0.16666666666666666,0.6333333333333333
1742310655.9447076,18.0,-173.0,317.0,,-1.2345382588044973,-0.2764567148182344,-19.029321047538296,-0.36666666666666664,0.0,0.13333333333333333
1742310655.9653432,18.0,-173.0,317.0,,-1.2345382588044973,-0.2764567148182344,-19.029321047538296,-0.36666666666666664,0.0,0.13333333333333333
1742310655.985535,17.0,-173.0,318.0,,-0.9515382588044974,-0.653166423330048,-19.03181939081195,-0.26666666666666666,0.03333333333333333,0.1
1742310656.0057485,17.0,-173.0,318.0,,-0.9515382588044974,-0.653166423330048,-19.03181939081195,-0.26666666666666666,0.03333333333333333,0.1
1742310656.0263743,17.0,-173.0,318.0,,-1.2545382588044973,-0.545166423330048,-19.165237651361437,-0.3,0.1,0.03333333333333333
1742310656.046554,16.0,-172.0,319.0,,-1.337288120418241,-0.538002460564762,-19.385062275140324,-0.4666666666666667,-0.16666666666666666,0.03333333333333333
1742310656.0669627,16.0,-172.0,319.0,,-1.337288120418241,-0.538002460564762,-19.385062275140324,-0.4666666666666667,-0.16666666666666666,0.03333333333333333
1742310656.0871646,15.0,-172.0,319.0,,-1.111288120418241,-0.43201483245572847,-19.147329151003888,-0.5,-0.2,0.06666666666666667
1742310656.1074278,14.0,-172.0,320.0,,-0.925288120418241,-0.5892537958327406,-19.387198564930003,-0.4,0.03333333333333333,0.13333333333333333
1742310656.1278212,14.0,-172.0,320.0,,-0.925288120418241,-0.5892537958327406,-19.387198564930003,-0.4,0.03333333333333333,0.13333333333333333
1742310656.1482158,13.0,-172.0,320.0,,-1.268288120418241,-0.3737698431133156,-19.529087673745018,-0.3333333333333333,0.0,0.1
1742310656.1684139,12.0,-172.0,321.0,,-1.111288120418241,-0.5106136869222193,-19.60524176841169,-0.36666666666666664,-0.26666666666666666,0.1
1742310656.1891906,12.0,-172.0,321.0,,-1.111288120418241,-0.5106136869222193,-19.60524176841169,-0.36666666666666664,-0.26666666666666666,0.1
1742310656.2093985,12.0,-171.0,321.0,,-1.084622102044666,-0.6186136869222192,-19.55468235098241,-0.23333333333333334,-0.1,0.06666666666666667
1742310656.2318752,11.0,-171.0,321.0,,-1.280622102044666,-0.40183624464390455,-19.734283920967385,0.0,-0.03333333333333333,-0.06666666666666667
1742310656.2520754,11.0,-171.0,321.0,,-1.280622102044666,-0.40183624464390455,-19.734283920967385,0.0,-0.03333333333333333,-0.06666666666666667
1742310656.2722728,10.0,-171.0,321.0,,-1.015622102044666,-0.2824886229125867,-19.330365437760044,-0.2,-0.3333333333333333,0.03333333333333333
1742310656.2924511,10.0,-170.0,321.0,,-0.929488622912586,-0.33148862291258663,-19.38109162651974,-0.23333333333333334,-0.3333333333333333,0.1
1742310656.312851,9.0,-170.0,322.0,,-0.7144886229125861,-0.26062210204466485,-19.34428256137712,-0.13333333333333333,-0.13333333333333333,-0.0
1742310656.3330572,9.0,-170.0,322.0,,-0.7144886229125861,-0.26062210204466485,-19.34428256137712,-0.13333333333333333,-0.13333333333333333,-0.0
1742310656.3534906,9.0,-170.0,322.0,,-1.135488622912586,-0.09362210204466481,-19.29398337818987,-0.03333333333333333,-0.03333333333333333,-0.06666666666666667
1742310656.3743649,9.0,-169.0,322.0,,-1.1568362446439062,-0.24162210204466494,-19.31527804460605,-0.2,-0.2,-0.0
1742310656.3945608,8.0,-169.0,322.0,,-0.9408362446439062,-0.29728812041824204,-19.465179701529784,-0.16666666666666666,-0.13333333333333333,0.06666666666666667
1742310656.4147737,8.0,-169.0,322.0,,-0.9408362446439062,-0.29728812041824204,-19.465179701529784,-0.16666666666666666,-0.13333333333333333,0.06666666666666667
1742310656.434942,8.0,-169.0,322.0,,-1.1178362446439063,-0.3562881204182422,-19.903583221263652,-0.03333333333333333,0.13333333333333333,-0.0
1742310656.4551654,8.0,-169.0,322.0,,-1.2648362446439063,-0.3362881204182422,-19.82181577830761,-0.03333333333333333,-0.06666666666666667,0.03333333333333333
1742310656.4756982,8.0,-169.0,322.0,,-1.2648362446439063,-0.3362881204182422,-19.82181577830761,-0.03333333333333333,-0.06666666666666667,0.03333333333333333
1742310656.4959219,7.0,-169.0,323.0,,-0.9118362446439063,-0.039538258804496795,-19.872601058516096,-0.06666666666666667,-0.23333333333333334,0.03333333333333333
1742310656.517388,7.0,-169.0,323.0,,-0.7938362446439062,-0.0585382588044967,-19.8339252904861,-0.03333333333333333,-0.16666666666666666,0.03333333333333333
1742310656.537596,7.0,-168.0,323.0,,-1.0306136869222189,-0.019538258804496778,-19.90689515397502,0.03333333333333333,-0.13333333333333333,-0.0
1742310656.558473,7.0,-168.0,323.0,,-1.0796136869222188,0.05846174119550329,-20.042647294977577,0.06666666666666667,-0.16666666666666666,-0.0
1742310656.5789754,7.0,-168.0,323.0,,-1.0596136869222188,0.019461741195503368,-20.11562009991095,0.0,-0.26666666666666666,-0.0
1742310656.5994668,7.0,-167.0,323.0,,-1.0307698431133179,-0.15753825880449668,-20.083956807187825,0.1,-0.2,-0.0
1742310656.6196833,7.0,-167.0,323.0,,-1.0307698431133179,-0.15753825880449668,-20.083956807187825,0.1,-0.2,-0.0
1742310656.6398914,7.0,-167.0,323.0,,-1.0407698431133179,-0.14753825880449667,-20.073860907271175,0.16666666666666666,-0.2,-0.0
1742310656.6609883,7.0,-167.0,323.0,,-0.9037698431133179,-0.10753825880449663,-19.834852144294658,0.16666666666666666,-0.3333333333333333,0.03333333333333333
1742310656.6812,7.0,-167.0,323.0,,-0.9037698431133179,-0.10753825880449663,-19.834852144294658,0.16666666666666666,-0.3333333333333333,0.03333333333333333
1742310656.701434,7.0,-166.0,323.0,,-1.0402537958327407,-0.009538258804496769,-19.810827319995166,0.16666666666666666,-0.3333333333333333,0.06666666666666667
1742310656.7218676,8.0,-165.0,323.0,,-1.0690148324557314,-0.09128812041824208,-19.51972322826345,0.23333333333333334,-0.26666666666666666,0.06666666666666667
1742310656.7420633,8.0,-165.0,323.0,,-1.0690148324557314,-0.09128812041824208,-19.51972322826345,0.23333333333333334,-0.26666666666666666,0.06666666666666667
1742310656.7622676,8.0,-165.0,323.0,,-1.1180148324557313,-0.003288120418242002,-19.545520352684235,0.23333333333333334,-0.3333333333333333,0.06666666666666667
1742310656.782465,8.0,-165.0,323.0,,-1.1180148324557313,-0.003288120418242002,-19.545520352684235,0.23333333333333334,-0.3333333333333333,0.06666666666666667
1742310656.8026807,8.0,-165.0,323.0,,-1.1180148324557313,-0.003288120418242002,-19.545520352684235,0.23333333333333334,-0.3333333333333333,0.06666666666666667
1742310656.823225,8.0,-165.0,323.0,,-1.1180148324557313,-0.003288120418242002,-19.545520352684235,0.23333333333333334,-0.3333333333333333,0.06666666666666667
1742310656.8434286,8.0,-164.0,324.0,,-1.0870024605647624,-0.05228812041824216,-19.452958890616536,0.2,-0.2,0.06666666666666667
1742310656.8636398,8.0,-164.0,324.0,,-1.0870024605647624,-0.05228812041824216,-19.452958890616536,0.2,-0.2,0.06666666666666667
1742310656.8838644,8.0,-164.0,324.0,,-1.0870024605647624,-0.05228812041824216,-19.452958890616536,0.2,-0.2,0.06666666666666667
1742310656.9040549,9.0,-164.0,324.0,,-1.3610024605647624,-0.24162210204466494,-19.59531268363228,0.23333333333333334,-0.2,0.13333333333333333
1742310656.9245164,9.0,-164.0,324.0,,-1.3610024605647624,-0.24162210204466494,-19.59531268363228,0.23333333333333334,-0.2,0.13333333333333333
1742310656.9447207,9.0,-163.0,324.0,,-1.3981664233300461,-0.21162210204466492,-19.5137052738894,0.23333333333333334,-0.26666666666666666,0.16666666666666666
1742310656.965346,10.0,-163.0,325.0,,-1.1721664233300462,-0.19448862291258684,-19.063499780151023,0.3333333333333333,-0.13333333333333333,0.1
1742310656.9855454,10.0,-163.0,325.0,,-1.1721664233300462,-0.19448862291258684,-19.063499780151023,0.3333333333333333,-0.13333333333333333,0.1
1742310657.0057287,10.0,-163.0,325.0,,-0.9271664233300461,-0.08648862291258674,-18.856732612813907,0.2,-0.23333333333333334,0.16666666666666666
1742310657.0276685,10.0,-163.0,325.0,,-0.8881664233300461,0.0015113770874133348,-18.86557358616116,0.26666666666666666,-0.16666666666666666,0.16666666666666666
1742310657.0479472,10.0,-163.0,325.0,,-0.8881664233300461,0.0015113770874133348,-18.86557358616116,0.26666666666666666,-0.16666666666666666,0.16666666666666666
1742310657.0683522,11.0,-163.0,326.0,,-0.8781664233300461,-0.13683624464390443,-18.75322734850186,0.2,-0.16666666666666666,0.1
1742310657.0900326,11.0,-163.0,326.0,,-0.8681664233300461,-0.16683624464390445,-18.830519681956922,0.13333333333333333,-0.2,0.13333333333333333
1742310657.1105697,11.0,-163.0,326.0,,-0.8681664233300461,-0.16683624464390445,-18.830519681956922,0.13333333333333333,-0.2,0.13333333333333333
1742310657.130772,11.0,-163.0,326.0,,-0.7211664233300463,-0.2058362446439046,-18.965006684597636,0.06666666666666667,-0.2,0.16666666666666666
1742310657.1509538,11.0,-163.0,327.0,,-0.643166423330046,-0.17583624464390457,-19.01821027270657,0.1,-0.2,0.2
1742310657.1714652,11.0,-163.0,327.0,,-0.5941664233300461,-0.0978362446439045,-19.090205955873415,0.16666666666666666,-0.16666666666666666,0.16666666666666666
1742310657.1918638,11.0,-163.0,327.0,,-0.672166423330046,-0.05883624464390458,-19.131057474755124,0.16666666666666666,-0.23333333333333334,0.16666666666666666
1742310657.2124321,12.0,-163.0,327.0,,-0.5451664233300462,-0.2366136869222193,-19.053466319737105,0.1,-0.3,0.2
1742310657.2326462,12.0,-162.0,328.0,,-0.5514567148182352,-0.2946136869222191,-18.99684605339047,0.16666666666666666,-0.23333333333333334,0.2
1742310657.2528975,12.0,-162.0,328.0,,-0.6884567148182352,-0.17761368692221913,-19.071805258702113,0.2,-0.23333333333333334,0.2
1742310657.2731175,12.0,-162.0,328.0,,-0.5714567148182352,-0.18761368692221914,-18.876843141555213,0.16666666666666666,-0.3,0.23333333333333334
1742310657.2940288,12.0,-162.0,328.0,,-0.561456714818235,-0.1386136869222192,-18.85508817087473,0.2,-0.3,0.26666666666666666
1742310657.3142662,12.0,-162.0,329.0,,-0.5124567148182351,-0.03061368692221933,-18.80232300458446,0.2,-0.36666666666666664,0.26666666666666666
1742310657.334527,13.0,-161.0,329.0,,-0.5768235952247065,-0.15776984311331566,-18.7076113613564,0.16666666666666666,-0.36666666666666664,0.26666666666666666
1742310657.3548894,13.0,-161.0,329.0,,-0.5468235952247067,-0.09976984311331538,-18.655936824485863,0.13333333333333333,-0.36666666666666664,0.26666666666666666
1742310657.375125,13.0,-161.0,330.0,,-0.6058235952247064,-0.09976984311331538,-18.735593834452956,0.13333333333333333,-0.43333333333333335,0.26666666666666666
1742310657.395687,13.0,-160.0,330.0,,-0.7182176060248118,-0.06976984311331558,-18.532172653977312,0.03333333333333333,-0.5,0.26666666666666666
1742310657.4166844,13.0,-160.0,330.0,,-0.7182176060248118,-0.06976984311331558,-18.532172653977312,0.03333333333333333,-0.5,0.26666666666666666
1742310657.437064,13.0,-160.0,331.0,,-0.41421760602481195,-0.03076984311331543,-18.369008182629138,-0.03333333333333333,-0.5,0.3
1742310657.457279,13.0,-159.0,331.0,,-0.4175895850393956,-0.05076984311331545,-18.441094684269544,0.16666666666666666,-0.36666666666666664,0.3
1742310657.4776022,14.0,-159.0,332.0,,-0.4965895850393953,-0.07925379583274061,-18.312166964624602,0.26666666666666666,-0.36666666666666664,0.3333333333333333
1742310657.4980123,14.0,-158.0,332.0,,-0.6068906814100994,0.02874620416725948,-18.083464912735998,0.16666666666666666,-0.4,0.4
1742310657.5182037,14.0,-157.0,333.0,,-0.7350723704797759,0.09674620416725954,-18.059682649990094,0.03333333333333333,-0.43333333333333335,0.4666666666666667
1742310657.5385225,14.0,-157.0,333.0,,-0.5780723704797759,0.03774620416725938,-18.221112535433633,0.03333333333333333,-0.4,0.4
1742310657.5589228,15.0,-156.0,334.0,,-0.7550864685736025,-0.17701483245572858,-18.180606657953724,0.23333333333333334,-0.3,0.3333333333333333
1742310657.5791008,15.0,-156.0,335.0,,-0.8730864685736024,-0.02001483245572855,-17.814541394856818,0.23333333333333334,-0.3,0.3
1742310657.5994606,15.0,-155.0,335.0,,-0.949885147676262,0.07798516754427132,-17.709859748082366,0.16666666666666666,-0.36666666666666664,0.3333333333333333
1742310657.6196358,16.0,-155.0,335.0,,-0.812885147676262,-0.14500246056476174,-17.82171918114493,0.13333333333333333,-0.3333333333333333,0.3
1742310657.6400197,16.0,-154.0,336.0,,-0.9084209500008487,-0.22400246056476192,-17.913634091279974,0.26666666666666666,-0.23333333333333334,0.23333333333333334
1742310657.6603994,16.0,-154.0,336.0,,-1.0754209500008485,-0.11600246056476182,-17.90478146487235,0.36666666666666664,-0.23333333333333334,0.2
1742310657.680585,17.0,-154.0,337.0,,-1.0554209500008485,-0.27016642333004803,-17.67608351010443,0.4,-0.3,0.16666666666666666
1742310657.7011456,17.0,-154.0,337.0,,-1.0554209500008485,-0.27016642333004803,-17.67608351010443,0.4,-0.3,0.16666666666666666
1742310657.7213368,17.0,-154.0,337.0,,-1.0944209500008486,-0.19216642333004774,-17.762062372772693,0.4666666666666667,-0.3333333333333333,0.16666666666666666
1742310657.7415376,18.0,-154.0,337.0,,-0.8884209500008486,-0.31645671481823445,-17.229734406861787,0.4,-0.3333333333333333,0.2
1742310657.7620332,18.0,-154.0,337.0,,-0.8884209500008486,-0.31645671481823445,-17.229734406861787,0.4,-0.3333333333333333,0.2
1742310657.7822273,18.0,-154.0,337.0,,-0.8884209500008486,-0.31645671481823445,-17.229734406861787,0.4,-0.3333333333333333,0.2
1742310657.8024004,19.0,-153.0,337.0,,-0.8166468024449549,-0.26282359522470733,-16.732813514650346,0.36666666666666664,-0.3333333333333333,0.1
1742310657.8225944,19.0,-153.0,337.0,,-0.8166468024449549,-0.26282359522470733,-16.732813514650346,0.36666666666666664,-0.3333333333333333,0.1
1742310657.842826,20.0,-152.0,337.0,,-0.8795160309295884,-0.36521760602481024,-16.795922915787095,0.36666666666666664,-0.36666666666666664,0.16666666666666666
1742310657.8631694,20.0,-152.0,337.0,,-0.7235160309295883,-0.22821760602481067,-16.567332314097545,0.43333333333333335,-0.36666666666666664,0.16666666666666666
1742310657.8838751,20.0,-151.0,337.0,,-0.8639823746165676,0.026782393975189667,-16.222278250269266,0.5,-0.26666666666666666,0.13333333333333333
1742310657.9043543,21.0,-151.0,337.0,,-0.8829823746165673,0.062410414960603955,-16.0502675921439,0.36666666666666664,-0.26666666666666666,0.13333333333333333
1742310657.9248402,21.0,-151.0,337.0,,-0.8249823746165674,0.10241041496060399,-16.030183560830405,0.26666666666666666,-0.36666666666666664,0.16666666666666666
1742310657.945181,22.0,-150.0,337.0,,-0.7579999999999991,-0.1548906814100972,-15.918695391005787,0.3,-0.3,0.16666666666666666
1742310657.965378,22.0,-150.0,338.0,,-0.7969999999999997,0.2371093185899027,-15.859064067094298,0.2,-0.1,0.06666666666666667
1742310657.985592,22.0,-150.0,338.0,,-0.7969999999999997,0.2371093185899027,-15.859064067094298,0.2,-0.1,0.06666666666666667
1742310658.0058389,22.0,-150.0,338.0,,-0.7969999999999997,0.2371093185899027,-15.859064067094298,0.2,-0.1,0.06666666666666667
1742310658.0260513,22.0,-150.0,338.0,,-0.7969999999999997,0.2371093185899027,-15.859064067094298,0.2,-0.1,0.06666666666666667
1742310658.0463727,22.0,-150.0,338.0,,-0.7969999999999997,0.2371093185899027,-15.859064067094298,0.2,-0.1,0.06666666666666667
1742310658.0665743,22.0,-150.0,338.0,,-0.7969999999999997,0.2371093185899027,-15.859064067094298,0.2,-0.1,0.06666666666666667
1742310658.086823,22.0,-150.0,338.0,,-0.7969999999999997,0.2371093185899027,-15.859064067094298,0.2,-0.1,0.06666666666666667
1742310658.1076705,22.0,-150.0,338.0,,-0.7969999999999997,0.2371093185899027,-15.859064067094298,0.2,-0.1,0.06666666666666667
1742310658.127874,22.0,-150.0,338.0,,-0.7969999999999997,0.2371093185899027,-15.859064067094298,0.2,-0.1,0.06666666666666667
1742310658.1486154,22.0,-150.0,338.0,,-0.7969999999999997,0.2371093185899027,-15.859064067094298,0.2,-0.1,0.06666666666666667
1742310658.1691377,24.0,-148.0,339.0,,-0.8155079821277402,-0.06808646857360001,-15.78632910290338,0.16666666666666666,-0.16666666666666666,0.2
1742310658.1897986,24.0,-148.0,339.0,,-0.8155079821277402,-0.06808646857360001,-15.78632910290338,0.16666666666666666,-0.16666666666666666,0.2
1742310658.2101147,24.0,-148.0,339.0,,-0.8155079821277402,-0.06808646857360001,-15.78632910290338,0.16666666666666666,-0.16666666666666666,0.2
1742310658.2303386,24.0,-148.0,339.0,,-0.8155079821277402,-0.06808646857360001,-15.78632910290338,0.16666666666666666,-0.16666666666666666,0.2
1742310658.2530468,24.0,-148.0,339.0,,-0.8155079821277402,-0.06808646857360001,-15.78632910290338,0.16666666666666666,-0.16666666666666666,0.2
1742310658.2732816,24.0,-148.0,339.0,,-0.8155079821277402,-0.06808646857360001,-15.78632910290338,0.16666666666666666,-0.16666666666666666,0.2
1742310658.2949793,24.0,-148.0,339.0,,-0.8155079821277402,-0.06808646857360001,-15.78632910290338,0.16666666666666666,-0.16666666666666666,0.2
1742310658.3151727,24.0,-148.0,339.0,,-0.8155079821277402,-0.06808646857360001,-15.78632910290338,0.16666666666666666,-0.16666666666666666,0.2
1742310658.3353915,24.0,-148.0,339.0,,-0.8155079821277402,-0.06808646857360001,-15.78632910290338,0.16666666666666666,-0.16666666666666666,0.2
1742310658.3581884,24.0,-148.0,339.0,,-0.8155079821277402,-0.06808646857360001,-15.78632910290338,0.16666666666666666,-0.16666666666666666,0.2
1742310658.3784232,24.0,-148.0,339.0,,-0.8155079821277402,-0.06808646857360001,-15.78632910290338,0.16666666666666666,-0.16666666666666666,0.2
1742310658.3988078,24.0,-148.0,339.0,,-0.8155079821277402,-0.06808646857360001,-15.78632910290338,0.16666666666666666,-0.16666666666666666,0.2
1742310658.4193783,24.0,-148.0,339.0,,-0.8155079821277402,-0.06808646857360001,-15.78632910290338,0.16666666666666666,-0.16666666666666666,0.2
1742310658.4405656,24.0,-148.0,339.0,,-0.8155079821277402,-0.06808646857360001,-15.78632910290338,0.16666666666666666,-0.16666666666666666,0.2
1742310658.46081,24.0,-148.0,339.0,,-0.8155079821277402,-0.06808646857360001,-15.78632910290338,0.16666666666666666,-0.16666666666666666,0.2
1742310658.4811988,24.0,-148.0,339.0,,-0.8155079821277402,-0.06808646857360001,-15.78632910290338,0.16666666666666666,-0.16666666666666666,0.2
1742310658.502424,24.0,-148.0,339.0,,-0.8155079821277402,-0.06808646857360001,-15.78632910290338,0.16666666666666666,-0.16666666666666666,0.2
1742310658.5228348,24.0,-148.0,339.0,,-0.8155079821277402,-0.06808646857360001,-15.78632910290338,0.16666666666666666,-0.16666666666666666,0.2
1742310658.5430558,24.0,-148.0,339.0,,-0.8155079821277402,-0.06808646857360001,-15.78632910290338,0.16666666666666666,-0.16666666666666666,0.2
1742310658.5640242,24.0,-148.0,339.0,,-0.8155079821277402,-0.06808646857360001,-15.78632910290338,0.16666666666666666,-0.16666666666666666,0.2
1742310658.5842972,24.0,-148.0,339.0,,-0.8155079821277402,-0.06808646857360001,-15.78632910290338,0.16666666666666666,-0.16666666666666666,0.2
1742310658.6052697,24.0,-148.0,339.0,,-0.8155079821277402,-0.06808646857360001,-15.78632910290338,0.16666666666666666,-0.16666666666666666,0.2
1742310658.6279984,24.0,-148.0,339.0,,-0.8155079821277402,-0.06808646857360001,-15.78632910290338,0.16666666666666666,-0.16666666666666666,0.2
1742310658.6482282,24.0,-148.0,339.0,,-0.8155079821277402,-0.06808646857360001,-15.78632910290338,0.16666666666666666,-0.16666666666666666,0.2
1742310658.6684449,24.0,-148.0,339.0,,-0.8155079821277402,-0.06808646857360001,-15.78632910290338,0.16666666666666666,-0.16666666666666666,0.2
1742310658.688677,24.0,-148.0,339.0,,-0.8155079821277402,-0.06808646857360001,-15.78632910290338,0.16666666666666666,-0.16666666666666666,0.2
1742310658.7107937,24.0,-148.0,339.0,,-0.8155079821277402,-0.06808646857360001,-15.78632910290338,0.16666666666666666,-0.16666666666666666,0.2
1742310658.731032,24.0,-148.0,339.0,,-0.8155079821277402,-0.06808646857360001,-15.78632910290338,0.16666666666666666,-0.16666666666666666,0.2
1742310658.7516115,24.0,-148.0,339.0,,-0.8155079821277402,-0.06808646857360001,-15.78632910290338,0.16666666666666666,-0.16666666666666666,0.2
1742310658.771848,24.0,-148.0,339.0,,-0.8155079821277402,-0.06808646857360001,-15.78632910290338,0.16666666666666666,-0.16666666666666666,0.2
1742310658.792076,24.0,-148.0,339.0,,-0.8155079821277402,-0.06808646857360001,-15.78632910290338,0.16666666666666666,-0.16666666666666666,0.2
1742310658.8124416,24.0,-148.0,339.0,,-0.8155079821277402,-0.06808646857360001,-15.78632910290338,0.16666666666666666,-0.16666666666666666,0.2
1742310658.8337672,24.0,-148.0,339.0,,-0.8155079821277402,-0.06808646857360001,-15.78632910290338,0.16666666666666666,-0.16666666666666666,0.2
1742310658.8539965,24.0,-148.0,339.0,,-0.8155079821277402,-0.06808646857360001,-15.78632910290338,0.16666666666666666,-0.16666666666666666,0.2
1742310658.8741932,24.0,-148.0,339.0,,-0.8155079821277402,-0.06808646857360001,-15.78632910290338,0.16666666666666666,-0.16666666666666666,0.2
1742310658.8943985,24.0,-148.0,339.0,,-0.8155079821277402,-0.06808646857360001,-15.78632910290338,0.16666666666666666,-0.16666666666666666,0.2
1742310658.9148471,24.0,-148.0,339.0,,-0.8155079821277402,-0.06808646857360001,-15.78632910290338,0.16666666666666666,-0.16666666666666666,0.2
1742310658.9350803,24.0,-148.0,339.0,,-0.8155079821277402,-0.06808646857360001,-15.78632910290338,0.16666666666666666,-0.16666666666666666,0.2
1742310658.9555392,24.0,-148.0,339.0,,-0.8155079821277402,-0.06808646857360001,-15.78632910290338,0.16666666666666666,-0.16666666666666666,0.2
1742310658.9761245,24.0,-148.0,339.0,,-0.8155079821277402,-0.06808646857360001,-15.78632910290338,0.16666666666666666,-0.16666666666666666,0.2
1742310658.9965332,24.0,-148.0,339.0,,-0.8155079821277402,-0.06808646857360001,-15.78632910290338,0.16666666666666666,-0.16666666666666666,0.2
1742310659.0171874,24.0,-148.0,339.0,,-0.8155079821277402,-0.06808646857360001,-15.78632910290338,0.16666666666666666,-0.16666666666666666,0.2
1742310659.0373955,24.0,-148.0,339.0,,-0.8155079821277402,-0.06808646857360001,-15.78632910290338,0.16666666666666666,-0.16666666666666666,0.2
1742310659.0576122,24.0,-148.0,339.0,,-0.8155079821277402,-0.06808646857360001,-15.78632910290338,0.16666666666666666,-0.16666666666666666,0.2
1742310659.0778253,24.0,-148.0,339.0,,-0.8155079821277402,-0.06808646857360001,-15.78632910290338,0.16666666666666666,-0.16666666666666666,0.2
1742310659.0984592,24.0,-148.0,339.0,,-0.8155079821277402,-0.06808646857360001,-15.78632910290338,0.16666666666666666,-0.16666666666666666,0.2
1742310659.1193268,24.0,-148.0,339.0,,-0.8155079821277402,-0.06808646857360001,-15.78632910290338,0.16666666666666666,-0.16666666666666666,0.2
1742310659.1406367,24.0,-148.0,339.0,,-0.8155079821277402,-0.06808646857360001,-15.78632910290338,0.16666666666666666,-0.16666666666666666,0.2
1742310659.1608825,24.0,-148.0,339.0,,-0.8155079821277402,-0.06808646857360001,-15.78632910290338,0.16666666666666666,-0.16666666666666666,0.2
1742310659.1811018,24.0,-148.0,339.0,,-0.8155079821277402,-0.06808646857360001,-15.78632910290338,0.16666666666666666,-0.16666666666666666,0.2
1742310659.203943,24.0,-148.0,339.0,,-0.8155079821277402,-0.06808646857360001,-15.78632910290338,0.16666666666666666,-0.16666666666666666,0.2
1742310659.2241526,24.0,-148.0,339.0,,-0.8155079821277402,-0.06808646857360001,-15.78632910290338,0.16666666666666666,-0.16666666666666666,0.2
1742310659.2443886,24.0,-148.0,339.0,,-0.8155079821277402,-0.06808646857360001,-15.78632910290338,0.16666666666666666,-0.16666666666666666,0.2
1742310659.2646067,24.0,-148.0,339.0,,-0.8155079821277402,-0.06808646857360001,-15.78632910290338,0.16666666666666666,-0.16666666666666666,0.2
1742310659.284808,24.0,-148.0,339.0,,-0.8155079821277402,-0.06808646857360001,-15.78632910290338,0.16666666666666666,-0.16666666666666666,0.2
1742310659.3050468,24.0,-148.0,339.0,,-0.8155079821277402,-0.06808646857360001,-15.78632910290338,0.16666666666666666,-0.16666666666666666,0.2
1742310659.3269224,24.0,-148.0,339.0,,-0.8155079821277402,-0.06808646857360001,-15.78632910290338,0.16666666666666666,-0.16666666666666666,0.2
1742310659.347121,24.0,-148.0,339.0,,-0.8155079821277402,-0.06808646857360001,-15.78632910290338,0.16666666666666666,-0.16666666666666666,0.2
1742310659.367315,22.0,-10.0,325.0,,-0.33148862291258663,-0.6358906814100971,-1.9960863807876157,0.13333333333333333,-0.8666666666666667,-0.26666666666666666
1742310659.387718,22.0,-10.0,325.0,,-0.33148862291258663,-0.6358906814100971,-1.9960863807876157,0.13333333333333333,-0.8666666666666667,-0.26666666666666666
1742310659.4098606,22.0,-9.0,326.0,,-0.6626221020446649,-0.6458906814100973,-3.173768177706661,-0.06666666666666667,-0.5,-0.3333333333333333
1742310659.4305162,22.0,-9.0,327.0,,-0.8496221020446648,-1.0578906814100972,-4.18435675318067,-0.23333333333333334,-0.6666666666666666,-0.3333333333333333
1742310659.4507172,22.0,-9.0,327.0,,-0.8496221020446648,-1.0578906814100972,-4.18435675318067,-0.23333333333333334,-0.6666666666666666,-0.3333333333333333
1742310659.471259,22.0,-9.0,328.0,,-0.5546221020446649,-1.8908906814100972,-4.795217930756888,0.5666666666666667,-1.4,-0.23333333333333334
1742310659.4916847,22.0,-8.0,328.0,,-0.3852881204182421,-1.2828906814100973,-4.081360983509129,0.7666666666666667,-1.2333333333333334,-0.16666666666666666
1742310659.5119338,21.0,-7.0,328.0,,-0.8925382588044968,-0.8685895850393961,-4.093331277323387,0.5333333333333333,-1.1,-0.13333333333333333
1742310659.5329762,20.0,-5.0,328.0,,-0.4639978363545266,-1.2482176060248102,-4.990197625916435,0.03333333333333333,-1.1666666666666667,-0.13333333333333333
1742310659.5531626,20.0,-4.0,329.0,,-0.4013110074298693,-2.6792176060248103,-7.147378853335548,0.06666666666666667,-1.2666666666666666,-0.0
1742310659.5733533,20.0,-3.0,329.0,,-0.876415730743279,-3.0322176060248105,-6.28113496496343,1.5,-1.3333333333333333,0.3
1742310659.5969274,19.0,-2.0,328.0,,0.058635937348465506,-2.5088235952247073,-4.112918348403445,1.9666666666666666,-0.6,0.3
1742310659.6171417,17.0,-1.0,328.0,,0.25879189285024873,-2.290166423330048,-3.7859469320251415,1.9,0.2,0.06666666666666667
1742310659.6373274,15.0,-1.0,327.0,,-0.08420810714975127,-3.0290148324557284,-3.9681597106037954,1.6666666666666667,0.6666666666666666,-0.03333333333333333
1742310659.6576176,13.0,-2.0,327.0,,-2.1173640626515344,-4.236769843113315,-1.8051432154061349,2.1,0.5333333333333333,0.03333333333333333
1742310659.6778412,11.0,-2.0,327.0,,-2.6473640626515347,-3.362836244643905,0.8086934680565356,2.9,-0.43333333333333335,0.1
1742310659.6980333,8.0,-2.0,327.0,,-1.6863640626515346,-2.159288120418242,4.70170733840537,3.1,-1.0,0.06666666666666667
1742310659.7182915,5.0,-2.0,326.0,,-0.8033640626515346,-1.3649978363545268,6.99720427271896,2.533333333333333,-0.6333333333333333,0.03333333333333333
1742310659.738515,1.0,-1.0,326.0,,-0.6422081071497512,-0.7402081071497513,8.428042800258305,2.3333333333333335,0.3333333333333333,0.03333333333333333
1742310659.7587626,1.0,-1.0,326.0,,-0.6422081071497512,-0.7402081071497513,8.428042800258305,2.3333333333333335,0.3333333333333333,0.03333333333333333
1742310659.779008,1.0,-1.0,326.0,,-0.6422081071497512,-0.7402081071497513,8.428042800258305,2.3333333333333335,0.3333333333333333,0.03333333333333333
1742310659.7991905,-4.0,-4.0,325.0,,-1.6653110074298692,0.4493110074298693,9.796974829429027,1.0666666666666667,1.0666666666666667,-0.3333333333333333
1742310659.8193936,-6.0,-5.0,325.0,,-0.6299978363545267,0.5254242246556806,9.787838512330248,0.4666666666666667,0.9333333333333333,-0.3333333333333333
1742310659.8396053,-6.0,-7.0,325.0,,-0.049538258804496804,0.21142422465568067,8.713211189686929,0.06666666666666667,1.0,-0.2
1742310659.8598835,-7.0,-8.0,325.0,,-0.2682881204182421,0.4205382588044967,6.4245404088654805,-0.03333333333333333,1.2,-0.1
1742310659.8829434,-6.0,-9.0,325.0,,-0.9176221020446649,0.4864242246556806,4.328466846914315,-0.06666666666666667,1.2,-0.06666666666666667
1742310659.903128,-6.0,-12.0,325.0,,-1.520613686922219,0.5154242246556806,1.6049397010383686,-0.16666666666666666,0.4,-0.0
1742310659.926842,-6.0,-12.0,325.0,,-1.520613686922219,0.5154242246556806,1.6049397010383686,-0.16666666666666666,0.4,-0.0
1742310659.94705,-5.0,-14.0,324.0,,-1.8542537958327405,0.2859978363545267,0.5630668552035658,-0.03333333333333333,0.0,0.13333333333333333
1742310659.9672596,-4.0,-14.0,324.0,,-1.8742537958327405,0.11531100742986933,0.25974134675562865,0.0,-0.03333333333333333,0.13333333333333333
1742310659.9876387,-4.0,-14.0,324.0,,-1.8742537958327405,0.11531100742986933,0.25974134675562865,0.0,-0.03333333333333333,0.13333333333333333
1742310660.009967,-4.0,-15.0,323.0,,-1.8630148324557285,0.007311007429869232,-0.12204244853547586,-0.1,-0.1,0.1
1742310660.03016,-3.0,-14.0,323.0,,-1.5602537958327407,-0.4675842692567209,-0.28774035739473547,-0.03333333333333333,-0.1,0.06666666666666667
1742310660.0503619,-3.0,-14.0,323.0,,-1.5892537958327406,-0.38858426925672096,-0.4427690344821258,0.0,-0.16666666666666666,0.03333333333333333
1742310660.0711832,-3.0,-14.0,323.0,,-1.3842537958327408,-0.3005842692567209,-0.3250760244841988,0.0,-0.16666666666666666,0.03333333333333333
1742310660.0914085,-3.0,-14.0,322.0,,-1.4522537958327406,-0.35958426925672093,-0.2501455677686515,-0.1,-0.13333333333333333,-0.0
1742310660.112452,-3.0,-14.0,322.0,,-1.5702537958327407,-0.594584269256721,-0.24601649721221897,-0.1,-0.16666666666666666,-0.0
1742310660.1327355,-3.0,-13.0,322.0,,-1.3057698431133156,-0.643584269256721,-0.1639294523599748,-0.03333333333333333,-0.2,-0.0
1742310660.1529236,-2.0,-13.0,322.0,,-1.0997698431133156,-0.6676359373484655,-0.02526633894816399,0.03333333333333333,-0.1,0.03333333333333333
1742310660.1732752,-2.0,-13.0,322.0,,-1.1977698431133157,-0.5006359373484655,0.06434468537706195,0.06666666666666667,0.06666666666666667,-0.0
1742310660.1934628,-2.0,-13.0,322.0,,-1.5117698431133157,-0.35363593734846543,0.11330281653386898,0.03333333333333333,0.06666666666666667,-0.0
1742310660.213768,-2.0,-13.0,322.0,,-1.4037698431133157,-0.24563593734846545,0.20257516279340493,-0.03333333333333333,0.13333333333333333,0.06666666666666667
1742310660.234452,-2.0,-14.0,322.0,,-1.4622537958327406,-0.2756359373484655,0.03847374940013282,-0.03333333333333333,0.4,0.03333333333333333
1742310660.2547016,-2.0,-14.0,322.0,,-0.6582537958327406,-0.4326359373484655,0.17279219120752387,0.03333333333333333,0.9666666666666667,0.06666666666666667
1742310660.2752013,-2.0,-15.0,322.0,,0.03898516754427117,0.12636406265153452,1.0431511734095142,0.2,2.566666666666667,0.16666666666666666
1742310660.295414,-1.0,-19.0,321.0,,0.7281764047752928,-0.28979189285024876,2.063816863689299,0.16666666666666666,5.166666666666667,0.26666666666666666
1742310660.3159435,-1.0,-25.0,321.0,,1.639114852323738,-1.4667918928502486,3.0736427567591615,0.3,8.6,0.13333333333333333
1742310660.336491,-1.0,-34.0,320.0,,1.0343176169519719,-2.2897918928502485,3.5192710461798296,0.8333333333333334,11.766666666666667,-0.26666666666666666
1742310660.3567164,-2.0,-46.0,320.0,,1.9442765586778323,-2.4226359373484656,5.3390525564963145,2.4,15.066666666666666,-0.6333333333333333
1742310660.3769634,-2.0,-46.0,320.0,,1.9442765586778323,-2.4226359373484656,5.3390525564963145,2.4,15.066666666666666,-0.6333333333333333
1742310660.3971553,-6.0,-83.0,315.0,,0.29412225239863155,0.5844242246556806,6.06295652507606,3.433333333333333,20.433333333333334,-1.1666666666666667
1742310660.4176273,-7.0,-106.0,311.0,,-7.724977237154908,0.8035382588044967,-2.3705763056919027,2.2666666666666666,18.566666666666666,-0.43333333333333335
1742310660.438296,-7.0,-106.0,311.0,,-7.724977237154908,0.8035382588044967,-2.3705763056919027,2.2666666666666666,18.566666666666666,-0.43333333333333335
1742310660.4585001,-6.0,-127.0,308.0,,-10.903614353563942,0.4864242246556806,-9.950698938949543,1.7333333333333334,11.966666666666667,0.4
1742310660.4802916,-3.0,-148.0,308.0,,-4.55250798212774,-0.2025842692567209,-19.043524578701756,0.2,1.3,0.8666666666666667
1742310660.5004869,-2.0,-151.0,309.0,,-0.1969823746165673,-0.39263593734846547,-18.09237387258375,-0.26666666666666666,0.13333333333333333,0.13333333333333333
1742310660.5207107,-2.0,-151.0,309.0,,-0.1969823746165673,-0.39263593734846547,-18.09237387258375,-0.26666666666666666,0.13333333333333333,0.13333333333333333
1742310660.541074,-2.0,-151.0,310.0,,0.39101762538343277,-0.8246359373484655,-18.02940812831169,-0.23333333333333334,0.2,-0.13333333333333333
1742310660.5617793,-3.0,-151.0,310.0,,1.1560176253834324,-0.5455842692567209,-16.845734699514793,0.1,0.0,-0.26666666666666666
1742310660.582302,-3.0,-151.0,310.0,,1.1560176253834324,-0.5455842692567209,-16.845734699514793,0.1,0.0,-0.26666666666666666
1742310660.602502,-3.0,-151.0,310.0,,1.1560176253834324,-0.5455842692567209,-16.845734699514793,0.1,0.0,-0.26666666666666666
1742310660.6226947,-3.0,-147.0,312.0,,2.1680910665025817,-0.790584269256721,-14.766713842530233,0.0,-0.43333333333333335,0.03333333333333333
1742310660.6429844,-3.0,-147.0,312.0,,2.1680910665025817,-0.790584269256721,-14.766713842530233,0.0,-0.43333333333333335,0.03333333333333333
1742310660.6632473,-3.0,-146.0,312.0,,1.7893176169519727,-0.7225842692567209,-14.722092211325435,0.03333333333333333,-0.16666666666666666,0.1
1742310660.683974,-3.0,-145.0,313.0,,1.0402151593962392,-0.731584269256721,-14.721483437994287,0.06666666666666667,-0.06666666666666667,0.1
1742310660.7046313,-3.0,-145.0,313.0,,1.0402151593962392,-0.731584269256721,-14.721483437994287,0.06666666666666667,-0.06666666666666667,0.1
1742310660.7259595,-3.0,-145.0,313.0,,1.0402151593962392,-0.731584269256721,-14.721483437994287,0.06666666666666667,-0.06666666666666667,0.1
1742310660.746199,-3.0,-143.0,314.0,,0.15519462287840735,-0.810584269256721,-14.867422965426359,0.0,-0.4,0.2
1742310660.7664123,-3.0,-143.0,314.0,,0.15519462287840735,-0.810584269256721,-14.867422965426359,0.0,-0.4,0.2
1742310660.786609,-3.0,-143.0,314.0,,0.15519462287840735,-0.810584269256721,-14.867422965426359,0.0,-0.4,0.2
1742310660.8068204,-3.0,-143.0,314.0,,0.15519462287840735,-0.810584269256721,-14.867422965426359,0.0,-0.4,0.2
1742310660.8271794,-3.0,-143.0,314.0,,0.15519462287840735,-0.810584269256721,-14.867422965426359,0.0,-0.4,0.2
1742310660.8475375,-3.0,-143.0,314.0,,0.15519462287840735,-0.810584269256721,-14.867422965426359,0.0,-0.4,0.2
1742310660.8690062,-3.0,-143.0,314.0,,0.15519462287840735,-0.810584269256721,-14.867422965426359,0.0,-0.4,0.2
1742310660.8892303,-3.0,-142.0,315.0,,0.2943609270552905,-0.8885842692567208,-14.498208678344497,0.03333333333333333,-0.26666666666666666,0.16666666666666666
1742310660.9097831,-3.0,-138.0,316.0,,-0.14217124838040096,-0.8985842692567209,-14.281369436065841,0.0,0.0,-0.03333333333333333
1742310660.929997,-3.0,-138.0,316.0,,-0.14217124838040096,-0.8985842692567209,-14.281369436065841,0.0,0.0,-0.03333333333333333
1742310660.9514835,-3.0,-138.0,316.0,,-0.14217124838040096,-0.8985842692567209,-14.281369436065841,0.0,0.0,-0.03333333333333333
1742310660.9717174,-3.0,-138.0,316.0,,-0.14217124838040096,-0.8985842692567209,-14.281369436065841,0.0,0.0,-0.03333333333333333
1742310660.9919395,-3.0,-138.0,316.0,,-0.14217124838040096,-0.8985842692567209,-14.281369436065841,0.0,0.0,-0.03333333333333333
1742310661.0122075,-3.0,-138.0,316.0,,-0.14217124838040096,-0.8985842692567209,-14.281369436065841,0.0,0.0,-0.03333333333333333
1742310661.0324042,-3.0,-138.0,316.0,,-0.14217124838040096,-0.8985842692567209,-14.281369436065841,0.0,0.0,-0.03333333333333333
1742310661.052951,-3.0,-138.0,316.0,,-0.14217124838040096,-0.8985842692567209,-14.281369436065841,0.0,0.0,-0.03333333333333333
1742310661.0731447,-3.0,-138.0,316.0,,-0.14217124838040096,-0.8985842692567209,-14.281369436065841,0.0,0.0,-0.03333333333333333
1742310661.0933373,-3.0,-138.0,316.0,,-0.14217124838040096,-0.8985842692567209,-14.281369436065841,0.0,0.0,-0.03333333333333333
1742310661.1151392,-3.0,-138.0,316.0,,-0.14217124838040096,-0.8985842692567209,-14.281369436065841,0.0,0.0,-0.03333333333333333
1742310661.1353161,-3.0,-138.0,316.0,,-0.14217124838040096,-0.8985842692567209,-14.281369436065841,0.0,0.0,-0.03333333333333333
1742310661.1555219,-3.0,-138.0,316.0,,-0.14217124838040096,-0.8985842692567209,-14.281369436065841,0.0,0.0,-0.03333333333333333
1742310661.1757314,-3.0,-138.0,316.0,,-0.14217124838040096,-0.8985842692567209,-14.281369436065841,0.0,0.0,-0.03333333333333333
1742310661.1961198,-3.0,-138.0,316.0,,-0.14217124838040096,-0.8985842692567209,-14.281369436065841,0.0,0.0,-0.03333333333333333
1742310661.2165914,-3.0,-138.0,316.0,,-0.14217124838040096,-0.8985842692567209,-14.281369436065841,0.0,0.0,-0.03333333333333333
1742310661.23679,-3.0,-138.0,316.0,,-0.14217124838040096,-0.8985842692567209,-14.281369436065841,0.0,0.0,-0.03333333333333333
1742310661.2569616,-3.0,-138.0,316.0,,-0.14217124838040096,-0.8985842692567209,-14.281369436065841,0.0,0.0,-0.03333333333333333
1742310661.277157,-3.0,-138.0,316.0,,-0.14217124838040096,-0.8985842692567209,-14.281369436065841,0.0,0.0,-0.03333333333333333
1742310661.2973824,-3.0,-138.0,316.0,,-0.14217124838040096,-0.8985842692567209,-14.281369436065841,0.0,0.0,-0.03333333333333333
1742310661.3178802,-3.0,-138.0,316.0,,-0.14217124838040096,-0.8985842692567209,-14.281369436065841,0.0,0.0,-0.03333333333333333
1742310661.3380904,-3.0,-138.0,316.0,,-0.14217124838040096,-0.8985842692567209,-14.281369436065841,0.0,0.0,-0.03333333333333333
1742310661.3584352,-3.0,-138.0,316.0,,-0.14217124838040096,-0.8985842692567209,-14.281369436065841,0.0,0.0,-0.03333333333333333
1742310661.3786511,-3.0,-138.0,316.0,,-0.14217124838040096,-0.8985842692567209,-14.281369436065841,0.0,0.0,-0.03333333333333333
1742310661.3988514,-3.0,-138.0,316.0,,-0.14217124838040096,-0.8985842692567209,-14.281369436065841,0.0,0.0,-0.03333333333333333
1742310661.4193535,-3.0,-138.0,316.0,,-0.14217124838040096,-0.8985842692567209,-14.281369436065841,0.0,0.0,-0.03333333333333333
1742310661.439809,-3.0,-138.0,316.0,,-0.14217124838040096,-0.8985842692567209,-14.281369436065841,0.0,0.0,-0.03333333333333333
1742310661.4600148,-3.0,-138.0,316.0,,-0.14217124838040096,-0.8985842692567209,-14.281369436065841,0.0,0.0,-0.03333333333333333
1742310661.4803586,-3.0,-138.0,316.0,,-0.14217124838040096,-0.8985842692567209,-14.281369436065841,0.0,0.0,-0.03333333333333333
1742310661.5007675,-3.0,-138.0,316.0,,-0.14217124838040096,-0.8985842692567209,-14.281369436065841,0.0,0.0,-0.03333333333333333
1742310661.520999,-3.0,-138.0,316.0,,-0.14217124838040096,-0.8985842692567209,-14.281369436065841,0.0,0.0,-0.03333333333333333
1742310661.5411887,-3.0,-138.0,316.0,,-0.14217124838040096,-0.8985842692567209,-14.281369436065841,0.0,0.0,-0.03333333333333333
1742310661.5613701,-3.0,-138.0,316.0,,-0.14217124838040096,-0.8985842692567209,-14.281369436065841,0.0,0.0,-0.03333333333333333
1742310661.5818436,-3.0,-138.0,316.0,,-0.14217124838040096,-0.8985842692567209,-14.281369436065841,0.0,0.0,-0.03333333333333333
1742310661.6020765,-3.0,-138.0,316.0,,-0.14217124838040096,-0.8985842692567209,-14.281369436065841,0.0,0.0,-0.03333333333333333
1742310661.622256,-3.0,-138.0,316.0,,-0.14217124838040096,-0.8985842692567209,-14.281369436065841,0.0,0.0,-0.03333333333333333
1742310661.6424866,-3.0,-138.0,316.0,,-0.14217124838040096,-0.8985842692567209,-14.281369436065841,0.0,0.0,-0.03333333333333333
1742310661.662787,-3.0,-138.0,316.0,,-0.14217124838040096,-0.8985842692567209,-14.281369436065841,0.0,0.0,-0.03333333333333333
1742310661.6829643,-3.0,-138.0,316.0,,-0.14217124838040096,-0.8985842692567209,-14.281369436065841,0.0,0.0,-0.03333333333333333
1742310661.703506,-3.0,-138.0,316.0,,-0.14217124838040096,-0.8985842692567209,-14.281369436065841,0.0,0.0,-0.03333333333333333
1742310661.7237518,-3.0,-138.0,316.0,,-0.14217124838040096,-0.8985842692567209,-14.281369436065841,0.0,0.0,-0.03333333333333333
1742310661.744227,-3.0,-138.0,316.0,,-0.14217124838040096,-0.8985842692567209,-14.281369436065841,0.0,0.0,-0.03333333333333333
1742310661.7644436,-3.0,-138.0,316.0,,-0.14217124838040096,-0.8985842692567209,-14.281369436065841,0.0,0.0,-0.03333333333333333
1742310661.7849755,-3.0,-138.0,316.0,,-0.14217124838040096,-0.8985842692567209,-14.281369436065841,0.0,0.0,-0.03333333333333333
1742310661.8054972,-3.0,-138.0,316.0,,-0.14217124838040096,-0.8985842692567209,-14.281369436065841,0.0,0.0,-0.03333333333333333
1742310661.825976,-3.0,-138.0,316.0,,-0.14217124838040096,-0.8985842692567209,-14.281369436065841,0.0,0.0,-0.03333333333333333
1742310661.8461542,-3.0,-138.0,316.0,,-0.14217124838040096,-0.8985842692567209,-14.281369436065841,0.0,0.0,-0.03333333333333333
1742310661.8663898,-3.0,-138.0,316.0,,-0.14217124838040096,-0.8985842692567209,-14.281369436065841,0.0,0.0,-0.03333333333333333
1742310661.8865967,-3.0,-138.0,316.0,,-0.14217124838040096,-0.8985842692567209,-14.281369436065841,0.0,0.0,-0.03333333333333333
1742310661.9070842,-3.0,-138.0,316.0,,-0.14217124838040096,-0.8985842692567209,-14.281369436065841,0.0,0.0,-0.03333333333333333
1742310661.9273806,-3.0,-138.0,316.0,,-0.14217124838040096,-0.8985842692567209,-14.281369436065841,0.0,0.0,-0.03333333333333333
1742310661.9475622,-3.0,-138.0,316.0,,-0.14217124838040096,-0.8985842692567209,-14.281369436065841,0.0,0.0,-0.03333333333333333
1742310661.9677715,-3.0,-138.0,316.0,,-0.14217124838040096,-0.8985842692567209,-14.281369436065841,0.0,0.0,-0.03333333333333333
1742310661.9879665,-3.0,-138.0,316.0,,-0.14217124838040096,-0.8985842692567209,-14.281369436065841,0.0,0.0,-0.03333333333333333
1742310662.0081503,-3.0,-138.0,316.0,,-0.14217124838040096,-0.8985842692567209,-14.281369436065841,0.0,0.0,-0.03333333333333333
1742310662.028343,-3.0,-138.0,316.0,,-0.14217124838040096,-0.8985842692567209,-14.281369436065841,0.0,0.0,-0.03333333333333333
1742310662.0485764,-3.0,-138.0,316.0,,-0.14217124838040096,-0.8985842692567209,-14.281369436065841,0.0,0.0,-0.03333333333333333
1742310662.0687704,-3.0,-138.0,316.0,,-0.14217124838040096,-0.8985842692567209,-14.281369436065841,0.0,0.0,-0.03333333333333333
1742310662.088942,-3.0,-138.0,316.0,,-0.14217124838040096,-0.8985842692567209,-14.281369436065841,0.0,0.0,-0.03333333333333333
1742310662.1093268,2.0,-87.0,344.0,,0.0874442640576305,-0.6073640626515345,0.0027990584001840735,0.3333333333333333,-0.03333333333333333,-0.0
1742310662.1302528,2.0,-87.0,344.0,,0.3034442640576298,-0.4693640626515345,0.017256045003247178,0.26666666666666666,-0.03333333333333333,-0.0
1742310662.1505253,2.0,-87.0,344.0,,0.3524442640576293,-0.6073640626515345,0.026275961240895485,0.26666666666666666,0.03333333333333333,-0.0
1742310662.1707287,2.0,-87.0,343.0,,0.28344426405763024,-0.5583640626515345,0.027125069924458067,0.3,0.1,-0.03333333333333333
1742310662.1911194,2.0,-88.0,343.0,,0.21697598694267128,-0.6853640626515345,0.025778632325359485,0.3333333333333333,0.1,-0.03333333333333333
1742310662.2114007,2.0,-88.0,343.0,,0.15897598694266968,-0.6663640626515346,0.022324194842399336,0.3,0.03333333333333333,-0.0
1742310662.2320857,2.0,-88.0,343.0,,0.25697598694267043,-0.7833640626515346,0.03390941984423912,0.23333333333333334,-0.03333333333333333,0.03333333333333333
1742310662.2522967,2.0,-88.0,342.0,,0.49197598694266986,-0.7543640626515344,0.06765949698607332,0.2,0.0,0.06666666666666667
1742310662.2749147,2.0,-88.0,342.0,,0.2659759869426708,-0.6753640626515345,0.040102195923021444,0.23333333333333334,0.1,-0.0
1742310662.295188,2.0,-88.0,342.0,,0.04097598694267113,-0.6853640626515345,0.013656660423994493,0.23333333333333334,0.1,-0.0
1742310662.3153899,2.0,-88.0,342.0,,0.0019759869426696497,-0.8233640626515345,0.007862943354063345,0.23333333333333334,0.03333333333333333,-0.0
1742310662.335604,2.0,-88.0,342.0,,-0.09602401305732933,-0.5973640626515345,-0.003946779752199259,0.16666666666666666,0.0,0.06666666666666667
1742310662.3561995,2.0,-88.0,341.0,,-0.06702401305732941,-0.7153640626515345,-0.0004692171710467541,0.1,-0.16666666666666666,0.06666666666666667
1742310662.376417,2.0,-87.0,341.0,,0.03844426405763102,-0.7153640626515345,0.010763794338901844,0.1,-0.16666666666666666,0.06666666666666667
1742310662.3966315,2.0,-87.0,341.0,,0.018444264057629667,-0.7153640626515345,0.0065340215534148705,0.1,-0.16666666666666666,0.03333333333333333
1742310662.416841,2.0,-87.0,341.0,,0.16644426405762935,-0.7833640626515346,0.024102636261206456,0.13333333333333333,-0.1,0.03333333333333333
1742310662.4370441,2.0,-87.0,341.0,,0.09744426405763029,-0.6073640626515345,0.012733207933153468,0.1,-0.06666666666666667,-0.0
1742310662.4572556,2.0,-87.0,341.0,,0.2544442640576303,-0.7153640626515345,0.030218788385468542,0.13333333333333333,0.0,-0.0
1742310662.4774318,2.0,-87.0,341.0,,0.21544426405763062,-0.5383640626515345,0.024864891729407645,0.06666666666666667,0.0,-0.0
1742310662.4976614,2.0,-87.0,341.0,,0.3524442640576293,-0.6753640626515345,0.039052395015194974,0.13333333333333333,0.06666666666666667,-0.03333333333333333
1742310662.5178876,2.0,-87.0,341.0,,0.1754442640576297,-0.49936406265153455,0.017559775339750172,0.16666666666666666,0.16666666666666666,-0.06666666666666667
1742310662.5380774,1.0,-87.0,340.0,,-0.1475557359423707,-0.19120810714975126,-0.009864882841248868,0.16666666666666666,0.03333333333333333,-0.06666666666666667
1742310662.5583122,1.0,-87.0,340.0,,-0.3145557359423705,-0.16220810714975126,-0.01945892265056426,0.06666666666666667,-0.3,-0.0
1742310662.5785303,1.0,-86.0,340.0,,-0.21610333304887597,-0.14320810714975127,-0.015245121057134048,0.0,-0.7,0.03333333333333333
1742310662.5987484,1.0,-86.0,340.0,,0.5588966669511244,-0.32820810714975124,0.032502448616353985,0.0,-0.8333333333333334,-0.03333333333333333
1742310662.6189423,1.0,-87.0,339.0,,1.8524442640576293,-0.7202081071497513,0.1951757833876655,0.5666666666666667,0.26666666666666666,-0.5
1742310662.6391275,0.0,-87.0,339.0,,0.79344426405763,0.0,0.12827655457909026,1.1333333333333333,1.6333333333333333,-0.9333333333333333
1742310662.6629193,-1.0,-90.0,337.0,,-3.6430000000000007,-0.08379189285024874,-1.5671139522022601,-0.1,-2.433333333333333,-0.36666666666666664
1742310662.6831067,-1.0,-90.0,337.0,,-3.6430000000000007,-0.08379189285024874,-1.5671139522022601,-0.1,-2.433333333333333,-0.36666666666666664
1742310662.7036612,-1.0,-88.0,336.0,,-1.3810240130573295,-1.5057918928502487,-0.07152250480093081,-0.16666666666666666,-5.166666666666667,0.13333333333333333
1742310662.724415,0.0,-75.0,336.0,,-3.86773235589576,0.401,-1.5369311971206434,-0.5,-8.933333333333334,1.2333333333333334
1742310662.7446334,0.0,-75.0,336.0,,-3.86773235589576,0.401,-1.5369311971206434,-0.5,-8.933333333333334,1.2333333333333334
1742310662.7648323,2.0,-53.0,336.0,,-1.941614353563943,0.02963593734846548,1.1403262930618148,-1.0333333333333334,-11.233333333333333,2.033333333333333
1742310662.785059,5.0,-41.0,335.0,,-0.6409390743968766,-0.37499783635452666,1.8021742116204607,-0.3333333333333333,-9.633333333333333,2.033333333333333
1742310662.806672,5.0,-41.0,335.0,,-0.6409390743968766,-0.37499783635452666,1.8021742116204607,-0.3333333333333333,-9.633333333333333,2.033333333333333
1742310662.8270614,6.0,-29.0,334.0,,0.264017625383433,-0.30042422465568064,1.4559251004752056,0.26666666666666666,-7.3,1.5666666666666667
1742310662.8472896,6.0,-29.0,334.0,,0.264017625383433,-0.30042422465568064,1.4559251004752056,0.26666666666666666,-7.3,1.5666666666666667
1742310662.8677578,7.0,-14.0,331.0,,-1.6782537958327408,0.2054617411955033,1.1560555240603083,0.6,-4.066666666666666,0.6333333333333333
1742310662.8889308,7.0,-14.0,331.0,,-1.6782537958327408,0.2054617411955033,1.1560555240603083,0.6,-4.066666666666666,0.6333333333333333
1742310662.9091127,7.0,-14.0,331.0,,-1.6782537958327408,0.2054617411955033,1.1560555240603083,0.6,-4.066666666666666,0.6333333333333333
1742310662.9293132,7.0,0.0,328.0,,0.313,-0.8335382588044967,0.49757730152723667,0.06666666666666667,-2.1,0.7
1742310662.9495227,7.0,1.0,327.0,,-0.14279189285024874,-0.7355382588044967,-0.11479916656447386,0.13333333333333333,-1.0333333333333334,0.5
1742310662.9698777,7.0,1.0,327.0,,-0.14279189285024874,-0.7355382588044967,-0.11479916656447386,0.13333333333333333,-1.0333333333333334,0.5
1742310662.9916677,7.0,2.0,326.0,,0.6063640626515345,-0.7455382588044968,-0.7327785284834984,0.16666666666666666,0.8333333333333334,0.4666666666666667
1742310663.0119116,7.0,-2.0,325.0,,6.1976359373484655,-1.3525382588044967,1.4867191074579296,0.23333333333333334,8.6,-0.03333333333333333
1742310663.0322177,6.0,-11.0,324.0,,11.425163755356095,-4.3594242246556805,8.91787119504653,1.7,15.933333333333334,-1.3
1742310663.0524132,4.0,-28.0,325.0,,12.01548396907041,-3.871311007429869,12.16988444408658,3.2333333333333334,24.366666666666667,-2.5
1742310663.072972,0.0,-53.0,324.0,,5.040385646436057,-1.118,11.404831504202292,4.566666666666666,31.366666666666667,-3.033333333333333
1742310663.093196,-3.0,-87.0,321.0,,-8.30655573594237,3.611415730743279,9.931583749968489,3.533333333333333,33.6,-2.2
1742310663.114967,-5.0,-124.0,317.0,,-16.40985858676496,1.7459978363545265,5.637266190489001,1.7,28.633333333333333,-0.43333333333333335
1742310663.1353223,-5.0,-124.0,317.0,,-16.40985858676496,1.7459978363545265,5.637266190489001,1.7,28.633333333333333,-0.43333333333333335
1742310663.1555169,-2.0,-176.0,315.0,,-15.472311007429871,-1.4616359373484655,-23.113146422679215,0.16666666666666666,3.5,2.3666666666666667
1742310663.1761165,-2.0,-179.0,318.0,,-4.162208107149751,1.1753640626515345,-20.49164362871466,1.3666666666666667,-5.9,1.8666666666666667
1742310663.1963453,-1.0,-175.0,320.0,,5.577002163645473,0.9252081071497513,-17.243774858763384,1.2333333333333334,-2.3666666666666667,-0.06666666666666667
1742310663.2166946,0.0,-171.0,320.0,,2.289377897955334,1.627,-19.038490707340067,0.9,2.1666666666666665,-1.9333333333333333
1742310663.2372441,0.0,-171.0,319.0,,-5.417622102044666,2.372,-21.55074769058207,-1.0,0.2,-2.2333333333333334
1742310663.2574387,0.0,-171.0,316.0,,-8.046622102044665,-0.628,-22.96652385204314,-2.6,-7.0,-1.9666666666666666
1742310663.2776299,-2.0,-165.0,315.0,,-5.432014832455732,-3.7566359373484657,-18.165010709195577,-2.7666666666666666,-14.266666666666667,-0.7
1742310663.2980561,-5.0,-151.0,315.0,,-2.7069823746165675,-3.1560021636454736,-0.05771748714429699,-2.2666666666666666,-19.866666666666667,1.2666666666666666
1742310663.3187263,-7.0,-130.0,317.0,,0.8001040130028247,-0.9324617411955034,1.1122657037071564,-2.466666666666667,-22.066666666666666,2.566666666666667
1742310663.3410418,-6.0,-105.0,320.0,,-3.15173235589576,0.9764242246556806,2.7132865977407494,-2.7333333333333334,-21.9,2.433333333333333
1742310663.3613,-4.0,-79.0,324.0,,-7.933762669621585,2.8893110074298693,5.569862021915286,-3.3,-22.533333333333335,1.9333333333333333
1742310663.3840077,3.0,-30.0,328.0,,-0.8169999999999993,1.0445842692567209,6.758073307470044,-2.1,-16.8,0.5666666666666667
1742310663.404218,3.0,-30.0,328.0,,-0.8169999999999993,1.0445842692567209,6.758073307470044,-2.1,-16.8,0.5666666666666667
1742310663.424421,8.0,1.0,328.0,,8.59420810714975,-3.6012881204182423,3.085749635177838,0.03333333333333333,-0.7,0.16666666666666666
1742310663.4452155,8.0,5.0,327.0,,3.5509978363545267,-2.434288120418242,1.823569103131291,1.6,4.566666666666666,-0.23333333333333334
1742310663.4656363,8.0,5.0,327.0,,3.5509978363545267,-2.434288120418242,1.823569103131291,1.6,4.566666666666666,-0.23333333333333334
1742310663.488932,6.0,-1.0,327.0,,-4.9962081071497515,0.012575775344319418,0.4923198379132625,-0.1,0.3,0.13333333333333333
1742310663.5091465,6.0,-2.0,327.0,,-2.4213640626515347,-0.9674242246556806,-0.4254793788861342,-0.7,-2.8333333333333335,0.4666666666666667
1742310663.5294347,6.0,-2.0,327.0,,-2.4213640626515347,-0.9674242246556806,-0.4254793788861342,-0.7,-2.8333333333333335,0.4666666666666667
1742310663.5496032,7.0,1.0,326.0,,2.8082081071497513,-1.2835382588044968,0.14169005366484022,0.16666666666666666,-1.1,-0.0
1742310663.5721364,7.0,3.0,326.0,,2.326415730743279,-0.9705382588044967,0.25772411054991196,0.5666666666666667,1.0,-0.2
1742310663.592324,7.0,2.0,326.0,,0.5183640626515345,-0.5985382588044967,-0.03210529545376595,0.4,1.9333333333333333,-0.13333333333333333
1742310663.6126077,7.0,0.0,327.0,,-0.951,-0.6665382588044967,-0.2916485214882929,-0.23333333333333334,0.5666666666666667,-0.16666666666666666
1742310663.6328301,7.0,0.0,327.0,,0.087,-1.0295382588044968,-0.2960963581927789,-0.3333333333333333,-0.36666666666666664,-0.16666666666666666
1742310663.6534097,7.0,0.0,327.0,,1.392,-0.9905382588044968,0.12485430041972734,-0.23333333333333334,-0.3333333333333333,-0.13333333333333333
1742310663.673667,7.0,-1.0,327.0,,1.3867918928502487,-1.0295382588044968,0.0525669986786248,-0.1,0.23333333333333334,-0.06666666666666667
1742310663.69454,8.0,-1.0,327.0,,1.1027918928502487,-1.0522881204182422,0.14060969489290365,0.0,0.7333333333333333,-0.0
1742310663.714825,8.0,-2.0,327.0,,0.009635937348465462,-0.807288120418242,0.11668925512144668,0.03333333333333333,0.7,-0.0
1742310663.7354145,8.0,-4.0,327.0,,-0.6563110074298693,-0.5032881204182421,-0.15081200936145933,-0.06666666666666667,0.16666666666666666,0.03333333333333333
1742310663.7556827,8.0,-5.0,327.0,,-0.44399783635452666,-0.6012881204182421,0.12248750041237244,-0.1,-0.1,0.03333333333333333
1742310663.7758949,8.0,-7.0,326.0,,-0.6085382588044967,-0.7782881204182421,-0.05640225368130203,0.03333333333333333,0.0,0.03333333333333333
1742310663.796223,8.0,-8.0,326.0,,-0.8362881204182421,-0.562288120418242,0.2568457816130554,0.23333333333333334,0.23333333333333334,0.03333333333333333
1742310663.81661,8.0,-8.0,326.0,,-1.2782881204182421,-0.562288120418242,0.38085306474249414,0.3,0.3,-0.0
1742310663.8369532,8.0,-10.0,326.0,,-1.8404886229125867,-0.5522881204182422,0.23608648702534296,0.23333333333333334,-0.03333333333333333,-0.0
1742310663.85808,8.0,-11.0,325.0,,-1.6958362446439046,-0.5232881204182421,0.4425782324081329,0.13333333333333333,-0.26666666666666666,-0.0
1742310663.8784847,8.0,-11.0,325.0,,-1.4018362446439045,-0.8172881204182421,0.6374433136754227,0.1,-0.16666666666666666,-0.0
1742310663.8986742,7.0,-12.0,325.0,,-1.520613686922219,-0.7155382588044967,0.39257347079003857,0.16666666666666666,0.0,-0.0
1742310663.9197743,7.0,-12.0,325.0,,-1.6486136869222192,-0.6375382588044967,0.37198553055684336,0.2,0.16666666666666666,-0.0
1742310663.9401479,7.0,-13.0,325.0,,-1.9037698431133157,-0.5985382588044967,0.3801915532879683,0.06666666666666667,0.13333333333333333,-0.0
1742310663.9603617,7.0,-13.0,324.0,,-1.8057698431133156,-0.7945382588044967,0.2087272162174525,0.0,0.0,-0.0
1742310663.9808981,7.0,-14.0,324.0,,-1.8542537958327405,-0.9125382588044968,0.1413230439292139,0.0,0.0,-0.0
1742310664.0015485,7.0,-14.0,324.0,,-1.6782537958327408,-0.9515382588044967,0.02455386279142857,0.0,0.0,-0.0
1742310664.022438,7.0,-14.0,324.0,,-1.5992537958327406,-1.0195382588044968,0.037917053729254135,0.0,0.0,-0.0
1742310664.0428672,7.0,-14.0,324.0,,-1.7662537958327407,-0.8145382588044967,0.03204182222835428,0.06666666666666667,0.03333333333333333,-0.0
1742310664.06306,7.0,-14.0,324.0,,-1.7662537958327407,-0.8145382588044967,0.03204182222835428,0.06666666666666667,0.03333333333333333,-0.0
1742310664.0832584,7.0,-13.0,324.0,,-1.7767698431133157,-0.7255382588044967,0.01763037121771127,0.03333333333333333,0.0,-0.0
1742310664.1038742,7.0,-13.0,324.0,,-1.7667698431133156,-0.7555382588044968,0.05553242300443806,0.03333333333333333,-0.1,-0.0
1742310664.1242402,7.0,-12.0,323.0,,-1.5506136869222193,-0.7155382588044967,0.05967011235544817,0.1,-0.06666666666666667,-0.0
1742310664.144697,6.0,-12.0,323.0,,-1.4716136869222192,-0.5554242246556806,0.10217047244053035,0.13333333333333333,0.0,-0.0
1742310664.164906,6.0,-11.0,323.0,,-1.4908362446439045,-0.4874242246556806,0.14553048607065477,0.1,0.03333333333333333,-0.03333333333333333
1742310664.185144,6.0,-11.0,323.0,,-1.4908362446439045,-0.4874242246556806,0.14553048607065477,0.1,0.03333333333333333,-0.03333333333333333
1742310664.2053466,6.0,-11.0,323.0,,-1.2648362446439045,-0.6044242246556806,0.20969425208966186,0.06666666666666667,-0.03333333333333333,-0.0
1742310664.2255363,6.0,-11.0,323.0,,-1.1668362446439047,-0.6634242246556806,0.24252858023020352,0.06666666666666667,0.0,-0.0
1742310664.247214,6.0,-11.0,323.0,,-1.1668362446439047,-0.6634242246556806,0.24252858023020352,0.06666666666666667,0.0,-0.0
1742310664.268494,6.0,-10.0,323.0,,-1.0764886229125867,-0.6144242246556806,0.19060110288062582,0.06666666666666667,0.03333333333333333,-0.0
1742310664.2886949,6.0,-10.0,323.0,,-1.1254886229125867,-0.5264242246556806,0.1329698311280918,0.06666666666666667,0.0,-0.0
1742310664.308907,6.0,-10.0,323.0,,-1.1254886229125867,-0.5264242246556806,0.1329698311280918,0.06666666666666667,0.0,-0.0
1742310664.3290918,5.0,-10.0,323.0,,-1.1164886229125868,-0.38499783635452667,0.08337697185738158,0.0,0.0,-0.0
1742310664.34958,5.0,-10.0,323.0,,-1.1254886229125867,-0.5419978363545266,0.03787600073485997,0.0,0.0,-0.0
1742310664.3697507,5.0,-9.0,323.0,,-0.8686221020446648,-0.5029978363545267,0.11330478718171655,0.06666666666666667,0.03333333333333333,-0.0
1742310664.3899858,5.0,-9.0,323.0,,-0.9666221020446649,-0.47399783635452664,0.09839785446698457,0.06666666666666667,0.03333333333333333,-0.0
1742310664.410635,5.0,-9.0,323.0,,-1.005622102044665,-0.43399783635452666,0.08791054661034181,0.03333333333333333,0.0,-0.0
1742310664.430873,5.0,-9.0,323.0,,-1.0356221020446648,-0.48299783635452664,0.0256609988598111,0.0,-0.03333333333333333,-0.0
1742310664.4510765,5.0,-8.0,322.0,,-0.8172881204182421,-0.5129978363545267,0.018211500595882057,0.03333333333333333,-0.06666666666666667,-0.0
1742310664.471298,5.0,-8.0,322.0,,-0.8172881204182421,-0.5129978363545267,0.018211500595882057,0.03333333333333333,-0.06666666666666667,-0.0
1742310664.4914792,4.0,-7.0,322.0,,-0.6765382588044967,-0.2733110074298693,-0.010587458602476119,0.1,0.0,-0.0
1742310664.5126169,4.0,-7.0,322.0,,-0.6175382588044968,-0.3033110074298693,0.12782945506466525,0.06666666666666667,0.03333333333333333,-0.0
1742310664.532979,4.0,-6.0,322.0,,-0.4774242246556806,-0.3713110074298693,0.1238154815415502,0.1,0.06666666666666667,-0.0
1742310664.5534937,4.0,-6.0,322.0,,-0.5364242246556806,-0.3123110074298693,0.08393340845357322,0.1,0.06666666666666667,-0.0
1742310664.5737302,4.0,-6.0,322.0,,-0.5164242246556806,-0.3323110074298693,0.045359612580217146,0.06666666666666667,0.0,-0.0
1742310664.596591,4.0,-6.0,322.0,,-0.4084242246556806,-0.36131100742986927,0.08930559673475358,0.03333333333333333,-0.03333333333333333,-0.0
1742310664.6167808,4.0,-6.0,322.0,,-0.4084242246556806,-0.3323110074298693,0.11018105706984826,0.03333333333333333,0.0,-0.0
1742310664.637097,4.0,-6.0,322.0,,-0.3694242246556806,-0.41031100742986926,0.12017106481144602,0.03333333333333333,0.0,-0.0
1742310664.6576762,4.0,-5.0,322.0,,-0.1599978363545267,-0.36131100742986927,0.055643530083539616,0.06666666666666667,0.06666666666666667,-0.0
1742310664.6780627,3.0,-5.0,322.0,,0.1930021636454734,-0.15141573074327908,0.019606366049650603,0.06666666666666667,0.2,-0.0
1742310664.7000287,3.0,-7.0,322.0,,5.285461741195503,-0.35741573074327904,2.511708158479843,0.5666666666666667,4.9,0.43333333333333335
1742310664.7202337,3.0,-7.0,322.0,,5.285461741195503,-0.35741573074327904,2.511708158479843,0.5666666666666667,4.9,0.43333333333333335
1742310664.7407045,4.0,-15.0,320.0,,9.73798516754427,-2.7533110074298692,6.619479045254202,1.2,11.333333333333334,0.16666666666666666
1742310664.7612317,3.0,-27.0,318.0,,12.334353197555046,-6.49541573074328,11.962133233319772,3.2666666666666666,19.566666666666666,-0.5333333333333333
1742310664.7814515,0.0,-48.0,317.0,,11.184749262066763,-4.835,12.568792295532008,5.866666666666666,27.6,-1.0666666666666667
1742310664.8016458,-2.0,-77.0,312.0,,-3.7535703355431593,1.8903640626515346,10.214977937015597,6.566666666666666,33.2,-0.6
1742310664.8218653,-2.0,-112.0,305.0,,-14.136673613300186,6.500364062651535,9.321357520391087,4.433333333333334,30.766666666666666,-0.3
1742310664.8424556,0.0,-147.0,301.0,,-21.66090893349742,1.293,0.782137214045356,2.3,20.2,0.36666666666666664
1742310664.8631635,3.0,-172.0,300.0,,-19.380288120418243,1.603584269256721,-20.220567808650983,0.4666666666666667,6.3,2.1333333333333333
1742310664.883427,2.0,176.0,304.0,,-0.8456889925701286,-0.5583640626515345,-20.546741215617928,0.3333333333333333,-7.433333333333334,1.3
1742310664.9036446,2.0,176.0,304.0,,-0.8456889925701286,-0.5583640626515345,-20.546741215617928,0.3333333333333333,-7.433333333333334,1.3
1742310664.923875,2.0,-177.0,306.0,,5.320584269256721,-0.7343640626515345,-17.265699627646484,1.7333333333333334,-3.4,-1.0
1742310664.9440866,4.0,-169.0,303.0,,-8.618836244643907,0.7266889925701308,-17.45427556013125,-2.066666666666667,-9.633333333333333,-1.6333333333333333
1742310664.964526,4.0,-169.0,303.0,,-8.618836244643907,0.7266889925701308,-17.45427556013125,-2.066666666666667,-9.633333333333333,-1.6333333333333333
1742310664.984697,-1.0,-142.0,303.0,,-0.33363907294470874,-2.456791892850249,-0.9841153926144255,-3.8666666666666667,-22.566666666666666,1.4
1742310665.005079,-1.0,-142.0,303.0,,-0.33363907294470874,-2.456791892850249,-0.9841153926144255,-3.8666666666666667,-22.566666666666666,1.4
1742310665.025314,-3.0,-118.0,307.0,,-1.7587158859460734,-1.418584269256721,1.5281187090785888,-2.9,-22.8,1.3666666666666667
1742310665.0455132,-3.0,-92.0,311.0,,-6.539024013057329,1.375415730743279,3.9400895859814415,-2.2333333333333334,-22.233333333333334,1.1
1742310665.0657244,-1.0,-66.0,314.0,,-4.029880939473914,0.9642081071497512,6.919622042099348,-2.566666666666667,-20.366666666666667,0.7666666666666667
1742310665.0860786,1.0,-43.0,315.0,,-0.6314039122131101,0.004791892850248725,5.461730798549318,-1.2333333333333334,-15.433333333333334,0.43333333333333335
1742310665.1064641,3.0,-13.0,315.0,,1.9112301568866847,-1.9554157307432791,2.729567469530373,2.1333333333333333,-1.0,0.13333333333333333
1742310665.1267796,1.0,-9.0,315.0,,-1.985622102044665,0.5627918928502487,2.8825984618035854,2.0,1.6333333333333333,0.2
1742310665.1469593,1.0,-9.0,315.0,,-1.985622102044665,0.5627918928502487,2.8825984618035854,2.0,1.6333333333333333,0.2
1742310665.1679227,0.0,-10.0,314.0,,-5.675488622912587,0.156,1.6261350269182824,-0.9666666666666667,-2.2,0.2
1742310665.1881847,0.0,-8.0,314.0,,-3.258288120418242,-0.657,0.5257505192687706,-0.8666666666666667,-3.0,0.16666666666666666
1742310665.2085767,0.0,-8.0,314.0,,-3.258288120418242,-0.657,0.5257505192687706,-0.8666666666666667,-3.0,0.16666666666666666
1742310665.2302868,1.0,-3.0,314.0,,-0.5134157307432791,-1.0242081071497513,0.5204878617793192,0.4666666666666667,-0.13333333333333333,-0.13333333333333333
1742310665.25051,1.0,-3.0,314.0,,-1.1804157307432792,-0.7592081071497512,0.4945769934401856,0.4666666666666667,0.6333333333333333,-0.26666666666666666
1742310665.2707312,1.0,-3.0,314.0,,-1.1804157307432792,-0.7592081071497512,0.4945769934401856,0.4666666666666667,0.6333333333333333,-0.26666666666666666
1742310665.2909446,0.0,-4.0,314.0,,-1.5763110074298692,-1.069,-0.031057426473807936,0.0,-0.06666666666666667,-0.23333333333333334
1742310665.312948,0.0,-4.0,314.0,,-0.8313110074298693,-1.245,-0.11757796056403436,0.0,-0.16666666666666666,-0.16666666666666666
1742310665.3331647,1.0,-5.0,314.0,,-0.48299783635452664,-1.2602081071497513,-0.07224889640478338,0.13333333333333333,0.2,-0.16666666666666666
1742310665.3533838,1.0,-5.0,314.0,,-0.7379978363545266,-1.1522081071497512,-0.18715072449313297,0.16666666666666666,0.6,-0.16666666666666666
1742310665.3736143,1.0,-7.0,314.0,,-1.2735382588044968,-0.9752081071497514,-0.36008457274513894,0.03333333333333333,0.6,-0.1
1742310665.3937986,2.0,-8.0,314.0,,-1.6102881204182422,-1.2643640626515347,-0.520105689840868,0.0,0.5333333333333333,-0.03333333333333333
1742310665.4139903,2.0,-8.0,314.0,,-1.6102881204182422,-1.2643640626515347,-0.520105689840868,0.0,0.5333333333333333,-0.03333333333333333
1742310665.4341965,2.0,-9.0,314.0,,-1.8096221020446648,-0.8623640626515345,-0.5133381587545713,0.03333333333333333,0.43333333333333335,-0.0
1742310665.4544706,2.0,-10.0,314.0,,-1.6454886229125867,-0.9603640626515345,-0.36478985282778353,0.03333333333333333,0.6,-0.0
1742310665.4752033,2.0,-11.0,314.0,,-2.1268362446439046,-0.8813640626515346,-0.15128728848923778,0.3,0.8,-0.03333333333333333
1742310665.4963691,2.0,-12.0,314.0,,-2.206613686922219,-0.8623640626515345,0.02114956709242577,0.2,0.6333333333333333,-0.03333333333333333
1742310665.5165777,2.0,-14.0,313.0,,-2.109253795832741,-0.7833640626515346,0.22487566130442715,0.1,0.4666666666666667,-0.03333333333333333
1742310665.536784,2.0,-14.0,313.0,,-1.4622537958327406,-0.9013640626515346,0.38404821511232434,-0.06666666666666667,0.6666666666666666,-0.0
1742310665.5569644,3.0,-15.0,313.0,,-1.5010148324557286,-1.268415730743279,0.3210095901551355,-0.03333333333333333,1.0,-0.03333333333333333
1742310665.5771694,3.0,-17.0,313.0,,-1.8301664233300479,-1.307415730743279,0.3622468371438323,0.03333333333333333,1.1666666666666667,-0.1
1742310665.5975409,3.0,-18.0,313.0,,-2.0024567148182344,-1.190415730743279,0.4597683003043631,0.13333333333333333,1.2333333333333334,-0.13333333333333333
1742310665.6177619,4.0,-20.0,313.0,,-2.5132176060248104,-1.2043110074298693,0.3565715725464038,0.1,0.9666666666666667,-0.1
1742310665.638267,4.0,-21.0,313.0,,-2.369589585039396,-1.2923110074298694,0.24495908089592255,0.03333333333333333,0.7,-0.0
1742310665.6584618,4.0,-22.0,313.0,,-2.2248906814100975,-1.1653110074298692,0.34358709050067304,0.0,0.5333333333333333,0.03333333333333333
1742310665.678692,4.0,-23.0,313.0,,-2.167072370479776,-1.2633110074298692,0.23722224033125805,-0.03333333333333333,0.5,-0.0
1742310665.6995351,4.0,-23.0,313.0,,-2.167072370479776,-1.2633110074298692,0.23722224033125805,-0.03333333333333333,0.5,-0.0
1742310665.7205036,5.0,-25.0,313.0,,-2.548885147676262,-1.4529978363545266,0.19836362471795077,-0.06666666666666667,0.36666666666666664,-0.0
1742310665.740755,5.0,-25.0,313.0,,-2.548885147676262,-1.4529978363545266,0.19836362471795077,-0.06666666666666667,0.36666666666666664,-0.0
1742310665.760962,5.0,-25.0,313.0,,-2.420885147676262,-1.6099978363545266,0.11605457167468458,-0.06666666666666667,0.1,0.1
1742310665.781153,5.0,-26.0,312.0,,-2.1444209500008493,-1.3749978363545265,0.21957627245015843,0.16666666666666666,0.3333333333333333,0.13333333333333333
1742310665.8013642,5.0,-26.0,312.0,,-2.1444209500008493,-1.3749978363545265,0.21957627245015843,0.16666666666666666,0.3333333333333333,0.13333333333333333
1742310665.8215542,5.0,-26.0,312.0,,-2.4084209500008495,-1.2079978363545267,0.27511203685522645,0.13333333333333333,0.43333333333333335,0.1
1742310665.841752,6.0,-27.0,312.0,,-2.512646802444954,-1.4474242246556805,0.4560609411935328,-0.1,0.0,0.1
1742310665.863005,6.0,-27.0,312.0,,-2.512646802444954,-1.4474242246556805,0.4560609411935328,-0.1,0.0,0.1
1742310665.8831894,6.0,-27.0,312.0,,-2.414646802444954,-1.4274242246556805,0.4634335878452944,-0.03333333333333333,0.06666666666666667,0.06666666666666667
1742310665.9033854,7.0,-27.0,312.0,,-2.336646802444954,-1.4115382588044967,0.48251728655018766,-0.16666666666666666,0.13333333333333333,-0.0
1742310665.9235747,7.0,-27.0,312.0,,-2.336646802444954,-1.4115382588044967,0.48251728655018766,-0.16666666666666666,0.13333333333333333,-0.0
1742310665.944139,7.0,-27.0,312.0,,-1.8946468024449539,-1.6855382588044967,0.5370093499673825,-0.2,0.23333333333333334,0.03333333333333333
1742310665.9649038,8.0,-28.0,312.0,,-2.066516030929589,-1.738288120418242,0.4085520827893099,-0.16666666666666666,0.4,0.06666666666666667
1742310665.9850943,8.0,-28.0,312.0,,-2.066516030929589,-1.738288120418242,0.4085520827893099,-0.16666666666666666,0.4,0.06666666666666667
1742310666.005362,8.0,-29.0,312.0,,-2.1969823746165664,-1.571288120418242,0.27928552745655644,-0.16666666666666666,0.4,0.1
1742310666.0255544,9.0,-29.0,312.0,,-2.1389823746165666,-1.799622102044665,0.07545259745510435,-0.2,0.36666666666666664,0.2
1742310666.0460162,9.0,-29.0,312.0,,-2.1389823746165666,-1.799622102044665,0.07545259745510435,-0.2,0.36666666666666664,0.2
1742310666.0662086,9.0,-30.0,312.0,,-1.7579999999999996,-1.5736221020446648,0.38522489843369634,-0.16666666666666666,0.7666666666666667,0.26666666666666666
1742310666.0899663,9.0,-30.0,312.0,,-1.7579999999999996,-1.5736221020446648,0.38522489843369634,-0.16666666666666666,0.7666666666666667,0.26666666666666666
1742310666.1119847,9.0,-31.0,311.0,,-2.033523514867632,-1.5936221020446648,0.09091935413468555,-0.13333333333333333,0.9333333333333333,0.23333333333333334
1742310666.132193,10.0,-32.0,311.0,,-2.26750798212774,-1.4984886229125867,-0.3849749284026327,-0.1,0.8,0.2
1742310666.1524441,11.0,-33.0,311.0,,-2.2749089334974157,-1.7158362446439046,-0.46454159777846726,-0.16666666666666666,0.6333333333333333,0.23333333333333334
1742310666.1727154,11.0,-33.0,311.0,,-2.2749089334974157,-1.7158362446439046,-0.46454159777846726,-0.16666666666666666,0.6333333333333333,0.23333333333333334
1742310666.1929908,11.0,-35.0,311.0,,-2.273784840603762,-1.5488362446439046,-0.3218014624878176,-0.06666666666666667,0.3333333333333333,0.2
1742310666.2133086,12.0,-35.0,311.0,,-2.3617848406037623,-1.6486136869222192,-0.1693363029561823,-0.06666666666666667,0.16666666666666666,0.13333333333333333
1742310666.2335317,12.0,-35.0,311.0,,-2.3617848406037623,-1.6486136869222192,-0.1693363029561823,-0.06666666666666667,0.16666666666666666,0.13333333333333333
1742310666.2538755,12.0,-35.0,311.0,,-2.3617848406037623,-1.6486136869222192,-0.1693363029561823,-0.06666666666666667,0.16666666666666666,0.13333333333333333
1742310666.2740884,12.0,-35.0,311.0,,-2.3617848406037623,-1.6486136869222192,-0.1693363029561823,-0.06666666666666667,0.16666666666666666,0.13333333333333333
1742310666.2942922,12.0,-35.0,311.0,,-2.3617848406037623,-1.6486136869222192,-0.1693363029561823,-0.06666666666666667,0.16666666666666666,0.13333333333333333
1742310666.3148646,12.0,-35.0,311.0,,-2.3617848406037623,-1.6486136869222192,-0.1693363029561823,-0.06666666666666667,0.16666666666666666,0.13333333333333333
1742310666.3350537,12.0,-35.0,311.0,,-2.3617848406037623,-1.6486136869222192,-0.1693363029561823,-0.06666666666666667,0.16666666666666666,0.13333333333333333
1742310666.3554518,12.0,-35.0,311.0,,-2.3617848406037623,-1.6486136869222192,-0.1693363029561823,-0.06666666666666667,0.16666666666666666,0.13333333333333333
1742310666.375655,12.0,-35.0,311.0,,-2.3617848406037623,-1.6486136869222192,-0.1693363029561823,-0.06666666666666667,0.16666666666666666,0.13333333333333333
1742310666.3958664,12.0,-35.0,311.0,,-2.3617848406037623,-1.6486136869222192,-0.1693363029561823,-0.06666666666666667,0.16666666666666666,0.13333333333333333
1742310666.418965,12.0,-35.0,311.0,,-2.3617848406037623,-1.6486136869222192,-0.1693363029561823,-0.06666666666666667,0.16666666666666666,0.13333333333333333
1742310666.4391847,12.0,-35.0,311.0,,-2.3617848406037623,-1.6486136869222192,-0.1693363029561823,-0.06666666666666667,0.16666666666666666,0.13333333333333333
1742310666.4594119,12.0,-35.0,311.0,,-2.3617848406037623,-1.6486136869222192,-0.1693363029561823,-0.06666666666666667,0.16666666666666666,0.13333333333333333
1742310666.4796162,12.0,-35.0,311.0,,-2.3617848406037623,-1.6486136869222192,-0.1693363029561823,-0.06666666666666667,0.16666666666666666,0.13333333333333333
1742310666.5001657,12.0,-35.0,311.0,,-2.3617848406037623,-1.6486136869222192,-0.1693363029561823,-0.06666666666666667,0.16666666666666666,0.13333333333333333
1742310666.5210028,12.0,-35.0,311.0,,-2.3617848406037623,-1.6486136869222192,-0.1693363029561823,-0.06666666666666667,0.16666666666666666,0.13333333333333333
1742310666.5412452,12.0,-35.0,311.0,,-2.3617848406037623,-1.6486136869222192,-0.1693363029561823,-0.06666666666666667,0.16666666666666666,0.13333333333333333
1742310666.5614493,12.0,-35.0,311.0,,-2.3617848406037623,-1.6486136869222192,-0.1693363029561823,-0.06666666666666667,0.16666666666666666,0.13333333333333333
1742310666.581673,12.0,-35.0,311.0,,-2.4507848406037622,-1.5896136869222193,-0.08179989693043765,0.0,0.03333333333333333,0.06666666666666667
1742310666.6019356,12.0,-35.0,311.0,,-2.4507848406037622,-1.5896136869222193,-0.08179989693043765,0.0,0.03333333333333333,0.06666666666666667
1742310666.6221168,12.0,-33.0,310.0,,-1.9999089334974158,-1.6186136869222192,0.4852323944575989,0.03333333333333333,-0.2,0.03333333333333333
1742310666.6423147,12.0,-33.0,310.0,,-1.9999089334974158,-1.6186136869222192,0.4852323944575989,0.03333333333333333,-0.2,0.03333333333333333
1742310666.6627362,12.0,-33.0,310.0,,-2.156908933497416,-1.7266136869222193,0.12633318020349016,0.03333333333333333,-0.03333333333333333,-0.03333333333333333
1742310666.6829634,12.0,-33.0,310.0,,-2.156908933497416,-1.7266136869222193,0.12633318020349016,0.03333333333333333,-0.03333333333333333,-0.03333333333333333
1742310666.7031634,12.0,-33.0,310.0,,-2.156908933497416,-1.7266136869222193,0.12633318020349016,0.03333333333333333,-0.03333333333333333,-0.03333333333333333
1742310666.723683,12.0,-33.0,310.0,,-2.156908933497416,-1.7266136869222193,0.12633318020349016,0.03333333333333333,-0.03333333333333333,-0.03333333333333333
1742310666.744145,12.0,-33.0,310.0,,-2.156908933497416,-1.7266136869222193,0.12633318020349016,0.03333333333333333,-0.03333333333333333,-0.03333333333333333
1742310666.7646408,12.0,-33.0,310.0,,-2.156908933497416,-1.7266136869222193,0.12633318020349016,0.03333333333333333,-0.03333333333333333,-0.03333333333333333
1742310666.784842,12.0,-33.0,310.0,,-2.156908933497416,-1.7266136869222193,0.12633318020349016,0.03333333333333333,-0.03333333333333333,-0.03333333333333333
1742310666.805072,12.0,-33.0,310.0,,-2.156908933497416,-1.7266136869222193,0.12633318020349016,0.03333333333333333,-0.03333333333333333,-0.03333333333333333
1742310666.825286,12.0,-33.0,310.0,,-2.156908933497416,-1.7266136869222193,0.12633318020349016,0.03333333333333333,-0.03333333333333333,-0.03333333333333333
1742310666.8457255,12.0,-33.0,310.0,,-2.156908933497416,-1.7266136869222193,0.12633318020349016,0.03333333333333333,-0.03333333333333333,-0.03333333333333333
1742310666.8669622,12.0,-33.0,310.0,,-2.156908933497416,-1.7266136869222193,0.12633318020349016,0.03333333333333333,-0.03333333333333333,-0.03333333333333333
1742310666.8871915,12.0,-33.0,310.0,,-2.156908933497416,-1.7266136869222193,0.12633318020349016,0.03333333333333333,-0.03333333333333333,-0.03333333333333333
1742310666.9082582,12.0,-33.0,310.0,,-2.156908933497416,-1.7266136869222193,0.12633318020349016,0.03333333333333333,-0.03333333333333333,-0.03333333333333333
1742310666.9287882,12.0,-33.0,310.0,,-2.156908933497416,-1.7266136869222193,0.12633318020349016,0.03333333333333333,-0.03333333333333333,-0.03333333333333333
1742310666.9492989,12.0,-33.0,310.0,,-2.156908933497416,-1.7266136869222193,0.12633318020349016,0.03333333333333333,-0.03333333333333333,-0.03333333333333333
1742310666.9701157,12.0,-33.0,310.0,,-2.156908933497416,-1.7266136869222193,0.12633318020349016,0.03333333333333333,-0.03333333333333333,-0.03333333333333333
1742310666.9903965,12.0,-33.0,310.0,,-2.156908933497416,-1.7266136869222193,0.12633318020349016,0.03333333333333333,-0.03333333333333333,-0.03333333333333333
1742310667.010932,12.0,-33.0,310.0,,-2.156908933497416,-1.7266136869222193,0.12633318020349016,0.03333333333333333,-0.03333333333333333,-0.03333333333333333
1742310667.0311208,12.0,-33.0,310.0,,-2.156908933497416,-1.7266136869222193,0.12633318020349016,0.03333333333333333,-0.03333333333333333,-0.03333333333333333
1742310667.0513735,12.0,-33.0,310.0,,-2.156908933497416,-1.7266136869222193,0.12633318020349016,0.03333333333333333,-0.03333333333333333,-0.03333333333333333
1742310667.0719457,12.0,-33.0,310.0,,-2.156908933497416,-1.7266136869222193,0.12633318020349016,0.03333333333333333,-0.03333333333333333,-0.03333333333333333
1742310667.092156,12.0,-33.0,310.0,,-2.156908933497416,-1.7266136869222193,0.12633318020349016,0.03333333333333333,-0.03333333333333333,-0.03333333333333333
1742310667.1132562,12.0,-33.0,310.0,,-2.156908933497416,-1.7266136869222193,0.12633318020349016,0.03333333333333333,-0.03333333333333333,-0.03333333333333333
1742310667.133904,12.0,-33.0,310.0,,-2.156908933497416,-1.7266136869222193,0.12633318020349016,0.03333333333333333,-0.03333333333333333,-0.03333333333333333
1742310667.154108,12.0,-33.0,310.0,,-2.156908933497416,-1.7266136869222193,0.12633318020349016,0.03333333333333333,-0.03333333333333333,-0.03333333333333333
1742310667.1743221,12.0,-33.0,310.0,,-2.156908933497416,-1.7266136869222193,0.12633318020349016,0.03333333333333333,-0.03333333333333333,-0.03333333333333333
1742310667.1945074,12.0,-33.0,310.0,,-2.156908933497416,-1.7266136869222193,0.12633318020349016,0.03333333333333333,-0.03333333333333333,-0.03333333333333333
1742310667.2147539,12.0,-33.0,310.0,,-2.156908933497416,-1.7266136869222193,0.12633318020349016,0.03333333333333333,-0.03333333333333333,-0.03333333333333333
1742310667.2352505,12.0,-33.0,310.0,,-2.156908933497416,-1.7266136869222193,0.12633318020349016,0.03333333333333333,-0.03333333333333333,-0.03333333333333333
1742310667.256552,12.0,-33.0,310.0,,-2.156908933497416,-1.7266136869222193,0.12633318020349016,0.03333333333333333,-0.03333333333333333,-0.03333333333333333
1742310667.2767968,12.0,-33.0,310.0,,-2.156908933497416,-1.7266136869222193,0.12633318020349016,0.03333333333333333,-0.03333333333333333,-0.03333333333333333
1742310667.297006,12.0,-33.0,310.0,,-2.156908933497416,-1.7266136869222193,0.12633318020349016,0.03333333333333333,-0.03333333333333333,-0.03333333333333333
1742310667.3172073,12.0,-33.0,310.0,,-2.156908933497416,-1.7266136869222193,0.12633318020349016,0.03333333333333333,-0.03333333333333333,-0.03333333333333333
1742310667.337647,12.0,-33.0,310.0,,-2.156908933497416,-1.7266136869222193,0.12633318020349016,0.03333333333333333,-0.03333333333333333,-0.03333333333333333
1742310667.3582327,12.0,-33.0,310.0,,-2.156908933497416,-1.7266136869222193,0.12633318020349016,0.03333333333333333,-0.03333333333333333,-0.03333333333333333
1742310667.3787482,12.0,-33.0,310.0,,-2.156908933497416,-1.7266136869222193,0.12633318020349016,0.03333333333333333,-0.03333333333333333,-0.03333333333333333
1742310667.398939,12.0,-33.0,310.0,,-2.156908933497416,-1.7266136869222193,0.12633318020349016,0.03333333333333333,-0.03333333333333333,-0.03333333333333333
1742310667.4191728,12.0,-33.0,310.0,,-2.156908933497416,-1.7266136869222193,0.12633318020349016,0.03333333333333333,-0.03333333333333333,-0.03333333333333333
1742310667.4395256,12.0,-33.0,310.0,,-2.156908933497416,-1.7266136869222193,0.12633318020349016,0.03333333333333333,-0.03333333333333333,-0.03333333333333333
1742310667.4597638,12.0,-33.0,310.0,,-2.156908933497416,-1.7266136869222193,0.12633318020349016,0.03333333333333333,-0.03333333333333333,-0.03333333333333333
1742310667.4799366,20.0,-50.0,309.0,,-0.709895986997175,-1.0512176060248106,-0.07220201655241976,0.4666666666666667,0.26666666666666666,0.03333333333333333
1742310667.5001414,20.0,-50.0,309.0,,-0.709895986997175,-1.0512176060248106,-0.07220201655241976,0.4666666666666667,0.26666666666666666,0.03333333333333333
1742310667.5203326,20.0,-50.0,309.0,,-0.778895986997175,-1.1692176060248105,-0.029243205452612386,0.1,0.23333333333333334,0.1
1742310667.540619,20.0,-50.0,309.0,,-0.7398959869971744,-1.4442176060248104,-0.0036527583590775237,-0.3,0.1,0.16666666666666666
1742310667.5610332,20.0,-50.0,309.0,,-0.7398959869971744,-1.4442176060248104,-0.0036527583590775237,-0.3,0.1,0.16666666666666666
1742310667.5815718,20.0,-50.0,308.0,,-0.6808959869971751,-1.1692176060248105,0.07831199064222005,0.26666666666666666,0.2,0.2
1742310667.601789,21.0,-50.0,309.0,,-0.8278959869971745,-0.937589585039396,-0.054606956286534114,0.1,0.13333333333333333,0.13333333333333333
1742310667.6219845,21.0,-50.0,309.0,,-0.8478959869971749,-1.0645895850393958,-0.11320771300886712,-0.1,0.03333333333333333,0.03333333333333333
1742310667.6421583,21.0,-50.0,309.0,,-0.7688959869971743,-1.143589585039396,-0.07117480797786513,-0.13333333333333333,0.0,0.03333333333333333
1742310667.66238,21.0,-50.0,308.0,,-0.7488959869971747,-1.0845895850393958,-0.038667337007590064,-0.2,0.06666666666666667,-0.0
1742310667.6834219,21.0,-50.0,309.0,,-0.7398959869971744,-1.074589585039396,-0.0458219985145929,-0.16666666666666666,0.06666666666666667,-0.06666666666666667
1742310667.70362,21.0,-50.0,309.0,,-0.5338959869971749,-1.251589585039396,0.13064595981404903,-0.2,0.03333333333333333,-0.0
1742310667.7239895,21.0,-50.0,309.0,,-0.552895986997175,-1.172589585039396,0.06575954005268514,-0.16666666666666666,0.03333333333333333,0.03333333333333333
1742310667.744198,21.0,-50.0,309.0,,-0.552895986997175,-1.1045895850393959,-0.014829771602618003,-0.03333333333333333,0.0,-0.0
1742310667.764396,21.0,-50.0,309.0,,-0.5138959869971744,-1.211589585039396,-0.022096822268512284,0.13333333333333333,0.03333333333333333,0.03333333333333333
1742310667.7848313,21.0,-50.0,309.0,,-0.5138959869971744,-1.055589585039396,0.028298943437753188,0.2,0.03333333333333333,0.06666666666666667
1742310667.805045,21.0,-50.0,309.0,,-0.5338959869971749,-1.1045895850393959,0.04580409143682829,0.1,0.03333333333333333,0.06666666666666667
1742310667.8253822,21.0,-50.0,309.0,,-0.6908959869971749,-0.9765895850393957,-0.0366186845934644,0.0,-0.03333333333333333,-0.0
1742310667.8455944,21.0,-50.0,309.0,,-0.6908959869971749,-0.9765895850393957,-0.0366186845934644,0.0,-0.03333333333333333,-0.0
1742310667.8658192,21.0,-50.0,309.0,,-0.592895986997175,-1.094589585039396,0.015425838911776069,0.13333333333333333,0.03333333333333333,-0.0
1742310667.8884127,21.0,-50.0,309.0,,-0.592895986997175,-1.094589585039396,0.015425838911776069,0.13333333333333333,0.03333333333333333,-0.0
1742310667.9086115,21.0,-50.0,309.0,,-0.592895986997175,-1.094589585039396,0.015425838911776069,0.13333333333333333,0.03333333333333333,-0.0
1742310667.9288216,21.0,-50.0,309.0,,-0.592895986997175,-1.094589585039396,0.015425838911776069,0.13333333333333333,0.03333333333333333,-0.0
1742310667.9490056,21.0,-50.0,309.0,,-0.5828959869971744,-1.0255895850393957,0.03996347521661914,0.2,0.06666666666666667,-0.0
1742310667.9692245,21.0,-50.0,309.0,,-0.5828959869971744,-1.0255895850393957,0.03996347521661914,0.2,0.06666666666666667,-0.0
1742310667.9896557,21.0,-50.0,309.0,,-0.5828959869971744,-1.0255895850393957,0.03996347521661914,0.2,0.06666666666666667,-0.0
1742310668.009873,20.0,-50.0,309.0,,-0.6418959869971745,-0.7672176060248104,-0.06837956591042538,0.2,0.03333333333333333,-0.0
1742310668.0304422,20.0,-50.0,309.0,,-0.6418959869971745,-0.7672176060248104,-0.06837956591042538,0.2,0.03333333333333333,-0.0
1742310668.0506608,20.0,-50.0,309.0,,-0.6418959869971745,-0.7672176060248104,-0.06837956591042538,0.2,0.03333333333333333,-0.0
1742310668.0708802,20.0,-50.0,309.0,,-0.6418959869971745,-0.7672176060248104,-0.06837956591042538,0.2,0.03333333333333333,-0.0
1742310668.0911276,20.0,-50.0,309.0,,-0.6418959869971745,-0.7672176060248104,-0.06837956591042538,0.2,0.03333333333333333,-0.0
1742310668.111349,20.0,-50.0,309.0,,-0.6418959869971745,-0.7672176060248104,-0.06837956591042538,0.2,0.03333333333333333,-0.0
1742310668.1316562,20.0,-50.0,309.0,,-0.6418959869971745,-0.7672176060248104,-0.06837956591042538,0.2,0.03333333333333333,-0.0
1742310668.1518867,20.0,-50.0,309.0,,-0.6418959869971745,-0.7672176060248104,-0.06837956591042538,0.2,0.03333333333333333,-0.0
1742310668.1724167,20.0,-50.0,309.0,,-0.6418959869971745,-0.7672176060248104,-0.06837956591042538,0.2,0.03333333333333333,-0.0
1742310668.1926785,20.0,-50.0,309.0,,-0.6418959869971745,-0.7672176060248104,-0.06837956591042538,0.2,0.03333333333333333,-0.0
1742310668.212884,20.0,-50.0,309.0,,-0.6418959869971745,-0.7672176060248104,-0.06837956591042538,0.2,0.03333333333333333,-0.0
1742310668.233434,20.0,-50.0,309.0,,-0.6418959869971745,-0.7672176060248104,-0.06837956591042538,0.2,0.03333333333333333,-0.0
1742310668.253886,20.0,-50.0,309.0,,-0.6418959869971745,-0.7672176060248104,-0.06837956591042538,0.2,0.03333333333333333,-0.0
1742310668.27416,20.0,-50.0,309.0,,-0.6418959869971745,-0.7672176060248104,-0.06837956591042538,0.2,0.03333333333333333,-0.0
1742310668.2969382,20.0,-50.0,309.0,,-0.6418959869971745,-0.7672176060248104,-0.06837956591042538,0.2,0.03333333333333333,-0.0
1742310668.3171136,20.0,-50.0,309.0,,-0.6418959869971745,-0.7672176060248104,-0.06837956591042538,0.2,0.03333333333333333,-0.0
1742310668.3376496,20.0,-50.0,309.0,,-0.6418959869971745,-0.7672176060248104,-0.06837956591042538,0.2,0.03333333333333333,-0.0
1742310668.3583703,20.0,-50.0,309.0,,-0.6418959869971745,-0.7672176060248104,-0.06837956591042538,0.2,0.03333333333333333,-0.0
1742310668.3788326,20.0,-50.0,309.0,,-0.6418959869971745,-0.7672176060248104,-0.06837956591042538,0.2,0.03333333333333333,-0.0
1742310668.3993762,20.0,-50.0,309.0,,-0.6418959869971745,-0.7672176060248104,-0.06837956591042538,0.2,0.03333333333333333,-0.0
1742310668.4195817,20.0,-50.0,309.0,,-0.6418959869971745,-0.7672176060248104,-0.06837956591042538,0.2,0.03333333333333333,-0.0
1742310668.4398067,20.0,-50.0,309.0,,-0.6418959869971745,-0.7672176060248104,-0.06837956591042538,0.2,0.03333333333333333,-0.0
1742310668.4600549,20.0,-50.0,309.0,,-0.6418959869971745,-0.7672176060248104,-0.06837956591042538,0.2,0.03333333333333333,-0.0
1742310668.4806938,20.0,-50.0,309.0,,-0.6418959869971745,-0.7672176060248104,-0.06837956591042538,0.2,0.03333333333333333,-0.0
1742310668.5013976,20.0,-50.0,309.0,,-0.6418959869971745,-0.7672176060248104,-0.06837956591042538,0.2,0.03333333333333333,-0.0
1742310668.521628,20.0,-50.0,309.0,,-0.6418959869971745,-0.7672176060248104,-0.06837956591042538,0.2,0.03333333333333333,-0.0
1742310668.544091,20.0,-50.0,309.0,,-0.6418959869971745,-0.7672176060248104,-0.06837956591042538,0.2,0.03333333333333333,-0.0
1742310668.5642664,20.0,-50.0,309.0,,-0.6418959869971745,-0.7672176060248104,-0.06837956591042538,0.2,0.03333333333333333,-0.0
1742310668.58446,20.0,-50.0,309.0,,-0.6418959869971745,-0.7672176060248104,-0.06837956591042538,0.2,0.03333333333333333,-0.0
1742310668.6046286,20.0,-50.0,309.0,,-0.6418959869971745,-0.7672176060248104,-0.06837956591042538,0.2,0.03333333333333333,-0.0
1742310668.6248887,20.0,-50.0,309.0,,-0.6418959869971745,-0.7672176060248104,-0.06837956591042538,0.2,0.03333333333333333,-0.0
1742310668.6451344,20.0,-50.0,309.0,,-0.6418959869971745,-0.7672176060248104,-0.06837956591042538,0.2,0.03333333333333333,-0.0
1742310668.6657674,20.0,-50.0,309.0,,-0.6418959869971745,-0.7672176060248104,-0.06837956591042538,0.2,0.03333333333333333,-0.0
1742310668.6859603,20.0,-50.0,309.0,,-0.6418959869971745,-0.7672176060248104,-0.06837956591042538,0.2,0.03333333333333333,-0.0
1742310668.7061381,20.0,-50.0,309.0,,-0.6418959869971745,-0.7672176060248104,-0.06837956591042538,0.2,0.03333333333333333,-0.0
1742310668.7263474,20.0,-50.0,309.0,,-0.6418959869971745,-0.7672176060248104,-0.06837956591042538,0.2,0.03333333333333333,-0.0
1742310668.7470512,20.0,-50.0,309.0,,-0.6418959869971745,-0.7672176060248104,-0.06837956591042538,0.2,0.03333333333333333,-0.0
1742310668.767605,20.0,-50.0,309.0,,-0.6418959869971745,-0.7672176060248104,-0.06837956591042538,0.2,0.03333333333333333,-0.0
1742310668.7878604,20.0,-50.0,309.0,,-0.6418959869971745,-0.7672176060248104,-0.06837956591042538,0.2,0.03333333333333333,-0.0
1742310668.8083518,20.0,-50.0,309.0,,-0.6418959869971745,-0.7672176060248104,-0.06837956591042538,0.2,0.03333333333333333,-0.0
1742310668.8285522,20.0,-50.0,309.0,,-0.6418959869971745,-0.7672176060248104,-0.06837956591042538,0.2,0.03333333333333333,-0.0
1742310668.8492172,20.0,-50.0,309.0,,-0.6418959869971745,-0.7672176060248104,-0.06837956591042538,0.2,0.03333333333333333,-0.0
1742310668.8694456,20.0,-50.0,309.0,,-0.6418959869971745,-0.7672176060248104,-0.06837956591042538,0.2,0.03333333333333333,-0.0
1742310668.8896556,20.0,-50.0,309.0,,-0.6418959869971745,-0.7672176060248104,-0.06837956591042538,0.2,0.03333333333333333,-0.0
1742310668.9098988,20.0,-50.0,309.0,,-0.6418959869971745,-0.7672176060248104,-0.06837956591042538,0.2,0.03333333333333333,-0.0
1742310668.9303062,20.0,-50.0,309.0,,-0.6418959869971745,-0.7672176060248104,-0.06837956591042538,0.2,0.03333333333333333,-0.0
1742310668.9507132,20.0,-50.0,309.0,,-0.6418959869971745,-0.7672176060248104,-0.06837956591042538,0.2,0.03333333333333333,-0.0
1742310668.9711285,20.0,-50.0,309.0,,-0.6418959869971745,-0.7672176060248104,-0.06837956591042538,0.2,0.03333333333333333,-0.0
1742310668.9913135,20.0,-50.0,309.0,,-0.6418959869971745,-0.7672176060248104,-0.06837956591042538,0.2,0.03333333333333333,-0.0
1742310669.0115023,20.0,-50.0,309.0,,-0.6418959869971745,-0.7672176060248104,-0.06837956591042538,0.2,0.03333333333333333,-0.0
1742310669.0322268,-2.0,-110.0,292.0,,0.332615390090238,-2.4226359373484656,-7.836079729034525,0.8333333333333334,-2.8333333333333335,0.2
1742310669.052427,-1.0,-107.0,292.0,,0.5716503440026202,-2.1037918928502486,-5.254763810902045,0.8333333333333334,-2.533333333333333,0.36666666666666664
1742310669.0729666,0.0,-103.0,292.0,,0.23742966445684033,-1.853,-4.2122578863750615,0.6666666666666666,-2.2666666666666666,0.5333333333333333
1742310669.093151,0.0,-100.0,291.0,,0.06603594295023996,-1.736,-3.3926451058730724,0.6,-2.2,0.6
1742310669.1135771,0.0,-97.0,291.0,,-0.09787774760137147,-1.697,-2.5205036246919015,0.6333333333333333,-2.2,0.6
1742310669.1342688,1.0,-94.0,291.0,,0.18589666695112328,-1.7502081071497513,-1.3883486048257176,0.6333333333333333,-2.1666666666666665,0.6
1742310669.154474,2.0,-91.0,290.0,,0.5074941105158022,-1.7053640626515345,-0.16901696993819726,0.6,-1.8333333333333333,0.6333333333333333
1742310669.1746814,3.0,-89.0,290.0,,0.23249411051580182,-1.3174157307432792,0.010812709300499823,0.43333333333333335,-1.4666666666666666,0.6666666666666666
1742310669.1950245,4.0,-87.0,290.0,,-0.1575557359423705,-1.3413110074298693,-0.006560282800758099,0.2,-1.3666666666666667,0.6333333333333333
1742310669.2152612,5.0,-85.0,290.0,,-1.643669988280024,-1.3159978363545266,-0.36024476751766343,0.0,-1.9666666666666666,0.5
1742310669.2356052,5.0,-83.0,290.0,,0.1471222523986313,-0.23799783635452665,0.036686360209829516,-1.1333333333333333,-2.4,0.9333333333333333
1742310669.255858,6.0,-80.0,291.0,,-0.25696405704976044,-1.5454242246556806,-0.016740321913927936,-1.0666666666666667,-2.5,1.2333333333333334
1742310669.2760377,8.0,-77.0,292.0,,1.4724296644568415,-2.7382881204182423,0.3858982624428071,-0.6666666666666666,-1.9,0.9333333333333333
1742310669.296271,9.0,-75.0,292.0,,1.5362676441042407,-1.7206221020446648,0.16582428020111473,-0.26666666666666666,-0.6666666666666666,0.5
1742310669.3164825,10.0,-74.0,293.0,,1.2390227628450923,-2.066488622912587,0.009569979274446583,-0.36666666666666664,0.4,0.16666666666666666
1742310669.337083,11.0,-74.0,293.0,,-0.43797723715490733,-1.1668362446439047,-2.2628272257325053,0.0,1.0666666666666667,-0.0
1742310669.3574667,11.0,-75.0,294.0,,-0.5917323558957595,-2.5778362446439047,-2.41790910317817,-1.0666666666666667,0.7333333333333333,0.06666666666666667
1742310669.3780708,11.0,-76.0,294.0,,-0.9096010747675258,-1.4908362446439045,-2.832639485977117,0.5,0.5666666666666667,-0.1
1742310669.3986332,11.0,-77.0,295.0,,-0.6455703355431588,-1.4118362446439046,-1.4169210685907168,0.0,0.1,-0.2
1742310669.4191735,11.0,-77.0,294.0,,-0.08657033554315952,-0.8628362446439046,-0.15629643429804713,0.1,-0.1,-0.23333333333333334
1742310669.4396164,11.0,-77.0,294.0,,0.19842966445684063,-1.7158362446439046,-0.0015344958408415321,-0.16666666666666666,-0.36666666666666664,-0.13333333333333333
1742310669.4599667,10.0,-76.0,295.0,,0.7973989252324749,-0.9104886229125867,0.050624583243543686,-0.3,-0.3,-0.06666666666666667
1742310669.480184,10.0,-76.0,295.0,,0.7873989252324733,-0.7824886229125867,0.03819805478866822,-0.6,-0.16666666666666666,-0.13333333333333333
1742310669.5003893,10.0,-76.0,296.0,,0.502398925232475,-1.2924886229125867,0.007020136368745544,-0.8333333333333334,-0.03333333333333333,-0.3333333333333333
1742310669.520662,10.0,-76.0,297.0,,0.3653989252324745,-2.566488622912587,0.001221172563413933,-0.7666666666666667,0.0,-0.36666666666666664
1742310669.540887,10.0,-76.0,298.0,,0.6403989252324749,-2.9394886229125867,0.004063700562850464,-0.16666666666666666,0.13333333333333333,-0.2
1742310669.5610921,10.0,-76.0,299.0,,0.5913989252324736,-2.497488622912587,-6.006892549817768e-16,0.1,0.2,-0.03333333333333333
1742310669.5813115,10.0,-77.0,299.0,,0.3544296644568412,-2.3704886229125868,-6.006892549817768e-16,0.3333333333333333,0.13333333333333333,-0.0
1742310669.6015193,10.0,-77.0,299.0,,0.4434296644568416,-1.9194886229125867,-0.11487240635126472,0.43333333333333335,0.0,-0.0
1742310669.6217399,10.0,-77.0,298.0,,0.4434296644568416,-1.4204886229125868,0.001156728587703472,0.13333333333333333,-0.03333333333333333,-0.03333333333333333
1742310669.6449142,10.0,-77.0,298.0,,0.3354296644568411,-1.9384886229125868,0.0021264863205100737,-0.03333333333333333,-0.1,-0.03333333333333333
1742310669.6651268,9.0,-76.0,298.0,,0.3853989252324741,-1.4866221020446648,0.003030579593307048,0.3333333333333333,0.06666666666666667,-0.36666666666666664
1742310669.6853528,9.0,-77.0,298.0,,0.24742966445684011,-1.1136221020446648,0.00043402700827771534,0.16666666666666666,0.16666666666666666,-0.5333333333333333
1742310669.705591,9.0,-77.0,298.0,,0.24742966445684011,-1.1136221020446648,0.00043402700827771534,0.16666666666666666,0.16666666666666666,-0.5333333333333333
1742310669.725783,8.0,-77.0,299.0,,-0.2135703355431584,-1.875288120418242,-0.009402046525306074,-0.5,0.06666666666666667,-0.6666666666666666
1742310669.74596,7.0,-77.0,299.0,,-0.00757033554315889,-2.450538258804497,-0.0067094315923932335,-0.5,-0.06666666666666667,-0.6
1742310669.7664068,7.0,-77.0,299.0,,-0.00757033554315889,-2.450538258804497,-0.0067094315923932335,-0.5,-0.06666666666666667,-0.6
1742310669.7866,6.0,-77.0,301.0,,0.5414296644568406,-2.1234242246556807,0.01631691804691926,0.4,0.0,-0.3
1742310669.80681,6.0,-77.0,300.0,,0.23742966445684033,-0.8894242246556806,-0.00024099167717331338,0.8666666666666667,0.13333333333333333,0.06666666666666667
1742310669.827049,6.0,-77.0,300.0,,0.23742966445684033,-0.8894242246556806,-0.00024099167717331338,0.8666666666666667,0.13333333333333333,0.06666666666666667
1742310669.8473191,8.0,-77.0,299.0,,2.4144296644568417,-0.42528812041824215,-0.5504207571061648,1.1,-0.5666666666666667,2.7666666666666666
1742310669.869957,11.0,-76.0,297.0,,-0.7816010747675257,-0.4408362446439045,-0.023266996114818222,1.3666666666666667,-0.6,2.3666666666666667
1742310669.890111,13.0,-75.0,294.0,,3.3602676441042405,3.8922301568866846,0.04863008605842102,2.2666666666666666,-0.43333333333333335,0.6
1742310669.9102747,13.0,-75.0,294.0,,3.3602676441042405,3.8922301568866846,0.04863008605842102,2.2666666666666666,-0.43333333333333335,0.6
1742310669.930478,12.0,-74.0,291.0,,2.6800227628450912,2.2943863130777804,-0.5692748560857572,4.166666666666667,0.43333333333333335,-2.8333333333333335
1742310669.9507327,7.0,-72.0,286.0,,1.1421355751445432,-1.1085382588044967,0.00931109698808294,1.4333333333333333,-0.2,-1.1333333333333333
1742310669.9709525,5.0,-72.0,285.0,,2.192135575144544,-0.8359978363545266,-1.376135176314233,0.9666666666666667,0.4,-0.7666666666666667
1742310669.9911277,3.0,-73.0,284.0,,2.6796503440026225,-2.719415730743279,-1.777729735361782,0.8666666666666667,1.0,-1.4333333333333333
1742310670.0119562,1.0,-73.0,283.0,,1.6496503440026231,-2.2112081071497514,-1.1744469352002085,0.43333333333333335,0.0,-2.4
1742310670.032149,0.0,-74.0,284.0,,-0.5849772371549076,-3.864,-1.8908714314845319,-0.1,-0.5,-1.9333333333333333
1742310670.0523984,-2.0,-73.0,284.0,,-0.2813496559973778,-3.7766359373484653,0.013151643438186977,-0.3333333333333333,-0.8666666666666667,-2.1666666666666665
1742310670.0729558,-4.0,-72.0,285.0,,0.11313557514454331,-2.600688992570131,0.008499919593171756,-0.3,-0.26666666666666666,-1.7666666666666666
1742310670.093208,-4.0,-72.0,285.0,,0.11313557514454331,-2.600688992570131,0.008499919593171756,-0.3,-0.26666666666666666,-1.7666666666666666
1742310670.1133895,-6.0,-72.0,286.0,,0.03413557514454446,-1.7395757753443195,-0.3528059869373654,-0.13333333333333333,0.0,-1.2333333333333334
1742310670.1336102,-9.0,-71.0,288.0,,-1.0785372266292992,-2.545377897955335,-0.05527814075063675,-0.1,-0.6666666666666666,-1.4333333333333333
1742310670.1537983,-10.0,-70.0,289.0,,-2.9133846099097607,-3.356511377087413,-0.33252774148795194,-0.5666666666666667,-0.7666666666666667,-1.1333333333333333
1742310670.1741314,-11.0,-69.0,290.0,,-3.952423983937549,-4.179163755356096,-0.4494280631913292,-1.0333333333333334,-0.5,-0.8
1742310670.1972868,-11.0,-68.0,292.0,,-2.6046736133001858,-4.816163755356095,-0.021518003779141814,-1.4,0.36666666666666664,0.1
1742310670.2174697,-11.0,-68.0,294.0,,-1.035673613300185,-4.032163755356096,0.06542724321786086,-2.1,0.9333333333333333,0.6666666666666666
1742310670.2376697,-9.0,-68.0,296.0,,-1.1436736133001855,-3.427377897955335,-0.04908597047772556,-2.433333333333333,0.6666666666666666,0.7666666666666667
1742310670.257856,-8.0,-69.0,298.0,,-1.971423983937549,-2.537711879581758,-0.31142332304489506,-2.6,0.3,1.0
1742310670.2783282,-5.0,-69.0,300.0,,-1.8244239839375496,-2.3030021636454734,-0.4112022802711621,-3.033333333333333,0.4666666666666667,1.3666666666666667
1742310670.2985308,-3.0,-69.0,303.0,,-0.30442398393755,-1.869584269256721,-0.08861716368882577,-3.566666666666667,1.0333333333333334,2.2666666666666666
1742310670.3192484,0.0,-70.0,306.0,,1.077615390090239,-0.981,0.056548830597394906,-3.8333333333333335,1.3666666666666667,3.033333333333333
1742310670.3394084,9.0,-74.0,313.0,,-0.6149772371549087,-1.241622102044665,-0.12617216930028152,-3.1666666666666665,0.8333333333333334,1.9333333333333333
1742310670.3596396,9.0,-74.0,313.0,,-0.6149772371549087,-1.241622102044665,-0.12617216930028152,-3.1666666666666665,0.8333333333333334,1.9333333333333333
1742310670.3798628,12.0,-75.0,316.0,,0.45726764410424003,-1.0696136869222193,0.02074227930746053,-2.433333333333333,0.8333333333333334,1.1
1742310670.4000711,14.0,-77.0,319.0,,1.3554296644568407,-0.8932537958327407,-0.12856599647167066,-2.433333333333333,1.0,0.5333333333333333
1742310670.42098,15.0,-79.0,322.0,,0.6862373303784164,-1.1870148324557286,-1.4437210008315708,-2.3,0.9333333333333333,0.5
1742310670.4412556,16.0,-81.0,324.0,,0.07677737876169743,-1.401002460564762,-1.5224244404387002,-1.6333333333333333,0.7666666666666667,0.6666666666666666
1742310670.4614494,18.0,-84.0,328.0,,0.9317402064372384,-2.2574567148182343,-1.2554160216958714,-2.066666666666667,0.6333333333333333,0.4666666666666667
1742310670.4817202,18.0,-84.0,328.0,,0.9317402064372384,-2.2574567148182343,-1.2554160216958714,-2.066666666666667,0.6333333333333333,0.4666666666666667
1742310670.5019364,18.0,-84.0,328.0,,0.9317402064372384,-2.2574567148182343,-1.2554160216958714,-2.066666666666667,0.6333333333333333,0.4666666666666667
1742310670.5225353,19.0,-88.0,335.0,,0.3939759869426709,-2.2438235952247076,-0.1507490089220547,-1.5,0.0,0.36666666666666664
1742310670.5428038,19.0,-88.0,335.0,,0.3939759869426709,-2.2438235952247076,-0.1507490089220547,-1.5,0.0,0.36666666666666664
1742310670.5633905,20.0,-88.0,337.0,,0.20797598694267094,-2.2672176060248104,-0.6749466978017088,-1.4333333333333333,0.23333333333333334,0.36666666666666664
1742310670.5835981,20.0,-90.0,341.0,,0.18200000000000038,-2.2582176060248105,0.01076395330192298,-0.5,0.23333333333333334,0.23333333333333334
1742310670.6050014,20.0,-90.0,341.0,,0.18200000000000038,-2.2582176060248105,0.01076395330192298,-0.5,0.23333333333333334,0.23333333333333334
1742310670.6251888,20.0,-93.0,344.0,,1.26444426405763,-0.5912176060248107,-1.364259778064877,-3.2333333333333334,0.6,1.2
1742310670.6456866,21.0,-95.0,347.0,,-0.05566998828002312,-0.5845895850393958,0.01875881546679825,-4.366666666666666,0.5666666666666667,0.3
1742310670.6666214,21.0,-95.0,347.0,,-0.05566998828002312,-0.5845895850393958,0.01875881546679825,-4.366666666666666,0.5666666666666667,0.3
1742310670.6868572,21.0,-100.0,357.0,,-0.9829640570497595,-1.280589585039396,-6.339846991113502,-2.4,0.06666666666666667,2.5
1742310670.7070665,22.0,-102.0,2.0,,-1.2116279631986338,1.8161093185899024,-2.2428433845532654,-2.433333333333333,0.43333333333333335,2.033333333333333
1742310670.7274303,22.0,-102.0,2.0,,-1.2116279631986338,1.8161093185899024,-2.2428433845532654,-2.433333333333333,0.43333333333333335,2.033333333333333
1742310670.7489557,25.0,-105.0,10.0,,-2.08273235589576,3.924114852323738,-3.98002585409966,-4.266666666666667,-0.4666666666666667,1.7333333333333334
1742310670.7691684,25.0,-107.0,16.0,,-3.979349655997379,3.5611148523237377,-0.859379810476445,-4.666666666666667,-0.36666666666666664,3.433333333333333
1742310670.7893384,25.0,-107.0,16.0,,-3.979349655997379,3.5611148523237377,-0.859379810476445,-4.666666666666667,-0.36666666666666664,3.433333333333333
1742310670.8103378,31.0,-112.0,31.0,,-3.0556736133001854,1.4184764851323681,-2.345166106948107,-3.6666666666666665,-1.8666666666666667,7.2
1742310670.8305674,36.0,-115.0,40.0,,-2.5078793908295376,-1.4131733249891623,-4.520799046051202,-3.3,-2.066666666666667,7.066666666666666
1742310670.850757,41.0,-118.0,49.0,,-3.337715885946073,-4.151939074396877,-8.552186389458907,-2.2666666666666666,-1.8,6.033333333333333
1742310670.8709378,45.0,-122.0,57.0,,-2.9363518232945394,-5.20171752344003,-10.607911911908039,-0.43333333333333335,-0.7333333333333333,5.533333333333333
1742310670.8911486,50.0,-126.0,64.0,,-2.6224567148182345,-4.671895986997175,-10.315895161030387,2.1666666666666665,0.3333333333333333,5.9
1742310670.9119546,50.0,-126.0,64.0,,-2.6224567148182345,-4.671895986997175,-10.315895161030387,2.1666666666666665,0.3333333333333333,5.9
1742310670.9322038,65.0,-134.0,73.0,,-3.330723441322167,0.4141206091704639,0.008634148689353971,5.0,1.4,6.133333333333334
1742310670.9526508,73.0,-140.0,78.0,,-4.5607464510249525,2.287650344002623,0.4559476113686125,2.933333333333333,0.9333333333333333,3.4
1742310670.9738305,79.0,-148.0,85.0,,-4.49350798212774,2.078237330378416,0.3826952207093153,0.8333333333333334,-0.5666666666666667,1.6333333333333333
1742310670.994008,79.0,-148.0,85.0,,-4.49350798212774,2.078237330378416,0.3826952207093153,0.8333333333333334,-0.5666666666666667,1.6333333333333333
1742310671.0142157,82.0,-159.0,96.0,,-1.8395895850393955,0.5324702456451949,0.03102877457823383,0.43333333333333335,-1.3666666666666667,1.8666666666666667
1742310671.0344317,84.0,164.0,134.0,,7.695002460564762,1.2357402064372387,-6.006892549817768e-16,0.3333333333333333,-0.5666666666666667,2.3333333333333335
1742310671.0547466,83.0,144.0,156.0,,10.384173324989163,0.5691222523986301,0.001313468878882472,0.16666666666666666,-0.03333333333333333,1.7
1742310671.075358,81.0,132.0,169.0,,9.613250737933237,-0.8842226212383029,-0.0847956516617665,0.26666666666666666,0.2,0.7666666666666667
1742310671.095608,81.0,125.0,175.0,,8.44688155447501,-0.7862226212383021,-0.1448591944088502,1.1,-0.5,0.03333333333333333
1742310671.116004,81.0,119.0,182.0,,9.275019327037475,0.9597773787616966,0.09215252558303855,1.8666666666666667,-0.9666666666666667,0.13333333333333333
1742310671.1361935,81.0,109.0,193.0,,9.686537226629298,2.126777378761698,0.21766820673436937,1.7,-1.0,0.23333333333333334
1742310671.156408,82.0,98.0,205.0,,9.948529754354805,1.9154702456451957,0.268298413839567,1.1,-0.8,0.26666666666666666
1742310671.1766088,81.0,89.0,215.0,,10.003505889484199,1.7837773787616982,0.2617983278252709,0.8,-0.6333333333333333,0.3333333333333333
1742310671.1968338,81.0,85.0,220.0,,9.723669988280024,2.008777378761698,0.2795044597166061,0.43333333333333335,-0.5333333333333333,0.2
1742310671.21776,81.0,83.0,223.0,,9.079877747601369,1.9697773787616981,0.32880692952030666,-0.06666666666666667,-0.3333333333333333,0.03333333333333333
1742310671.239982,81.0,86.0,220.0,,9.158103333048876,1.567777378761697,0.2383083556925487,-1.1333333333333333,-0.26666666666666666,-0.2
1742310671.2601993,81.0,92.0,215.0,,8.73502401305733,0.5187773787616976,0.05749730463830338,-0.7333333333333333,-0.26666666666666666,0.23333333333333334
1742310671.2804117,80.0,98.0,208.0,,8.194529754354805,0.13503594295023902,0.016956180507253782,-0.4666666666666667,-0.3,0.36666666666666664
1742310671.3006027,80.0,105.0,202.0,,7.84773235589576,-0.9639640570497612,-0.13056469831688466,-0.03333333333333333,-0.8333333333333334,-0.2
1742310671.3208303,80.0,105.0,202.0,,7.84773235589576,-0.9639640570497612,-0.13056469831688466,-0.03333333333333333,-0.8333333333333334,-0.2
1742310671.3410227,80.0,107.0,201.0,,8.48934965599738,-0.33596405704976107,-0.03762354967800463,0.13333333333333333,-1.0666666666666667,-0.5
1742310671.3613772,81.0,111.0,199.0,,9.15842398393755,0.08677737876169722,0.0029302526572290155,-0.06666666666666667,-0.8333333333333334,-0.6
1742310671.3819711,81.0,111.0,199.0,,9.15842398393755,0.08677737876169722,0.0029302526572290155,-0.06666666666666667,-0.8333333333333334,-0.6
1742310671.4023077,81.0,115.0,197.0,,9.438879390829538,-1.0112226212383018,-0.11239939342863925,-0.4,-0.5666666666666667,-0.8666666666666667
1742310671.4225366,82.0,127.0,185.0,,8.980614353563942,-1.3605297543548058,-0.5926013198783229,-0.6,-0.6333333333333333,-0.16666666666666666
1742310671.4437501,82.0,127.0,185.0,,8.980614353563942,-1.3605297543548058,-0.5926013198783229,-0.6,-0.6333333333333333,-0.16666666666666666
1742310671.4647245,82.0,135.0,179.0,,8.131717523440033,-0.07552975435480569,-1.5732793131237233,-1.3333333333333333,-1.1666666666666667,-0.23333333333333334
1742310671.4850829,80.0,159.0,157.0,,4.338589585039395,-0.39496405704976034,-0.4416693937348055,0.03333333333333333,-1.4666666666666666,-0.0
1742310671.5052931,80.0,159.0,157.0,,4.338589585039395,-0.39496405704976034,-0.4416693937348055,0.03333333333333333,-1.4666666666666666,-0.0
1742310671.5256093,78.0,171.0,147.0,,2.7206221020446657,0.004372036801365553,-0.00846722438995573,0.0,-1.5333333333333334,-0.0
1742310671.545998,78.0,176.0,144.0,,1.8403110074298712,0.043372036801365255,-0.0055796804440938486,0.03333333333333333,-1.3333333333333333,-0.0
1742310671.5661886,78.0,176.0,144.0,,1.8403110074298712,0.043372036801365255,-0.0055796804440938486,0.03333333333333333,-1.3333333333333333,-0.0
1742310671.5863671,75.0,-168.0,131.0,,-1.0306136869222189,0.06526764410424057,-0.014336142287848186,0.03333333333333333,-0.9666666666666667,-0.0
1742310671.6069875,75.0,-168.0,131.0,,-1.0306136869222189,0.06526764410424057,-0.014336142287848186,0.03333333333333333,-0.9666666666666667,-0.0
1742310671.627199,74.0,-161.0,125.0,,-2.2048235952247066,0.32702276284509146,0.0009258084374911268,0.06666666666666667,-0.8,-0.0
1742310671.6475232,71.0,-150.0,115.0,,-4.004,0.4324627733707018,-0.0025097996496064034,0.03333333333333333,-0.5333333333333333,-0.0
1742310671.6677423,70.0,-146.0,111.0,,-4.672682383048028,0.5286153900902395,-6.231429593916982e-05,0.03333333333333333,-0.3,-0.0
1742310671.6883686,70.0,-146.0,111.0,,-4.672682383048028,0.5286153900902395,-6.231429593916982e-05,0.03333333333333333,-0.3,-0.0
1742310671.7086253,68.0,-138.0,104.0,,-5.7711712483804005,0.6123263866998148,-0.0030839774058671887,0.03333333333333333,-0.06666666666666667,-0.0
1742310671.7289233,68.0,-136.0,101.0,,-6.629598614202763,0.6313263866998149,-0.0004915908397190791,0.03333333333333333,0.0,-0.0
1742310671.7491558,68.0,-136.0,101.0,,-6.629598614202763,0.6313263866998149,-0.0004915908397190791,0.03333333333333333,0.0,-0.0
1742310671.769539,67.0,-132.0,98.0,,-7.134250737933238,0.6678473876315607,-0.00011417390306811201,0.03333333333333333,0.0,-0.0
1742310671.7897387,65.0,-131.0,96.0,,-7.257700981985395,0.7971206091704648,-0.01811229746327729,0.03333333333333333,0.0,-0.0
1742310671.8099542,65.0,-131.0,96.0,,-7.257700981985395,0.7971206091704648,-0.01811229746327729,0.03333333333333333,0.0,-0.0
1742310671.8303046,67.0,-131.0,96.0,,-7.227700981985395,0.6868473876315608,-0.018084643742583575,0.03333333333333333,0.0,-0.0
1742310671.8529685,68.0,-130.0,95.0,,-7.3198959869971745,0.6123263866998148,-0.018092723151097542,0.03333333333333333,0.0,-0.0
1742310671.8732193,69.0,-130.0,95.0,,-7.3198959869971745,0.549576016062451,-6.006892549817768e-16,0.03333333333333333,0.0,-0.0
1742310671.8935328,70.0,-130.0,95.0,,-7.358895986997175,0.4696153900902402,-0.038236734323216386,0.03333333333333333,0.0,-0.0
1742310671.9137292,71.0,-130.0,95.0,,-7.368895986997175,0.42246277337070204,-6.006892549817768e-16,0.03333333333333333,0.0,-0.0
1742310671.9341362,71.0,-130.0,95.0,,-7.368895986997175,0.42246277337070204,-6.006892549817768e-16,0.03333333333333333,0.0,-0.0
1742310671.9544199,73.0,-130.0,95.0,,-7.348895986997174,0.31665034400262293,-6.006892549817768e-16,0.03333333333333333,0.0,-0.0
1742310671.9746494,74.0,-129.0,94.0,,-7.477801881892886,0.2680227628450922,-0.038217212213949234,0.03333333333333333,0.0,-0.0
1742310671.9959638,74.0,-129.0,94.0,,-7.477801881892886,0.2680227628450922,-0.038217212213949234,0.03333333333333333,0.0,-0.0
1742310672.019959,76.0,-129.0,94.0,,-7.457801881892886,0.17939892523247458,-0.0181026016523742,0.03333333333333333,0.0,-0.0
1742310672.04038,76.0,-129.0,94.0,,-7.457801881892886,0.17939892523247458,-0.0181026016523742,0.03333333333333333,0.0,-0.0
1742310672.0606227,76.0,-129.0,94.0,,-7.457801881892886,0.17939892523247458,-0.0181026016523742,0.03333333333333333,0.0,-0.0
1742310672.0808794,79.0,-128.0,93.0,,-7.554385492881943,0.058237330378416274,-6.006892549817768e-16,0.03333333333333333,0.0,-0.0
1742310672.1011295,79.0,-128.0,93.0,,-7.554385492881943,0.058237330378416274,-6.006892549817768e-16,0.03333333333333333,0.0,-0.0
1742310672.1213374,79.0,-128.0,93.0,,-7.564385492881943,0.04823733037841649,-6.006892549817768e-16,0.03333333333333333,0.0,-0.0
1742310672.1415193,80.0,-128.0,93.0,,-7.574385492881944,0.06603594295023996,-0.13656974731675958,0.03333333333333333,0.0,-0.0
1742310672.161883,80.0,-128.0,93.0,,-7.574385492881944,0.06603594295023996,-0.13656974731675958,0.03333333333333333,0.0,-0.0
1742310672.1846058,81.0,-128.0,93.0,,-7.564385492881943,-0.011222621238301755,-0.0001348956657140233,0.03333333333333333,0.0,-0.0
1742310672.20484,82.0,-127.0,92.0,,-7.678614353563942,-0.016529754354804638,-0.07643358629429753,0.03333333333333333,0.0,-0.0
1742310672.22502,82.0,-127.0,92.0,,-7.678614353563942,-0.016529754354804638,-0.07643358629429753,0.03333333333333333,0.0,-0.0
1742310672.2452307,82.0,-127.0,92.0,,-7.649614353563942,-0.026529754354804425,-6.006892549817768e-16,0.03333333333333333,0.0,-0.0
1742310672.265807,83.0,-127.0,92.0,,-7.7086143535639415,-0.009877747601368725,-0.07632074477204479,0.03333333333333333,0.0,-0.0
1742310672.2862,83.0,-127.0,92.0,,-7.7086143535639415,-0.009877747601368725,-0.07632074477204479,0.03333333333333333,0.0,-0.0
1742310672.3067434,84.0,-127.0,91.0,,-7.658614353563942,-0.048259793562762,-6.006892549817768e-16,0.03333333333333333,0.0,-0.0
1742310672.3269703,84.0,-126.0,91.0,,-7.751456714818235,-0.058259793562761786,-0.018102279039858366,0.03333333333333333,0.0,-0.0
1742310672.3471534,84.0,-126.0,91.0,,-7.751456714818235,-0.058259793562761786,-0.018102279039858366,0.03333333333333333,0.0,-0.0
1742310672.3676047,84.0,-126.0,91.0,,-7.751456714818235,-0.048259793562762,-6.006892549817768e-16,0.03333333333333333,0.0,-0.0
1742310672.388056,85.0,-125.0,90.0,,-7.85988155447501,-0.05566998828002312,-0.05626323090660533,0.03333333333333333,0.0,-0.0
1742310672.4088326,85.0,-125.0,90.0,,-7.85988155447501,-0.05566998828002312,-0.05626323090660533,0.03333333333333333,0.0,-0.0
1742310672.4290051,85.0,-124.0,89.0,,-7.986858586764959,-0.08466998828002303,-0.01811229746327729,0.03333333333333333,0.0,-0.0
1742310672.449188,86.0,-124.0,89.0,,-7.976858586764959,-0.08810333304887585,-0.03821690375851085,0.03333333333333333,0.0,-0.0
1742310672.46937,86.0,-124.0,89.0,,-7.976858586764959,-0.08810333304887585,-0.03821690375851085,0.03333333333333333,0.0,-0.0
1742310672.4897478,86.0,-123.0,88.0,,-8.06135827154461,-0.05910333304887594,-0.0964019444410732,0.06666666666666667,0.0,-0.0
1742310672.5101151,86.0,-123.0,88.0,,-8.081358271544609,-0.12710333304887556,-6.006892549817768e-16,0.03333333333333333,0.0,-0.0
1742310672.5303211,86.0,-122.0,87.0,,-8.153351823294539,-0.10810333304887543,-0.0005257933570580603,0.03333333333333333,0.0,-0.0
1742310672.5506816,87.0,-122.0,87.0,,-8.163351823294539,-0.06955573594236952,-0.1164863502658047,0.03333333333333333,0.0,-0.0
1742310672.5709043,87.0,-122.0,87.0,,-8.11435182329454,-0.10855573594236922,-0.00012365739207626132,0.03333333333333333,0.0,-0.0
1742310672.591328,87.0,-122.0,87.0,,-8.153351823294539,-0.10855573594236922,-6.006892549817768e-16,0.03333333333333333,0.0,-0.0
1742310672.6115904,87.0,-121.0,86.0,,-8.282811219887723,-0.07955573594236931,-0.13664336681229222,0.03333333333333333,0.0,-0.0
1742310672.6317832,87.0,-121.0,86.0,,-8.232811219887722,-0.09855573594236944,-6.006892549817768e-16,0.03333333333333333,0.0,-0.0
1742310672.6520228,87.0,-121.0,86.0,,-8.232811219887722,-0.10855573594236922,-0.0002484737740598951,0.03333333333333333,0.0,-0.0
1742310672.672201,87.0,-120.0,85.0,,-8.349709211125344,-0.08855573594236965,-0.07639462251993864,0.03333333333333333,0.0,-0.0
1742310672.6924255,87.0,-120.0,85.0,,-8.319709211125344,-0.09855573594236944,-0.038216225617323164,0.03333333333333333,0.0,-0.0
1742310672.7129962,87.0,-119.0,84.0,,-8.385019327037474,-0.11855573594236901,-0.0002686265142344893,0.03333333333333333,0.0,-0.0
1742310672.7339516,87.0,-119.0,84.0,,-8.414019327037474,-0.08855573594236965,-0.07639335183163526,0.03333333333333333,0.0,-0.0
1742310672.7550888,88.0,-119.0,83.0,,-8.434019327037474,-0.09602401305732933,-0.056290873525187565,0.03333333333333333,0.0,-0.0
1742310672.7753088,88.0,-118.0,83.0,,-8.515715885946072,-0.1160240130573289,-6.006892549817768e-16,0.03333333333333333,0.0,-0.0
1742310672.795629,88.0,-118.0,83.0,,-8.505715885946072,-0.1160240130573289,-0.038236734323216386,0.03333333333333333,0.0,-0.0
1742310672.8160505,88.0,-117.0,82.0,,-8.564774002287889,-0.1160240130573289,-6.006892549817768e-16,0.03333333333333333,0.0,-0.0
1742310672.836453,88.0,-117.0,82.0,,-8.564774002287889,-0.1160240130573289,-6.006892549817768e-16,0.03333333333333333,0.0,-0.0
1742310672.8566551,88.0,-116.0,81.0,,-8.671169594194827,-0.10602401305732911,-0.056320038539382306,0.03333333333333333,0.0,-0.0
1742310672.8768747,88.0,-116.0,81.0,,-8.651169594194828,-0.10602401305732911,-0.03821657489192108,0.03333333333333333,0.0,-0.0
1742310672.8974257,88.0,-116.0,81.0,,-8.622169594194828,-0.1160240130573289,-6.006892549817768e-16,0.03333333333333333,0.0,-0.0
1742310672.9180064,88.0,-115.0,80.0,,-8.695879390829537,-0.09602401305732933,-6.006892549817768e-16,0.03333333333333333,0.0,-0.0
1742310672.9382908,88.0,-114.0,79.0,,-8.795880939473914,-0.08702401305732899,-0.07635780238001663,0.03333333333333333,0.0,-0.0
1742310672.9584885,88.0,-114.0,78.0,,-8.815880939473914,-0.09602401305732933,-0.03819742153525812,0.03333333333333333,0.0,-0.0
1742310672.98022,88.0,-113.0,78.0,,-8.874152612368439,-0.1160240130573289,-0.01811215089934716,0.03333333333333333,0.0,-0.0
1742310673.0012953,88.0,-113.0,78.0,,-8.874152612368439,-0.1160240130573289,-0.01811215089934716,0.03333333333333333,0.0,-0.0
1742310673.0221183,88.0,-113.0,78.0,,-8.884152612368439,-0.09602401305732933,-0.056290873525187565,0.03333333333333333,0.0,-0.0
1742310673.04295,88.0,-112.0,77.0,,-8.929673613300185,-0.10602401305732911,-0.03821657489192108,0.03333333333333333,0.0,-0.0
1742310673.063671,88.0,-112.0,77.0,,-8.929673613300185,-0.10602401305732911,-0.03821657489192108,0.03333333333333333,0.0,-0.0
1742310673.0840049,88.0,-111.0,76.0,,-8.982423983937549,-0.10602401305732911,-0.038216225617323164,0.03333333333333333,0.0,-0.0
1742310673.1043239,89.0,-110.0,75.0,,-9.062384609909762,-0.10050588948419836,-0.05629042036525239,0.03333333333333333,0.0,-0.0
1742310673.1248631,89.0,-110.0,75.0,,-9.062384609909762,-0.10050588948419836,-0.05629042036525239,0.03333333333333333,0.0,-0.0
1742310673.1450489,89.0,-109.0,74.0,,-9.099537226629298,-0.11050588948419815,-0.038216225617323164,0.03333333333333333,0.0,-0.0
1742310673.165258,89.0,-109.0,74.0,,-9.099537226629298,-0.10050588948419836,-0.03819643798345175,0.03333333333333333,0.0,-0.0
1742310673.1854463,89.0,-109.0,74.0,,-9.099537226629298,-0.10050588948419836,-0.03819643798345175,0.03333333333333333,0.0,-0.0
1742310673.2056797,89.0,-108.0,73.0,,-9.153864424855458,-0.11050588948419815,-0.018102436205773197,0.03333333333333333,0.0,-0.0
1742310673.2262304,89.0,-108.0,73.0,,-9.153864424855458,-0.12050588948419794,-6.006892549817768e-16,0.03333333333333333,0.0,-0.0
1742310673.2464418,89.0,-108.0,73.0,,-9.153864424855458,-0.12050588948419794,-6.006892549817768e-16,0.03333333333333333,0.0,-0.0
1742310673.266894,89.0,-107.0,72.0,,-9.235349655997378,-0.09150588948419802,-0.0763590695417747,0.03333333333333333,0.0,-0.0
1742310673.2871435,89.0,-107.0,72.0,,-9.196349655997379,-0.12050588948419794,-6.006892549817768e-16,0.03333333333333333,0.0,-0.0
1742310673.3092873,89.0,-107.0,72.0,,-9.196349655997379,-0.12050588948419794,-6.006892549817768e-16,0.03333333333333333,0.0,-0.0
1742310673.3300903,89.0,-106.0,71.0,,-9.273977237154908,-0.10050588948419836,-0.07639400752362827,0.03333333333333333,0.0,-0.0
1742310673.3502886,89.0,-106.0,71.0,,-9.283977237154907,-0.12050588948419794,-0.01811229746327729,0.03333333333333333,0.0,-0.0
1742310673.3729372,89.0,-106.0,71.0,,-9.283977237154907,-0.12050588948419794,-0.01811229746327729,0.03333333333333333,0.0,-0.0
1742310673.3931184,89.0,-106.0,71.0,,-9.283977237154907,-0.12050588948419794,-0.01811229746327729,0.03333333333333333,0.0,-0.0
1742310673.4133317,89.0,-106.0,71.0,,-9.253977237154908,-0.11050588948419815,-0.038216225617323164,0.03333333333333333,0.0,-0.0
1742310673.4338322,89.0,-106.0,71.0,,-9.273977237154908,-0.11050588948419815,-0.03821690375851085,0.03333333333333333,0.0,-0.0
1742310673.4540224,89.0,-105.0,70.0,,-9.30973235589576,-0.10050588948419836,-0.07639335183163526,0.03333333333333333,0.0,-0.0
1742310673.4784276,89.0,-105.0,70.0,,-9.30973235589576,-0.11050588948419815,-0.03821657489192108,0.03333333333333333,0.0,-0.0
1742310673.4986386,89.0,-105.0,70.0,,-9.30973235589576,-0.11050588948419815,-0.03821657489192108,0.03333333333333333,0.0,-0.0
1742310673.5188484,89.0,-105.0,70.0,,-9.31973235589576,-0.10050588948419836,-0.07639400752362827,0.03333333333333333,0.0,-0.0
1742310673.5390918,89.0,-105.0,70.0,,-9.29973235589576,-0.11050588948419815,-0.038216225617323164,0.03333333333333333,0.0,-0.0
1742310673.5593138,89.0,-105.0,70.0,,-9.29973235589576,-0.11050588948419815,-0.038216225617323164,0.03333333333333333,0.0,-0.0
1742310673.5797534,89.0,-104.0,69.0,,-9.352601074767525,-0.10050588948419836,-0.05628993721871163,0.03333333333333333,0.0,-0.0
1742310673.5999162,89.0,-104.0,69.0,,-9.342601074767526,-0.10050588948419836,-0.07639265545021981,0.03333333333333333,0.0,-0.0
1742310673.620156,89.0,-104.0,69.0,,-9.362601074767525,-0.11050588948419815,-0.05631958397653918,0.03333333333333333,0.0,-0.0
1742310673.6403618,89.0,-104.0,69.0,,-9.352601074767525,-0.11050588948419815,-0.03821657489192108,0.03333333333333333,0.0,-0.0
1742310673.660563,89.0,-104.0,69.0,,-9.352601074767525,-0.11050588948419815,-0.03821657489192108,0.03333333333333333,0.0,-0.0
1742310673.6809072,89.0,-104.0,69.0,,-9.342601074767526,-0.10050588948419836,-0.056289424090174435,0.03333333333333333,0.0,-0.0
1742310673.7010784,89.0,-103.0,68.0,,-9.402570335543158,-0.11050588948419815,-0.05631958397653918,0.03333333333333333,0.0,-0.0
1742310673.7212706,89.0,-103.0,68.0,,-9.402570335543158,-0.11050588948419815,-0.05631958397653918,0.03333333333333333,0.0,-0.0
1742310673.7414649,89.0,-103.0,68.0,,-9.392570335543159,-0.10050588948419836,-0.07639335183163526,0.03333333333333333,0.0,-0.0
1742310673.76176,89.0,-103.0,68.0,,-9.392570335543159,-0.11050588948419815,-0.0181026016523742,0.03333333333333333,0.0,-0.0
1742310673.782268,89.0,-103.0,68.0,,-9.392570335543159,-0.11050588948419815,-0.0181026016523742,0.03333333333333333,0.0,-0.0
1742310673.8024771,89.0,-103.0,68.0,,-9.402570335543158,-0.11050588948419815,-0.05631958397653918,0.03333333333333333,0.0,-0.0
1742310673.8226573,89.0,-103.0,68.0,,-9.382570335543159,-0.11050588948419815,-0.018102436205773197,0.03333333333333333,0.0,-0.0
1742310673.8428807,89.0,-103.0,68.0,,-9.382570335543159,-0.11050588948419815,-0.018102436205773197,0.03333333333333333,0.0,-0.0
1742310673.8630881,89.0,-103.0,68.0,,-9.382570335543159,-0.11050588948419815,-0.018102436205773197,0.03333333333333333,0.0,-0.0
1742310673.8836517,89.0,-102.0,67.0,,-9.429627963198634,-0.10050588948419836,-0.07639335183163526,0.03333333333333333,0.0,-0.0
1742310673.9039197,89.0,-102.0,67.0,,-9.429627963198634,-0.10050588948419836,-0.07639335183163526,0.03333333333333333,0.0,-0.0
1742310673.9241626,89.0,-102.0,67.0,,-9.449627963198633,-0.11050588948419815,-0.056320038539382306,0.03333333333333333,0.0,-0.0
1742310673.9444232,89.0,-102.0,67.0,,-9.419627963198634,-0.11050588948419815,-0.018102436205773197,0.03333333333333333,0.0,-0.0
1742310673.9646354,89.0,-102.0,67.0,,-9.419627963198634,-0.11050588948419815,-0.018102436205773197,0.03333333333333333,0.0,-0.0
1742310673.9852602,89.0,-101.0,66.0,,-9.453762669621584,-0.11050588948419815,-0.038216225617323164,0.03333333333333333,0.0,-0.0
1742310674.0056584,89.0,-101.0,66.0,,-9.473762669621584,-0.11050588948419815,-0.03821690375851085,0.03333333333333333,0.0,-0.0
1742310674.0260406,89.0,-101.0,66.0,,-9.473762669621584,-0.11050588948419815,-0.03821690375851085,0.03333333333333333,0.0,-0.0
1742310674.0463796,89.0,-101.0,66.0,,-9.473762669621584,-0.10050588948419836,-0.07639400752362827,0.03333333333333333,0.0,-0.0
1742310674.0666046,89.0,-101.0,66.0,,-9.473762669621584,-0.10050588948419836,-0.07639400752362827,0.03333333333333333,0.0,-0.0
1742310674.0868235,89.0,-101.0,66.0,,-9.473762669621584,-0.10050588948419836,-0.07639400752362827,0.03333333333333333,0.0,-0.0
1742310674.106986,89.0,-101.0,66.0,,-9.453762669621584,-0.11050588948419815,-0.038216225617323164,0.03333333333333333,0.0,-0.0
1742310674.12718,89.0,-101.0,66.0,,-9.453762669621584,-0.11050588948419815,-0.056318584617316036,0.03333333333333333,0.0,-0.0
1742310674.1475594,89.0,-101.0,66.0,,-9.453762669621584,-0.11050588948419815,-0.056318584617316036,0.03333333333333333,0.0,-0.0
1742310674.1679058,89.0,-101.0,66.0,,-9.473762669621584,-0.11050588948419815,-0.05631958397653918,0.03333333333333333,0.0,-0.0
1742310674.188774,89.0,-101.0,66.0,,-9.463762669621584,-0.11050588948419815,-0.056319099334303874,0.03333333333333333,0.0,-0.0
1742310674.20927,89.0,-101.0,66.0,,-9.463762669621584,-0.11050588948419815,-0.056319099334303874,0.03333333333333333,0.0,-0.0
1742310674.2294965,89.0,-101.0,66.0,,-9.463762669621584,-0.12050588948419794,-0.01811199463698639,0.03333333333333333,0.0,-0.0
1742310674.2499592,89.0,-101.0,66.0,,-9.473762669621584,-0.11050588948419815,-0.03821690375851085,0.03333333333333333,0.0,-0.0
1742310674.2703984,89.0,-101.0,66.0,,-9.473762669621584,-0.10050588948419836,-0.05629042036525239,0.03333333333333333,0.0,-0.0
1742310674.2912843,89.0,-101.0,66.0,,-9.473762669621584,-0.10050588948419836,-0.05629042036525239,0.03333333333333333,0.0,-0.0
1742310674.3122442,89.0,-101.0,66.0,,-9.473762669621584,-0.10050588948419836,-0.07639400752362827,0.03333333333333333,0.0,-0.0
1742310674.3326788,89.0,-101.0,67.0,,-9.463762669621584,-0.11050588948419815,-0.03821657489192108,0.03333333333333333,0.0,-0.0
1742310674.3531902,89.0,-101.0,66.0,,-9.453762669621584,-0.11050588948419815,-0.038216225617323164,0.03333333333333333,0.0,-0.0
1742310674.3735611,89.0,-101.0,66.0,,-9.444762669621584,-0.11050588948419815,-0.05631809566217034,0.03333333333333333,0.0,-0.0
1742310674.3939917,89.0,-101.0,66.0,,-9.463762669621584,-0.10050588948419836,-0.07639335183163526,0.03333333333333333,0.0,-0.0
1742310674.4142275,89.0,-101.0,66.0,,-9.473762669621584,-0.11050588948419815,-0.05631958397653918,0.03333333333333333,0.0,-0.0
1742310674.4347372,89.0,-101.0,66.0,,-9.473762669621584,-0.11050588948419815,-0.03821690375851085,0.03333333333333333,0.0,-0.0
1742310674.4549499,89.0,-101.0,66.0,,-9.473762669621584,-0.11050588948419815,-0.03821690375851085,0.03333333333333333,0.0,-0.0
1742310674.4755406,89.0,-101.0,66.0,,-9.453762669621584,-0.11050588948419815,-0.038216225617323164,0.03333333333333333,0.0,-0.0
1742310674.4957523,89.0,-101.0,66.0,,-9.453762669621584,-0.11050588948419815,-0.056318584617316036,0.03333333333333333,0.0,-0.0
1742310674.5160694,89.0,-101.0,66.0,,-9.473762669621584,-0.11050588948419815,-0.05631958397653918,0.03333333333333333,0.0,-0.0
1742310674.5363042,89.0,-101.0,66.0,,-9.473762669621584,-0.11050588948419815,-0.03821690375851085,0.03333333333333333,0.0,-0.0
1742310674.5571234,89.0,-101.0,66.0,,-9.473762669621584,-0.11050588948419815,-0.07643358629429753,0.03333333333333333,0.0,-0.0
1742310674.577353,89.0,-101.0,66.0,,-9.473762669621584,-0.11050588948419815,-0.07643358629429753,0.03333333333333333,0.0,-0.0
1742310674.5975611,89.0,-101.0,66.0,,-9.473762669621584,-0.11050588948419815,-0.07643358629429753,0.03333333333333333,0.0,-0.0
1742310674.617758,89.0,-101.0,66.0,,-9.453762669621584,-0.12050588948419794,-0.018111828677693627,0.03333333333333333,0.0,-0.0
1742310674.6379368,89.0,-101.0,66.0,,-9.453762669621584,-0.12050588948419794,-0.018111828677693627,0.03333333333333333,0.0,-0.0
1742310674.6581354,89.0,-100.0,65.0,,-9.48496405704976,-0.11050588948419815,-0.056318584617316036,0.03333333333333333,0.0,-0.0
1742310674.6805763,89.0,-101.0,66.0,,-9.463762669621584,-0.11050588948419815,-0.03821657489192108,0.03333333333333333,0.0,-0.0
1742310674.700797,89.0,-101.0,66.0,,-9.473762669621584,-0.10050588948419836,-0.05629042036525239,0.03333333333333333,0.0,-0.0
1742310674.720993,89.0,-101.0,66.0,,-9.463762669621584,-0.11050588948419815,-0.056319099334303874,0.03333333333333333,0.0,-0.0
1742310674.7411673,89.0,-101.0,66.0,,-9.463762669621584,-0.11050588948419815,-0.056319099334303874,0.03333333333333333,0.0,-0.0
1742310674.761385,89.0,-101.0,66.0,,-9.473762669621584,-0.11050588948419815,-0.07643358629429753,0.03333333333333333,0.0,-0.0
1742310674.783912,89.0,-101.0,66.0,,-9.453762669621584,-0.11050588948419815,-0.038216225617323164,0.03333333333333333,0.0,-0.0
1742310674.804119,89.0,-101.0,66.0,,-9.453762669621584,-0.11050588948419815,-0.038216225617323164,0.03333333333333333,0.0,-0.0
1742310674.8242984,89.0,-101.0,66.0,,-9.453762669621584,-0.11050588948419815,-0.056318584617316036,0.03333333333333333,0.0,-0.0
1742310674.8444817,89.0,-101.0,66.0,,-9.453762669621584,-0.11050588948419815,-0.056318584617316036,0.03333333333333333,0.0,-0.0
1742310674.8646984,89.0,-101.0,66.0,,-9.463762669621584,-0.11050588948419815,-0.03821657489192108,0.03333333333333333,0.0,-0.0
1742310674.8848717,89.0,-101.0,66.0,,-9.473762669621584,-0.11050588948419815,-0.05631958397653918,0.03333333333333333,0.0,-0.0
1742310674.9050727,89.0,-101.0,66.0,,-9.463762669621584,-0.10050588948419836,-0.03819678618015761,0.03333333333333333,0.0,-0.0
1742310674.9254491,89.0,-101.0,66.0,,-9.463762669621584,-0.10050588948419836,-0.03819678618015761,0.03333333333333333,0.0,-0.0
