timestamp,roll,pitch,yaw,touch_gesture,acc_x,acc_y,acc_z,gyro_x,gyro_y,gyro_z
1743695687.7778206,,,,,,,,,,
1743695688.2007987,,,,,,,,,,
1743695688.5025976,0.0,0.0,0.0,,-0.177,0.028,9.944,0.03333333333333333,0.0,-0.0
1743695688.831286,0.0,1.0,265.0,,-0.186,0.038,9.944,0.03333333333333333,0.0,-0.0
1743695689.1048138,0.0,1.0,265.0,,-0.177,0.028,9.934,0.03333333333333333,0.0,-0.0
1743695689.4119294,0.0,1.0,265.0,,-0.177,0.038,9.934,0.03333333333333333,0.0,-0.0
1743695689.677562,0.0,1.0,265.0,,-0.137,0.019,9.954,0.03333333333333333,-0.03333333333333333,-0.0
1743695689.9060392,0.0,1.0,265.0,,-0.167,0.028,9.934,0.03333333333333333,0.0,-0.0
1743695690.124687,0.0,1.0,265.0,,-0.167,0.038,9.934,0.03333333333333333,0.0,-0.0
1743695690.3609817,0.0,-2.0,273.0,,1.382,-0.127,10.493,0.3,2.3333333333333335,0.4666666666666667
1743695690.5652268,0.0,-11.0,257.0,,2.853,-0.157,10.817,-1.4333333333333333,-0.36666666666666664,0.5333333333333333
1743695690.8301241,4.0,0.0,253.0,,0.587,-0.461,8.816,-1.7333333333333334,-0.8333333333333334,0.7
1743695691.100879,5.0,-1.0,251.0,,1.186,0.274,9.542,-0.8,-0.06666666666666667,0.23333333333333334
1743695691.380151,9.0,-1.0,250.0,,2.284,1.156,11.219,-1.5,1.5333333333333334,0.8666666666666667
1743695691.6100569,38.0,-91.0,268.0,,5.304,12.228,-9.07,-2.533333333333333,-4.9,-1.2
1743695691.9415412,50.0,-111.0,260.0,,3.392,6.697,-2.343,0.9333333333333333,-0.5666666666666667,0.3333333333333333
1743695692.252311,47.0,-54.0,245.0,,7.658,6.432,4.315,0.6666666666666666,-0.6,-0.26666666666666666
1743695692.5723352,44.0,-48.0,241.0,,6.491,6.481,2.981,0.0,-0.06666666666666667,-0.03333333333333333
1743695692.8789146,42.0,-38.0,241.0,,6.913,6.04,2.383,0.16666666666666666,-0.23333333333333334,-0.0
1743695693.189689,33.0,-36.0,240.0,,8.08,5.255,3.334,0.7666666666666667,0.3,-0.6
1743695693.4973576,29.0,-35.0,240.0,,8.188,4.196,3.511,0.0,0.5666666666666667,0.23333333333333334
1743695693.8403642,27.0,-32.0,252.0,,7.423,3.441,4.423,0.0,-1.6333333333333333,-0.23333333333333334
1743695694.121912,32.0,-9.0,260.0,,5.618,2.804,6.727,0.23333333333333334,-2.8,-0.6
1743695694.342529,28.0,15.0,268.0,,2.058,1.597,9.081,0.3333333333333333,-1.4666666666666666,-0.6333333333333333
1743695694.5534844,7.0,23.0,284.0,,-1.304,-2.756,10.699,4.2,-0.2,-0.5
1743695694.771803,-12.0,19.0,288.0,,0.225,-5.394,7.953,0.8666666666666667,1.4,0.8333333333333334
1743695694.9917197,-18.0,-9.0,264.0,,4.775,-3.923,8.022,0.8333333333333334,3.2,3.533333333333333
1743695695.210542,11.0,-48.0,238.0,,8.825,0.489,1.814,-2.1,3.1,2.1
1743695695.4353719,37.0,-89.0,258.0,,8.384,2.97,-5.246,-1.9,0.3333333333333333,1.0333333333333334
1743695695.6518888,49.0,-89.0,288.0,,8.835,3.833,-2.892,-0.8,-3.6333333333333333,1.3
1743695695.8777282,57.0,-51.0,292.0,,6.766,5.755,3.011,0.5333333333333333,-3.2,0.36666666666666664
1743695696.1072147,45.0,-4.0,279.0,,3.529,4.657,8.385,1.1,-2.2,0.7333333333333333
1743695696.33284,28.0,17.0,274.0,,-0.863,1.48,9.532,0.9333333333333333,-0.26666666666666666,0.4
1743695696.5627406,20.0,13.0,271.0,,-0.588,1.146,10.081,-0.1,0.4666666666666667,0.16666666666666666
1743695696.7903843,21.0,9.0,269.0,,-0.294,1.45,9.865,-0.03333333333333333,0.1,0.06666666666666667
1743695697.035617,18.0,6.0,270.0,,-0.127,1.558,9.552,0.06666666666666667,0.0,-0.03333333333333333
1743695697.2764788,14.0,4.0,272.0,,-0.029,1.441,9.61,0.03333333333333333,0.06666666666666667,-0.03333333333333333
1743695697.5138597,11.0,2.0,272.0,,-0.304,1.401,9.865,0.1,0.0,-0.0
1743695697.7568226,10.0,2.0,272.0,,-0.245,1.696,9.738,0.03333333333333333,0.0,-0.0
1743695697.9977686,9.0,2.0,272.0,,-0.275,1.529,9.758,0.03333333333333333,-0.06666666666666667,-0.0
1743695698.2434247,9.0,1.0,272.0,,-0.177,1.264,9.777,0.06666666666666667,-0.03333333333333333,-0.03333333333333333
1743695698.4883485,8.0,1.0,272.0,,-0.098,1.303,9.905,0.03333333333333333,0.0,-0.03333333333333333
1743695698.704802,8.0,1.0,272.0,,-0.177,1.362,9.846,0.06666666666666667,0.0,-0.03333333333333333
1743695698.9261434,8.0,2.0,272.0,,-0.177,1.323,9.944,0.06666666666666667,0.0,-0.03333333333333333
1743695699.1425557,8.0,1.0,272.0,,-0.363,1.49,9.816,0.1,0.0,-0.0
1743695699.3618097,8.0,1.0,272.0,,-0.324,1.558,9.826,0.06666666666666667,-0.06666666666666667,-0.0
1743695699.590815,8.0,1.0,272.0,,-0.363,1.568,9.709,0.0,-0.03333333333333333,-0.0
1743695699.8123038,8.0,1.0,272.0,,-0.412,1.509,9.709,0.03333333333333333,-0.06666666666666667,-0.0
1743695700.0383458,8.0,2.0,272.0,,-0.235,1.225,9.856,0.03333333333333333,0.0,-0.0
1743695700.2644076,8.0,2.0,272.0,,-0.186,1.244,9.836,0.06666666666666667,0.0,-0.0
1743695700.492797,8.0,2.0,272.0,,-0.235,1.284,9.807,0.06666666666666667,0.0,-0.0
1743695700.723407,8.0,2.0,272.0,,-0.02,1.186,10.091,0.1,0.0,-0.1
1743695700.953726,8.0,1.0,272.0,,-0.127,1.411,9.895,0.06666666666666667,0.0,-0.0
1743695701.1801553,11.0,0.0,276.0,,0.342,2.058,10.169,-0.4666666666666667,0.3,0.1
1743695701.4070957,55.0,-6.0,274.0,,0.421,7.501,5.962,-4.6,-0.03333333333333333,1.0666666666666667
1743695701.6441538,82.0,98.0,167.0,,0.725,10.178,1.03,-0.7666666666666667,-0.26666666666666666,-0.06666666666666667
1743695701.8911705,81.0,140.0,125.0,,0.48,9.325,-0.627,0.2,0.06666666666666667,-0.0
1743695702.1162026,85.0,152.0,112.0,,0.401,9.629,-0.215,0.13333333333333333,0.0,-0.03333333333333333
1743695702.341926,86.0,176.0,89.0,,0.509,9.531,-0.332,0.1,0.0,-0.03333333333333333
1743695702.574853,87.0,-166.0,72.0,,0.43,9.727,-0.166,0.06666666666666667,0.0,-0.0
1743695702.8063242,87.0,-156.0,61.0,,0.43,9.698,-0.0,0.0,0.03333333333333333,-0.0
1743695703.0370553,88.0,-145.0,50.0,,0.332,9.806,-0.068,0.06666666666666667,0.0,-0.0
1743695703.2665646,88.0,-133.0,39.0,,0.342,9.737,0.02,0.1,0.0,-0.03333333333333333
1743695703.5020745,88.0,-115.0,20.0,,0.323,9.747,0.029,0.06666666666666667,0.0,-0.0
1743695703.7332036,88.0,-101.0,6.0,,0.43,9.717,0.059,0.06666666666666667,0.0,-0.0
1743695703.9738038,88.0,-92.0,358.0,,0.362,9.747,0.01,0.06666666666666667,-0.03333333333333333,-0.0
1743695704.2027118,88.0,-88.0,353.0,,0.381,9.668,0.186,0.03333333333333333,0.0,-0.0
1743695704.4308388,88.0,-86.0,352.0,,0.362,9.698,0.069,0.06666666666666667,0.0,-0.0
1743695704.6674194,88.0,-80.0,346.0,,0.362,9.815,0.157,0.06666666666666667,0.0,-0.0
1743695704.9059768,87.0,-73.0,339.0,,0.421,9.708,0.245,0.06666666666666667,0.0,-0.03333333333333333
1743695705.140631,87.0,-69.0,334.0,,0.519,9.747,0.275,0.06666666666666667,0.0,-0.03333333333333333
1743695705.3786163,87.0,-66.0,332.0,,0.568,9.737,0.343,0.06666666666666667,0.0,-0.0
1743695705.616459,87.0,-67.0,332.0,,0.519,9.698,0.226,0.06666666666666667,0.0,-0.0
1743695705.85624,87.0,-67.0,333.0,,0.489,9.698,0.275,0.03333333333333333,0.0,-0.0
1743695706.097197,87.0,-66.0,331.0,,0.499,9.776,0.324,0.06666666666666667,0.0,-0.0
1743695706.3347068,87.0,-67.0,332.0,,0.45,9.698,0.196,0.06666666666666667,0.0,-0.0
1743695706.570771,87.0,-64.0,329.0,,0.421,9.717,0.314,0.06666666666666667,-0.03333333333333333,-0.0
1743695706.874393,87.0,-63.0,329.0,,0.48,9.678,0.196,0.03333333333333333,0.0,-0.0
1743695707.1393106,87.0,-68.0,333.0,,0.538,9.659,0.226,0.06666666666666667,0.0,-0.0
1743695707.384553,87.0,-67.0,332.0,,0.558,9.629,0.265,0.03333333333333333,0.0,-0.0
1743695707.629284,87.0,-67.0,332.0,,0.48,9.678,0.167,0.03333333333333333,0.0,-0.0
1743695707.8766432,87.0,-67.0,332.0,,0.48,9.757,0.216,0.03333333333333333,0.0,-0.0
1743695708.1201756,87.0,-68.0,333.0,,0.391,9.639,0.167,0.03333333333333333,0.0,-0.0
1743695708.338194,87.0,-69.0,335.0,,0.421,9.629,0.078,0.06666666666666667,0.0,-0.0
1743695708.5554237,87.0,-71.0,336.0,,0.558,9.806,0.196,0.03333333333333333,0.03333333333333333,-0.06666666666666667
1743695708.7734253,87.0,-73.0,338.0,,0.372,9.698,0.049,0.03333333333333333,0.0,-0.0
1743695708.9928458,87.0,-76.0,342.0,,0.538,9.727,0.039,0.06666666666666667,0.0,-0.06666666666666667
1743695709.207763,86.0,-77.0,342.0,,0.646,9.659,0.177,0.06666666666666667,0.03333333333333333,-0.06666666666666667
1743695709.425544,85.0,-77.0,343.0,,0.813,9.58,0.255,0.03333333333333333,0.0,-0.03333333333333333
1743695709.6545067,85.0,-74.0,339.0,,1.097,9.972,0.226,0.23333333333333334,0.0,0.1
1743695709.8715622,85.0,-29.0,293.0,,0.244,9.6,0.951,0.43333333333333335,0.03333333333333333,0.23333333333333334
1743695710.09065,68.0,-10.0,275.0,,0.666,8.688,3.903,3.533333333333333,0.6333333333333333,-0.9666666666666667
1743695710.3068721,5.0,-7.0,268.0,,2.009,-2.628,8.11,7.266666666666667,-0.1,-0.36666666666666664
1743695710.518563,-55.0,-9.0,269.0,,1.431,-8.022,4.109,3.3333333333333335,0.3,-1.7
1743695710.7343786,-71.0,8.0,292.0,,0.489,-9.61,0.902,0.3,0.03333333333333333,0.2
1743695710.9512682,-67.0,0.0,285.0,,0.548,-10.287,0.314,-0.1,-0.1,-0.0
1743695711.1672366,-63.0,-5.0,280.0,,0.656,-9.434,0.353,0.06666666666666667,0.0,0.03333333333333333
1743695711.3878467,-65.0,-8.0,277.0,,0.656,-9.571,0.412,0.03333333333333333,0.0,-0.0
1743695711.6093946,-64.0,-9.0,277.0,,0.989,-9.66,0.402,0.1,0.0,0.1
1743695711.8246534,-65.0,-12.0,275.0,,0.823,-9.66,0.412,0.03333333333333333,-0.03333333333333333,-0.0
1743695712.0407445,-69.0,-14.0,273.0,,0.872,-9.679,0.373,0.03333333333333333,0.0,-0.0
1743695712.254674,-72.0,-18.0,270.0,,0.793,-9.728,0.637,0.06666666666666667,0.0,-0.03333333333333333
1743695712.47207,-75.0,-24.0,264.0,,0.842,-9.512,0.431,0.0,-0.03333333333333333,-0.0
1743695712.7113762,-78.0,-32.0,256.0,,0.96,-9.63,0.353,0.1,0.0,-0.0
1743695712.9813864,-79.0,-39.0,249.0,,1.146,-9.561,0.422,0.06666666666666667,-0.03333333333333333,-0.03333333333333333
1743695713.2554357,-80.0,-46.0,243.0,,1.019,-9.66,0.431,0.06666666666666667,0.0,-0.03333333333333333
1743695713.5796826,-81.0,-52.0,236.0,,1.048,-9.718,0.275,0.13333333333333333,0.0,-0.0
1743695713.8412418,-81.0,-57.0,231.0,,1.097,-9.571,0.382,0.03333333333333333,-0.03333333333333333,-0.0
1743695714.0704384,-82.0,-60.0,228.0,,1.186,-9.64,0.412,0.0,0.0,-0.0
1743695714.294021,-82.0,-61.0,227.0,,1.068,-9.718,0.353,0.03333333333333333,0.0,-0.03333333333333333
1743695714.5155632,-82.0,-63.0,225.0,,1.127,-9.65,0.461,0.03333333333333333,-0.03333333333333333,-0.06666666666666667
1743695714.7381737,-82.0,-64.0,224.0,,1.097,-9.718,0.363,0.0,-0.03333333333333333,-0.03333333333333333
1743695714.9625673,-82.0,-64.0,225.0,,1.058,-9.532,0.51,0.06666666666666667,-0.03333333333333333,-0.03333333333333333
1743695715.1844747,-82.0,-66.0,222.0,,1.156,-9.522,0.402,0.06666666666666667,0.0,-0.0
1743695715.4064736,-82.0,-68.0,220.0,,1.097,-9.63,0.304,0.13333333333333333,0.0,-0.0
1743695715.627497,-81.0,-72.0,216.0,,1.029,-9.64,0.245,0.06666666666666667,0.0,-0.0
1743695715.8455517,-81.0,-73.0,216.0,,1.176,-9.62,0.245,0.06666666666666667,0.0,-0.0
1743695716.0636103,-80.0,-57.0,233.0,,1.254,-9.66,0.618,-0.3333333333333333,0.0,0.03333333333333333
1743695716.27995,-42.0,-6.0,291.0,,-1.118,-7.698,7.796,-4.866666666666666,-2.6666666666666665,-1.0666666666666667
1743695716.4951875,12.0,0.0,298.0,,-0.304,-1.294,8.659,-2.533333333333333,0.36666666666666664,-0.7666666666666667
1743695716.7152407,19.0,-3.0,304.0,,0.411,1.823,11.297,0.0,-0.3,-0.0
1743695716.9386177,16.0,-3.0,303.0,,-0.069,1.588,9.424,-0.1,-0.13333333333333333,0.06666666666666667
1743695717.156204,13.0,-2.0,301.0,,-0.382,1.352,9.709,0.0,-0.03333333333333333,-0.0
1743695717.3749986,12.0,-1.0,300.0,,-0.206,1.607,9.601,0.2,0.1,-0.0
1743695717.5954719,11.0,0.0,299.0,,-0.206,1.49,9.826,0.1,0.0,-0.03333333333333333
1743695717.878295,9.0,0.0,299.0,,-0.147,1.343,9.66,0.03333333333333333,0.0,-0.0
1743695718.1055775,9.0,0.0,299.0,,-0.147,1.401,9.728,0.03333333333333333,0.0,-0.0
1743695718.3234382,9.0,1.0,298.0,,-0.118,1.392,9.758,0.0,0.0,-0.0
1743695718.550199,9.0,1.0,298.0,,-0.216,1.46,9.738,0.06666666666666667,0.0,-0.0
1743695718.771823,8.0,1.0,298.0,,-0.226,1.46,9.738,0.0,-0.06666666666666667,-0.0
1743695718.9948578,8.0,1.0,298.0,,-0.255,1.441,9.826,0.0,0.0,-0.0
1743695719.215018,8.0,1.0,298.0,,-0.118,1.362,9.826,0.0,0.0,-0.0
1743695719.4348135,8.0,1.0,298.0,,-0.127,1.313,9.856,0.06666666666666667,0.0,-0.0
1743695719.6612868,8.0,1.0,298.0,,-0.186,1.362,9.875,0.1,0.0,-0.0
1743695719.8851454,8.0,1.0,298.0,,-0.137,1.411,9.787,0.06666666666666667,0.0,-0.0
1743695720.1060207,8.0,1.0,298.0,,-0.235,1.47,9.787,0.06666666666666667,-0.03333333333333333,-0.0
1743695720.326333,8.0,1.0,298.0,,-0.245,1.441,9.709,0.06666666666666667,-0.03333333333333333,-0.0
1743695720.546697,8.0,1.0,298.0,,-0.275,1.421,9.709,0.03333333333333333,0.0,-0.03333333333333333
1743695720.7664554,8.0,1.0,298.0,,-0.226,1.45,9.885,0.03333333333333333,0.0,-0.03333333333333333
1743695720.9885504,8.0,1.0,298.0,,-0.245,1.499,9.787,0.03333333333333333,0.0,-0.0
1743695721.2052088,9.0,1.0,298.0,,-0.206,1.48,9.905,0.06666666666666667,0.0,-0.0
1743695721.423051,8.0,1.0,298.0,,-0.157,1.49,9.846,0.03333333333333333,0.0,-0.0
1743695721.6412158,8.0,1.0,298.0,,-0.137,1.441,9.924,0.03333333333333333,0.0,-0.0
1743695721.8634076,8.0,1.0,298.0,,-0.196,1.421,9.777,0.06666666666666667,0.0,-0.0
1743695722.0824337,9.0,1.0,298.0,,-0.078,1.382,9.699,0.1,0.16666666666666666,-0.03333333333333333
1743695722.2995431,9.0,-17.0,298.0,,3.078,1.293,9.032,-0.3333333333333333,4.333333333333333,-0.7333333333333333
1743695722.5182981,9.0,-77.0,309.0,,10.276,1.156,3.226,-0.4,7.733333333333333,-0.5666666666666667
1743695722.7404916,3.0,-168.0,314.0,,-0.402,1.244,-11.355,-0.03333333333333333,1.9333333333333333,0.6333333333333333
1743695722.9611523,1.0,-173.0,317.0,,0.038,0.107,-9.766,0.26666666666666666,-0.26666666666666666,0.16666666666666666
1743695723.1792514,1.0,-172.0,317.0,,0.568,0.117,-9.992,0.0,0.03333333333333333,-0.0
1743695723.3961525,0.0,-172.0,317.0,,0.744,0.205,-9.786,0.06666666666666667,-0.1,-0.03333333333333333
1743695723.6153028,0.0,-173.0,317.0,,0.95,0.0,-9.913,0.06666666666666667,0.0,-0.0
1743695723.8419144,1.0,-174.0,317.0,,0.607,0.107,-9.835,0.06666666666666667,0.0,-0.03333333333333333
1743695724.0687408,1.0,-174.0,317.0,,0.646,0.176,-9.815,0.03333333333333333,-0.03333333333333333,-0.03333333333333333
1743695724.2887027,1.0,-174.0,316.0,,0.872,0.009,-9.972,0.0,-0.03333333333333333,-0.0
1743695724.5082796,1.0,-174.0,316.0,,0.744,0.176,-9.835,0.06666666666666667,0.0,-0.03333333333333333
1743695724.7291472,1.0,-174.0,315.0,,0.921,0.234,-9.845,0.0,0.0,-0.0
1743695724.9702764,1.0,-174.0,315.0,,0.94,0.225,-9.894,0.06666666666666667,-0.03333333333333333,-0.0
1743695725.1913276,2.0,-174.0,315.0,,0.94,0.323,-9.845,0.06666666666666667,0.03333333333333333,-0.0
1743695725.4120836,2.0,-174.0,316.0,,0.862,0.303,-9.747,0.06666666666666667,0.0,-0.0
1743695725.626582,2.0,-174.0,315.0,,0.882,0.264,-9.796,0.0,-0.03333333333333333,-0.0
1743695725.8428867,2.0,-173.0,316.0,,0.813,0.313,-9.708,0.03333333333333333,-0.1,-0.0
1743695726.0589013,2.0,-157.0,319.0,,3.225,-0.069,-10.629,0.8333333333333334,-4.266666666666667,-0.06666666666666667
1743695726.276121,17.0,-38.0,313.0,,6.462,3.186,8.914,0.03333333333333333,-8.3,1.1
1743695726.4918268,11.0,3.0,306.0,,-1.442,2.421,8.963,0.1,-0.4666666666666667,0.06666666666666667
1743695726.7115853,11.0,4.0,304.0,,-0.51,1.764,9.865,0.0,-0.26666666666666666,-0.0
1743695726.9273849,12.0,0.0,303.0,,-0.814,2.215,9.385,0.06666666666666667,0.13333333333333333,-0.0
1743695727.1453435,12.0,0.0,302.0,,-0.363,2.147,9.65,0.03333333333333333,0.03333333333333333,-0.0
1743695727.3641987,12.0,1.0,301.0,,-0.382,2.049,9.846,-0.03333333333333333,-0.06666666666666667,-0.0
1743695727.5803452,12.0,2.0,300.0,,-0.451,2.147,9.738,0.1,0.0,-0.0
1743695727.799908,12.0,2.0,300.0,,-0.392,2.147,9.454,0.06666666666666667,0.03333333333333333,-0.03333333333333333
1743695728.0254972,12.0,2.0,300.0,,-0.481,2.137,9.728,0.03333333333333333,0.06666666666666667,-0.0
1743695728.2424843,12.0,3.0,300.0,,-0.343,2.049,9.728,0.06666666666666667,0.0,-0.0
1743695728.4578397,12.0,3.0,300.0,,-0.441,2.068,9.709,0.03333333333333333,0.0,-0.03333333333333333
1743695728.6948543,12.0,3.0,300.0,,-0.441,2.156,9.699,0.06666666666666667,0.03333333333333333,-0.0
1743695728.9291604,12.0,2.0,300.0,,-0.412,2.117,9.718,0.03333333333333333,0.0,-0.0
1743695729.1454794,12.0,2.0,300.0,,-0.392,2.088,9.709,0.0,0.0,-0.0
1743695729.362952,12.0,2.0,300.0,,-0.294,2.107,9.758,0.0,0.0,-0.0
1743695729.5822108,13.0,2.0,300.0,,-0.471,1.931,9.561,-0.03333333333333333,0.0,-0.06666666666666667
1743695729.863273,13.0,2.0,301.0,,-0.216,2.402,9.718,0.06666666666666667,0.0,-0.03333333333333333
1743695730.1595607,13.0,1.0,301.0,,-0.412,2.186,9.797,0.06666666666666667,0.0,-0.0
1743695730.4619355,13.0,0.0,298.0,,-0.157,2.166,9.62,0.03333333333333333,0.26666666666666666,-0.0
1743695730.7485013,13.0,-3.0,297.0,,0.372,2.205,9.944,0.1,1.1,-0.13333333333333333
1743695731.0333414,13.0,-11.0,296.0,,2.48,1.352,8.846,0.2,0.0,0.03333333333333333
1743695731.3214786,10.0,-11.0,294.0,,1.529,1.607,10.12,0.1,0.0,0.03333333333333333
1743695731.605215,13.0,-8.0,291.0,,1.352,1.852,9.11,-0.06666666666666667,0.1,0.13333333333333333
1743695731.8913214,15.0,-10.0,287.0,,1.186,2.353,9.061,0.3333333333333333,0.03333333333333333,0.26666666666666666
1743695732.2019868,7.0,-11.0,282.0,,2.058,1.107,10.856,0.5,0.0,0.26666666666666666
1743695732.4303546,4.0,-11.0,281.0,,1.872,0.803,9.777,0.03333333333333333,0.03333333333333333,-0.13333333333333333
1743695732.665326,4.0,-12.0,282.0,,2.627,0.872,9.346,0.03333333333333333,0.03333333333333333,-0.06666666666666667
1743695732.8865955,5.0,-12.0,283.0,,2.882,0.421,9.865,0.0,-0.03333333333333333,-0.03333333333333333
1743695733.1673946,5.0,-10.0,286.0,,2.411,0.48,9.267,-0.06666666666666667,-0.2,-0.4
1743695733.4580495,8.0,-4.0,296.0,,1.803,1.882,8.914,-0.26666666666666666,-0.4,-0.5333333333333333
1743695733.7436237,9.0,-3.0,301.0,,0.803,0.695,10.297,0.03333333333333333,0.0,-0.03333333333333333
1743695733.9651809,10.0,-3.0,301.0,,0.028,1.548,9.934,0.16666666666666666,-0.16666666666666666,-0.0
1743695734.1832736,9.0,0.0,300.0,,0.784,1.431,9.355,0.0,-0.3333333333333333,0.1
1743695734.3984666,10.0,0.0,298.0,,-0.598,1.676,9.62,0.0,0.0,0.03333333333333333
1743695734.6212525,9.0,0.0,297.0,,0.0,1.382,9.914,0.0,0.16666666666666666,-0.06666666666666667
1743695734.845439,13.0,-5.0,301.0,,1.627,1.401,8.551,-0.6,0.7333333333333333,-0.7
1743695735.0663164,13.0,-8.0,303.0,,1.372,1.696,9.944,0.16666666666666666,-0.1,-0.0
1743695735.2873769,12.0,-6.0,302.0,,0.627,2.098,9.669,0.13333333333333333,-0.13333333333333333,-0.0
1743695735.5088654,12.0,-5.0,303.0,,1.048,1.931,9.091,-0.1,0.3333333333333333,-0.16666666666666666
1743695735.7279975,12.0,-6.0,302.0,,0.725,1.548,10.022,0.03333333333333333,0.1,-0.0
1743695735.9486978,12.0,-6.0,302.0,,0.744,1.852,8.944,0.0,0.36666666666666664,-0.1
1743695736.1676004,12.0,-7.0,301.0,,0.607,2.019,9.503,0.1,0.0,0.1
1743695736.382634,11.0,-4.0,297.0,,0.323,1.813,10.13,0.1,-0.16666666666666666,-0.0
1743695736.5966187,11.0,-3.0,296.0,,-0.088,1.764,10.268,0.23333333333333334,-0.23333333333333334,0.1
1743695736.8178697,11.0,-2.0,296.0,,0.185,1.735,9.405,-0.03333333333333333,-0.03333333333333333,-0.0
1743695737.0337632,11.0,-1.0,295.0,,0.215,1.745,9.64,0.0,0.0,-0.03333333333333333
1743695737.2475262,11.0,0.0,295.0,,0.195,1.745,9.738,0.06666666666666667,0.0,-0.0
1743695737.4606578,11.0,0.0,295.0,,0.019,1.833,9.61,0.03333333333333333,0.0,-0.03333333333333333
1743695737.6780605,10.0,0.0,295.0,,-0.069,1.764,9.846,0.06666666666666667,0.0,-0.0
1743695737.901275,11.0,0.0,295.0,,0.028,1.872,9.885,0.0,0.0,-0.0
1743695738.1193748,11.0,0.0,295.0,,0.107,1.823,9.856,0.0,-0.1,-0.03333333333333333
1743695738.3373897,11.0,0.0,294.0,,0.117,1.794,9.66,0.0,0.03333333333333333,0.03333333333333333
1743695738.5559342,10.0,0.0,294.0,,0.068,1.764,10.091,0.06666666666666667,0.0,-0.0
1743695738.7772124,11.0,0.0,294.0,,0.234,1.686,9.473,0.1,0.06666666666666667,-0.0
1743695739.0012207,10.0,0.0,294.0,,-0.049,2.039,9.444,0.03333333333333333,0.13333333333333333,-0.0
1743695739.2201958,15.0,-34.0,298.0,,7.011,1.421,7.11,-0.7333333333333333,4.0,-1.3333333333333333
1743695739.4410377,11.0,-71.0,308.0,,9.404,1.666,2.089,0.13333333333333333,-0.6666666666666666,0.13333333333333333
1743695739.6616745,13.0,-62.0,305.0,,8.854,1.941,4.697,0.03333333333333333,0.26666666666666666,0.06666666666666667
1743695739.8817167,12.0,-63.0,305.0,,8.344,2.068,3.579,0.06666666666666667,0.23333333333333334,-0.03333333333333333
1743695740.100564,11.0,-64.0,304.0,,8.894,2.009,4.138,0.03333333333333333,-0.1,-0.0
1743695740.318228,11.0,-64.0,304.0,,9.011,1.627,3.462,0.06666666666666667,-0.03333333333333333,-0.03333333333333333
1743695740.5354385,9.0,-69.0,304.0,,8.923,1.303,2.383,0.3,1.3333333333333333,-0.36666666666666664
1743695740.7599936,5.0,-79.0,301.0,,9.757,0.676,1.079,0.0,-0.6,-0.03333333333333333
1743695740.9790626,5.0,-74.0,300.0,,10.178,0.578,1.716,0.13333333333333333,0.0,-0.03333333333333333
1743695741.194324,5.0,-74.0,300.0,,9.796,0.529,1.53,0.26666666666666666,0.06666666666666667,-0.0
1743695741.408519,4.0,-75.0,301.0,,9.796,0.715,1.755,0.06666666666666667,0.03333333333333333,-0.0
1743695741.623646,4.0,-76.0,301.0,,9.678,0.607,1.648,0.03333333333333333,-0.03333333333333333,0.03333333333333333
1743695741.8431156,4.0,-78.0,302.0,,9.521,0.519,1.559,0.03333333333333333,0.06666666666666667,0.03333333333333333
1743695742.0609944,4.0,-79.0,302.0,,9.649,0.578,1.598,0.03333333333333333,0.0,-0.0
1743695742.2786264,4.0,-79.0,302.0,,9.786,0.558,1.51,0.0,0.03333333333333333,-0.0
1743695742.49672,4.0,-80.0,302.0,,9.737,0.607,1.422,0.06666666666666667,0.0,-0.0
1743695742.7149274,4.0,-80.0,303.0,,9.708,0.656,1.638,0.0,0.0,-0.03333333333333333
1743695742.9356446,4.0,-80.0,305.0,,9.874,0.607,1.51,-0.26666666666666666,0.13333333333333333,-0.06666666666666667
1743695743.1515934,5.0,-82.0,328.0,,9.747,0.94,1.422,-2.566666666666667,0.6666666666666666,-0.23333333333333334
1743695743.3661556,2.0,-92.0,354.0,,9.953,-0.431,-1.343,-0.9333333333333333,-0.1,0.03333333333333333
1743695743.5842822,-2.0,-94.0,3.0,,10.07,0.283,-0.342,-0.36666666666666664,0.0,-0.13333333333333333
1743695743.8061392,-3.0,-96.0,359.0,,9.806,0.558,-0.44,0.3,0.23333333333333334,-0.13333333333333333
1743695744.027991,-2.0,-96.0,354.0,,9.541,0.323,-0.715,0.2,0.2,-0.2
1743695744.2492852,-1.0,-97.0,350.0,,9.58,0.234,-0.989,0.36666666666666664,0.2,-0.16666666666666666
1743695744.471833,-4.0,-111.0,336.0,,8.178,0.264,-3.265,1.5666666666666667,1.3,-1.0666666666666667
1743695744.7005389,-19.0,-124.0,324.0,,8.04,-2.952,-4.334,-0.43333333333333335,0.8,-1.9333333333333333
1743695744.965995,-52.0,-125.0,332.0,,4.824,-8.385,-3.117,-1.6,-0.8333333333333334,0.36666666666666664
1743695745.201167,-60.0,-97.0,1.0,,4.922,-6.306,-2.147,-0.16666666666666666,0.3333333333333333,-0.9
1743695745.4287002,-72.0,-96.0,12.0,,3.755,-11.876,-1.137,0.4,-0.06666666666666667,-0.4
1743695745.6475582,-70.0,-115.0,353.0,,3.019,-8.238,0.657,0.5,0.4,-0.0
1743695745.864941,-69.0,-120.0,352.0,,1.833,-9.993,-1.676,-0.06666666666666667,0.36666666666666664,-0.2
1743695746.0847828,-70.0,-124.0,352.0,,1.931,-9.385,-1.401,0.0,0.1,-0.13333333333333333
1743695746.303814,-72.0,-126.0,352.0,,0.95,-9.856,-0.842,-0.06666666666666667,0.23333333333333334,-0.4666666666666667
1743695746.5190916,-70.0,-126.0,355.0,,0.489,-9.218,-0.921,0.1,-0.1,0.1
1743695746.7371902,-70.0,-125.0,356.0,,0.94,-9.758,-0.734,0.03333333333333333,0.0,0.03333333333333333
1743695746.9572525,-71.0,-125.0,356.0,,1.293,-9.718,-0.911,0.1,0.06666666666666667,-0.0
1743695747.1772034,-72.0,-125.0,356.0,,1.352,-9.463,-0.989,0.06666666666666667,0.03333333333333333,-0.0
1743695747.3938458,-73.0,-127.0,354.0,,1.254,-9.709,-1.058,0.03333333333333333,-0.03333333333333333,-0.0
1743695747.6127841,-75.0,-129.0,352.0,,1.117,-9.493,-1.019,0.06666666666666667,0.0,-0.0
1743695747.8286605,-75.0,-129.0,351.0,,1.068,-9.532,-1.117,0.06666666666666667,-0.06666666666666667,-0.0
1743695748.0437737,-76.0,-129.0,351.0,,1.244,-9.561,-1.038,0.03333333333333333,0.0,-0.0
1743695748.2579794,-77.0,-130.0,351.0,,1.323,-9.561,-1.019,0.06666666666666667,-0.03333333333333333,-0.0
1743695748.4736767,-77.0,-130.0,350.0,,1.333,-9.591,-1.166,0.1,0.06666666666666667,-0.0
1743695748.6874413,-77.0,-131.0,351.0,,1.431,-9.64,-1.284,0.03333333333333333,0.0,-0.0
1743695748.9039836,-77.0,-132.0,349.0,,1.333,-9.571,-1.195,0.06666666666666667,0.06666666666666667,-0.0
1743695749.1153786,-78.0,-134.0,347.0,,1.137,-9.454,-1.137,0.03333333333333333,0.0,-0.03333333333333333
1743695749.3303928,-78.0,-135.0,347.0,,1.176,-9.62,-1.343,0.03333333333333333,-0.03333333333333333,-0.0
1743695749.5446918,-78.0,-136.0,346.0,,1.244,-9.542,-1.274,0.03333333333333333,0.0,-0.0
1743695749.7653406,-78.0,-135.0,347.0,,1.244,-9.552,-1.205,0.06666666666666667,0.0,-0.03333333333333333
1743695749.987072,-78.0,-135.0,347.0,,1.186,-9.601,-1.343,0.03333333333333333,0.0,-0.0
1743695750.198981,-78.0,-136.0,346.0,,1.215,-9.552,-1.254,0.03333333333333333,0.0,-0.0
1743695750.4084947,-78.0,-136.0,346.0,,1.127,-9.473,-1.215,0.06666666666666667,-0.06666666666666667,-0.0
1743695750.6184018,-78.0,-136.0,346.0,,1.254,-9.463,-1.215,0.06666666666666667,0.03333333333333333,-0.03333333333333333
1743695750.8308141,-78.0,-138.0,344.0,,1.146,-9.473,-1.254,0.06666666666666667,0.0,-0.0
1743695751.0467515,-78.0,-137.0,345.0,,1.048,-9.503,-1.45,0.06666666666666667,0.0,-0.0
1743695751.258418,-78.0,-135.0,347.0,,1.401,-9.63,-1.392,0.03333333333333333,-0.06666666666666667,0.13333333333333333
1743695751.4693437,-69.0,-116.0,17.0,,3.049,-10.013,-1.254,-0.23333333333333334,-0.6,1.3333333333333333
1743695751.6877587,-40.0,-97.0,35.0,,8.707,-8.385,-1.725,0.4,-0.6333333333333333,3.1
1743695751.904039,11.0,-79.0,29.0,,12.1,0.038,3.834,-0.7,-1.3666666666666667,5.8
1743695752.1254866,76.0,-60.0,20.0,,-0.647,6.295,0.451,-0.6,-0.7333333333333333,3.033333333333333
1743695752.365639,80.0,77.0,245.0,,-2.148,9.011,0.088,0.0,0.13333333333333333,0.1
1743695752.6385825,81.0,69.0,252.0,,-1.265,9.433,0.618,0.1,0.1,-0.13333333333333333
1743695752.9108202,80.0,62.0,258.0,,-1.304,9.492,0.971,0.03333333333333333,-0.1,-0.0
1743695753.174379,80.0,60.0,260.0,,-1.334,9.59,0.834,0.0,-0.03333333333333333,-0.03333333333333333
1743695753.3908484,80.0,61.0,259.0,,-1.5,9.6,0.794,0.03333333333333333,0.0,0.06666666666666667
1743695753.60983,80.0,63.0,257.0,,-1.393,9.521,0.745,0.06666666666666667,0.0,-0.0
1743695753.8408625,79.0,63.0,257.0,,-1.442,9.413,0.735,0.0,0.0,-0.0
1743695754.0580099,79.0,62.0,257.0,,-1.598,9.541,0.814,0.03333333333333333,0.03333333333333333,-0.0
1743695754.2758775,79.0,62.0,258.0,,-1.559,9.453,0.765,0.06666666666666667,0.0,-0.0
1743695754.49814,79.0,59.0,260.0,,-1.559,9.56,0.922,0.03333333333333333,0.0,-0.0
1743695754.7161667,79.0,58.0,262.0,,-1.451,9.668,1.118,0.0,0.0,-0.0
1743695754.9361832,79.0,58.0,262.0,,-1.657,9.698,0.99,0.06666666666666667,0.0,-0.0
1743695755.158016,79.0,57.0,262.0,,-1.618,9.619,0.99,0.03333333333333333,-0.03333333333333333,-0.0
1743695755.3757234,80.0,58.0,262.0,,-1.549,9.59,0.892,0.03333333333333333,0.0,-0.0
1743695755.5940127,80.0,58.0,262.0,,-1.461,9.59,0.912,0.03333333333333333,0.0,-0.0
1743695755.8229346,80.0,59.0,261.0,,-1.461,9.531,0.892,0.03333333333333333,0.0,-0.03333333333333333
1743695756.053307,80.0,58.0,262.0,,-1.471,9.492,0.834,0.03333333333333333,0.0,-0.03333333333333333
1743695756.2762394,81.0,57.0,263.0,,-1.294,9.541,0.735,0.0,0.06666666666666667,-0.03333333333333333
1743695756.4929526,81.0,59.0,260.0,,-1.059,9.747,0.892,-0.03333333333333333,0.1,-0.0
1743695756.7109118,84.0,65.0,251.0,,-0.922,9.737,0.265,-0.03333333333333333,0.23333333333333334,-0.16666666666666666
1743695756.9278352,85.0,61.0,252.0,,-1.236,9.374,0.569,0.2,0.1,-0.0
1743695757.2399201,84.0,32.0,279.0,,-0.373,9.825,0.814,0.06666666666666667,0.13333333333333333,-0.1
1743695757.4933608,84.0,25.0,285.0,,-0.412,9.629,1.049,0.1,0.0,-0.0
1743695757.7098954,83.0,23.0,288.0,,-0.373,9.894,1.236,0.13333333333333333,-0.16666666666666666,-0.0
1743695757.9305482,82.0,24.0,289.0,,-0.5,9.825,1.285,0.3,-0.2,0.2
1743695758.1558065,69.0,53.0,264.0,,-2.579,10.816,1.54,0.6,-0.5,2.566666666666667
1743695758.3813741,29.0,79.0,248.0,,-6.757,4.079,2.069,0.26666666666666666,-0.36666666666666664,2.7
1743695758.60726,-5.0,82.0,250.0,,-9.444,0.225,3.305,0.3333333333333333,-0.1,0.9333333333333333
1743695758.8316314,-10.0,82.0,251.0,,-9.679,0.234,2.226,0.06666666666666667,-0.4,-0.13333333333333333
1743695759.058884,-13.0,86.0,253.0,,-9.797,0.303,1.304,0.23333333333333334,-0.16666666666666666,0.3333333333333333
1743695759.2817779,-14.0,86.0,254.0,,-9.512,-0.226,1.481,0.0,0.06666666666666667,-0.13333333333333333
1743695759.5017014,-11.0,84.0,255.0,,-9.807,0.0,1.795,0.06666666666666667,0.0,0.03333333333333333
1743695759.7229059,-6.0,83.0,255.0,,-10.003,0.156,1.785,0.06666666666666667,-0.1,-0.06666666666666667
1743695759.9569468,-4.0,83.0,255.0,,-9.973,-0.039,1.304,0.0,-0.13333333333333333,-0.0
1743695760.1770191,-2.0,83.0,255.0,,-9.689,-0.147,1.196,0.0,0.03333333333333333,-0.0
1743695760.3913376,-1.0,82.0,254.0,,-9.748,0.097,1.54,0.0,0.0,-0.0
1743695760.6137362,0.0,82.0,254.0,,-9.807,0.068,1.451,0.0,0.06666666666666667,-0.03333333333333333
1743695760.8344352,0.0,82.0,253.0,,-9.669,0.195,1.363,0.0,0.0,-0.0
1743695761.0590122,0.0,82.0,253.0,,-9.885,0.244,1.383,0.0,0.0,-0.0
1743695761.2802937,0.0,82.0,253.0,,-10.032,0.058,1.353,0.06666666666666667,-0.03333333333333333,-0.0
1743695761.4965134,1.0,83.0,252.0,,-9.758,0.185,1.344,0.0,0.03333333333333333,-0.03333333333333333
1743695761.764227,1.0,82.0,252.0,,-9.885,0.146,1.334,0.06666666666666667,0.03333333333333333,-0.0
1743695762.0607326,1.0,81.0,252.0,,-9.885,0.176,1.491,0.0,0.0,0.03333333333333333
1743695762.392591,1.0,81.0,252.0,,-9.865,0.107,1.53,0.0,0.0,-0.0
1743695762.689351,1.0,81.0,252.0,,-9.944,0.215,1.618,0.0,0.0,-0.0
1743695762.9951458,1.0,80.0,252.0,,-9.885,0.225,1.628,0.03333333333333333,0.0,-0.0
1743695763.28644,1.0,80.0,252.0,,-9.846,0.195,1.628,0.0,0.03333333333333333,-0.0
1743695763.5783057,1.0,80.0,252.0,,-9.836,0.254,1.844,0.06666666666666667,0.0,-0.0
1743695763.8655562,1.0,80.0,252.0,,-9.738,0.185,1.804,0.03333333333333333,0.0,-0.0
1743695764.1725383,1.0,79.0,252.0,,-9.669,0.205,1.834,0.03333333333333333,0.03333333333333333,-0.0
1743695764.4766576,2.0,78.0,252.0,,-9.061,0.009,2.501,0.0,0.5333333333333333,-0.06666666666666667
1743695764.7737722,6.0,2.0,289.0,,0.597,2.755,10.385,0.26666666666666666,8.2,-3.1333333333333333
1743695765.0306048,-17.0,-93.0,286.0,,9.011,-1.314,-2.009,0.9,2.0,-0.0
1743695765.2683551,-12.0,-94.0,286.0,,9.502,-0.981,-1.401,-0.1,-0.13333333333333333,0.3
1743695765.486224,-8.0,-90.0,289.0,,9.894,-0.961,-1.313,0.13333333333333333,-0.16666666666666666,-0.0
1743695765.7094157,-8.0,-89.0,290.0,,9.796,-1.147,-1.264,0.06666666666666667,-0.2,-0.1
1743695765.9389026,-8.0,-87.0,291.0,,9.796,-1.304,-1.009,0.06666666666666667,0.0,-0.0
1743695766.1618629,-8.0,-88.0,292.0,,9.668,-1.187,-1.038,0.16666666666666666,-0.06666666666666667,-0.06666666666666667
1743695766.3863106,-7.0,-90.0,291.0,,9.688,-1.098,-1.127,0.1,0.0,-0.03333333333333333
1743695766.6075037,-6.0,-92.0,291.0,,9.659,-1.128,-0.97,0.06666666666666667,0.0,-0.0
1743695766.8922703,-6.0,-93.0,291.0,,9.717,-1.177,-1.048,0.1,0.1,-0.0
1743695767.138409,-6.0,-94.0,290.0,,9.717,-1.118,-0.901,0.06666666666666667,0.0,-0.0
1743695767.3591847,-6.0,-94.0,290.0,,9.668,-1.147,-0.98,0.1,0.0,-0.0
1743695767.5788739,-6.0,-95.0,290.0,,9.6,-1.059,-1.019,0.06666666666666667,0.0,-0.0
1743695767.8024848,-6.0,-94.0,290.0,,9.639,-1.128,-1.009,0.0,0.0,-0.0
1743695768.0235364,-6.0,-94.0,291.0,,9.874,-1.187,-0.989,0.0,-0.03333333333333333,-0.0
1743695768.247216,-6.0,-94.0,293.0,,9.845,-1.196,-0.97,0.03333333333333333,0.03333333333333333,-0.0
1743695768.4725306,-6.0,-94.0,294.0,,9.717,-1.157,-0.882,0.06666666666666667,0.03333333333333333,-0.0
1743695768.7069218,-6.0,-94.0,294.0,,9.796,-1.128,-0.96,0.0,0.0,-0.0
1743695769.0318017,-6.0,-94.0,294.0,,9.482,-1.147,-0.715,0.0,-0.03333333333333333,-0.03333333333333333
1743695769.319256,-6.0,-95.0,295.0,,9.717,-0.824,-1.46,0.0,-0.03333333333333333,-0.06666666666666667
1743695769.5580428,-6.0,-95.0,297.0,,9.776,-1.373,-1.019,0.06666666666666667,-0.03333333333333333,-0.0
1743695769.7820485,-5.0,-95.0,296.0,,9.972,-1.393,-1.137,0.03333333333333333,-0.06666666666666667,0.06666666666666667
1743695770.0075657,-5.0,-93.0,302.0,,9.786,-0.951,-1.097,0.06666666666666667,0.03333333333333333,-0.0
1743695770.2315283,-5.0,-94.0,302.0,,10.012,-1.069,-0.98,0.0,0.0,-0.0
1743695770.455711,-4.0,-93.0,303.0,,9.904,-0.853,-0.764,-0.13333333333333333,-0.2,0.03333333333333333
1743695770.6783576,-3.0,-90.0,306.0,,9.708,-0.481,-0.176,-0.1,-0.36666666666666664,0.03333333333333333
1743695770.9043725,-2.0,-87.0,308.0,,9.158,-0.304,-0.156,0.0,-0.13333333333333333,0.06666666666666667
1743695771.1421633,0.0,-87.0,308.0,,10.07,0.107,0.294,0.13333333333333333,0.0,-0.0
1743695771.36625,0.0,-88.0,307.0,,9.629,-0.324,-0.009,0.13333333333333333,0.0,-0.06666666666666667
1743695771.5898092,-1.0,-88.0,307.0,,9.835,-0.275,0.029,0.03333333333333333,0.0,-0.0
1743695771.8222706,-1.0,-89.0,307.0,,9.992,-0.255,-0.107,0.1,0.06666666666666667,-0.0
1743695772.0451236,0.0,-89.0,306.0,,9.953,-0.245,-0.107,0.03333333333333333,0.0,-0.0
1743695772.2739494,0.0,-90.0,306.0,,9.845,-0.461,-0.215,0.03333333333333333,0.0,-0.0
1743695772.4956095,-1.0,-88.0,310.0,,9.011,-0.51,1.177,-1.1666666666666667,-0.36666666666666664,-0.06666666666666667
1743695772.7183783,-1.0,-88.0,331.0,,12.287,-1.422,0.353,-2.7666666666666666,0.4,-0.2
1743695772.9449964,2.0,-88.0,10.0,,10.414,0.264,-0.205,-2.933333333333333,-1.0333333333333334,0.9333333333333333
1743695773.2241914,6.0,-86.0,64.0,,9.472,2.813,0.755,-3.433333333333333,-0.8,0.9
1743695773.4433682,5.0,-82.0,90.0,,10.237,1.705,0.294,-0.7,-0.1,-0.16666666666666666
1743695773.674237,-4.0,-84.0,98.0,,9.668,2.402,-0.45,0.1,-0.1,-0.0
1743695773.9633653,-2.0,-85.0,95.0,,9.472,2.353,-0.342,0.06666666666666667,-0.06666666666666667,-0.0
1743695774.2554584,2.0,-87.0,92.0,,9.541,1.627,-0.656,0.36666666666666664,0.1,0.06666666666666667
1743695774.53284,-12.0,-91.0,69.0,,8.521,-0.029,-1.137,2.466666666666667,-0.36666666666666664,-0.6666666666666666
1743695774.763216,-21.0,-97.0,28.0,,10.806,0.989,3.295,1.9666666666666666,-0.6,-0.3
1743695774.9885032,-20.0,-82.0,9.0,,8.776,-1.285,8.757,-0.3,-7.2,1.3
1743695775.2205708,-8.0,-34.0,357.0,,2.99,-0.206,7.649,1.1,-1.7666666666666666,0.3333333333333333
1743695775.449271,-17.0,-32.0,348.0,,1.293,-1.726,10.13,0.06666666666666667,0.4,-0.16666666666666666
1743695775.6835043,-15.0,-36.0,353.0,,2.588,-3.04,9.993,-1.1333333333333333,0.06666666666666667,0.26666666666666666
1743695775.9228268,-25.0,-48.0,349.0,,3.52,-0.588,8.963,8.566666666666666,1.1,-1.2
1743695776.1595862,-44.0,-54.0,339.0,,2.666,-4.943,6.855,0.4,-0.03333333333333333,-1.7
1743695776.3906326,-45.0,-39.0,3.0,,2.225,-5.727,7.512,-0.5,0.6,-1.6666666666666667
1743695776.616971,-47.0,-20.0,29.0,,-1.442,-7.492,16.554,1.5333333333333334,-0.16666666666666666,0.4
1743695776.9115477,-66.0,-125.0,277.0,,3.108,-9.836,2.834,6.666666666666667,1.9333333333333333,3.7
1743695777.1429398,-5.0,180.0,254.0,,-0.706,-3.02,-10.443,-0.23333333333333334,1.5,4.133333333333334
1743695777.3681328,-35.0,-164.0,327.0,,9.649,-6.688,-2.049,-3.6333333333333333,-4.133333333333334,9.833333333333334
1743695777.5947862,-1.0,-95.0,27.0,,10.355,1.833,0.147,0.0,0.26666666666666666,-0.6333333333333333
1743695777.8881264,-14.0,-104.0,14.0,,10.129,1.068,-0.774,0.8666666666666667,0.2,0.43333333333333335
1743695778.1094987,-10.0,-103.0,8.0,,9.904,0.882,0.255,0.4666666666666667,0.0,0.3333333333333333
1743695778.3312757,-10.0,-101.0,3.0,,8.492,0.538,-0.107,0.6,0.3,-0.5333333333333333
1743695778.556034,-13.0,-98.0,0.0,,9.453,0.352,-0.676,-0.06666666666666667,-0.26666666666666666,-0.3333333333333333
1743695778.7759993,-13.0,-96.0,1.0,,9.894,0.401,-0.342,0.16666666666666666,-0.06666666666666667,-0.1
1743695778.994602,-13.0,-95.0,360.0,,10.1,0.136,-0.048,0.1,-0.03333333333333333,-0.16666666666666666
1743695779.2138565,-12.0,-94.0,359.0,,9.884,0.087,-0.136,0.06666666666666667,0.0,-0.0
1743695779.4328837,-7.0,-92.0,358.0,,9.825,0.166,-0.087,0.1,-0.06666666666666667,-0.03333333333333333
1743695779.654432,-3.0,-90.0,357.0,,9.776,0.234,0.01,0.03333333333333333,-0.03333333333333333,-0.1
1743695779.8735127,-1.0,-90.0,357.0,,9.835,0.126,-0.038,0.03333333333333333,0.0,-0.0
1743695780.092809,0.0,-90.0,357.0,,9.864,0.077,-0.195,0.06666666666666667,0.0,-0.0
1743695780.3133566,0.0,-90.0,357.0,,9.913,0.303,-0.126,0.06666666666666667,-0.06666666666666667,-0.0
1743695780.5445194,0.0,-90.0,357.0,,9.815,0.332,-0.038,0.06666666666666667,-0.03333333333333333,-0.03333333333333333
1743695780.7619936,1.0,-90.0,357.0,,9.786,-0.01,-0.107,0.06666666666666667,0.0,-0.03333333333333333
1743695780.984884,1.0,-90.0,357.0,,9.825,0.136,-0.077,0.0,0.0,-0.0
1743695781.2038257,1.0,-89.0,357.0,,10.002,0.293,-0.077,0.06666666666666667,0.0,-0.0
1743695781.424289,1.0,-90.0,357.0,,9.825,0.058,-0.136,0.06666666666666667,0.0,-0.0
1743695781.6421912,1.0,-89.0,356.0,,9.786,0.146,-0.077,0.03333333333333333,0.0,-0.0
1743695781.8641367,1.0,-89.0,356.0,,9.864,0.077,-0.097,0.06666666666666667,-0.03333333333333333,-0.0
1743695782.0874896,1.0,-89.0,356.0,,10.031,0.283,0.01,0.06666666666666667,0.0,-0.0
1743695782.308265,0.0,-89.0,355.0,,9.825,0.264,-0.068,0.06666666666666667,0.0,-0.0
1743695782.5286741,0.0,-89.0,354.0,,9.776,-0.677,-0.195,0.2,0.0,-0.13333333333333333
1743695782.744255,-4.0,-91.0,337.0,,9.766,-0.304,-0.097,1.0333333333333334,0.16666666666666666,-0.06666666666666667
1743695782.962213,-7.0,-93.0,322.0,,10.747,-0.078,-0.009,2.2666666666666666,0.16666666666666666,-0.13333333333333333
1743695783.177865,-9.0,-95.0,310.0,,9.943,-0.539,-1.038,0.5666666666666667,-0.06666666666666667,-0.06666666666666667
1743695783.392615,-6.0,-92.0,307.0,,9.198,-0.088,-0.244,0.3333333333333333,0.16666666666666666,-0.1
1743695783.6067324,-6.0,-90.0,308.0,,9.413,-0.559,-0.852,0.1,-0.03333333333333333,-0.13333333333333333
1743695783.828754,-8.0,-87.0,310.0,,10.178,-1.0,0.108,0.0,0.03333333333333333,-0.16666666666666666
1743695784.0465133,-9.0,-89.0,310.0,,9.6,-1.598,-0.862,0.03333333333333333,0.1,-0.0
1743695784.265985,-8.0,-89.0,312.0,,9.492,-1.51,-1.038,0.0,-0.16666666666666666,0.1
1743695784.479644,-6.0,-86.0,313.0,,10.09,-0.559,0.343,-0.1,-0.3,0.43333333333333335
1743695784.693678,-3.0,-84.0,314.0,,10.306,-0.422,0.324,-0.23333333333333334,-0.06666666666666667,0.4
1743695784.9093497,-3.0,-84.0,316.0,,9.511,-0.353,0.177,-0.2,-0.16666666666666666,0.13333333333333333
1743695785.1229877,-8.0,-82.0,319.0,,10.11,-0.755,0.314,-0.26666666666666666,0.0,-0.23333333333333334
1743695785.3372345,-10.0,-84.0,323.0,,8.168,-1.893,0.637,-0.5333333333333333,1.0,-0.6333333333333333
1743695785.5519435,-16.0,-91.0,324.0,,10.335,-3.04,-1.656,0.9333333333333333,-0.1,-1.5333333333333334
1743695785.7701185,-74.0,89.0,155.0,,-3.707,-5.168,0.118,0.6666666666666666,0.7666666666666667,-6.6
1743695785.9841754,-9.0,86.0,162.0,,-8.885,-1.844,0.147,-0.6666666666666666,-0.4,-2.0
1743695786.20251,0.0,94.0,168.0,,-9.738,0.646,-0.47,-0.1,0.06666666666666667,-0.6333333333333333
1743695786.4163077,-9.0,96.0,176.0,,-9.66,1.225,-0.578,0.5333333333333333,-0.03333333333333333,-0.16666666666666666
1743695786.6312392,-11.0,95.0,179.0,,-10.581,-0.314,-0.126,-0.06666666666666667,0.1,-0.0
1743695786.8489046,-14.0,95.0,182.0,,-9.424,0.215,-1.078,-0.06666666666666667,0.06666666666666667,-0.03333333333333333
1743695787.0631318,-15.0,94.0,182.0,,-9.865,0.646,-0.676,0.0,0.0,-0.1
1743695787.2770894,-12.0,94.0,184.0,,-9.709,0.744,-1.009,0.1,0.0,-0.0
1743695787.4912987,-7.0,94.0,184.0,,-10.16,0.45,-0.44,0.2,0.06666666666666667,-0.0
1743695787.7061808,-5.0,94.0,185.0,,-10.022,0.784,-0.744,0.0,-0.03333333333333333,0.03333333333333333
1743695787.9218826,-2.0,94.0,185.0,,-9.954,0.47,-0.725,0.03333333333333333,0.0,-0.03333333333333333
1743695788.1376302,0.0,94.0,186.0,,-9.66,0.921,-0.901,0.0,0.0,-0.03333333333333333
1743695788.351434,0.0,94.0,188.0,,-9.777,1.166,-0.852,0.03333333333333333,0.0,-0.1
1743695788.5633066,1.0,94.0,188.0,,-9.924,0.852,-0.666,0.13333333333333333,0.0,-0.0
1743695788.7772026,3.0,94.0,189.0,,-9.679,0.764,-0.813,0.06666666666666667,-0.03333333333333333,-0.03333333333333333
1743695789.007548,3.0,94.0,189.0,,-9.905,0.784,-0.597,0.13333333333333333,0.03333333333333333,-0.0
1743695789.2201853,3.0,93.0,189.0,,-9.699,0.46,-0.578,0.0,0.0,0.1
1743695789.433612,-3.0,85.0,203.0,,-7.129,-0.706,1.108,2.033333333333333,3.8666666666666667,0.7333333333333333
1743695789.6508827,-21.0,29.0,221.0,,-3.305,-3.501,7.492,2.033333333333333,1.0333333333333334,-0.4666666666666667
1743695789.875495,-28.0,-12.0,222.0,,1.038,-3.687,11.229,-0.7,-1.2666666666666666,1.5333333333333334
1743695790.0952566,-20.0,-8.0,210.0,,1.882,-2.864,9.346,0.1,0.7666666666666667,1.1666666666666667
1743695790.323295,-13.0,-7.0,208.0,,1.627,-2.648,9.473,-0.3333333333333333,0.0,0.2
1743695790.5441003,-14.0,-2.0,210.0,,1.313,-1.912,9.66,0.13333333333333333,-0.23333333333333334,-0.23333333333333334
1743695790.7652428,-3.0,-8.0,218.0,,1.98,-0.304,10.062,-0.03333333333333333,0.5333333333333333,-0.0
1743695790.9875827,-4.0,-4.0,220.0,,2.088,-0.275,10.189,-0.03333333333333333,0.06666666666666667,-0.23333333333333334
1743695791.2061322,-2.0,-4.0,223.0,,1.696,-0.49,9.738,0.0,-0.13333333333333333,-0.36666666666666664
1743695791.4222617,-2.0,-3.0,231.0,,1.323,-0.382,9.552,-0.3,-0.23333333333333334,-0.6
1743695791.6403756,-2.0,-3.0,234.0,,1.323,-0.373,10.415,-0.23333333333333334,-0.03333333333333333,-0.3
1743695791.8597336,-1.0,-3.0,236.0,,0.989,-0.628,9.571,0.16666666666666666,-0.13333333333333333,-0.1
1743695792.0791545,-2.0,-4.0,238.0,,1.088,-0.461,10.748,-0.16666666666666666,-0.13333333333333333,-0.5
1743695792.2976346,-1.0,1.0,248.0,,-0.216,0.48,9.591,0.6666666666666666,-0.8666666666666667,-0.9666666666666667
1743695792.5170596,5.0,-1.0,249.0,,-0.775,1.754,10.405,0.26666666666666666,-0.5333333333333333,-0.3
1743695792.7380202,4.0,-5.0,255.0,,2.451,-0.706,10.856,1.9,3.566666666666667,-1.1666666666666667
1743695793.006659,-4.0,-89.0,294.0,,8.217,-1.265,2.52,-2.7666666666666666,5.5,-1.5333333333333334
1743695793.2974346,-59.0,-125.0,347.0,,5.451,-9.856,-8.089,-4.333333333333333,0.7333333333333333,-1.3333333333333333
1743695793.594223,-83.0,179.0,305.0,,1.558,-11.797,-3.274,0.1,0.4666666666666667,-1.6666666666666667
1743695793.8428516,-85.0,50.0,177.0,,-0.245,-9.816,1.196,0.03333333333333333,0.36666666666666664,-0.0
1743695794.0636165,-86.0,46.0,174.0,,0.215,-9.709,-0.048,0.03333333333333333,0.0,-0.0
1743695794.2857175,-87.0,39.0,166.0,,0.195,-9.699,-0.068,0.03333333333333333,0.0,-0.0
1743695794.507316,-87.0,30.0,158.0,,0.009,-9.542,-0.195,0.03333333333333333,0.0,-0.0
1743695794.7672315,-88.0,14.0,141.0,,0.244,-9.718,-0.028,0.03333333333333333,0.0,-0.0
1743695795.0623567,-88.0,-22.0,104.0,,0.225,-9.709,-0.068,0.03333333333333333,0.0,-0.0
1743695795.3538063,-88.0,-58.0,69.0,,0.225,-9.699,-0.068,0.03333333333333333,0.0,-0.0
1743695795.635227,-88.0,-77.0,49.0,,0.215,-9.699,-0.068,0.03333333333333333,0.0,-0.0
1743695795.9198937,-88.0,-86.0,40.0,,0.215,-9.709,-0.058,0.03333333333333333,0.0,-0.0
1743695796.2128077,-88.0,-91.0,35.0,,0.225,-9.699,-0.068,0.03333333333333333,0.0,-0.0
1743695796.4960504,-88.0,-94.0,32.0,,0.225,-9.699,-0.068,0.03333333333333333,0.0,-0.0
1743695796.786855,-88.0,-97.0,29.0,,0.215,-9.709,-0.048,0.03333333333333333,0.0,-0.0
1743695797.0877728,-88.0,-98.0,28.0,,0.225,-9.709,-0.058,0.03333333333333333,0.0,-0.0
1743695797.4158034,-88.0,-99.0,27.0,,0.215,-9.699,-0.068,0.03333333333333333,0.0,-0.0
1743695797.634159,-88.0,-99.0,27.0,,0.225,-9.699,-0.048,0.03333333333333333,0.0,-0.0
1743695797.8476996,-88.0,-100.0,26.0,,0.225,-9.709,-0.058,0.03333333333333333,0.0,-0.0
1743695798.0580537,-88.0,-100.0,26.0,,0.225,-9.699,-0.058,0.03333333333333333,0.0,-0.0
1743695798.2685657,-88.0,-100.0,26.0,,0.225,-9.709,-0.048,0.03333333333333333,0.0,-0.0
1743695798.474249,-88.0,-100.0,26.0,,0.215,-9.709,-0.068,0.03333333333333333,0.0,-0.0
1743695798.6822493,-88.0,-101.0,25.0,,0.225,-9.699,-0.058,0.03333333333333333,0.0,-0.0
1743695798.8919237,-88.0,-101.0,25.0,,0.225,-9.699,-0.068,0.03333333333333333,0.0,-0.0
1743695799.1067064,-88.0,-101.0,25.0,,0.225,-9.699,-0.058,0.03333333333333333,0.0,-0.0
1743695799.3150253,-88.0,-101.0,25.0,,0.225,-9.709,-0.068,0.03333333333333333,0.0,-0.0
1743695799.520332,-88.0,-102.0,24.0,,0.225,-9.709,-0.058,0.03333333333333333,0.0,-0.0
1743695799.732752,-88.0,-102.0,24.0,,0.215,-9.709,-0.058,0.03333333333333333,0.0,-0.0
1743695799.9520068,-88.0,-102.0,24.0,,0.215,-9.699,-0.058,0.03333333333333333,0.0,-0.0
1743695800.1643224,-88.0,-102.0,24.0,,0.225,-9.709,-0.058,0.03333333333333333,0.0,-0.0
1743695800.3780138,-88.0,-102.0,24.0,,0.215,-9.709,-0.058,0.03333333333333333,0.0,-0.0
1743695800.5887272,-88.0,-102.0,24.0,,0.215,-9.709,-0.058,0.03333333333333333,0.0,-0.0
1743695800.8038435,-88.0,-102.0,23.0,,0.225,-9.718,-0.058,0.03333333333333333,0.0,-0.0
1743695801.0174167,-88.0,-104.0,22.0,,0.215,-9.709,-0.019,0.03333333333333333,0.0,-0.0
1743695801.2323759,-88.0,-104.0,22.0,,0.225,-9.718,-0.048,0.03333333333333333,0.0,-0.0
1743695801.4391456,-88.0,-103.0,22.0,,0.244,-9.728,-0.087,0.03333333333333333,0.0,-0.0
1743695801.7279668,-84.0,-10.0,67.0,,5.04,-9.777,1.344,-1.3666666666666667,-2.8666666666666667,0.6
1743695801.940927,-51.0,-14.0,54.0,,1.647,-7.139,5.962,-4.2,-1.9666666666666666,1.5333333333333334
1743695802.1474128,4.0,-17.0,49.0,,-0.745,1.205,10.101,0.06666666666666667,0.0,1.6333333333333333
1743695802.356636,4.0,-5.0,39.0,,0.058,-0.108,9.924,0.03333333333333333,0.0,-0.0
1743695802.5652406,1.0,-1.0,39.0,,0.077,-0.088,9.914,0.03333333333333333,0.0,-0.0
1743695802.7743397,0.0,0.0,39.0,,0.048,-0.118,9.924,0.03333333333333333,0.0,-0.0
1743695802.9832833,0.0,0.0,39.0,,0.068,-0.098,9.944,0.03333333333333333,0.0,-0.0
1743695803.1906438,0.0,0.0,39.0,,0.058,-0.088,9.944,0.03333333333333333,0.0,-0.0
1743695803.3957517,0.0,0.0,39.0,,0.058,-0.088,9.934,0.03333333333333333,0.0,-0.0
1743695803.6038218,0.0,0.0,39.0,,0.058,-0.088,9.944,0.03333333333333333,0.0,-0.0
1743695803.8122075,0.0,0.0,39.0,,0.058,-0.088,9.934,0.03333333333333333,0.0,-0.0
1743695804.023223,0.0,0.0,39.0,,0.068,-0.088,9.944,0.03333333333333333,0.0,-0.0
1743695804.237671,0.0,0.0,39.0,,0.068,-0.088,9.944,0.03333333333333333,0.0,-0.0
1743695804.4505012,0.0,0.0,39.0,,0.058,-0.088,9.944,0.03333333333333333,0.0,-0.0
1743695804.6797369,0.0,0.0,39.0,,0.058,-0.098,9.944,0.03333333333333333,0.0,-0.0
1743695804.8934507,0.0,0.0,39.0,,0.058,-0.088,9.944,0.03333333333333333,0.0,-0.0
1743695805.101803,0.0,0.0,39.0,,0.068,-0.088,9.944,0.03333333333333333,0.0,-0.0
1743695805.3081563,0.0,0.0,39.0,,0.058,-0.088,9.944,0.03333333333333333,0.0,-0.0
1743695805.5175092,0.0,0.0,39.0,,0.058,-0.088,9.944,0.03333333333333333,0.0,-0.0
1743695805.7281923,0.0,0.0,39.0,,0.744,-0.726,9.944,0.03333333333333333,0.0,-1.0
1743695805.9421468,0.0,0.0,59.0,,0.068,-0.098,9.944,0.03333333333333333,0.0,-0.0
1743695806.1536984,0.0,0.0,59.0,,0.077,-0.088,9.944,0.03333333333333333,0.0,-0.0
1743695806.3672657,0.0,0.0,59.0,,0.068,-0.088,9.934,0.03333333333333333,0.0,-0.0
1743695806.5784452,0.0,0.0,59.0,,0.077,-0.088,9.944,0.03333333333333333,0.0,-0.0
1743695806.789579,0.0,0.0,59.0,,0.058,-0.088,9.944,0.03333333333333333,0.0,-0.0
1743695806.996857,0.0,0.0,59.0,,0.077,-0.088,9.944,0.03333333333333333,0.0,-0.0
1743695807.2058005,0.0,0.0,59.0,,0.097,-0.108,9.934,0.03333333333333333,0.0,-0.0
1743695807.4150612,0.0,0.0,59.0,,0.117,-0.108,9.924,0.03333333333333333,0.0,-0.0
1743695807.6241217,0.0,0.0,59.0,,0.048,-0.098,9.944,0.03333333333333333,0.0,-0.0
1743695807.832643,0.0,0.0,59.0,,0.077,-0.088,9.944,0.03333333333333333,0.0,-0.0
1743695808.0390837,0.0,0.0,59.0,,0.058,-0.078,9.944,0.03333333333333333,0.0,-0.0
1743695808.2471285,0.0,0.0,55.0,,-0.412,-0.451,10.032,0.8666666666666667,0.0,0.6666666666666666
1743695808.4593468,-24.0,0.0,64.0,,-0.481,-5.276,8.453,4.4,0.5666666666666667,-1.1333333333333333
1743695808.6724129,-55.0,-41.0,18.0,,-0.441,-8.846,4.217,1.8,-1.6666666666666667,0.6
1743695808.8888345,-48.0,-68.0,333.0,,-0.245,-9.65,0.598,0.9333333333333333,0.2,-0.0
1743695809.1072652,-47.0,-73.0,328.0,,0.44,-9.699,0.069,0.03333333333333333,0.0,-0.0
1743695809.3274045,-53.0,-73.0,333.0,,0.205,-9.709,-0.048,0.03333333333333333,0.0,-0.0
1743695809.5424821,-62.0,-73.0,337.0,,0.205,-9.709,-0.048,0.03333333333333333,0.0,-0.0
1743695809.763139,-69.0,-74.0,338.0,,0.195,-9.709,-0.048,0.03333333333333333,0.0,-0.0
1743695809.9840975,-74.0,-75.0,339.0,,0.215,-9.709,-0.048,0.03333333333333333,0.0,-0.0
1743695810.2036383,-78.0,-74.0,341.0,,0.244,-9.669,-0.44,-0.8,-0.03333333333333333,-0.16666666666666666
1743695810.4259892,-46.0,-46.0,24.0,,1.421,-10.464,5.609,-1.7333333333333334,0.7,2.3
1743695810.645499,-24.0,-76.0,13.0,,5.755,-5.296,3.903,0.6,2.9,1.1
1743695810.8648133,-11.0,-104.0,6.0,,10.482,-3.472,-1.058,1.6333333333333333,0.3,2.566666666666667
1743695811.0886104,3.0,-103.0,1.0,,9.217,-0.461,0.579,-0.4,-2.1333333333333333,0.7333333333333333
1743695811.310657,2.0,-67.0,0.0,,8.697,2.088,5.815,0.3,-2.6,0.1
1743695811.5340536,-6.0,-40.0,356.0,,4.128,1.921,8.757,0.8333333333333334,-2.066666666666667,-0.5333333333333333
1743695811.7614522,-23.0,-26.0,1.0,,1.696,-2.775,9.836,1.1,0.3,-3.8666666666666667
1743695811.9906313,-42.0,-10.0,34.0,,3.441,-4.06,10.13,2.1333333333333333,2.2,-2.0
1743695812.215803,-63.0,-52.0,24.0,,5.55,-6.708,5.835,2.7,2.3333333333333335,0.8
1743695812.4369843,-56.0,-107.0,347.0,,7.05,-5.874,1.0,0.7666666666666667,0.8,0.26666666666666666
1743695812.6664512,-30.0,-123.0,344.0,,8.717,-2.707,-1.686,1.6333333333333333,1.4333333333333333,0.7666666666666667
1743695812.8888273,-13.0,-137.0,342.0,,9.06,-0.431,-4.383,0.8333333333333334,3.033333333333333,1.7333333333333334
1743695813.111692,10.0,-149.0,351.0,,7.599,6.383,-6.726,2.2666666666666666,0.4666666666666667,0.9666666666666667
1743695813.3296485,35.0,-145.0,353.0,,5.854,8.305,-3.167,1.5666666666666667,-1.5333333333333334,-0.03333333333333333
1743695813.5820856,42.0,-106.0,330.0,,6.766,8.933,1.216,1.5333333333333334,-2.2,-1.1333333333333333
1743695813.8514667,17.0,-69.0,319.0,,6.824,4.01,5.825,0.5333333333333333,-1.7,-1.8
1743695814.1235855,-7.0,-53.0,335.0,,6.167,1.49,7.934,-1.4333333333333333,-0.03333333333333333,-1.6333333333333333
1743695814.3769898,-6.0,-83.0,351.0,,10.767,1.843,2.157,-0.9666666666666667,3.6333333333333333,0.3333333333333333
1743695814.6066377,-9.0,-116.0,359.0,,10.237,1.951,-3.049,-0.7,2.966666666666667,-0.0
1743695814.8336432,-9.0,-141.0,2.0,,6.158,2.696,-6.569,1.0,1.1666666666666667,0.43333333333333335
1743695815.0581603,0.0,-135.0,0.0,,5.628,4.785,-5.01,0.8666666666666667,-1.8666666666666667,0.3
1743695815.2854512,6.0,-105.0,351.0,,9.129,5.883,-0.597,1.0666666666666667,-2.566666666666667,-0.43333333333333335
1743695815.5104687,-7.0,-74.0,342.0,,9.158,3.284,3.972,0.16666666666666666,-1.2,-1.0
1743695815.7365487,-16.0,-85.0,348.0,,11.365,1.127,0.667,0.9,1.8333333333333333,-0.6333333333333333
1743695815.9672616,-19.0,-129.0,345.0,,8.57,1.176,-4.912,0.3,2.7333333333333334,-0.2
1743695816.1995027,-12.0,-152.0,348.0,,5.667,2.539,-7.746,0.8666666666666667,0.8333333333333334,1.0666666666666667
1743695816.4318786,4.0,-151.0,354.0,,3.323,4.824,-5.981,1.3333333333333333,-1.8,0.9333333333333333
1743695816.6522183,12.0,-113.0,339.0,,7.138,6.717,-1.401,-0.8,-0.9333333333333333,-0.2
1743695816.8839529,-2.0,-82.0,338.0,,8.217,3.735,3.226,-0.23333333333333334,-2.3666666666666667,-1.9
1743695817.1044328,-20.0,-68.0,357.0,,9.443,1.146,4.531,0.26666666666666666,0.9,-0.6333333333333333
1743695817.3508425,-37.0,-70.0,26.0,,10.061,-1.138,1.294,-0.3,1.6333333333333333,-0.9666666666666667
1743695817.6570237,-54.0,-121.0,23.0,,7.325,-3.364,-4.687,1.5333333333333334,3.433333333333333,-1.6666666666666667
1743695817.8890898,-61.0,179.0,348.0,,2.598,-7.237,-8.256,0.0,0.8,-0.6333333333333333
1743695818.108094,-81.0,147.0,335.0,,-0.932,-11.846,-4.853,-0.36666666666666664,2.466666666666667,1.4666666666666666
1743695818.3279865,-64.0,-110.0,107.0,,2.264,-6.865,-4.559,-1.8333333333333333,1.5666666666666667,4.933333333333334
1743695818.5421145,-36.0,-116.0,130.0,,4.03,-3.658,-6.805,-1.4333333333333333,3.2333333333333334,5.566666666666666
1743695818.7567167,-9.0,-138.0,152.0,,1.078,-3.834,-8.501,1.9,2.566666666666667,2.2666666666666666
1743695818.9746382,23.0,180.0,161.0,,-3.491,0.656,-8.531,1.5333333333333334,1.8666666666666667,0.3
1743695819.1888866,24.0,151.0,178.0,,-7.384,-0.353,-7.256,-0.5666666666666667,0.8666666666666667,1.1
1743695819.4101186,-2.0,151.0,180.0,,-6.718,-4.335,-5.187,-0.7333333333333333,0.06666666666666667,0.3
1743695819.6351259,-14.0,178.0,177.0,,-1.442,-4.54,-7.187,-0.26666666666666666,-5.9,-1.0
1743695819.8518102,-24.0,-142.0,170.0,,2.255,-4.609,-7.972,-0.3333333333333333,-0.1,0.7
1743695820.0688019,-23.0,-106.0,165.0,,10.159,-4.923,-3.676,6.4,-1.5333333333333334,-2.433333333333333
1743695820.2861583,-25.0,-107.0,122.0,,8.658,-1.304,-5.344,0.3333333333333333,-1.4333333333333333,-0.7
1743695820.4996254,-57.0,-91.0,115.0,,7.687,-4.148,-4.647,0.5666666666666667,-0.6333333333333333,-1.6
1743695820.7137735,-70.0,-89.0,109.0,,6.197,-6.521,-3.657,0.2,-0.9,-0.43333333333333335
1743695820.9299572,-70.0,-78.0,97.0,,8.913,-4.364,-2.225,-0.5666666666666667,-0.8666666666666667,0.9333333333333333
1743695821.1407073,-48.0,-44.0,120.0,,9.551,-4.599,2.412,-1.6666666666666667,-0.9,0.5666666666666667
1743695821.3578334,-23.0,-42.0,134.0,,9.884,-1.451,2.089,-0.9,0.6333333333333333,0.9333333333333333
1743695821.5684454,-12.0,-28.0,155.0,,9.374,-0.343,5.884,-4.6,-2.0,-0.36666666666666664
1743695821.7844036,-12.0,-3.0,169.0,,5.275,-0.245,5.021,0.26666666666666666,-0.6,-0.16666666666666666
1743695821.9981692,-6.0,4.0,167.0,,4.883,-1.442,8.336,0.26666666666666666,-0.9,0.5333333333333333
1743695822.212176,-12.0,-15.0,146.0,,5.265,1.097,6.727,-0.2,0.6,2.466666666666667
1743695822.4492133,26.0,-40.0,136.0,,5.461,7.933,1.049,-3.2666666666666666,3.3333333333333335,-0.0
1743695822.6634588,41.0,-87.0,169.0,,6.207,7.393,-5.314,-1.3666666666666667,2.2,-0.06666666666666667
1743695822.8808687,34.0,-130.0,192.0,,0.558,3.667,-8.737,0.8,1.5,-0.36666666666666664
1743695823.0973327,32.0,-109.0,156.0,,2.627,6.511,-6.089,1.7,-1.0666666666666667,-1.8333333333333333
1743695823.3171062,8.0,-59.0,120.0,,5.922,4.53,0.932,0.2,0.0,-0.6333333333333333
1743695823.538269,0.0,-48.0,102.0,,6.658,4.657,5.256,0.9333333333333333,-0.6666666666666666,0.5333333333333333
1743695823.7592716,-6.0,-27.0,88.0,,3.304,3.5,8.09,0.7,-0.5,0.4666666666666667
1743695823.982539,-11.0,-27.0,84.0,,2.755,3.48,7.139,0.0,-0.5,0.5
1743695824.216773,-6.0,-27.0,76.0,,2.706,4.814,8.09,-0.4,0.16666666666666666,0.6
1743695824.429414,-27.0,-31.0,50.0,,1.274,-1.952,12.974,8.933333333333334,0.0,1.4333333333333333
1743695824.6421828,-40.0,-72.0,353.0,,3.245,-4.335,8.414,2.0,1.1333333333333333,1.6
1743695824.8570957,-27.0,-112.0,329.0,,6.491,-5.305,3.158,2.2333333333333334,2.8,1.6
1743695825.0713382,0.0,-144.0,316.0,,8.384,-3.423,-4.284,2.0,1.8666666666666667,-0.1
1743695825.286433,5.0,-161.0,304.0,,4.422,-1.049,-7.217,0.4666666666666667,1.8666666666666667,0.36666666666666664
1743695825.5024357,-7.0,-171.0,304.0,,4.157,-2.285,-7.668,-1.1333333333333333,0.9333333333333333,-0.3333333333333333
1743695825.7150767,-20.0,-175.0,298.0,,4.147,-4.472,-9.423,-0.6333333333333333,-0.16666666666666666,-0.13333333333333333
1743695825.934332,-54.0,-149.0,313.0,,4.157,-6.894,0.078,-8.4,-6.1,-1.2333333333333334
1743695826.1527777,-57.0,1.0,85.0,,2.088,-7.306,7.296,-3.433333333333333,-0.6,-0.6
1743695826.3837342,-14.0,-4.0,90.0,,2.46,2.657,10.866,-5.166666666666667,1.4666666666666666,1.1666666666666667
1743695826.5992355,24.0,-12.0,84.0,,3.216,7.942,6.423,-2.433333333333333,-0.16666666666666666,0.23333333333333334
1743695826.81917,47.0,-26.0,93.0,,3.059,9.727,2.118,-1.4333333333333333,0.7,-0.26666666666666666
1743695827.0388083,53.0,-24.0,85.0,,2.323,10.649,1.51,-0.8666666666666667,0.6333333333333333,1.4
1743695827.3105066,84.0,-82.0,127.0,,-0.078,9.747,-3.559,-2.4,2.5,0.3333333333333333
1743695827.556805,34.0,-167.0,174.0,,-3.599,1.519,-8.07,-3.533333333333333,-0.9666666666666667,-2.466666666666667
1743695827.7757933,19.0,-148.0,162.0,,0.833,2.451,-8.648,-0.8666666666666667,-1.9666666666666666,-0.36666666666666664
1743695827.9939427,13.0,-99.0,158.0,,8.521,0.774,-1.696,3.1333333333333333,-7.433333333333334,-0.5666666666666667
1743695828.2103698,11.0,-71.0,151.0,,11.914,3.882,-1.696,-1.8333333333333333,1.4666666666666666,1.0666666666666667
1743695828.4306705,16.0,-93.0,156.0,,4.559,2.137,-2.598,3.3666666666666667,-3.1,-1.3
1743695828.6476588,17.0,-106.0,154.0,,1.156,2.205,-4.892,0.7333333333333333,-1.7333333333333334,-3.966666666666667
1743695828.866627,8.0,-104.0,159.0,,2.147,1.343,-5.0,0.4,-1.3,-2.7333333333333334
1743695829.0863037,8.0,-110.0,155.0,,2.804,2.833,-6.324,0.7666666666666667,0.06666666666666667,-0.6333333333333333
1743695829.3046358,-2.0,-89.0,158.0,,9.1,1.156,-3.598,0.5,0.4,-1.0333333333333334
1743695829.5249598,-7.0,-86.0,164.0,,8.678,-1.383,-3.824,0.0,-0.5,1.0666666666666667
1743695829.772046,-6.0,-86.0,167.0,,8.099,1.254,-4.402,0.06666666666666667,-0.1,0.1
1743695830.0026536,-7.0,-84.0,169.0,,8.521,1.519,-4.461,0.13333333333333333,-0.23333333333333334,0.1
1743695830.2281268,-2.0,-86.0,168.0,,8.56,1.803,-4.128,0.13333333333333333,-0.1,-0.0
1743695830.455441,-5.0,-74.0,169.0,,9.158,1.333,-2.029,0.26666666666666666,-0.8666666666666667,-0.03333333333333333
1743695830.6821473,-10.0,-59.0,165.0,,8.727,2.362,0.039,0.6333333333333333,-1.8666666666666667,0.03333333333333333
1743695830.9090464,-8.0,-65.0,165.0,,8.541,3.137,-0.842,0.5,3.033333333333333,-0.0
1743695831.1393642,-5.0,-60.0,168.0,,9.58,0.999,-0.225,0.9,1.4666666666666666,-0.16666666666666666
1743695831.364179,-6.0,-68.0,167.0,,8.442,3.186,-1.038,0.7,-1.6,-0.3333333333333333
1743695831.5794592,-6.0,-59.0,167.0,,8.845,3.637,-0.98,0.3,0.26666666666666666,-0.13333333333333333
1743695831.7939088,-5.0,-60.0,168.0,,9.256,3.333,-0.882,0.16666666666666666,0.03333333333333333,-0.0
1743695832.0691888,3.0,-69.0,173.0,,9.354,3.216,-0.666,0.06666666666666667,0.0,-0.0
1743695832.3526192,12.0,-81.0,177.0,,9.325,3.117,-0.774,0.03333333333333333,0.0,-0.0
1743695832.624789,16.0,-87.0,179.0,,9.188,3.039,-0.774,0.03333333333333333,0.0,-0.0
1743695832.8611922,17.0,-90.0,180.0,,9.256,3.137,-0.764,0.03333333333333333,0.0,-0.0
1743695833.0845387,18.0,-92.0,181.0,,9.296,3.274,-0.764,0.06666666666666667,0.0,-0.0
1743695833.304677,19.0,-93.0,181.0,,9.168,3.137,-0.833,0.06666666666666667,0.0,-0.0
1743695833.5331602,19.0,-93.0,181.0,,9.178,3.186,-0.695,0.1,-0.03333333333333333,0.06666666666666667
1743695833.758712,21.0,-93.0,180.0,,9.011,3.451,-0.754,0.0,0.0,-0.0
1743695833.9870048,19.0,-78.0,189.0,,8.697,4.402,-0.519,1.2333333333333334,-0.8666666666666667,1.2
1743695834.2176309,20.0,-58.0,169.0,,7.776,5.353,1.844,1.1666666666666667,0.26666666666666666,0.36666666666666664
1743695834.4445975,9.0,-49.0,150.0,,7.021,5.618,3.128,1.3,0.13333333333333333,0.23333333333333334
1743695834.6694787,-11.0,-38.0,128.0,,4.873,3.01,7.257,3.5,-0.3333333333333333,0.8333333333333334
1743695834.8942442,-36.0,-26.0,112.0,,5.795,0.744,7.904,0.13333333333333333,-1.3666666666666667,0.2
1743695835.123313,-41.0,-10.0,111.0,,3.608,-0.579,8.669,0.43333333333333335,-0.36666666666666664,-0.0
1743695835.3528645,-36.0,2.0,111.0,,2.313,0.166,9.964,0.5,-0.1,-0.0
1743695835.5783715,-33.0,4.0,111.0,,2.196,-0.118,9.964,-0.03333333333333333,-0.13333333333333333,-0.0
1743695835.804027,-21.0,0.0,110.0,,2.019,0.028,9.738,0.0,-0.06666666666666667,-0.0
1743695836.032124,-9.0,-5.0,109.0,,1.823,0.323,9.709,0.0,-0.03333333333333333,-0.0
1743695836.2604861,-3.0,-7.0,109.0,,1.764,0.323,9.689,0.03333333333333333,0.0,-0.0
1743695836.4870248,0.0,-8.0,109.0,,1.794,0.225,9.767,0.03333333333333333,0.0,-0.0
1743695836.7096808,0.0,-9.0,109.0,,1.715,0.254,9.797,0.06666666666666667,0.0,-0.03333333333333333
1743695836.931937,1.0,-9.0,109.0,,1.813,0.215,9.787,0.03333333333333333,0.0,-0.0
1743695837.1507638,1.0,-9.0,109.0,,1.784,0.352,9.787,0.06666666666666667,0.0,-0.0
1743695837.3725955,1.0,-9.0,109.0,,1.833,0.293,9.846,0.06666666666666667,0.0,-0.0
1743695837.593511,1.0,-9.0,109.0,,1.745,0.244,9.826,0.03333333333333333,0.0,-0.0
1743695837.8153255,1.0,-9.0,109.0,,1.754,0.323,9.787,0.06666666666666667,0.0,-0.0
1743695838.0369594,2.0,-9.0,110.0,,1.813,0.185,9.856,0.06666666666666667,0.0,-0.0
1743695838.2557619,1.0,-9.0,110.0,,1.803,0.303,9.846,0.03333333333333333,0.0,-0.0
1743695838.475972,1.0,-9.0,110.0,,1.764,0.254,9.758,0.0,0.0,-0.0
1743695838.7000806,1.0,-9.0,110.0,,1.696,0.283,9.748,0.03333333333333333,0.0,-0.0
1743695838.9227316,2.0,-9.0,110.0,,1.774,0.244,9.709,0.06666666666666667,0.0,-0.0
1743695839.1454647,2.0,-9.0,110.0,,1.803,0.254,9.797,0.03333333333333333,0.0,-0.0
1743695839.3663468,2.0,-9.0,110.0,,1.745,0.313,9.816,0.03333333333333333,0.0,-0.0
1743695839.5877151,2.0,-9.0,110.0,,1.725,0.234,9.718,0.03333333333333333,0.0,-0.0
1743695839.806741,2.0,-9.0,110.0,,1.735,0.244,9.797,0.0,0.0,-0.0
1743695840.02846,2.0,-9.0,110.0,,1.735,0.372,9.758,0.03333333333333333,0.0,-0.0
1743695840.248063,2.0,-9.0,110.0,,1.637,0.46,9.787,0.06666666666666667,0.0,-0.0
1743695840.4767473,2.0,-9.0,110.0,,1.696,0.411,9.787,0.03333333333333333,0.0,-0.0
1743695840.7008884,2.0,-9.0,110.0,,1.676,0.352,9.797,0.06666666666666667,0.0,-0.0
1743695840.9234388,2.0,-9.0,110.0,,1.794,0.274,9.826,0.03333333333333333,0.0,-0.0
1743695841.1411266,2.0,-9.0,110.0,,1.784,0.303,9.816,0.06666666666666667,0.0,-0.0
1743695841.3570745,2.0,-9.0,110.0,,1.676,0.381,9.718,0.03333333333333333,0.0,-0.0
1743695841.578807,2.0,-9.0,111.0,,1.696,0.401,9.758,0.03333333333333333,0.0,-0.0
1743695841.8036375,2.0,-10.0,110.0,,2.794,0.274,9.257,0.3,0.6666666666666666,-0.03333333333333333
1743695842.0380714,-22.0,-19.0,74.0,,3.657,-0.049,9.189,0.06666666666666667,0.36666666666666664,-0.06666666666666667
1743695842.2850254,-18.0,-35.0,53.0,,6.54,0.617,7.983,-0.4,1.0666666666666667,0.26666666666666666
1743695842.5147686,-23.0,-42.0,57.0,,7.177,1.637,6.414,-0.03333333333333333,0.5,-0.0
1743695842.745894,-16.0,-51.0,38.0,,7.648,2.205,5.845,0.06666666666666667,0.3,0.5333333333333333
1743695842.9762537,-17.0,-56.0,29.0,,8.266,1.745,5.168,0.03333333333333333,0.26666666666666666,-0.16666666666666666
1743695843.206763,-7.0,-60.0,16.0,,8.354,1.843,4.992,0.0,0.03333333333333333,-0.23333333333333334
1743695843.4343572,-5.0,-64.0,11.0,,8.805,0.852,4.266,0.06666666666666667,0.1,-0.26666666666666666
1743695843.6652653,-11.0,-75.0,8.0,,9.364,0.744,2.942,-0.2,1.7333333333333334,-0.16666666666666666
1743695843.899483,-17.0,-88.0,9.0,,9.864,-0.471,0.275,0.16666666666666666,0.2,0.03333333333333333
1743695844.1236558,-12.0,-89.0,5.0,,9.864,-0.49,0.196,0.0,0.0,-0.0
1743695844.3469677,-6.0,-88.0,2.0,,9.874,-0.363,0.177,0.0,0.0,-0.0
1743695844.5744102,-3.0,-88.0,1.0,,9.874,-0.265,0.167,0.03333333333333333,0.0,-0.0
1743695844.7962425,-2.0,-88.0,1.0,,9.884,-0.265,0.167,0.06666666666666667,0.0,-0.0
1743695845.0163457,-1.0,-88.0,1.0,,9.874,-0.265,0.196,0.03333333333333333,0.0,-0.0
1743695845.2334034,0.0,-88.0,0.0,,9.884,-0.118,0.186,0.06666666666666667,0.0,-0.0
1743695845.4488387,0.0,-88.0,360.0,,9.874,-0.127,0.177,0.06666666666666667,0.0,-0.0
1743695845.673259,0.0,-88.0,360.0,,9.874,-0.078,0.157,0.06666666666666667,0.0,-0.0
1743695845.8972337,0.0,-88.0,359.0,,9.874,-0.01,0.147,0.03333333333333333,0.0,-0.0
1743695846.1262681,0.0,-88.0,359.0,,9.874,0.0,0.118,0.06666666666666667,0.0,-0.0
1743695846.3503876,0.0,-88.0,359.0,,9.874,0.058,0.196,0.06666666666666667,0.0,-0.0
1743695846.575934,0.0,-88.0,359.0,,9.874,0.048,0.137,0.03333333333333333,0.0,-0.0
1743695846.7979574,0.0,-88.0,359.0,,9.874,0.048,0.157,0.03333333333333333,0.0,-0.0
1743695847.0189857,0.0,-88.0,359.0,,9.884,0.038,0.147,0.06666666666666667,0.0,-0.03333333333333333
1743695847.2414894,0.0,-88.0,359.0,,9.884,0.107,0.147,0.06666666666666667,0.0,-0.0
1743695847.4650593,0.0,-88.0,359.0,,9.884,0.048,0.098,0.06666666666666667,0.0,-0.03333333333333333
1743695847.6892517,0.0,-88.0,359.0,,9.864,0.028,0.127,0.03333333333333333,0.0,-0.0
1743695847.9135396,0.0,-88.0,359.0,,9.874,0.048,0.108,0.03333333333333333,0.0,-0.03333333333333333
1743695848.1378188,0.0,-88.0,359.0,,9.874,0.0,0.088,0.06666666666666667,0.0,-0.03333333333333333
1743695848.360234,0.0,-88.0,359.0,,9.874,0.068,0.137,0.03333333333333333,0.0,-0.0
1743695848.58297,0.0,-88.0,359.0,,9.864,0.028,0.108,0.03333333333333333,0.0,-0.0
1743695848.8076887,0.0,-88.0,360.0,,9.864,0.0,0.108,0.06666666666666667,0.0,-0.0
1743695849.0338447,0.0,-88.0,360.0,,9.874,0.068,0.118,0.03333333333333333,0.0,-0.0
1743695849.2555835,0.0,-89.0,360.0,,9.874,0.058,0.098,0.03333333333333333,0.0,-0.0
1743695849.4777553,0.0,-89.0,360.0,,9.874,0.058,0.118,0.03333333333333333,0.0,-0.0
1743695849.7038226,0.0,-88.0,360.0,,9.884,0.068,0.108,0.03333333333333333,0.0,-0.0
1743695849.934191,0.0,-88.0,1.0,,9.845,-0.226,0.392,-0.3,-0.13333333333333333,-0.16666666666666666
1743695850.156701,-8.0,-87.0,344.0,,9.472,-1.569,2.226,-0.06666666666666667,1.8666666666666667,-1.4
1743695850.3819654,-18.0,-99.0,342.0,,12.434,-3.481,-1.911,-0.1,1.9333333333333333,-1.0666666666666667
1743695850.6054912,-25.0,-134.0,327.0,,4.373,-3.089,-5.824,0.8,2.1,-0.23333333333333334
1743695850.8291376,-21.0,-147.0,326.0,,5.0,-4.031,-8.295,-0.2,1.4,-1.2333333333333334
1743695851.0528347,-29.0,-168.0,328.0,,0.872,-4.295,-8.492,-0.03333333333333333,1.2333333333333334,1.6666666666666667
1743695851.2783306,-33.0,177.0,336.0,,-0.677,-4.933,-8.501,0.4,0.4666666666666667,0.06666666666666667
1743695851.503993,-31.0,164.0,325.0,,-1.971,-3.56,-8.501,0.26666666666666666,0.1,-1.0
1743695851.725499,-30.0,164.0,322.0,,-1.52,-3.972,-9.011,-0.2,0.06666666666666667,-0.3
1743695851.953203,-27.0,168.0,320.0,,-0.716,-3.785,-9.815,0.4,-0.8333333333333334,-0.6
1743695852.1827996,-23.0,-175.0,314.0,,1.941,-2.746,-9.472,-0.03333333333333333,-0.23333333333333334,-1.3666666666666667
1743695852.404623,-25.0,-178.0,309.0,,0.156,-3.413,-9.453,0.4,-0.3,-0.0
1743695852.6289384,-22.0,-175.0,311.0,,-0.235,-2.736,-9.276,0.3,-0.16666666666666666,0.06666666666666667
1743695852.9082944,-18.0,-173.0,313.0,,0.538,-2.354,-9.796,0.06666666666666667,-0.06666666666666667,0.16666666666666666
1743695853.1951675,-16.0,-175.0,312.0,,0.107,-2.01,-9.619,0.1,0.2,-0.23333333333333334
1743695853.4879758,-11.0,-178.0,312.0,,-1.226,-0.559,-9.178,0.16666666666666666,-0.13333333333333333,-0.2
1743695853.7064965,-8.0,-176.0,311.0,,0.009,-0.706,-9.796,0.13333333333333333,0.06666666666666667,-0.03333333333333333
1743695853.9246454,-6.0,-176.0,312.0,,-0.647,0.185,-9.345,0.1,0.03333333333333333,0.06666666666666667
1743695854.1418595,-6.0,-176.0,313.0,,0.087,-0.5,-9.786,0.0,0.2,-0.2
1743695854.3586144,-6.0,-176.0,312.0,,-0.137,-0.422,-9.825,0.1,0.1,-0.2
1743695854.574421,-5.0,-176.0,312.0,,-0.647,-0.265,-9.825,0.0,0.0,-0.3333333333333333
1743695854.7897995,-5.0,-176.0,312.0,,-0.137,-0.412,-9.953,0.03333333333333333,-0.26666666666666666,0.06666666666666667
1743695855.0035717,-4.0,-175.0,312.0,,0.058,-0.196,-9.815,0.0,0.0,-0.0
1743695855.2175307,-4.0,-175.0,312.0,,0.274,-0.324,-9.815,0.03333333333333333,0.06666666666666667,-0.0
1743695855.4305673,-3.0,-176.0,312.0,,0.215,-0.363,-9.864,0.06666666666666667,0.0,-0.03333333333333333
1743695855.643627,-3.0,-176.0,312.0,,0.117,-0.343,-9.825,0.03333333333333333,0.0,-0.1
1743695855.8587437,-2.0,-176.0,312.0,,0.107,-0.294,-9.864,0.03333333333333333,-0.06666666666666667,-0.03333333333333333
1743695856.0747442,-2.0,-176.0,311.0,,0.352,-0.226,-9.825,0.06666666666666667,0.0,-0.1
1743695856.29328,-1.0,-177.0,311.0,,0.548,-0.235,-9.845,0.0,0.0,-0.13333333333333333
1743695856.507553,-2.0,-176.0,311.0,,0.038,-0.167,-9.786,0.0,-0.1,-0.0
1743695856.7242603,-3.0,-175.0,312.0,,0.43,-0.324,-9.864,0.06666666666666667,-0.03333333333333333,0.06666666666666667
1743695856.940597,-2.0,-175.0,312.0,,0.774,-0.343,-9.825,0.06666666666666667,0.0,0.1
1743695857.159788,-2.0,-174.0,312.0,,1.038,-0.304,-9.874,0.06666666666666667,-0.06666666666666667,0.1
1743695857.383958,-2.0,-174.0,312.0,,0.362,-0.118,-9.845,0.06666666666666667,-0.23333333333333334,0.3
1743695857.6039326,-2.0,-173.0,313.0,,0.44,-0.02,-9.757,0.0,-0.03333333333333333,-0.0
1743695857.8219545,-1.0,-174.0,312.0,,0.391,-0.147,-9.845,0.0,0.0,-0.06666666666666667
1743695858.0403903,-1.0,-174.0,312.0,,0.45,-0.02,-9.815,0.03333333333333333,-0.03333333333333333,0.03333333333333333
1743695858.2575688,-1.0,-174.0,312.0,,0.391,-0.01,-9.864,0.13333333333333333,0.13333333333333333,-0.3
1743695858.4773507,-1.0,-174.0,312.0,,0.725,-0.049,-9.825,0.03333333333333333,0.0,0.06666666666666667
1743695858.6933117,-1.0,-174.0,312.0,,0.695,0.019,-9.737,0.0,-0.03333333333333333,-0.06666666666666667
1743695858.9125035,-1.0,-174.0,312.0,,0.548,-0.059,-9.786,0.0,-0.03333333333333333,-0.1
1743695859.1336315,-1.0,-173.0,312.0,,0.784,-0.422,-9.766,0.0,-0.16666666666666666,0.03333333333333333
1743695859.3511543,-3.0,-170.0,313.0,,1.392,-0.471,-9.776,0.0,0.0,0.1
1743695859.5783675,-3.0,-170.0,314.0,,1.323,-0.441,-9.766,0.03333333333333333,0.06666666666666667,-0.06666666666666667
1743695859.8029594,-4.0,-169.0,314.0,,1.088,-0.402,-9.433,0.23333333333333334,-0.1,0.36666666666666664
1743695860.032091,-1.0,-156.0,334.0,,6.314,-0.127,-9.727,0.26666666666666666,-1.4,1.9333333333333333
1743695860.2554927,-1.0,-155.0,330.0,,0.205,1.244,-7.295,-0.9666666666666667,-0.8666666666666667,1.2
1743695860.4821928,-6.0,-110.0,342.0,,9.659,-1.353,-1.764,0.5666666666666667,-4.266666666666667,1.5
1743695860.7064295,-2.0,-86.0,338.0,,10.178,-0.363,1.049,0.4666666666666667,0.0,0.06666666666666667
1743695860.9333,0.0,-91.0,337.0,,9.374,-0.324,-0.176,0.0,-0.06666666666666667,0.06666666666666667
1743695861.1593843,0.0,-90.0,337.0,,9.845,-0.088,0.177,0.06666666666666667,0.0,0.1
1743695861.3849716,-1.0,-92.0,336.0,,9.845,-0.235,0.049,0.1,0.0,-0.03333333333333333
1743695861.6098425,-1.0,-91.0,336.0,,9.953,-0.373,0.01,0.06666666666666667,0.03333333333333333,-0.0
1743695861.8346565,-1.0,-90.0,336.0,,9.796,-0.186,0.029,0.0,0.0,-0.03333333333333333
1743695862.0612035,-1.0,-90.0,336.0,,9.874,-0.343,0.049,0.03333333333333333,0.0,-0.03333333333333333
1743695862.284474,-1.0,-89.0,336.0,,9.943,-0.392,-0.0,0.0,0.0,-0.0
1743695862.509626,-1.0,-89.0,336.0,,9.884,-0.265,0.137,0.03333333333333333,0.0,-0.03333333333333333
1743695862.7355306,-1.0,-89.0,336.0,,9.894,-0.49,0.069,0.03333333333333333,-0.03333333333333333,-0.03333333333333333
1743695862.9618716,-1.0,-88.0,336.0,,9.933,-0.471,0.137,0.03333333333333333,0.0,-0.0
1743695863.1856766,-1.0,-88.0,336.0,,9.972,-0.353,0.167,0.03333333333333333,0.0,-0.0
1743695863.4110646,-1.0,-88.0,336.0,,9.815,-0.353,0.196,0.06666666666666667,0.0,-0.03333333333333333
1743695863.6355236,-1.0,-88.0,336.0,,9.766,-0.422,0.177,0.03333333333333333,0.0,-0.0
1743695863.8587198,-1.0,-88.0,336.0,,9.845,-0.255,0.137,0.03333333333333333,0.03333333333333333,-0.0
1743695864.0854623,-1.0,-90.0,336.0,,11.012,-0.686,-0.47,0.2,0.8333333333333334,-0.23333333333333334
1743695864.3106863,1.0,-174.0,332.0,,1.774,0.381,-7.972,-1.6666666666666667,9.966666666666667,-1.4333333333333333
1743695864.5305493,-6.0,102.0,337.0,,-10.101,-2.069,-1.264,0.8,0.5333333333333333,-1.6
1743695864.7458246,-5.0,87.0,321.0,,-9.552,-0.618,-0.705,0.7,0.43333333333333335,0.03333333333333333
1743695864.962174,0.0,76.0,308.0,,-9.63,-1.039,0.216,-0.13333333333333333,0.36666666666666664,-0.0
1743695865.1785119,4.0,75.0,304.0,,-9.787,-0.902,0.098,0.0,-0.06666666666666667,-0.03333333333333333
1743695865.3901453,6.0,76.0,300.0,,-9.846,-0.755,-0.234,-0.03333333333333333,0.0,-0.0
1743695865.6050706,4.0,81.0,296.0,,-9.865,-0.735,-0.283,0.0,0.0,0.03333333333333333
1743695865.819769,5.0,82.0,293.0,,-9.856,-0.696,-0.44,0.1,-0.03333333333333333,-0.0
1743695866.032834,3.0,85.0,290.0,,-9.826,-0.814,-0.019,0.2,-0.1,-0.06666666666666667
1743695866.252358,5.0,86.0,287.0,,-9.924,-0.686,-0.45,0.06666666666666667,-0.06666666666666667,-0.06666666666666667
1743695866.469541,5.0,86.0,283.0,,-9.885,-0.765,-0.44,0.03333333333333333,-0.03333333333333333,-0.0
1743695866.694163,3.0,89.0,281.0,,-9.983,-0.471,-0.715,0.0,0.06666666666666667,-0.0
1743695866.9147842,0.0,90.0,281.0,,-9.983,-0.598,-0.705,0.06666666666666667,0.0,-0.03333333333333333
1743695867.151778,1.0,90.0,279.0,,-9.846,-0.628,-0.195,0.03333333333333333,0.0,-0.0
1743695867.3718796,0.0,91.0,278.0,,-9.895,-0.539,-0.45,0.0,0.03333333333333333,-0.0
1743695867.59318,3.0,91.0,276.0,,-9.807,-0.657,-0.166,0.06666666666666667,-0.03333333333333333,-0.0
1743695867.8093755,2.0,91.0,275.0,,-9.758,-0.461,-0.126,0.1,0.0,-0.0
1743695868.026389,2.0,92.0,274.0,,-9.934,-0.539,-0.764,0.16666666666666666,-0.03333333333333333,-0.03333333333333333
1743695868.2415383,0.0,92.0,274.0,,-9.905,-0.608,-0.529,0.1,0.0,-0.0
1743695868.4577253,-1.0,92.0,274.0,,-9.905,-0.657,-0.274,0.06666666666666667,-0.03333333333333333,-0.03333333333333333
1743695868.6758068,-1.0,93.0,274.0,,-9.875,-0.657,-0.254,0.06666666666666667,-0.03333333333333333,-0.03333333333333333
1743695868.8942297,-2.0,93.0,274.0,,-9.964,-0.735,-0.274,0.0,-0.03333333333333333,-0.03333333333333333
1743695869.1180584,-2.0,93.0,273.0,,-9.856,-0.657,-0.156,0.03333333333333333,-0.03333333333333333,-0.03333333333333333
1743695869.333856,-2.0,93.0,274.0,,-9.954,-0.618,-0.509,0.06666666666666667,0.0,-0.0
1743695869.5533502,-2.0,93.0,274.0,,-9.895,-0.706,-0.381,0.26666666666666666,-0.1,-0.03333333333333333
1743695869.770276,0.0,93.0,287.0,,-9.434,-1.873,-1.813,5.666666666666667,-1.7,0.4
1743695869.986234,10.0,92.0,332.0,,-8.885,1.941,-1.009,1.4666666666666666,0.43333333333333335,0.26666666666666666
1743695870.2045603,1.0,71.0,359.0,,-9.973,0.038,-0.627,-0.3333333333333333,-0.4,-0.0
1743695870.426846,-4.0,63.0,358.0,,-9.738,0.313,-0.47,-0.16666666666666666,-0.03333333333333333,0.3333333333333333
1743695870.650481,-6.0,57.0,350.0,,-9.954,-0.255,-0.725,0.0,0.0,-0.0
1743695870.8732347,-2.0,63.0,343.0,,-9.856,-0.392,-0.705,0.0,-0.03333333333333333,-0.03333333333333333
1743695871.0947883,0.0,73.0,337.0,,-9.914,-0.059,-0.676,-0.06666666666666667,0.0,-0.0
1743695871.3085296,0.0,86.0,333.0,,-9.934,-0.039,-0.705,0.0,0.0,-0.0
1743695871.5483615,0.0,90.0,332.0,,-9.983,0.009,-0.646,0.03333333333333333,0.0,-0.0
1743695871.8361785,0.0,92.0,331.0,,-10.003,0.019,-0.862,0.03333333333333333,0.0,-0.03333333333333333
1743695872.1245646,0.0,92.0,327.0,,-9.934,-0.324,-0.793,0.0,0.0,-0.03333333333333333
1743695872.3761508,0.0,94.0,326.0,,-9.836,-0.157,-0.823,-0.06666666666666667,-0.06666666666666667,-0.16666666666666666
1743695872.5966542,1.0,95.0,325.0,,-9.944,0.323,-0.97,0.03333333333333333,0.0,-0.03333333333333333
1743695872.8165863,4.0,90.0,310.0,,-9.826,-0.039,-1.068,-0.26666666666666666,-0.2,-0.5333333333333333
1743695873.033553,37.0,118.0,275.0,,-7.355,3.294,-5.569,-0.5333333333333333,-7.266666666666667,-1.8
1743695873.2601967,31.0,-173.0,218.0,,0.45,2.735,-8.511,-1.1666666666666667,-2.9,-2.433333333333333
1743695873.4833686,6.0,-142.0,199.0,,4.559,0.617,-8.639,0.6,-2.1333333333333333,-0.16666666666666666
1743695873.7064314,-14.0,-109.0,220.0,,6.883,-0.53,-6.805,-1.3,-0.9666666666666667,-0.4666666666666667
1743695873.9321992,-11.0,-91.0,246.0,,7.619,-0.686,-5.285,-1.3,-0.9666666666666667,-0.26666666666666666
1743695874.158286,-9.0,-85.0,262.0,,8.374,-1.991,-5.677,0.4666666666666667,0.1,0.23333333333333334
1743695874.380615,-33.0,-70.0,287.0,,5.295,-6.021,-0.617,-1.1666666666666667,1.5333333333333334,-3.533333333333333
1743695874.6063201,-55.0,-43.0,331.0,,1.774,-10.405,-1.235,-0.9666666666666667,-0.6666666666666666,-1.4333333333333333
1743695874.8301983,-52.0,-48.0,313.0,,3.157,-12.131,-0.695,0.8,-0.8,1.2333333333333334
1743695875.0514107,-50.0,-42.0,319.0,,1.725,-9.797,-0.274,0.03333333333333333,-0.13333333333333333,-0.2
1743695875.2739072,-50.0,-42.0,320.0,,1.137,-8.64,-0.126,0.16666666666666666,0.06666666666666667,-0.13333333333333333
1743695875.492533,-53.0,-40.0,321.0,,0.234,-9.699,-0.097,0.03333333333333333,0.0,-0.0
1743695875.71488,-58.0,-41.0,319.0,,0.234,-9.709,-0.058,0.03333333333333333,0.0,-0.0
1743695875.9365551,-64.0,-42.0,318.0,,0.234,-9.709,-0.077,0.03333333333333333,0.0,-0.0
1743695876.1667194,-70.0,-44.0,316.0,,0.234,-9.709,-0.068,0.03333333333333333,0.0,-0.0
1743695876.3846898,-75.0,-45.0,314.0,,0.234,-9.709,-0.058,0.03333333333333333,0.0,-0.0
1743695876.612955,-78.0,-48.0,311.0,,0.234,-9.699,-0.077,0.03333333333333333,0.0,-0.0
1743695876.835058,-81.0,-51.0,308.0,,0.244,-9.699,-0.068,0.03333333333333333,0.0,-0.0
1743695877.0554442,-83.0,-55.0,304.0,,0.225,-9.709,-0.068,0.03333333333333333,0.0,-0.0
1743695877.2769408,-85.0,-60.0,299.0,,0.234,-9.709,-0.058,0.03333333333333333,0.0,-0.0
1743695877.4989583,-86.0,-65.0,294.0,,0.225,-9.709,-0.068,0.03333333333333333,0.0,-0.0
1743695877.715685,-85.0,-68.0,293.0,,0.097,-9.709,-0.46,0.03333333333333333,0.13333333333333333,-0.0
1743695877.9334202,-71.0,-71.0,305.0,,0.185,-9.709,-0.068,0.13333333333333333,-1.0333333333333334,-0.0
1743695878.151725,-41.0,-77.0,297.0,,3.588,-9.346,-0.509,0.4666666666666667,-0.5,2.066666666666667
1743695878.3754961,19.0,-75.0,277.0,,8.433,-0.51,-1.499,0.9333333333333333,-0.16666666666666666,4.366666666666666
1743695878.5998936,68.0,-8.0,213.0,,5.775,8.158,-0.225,0.4,-1.2,3.6333333333333333
1743695878.8199494,60.0,47.0,153.0,,1.637,10.198,0.304,0.6666666666666666,-0.1,0.7666666666666667
1743695879.0428767,54.0,47.0,152.0,,-0.235,9.678,1.089,-0.13333333333333333,0.16666666666666666,-0.0
1743695879.2655952,57.0,49.0,151.0,,0.146,9.717,0.078,0.03333333333333333,0.0,-0.0
1743695879.487736,64.0,47.0,151.0,,0.156,9.717,0.088,0.03333333333333333,0.0,-0.0
1743695879.7033093,71.0,45.0,152.0,,0.146,9.708,0.098,0.03333333333333333,0.0,-0.0
1743695879.9214911,76.0,44.0,153.0,,0.166,9.698,0.078,0.03333333333333333,0.0,-0.0
1743695880.139948,80.0,42.0,154.0,,0.146,9.717,0.088,0.03333333333333333,0.0,-0.0
1743695880.3576057,83.0,39.0,157.0,,0.156,9.708,0.098,0.03333333333333333,0.0,-0.0
1743695880.5751493,85.0,36.0,160.0,,0.156,9.717,0.098,0.03333333333333333,0.0,-0.0
1743695880.7930918,86.0,31.0,165.0,,0.156,9.708,0.078,0.03333333333333333,0.0,-0.0
1743695881.0128474,87.0,25.0,171.0,,0.146,9.717,0.088,0.03333333333333333,0.0,-0.0
1743695881.231466,88.0,17.0,179.0,,0.156,9.708,0.078,0.03333333333333333,0.0,-0.0
1743695881.4488182,88.0,5.0,191.0,,0.146,9.717,0.078,0.03333333333333333,0.0,-0.0
1743695881.6660626,89.0,-5.0,202.0,,0.146,9.708,0.078,0.03333333333333333,0.0,-0.0
1743695881.8845062,89.0,-17.0,214.0,,0.146,9.708,0.078,0.03333333333333333,0.0,-0.0
1743695882.1002953,89.0,-27.0,224.0,,0.156,9.708,0.078,0.03333333333333333,0.0,-0.0
1743695882.3755398,89.0,-37.0,234.0,,0.146,9.708,0.088,0.03333333333333333,0.0,-0.0
1743695882.6852632,89.0,-44.0,241.0,,0.146,9.708,0.088,0.03333333333333333,0.0,-0.0
1743695883.0293877,87.0,6.0,200.0,,-0.059,9.913,0.029,-0.23333333333333334,-0.13333333333333333,-0.1
1743695883.3123815,83.0,4.0,222.0,,0.891,9.845,-0.509,-0.1,0.0,-0.3
1743695883.6000588,85.0,-15.0,247.0,,0.764,9.56,-0.705,-0.06666666666666667,-0.1,-0.06666666666666667
1743695883.9175265,84.0,-51.0,290.0,,1.156,9.659,-0.98,-0.16666666666666666,-0.13333333333333333,-0.26666666666666666
1743695884.2224228,73.0,-96.0,340.0,,3.412,9.021,-2.255,-0.5333333333333333,0.23333333333333334,-1.2666666666666666
1743695884.5257134,55.0,-106.0,346.0,,5.657,7.021,-3.216,0.1,0.16666666666666666,-0.4
1743695884.822566,45.0,-102.0,337.0,,6.854,6.952,-3.137,0.26666666666666666,0.03333333333333333,-0.8666666666666667
1743695885.0452852,31.0,-101.0,327.0,,7.923,6.56,-3.402,0.36666666666666664,0.4666666666666667,-0.6333333333333333
1743695885.261689,30.0,-102.0,324.0,,7.697,5.569,-3.108,-0.1,-0.13333333333333333,0.1
1743695885.4775956,24.0,-97.0,316.0,,8.031,4.677,-3.157,1.8666666666666667,0.2,-2.533333333333333
1743695885.7014644,-6.0,-97.0,298.0,,10.002,-1.765,-2.255,0.7666666666666667,1.2666666666666666,-2.8333333333333335
1743695885.9208546,-7.0,-102.0,257.0,,9.815,-0.716,-2.902,0.26666666666666666,1.9,-3.466666666666667
1743695886.1380882,-14.0,-123.0,251.0,,7.658,-0.275,-4.736,0.13333333333333333,0.6333333333333333,-1.5333333333333334
1743695886.3639338,-27.0,-127.0,246.0,,7.177,-2.344,-7.511,1.8666666666666667,0.1,-0.26666666666666666
1743695886.5915604,-14.0,-130.0,239.0,,6.834,-0.588,-5.304,0.5333333333333333,0.26666666666666666,0.2
1743695886.824343,-16.0,-125.0,242.0,,6.148,-0.412,-7.275,0.4666666666666667,-0.13333333333333333,-0.06666666666666667
1743695887.0548885,-13.0,-123.0,246.0,,6.118,-0.775,-7.521,0.06666666666666667,0.23333333333333334,0.06666666666666667
1743695887.2865045,-12.0,-122.0,250.0,,5.589,-0.647,-7.785,-0.1,0.03333333333333333,-0.03333333333333333
1743695887.5100555,-11.0,-120.0,252.0,,5.569,-0.481,-8.05,0.0,0.03333333333333333,-0.03333333333333333
1743695887.7448907,-11.0,-120.0,255.0,,6.167,-0.637,-7.893,-0.03333333333333333,-0.03333333333333333,-0.4666666666666667
1743695888.0369008,-16.0,-114.0,247.0,,6.422,-1.461,-7.766,0.6333333333333333,0.3,-1.4333333333333333
1743695888.2647967,-18.0,-116.0,244.0,,6.648,-1.108,-7.962,0.0,0.2,-0.0
1743695888.4868643,-21.0,-111.0,242.0,,5.569,-1.628,-7.854,0.2,0.8333333333333334,0.5333333333333333
1743695888.7091224,-19.0,-110.0,248.0,,7.138,-1.824,-6.991,-0.23333333333333334,0.0,-0.06666666666666667
1743695888.9303353,-18.0,-112.0,252.0,,6.354,-2.157,-7.119,0.26666666666666666,0.0,-0.3333333333333333
1743695889.1496243,-17.0,-116.0,254.0,,6.971,-2.128,-6.815,0.3,0.0,-0.16666666666666666
1743695889.3731718,-17.0,-119.0,255.0,,6.432,-2.167,-7.315,0.06666666666666667,-0.03333333333333333,-0.03333333333333333
1743695889.5979311,-16.0,-124.0,256.0,,6.422,-2.167,-7.266,0.0,0.06666666666666667,-0.0
1743695889.8336947,-15.0,-129.0,257.0,,6.324,-2.138,-7.344,0.1,0.06666666666666667,-0.0
1743695890.0569775,-14.0,-131.0,260.0,,6.314,-2.501,-7.021,0.13333333333333333,-0.03333333333333333,-0.06666666666666667
1743695890.2793956,-14.0,-131.0,264.0,,6.089,-2.53,-7.168,0.0,-0.1,-0.03333333333333333
1743695890.5020795,-14.0,-132.0,265.0,,6.207,-2.295,-7.168,0.13333333333333333,0.06666666666666667,0.03333333333333333
1743695890.7266734,-15.0,-131.0,270.0,,6.383,-2.305,-7.138,0.03333333333333333,-0.1,-0.03333333333333333
1743695891.0128365,-14.0,-132.0,271.0,,6.177,-2.256,-7.678,0.06666666666666667,0.06666666666666667,0.03333333333333333
1743695891.3070877,-15.0,-133.0,273.0,,6.158,-2.501,-6.873,0.0,0.03333333333333333,0.06666666666666667
1743695891.6011527,-14.0,-134.0,274.0,,6.736,-2.138,-7.58,0.06666666666666667,-0.03333333333333333,-0.0
1743695891.8249137,-14.0,-134.0,275.0,,6.265,-2.324,-7.315,0.0,0.03333333333333333,-0.0
1743695892.0484972,-13.0,-135.0,275.0,,6.462,-2.275,-7.246,0.0,-0.03333333333333333,0.06666666666666667
1743695892.2754822,-13.0,-136.0,275.0,,6.589,-2.275,-7.06,-0.03333333333333333,0.03333333333333333,-0.0
1743695892.4974856,-13.0,-136.0,276.0,,6.246,-2.393,-7.275,0.03333333333333333,-0.1,-0.06666666666666667
1743695892.7220473,-13.0,-136.0,276.0,,6.216,-2.481,-7.236,0.1,0.03333333333333333,-0.0
1743695892.9449236,-13.0,-136.0,277.0,,6.491,-2.471,-7.275,0.03333333333333333,0.0,-0.0
1743695893.1640244,-13.0,-137.0,277.0,,6.363,-2.216,-7.246,0.0,0.03333333333333333,-0.0
1743695893.3814769,-13.0,-137.0,277.0,,6.638,-2.246,-7.236,-0.1,-0.06666666666666667,0.06666666666666667
1743695893.5987473,-14.0,-136.0,279.0,,6.422,-2.638,-6.815,-0.06666666666666667,0.0,0.03333333333333333
1743695893.8158143,-14.0,-136.0,279.0,,6.462,-2.334,-7.246,0.0,0.06666666666666667,0.03333333333333333
1743695894.040024,-15.0,-137.0,284.0,,6.491,-2.373,-6.922,-0.3333333333333333,0.23333333333333334,0.36666666666666664
1743695894.2644212,-12.0,-141.0,298.0,,6.707,-1.402,-6.824,0.16666666666666666,1.1666666666666667,1.6
1743695894.4846509,-10.0,-146.0,305.0,,4.716,-0.853,-8.903,0.5333333333333333,0.0,0.5
1743695894.7012804,-9.0,-145.0,305.0,,5.618,-0.618,-8.011,0.16666666666666666,0.13333333333333333,0.2
1743695894.9212565,-7.0,-143.0,302.0,,5.736,-0.265,-7.697,0.16666666666666666,-0.1,-0.0
1743695895.1414337,-5.0,-142.0,301.0,,5.991,0.087,-7.825,0.13333333333333333,-0.03333333333333333,-0.03333333333333333
1743695895.3596153,-3.0,-143.0,301.0,,5.991,0.097,-7.893,-0.1,0.26666666666666666,-0.06666666666666667
1743695895.5792513,-5.0,-146.0,302.0,,5.118,-0.069,-8.393,-0.7333333333333333,0.4,0.16666666666666666
1743695895.7991214,-25.0,-144.0,312.0,,5.304,-1.922,-7.364,-0.23333333333333334,-0.4666666666666667,1.0
1743695896.0246532,-22.0,-140.0,320.0,,7.511,-5.109,-6.236,-1.1333333333333333,-2.6333333333333333,-1.8333333333333333
1743695896.2559664,-21.0,-137.0,316.0,,7.148,-1.775,-6.491,0.0,-0.2,-0.23333333333333334
1743695896.4858713,-20.0,-137.0,316.0,,6.677,-1.196,-6.991,-0.16666666666666666,0.23333333333333334,0.43333333333333335
1743695896.717853,-21.0,-137.0,315.0,,7.04,-1.726,-7.021,0.43333333333333335,-0.06666666666666667,0.3333333333333333
1743695896.9450634,-21.0,-136.0,316.0,,6.903,-2.206,-6.569,0.23333333333333334,0.03333333333333333,-0.06666666666666667
1743695897.1684287,-20.0,-136.0,316.0,,6.511,-1.971,-6.638,0.36666666666666664,0.16666666666666666,-0.3333333333333333
1743695897.3929284,-21.0,-137.0,316.0,,6.717,-2.128,-6.775,0.16666666666666666,0.6,0.26666666666666666
1743695897.6245613,-21.0,-138.0,313.0,,6.854,-2.02,-7.295,0.7666666666666667,0.2,-0.7
1743695897.8533254,-16.0,-146.0,304.0,SINGLE_TAP,5.903,-1.53,-8.188,0.4,0.1,-0.0
1743695898.0785375,-12.0,-150.0,302.0,,5.03,-0.834,-8.472,0.5333333333333333,0.4,-0.1
1743695898.2973385,-8.0,-152.0,299.0,,4.451,-0.216,-8.619,0.36666666666666664,-0.06666666666666667,-0.06666666666666667
1743695898.523635,-5.0,-152.0,296.0,,4.343,0.332,-8.521,0.36666666666666664,-0.16666666666666666,-0.16666666666666666
1743695898.7435286,-5.0,-148.0,296.0,,4.794,0.028,-8.482,-0.5,-0.5333333333333333,-0.0
1743695898.9616077,-8.0,-131.0,302.0,,7.834,-2.069,-7.04,2.2,-2.8,0.6333333333333333
1743695899.1764934,7.0,-111.0,296.0,,6.815,1.548,-1.921,1.6333333333333333,-1.5666666666666667,1.4666666666666666
1743695899.394069,42.0,-70.0,257.0,,8.276,8.982,-0.489,-1.0,0.43333333333333335,0.8666666666666667
1743695899.609895,59.0,-60.0,266.0,,4.118,8.776,0.618,0.9333333333333333,-2.066666666666667,-0.3
1743695899.828681,51.0,-32.0,258.0,,4.647,9.59,3.893,1.6,-1.1333333333333333,-0.8
1743695900.046107,60.0,-19.0,254.0,,1.529,8.197,2.501,0.3333333333333333,-0.6333333333333333,1.2666666666666666
1743695900.2634532,57.0,-5.0,241.0,,0.087,8.874,4.04,-0.26666666666666666,-0.03333333333333333,-0.03333333333333333
1743695900.5037098,62.0,-6.0,241.0,,-0.02,9.158,3.246,-0.7,0.26666666666666666,0.1
1743695900.7332056,66.0,-17.0,242.0,,0.234,9.256,2.579,-0.6666666666666666,0.3,-0.03333333333333333
1743695900.9638178,69.0,-24.0,242.0,,-0.785,9.001,1.353,-2.1666666666666665,-0.5333333333333333,-0.2
1743695901.192588,77.0,-57.0,278.0,,0.156,9.727,0.118,0.03333333333333333,0.0,-0.0
1743695901.415479,79.0,-56.0,277.0,,0.342,9.747,-0.166,0.03333333333333333,-0.03333333333333333,-0.0
1743695901.638816,80.0,-58.0,279.0,,0.185,9.727,0.098,0.03333333333333333,0.0,-0.0
1743695901.8600688,83.0,-57.0,279.0,,0.176,9.708,0.088,0.03333333333333333,0.0,-0.0
1743695902.0815475,84.0,-57.0,278.0,,0.176,9.708,0.098,0.03333333333333333,0.0,-0.0
1743695902.3043957,85.0,-57.0,278.0,,0.048,9.864,0.294,0.03333333333333333,0.0,-0.0
1743695902.5235913,86.0,-56.0,277.0,,0.234,9.727,0.078,0.03333333333333333,0.0,-0.0
1743695902.7492337,87.0,-54.0,274.0,,0.097,9.56,-0.068,0.06666666666666667,0.0,-0.0
1743695902.9755726,87.0,-52.0,273.0,,0.215,9.717,0.118,0.03333333333333333,0.0,-0.0
1743695903.2121887,88.0,-52.0,273.0,,0.195,9.717,0.098,0.03333333333333333,0.0,-0.0
1743695903.494021,88.0,-52.0,273.0,,0.205,9.717,0.108,0.03333333333333333,0.0,-0.0
1743695903.7834687,88.0,-52.0,273.0,,0.176,9.708,0.118,0.03333333333333333,0.0,-0.0
1743695904.0653677,88.0,-52.0,273.0,,0.185,9.708,0.108,0.03333333333333333,0.0,-0.0
1743695904.3440318,89.0,-53.0,273.0,,0.176,9.708,0.108,0.03333333333333333,0.0,-0.0
1743695904.591074,89.0,-53.0,274.0,,0.176,9.717,0.108,0.03333333333333333,0.0,-0.0
1743695904.827125,89.0,-53.0,274.0,,0.176,9.708,0.108,0.03333333333333333,0.0,-0.0
1743695905.1391253,89.0,-53.0,274.0,,0.185,9.708,0.108,0.03333333333333333,0.0,-0.0
1743695905.3458014,89.0,-53.0,274.0,,0.176,9.698,0.108,0.03333333333333333,0.0,-0.0
1743695905.6474133,89.0,-54.0,275.0,,0.176,9.708,0.108,0.03333333333333333,0.0,-0.0
1743695905.8326142,89.0,-54.0,275.0,,0.176,9.698,0.118,0.03333333333333333,0.0,-0.0
1743695906.0180476,89.0,-54.0,275.0,,0.176,9.717,0.118,0.03333333333333333,0.0,-0.0
1743695906.1953108,89.0,-54.0,275.0,,0.185,9.708,0.108,0.03333333333333333,0.0,-0.0
1743695906.3512,89.0,-54.0,275.0,,0.185,9.717,0.108,0.03333333333333333,0.0,-0.0
1743695906.528852,89.0,-55.0,275.0,,0.185,9.717,0.098,0.03333333333333333,0.0,-0.0
1743695906.734356,89.0,-55.0,276.0,,0.176,9.717,0.108,0.03333333333333333,0.0,-0.0
1743695906.9335363,89.0,-55.0,276.0,,0.166,9.708,0.108,0.03333333333333333,0.0,-0.0
1743695907.1152182,89.0,-55.0,276.0,,0.166,9.717,0.118,0.03333333333333333,0.0,-0.0
1743695907.3159413,89.0,-55.0,276.0,,0.166,9.717,0.108,0.03333333333333333,0.0,-0.0
1743695907.494332,89.0,-55.0,276.0,,0.185,9.717,0.118,0.03333333333333333,0.0,-0.0
1743695907.7157373,89.0,-55.0,276.0,,0.176,9.708,0.108,0.03333333333333333,0.0,-0.0
1743695907.9362304,89.0,-55.0,276.0,,0.185,9.717,0.108,0.03333333333333333,0.0,-0.0
1743695908.1467314,89.0,-55.0,276.0,,0.176,9.708,0.108,0.03333333333333333,0.0,-0.0
1743695908.3287208,89.0,-56.0,277.0,,0.205,9.698,0.088,0.03333333333333333,0.0,-0.0
1743695908.5305405,89.0,-58.0,279.0,,0.156,9.678,0.098,0.03333333333333333,0.0,-0.0
1743695908.7085652,89.0,-59.0,280.0,,0.136,9.688,0.069,0.03333333333333333,0.0,-0.0
1743695908.8788114,89.0,-60.0,280.0,,0.126,9.717,0.108,0.03333333333333333,0.0,-0.0
1743695909.0244198,89.0,-59.0,280.0,,0.136,9.678,0.078,0.03333333333333333,0.0,-0.0
1743695909.170396,89.0,-59.0,280.0,,0.176,9.708,0.078,0.03333333333333333,0.0,-0.0
1743695909.3139029,89.0,-58.0,279.0,,0.234,9.698,0.069,0.03333333333333333,0.0,-0.0
1743695909.458301,89.0,-59.0,279.0,,0.205,9.717,0.098,0.03333333333333333,0.0,-0.0
1743695909.6131792,89.0,-59.0,279.0,,0.195,9.708,0.088,0.03333333333333333,0.0,-0.0
1743695909.786537,89.0,-58.0,279.0,,0.176,9.708,0.108,0.03333333333333333,0.0,-0.0
1743695910.005019,89.0,-58.0,279.0,,0.166,9.727,0.118,0.03333333333333333,0.0,-0.0
1743695910.18271,89.0,-58.0,279.0,,0.156,9.708,0.098,0.03333333333333333,0.0,-0.0
1743695910.372017,89.0,-58.0,279.0,,0.176,9.717,0.098,0.03333333333333333,0.0,-0.0
1743695910.6075714,89.0,-58.0,279.0,,0.185,9.708,0.078,0.03333333333333333,0.0,-0.0
1743695910.8187656,89.0,-58.0,279.0,,0.176,9.717,0.098,0.03333333333333333,0.0,-0.0
1743695911.043542,89.0,-58.0,279.0,,0.176,9.717,0.098,0.03333333333333333,0.0,-0.0
1743695911.2649617,89.0,-58.0,279.0,,0.166,9.708,0.098,0.03333333333333333,0.0,-0.0
1743695911.4668329,89.0,-58.0,279.0,,0.166,9.717,0.098,0.03333333333333333,0.0,-0.0
1743695911.6519578,89.0,-58.0,279.0,,0.176,9.717,0.098,0.03333333333333333,0.0,-0.0
1743695911.855868,89.0,-59.0,279.0,,0.166,9.717,0.108,0.03333333333333333,0.0,-0.0
1743695912.0074532,89.0,-59.0,279.0,,0.176,9.708,0.088,0.03333333333333333,0.0,-0.0
1743695912.1766481,89.0,-59.0,279.0,,0.176,9.717,0.098,0.03333333333333333,0.0,-0.0
1743695912.3268309,89.0,-59.0,279.0,,0.176,9.708,0.098,0.03333333333333333,0.0,-0.0
1743695912.4723115,89.0,-59.0,279.0,,0.176,9.717,0.098,0.03333333333333333,0.0,-0.0
1743695912.6175375,89.0,-59.0,279.0,,0.176,9.708,0.098,0.03333333333333333,0.0,-0.0
1743695912.763972,89.0,-59.0,279.0,,0.166,9.708,0.088,0.03333333333333333,0.0,-0.0
1743695912.9087665,89.0,-59.0,279.0,,0.176,9.708,0.098,0.03333333333333333,0.0,-0.0
1743695913.049336,89.0,-59.0,279.0,,0.185,9.717,0.098,0.03333333333333333,0.0,-0.0
1743695913.1931908,89.0,-59.0,279.0,,0.176,9.717,0.098,0.03333333333333333,0.0,-0.0
1743695913.33625,89.0,-59.0,280.0,,0.176,9.717,0.098,0.03333333333333333,0.0,-0.0
1743695913.4780638,89.0,-59.0,280.0,,0.176,9.717,0.108,0.03333333333333333,0.0,-0.0
1743695913.621309,89.0,-59.0,279.0,,0.185,9.717,0.098,0.03333333333333333,0.0,-0.0
1743695913.764641,89.0,-59.0,279.0,,0.176,9.708,0.098,0.03333333333333333,0.0,-0.0
1743695913.9102957,89.0,-59.0,279.0,,0.176,9.717,0.088,0.03333333333333333,0.0,-0.0
1743695914.115905,89.0,-59.0,279.0,,0.176,9.708,0.088,0.03333333333333333,0.0,-0.0
1743695914.295604,89.0,-59.0,280.0,,0.185,9.727,0.108,0.03333333333333333,0.0,-0.0
1743695914.4966803,89.0,-59.0,280.0,,0.166,9.708,0.098,0.03333333333333333,0.0,-0.0
1743695914.691647,89.0,-59.0,280.0,,0.176,9.717,0.098,0.03333333333333333,0.0,-0.0
1743695914.9759116,89.0,-59.0,280.0,,0.195,9.737,0.108,0.03333333333333333,0.0,-0.0
1743695915.4569192,89.0,-59.0,280.0,,0.166,9.717,0.098,0.03333333333333333,0.0,-0.0
1743695915.7488244,89.0,-59.0,280.0,,0.166,9.717,0.098,0.03333333333333333,0.0,-0.0
1743695916.0086877,89.0,-59.0,280.0,,0.176,9.708,0.098,0.03333333333333333,0.0,-0.0
1743695916.2572002,89.0,-59.0,280.0,,0.166,9.717,0.098,0.03333333333333333,0.0,-0.0
1743695916.498159,89.0,-59.0,280.0,,0.166,9.708,0.098,0.03333333333333333,0.0,-0.0
1743695916.7079043,89.0,-59.0,280.0,,0.176,9.717,0.098,0.03333333333333333,0.0,-0.0
1743695916.9076493,89.0,-59.0,280.0,,0.176,9.717,0.088,0.03333333333333333,0.0,-0.0
1743695917.1336417,89.0,-59.0,280.0,,0.176,9.717,0.098,0.03333333333333333,0.0,-0.0
1743695917.3329806,89.0,-59.0,280.0,,0.195,9.708,0.088,0.03333333333333333,0.0,-0.0
1743695917.5301125,89.0,-60.0,280.0,,0.176,9.717,0.098,0.03333333333333333,0.0,-0.0
1743695917.783349,89.0,-60.0,280.0,,0.185,9.717,0.098,0.03333333333333333,0.0,-0.0
1743695917.980787,89.0,-60.0,280.0,,0.166,9.717,0.098,0.03333333333333333,0.0,-0.0
1743695918.1764247,89.0,-60.0,280.0,,0.166,9.727,0.098,0.03333333333333333,0.0,-0.0
1743695918.3215988,89.0,-60.0,280.0,,0.176,9.708,0.098,0.03333333333333333,0.0,-0.0
1743695918.4634478,89.0,-60.0,280.0,,0.176,9.717,0.108,0.03333333333333333,0.0,-0.0
1743695918.6304553,89.0,-60.0,280.0,,0.166,9.708,0.098,0.03333333333333333,0.0,-0.0
1743695918.839923,89.0,-60.0,280.0,,0.195,9.717,0.098,0.03333333333333333,0.0,-0.0
1743695919.0333972,89.0,-60.0,280.0,,0.176,9.717,0.098,0.03333333333333333,0.0,-0.0
1743695919.1775024,89.0,-60.0,280.0,,0.176,9.708,0.088,0.03333333333333333,0.0,-0.0
1743695919.347119,89.0,-60.0,280.0,,0.176,9.717,0.098,0.03333333333333333,0.0,-0.0
1743695919.5007505,89.0,-60.0,280.0,,0.185,9.717,0.088,0.03333333333333333,0.0,-0.0
1743695919.6668518,89.0,-60.0,280.0,,0.166,9.717,0.098,0.03333333333333333,0.0,-0.0
1743695919.8334482,89.0,-60.0,281.0,,0.176,9.708,0.098,0.03333333333333333,0.0,-0.0
1743695919.983538,89.0,-60.0,281.0,,0.176,9.717,0.088,0.03333333333333333,0.0,-0.0
1743695920.1409023,89.0,-60.0,281.0,,0.176,9.717,0.088,0.03333333333333333,0.0,-0.0
1743695920.2847843,89.0,-60.0,281.0,,0.156,9.717,0.108,0.03333333333333333,0.0,-0.0
1743695920.4575977,89.0,-60.0,280.0,,0.176,9.717,0.098,0.03333333333333333,0.0,-0.0
1743695920.662767,89.0,-60.0,281.0,,0.225,9.678,0.029,0.03333333333333333,0.0,-0.0
1743695920.8412976,89.0,-62.0,283.0,,0.234,9.698,0.059,0.03333333333333333,0.0,-0.0
1743695921.0234187,89.0,-62.0,283.0,,0.195,9.668,0.088,0.03333333333333333,0.0,-0.0
1743695921.2002563,89.0,-63.0,283.0,,0.156,9.717,0.088,0.03333333333333333,0.0,-0.0
1743695921.3619366,89.0,-62.0,283.0,,0.166,9.737,0.098,0.03333333333333333,0.0,-0.0
1743695921.5069487,89.0,-62.0,282.0,,0.185,9.688,0.078,0.03333333333333333,0.0,-0.0
1743695921.6540303,89.0,-59.0,280.0,,0.185,9.708,0.088,0.03333333333333333,0.0,-0.0
1743695921.7997983,89.0,-58.0,279.0,,0.205,9.717,0.098,0.06666666666666667,0.0,-0.0
1743695922.04849,89.0,-57.0,277.0,,0.126,9.698,0.108,0.03333333333333333,0.0,-0.0
1743695922.2625964,89.0,-57.0,277.0,,0.225,9.717,0.088,0.03333333333333333,0.0,-0.0
1743695922.454647,89.0,-58.0,278.0,,0.146,9.698,0.098,0.03333333333333333,0.0,-0.0
1743695922.5987499,89.0,-57.0,278.0,,0.136,9.708,0.108,0.03333333333333333,0.0,-0.0
1743695922.75568,89.0,-57.0,278.0,,0.136,9.717,0.137,0.03333333333333333,0.0,-0.0
1743695922.9003613,89.0,-57.0,278.0,,0.156,9.717,0.127,0.03333333333333333,0.0,-0.0
1743695923.1403348,89.0,-57.0,278.0,,0.176,9.708,0.118,0.03333333333333333,0.0,-0.0
1743695923.2864912,89.0,-57.0,278.0,,0.176,9.708,0.108,0.03333333333333333,0.0,-0.0
1743695923.4432,89.0,-57.0,278.0,,0.195,9.717,0.118,0.03333333333333333,0.0,-0.0
1743695923.5995722,89.0,-57.0,278.0,,0.176,9.717,0.098,0.03333333333333333,0.0,-0.0
1743695923.7503707,89.0,-58.0,278.0,,0.176,9.717,0.098,0.03333333333333333,0.0,-0.0
1743695923.904672,89.0,-58.0,278.0,,0.205,9.678,0.108,0.03333333333333333,0.0,-0.0
1743695924.0565069,89.0,-57.0,278.0,,0.156,9.717,0.108,0.03333333333333333,0.0,-0.0
1743695924.202944,89.0,-57.0,278.0,,0.166,9.717,0.108,0.03333333333333333,0.0,-0.0
1743695924.3472366,89.0,-57.0,278.0,,0.176,9.708,0.108,0.03333333333333333,0.0,-0.0
1743695924.4971542,89.0,-57.0,278.0,,0.185,9.717,0.108,0.03333333333333333,0.0,-0.0
1743695924.6433017,89.0,-57.0,277.0,,0.176,9.717,0.108,0.03333333333333333,0.0,-0.0
1743695924.789113,89.0,-57.0,277.0,,0.176,9.708,0.108,0.03333333333333333,0.0,-0.0
1743695924.9387274,89.0,-57.0,277.0,,0.185,9.737,0.127,0.03333333333333333,0.0,-0.0
1743695925.083299,89.0,-57.0,277.0,,0.176,9.727,0.118,0.03333333333333333,0.0,-0.0
1743695925.239962,89.0,-57.0,277.0,,0.185,9.717,0.118,0.03333333333333333,0.0,-0.0
1743695925.3958678,89.0,-57.0,277.0,,0.195,9.708,0.108,0.03333333333333333,0.0,-0.0
1743695925.5388813,89.0,-56.0,277.0,,0.195,9.727,0.118,0.03333333333333333,0.0,-0.0
1743695925.7515938,89.0,-57.0,277.0,,0.156,9.727,0.137,0.03333333333333333,0.0,-0.0
1743695925.9600503,89.0,-56.0,277.0,,0.176,9.717,0.118,0.03333333333333333,0.0,-0.0
1743695926.1631284,89.0,-56.0,277.0,,0.185,9.717,0.118,0.03333333333333333,0.0,-0.0
1743695926.4308345,89.0,-56.0,277.0,,0.185,9.727,0.118,0.03333333333333333,0.0,-0.0
1743695926.6036599,89.0,-56.0,277.0,,0.176,9.717,0.118,0.03333333333333333,0.0,-0.0
1743695926.7464433,89.0,-56.0,277.0,,0.185,9.717,0.118,0.03333333333333333,0.0,-0.0
1743695926.8971632,89.0,-56.0,277.0,,0.185,9.717,0.118,0.03333333333333333,0.0,-0.0
1743695927.0416927,89.0,-56.0,277.0,,0.176,9.708,0.108,0.03333333333333333,0.0,-0.0
1743695927.1863596,89.0,-56.0,277.0,,0.176,9.717,0.108,0.03333333333333333,0.0,-0.0
1743695927.3414857,89.0,-56.0,277.0,,0.195,9.708,0.118,0.03333333333333333,0.0,-0.0
1743695927.517567,89.0,-56.0,277.0,,0.185,9.698,0.118,0.03333333333333333,0.0,-0.0
1743695927.711597,89.0,-56.0,277.0,,0.166,9.717,0.118,0.03333333333333333,0.0,-0.0
1743695927.907785,89.0,-56.0,276.0,,0.185,9.727,0.118,0.03333333333333333,0.0,-0.0
1743695928.0942137,89.0,-56.0,276.0,,0.185,9.717,0.118,0.03333333333333333,0.0,-0.0
1743695928.2678802,89.0,-56.0,276.0,,0.205,9.708,0.108,0.03333333333333333,0.0,-0.0
1743695928.420622,89.0,-56.0,277.0,,0.195,9.708,0.098,0.03333333333333333,0.0,-0.0
1743695928.5762103,89.0,-56.0,277.0,,0.185,9.717,0.108,0.03333333333333333,0.0,-0.0
1743695928.7394636,89.0,-56.0,277.0,,0.185,9.717,0.108,0.03333333333333333,0.0,-0.0
1743695928.8873808,89.0,-56.0,276.0,,0.176,9.717,0.108,0.03333333333333333,0.0,-0.0
1743695929.030111,89.0,-56.0,276.0,,0.185,9.717,0.118,0.03333333333333333,0.0,-0.0
1743695929.1818976,89.0,-56.0,276.0,,0.156,9.708,0.108,0.03333333333333333,0.0,-0.0
1743695929.3242426,89.0,-56.0,276.0,,0.176,9.717,0.127,0.03333333333333333,0.0,-0.0
1743695929.4674463,89.0,-56.0,276.0,,0.176,9.717,0.118,0.03333333333333333,0.0,-0.0
1743695929.610613,89.0,-56.0,277.0,,0.185,9.717,0.108,0.03333333333333333,0.0,-0.0
1743695929.7615519,89.0,-56.0,276.0,,0.176,9.717,0.118,0.03333333333333333,0.0,-0.0
1743695929.9048846,89.0,-56.0,277.0,,0.185,9.727,0.118,0.03333333333333333,0.0,-0.0
1743695930.0464368,89.0,-56.0,277.0,,0.176,9.717,0.118,0.03333333333333333,0.0,-0.0
1743695930.197765,89.0,-56.0,277.0,,0.176,9.717,0.108,0.03333333333333333,0.0,-0.0
1743695930.3404071,89.0,-56.0,277.0,,0.176,9.708,0.118,0.03333333333333333,0.0,-0.0
1743695930.4822557,89.0,-57.0,277.0,,0.176,9.717,0.127,0.03333333333333333,0.0,-0.0
1743695930.6396208,89.0,-57.0,277.0,,0.176,9.727,0.118,0.03333333333333333,0.0,-0.0
1743695930.7849638,89.0,-57.0,277.0,,0.176,9.688,0.098,0.03333333333333333,0.0,-0.0
1743695930.997509,89.0,-57.0,277.0,,0.205,9.708,0.098,0.03333333333333333,0.0,-0.0
1743695931.1595528,89.0,-57.0,278.0,,0.166,9.708,0.118,0.03333333333333333,0.0,-0.0
1743695931.311793,89.0,-57.0,277.0,,0.176,9.737,0.118,0.03333333333333333,0.0,-0.0
1743695931.4597728,89.0,-57.0,277.0,,0.185,9.717,0.118,0.03333333333333333,0.0,-0.0
1743695931.6114013,89.0,-57.0,277.0,,0.166,9.727,0.118,0.03333333333333333,0.0,-0.0
1743695931.7638807,89.0,-57.0,277.0,,0.215,9.717,0.088,0.03333333333333333,0.0,-0.0
1743695931.920062,89.0,-56.0,277.0,,0.234,9.727,0.118,0.03333333333333333,0.0,-0.0
1743695932.066079,89.0,-56.0,277.0,,0.195,9.708,0.108,0.03333333333333333,0.0,-0.0
1743695932.2329776,89.0,-57.0,277.0,,0.176,9.737,0.147,0.03333333333333333,0.0,-0.0
1743695932.3799052,89.0,-56.0,277.0,,0.195,9.717,0.118,0.03333333333333333,0.0,-0.0
1743695932.5248144,89.0,-56.0,277.0,,0.176,9.717,0.118,0.03333333333333333,0.0,-0.0
1743695932.6712606,89.0,-56.0,277.0,,0.176,9.717,0.108,0.03333333333333333,0.0,-0.0
1743695932.8254387,89.0,-56.0,277.0,,0.185,9.717,0.108,0.03333333333333333,0.0,-0.0
1743695932.9695377,89.0,-56.0,277.0,,0.185,9.708,0.108,0.03333333333333333,0.0,-0.0
1743695933.1117976,89.0,-56.0,277.0,,0.176,9.717,0.118,0.03333333333333333,0.0,-0.0
1743695933.2627513,89.0,-56.0,277.0,,0.185,9.717,0.127,0.03333333333333333,0.0,-0.0
1743695933.4055662,89.0,-56.0,277.0,,0.176,9.717,0.118,0.03333333333333333,0.0,-0.0
1743695933.5490608,89.0,-56.0,277.0,,0.176,9.717,0.118,0.03333333333333333,0.0,-0.0
1743695933.6946552,89.0,-56.0,277.0,,0.176,9.717,0.118,0.03333333333333333,0.0,-0.0
1743695933.8457026,89.0,-56.0,277.0,,0.185,9.708,0.098,0.03333333333333333,0.0,-0.0
1743695933.993033,89.0,-56.0,277.0,,0.185,9.717,0.098,0.03333333333333333,0.0,-0.0
1743695934.1407092,89.0,-56.0,277.0,,0.176,9.708,0.118,0.03333333333333333,0.0,-0.0
1743695934.2902224,89.0,-56.0,277.0,,0.176,9.717,0.108,0.03333333333333333,0.0,-0.0
1743695934.4331203,89.0,-56.0,277.0,,0.185,9.717,0.108,0.03333333333333333,0.0,-0.0
1743695934.5763695,89.0,-56.0,277.0,,0.176,9.708,0.108,0.03333333333333333,0.0,-0.0
1743695934.7279477,89.0,-56.0,277.0,,0.185,9.708,0.118,0.03333333333333333,0.0,-0.0
1743695934.8727016,89.0,-56.0,277.0,,0.185,9.727,0.108,0.03333333333333333,0.0,-0.0
1743695935.0174563,89.0,-57.0,277.0,,0.166,9.717,0.118,0.03333333333333333,0.0,-0.0
1743695935.1615424,89.0,-56.0,277.0,,0.195,9.717,0.118,0.03333333333333333,0.0,-0.0
1743695935.3109527,89.0,-56.0,277.0,,0.176,9.659,0.078,0.03333333333333333,0.0,-0.0
1743695935.4521248,89.0,-53.0,274.0,,0.225,9.659,0.422,0.03333333333333333,0.0,-0.0
1743695935.596793,88.0,-53.0,270.0,,0.587,10.806,0.785,0.0,0.0,-0.0
1743695935.750091,87.0,-61.0,273.0,,0.283,9.462,-0.156,0.06666666666666667,0.0,-0.0
1743695935.8954885,87.0,-59.0,270.0,,0.215,9.717,0.137,0.06666666666666667,0.0,-0.0
1743695936.0382736,87.0,-58.0,269.0,,0.225,9.698,0.118,0.03333333333333333,0.0,-0.0
1743695936.191212,87.0,-58.0,269.0,,0.146,9.717,0.137,0.03333333333333333,0.0,-0.0
1743695936.3418977,88.0,-57.0,269.0,,0.156,9.717,0.127,0.03333333333333333,0.0,-0.0
1743695936.4867857,88.0,-57.0,269.0,,0.166,9.717,0.127,0.03333333333333333,0.0,-0.0
1743695936.6293445,88.0,-56.0,268.0,,0.185,9.708,0.108,0.03333333333333333,0.0,-0.0
1743695936.7939358,88.0,-56.0,268.0,,0.185,9.717,0.127,0.03333333333333333,0.0,-0.0
1743695936.9399996,88.0,-56.0,268.0,,0.205,9.708,0.108,0.03333333333333333,0.0,-0.0
1743695937.0849254,88.0,-56.0,267.0,,0.176,9.708,0.118,0.03333333333333333,0.0,-0.0
1743695937.2384448,88.0,-56.0,267.0,,0.185,9.708,0.108,0.03333333333333333,0.0,-0.0
1743695937.3829536,88.0,-56.0,267.0,,0.195,9.717,0.108,0.03333333333333333,0.0,-0.0
1743695937.5257616,89.0,-56.0,268.0,,0.185,9.717,0.118,0.03333333333333333,0.0,-0.0
1743695937.689756,89.0,-56.0,267.0,,0.176,9.708,0.118,0.03333333333333333,0.0,-0.0
1743695937.8742747,89.0,-56.0,267.0,,0.195,9.727,0.118,0.03333333333333333,0.0,-0.0
1743695938.0190132,89.0,-56.0,267.0,,0.205,9.717,0.108,0.03333333333333333,0.0,-0.0
1743695938.1674716,89.0,-56.0,267.0,,0.156,9.717,0.118,0.03333333333333333,0.0,-0.0
1743695938.3103757,89.0,-56.0,267.0,,0.146,9.708,0.098,0.03333333333333333,0.0,-0.0
1743695938.4586995,89.0,-56.0,268.0,,0.136,9.698,0.137,0.03333333333333333,0.0,-0.0
1743695938.6094086,89.0,-56.0,267.0,,0.225,9.727,0.137,0.03333333333333333,0.0,-0.0
1743695938.7569203,89.0,-55.0,267.0,,0.215,9.668,0.078,0.03333333333333333,0.0,-0.0
1743695938.898688,89.0,-56.0,267.0,,0.176,9.717,0.118,0.03333333333333333,0.0,-0.0
1743695939.0423834,89.0,-56.0,267.0,,0.176,9.717,0.108,0.03333333333333333,0.0,-0.0
1743695939.1963174,89.0,-56.0,267.0,,0.185,9.698,0.098,0.03333333333333333,0.0,-0.0
1743695939.3467715,89.0,-56.0,267.0,,0.146,9.717,0.118,0.03333333333333333,0.0,-0.0
1743695939.4913452,89.0,-56.0,267.0,,0.205,9.717,0.108,0.03333333333333333,0.0,-0.0
1743695939.6338818,89.0,-56.0,267.0,,0.195,9.708,0.118,0.03333333333333333,0.0,-0.0
1743695939.799163,89.0,-56.0,268.0,,0.185,9.708,0.108,0.03333333333333333,0.0,-0.0
1743695939.9546535,89.0,-56.0,268.0,,0.176,9.747,0.127,0.03333333333333333,0.0,-0.0
1743695940.1127863,89.0,-56.0,267.0,,0.264,9.727,0.147,0.03333333333333333,0.0,-0.0
1743695940.2646298,89.0,-56.0,267.0,,0.225,9.737,0.177,0.03333333333333333,0.0,-0.0
1743695940.4077206,89.0,-56.0,268.0,,0.195,9.717,0.118,0.03333333333333333,0.0,-0.0
1743695940.697698,89.0,-56.0,268.0,,0.195,9.708,0.127,0.03333333333333333,0.0,-0.0
1743695940.9067302,89.0,-56.0,268.0,,0.185,9.688,0.098,0.03333333333333333,0.0,-0.0
1743695941.1056778,89.0,-56.0,268.0,,0.205,9.717,0.108,0.03333333333333333,0.0,-0.0
1743695941.295874,89.0,-56.0,268.0,,0.176,9.698,0.108,0.03333333333333333,0.0,-0.0
1743695941.4872699,89.0,-56.0,268.0,,0.185,9.717,0.118,0.03333333333333333,0.0,-0.0
1743695941.6297672,89.0,-56.0,268.0,,0.185,9.717,0.108,0.03333333333333333,0.0,-0.0
1743695941.8020542,89.0,-56.0,268.0,,0.195,9.708,0.108,0.03333333333333333,0.0,-0.0
1743695941.9467196,89.0,-56.0,268.0,,0.176,9.698,0.118,0.03333333333333333,0.0,-0.0
1743695942.0914748,89.0,-56.0,267.0,,0.185,9.766,0.137,0.03333333333333333,0.0,-0.0
1743695942.2630222,89.0,-57.0,269.0,,0.156,9.747,0.127,0.03333333333333333,0.0,-0.0
1743695942.4516132,89.0,-57.0,268.0,,0.176,9.727,0.118,0.03333333333333333,0.0,-0.0
1743695942.641054,89.0,-57.0,268.0,,0.117,9.727,0.157,0.03333333333333333,0.0,-0.0
1743695942.8325179,89.0,-56.0,267.0,,0.185,9.698,0.108,0.03333333333333333,0.0,-0.0
1743695943.0243592,89.0,-56.0,268.0,,0.126,9.698,0.108,0.03333333333333333,0.0,-0.0
1743695943.1821086,89.0,-56.0,268.0,,0.205,9.698,0.078,0.03333333333333333,0.0,-0.0
1743695943.3405085,89.0,-56.0,267.0,,0.195,9.668,0.049,0.03333333333333333,0.0,-0.0
1743695943.488886,89.0,-56.0,267.0,,0.166,9.698,0.098,0.03333333333333333,0.0,-0.0
1743695943.636628,89.0,-56.0,268.0,,0.107,9.698,0.137,0.03333333333333333,0.0,-0.0
1743695943.8003042,89.0,-56.0,268.0,,0.117,9.747,0.137,0.03333333333333333,0.0,-0.0
1743695943.9530005,89.0,-56.0,267.0,,0.176,9.727,0.137,0.03333333333333333,0.0,-0.0
1743695944.110118,89.0,-56.0,267.0,,0.195,9.727,0.108,0.03333333333333333,0.0,-0.0
1743695944.254728,89.0,-56.0,268.0,,0.176,9.708,0.118,0.03333333333333333,0.0,-0.0
1743695944.3979979,89.0,-56.0,267.0,,0.166,9.708,0.127,0.03333333333333333,0.0,-0.0
1743695944.6195848,89.0,-56.0,267.0,,0.205,9.708,0.098,0.03333333333333333,0.0,-0.0
1743695944.7644994,89.0,-56.0,267.0,,0.166,9.698,0.098,0.03333333333333333,0.0,-0.0
1743695944.9203713,89.0,-56.0,267.0,,0.146,9.698,0.098,0.03333333333333333,0.0,-0.0
1743695945.07366,89.0,-56.0,267.0,,0.195,9.678,0.088,0.03333333333333333,0.0,-0.0
1743695945.2286797,89.0,-56.0,267.0,,0.234,9.717,0.088,0.03333333333333333,0.0,-0.0
1743695945.3905332,89.0,-56.0,268.0,,0.146,9.698,0.108,0.03333333333333333,0.0,-0.0
1743695945.5406148,89.0,-56.0,267.0,,0.146,9.717,0.118,0.03333333333333333,0.0,-0.0
1743695945.6860025,89.0,-56.0,267.0,,0.176,9.727,0.127,0.03333333333333333,0.0,-0.0
1743695945.8442235,89.0,-55.0,267.0,,0.225,9.727,0.108,0.03333333333333333,0.0,-0.0
1743695945.9898727,89.0,-56.0,268.0,,0.195,9.717,0.118,0.03333333333333333,0.0,-0.0
1743695946.1440554,89.0,-57.0,268.0,,0.146,9.678,0.127,0.03333333333333333,0.0,-0.0
1743695946.306457,89.0,-57.0,268.0,,0.136,9.747,0.157,0.03333333333333333,0.0,-0.0
1743695946.4588451,89.0,-56.0,268.0,,0.166,9.747,0.127,0.03333333333333333,0.0,-0.0
1743695946.6055846,89.0,-56.0,268.0,,0.156,9.708,0.118,0.03333333333333333,0.0,-0.0
1743695946.7665856,89.0,-56.0,268.0,,0.156,9.698,0.108,0.03333333333333333,0.0,-0.0
1743695946.9154205,89.0,-57.0,269.0,,0.107,9.737,0.147,0.03333333333333333,0.0,-0.0
1743695947.0568814,89.0,-58.0,270.0,,0.087,9.708,0.118,0.03333333333333333,0.0,-0.0
1743695947.1978583,89.0,-58.0,270.0,,0.156,9.708,0.108,0.06666666666666667,0.0,-0.0
1743695947.3383565,89.0,-56.0,268.0,,0.205,9.737,0.127,0.03333333333333333,0.0,-0.0
1743695947.4881024,89.0,-56.0,267.0,,0.156,9.698,0.108,0.03333333333333333,0.0,-0.0
1743695947.657909,89.0,-56.0,268.0,,0.166,9.698,0.098,0.03333333333333333,0.0,-0.0
1743695947.8265383,89.0,-56.0,268.0,,0.185,9.708,0.118,0.03333333333333333,0.0,-0.0
1743695948.08143,89.0,-56.0,268.0,,0.176,9.708,0.108,0.03333333333333333,0.0,-0.0
1743695948.315592,89.0,-56.0,268.0,,0.176,9.717,0.108,0.03333333333333333,0.0,-0.0
1743695948.5423822,89.0,-56.0,268.0,,0.166,9.727,0.127,0.03333333333333333,0.0,-0.0
1743695948.8507142,89.0,-56.0,268.0,,0.185,9.717,0.108,0.03333333333333333,0.0,-0.0
1743695949.1215405,89.0,-56.0,267.0,,0.166,9.717,0.118,0.03333333333333333,0.0,-0.0
1743695949.3055887,89.0,-56.0,267.0,,0.195,9.698,0.088,0.03333333333333333,0.0,-0.0
1743695949.4997702,89.0,-55.0,267.0,,0.195,9.717,0.118,0.03333333333333333,0.0,-0.0
1743695949.6849494,89.0,-56.0,267.0,,0.185,9.698,0.108,0.03333333333333333,0.0,-0.0
1743695949.8732994,89.0,-55.0,267.0,,0.166,9.717,0.127,0.03333333333333333,0.0,-0.0
1743695950.0794225,89.0,-55.0,267.0,,0.185,9.708,0.108,0.03333333333333333,0.0,-0.0
1743695950.2479405,89.0,-55.0,266.0,,0.176,9.717,0.118,0.03333333333333333,0.0,-0.0
1743695950.387315,89.0,-56.0,267.0,,0.176,9.717,0.118,0.03333333333333333,0.0,-0.0
1743695950.5402384,89.0,-55.0,267.0,,0.185,9.737,0.137,0.03333333333333333,0.0,-0.0
1743695950.710196,89.0,-55.0,267.0,,0.176,9.698,0.108,0.03333333333333333,0.0,-0.0
1743695950.8829398,89.0,-55.0,267.0,,0.176,9.698,0.108,0.03333333333333333,0.0,-0.0
1743695951.0668101,89.0,-55.0,267.0,,0.166,9.698,0.108,0.03333333333333333,0.0,-0.0
1743695951.2457178,89.0,-55.0,267.0,,0.195,9.717,0.118,0.03333333333333333,0.0,-0.0
1743695951.4583912,89.0,-55.0,267.0,,0.185,9.717,0.118,0.03333333333333333,0.0,-0.0
1743695951.6601045,89.0,-55.0,267.0,,0.185,9.717,0.127,0.03333333333333333,0.0,-0.0
1743695951.838543,89.0,-55.0,267.0,,0.176,9.717,0.118,0.03333333333333333,0.0,-0.0
1743695952.0337422,89.0,-55.0,267.0,,0.176,9.717,0.118,0.03333333333333333,0.0,-0.0
1743695952.2234106,89.0,-55.0,267.0,,0.176,9.717,0.127,0.03333333333333333,0.0,-0.0
1743695952.3712637,89.0,-55.0,267.0,,0.176,9.717,0.118,0.03333333333333333,0.0,-0.0
1743695952.5208812,89.0,-55.0,267.0,,0.185,9.717,0.118,0.03333333333333333,0.0,-0.0
1743695952.7145703,89.0,-55.0,267.0,,0.176,9.717,0.118,0.03333333333333333,0.0,-0.0
1743695952.8767643,89.0,-55.0,267.0,,0.176,9.708,0.118,0.03333333333333333,0.0,-0.0
1743695953.0262759,89.0,-55.0,267.0,,0.185,9.717,0.108,0.03333333333333333,0.0,-0.0
1743695953.1722806,89.0,-55.0,267.0,,0.185,9.717,0.118,0.03333333333333333,0.0,-0.0
1743695953.3149295,89.0,-55.0,267.0,,0.156,9.717,0.127,0.03333333333333333,0.0,-0.0
1743695953.5258284,89.0,-55.0,267.0,,0.176,9.717,0.118,0.03333333333333333,0.0,-0.0
1743695953.669385,89.0,-55.0,267.0,,0.176,9.708,0.127,0.03333333333333333,0.0,-0.0
1743695953.8144581,89.0,-55.0,267.0,,0.176,9.717,0.118,0.03333333333333333,0.0,-0.0
1743695953.9583468,89.0,-55.0,266.0,,0.185,9.717,0.118,0.03333333333333333,0.0,-0.0
1743695954.112915,89.0,-55.0,266.0,,0.176,9.717,0.118,0.03333333333333333,0.0,-0.0
1743695954.2565753,89.0,-55.0,267.0,,0.185,9.727,0.118,0.03333333333333333,0.0,-0.0
1743695954.3969507,89.0,-55.0,267.0,,0.176,9.727,0.127,0.03333333333333333,0.0,-0.0
1743695954.6236086,89.0,-55.0,267.0,,0.185,9.708,0.118,0.03333333333333333,0.0,-0.0
1743695954.8324096,89.0,-55.0,266.0,,0.195,9.717,0.118,0.03333333333333333,0.0,-0.0
1743695955.02899,89.0,-55.0,266.0,,0.176,9.717,0.127,0.03333333333333333,0.0,-0.0
1743695955.2210011,89.0,-55.0,266.0,,0.166,9.717,0.118,0.03333333333333333,0.0,-0.0
1743695955.4465969,89.0,-55.0,266.0,,0.195,9.717,0.118,0.03333333333333333,0.0,-0.0
1743695955.6164346,89.0,-55.0,266.0,,0.176,9.717,0.118,0.03333333333333333,0.0,-0.0
1743695955.7753203,89.0,-55.0,266.0,,0.176,9.717,0.127,0.03333333333333333,0.0,-0.0
1743695955.9280345,89.0,-55.0,266.0,,0.176,9.717,0.118,0.03333333333333333,0.0,-0.0
1743695956.093836,89.0,-55.0,266.0,,0.185,9.717,0.118,0.03333333333333333,0.0,-0.0
1743695956.2739463,89.0,-55.0,266.0,,0.176,9.708,0.118,0.03333333333333333,0.0,-0.0
1743695956.4479022,89.0,-55.0,266.0,,0.176,9.717,0.118,0.03333333333333333,0.0,-0.0
1743695956.5918837,89.0,-55.0,266.0,,0.185,9.708,0.118,0.03333333333333333,0.0,-0.0
1743695956.734252,89.0,-55.0,266.0,,0.195,9.717,0.118,0.03333333333333333,0.0,-0.0
1743695956.8774507,89.0,-55.0,266.0,,0.195,9.717,0.118,0.03333333333333333,0.0,-0.0
1743695957.019885,89.0,-55.0,266.0,,0.176,9.708,0.118,0.03333333333333333,0.0,-0.0
1743695957.1618562,89.0,-55.0,267.0,,0.185,9.717,0.118,0.03333333333333333,0.0,-0.0
1743695957.302288,89.0,-55.0,267.0,,0.185,9.717,0.118,0.03333333333333333,0.0,-0.0
1743695957.4437199,89.0,-55.0,267.0,,0.176,9.717,0.118,0.03333333333333333,0.0,-0.0
1743695957.5847838,89.0,-55.0,267.0,,0.176,9.727,0.118,0.03333333333333333,0.0,-0.0
1743695957.7320716,89.0,-55.0,267.0,,0.176,9.717,0.118,0.03333333333333333,0.0,-0.0
1743695957.876301,89.0,-55.0,267.0,,0.176,9.717,0.127,0.03333333333333333,0.0,-0.0
1743695958.0196712,89.0,-55.0,267.0,,0.176,9.717,0.127,0.03333333333333333,0.0,-0.0
1743695958.1610408,89.0,-55.0,267.0,,0.185,9.708,0.118,0.03333333333333333,0.0,-0.0
1743695958.3035367,89.0,-55.0,267.0,,0.176,9.708,0.118,0.03333333333333333,0.0,-0.0
1743695958.4445512,89.0,-55.0,267.0,,0.185,9.717,0.118,0.03333333333333333,0.0,-0.0
1743695958.5878003,89.0,-55.0,267.0,,0.176,9.717,0.118,0.03333333333333333,0.0,-0.0
1743695958.73417,89.0,-55.0,267.0,,0.185,9.708,0.118,0.03333333333333333,0.0,-0.0
1743695958.912504,89.0,-55.0,266.0,,0.185,9.717,0.127,0.03333333333333333,0.0,-0.0
1743695959.0929673,89.0,-55.0,266.0,,0.185,9.717,0.127,0.03333333333333333,0.0,-0.0
1743695959.3336716,89.0,-55.0,266.0,,0.185,9.717,0.118,0.03333333333333333,0.0,-0.0
1743695959.6601803,89.0,-55.0,266.0,,0.166,9.717,0.127,0.03333333333333333,0.0,-0.0
1743695959.9040747,89.0,-55.0,266.0,,0.176,9.717,0.118,0.03333333333333333,0.0,-0.0
1743695960.1427093,89.0,-55.0,267.0,,0.176,9.717,0.127,0.03333333333333333,0.0,-0.0
1743695960.4012423,89.0,-55.0,266.0,,0.185,9.717,0.127,0.03333333333333333,0.0,-0.0
1743695960.6849232,89.0,-55.0,266.0,,0.185,9.717,0.118,0.03333333333333333,0.0,-0.0
1743695961.0487196,89.0,-55.0,266.0,,0.176,9.708,0.108,0.03333333333333333,0.0,-0.0
1743695961.3279634,89.0,-55.0,266.0,,0.166,9.717,0.118,0.03333333333333333,0.0,-0.0
1743695961.5725894,89.0,-55.0,266.0,,0.176,9.717,0.118,0.03333333333333333,0.0,-0.0
1743695961.8207617,89.0,-55.0,266.0,,0.176,9.717,0.118,0.03333333333333333,0.0,-0.0
1743695962.0533226,89.0,-55.0,266.0,,0.176,9.717,0.118,0.03333333333333333,0.0,-0.0
1743695962.260547,89.0,-55.0,266.0,,0.176,9.708,0.118,0.03333333333333333,0.0,-0.0
1743695962.4362547,89.0,-55.0,266.0,,0.176,9.717,0.127,0.03333333333333333,0.0,-0.0
1743695962.5776188,89.0,-55.0,266.0,,0.176,9.717,0.118,0.03333333333333333,0.0,-0.0
1743695962.7414162,89.0,-55.0,266.0,,0.185,9.708,0.127,0.03333333333333333,0.0,-0.0
1743695962.9216552,89.0,-55.0,266.0,,0.176,9.717,0.118,0.03333333333333333,0.0,-0.0
1743695963.101209,89.0,-55.0,266.0,,0.185,9.708,0.118,0.03333333333333333,0.0,-0.0
1743695963.2777452,89.0,-55.0,266.0,,0.176,9.727,0.118,0.03333333333333333,0.0,-0.0
1743695963.453914,89.0,-55.0,266.0,,0.166,9.717,0.118,0.03333333333333333,0.0,-0.0
1743695963.6209207,89.0,-55.0,266.0,,0.166,9.717,0.127,0.03333333333333333,0.0,-0.0
1743695963.7627473,89.0,-55.0,266.0,,0.166,9.717,0.127,0.03333333333333333,0.0,-0.0
1743695963.9054317,89.0,-55.0,266.0,,0.176,9.717,0.118,0.03333333333333333,0.0,-0.0
1743695964.0537136,89.0,-55.0,266.0,,0.176,9.717,0.127,0.03333333333333333,0.0,-0.0
1743695964.197988,89.0,-55.0,266.0,,0.176,9.717,0.118,0.03333333333333333,0.0,-0.0
1743695964.3441458,89.0,-55.0,266.0,,0.176,9.717,0.127,0.03333333333333333,0.0,-0.0
1743695964.498778,89.0,-55.0,266.0,,0.176,9.727,0.127,0.03333333333333333,0.0,-0.0
1743695964.6524866,89.0,-55.0,266.0,,0.185,9.708,0.118,0.03333333333333333,0.0,-0.0
1743695964.8470347,89.0,-55.0,266.0,,0.185,9.727,0.118,0.03333333333333333,0.0,-0.0
1743695965.1644235,89.0,-55.0,266.0,,0.176,9.717,0.118,0.03333333333333333,0.0,-0.0
1743695965.523703,89.0,-55.0,266.0,,0.185,9.708,0.118,0.03333333333333333,0.0,-0.0
1743695965.8385575,89.0,-54.0,266.0,,0.185,9.717,0.118,0.03333333333333333,0.0,-0.0
1743695966.116649,89.0,-55.0,266.0,,0.185,9.717,0.127,0.03333333333333333,0.0,-0.0
1743695966.4961605,89.0,-55.0,266.0,,0.176,9.727,0.127,0.03333333333333333,0.0,-0.0
1743695966.9044228,89.0,-55.0,266.0,,0.185,9.708,0.118,0.03333333333333333,0.0,-0.0
1743695967.2015755,89.0,-55.0,266.0,,0.185,9.717,0.118,0.03333333333333333,0.0,-0.0
1743695967.4143584,89.0,-55.0,266.0,,0.176,9.708,0.118,0.03333333333333333,0.0,-0.0
1743695967.5557458,89.0,-55.0,266.0,,0.176,9.717,0.118,0.03333333333333333,0.0,-0.0
1743695967.697808,89.0,-55.0,266.0,,0.176,9.717,0.127,0.03333333333333333,0.0,-0.0
1743695967.841649,89.0,-55.0,266.0,,0.176,9.717,0.127,0.03333333333333333,0.0,-0.0
1743695967.9835587,89.0,-55.0,266.0,,0.176,9.708,0.118,0.03333333333333333,0.0,-0.0
1743695968.1295688,89.0,-55.0,266.0,,0.166,9.717,0.118,0.03333333333333333,0.0,-0.0
1743695968.2732801,89.0,-55.0,266.0,,0.185,9.717,0.127,0.03333333333333333,0.0,-0.0
1743695968.4135702,89.0,-54.0,266.0,,0.185,9.708,0.127,0.03333333333333333,0.0,-0.0
1743695968.5551236,89.0,-54.0,266.0,,0.176,9.717,0.118,0.03333333333333333,0.0,-0.0
1743695968.6952024,89.0,-54.0,266.0,,0.176,9.708,0.127,0.03333333333333333,0.0,-0.0
1743695968.845379,89.0,-55.0,266.0,,0.176,9.717,0.127,0.03333333333333333,0.0,-0.0
1743695968.985231,89.0,-55.0,266.0,,0.176,9.717,0.118,0.03333333333333333,0.0,-0.0
1743695969.1229727,89.0,-55.0,266.0,,0.176,9.717,0.127,0.03333333333333333,0.0,-0.0
1743695969.2611098,89.0,-55.0,266.0,,0.176,9.717,0.127,0.03333333333333333,0.0,-0.0
1743695969.3989804,89.0,-55.0,266.0,,0.176,9.717,0.118,0.03333333333333333,0.0,-0.0
1743695969.5358615,89.0,-55.0,266.0,,0.176,9.708,0.127,0.03333333333333333,0.0,-0.0
1743695969.6734166,89.0,-55.0,266.0,,0.185,9.717,0.118,0.03333333333333333,0.0,-0.0
1743695969.8201742,89.0,-55.0,266.0,,0.185,9.717,0.127,0.03333333333333333,0.0,-0.0
1743695969.95687,89.0,-55.0,266.0,,0.176,9.717,0.127,0.03333333333333333,0.0,-0.0
1743695970.0965056,89.0,-55.0,266.0,,0.166,9.708,0.118,0.03333333333333333,0.0,-0.0
1743695970.232975,89.0,-55.0,266.0,,0.185,9.717,0.118,0.03333333333333333,0.0,-0.0
1743695970.3703592,89.0,-55.0,266.0,,0.185,9.717,0.108,0.03333333333333333,0.0,-0.0
1743695970.5069165,89.0,-55.0,266.0,,0.185,9.717,0.118,0.03333333333333333,0.0,-0.0
1743695970.6463916,89.0,-55.0,266.0,,0.185,9.717,0.118,0.03333333333333333,0.0,-0.0
1743695970.785275,89.0,-55.0,266.0,,0.185,9.717,0.127,0.03333333333333333,0.0,-0.0
1743695970.9249349,89.0,-55.0,266.0,,0.176,9.708,0.118,0.03333333333333333,0.0,-0.0
1743695971.0758622,89.0,-55.0,266.0,,0.176,9.717,0.127,0.03333333333333333,0.0,-0.0
1743695971.2544456,89.0,-54.0,266.0,,0.176,9.717,0.127,0.03333333333333333,0.0,-0.0
1743695971.4285831,89.0,-54.0,266.0,,0.176,9.708,0.127,0.03333333333333333,0.0,-0.0
1743695971.5837677,89.0,-54.0,266.0,,0.166,9.717,0.127,0.03333333333333333,0.0,-0.0
1743695971.733068,89.0,-55.0,267.0,,0.205,9.766,0.147,0.03333333333333333,0.0,-0.0
1743695971.8788667,89.0,-58.0,270.0,,0.126,9.717,0.118,0.03333333333333333,0.0,-0.0
1743695972.0213912,89.0,-61.0,273.0,,0.126,9.708,0.088,0.03333333333333333,0.0,-0.0
1743695972.1639342,89.0,-61.0,273.0,,0.166,9.727,0.098,0.03333333333333333,0.0,-0.0
1743695972.3055441,89.0,-61.0,273.0,,0.146,9.639,0.167,0.03333333333333333,0.0,-0.0
1743695972.4479413,89.0,-59.0,271.0,,0.156,9.629,0.059,0.06666666666666667,0.0,-0.0
1743695972.5917811,89.0,-58.0,269.0,,0.156,9.776,0.088,0.03333333333333333,0.0,-0.0
1743695972.737039,89.0,-59.0,270.0,,0.176,9.727,0.078,0.03333333333333333,0.0,-0.0
1743695972.8812094,89.0,-59.0,271.0,,0.156,9.727,0.098,0.03333333333333333,0.0,-0.0
1743695973.0238154,89.0,-59.0,271.0,,0.156,9.708,0.088,0.03333333333333333,0.0,-0.0
1743695973.1682928,89.0,-60.0,271.0,,0.176,9.688,0.088,0.03333333333333333,0.0,-0.0
1743695973.310793,89.0,-58.0,269.0,,0.244,9.796,0.186,0.03333333333333333,0.0,-0.0
1743695973.4529324,89.0,-57.0,269.0,,0.185,9.698,0.078,0.03333333333333333,0.0,-0.0
1743695973.6270263,89.0,-57.0,268.0,,0.215,9.708,0.108,0.03333333333333333,0.0,-0.0
1743695973.881424,89.0,-57.0,268.0,,0.185,9.708,0.098,0.03333333333333333,0.0,-0.0
1743695974.103199,89.0,-57.0,268.0,,0.166,9.708,0.108,0.03333333333333333,0.0,-0.0
1743695974.353042,89.0,-57.0,268.0,,0.156,9.717,0.118,0.03333333333333333,0.0,-0.0
1743695974.568086,89.0,-57.0,268.0,,0.176,9.717,0.108,0.03333333333333333,0.0,-0.0
1743695974.721607,89.0,-57.0,269.0,,0.166,9.717,0.118,0.03333333333333333,0.0,-0.0
1743695974.8765905,89.0,-57.0,269.0,,0.176,9.708,0.108,0.03333333333333333,0.0,-0.0
1743695975.0277019,89.0,-57.0,269.0,,0.176,9.708,0.098,0.03333333333333333,0.0,-0.0
1743695975.2953808,89.0,-57.0,269.0,,0.176,9.717,0.098,0.03333333333333333,0.0,-0.0
1743695975.4440951,89.0,-57.0,269.0,,0.166,9.717,0.108,0.03333333333333333,0.0,-0.0
1743695975.5964422,89.0,-57.0,269.0,,0.166,9.708,0.108,0.03333333333333333,0.0,-0.0
1743695975.7402382,89.0,-57.0,269.0,,0.166,9.708,0.108,0.03333333333333333,0.0,-0.0
1743695975.8956087,89.0,-57.0,269.0,,0.166,9.717,0.108,0.03333333333333333,0.0,-0.0
1743695976.0856857,89.0,-57.0,269.0,,0.166,9.717,0.108,0.03333333333333333,0.0,-0.0
1743695976.2765894,89.0,-57.0,269.0,,0.166,9.708,0.118,0.03333333333333333,0.0,-0.0
1743695976.460881,89.0,-57.0,269.0,,0.176,9.717,0.108,0.03333333333333333,0.0,-0.0
1743695976.6429336,89.0,-57.0,269.0,,0.176,9.717,0.108,0.03333333333333333,0.0,-0.0
1743695976.7988973,89.0,-57.0,268.0,,0.166,9.717,0.108,0.03333333333333333,0.0,-0.0
1743695976.9775844,89.0,-57.0,268.0,,0.176,9.717,0.098,0.03333333333333333,0.0,-0.0
1743695977.1852608,89.0,-57.0,269.0,,0.176,9.717,0.108,0.03333333333333333,0.0,-0.0
1743695977.3951876,89.0,-57.0,269.0,,0.176,9.708,0.108,0.03333333333333333,0.0,-0.0
1743695977.58445,89.0,-57.0,269.0,,0.176,9.727,0.108,0.03333333333333333,0.0,-0.0
1743695977.7679603,89.0,-57.0,269.0,,0.176,9.717,0.108,0.03333333333333333,0.0,-0.0
1743695977.9477618,89.0,-57.0,269.0,,0.176,9.708,0.108,0.03333333333333333,0.0,-0.0
1743695978.106502,89.0,-57.0,269.0,,0.166,9.717,0.098,0.03333333333333333,0.0,-0.0
1743695978.2497663,89.0,-57.0,269.0,,0.176,9.708,0.108,0.03333333333333333,0.0,-0.0
1743695978.3916247,89.0,-57.0,269.0,,0.176,9.717,0.098,0.03333333333333333,0.0,-0.0
1743695978.5348814,89.0,-58.0,269.0,,0.166,9.717,0.098,0.03333333333333333,0.0,-0.0
1743695978.6790748,89.0,-57.0,269.0,,0.176,9.717,0.098,0.03333333333333333,0.0,-0.0
1743695978.822589,89.0,-57.0,269.0,,0.176,9.717,0.098,0.03333333333333333,0.0,-0.0
1743695978.9649734,89.0,-58.0,269.0,,0.166,9.717,0.108,0.03333333333333333,0.0,-0.0
1743695979.1094992,89.0,-57.0,269.0,,0.166,9.717,0.108,0.03333333333333333,0.0,-0.0
1743695979.2518535,89.0,-57.0,269.0,,0.185,9.717,0.108,0.03333333333333333,0.0,-0.0
1743695979.3952174,89.0,-57.0,269.0,,0.166,9.708,0.108,0.03333333333333333,0.0,-0.0
1743695979.53693,89.0,-57.0,269.0,,0.176,9.717,0.108,0.03333333333333333,0.0,-0.0
1743695979.6779776,89.0,-57.0,269.0,,0.176,9.717,0.108,0.03333333333333333,0.0,-0.0
1743695979.8237152,89.0,-57.0,269.0,,0.166,9.717,0.098,0.03333333333333333,0.0,-0.0
1743695979.9733636,89.0,-57.0,269.0,,0.176,9.717,0.108,0.03333333333333333,0.0,-0.0
1743695980.1154084,89.0,-57.0,269.0,,0.166,9.717,0.118,0.03333333333333333,0.0,-0.0
1743695980.2606075,89.0,-57.0,269.0,,0.176,9.708,0.098,0.03333333333333333,0.0,-0.0
1743695980.40037,89.0,-57.0,269.0,,0.166,9.708,0.108,0.03333333333333333,0.0,-0.0
1743695980.541552,89.0,-57.0,269.0,,0.176,9.708,0.108,0.03333333333333333,0.0,-0.0
1743695980.6829035,89.0,-57.0,269.0,,0.176,9.717,0.098,0.03333333333333333,0.0,-0.0
1743695980.830028,89.0,-57.0,269.0,,0.166,9.717,0.108,0.03333333333333333,0.0,-0.0
1743695980.9734383,89.0,-57.0,269.0,,0.176,9.708,0.098,0.03333333333333333,0.0,-0.0
1743695981.1187804,89.0,-57.0,269.0,,0.166,9.708,0.108,0.03333333333333333,0.0,-0.0
1743695981.2616386,89.0,-57.0,269.0,,0.176,9.717,0.108,0.03333333333333333,0.0,-0.0
1743695981.402997,89.0,-57.0,269.0,,0.176,9.708,0.108,0.03333333333333333,0.0,-0.0
1743695981.544953,89.0,-57.0,269.0,,0.176,9.717,0.108,0.03333333333333333,0.0,-0.0
1743695981.6874645,89.0,-57.0,269.0,,0.176,9.717,0.098,0.03333333333333333,0.0,-0.0
1743695981.8316426,89.0,-57.0,269.0,,0.176,9.717,0.108,0.03333333333333333,0.0,-0.0
1743695981.9750428,89.0,-57.0,269.0,,0.166,9.717,0.108,0.03333333333333333,0.0,-0.0
1743695982.118142,89.0,-57.0,269.0,,0.176,9.717,0.108,0.03333333333333333,0.0,-0.0
1743695982.2612867,89.0,-57.0,269.0,,0.176,9.708,0.098,0.03333333333333333,0.0,-0.0
1743695982.402539,89.0,-57.0,269.0,,0.185,9.708,0.098,0.03333333333333333,0.0,-0.0
1743695982.5434217,89.0,-57.0,269.0,,0.176,9.717,0.118,0.03333333333333333,0.0,-0.0
1743695982.6843371,89.0,-57.0,269.0,,0.166,9.708,0.108,0.03333333333333333,0.0,-0.0
1743695982.8275373,89.0,-58.0,269.0,,0.176,9.708,0.098,0.03333333333333333,0.0,-0.0
1743695982.973593,89.0,-58.0,269.0,,0.166,9.717,0.108,0.03333333333333333,0.0,-0.0
1743695983.115445,89.0,-57.0,269.0,,0.176,9.717,0.098,0.03333333333333333,0.0,-0.0
1743695983.2603512,89.0,-57.0,269.0,,0.176,9.717,0.108,0.03333333333333333,0.0,-0.0
1743695983.4015415,89.0,-57.0,269.0,,0.185,9.717,0.108,0.03333333333333333,0.0,-0.0
1743695983.5418756,89.0,-57.0,269.0,,0.185,9.717,0.098,0.03333333333333333,0.0,-0.0
1743695983.692977,89.0,-57.0,269.0,,0.176,9.717,0.108,0.03333333333333333,0.0,-0.0
1743695983.9033012,89.0,-57.0,269.0,,0.156,9.717,0.108,0.03333333333333333,0.0,-0.0
1743695984.1195722,89.0,-57.0,269.0,,0.185,9.717,0.098,0.03333333333333333,0.0,-0.0
1743695984.268491,89.0,-57.0,269.0,,0.185,9.717,0.118,0.03333333333333333,0.0,-0.0
1743695984.4381964,89.0,-57.0,269.0,,0.176,9.717,0.098,0.03333333333333333,0.0,-0.0
1743695984.6060648,89.0,-57.0,269.0,,0.166,9.708,0.108,0.03333333333333333,0.0,-0.0
1743695984.793236,89.0,-57.0,269.0,,0.166,9.708,0.098,0.03333333333333333,0.0,-0.0
1743695984.9422395,89.0,-57.0,269.0,,0.185,9.717,0.108,0.03333333333333333,0.0,-0.0
1743695985.098673,89.0,-57.0,269.0,,0.166,9.717,0.108,0.03333333333333333,0.0,-0.0
1743695985.30378,89.0,-57.0,269.0,,0.185,9.717,0.108,0.03333333333333333,0.0,-0.0
1743695985.4914637,89.0,-57.0,269.0,,0.166,9.717,0.098,0.03333333333333333,0.0,-0.0
1743695985.6649559,89.0,-57.0,269.0,,0.176,9.717,0.108,0.03333333333333333,0.0,-0.0
1743695985.888325,89.0,-57.0,269.0,,0.156,9.737,0.137,0.03333333333333333,0.0,-0.0
1743695986.147594,89.0,-57.0,269.0,,0.146,9.698,0.098,0.03333333333333333,0.0,-0.0
1743695986.3084252,89.0,-58.0,269.0,,0.146,9.717,0.118,0.03333333333333333,0.0,-0.0
1743695986.4597683,89.0,-58.0,270.0,,0.176,9.727,0.108,0.03333333333333333,0.0,-0.0
1743695986.6026025,89.0,-58.0,270.0,,0.176,9.708,0.088,0.03333333333333333,0.0,-0.0
1743695986.7461364,89.0,-61.0,272.0,,0.146,9.717,0.137,0.03333333333333333,0.0,-0.0
1743695986.890352,89.0,-61.0,272.0,,0.215,9.688,0.069,0.03333333333333333,0.0,-0.0
1743695987.0339587,89.0,-61.0,272.0,,0.195,9.708,0.088,0.03333333333333333,0.0,-0.0
1743695987.178097,89.0,-61.0,272.0,,0.195,9.708,0.078,0.03333333333333333,0.0,-0.0
1743695987.322573,89.0,-61.0,273.0,,0.195,9.708,0.078,0.03333333333333333,0.0,-0.0
1743695987.4641325,89.0,-61.0,273.0,,0.176,9.717,0.098,0.03333333333333333,0.0,-0.0
1743695987.6082792,89.0,-61.0,273.0,,0.176,9.708,0.088,0.03333333333333333,0.0,-0.0
1743695987.7550287,89.0,-61.0,273.0,,0.166,9.717,0.088,0.03333333333333333,0.0,-0.0
1743695987.905764,89.0,-61.0,273.0,,0.176,9.708,0.088,0.03333333333333333,0.0,-0.0
1743695988.048007,89.0,-61.0,273.0,,0.176,9.708,0.078,0.03333333333333333,0.0,-0.0
1743695988.1900184,89.0,-61.0,273.0,,0.176,9.717,0.088,0.03333333333333333,0.0,-0.0
1743695988.3324375,89.0,-61.0,273.0,,0.166,9.717,0.088,0.03333333333333333,0.0,-0.0
1743695988.4703596,89.0,-61.0,273.0,,0.176,9.717,0.098,0.03333333333333333,0.0,-0.0
1743695988.6111934,89.0,-61.0,273.0,,0.166,9.717,0.098,0.03333333333333333,0.0,-0.0
1743695988.7487655,89.0,-62.0,273.0,,0.166,9.717,0.098,0.03333333333333333,0.0,-0.0
1743695988.8888068,89.0,-61.0,273.0,,0.185,9.717,0.088,0.03333333333333333,0.0,-0.0
1743695989.0284905,89.0,-61.0,273.0,,0.176,9.708,0.088,0.03333333333333333,0.0,-0.0
1743695989.168225,89.0,-61.0,273.0,,0.166,9.717,0.088,0.03333333333333333,0.0,-0.0
1743695989.307551,89.0,-61.0,273.0,,0.176,9.717,0.088,0.03333333333333333,0.0,-0.0
1743695989.4439209,89.0,-61.0,273.0,,0.185,9.717,0.088,0.03333333333333333,0.0,-0.0
1743695989.6062164,89.0,-61.0,273.0,,0.176,9.717,0.088,0.03333333333333333,0.0,-0.0
1743695989.8017108,89.0,-61.0,273.0,,0.176,9.717,0.078,0.03333333333333333,0.0,-0.0
1743695989.9905872,89.0,-61.0,273.0,,0.176,9.717,0.088,0.03333333333333333,0.0,-0.0
1743695990.1334498,89.0,-61.0,273.0,,0.176,9.717,0.088,0.03333333333333333,0.0,-0.0
1743695990.2797363,89.0,-61.0,273.0,,0.176,9.708,0.088,0.03333333333333333,0.0,-0.0
1743695990.4198596,89.0,-61.0,273.0,,0.176,9.717,0.078,0.03333333333333333,0.0,-0.0
1743695990.5588078,89.0,-61.0,273.0,,0.176,9.717,0.088,0.03333333333333333,0.0,-0.0
1743695990.7533226,89.0,-61.0,273.0,,0.176,9.717,0.088,0.03333333333333333,0.0,-0.0
1743695990.8967633,89.0,-61.0,273.0,,0.166,9.717,0.088,0.03333333333333333,0.0,-0.0
1743695991.0363853,89.0,-61.0,273.0,,0.176,9.717,0.088,0.03333333333333333,0.0,-0.0
1743695991.1753314,89.0,-61.0,273.0,,0.176,9.717,0.088,0.03333333333333333,0.0,-0.0
1743695991.3203764,89.0,-62.0,273.0,,0.176,9.717,0.088,0.03333333333333333,0.0,-0.0
1743695991.4983413,89.0,-61.0,273.0,,0.176,9.717,0.088,0.03333333333333333,0.0,-0.0
1743695991.6752589,89.0,-61.0,273.0,,0.156,9.659,0.069,0.03333333333333333,0.0,-0.0
1743695991.8559692,89.0,-55.0,266.0,,0.058,9.708,0.01,0.03333333333333333,0.0,-0.0
1743695992.0619104,89.0,-54.0,266.0,,0.215,9.717,0.118,0.03333333333333333,0.0,-0.0
1743695992.2526412,89.0,-56.0,267.0,,0.146,9.717,0.118,0.03333333333333333,0.0,-0.0
1743695992.4328241,89.0,-56.0,267.0,,0.185,9.708,0.098,0.03333333333333333,0.0,-0.0
1743695992.6094568,89.0,-56.0,268.0,,0.195,9.708,0.098,0.03333333333333333,0.0,-0.0
1743695992.788822,89.0,-57.0,268.0,,0.166,9.717,0.108,0.03333333333333333,0.0,-0.0
1743695992.9350667,89.0,-57.0,268.0,,0.176,9.717,0.108,0.03333333333333333,0.0,-0.0
1743695993.0803614,89.0,-57.0,269.0,,0.185,9.717,0.098,0.03333333333333333,0.0,-0.0
1743695993.2252388,89.0,-57.0,269.0,,0.176,9.708,0.098,0.03333333333333333,0.0,-0.0
1743695993.3656461,89.0,-57.0,269.0,,0.176,9.708,0.108,0.03333333333333333,0.0,-0.0
1743695993.508607,89.0,-58.0,269.0,,0.166,9.717,0.108,0.03333333333333333,0.0,-0.0
1743695993.6510868,89.0,-58.0,269.0,,0.176,9.717,0.098,0.03333333333333333,0.0,-0.0
1743695993.7964332,89.0,-58.0,269.0,,0.176,9.717,0.108,0.03333333333333333,0.0,-0.0
1743695993.9438095,89.0,-58.0,269.0,,0.176,9.717,0.108,0.03333333333333333,0.0,-0.0
1743695994.0903504,89.0,-58.0,269.0,,0.176,9.717,0.098,0.03333333333333333,0.0,-0.0
1743695994.2316718,89.0,-58.0,269.0,,0.176,9.717,0.098,0.03333333333333333,0.0,-0.0
1743695994.3736253,89.0,-58.0,269.0,,0.176,9.717,0.108,0.03333333333333333,0.0,-0.0
1743695994.5137932,89.0,-58.0,269.0,,0.176,9.717,0.098,0.03333333333333333,0.0,-0.0
1743695994.6569805,89.0,-58.0,269.0,,0.176,9.717,0.118,0.03333333333333333,0.0,-0.0
1743695994.801884,89.0,-58.0,269.0,,0.176,9.708,0.098,0.03333333333333333,0.0,-0.0
1743695994.945097,89.0,-58.0,269.0,,0.166,9.717,0.098,0.03333333333333333,0.0,-0.0
1743695995.0863407,89.0,-58.0,269.0,,0.176,9.717,0.098,0.03333333333333333,0.0,-0.0
1743695995.2300363,89.0,-58.0,269.0,,0.176,9.717,0.088,0.03333333333333333,0.0,-0.0
1743695995.373394,89.0,-58.0,269.0,,0.176,9.717,0.098,0.03333333333333333,0.0,-0.0
1743695995.51475,89.0,-58.0,270.0,,0.166,9.717,0.108,0.03333333333333333,0.0,-0.0
1743695995.6557887,89.0,-58.0,270.0,,0.176,9.717,0.108,0.03333333333333333,0.0,-0.0
1743695995.7978232,89.0,-58.0,270.0,,0.166,9.717,0.108,0.03333333333333333,0.0,-0.0
1743695995.9406357,89.0,-58.0,270.0,,0.176,9.698,0.098,0.03333333333333333,0.0,-0.0
1743695996.0827825,89.0,-58.0,270.0,,0.156,9.717,0.108,0.03333333333333333,0.0,-0.0
1743695996.2305353,89.0,-58.0,269.0,,0.166,9.717,0.088,0.03333333333333333,0.0,-0.0
1743695996.3723269,89.0,-58.0,270.0,,0.166,9.717,0.108,0.03333333333333333,0.0,-0.0
1743695996.528452,89.0,-58.0,269.0,,0.166,9.717,0.118,0.03333333333333333,0.0,-0.0
1743695996.7388902,89.0,-58.0,270.0,,0.166,9.708,0.108,0.03333333333333333,0.0,-0.0
1743695996.8807678,89.0,-58.0,270.0,,0.166,9.717,0.108,0.03333333333333333,0.0,-0.0
1743695997.0314393,89.0,-58.0,270.0,,0.176,9.708,0.098,0.03333333333333333,0.0,-0.0
1743695997.204398,89.0,-58.0,270.0,,0.156,9.717,0.108,0.03333333333333333,0.0,-0.0
1743695997.3619874,89.0,-58.0,270.0,,0.176,9.717,0.108,0.03333333333333333,0.0,-0.0
1743695997.639091,89.0,-58.0,269.0,,0.195,9.688,0.098,0.03333333333333333,0.0,-0.0
1743695997.816952,89.0,-58.0,269.0,,0.176,9.698,0.098,0.03333333333333333,0.0,-0.0
1743695997.9659107,89.0,-58.0,270.0,,0.185,9.717,0.098,0.03333333333333333,0.0,-0.0
1743695998.1145008,89.0,-58.0,270.0,,0.156,9.698,0.118,0.03333333333333333,0.0,-0.0
1743695998.2866366,89.0,-58.0,270.0,,0.166,9.668,0.078,0.03333333333333333,0.0,-0.0
1743695998.4587688,89.0,-58.0,270.0,,0.176,9.688,0.108,0.03333333333333333,0.0,-0.0
1743695998.661219,89.0,-58.0,269.0,,0.156,9.717,0.108,0.03333333333333333,0.0,-0.0
1743695998.805345,89.0,-58.0,269.0,,0.176,9.717,0.118,0.03333333333333333,0.0,-0.0
1743695998.9720008,89.0,-58.0,269.0,,0.166,9.698,0.078,0.03333333333333333,0.0,-0.0
1743695999.1549482,89.0,-58.0,269.0,,0.166,9.708,0.108,0.03333333333333333,0.0,-0.0
1743695999.297576,89.0,-58.0,269.0,,0.176,9.717,0.108,0.03333333333333333,0.0,-0.0
1743695999.4813435,89.0,-58.0,269.0,,0.176,9.708,0.088,0.03333333333333333,0.0,-0.0
1743695999.6311276,89.0,-58.0,269.0,,0.176,9.708,0.098,0.03333333333333333,0.0,-0.0
1743695999.7734237,89.0,-58.0,269.0,,0.176,9.708,0.108,0.03333333333333333,0.0,-0.0
1743695999.9755344,89.0,-58.0,269.0,,0.176,9.708,0.088,0.03333333333333333,0.0,-0.0
1743696000.1225717,89.0,-58.0,269.0,,0.185,9.717,0.088,0.03333333333333333,0.0,-0.0
1743696000.2653654,89.0,-58.0,269.0,,0.176,9.708,0.098,0.03333333333333333,0.0,-0.0
1743696000.4670048,89.0,-58.0,269.0,,0.185,9.727,0.098,0.03333333333333333,0.0,-0.0
1743696000.6111307,89.0,-58.0,269.0,,0.176,9.717,0.108,0.03333333333333333,0.0,-0.0
1743696000.7711308,89.0,-58.0,269.0,,0.176,9.708,0.098,0.03333333333333333,0.0,-0.0
1743696001.024949,89.0,-58.0,269.0,,0.176,9.717,0.118,0.03333333333333333,0.0,-0.0
1743696001.1800916,89.0,-58.0,269.0,,0.176,9.717,0.108,0.03333333333333333,0.0,-0.0
1743696001.3286896,89.0,-58.0,270.0,,0.166,9.717,0.098,0.03333333333333333,0.0,-0.0
1743696001.5092578,89.0,-58.0,270.0,,0.185,9.717,0.118,0.03333333333333333,0.0,-0.0
1743696001.65137,89.0,-58.0,270.0,,0.185,9.717,0.098,0.03333333333333333,0.0,-0.0
1743696001.7981427,89.0,-58.0,270.0,,0.176,9.727,0.118,0.03333333333333333,0.0,-0.0
1743696002.042055,89.0,-58.0,270.0,,0.176,9.717,0.108,0.03333333333333333,0.0,-0.0
1743696002.2457585,89.0,-58.0,269.0,,0.166,9.708,0.108,0.03333333333333333,0.0,-0.0
1743696002.4569988,89.0,-58.0,269.0,,0.166,9.717,0.108,0.03333333333333333,0.0,-0.0
1743696002.6513183,89.0,-58.0,269.0,,0.185,9.727,0.118,0.03333333333333333,0.0,-0.0
1743696002.844672,89.0,-58.0,269.0,,0.166,9.708,0.098,0.03333333333333333,0.0,-0.0
1743696003.0640733,89.0,-58.0,269.0,,0.176,9.708,0.098,0.03333333333333333,0.0,-0.0
1743696003.2713509,89.0,-58.0,269.0,,0.166,9.708,0.108,0.03333333333333333,0.0,-0.0
1743696003.4821208,89.0,-57.0,269.0,,0.185,9.717,0.108,0.03333333333333333,0.0,-0.0
1743696003.677351,89.0,-58.0,269.0,,0.166,9.708,0.108,0.03333333333333333,0.0,-0.0
1743696003.8671994,89.0,-58.0,269.0,,0.195,9.717,0.088,0.03333333333333333,0.0,-0.0
1743696004.0603235,89.0,-58.0,269.0,,0.176,9.698,0.088,0.03333333333333333,0.0,-0.0
1743696004.3414915,89.0,-58.0,269.0,,0.166,9.717,0.108,0.03333333333333333,0.0,-0.0
1743696004.5917945,89.0,-58.0,269.0,,0.185,9.708,0.108,0.03333333333333333,0.0,-0.0
1743696004.7917519,89.0,-58.0,269.0,,0.176,9.717,0.098,0.03333333333333333,0.0,-0.0
1743696004.9910889,89.0,-58.0,269.0,,0.176,9.717,0.108,0.03333333333333333,0.0,-0.0
1743696005.1517446,89.0,-58.0,269.0,,0.185,9.717,0.108,0.03333333333333333,0.0,-0.0
1743696005.323909,89.0,-58.0,269.0,,0.185,9.708,0.098,0.03333333333333333,0.0,-0.0
1743696005.5469499,89.0,-58.0,269.0,,0.166,9.708,0.108,0.03333333333333333,0.0,-0.0
1743696005.7685037,89.0,-58.0,269.0,,0.176,9.717,0.108,0.03333333333333333,0.0,-0.0
1743696005.9454465,89.0,-58.0,269.0,,0.166,9.708,0.098,0.03333333333333333,0.0,-0.0
1743696006.0914392,89.0,-58.0,269.0,,0.166,9.717,0.098,0.03333333333333333,0.0,-0.0
1743696006.2341852,89.0,-58.0,270.0,,0.176,9.717,0.098,0.03333333333333333,0.0,-0.0
1743696006.372658,89.0,-58.0,270.0,,0.166,9.717,0.098,0.03333333333333333,0.0,-0.0
1743696006.5237637,89.0,-58.0,269.0,,0.166,9.708,0.108,0.03333333333333333,0.0,-0.0
1743696006.6792128,89.0,-58.0,269.0,,0.176,9.717,0.098,0.03333333333333333,0.0,-0.0
1743696006.8235714,89.0,-58.0,269.0,,0.176,9.717,0.098,0.03333333333333333,0.0,-0.0
1743696006.966119,89.0,-58.0,269.0,,0.176,9.766,0.127,0.03333333333333333,0.0,-0.0
1743696007.1059666,89.0,-61.0,272.0,,0.146,9.698,0.118,0.03333333333333333,0.0,-0.0
1743696007.2797961,89.0,-62.0,273.0,,0.166,9.737,0.108,0.03333333333333333,0.0,-0.0
1743696007.4707732,89.0,-61.0,273.0,,0.146,9.708,0.088,0.03333333333333333,0.0,-0.0
1743696007.661519,89.0,-61.0,273.0,,0.176,9.717,0.088,0.03333333333333333,0.0,-0.0
1743696007.8406549,89.0,-61.0,273.0,,0.185,9.708,0.078,0.03333333333333333,0.0,-0.0
1743696008.0175104,89.0,-61.0,273.0,,0.166,9.717,0.088,0.03333333333333333,0.0,-0.0
1743696008.1600924,89.0,-62.0,273.0,,0.176,9.717,0.088,0.03333333333333333,0.0,-0.0
1743696008.304011,89.0,-61.0,273.0,,0.176,9.717,0.088,0.03333333333333333,0.0,-0.0
1743696008.5027423,89.0,-62.0,273.0,,0.156,9.717,0.098,0.03333333333333333,0.0,-0.0
1743696008.7235787,89.0,-62.0,273.0,,0.185,9.717,0.088,0.03333333333333333,0.0,-0.0
1743696008.8745198,89.0,-62.0,273.0,,0.176,9.717,0.088,0.03333333333333333,0.0,-0.0
1743696009.0174425,89.0,-61.0,273.0,,0.176,9.717,0.078,0.03333333333333333,0.0,-0.0
1743696009.154369,89.0,-62.0,273.0,,0.176,9.717,0.088,0.03333333333333333,0.0,-0.0
1743696009.2945774,89.0,-62.0,273.0,,0.176,9.717,0.078,0.03333333333333333,0.0,-0.0
1743696009.4329894,89.0,-62.0,273.0,,0.176,9.708,0.088,0.03333333333333333,0.0,-0.0
1743696009.5679567,89.0,-62.0,273.0,,0.176,9.708,0.078,0.03333333333333333,0.0,-0.0
1743696009.7055662,89.0,-62.0,273.0,,0.176,9.717,0.088,0.03333333333333333,0.0,-0.0
1743696009.84446,89.0,-62.0,273.0,,0.176,9.717,0.088,0.03333333333333333,0.0,-0.0
1743696009.9847732,89.0,-62.0,273.0,,0.176,9.717,0.088,0.03333333333333333,0.0,-0.0
1743696010.1396956,89.0,-61.0,273.0,,0.185,9.717,0.088,0.03333333333333333,0.0,-0.0
1743696010.2796,89.0,-61.0,273.0,,0.176,9.717,0.088,0.03333333333333333,0.0,-0.0
1743696010.4169421,89.0,-62.0,273.0,,0.176,9.708,0.088,0.03333333333333333,0.0,-0.0
1743696010.553378,89.0,-62.0,273.0,,0.176,9.717,0.078,0.03333333333333333,0.0,-0.0
1743696010.6920638,89.0,-62.0,273.0,,0.176,9.717,0.078,0.03333333333333333,0.0,-0.0
1743696010.8297696,89.0,-62.0,273.0,,0.166,9.708,0.088,0.03333333333333333,0.0,-0.0
1743696010.9689333,89.0,-61.0,273.0,,0.176,9.717,0.088,0.03333333333333333,0.0,-0.0
1743696011.1081944,89.0,-61.0,273.0,,0.185,9.717,0.088,0.03333333333333333,0.0,-0.0
1743696011.245456,89.0,-62.0,273.0,,0.176,9.717,0.088,0.03333333333333333,0.0,-0.0
1743696011.3875942,89.0,-62.0,273.0,,0.176,9.717,0.098,0.03333333333333333,0.0,-0.0
1743696011.5262263,89.0,-62.0,273.0,,0.176,9.727,0.088,0.03333333333333333,0.0,-0.0
1743696011.6627064,89.0,-62.0,273.0,,0.176,9.717,0.088,0.03333333333333333,0.0,-0.0
1743696011.80103,89.0,-62.0,273.0,,0.166,9.708,0.088,0.03333333333333333,0.0,-0.0
1743696011.9475229,89.0,-62.0,273.0,,0.176,9.717,0.088,0.03333333333333333,0.0,-0.0
1743696012.0852597,89.0,-62.0,273.0,,0.176,9.717,0.098,0.03333333333333333,0.0,-0.0
1743696012.22434,89.0,-61.0,273.0,,0.176,9.708,0.088,0.03333333333333333,0.0,-0.0
1743696012.3639505,89.0,-62.0,273.0,,0.176,9.717,0.088,0.03333333333333333,0.0,-0.0
1743696012.5012639,89.0,-61.0,273.0,,0.176,9.717,0.088,0.03333333333333333,0.0,-0.0
1743696012.6378896,89.0,-61.0,273.0,,0.176,9.717,0.088,0.03333333333333333,0.0,-0.0
1743696012.8066885,89.0,-62.0,273.0,,0.176,9.708,0.088,0.03333333333333333,0.0,-0.0
1743696012.9523153,89.0,-62.0,273.0,,0.166,9.717,0.088,0.03333333333333333,0.0,-0.0
1743696013.0899801,89.0,-62.0,273.0,,0.176,9.708,0.088,0.03333333333333333,0.0,-0.0
1743696013.2292063,89.0,-62.0,273.0,,0.176,9.708,0.088,0.03333333333333333,0.0,-0.0
1743696013.368228,89.0,-62.0,273.0,,0.166,9.717,0.088,0.03333333333333333,0.0,-0.0
1743696013.5064478,89.0,-62.0,273.0,,0.176,9.717,0.098,0.03333333333333333,0.0,-0.0
1743696013.646135,89.0,-62.0,274.0,,0.176,9.708,0.078,0.03333333333333333,0.0,-0.0
1743696013.7981672,89.0,-62.0,273.0,,0.166,9.717,0.098,0.03333333333333333,0.0,-0.0
1743696013.9903467,89.0,-62.0,273.0,,0.156,9.708,0.088,0.03333333333333333,0.0,-0.0
1743696014.1577032,89.0,-62.0,273.0,,0.156,9.717,0.098,0.03333333333333333,0.0,-0.0
1743696014.3019562,89.0,-62.0,273.0,,0.166,9.717,0.088,0.03333333333333333,0.0,-0.0
1743696014.4438918,89.0,-62.0,273.0,,0.176,9.708,0.078,0.03333333333333333,0.0,-0.0
1743696014.5855708,89.0,-62.0,274.0,,0.166,9.708,0.098,0.03333333333333333,0.0,-0.0
1743696014.7269082,89.0,-62.0,274.0,,0.176,9.717,0.088,0.03333333333333333,0.0,-0.0
1743696014.868005,89.0,-62.0,274.0,,0.185,9.717,0.088,0.03333333333333333,0.0,-0.0
1743696015.0112107,89.0,-62.0,274.0,,0.185,9.717,0.078,0.03333333333333333,0.0,-0.0
1743696015.1525805,89.0,-62.0,274.0,,0.166,9.717,0.098,0.03333333333333333,0.0,-0.0
1743696015.2933102,89.0,-62.0,274.0,,0.166,9.717,0.088,0.03333333333333333,0.0,-0.0
1743696015.4349508,89.0,-62.0,273.0,,0.195,9.717,0.088,0.03333333333333333,0.0,-0.0
1743696015.5761065,89.0,-62.0,274.0,,0.176,9.717,0.088,0.03333333333333333,0.0,-0.0
1743696015.7167273,89.0,-62.0,274.0,,0.166,9.717,0.088,0.03333333333333333,0.0,-0.0
1743696015.8609703,89.0,-62.0,273.0,,0.195,9.717,0.078,0.03333333333333333,0.0,-0.0
1743696016.0036788,89.0,-62.0,273.0,,0.185,9.708,0.088,0.03333333333333333,0.0,-0.0
1743696016.147278,89.0,-62.0,274.0,,0.176,9.717,0.088,0.03333333333333333,0.0,-0.0
1743696016.2887943,89.0,-62.0,273.0,,0.176,9.708,0.078,0.03333333333333333,0.0,-0.0
1743696016.4311764,89.0,-62.0,273.0,,0.166,9.727,0.088,0.03333333333333333,0.0,-0.0
1743696016.5697556,89.0,-62.0,273.0,,0.166,9.717,0.098,0.03333333333333333,0.0,-0.0
1743696016.7108998,89.0,-62.0,273.0,,0.185,9.708,0.078,0.03333333333333333,0.0,-0.0
1743696016.8527393,89.0,-62.0,273.0,,0.185,9.717,0.088,0.03333333333333333,0.0,-0.0
1743696016.9957428,89.0,-62.0,273.0,,0.156,9.717,0.088,0.03333333333333333,0.0,-0.0
1743696017.1391027,89.0,-62.0,273.0,,0.166,9.708,0.088,0.03333333333333333,0.0,-0.0
1743696017.2844396,89.0,-62.0,273.0,,0.185,9.727,0.078,0.03333333333333333,0.0,-0.0
1743696017.4272165,89.0,-62.0,273.0,,0.176,9.708,0.088,0.03333333333333333,0.0,-0.0
1743696017.5693338,89.0,-62.0,273.0,,0.176,9.717,0.088,0.03333333333333333,0.0,-0.0
1743696017.716624,89.0,-62.0,273.0,,0.176,9.717,0.088,0.03333333333333333,0.0,-0.0
1743696017.8600714,89.0,-62.0,273.0,,0.185,9.717,0.078,0.03333333333333333,0.0,-0.0
1743696018.0015192,89.0,-62.0,273.0,,0.176,9.708,0.078,0.03333333333333333,0.0,-0.0
1743696018.1443279,89.0,-62.0,273.0,,0.176,9.727,0.098,0.03333333333333333,0.0,-0.0
1743696018.2855377,89.0,-62.0,273.0,,0.176,9.717,0.098,0.03333333333333333,0.0,-0.0
1743696018.4301307,89.0,-62.0,273.0,,0.176,9.717,0.088,0.03333333333333333,0.0,-0.0
1743696018.5719056,89.0,-62.0,274.0,,0.176,9.717,0.098,0.03333333333333333,0.0,-0.0
1743696018.7120576,89.0,-62.0,273.0,,0.176,9.717,0.088,0.03333333333333333,0.0,-0.0
1743696018.8534029,89.0,-62.0,273.0,,0.185,9.708,0.088,0.03333333333333333,0.0,-0.0
1743696018.9998822,89.0,-62.0,273.0,,0.176,9.717,0.088,0.03333333333333333,0.0,-0.0
1743696019.1412141,89.0,-62.0,273.0,,0.176,9.717,0.088,0.03333333333333333,0.0,-0.0
1743696019.2860827,89.0,-62.0,273.0,,0.166,9.717,0.088,0.03333333333333333,0.0,-0.0
1743696019.428403,89.0,-62.0,273.0,,0.176,9.708,0.088,0.03333333333333333,0.0,-0.0
1743696019.5692935,89.0,-62.0,273.0,,0.176,9.717,0.108,0.03333333333333333,0.0,-0.0
1743696019.7093947,89.0,-62.0,273.0,,0.166,9.708,0.078,0.03333333333333333,0.0,-0.0
1743696019.8525324,89.0,-62.0,273.0,,0.166,9.717,0.088,0.03333333333333333,0.0,-0.0
1743696020.047184,89.0,-62.0,273.0,,0.185,9.708,0.088,0.03333333333333333,0.0,-0.0
1743696020.2424695,89.0,-62.0,273.0,,0.166,9.708,0.098,0.03333333333333333,0.0,-0.0
1743696020.428537,89.0,-62.0,273.0,,0.176,9.717,0.088,0.03333333333333333,0.0,-0.0
1743696020.5759454,89.0,-62.0,273.0,,0.176,9.717,0.088,0.03333333333333333,0.0,-0.0
1743696020.7232459,89.0,-62.0,273.0,,0.166,9.708,0.088,0.03333333333333333,0.0,-0.0
1743696020.8649726,89.0,-62.0,274.0,,0.166,9.708,0.088,0.03333333333333333,0.0,-0.0
1743696021.0063853,89.0,-62.0,274.0,,0.166,9.717,0.088,0.03333333333333333,0.0,-0.0
1743696021.1479192,89.0,-62.0,274.0,,0.176,9.717,0.088,0.03333333333333333,0.0,-0.0
1743696021.2892365,89.0,-62.0,274.0,,0.166,9.708,0.088,0.03333333333333333,0.0,-0.0
1743696021.430779,89.0,-62.0,274.0,,0.166,9.708,0.088,0.03333333333333333,0.0,-0.0
1743696021.573476,89.0,-62.0,274.0,,0.156,9.717,0.088,0.03333333333333333,0.0,-0.0
1743696021.72958,89.0,-62.0,274.0,,0.176,9.708,0.098,0.03333333333333333,0.0,-0.0
1743696021.922825,89.0,-62.0,273.0,,0.166,9.708,0.078,0.03333333333333333,0.0,-0.0
1743696022.1169596,89.0,-62.0,273.0,,0.176,9.717,0.088,0.03333333333333333,0.0,-0.0
1743696022.3048282,89.0,-62.0,273.0,,0.156,9.717,0.088,0.03333333333333333,0.0,-0.0
1743696022.4910738,89.0,-62.0,274.0,,0.176,9.717,0.088,0.03333333333333333,0.0,-0.0
1743696022.6377187,89.0,-62.0,274.0,,0.185,9.717,0.088,0.03333333333333333,0.0,-0.0
1743696022.7802804,89.0,-62.0,273.0,,0.195,9.708,0.088,0.03333333333333333,0.0,-0.0
1743696022.9199038,89.0,-62.0,273.0,,0.185,9.708,0.078,0.03333333333333333,0.0,-0.0
1743696023.0612953,89.0,-62.0,273.0,,0.156,9.717,0.088,0.03333333333333333,0.0,-0.0
1743696023.2025201,89.0,-62.0,274.0,,0.156,9.717,0.098,0.03333333333333333,0.0,-0.0
1743696023.3450584,89.0,-62.0,274.0,,0.166,9.717,0.088,0.03333333333333333,0.0,-0.0
1743696023.4868882,89.0,-62.0,274.0,,0.166,9.708,0.078,0.03333333333333333,0.0,-0.0
1743696023.6292188,89.0,-62.0,274.0,,0.166,9.717,0.088,0.03333333333333333,0.0,-0.0
1743696023.7720807,89.0,-62.0,273.0,,0.166,9.708,0.078,0.03333333333333333,0.0,-0.0
1743696023.9147093,89.0,-62.0,274.0,,0.166,9.717,0.098,0.03333333333333333,0.0,-0.0
1743696024.0628867,89.0,-62.0,274.0,,0.176,9.708,0.078,0.03333333333333333,0.0,-0.0
1743696024.2070582,89.0,-62.0,274.0,,0.166,9.708,0.088,0.03333333333333333,0.0,-0.0
1743696024.3526945,89.0,-62.0,274.0,,0.176,9.708,0.088,0.03333333333333333,0.0,-0.0
1743696024.4927285,89.0,-62.0,274.0,,0.185,9.717,0.078,0.03333333333333333,0.0,-0.0
1743696024.6337094,89.0,-62.0,274.0,,0.195,9.717,0.078,0.03333333333333333,0.0,-0.0
1743696024.7742496,89.0,-63.0,274.0,,0.176,9.698,0.069,0.03333333333333333,0.0,-0.0
1743696024.91605,89.0,-63.0,274.0,,0.166,9.717,0.088,0.03333333333333333,0.0,-0.0
1743696025.0588894,89.0,-62.0,274.0,,0.185,9.708,0.078,0.03333333333333333,0.0,-0.0
1743696025.197241,89.0,-63.0,274.0,,0.176,9.708,0.078,0.03333333333333333,0.0,-0.0
1743696025.3412123,89.0,-63.0,274.0,,0.176,9.717,0.088,0.03333333333333333,0.0,-0.0
1743696025.4796114,89.0,-63.0,274.0,,0.176,9.717,0.088,0.03333333333333333,0.0,-0.0
1743696025.6157327,89.0,-63.0,274.0,,0.176,9.717,0.088,0.03333333333333333,0.0,-0.0
1743696025.7512653,89.0,-62.0,274.0,,0.166,9.717,0.088,0.03333333333333333,0.0,-0.0
1743696025.8891356,89.0,-63.0,274.0,,0.176,9.708,0.088,0.03333333333333333,0.0,-0.0
1743696026.027799,89.0,-62.0,274.0,,0.176,9.708,0.088,0.03333333333333333,0.0,-0.0
1743696026.173956,89.0,-62.0,274.0,,0.166,9.717,0.098,0.03333333333333333,0.0,-0.0
1743696026.3127654,89.0,-62.0,274.0,,0.176,9.717,0.088,0.03333333333333333,0.0,-0.0
1743696026.4504852,89.0,-63.0,274.0,,0.166,9.717,0.088,0.03333333333333333,0.0,-0.0
1743696026.5862489,89.0,-63.0,274.0,,0.176,9.708,0.088,0.03333333333333333,0.0,-0.0
1743696026.7224956,89.0,-62.0,274.0,,0.176,9.708,0.078,0.03333333333333333,0.0,-0.0
1743696026.8588955,89.0,-62.0,274.0,,0.176,9.698,0.098,0.03333333333333333,0.0,-0.0
1743696026.99607,89.0,-62.0,274.0,,0.146,9.708,0.088,0.03333333333333333,0.0,-0.0
1743696027.1336195,89.0,-62.0,274.0,,0.166,9.708,0.088,0.03333333333333333,0.0,-0.0
1743696027.2735422,89.0,-62.0,274.0,,0.166,9.708,0.088,0.03333333333333333,0.0,-0.0
1743696027.4142997,89.0,-62.0,274.0,,0.176,9.717,0.098,0.03333333333333333,0.0,-0.0
1743696027.5502398,89.0,-62.0,274.0,,0.176,9.717,0.088,0.03333333333333333,0.0,-0.0
1743696027.6902354,89.0,-62.0,274.0,,0.176,9.727,0.098,0.03333333333333333,0.0,-0.0
1743696027.8269432,89.0,-62.0,274.0,,0.176,9.717,0.078,0.03333333333333333,0.0,-0.0
1743696027.9659605,89.0,-62.0,274.0,,0.176,9.717,0.088,0.03333333333333333,0.0,-0.0
1743696028.1018896,89.0,-70.0,282.0,,0.244,9.698,-1.313,0.03333333333333333,-0.9666666666666667,-0.0
1743696028.2424927,80.0,-108.0,314.0,,5.922,12.6,-1.558,-2.1333333333333333,3.033333333333333,-6.2
1743696028.3873925,29.0,-124.0,306.0,,8.746,5.275,0.52,-0.7666666666666667,0.9,-0.6333333333333333
1743696028.5283098,6.0,-111.0,325.0,,5.716,-0.539,-3.451,-2.5,-1.1666666666666667,-1.5
1743696028.6694658,0.0,-102.0,333.0,,9.188,-0.922,-4.039,0.9,-3.3,0.5333333333333333
1743696028.812132,9.0,-96.0,333.0,,8.227,1.441,-2.5,-0.6,0.8,-0.13333333333333333
1743696028.9525301,6.0,-100.0,334.0,,7.697,-1.618,-1.754,0.8666666666666667,0.3,-2.6666666666666665
1743696029.0934126,-21.0,-99.0,344.0,,8.629,-3.138,-1.401,0.8666666666666667,1.1333333333333333,1.3666666666666667
1743696029.2347195,-17.0,-103.0,341.0,,9.423,-1.265,2.461,-0.03333333333333333,-2.2333333333333334,-0.4666666666666667
1743696029.3786972,-8.0,-101.0,341.0,,9.109,-2.04,-0.47,0.2,-0.06666666666666667,0.3
1743696029.517932,-7.0,-102.0,341.0,,9.757,-1.373,-0.352,-0.2,-1.2,1.0333333333333334
1743696029.660075,-4.0,-105.0,342.0,,9.943,0.185,-0.627,0.1,-0.13333333333333333,0.13333333333333333
1743696029.800516,-4.0,-107.0,342.0,,9.835,-0.098,-0.823,0.03333333333333333,0.0,-0.0
1743696029.9417717,-3.0,-106.0,341.0,,9.845,-0.431,-0.568,0.03333333333333333,0.0,-0.0
1743696030.0845447,-2.0,-103.0,340.0,,9.845,-0.059,-0.803,0.03333333333333333,0.0,-0.0
1743696030.227928,-1.0,-100.0,339.0,,9.835,-0.029,-0.823,0.03333333333333333,0.0,-0.0
1743696030.366189,0.0,-97.0,339.0,,9.835,-0.029,-0.813,0.03333333333333333,0.0,-0.0
1743696030.5042284,0.0,-96.0,339.0,,9.835,-0.039,-0.833,0.03333333333333333,0.0,-0.0
1743696030.6439176,0.0,-95.0,339.0,,9.835,-0.029,-0.813,0.03333333333333333,0.0,-0.0
1743696030.7840886,0.0,-95.0,339.0,,9.835,-0.039,-0.823,0.03333333333333333,0.0,-0.0
1743696030.924757,0.0,-94.0,339.0,,9.835,-0.039,-0.833,0.03333333333333333,0.0,-0.0
1743696031.069229,0.0,-94.0,339.0,,9.835,-0.039,-0.833,0.03333333333333333,0.0,-0.0
1743696031.2104905,0.0,-94.0,339.0,,9.835,-0.029,-0.823,0.03333333333333333,0.0,-0.0
1743696031.3492517,0.0,-94.0,339.0,,9.835,-0.029,-0.823,0.03333333333333333,0.0,-0.0
1743696031.4875264,0.0,-94.0,339.0,,9.835,-0.039,-0.813,0.03333333333333333,0.0,-0.0
1743696031.6269236,0.0,-94.0,339.0,,9.845,-0.039,-0.823,0.03333333333333333,0.0,-0.0
1743696031.7667785,0.0,-94.0,339.0,,9.835,-0.029,-0.833,0.03333333333333333,0.0,-0.0
1743696031.907459,0.0,-94.0,339.0,,9.835,-0.039,-0.823,0.03333333333333333,0.0,-0.0
1743696032.0480533,0.0,-94.0,339.0,,9.835,-0.039,-0.823,0.03333333333333333,0.0,-0.0
1743696032.187729,0.0,-94.0,339.0,,9.835,-0.039,-0.823,0.03333333333333333,0.0,-0.0
1743696032.3277307,0.0,-94.0,339.0,,9.835,-0.029,-0.823,0.03333333333333333,0.0,-0.0
1743696032.4693785,0.0,-94.0,339.0,,9.835,-0.039,-0.823,0.03333333333333333,0.0,-0.0
1743696032.6093223,0.0,-94.0,339.0,,9.835,-0.029,-0.823,0.03333333333333333,0.0,-0.0
1743696032.747897,0.0,-94.0,339.0,,9.835,-0.039,-0.823,0.03333333333333333,0.0,-0.0
1743696032.8875515,0.0,-94.0,339.0,,9.835,-0.039,-0.823,0.03333333333333333,0.0,-0.0
1743696033.026855,0.0,-94.0,339.0,,9.835,-0.039,-0.823,0.03333333333333333,0.0,-0.0
1743696033.165262,0.0,-94.0,339.0,,9.835,-0.039,-0.823,0.03333333333333333,0.0,-0.0
1743696033.306327,0.0,-94.0,339.0,,9.835,-0.039,-0.823,0.03333333333333333,0.0,-0.0
1743696033.4450984,0.0,-94.0,339.0,,9.835,-0.039,-0.833,0.03333333333333333,0.0,-0.0
1743696033.6071334,0.0,-94.0,339.0,,9.825,-0.029,-0.833,0.03333333333333333,0.0,-0.0
1743696033.792226,0.0,-94.0,339.0,,9.835,-0.039,-0.813,0.03333333333333333,0.0,-0.0
1743696033.9765816,0.0,-94.0,339.0,,9.845,-0.049,-0.823,0.03333333333333333,0.0,-0.0
1743696034.1212788,0.0,-94.0,339.0,,9.845,-0.049,-0.823,0.03333333333333333,0.0,-0.0
1743696034.2700512,0.0,-94.0,339.0,,9.835,-0.039,-0.833,0.03333333333333333,0.0,-0.0
1743696034.4309845,0.0,-94.0,339.0,,9.845,-0.039,-0.833,0.03333333333333333,0.0,-0.0
1743696034.6267607,0.0,-94.0,339.0,,9.835,-0.039,-0.823,0.03333333333333333,0.0,-0.0
1743696034.8231902,0.0,-94.0,339.0,,9.835,-0.039,-0.823,0.03333333333333333,0.0,-0.0
1743696035.0207102,0.0,-94.0,339.0,,9.835,-0.039,-0.833,0.03333333333333333,0.0,-0.0
1743696035.208211,0.0,-94.0,339.0,,9.835,-0.029,-0.833,0.03333333333333333,0.0,-0.0
1743696035.4183521,0.0,-94.0,339.0,,9.845,-0.039,-0.823,0.03333333333333333,0.0,-0.0
1743696035.632524,0.0,-94.0,339.0,,9.835,-0.039,-0.823,0.03333333333333333,0.0,-0.0
1743696035.8535748,0.0,-94.0,339.0,,9.835,-0.029,-0.823,0.03333333333333333,0.0,-0.0
1743696036.0695593,0.0,-94.0,339.0,,9.835,-0.049,-0.813,0.03333333333333333,0.0,-0.0
1743696036.2709436,0.0,-94.0,339.0,,9.845,-0.039,-0.823,0.03333333333333333,0.0,-0.0
1743696036.4614751,0.0,-94.0,339.0,,9.835,-0.039,-0.823,0.03333333333333333,0.0,-0.0
1743696036.6637158,0.0,-94.0,339.0,,9.835,-0.049,-0.823,0.03333333333333333,0.0,-0.0
1743696036.8620946,0.0,-94.0,339.0,,9.835,-0.039,-0.823,0.03333333333333333,0.0,-0.0
1743696037.0259671,0.0,-94.0,339.0,,9.835,-0.029,-0.823,0.03333333333333333,0.0,-0.0
1743696037.1673167,0.0,-94.0,339.0,,9.845,-0.039,-0.823,0.03333333333333333,0.0,-0.0
1743696037.306473,0.0,-94.0,339.0,,9.835,-0.039,-0.833,0.03333333333333333,0.0,-0.0
1743696037.4469209,0.0,-94.0,339.0,,9.835,-0.039,-0.823,0.03333333333333333,0.0,-0.0
1743696037.585678,0.0,-94.0,339.0,,9.835,-0.039,-0.833,0.03333333333333333,0.0,-0.0
1743696037.7251945,0.0,-94.0,339.0,,9.835,-0.029,-0.833,0.03333333333333333,0.0,-0.0
1743696037.8665462,0.0,-94.0,339.0,,9.835,-0.039,-0.823,0.03333333333333333,0.0,-0.0
1743696038.009005,0.0,-94.0,339.0,,9.835,-0.049,-0.823,0.03333333333333333,0.0,-0.0
1743696038.1457026,0.0,-94.0,339.0,,9.845,-0.029,-0.833,0.03333333333333333,0.0,-0.0
1743696038.2841876,0.0,-94.0,339.0,,9.835,-0.039,-0.823,0.03333333333333333,0.0,-0.0
1743696038.4242425,0.0,-94.0,339.0,,9.845,-0.049,-0.823,0.03333333333333333,0.0,-0.0
1743696038.5618873,0.0,-94.0,339.0,,9.835,-0.039,-0.823,0.03333333333333333,0.0,-0.0
1743696038.7029727,0.0,-94.0,339.0,,9.835,-0.049,-0.823,0.03333333333333333,0.0,-0.0
1743696038.8439457,0.0,-94.0,339.0,,9.835,-0.039,-0.833,0.03333333333333333,0.0,-0.0
1743696038.9834473,0.0,-94.0,339.0,,9.835,-0.049,-0.813,0.03333333333333333,0.0,-0.0
1743696039.1230414,0.0,-94.0,339.0,,9.835,-0.039,-0.823,0.03333333333333333,0.0,-0.0
1743696039.2619429,0.0,-94.0,339.0,,9.845,-0.039,-0.823,0.03333333333333333,0.0,-0.0
1743696039.4021976,0.0,-94.0,339.0,,9.845,-0.039,-0.833,0.03333333333333333,0.0,-0.0
1743696039.5412593,0.0,-94.0,339.0,,9.835,-0.039,-0.823,0.03333333333333333,0.0,-0.0
1743696039.682328,0.0,-94.0,339.0,,9.835,-0.039,-0.833,0.03333333333333333,0.0,-0.0
1743696039.821831,0.0,-94.0,339.0,,9.835,-0.039,-0.823,0.03333333333333333,0.0,-0.0
1743696039.9688203,0.0,-94.0,339.0,,9.835,-0.039,-0.823,0.03333333333333333,0.0,-0.0
1743696040.111794,0.0,-94.0,339.0,,9.835,-0.029,-0.823,0.03333333333333333,0.0,-0.0
1743696040.251397,0.0,-94.0,339.0,,9.835,-0.049,-0.833,0.03333333333333333,0.0,-0.0
1743696040.3902464,0.0,-94.0,339.0,,9.845,-0.039,-0.823,0.03333333333333333,0.0,-0.0
1743696040.527555,0.0,-94.0,339.0,,9.835,-0.039,-0.833,0.03333333333333333,0.0,-0.0
1743696040.6657455,0.0,-94.0,339.0,,9.835,-0.039,-0.813,0.03333333333333333,0.0,-0.0
1743696040.8058767,0.0,-94.0,339.0,,9.835,-0.039,-0.823,0.03333333333333333,0.0,-0.0
1743696040.9440498,0.0,-94.0,339.0,,9.835,-0.039,-0.823,0.03333333333333333,0.0,-0.0
1743696041.0834591,0.0,-94.0,339.0,,9.835,-0.039,-0.833,0.03333333333333333,0.0,-0.0
1743696041.2251523,0.0,-94.0,339.0,,9.835,-0.039,-0.823,0.03333333333333333,0.0,-0.0
1743696041.3627315,0.0,-94.0,339.0,,9.835,-0.039,-0.823,0.03333333333333333,0.0,-0.0
1743696041.5019593,0.0,-94.0,339.0,,9.845,-0.039,-0.823,0.03333333333333333,0.0,-0.0
1743696041.6424005,0.0,-94.0,339.0,,9.835,-0.039,-0.823,0.03333333333333333,0.0,-0.0
1743696041.7830894,0.0,-94.0,339.0,,9.835,-0.039,-0.823,0.03333333333333333,0.0,-0.0
1743696041.9213204,0.0,-94.0,339.0,,9.835,-0.039,-0.823,0.03333333333333333,0.0,-0.0
1743696042.0597801,0.0,-94.0,339.0,,9.845,-0.039,-0.833,0.03333333333333333,0.0,-0.0
1743696042.2007515,0.0,-94.0,339.0,,9.835,-0.039,-0.823,0.03333333333333333,0.0,-0.0
1743696042.3421123,0.0,-94.0,339.0,,9.835,-0.039,-0.823,0.03333333333333333,0.0,-0.0
1743696042.4819906,0.0,-94.0,339.0,,9.835,-0.039,-0.823,0.03333333333333333,0.0,-0.0
1743696042.6212165,0.0,-94.0,339.0,,9.835,-0.039,-0.823,0.03333333333333333,0.0,-0.0
1743696042.7626877,0.0,-94.0,339.0,,9.835,-0.039,-0.833,0.03333333333333333,0.0,-0.0
1743696042.904107,0.0,-94.0,339.0,,9.835,-0.049,-0.823,0.03333333333333333,0.0,-0.0
1743696043.0452945,0.0,-94.0,339.0,,9.835,-0.039,-0.823,0.03333333333333333,0.0,-0.0
1743696043.1832368,0.0,-94.0,339.0,,9.835,-0.039,-0.823,0.03333333333333333,0.0,-0.0
1743696043.3238678,0.0,-94.0,339.0,,9.835,-0.039,-0.833,0.03333333333333333,0.0,-0.0
1743696043.464943,0.0,-94.0,339.0,,9.835,-0.039,-0.823,0.03333333333333333,0.0,-0.0
1743696043.604408,0.0,-94.0,339.0,,9.835,-0.039,-0.823,0.03333333333333333,0.0,-0.0
1743696043.7440095,0.0,-94.0,339.0,,9.835,-0.049,-0.823,0.03333333333333333,0.0,-0.0
1743696043.8856685,0.0,-94.0,339.0,,9.835,-0.039,-0.833,0.03333333333333333,0.0,-0.0
1743696044.0313547,0.0,-94.0,339.0,,9.835,-0.039,-0.833,0.03333333333333333,0.0,-0.0
1743696044.171072,0.0,-94.0,339.0,,9.835,-0.039,-0.823,0.03333333333333333,0.0,-0.0
1743696044.3135076,0.0,-94.0,339.0,,9.835,-0.039,-0.823,0.03333333333333333,0.0,-0.0
1743696044.4610279,0.0,-94.0,339.0,,9.845,-0.039,-0.823,0.03333333333333333,0.0,-0.0
1743696044.602968,0.0,-94.0,339.0,,9.845,-0.049,-0.823,0.03333333333333333,0.0,-0.0
1743696044.7416844,0.0,-94.0,339.0,,9.835,-0.039,-0.823,0.03333333333333333,0.0,-0.0
1743696044.896015,0.0,-94.0,339.0,,9.835,-0.029,-0.823,0.03333333333333333,0.0,-0.0
1743696045.0376756,0.0,-94.0,339.0,,9.835,-0.039,-0.823,0.03333333333333333,0.0,-0.0
1743696045.1791127,0.0,-94.0,339.0,,9.845,-0.039,-0.833,0.03333333333333333,0.0,-0.0
1743696045.3177826,0.0,-94.0,339.0,,9.835,-0.029,-0.823,0.03333333333333333,0.0,-0.0
1743696045.456877,0.0,-94.0,339.0,,9.845,-0.039,-0.823,0.03333333333333333,0.0,-0.0
1743696045.5935106,0.0,-94.0,339.0,,9.835,-0.039,-0.823,0.03333333333333333,0.0,-0.0
1743696045.73107,0.0,-94.0,339.0,,9.835,-0.039,-0.823,0.03333333333333333,0.0,-0.0
1743696045.8707845,0.0,-94.0,339.0,,9.845,-0.029,-0.823,0.03333333333333333,0.0,-0.0
1743696046.011375,0.0,-94.0,339.0,,9.845,-0.039,-0.823,0.03333333333333333,0.0,-0.0
1743696046.1504304,0.0,-94.0,339.0,,9.845,-0.029,-0.823,0.03333333333333333,0.0,-0.0
1743696046.2881916,0.0,-94.0,339.0,,9.845,-0.029,-0.833,0.03333333333333333,0.0,-0.0
1743696046.429292,0.0,-94.0,339.0,,9.835,-0.039,-0.833,0.03333333333333333,0.0,-0.0
1743696046.5679169,0.0,-94.0,339.0,,9.845,-0.029,-0.823,0.03333333333333333,0.0,-0.0
1743696046.7075274,0.0,-94.0,339.0,,9.835,-0.039,-0.823,0.03333333333333333,0.0,-0.0
1743696046.848452,0.0,-94.0,339.0,,9.835,-0.039,-0.823,0.03333333333333333,0.0,-0.0
1743696046.9851298,0.0,-94.0,339.0,,9.845,-0.029,-0.823,0.03333333333333333,0.0,-0.0
1743696047.1262348,0.0,-94.0,339.0,,9.835,-0.039,-0.823,0.03333333333333333,0.0,-0.0
1743696047.2639623,0.0,-94.0,339.0,,9.845,-0.029,-0.833,0.03333333333333333,0.0,-0.0
1743696047.402485,0.0,-94.0,339.0,,9.835,-0.039,-0.833,0.03333333333333333,0.0,-0.0
1743696047.5415246,0.0,-94.0,339.0,,9.845,-0.049,-0.813,0.03333333333333333,0.0,-0.0
1743696047.6807828,0.0,-94.0,339.0,,9.835,-0.02,-0.842,0.03333333333333333,0.0,-0.0
1743696047.841047,0.0,-94.0,339.0,,9.835,-0.029,-0.842,0.03333333333333333,0.0,-0.0
1743696048.0570958,0.0,-94.0,339.0,,9.835,-0.039,-0.823,0.03333333333333333,0.0,-0.0
1743696048.2499373,0.0,-94.0,339.0,,9.835,-0.029,-0.833,0.03333333333333333,0.0,-0.0
1743696048.3871574,0.0,-94.0,339.0,,9.845,-0.029,-0.823,0.03333333333333333,0.0,-0.0
1743696048.5285943,0.0,-94.0,339.0,,9.845,-0.039,-0.833,0.03333333333333333,0.0,-0.0
1743696048.6658955,0.0,-94.0,339.0,,9.845,-0.059,-0.813,0.03333333333333333,0.0,-0.0
1743696048.8038852,0.0,-94.0,339.0,,9.835,-0.02,-0.833,0.03333333333333333,0.0,-0.0
1743696048.9449203,0.0,-94.0,339.0,,9.845,-0.029,-0.842,0.03333333333333333,0.0,-0.0
1743696049.0849116,0.0,-94.0,339.0,,9.835,-0.02,-0.842,0.03333333333333333,0.0,-0.0
1743696049.2232118,0.0,-94.0,339.0,,9.835,-0.039,-0.842,0.03333333333333333,0.0,-0.0
1743696049.3633125,0.0,-94.0,339.0,,9.845,-0.029,-0.833,0.03333333333333333,0.0,-0.0
1743696049.502984,0.0,-94.0,339.0,,9.835,-0.01,-0.842,0.03333333333333333,0.0,-0.0
1743696049.6790009,0.0,-94.0,339.0,,9.845,-0.029,-0.833,0.03333333333333333,0.0,-0.0
1743696049.8699014,0.0,-94.0,339.0,,9.835,-0.029,-0.833,0.03333333333333333,0.0,-0.0
1743696050.0520432,0.0,-94.0,339.0,,9.835,-0.069,-0.803,0.03333333333333333,0.0,-0.0
1743696050.230377,0.0,-94.0,339.0,,9.855,-0.078,-0.803,0.03333333333333333,0.0,-0.0
1743696050.4053621,0.0,-94.0,339.0,,9.835,-0.059,-0.813,0.03333333333333333,0.0,-0.0
1743696050.54553,0.0,-94.0,339.0,,9.845,-0.039,-0.833,0.03333333333333333,0.0,-0.0
1743696050.688297,0.0,-94.0,339.0,,9.845,-0.029,-0.842,0.03333333333333333,0.0,-0.0
1743696050.8291605,0.0,-94.0,339.0,,9.835,-0.039,-0.823,0.03333333333333333,0.0,-0.0
1743696050.9694002,0.0,-94.0,339.0,,9.845,-0.039,-0.813,0.03333333333333333,0.0,-0.0
1743696051.109904,0.0,-94.0,339.0,,9.845,-0.029,-0.833,0.03333333333333333,0.0,-0.0
1743696051.2509325,0.0,-94.0,339.0,,9.835,-0.01,-0.842,0.03333333333333333,0.0,-0.0
1743696051.395112,0.0,-94.0,339.0,,9.835,-0.01,-0.852,0.03333333333333333,0.0,-0.0
1743696051.5337234,0.0,-94.0,339.0,,9.835,-0.039,-0.842,0.03333333333333333,0.0,-0.0
1743696051.6720371,0.0,-94.0,339.0,,9.835,-0.02,-0.842,0.03333333333333333,0.0,-0.0
1743696051.8130593,0.0,-94.0,339.0,,9.835,-0.049,-0.833,0.03333333333333333,0.0,-0.0
1743696051.954319,0.0,-94.0,339.0,,9.845,-0.039,-0.833,0.03333333333333333,0.0,-0.0
1743696052.0961952,0.0,-94.0,339.0,,9.835,-0.029,-0.833,0.03333333333333333,0.0,-0.0
1743696052.2371156,0.0,-94.0,339.0,,9.845,-0.029,-0.842,0.03333333333333333,0.0,-0.0
1743696052.3773644,0.0,-94.0,339.0,,9.835,-0.039,-0.833,0.03333333333333333,0.0,-0.0
1743696052.5167642,0.0,-94.0,339.0,,9.845,-0.039,-0.833,0.03333333333333333,0.0,-0.0
1743696052.6600235,0.0,-94.0,339.0,,9.845,-0.029,-0.833,0.03333333333333333,0.0,-0.0
1743696052.8020608,0.0,-94.0,339.0,,9.835,-0.029,-0.833,0.03333333333333333,0.0,-0.0
1743696052.9430904,0.0,-94.0,339.0,,9.835,-0.029,-0.842,0.03333333333333333,0.0,-0.0
1743696053.0841136,0.0,-94.0,339.0,,9.835,-0.039,-0.833,0.03333333333333333,0.0,-0.0
1743696053.2252252,0.0,-94.0,339.0,,9.835,-0.029,-0.833,0.03333333333333333,0.0,-0.0
1743696053.362978,0.0,-94.0,339.0,,9.845,-0.039,-0.833,0.03333333333333333,0.0,-0.0
1743696053.5035274,0.0,-94.0,339.0,,9.835,-0.039,-0.833,0.03333333333333333,0.0,-0.0
1743696053.6438015,0.0,-94.0,339.0,,9.845,-0.039,-0.833,0.03333333333333333,0.0,-0.0
1743696053.7853642,0.0,-94.0,339.0,,9.845,-0.039,-0.833,0.03333333333333333,0.0,-0.0
1743696053.926377,0.0,-94.0,339.0,,9.845,-0.039,-0.833,0.03333333333333333,0.0,-0.0
1743696054.065838,0.0,-94.0,339.0,,9.845,-0.049,-0.833,0.03333333333333333,0.0,-0.0
1743696054.2066352,0.0,-94.0,339.0,,9.835,-0.039,-0.833,0.03333333333333333,0.0,-0.0
1743696054.4374914,0.0,-94.0,339.0,,9.845,-0.039,-0.823,0.03333333333333333,0.0,-0.0
1743696054.6159809,0.0,-94.0,339.0,,9.835,-0.039,-0.823,0.03333333333333333,0.0,-0.0
1743696054.758135,0.0,-94.0,339.0,,9.845,-0.029,-0.833,0.03333333333333333,0.0,-0.0
1743696054.9052484,0.0,-94.0,339.0,,9.835,-0.039,-0.833,0.03333333333333333,0.0,-0.0
1743696055.0462027,0.0,-94.0,339.0,,9.845,-0.039,-0.823,0.03333333333333333,0.0,-0.0
1743696055.184593,0.0,-94.0,339.0,,9.835,-0.039,-0.833,0.03333333333333333,0.0,-0.0
1743696055.3238251,0.0,-94.0,339.0,,9.845,-0.029,-0.833,0.03333333333333333,0.0,-0.0
1743696055.4651675,0.0,-94.0,339.0,,9.845,-0.039,-0.833,0.03333333333333333,0.0,-0.0
1743696055.6057785,0.0,-94.0,339.0,,9.845,-0.029,-0.833,0.03333333333333333,0.0,-0.0
1743696055.7450018,0.0,-94.0,339.0,,9.845,-0.039,-0.823,0.03333333333333333,0.0,-0.0
1743696055.8847704,0.0,-94.0,339.0,,9.835,-0.039,-0.833,0.03333333333333333,0.0,-0.0
1743696056.039243,0.0,-94.0,339.0,,9.835,-0.029,-0.833,0.03333333333333333,0.0,-0.0
1743696056.192791,0.0,-94.0,339.0,,9.845,-0.039,-0.823,0.03333333333333333,0.0,-0.0
1743696056.336965,0.0,-94.0,339.0,,9.835,-0.039,-0.823,0.03333333333333333,0.0,-0.0
1743696056.4785874,0.0,-94.0,339.0,,9.835,-0.029,-0.833,0.03333333333333333,0.0,-0.0
1743696056.619627,0.0,-94.0,339.0,,9.835,-0.039,-0.823,0.03333333333333333,0.0,-0.0
1743696056.7589805,0.0,-94.0,339.0,,9.835,-0.039,-0.823,0.03333333333333333,0.0,-0.0
1743696056.899945,0.0,-94.0,339.0,,9.825,-0.029,-0.842,0.03333333333333333,0.0,-0.0
1743696057.0401933,0.0,-94.0,339.0,,9.835,-0.029,-0.842,0.03333333333333333,0.0,-0.0
1743696057.1839788,0.0,-94.0,339.0,,9.845,-0.029,-0.833,0.03333333333333333,0.0,-0.0
1743696057.3237593,0.0,-94.0,339.0,,9.845,-0.039,-0.842,0.03333333333333333,0.0,-0.0
1743696057.478925,0.0,-94.0,339.0,,9.845,-0.039,-0.823,0.03333333333333333,0.0,-0.0
1743696057.6185925,0.0,-94.0,339.0,,9.835,-0.039,-0.823,0.03333333333333333,0.0,-0.0
1743696057.7596095,0.0,-94.0,339.0,,9.835,-0.049,-0.823,0.03333333333333333,0.0,-0.0
1743696057.900131,0.0,-94.0,339.0,,9.835,-0.029,-0.842,0.03333333333333333,0.0,-0.0
1743696058.041271,0.0,-94.0,339.0,,9.835,-0.049,-0.823,0.03333333333333333,0.0,-0.0
1743696058.1828153,0.0,-94.0,339.0,,9.835,-0.049,-0.823,0.03333333333333333,0.0,-0.0
1743696058.3215253,0.0,-94.0,339.0,,9.845,-0.029,-0.833,0.03333333333333333,0.0,-0.0
1743696058.4648726,0.0,-94.0,339.0,,9.845,-0.039,-0.833,0.03333333333333333,0.0,-0.0
1743696058.6072457,0.0,-94.0,339.0,,9.835,-0.059,-0.823,0.03333333333333333,0.0,-0.0
1743696058.7471724,0.0,-94.0,339.0,,9.845,-0.039,-0.823,0.03333333333333333,0.0,-0.0
1743696058.8876457,0.0,-94.0,339.0,,9.835,-0.039,-0.833,0.03333333333333333,0.0,-0.0
1743696059.0295713,0.0,-94.0,339.0,,9.835,-0.029,-0.842,0.03333333333333333,0.0,-0.0
1743696059.1701224,0.0,-94.0,339.0,,9.835,-0.029,-0.833,0.03333333333333333,0.0,-0.0
1743696059.3122404,0.0,-94.0,339.0,,9.845,-0.039,-0.833,0.03333333333333333,0.0,-0.0
1743696059.453438,0.0,-94.0,339.0,,9.835,-0.039,-0.823,0.03333333333333333,0.0,-0.0
1743696059.5925813,0.0,-94.0,339.0,,9.845,-0.039,-0.833,0.03333333333333333,0.0,-0.0
1743696059.7347176,0.0,-94.0,339.0,,9.845,-0.02,-0.842,0.03333333333333333,0.0,-0.0
1743696059.8755689,0.0,-94.0,339.0,,9.845,-0.039,-0.833,0.03333333333333333,0.0,-0.0
1743696060.0191922,0.0,-94.0,339.0,,9.835,-0.029,-0.842,0.03333333333333333,0.0,-0.0
1743696060.161234,0.0,-94.0,339.0,,9.835,-0.039,-0.833,0.03333333333333333,0.0,-0.0
1743696060.3021054,0.0,-94.0,339.0,,9.845,-0.039,-0.842,0.03333333333333333,0.0,-0.0
1743696060.4439385,0.0,-94.0,339.0,,9.845,-0.029,-0.833,0.03333333333333333,0.0,-0.0
1743696060.5831175,0.0,-94.0,339.0,,9.845,-0.039,-0.833,0.03333333333333333,0.0,-0.0
1743696060.724108,0.0,-94.0,339.0,,9.835,-0.039,-0.823,0.03333333333333333,0.0,-0.0
1743696060.8649297,0.0,-94.0,339.0,,9.845,-0.039,-0.833,0.03333333333333333,0.0,-0.0
1743696061.0050933,0.0,-94.0,339.0,,9.835,-0.029,-0.823,0.03333333333333333,0.0,-0.0
1743696061.1522222,0.0,-94.0,339.0,,9.835,-0.049,-0.823,0.03333333333333333,0.0,-0.0
1743696061.2937517,0.0,-94.0,339.0,,9.835,-0.02,-0.833,0.03333333333333333,0.0,-0.0
1743696061.435105,0.0,-94.0,339.0,,9.845,-0.029,-0.842,0.03333333333333333,0.0,-0.0
1743696061.577971,0.0,-94.0,339.0,,9.835,-0.039,-0.833,0.03333333333333333,0.0,-0.0
1743696061.7599778,0.0,-94.0,339.0,,9.845,-0.039,-0.833,0.03333333333333333,0.0,-0.0
1743696061.9625075,0.0,-94.0,339.0,,9.835,-0.029,-0.842,0.03333333333333333,0.0,-0.0
1743696062.1524158,0.0,-94.0,339.0,,9.845,-0.039,-0.823,0.03333333333333333,0.0,-0.0
1743696062.3017669,0.0,-94.0,339.0,,9.835,-0.039,-0.833,0.03333333333333333,0.0,-0.0
1743696062.4422426,0.0,-94.0,339.0,,9.835,-0.039,-0.833,0.03333333333333333,0.0,-0.0
1743696062.5834222,0.0,-94.0,339.0,,9.845,-0.049,-0.842,0.03333333333333333,0.0,-0.0
1743696062.7277937,0.0,-94.0,339.0,,9.835,-0.049,-0.833,0.03333333333333333,0.0,-0.0
1743696062.8690517,0.0,-94.0,339.0,,9.835,-0.039,-0.833,0.03333333333333333,0.0,-0.0
1743696063.008797,0.0,-94.0,339.0,,9.845,-0.039,-0.833,0.03333333333333333,0.0,-0.0
1743696063.1736515,0.0,-94.0,339.0,,9.835,-0.039,-0.833,0.03333333333333333,0.0,-0.0
1743696063.313974,0.0,-94.0,339.0,,9.835,-0.029,-0.833,0.03333333333333333,0.0,-0.0
1743696063.4705195,0.0,-94.0,339.0,,9.835,-0.039,-0.833,0.03333333333333333,0.0,-0.0
1743696063.6558144,0.0,-94.0,339.0,,9.835,-0.029,-0.833,0.03333333333333333,0.0,-0.0
1743696063.835538,0.0,-94.0,339.0,,9.845,-0.039,-0.833,0.03333333333333333,0.0,-0.0
1743696064.0175593,0.0,-94.0,339.0,,9.845,-0.039,-0.833,0.03333333333333333,0.0,-0.0
1743696064.1979802,0.0,-94.0,339.0,,9.845,-0.049,-0.833,0.03333333333333333,0.0,-0.0
1743696064.348891,0.0,-94.0,339.0,,9.845,-0.039,-0.823,0.03333333333333333,0.0,-0.0
1743696064.4929786,0.0,-94.0,339.0,,9.835,-0.039,-0.833,0.03333333333333333,0.0,-0.0
1743696064.6325238,0.0,-94.0,339.0,,9.835,-0.029,-0.833,0.03333333333333333,0.0,-0.0
1743696064.7771614,0.0,-94.0,339.0,,9.845,-0.02,-0.842,0.03333333333333333,0.0,-0.0
1743696064.919412,0.0,-94.0,339.0,,9.845,-0.029,-0.842,0.03333333333333333,0.0,-0.0
1743696065.0599318,0.0,-94.0,339.0,,9.835,-0.049,-0.842,0.03333333333333333,0.0,-0.0
1743696065.198326,0.0,-94.0,339.0,,9.835,-0.029,-0.862,0.03333333333333333,0.0,-0.0
1743696065.3380709,0.0,-94.0,339.0,,9.835,-0.049,-0.803,0.03333333333333333,0.0,-0.0
1743696065.4776142,0.0,-94.0,339.0,,9.835,-0.039,-0.813,0.03333333333333333,0.0,-0.0
1743696065.6173446,0.0,-94.0,339.0,,9.845,-0.059,-0.813,0.03333333333333333,0.0,-0.0
1743696065.7562294,0.0,-94.0,339.0,,9.845,-0.049,-0.852,0.03333333333333333,0.0,-0.0
1743696065.8947344,0.0,-94.0,339.0,,9.835,-0.049,-0.842,0.03333333333333333,0.0,-0.0
1743696066.0330236,0.0,-94.0,339.0,,9.835,-0.029,-0.833,0.03333333333333333,0.0,-0.0
1743696066.1737068,0.0,-94.0,339.0,,9.845,-0.039,-0.833,0.03333333333333333,0.0,-0.0
1743696066.3123686,0.0,-94.0,339.0,,9.845,-0.039,-0.833,0.03333333333333333,0.0,-0.0
1743696066.4507306,0.0,-94.0,339.0,,9.835,-0.039,-0.833,0.03333333333333333,0.0,-0.0
1743696066.5900884,0.0,-94.0,339.0,,9.835,-0.039,-0.823,0.03333333333333333,0.0,-0.0
1743696066.7422905,0.0,-94.0,339.0,,9.845,-0.039,-0.833,0.03333333333333333,0.0,-0.0
1743696066.8795109,0.0,-94.0,339.0,,9.835,-0.049,-0.833,0.03333333333333333,0.0,-0.0
1743696067.017401,0.0,-94.0,339.0,,9.835,-0.039,-0.833,0.03333333333333333,0.0,-0.0
1743696067.1579456,0.0,-94.0,339.0,,9.845,-0.039,-0.823,0.03333333333333333,0.0,-0.0
1743696067.2986476,0.0,-94.0,339.0,,9.845,-0.039,-0.833,0.03333333333333333,0.0,-0.0
1743696067.4372692,0.0,-94.0,339.0,,9.845,-0.039,-0.833,0.03333333333333333,0.0,-0.0
1743696067.5752034,0.0,-94.0,339.0,,9.835,-0.039,-0.833,0.03333333333333333,0.0,-0.0
1743696067.7150872,0.0,-94.0,339.0,,9.845,-0.039,-0.833,0.03333333333333333,0.0,-0.0
1743696067.8532815,0.0,-94.0,339.0,,9.835,-0.039,-0.833,0.03333333333333333,0.0,-0.0
1743696067.9922485,0.0,-94.0,339.0,,9.835,-0.029,-0.833,0.03333333333333333,0.0,-0.0
1743696068.1297755,0.0,-94.0,339.0,,9.835,-0.039,-0.842,0.03333333333333333,0.0,-0.0
1743696068.2711337,0.0,-94.0,339.0,,9.835,-0.039,-0.833,0.03333333333333333,0.0,-0.0
1743696068.4177086,0.0,-94.0,339.0,,9.835,-0.029,-0.823,0.03333333333333333,0.0,-0.0
1743696068.6051593,0.0,-94.0,339.0,,9.835,-0.039,-0.833,0.03333333333333333,0.0,-0.0
1743696068.7750702,0.0,-94.0,339.0,,9.845,-0.039,-0.833,0.03333333333333333,0.0,-0.0
1743696068.9153755,0.0,-94.0,339.0,,9.845,-0.029,-0.833,0.03333333333333333,0.0,-0.0
1743696069.0533843,0.0,-94.0,339.0,,9.845,-0.039,-0.833,0.03333333333333333,0.0,-0.0
1743696069.1979573,0.0,-94.0,339.0,,9.835,-0.039,-0.833,0.03333333333333333,0.0,-0.0
1743696069.338614,0.0,-94.0,339.0,,9.845,-0.039,-0.833,0.03333333333333333,0.0,-0.0
1743696069.4768302,0.0,-94.0,339.0,,9.835,-0.039,-0.833,0.03333333333333333,0.0,-0.0
1743696069.6143675,0.0,-94.0,339.0,,9.835,-0.039,-0.833,0.03333333333333333,0.0,-0.0
1743696069.7534332,0.0,-94.0,339.0,,9.845,-0.029,-0.833,0.03333333333333333,0.0,-0.0
1743696069.8929224,0.0,-94.0,339.0,,9.845,-0.039,-0.842,0.03333333333333333,0.0,-0.0
1743696070.031326,0.0,-94.0,339.0,,9.835,-0.039,-0.833,0.03333333333333333,0.0,-0.0
1743696070.1856275,0.0,-94.0,339.0,,9.845,-0.039,-0.833,0.03333333333333333,0.0,-0.0
1743696070.3214946,0.0,-94.0,339.0,,9.845,-0.029,-0.833,0.03333333333333333,0.0,-0.0
1743696070.459583,0.0,-94.0,339.0,,9.845,-0.039,-0.833,0.03333333333333333,0.0,-0.0
1743696070.5996728,0.0,-94.0,339.0,,9.845,-0.039,-0.833,0.03333333333333333,0.0,-0.0
1743696070.739256,0.0,-94.0,339.0,,9.845,-0.029,-0.842,0.03333333333333333,0.0,-0.0
1743696070.877444,0.0,-94.0,339.0,,9.845,-0.039,-0.833,0.03333333333333333,0.0,-0.0
1743696071.0168784,0.0,-94.0,339.0,,9.835,-0.029,-0.833,0.03333333333333333,0.0,-0.0
1743696071.1567385,0.0,-94.0,339.0,,9.835,-0.029,-0.833,0.03333333333333333,0.0,-0.0
1743696071.295216,0.0,-94.0,339.0,,9.835,-0.039,-0.833,0.03333333333333333,0.0,-0.0
1743696071.4359908,0.0,-94.0,339.0,,9.845,-0.039,-0.823,0.03333333333333333,0.0,-0.0
1743696071.574794,0.0,-94.0,339.0,,9.835,-0.039,-0.833,0.03333333333333333,0.0,-0.0
1743696071.7135408,0.0,-94.0,339.0,,9.845,-0.049,-0.823,0.03333333333333333,0.0,-0.0
1743696071.8541825,0.0,-94.0,339.0,,9.835,-0.039,-0.823,0.03333333333333333,0.0,-0.0
1743696071.9981031,0.0,-94.0,339.0,,9.845,-0.039,-0.823,0.03333333333333333,0.0,-0.0
1743696072.13764,0.0,-94.0,339.0,,9.845,-0.049,-0.833,0.03333333333333333,0.0,-0.0
1743696072.2815118,0.0,-94.0,339.0,,9.835,-0.039,-0.833,0.03333333333333333,0.0,-0.0
1743696072.502742,0.0,-94.0,339.0,,9.835,-0.049,-0.833,0.03333333333333333,0.0,-0.0
1743696072.640509,0.0,-94.0,339.0,,9.845,-0.039,-0.833,0.03333333333333333,0.0,-0.0
1743696072.7803044,0.0,-94.0,339.0,,9.835,-0.039,-0.833,0.03333333333333333,0.0,-0.0
1743696072.9467192,0.0,-94.0,339.0,,9.845,-0.039,-0.833,0.03333333333333333,0.0,-0.0
1743696073.1395302,0.0,-94.0,339.0,,9.845,-0.049,-0.823,0.03333333333333333,0.0,-0.0
1743696073.3017972,0.0,-94.0,339.0,,9.835,-0.049,-0.833,0.03333333333333333,0.0,-0.0
1743696073.4386344,0.0,-94.0,339.0,,9.845,-0.039,-0.833,0.03333333333333333,0.0,-0.0
1743696073.5791378,0.0,-94.0,339.0,,9.845,-0.039,-0.823,0.03333333333333333,0.0,-0.0
1743696073.7185414,0.0,-94.0,339.0,,9.845,-0.029,-0.833,0.03333333333333333,0.0,-0.0
1743696073.861448,0.0,-94.0,339.0,,9.845,-0.039,-0.833,0.03333333333333333,0.0,-0.0
1743696074.0077903,0.0,-94.0,339.0,,9.845,-0.039,-0.842,0.03333333333333333,0.0,-0.0
1743696074.1472979,0.0,-94.0,339.0,,9.835,-0.029,-0.833,0.03333333333333333,0.0,-0.0
1743696074.2861316,0.0,-94.0,339.0,,9.845,-0.039,-0.823,0.03333333333333333,0.0,-0.0
1743696074.424779,0.0,-94.0,339.0,,9.845,-0.039,-0.823,0.03333333333333333,0.0,-0.0
1743696074.5663486,0.0,-94.0,339.0,,9.845,-0.039,-0.842,0.03333333333333333,0.0,-0.0
1743696074.7106266,0.0,-94.0,339.0,,9.845,-0.029,-0.833,0.03333333333333333,0.0,-0.0
1743696074.8496013,0.0,-94.0,339.0,,9.835,-0.039,-0.833,0.03333333333333333,0.0,-0.0
1743696074.9885616,0.0,-94.0,339.0,,9.845,-0.029,-0.833,0.03333333333333333,0.0,-0.0
1743696075.1253114,0.0,-94.0,339.0,,9.845,-0.029,-0.833,0.03333333333333333,0.0,-0.0
1743696075.2682533,0.0,-94.0,339.0,,9.845,-0.029,-0.833,0.03333333333333333,0.0,-0.0
1743696075.4050732,0.0,-94.0,339.0,,9.835,-0.039,-0.833,0.03333333333333333,0.0,-0.0
1743696075.5435622,0.0,-94.0,339.0,,9.845,-0.039,-0.833,0.03333333333333333,0.0,-0.0
1743696075.7088041,0.0,-94.0,339.0,,9.835,-0.039,-0.833,0.03333333333333333,0.0,-0.0
1743696075.895775,0.0,-94.0,339.0,,9.835,-0.039,-0.833,0.03333333333333333,0.0,-0.0
1743696076.0842736,0.0,-94.0,339.0,,9.845,-0.039,-0.833,0.03333333333333333,0.0,-0.0
1743696076.2241244,0.0,-94.0,339.0,,9.835,-0.039,-0.833,0.03333333333333333,0.0,-0.0
1743696076.373482,0.0,-94.0,339.0,,9.835,-0.029,-0.833,0.03333333333333333,0.0,-0.0
1743696076.5103233,0.0,-94.0,339.0,,9.835,-0.029,-0.833,0.03333333333333333,0.0,-0.0
1743696076.648067,0.0,-94.0,339.0,,9.835,-0.039,-0.833,0.03333333333333333,0.0,-0.0
1743696076.7893384,0.0,-94.0,339.0,,9.845,-0.039,-0.833,0.03333333333333333,0.0,-0.0
1743696076.9287927,0.0,-94.0,339.0,,9.845,-0.039,-0.833,0.03333333333333333,0.0,-0.0
1743696077.0667586,0.0,-94.0,339.0,,9.845,-0.039,-0.833,0.03333333333333333,0.0,-0.0
1743696077.2500272,0.0,-94.0,339.0,,9.835,-0.039,-0.833,0.03333333333333333,0.0,-0.0
1743696077.3978703,0.0,-94.0,339.0,,9.845,-0.039,-0.833,0.03333333333333333,0.0,-0.0
1743696077.5865235,0.0,-94.0,339.0,,9.835,-0.039,-0.842,0.03333333333333333,0.0,-0.0
1743696077.7773561,0.0,-94.0,339.0,,9.835,-0.039,-0.833,0.03333333333333333,0.0,-0.0
1743696077.966801,0.0,-94.0,339.0,,9.845,-0.039,-0.833,0.03333333333333333,0.0,-0.0
1743696078.151492,0.0,-94.0,339.0,,9.835,-0.029,-0.842,0.03333333333333333,0.0,-0.0
1743696078.3103216,0.0,-94.0,339.0,,9.835,-0.039,-0.833,0.03333333333333333,0.0,-0.0
1743696078.447904,0.0,-94.0,339.0,,9.835,-0.029,-0.833,0.03333333333333333,0.0,-0.0
1743696078.5872395,0.0,-94.0,339.0,,9.835,-0.039,-0.833,0.03333333333333333,0.0,-0.0
1743696078.7293499,0.0,-94.0,339.0,,9.835,-0.039,-0.833,0.03333333333333333,0.0,-0.0
1743696078.868567,0.0,-94.0,339.0,,9.845,-0.029,-0.833,0.03333333333333333,0.0,-0.0
1743696079.0089161,0.0,-94.0,339.0,,9.835,-0.029,-0.833,0.03333333333333333,0.0,-0.0
1743696079.1493962,0.0,-94.0,339.0,,9.835,-0.039,-0.833,0.03333333333333333,0.0,-0.0
1743696079.289738,0.0,-94.0,339.0,,9.835,-0.029,-0.833,0.03333333333333333,0.0,-0.0
1743696079.4276392,0.0,-94.0,339.0,,9.845,-0.039,-0.833,0.03333333333333333,0.0,-0.0
1743696079.5669491,0.0,-94.0,339.0,,9.835,-0.039,-0.833,0.03333333333333333,0.0,-0.0
1743696079.7077677,0.0,-94.0,339.0,,9.845,-0.039,-0.833,0.03333333333333333,0.0,-0.0
1743696079.846376,0.0,-94.0,339.0,,9.835,-0.029,-0.842,0.03333333333333333,0.0,-0.0
1743696079.9866893,0.0,-94.0,339.0,,9.845,-0.039,-0.842,0.03333333333333333,0.0,-0.0
1743696080.1233091,0.0,-94.0,339.0,,9.835,-0.029,-0.833,0.03333333333333333,0.0,-0.0
1743696080.2642357,0.0,-94.0,339.0,,9.835,-0.029,-0.833,0.03333333333333333,0.0,-0.0
1743696080.4131496,0.0,-94.0,339.0,,9.835,-0.029,-0.842,0.03333333333333333,0.0,-0.0
1743696080.5517843,0.0,-94.0,339.0,,9.845,-0.039,-0.842,0.03333333333333333,0.0,-0.0
1743696080.6929145,0.0,-94.0,339.0,,9.835,-0.029,-0.833,0.03333333333333333,0.0,-0.0
1743696080.832885,0.0,-94.0,339.0,,9.845,-0.029,-0.833,0.03333333333333333,0.0,-0.0
1743696080.972939,0.0,-94.0,339.0,,9.835,-0.029,-0.842,0.03333333333333333,0.0,-0.0
1743696081.1146417,0.0,-94.0,339.0,,9.845,-0.029,-0.833,0.03333333333333333,0.0,-0.0
1743696081.2543714,0.0,-94.0,339.0,,9.835,-0.039,-0.833,0.03333333333333333,0.0,-0.0
1743696081.3933163,0.0,-94.0,339.0,,9.835,-0.039,-0.833,0.03333333333333333,0.0,-0.0
1743696081.5316074,0.0,-94.0,339.0,,9.845,-0.039,-0.833,0.03333333333333333,0.0,-0.0
1743696081.6699476,0.0,-94.0,339.0,,9.845,-0.049,-0.833,0.03333333333333333,0.0,-0.0
1743696081.8088024,0.0,-94.0,339.0,,9.845,-0.029,-0.833,0.03333333333333333,0.0,-0.0
1743696081.9476233,0.0,-94.0,339.0,,9.835,-0.029,-0.833,0.03333333333333333,0.0,-0.0
1743696082.08652,0.0,-94.0,339.0,,9.835,-0.039,-0.833,0.03333333333333333,0.0,-0.0
1743696082.2282932,0.0,-94.0,339.0,,9.835,-0.039,-0.833,0.03333333333333333,0.0,-0.0
1743696082.3670883,0.0,-94.0,339.0,,9.845,-0.039,-0.842,0.03333333333333333,0.0,-0.0
1743696082.505877,0.0,-94.0,339.0,,9.835,-0.039,-0.833,0.03333333333333333,0.0,-0.0
1743696082.6437154,0.0,-94.0,339.0,,9.845,-0.039,-0.833,0.03333333333333333,0.0,-0.0
1743696082.7827961,0.0,-94.0,339.0,,9.835,-0.039,-0.833,0.03333333333333333,0.0,-0.0
1743696082.9209461,0.0,-94.0,339.0,,9.845,-0.039,-0.842,0.03333333333333333,0.0,-0.0
1743696083.057583,0.0,-94.0,339.0,,9.835,-0.039,-0.833,0.03333333333333333,0.0,-0.0
1743696083.1958344,0.0,-94.0,339.0,,9.845,-0.039,-0.833,0.03333333333333333,0.0,-0.0
1743696083.3337674,0.0,-94.0,339.0,,9.835,-0.039,-0.842,0.03333333333333333,0.0,-0.0
1743696083.4712136,0.0,-94.0,339.0,,9.835,-0.039,-0.833,0.03333333333333333,0.0,-0.0
1743696083.606735,0.0,-94.0,339.0,,9.835,-0.029,-0.842,0.03333333333333333,0.0,-0.0
1743696083.7463114,0.0,-94.0,339.0,,9.845,-0.029,-0.833,0.03333333333333333,0.0,-0.0
1743696083.8861728,0.0,-94.0,339.0,,9.845,-0.039,-0.842,0.03333333333333333,0.0,-0.0
1743696084.0249534,0.0,-94.0,339.0,,9.845,-0.039,-0.833,0.03333333333333333,0.0,-0.0
1743696084.1648588,0.0,-94.0,339.0,,9.835,-0.039,-0.833,0.03333333333333333,0.0,-0.0
1743696084.3103654,0.0,-94.0,339.0,,9.845,-0.029,-0.842,0.03333333333333333,0.0,-0.0
1743696084.4489129,0.0,-94.0,339.0,,9.835,-0.039,-0.833,0.03333333333333333,0.0,-0.0
1743696084.5891128,0.0,-94.0,339.0,,9.835,-0.039,-0.833,0.03333333333333333,0.0,-0.0
1743696084.7294402,0.0,-94.0,339.0,,9.835,-0.039,-0.833,0.03333333333333333,0.0,-0.0
1743696084.8669858,0.0,-94.0,339.0,,9.845,-0.039,-0.833,0.03333333333333333,0.0,-0.0
1743696085.008475,0.0,-94.0,339.0,,9.835,-0.029,-0.833,0.03333333333333333,0.0,-0.0
1743696085.1482897,0.0,-94.0,339.0,,9.845,-0.039,-0.833,0.03333333333333333,0.0,-0.0
1743696085.2846575,0.0,-94.0,339.0,,9.845,-0.029,-0.833,0.03333333333333333,0.0,-0.0
1743696085.4359057,0.0,-94.0,339.0,,9.845,-0.039,-0.842,0.03333333333333333,0.0,-0.0
1743696085.5735962,0.0,-94.0,339.0,,9.845,-0.039,-0.842,0.03333333333333333,0.0,-0.0
1743696085.7124457,0.0,-94.0,339.0,,9.835,-0.039,-0.833,0.03333333333333333,0.0,-0.0
1743696085.8533008,0.0,-94.0,339.0,,9.845,-0.039,-0.833,0.03333333333333333,0.0,-0.0
1743696085.9930246,0.0,-94.0,339.0,,9.835,-0.039,-0.833,0.03333333333333333,0.0,-0.0
1743696086.1565425,0.0,-94.0,339.0,,9.835,-0.039,-0.833,0.03333333333333333,0.0,-0.0
1743696086.2968688,0.0,-94.0,339.0,,9.845,-0.039,-0.833,0.03333333333333333,0.0,-0.0
1743696086.4352052,0.0,-94.0,339.0,,9.845,-0.039,-0.842,0.03333333333333333,0.0,-0.0
1743696086.5958722,0.0,-94.0,339.0,,9.845,-0.049,-0.833,0.03333333333333333,0.0,-0.0
1743696086.7530859,0.0,-94.0,339.0,,9.835,-0.039,-0.823,0.03333333333333333,0.0,-0.0
1743696086.8927839,0.0,-94.0,339.0,,9.835,-0.029,-0.833,0.03333333333333333,0.0,-0.0
1743696087.0886142,0.0,-94.0,339.0,,9.835,-0.039,-0.842,0.03333333333333333,0.0,-0.0
1743696087.2875884,0.0,-94.0,339.0,,9.845,-0.029,-0.833,0.03333333333333333,0.0,-0.0
1743696087.4872358,0.0,-94.0,339.0,,9.835,-0.029,-0.842,0.03333333333333333,0.0,-0.0
1743696087.6889596,0.0,-94.0,339.0,,9.845,-0.039,-0.842,0.03333333333333333,0.0,-0.0
1743696087.9372609,0.0,-94.0,339.0,,9.835,-0.039,-0.833,0.03333333333333333,0.0,-0.0
1743696088.1474397,0.0,-94.0,339.0,,9.835,-0.039,-0.842,0.03333333333333333,0.0,-0.0
1743696088.3452284,0.0,-94.0,339.0,,9.845,-0.039,-0.842,0.03333333333333333,0.0,-0.0
1743696088.534364,0.0,-94.0,339.0,,9.845,-0.039,-0.842,0.03333333333333333,0.0,-0.0
1743696088.7208161,0.0,-94.0,339.0,,9.835,-0.029,-0.823,0.03333333333333333,0.0,-0.0
1743696088.9080894,0.0,-94.0,339.0,,9.835,-0.039,-0.833,0.03333333333333333,0.0,-0.0
1743696089.0976484,0.0,-94.0,339.0,,9.835,-0.029,-0.833,0.03333333333333333,0.0,-0.0
1743696089.313421,0.0,-94.0,339.0,,9.845,-0.029,-0.833,0.03333333333333333,0.0,-0.0
1743696089.5045648,0.0,-94.0,339.0,,9.835,-0.029,-0.833,0.03333333333333333,0.0,-0.0
1743696089.6441667,0.0,-94.0,339.0,,9.845,-0.039,-0.833,0.03333333333333333,0.0,-0.0
1743696089.7859674,0.0,-94.0,339.0,,9.845,-0.039,-0.833,0.03333333333333333,0.0,-0.0
1743696089.9276595,0.0,-94.0,339.0,,9.845,-0.039,-0.823,0.03333333333333333,0.0,-0.0
1743696090.0689394,0.0,-94.0,339.0,,9.845,-0.029,-0.833,0.03333333333333333,0.0,-0.0
1743696090.206632,0.0,-94.0,339.0,,9.835,-0.029,-0.823,0.03333333333333333,0.0,-0.0
1743696090.3436177,0.0,-94.0,339.0,,9.835,-0.039,-0.842,0.03333333333333333,0.0,-0.0
1743696090.4846473,0.0,-94.0,339.0,,9.835,-0.039,-0.833,0.03333333333333333,0.0,-0.0
1743696090.623039,0.0,-94.0,339.0,,9.845,-0.029,-0.823,0.03333333333333333,0.0,-0.0
1743696090.7633905,0.0,-94.0,339.0,,9.835,-0.029,-0.833,0.03333333333333333,0.0,-0.0
1743696090.9024484,0.0,-94.0,339.0,,9.835,-0.029,-0.833,0.03333333333333333,0.0,-0.0
1743696091.039927,0.0,-94.0,339.0,,9.845,-0.029,-0.842,0.03333333333333333,0.0,-0.0
1743696091.1793406,0.0,-94.0,339.0,,9.835,-0.029,-0.842,0.03333333333333333,0.0,-0.0
1743696091.31833,0.0,-94.0,339.0,,9.845,-0.039,-0.842,0.03333333333333333,0.0,-0.0
1743696091.4566483,0.0,-94.0,339.0,,9.845,-0.039,-0.833,0.03333333333333333,0.0,-0.0
1743696091.5977724,0.0,-94.0,339.0,,9.845,-0.039,-0.833,0.03333333333333333,0.0,-0.0
1743696091.7369905,0.0,-94.0,339.0,,9.835,-0.039,-0.823,0.03333333333333333,0.0,-0.0
1743696091.9212487,0.0,-94.0,339.0,,9.845,-0.039,-0.842,0.03333333333333333,0.0,-0.0
1743696092.1065724,0.0,-94.0,339.0,,9.835,-0.029,-0.833,0.03333333333333333,0.0,-0.0
1743696092.2870617,0.0,-94.0,339.0,,9.835,-0.029,-0.842,0.03333333333333333,0.0,-0.0
1743696092.4706604,0.0,-94.0,339.0,,9.845,-0.02,-0.842,0.03333333333333333,0.0,-0.0
1743696092.6312344,0.0,-94.0,339.0,,9.845,-0.029,-0.833,0.03333333333333333,0.0,-0.0
1743696092.7710156,0.0,-94.0,339.0,,9.845,-0.039,-0.833,0.03333333333333333,0.0,-0.0
1743696092.9633498,0.0,-94.0,339.0,,9.845,-0.039,-0.833,0.03333333333333333,0.0,-0.0
1743696093.1452184,0.0,-94.0,339.0,,9.845,-0.039,-0.842,0.03333333333333333,0.0,-0.0
1743696093.3077922,0.0,-94.0,339.0,,9.845,-0.029,-0.842,0.03333333333333333,0.0,-0.0
1743696093.454592,0.0,-94.0,339.0,,9.845,-0.029,-0.842,0.03333333333333333,0.0,-0.0
1743696093.5952792,0.0,-94.0,339.0,,9.845,-0.039,-0.842,0.03333333333333333,0.0,-0.0
1743696093.7327054,0.0,-94.0,339.0,,9.835,-0.029,-0.833,0.03333333333333333,0.0,-0.0
1743696093.8733704,0.0,-94.0,339.0,,9.845,-0.039,-0.842,0.03333333333333333,0.0,-0.0
1743696094.0139697,0.0,-94.0,339.0,,9.835,-0.029,-0.842,0.03333333333333333,0.0,-0.0
1743696094.1536376,0.0,-94.0,339.0,,9.845,-0.039,-0.833,0.03333333333333333,0.0,-0.0
1743696094.2941482,0.0,-94.0,339.0,,9.845,-0.039,-0.833,0.03333333333333333,0.0,-0.0
1743696094.435542,0.0,-94.0,339.0,,9.845,-0.029,-0.823,0.03333333333333333,0.0,-0.0
1743696094.575563,0.0,-94.0,339.0,,9.845,-0.039,-0.833,0.03333333333333333,0.0,-0.0
1743696094.7150488,0.0,-94.0,339.0,,9.835,-0.039,-0.833,0.03333333333333333,0.0,-0.0
1743696094.8532774,0.0,-94.0,339.0,,9.845,-0.039,-0.833,0.03333333333333333,0.0,-0.0
1743696094.9907112,0.0,-94.0,339.0,,9.845,-0.039,-0.842,0.03333333333333333,0.0,-0.0
1743696095.1282187,0.0,-94.0,339.0,,9.845,-0.029,-0.833,0.03333333333333333,0.0,-0.0
1743696095.2658937,0.0,-94.0,339.0,,9.835,-0.029,-0.833,0.03333333333333333,0.0,-0.0
1743696095.4052477,0.0,-94.0,339.0,,9.845,-0.039,-0.833,0.03333333333333333,0.0,-0.0
1743696095.5448027,0.0,-94.0,339.0,,9.845,-0.039,-0.823,0.03333333333333333,0.0,-0.0
1743696095.6820297,0.0,-94.0,339.0,,9.835,-0.039,-0.842,0.03333333333333333,0.0,-0.0
1743696095.8213384,0.0,-94.0,339.0,,9.845,-0.039,-0.833,0.03333333333333333,0.0,-0.0
1743696095.9589667,0.0,-94.0,339.0,,9.845,-0.039,-0.823,0.03333333333333333,0.0,-0.0
1743696096.0986183,0.0,-94.0,339.0,,9.845,-0.039,-0.833,0.03333333333333333,0.0,-0.0
1743696096.2409348,0.0,-94.0,339.0,,9.845,-0.029,-0.833,0.03333333333333333,0.0,-0.0
1743696096.3815658,0.0,-94.0,339.0,,9.845,-0.039,-0.842,0.03333333333333333,0.0,-0.0
1743696096.520674,0.0,-94.0,339.0,,9.845,-0.039,-0.833,0.03333333333333333,0.0,-0.0
1743696096.6582355,0.0,-94.0,339.0,,9.845,-0.049,-0.833,0.03333333333333333,0.0,-0.0
1743696096.8014123,0.0,-94.0,339.0,,9.845,-0.039,-0.833,0.03333333333333333,0.0,-0.0
1743696096.939372,0.0,-94.0,339.0,,9.845,-0.029,-0.852,0.03333333333333333,0.0,-0.0
1743696097.078161,0.0,-94.0,339.0,,9.845,-0.02,-0.842,0.03333333333333333,0.0,-0.0
1743696097.218092,0.0,-94.0,339.0,,9.835,-0.029,-0.833,0.03333333333333333,0.0,-0.0
1743696097.3591306,0.0,-94.0,339.0,,9.835,-0.039,-0.833,0.03333333333333333,0.0,-0.0
1743696097.4962878,0.0,-94.0,339.0,,9.835,-0.029,-0.833,0.03333333333333333,0.0,-0.0
1743696097.6331043,0.0,-94.0,339.0,,9.835,-0.039,-0.833,0.03333333333333333,0.0,-0.0
1743696097.7742345,0.0,-94.0,339.0,,9.845,-0.029,-0.833,0.03333333333333333,0.0,-0.0
1743696097.915023,0.0,-94.0,339.0,,9.835,-0.039,-0.833,0.03333333333333333,0.0,-0.0
1743696098.05162,0.0,-94.0,339.0,,9.845,-0.039,-0.823,0.03333333333333333,0.0,-0.0
1743696098.1900795,0.0,-94.0,339.0,,9.845,-0.039,-0.833,0.03333333333333333,0.0,-0.0
1743696098.329955,0.0,-94.0,339.0,,9.845,-0.039,-0.833,0.03333333333333333,0.0,-0.0
1743696098.470303,0.0,-94.0,339.0,,9.845,-0.029,-0.842,0.03333333333333333,0.0,-0.0
1743696098.609906,0.0,-94.0,339.0,,9.835,-0.039,-0.823,0.03333333333333333,0.0,-0.0
1743696098.7486,0.0,-94.0,339.0,,9.835,-0.039,-0.842,0.03333333333333333,0.0,-0.0
1743696098.8875976,0.0,-94.0,339.0,,9.845,-0.039,-0.833,0.03333333333333333,0.0,-0.0
1743696099.0255096,0.0,-94.0,339.0,,9.845,-0.039,-0.842,0.03333333333333333,0.0,-0.0
1743696099.1645598,0.0,-94.0,339.0,,9.835,-0.039,-0.833,0.03333333333333333,0.0,-0.0
1743696099.304354,0.0,-94.0,339.0,,9.835,-0.02,-0.852,0.03333333333333333,0.0,-0.0
1743696099.4403026,0.0,-94.0,339.0,,9.835,-0.039,-0.833,0.03333333333333333,0.0,-0.0
1743696099.5784945,0.0,-94.0,339.0,,9.845,-0.039,-0.823,0.03333333333333333,0.0,-0.0
1743696099.7168908,0.0,-94.0,339.0,,9.835,-0.039,-0.823,0.03333333333333333,0.0,-0.0
1743696099.8548596,0.0,-94.0,339.0,,9.835,-0.039,-0.833,0.03333333333333333,0.0,-0.0
1743696100.0004864,0.0,-94.0,339.0,,9.845,-0.029,-0.833,0.03333333333333333,0.0,-0.0
1743696100.1387954,0.0,-94.0,339.0,,9.845,-0.039,-0.823,0.03333333333333333,0.0,-0.0
1743696100.274548,0.0,-94.0,339.0,,9.845,-0.029,-0.842,0.03333333333333333,0.0,-0.0
1743696100.4158065,0.0,-94.0,339.0,,9.845,-0.029,-0.833,0.03333333333333333,0.0,-0.0
1743696100.5560603,0.0,-94.0,339.0,,9.845,-0.039,-0.833,0.03333333333333333,0.0,-0.0
1743696100.6923273,0.0,-94.0,339.0,,9.835,-0.029,-0.833,0.03333333333333333,0.0,-0.0
1743696100.8333943,0.0,-94.0,339.0,,9.845,-0.039,-0.842,0.03333333333333333,0.0,-0.0
1743696100.972519,0.0,-94.0,339.0,,9.845,-0.029,-0.842,0.03333333333333333,0.0,-0.0
1743696101.1103244,0.0,-94.0,339.0,,9.845,-0.029,-0.842,0.03333333333333333,0.0,-0.0
1743696101.2483864,0.0,-94.0,339.0,,9.845,-0.029,-0.833,0.03333333333333333,0.0,-0.0
1743696101.3883479,0.0,-94.0,339.0,,9.845,-0.029,-0.833,0.03333333333333333,0.0,-0.0
1743696101.5282128,0.0,-94.0,339.0,,9.845,-0.029,-0.842,0.03333333333333333,0.0,-0.0
1743696101.6657853,0.0,-94.0,339.0,,9.845,-0.029,-0.842,0.03333333333333333,0.0,-0.0
1743696101.8037293,0.0,-94.0,339.0,,9.845,-0.02,-0.842,0.03333333333333333,0.0,-0.0
1743696101.9444284,0.0,-94.0,339.0,,9.845,-0.029,-0.833,0.03333333333333333,0.0,-0.0
1743696102.0817463,0.0,-94.0,339.0,,9.835,-0.039,-0.842,0.03333333333333333,0.0,-0.0
1743696102.219066,0.0,-94.0,339.0,,9.835,-0.039,-0.833,0.03333333333333333,0.0,-0.0
1743696102.3629065,0.0,-94.0,339.0,,9.845,-0.039,-0.833,0.03333333333333333,0.0,-0.0
1743696102.504452,0.0,-94.0,339.0,,9.845,-0.039,-0.842,0.03333333333333333,0.0,-0.0
1743696102.6427977,0.0,-94.0,339.0,,9.835,-0.029,-0.823,0.03333333333333333,0.0,-0.0
1743696102.7842348,0.0,-94.0,339.0,,9.845,-0.039,-0.833,0.03333333333333333,0.0,-0.0
1743696102.921753,0.0,-94.0,339.0,,9.845,-0.029,-0.833,0.03333333333333333,0.0,-0.0
1743696103.0587864,0.0,-94.0,339.0,,9.845,-0.029,-0.842,0.03333333333333333,0.0,-0.0
1743696103.196471,0.0,-94.0,339.0,,9.845,-0.029,-0.842,0.03333333333333333,0.0,-0.0
1743696103.3362126,0.0,-94.0,339.0,,9.835,-0.039,-0.833,0.03333333333333333,0.0,-0.0
1743696103.4739757,0.0,-94.0,339.0,,9.835,-0.029,-0.842,0.03333333333333333,0.0,-0.0
1743696103.6140928,0.0,-94.0,339.0,,9.845,-0.029,-0.833,0.03333333333333333,0.0,-0.0
1743696103.7774098,0.0,-94.0,339.0,,9.845,-0.039,-0.833,0.03333333333333333,0.0,-0.0
1743696103.9686885,0.0,-94.0,339.0,,9.845,-0.039,-0.833,0.03333333333333333,0.0,-0.0
1743696104.147021,0.0,-94.0,339.0,,9.835,-0.029,-0.833,0.03333333333333333,0.0,-0.0
1743696104.2901635,0.0,-94.0,339.0,,9.845,-0.029,-0.833,0.03333333333333333,0.0,-0.0
1743696104.4358985,0.0,-94.0,339.0,,9.835,-0.039,-0.833,0.03333333333333333,0.0,-0.0
1743696104.5869758,0.0,-94.0,339.0,,9.845,-0.029,-0.842,0.03333333333333333,0.0,-0.0
1743696104.801809,0.0,-94.0,339.0,,9.835,-0.039,-0.833,0.03333333333333333,0.0,-0.0
1743696105.006725,0.0,-94.0,339.0,,9.835,-0.039,-0.833,0.03333333333333333,0.0,-0.0
1743696105.1449308,0.0,-94.0,339.0,,9.845,-0.029,-0.842,0.03333333333333333,0.0,-0.0
1743696105.2837682,0.0,-94.0,339.0,,9.835,-0.039,-0.842,0.03333333333333333,0.0,-0.0
1743696105.4236102,0.0,-94.0,339.0,,9.845,-0.039,-0.833,0.03333333333333333,0.0,-0.0
1743696105.6003742,0.0,-94.0,339.0,,9.835,-0.039,-0.833,0.03333333333333333,0.0,-0.0
1743696105.797924,0.0,-94.0,339.0,,9.845,-0.039,-0.833,0.03333333333333333,0.0,-0.0
1743696105.9861314,0.0,-94.0,339.0,,9.845,-0.039,-0.833,0.03333333333333333,0.0,-0.0
1743696106.1728961,0.0,-94.0,339.0,,9.835,-0.029,-0.833,0.03333333333333333,0.0,-0.0
1743696106.352124,0.0,-94.0,339.0,,9.845,-0.029,-0.842,0.03333333333333333,0.0,-0.0
1743696106.4909668,0.0,-94.0,339.0,,9.835,-0.039,-0.842,0.03333333333333333,0.0,-0.0
1743696106.628742,0.0,-94.0,339.0,,9.835,-0.039,-0.833,0.03333333333333333,0.0,-0.0
1743696106.767733,0.0,-94.0,339.0,,9.845,-0.029,-0.842,0.03333333333333333,0.0,-0.0
1743696106.906201,0.0,-94.0,339.0,,9.845,-0.029,-0.833,0.03333333333333333,0.0,-0.0
1743696107.045349,0.0,-94.0,339.0,,9.845,-0.029,-0.842,0.03333333333333333,0.0,-0.0
1743696107.1832368,0.0,-94.0,339.0,,9.845,-0.029,-0.842,0.03333333333333333,0.0,-0.0
1743696107.324483,0.0,-94.0,339.0,,9.835,-0.039,-0.842,0.03333333333333333,0.0,-0.0
1743696107.462683,0.0,-94.0,339.0,,9.835,-0.029,-0.842,0.03333333333333333,0.0,-0.0
1743696107.60111,0.0,-94.0,339.0,,9.835,-0.029,-0.842,0.03333333333333333,0.0,-0.0
1743696107.7400703,0.0,-94.0,339.0,,9.845,-0.029,-0.833,0.03333333333333333,0.0,-0.0
1743696107.8779876,0.0,-94.0,339.0,,9.835,-0.029,-0.842,0.03333333333333333,0.0,-0.0
1743696108.0164137,0.0,-94.0,339.0,,9.835,-0.02,-0.842,0.03333333333333333,0.0,-0.0
1743696108.1532764,0.0,-94.0,339.0,,9.835,-0.029,-0.842,0.03333333333333333,0.0,-0.0
1743696108.2955353,0.0,-94.0,339.0,,9.835,-0.029,-0.833,0.03333333333333333,0.0,-0.0
1743696108.433669,0.0,-94.0,339.0,,9.835,-0.02,-0.842,0.03333333333333333,0.0,-0.0
1743696108.5714846,0.0,-94.0,339.0,,9.845,-0.02,-0.842,0.03333333333333333,0.0,-0.0
1743696108.7104063,0.0,-94.0,339.0,,9.845,-0.039,-0.833,0.03333333333333333,0.0,-0.0
1743696108.8509383,0.0,-94.0,339.0,,9.835,-0.039,-0.842,0.03333333333333333,0.0,-0.0
1743696108.9896727,0.0,-94.0,339.0,,9.835,-0.029,-0.842,0.03333333333333333,0.0,-0.0
1743696109.1290069,0.0,-94.0,339.0,,9.835,-0.029,-0.842,0.03333333333333333,0.0,-0.0
1743696109.2694879,0.0,-94.0,339.0,,9.835,-0.039,-0.842,0.03333333333333333,0.0,-0.0
1743696109.4081025,0.0,-94.0,339.0,,9.835,-0.039,-0.833,0.03333333333333333,0.0,-0.0
1743696109.5459516,0.0,-94.0,339.0,,9.835,-0.029,-0.842,0.03333333333333333,0.0,-0.0
1743696109.6855428,0.0,-94.0,339.0,,9.835,-0.039,-0.842,0.03333333333333333,0.0,-0.0
1743696109.8250232,0.0,-94.0,339.0,,9.835,-0.039,-0.842,0.03333333333333333,0.0,-0.0
1743696109.9625926,0.0,-94.0,339.0,,9.835,-0.039,-0.833,0.03333333333333333,0.0,-0.0
1743696110.0985606,0.0,-94.0,339.0,,9.845,-0.039,-0.833,0.03333333333333333,0.0,-0.0
1743696110.2379708,0.0,-94.0,339.0,,9.845,-0.039,-0.833,0.03333333333333333,0.0,-0.0
1743696110.3825893,0.0,-94.0,339.0,,9.845,-0.029,-0.833,0.03333333333333333,0.0,-0.0
1743696110.5235553,0.0,-94.0,339.0,,9.835,-0.039,-0.833,0.03333333333333333,0.0,-0.0
1743696110.6643205,0.0,-94.0,339.0,,9.845,-0.049,-0.833,0.03333333333333333,0.0,-0.0
1743696110.8017035,0.0,-94.0,339.0,,9.835,-0.039,-0.833,0.03333333333333333,0.0,-0.0
1743696110.940123,0.0,-94.0,339.0,,9.845,-0.039,-0.842,0.03333333333333333,0.0,-0.0
1743696111.078446,0.0,-94.0,339.0,,9.845,-0.029,-0.833,0.03333333333333333,0.0,-0.0
1743696111.2160118,0.0,-94.0,339.0,,9.835,-0.039,-0.833,0.03333333333333333,0.0,-0.0
1743696111.3535252,0.0,-94.0,339.0,,9.835,-0.029,-0.833,0.03333333333333333,0.0,-0.0
1743696111.4913933,0.0,-94.0,339.0,,9.845,-0.039,-0.833,0.03333333333333333,0.0,-0.0
1743696111.6314626,0.0,-94.0,339.0,,9.835,-0.039,-0.842,0.03333333333333333,0.0,-0.0
1743696111.7714167,0.0,-94.0,339.0,,9.845,-0.029,-0.842,0.03333333333333333,0.0,-0.0
1743696111.9086957,0.0,-94.0,339.0,,9.845,-0.039,-0.842,0.03333333333333333,0.0,-0.0
1743696112.0470073,0.0,-94.0,339.0,,9.835,-0.029,-0.842,0.03333333333333333,0.0,-0.0
1743696112.1844275,0.0,-94.0,339.0,,9.845,-0.029,-0.833,0.03333333333333333,0.0,-0.0
1743696112.322655,0.0,-94.0,339.0,,9.845,-0.029,-0.842,0.03333333333333333,0.0,-0.0
1743696112.4616745,0.0,-94.0,339.0,,9.845,-0.039,-0.833,0.03333333333333333,0.0,-0.0
1743696112.5993252,0.0,-94.0,339.0,,9.845,-0.029,-0.833,0.03333333333333333,0.0,-0.0
1743696112.7416203,0.0,-94.0,339.0,,9.845,-0.039,-0.833,0.03333333333333333,0.0,-0.0
1743696112.8805077,0.0,-94.0,339.0,,9.845,-0.049,-0.833,0.03333333333333333,0.0,-0.0
1743696113.0194695,0.0,-94.0,339.0,,9.845,-0.049,-0.833,0.03333333333333333,0.0,-0.0
1743696113.1577306,0.0,-94.0,339.0,,9.845,-0.039,-0.833,0.03333333333333333,0.0,-0.0
1743696113.2942567,0.0,-94.0,339.0,,9.845,-0.049,-0.823,0.03333333333333333,0.0,-0.0
1743696113.431284,0.0,-94.0,339.0,,9.835,-0.039,-0.833,0.03333333333333333,0.0,-0.0
1743696113.5708811,0.0,-94.0,339.0,,9.845,-0.029,-0.842,0.03333333333333333,0.0,-0.0
1743696113.709622,0.0,-94.0,339.0,,9.845,-0.039,-0.842,0.03333333333333333,0.0,-0.0
1743696113.848549,0.0,-94.0,339.0,,9.835,-0.029,-0.842,0.03333333333333333,0.0,-0.0
1743696113.987925,0.0,-94.0,339.0,,9.835,-0.02,-0.842,0.03333333333333333,0.0,-0.0
1743696114.1260717,0.0,-94.0,339.0,,9.845,-0.039,-0.842,0.03333333333333333,0.0,-0.0
1743696114.2638805,0.0,-94.0,339.0,,9.835,-0.039,-0.842,0.03333333333333333,0.0,-0.0
1743696114.4020326,0.0,-94.0,339.0,,9.835,-0.02,-0.842,0.03333333333333333,0.0,-0.0
1743696114.5949786,0.0,-94.0,339.0,,9.835,-0.029,-0.842,0.03333333333333333,0.0,-0.0
1743696114.7839885,0.0,-94.0,339.0,,9.845,-0.039,-0.842,0.03333333333333333,0.0,-0.0
1743696114.934231,0.0,-94.0,339.0,,9.845,-0.039,-0.833,0.03333333333333333,0.0,-0.0
1743696115.0712755,0.0,-94.0,339.0,,9.845,-0.039,-0.833,0.03333333333333333,0.0,-0.0
1743696115.209396,0.0,-94.0,339.0,,9.835,-0.039,-0.833,0.03333333333333333,0.0,-0.0
1743696115.3517296,0.0,-94.0,339.0,,9.845,-0.039,-0.842,0.03333333333333333,0.0,-0.0
1743696115.4931262,0.0,-94.0,339.0,,9.845,-0.029,-0.833,0.03333333333333333,0.0,-0.0
1743696115.6317961,0.0,-94.0,339.0,,9.835,-0.049,-0.823,0.03333333333333333,0.0,-0.0
1743696115.7739267,0.0,-94.0,339.0,,9.845,-0.029,-0.833,0.03333333333333333,0.0,-0.0
1743696115.9167457,0.0,-94.0,339.0,,9.845,-0.039,-0.823,0.03333333333333333,0.0,-0.0
1743696116.0568178,0.0,-94.0,339.0,,9.845,-0.039,-0.833,0.03333333333333333,0.0,-0.0
1743696116.1988378,0.0,-94.0,339.0,,9.845,-0.049,-0.833,0.03333333333333333,0.0,-0.0
1743696116.3385537,0.0,-94.0,339.0,,9.845,-0.039,-0.823,0.03333333333333333,0.0,-0.0
1743696116.4796398,0.0,-94.0,339.0,,9.845,-0.039,-0.833,0.03333333333333333,0.0,-0.0
1743696116.6198905,0.0,-94.0,339.0,,9.845,-0.049,-0.823,0.03333333333333333,0.0,-0.0
1743696116.75894,0.0,-94.0,339.0,,9.845,-0.049,-0.823,0.03333333333333333,0.0,-0.0
1743696116.8989432,0.0,-94.0,339.0,,9.835,-0.039,-0.833,0.03333333333333333,0.0,-0.0
1743696117.0378435,0.0,-94.0,339.0,,9.845,-0.039,-0.823,0.03333333333333333,0.0,-0.0
1743696117.176923,0.0,-94.0,339.0,,9.845,-0.049,-0.823,0.03333333333333333,0.0,-0.0
1743696117.3152485,0.0,-94.0,339.0,,9.845,-0.039,-0.842,0.03333333333333333,0.0,-0.0
1743696117.4527688,0.0,-94.0,339.0,,9.845,-0.039,-0.842,0.03333333333333333,0.0,-0.0
1743696117.6277883,0.0,-94.0,339.0,,9.845,-0.039,-0.833,0.03333333333333333,0.0,-0.0
1743696117.8295672,0.0,-94.0,339.0,,9.845,-0.039,-0.833,0.03333333333333333,0.0,-0.0
1743696118.0156171,0.0,-94.0,339.0,,9.845,-0.029,-0.833,0.03333333333333333,0.0,-0.0
1743696118.152979,0.0,-94.0,339.0,,9.845,-0.049,-0.842,0.03333333333333333,0.0,-0.0
1743696118.2970471,0.0,-94.0,339.0,,9.845,-0.039,-0.842,0.03333333333333333,0.0,-0.0
1743696118.4361076,0.0,-94.0,339.0,,9.835,-0.029,-0.833,0.03333333333333333,0.0,-0.0
1743696118.5775106,0.0,-94.0,339.0,,9.835,-0.029,-0.842,0.03333333333333333,0.0,-0.0
1743696118.7165215,0.0,-94.0,339.0,,9.845,-0.039,-0.842,0.03333333333333333,0.0,-0.0
1743696118.854005,0.0,-94.0,339.0,,9.845,-0.039,-0.833,0.03333333333333333,0.0,-0.0
1743696118.9937074,0.0,-94.0,339.0,,9.845,-0.039,-0.842,0.03333333333333333,0.0,-0.0
1743696119.1302223,0.0,-94.0,339.0,,9.835,-0.039,-0.833,0.03333333333333333,0.0,-0.0
1743696119.2713025,0.0,-94.0,339.0,,9.845,-0.039,-0.833,0.03333333333333333,0.0,-0.0
1743696119.4376366,0.0,-94.0,339.0,,9.835,-0.039,-0.842,0.03333333333333333,0.0,-0.0
1743696119.6108608,0.0,-94.0,339.0,,9.835,-0.029,-0.842,0.03333333333333333,0.0,-0.0
1743696119.7828333,0.0,-94.0,339.0,,9.845,-0.039,-0.842,0.03333333333333333,0.0,-0.0
1743696119.951484,0.0,-94.0,339.0,,9.845,-0.039,-0.833,0.03333333333333333,0.0,-0.0
1743696120.1262574,0.0,-94.0,339.0,,9.835,-0.039,-0.842,0.03333333333333333,0.0,-0.0
1743696120.2649677,0.0,-94.0,339.0,,9.845,-0.039,-0.833,0.03333333333333333,0.0,-0.0
1743696120.4014556,0.0,-94.0,339.0,,9.845,-0.039,-0.833,0.03333333333333333,0.0,-0.0
1743696120.5492103,0.0,-94.0,339.0,,9.835,-0.039,-0.823,0.03333333333333333,0.0,-0.0
1743696120.6883893,0.0,-94.0,339.0,,9.835,-0.039,-0.842,0.03333333333333333,0.0,-0.0
1743696120.8316085,0.0,-94.0,339.0,,9.845,-0.039,-0.842,0.03333333333333333,0.0,-0.0
1743696120.9682481,0.0,-94.0,339.0,,9.845,-0.039,-0.833,0.03333333333333333,0.0,-0.0
1743696121.1084845,0.0,-94.0,339.0,,9.845,-0.039,-0.833,0.03333333333333333,0.0,-0.0
1743696121.2480745,0.0,-94.0,339.0,,9.845,-0.039,-0.833,0.03333333333333333,0.0,-0.0
1743696121.3842778,0.0,-94.0,339.0,,9.845,-0.049,-0.833,0.03333333333333333,0.0,-0.0
1743696121.5250878,0.0,-94.0,339.0,,9.845,-0.029,-0.842,0.03333333333333333,0.0,-0.0
1743696121.6640964,0.0,-94.0,339.0,,9.845,-0.029,-0.833,0.03333333333333333,0.0,-0.0
1743696121.805221,0.0,-94.0,339.0,,9.845,-0.029,-0.842,0.03333333333333333,0.0,-0.0
1743696121.9442677,0.0,-94.0,339.0,,10.041,0.0,-0.803,0.03333333333333333,0.0,-0.0
1743696122.0831976,0.0,-94.0,339.0,,9.864,-0.039,-0.882,0.03333333333333333,0.0,-0.0
1743696122.224624,0.0,-94.0,339.0,,9.845,-0.029,-0.862,0.03333333333333333,0.0,-0.0
1743696122.3638747,0.0,-94.0,339.0,,9.835,-0.039,-0.842,0.03333333333333333,0.0,-0.0
1743696122.5028527,0.0,-94.0,339.0,,9.835,-0.039,-0.833,0.03333333333333333,0.0,-0.0
1743696122.6445568,0.0,-94.0,339.0,,9.845,-0.059,-0.842,0.03333333333333333,0.0,-0.0
1743696122.7879024,0.0,-94.0,339.0,,9.845,-0.049,-0.823,0.03333333333333333,0.0,-0.0
1743696122.9289374,0.0,-94.0,339.0,,9.845,-0.039,-0.842,0.03333333333333333,0.0,-0.0
1743696123.069421,0.0,-94.0,339.0,,9.845,-0.039,-0.833,0.03333333333333333,0.0,-0.0
1743696123.2093918,0.0,-94.0,339.0,,9.835,-0.049,-0.833,0.03333333333333333,0.0,-0.0
1743696123.348368,0.0,-94.0,339.0,,9.845,-0.039,-0.833,0.03333333333333333,0.0,-0.0
1743696123.4907017,0.0,-94.0,339.0,,9.845,-0.029,-0.833,0.03333333333333333,0.0,-0.0
1743696123.6423082,0.0,-94.0,339.0,,9.835,-0.029,-0.833,0.03333333333333333,0.0,-0.0
1743696123.7834604,0.0,-94.0,339.0,,9.835,-0.039,-0.833,0.03333333333333333,0.0,-0.0
1743696123.924775,0.0,-94.0,339.0,,9.845,-0.029,-0.842,0.03333333333333333,0.0,-0.0
1743696124.0644999,0.0,-94.0,339.0,,9.835,-0.029,-0.842,0.03333333333333333,0.0,-0.0
1743696124.207056,0.0,-94.0,339.0,,9.835,-0.039,-0.842,0.03333333333333333,0.0,-0.0
1743696124.3500245,0.0,-94.0,339.0,,9.845,-0.029,-0.842,0.03333333333333333,0.0,-0.0
1743696124.4886272,0.0,-94.0,339.0,,9.835,-0.039,-0.833,0.03333333333333333,0.0,-0.0
1743696124.6347027,0.0,-94.0,339.0,,9.845,-0.039,-0.842,0.03333333333333333,0.0,-0.0
1743696124.7770245,0.0,-94.0,339.0,,9.835,-0.049,-0.842,0.03333333333333333,0.0,-0.0
1743696124.9214315,0.0,-94.0,339.0,,9.845,-0.039,-0.842,0.03333333333333333,0.0,-0.0
1743696125.062874,0.0,-94.0,339.0,,9.835,-0.029,-0.842,0.03333333333333333,0.0,-0.0
1743696125.2038727,0.0,-94.0,339.0,,9.835,-0.039,-0.842,0.03333333333333333,0.0,-0.0
1743696125.3464208,0.0,-94.0,339.0,,9.845,-0.029,-0.842,0.03333333333333333,0.0,-0.0
1743696125.4859197,0.0,-94.0,339.0,,9.835,-0.039,-0.833,0.03333333333333333,0.0,-0.0
1743696125.6289861,0.0,-94.0,339.0,,9.835,-0.039,-0.833,0.03333333333333333,0.0,-0.0
1743696125.7722416,0.0,-94.0,339.0,,9.835,-0.039,-0.833,0.03333333333333333,0.0,-0.0
1743696125.9119022,0.0,-94.0,339.0,,9.845,-0.039,-0.842,0.03333333333333333,0.0,-0.0
1743696126.0517025,0.0,-94.0,339.0,,9.835,-0.029,-0.842,0.03333333333333333,0.0,-0.0
1743696126.1901102,0.0,-94.0,339.0,,9.835,-0.039,-0.833,0.03333333333333333,0.0,-0.0
1743696126.330321,0.0,-94.0,339.0,,9.835,-0.039,-0.833,0.03333333333333333,0.0,-0.0
1743696126.4698668,0.0,-94.0,339.0,,9.845,-0.039,-0.842,0.03333333333333333,0.0,-0.0
1743696126.617251,0.0,-94.0,339.0,,9.835,-0.029,-0.842,0.03333333333333333,0.0,-0.0
1743696126.7608473,0.0,-94.0,339.0,,9.835,-0.039,-0.833,0.03333333333333333,0.0,-0.0
1743696126.9039853,0.0,-94.0,339.0,,9.845,-0.029,-0.842,0.03333333333333333,0.0,-0.0
1743696127.0455346,0.0,-94.0,339.0,,9.835,-0.029,-0.852,0.03333333333333333,0.0,-0.0
1743696127.1869574,0.0,-94.0,339.0,,9.835,-0.039,-0.842,0.03333333333333333,0.0,-0.0
1743696127.3264341,0.0,-94.0,339.0,,9.835,-0.029,-0.833,0.03333333333333333,0.0,-0.0
1743696127.4685233,0.0,-94.0,339.0,,9.845,-0.039,-0.842,0.03333333333333333,0.0,-0.0
1743696127.61257,0.0,-94.0,339.0,,9.835,-0.039,-0.833,0.03333333333333333,0.0,-0.0
1743696127.753699,0.0,-94.0,339.0,,9.835,-0.02,-0.842,0.03333333333333333,0.0,-0.0
1743696127.8924165,0.0,-94.0,339.0,,9.835,-0.029,-0.842,0.03333333333333333,0.0,-0.0
1743696128.0344143,0.0,-94.0,339.0,,9.835,-0.049,-0.823,0.03333333333333333,0.0,-0.0
1743696128.174406,0.0,-94.0,339.0,,9.845,-0.039,-0.833,0.03333333333333333,0.0,-0.0
1743696128.3125594,0.0,-94.0,339.0,,9.835,-0.029,-0.842,0.03333333333333333,0.0,-0.0
1743696128.4829295,0.0,-94.0,339.0,,9.835,-0.01,-0.862,0.03333333333333333,0.0,-0.0
1743696128.6676788,0.0,-94.0,339.0,,9.835,-0.029,-0.842,0.03333333333333333,0.0,-0.0
1743696128.8231936,0.0,-94.0,339.0,,9.845,-0.039,-0.823,0.03333333333333333,0.0,-0.0
1743696128.9647586,0.0,-94.0,339.0,,9.845,-0.029,-0.833,0.03333333333333333,0.0,-0.0
1743696129.1139958,0.0,-94.0,339.0,,9.835,-0.029,-0.842,0.03333333333333333,0.0,-0.0
1743696129.2543945,0.0,-94.0,339.0,,9.845,-0.039,-0.842,0.03333333333333333,0.0,-0.0
1743696129.3990643,0.0,-94.0,339.0,,9.845,-0.029,-0.784,0.03333333333333333,0.0,-0.0
1743696129.582055,0.0,-94.0,339.0,,9.913,-0.363,-1.078,0.03333333333333333,0.0,-0.0
1743696129.7714798,0.0,-94.0,339.0,,9.825,0.077,-0.784,0.03333333333333333,0.0,-0.0
1743696129.924014,0.0,-94.0,339.0,,9.845,-0.088,-0.842,0.03333333333333333,0.0,-0.0
1743696130.0700119,0.0,-94.0,339.0,,9.845,-0.059,-0.823,0.03333333333333333,0.0,-0.0
