timestamp,roll,pitch,yaw,touch_gesture,acc_x,acc_y,acc_z,gyro_x,gyro_y,gyro_z
1743596752.6531167,0.0,0.0,0.0,,0.058,-0.157,0.1253920597390792,0.03333333333333333,0.0,-0.0
1743596752.6733496,0.0,0.0,0.0,,0.058,-0.157,0.1253920597390792,0.03333333333333333,0.0,-0.0
1743596752.6957178,0.0,0.0,0.0,,0.068,-0.167,0.12561562456242115,0.03333333333333333,0.0,-0.0
1743596752.7158906,0.0,0.0,0.0,,0.068,-0.157,0.11545759185293569,0.03333333333333333,0.0,-0.0
1743596752.7360444,0.0,0.0,0.0,,0.058,-0.157,0.11539486599474635,0.03333333333333333,0.0,-0.0
1743596752.7561977,0.0,0.0,233.0,,0.058,-0.157,0.1253920597390792,0.03333333333333333,0.0,-0.0
1743596752.7763755,0.0,0.0,233.0,,0.058,-0.167,0.1255530279528152,0.03333333333333333,0.0,-0.0
1743596752.797724,0.0,0.0,233.0,,0.068,-0.157,0.11545759185293569,0.03333333333333333,0.0,-0.0
1743596752.817899,0.0,0.0,233.0,,0.058,-0.157,0.11539486599474635,0.03333333333333333,0.0,-0.0
1743596752.8380919,0.0,0.0,233.0,,0.068,-0.167,0.12561562456242115,0.03333333333333333,0.0,-0.0
1743596752.8582594,0.0,0.0,233.0,,0.058,-0.157,0.1253920597390792,0.03333333333333333,0.0,-0.0
1743596752.878582,0.0,0.0,233.0,,0.068,-0.157,0.11545759185293569,0.03333333333333333,0.0,-0.0
1743596752.8989232,0.0,0.0,233.0,,0.068,-0.167,0.10562214807699988,0.03333333333333333,0.0,-0.0
1743596752.9205503,0.0,0.0,233.0,,0.058,-0.157,0.11539486599474635,0.03333333333333333,0.0,-0.0
1743596752.940715,0.0,0.0,233.0,,0.058,-0.157,0.11539486599474635,0.03333333333333333,0.0,-0.0
1743596752.960872,0.0,0.0,233.0,,0.058,-0.157,0.1253920597390792,0.03333333333333333,0.0,-0.0
1743596752.9810283,0.0,0.0,233.0,,0.058,-0.167,0.11555615862736524,0.03333333333333333,0.0,-0.0
1743596753.0011969,0.0,0.0,233.0,,0.058,-0.157,0.11539486599474635,0.03333333333333333,0.0,-0.0
1743596753.0216198,0.0,0.0,233.0,,0.068,-0.157,0.1254546594305701,0.03333333333333333,0.0,-0.0
1743596753.0417845,0.0,0.0,233.0,,0.068,-0.157,0.11545759185293569,0.03333333333333333,0.0,-0.0
1743596753.0620089,0.0,0.0,233.0,,0.058,-0.157,0.11539486599474635,0.03333333333333333,0.0,-0.0
1743596753.0821838,0.0,0.0,233.0,,0.058,-0.157,0.11539486599474635,0.03333333333333333,0.0,-0.0
1743596753.1058753,0.0,0.0,233.0,,0.048,-0.157,0.1253393955782549,0.03333333333333333,0.0,-0.0
1743596753.1260338,0.0,0.0,233.0,,0.068,-0.157,0.11545759185293569,0.03333333333333333,0.0,-0.0
1743596753.1461844,0.0,0.0,233.0,,0.068,-0.157,0.11545759185293569,0.03333333333333333,0.0,-0.0
1743596753.166373,0.0,0.0,233.0,,0.068,-0.157,0.1254546594305701,0.03333333333333333,0.0,-0.0
1743596753.1865122,0.0,0.0,233.0,,0.068,-0.157,0.1254546594305701,0.03333333333333333,0.0,-0.0
1743596753.2066834,0.0,0.0,233.0,,0.068,-0.157,0.1254546594305701,0.03333333333333333,0.0,-0.0
1743596753.2270472,0.0,0.0,233.0,,0.058,-0.157,0.11539486599474635,0.03333333333333333,0.0,-0.0
1743596753.2473314,0.0,0.0,233.0,,0.058,-0.157,0.11539486599474635,0.03333333333333333,0.0,-0.0
1743596753.26762,0.0,0.0,233.0,,0.058,-0.157,0.11539486599474635,0.03333333333333333,0.0,-0.0
1743596753.2878048,0.0,0.0,233.0,,0.058,-0.167,0.11555615862736524,0.03333333333333333,0.0,-0.0
1743596753.308317,0.0,0.0,233.0,,0.058,-0.157,0.1253920597390792,0.03333333333333333,0.0,-0.0
1743596753.3286107,0.0,0.0,233.0,,0.058,-0.157,0.11539486599474635,0.03333333333333333,0.0,-0.0
1743596753.3488932,0.0,0.0,233.0,,0.068,-0.157,0.1254546594305701,0.03333333333333333,0.0,-0.0
1743596753.3690557,0.0,0.0,233.0,,0.058,-0.157,0.11539486599474635,0.03333333333333333,0.0,-0.0
1743596753.389428,0.0,0.0,233.0,,0.058,-0.157,0.11539486599474635,0.03333333333333333,0.0,-0.0
1743596753.4099069,0.0,0.0,233.0,,0.058,-0.157,0.11539486599474635,0.03333333333333333,0.0,-0.0
1743596753.4309514,0.0,0.0,233.0,,0.048,-0.157,0.1253393955782549,0.03333333333333333,0.0,-0.0
1743596753.451145,0.0,0.0,233.0,,0.048,-0.157,0.1253393955782549,0.03333333333333333,0.0,-0.0
1743596753.4713252,0.0,0.0,233.0,,0.068,-0.157,0.11545759185293569,0.03333333333333333,0.0,-0.0
1743596753.4914653,0.0,0.0,233.0,,0.058,-0.157,0.10539768074407263,0.03333333333333333,0.0,-0.0
1743596753.5116258,0.0,0.0,233.0,,0.058,-0.157,0.10539768074407263,0.03333333333333333,0.0,-0.0
1743596753.5318656,0.0,0.0,233.0,,0.058,-0.167,0.1255530279528152,0.03333333333333333,0.0,-0.0
1743596753.5521462,0.0,0.0,233.0,,0.058,-0.157,0.11539486599474635,0.03333333333333333,0.0,-0.0
1743596753.5724294,0.0,0.0,233.0,,0.058,-0.157,0.11539486599474635,0.03333333333333333,0.0,-0.0
1743596753.592693,0.0,0.0,233.0,,0.068,-0.157,0.10546053315071546,0.03333333333333333,0.0,-0.0
1743596753.6129663,0.0,0.0,233.0,,0.058,-0.157,0.11539486599474635,0.03333333333333333,0.0,-0.0
1743596753.633332,0.0,0.0,233.0,,0.058,-0.157,0.11539486599474635,0.03333333333333333,0.0,-0.0
1743596753.6536424,0.0,0.0,233.0,,0.058,-0.167,0.11555615862736524,0.03333333333333333,0.0,-0.0
1743596753.6738467,0.0,0.0,233.0,,0.058,-0.157,0.10539768074407263,0.03333333333333333,0.0,-0.0
1743596753.6944332,0.0,0.0,233.0,,0.058,-0.157,0.10539768074407263,0.03333333333333333,0.0,-0.0
1743596753.714601,0.0,0.0,233.0,,0.068,-0.167,0.12561562456242115,0.03333333333333333,0.0,-0.0
1743596753.7347572,0.0,0.0,233.0,,0.068,-0.157,0.1254546594305701,0.03333333333333333,0.0,-0.0
1743596753.7550702,0.0,0.0,233.0,,0.068,-0.157,0.1254546594305701,0.03333333333333333,0.0,-0.0
1743596753.775232,0.0,0.0,233.0,,0.058,-0.167,0.11555615862736524,0.03333333333333333,0.0,-0.0
1743596753.7954485,0.0,0.0,233.0,,0.068,-0.157,0.1254546594305701,0.03333333333333333,0.0,-0.0
1743596753.8156765,0.0,0.0,233.0,,0.068,-0.157,0.1254546594305701,0.03333333333333333,0.0,-0.0
1743596753.8359504,0.0,0.0,233.0,,0.068,-0.157,0.1254546594305701,0.03333333333333333,0.0,-0.0
1743596753.8563926,0.0,0.0,233.0,,0.058,-0.157,0.11539486599474635,0.03333333333333333,0.0,-0.0
1743596753.877317,0.0,0.0,233.0,,0.058,-0.157,0.11539486599474635,0.03333333333333333,0.0,-0.0
1743596753.897906,0.0,0.0,233.0,,0.058,-0.157,0.11539486599474635,0.03333333333333333,0.0,-0.0
1743596753.9197643,0.0,0.0,233.0,,0.058,-0.157,0.1253920597390792,0.03333333333333333,0.0,-0.0
1743596753.9399767,0.0,0.0,233.0,,0.058,-0.157,0.1253920597390792,0.03333333333333333,0.0,-0.0
1743596753.9604702,0.0,0.0,233.0,,0.068,-0.157,0.1254546594305701,0.03333333333333333,0.0,-0.0
1743596753.9807513,0.0,0.0,233.0,,0.068,-0.157,0.11545759185293569,0.03333333333333333,0.0,-0.0
1743596754.001302,0.0,0.0,233.0,,0.058,-0.157,0.1253920597390792,0.03333333333333333,0.0,-0.0
1743596754.0224016,0.0,0.0,233.0,,0.068,-0.157,0.11545759185293569,0.03333333333333333,0.0,-0.0
1743596754.042835,0.0,0.0,233.0,,0.068,-0.167,0.1156188813912351,0.03333333333333333,0.0,-0.0
1743596754.063014,0.0,0.0,233.0,,0.068,-0.157,0.11545759185293569,0.03333333333333333,0.0,-0.0
1743596754.0835216,0.0,0.0,233.0,,0.058,-0.157,0.11539486599474635,0.03333333333333333,0.0,-0.0
1743596754.103713,0.0,0.0,233.0,,0.068,-0.157,0.11545759185293569,0.03333333333333333,0.0,-0.0
1743596754.1238968,0.0,0.0,233.0,,0.068,-0.167,0.1156188813912351,0.03333333333333333,0.0,-0.0
1743596754.1440766,0.0,0.0,233.0,,0.068,-0.167,0.1156188813912351,0.03333333333333333,0.0,-0.0
1743596754.164256,0.0,0.0,233.0,,0.058,-0.167,0.11555615862736524,0.03333333333333333,0.0,-0.0
1743596754.1844714,0.0,0.0,233.0,,0.058,-0.157,0.11539486599474635,0.03333333333333333,0.0,-0.0
1743596754.2052083,0.0,0.0,233.0,,0.058,-0.167,0.11555615862736524,0.03333333333333333,0.0,-0.0
1743596754.225707,0.0,0.0,233.0,,0.058,-0.157,0.11539486599474635,0.03333333333333333,0.0,-0.0
1743596754.2460134,0.0,0.0,233.0,,0.058,-0.157,0.11539486599474635,0.03333333333333333,0.0,-0.0
1743596754.2663646,0.0,0.0,233.0,,0.068,-0.167,0.12561562456242115,0.03333333333333333,0.0,-0.0
1743596754.2867815,0.0,0.0,233.0,,0.068,-0.167,0.12561562456242115,0.03333333333333333,0.0,-0.0
1743596754.3075824,0.0,0.0,233.0,,0.068,-0.157,0.10546053315071546,0.03333333333333333,0.0,-0.0
1743596754.3279388,0.0,0.0,233.0,,0.058,-0.167,0.13554990671544687,0.03333333333333333,0.0,-0.0
1743596754.3481004,0.0,0.0,233.0,,0.058,-0.167,0.13554990671544687,0.03333333333333333,0.0,-0.0
1743596754.3693902,0.0,0.0,233.0,,0.048,-0.167,0.13549735096108328,0.03333333333333333,0.0,-0.0
1743596754.3897052,0.0,0.0,233.0,,0.068,-0.157,0.11545759185293569,0.03333333333333333,0.0,-0.0
1743596754.409971,0.0,0.0,233.0,,0.068,-0.157,0.11545759185293569,0.03333333333333333,0.0,-0.0
1743596754.430258,0.0,0.0,233.0,,0.068,-0.157,0.11545759185293569,0.03333333333333333,0.0,-0.0
1743596754.451125,0.0,0.0,233.0,,0.058,-0.167,0.11555615862736524,0.03333333333333333,0.0,-0.0
1743596754.4713166,0.0,0.0,233.0,,0.058,-0.167,0.11555615862736524,0.03333333333333333,0.0,-0.0
1743596754.4915981,0.0,0.0,233.0,,0.058,-0.167,0.1255530279528152,0.03333333333333333,0.0,-0.0
1743596754.5136468,0.0,0.0,233.0,,0.068,-0.157,0.11545759185293569,0.03333333333333333,0.0,-0.0
1743596754.5338404,0.0,0.0,233.0,,0.068,-0.157,0.11545759185293569,0.03333333333333333,0.0,-0.0
1743596754.55401,0.0,0.0,233.0,,0.068,-0.157,0.10546053315071546,0.03333333333333333,0.0,-0.0
1743596754.5741844,0.0,0.0,233.0,,0.058,-0.157,0.1253920597390792,0.03333333333333333,0.0,-0.0
1743596754.5945213,0.0,0.0,233.0,,0.058,-0.167,0.1255530279528152,0.03333333333333333,0.0,-0.0
1743596754.6165888,0.0,0.0,233.0,,0.058,-0.157,0.1253920597390792,0.03333333333333333,0.0,-0.0
1743596754.6367645,0.0,0.0,233.0,,0.058,-0.167,0.11555615862736524,0.03333333333333333,0.0,-0.0
1743596754.656908,0.0,0.0,233.0,,0.068,-0.167,0.1156188813912351,0.03333333333333333,0.0,-0.0
1743596754.6770422,0.0,0.0,233.0,,0.058,-0.167,0.1255530279528152,0.03333333333333333,0.0,-0.0
1743596754.697439,0.0,0.0,233.0,,0.068,-0.157,0.11545759185293569,0.03333333333333333,0.0,-0.0
1743596754.7176054,0.0,0.0,233.0,,0.068,-0.147,0.11530625122356675,0.03333333333333333,0.0,-0.0
1743596754.7377753,0.0,0.0,233.0,,0.068,-0.157,0.11545759185293569,0.03333333333333333,0.0,-0.0
1743596754.7581716,0.0,0.0,233.0,,0.068,-0.157,0.11545759185293569,0.03333333333333333,0.0,-0.0
1743596754.7783375,0.0,0.0,233.0,,0.058,-0.157,0.11539486599474635,0.03333333333333333,0.0,-0.0
1743596754.798645,0.0,0.0,233.0,,0.058,-0.157,0.1253920597390792,0.03333333333333333,0.0,-0.0
1743596754.819199,0.0,0.0,233.0,,0.058,-0.157,0.11539486599474635,0.03333333333333333,0.0,-0.0
1743596754.8393474,0.0,0.0,233.0,,0.068,-0.147,0.11530625122356675,0.03333333333333333,0.0,-0.0
1743596754.859712,0.0,0.0,233.0,,0.068,-0.157,0.11545759185293569,0.03333333333333333,0.0,-0.0
1743596754.8801515,0.0,0.0,233.0,,0.068,-0.157,0.11545759185293569,0.03333333333333333,0.0,-0.0
1743596754.9006915,0.0,0.0,233.0,,0.068,-0.157,0.11545759185293569,0.03333333333333333,0.0,-0.0
1743596754.9208803,0.0,0.0,233.0,,0.058,-0.157,0.11539486599474635,0.03333333333333333,0.0,-0.0
1743596754.9429274,0.0,0.0,233.0,,0.058,-0.157,0.11539486599474635,0.03333333333333333,0.0,-0.0
1743596754.9630995,0.0,0.0,233.0,,0.058,-0.167,0.1255530279528152,0.03333333333333333,0.0,-0.0
1743596754.983284,0.0,0.0,233.0,,0.068,-0.157,0.11545759185293569,0.03333333333333333,0.0,-0.0
1743596755.0036266,0.0,0.0,233.0,,0.058,-0.157,0.11539486599474635,0.03333333333333333,0.0,-0.0
1743596755.0237885,0.0,0.0,233.0,,0.058,-0.157,0.11539486599474635,0.03333333333333333,0.0,-0.0
1743596755.0443735,0.0,0.0,233.0,,0.058,-0.157,0.11539486599474635,0.03333333333333333,0.0,-0.0
1743596755.064567,0.0,0.0,233.0,,0.068,-0.157,0.1254546594305701,0.03333333333333333,0.0,-0.0
1743596755.0847404,0.0,0.0,233.0,,0.068,-0.157,0.11545759185293569,0.03333333333333333,0.0,-0.0
1743596755.106352,0.0,0.0,233.0,,0.068,-0.157,0.11545759185293569,0.03333333333333333,0.0,-0.0
1743596755.1265297,0.0,0.0,233.0,,0.068,-0.157,0.11545759185293569,0.03333333333333333,0.0,-0.0
1743596755.1467154,0.0,0.0,233.0,,0.058,-0.157,0.10539768074407263,0.03333333333333333,0.0,-0.0
1743596755.1668546,0.0,0.0,233.0,,0.068,-0.167,0.1156188813912351,0.03333333333333333,0.0,-0.0
1743596755.187186,0.0,0.0,233.0,,0.068,-0.167,0.1156188813912351,0.03333333333333333,0.0,-0.0
1743596755.207599,0.0,0.0,233.0,,0.058,-0.157,0.11539486599474635,0.03333333333333333,0.0,-0.0
1743596755.22782,0.0,0.0,233.0,,0.068,-0.167,0.12561562456242115,0.03333333333333333,0.0,-0.0
1743596755.2484074,0.0,0.0,233.0,,0.068,-0.167,0.12561562456242115,0.03333333333333333,0.0,-0.0
1743596755.2687862,0.0,0.0,233.0,,0.058,-0.167,0.11555615862736524,0.03333333333333333,0.0,-0.0
1743596755.289012,0.0,0.0,233.0,,0.058,-0.157,0.10539768074407263,0.03333333333333333,0.0,-0.0
1743596755.3091853,0.0,0.0,233.0,,0.058,-0.157,0.10539768074407263,0.03333333333333333,0.0,-0.0
1743596755.3293304,0.0,0.0,233.0,,0.068,-0.157,0.1254546594305701,0.03333333333333333,0.0,-0.0
1743596755.3497288,0.0,0.0,233.0,,0.068,-0.157,0.11545759185293569,0.03333333333333333,0.0,-0.0
1743596755.3699052,0.0,0.0,233.0,,0.068,-0.157,0.11545759185293569,0.03333333333333333,0.0,-0.0
1743596755.390665,0.0,0.0,233.0,,0.058,-0.157,0.10539768074407263,0.03333333333333333,0.0,-0.0
1743596755.4125266,0.0,0.0,233.0,,0.058,-0.167,0.11555615862736524,0.03333333333333333,0.0,-0.0
1743596755.4327004,0.0,0.0,233.0,,0.058,-0.167,0.11555615862736524,0.03333333333333333,0.0,-0.0
1743596755.4531426,0.0,0.0,233.0,,0.058,-0.157,0.11539486599474635,0.03333333333333333,0.0,-0.0
1743596755.4737575,0.0,0.0,233.0,,0.058,-0.157,0.11539486599474635,0.03333333333333333,0.0,-0.0
1743596755.494257,0.0,0.0,233.0,,0.058,-0.157,0.11539486599474635,0.03333333333333333,0.0,-0.0
1743596755.5153615,0.0,0.0,233.0,,0.068,-0.167,0.12561562456242115,0.03333333333333333,0.0,-0.0
1743596755.5358796,0.0,0.0,233.0,,0.077,-0.157,0.12551949356181602,0.03333333333333333,0.0,-0.0
1743596755.5563366,0.0,0.0,233.0,,0.058,-0.157,0.10539768074407263,0.03333333333333333,0.0,-0.0
1743596755.5765197,0.0,0.0,233.0,,0.058,-0.157,0.11539486599474635,0.03333333333333333,0.0,-0.0
1743596755.597153,0.0,0.0,233.0,,0.068,-0.157,0.11545759185293569,0.03333333333333333,0.0,-0.0
1743596755.617646,0.0,0.0,233.0,,0.058,-0.157,0.11539486599474635,0.03333333333333333,0.0,-0.0
1743596755.6381853,0.0,0.0,233.0,,0.048,-0.167,0.10550642462095539,0.03333333333333333,0.0,-0.0
1743596755.6591535,0.0,0.0,233.0,,0.058,-0.167,0.11555615862736524,0.03333333333333333,0.0,-0.0
1743596755.6796267,0.0,0.0,233.0,,0.068,-0.157,0.11545759185293569,0.03333333333333333,0.0,-0.0
1743596755.7000678,0.0,0.0,233.0,,0.058,-0.147,0.11524352246183334,0.03333333333333333,0.0,-0.0
1743596755.7202454,0.0,0.0,233.0,,0.068,-0.167,0.1156188813912351,0.03333333333333333,0.0,-0.0
1743596755.7406812,0.0,0.0,233.0,,0.058,-0.157,0.11539486599474635,0.03333333333333333,0.0,-0.0
1743596755.7614086,0.0,0.0,233.0,,0.068,-0.157,0.10546053315071546,0.03333333333333333,0.0,-0.0
1743596755.7815602,0.0,0.0,233.0,,0.058,-0.157,0.1253920597390792,0.03333333333333333,0.0,-0.0
1743596755.8027525,0.0,0.0,233.0,,0.058,-0.157,0.1253920597390792,0.03333333333333333,0.0,-0.0
1743596755.8229346,0.0,0.0,233.0,,0.058,-0.157,0.11539486599474635,0.03333333333333333,0.0,-0.0
1743596755.843138,0.0,0.0,233.0,,0.058,-0.157,0.11539486599474635,0.03333333333333333,0.0,-0.0
1743596755.863409,0.0,0.0,233.0,,0.058,-0.157,0.11539486599474635,0.03333333333333333,0.0,-0.0
1743596755.8835595,0.0,0.0,233.0,,0.068,-0.157,0.11545759185293569,0.03333333333333333,0.0,-0.0
1743596755.903731,0.0,0.0,233.0,,0.068,-0.167,0.1156188813912351,0.03333333333333333,0.0,-0.0
1743596755.9239109,0.0,0.0,233.0,,0.068,-0.157,0.11545759185293569,0.03333333333333333,0.0,-0.0
1743596755.9444964,0.0,0.0,233.0,,0.058,-0.157,0.11539486599474635,0.03333333333333333,0.0,-0.0
1743596755.96467,0.0,0.0,233.0,,0.058,-0.157,0.11539486599474635,0.03333333333333333,0.0,-0.0
1743596755.9848611,0.0,0.0,233.0,,0.058,-0.157,0.11539486599474635,0.03333333333333333,0.0,-0.0
1743596756.0054207,0.0,0.0,233.0,,0.068,-0.157,0.11545759185293569,0.03333333333333333,0.0,-0.0
1743596756.0258508,0.0,0.0,233.0,,0.068,-0.157,0.11545759185293569,0.03333333333333333,0.0,-0.0
1743596756.0460258,0.0,0.0,233.0,,0.068,-0.167,0.12561562456242115,0.03333333333333333,0.0,-0.0
1743596756.0661864,0.0,0.0,233.0,,0.058,-0.157,0.11539486599474635,0.03333333333333333,0.0,-0.0
1743596756.0864394,0.0,0.0,233.0,,0.058,-0.157,0.11539486599474635,0.03333333333333333,0.0,-0.0
1743596756.1069965,0.0,0.0,233.0,,0.068,-0.157,0.11545759185293569,0.03333333333333333,0.0,-0.0
1743596756.1271708,0.0,0.0,233.0,,0.068,-0.157,0.1254546594305701,0.03333333333333333,0.0,-0.0
1743596756.1474593,0.0,0.0,233.0,,0.068,-0.157,0.1254546594305701,0.03333333333333333,0.0,-0.0
1743596756.1679785,0.0,0.0,233.0,,0.068,-0.157,0.11545759185293569,0.03333333333333333,0.0,-0.0
1743596756.1882818,0.0,0.0,233.0,,0.058,-0.157,0.1253920597390792,0.03333333333333333,0.0,-0.0
1743596756.2087884,0.0,0.0,233.0,,0.058,-0.157,0.1253920597390792,0.03333333333333333,0.0,-0.0
1743596756.2293723,0.0,0.0,233.0,,0.058,-0.157,0.11539486599474635,0.03333333333333333,0.0,-0.0
1743596756.2499342,0.0,0.0,233.0,,0.068,-0.157,0.1254546594305701,0.03333333333333333,0.0,-0.0
1743596756.270373,0.0,0.0,233.0,,0.068,-0.157,0.1254546594305701,0.03333333333333333,0.0,-0.0
1743596756.2908642,0.0,0.0,233.0,,0.068,-0.157,0.11545759185293569,0.03333333333333333,0.0,-0.0
1743596756.3112912,0.0,0.0,233.0,,0.058,-0.157,0.11539486599474635,0.03333333333333333,0.0,-0.0
1743596756.3315856,0.0,0.0,233.0,,0.058,-0.157,0.11539486599474635,0.03333333333333333,0.0,-0.0
1743596756.3517268,0.0,0.0,233.0,,0.068,-0.167,0.1156188813912351,0.03333333333333333,0.0,-0.0
1743596756.37261,0.0,0.0,233.0,,0.058,-0.167,0.10555929877717674,0.03333333333333333,0.0,-0.0
1743596756.3927727,0.0,0.0,233.0,,0.058,-0.167,0.10555929877717674,0.03333333333333333,0.0,-0.0
1743596756.4129272,0.0,0.0,233.0,,0.058,-0.157,0.1253920597390792,0.03333333333333333,0.0,-0.0
1743596756.433096,0.0,0.0,233.0,,0.058,-0.157,0.11539486599474635,0.03333333333333333,0.0,-0.0
1743596756.453276,0.0,0.0,233.0,,0.058,-0.157,0.11539486599474635,0.03333333333333333,0.0,-0.0
1743596756.4734223,0.0,0.0,233.0,,0.068,-0.167,0.1156188813912351,0.03333333333333333,0.0,-0.0
1743596756.4938197,0.0,0.0,233.0,,0.068,-0.157,0.11545759185293569,0.03333333333333333,0.0,-0.0
1743596756.5140212,0.0,0.0,233.0,,0.068,-0.157,0.11545759185293569,0.03333333333333333,0.0,-0.0
1743596756.5341725,0.0,0.0,233.0,,0.068,-0.167,0.1156188813912351,0.03333333333333333,0.0,-0.0
1743596756.5544393,0.0,0.0,233.0,,0.058,-0.157,0.11539486599474635,0.03333333333333333,0.0,-0.0
1743596756.5745728,0.0,0.0,233.0,,0.068,-0.167,0.1156188813912351,0.03333333333333333,0.0,-0.0
1743596756.5947366,0.0,0.0,233.0,,0.068,-0.157,0.11545759185293569,0.03333333333333333,0.0,-0.0
1743596756.6175718,0.0,0.0,233.0,,0.068,-0.157,0.11545759185293569,0.03333333333333333,0.0,-0.0
1743596756.637732,0.0,0.0,233.0,,0.068,-0.157,0.11545759185293569,0.03333333333333333,0.0,-0.0
1743596756.657896,0.0,0.0,233.0,,0.068,-0.167,0.1156188813912351,0.03333333333333333,0.0,-0.0
1743596756.6781147,0.0,0.0,233.0,,0.058,-0.157,0.11539486599474635,0.03333333333333333,0.0,-0.0
1743596756.6993732,0.0,0.0,233.0,,0.058,-0.157,0.1253920597390792,0.03333333333333333,0.0,-0.0
1743596756.7196388,0.0,0.0,233.0,,0.068,-0.167,0.12561562456242115,0.03333333333333333,0.0,-0.0
1743596756.742362,0.0,0.0,233.0,,0.068,-0.157,0.1254546594305701,0.03333333333333333,0.0,-0.0
1743596756.7625265,0.0,0.0,233.0,,0.068,-0.157,0.10546053315071546,0.03333333333333333,0.0,-0.0
1743596756.7826812,0.0,0.0,233.0,,0.068,-0.167,0.1156188813912351,0.03333333333333333,0.0,-0.0
1743596756.8028347,0.0,0.0,233.0,,0.058,-0.167,0.11555615862736524,0.03333333333333333,0.0,-0.0
1743596756.822997,0.0,0.0,233.0,,0.058,-0.157,0.11539486599474635,0.03333333333333333,0.0,-0.0
1743596756.8434057,0.0,0.0,233.0,,0.068,-0.157,0.10546053315071546,0.03333333333333333,0.0,-0.0
1743596756.8635733,0.0,0.0,233.0,,0.068,-0.157,0.11545759185293569,0.03333333333333333,0.0,-0.0
1743596756.883919,0.0,0.0,233.0,,0.068,-0.147,0.11530625122356675,0.03333333333333333,0.0,-0.0
1743596756.904363,0.0,0.0,233.0,,0.068,-0.157,0.11545759185293569,0.03333333333333333,0.0,-0.0
1743596756.9250112,0.0,0.0,233.0,,0.068,-0.157,0.11545759185293569,0.03333333333333333,0.0,-0.0
1743596756.945348,0.0,0.0,233.0,,0.068,-0.157,0.11545759185293569,0.03333333333333333,0.0,-0.0
1743596756.96548,0.0,0.0,233.0,,0.058,-0.157,0.1253920597390792,0.03333333333333333,0.0,-0.0
1743596756.9856427,0.0,0.0,233.0,,0.058,-0.157,0.1253920597390792,0.03333333333333333,0.0,-0.0
1743596757.006006,0.0,0.0,233.0,,0.068,-0.157,0.11545759185293569,0.03333333333333333,0.0,-0.0
1743596757.0263731,0.0,0.0,233.0,,0.068,-0.157,0.11545759185293569,0.03333333333333333,0.0,-0.0
1743596757.0465777,0.0,0.0,233.0,,0.068,-0.157,0.11545759185293569,0.03333333333333333,0.0,-0.0
1743596757.0668948,0.0,0.0,233.0,,0.058,-0.157,0.11539486599474635,0.03333333333333333,0.0,-0.0
1743596757.0871372,0.0,0.0,233.0,,0.058,-0.157,0.11539486599474635,0.03333333333333333,0.0,-0.0
1743596757.1072984,0.0,0.0,233.0,,0.058,-0.157,0.11539486599474635,0.03333333333333333,0.0,-0.0
1743596757.1276205,0.0,0.0,233.0,,0.068,-0.157,0.11545759185293569,0.03333333333333333,0.0,-0.0
1743596757.148967,0.0,0.0,233.0,,0.068,-0.157,0.10546053315071546,0.03333333333333333,0.0,-0.0
1743596757.1694825,0.0,0.0,233.0,,0.068,-0.157,0.10546053315071546,0.03333333333333333,0.0,-0.0
1743596757.1913915,0.0,0.0,233.0,,0.068,-0.157,0.11545759185293569,0.03333333333333333,0.0,-0.0
1743596757.2115703,0.0,0.0,233.0,,0.048,-0.167,0.11550339092579165,0.03333333333333333,0.0,-0.0
1743596757.2319624,0.0,0.0,233.0,,0.048,-0.167,0.11550339092579165,0.03333333333333333,0.0,-0.0
1743596757.252393,0.0,0.0,233.0,,0.058,-0.147,0.10524603186789783,0.03333333333333333,0.0,-0.0
1743596757.2727711,0.0,0.0,233.0,,0.077,-0.157,0.12551949356181602,0.03333333333333333,0.0,-0.0
1743596757.2931855,0.0,0.0,233.0,,0.077,-0.157,0.12551949356181602,0.03333333333333333,0.0,-0.0
1743596757.3135731,0.0,0.0,233.0,,0.058,-0.147,0.10524603186789783,0.03333333333333333,0.0,-0.0
1743596757.3338864,0.0,0.0,233.0,,0.068,-0.167,0.12561562456242115,0.03333333333333333,0.0,-0.0
1743596757.3544605,0.0,0.0,233.0,,0.068,-0.167,0.12561562456242115,0.03333333333333333,0.0,-0.0
1743596757.3748965,0.0,0.0,233.0,,0.058,-0.147,0.10524603186789783,0.03333333333333333,0.0,-0.0
1743596757.3952863,0.0,0.0,233.0,,0.058,-0.157,0.11539486599474635,0.03333333333333333,0.0,-0.0
1743596757.4159002,0.0,0.0,233.0,,0.077,-0.167,0.12568045550182028,0.03333333333333333,0.0,-0.0
1743596757.4364412,0.0,0.0,233.0,,0.068,-0.157,0.1254546594305701,0.03333333333333333,0.0,-0.0
1743596757.4566085,0.0,0.0,233.0,,0.068,-0.157,0.10546053315071546,0.03333333333333333,0.0,-0.0
1743596757.477246,0.0,0.0,233.0,,0.068,-0.157,0.10546053315071546,0.03333333333333333,0.0,-0.0
1743596757.4973407,0.0,0.0,233.0,,0.058,-0.167,0.11555615862736524,0.03333333333333333,0.0,-0.0
1743596757.5174825,0.0,0.0,233.0,,0.058,-0.167,0.11555615862736524,0.03333333333333333,0.0,-0.0
1743596757.5378575,0.0,0.0,233.0,,0.058,-0.157,0.11539486599474635,0.03333333333333333,0.0,-0.0
1743596757.558295,0.0,0.0,233.0,,0.058,-0.157,0.10539768074407263,0.03333333333333333,0.0,-0.0
1743596757.5786479,0.0,0.0,233.0,,0.058,-0.157,0.1253920597390792,0.03333333333333333,0.0,-0.0
1743596757.5990932,0.0,0.0,233.0,,0.068,-0.157,0.1254546594305701,0.03333333333333333,0.0,-0.0
1743596757.6193047,0.0,0.0,233.0,,0.077,-0.167,0.1156838429853071,0.03333333333333333,0.0,-0.0
1743596757.6395664,0.0,0.0,233.0,,0.077,-0.157,0.10552562901243157,0.03333333333333333,0.0,-0.0
1743596757.6600738,0.0,0.0,233.0,,0.068,-0.157,0.11545759185293569,0.03333333333333333,0.0,-0.0
1743596757.680235,0.0,0.0,233.0,,0.068,-0.167,0.1156188813912351,0.03333333333333333,0.0,-0.0
1743596757.7024705,0.0,0.0,233.0,,0.048,-0.157,0.1153420956899378,0.03333333333333333,0.0,-0.0
1743596757.7226374,0.0,0.0,233.0,,0.058,-0.167,0.11555615862736524,0.03333333333333333,0.0,-0.0
1743596757.7428267,0.0,0.0,233.0,,0.058,-0.157,0.11539486599474635,0.03333333333333333,0.0,-0.0
1743596757.7630594,0.0,0.0,233.0,,0.068,-0.157,0.10546053315071546,0.03333333333333333,0.0,-0.0
1743596757.7832344,0.0,0.0,233.0,,0.068,-0.157,0.11545759185293569,0.03333333333333333,0.0,-0.0
1743596757.8034813,0.0,0.0,233.0,,0.068,-0.167,0.1156188813912351,0.03333333333333333,0.0,-0.0
1743596757.8236709,0.0,0.0,233.0,,0.058,-0.157,0.10539768074407263,0.03333333333333333,0.0,-0.0
1743596757.8439734,0.0,0.0,233.0,,0.058,-0.157,0.11539486599474635,0.03333333333333333,0.0,-0.0
1743596757.864096,0.0,0.0,233.0,,0.058,-0.167,0.11555615862736524,0.03333333333333333,0.0,-0.0
1743596757.8855212,0.0,0.0,233.0,,0.058,-0.167,0.11555615862736524,0.03333333333333333,0.0,-0.0
1743596757.9056726,0.0,0.0,233.0,,0.068,-0.157,0.11545759185293569,0.03333333333333333,0.0,-0.0
1743596757.9258566,0.0,0.0,233.0,,0.068,-0.157,0.11545759185293569,0.03333333333333333,0.0,-0.0
1743596757.9470303,0.0,0.0,233.0,,0.068,-0.157,0.11545759185293569,0.03333333333333333,0.0,-0.0
1743596757.9693806,0.0,0.0,233.0,,0.068,-0.157,0.11545759185293569,0.03333333333333333,0.0,-0.0
1743596757.989555,0.0,0.0,233.0,,0.058,-0.157,0.11539486599474635,0.03333333333333333,0.0,-0.0
1743596758.0097578,0.0,0.0,233.0,,0.058,-0.157,0.11539486599474635,0.03333333333333333,0.0,-0.0
1743596758.030213,0.0,0.0,233.0,,0.058,-0.157,0.11539486599474635,0.03333333333333333,0.0,-0.0
1743596758.0505087,0.0,0.0,233.0,,0.068,-0.157,0.1254546594305701,0.03333333333333333,0.0,-0.0
1743596758.0710213,0.0,0.0,233.0,,0.068,-0.157,0.1254546594305701,0.03333333333333333,0.0,-0.0
1743596758.0916843,0.0,0.0,233.0,,0.068,-0.157,0.11545759185293569,0.03333333333333333,0.0,-0.0
1743596758.1118782,0.0,0.0,233.0,,0.068,-0.157,0.11545759185293569,0.03333333333333333,0.0,-0.0
1743596758.132035,0.0,0.0,233.0,,0.068,-0.157,0.11545759185293569,0.03333333333333333,0.0,-0.0
1743596758.152437,0.0,0.0,233.0,,0.068,-0.167,0.1156188813912351,0.03333333333333333,0.0,-0.0
1743596758.1755576,0.0,0.0,233.0,,0.068,-0.157,0.11545759185293569,0.03333333333333333,0.0,-0.0
1743596758.1957357,0.0,0.0,233.0,,0.048,-0.157,0.1153420956899378,0.03333333333333333,0.0,-0.0
1743596758.215915,0.0,0.0,233.0,,0.058,-0.167,0.1255530279528152,0.03333333333333333,0.0,-0.0
1743596758.2360585,0.0,0.0,233.0,,0.068,-0.167,0.12561562456242115,0.03333333333333333,0.0,-0.0
1743596758.256894,0.0,0.0,233.0,,0.068,-0.147,0.10530888718981224,0.03333333333333333,0.0,-0.0
1743596758.2804506,0.0,0.0,233.0,,0.077,-0.157,0.11552255665173661,0.03333333333333333,0.0,-0.0
1743596758.3023589,0.0,0.0,233.0,,0.058,-0.167,0.1255530279528152,0.03333333333333333,0.0,-0.0
1743596758.3225262,0.0,0.0,233.0,,0.058,-0.157,0.11539486599474635,0.03333333333333333,0.0,-0.0
1743596758.342702,0.0,0.0,233.0,,0.068,-0.157,0.11545759185293569,0.03333333333333333,0.0,-0.0
1743596758.3630362,0.0,0.0,233.0,,0.068,-0.157,0.11545759185293569,0.03333333333333333,0.0,-0.0
1743596758.3832252,0.0,0.0,233.0,,0.068,-0.157,0.11545759185293569,0.03333333333333333,0.0,-0.0
1743596758.4033768,0.0,0.0,233.0,,0.068,-0.157,0.11545759185293569,0.03333333333333333,0.0,-0.0
1743596758.4263647,0.0,0.0,233.0,,0.068,-0.157,0.1254546594305701,0.03333333333333333,0.0,-0.0
1743596758.4465284,0.0,0.0,233.0,,0.068,-0.157,0.1254546594305701,0.03333333333333333,0.0,-0.0
1743596758.4666836,0.0,0.0,233.0,,0.058,-0.157,0.11539486599474635,0.03333333333333333,0.0,-0.0
1743596758.4869328,0.0,0.0,233.0,,0.058,-0.157,0.11539486599474635,0.03333333333333333,0.0,-0.0
1743596758.5072346,0.0,0.0,233.0,,0.068,-0.167,0.1156188813912351,0.03333333333333333,0.0,-0.0
1743596758.5274754,0.0,0.0,233.0,,0.068,-0.167,0.1156188813912351,0.03333333333333333,0.0,-0.0
1743596758.5480497,0.0,0.0,233.0,,0.068,-0.167,0.1156188813912351,0.03333333333333333,0.0,-0.0
1743596758.5682323,0.0,0.0,233.0,,0.058,-0.167,0.11555615862736524,0.03333333333333333,0.0,-0.0
1743596758.5883546,0.0,0.0,233.0,,0.068,-0.157,0.11545759185293569,0.03333333333333333,0.0,-0.0
1743596758.6085782,0.0,0.0,233.0,,0.068,-0.157,0.11545759185293569,0.03333333333333333,0.0,-0.0
1743596758.6287272,0.0,0.0,233.0,,0.068,-0.167,0.1156188813912351,0.03333333333333333,0.0,-0.0
1743596758.6488817,0.0,0.0,233.0,,0.058,-0.157,0.11539486599474635,0.03333333333333333,0.0,-0.0
1743596758.6690598,0.0,0.0,233.0,,0.058,-0.157,0.11539486599474635,0.03333333333333333,0.0,-0.0
1743596758.6906774,0.0,0.0,233.0,,0.058,-0.157,0.11539486599474635,0.03333333333333333,0.0,-0.0
1743596758.7108328,0.0,0.0,233.0,,0.077,-0.167,0.1156838429853071,0.03333333333333333,0.0,-0.0
1743596758.7309978,0.0,0.0,233.0,,0.077,-0.167,0.1156838429853071,0.03333333333333333,0.0,-0.0
1743596758.7511404,0.0,0.0,233.0,,0.068,-0.157,0.11545759185293569,0.03333333333333333,0.0,-0.0
1743596758.7715087,0.0,0.0,233.0,,0.058,-0.167,0.11555615862736524,0.03333333333333333,0.0,-0.0
1743596758.791965,0.0,0.0,233.0,,0.058,-0.167,0.11555615862736524,0.03333333333333333,0.0,-0.0
1743596758.8122156,0.0,0.0,233.0,,0.058,-0.167,0.11555615862736524,0.03333333333333333,0.0,-0.0
1743596758.832421,0.0,0.0,233.0,,0.068,-0.157,0.11545759185293569,0.03333333333333333,0.0,-0.0
1743596758.8529646,0.0,0.0,233.0,,0.068,-0.157,0.11545759185293569,0.03333333333333333,0.0,-0.0
1743596758.8758664,0.0,0.0,233.0,,0.068,-0.157,0.11545759185293569,0.03333333333333333,0.0,-0.0
1743596758.8960292,0.0,0.0,233.0,,0.068,-0.157,0.11545759185293569,0.03333333333333333,0.0,-0.0
1743596758.9161558,0.0,0.0,233.0,,0.068,-0.157,0.11545759185293569,0.03333333333333333,0.0,-0.0
1743596758.9363108,0.0,0.0,233.0,,0.058,-0.157,0.11539486599474635,0.03333333333333333,0.0,-0.0
1743596758.956454,0.0,0.0,233.0,,0.058,-0.157,0.11539486599474635,0.03333333333333333,0.0,-0.0
1743596758.9766626,0.0,0.0,233.0,,0.068,-0.167,0.1156188813912351,0.03333333333333333,0.0,-0.0
1743596758.9970102,0.0,0.0,233.0,,0.068,-0.167,0.1156188813912351,0.03333333333333333,0.0,-0.0
1743596759.017199,0.0,0.0,233.0,,0.058,-0.157,0.11539486599474635,0.03333333333333333,0.0,-0.0
1743596759.037428,0.0,0.0,233.0,,0.058,-0.167,0.11555615862736524,0.03333333333333333,0.0,-0.0
1743596759.0576248,0.0,0.0,233.0,,0.068,-0.167,0.1156188813912351,0.03333333333333333,0.0,-0.0
1743596759.0777965,0.0,0.0,233.0,,0.068,-0.157,0.1254546594305701,0.03333333333333333,0.0,-0.0
1743596759.098292,0.0,0.0,233.0,,0.058,-0.157,0.11539486599474635,0.03333333333333333,0.0,-0.0
1743596759.118456,0.0,0.0,233.0,,0.048,-0.157,0.1153420956899378,0.03333333333333333,0.0,-0.0
1743596759.1386437,0.0,0.0,233.0,,0.058,-0.157,0.1253920597390792,0.03333333333333333,0.0,-0.0
1743596759.158996,0.0,0.0,233.0,,0.068,-0.157,0.1254546594305701,0.03333333333333333,0.0,-0.0
1743596759.1812363,0.0,0.0,233.0,,0.077,-0.137,0.10523231328381932,0.03333333333333333,0.0,-0.0
1743596759.2013676,0.0,0.0,233.0,,0.068,-0.167,0.1156188813912351,0.03333333333333333,0.0,-0.0
1743596759.2215066,0.0,0.0,233.0,,0.058,-0.167,0.11555615862736524,0.03333333333333333,0.0,-0.0
1743596759.2416675,0.0,0.0,233.0,,0.058,-0.167,0.11555615862736524,0.03333333333333333,0.0,-0.0
1743596759.2654028,0.0,0.0,233.0,,0.058,-0.157,0.10539768074407263,0.03333333333333333,0.0,-0.0
1743596759.285608,0.0,0.0,233.0,,0.058,-0.157,0.11539486599474635,0.03333333333333333,0.0,-0.0
1743596759.3057804,0.0,0.0,233.0,,0.068,-0.167,0.12561562456242115,0.03333333333333333,0.0,-0.0
1743596759.3259556,0.0,0.0,233.0,,0.068,-0.167,0.12561562456242115,0.03333333333333333,0.0,-0.0
1743596759.346252,0.0,0.0,233.0,,0.077,-0.167,0.1156838429853071,0.03333333333333333,0.0,-0.0
1743596759.3664103,0.0,0.0,233.0,,0.058,-0.157,0.10539768074407263,0.03333333333333333,0.0,-0.0
1743596759.3868024,0.0,0.0,233.0,,0.058,-0.157,0.10539768074407263,0.03333333333333333,0.0,-0.0
1743596759.4069908,0.0,0.0,233.0,,0.058,-0.167,0.1255530279528152,0.03333333333333333,0.0,-0.0
1743596759.4283612,0.0,0.0,233.0,,0.058,-0.157,0.11539486599474635,0.03333333333333333,0.0,-0.0
1743596759.4485803,0.0,0.0,233.0,,0.058,-0.157,0.11539486599474635,0.03333333333333333,0.0,-0.0
1743596759.4691973,0.0,0.0,233.0,,0.058,-0.157,0.11539486599474635,0.03333333333333333,0.0,-0.0
1743596759.4907525,0.0,0.0,233.0,,0.058,-0.157,0.11539486599474635,0.03333333333333333,0.0,-0.0
1743596759.5109217,0.0,0.0,233.0,,0.058,-0.157,0.11539486599474635,0.03333333333333333,0.0,-0.0
1743596759.531086,0.0,0.0,233.0,,0.068,-0.157,0.11545759185293569,0.03333333333333333,0.0,-0.0
1743596759.5514863,0.0,0.0,233.0,,0.068,-0.157,0.11545759185293569,0.03333333333333333,0.0,-0.0
1743596759.5719705,0.0,0.0,233.0,,0.068,-0.157,0.11545759185293569,0.03333333333333333,0.0,-0.0
1743596759.5921226,0.0,0.0,233.0,,0.058,-0.157,0.11539486599474635,0.03333333333333333,0.0,-0.0
1743596759.6149147,0.0,0.0,233.0,,0.058,-0.157,0.11539486599474635,0.03333333333333333,0.0,-0.0
1743596759.635917,0.0,0.0,233.0,,0.058,-0.157,0.11539486599474635,0.03333333333333333,0.0,-0.0
1743596759.6561027,0.0,0.0,233.0,,0.068,-0.167,0.1156188813912351,0.03333333333333333,0.0,-0.0
1743596759.6762955,0.0,0.0,233.0,,0.068,-0.157,0.11545759185293569,0.03333333333333333,0.0,-0.0
1743596759.6966536,0.0,0.0,233.0,,0.058,-0.167,0.11555615862736524,0.03333333333333333,0.0,-0.0
1743596759.7168448,0.0,0.0,233.0,,0.058,-0.167,0.11555615862736524,0.03333333333333333,0.0,-0.0
1743596759.7370439,0.0,0.0,233.0,,0.058,-0.167,0.11555615862736524,0.03333333333333333,0.0,-0.0
1743596759.7583413,0.0,0.0,233.0,,0.068,-0.157,0.1254546594305701,0.03333333333333333,0.0,-0.0
1743596759.7784908,0.0,0.0,233.0,,0.068,-0.157,0.1254546594305701,0.03333333333333333,0.0,-0.0
1743596759.7989767,0.0,0.0,233.0,,0.058,-0.167,0.11555615862736524,0.03333333333333333,0.0,-0.0
1743596759.819513,0.0,0.0,233.0,,0.058,-0.157,0.10539768074407263,0.03333333333333333,0.0,-0.0
1743596759.8412583,0.0,0.0,233.0,,0.068,-0.167,0.1156188813912351,0.03333333333333333,0.0,-0.0
1743596759.8614402,0.0,0.0,233.0,,0.068,-0.167,0.1156188813912351,0.03333333333333333,0.0,-0.0
1743596759.8818235,0.0,0.0,233.0,,0.058,-0.157,0.11539486599474635,0.03333333333333333,0.0,-0.0
1743596759.9033802,0.0,0.0,233.0,,0.058,-0.157,0.11539486599474635,0.03333333333333333,0.0,-0.0
1743596759.9235938,0.0,0.0,233.0,,0.058,-0.167,0.11555615862736524,0.03333333333333333,0.0,-0.0
1743596759.943725,0.0,0.0,233.0,,0.068,-0.167,0.1156188813912351,0.03333333333333333,0.0,-0.0
1743596759.964418,0.0,0.0,233.0,,0.068,-0.157,0.11545759185293569,0.03333333333333333,0.0,-0.0
1743596759.9848173,0.0,0.0,233.0,,0.068,-0.157,0.11545759185293569,0.03333333333333333,0.0,-0.0
1743596760.0049722,0.0,0.0,233.0,,0.058,-0.157,0.11539486599474635,0.03333333333333333,0.0,-0.0
1743596760.0254989,0.0,0.0,233.0,,0.077,-0.157,0.12551949356181602,0.03333333333333333,0.0,-0.0
1743596760.0456789,0.0,0.0,233.0,,0.077,-0.157,0.12551949356181602,0.03333333333333333,0.0,-0.0
1743596760.0658503,0.0,0.0,233.0,,0.068,-0.157,0.10546053315071546,0.03333333333333333,0.0,-0.0
1743596760.0859864,0.0,0.0,233.0,,0.058,-0.167,0.13554990671544687,0.03333333333333333,0.0,-0.0
1743596760.1061482,0.0,0.0,233.0,,0.058,-0.167,0.13554990671544687,0.03333333333333333,0.0,-0.0
1743596760.126343,0.0,0.0,233.0,,0.068,-0.167,0.12561562456242115,0.03333333333333333,0.0,-0.0
1743596760.1482337,0.0,0.0,233.0,,0.068,-0.157,0.11545759185293569,0.03333333333333333,0.0,-0.0
1743596760.1684496,0.0,0.0,233.0,,0.068,-0.157,0.11545759185293569,0.03333333333333333,0.0,-0.0
1743596760.1892827,0.0,0.0,233.0,,0.058,-0.167,0.1255530279528152,0.03333333333333333,0.0,-0.0
1743596760.2094734,0.0,0.0,233.0,,0.068,-0.157,0.11545759185293569,0.03333333333333333,0.0,-0.0
1743596760.2296622,0.0,0.0,233.0,,0.068,-0.157,0.11545759185293569,0.03333333333333333,0.0,-0.0
1743596760.2500618,0.0,0.0,233.0,,0.068,-0.157,0.10546053315071546,0.03333333333333333,0.0,-0.0
1743596760.2702217,0.0,0.0,233.0,,0.068,-0.157,0.11545759185293569,0.03333333333333333,0.0,-0.0
1743596760.2903502,0.0,0.0,233.0,,0.068,-0.157,0.11545759185293569,0.03333333333333333,0.0,-0.0
1743596760.3106043,0.0,0.0,233.0,,0.068,-0.167,0.10562214807699988,0.03333333333333333,0.0,-0.0
1743596760.3308346,0.0,0.0,233.0,,0.058,-0.157,0.11539486599474635,0.03333333333333333,0.0,-0.0
1743596760.351015,0.0,0.0,233.0,,0.058,-0.157,0.11539486599474635,0.03333333333333333,0.0,-0.0
1743596760.3712244,0.0,0.0,233.0,,0.058,-0.167,0.11555615862736524,0.03333333333333333,0.0,-0.0
1743596760.3913665,0.0,0.0,233.0,,0.068,-0.157,0.10546053315071546,0.03333333333333333,0.0,-0.0
1743596760.4119883,0.0,0.0,233.0,,0.068,-0.157,0.10546053315071546,0.03333333333333333,0.0,-0.0
1743596760.4323761,0.0,0.0,233.0,,0.068,-0.167,0.1156188813912351,0.03333333333333333,0.0,-0.0
1743596760.4525373,0.0,0.0,233.0,,0.068,-0.157,0.11545759185293569,0.03333333333333333,0.0,-0.0
1743596760.4728746,0.0,0.0,233.0,,0.068,-0.157,0.11545759185293569,0.03333333333333333,0.0,-0.0
1743596760.4932294,0.0,0.0,233.0,,0.058,-0.157,0.11539486599474635,0.03333333333333333,0.0,-0.0
1743596760.513337,0.0,0.0,233.0,,0.058,-0.157,0.11539486599474635,0.03333333333333333,0.0,-0.0
1743596760.533525,0.0,0.0,233.0,,0.068,-0.157,0.11545759185293569,0.03333333333333333,0.0,-0.0
1743596760.5539675,0.0,0.0,233.0,,0.058,-0.167,0.10555929877717674,0.03333333333333333,0.0,-0.0
1743596760.574328,0.0,0.0,233.0,,0.068,-0.157,0.11545759185293569,0.03333333333333333,0.0,-0.0
1743596760.5947413,0.0,0.0,233.0,,0.068,-0.157,0.10546053315071546,0.03333333333333333,0.0,-0.0
1743596760.6163902,0.0,0.0,233.0,,0.068,-0.157,0.11545759185293569,0.03333333333333333,0.0,-0.0
1743596760.6365974,0.0,0.0,233.0,,0.068,-0.167,0.12561562456242115,0.03333333333333333,0.0,-0.0
1743596760.6567438,0.0,0.0,233.0,,0.068,-0.157,0.11545759185293569,0.03333333333333333,0.0,-0.0
1743596760.677075,0.0,0.0,233.0,,0.068,-0.157,0.11545759185293569,0.03333333333333333,0.0,-0.0
1743596760.6975212,0.0,0.0,233.0,,0.068,-0.157,0.11545759185293569,0.03333333333333333,0.0,-0.0
1743596760.7180312,0.0,0.0,233.0,,0.058,-0.157,0.1253920597390792,0.03333333333333333,0.0,-0.0
1743596760.7388391,0.0,0.0,233.0,,0.058,-0.167,0.11555615862736524,0.03333333333333333,0.0,-0.0
1743596760.7590907,0.0,0.0,233.0,,0.058,-0.167,0.11555615862736524,0.03333333333333333,0.0,-0.0
1743596760.779268,0.0,0.0,233.0,,0.058,-0.157,0.11539486599474635,0.03333333333333333,0.0,-0.0
1743596760.7994926,0.0,0.0,233.0,,0.058,-0.157,0.11539486599474635,0.03333333333333333,0.0,-0.0
1743596760.8223524,0.0,0.0,233.0,,0.077,-0.157,0.11552255665173661,0.03333333333333333,0.0,-0.0
1743596760.8424895,0.0,0.0,233.0,,0.077,-0.157,0.11552255665173661,0.03333333333333333,0.0,-0.0
1743596760.8626409,0.0,0.0,233.0,,0.068,-0.157,0.11545759185293569,0.03333333333333333,0.0,-0.0
1743596760.882825,0.0,0.0,233.0,,0.058,-0.167,0.1255530279528152,0.03333333333333333,0.0,-0.0
1743596760.903504,0.0,0.0,233.0,,0.058,-0.167,0.11555615862736524,0.03333333333333333,0.0,-0.0
1743596760.9237037,0.0,0.0,233.0,,0.058,-0.157,0.11539486599474635,0.03333333333333333,0.0,-0.0
1743596760.9439216,0.0,0.0,233.0,,0.068,-0.167,0.1156188813912351,0.03333333333333333,0.0,-0.0
1743596760.964368,0.0,0.0,233.0,,0.068,-0.167,0.12561562456242115,0.03333333333333333,0.0,-0.0
1743596760.9847636,0.0,0.0,233.0,,0.068,-0.167,0.12561562456242115,0.03333333333333333,0.0,-0.0
1743596761.0053666,0.0,0.0,233.0,,0.068,-0.167,0.12561562456242115,0.03333333333333333,0.0,-0.0
1743596761.0256522,0.0,0.0,233.0,,0.058,-0.177,0.1157273988868397,0.03333333333333333,0.0,-0.0
1743596761.0458176,0.0,0.0,233.0,,0.058,-0.157,0.10539768074407263,0.03333333333333333,0.0,-0.0
1743596761.0675547,0.0,0.0,233.0,,0.058,-0.157,0.10539768074407263,0.03333333333333333,0.0,-0.0
1743596761.0878015,0.0,0.0,233.0,,0.068,-0.157,0.11545759185293569,0.03333333333333333,0.0,-0.0
1743596761.10794,0.0,0.0,233.0,,0.058,-0.167,0.11555615862736524,0.03333333333333333,0.0,-0.0
1743596761.1280882,0.0,0.0,233.0,,0.058,-0.167,0.11555615862736524,0.03333333333333333,0.0,-0.0
1743596761.1482768,0.0,0.0,233.0,,0.068,-0.167,0.1156188813912351,0.03333333333333333,0.0,-0.0
1743596761.1684492,0.0,0.0,233.0,,0.058,-0.147,0.11524352246183334,0.03333333333333333,0.0,-0.0
1743596761.1887882,0.0,0.0,233.0,,0.058,-0.147,0.11524352246183334,0.03333333333333333,0.0,-0.0
1743596761.2093205,0.0,0.0,233.0,,0.068,-0.167,0.1156188813912351,0.03333333333333333,0.0,-0.0
1743596761.229457,0.0,0.0,233.0,,0.068,-0.167,0.1156188813912351,0.03333333333333333,0.0,-0.0
1743596761.2497644,0.0,0.0,233.0,,0.068,-0.167,0.1156188813912351,0.03333333333333333,0.0,-0.0
1743596761.2703552,0.0,0.0,233.0,,0.058,-0.157,0.1253920597390792,0.03333333333333333,0.0,-0.0
1743596761.290649,0.0,0.0,233.0,,0.077,-0.157,0.11552255665173661,0.03333333333333333,0.0,-0.0
1743596761.3108203,0.0,0.0,233.0,,0.077,-0.157,0.11552255665173661,0.03333333333333333,0.0,-0.0
1743596761.3310108,0.0,0.0,233.0,,0.068,-0.167,0.1156188813912351,0.03333333333333333,0.0,-0.0
1743596761.3533216,0.0,0.0,233.0,,0.068,-0.167,0.1156188813912351,0.03333333333333333,0.0,-0.0
1743596761.3734775,0.0,0.0,233.0,,0.068,-0.167,0.1156188813912351,0.03333333333333333,0.0,-0.0
1743596761.3936732,0.0,0.0,233.0,,0.058,-0.167,0.1255530279528152,0.03333333333333333,0.0,-0.0
1743596761.4138336,0.0,0.0,233.0,,0.058,-0.157,0.11539486599474635,0.03333333333333333,0.0,-0.0
1743596761.4339979,0.0,0.0,233.0,,0.058,-0.157,0.11539486599474635,0.03333333333333333,0.0,-0.0
1743596761.454227,0.0,0.0,233.0,,0.077,-0.167,0.1056872407210463,0.03333333333333333,0.0,-0.0
1743596761.4743903,0.0,0.0,233.0,,0.068,-0.157,0.11545759185293569,0.03333333333333333,0.0,-0.0
1743596761.494565,0.0,0.0,233.0,,0.068,-0.157,0.11545759185293569,0.03333333333333333,0.0,-0.0
1743596761.5147226,0.0,0.0,233.0,,0.068,-0.167,0.1156188813912351,0.03333333333333333,0.0,-0.0
1743596761.5348926,0.0,0.0,233.0,,0.058,-0.167,0.11555615862736524,0.03333333333333333,0.0,-0.0
1743596761.5551167,0.0,0.0,233.0,,0.068,-0.167,0.10562214807699988,0.03333333333333333,0.0,-0.0
1743596761.5752532,0.0,0.0,233.0,,0.058,-0.167,0.11555615862736524,0.03333333333333333,0.0,-0.0
1743596761.5954118,0.0,0.0,233.0,,0.058,-0.147,0.12524102062827325,0.03333333333333333,0.0,-0.0
1743596761.6157708,0.0,0.0,233.0,,0.058,-0.157,0.11539486599474635,0.03333333333333333,0.0,-0.0
1743596761.635984,0.0,0.0,233.0,,0.077,-0.157,0.11552255665173661,0.03333333333333333,0.0,-0.0
1743596761.6568174,0.0,0.0,233.0,,0.068,-0.167,0.1156188813912351,0.03333333333333333,0.0,-0.0
1743596761.6774092,0.0,0.0,233.0,,0.068,-0.167,0.12561562456242115,0.03333333333333333,0.0,-0.0
1743596761.6978745,0.0,0.0,233.0,,0.058,-0.147,0.09624829683312264,0.03333333333333333,0.0,-0.0
1743596761.7183201,0.0,0.0,233.0,,0.058,-0.147,0.12524102062827325,0.03333333333333333,0.0,-0.0
1743596761.7384734,0.0,0.0,233.0,,0.058,-0.167,0.1255530279528152,0.03333333333333333,0.0,-0.0
1743596761.7586687,0.0,0.0,233.0,,0.077,-0.157,0.12551949356181602,0.03333333333333333,0.0,-0.0
1743596761.7791567,0.0,0.0,233.0,,0.077,-0.157,0.10552562901243157,0.03333333333333333,0.0,-0.0
1743596761.8002298,0.0,0.0,233.0,,0.077,-0.157,0.10552562901243157,0.03333333333333333,0.0,-0.0
1743596761.82048,0.0,0.0,233.0,,0.058,-0.167,0.1255530279528152,0.03333333333333333,0.0,-0.0
1743596761.8406646,0.0,0.0,233.0,,0.038,-0.157,0.10530190332482547,0.03333333333333333,0.0,-0.0
1743596761.860821,0.0,0.0,233.0,,0.048,-0.167,0.11550339092579165,0.03333333333333333,0.0,-0.0
1743596761.8810503,0.0,0.0,233.0,,0.068,-0.157,0.11545759185293569,0.03333333333333333,0.0,-0.0
1743596761.9014175,0.0,0.0,233.0,,0.077,-0.157,0.11552255665173661,0.03333333333333333,0.0,-0.0
1743596761.921877,0.0,0.0,233.0,,0.087,-0.157,0.1156041964075758,0.03333333333333333,0.0,-0.0
1743596761.942073,0.0,0.0,233.0,,0.077,-0.147,0.10537398607081805,0.03333333333333333,0.0,-0.0
1743596761.9623618,0.0,0.0,233.0,,0.048,-0.157,0.1153420956899378,0.03333333333333333,0.0,-0.0
1743596761.9835193,0.0,0.0,233.0,,0.038,-0.177,0.1256285411739686,0.03333333333333333,0.0,-0.0
1743596762.0036895,0.0,0.0,233.0,,0.048,-0.167,0.12550036638476314,0.03333333333333333,0.0,-0.0
1743596762.023859,0.0,0.0,233.0,,0.068,-0.157,0.10546053315071546,0.03333333333333333,0.0,-0.0
1743596762.0442655,0.0,0.0,233.0,,0.068,-0.157,0.11545759185293569,0.03333333333333333,0.0,-0.0
1743596762.0674675,0.0,0.0,233.0,,0.068,-0.157,0.11545759185293569,0.03333333333333333,0.0,-0.0
1743596762.087896,0.0,0.0,233.0,,0.068,-0.157,0.11545759185293569,0.03333333333333333,0.0,-0.0
1743596762.108109,0.0,0.0,233.0,,0.068,-0.167,0.12561562456242115,0.03333333333333333,0.0,-0.0
1743596762.1282542,0.0,0.0,233.0,,0.058,-0.157,0.10539768074407263,0.03333333333333333,0.0,-0.0
1743596762.1486948,0.0,0.0,233.0,,0.058,-0.157,0.10539768074407263,0.03333333333333333,0.0,-0.0
1743596762.1691105,0.0,0.0,233.0,,0.058,-0.157,0.11539486599474635,0.03333333333333333,0.0,-0.0
1743596762.1899579,0.0,0.0,233.0,,0.058,-0.167,0.11555615862736524,0.03333333333333333,0.0,-0.0
1743596762.2101808,0.0,0.0,233.0,,0.058,-0.167,0.11555615862736524,0.03333333333333333,0.0,-0.0
1743596762.2303202,0.0,0.0,233.0,,0.068,-0.157,0.10546053315071546,0.03333333333333333,0.0,-0.0
1743596762.2505045,0.0,0.0,233.0,,0.077,-0.157,0.11552255665173661,0.03333333333333333,0.0,-0.0
1743596762.270641,0.0,0.0,233.0,,0.077,-0.157,0.11552255665173661,0.03333333333333333,0.0,-0.0
1743596762.2907872,0.0,0.0,233.0,,0.058,-0.157,0.10539768074407263,0.03333333333333333,0.0,-0.0
1743596762.3110228,0.0,0.0,233.0,,0.068,-0.157,0.11545759185293569,0.03333333333333333,0.0,-0.0
1743596762.3311555,0.0,0.0,233.0,,0.068,-0.157,0.11545759185293569,0.03333333333333333,0.0,-0.0
1743596762.3512945,0.0,0.0,233.0,,0.068,-0.157,0.11545759185293569,0.03333333333333333,0.0,-0.0
1743596762.3715422,0.0,0.0,233.0,,0.068,-0.157,0.10546053315071546,0.03333333333333333,0.0,-0.0
1743596762.3918943,0.0,0.0,233.0,,0.068,-0.157,0.10546053315071546,0.03333333333333333,0.0,-0.0
1743596762.412086,0.0,0.0,233.0,,0.068,-0.157,0.11545759185293569,0.03333333333333333,0.0,-0.0
1743596762.4323413,0.0,0.0,233.0,,0.058,-0.167,0.10555929877717674,0.03333333333333333,0.0,-0.0
1743596762.4527962,0.0,0.0,233.0,,0.058,-0.167,0.10555929877717674,0.03333333333333333,0.0,-0.0
1743596762.4731424,0.0,0.0,233.0,,0.068,-0.157,0.11545759185293569,0.03333333333333333,0.0,-0.0
1743596762.4933128,0.0,0.0,233.0,,0.068,-0.157,0.11545759185293569,0.03333333333333333,0.0,-0.0
1743596762.5134823,0.0,0.0,233.0,,0.068,-0.157,0.11545759185293569,0.03333333333333333,0.0,-0.0
1743596762.5339715,0.0,0.0,233.0,,0.058,-0.157,0.10539768074407263,0.03333333333333333,0.0,-0.0
1743596762.5541136,0.0,0.0,233.0,,0.068,-0.167,0.12561562456242115,0.03333333333333333,0.0,-0.0
1743596762.5749228,0.0,0.0,233.0,,0.068,-0.167,0.12561562456242115,0.03333333333333333,0.0,-0.0
1743596762.5953615,0.0,0.0,233.0,,0.068,-0.147,0.10530888718981224,0.03333333333333333,0.0,-0.0
1743596762.6179404,0.0,0.0,233.0,,0.068,-0.167,0.1156188813912351,0.03333333333333333,0.0,-0.0
1743596762.638181,0.0,0.0,233.0,,0.058,-0.167,0.11555615862736524,0.03333333333333333,0.0,-0.0
1743596762.6583593,0.0,0.0,233.0,,0.058,-0.157,0.11539486599474635,0.03333333333333333,0.0,-0.0
1743596762.680393,0.0,0.0,233.0,,0.068,-0.157,0.10546053315071546,0.03333333333333333,0.0,-0.0
1743596762.7005825,0.0,0.0,233.0,,0.068,-0.157,0.11545759185293569,0.03333333333333333,0.0,-0.0
1743596762.7208128,0.0,0.0,233.0,,0.058,-0.157,0.1253920597390792,0.03333333333333333,0.0,-0.0
1743596762.740973,0.0,0.0,233.0,,0.058,-0.167,0.11555615862736524,0.03333333333333333,0.0,-0.0
1743596762.7611265,0.0,0.0,233.0,,0.068,-0.157,0.10546053315071546,0.03333333333333333,0.0,-0.0
1743596762.7812846,0.0,0.0,233.0,,0.058,-0.157,0.10539768074407263,0.03333333333333333,0.0,-0.0
1743596762.801441,0.0,0.0,233.0,,0.068,-0.157,0.11545759185293569,0.03333333333333333,0.0,-0.0
1743596762.8217146,0.0,0.0,233.0,,0.068,-0.167,0.1156188813912351,0.03333333333333333,0.0,-0.0
1743596762.8419397,0.0,0.0,233.0,,0.068,-0.157,0.11545759185293569,0.03333333333333333,0.0,-0.0
1743596762.8635776,0.0,0.0,233.0,,0.058,-0.157,0.11539486599474635,0.03333333333333333,0.0,-0.0
1743596762.883745,0.0,0.0,233.0,,0.058,-0.167,0.11555615862736524,0.03333333333333333,0.0,-0.0
1743596762.9041104,0.0,0.0,233.0,,0.068,-0.157,0.11545759185293569,0.03333333333333333,0.0,-0.0
1743596762.9242866,0.0,0.0,233.0,,0.068,-0.157,0.11545759185293569,0.03333333333333333,0.0,-0.0
1743596762.9447541,0.0,0.0,233.0,,0.068,-0.157,0.11545759185293569,0.03333333333333333,0.0,-0.0
1743596762.965229,0.0,0.0,233.0,,0.058,-0.157,0.10539768074407263,0.03333333333333333,0.0,-0.0
1743596762.9856257,0.0,0.0,233.0,,0.058,-0.147,0.10524603186789783,0.03333333333333333,0.0,-0.0
1743596763.0058217,0.0,0.0,233.0,,0.058,-0.157,0.11539486599474635,0.03333333333333333,0.0,-0.0
1743596763.026007,0.0,0.0,233.0,,0.068,-0.167,0.12561562456242115,0.03333333333333333,0.0,-0.0
1743596763.0461612,0.0,0.0,233.0,,0.068,-0.167,0.12561562456242115,0.03333333333333333,0.0,-0.0
1743596763.0663288,0.0,0.0,233.0,,0.068,-0.157,0.11545759185293569,0.03333333333333333,0.0,-0.0
1743596763.0865784,0.0,0.0,233.0,,0.068,-0.157,0.10546053315071546,0.03333333333333333,0.0,-0.0
1743596763.1067498,0.0,0.0,233.0,,0.068,-0.157,0.10546053315071546,0.03333333333333333,0.0,-0.0
1743596763.1269257,0.0,0.0,233.0,,0.058,-0.167,0.10555929877717674,0.03333333333333333,0.0,-0.0
1743596763.147152,0.0,0.0,233.0,,0.068,-0.157,0.11545759185293569,0.03333333333333333,0.0,-0.0
1743596763.1673353,0.0,0.0,233.0,,0.068,-0.157,0.11545759185293569,0.03333333333333333,0.0,-0.0
1743596763.1878898,0.0,0.0,233.0,,0.058,-0.167,0.11555615862736524,0.03333333333333333,0.0,-0.0
1743596763.2083268,0.0,0.0,233.0,,0.068,-0.157,0.11545759185293569,0.03333333333333333,0.0,-0.0
1743596763.2287972,0.0,0.0,233.0,,0.068,-0.157,0.11545759185293569,0.03333333333333333,0.0,-0.0
1743596763.2493694,0.0,0.0,233.0,,0.058,-0.157,0.11539486599474635,0.03333333333333333,0.0,-0.0
1743596763.2697918,0.0,0.0,233.0,,0.058,-0.157,0.11539486599474635,0.03333333333333333,0.0,-0.0
1743596763.2913785,0.0,0.0,233.0,,0.058,-0.157,0.11539486599474635,0.03333333333333333,0.0,-0.0
1743596763.3115647,0.0,0.0,233.0,,0.068,-0.147,0.11530625122356675,0.03333333333333333,0.0,-0.0
1743596763.3333764,0.0,0.0,233.0,,0.068,-0.157,0.1254546594305701,0.03333333333333333,0.0,-0.0
1743596763.353577,0.0,0.0,233.0,,0.068,-0.157,0.1254546594305701,0.03333333333333333,0.0,-0.0
1743596763.373943,0.0,0.0,233.0,,0.068,-0.157,0.11545759185293569,0.03333333333333333,0.0,-0.0
1743596763.3941278,0.0,0.0,233.0,,0.058,-0.167,0.11555615862736524,0.03333333333333333,0.0,-0.0
1743596763.4143333,0.0,0.0,233.0,,0.058,-0.157,0.11539486599474635,0.03333333333333333,0.0,-0.0
1743596763.4344754,0.0,0.0,233.0,,0.068,-0.157,0.11545759185293569,0.03333333333333333,0.0,-0.0
1743596763.4546578,0.0,0.0,233.0,,0.058,-0.157,0.11539486599474635,0.03333333333333333,0.0,-0.0
1743596763.4749117,0.0,0.0,233.0,,0.058,-0.157,0.11539486599474635,0.03333333333333333,0.0,-0.0
1743596763.4952183,0.0,0.0,233.0,,0.058,-0.167,0.1255530279528152,0.03333333333333333,0.0,-0.0
1743596763.515591,0.0,0.0,233.0,,0.068,-0.157,0.11545759185293569,0.03333333333333333,0.0,-0.0
1743596763.5359738,0.0,0.0,233.0,,0.077,-0.157,0.10552562901243157,0.03333333333333333,0.0,-0.0
1743596763.55633,0.0,0.0,233.0,,0.077,-0.167,0.1156838429853071,0.03333333333333333,0.0,-0.0
1743596763.5764925,0.0,0.0,233.0,,0.077,-0.167,0.1156838429853071,0.03333333333333333,0.0,-0.0
1743596763.596644,0.0,0.0,233.0,,0.058,-0.157,0.10539768074407263,0.03333333333333333,0.0,-0.0
1743596763.6168072,0.0,0.0,233.0,,0.058,-0.167,0.11555615862736524,0.03333333333333333,0.0,-0.0
1743596763.6369793,0.0,0.0,233.0,,0.058,-0.157,0.1253920597390792,0.03333333333333333,0.0,-0.0
1743596763.657127,0.0,0.0,233.0,,0.068,-0.157,0.11545759185293569,0.03333333333333333,0.0,-0.0
1743596763.6774046,0.0,0.0,233.0,,0.068,-0.157,0.11545759185293569,0.03333333333333333,0.0,-0.0
1743596763.699397,0.0,0.0,233.0,,0.058,-0.157,0.11539486599474635,0.03333333333333333,0.0,-0.0
1743596763.7195828,0.0,0.0,233.0,,0.058,-0.157,0.11539486599474635,0.03333333333333333,0.0,-0.0
1743596763.7400167,0.0,0.0,233.0,,0.068,-0.157,0.11545759185293569,0.03333333333333333,0.0,-0.0
1743596763.7601838,0.0,0.0,233.0,,0.068,-0.157,0.11545759185293569,0.03333333333333333,0.0,-0.0
1743596763.780758,0.0,0.0,233.0,,0.068,-0.157,0.11545759185293569,0.03333333333333333,0.0,-0.0
1743596763.800931,0.0,0.0,233.0,,0.068,-0.157,0.11545759185293569,0.03333333333333333,0.0,-0.0
1743596763.8213015,0.0,0.0,233.0,,0.068,-0.167,0.1156188813912351,0.03333333333333333,0.0,-0.0
1743596763.8417008,0.0,0.0,233.0,,0.068,-0.157,0.10546053315071546,0.03333333333333333,0.0,-0.0
1743596763.863399,0.0,0.0,233.0,,0.068,-0.157,0.10546053315071546,0.03333333333333333,0.0,-0.0
1743596763.883588,0.0,0.0,233.0,,0.058,-0.157,0.11539486599474635,0.03333333333333333,0.0,-0.0
1743596763.9037597,0.0,0.0,233.0,,0.068,-0.157,0.11545759185293569,0.03333333333333333,0.0,-0.0
1743596763.923975,0.0,0.0,233.0,,0.058,-0.157,0.11539486599474635,0.03333333333333333,0.0,-0.0
1743596763.944145,0.0,0.0,233.0,,0.058,-0.157,0.11539486599474635,0.03333333333333333,0.0,-0.0
1743596763.9643433,0.0,0.0,233.0,,0.058,-0.157,0.11539486599474635,0.03333333333333333,0.0,-0.0
1743596763.9846065,0.0,0.0,233.0,,0.068,-0.157,0.10546053315071546,0.03333333333333333,0.0,-0.0
1743596764.0050757,0.0,0.0,233.0,,0.068,-0.157,0.10546053315071546,0.03333333333333333,0.0,-0.0
1743596764.0254712,0.0,0.0,233.0,,0.068,-0.157,0.11545759185293569,0.03333333333333333,0.0,-0.0
1743596764.0463586,0.0,0.0,233.0,,0.048,-0.157,0.1153420956899378,0.03333333333333333,0.0,-0.0
1743596764.0665312,0.0,0.0,233.0,,0.048,-0.157,0.1153420956899378,0.03333333333333333,0.0,-0.0
1743596764.0867512,0.0,0.0,233.0,,0.048,-0.157,0.1153420956899378,0.03333333333333333,0.0,-0.0
1743596764.1069038,0.0,0.0,233.0,,0.068,-0.167,0.10562214807699988,0.03333333333333333,0.0,-0.0
1743596764.1270776,0.0,0.0,233.0,,0.068,-0.167,0.10562214807699988,0.03333333333333333,0.0,-0.0
1743596764.1472332,0.0,0.0,233.0,,0.058,-0.157,0.10539768074407263,0.03333333333333333,0.0,-0.0
1743596764.167373,0.0,0.0,233.0,,0.068,-0.167,0.1156188813912351,0.03333333333333333,0.0,-0.0
1743596764.1900082,0.0,0.0,233.0,,0.068,-0.167,0.1156188813912351,0.03333333333333333,0.0,-0.0
1743596764.210548,0.0,0.0,233.0,,0.068,-0.157,0.11545759185293569,0.03333333333333333,0.0,-0.0
1743596764.2307386,0.0,0.0,233.0,,0.058,-0.167,0.11555615862736524,0.03333333333333333,0.0,-0.0
1743596764.2509098,0.0,0.0,233.0,,0.058,-0.167,0.11555615862736524,0.03333333333333333,0.0,-0.0
1743596764.2722106,0.0,0.0,233.0,,0.068,-0.157,0.11545759185293569,0.03333333333333333,0.0,-0.0
1743596764.2923918,0.0,0.0,233.0,,0.068,-0.157,0.10546053315071546,0.03333333333333333,0.0,-0.0
1743596764.3125672,0.0,0.0,233.0,,0.068,-0.157,0.10546053315071546,0.03333333333333333,0.0,-0.0
1743596764.3327496,0.0,0.0,233.0,,0.068,-0.167,0.1156188813912351,0.03333333333333333,0.0,-0.0
1743596764.3532848,0.0,0.0,233.0,,0.068,-0.157,0.11545759185293569,0.03333333333333333,0.0,-0.0
1743596764.3734658,0.0,0.0,233.0,,0.068,-0.157,0.11545759185293569,0.03333333333333333,0.0,-0.0
1743596764.3936133,0.0,0.0,233.0,,0.068,-0.157,0.1254546594305701,0.03333333333333333,0.0,-0.0
1743596764.4139082,0.0,0.0,233.0,,0.077,-0.167,0.12568045550182028,0.03333333333333333,0.0,-0.0
1743596764.4340284,0.0,0.0,233.0,,0.068,-0.147,0.10530888718981224,0.03333333333333333,0.0,-0.0
1743596764.4545636,0.0,0.0,233.0,,0.058,-0.157,0.11539486599474635,0.03333333333333333,0.0,-0.0
1743596764.4764836,0.0,0.0,233.0,,0.068,-0.167,0.12561562456242115,0.03333333333333333,0.0,-0.0
1743596764.4968817,0.0,0.0,233.0,,0.048,-0.157,0.10534480397410206,0.03333333333333333,0.0,-0.0
1743596764.5188992,0.0,0.0,233.0,,0.058,-0.157,0.11539486599474635,0.03333333333333333,0.0,-0.0
1743596764.539092,0.0,0.0,233.0,,0.068,-0.157,0.11545759185293569,0.03333333333333333,0.0,-0.0
1743596764.5615342,0.0,0.0,233.0,,0.068,-0.157,0.11545759185293569,0.03333333333333333,0.0,-0.0
1743596764.5835538,0.0,0.0,233.0,,0.068,-0.157,0.1254546594305701,0.03333333333333333,0.0,-0.0
1743596764.607335,0.0,0.0,233.0,,0.068,-0.157,0.10546053315071546,0.03333333333333333,0.0,-0.0
1743596764.6275384,0.0,0.0,233.0,,0.068,-0.157,0.11545759185293569,0.03333333333333333,0.0,-0.0
1743596764.6479537,0.0,0.0,233.0,,0.058,-0.157,0.10539768074407263,0.03333333333333333,0.0,-0.0
1743596764.6681588,0.0,0.0,233.0,,0.058,-0.157,0.10539768074407263,0.03333333333333333,0.0,-0.0
1743596764.6883397,0.0,0.0,233.0,,0.058,-0.157,0.11539486599474635,0.03333333333333333,0.0,-0.0
1743596764.708912,0.0,0.0,233.0,,0.058,-0.147,0.11524352246183334,0.03333333333333333,0.0,-0.0
1743596764.7293363,0.0,0.0,233.0,,0.058,-0.147,0.11524352246183334,0.03333333333333333,0.0,-0.0
1743596764.749747,0.0,0.0,233.0,,0.068,-0.167,0.1156188813912351,0.03333333333333333,0.0,-0.0
1743596764.7700105,0.0,0.0,233.0,,0.058,-0.157,0.11539486599474635,0.03333333333333333,0.0,-0.0
1743596764.7901964,0.0,0.0,233.0,,0.058,-0.157,0.11539486599474635,0.03333333333333333,0.0,-0.0
1743596764.8104615,0.0,0.0,233.0,,0.068,-0.167,0.1156188813912351,0.03333333333333333,0.0,-0.0
1743596764.8307097,0.0,0.0,233.0,,0.068,-0.157,0.11545759185293569,0.03333333333333333,0.0,-0.0
1743596764.8509727,0.0,0.0,233.0,,0.068,-0.157,0.11545759185293569,0.03333333333333333,0.0,-0.0
1743596764.8712249,0.0,0.0,233.0,,0.068,-0.157,0.11545759185293569,0.03333333333333333,0.0,-0.0
1743596764.8920593,0.0,0.0,233.0,,0.058,-0.157,0.11539486599474635,0.03333333333333333,0.0,-0.0
1743596764.9122305,0.0,0.0,233.0,,0.058,-0.157,0.11539486599474635,0.03333333333333333,0.0,-0.0
1743596764.9323385,0.0,0.0,233.0,,0.068,-0.157,0.11545759185293569,0.03333333333333333,0.0,-0.0
1743596764.9524877,0.0,0.0,233.0,,0.068,-0.157,0.11545759185293569,0.03333333333333333,0.0,-0.0
1743596764.972714,0.0,0.0,233.0,,0.068,-0.157,0.11545759185293569,0.03333333333333333,0.0,-0.0
1743596764.992942,0.0,0.0,233.0,,0.058,-0.167,0.10555929877717674,0.03333333333333333,0.0,-0.0
1743596765.0132139,0.0,0.0,233.0,,0.058,-0.157,0.11539486599474635,0.03333333333333333,0.0,-0.0
1743596765.0335028,0.0,0.0,233.0,,0.058,-0.157,0.11539486599474635,0.03333333333333333,0.0,-0.0
1743596765.053824,0.0,0.0,233.0,,0.068,-0.157,0.10546053315071546,0.03333333333333333,0.0,-0.0
1743596765.0740678,0.0,0.0,233.0,,0.068,-0.157,0.11545759185293569,0.03333333333333333,0.0,-0.0
1743596765.0944097,0.0,0.0,233.0,,0.068,-0.157,0.11545759185293569,0.03333333333333333,0.0,-0.0
1743596765.1183474,0.0,0.0,233.0,,0.068,-0.157,0.11545759185293569,0.03333333333333333,0.0,-0.0
1743596765.1385467,0.0,0.0,233.0,,0.058,-0.147,0.10524603186789783,0.03333333333333333,0.0,-0.0
1743596765.1587083,0.0,0.0,233.0,,0.058,-0.157,0.11539486599474635,0.03333333333333333,0.0,-0.0
1743596765.1788726,0.0,0.0,233.0,,0.077,-0.167,0.12568045550182028,0.03333333333333333,0.0,-0.0
1743596765.1990745,0.0,0.0,233.0,,0.068,-0.157,0.1254546594305701,0.03333333333333333,0.0,-0.0
1743596765.219251,0.0,0.0,233.0,,0.068,-0.147,0.10530888718981224,0.03333333333333333,0.0,-0.0
1743596765.2394135,0.0,0.0,233.0,,0.068,-0.157,0.10546053315071546,0.03333333333333333,0.0,-0.0
1743596765.2596245,0.0,0.0,233.0,,0.068,-0.167,0.1156188813912351,0.03333333333333333,0.0,-0.0
1743596765.2797961,0.0,0.0,233.0,,0.058,-0.157,0.1253920597390792,0.03333333333333333,0.0,-0.0
1743596765.2999623,0.0,0.0,233.0,,0.058,-0.157,0.10539768074407263,0.03333333333333333,0.0,-0.0
1743596765.320339,0.0,0.0,233.0,,0.058,-0.157,0.11539486599474635,0.03333333333333333,0.0,-0.0
1743596765.340868,0.0,0.0,233.0,,0.068,-0.157,0.11545759185293569,0.03333333333333333,0.0,-0.0
1743596765.3613415,0.0,0.0,233.0,,0.077,-0.167,0.1156838429853071,0.03333333333333333,0.0,-0.0
1743596765.383533,0.0,0.0,233.0,,0.068,-0.157,0.10546053315071546,0.03333333333333333,0.0,-0.0
1743596765.4074047,0.0,0.0,233.0,,0.068,-0.157,0.10546053315071546,0.03333333333333333,0.0,-0.0
1743596765.4275782,0.0,0.0,233.0,,0.068,-0.157,0.11545759185293569,0.03333333333333333,0.0,-0.0
1743596765.4477758,0.0,0.0,233.0,,0.068,-0.157,0.11545759185293569,0.03333333333333333,0.0,-0.0
1743596765.4683506,0.0,0.0,233.0,,0.068,-0.157,0.11545759185293569,0.03333333333333333,0.0,-0.0
1743596765.488937,0.0,0.0,233.0,,0.058,-0.157,0.11539486599474635,0.03333333333333333,0.0,-0.0
1743596765.5091333,0.0,0.0,233.0,,0.058,-0.157,0.11539486599474635,0.03333333333333333,0.0,-0.0
1743596765.5293334,0.0,0.0,233.0,,0.077,-0.157,0.11552255665173661,0.03333333333333333,0.0,-0.0
1743596765.5495312,0.0,0.0,233.0,,0.058,-0.157,0.11539486599474635,0.03333333333333333,0.0,-0.0
1743596765.569775,0.0,0.0,233.0,,0.058,-0.157,0.11539486599474635,0.03333333333333333,0.0,-0.0
1743596765.5899243,0.0,0.0,233.0,,0.058,-0.157,0.11539486599474635,0.03333333333333333,0.0,-0.0
1743596765.6101167,0.0,0.0,233.0,,0.068,-0.157,0.10546053315071546,0.03333333333333333,0.0,-0.0
1743596765.630704,0.0,0.0,233.0,,0.068,-0.157,0.10546053315071546,0.03333333333333333,0.0,-0.0
1743596765.650885,0.0,0.0,233.0,,0.068,-0.157,0.1254546594305701,0.03333333333333333,0.0,-0.0
1743596765.6710672,0.0,0.0,233.0,,0.068,-0.157,0.1254546594305701,0.03333333333333333,0.0,-0.0
1743596765.6914194,0.0,0.0,233.0,,0.068,-0.157,0.1254546594305701,0.03333333333333333,0.0,-0.0
1743596765.7116988,0.0,0.0,233.0,,0.068,-0.167,0.1156188813912351,0.03333333333333333,0.0,-0.0
1743596765.731886,0.0,0.0,233.0,,0.058,-0.157,0.11539486599474635,0.03333333333333333,0.0,-0.0
1743596765.752099,0.0,0.0,233.0,,0.058,-0.157,0.11539486599474635,0.03333333333333333,0.0,-0.0
1743596765.772432,0.0,0.0,233.0,,0.058,-0.157,0.10539768074407263,0.03333333333333333,0.0,-0.0
1743596765.7927167,0.0,0.0,233.0,,0.068,-0.157,0.11545759185293569,0.03333333333333333,0.0,-0.0
1743596765.812903,0.0,0.0,233.0,,0.068,-0.157,0.11545759185293569,0.03333333333333333,0.0,-0.0
1743596765.8332684,0.0,0.0,233.0,,0.068,-0.157,0.11545759185293569,0.03333333333333333,0.0,-0.0
1743596765.8537061,0.0,0.0,233.0,,0.068,-0.147,0.11530625122356675,0.03333333333333333,0.0,-0.0
1743596765.8741317,0.0,0.0,233.0,,0.068,-0.147,0.11530625122356675,0.03333333333333333,0.0,-0.0
1743596765.8952844,0.0,0.0,233.0,,0.068,-0.167,0.1156188813912351,0.03333333333333333,0.0,-0.0
1743596765.9154809,0.0,0.0,233.0,,0.068,-0.167,0.1156188813912351,0.03333333333333333,0.0,-0.0
1743596765.935857,0.0,0.0,233.0,,0.058,-0.157,0.10539768074407263,0.03333333333333333,0.0,-0.0
1743596765.9560423,0.0,0.0,233.0,,0.058,-0.157,0.1253920597390792,0.03333333333333333,0.0,-0.0
1743596765.9765363,0.0,0.0,233.0,,0.068,-0.167,0.12561562456242115,0.03333333333333333,0.0,-0.0
1743596765.9968646,0.0,0.0,233.0,,0.068,-0.167,0.12561562456242115,0.03333333333333333,0.0,-0.0
1743596766.0171306,0.0,0.0,233.0,,0.068,-0.157,0.10546053315071546,0.03333333333333333,0.0,-0.0
1743596766.0373535,0.0,0.0,233.0,,0.068,-0.167,0.12561562456242115,0.03333333333333333,0.0,-0.0
1743596766.0575283,0.0,0.0,233.0,,0.058,-0.167,0.1255530279528152,0.03333333333333333,0.0,-0.0
1743596766.0778067,0.0,0.0,233.0,,0.068,-0.157,0.10546053315071546,0.03333333333333333,0.0,-0.0
1743596766.0980816,0.0,0.0,233.0,,0.068,-0.157,0.11545759185293569,0.03333333333333333,0.0,-0.0
1743596766.1183617,0.0,0.0,233.0,,0.068,-0.157,0.11545759185293569,0.03333333333333333,0.0,-0.0
1743596766.1385224,0.0,0.0,233.0,,0.058,-0.157,0.11539486599474635,0.03333333333333333,0.0,-0.0
1743596766.1596556,0.0,0.0,233.0,,0.058,-0.157,0.11539486599474635,0.03333333333333333,0.0,-0.0
1743596766.1798809,0.0,0.0,233.0,,0.058,-0.167,0.11555615862736524,0.03333333333333333,0.0,-0.0
1743596766.2001069,0.0,0.0,233.0,,0.068,-0.147,0.10530888718981224,0.03333333333333333,0.0,-0.0
1743596766.220507,0.0,0.0,233.0,,0.077,-0.157,0.12551949356181602,0.03333333333333333,0.0,-0.0
1743596766.2407146,0.0,0.0,233.0,,0.068,-0.167,0.12561562456242115,0.03333333333333333,0.0,-0.0
1743596766.2622597,0.0,0.0,233.0,,0.068,-0.157,0.11545759185293569,0.03333333333333333,0.0,-0.0
1743596766.2824697,0.0,0.0,233.0,,0.068,-0.157,0.10546053315071546,0.03333333333333333,0.0,-0.0
1743596766.3026695,0.0,0.0,233.0,,0.058,-0.157,0.1253920597390792,0.03333333333333333,0.0,-0.0
1743596766.3229706,0.0,0.0,233.0,,0.058,-0.167,0.11555615862736524,0.03333333333333333,0.0,-0.0
1743596766.3431623,0.0,0.0,233.0,,0.068,-0.157,0.10546053315071546,0.03333333333333333,0.0,-0.0
1743596766.3633769,0.0,0.0,233.0,,0.068,-0.157,0.10546053315071546,0.03333333333333333,0.0,-0.0
1743596766.383559,0.0,0.0,233.0,,0.068,-0.157,0.11545759185293569,0.03333333333333333,0.0,-0.0
1743596766.4037504,0.0,0.0,233.0,,0.068,-0.167,0.1156188813912351,0.03333333333333333,0.0,-0.0
1743596766.424225,0.0,0.0,233.0,,0.058,-0.157,0.10539768074407263,0.03333333333333333,0.0,-0.0
1743596766.4447405,0.0,0.0,233.0,,0.068,-0.167,0.1156188813912351,0.03333333333333333,0.0,-0.0
1743596766.465212,0.0,0.0,233.0,,0.068,-0.167,0.1156188813912351,0.03333333333333333,0.0,-0.0
1743596766.4854028,0.0,0.0,233.0,,0.077,-0.157,0.12551949356181602,0.03333333333333333,0.0,-0.0
1743596766.5055933,0.0,0.0,233.0,,0.068,-0.157,0.11545759185293569,0.03333333333333333,0.0,-0.0
1743596766.5260198,0.0,0.0,233.0,,0.068,-0.157,0.11545759185293569,0.03333333333333333,0.0,-0.0
1743596766.546428,0.0,0.0,233.0,,0.058,-0.157,0.11539486599474635,0.03333333333333333,0.0,-0.0
1743596766.5666378,0.0,0.0,233.0,,0.058,-0.157,0.11539486599474635,0.03333333333333333,0.0,-0.0
1743596766.586846,0.0,0.0,233.0,,0.058,-0.157,0.10539768074407263,0.03333333333333333,0.0,-0.0
1743596766.6074765,0.0,0.0,233.0,,0.058,-0.157,0.10539768074407263,0.03333333333333333,0.0,-0.0
1743596766.628159,0.0,0.0,233.0,,0.058,-0.157,0.11539486599474635,0.03333333333333333,0.0,-0.0
1743596766.6483834,0.0,0.0,233.0,,0.068,-0.157,0.11545759185293569,0.03333333333333333,0.0,-0.0
1743596766.668624,0.0,0.0,233.0,,0.068,-0.157,0.11545759185293569,0.03333333333333333,0.0,-0.0
1743596766.6889586,0.0,0.0,233.0,,0.068,-0.157,0.11545759185293569,0.03333333333333333,0.0,-0.0
1743596766.7094638,0.0,0.0,233.0,,0.068,-0.157,0.10546053315071546,0.03333333333333333,0.0,-0.0
1743596766.729697,0.0,0.0,233.0,,0.068,-0.157,0.10546053315071546,0.03333333333333333,0.0,-0.0
1743596766.7500525,0.0,0.0,233.0,,0.068,-0.167,0.1156188813912351,0.03333333333333333,0.0,-0.0
1743596766.770455,0.0,0.0,233.0,,0.068,-0.157,0.10546053315071546,0.03333333333333333,0.0,-0.0
1743596766.790731,0.0,0.0,233.0,,0.068,-0.157,0.11545759185293569,0.03333333333333333,0.0,-0.0
1743596766.8111906,0.0,0.0,233.0,,0.058,-0.167,0.11555615862736524,0.03333333333333333,0.0,-0.0
1743596766.8334239,0.0,0.0,233.0,,0.038,-0.157,0.1152992814205831,0.03333333333333333,0.0,-0.0
1743596766.8536484,0.0,0.0,233.0,,0.097,-0.167,0.12585333172217794,0.03333333333333333,0.0,-0.0
1743596766.873913,0.0,0.0,233.0,,0.097,-0.167,0.13584960711239447,0.03333333333333333,0.0,-0.0
1743596766.8941314,0.0,0.0,233.0,,0.097,-0.157,0.10569921164093543,0.03333333333333333,0.0,-0.0
1743596766.914397,0.0,0.0,233.0,,0.058,-0.177,0.13572045919327103,0.03333333333333333,0.0,-0.0
1743596766.9345937,0.0,0.0,233.0,,-0.01,-0.167,0.1053964835436485,0.03333333333333333,0.0,-0.0
1743596766.9549794,0.0,0.0,233.0,,0.009,-0.147,0.09608422046563447,0.03333333333333333,0.0,-0.0
1743596766.9756777,0.0,0.0,233.0,,0.009,-0.157,0.09623615256539075,0.03333333333333333,0.0,-0.0
1743596766.9974213,0.0,0.0,233.0,,0.077,-0.157,0.11552255665173661,0.03333333333333333,0.0,-0.0
1743596767.017631,0.0,0.0,233.0,,0.117,-0.177,0.13623231110128842,0.03333333333333333,0.0,-0.0
1743596767.0378184,0.0,0.0,233.0,,0.117,-0.157,0.12590499410590184,0.03333333333333333,0.0,-0.0
1743596767.0584097,0.0,0.0,233.0,,0.097,-0.157,0.10569921164093543,0.03333333333333333,0.0,-0.0
1743596767.0785918,0.0,0.0,233.0,,0.048,-0.167,0.11550339092579165,0.03333333333333333,0.0,-0.0
1743596767.0987856,0.0,0.0,233.0,,0.028,-0.177,0.11559896953306925,0.03333333333333333,0.0,-0.0
1743596767.1192946,0.0,0.0,233.0,,0.019,-0.157,0.1052478776366339,0.03333333333333333,0.0,-0.0
1743596767.1398041,0.0,0.0,233.0,,0.068,-0.157,0.10546053315071546,0.03333333333333333,0.0,-0.0
1743596767.1645355,0.0,0.0,233.0,,0.087,-0.186,0.1260950947139694,0.03333333333333333,0.0,-0.0
1743596767.1848092,0.0,0.0,233.0,,0.068,-0.137,0.1051672115819482,0.03333333333333333,0.0,-0.0
1743596767.2050135,0.0,0.0,233.0,,0.068,-0.137,0.1051672115819482,0.03333333333333333,0.0,-0.0
1743596767.225191,0.0,0.0,233.0,,0.038,-0.177,0.10563511682976667,0.03333333333333333,0.0,-0.0
1743596767.2454016,0.0,0.0,233.0,,0.038,-0.157,0.1152992814205831,0.03333333333333333,0.0,-0.0
1743596767.2656233,0.0,0.0,233.0,,0.038,-0.157,0.1152992814205831,0.03333333333333333,0.0,-0.0
1743596767.285904,0.0,0.0,233.0,,0.077,-0.157,0.10552562901243157,0.03333333333333333,0.0,-0.0
1743596767.3061051,0.0,0.0,233.0,,0.077,-0.157,0.11552255665173661,0.03333333333333333,0.0,-0.0
1743596767.326308,0.0,0.0,233.0,,0.077,-0.157,0.11552255665173661,0.03333333333333333,0.0,-0.0
1743596767.3467274,0.0,0.0,233.0,,0.048,-0.167,0.12550036638476314,0.03333333333333333,0.0,-0.0
1743596767.3670728,0.0,0.0,233.0,,0.058,-0.157,0.09640022130889747,0.03333333333333333,0.0,-0.0
1743596767.3885162,0.0,0.0,233.0,,0.058,-0.157,0.09640022130889747,0.03333333333333333,0.0,-0.0
1743596767.4087303,0.0,0.0,233.0,,0.077,-0.186,0.14600555033444884,0.03333333333333333,0.0,-0.0
1743596767.4289474,0.0,0.0,233.0,,0.077,-0.177,0.12585134469111736,0.03333333333333333,0.0,-0.0
1743596767.449143,0.0,0.0,233.0,,0.077,-0.177,0.12585134469111736,0.03333333333333333,0.0,-0.0
1743596767.4693425,0.0,0.0,233.0,,0.068,-0.157,0.10546053315071546,0.03333333333333333,0.0,-0.0
1743596767.4899132,0.0,0.0,233.0,,0.048,-0.167,0.12550036638476314,0.03333333333333333,0.0,-0.0
1743596767.5104635,0.0,0.0,233.0,,0.058,-0.157,0.11539486599474635,0.03333333333333333,0.0,-0.0
1743596767.5306437,0.0,0.0,233.0,,0.068,-0.167,0.1156188813912351,0.03333333333333333,0.0,-0.0
1743596767.5521767,0.0,0.0,233.0,,0.077,-0.167,0.1156838429853071,0.03333333333333333,0.0,-0.0
1743596767.5723765,0.0,0.0,233.0,,0.077,-0.157,0.11552255665173661,0.03333333333333333,0.0,-0.0
1743596767.592596,0.0,0.0,233.0,,0.068,-0.147,0.10530888718981224,0.03333333333333333,0.0,-0.0
1743596767.617291,0.0,0.0,233.0,,0.048,-0.167,0.11550339092579165,0.03333333333333333,0.0,-0.0
1743596767.6375027,0.0,0.0,233.0,,0.048,-0.177,0.11567463394895938,0.03333333333333333,0.0,-0.0
1743596767.6577008,0.0,0.0,233.0,,0.058,-0.167,0.11555615862736524,0.03333333333333333,0.0,-0.0
1743596767.6779473,0.0,0.0,233.0,,0.077,-0.167,0.12568045550182028,0.03333333333333333,0.0,-0.0
1743596767.6981504,0.0,0.0,233.0,,0.068,-0.157,0.11545759185293569,0.03333333333333333,0.0,-0.0
1743596767.7183735,0.0,0.0,233.0,,0.068,-0.147,0.10530888718981224,0.03333333333333333,0.0,-0.0
1743596767.7385828,0.0,0.0,233.0,,0.068,-0.167,0.10562214807699988,0.03333333333333333,0.0,-0.0
1743596767.7587984,0.0,0.0,233.0,,0.058,-0.157,0.1253920597390792,0.03333333333333333,0.0,-0.0
1743596767.7816725,0.0,0.0,233.0,,0.068,-0.157,0.11545759185293569,0.03333333333333333,0.0,-0.0
1743596767.8019032,0.0,0.0,233.0,,0.068,-0.157,0.11545759185293569,0.03333333333333333,0.0,-0.0
1743596767.8221138,0.0,0.0,233.0,,0.068,-0.167,0.1156188813912351,0.03333333333333333,0.0,-0.0
1743596767.842308,0.0,0.0,233.0,,0.058,-0.157,0.10539768074407263,0.03333333333333333,0.0,-0.0
1743596767.8624835,0.0,0.0,233.0,,0.058,-0.157,0.10539768074407263,0.03333333333333333,0.0,-0.0
1743596767.8827066,0.0,0.0,233.0,,0.058,-0.167,0.10555929877717674,0.03333333333333333,0.0,-0.0
1743596767.9039729,0.0,0.0,233.0,,0.068,-0.167,0.1156188813912351,0.03333333333333333,0.0,-0.0
1743596767.924671,0.0,0.0,233.0,,0.068,-0.167,0.1156188813912351,0.03333333333333333,0.0,-0.0
1743596767.9448574,0.0,0.0,233.0,,0.068,-0.167,0.1156188813912351,0.03333333333333333,0.0,-0.0
1743596767.967357,0.0,0.0,233.0,,0.068,-0.157,0.11545759185293569,0.03333333333333333,0.0,-0.0
1743596767.9875617,0.0,0.0,233.0,,0.068,-0.157,0.11545759185293569,0.03333333333333333,0.0,-0.0
1743596768.0078835,0.0,0.0,233.0,,0.068,-0.157,0.1254546594305701,0.03333333333333333,0.0,-0.0
1743596768.0282226,0.0,0.0,233.0,,0.068,-0.157,0.11545759185293569,0.03333333333333333,0.0,-0.0
1743596768.0486207,0.0,0.0,233.0,,0.068,-0.157,0.11545759185293569,0.03333333333333333,0.0,-0.0
1743596768.0688531,0.0,0.0,233.0,,0.058,-0.167,0.10555929877717674,0.03333333333333333,0.0,-0.0
1743596768.0890644,0.0,0.0,233.0,,0.068,-0.157,0.11545759185293569,0.03333333333333333,0.0,-0.0
1743596768.1093407,0.0,0.0,233.0,,0.068,-0.157,0.11545759185293569,0.03333333333333333,0.0,-0.0
1743596768.1298125,0.0,0.0,233.0,,0.058,-0.167,0.11555615862736524,0.03333333333333333,0.0,-0.0
1743596768.1506727,0.0,0.0,233.0,,0.068,-0.167,0.1156188813912351,0.03333333333333333,0.0,-0.0
1743596768.1716151,0.0,0.0,233.0,,0.058,-0.147,0.10524603186789783,0.03333333333333333,0.0,-0.0
1743596768.1921232,0.0,0.0,233.0,,0.058,-0.167,0.10555929877717674,0.03333333333333333,0.0,-0.0
1743596768.2141979,0.0,0.0,233.0,,0.068,-0.167,0.12561562456242115,0.03333333333333333,0.0,-0.0
1743596768.2370703,0.0,0.0,233.0,,0.068,-0.167,0.10562214807699988,0.03333333333333333,0.0,-0.0
1743596768.257306,0.0,0.0,233.0,,0.058,-0.157,0.10539768074407263,0.03333333333333333,0.0,-0.0
1743596768.2804193,0.0,0.0,233.0,,0.058,-0.157,0.11539486599474635,0.03333333333333333,0.0,-0.0
1743596768.3006577,0.0,0.0,233.0,,0.058,-0.167,0.11555615862736524,0.03333333333333333,0.0,-0.0
1743596768.320862,0.0,0.0,233.0,,0.068,-0.157,0.10546053315071546,0.03333333333333333,0.0,-0.0
1743596768.3410997,0.0,0.0,233.0,,0.068,-0.157,0.10546053315071546,0.03333333333333333,0.0,-0.0
1743596768.361331,0.0,0.0,233.0,,0.068,-0.167,0.1156188813912351,0.03333333333333333,0.0,-0.0
1743596768.3815558,0.0,0.0,233.0,,0.048,-0.167,0.11550339092579165,0.03333333333333333,0.0,-0.0
1743596768.4026248,0.0,0.0,233.0,,0.048,-0.167,0.11550339092579165,0.03333333333333333,0.0,-0.0
1743596768.4228325,0.0,0.0,233.0,,0.068,-0.157,0.11545759185293569,0.03333333333333333,0.0,-0.0
1743596768.4430447,0.0,0.0,233.0,,0.087,-0.167,0.11576547871390197,0.03333333333333333,0.0,-0.0
1743596768.4632578,0.0,0.0,233.0,,0.087,-0.157,0.1156041964075758,0.03333333333333333,0.0,-0.0
1743596768.4834464,0.0,0.0,233.0,,0.068,-0.157,0.10546053315071546,0.03333333333333333,0.0,-0.0
1743596768.5036004,0.0,0.0,233.0,,0.058,-0.167,0.11555615862736524,0.03333333333333333,0.0,-0.0
1743596768.5241172,0.0,0.0,233.0,,0.058,-0.167,0.11555615862736524,0.03333333333333333,0.0,-0.0
1743596768.5444322,0.0,0.0,233.0,,0.068,-0.167,0.1156188813912351,0.03333333333333333,0.0,-0.0
1743596768.565027,0.0,0.0,233.0,,0.058,-0.157,0.11539486599474635,0.03333333333333333,0.0,-0.0
1743596768.5857918,0.0,0.0,233.0,,0.058,-0.157,0.11539486599474635,0.03333333333333333,0.0,-0.0
1743596768.60603,0.0,0.0,233.0,,0.058,-0.167,0.10555929877717674,0.03333333333333333,0.0,-0.0
1743596768.6267273,0.0,0.0,233.0,,0.058,-0.167,0.10555929877717674,0.03333333333333333,0.0,-0.0
1743596768.6469815,0.0,0.0,233.0,,0.058,-0.167,0.10555929877717674,0.03333333333333333,0.0,-0.0
1743596768.667876,0.0,0.0,233.0,,0.068,-0.167,0.1156188813912351,0.03333333333333333,0.0,-0.0
1743596768.6881182,0.0,0.0,233.0,,0.068,-0.157,0.11545759185293569,0.03333333333333333,0.0,-0.0
1743596768.7088294,0.0,0.0,233.0,,0.068,-0.157,0.11545759185293569,0.03333333333333333,0.0,-0.0
1743596768.729066,0.0,0.0,233.0,,0.058,-0.167,0.11555615862736524,0.03333333333333333,0.0,-0.0
1743596768.7492747,0.0,0.0,233.0,,0.068,-0.157,0.11545759185293569,0.03333333333333333,0.0,-0.0
1743596768.7696643,0.0,0.0,233.0,,0.068,-0.157,0.10546053315071546,0.03333333333333333,0.0,-0.0
1743596768.793398,0.0,0.0,233.0,,0.068,-0.157,0.11545759185293569,0.03333333333333333,0.0,-0.0
1743596768.81363,0.0,0.0,233.0,,0.068,-0.157,0.11545759185293569,0.03333333333333333,0.0,-0.0
1743596768.8343215,0.0,0.0,233.0,,0.058,-0.157,0.11539486599474635,0.03333333333333333,0.0,-0.0
1743596768.855255,0.0,0.0,233.0,,0.068,-0.167,0.1156188813912351,0.03333333333333333,0.0,-0.0
1743596768.8754935,0.0,0.0,233.0,,0.068,-0.157,0.1254546594305701,0.03333333333333333,0.0,-0.0
1743596768.8957324,0.0,0.0,233.0,,0.068,-0.157,0.11545759185293569,0.03333333333333333,0.0,-0.0
1743596768.9159763,0.0,0.0,233.0,,0.077,-0.157,0.11552255665173661,0.03333333333333333,0.0,-0.0
1743596768.936312,0.0,0.0,233.0,,0.068,-0.157,0.11545759185293569,0.03333333333333333,0.0,-0.0
1743596768.95654,0.0,0.0,233.0,,0.058,-0.157,0.10539768074407263,0.03333333333333333,0.0,-0.0
1743596768.9769244,0.0,0.0,233.0,,0.058,-0.157,0.1253920597390792,0.03333333333333333,0.0,-0.0
1743596768.9975376,0.0,0.0,233.0,,0.058,-0.167,0.11555615862736524,0.03333333333333333,0.0,-0.0
1743596769.017819,0.0,0.0,233.0,,0.068,-0.157,0.11545759185293569,0.03333333333333333,0.0,-0.0
1743596769.0392523,0.0,0.0,233.0,,0.068,-0.167,0.1156188813912351,0.03333333333333333,0.0,-0.0
1743596769.0598776,0.0,0.0,233.0,,0.058,-0.157,0.10539768074407263,0.03333333333333333,0.0,-0.0
1743596769.0804853,0.0,0.0,233.0,,0.048,-0.157,0.1153420956899378,0.03333333333333333,0.0,-0.0
1743596769.1007164,0.0,0.0,233.0,,0.068,-0.157,0.1254546594305701,0.03333333333333333,0.0,-0.0
1743596769.1209302,0.0,0.0,233.0,,0.068,-0.157,0.1254546594305701,0.03333333333333333,0.0,-0.0
1743596769.1413143,0.0,0.0,233.0,,0.068,-0.147,0.10530888718981224,0.03333333333333333,0.0,-0.0
1743596769.1627712,0.0,0.0,233.0,,0.058,-0.167,0.11555615862736524,0.03333333333333333,0.0,-0.0
1743596769.1831286,0.0,0.0,233.0,,0.058,-0.167,0.11555615862736524,0.03333333333333333,0.0,-0.0
1743596769.2035758,0.0,0.0,233.0,,0.048,-0.157,0.1153420956899378,0.03333333333333333,0.0,-0.0
1743596769.2241025,0.0,0.0,233.0,,0.068,-0.167,0.1156188813912351,0.03333333333333333,0.0,-0.0
1743596769.2443137,0.0,0.0,233.0,,0.068,-0.167,0.1156188813912351,0.03333333333333333,0.0,-0.0
1743596769.264529,0.0,0.0,233.0,,0.077,-0.157,0.11552255665173661,0.03333333333333333,0.0,-0.0
1743596769.2853894,0.0,0.0,233.0,,0.068,-0.167,0.10562214807699988,0.03333333333333333,0.0,-0.0
1743596769.3056343,0.0,0.0,233.0,,0.068,-0.167,0.10562214807699988,0.03333333333333333,0.0,-0.0
1743596769.3258202,0.0,0.0,233.0,,0.068,-0.157,0.10546053315071546,0.03333333333333333,0.0,-0.0
1743596769.3459976,0.0,0.0,233.0,,0.058,-0.167,0.11555615862736524,0.03333333333333333,0.0,-0.0
1743596769.3674102,0.0,0.0,233.0,,0.058,-0.167,0.11555615862736524,0.03333333333333333,0.0,-0.0
1743596769.3876264,0.0,0.0,233.0,,0.058,-0.157,0.11539486599474635,0.03333333333333333,0.0,-0.0
1743596769.4078672,0.0,0.0,233.0,,0.058,-0.167,0.11555615862736524,0.03333333333333333,0.0,-0.0
1743596769.4280784,0.0,0.0,233.0,,0.058,-0.167,0.11555615862736524,0.03333333333333333,0.0,-0.0
1743596769.448388,0.0,0.0,233.0,,0.068,-0.167,0.1156188813912351,0.03333333333333333,0.0,-0.0
1743596769.4686236,0.0,0.0,233.0,,0.068,-0.167,0.1156188813912351,0.03333333333333333,0.0,-0.0
1743596769.488856,0.0,0.0,233.0,,0.068,-0.167,0.1156188813912351,0.03333333333333333,0.0,-0.0
1743596769.509047,0.0,0.0,233.0,,0.058,-0.157,0.11539486599474635,0.03333333333333333,0.0,-0.0
1743596769.52925,0.0,0.0,233.0,,0.058,-0.157,0.11539486599474635,0.03333333333333333,0.0,-0.0
1743596769.5544837,0.0,0.0,233.0,,0.068,-0.157,0.10546053315071546,0.03333333333333333,0.0,-0.0
1743596769.579669,0.0,0.0,233.0,,0.068,-0.167,0.1156188813912351,0.03333333333333333,0.0,-0.0
1743596769.5999167,0.0,0.0,233.0,,0.068,-0.167,0.1156188813912351,0.03333333333333333,0.0,-0.0
1743596769.620138,0.0,0.0,233.0,,0.068,-0.157,0.10546053315071546,0.03333333333333333,0.0,-0.0
1743596769.6403675,0.0,0.0,233.0,,0.058,-0.177,0.1157273988868397,0.03333333333333333,0.0,-0.0
1743596769.6605713,0.0,0.0,233.0,,0.058,-0.177,0.1157273988868397,0.03333333333333333,0.0,-0.0
1743596769.6829414,0.0,0.0,233.0,,0.058,-0.157,0.10539768074407263,0.03333333333333333,0.0,-0.0
1743596769.7031293,0.0,0.0,233.0,,0.058,-0.167,0.11555615862736524,0.03333333333333333,0.0,-0.0
1743596769.7233448,0.0,0.0,233.0,,0.058,-0.167,0.11555615862736524,0.03333333333333333,0.0,-0.0
1743596769.7442973,0.0,0.0,233.0,,0.058,-0.167,0.11555615862736524,0.03333333333333333,0.0,-0.0
1743596769.7647853,0.0,0.0,233.0,,0.077,-0.157,0.10552562901243157,0.03333333333333333,0.0,-0.0
1743596769.7854016,0.0,0.0,233.0,,0.077,-0.157,0.10552562901243157,0.03333333333333333,0.0,-0.0
1743596769.8055956,0.0,0.0,233.0,,0.058,-0.167,0.11555615862736524,0.03333333333333333,0.0,-0.0
1743596769.8258028,0.0,0.0,233.0,,0.048,-0.157,0.10534480397410206,0.03333333333333333,0.0,-0.0
1743596769.8460226,0.0,0.0,233.0,,0.048,-0.157,0.10534480397410206,0.03333333333333333,0.0,-0.0
1743596769.8666627,0.0,0.0,233.0,,0.058,-0.147,0.10524603186789783,0.03333333333333333,0.0,-0.0
1743596769.888984,0.0,0.0,233.0,,0.058,-0.157,0.1253920597390792,0.03333333333333333,0.0,-0.0
1743596769.910693,0.0,0.0,233.0,,0.058,-0.157,0.1253920597390792,0.03333333333333333,0.0,-0.0
1743596769.9311066,0.0,0.0,233.0,,0.068,-0.147,0.11530625122356675,0.03333333333333333,0.0,-0.0
1743596769.9513237,0.0,0.0,233.0,,0.068,-0.157,0.11545759185293569,0.03333333333333333,0.0,-0.0
1743596769.9727645,0.0,0.0,233.0,,0.068,-0.177,0.1257865171403072,0.03333333333333333,0.0,-0.0
1743596769.9929795,0.0,0.0,233.0,,0.068,-0.177,0.1257865171403072,0.03333333333333333,0.0,-0.0
1743596770.013184,0.0,0.0,233.0,,0.068,-0.147,0.10530888718981224,0.03333333333333333,0.0,-0.0
1743596770.0333853,0.0,0.0,233.0,,0.058,-0.147,0.09624829683312264,0.03333333333333333,0.0,-0.0
1743596770.053579,0.0,0.0,233.0,,0.048,-0.167,0.11550339092579165,0.03333333333333333,0.0,-0.0
1743596770.073805,0.0,0.0,233.0,,0.068,-0.167,0.12561562456242115,0.03333333333333333,0.0,-0.0
1743596770.094181,0.0,0.0,233.0,,0.077,-0.157,0.11552255665173661,0.03333333333333333,0.0,-0.0
1743596770.1172106,0.0,0.0,233.0,,0.077,-0.157,0.11552255665173661,0.03333333333333333,0.0,-0.0
1743596770.1374092,0.0,0.0,233.0,,0.058,-0.167,0.13554990671544687,0.03333333333333333,0.0,-0.0
1743596770.1575985,0.0,0.0,233.0,,0.058,-0.167,0.10555929877717674,0.03333333333333333,0.0,-0.0
1743596770.1787891,0.0,0.0,233.0,,0.058,-0.147,0.09624829683312264,0.03333333333333333,0.0,-0.0
1743596770.1993272,0.0,0.0,233.0,,0.068,-0.167,0.09662509655478502,0.03333333333333333,0.0,-0.0
1743596770.219571,0.0,0.0,233.0,,0.068,-0.177,0.13578292677005876,0.03333333333333333,0.0,-0.0
1743596770.2397628,0.0,0.0,233.0,,0.068,-0.157,0.09646318793681985,0.03333333333333333,0.0,-0.0
1743596770.2599788,0.0,0.0,233.0,,0.068,-0.157,0.09646318793681985,0.03333333333333333,0.0,-0.0
1743596770.28048,0.0,0.0,233.0,,0.068,-0.157,0.10546053315071546,0.03333333333333333,0.0,-0.0
1743596770.300641,0.0,0.0,233.0,,0.068,-0.147,0.09631126638692322,0.03333333333333333,0.0,-0.0
1743596770.321775,0.0,0.0,233.0,,0.068,-0.147,0.09631126638692322,0.03333333333333333,0.0,-0.0
1743596770.3419847,0.0,0.0,233.0,,0.068,-0.157,0.09646318793681985,0.03333333333333333,0.0,-0.0
1743596770.3621893,0.0,0.0,233.0,,0.048,-0.167,0.11550339092579165,0.03333333333333333,0.0,-0.0
1743596770.3824277,0.0,0.0,233.0,,0.048,-0.167,0.11550339092579165,0.03333333333333333,0.0,-0.0
1743596770.4026127,0.0,0.0,233.0,,0.058,-0.147,0.10524603186789783,0.03333333333333333,0.0,-0.0
1743596770.4234653,0.0,0.0,233.0,,0.077,-0.167,0.1156838429853071,0.03333333333333333,0.0,-0.0
1743596770.4436738,0.0,0.0,233.0,,0.077,-0.167,0.1156838429853071,0.03333333333333333,0.0,-0.0
1743596770.464001,0.0,0.0,233.0,,0.068,-0.157,0.11545759185293569,0.03333333333333333,0.0,-0.0
1743596770.4848251,0.0,0.0,233.0,,0.048,-0.157,0.1153420956899378,0.03333333333333333,0.0,-0.0
1743596770.5050402,0.0,0.0,233.0,,0.048,-0.157,0.1153420956899378,0.03333333333333333,0.0,-0.0
1743596770.5255609,0.0,0.0,233.0,,0.058,-0.167,0.1255530279528152,0.03333333333333333,0.0,-0.0
1743596770.5460567,0.0,0.0,233.0,,0.068,-0.147,0.10530888718981224,0.03333333333333333,0.0,-0.0
1743596770.5666816,0.0,0.0,233.0,,0.068,-0.147,0.10530888718981224,0.03333333333333333,0.0,-0.0
1743596770.5869474,0.0,0.0,233.0,,0.077,-0.157,0.11552255665173661,0.03333333333333333,0.0,-0.0
1743596770.6071668,0.0,0.0,233.0,,0.058,-0.157,0.10539768074407263,0.03333333333333333,0.0,-0.0
1743596770.6277359,0.0,0.0,233.0,,0.058,-0.157,0.10539768074407263,0.03333333333333333,0.0,-0.0
1743596770.6479719,0.0,0.0,233.0,,0.058,-0.167,0.1255530279528152,0.03333333333333333,0.0,-0.0
1743596770.6681654,0.0,0.0,233.0,,0.058,-0.147,0.10524603186789783,0.03333333333333333,0.0,-0.0
1743596770.6890793,0.0,0.0,233.0,,0.058,-0.147,0.10524603186789783,0.03333333333333333,0.0,-0.0
1743596770.7095368,0.0,0.0,233.0,,0.077,-0.177,0.11585507655747129,0.03333333333333333,0.0,-0.0
1743596770.729714,0.0,0.0,233.0,,0.077,-0.177,0.11585507655747129,0.03333333333333333,0.0,-0.0
1743596770.7499354,0.0,0.0,233.0,,0.058,-0.157,0.11539486599474635,0.03333333333333333,0.0,-0.0
1743596770.772725,0.0,0.0,233.0,,0.068,-0.157,0.10546053315071546,0.03333333333333333,0.0,-0.0
1743596770.7933743,0.0,0.0,233.0,,0.068,-0.157,0.11545759185293569,0.03333333333333333,0.0,-0.0
1743596770.8141398,0.0,0.0,233.0,,0.068,-0.167,0.12561562456242115,0.03333333333333333,0.0,-0.0
1743596770.8348284,0.0,0.0,233.0,,0.068,-0.157,0.11545759185293569,0.03333333333333333,0.0,-0.0
1743596770.8550973,0.0,0.0,233.0,,0.058,-0.157,0.11539486599474635,0.03333333333333333,0.0,-0.0
1743596770.8753276,0.0,0.0,233.0,,0.058,-0.157,0.11539486599474635,0.03333333333333333,0.0,-0.0
1743596770.896398,0.0,0.0,233.0,,0.058,-0.157,0.11539486599474635,0.03333333333333333,0.0,-0.0
1743596770.9166064,0.0,0.0,233.0,,0.058,-0.167,0.11555615862736524,0.03333333333333333,0.0,-0.0
1743596770.936806,0.0,0.0,233.0,,0.058,-0.157,0.11539486599474635,0.03333333333333333,0.0,-0.0
1743596770.9570122,0.0,0.0,233.0,,0.077,-0.157,0.10552562901243157,0.03333333333333333,0.0,-0.0
1743596770.9776385,0.0,0.0,233.0,,0.077,-0.157,0.11552255665173661,0.03333333333333333,0.0,-0.0
1743596770.9981005,0.0,0.0,233.0,,0.077,-0.157,0.11552255665173661,0.03333333333333333,0.0,-0.0
1743596771.0183148,0.0,0.0,233.0,,0.058,-0.157,0.11539486599474635,0.03333333333333333,0.0,-0.0
1743596771.0386317,0.0,0.0,233.0,,0.048,-0.167,0.11550339092579165,0.03333333333333333,0.0,-0.0
1743596771.0590005,0.0,0.0,233.0,,0.058,-0.167,0.11555615862736524,0.03333333333333333,0.0,-0.0
1743596771.0794525,0.0,0.0,233.0,,0.068,-0.167,0.10562214807699988,0.03333333333333333,0.0,-0.0
1743596771.0997932,0.0,0.0,233.0,,0.068,-0.167,0.1156188813912351,0.03333333333333333,0.0,-0.0
1743596771.1199899,0.0,0.0,233.0,,0.077,-0.157,0.12551949356181602,0.03333333333333333,0.0,-0.0
1743596771.140332,0.0,0.0,233.0,,0.068,-0.147,0.10530888718981224,0.03333333333333333,0.0,-0.0
1743596771.1610036,0.0,0.0,233.0,,0.058,-0.167,0.11555615862736524,0.03333333333333333,0.0,-0.0
1743596771.18173,0.0,0.0,233.0,,0.058,-0.167,0.11555615862736524,0.03333333333333333,0.0,-0.0
1743596771.2023778,0.0,0.0,233.0,,0.058,-0.147,0.11524352246183334,0.03333333333333333,0.0,-0.0
1743596771.2225845,0.0,0.0,233.0,,0.058,-0.147,0.11524352246183334,0.03333333333333333,0.0,-0.0
1743596771.242957,0.0,0.0,233.0,,0.068,-0.157,0.13545173584794767,0.03333333333333333,0.0,-0.0
1743596771.263154,0.0,0.0,233.0,,0.058,-0.147,0.10524603186789783,0.03333333333333333,0.0,-0.0
1743596771.283454,0.0,0.0,233.0,,0.058,-0.147,0.10524603186789783,0.03333333333333333,0.0,-0.0
1743596771.3036993,0.0,0.0,233.0,,0.058,-0.157,0.09640022130889747,0.03333333333333333,0.0,-0.0
1743596771.3242989,0.0,0.0,233.0,,0.058,-0.167,0.1255530279528152,0.03333333333333333,0.0,-0.0
1743596771.3445249,0.0,0.0,233.0,,0.058,-0.167,0.1255530279528152,0.03333333333333333,0.0,-0.0
1743596771.365252,0.0,0.0,233.0,,0.077,-0.167,0.1156838429853071,0.03333333333333333,0.0,-0.0
1743596771.3855064,0.0,0.0,233.0,,0.068,-0.167,0.1156188813912351,0.03333333333333333,0.0,-0.0
1743596771.4057171,0.0,0.0,233.0,,0.068,-0.167,0.1156188813912351,0.03333333333333333,0.0,-0.0
1743596771.4258964,0.0,0.0,233.0,,0.058,-0.157,0.10539768074407263,0.03333333333333333,0.0,-0.0
1743596771.4461198,0.0,0.0,233.0,,0.068,-0.157,0.09646318793681985,0.03333333333333333,0.0,-0.0
1743596771.4665148,0.0,0.0,233.0,,0.068,-0.157,0.09646318793681985,0.03333333333333333,0.0,-0.0
1743596771.4870186,0.0,0.0,233.0,,0.077,-0.167,0.12568045550182028,0.03333333333333333,0.0,-0.0
1743596771.5074224,0.0,0.0,233.0,,0.068,-0.157,0.11545759185293569,0.03333333333333333,0.0,-0.0
1743596771.527702,0.0,0.0,233.0,,0.068,-0.157,0.11545759185293569,0.03333333333333333,0.0,-0.0
1743596771.5484169,0.0,0.0,233.0,,0.048,-0.157,0.10534480397410206,0.03333333333333333,0.0,-0.0
1743596771.56864,0.0,0.0,233.0,,0.058,-0.167,0.11555615862736524,0.03333333333333333,0.0,-0.0
1743596771.5893202,0.0,0.0,233.0,,0.058,-0.167,0.11555615862736524,0.03333333333333333,0.0,-0.0
1743596771.6098084,0.0,0.0,233.0,,0.077,-0.147,0.09637648357489326,0.03333333333333333,0.0,-0.0
1743596771.633518,0.0,0.0,233.0,,0.077,-0.157,0.10552562901243157,0.03333333333333333,0.0,-0.0
1743596771.6537566,0.0,0.0,233.0,,0.058,-0.167,0.13554990671544687,0.03333333333333333,0.0,-0.0
1743596771.6742184,0.0,0.0,233.0,,0.048,-0.167,0.11550339092579165,0.03333333333333333,0.0,-0.0
1743596771.6944842,0.0,0.0,233.0,,0.058,-0.167,0.11555615862736524,0.03333333333333333,0.0,-0.0
1743596771.7146997,0.0,0.0,233.0,,0.068,-0.157,0.10546053315071546,0.03333333333333333,0.0,-0.0
1743596771.7348797,0.0,0.0,233.0,,0.058,-0.157,0.11539486599474635,0.03333333333333333,0.0,-0.0
1743596771.755769,0.0,0.0,233.0,,0.058,-0.167,0.11555615862736524,0.03333333333333333,0.0,-0.0
1743596771.7765012,0.0,0.0,233.0,,0.068,-0.167,0.10562214807699988,0.03333333333333333,0.0,-0.0
1743596771.7970834,0.0,0.0,233.0,,0.058,-0.157,0.11539486599474635,0.03333333333333333,0.0,-0.0
1743596771.8175833,0.0,0.0,233.0,,0.058,-0.167,0.10555929877717674,0.03333333333333333,0.0,-0.0
1743596771.8377829,0.0,0.0,233.0,,0.058,-0.167,0.11555615862736524,0.03333333333333333,0.0,-0.0
1743596771.8579895,0.0,0.0,233.0,,0.058,-0.157,0.11539486599474635,0.03333333333333333,0.0,-0.0
1743596771.8787963,0.0,0.0,233.0,,0.068,-0.167,0.10562214807699988,0.03333333333333333,0.0,-0.0
1743596771.8993716,0.0,0.0,233.0,,0.068,-0.167,0.12561562456242115,0.03333333333333333,0.0,-0.0
1743596771.919532,0.0,0.0,233.0,,0.068,-0.157,0.11545759185293569,0.03333333333333333,0.0,-0.0
1743596771.9397738,0.0,0.0,233.0,,0.068,-0.157,0.11545759185293569,0.03333333333333333,0.0,-0.0
1743596771.9599612,0.0,0.0,233.0,,0.068,-0.157,0.11545759185293569,0.03333333333333333,0.0,-0.0
1743596771.9804683,0.0,0.0,233.0,,0.058,-0.157,0.11539486599474635,0.03333333333333333,0.0,-0.0
1743596772.0006769,0.0,0.0,233.0,,0.058,-0.157,0.11539486599474635,0.03333333333333333,0.0,-0.0
1743596772.020892,0.0,0.0,233.0,,0.068,-0.167,0.12561562456242115,0.03333333333333333,0.0,-0.0
1743596772.0415776,0.0,0.0,233.0,,0.068,-0.147,0.11530625122356675,0.03333333333333333,0.0,-0.0
1743596772.0618746,0.0,0.0,233.0,,0.068,-0.147,0.11530625122356675,0.03333333333333333,0.0,-0.0
1743596772.0823388,0.0,0.0,233.0,,0.058,-0.157,0.10539768074407263,0.03333333333333333,0.0,-0.0
1743596772.1025264,0.0,0.0,233.0,,0.058,-0.157,0.1253920597390792,0.03333333333333333,0.0,-0.0
1743596772.1243923,0.0,0.0,233.0,,0.058,-0.157,0.1253920597390792,0.03333333333333333,0.0,-0.0
1743596772.14518,0.0,0.0,233.0,,0.068,-0.167,0.1156188813912351,0.03333333333333333,0.0,-0.0
1743596772.1653702,0.0,0.0,233.0,,0.077,-0.147,0.09637648357489326,0.03333333333333333,0.0,-0.0
1743596772.1855848,0.0,0.0,233.0,,0.077,-0.147,0.09637648357489326,0.03333333333333333,0.0,-0.0
1743596772.2061343,0.0,0.0,233.0,,0.068,-0.157,0.10546053315071546,0.03333333333333333,0.0,-0.0
1743596772.2264907,0.0,0.0,233.0,,0.048,-0.167,0.12550036638476314,0.03333333333333333,0.0,-0.0
1743596772.2471223,0.0,0.0,233.0,,0.048,-0.167,0.12550036638476314,0.03333333333333333,0.0,-0.0
1743596772.2679267,0.0,0.0,233.0,,0.077,-0.157,0.12551949356181602,0.03333333333333333,0.0,-0.0
1743596772.2881436,0.0,0.0,233.0,,0.087,-0.167,0.11576547871390197,0.03333333333333333,0.0,-0.0
1743596772.3123186,0.0,0.0,233.0,,0.087,-0.167,0.11576547871390197,0.03333333333333333,0.0,-0.0
1743596772.336485,0.0,0.0,233.0,,0.058,-0.167,0.10555929877717674,0.03333333333333333,0.0,-0.0
1743596772.3566961,0.0,0.0,233.0,,0.048,-0.177,0.13566790618044244,0.03333333333333333,0.0,-0.0
1743596772.3771493,0.0,0.0,233.0,,0.058,-0.157,0.09640022130889747,0.03333333333333333,0.0,-0.0
1743596772.3976543,0.0,0.0,233.0,,0.058,-0.137,0.10510435353634939,0.03333333333333333,0.0,-0.0
1743596772.4181776,0.0,0.0,233.0,,0.068,-0.177,0.11579011836566089,0.03333333333333333,0.0,-0.0
1743596772.4384506,0.0,0.0,233.0,,0.077,-0.167,0.12568045550182028,0.03333333333333333,0.0,-0.0
1743596772.4586537,0.0,0.0,233.0,,0.068,-0.147,0.09631126638692322,0.03333333333333333,0.0,-0.0
1743596772.4788682,0.0,0.0,233.0,,0.077,-0.147,0.10537398607081805,0.03333333333333333,0.0,-0.0
1743596772.4990735,0.0,0.0,233.0,,0.068,-0.167,0.12561562456242115,0.03333333333333333,0.0,-0.0
1743596772.519294,0.0,0.0,233.0,,0.068,-0.167,0.1156188813912351,0.03333333333333333,0.0,-0.0
1743596772.539712,0.0,0.0,233.0,,0.058,-0.147,0.09624829683312264,0.03333333333333333,0.0,-0.0
1743596772.560753,0.0,0.0,233.0,,0.068,-0.157,0.11545759185293569,0.03333333333333333,0.0,-0.0
1743596772.580958,0.0,0.0,233.0,,0.068,-0.157,0.10546053315071546,0.03333333333333333,0.0,-0.0
1743596772.6011615,0.0,0.0,233.0,,0.068,-0.157,0.10546053315071546,0.03333333333333333,0.0,-0.0
1743596772.621832,0.0,0.0,233.0,,0.068,-0.137,0.09616933329779975,0.03333333333333333,0.0,-0.0
1743596772.64232,0.0,0.0,233.0,,0.048,-0.157,0.1153420956899378,0.03333333333333333,0.0,-0.0
1743596772.6633434,0.0,0.0,233.0,,0.058,-0.167,0.1255530279528152,0.03333333333333333,0.0,-0.0
1743596772.6835592,0.0,0.0,233.0,,0.058,-0.167,0.11555615862736524,0.03333333333333333,0.0,-0.0
1743596772.7038116,0.0,0.0,233.0,,0.077,-0.157,0.11552255665173661,0.03333333333333333,0.0,-0.0
1743596772.7243216,0.0,0.0,233.0,,0.077,-0.157,0.11552255665173661,0.03333333333333333,0.0,-0.0
1743596772.744901,0.0,0.0,233.0,,0.068,-0.167,0.1156188813912351,0.03333333333333333,0.0,-0.0
1743596772.7651224,0.0,0.0,233.0,,0.058,-0.147,0.10524603186789783,0.03333333333333333,0.0,-0.0
1743596772.7853546,0.0,0.0,233.0,,0.058,-0.147,0.10524603186789783,0.03333333333333333,0.0,-0.0
1743596772.8058193,0.0,0.0,233.0,,0.048,-0.157,0.0963472484446033,0.03333333333333333,0.0,-0.0
1743596772.8263166,0.0,0.0,233.0,,0.077,-0.157,0.1355164397054125,0.03333333333333333,0.0,-0.0
1743596772.8465009,0.0,0.0,233.0,,0.077,-0.157,0.1355164397054125,0.03333333333333333,0.0,-0.0
1743596772.8666666,0.0,0.0,233.0,,0.058,-0.147,0.08625082071134038,0.03333333333333333,0.0,-0.0
1743596772.8868546,0.0,0.0,233.0,,0.038,-0.108,0.07565792805407412,0.03333333333333333,0.0,-0.0
1743596772.9072108,0.0,0.0,233.0,,0.038,-0.108,0.07565792805407412,0.03333333333333333,0.0,-0.0
1743596772.9273908,0.0,0.0,233.0,,0.048,-0.196,0.15601115607306681,0.06666666666666667,0.0,-0.0
1743596772.947674,0.0,0.0,233.0,,0.068,-0.196,0.15612570336283405,0.03333333333333333,0.0,-0.0
1743596772.9678814,0.0,0.0,233.0,,0.068,-0.196,0.15612570336283405,0.03333333333333333,0.0,-0.0
1743596772.9883704,0.0,0.0,233.0,,0.077,-0.167,0.1056872407210463,0.03333333333333333,0.0,-0.0
1743596773.0088422,0.0,0.0,233.0,,0.058,-0.167,0.11555615862736524,0.03333333333333333,0.0,-0.0
1743596773.0306168,0.0,0.0,233.0,,0.058,-0.167,0.11555615862736524,0.03333333333333333,0.0,-0.0
1743596773.051673,0.0,0.0,233.0,,0.068,-0.147,0.10530888718981224,0.03333333333333333,0.0,-0.0
1743596773.0723722,0.0,0.0,233.0,,0.068,-0.167,0.1156188813912351,0.03333333333333333,0.0,-0.0
1743596773.092883,0.0,0.0,233.0,,0.068,-0.167,0.1156188813912351,0.03333333333333333,0.0,-0.0
1743596773.1130908,0.0,0.0,233.0,,0.058,-0.147,0.10524603186789783,0.03333333333333333,0.0,-0.0
1743596773.134127,0.0,0.0,233.0,,0.058,-0.157,0.1253920597390792,0.03333333333333333,0.0,-0.0
1743596773.1543303,0.0,0.0,233.0,,0.058,-0.177,0.12572392380254627,0.03333333333333333,0.0,-0.0
1743596773.174696,0.0,0.0,233.0,,0.068,-0.157,0.11545759185293569,0.03333333333333333,0.0,-0.0
1743596773.1951585,0.0,0.0,233.0,,0.058,-0.157,0.10539768074407263,0.03333333333333333,0.0,-0.0
1743596773.2155077,0.0,0.0,233.0,,0.068,-0.157,0.11545759185293569,0.03333333333333333,0.0,-0.0
1743596773.235683,0.0,0.0,233.0,,0.068,-0.157,0.10546053315071546,0.03333333333333333,0.0,-0.0
1743596773.2584798,0.0,0.0,233.0,,0.068,-0.157,0.11545759185293569,0.03333333333333333,0.0,-0.0
1743596773.2797177,0.0,0.0,233.0,,0.068,-0.167,0.12561562456242115,0.03333333333333333,0.0,-0.0
1743596773.2999496,0.0,0.0,233.0,,0.058,-0.157,0.11539486599474635,0.03333333333333333,0.0,-0.0
1743596773.3202033,0.0,0.0,233.0,,0.048,-0.157,0.1153420956899378,0.03333333333333333,0.0,-0.0
1743596773.3405068,0.0,0.0,233.0,,0.058,-0.157,0.09640022130889747,0.03333333333333333,0.0,-0.0
1743596773.3607304,0.0,0.0,233.0,,0.068,-0.147,0.10530888718981224,0.03333333333333333,0.0,-0.0
1743596773.3810382,0.0,0.0,233.0,,0.077,-0.157,0.12551949356181602,0.03333333333333333,0.0,-0.0
1743596773.4013517,0.0,0.0,233.0,,0.068,-0.196,0.1461299751701901,0.03333333333333333,0.0,-0.0
1743596773.423744,0.0,0.0,233.0,,0.058,-0.137,0.09610636101040626,0.03333333333333333,0.0,-0.0
1743596773.4439898,0.0,0.0,233.0,,0.058,-0.137,0.09610636101040626,0.03333333333333333,0.0,-0.0
1743596773.4643073,0.0,0.0,233.0,,0.077,-0.186,0.12601363147449796,0.03333333333333333,0.0,-0.0
1743596773.4844966,0.0,0.0,233.0,,0.068,-0.167,0.13561237755094702,0.03333333333333333,0.0,-0.0
1743596773.5049436,0.0,0.0,233.0,,0.068,-0.167,0.13561237755094702,0.03333333333333333,0.0,-0.0
1743596773.5253873,0.0,0.0,233.0,,0.068,-0.147,0.11530625122356675,0.03333333333333333,0.0,-0.0
1743596773.545787,0.0,0.0,233.0,,0.068,-0.167,0.10562214807699988,0.03333333333333333,0.0,-0.0
1743596773.5660427,0.0,0.0,233.0,,0.068,-0.167,0.10562214807699988,0.03333333333333333,0.0,-0.0
1743596773.5863585,0.0,0.0,233.0,,0.058,-0.147,0.09624829683312264,0.03333333333333333,0.0,-0.0
1743596773.6067617,0.0,0.0,233.0,,0.058,-0.127,0.07597836154559978,0.03333333333333333,0.0,-0.0
1743596773.6271791,0.0,0.0,233.0,,0.058,-0.127,0.07597836154559978,0.03333333333333333,0.0,-0.0
1743596773.647352,0.0,0.0,233.0,,0.058,-0.186,0.14587864696619945,0.03333333333333333,0.0,-0.0
1743596773.6682155,0.0,0.0,233.0,,0.028,-0.147,0.10511732434312471,0.03333333333333333,0.0,-0.0
1743596773.6885688,0.0,0.0,233.0,,0.028,-0.147,0.10511732434312471,0.03333333333333333,0.0,-0.0
1743596773.7090094,0.0,0.0,233.0,,0.077,-0.167,0.12568045550182028,0.03333333333333333,0.0,-0.0
1743596773.7292027,0.0,0.0,233.0,,0.097,-0.167,0.11585706759277414,0.03333333333333333,0.0,-0.0
1743596773.7494004,0.0,0.0,233.0,,0.097,-0.167,0.11585706759277414,0.03333333333333333,0.0,-0.0
1743596773.769784,0.0,0.0,233.0,,0.068,-0.167,0.1156188813912351,0.03333333333333333,0.0,-0.0
1743596773.7904782,0.0,0.0,233.0,,0.058,-0.177,0.12572392380254627,0.03333333333333333,0.0,-0.0
1743596773.8107157,0.0,0.0,233.0,,0.048,-0.167,0.11550339092579165,0.03333333333333333,0.0,-0.0
1743596773.8308983,0.0,0.0,233.0,,0.058,-0.147,0.10524603186789783,0.03333333333333333,0.0,-0.0
1743596773.851197,0.0,0.0,233.0,,0.077,-0.157,0.11552255665173661,0.03333333333333333,0.0,-0.0
1743596773.8719125,0.0,0.0,233.0,,0.087,-0.167,0.09677225653720356,0.03333333333333333,0.0,-0.0
1743596773.8921242,0.0,0.0,233.0,,0.058,-0.186,0.13588242623129787,0.03333333333333333,0.0,-0.0
1743596773.9123394,0.0,0.0,233.0,,0.028,-0.157,0.12526387567858244,0.03333333333333333,0.0,-0.0
1743596773.9327433,0.0,0.0,233.0,,0.048,-0.137,0.09605338338482916,0.03333333333333333,0.0,-0.0
1743596773.9531324,0.0,0.0,233.0,,0.068,-0.157,0.11545759185293569,0.03333333333333333,0.0,-0.0
1743596773.9734287,0.0,0.0,233.0,,0.087,-0.157,0.12560096911444596,0.03333333333333333,0.0,-0.0
1743596773.9937866,0.0,0.0,233.0,,0.097,-0.157,0.11569578980462225,0.03333333333333333,0.0,-0.0
1743596774.0140276,0.0,0.0,233.0,,0.068,-0.157,0.11545759185293569,0.03333333333333333,0.0,-0.0
1743596774.0343242,0.0,0.0,233.0,,0.058,-0.167,0.11555615862736524,0.03333333333333333,0.0,-0.0
1743596774.0545175,0.0,0.0,233.0,,0.058,-0.147,0.11524352246183334,0.03333333333333333,0.0,-0.0
1743596774.0747461,0.0,0.0,233.0,,0.048,-0.157,0.10534480397410206,0.03333333333333333,0.0,-0.0
1743596774.094972,0.0,0.0,233.0,,0.068,-0.157,0.10546053315071546,0.03333333333333333,0.0,-0.0
1743596774.1159005,0.0,0.0,233.0,,0.077,-0.157,0.10552562901243157,0.03333333333333333,0.0,-0.0
1743596774.1360934,0.0,0.0,233.0,,0.077,-0.157,0.11552255665173661,0.03333333333333333,0.0,-0.0
1743596774.1593902,0.0,0.0,233.0,,0.058,-0.167,0.11555615862736524,0.03333333333333333,0.0,-0.0
1743596774.1796045,0.0,0.0,233.0,,0.048,-0.157,0.10534480397410206,0.03333333333333333,0.0,-0.0
1743596774.1998122,0.0,0.0,233.0,,0.048,-0.157,0.1253393955782549,0.03333333333333333,0.0,-0.0
1743596774.2200234,0.0,0.0,233.0,,0.048,-0.167,0.11550339092579165,0.03333333333333333,0.0,-0.0
1743596774.2402058,0.0,0.0,233.0,,0.068,-0.157,0.10546053315071546,0.03333333333333333,0.0,-0.0
1743596774.2604392,0.0,0.0,233.0,,0.077,-0.147,0.10537398607081805,0.03333333333333333,0.0,-0.0
1743596774.2806535,0.0,0.0,233.0,,0.087,-0.157,0.1156041964075758,0.03333333333333333,0.0,-0.0
1743596774.3008199,0.0,0.0,233.0,,0.068,-0.157,0.11545759185293569,0.03333333333333333,0.0,-0.0
1743596774.3209987,0.0,0.0,233.0,,0.048,-0.167,0.11550339092579165,0.03333333333333333,0.0,-0.0
1743596774.3417788,0.0,0.0,233.0,,0.048,-0.167,0.11550339092579165,0.03333333333333333,0.0,-0.0
1743596774.3625555,0.0,0.0,233.0,,0.058,-0.167,0.11555615862736524,0.03333333333333333,0.0,-0.0
1743596774.3827255,0.0,0.0,233.0,,0.077,-0.157,0.11552255665173661,0.03333333333333333,0.0,-0.0
1743596774.402916,0.0,0.0,233.0,,0.077,-0.157,0.11552255665173661,0.03333333333333333,0.0,-0.0
1743596774.4232476,0.0,0.0,233.0,,0.077,-0.167,0.1156838429853071,0.03333333333333333,0.0,-0.0
1743596774.4441888,0.0,0.0,233.0,,0.058,-0.157,0.10539768074407263,0.03333333333333333,0.0,-0.0
1743596774.4643784,0.0,0.0,233.0,,0.058,-0.157,0.10539768074407263,0.03333333333333333,0.0,-0.0
1743596774.4845645,0.0,0.0,233.0,,0.048,-0.157,0.1153420956899378,0.03333333333333333,0.0,-0.0
1743596774.5049596,0.0,0.0,233.0,,0.058,-0.157,0.10539768074407263,0.03333333333333333,0.0,-0.0
1743596774.527371,0.0,0.0,233.0,,0.058,-0.157,0.10539768074407263,0.03333333333333333,0.0,-0.0
1743596774.5475283,0.0,0.0,233.0,,0.077,-0.137,0.10523231328381932,0.03333333333333333,0.0,-0.0
1743596774.5677023,0.0,0.0,233.0,,0.068,-0.157,0.11545759185293569,0.03333333333333333,0.0,-0.0
1743596774.5880504,0.0,0.0,233.0,,0.068,-0.157,0.11545759185293569,0.03333333333333333,0.0,-0.0
1743596774.6109328,0.0,0.0,233.0,,0.038,-0.157,0.10530190332482547,0.03333333333333333,0.0,-0.0
1743596774.6311922,0.0,0.0,233.0,,0.048,-0.157,0.10534480397410206,0.03333333333333333,0.0,-0.0
1743596774.6514645,0.0,0.0,233.0,,0.068,-0.157,0.1254546594305701,0.03333333333333333,0.0,-0.0
1743596774.6719143,0.0,0.0,233.0,,0.087,-0.157,0.10560743346829682,0.03333333333333333,0.0,-0.0
1743596774.6921299,0.0,0.0,233.0,,0.087,-0.147,0.11545286256430387,0.03333333333333333,0.0,-0.0
1743596774.712325,0.0,0.0,233.0,,0.068,-0.157,0.10546053315071546,0.03333333333333333,0.0,-0.0
1743596774.733383,0.0,0.0,233.0,,0.058,-0.157,0.11539486599474635,0.03333333333333333,0.0,-0.0
1743596774.753637,0.0,0.0,233.0,,0.058,-0.157,0.11539486599474635,0.03333333333333333,0.0,-0.0
1743596774.7738228,0.0,0.0,233.0,,0.058,-0.167,0.11555615862736524,0.03333333333333333,0.0,-0.0
1743596774.7940156,0.0,0.0,233.0,,0.068,-0.157,0.11545759185293569,0.03333333333333333,0.0,-0.0
1743596774.8142164,0.0,0.0,233.0,,0.058,-0.147,0.09624829683312264,0.03333333333333333,0.0,-0.0
1743596774.8348863,0.0,0.0,233.0,,0.058,-0.147,0.11524352246183334,0.03333333333333333,0.0,-0.0
1743596774.8553667,0.0,0.0,233.0,,0.058,-0.167,0.11555615862736524,0.03333333333333333,0.0,-0.0
1743596774.8756714,0.0,0.0,233.0,,0.058,-0.167,0.1255530279528152,0.03333333333333333,0.0,-0.0
1743596774.8961275,0.0,0.0,233.0,,0.068,-0.157,0.10546053315071546,0.03333333333333333,0.0,-0.0
1743596774.9165814,0.0,0.0,233.0,,0.068,-0.157,0.11545759185293569,0.03333333333333333,0.0,-0.0
1743596774.9368076,0.0,0.0,233.0,,0.068,-0.157,0.11545759185293569,0.03333333333333333,0.0,-0.0
1743596774.9570115,0.0,0.0,233.0,,0.058,-0.157,0.10539768074407263,0.03333333333333333,0.0,-0.0
1743596774.97941,0.0,0.0,233.0,,0.058,-0.147,0.11524352246183334,0.03333333333333333,0.0,-0.0
1743596774.999615,0.0,0.0,233.0,,0.058,-0.167,0.11555615862736524,0.03333333333333333,0.0,-0.0
1743596775.019771,0.0,0.0,233.0,,0.058,-0.167,0.11555615862736524,0.03333333333333333,0.0,-0.0
1743596775.0401063,0.0,0.0,233.0,,0.068,-0.157,0.10546053315071546,0.03333333333333333,0.0,-0.0
1743596775.0632982,0.0,0.0,233.0,,0.077,-0.157,0.11552255665173661,0.03333333333333333,0.0,-0.0
1743596775.0834663,0.0,0.0,233.0,,0.077,-0.157,0.11552255665173661,0.03333333333333333,0.0,-0.0
1743596775.103684,0.0,0.0,233.0,,0.058,-0.167,0.11555615862736524,0.03333333333333333,0.0,-0.0
1743596775.123889,0.0,0.0,233.0,,0.058,-0.167,0.11555615862736524,0.03333333333333333,0.0,-0.0
1743596775.1441088,0.0,0.0,233.0,,0.058,-0.157,0.11539486599474635,0.03333333333333333,0.0,-0.0
1743596775.1644776,0.0,0.0,233.0,,0.058,-0.157,0.11539486599474635,0.03333333333333333,0.0,-0.0
1743596775.1848168,0.0,0.0,233.0,,0.058,-0.157,0.11539486599474635,0.03333333333333333,0.0,-0.0
1743596775.205003,0.0,0.0,233.0,,0.058,-0.147,0.11524352246183334,0.03333333333333333,0.0,-0.0
1743596775.225194,0.0,0.0,233.0,,0.058,-0.147,0.10524603186789783,0.03333333333333333,0.0,-0.0
1743596775.245484,0.0,0.0,233.0,,0.058,-0.147,0.10524603186789783,0.03333333333333333,0.0,-0.0
1743596775.265658,0.0,0.0,233.0,,0.068,-0.157,0.11545759185293569,0.03333333333333333,0.0,-0.0
1743596775.2858384,0.0,0.0,233.0,,0.068,-0.147,0.11530625122356675,0.03333333333333333,0.0,-0.0
1743596775.3063443,0.0,0.0,233.0,,0.068,-0.147,0.11530625122356675,0.03333333333333333,0.0,-0.0
1743596775.3267748,0.0,0.0,233.0,,0.058,-0.157,0.11539486599474635,0.03333333333333333,0.0,-0.0
1743596775.346989,0.0,0.0,233.0,,0.058,-0.157,0.10539768074407263,0.03333333333333333,0.0,-0.0
1743596775.3709335,0.0,0.0,233.0,,0.077,-0.157,0.10552562901243157,0.03333333333333333,0.0,-0.0
1743596775.3911283,0.0,0.0,233.0,,0.068,-0.157,0.1254546594305701,0.03333333333333333,0.0,-0.0
1743596775.4113286,0.0,0.0,233.0,,0.068,-0.157,0.10546053315071546,0.03333333333333333,0.0,-0.0
1743596775.431521,0.0,0.0,233.0,,0.068,-0.157,0.10546053315071546,0.03333333333333333,0.0,-0.0
1743596775.451703,0.0,0.0,233.0,,0.058,-0.157,0.11539486599474635,0.03333333333333333,0.0,-0.0
1743596775.4720106,0.0,0.0,233.0,,0.068,-0.157,0.1254546594305701,0.03333333333333333,0.0,-0.0
1743596775.4922273,0.0,0.0,233.0,,0.058,-0.167,0.11555615862736524,0.03333333333333333,0.0,-0.0
1743596775.5124052,0.0,0.0,233.0,,0.058,-0.147,0.10524603186789783,0.03333333333333333,0.0,-0.0
1743596775.5326035,0.0,0.0,233.0,,0.068,-0.147,0.11530625122356675,0.03333333333333333,0.0,-0.0
1743596775.5527885,0.0,0.0,233.0,,0.077,-0.167,0.12568045550182028,0.03333333333333333,0.0,-0.0
1743596775.57303,0.0,0.0,233.0,,0.077,-0.167,0.12568045550182028,0.03333333333333333,0.0,-0.0
1743596775.593242,0.0,0.0,233.0,,0.048,-0.157,0.0963472484446033,0.03333333333333333,0.0,-0.0
