timestamp,roll,pitch,yaw,touch_gesture,acc_x,acc_y,acc_z,gyro_x,gyro_y,gyro_z
1743596951.3531163,,,,,,,,,,
1743596951.3732522,,,,,,,,,,
1743596951.3933983,,,,,,,,,,
1743596951.413533,,,,,,,,,,
1743596951.4336553,,,,,,,,,,
1743596951.453777,,,,,,,,,,
1743596951.4743128,,,,,,,,,,
1743596951.4944315,,,,,,,,,,
1743596951.514713,,,,,,,,,,
1743596951.534888,0.0,0.0,0.0,,9.835,-0.01,-1.6787981886466532,0.03333333333333333,0.0,-0.0
1743596951.5550568,0.0,0.0,0.0,,9.835,-0.01,-1.6787981886466532,0.03333333333333333,0.0,-0.0
1743596951.5755699,0.0,0.0,0.0,,9.835,-0.01,-1.6410483793638555,0.03333333333333333,0.0,-0.0
1743596951.5957603,0.0,0.0,0.0,,9.835,-0.02,-1.6609165639545338,0.03333333333333333,0.0,-0.0
1743596951.6172128,0.0,0.0,0.0,,9.845,-0.02,-1.660081596747404,0.03333333333333333,0.0,-0.0
1743596951.6373868,0.0,0.0,0.0,,9.845,-0.02,-1.660081596747404,0.03333333333333333,0.0,-0.0
1743596951.6575327,0.0,0.0,0.0,,9.835,-0.02,-1.678796900426014,0.03333333333333333,0.0,-0.0
1743596951.6777244,0.0,0.0,0.0,,9.835,-0.01,-1.6787981886466532,0.03333333333333333,0.0,-0.0
1743596951.6978931,0.0,0.0,0.0,,9.835,-0.01,-1.6787981886466532,0.03333333333333333,0.0,-0.0
1743596951.7180667,0.0,0.0,0.0,,9.835,-0.01,-1.698662813401714,0.03333333333333333,0.0,-0.0
1743596951.7386763,0.0,-94.0,318.0,,0.0488966669511246,-0.01,-1.6787981886466532,0.03333333333333333,0.0,-0.0
1743596951.758825,0.0,-94.0,318.0,,0.0488966669511246,-0.01,-1.6787981886466532,0.03333333333333333,0.0,-0.0
1743596951.7793276,0.0,-94.0,318.0,,0.0488966669511246,-0.02,-1.6410471195988596,0.03333333333333333,0.0,-0.0
1743596951.7995098,0.0,-94.0,318.0,,0.0488966669511246,-0.02,-1.678796900426014,0.03333333333333333,0.0,-0.0
1743596951.8196864,0.0,-94.0,318.0,,0.0488966669511246,-0.02,-1.678796900426014,0.03333333333333333,0.0,-0.0
1743596951.8398545,0.0,-94.0,318.0,,0.0488966669511246,-0.01,-1.6787981886466532,0.03333333333333333,0.0,-0.0
1743596951.8599963,0.0,-94.0,318.0,,0.0488966669511246,-0.01,-1.698662813401714,0.03333333333333333,0.0,-0.0
1743596951.880322,0.0,-94.0,318.0,,0.0488966669511246,-0.01,-1.698662813401714,0.03333333333333333,0.0,-0.0
1743596951.9015229,0.0,-94.0,318.0,,0.0488966669511246,-0.02,-1.6986615102214095,0.03333333333333333,0.0,-0.0
1743596951.9216628,0.0,-94.0,318.0,,0.0488966669511246,-0.02,-1.678796900426014,0.03333333333333333,0.0,-0.0
1743596951.9418437,0.0,-94.0,318.0,,0.0488966669511246,-0.02,-1.678796900426014,0.03333333333333333,0.0,-0.0
1743596951.962029,0.0,-94.0,318.0,,0.0488966669511246,-0.02,-1.6609165639545338,0.03333333333333333,0.0,-0.0
1743596951.982348,0.0,-94.0,318.0,,0.0488966669511246,-0.02,-1.6609165639545338,0.03333333333333333,0.0,-0.0
1743596952.0024884,0.0,-94.0,318.0,,0.0488966669511246,-0.02,-1.6609165639545338,0.03333333333333333,0.0,-0.0
1743596952.022631,0.0,-94.0,318.0,,0.0488966669511246,0.0,-1.6787986180548558,0.03333333333333333,0.0,-0.0
1743596952.0429356,0.0,-94.0,318.0,,0.0488966669511246,0.0,-1.6787986180548558,0.03333333333333333,0.0,-0.0
1743596952.0639007,0.0,-94.0,318.0,,0.0488966669511246,0.0,-1.6787986180548558,0.03333333333333333,0.0,-0.0
1743596952.0841424,0.0,-94.0,318.0,,0.05889666695112439,-0.02,-1.6402219658355452,0.03333333333333333,0.0,-0.0
1743596952.104495,0.0,-94.0,318.0,,0.05889666695112439,-0.01,-1.677954391954923,0.03333333333333333,0.0,-0.0
1743596952.1250315,0.0,-94.0,318.0,,0.05889666695112439,-0.01,-1.677954391954923,0.03333333333333333,0.0,-0.0
1743596952.145386,0.0,-94.0,318.0,,0.0488966669511246,0.0,-1.6787986180548558,0.03333333333333333,0.0,-0.0
1743596952.1667476,0.0,-94.0,318.0,,0.0488966669511246,0.0,-1.6787986180548558,0.03333333333333333,0.0,-0.0
1743596952.1872795,0.0,-94.0,318.0,,0.0488966669511246,0.0,-1.6787986180548558,0.03333333333333333,0.0,-0.0
1743596952.2074833,0.0,-94.0,318.0,,0.0488966669511246,-0.029,-1.6609146900873046,0.03333333333333333,0.0,-0.0
1743596952.2276552,0.0,-94.0,318.0,,0.0488966669511246,-0.02,-1.6609165639545338,0.03333333333333333,0.0,-0.0
1743596952.2478707,0.0,-94.0,318.0,,0.0488966669511246,-0.02,-1.6609165639545338,0.03333333333333333,0.0,-0.0
1743596952.2682414,0.0,-94.0,318.0,,0.0488966669511246,-0.02,-1.678796900426014,0.03333333333333333,0.0,-0.0
1743596952.2886,0.0,-94.0,318.0,,0.0488966669511246,-0.01,-1.6787981886466532,0.03333333333333333,0.0,-0.0
1743596952.3088322,0.0,-94.0,318.0,,0.0488966669511246,-0.01,-1.698662813401714,0.03333333333333333,0.0,-0.0
1743596952.329073,0.0,-94.0,318.0,,0.0488966669511246,-0.01,-1.6787981886466532,0.03333333333333333,0.0,-0.0
1743596952.3496337,0.0,-94.0,318.0,,0.0488966669511246,-0.01,-1.6787981886466532,0.03333333333333333,0.0,-0.0
1743596952.3699894,0.0,-94.0,318.0,,0.0488966669511246,-0.02,-1.6609165639545338,0.03333333333333333,0.0,-0.0
1743596952.3915775,0.0,-94.0,318.0,,0.0488966669511246,-0.02,-1.678796900426014,0.03333333333333333,0.0,-0.0
1743596952.4117513,0.0,-94.0,318.0,,0.0488966669511246,-0.02,-1.6609165639545338,0.03333333333333333,0.0,-0.0
1743596952.4319167,0.0,-94.0,318.0,,0.0488966669511246,-0.02,-1.678796900426014,0.03333333333333333,0.0,-0.0
1743596952.452335,0.0,-94.0,318.0,,0.0488966669511246,-0.01,-1.6609178387014185,0.03333333333333333,0.0,-0.0
1743596952.4728441,0.0,-94.0,318.0,,0.03889666695112304,-0.01,-1.6796436842222289,0.03333333333333333,0.0,-0.0
1743596952.4930236,0.0,-94.0,318.0,,0.0488966669511246,-0.01,-1.6787981886466532,0.03333333333333333,0.0,-0.0
1743596952.5153906,0.0,-94.0,318.0,,0.0488966669511246,-0.01,-1.6787981886466532,0.03333333333333333,0.0,-0.0
1743596952.5356045,0.0,-94.0,318.0,,0.05889666695112439,-0.01,-1.677954391954923,0.03333333333333333,0.0,-0.0
1743596952.5557718,0.0,-94.0,318.0,,0.0488966669511246,-0.02,-1.678796900426014,0.03333333333333333,0.0,-0.0
1743596952.5762544,0.0,-94.0,318.0,,0.0488966669511246,-0.02,-1.678796900426014,0.03333333333333333,0.0,-0.0
1743596952.596546,0.0,-94.0,318.0,,0.0488966669511246,-0.02,-1.6609165639545338,0.03333333333333333,0.0,-0.0
1743596952.616731,0.0,-94.0,318.0,,0.0488966669511246,-0.02,-1.678796900426014,0.03333333333333333,0.0,-0.0
1743596952.6374424,0.0,-94.0,318.0,,0.0488966669511246,-0.02,-1.6986615102214095,0.03333333333333333,0.0,-0.0
1743596952.6576934,0.0,-94.0,318.0,,0.0488966669511246,0.0,-1.6609182636183557,0.03333333333333333,0.0,-0.0
1743596952.6778996,0.0,-94.0,318.0,,0.0488966669511246,-0.01,-1.6787981886466532,0.03333333333333333,0.0,-0.0
1743596952.6980467,0.0,-94.0,318.0,,0.0488966669511246,-0.02,-1.678796900426014,0.03333333333333333,0.0,-0.0
1743596952.7195354,0.0,-94.0,318.0,,0.0488966669511246,-0.02,-1.678796900426014,0.03333333333333333,0.0,-0.0
1743596952.7396727,0.0,-94.0,318.0,,0.0488966669511246,0.0,-1.6787986180548558,0.03333333333333333,0.0,-0.0
1743596952.7599657,0.0,-94.0,318.0,,0.0488966669511246,-0.029,-1.6986595945572847,0.03333333333333333,0.0,-0.0
1743596952.780223,0.0,-94.0,318.0,,0.0488966669511246,-0.029,-1.6986595945572847,0.03333333333333333,0.0,-0.0
1743596952.8007064,0.0,-94.0,318.0,,0.0488966669511246,-0.029,-1.6609146900873046,0.03333333333333333,0.0,-0.0
1743596952.8218381,0.0,-94.0,318.0,,0.0488966669511246,-0.01,-1.6787981886466532,0.03333333333333333,0.0,-0.0
1743596952.841991,0.0,-94.0,318.0,,0.0488966669511246,-0.01,-1.6787981886466532,0.03333333333333333,0.0,-0.0
1743596952.8629482,0.0,-94.0,318.0,,0.0488966669511246,-0.01,-1.6787981886466532,0.03333333333333333,0.0,-0.0
1743596952.8831131,0.0,-94.0,318.0,,0.0488966669511246,-0.01,-1.6787981886466532,0.03333333333333333,0.0,-0.0
1743596952.9032948,0.0,-94.0,318.0,,0.0488966669511246,-0.01,-1.6787981886466532,0.03333333333333333,0.0,-0.0
1743596952.9239075,0.0,-94.0,318.0,,0.0488966669511246,-0.01,-1.6609178387014185,0.03333333333333333,0.0,-0.0
1743596952.944088,0.0,-94.0,318.0,,0.0488966669511246,-0.01,-1.6609178387014185,0.03333333333333333,0.0,-0.0
1743596952.9646657,0.0,-94.0,318.0,,0.0488966669511246,-0.01,-1.6609178387014185,0.03333333333333333,0.0,-0.0
1743596952.9851613,0.0,-94.0,318.0,,0.0488966669511246,-0.01,-1.6787981886466532,0.03333333333333333,0.0,-0.0
1743596953.008312,0.0,-94.0,318.0,,0.0488966669511246,-0.02,-1.678796900426014,0.03333333333333333,0.0,-0.0
1743596953.0285296,0.0,-94.0,318.0,,0.0488966669511246,-0.02,-1.678796900426014,0.03333333333333333,0.0,-0.0
1743596953.0490723,0.0,-94.0,318.0,,0.0488966669511246,-0.02,-1.678796900426014,0.03333333333333333,0.0,-0.0
1743596953.0696986,0.0,-94.0,318.0,,0.0488966669511246,-0.01,-1.6787981886466532,0.03333333333333333,0.0,-0.0
1743596953.0900407,0.0,-94.0,318.0,,0.0488966669511246,-0.01,-1.6609178387014185,0.03333333333333333,0.0,-0.0
1743596953.110187,0.0,-94.0,318.0,,0.05889666695112439,-0.02,-1.660081596747404,0.03333333333333333,0.0,-0.0
1743596953.1307693,0.0,-94.0,318.0,,0.03889666695112304,-0.02,-1.6796423920928187,0.03333333333333333,0.0,-0.0
1743596953.150949,0.0,-94.0,318.0,,0.0488966669511246,-0.02,-1.678796900426014,0.03333333333333333,0.0,-0.0
1743596953.1710954,0.0,-94.0,318.0,,0.0488966669511246,0.0,-1.6986632477964876,0.03333333333333333,0.0,-0.0
1743596953.1912682,0.0,-94.0,318.0,,0.03889666695112304,0.0,-1.6796441149333616,0.03333333333333333,0.0,-0.0
1743596953.2116585,0.0,-94.0,318.0,,0.0488966669511246,-0.01,-1.6609178387014185,0.03333333333333333,0.0,-0.0
1743596953.2319314,0.0,-94.0,318.0,,0.0488966669511246,-0.02,-1.6609165639545338,0.03333333333333333,0.0,-0.0
1743596953.2524056,0.0,-94.0,318.0,,0.0488966669511246,-0.02,-1.6609165639545338,0.03333333333333333,0.0,-0.0
1743596953.273028,0.0,-94.0,318.0,,0.0488966669511246,-0.02,-1.678796900426014,0.03333333333333333,0.0,-0.0
1743596953.2934291,0.0,-94.0,318.0,,0.0488966669511246,-0.01,-1.6787981886466532,0.03333333333333333,0.0,-0.0
1743596953.3136456,0.0,-94.0,318.0,,0.0488966669511246,-0.01,-1.6787981886466532,0.03333333333333333,0.0,-0.0
1743596953.3338525,0.0,-94.0,318.0,,0.0488966669511246,-0.01,-1.6787981886466532,0.03333333333333333,0.0,-0.0
1743596953.3540323,0.0,-94.0,318.0,,0.0488966669511246,-0.01,-1.698662813401714,0.03333333333333333,0.0,-0.0
1743596953.3742018,0.0,-94.0,318.0,,0.0488966669511246,-0.01,-1.698662813401714,0.03333333333333333,0.0,-0.0
1743596953.394501,0.0,-94.0,318.0,,0.0488966669511246,-0.01,-1.6609178387014185,0.03333333333333333,0.0,-0.0
1743596953.4149153,0.0,-94.0,318.0,,0.0488966669511246,-0.02,-1.6609165639545338,0.03333333333333333,0.0,-0.0
1743596953.4352555,0.0,-94.0,318.0,,0.0488966669511246,-0.02,-1.678796900426014,0.03333333333333333,0.0,-0.0
1743596953.4556925,0.0,-94.0,318.0,,0.0488966669511246,-0.01,-1.6787981886466532,0.03333333333333333,0.0,-0.0
1743596953.476171,0.0,-94.0,318.0,,0.0488966669511246,-0.01,-1.6787981886466532,0.03333333333333333,0.0,-0.0
1743596953.4966671,0.0,-94.0,318.0,,0.0488966669511246,-0.01,-1.6787981886466532,0.03333333333333333,0.0,-0.0
1743596953.5173154,0.0,-94.0,318.0,,0.0488966669511246,-0.01,-1.6787981886466532,0.03333333333333333,0.0,-0.0
1743596953.537477,0.0,-94.0,318.0,,0.0488966669511246,-0.01,-1.6609178387014185,0.03333333333333333,0.0,-0.0
1743596953.558323,0.0,-94.0,318.0,,0.0488966669511246,-0.01,-1.6787981886466532,0.03333333333333333,0.0,-0.0
1743596953.5788357,0.0,-94.0,318.0,,0.0488966669511246,-0.02,-1.678796900426014,0.03333333333333333,0.0,-0.0
1743596953.5992508,0.0,-94.0,318.0,,0.0488966669511246,-0.01,-1.6609178387014185,0.03333333333333333,0.0,-0.0
1743596953.6198597,0.0,-94.0,318.0,,0.0488966669511246,-0.01,-1.6609178387014185,0.03333333333333333,0.0,-0.0
1743596953.6402848,0.0,-94.0,318.0,,0.0488966669511246,-0.02,-1.678796900426014,0.03333333333333333,0.0,-0.0
1743596953.6612043,0.0,-94.0,318.0,,0.0488966669511246,-0.01,-1.6787981886466532,0.03333333333333333,0.0,-0.0
1743596953.681383,0.0,-94.0,318.0,,0.0488966669511246,-0.01,-1.6787981886466532,0.03333333333333333,0.0,-0.0
1743596953.7015874,0.0,-94.0,318.0,,0.0488966669511246,-0.01,-1.6609178387014185,0.03333333333333333,0.0,-0.0
1743596953.7230463,0.0,-94.0,318.0,,0.0488966669511246,-0.02,-1.678796900426014,0.03333333333333333,0.0,-0.0
1743596953.7433627,0.0,-94.0,318.0,,0.0488966669511246,-0.02,-1.678796900426014,0.03333333333333333,0.0,-0.0
1743596953.7637897,0.0,-94.0,318.0,,0.03889666695112304,-0.02,-1.6796423920928187,0.03333333333333333,0.0,-0.0
1743596953.7839696,0.0,-94.0,318.0,,0.0488966669511246,-0.01,-1.6787981886466532,0.03333333333333333,0.0,-0.0
1743596953.8043292,0.0,-94.0,318.0,,0.0488966669511246,-0.01,-1.6787981886466532,0.03333333333333333,0.0,-0.0
1743596953.8246477,0.0,-94.0,318.0,,0.0488966669511246,-0.02,-1.678796900426014,0.03333333333333333,0.0,-0.0
1743596953.8449888,0.0,-94.0,318.0,,0.0488966669511246,-0.01,-1.6787981886466532,0.03333333333333333,0.0,-0.0
1743596953.8652575,0.0,-94.0,318.0,,0.0488966669511246,-0.01,-1.6787981886466532,0.03333333333333333,0.0,-0.0
1743596953.885408,0.0,-94.0,318.0,,0.0488966669511246,-0.01,-1.698662813401714,0.03333333333333333,0.0,-0.0
1743596953.905559,0.0,-94.0,318.0,,0.0488966669511246,-0.01,-1.698662813401714,0.03333333333333333,0.0,-0.0
1743596953.9257872,0.0,-94.0,318.0,,0.0488966669511246,-0.01,-1.698662813401714,0.03333333333333333,0.0,-0.0
1743596953.9460225,0.0,-94.0,318.0,,0.0488966669511246,-0.01,-1.6609178387014185,0.03333333333333333,0.0,-0.0
1743596953.9661717,0.0,-94.0,318.0,,0.0488966669511246,-0.029,-1.6787950067524755,0.03333333333333333,0.0,-0.0
1743596953.9863276,0.0,-94.0,318.0,,0.0488966669511246,-0.029,-1.6787950067524755,0.03333333333333333,0.0,-0.0
1743596954.006473,0.0,-94.0,318.0,,0.0488966669511246,-0.01,-1.698662813401714,0.03333333333333333,0.0,-0.0
1743596954.0270712,0.0,-94.0,318.0,,0.0488966669511246,-0.01,-1.6787981886466532,0.03333333333333333,0.0,-0.0
1743596954.047419,0.0,-94.0,318.0,,0.0488966669511246,-0.01,-1.6787981886466532,0.03333333333333333,0.0,-0.0
1743596954.0684834,0.0,-94.0,318.0,,0.0488966669511246,-0.02,-1.678796900426014,0.03333333333333333,0.0,-0.0
1743596954.0886822,0.0,-94.0,318.0,,0.0488966669511246,-0.02,-1.678796900426014,0.03333333333333333,0.0,-0.0
1743596954.109015,0.0,-94.0,318.0,,0.0488966669511246,-0.02,-1.678796900426014,0.03333333333333333,0.0,-0.0
1743596954.1294067,0.0,-94.0,318.0,,0.0488966669511246,-0.01,-1.6787981886466532,0.03333333333333333,0.0,-0.0
1743596954.1513662,0.0,-94.0,318.0,,0.0488966669511246,-0.02,-1.678796900426014,0.03333333333333333,0.0,-0.0
1743596954.1715415,0.0,-94.0,318.0,,0.0488966669511246,-0.01,-1.6410483793638555,0.03333333333333333,0.0,-0.0
1743596954.1917322,0.0,-94.0,318.0,,0.0488966669511246,-0.029,-1.6787950067524755,0.03333333333333333,0.0,-0.0
1743596954.2118943,0.0,-94.0,318.0,,0.0488966669511246,0.0,-1.6986632477964876,0.03333333333333333,0.0,-0.0
1743596954.2320616,0.0,-94.0,318.0,,0.0488966669511246,0.0,-1.6787986180548558,0.03333333333333333,0.0,-0.0
1743596954.2522047,0.0,-94.0,318.0,,0.0488966669511246,-0.01,-1.6787981886466532,0.03333333333333333,0.0,-0.0
1743596954.2723901,0.0,-94.0,318.0,,0.0488966669511246,-0.02,-1.678796900426014,0.03333333333333333,0.0,-0.0
1743596954.2926188,0.0,-94.0,318.0,,0.0488966669511246,-0.02,-1.678796900426014,0.03333333333333333,0.0,-0.0
1743596954.3128958,0.0,-94.0,318.0,,0.0488966669511246,-0.02,-1.678796900426014,0.03333333333333333,0.0,-0.0
1743596954.3332844,0.0,-94.0,318.0,,0.0488966669511246,-0.01,-1.6787981886466532,0.03333333333333333,0.0,-0.0
1743596954.3535542,0.0,-94.0,318.0,,0.0488966669511246,-0.01,-1.6787981886466532,0.03333333333333333,0.0,-0.0
1743596954.373904,0.0,-94.0,318.0,,0.0488966669511246,-0.01,-1.698662813401714,0.03333333333333333,0.0,-0.0
1743596954.3941798,0.0,-94.0,318.0,,0.0488966669511246,-0.02,-1.6986615102214095,0.03333333333333333,0.0,-0.0
1743596954.414405,0.0,-94.0,318.0,,0.0488966669511246,-0.01,-1.6787981886466532,0.03333333333333333,0.0,-0.0
1743596954.434886,0.0,-94.0,318.0,,0.0488966669511246,-0.01,-1.6609178387014185,0.03333333333333333,0.0,-0.0
1743596954.455296,0.0,-94.0,318.0,,0.0488966669511246,-0.02,-1.6986615102214095,0.03333333333333333,0.0,-0.0
1743596954.475875,0.0,-94.0,318.0,,0.0488966669511246,-0.02,-1.678796900426014,0.03333333333333333,0.0,-0.0
1743596954.4965396,0.0,-94.0,318.0,,0.0488966669511246,-0.01,-1.6787981886466532,0.03333333333333333,0.0,-0.0
1743596954.5166934,0.0,-94.0,318.0,,0.05889666695112439,-0.01,-1.677954391954923,0.03333333333333333,0.0,-0.0
1743596954.5383923,0.0,-94.0,318.0,,0.0488966669511246,-0.01,-1.698662813401714,0.03333333333333333,0.0,-0.0
1743596954.5585465,0.0,-94.0,318.0,,0.0488966669511246,-0.02,-1.678796900426014,0.03333333333333333,0.0,-0.0
1743596954.5787158,0.0,-94.0,318.0,,0.0488966669511246,-0.02,-1.678796900426014,0.03333333333333333,0.0,-0.0
1743596954.5988655,0.0,-94.0,318.0,,0.0488966669511246,-0.01,-1.698662813401714,0.03333333333333333,0.0,-0.0
1743596954.6190143,0.0,-94.0,318.0,,0.0488966669511246,-0.02,-1.678796900426014,0.03333333333333333,0.0,-0.0
1743596954.639199,0.0,-94.0,318.0,,0.0488966669511246,-0.02,-1.678796900426014,0.03333333333333333,0.0,-0.0
1743596954.6594434,0.0,-94.0,318.0,,0.0488966669511246,-0.01,-1.6787981886466532,0.03333333333333333,0.0,-0.0
1743596954.6795762,0.0,-94.0,318.0,,0.0488966669511246,-0.01,-1.6787981886466532,0.03333333333333333,0.0,-0.0
1743596954.6999753,0.0,-94.0,318.0,,0.0488966669511246,-0.01,-1.6787981886466532,0.03333333333333333,0.0,-0.0
1743596954.7203126,0.0,-94.0,318.0,,0.0488966669511246,-0.01,-1.6787981886466532,0.03333333333333333,0.0,-0.0
1743596954.7414715,0.0,-94.0,318.0,,0.0488966669511246,-0.02,-1.678796900426014,0.03333333333333333,0.0,-0.0
1743596954.761651,0.0,-94.0,318.0,,0.0488966669511246,-0.02,-1.678796900426014,0.03333333333333333,0.0,-0.0
1743596954.7818358,0.0,-94.0,318.0,,0.03889666695112304,-0.01,-1.699518127203588,0.03333333333333333,0.0,-0.0
1743596954.8019974,0.0,-94.0,318.0,,0.0488966669511246,-0.02,-1.6609165639545338,0.03333333333333333,0.0,-0.0
1743596954.822156,0.0,-94.0,318.0,,0.0488966669511246,-0.02,-1.6609165639545338,0.03333333333333333,0.0,-0.0
1743596954.8423448,0.0,-94.0,318.0,,0.0488966669511246,-0.02,-1.678796900426014,0.03333333333333333,0.0,-0.0
1743596954.862519,0.0,-94.0,318.0,,0.0488966669511246,-0.01,-1.6787981886466532,0.03333333333333333,0.0,-0.0
1743596954.8826914,0.0,-94.0,318.0,,0.0488966669511246,-0.01,-1.6787981886466532,0.03333333333333333,0.0,-0.0
1743596954.902839,0.0,-94.0,318.0,,0.05889666695112439,-0.01,-1.697809217762483,0.03333333333333333,0.0,-0.0
1743596954.9231768,0.0,-94.0,318.0,,0.0488966669511246,-0.01,-1.698662813401714,0.03333333333333333,0.0,-0.0
1743596954.9434404,0.0,-94.0,318.0,,0.0488966669511246,-0.01,-1.698662813401714,0.03333333333333333,0.0,-0.0
1743596954.9636903,0.0,-94.0,318.0,,0.0488966669511246,-0.029,-1.6787950067524755,0.03333333333333333,0.0,-0.0
1743596954.9838302,0.0,-94.0,318.0,,0.0488966669511246,-0.039,-1.6787920868275448,0.03333333333333333,0.0,-0.0
1743596955.0039985,0.0,-94.0,318.0,,0.0488966669511246,-0.039,-1.6787920868275448,0.03333333333333333,0.0,-0.0
1743596955.0242827,0.0,-94.0,318.0,,0.0488966669511246,-0.01,-1.6787981886466532,0.03333333333333333,0.0,-0.0
1743596955.0448585,0.0,-94.0,318.0,,0.0488966669511246,-0.01,-1.6787981886466532,0.03333333333333333,0.0,-0.0
1743596955.0673623,0.0,-94.0,318.0,,0.0488966669511246,0.0,-1.6986632477964876,0.03333333333333333,0.0,-0.0
1743596955.0875032,0.0,-94.0,318.0,,0.0488966669511246,-0.01,-1.698662813401714,0.03333333333333333,0.0,-0.0
1743596955.1076381,0.0,-94.0,318.0,,0.0488966669511246,-0.02,-1.678796900426014,0.03333333333333333,0.0,-0.0
1743596955.1278017,0.0,-94.0,318.0,,0.0488966669511246,-0.02,-1.678796900426014,0.03333333333333333,0.0,-0.0
1743596955.1479592,0.0,-94.0,318.0,,0.0488966669511246,-0.02,-1.678796900426014,0.03333333333333333,0.0,-0.0
1743596955.1681275,0.0,-94.0,318.0,,0.0488966669511246,-0.01,-1.6787981886466532,0.03333333333333333,0.0,-0.0
1743596955.1883311,0.0,-94.0,318.0,,0.0488966669511246,0.0,-1.6986632477964876,0.03333333333333333,0.0,-0.0
1743596955.2085352,0.0,-94.0,318.0,,0.0488966669511246,-0.01,-1.698662813401714,0.03333333333333333,0.0,-0.0
1743596955.2288604,0.0,-94.0,318.0,,0.05889666695112439,-0.02,-1.6978079185197519,0.03333333333333333,0.0,-0.0
1743596955.249234,0.0,-94.0,318.0,,0.0488966669511246,-0.02,-1.6609165639545338,0.03333333333333333,0.0,-0.0
1743596955.2695549,0.0,-94.0,318.0,,0.0488966669511246,-0.02,-1.678796900426014,0.03333333333333333,0.0,-0.0
1743596955.2897003,0.0,-94.0,318.0,,0.0488966669511246,-0.01,-1.7185248512075626,0.03333333333333333,0.0,-0.0
1743596955.309842,0.0,-94.0,318.0,,0.0488966669511246,-0.01,-1.698662813401714,0.03333333333333333,0.0,-0.0
1743596955.330152,0.0,-94.0,318.0,,0.0488966669511246,-0.01,-1.6787981886466532,0.03333333333333333,0.0,-0.0
1743596955.3504522,0.0,-94.0,318.0,,0.0488966669511246,-0.02,-1.6609165639545338,0.03333333333333333,0.0,-0.0
1743596955.3707387,0.0,-94.0,318.0,,0.05889666695112439,-0.029,-1.6779512196765252,0.03333333333333333,0.0,-0.0
1743596955.39235,0.0,-94.0,318.0,,0.0488966669511246,-0.02,-1.678796900426014,0.03333333333333333,0.0,-0.0
1743596955.412537,0.0,-94.0,318.0,,0.0488966669511246,-0.01,-1.6787981886466532,0.03333333333333333,0.0,-0.0
1743596955.4326847,0.0,-94.0,318.0,,0.03889666695112304,-0.01,-1.699518127203588,0.03333333333333333,0.0,-0.0
1743596955.4531074,0.0,-94.0,318.0,,0.0488966669511246,-0.01,-1.6787981886466532,0.03333333333333333,0.0,-0.0
1743596955.4734073,0.0,-94.0,318.0,,0.0488966669511246,-0.02,-1.678796900426014,0.03333333333333333,0.0,-0.0
1743596955.4937146,0.0,-94.0,318.0,,0.05889666695112439,-0.02,-1.6779531076273326,0.03333333333333333,0.0,-0.0
1743596955.5140417,0.0,-94.0,318.0,,0.0488966669511246,-0.01,-1.698662813401714,0.03333333333333333,0.0,-0.0
1743596955.5341873,0.0,-94.0,318.0,,0.0488966669511246,-0.02,-1.678796900426014,0.03333333333333333,0.0,-0.0
1743596955.554358,0.0,-94.0,318.0,,0.0488966669511246,-0.02,-1.678796900426014,0.03333333333333333,0.0,-0.0
1743596955.577106,0.0,-94.0,318.0,,0.0488966669511246,-0.01,-1.6787981886466532,0.03333333333333333,0.0,-0.0
1743596955.5972838,0.0,-94.0,318.0,,0.0488966669511246,-0.01,-1.6787981886466532,0.03333333333333333,0.0,-0.0
1743596955.6174393,0.0,-94.0,318.0,,0.0488966669511246,-0.01,-1.6787981886466532,0.03333333333333333,0.0,-0.0
1743596955.6375751,0.0,-94.0,318.0,,0.05889666695112439,-0.01,-1.677954391954923,0.03333333333333333,0.0,-0.0
1743596955.6577563,0.0,-94.0,318.0,,0.05889666695112439,-0.01,-1.677954391954923,0.03333333333333333,0.0,-0.0
1743596955.6780574,0.0,-94.0,318.0,,0.0488966669511246,-0.02,-1.6609165639545338,0.03333333333333333,0.0,-0.0
1743596955.6982164,0.0,-94.0,318.0,,0.0488966669511246,-0.029,-1.6986595945572847,0.03333333333333333,0.0,-0.0
1743596955.718386,0.0,-94.0,318.0,,0.0488966669511246,-0.029,-1.6986595945572847,0.03333333333333333,0.0,-0.0
1743596955.7386847,0.0,-94.0,318.0,,0.0488966669511246,-0.01,-1.6787981886466532,0.03333333333333333,0.0,-0.0
1743596955.7599072,0.0,-94.0,318.0,,0.0488966669511246,0.0,-1.7383847172073947,0.03333333333333333,0.0,-0.0
1743596955.7800608,0.0,-94.0,318.0,,0.0488966669511246,0.0,-1.7383847172073947,0.03333333333333333,0.0,-0.0
1743596955.8003821,0.0,-94.0,318.0,,0.05889666695112439,-0.01,-1.677954391954923,0.03333333333333333,0.0,-0.0
1743596955.820916,0.0,-94.0,318.0,,0.05889666695112439,-0.029,-1.6978060086438078,0.03333333333333333,0.0,-0.0
1743596955.842751,0.0,-94.0,318.0,,0.05889666695112439,-0.029,-1.6978060086438078,0.03333333333333333,0.0,-0.0
1743596955.8629193,0.0,-94.0,318.0,,0.0488966669511246,-0.02,-1.6211751732422965,0.03333333333333333,0.0,-0.0
1743596955.8831012,0.0,-94.0,318.0,,0.0488966669511246,0.0,-1.6986632477964876,0.03333333333333333,0.0,-0.0
1743596955.9032986,0.0,-94.0,318.0,,0.0488966669511246,0.0,-1.6986632477964876,0.03333333333333333,0.0,-0.0
1743596955.9234624,0.0,-94.0,318.0,,0.0488966669511246,-0.01,-1.7185248512075626,0.03333333333333333,0.0,-0.0
1743596955.9436395,0.0,-94.0,318.0,,0.0488966669511246,-0.01,-1.6410483793638555,0.03333333333333333,0.0,-0.0
1743596955.9638307,0.0,-94.0,318.0,,0.0488966669511246,-0.01,-1.6410483793638555,0.03333333333333333,0.0,-0.0
1743596955.9839895,0.0,-94.0,318.0,,0.0488966669511246,-0.029,-1.6787950067524755,0.03333333333333333,0.0,-0.0
1743596956.004159,0.0,-94.0,318.0,,0.0488966669511246,-0.01,-1.6609178387014185,0.03333333333333333,0.0,-0.0
1743596956.024475,0.0,-94.0,318.0,,0.0488966669511246,-0.01,-1.6609178387014185,0.03333333333333333,0.0,-0.0
1743596956.0447657,0.0,-94.0,318.0,,0.0488966669511246,-0.01,-1.7185248512075626,0.03333333333333333,0.0,-0.0
1743596956.0652065,0.0,-94.0,318.0,,0.0488966669511246,-0.01,-1.698662813401714,0.03333333333333333,0.0,-0.0
1743596956.0853617,0.0,-94.0,318.0,,0.0488966669511246,-0.01,-1.698662813401714,0.03333333333333333,0.0,-0.0
1743596956.107362,0.0,-94.0,318.0,,0.0488966669511246,-0.02,-1.6609165639545338,0.03333333333333333,0.0,-0.0
1743596956.1275127,0.0,-94.0,318.0,,0.0488966669511246,-0.029,-1.6609146900873046,0.03333333333333333,0.0,-0.0
1743596956.1477122,0.0,-94.0,318.0,,0.0488966669511246,-0.029,-1.6609146900873046,0.03333333333333333,0.0,-0.0
1743596956.1678727,0.0,-94.0,318.0,,0.05889666695112439,-0.029,-1.7752147730514656,0.03333333333333333,0.0,-0.0
1743596956.1880357,0.0,-94.0,318.0,,0.0488966669511246,0.0,-1.718525290584943,0.03333333333333333,0.0,-0.0
1743596956.2113564,0.0,-94.0,318.0,,0.0488966669511246,0.0,-1.6609182636183557,0.03333333333333333,0.0,-0.0
1743596956.2315214,0.0,-94.0,318.0,,0.0488966669511246,-0.02,-1.678796900426014,0.03333333333333333,0.0,-0.0
1743596956.251724,0.0,-94.0,318.0,,0.05889666695112439,-0.029,-1.6600797285439226,0.03333333333333333,0.0,-0.0
1743596956.2718751,0.0,-94.0,318.0,,0.0488966669511246,-0.02,-1.678796900426014,0.03333333333333333,0.0,-0.0
1743596956.2920644,0.0,-94.0,318.0,,0.0488966669511246,-0.01,-1.6787981886466532,0.03333333333333333,0.0,-0.0
1743596956.3122184,0.0,-94.0,318.0,,0.0488966669511246,0.0,-1.6609182636183557,0.03333333333333333,0.0,-0.0
1743596956.3323905,0.0,-94.0,318.0,,0.0488966669511246,-0.01,-1.6787981886466532,0.03333333333333333,0.0,-0.0
1743596956.352555,0.0,-94.0,318.0,,0.0488966669511246,-0.01,-1.698662813401714,0.03333333333333333,0.0,-0.0
1743596956.372878,0.0,-94.0,318.0,,0.0488966669511246,-0.01,-1.6787981886466532,0.03333333333333333,0.0,-0.0
1743596956.3943732,0.0,-94.0,318.0,,0.0488966669511246,-0.01,-1.6787981886466532,0.03333333333333333,0.0,-0.0
1743596956.4155173,0.0,-94.0,318.0,,0.05889666695112439,-0.029,-1.7176582184685836,0.03333333333333333,0.0,-0.0
1743596956.4359362,0.0,-94.0,318.0,,0.0488966669511246,-0.029,-1.7383809801948646,0.03333333333333333,0.0,-0.0
1743596956.4561062,0.0,-94.0,318.0,,0.05889666695112439,-0.029,-1.6779512196765252,0.03333333333333333,0.0,-0.0
1743596956.476486,0.0,-94.0,318.0,,0.0488966669511246,-0.02,-1.6609165639545338,0.03333333333333333,0.0,-0.0
1743596956.496654,0.0,-94.0,318.0,,0.0488966669511246,0.0,-1.641048799286812,0.03333333333333333,0.0,-0.0
1743596956.516824,0.0,-94.0,318.0,,0.0488966669511246,-0.02,-1.6986615102214095,0.03333333333333333,0.0,-0.0
1743596956.537017,0.0,-94.0,318.0,,0.0488966669511246,-0.01,-1.6787981886466532,0.03333333333333333,0.0,-0.0
1743596956.5593061,0.0,-94.0,318.0,,0.0488966669511246,-0.01,-1.6787981886466532,0.03333333333333333,0.0,-0.0
1743596956.5794523,0.0,-94.0,318.0,,0.0488966669511246,-0.01,-1.6787981886466532,0.03333333333333333,0.0,-0.0
1743596956.5995944,0.0,-94.0,318.0,,0.0488966669511246,-0.029,-1.7383809801948646,0.03333333333333333,0.0,-0.0
1743596956.619762,0.0,-94.0,318.0,,0.0488966669511246,-0.029,-1.7383809801948646,0.03333333333333333,0.0,-0.0
1743596956.6399367,0.0,-94.0,318.0,,0.05889666695112439,-0.069,-1.8347138828443295,0.03333333333333333,0.0,-0.0
1743596956.6601138,0.0,-94.0,318.0,,0.03889666695112304,0.0,-1.6219938135553544,0.03333333333333333,0.0,-0.0
1743596956.6805503,0.0,-94.0,318.0,,0.03889666695112304,0.0,-1.6219938135553544,0.03333333333333333,0.0,-0.0
1743596956.7007158,0.0,-94.0,318.0,,0.0488966669511246,-0.02,-1.6986615102214095,0.03333333333333333,0.0,-0.0
1743596956.7209687,0.0,-94.0,318.0,,0.0488966669511246,-0.029,-1.7582377196422625,0.03333333333333333,0.0,-0.0
1743596956.744327,0.0,-94.0,318.0,,0.0488966669511246,-0.029,-1.7582377196422625,0.03333333333333333,0.0,-0.0
1743596956.764463,0.0,-94.0,318.0,,0.0488966669511246,0.0,-1.6787986180548558,0.03333333333333333,0.0,-0.0
1743596956.7846,0.0,-94.0,318.0,,0.0488966669511246,-0.039,-1.7383779586267478,0.03333333333333333,0.0,-0.0
1743596956.8047664,0.0,-94.0,318.0,,0.0488966669511246,-0.039,-1.7383779586267478,0.03333333333333333,0.0,-0.0
1743596956.8249085,0.0,-94.0,318.0,,0.0488966669511246,-0.02,-1.6410471195988596,0.03333333333333333,0.0,-0.0
1743596956.8450687,0.0,-94.0,318.0,,0.0488966669511246,-0.029,-1.6986595945572847,0.03333333333333333,0.0,-0.0
1743596956.8652413,0.0,-94.0,318.0,,0.0488966669511246,-0.029,-1.6986595945572847,0.03333333333333333,0.0,-0.0
1743596956.8853292,0.0,-94.0,318.0,,0.0488966669511246,-0.02,-1.6986615102214095,0.03333333333333333,0.0,-0.0
1743596956.9055188,0.0,-94.0,318.0,,0.0488966669511246,-0.01,-1.6787981886466532,0.03333333333333333,0.0,-0.0
1743596956.9256623,0.0,-94.0,318.0,,0.0488966669511246,-0.01,-1.6787981886466532,0.03333333333333333,0.0,-0.0
1743596956.946011,0.0,-94.0,318.0,,0.0488966669511246,-0.02,-1.7582397011725523,0.03333333333333333,0.0,-0.0
1743596956.966168,0.0,-94.0,318.0,,0.0488966669511246,-0.02,-1.6986615102214095,0.03333333333333333,0.0,-0.0
1743596956.986288,0.0,-94.0,318.0,,0.0488966669511246,-0.02,-1.6986615102214095,0.03333333333333333,0.0,-0.0
1743596957.006473,0.0,-94.0,318.0,,0.0488966669511246,-0.029,-1.7185215954422337,0.03333333333333333,0.0,-0.0
1743596957.026647,0.0,-94.0,318.0,,0.0488966669511246,-0.02,-1.7383829397875563,0.03333333333333333,0.0,-0.0
1743596957.046835,0.0,-94.0,318.0,,0.0488966669511246,-0.02,-1.7383829397875563,0.03333333333333333,0.0,-0.0
1743596957.0671084,0.0,-94.0,318.0,,0.0488966669511246,-0.02,-1.7383829397875563,0.03333333333333333,0.0,-0.0
1743596957.0872984,0.0,-94.0,318.0,,0.0488966669511246,-0.02,-1.718523533079473,0.03333333333333333,0.0,-0.0
1743596957.1079097,0.0,-94.0,318.0,,0.0488966669511246,-0.02,-1.718523533079473,0.03333333333333333,0.0,-0.0
1743596957.1313515,0.0,-94.0,318.0,,0.0488966669511246,-0.029,-1.6787950067524755,0.03333333333333333,0.0,-0.0
1743596957.1515596,0.0,-94.0,318.0,,0.05889666695112439,-0.039,-1.6978030637357335,0.03333333333333333,0.0,-0.0
1743596957.1717448,0.0,-94.0,318.0,,0.0488966669511246,-0.029,-1.7185215954422337,0.03333333333333333,0.0,-0.0
1743596957.1920037,0.0,-94.0,318.0,,0.0488966669511246,-0.01,-1.698662813401714,0.03333333333333333,0.0,-0.0
1743596957.2121682,0.0,-94.0,318.0,,0.0488966669511246,-0.01,-1.7185248512075626,0.03333333333333333,0.0,-0.0
1743596957.232552,0.0,-94.0,318.0,,0.0488966669511246,0.0,-1.718525290584943,0.03333333333333333,0.0,-0.0
1743596957.252945,0.0,-94.0,318.0,,0.03889666695112304,-0.02,-1.69951682006981,0.03333333333333333,0.0,-0.0
1743596957.2732084,0.0,-94.0,318.0,,0.0488966669511246,-0.039,-1.6986566407242516,0.03333333333333333,0.0,-0.0
1743596957.2933574,0.0,-94.0,318.0,,0.0488966669511246,-0.029,-1.6986595945572847,0.03333333333333333,0.0,-0.0
1743596957.3138306,0.0,-94.0,318.0,,0.0488966669511246,-0.029,-1.6986595945572847,0.03333333333333333,0.0,-0.0
1743596957.3342009,0.0,-94.0,318.0,,0.0488966669511246,-0.02,-1.718523533079473,0.03333333333333333,0.0,-0.0
1743596957.3543591,0.0,-94.0,318.0,,0.0488966669511246,-0.02,-1.718523533079473,0.03333333333333333,0.0,-0.0
1743596957.3746157,0.0,-94.0,318.0,,0.0488966669511246,-0.02,-1.718523533079473,0.03333333333333333,0.0,-0.0
1743596957.3948228,0.0,-94.0,318.0,,0.0488966669511246,-0.02,-1.6986615102214095,0.03333333333333333,0.0,-0.0
1743596957.4158397,0.0,-94.0,318.0,,0.0488966669511246,-0.02,-1.6986615102214095,0.03333333333333333,0.0,-0.0
1743596957.436026,0.0,-94.0,318.0,,0.0488966669511246,-0.02,-1.718523533079473,0.03333333333333333,0.0,-0.0
1743596957.4563925,0.0,-94.0,318.0,,0.0488966669511246,-0.02,-1.718523533079473,0.03333333333333333,0.0,-0.0
1743596957.476824,0.0,-94.0,318.0,,0.0488966669511246,-0.02,-1.718523533079473,0.03333333333333333,0.0,-0.0
1743596957.4971783,0.0,-94.0,318.0,,0.0488966669511246,-0.02,-1.6986615102214095,0.03333333333333333,0.0,-0.0
1743596957.5175629,0.0,-94.0,318.0,,0.0488966669511246,-0.02,-1.6986615102214095,0.03333333333333333,0.0,-0.0
1743596957.541371,0.0,-94.0,318.0,,0.0488966669511246,-0.02,-1.6986615102214095,0.03333333333333333,0.0,-0.0
1743596957.5615861,0.0,-94.0,318.0,,0.0488966669511246,-0.029,-1.7185215954422337,0.03333333333333333,0.0,-0.0
1743596957.581773,0.0,-94.0,318.0,,0.0488966669511246,-0.029,-1.7185215954422337,0.03333333333333333,0.0,-0.0
1743596957.6020434,0.0,-94.0,318.0,,0.0488966669511246,-0.029,-1.7185215954422337,0.03333333333333333,0.0,-0.0
1743596957.6225855,0.0,-94.0,318.0,,0.0488966669511246,-0.02,-1.6986615102214095,0.03333333333333333,0.0,-0.0
1743596957.6429443,0.0,-94.0,318.0,,0.0488966669511246,-0.02,-1.6986615102214095,0.03333333333333333,0.0,-0.0
1743596957.663105,0.0,-94.0,318.0,,0.0488966669511246,-0.02,-1.6986615102214095,0.03333333333333333,0.0,-0.0
1743596957.6832595,0.0,-94.0,318.0,,0.0488966669511246,-0.02,-1.6986615102214095,0.03333333333333333,0.0,-0.0
1743596957.7034314,0.0,-94.0,318.0,,0.0488966669511246,-0.02,-1.6986615102214095,0.03333333333333333,0.0,-0.0
1743596957.7235475,0.0,-94.0,318.0,,0.0488966669511246,-0.02,-1.6986615102214095,0.03333333333333333,0.0,-0.0
1743596957.743704,0.0,-94.0,318.0,,0.0488966669511246,-0.029,-1.7185215954422337,0.03333333333333333,0.0,-0.0
1743596957.7639134,0.0,-94.0,318.0,,0.0488966669511246,-0.029,-1.7185215954422337,0.03333333333333333,0.0,-0.0
1743596957.7841108,0.0,-94.0,318.0,,0.0488966669511246,-0.029,-1.6986595945572847,0.03333333333333333,0.0,-0.0
1743596957.8044677,0.0,-94.0,318.0,,0.0488966669511246,-0.02,-1.718523533079473,0.03333333333333333,0.0,-0.0
1743596957.8246558,0.0,-94.0,318.0,,0.0488966669511246,-0.02,-1.718523533079473,0.03333333333333333,0.0,-0.0
1743596957.844807,0.0,-94.0,318.0,,0.0488966669511246,-0.02,-1.718523533079473,0.03333333333333333,0.0,-0.0
1743596957.8650353,0.0,-94.0,318.0,,0.0488966669511246,-0.02,-1.718523533079473,0.03333333333333333,0.0,-0.0
1743596957.8852863,0.0,-94.0,318.0,,0.0488966669511246,-0.02,-1.718523533079473,0.03333333333333333,0.0,-0.0
1743596957.9055886,0.0,-94.0,318.0,,0.03889666695112304,-0.02,-1.69951682006981,0.03333333333333333,0.0,-0.0
1743596957.925728,0.0,-94.0,318.0,,0.0488966669511246,-0.02,-1.6986615102214095,0.03333333333333333,0.0,-0.0
1743596957.9476311,0.0,-94.0,318.0,,0.0488966669511246,-0.029,-1.6986595945572847,0.03333333333333333,0.0,-0.0
1743596957.9677722,0.0,-94.0,318.0,,0.0488966669511246,-0.02,-1.718523533079473,0.03333333333333333,0.0,-0.0
1743596957.9881237,0.0,-94.0,318.0,,0.0488966669511246,-0.02,-1.6986615102214095,0.03333333333333333,0.0,-0.0
1743596958.00829,0.0,-94.0,318.0,,0.0488966669511246,-0.01,-1.698662813401714,0.03333333333333333,0.0,-0.0
1743596958.0284395,0.0,-94.0,318.0,,0.03889666695112304,-0.02,-1.719388653300833,0.03333333333333333,0.0,-0.0
1743596958.0486887,0.0,-94.0,318.0,,0.0488966669511246,-0.02,-1.6986615102214095,0.03333333333333333,0.0,-0.0
1743596958.0689547,0.0,-94.0,318.0,,0.0488966669511246,-0.02,-1.6986615102214095,0.03333333333333333,0.0,-0.0
1743596958.089298,0.0,-94.0,318.0,,0.0488966669511246,-0.029,-1.6986595945572847,0.03333333333333333,0.0,-0.0
1743596958.1095552,0.0,-94.0,318.0,,0.03889666695112304,-0.029,-1.6995148985941342,0.03333333333333333,0.0,-0.0
1743596958.1298015,0.0,-94.0,318.0,,0.0488966669511246,-0.029,-1.7185215954422337,0.03333333333333333,0.0,-0.0
1743596958.1500814,0.0,-94.0,318.0,,0.0488966669511246,-0.029,-1.7185215954422337,0.03333333333333333,0.0,-0.0
1743596958.1704667,0.0,-94.0,318.0,,0.0488966669511246,-0.029,-1.7185215954422337,0.03333333333333333,0.0,-0.0
1743596958.1906197,0.0,-94.0,318.0,,0.0488966669511246,-0.02,-1.6986615102214095,0.03333333333333333,0.0,-0.0
1743596958.210793,0.0,-94.0,318.0,,0.0488966669511246,-0.01,-1.7185248512075626,0.03333333333333333,0.0,-0.0
1743596958.2336397,0.0,-94.0,318.0,,0.0488966669511246,-0.02,-1.718523533079473,0.03333333333333333,0.0,-0.0
1743596958.2553806,0.0,-94.0,318.0,,0.03889666695112304,-0.02,-1.719388653300833,0.03333333333333333,0.0,-0.0
1743596958.2755558,0.0,-94.0,318.0,,0.0488966669511246,-0.02,-1.6986615102214095,0.03333333333333333,0.0,-0.0
1743596958.295858,0.0,-94.0,318.0,,0.0488966669511246,-0.029,-1.6986595945572847,0.03333333333333333,0.0,-0.0
1743596958.3160274,0.0,-94.0,318.0,,0.0488966669511246,-0.02,-1.718523533079473,0.03333333333333333,0.0,-0.0
1743596958.3361855,0.0,-94.0,318.0,,0.0488966669511246,-0.02,-1.718523533079473,0.03333333333333333,0.0,-0.0
1743596958.356402,0.0,-94.0,318.0,,0.03889666695112304,-0.02,-1.69951682006981,0.03333333333333333,0.0,-0.0
1743596958.3765535,0.0,-94.0,318.0,,0.0488966669511246,-0.02,-1.718523533079473,0.03333333333333333,0.0,-0.0
1743596958.3967152,0.0,-94.0,318.0,,0.0488966669511246,-0.02,-1.718523533079473,0.03333333333333333,0.0,-0.0
1743596958.4169397,0.0,-94.0,318.0,,0.0488966669511246,-0.029,-1.6986595945572847,0.03333333333333333,0.0,-0.0
1743596958.4371097,0.0,-94.0,318.0,,0.0488966669511246,-0.029,-1.6986595945572847,0.03333333333333333,0.0,-0.0
1743596958.458436,0.0,-94.0,318.0,,0.0488966669511246,-0.02,-1.718523533079473,0.03333333333333333,0.0,-0.0
1743596958.478595,0.0,-94.0,318.0,,0.0488966669511246,-0.02,-1.718523533079473,0.03333333333333333,0.0,-0.0
1743596958.498779,0.0,-94.0,318.0,,0.0488966669511246,-0.02,-1.718523533079473,0.03333333333333333,0.0,-0.0
1743596958.5189378,0.0,-94.0,318.0,,0.0488966669511246,-0.02,-1.718523533079473,0.03333333333333333,0.0,-0.0
1743596958.5392811,0.0,-94.0,318.0,,0.0488966669511246,-0.02,-1.718523533079473,0.03333333333333333,0.0,-0.0
1743596958.5594716,0.0,-94.0,318.0,,0.05889666695112439,-0.029,-1.7176582184685836,0.03333333333333333,0.0,-0.0
1743596958.5796268,0.0,-94.0,318.0,,0.0488966669511246,-0.02,-1.718523533079473,0.03333333333333333,0.0,-0.0
1743596958.5998576,0.0,-94.0,318.0,,0.0488966669511246,-0.02,-1.718523533079473,0.03333333333333333,0.0,-0.0
1743596958.6200569,0.0,-94.0,318.0,,0.0488966669511246,-0.02,-1.718523533079473,0.03333333333333333,0.0,-0.0
1743596958.6402216,0.0,-94.0,318.0,,0.05889666695112439,-0.02,-1.7176601502522777,0.03333333333333333,0.0,-0.0
1743596958.660453,0.0,-94.0,318.0,,0.05889666695112439,-0.02,-1.7176601502522777,0.03333333333333333,0.0,-0.0
1743596958.680631,0.0,-94.0,318.0,,0.0488966669511246,-0.029,-1.6986595945572847,0.03333333333333333,0.0,-0.0
1743596958.7007928,0.0,-94.0,318.0,,0.0488966669511246,-0.02,-1.6986615102214095,0.03333333333333333,0.0,-0.0
1743596958.721137,0.0,-94.0,318.0,,0.0488966669511246,-0.02,-1.6986615102214095,0.03333333333333333,0.0,-0.0
1743596958.7414443,0.0,-94.0,318.0,,0.0488966669511246,-0.02,-1.6986615102214095,0.03333333333333333,0.0,-0.0
1743596958.7617104,0.0,-94.0,318.0,,0.0488966669511246,-0.01,-1.7185248512075626,0.03333333333333333,0.0,-0.0
1743596958.7836554,0.0,-94.0,318.0,,0.0488966669511246,-0.01,-1.7185248512075626,0.03333333333333333,0.0,-0.0
1743596958.8037934,0.0,-94.0,318.0,,0.0488966669511246,-0.02,-1.6986615102214095,0.03333333333333333,0.0,-0.0
1743596958.8239355,0.0,-94.0,318.0,,0.0488966669511246,-0.02,-1.6986615102214095,0.03333333333333333,0.0,-0.0
1743596958.8441072,0.0,-94.0,318.0,,0.0488966669511246,-0.02,-1.6986615102214095,0.03333333333333333,0.0,-0.0
1743596958.8644044,0.0,-94.0,318.0,,0.0488966669511246,-0.02,-1.6986615102214095,0.03333333333333333,0.0,-0.0
1743596958.8845775,0.0,-94.0,318.0,,0.0488966669511246,-0.02,-1.718523533079473,0.03333333333333333,0.0,-0.0
1743596958.9047298,0.0,-94.0,318.0,,0.0488966669511246,-0.02,-1.718523533079473,0.03333333333333333,0.0,-0.0
1743596958.9249263,0.0,-94.0,318.0,,0.0488966669511246,-0.02,-1.718523533079473,0.03333333333333333,0.0,-0.0
1743596958.9450853,0.0,-94.0,318.0,,0.0488966669511246,-0.02,-1.6986615102214095,0.03333333333333333,0.0,-0.0
1743596958.9652529,0.0,-94.0,318.0,,0.0488966669511246,-0.02,-1.6986615102214095,0.03333333333333333,0.0,-0.0
1743596958.986405,0.0,-94.0,318.0,,0.0488966669511246,-0.02,-1.718523533079473,0.03333333333333333,0.0,-0.0
1743596959.0065572,0.0,-94.0,318.0,,0.0488966669511246,-0.02,-1.7383829397875563,0.03333333333333333,0.0,-0.0
1743596959.0267415,0.0,-94.0,318.0,,0.0488966669511246,-0.02,-1.7383829397875563,0.03333333333333333,0.0,-0.0
1743596959.0468948,0.0,-94.0,318.0,,0.03889666695112304,-0.029,-1.6995148985941342,0.03333333333333333,0.0,-0.0
1743596959.067583,0.0,-94.0,318.0,,0.03889666695112304,-0.029,-1.6995148985941342,0.03333333333333333,0.0,-0.0
1743596959.0880954,0.0,-94.0,318.0,,0.03889666695112304,-0.02,-1.69951682006981,0.03333333333333333,0.0,-0.0
1743596959.1085336,0.0,-94.0,318.0,,0.0488966669511246,-0.02,-1.718523533079473,0.03333333333333333,0.0,-0.0
1743596959.1287012,0.0,-94.0,318.0,,0.0488966669511246,-0.02,-1.718523533079473,0.03333333333333333,0.0,-0.0
1743596959.15035,0.0,-94.0,318.0,,0.0488966669511246,-0.02,-1.6986615102214095,0.03333333333333333,0.0,-0.0
1743596959.1705143,0.0,-94.0,318.0,,0.0488966669511246,-0.02,-1.718523533079473,0.03333333333333333,0.0,-0.0
1743596959.1906686,0.0,-94.0,318.0,,0.0488966669511246,-0.029,-1.6986595945572847,0.03333333333333333,0.0,-0.0
1743596959.2108278,0.0,-94.0,318.0,,0.0488966669511246,-0.029,-1.6986595945572847,0.03333333333333333,0.0,-0.0
1743596959.2310057,0.0,-94.0,318.0,,0.03889666695112304,-0.02,-1.719388653300833,0.03333333333333333,0.0,-0.0
1743596959.2513282,0.0,-94.0,318.0,,0.0488966669511246,-0.02,-1.6986615102214095,0.03333333333333333,0.0,-0.0
1743596959.2714965,0.0,-94.0,318.0,,0.0488966669511246,-0.02,-1.6986615102214095,0.03333333333333333,0.0,-0.0
1743596959.291671,0.0,-94.0,318.0,,0.0488966669511246,-0.029,-1.6986595945572847,0.03333333333333333,0.0,-0.0
1743596959.311844,0.0,-94.0,318.0,,0.0488966669511246,-0.02,-1.718523533079473,0.03333333333333333,0.0,-0.0
1743596959.3319905,0.0,-94.0,318.0,,0.0488966669511246,-0.02,-1.718523533079473,0.03333333333333333,0.0,-0.0
1743596959.35216,0.0,-94.0,318.0,,0.0488966669511246,-0.02,-1.718523533079473,0.03333333333333333,0.0,-0.0
1743596959.3724992,0.0,-94.0,318.0,,0.0488966669511246,-0.029,-1.6986595945572847,0.03333333333333333,0.0,-0.0
1743596959.3928301,0.0,-94.0,318.0,,0.0488966669511246,-0.02,-1.718523533079473,0.03333333333333333,0.0,-0.0
1743596959.4131231,0.0,-94.0,318.0,,0.0488966669511246,-0.02,-1.6986615102214095,0.03333333333333333,0.0,-0.0
1743596959.4333,0.0,-94.0,318.0,,0.0488966669511246,-0.02,-1.718523533079473,0.03333333333333333,0.0,-0.0
1743596959.4564316,0.0,-94.0,318.0,,0.0488966669511246,-0.02,-1.718523533079473,0.03333333333333333,0.0,-0.0
1743596959.476604,0.0,-94.0,318.0,,0.0488966669511246,-0.02,-1.6986615102214095,0.03333333333333333,0.0,-0.0
1743596959.4967988,0.0,-94.0,318.0,,0.0488966669511246,-0.02,-1.718523533079473,0.03333333333333333,0.0,-0.0
1743596959.5169616,0.0,-94.0,318.0,,0.0488966669511246,-0.02,-1.6986615102214095,0.03333333333333333,0.0,-0.0
1743596959.5373867,0.0,-94.0,318.0,,0.0488966669511246,-0.029,-1.6986595945572847,0.03333333333333333,0.0,-0.0
1743596959.5576944,0.0,-94.0,318.0,,0.0488966669511246,-0.02,-1.6986615102214095,0.03333333333333333,0.0,-0.0
1743596959.5779853,0.0,-94.0,318.0,,0.0488966669511246,-0.02,-1.718523533079473,0.03333333333333333,0.0,-0.0
1743596959.5981545,0.0,-94.0,318.0,,0.0488966669511246,-0.02,-1.718523533079473,0.03333333333333333,0.0,-0.0
1743596959.6203756,0.0,-94.0,318.0,,0.0488966669511246,-0.02,-1.718523533079473,0.03333333333333333,0.0,-0.0
1743596959.6405208,0.0,-94.0,318.0,,0.03889666695112304,-0.02,-1.69951682006981,0.03333333333333333,0.0,-0.0
1743596959.6606674,0.0,-94.0,318.0,,0.0488966669511246,-0.02,-1.6986615102214095,0.03333333333333333,0.0,-0.0
1743596959.6809263,0.0,-94.0,318.0,,0.0488966669511246,-0.02,-1.6986615102214095,0.03333333333333333,0.0,-0.0
1743596959.7011044,0.0,-94.0,318.0,,0.0488966669511246,-0.02,-1.6986615102214095,0.03333333333333333,0.0,-0.0
1743596959.7212598,0.0,-94.0,318.0,,0.0488966669511246,-0.02,-1.718523533079473,0.03333333333333333,0.0,-0.0
1743596959.7414076,0.0,-94.0,318.0,,0.0488966669511246,-0.02,-1.718523533079473,0.03333333333333333,0.0,-0.0
1743596959.761579,0.0,-94.0,318.0,,0.0488966669511246,-0.02,-1.718523533079473,0.03333333333333333,0.0,-0.0
1743596959.782024,0.0,-94.0,318.0,,0.03889666695112304,-0.02,-1.69951682006981,0.03333333333333333,0.0,-0.0
1743596959.8024423,0.0,-94.0,318.0,,0.03889666695112304,-0.02,-1.69951682006981,0.03333333333333333,0.0,-0.0
1743596959.8227992,0.0,-94.0,318.0,,0.0488966669511246,-0.02,-1.718523533079473,0.03333333333333333,0.0,-0.0
1743596959.8432424,0.0,-94.0,318.0,,0.0488966669511246,-0.02,-1.6986615102214095,0.03333333333333333,0.0,-0.0
1743596959.8634,0.0,-94.0,318.0,,0.0488966669511246,-0.02,-1.6986615102214095,0.03333333333333333,0.0,-0.0
1743596959.8839166,0.0,-94.0,318.0,,0.0488966669511246,-0.02,-1.6986615102214095,0.03333333333333333,0.0,-0.0
1743596959.9043214,0.0,-94.0,318.0,,0.0488966669511246,-0.02,-1.6986615102214095,0.03333333333333333,0.0,-0.0
1743596959.9246626,0.0,-94.0,318.0,,0.0488966669511246,-0.02,-1.6986615102214095,0.03333333333333333,0.0,-0.0
1743596959.9483562,0.0,-94.0,318.0,,0.0488966669511246,-0.02,-1.718523533079473,0.03333333333333333,0.0,-0.0
1743596959.9685776,0.0,-94.0,318.0,,0.0488966669511246,-0.02,-1.6986615102214095,0.03333333333333333,0.0,-0.0
1743596959.9890578,0.0,-94.0,318.0,,0.0488966669511246,-0.02,-1.718523533079473,0.03333333333333333,0.0,-0.0
1743596960.0095248,0.0,-94.0,318.0,,0.0488966669511246,-0.02,-1.6986615102214095,0.03333333333333333,0.0,-0.0
1743596960.0299487,0.0,-94.0,318.0,,0.0488966669511246,-0.02,-1.718523533079473,0.03333333333333333,0.0,-0.0
1743596960.0504858,0.0,-94.0,318.0,,0.0488966669511246,-0.02,-1.6986615102214095,0.03333333333333333,0.0,-0.0
1743596960.0717824,0.0,-94.0,318.0,,0.05889666695112439,-0.02,-1.7176601502522777,0.03333333333333333,0.0,-0.0
1743596960.092152,0.0,-94.0,318.0,,0.0488966669511246,-0.02,-1.718523533079473,0.03333333333333333,0.0,-0.0
1743596960.112355,0.0,-94.0,318.0,,0.0488966669511246,-0.02,-1.6986615102214095,0.03333333333333333,0.0,-0.0
1743596960.1325142,0.0,-94.0,318.0,,0.0488966669511246,-0.02,-1.718523533079473,0.03333333333333333,0.0,-0.0
1743596960.1528254,0.0,-94.0,318.0,,0.0488966669511246,-0.02,-1.6986615102214095,0.03333333333333333,0.0,-0.0
1743596960.173325,0.0,-94.0,318.0,,0.0488966669511246,-0.02,-1.6986615102214095,0.03333333333333333,0.0,-0.0
1743596960.19371,0.0,-94.0,318.0,,0.0488966669511246,-0.02,-1.678796900426014,0.03333333333333333,0.0,-0.0
1743596960.213894,0.0,-94.0,318.0,,0.0488966669511246,-0.02,-1.6986615102214095,0.03333333333333333,0.0,-0.0
1743596960.2342374,0.0,-94.0,318.0,,0.0488966669511246,-0.02,-1.718523533079473,0.03333333333333333,0.0,-0.0
1743596960.254405,0.0,-94.0,318.0,,0.0488966669511246,-0.02,-1.718523533079473,0.03333333333333333,0.0,-0.0
1743596960.274895,0.0,-94.0,318.0,,0.0488966669511246,-0.02,-1.718523533079473,0.03333333333333333,0.0,-0.0
1743596960.2952533,0.0,-94.0,318.0,,0.0488966669511246,-0.02,-1.718523533079473,0.03333333333333333,0.0,-0.0
1743596960.317278,0.0,-94.0,318.0,,0.0488966669511246,-0.02,-1.6986615102214095,0.03333333333333333,0.0,-0.0
1743596960.3374722,0.0,-94.0,318.0,,0.0488966669511246,-0.02,-1.718523533079473,0.03333333333333333,0.0,-0.0
1743596960.357634,0.0,-94.0,318.0,,0.0488966669511246,-0.029,-1.6986595945572847,0.03333333333333333,0.0,-0.0
1743596960.3777957,0.0,-94.0,318.0,,0.0488966669511246,-0.02,-1.718523533079473,0.03333333333333333,0.0,-0.0
1743596960.397946,0.0,-94.0,318.0,,0.0488966669511246,-0.02,-1.718523533079473,0.03333333333333333,0.0,-0.0
1743596960.418161,0.0,-94.0,318.0,,0.0488966669511246,-0.02,-1.718523533079473,0.03333333333333333,0.0,-0.0
1743596960.4385948,0.0,-94.0,318.0,,0.05889666695112439,-0.02,-1.7176601502522777,0.03333333333333333,0.0,-0.0
1743596960.4587357,0.0,-94.0,318.0,,0.05889666695112439,-0.02,-1.7176601502522777,0.03333333333333333,0.0,-0.0
1743596960.4790998,0.0,-94.0,318.0,,0.0488966669511246,-0.02,-1.6986615102214095,0.03333333333333333,0.0,-0.0
1743596960.4995444,0.0,-94.0,318.0,,0.05889666695112439,-0.02,-1.7176601502522777,0.03333333333333333,0.0,-0.0
1743596960.519843,0.0,-94.0,318.0,,0.05889666695112439,-0.02,-1.7176601502522777,0.03333333333333333,0.0,-0.0
1743596960.5400693,0.0,-94.0,318.0,,0.0488966669511246,-0.02,-1.718523533079473,0.03333333333333333,0.0,-0.0
1743596960.5604057,0.0,-94.0,318.0,,0.0488966669511246,-0.02,-1.718523533079473,0.03333333333333333,0.0,-0.0
1743596960.58097,0.0,-94.0,318.0,,0.0488966669511246,-0.02,-1.718523533079473,0.03333333333333333,0.0,-0.0
1743596960.6014328,0.0,-94.0,318.0,,0.0488966669511246,-0.02,-1.718523533079473,0.03333333333333333,0.0,-0.0
1743596960.6244175,0.0,-94.0,318.0,,0.0488966669511246,-0.02,-1.718523533079473,0.03333333333333333,0.0,-0.0
1743596960.6446025,0.0,-94.0,318.0,,0.0488966669511246,-0.02,-1.718523533079473,0.03333333333333333,0.0,-0.0
1743596960.6647687,0.0,-94.0,318.0,,0.0488966669511246,-0.02,-1.718523533079473,0.03333333333333333,0.0,-0.0
1743596960.6849575,0.0,-94.0,318.0,,0.0488966669511246,-0.02,-1.6986615102214095,0.03333333333333333,0.0,-0.0
1743596960.7051327,0.0,-94.0,318.0,,0.0488966669511246,-0.02,-1.6986615102214095,0.03333333333333333,0.0,-0.0
1743596960.7252994,0.0,-94.0,318.0,,0.0488966669511246,-0.02,-1.718523533079473,0.03333333333333333,0.0,-0.0
1743596960.7457378,0.0,-94.0,318.0,,0.0488966669511246,-0.02,-1.718523533079473,0.03333333333333333,0.0,-0.0
1743596960.7660928,0.0,-94.0,318.0,,0.0488966669511246,-0.02,-1.718523533079473,0.03333333333333333,0.0,-0.0
1743596960.7862847,0.0,-94.0,318.0,,0.0488966669511246,-0.02,-1.718523533079473,0.03333333333333333,0.0,-0.0
1743596960.8064952,0.0,-94.0,318.0,,0.0488966669511246,-0.02,-1.718523533079473,0.03333333333333333,0.0,-0.0
1743596960.826755,0.0,-94.0,318.0,,0.0488966669511246,-0.02,-1.718523533079473,0.03333333333333333,0.0,-0.0
1743596960.8473673,0.0,-94.0,318.0,,0.0488966669511246,-0.029,-1.6986595945572847,0.03333333333333333,0.0,-0.0
1743596960.8677897,0.0,-94.0,318.0,,0.0488966669511246,-0.02,-1.6986615102214095,0.03333333333333333,0.0,-0.0
1743596960.8882146,0.0,-94.0,318.0,,0.05889666695112439,-0.02,-1.7176601502522777,0.03333333333333333,0.0,-0.0
1743596960.9088166,0.0,-94.0,318.0,,0.0488966669511246,-0.02,-1.6986615102214095,0.03333333333333333,0.0,-0.0
1743596960.9289954,0.0,-94.0,318.0,,0.0488966669511246,-0.01,-1.7185248512075626,0.03333333333333333,0.0,-0.0
1743596960.9491515,0.0,-94.0,318.0,,0.0488966669511246,-0.02,-1.6986615102214095,0.03333333333333333,0.0,-0.0
1743596960.9693017,0.0,-94.0,318.0,,0.0488966669511246,-0.02,-1.6986615102214095,0.03333333333333333,0.0,-0.0
1743596960.9894705,0.0,-94.0,318.0,,0.0488966669511246,-0.02,-1.718523533079473,0.03333333333333333,0.0,-0.0
1743596961.0096102,0.0,-94.0,318.0,,0.0488966669511246,-0.02,-1.718523533079473,0.03333333333333333,0.0,-0.0
1743596961.0299146,0.0,-94.0,318.0,,0.0488966669511246,-0.02,-1.6986615102214095,0.03333333333333333,0.0,-0.0
1743596961.0501623,0.0,-94.0,318.0,,0.0488966669511246,-0.02,-1.6986615102214095,0.03333333333333333,0.0,-0.0
1743596961.0725558,0.0,-94.0,318.0,,0.0488966669511246,-0.02,-1.6986615102214095,0.03333333333333333,0.0,-0.0
1743596961.0927153,0.0,-94.0,318.0,,0.0488966669511246,-0.029,-1.6986595945572847,0.03333333333333333,0.0,-0.0
1743596961.1128602,0.0,-94.0,318.0,,0.0488966669511246,-0.029,-1.6986595945572847,0.03333333333333333,0.0,-0.0
1743596961.133007,0.0,-94.0,318.0,,0.0488966669511246,-0.029,-1.6986595945572847,0.03333333333333333,0.0,-0.0
1743596961.1531413,0.0,-94.0,318.0,,0.0488966669511246,-0.02,-1.6986615102214095,0.03333333333333333,0.0,-0.0
1743596961.1733935,0.0,-94.0,318.0,,0.05889666695112439,-0.02,-1.7176601502522777,0.03333333333333333,0.0,-0.0
1743596961.1935515,0.0,-94.0,318.0,,0.0488966669511246,-0.02,-1.6986615102214095,0.03333333333333333,0.0,-0.0
1743596961.213808,0.0,-94.0,318.0,,0.0488966669511246,-0.02,-1.6986615102214095,0.03333333333333333,0.0,-0.0
1743596961.234363,0.0,-94.0,318.0,,0.0488966669511246,-0.02,-1.718523533079473,0.03333333333333333,0.0,-0.0
1743596961.254501,0.0,-94.0,318.0,,0.0488966669511246,-0.02,-1.6986615102214095,0.03333333333333333,0.0,-0.0
1743596961.275289,0.0,-94.0,318.0,,0.0488966669511246,-0.02,-1.6986615102214095,0.03333333333333333,0.0,-0.0
1743596961.2955375,0.0,-94.0,318.0,,0.0488966669511246,-0.02,-1.718523533079473,0.03333333333333333,0.0,-0.0
1743596961.3158588,0.0,-94.0,318.0,,0.0488966669511246,-0.02,-1.6986615102214095,0.03333333333333333,0.0,-0.0
1743596961.336024,0.0,-94.0,318.0,,0.0488966669511246,-0.02,-1.718523533079473,0.03333333333333333,0.0,-0.0
1743596961.3562827,0.0,-94.0,318.0,,0.0488966669511246,-0.02,-1.718523533079473,0.03333333333333333,0.0,-0.0
1743596961.3764358,0.0,-94.0,318.0,,0.0488966669511246,-0.02,-1.718523533079473,0.03333333333333333,0.0,-0.0
1743596961.396604,0.0,-94.0,318.0,,0.0488966669511246,-0.02,-1.6986615102214095,0.03333333333333333,0.0,-0.0
1743596961.416774,0.0,-94.0,318.0,,0.0488966669511246,-0.02,-1.6986615102214095,0.03333333333333333,0.0,-0.0
1743596961.4373658,0.0,-94.0,318.0,,0.0488966669511246,-0.02,-1.6986615102214095,0.03333333333333333,0.0,-0.0
1743596961.4577186,0.0,-94.0,318.0,,0.0488966669511246,-0.02,-1.6986615102214095,0.03333333333333333,0.0,-0.0
1743596961.478039,0.0,-94.0,318.0,,0.0488966669511246,-0.02,-1.718523533079473,0.03333333333333333,0.0,-0.0
1743596961.4985225,0.0,-94.0,318.0,,0.0488966669511246,-0.02,-1.718523533079473,0.03333333333333333,0.0,-0.0
1743596961.5189838,0.0,-94.0,318.0,,0.0488966669511246,-0.02,-1.718523533079473,0.03333333333333333,0.0,-0.0
1743596961.5412462,0.0,-94.0,318.0,,0.0488966669511246,-0.02,-1.718523533079473,0.03333333333333333,0.0,-0.0
1743596961.5614922,0.0,-94.0,318.0,,0.0488966669511246,-0.02,-1.6986615102214095,0.03333333333333333,0.0,-0.0
1743596961.5817351,0.0,-94.0,318.0,,0.0488966669511246,-0.029,-1.7185215954422337,0.03333333333333333,0.0,-0.0
1743596961.6043842,0.0,-94.0,318.0,,0.0488966669511246,-0.029,-1.7185215954422337,0.03333333333333333,0.0,-0.0
1743596961.6245458,0.0,-94.0,318.0,,0.0488966669511246,-0.029,-1.7185215954422337,0.03333333333333333,0.0,-0.0
1743596961.6447017,0.0,-94.0,318.0,,0.0488966669511246,-0.02,-1.6986615102214095,0.03333333333333333,0.0,-0.0
1743596961.6648974,0.0,-94.0,318.0,,0.0488966669511246,-0.02,-1.6986615102214095,0.03333333333333333,0.0,-0.0
1743596961.6851263,0.0,-94.0,318.0,,0.0488966669511246,-0.029,-1.6986595945572847,0.03333333333333333,0.0,-0.0
1743596961.7055295,0.0,-94.0,318.0,,0.0488966669511246,-0.029,-1.7185215954422337,0.03333333333333333,0.0,-0.0
1743596961.7259765,0.0,-94.0,318.0,,0.0488966669511246,-0.029,-1.7185215954422337,0.03333333333333333,0.0,-0.0
1743596961.7464075,0.0,-94.0,318.0,,0.0488966669511246,-0.029,-1.7185215954422337,0.03333333333333333,0.0,-0.0
1743596961.7666373,0.0,-94.0,318.0,,0.0488966669511246,-0.02,-1.718523533079473,0.03333333333333333,0.0,-0.0
1743596961.7875583,0.0,-94.0,318.0,,0.0488966669511246,-0.02,-1.718523533079473,0.03333333333333333,0.0,-0.0
1743596961.8078787,0.0,-94.0,318.0,,0.0488966669511246,-0.02,-1.718523533079473,0.03333333333333333,0.0,-0.0
1743596961.8283668,0.0,-94.0,318.0,,0.0488966669511246,-0.02,-1.718523533079473,0.03333333333333333,0.0,-0.0
1743596961.848699,0.0,-94.0,318.0,,0.0488966669511246,-0.02,-1.718523533079473,0.03333333333333333,0.0,-0.0
1743596961.8707042,0.0,-94.0,318.0,,0.0488966669511246,-0.029,-1.7185215954422337,0.03333333333333333,0.0,-0.0
1743596961.89088,0.0,-94.0,318.0,,0.0488966669511246,-0.029,-1.6986595945572847,0.03333333333333333,0.0,-0.0
1743596961.9110212,0.0,-94.0,318.0,,0.0488966669511246,-0.02,-1.6986615102214095,0.03333333333333333,0.0,-0.0
1743596961.9311788,0.0,-94.0,318.0,,0.0488966669511246,-0.01,-1.7185248512075626,0.03333333333333333,0.0,-0.0
1743596961.951327,0.0,-94.0,318.0,,0.0488966669511246,-0.02,-1.718523533079473,0.03333333333333333,0.0,-0.0
1743596961.9715533,0.0,-94.0,318.0,,0.0488966669511246,-0.02,-1.718523533079473,0.03333333333333333,0.0,-0.0
1743596961.9917526,0.0,-94.0,318.0,,0.0488966669511246,-0.02,-1.718523533079473,0.03333333333333333,0.0,-0.0
1743596962.011921,0.0,-94.0,318.0,,0.0488966669511246,-0.029,-1.6986595945572847,0.03333333333333333,0.0,-0.0
1743596962.0321317,0.0,-94.0,318.0,,0.0488966669511246,-0.029,-1.6986595945572847,0.03333333333333333,0.0,-0.0
1743596962.0548043,0.0,-94.0,318.0,,0.0488966669511246,-0.029,-1.6986595945572847,0.03333333333333333,0.0,-0.0
1743596962.0751753,0.0,-94.0,318.0,,0.0488966669511246,-0.02,-1.6986615102214095,0.03333333333333333,0.0,-0.0
1743596962.0954578,0.0,-94.0,318.0,,0.0488966669511246,-0.02,-1.718523533079473,0.03333333333333333,0.0,-0.0
1743596962.116136,0.0,-94.0,318.0,,0.0488966669511246,-0.02,-1.6986615102214095,0.03333333333333333,0.0,-0.0
1743596962.1363351,0.0,-94.0,318.0,,0.0488966669511246,-0.02,-1.6986615102214095,0.03333333333333333,0.0,-0.0
1743596962.1565163,0.0,-94.0,318.0,,0.0488966669511246,-0.029,-1.7185215954422337,0.03333333333333333,0.0,-0.0
1743596962.1769834,0.0,-94.0,318.0,,0.0488966669511246,-0.02,-1.718523533079473,0.03333333333333333,0.0,-0.0
1743596962.2002895,0.0,-94.0,318.0,,0.0488966669511246,-0.02,-1.6986615102214095,0.03333333333333333,0.0,-0.0
1743596962.2204626,0.0,-94.0,318.0,,0.0488966669511246,-0.029,-1.6986595945572847,0.03333333333333333,0.0,-0.0
1743596962.2406743,0.0,-94.0,318.0,,0.0488966669511246,-0.029,-1.6986595945572847,0.03333333333333333,0.0,-0.0
1743596962.2608714,0.0,-94.0,318.0,,0.0488966669511246,-0.029,-1.6986595945572847,0.03333333333333333,0.0,-0.0
1743596962.2813358,0.0,-94.0,318.0,,0.0488966669511246,-0.02,-1.6986615102214095,0.03333333333333333,0.0,-0.0
1743596962.301568,0.0,-94.0,318.0,,0.0488966669511246,-0.01,-1.7185248512075626,0.03333333333333333,0.0,-0.0
1743596962.3219092,0.0,-94.0,318.0,,0.0488966669511246,-0.01,-1.7185248512075626,0.03333333333333333,0.0,-0.0
1743596962.3422725,0.0,-94.0,318.0,,0.0488966669511246,-0.02,-1.718523533079473,0.03333333333333333,0.0,-0.0
1743596962.3625197,0.0,-94.0,318.0,,0.05889666695112439,-0.02,-1.6779531076273326,0.03333333333333333,0.0,-0.0
1743596962.3827224,0.0,-94.0,318.0,,0.05889666695112439,-0.02,-1.6779531076273326,0.03333333333333333,0.0,-0.0
1743596962.4033232,0.0,-94.0,318.0,,0.0488966669511246,-0.02,-1.718523533079473,0.03333333333333333,0.0,-0.0
1743596962.4235778,0.0,-94.0,318.0,,0.0488966669511246,-0.02,-1.6986615102214095,0.03333333333333333,0.0,-0.0
1743596962.443753,0.0,-94.0,318.0,,0.0488966669511246,-0.02,-1.6986615102214095,0.03333333333333333,0.0,-0.0
1743596962.4642582,0.0,-94.0,318.0,,0.0488966669511246,-0.029,-1.6986595945572847,0.03333333333333333,0.0,-0.0
1743596962.4847322,0.0,-94.0,318.0,,0.0488966669511246,-0.029,-1.7185215954422337,0.03333333333333333,0.0,-0.0
1743596962.5051527,0.0,-94.0,318.0,,0.0488966669511246,-0.029,-1.7185215954422337,0.03333333333333333,0.0,-0.0
1743596962.5253572,0.0,-94.0,318.0,,0.0488966669511246,-0.02,-1.718523533079473,0.03333333333333333,0.0,-0.0
1743596962.5455744,0.0,-94.0,318.0,,0.05889666695112439,-0.02,-1.7176601502522777,0.03333333333333333,0.0,-0.0
1743596962.5659575,0.0,-94.0,318.0,,0.05889666695112439,-0.02,-1.7176601502522777,0.03333333333333333,0.0,-0.0
1743596962.5865872,0.0,-94.0,318.0,,0.0488966669511246,-0.02,-1.6986615102214095,0.03333333333333333,0.0,-0.0
1743596962.6067743,0.0,-94.0,318.0,,0.0488966669511246,-0.02,-1.718523533079473,0.03333333333333333,0.0,-0.0
1743596962.6272986,0.0,-94.0,318.0,,0.0488966669511246,-0.02,-1.718523533079473,0.03333333333333333,0.0,-0.0
1743596962.6475422,0.0,-94.0,318.0,,0.0488966669511246,-0.02,-1.6986615102214095,0.03333333333333333,0.0,-0.0
1743596962.6679518,0.0,-94.0,318.0,,0.0488966669511246,-0.02,-1.718523533079473,0.03333333333333333,0.0,-0.0
1743596962.6886,0.0,-94.0,318.0,,0.0488966669511246,-0.02,-1.718523533079473,0.03333333333333333,0.0,-0.0
1743596962.7093635,0.0,-94.0,318.0,,0.0488966669511246,-0.02,-1.6986615102214095,0.03333333333333333,0.0,-0.0
1743596962.729861,0.0,-94.0,318.0,,0.0488966669511246,-0.029,-1.6986595945572847,0.03333333333333333,0.0,-0.0
1743596962.7503169,0.0,-94.0,318.0,,0.0488966669511246,-0.029,-1.7185215954422337,0.03333333333333333,0.0,-0.0
1743596962.770811,0.0,-94.0,318.0,,0.0488966669511246,-0.02,-1.6986615102214095,0.03333333333333333,0.0,-0.0
1743596962.7910068,0.0,-94.0,318.0,,0.0488966669511246,-0.02,-1.6986615102214095,0.03333333333333333,0.0,-0.0
1743596962.812365,0.0,-94.0,318.0,,0.0488966669511246,-0.02,-1.718523533079473,0.03333333333333333,0.0,-0.0
1743596962.832785,0.0,-94.0,318.0,,0.0488966669511246,-0.02,-1.6986615102214095,0.03333333333333333,0.0,-0.0
1743596962.8532796,0.0,-94.0,318.0,,0.03889666695112304,-0.02,-1.719388653300833,0.03333333333333333,0.0,-0.0
1743596962.8762867,0.0,-94.0,318.0,,0.0488966669511246,-0.029,-1.6986595945572847,0.03333333333333333,0.0,-0.0
1743596962.896488,0.0,-94.0,318.0,,0.0488966669511246,-0.02,-1.718523533079473,0.03333333333333333,0.0,-0.0
1743596962.9166694,0.0,-94.0,318.0,,0.0488966669511246,-0.02,-1.718523533079473,0.03333333333333333,0.0,-0.0
1743596962.9369307,0.0,-94.0,318.0,,0.03889666695112304,-0.02,-1.719388653300833,0.03333333333333333,0.0,-0.0
1743596962.9571567,0.0,-94.0,318.0,,0.05889666695112439,-0.02,-1.7176601502522777,0.03333333333333333,0.0,-0.0
1743596962.9793773,0.0,-94.0,318.0,,0.0488966669511246,-0.02,-1.6986615102214095,0.03333333333333333,0.0,-0.0
1743596962.9995856,0.0,-94.0,318.0,,0.0488966669511246,-0.029,-1.7185215954422337,0.03333333333333333,0.0,-0.0
1743596963.0197868,0.0,-94.0,318.0,,0.0488966669511246,-0.01,-1.698662813401714,0.03333333333333333,0.0,-0.0
1743596963.0400677,0.0,-94.0,318.0,,0.0488966669511246,-0.01,-1.698662813401714,0.03333333333333333,0.0,-0.0
1743596963.060249,0.0,-94.0,318.0,,0.0488966669511246,-0.02,-1.6986615102214095,0.03333333333333333,0.0,-0.0
1743596963.080545,0.0,-94.0,318.0,,0.0488966669511246,-0.02,-1.6986615102214095,0.03333333333333333,0.0,-0.0
1743596963.1007736,0.0,-94.0,318.0,,0.0488966669511246,-0.02,-1.6986615102214095,0.03333333333333333,0.0,-0.0
1743596963.1209853,0.0,-94.0,318.0,,0.0488966669511246,-0.02,-1.6986615102214095,0.03333333333333333,0.0,-0.0
1743596963.1411688,0.0,-94.0,318.0,,0.0488966669511246,-0.02,-1.718523533079473,0.03333333333333333,0.0,-0.0
1743596963.161879,0.0,-94.0,318.0,,0.0488966669511246,-0.02,-1.718523533079473,0.03333333333333333,0.0,-0.0
1743596963.182528,0.0,-94.0,318.0,,0.0488966669511246,-0.02,-1.718523533079473,0.03333333333333333,0.0,-0.0
1743596963.2027214,0.0,-94.0,318.0,,0.0488966669511246,-0.02,-1.6986615102214095,0.03333333333333333,0.0,-0.0
1743596963.2232232,0.0,-94.0,318.0,,0.0488966669511246,-0.02,-1.6986615102214095,0.03333333333333333,0.0,-0.0
1743596963.2444036,0.0,-94.0,318.0,,0.0488966669511246,-0.039,-1.6986566407242516,0.03333333333333333,0.0,-0.0
1743596963.2648425,0.0,-94.0,318.0,,0.0488966669511246,-0.02,-1.6986615102214095,0.03333333333333333,0.0,-0.0
1743596963.285084,0.0,-94.0,318.0,,0.0488966669511246,-0.02,-1.6986615102214095,0.03333333333333333,0.0,-0.0
1743596963.3052864,0.0,-94.0,318.0,,0.0488966669511246,-0.029,-1.7185215954422337,0.03333333333333333,0.0,-0.0
1743596963.325778,0.0,-94.0,318.0,,0.0488966669511246,-0.02,-1.6986615102214095,0.03333333333333333,0.0,-0.0
1743596963.3464954,0.0,-94.0,318.0,,0.0488966669511246,-0.02,-1.718523533079473,0.03333333333333333,0.0,-0.0
1743596963.3666706,0.0,-94.0,318.0,,0.0488966669511246,-0.02,-1.6986615102214095,0.03333333333333333,0.0,-0.0
1743596963.387184,0.0,-94.0,318.0,,0.0488966669511246,-0.029,-1.7185215954422337,0.03333333333333333,0.0,-0.0
1743596963.407512,0.0,-94.0,318.0,,0.0488966669511246,-0.029,-1.7185215954422337,0.03333333333333333,0.0,-0.0
1743596963.427863,0.0,-94.0,318.0,,0.0488966669511246,-0.02,-1.718523533079473,0.03333333333333333,0.0,-0.0
1743596963.4480588,0.0,-94.0,318.0,,0.0488966669511246,-0.02,-1.6986615102214095,0.03333333333333333,0.0,-0.0
1743596963.4684377,0.0,-94.0,318.0,,0.0488966669511246,-0.02,-1.6986615102214095,0.03333333333333333,0.0,-0.0
1743596963.4887853,0.0,-94.0,318.0,,0.0488966669511246,-0.02,-1.718523533079473,0.03333333333333333,0.0,-0.0
1743596963.510415,0.0,-94.0,318.0,,0.0488966669511246,-0.02,-1.718523533079473,0.03333333333333333,0.0,-0.0
1743596963.530653,0.0,-94.0,318.0,,0.0488966669511246,-0.02,-1.6986615102214095,0.03333333333333333,0.0,-0.0
1743596963.550831,0.0,-94.0,318.0,,0.0488966669511246,-0.02,-1.6986615102214095,0.03333333333333333,0.0,-0.0
1743596963.5714414,0.0,-94.0,318.0,,0.0488966669511246,-0.02,-1.718523533079473,0.03333333333333333,0.0,-0.0
1743596963.5918303,0.0,-94.0,318.0,,0.0488966669511246,-0.029,-1.7185215954422337,0.03333333333333333,0.0,-0.0
1743596963.6128569,0.0,-94.0,318.0,,0.0488966669511246,-0.02,-1.6986615102214095,0.03333333333333333,0.0,-0.0
1743596963.6334229,0.0,-94.0,318.0,,0.0488966669511246,-0.029,-1.6986595945572847,0.03333333333333333,0.0,-0.0
1743596963.653796,0.0,-94.0,318.0,,0.0488966669511246,-0.02,-1.718523533079473,0.03333333333333333,0.0,-0.0
1743596963.6743026,0.0,-94.0,318.0,,0.0488966669511246,-0.02,-1.6986615102214095,0.03333333333333333,0.0,-0.0
1743596963.6947374,0.0,-94.0,318.0,,0.0488966669511246,-0.02,-1.718523533079473,0.03333333333333333,0.0,-0.0
1743596963.7149885,0.0,-94.0,318.0,,0.0488966669511246,-0.02,-1.6986615102214095,0.03333333333333333,0.0,-0.0
1743596963.7362783,0.0,-94.0,318.0,,0.05889666695112439,-0.02,-1.6978079185197519,0.03333333333333333,0.0,-0.0
1743596963.7567189,0.0,-94.0,318.0,,0.0488966669511246,-0.02,-1.718523533079473,0.03333333333333333,0.0,-0.0
1743596963.7770295,0.0,-94.0,318.0,,0.0488966669511246,-0.02,-1.6986615102214095,0.03333333333333333,0.0,-0.0
1743596963.8023217,0.0,-94.0,318.0,,0.0488966669511246,-0.02,-1.6986615102214095,0.03333333333333333,0.0,-0.0
1743596963.8226032,0.0,-94.0,318.0,,0.0488966669511246,-0.02,-1.6986615102214095,0.03333333333333333,0.0,-0.0
1743596963.8428307,0.0,-94.0,318.0,,0.0488966669511246,-0.02,-1.6986615102214095,0.03333333333333333,0.0,-0.0
1743596963.8632712,0.0,-94.0,318.0,,0.0488966669511246,-0.02,-1.718523533079473,0.03333333333333333,0.0,-0.0
1743596963.8837523,0.0,-94.0,318.0,,0.0488966669511246,-0.02,-1.718523533079473,0.03333333333333333,0.0,-0.0
1743596963.9039555,0.0,-94.0,318.0,,0.0488966669511246,-0.029,-1.6986595945572847,0.03333333333333333,0.0,-0.0
1743596963.9241498,0.0,-94.0,318.0,,0.0488966669511246,-0.02,-1.6986615102214095,0.03333333333333333,0.0,-0.0
1743596963.945432,0.0,-94.0,318.0,,0.0488966669511246,-0.02,-1.6986615102214095,0.03333333333333333,0.0,-0.0
1743596963.9670577,0.0,-94.0,318.0,,0.0488966669511246,-0.02,-1.6986615102214095,0.03333333333333333,0.0,-0.0
1743596963.9877164,0.0,-94.0,318.0,,0.0488966669511246,-0.01,-1.7185248512075626,0.03333333333333333,0.0,-0.0
1743596964.007942,0.0,-94.0,318.0,,0.0488966669511246,-0.01,-1.7185248512075626,0.03333333333333333,0.0,-0.0
1743596964.0285354,0.0,-94.0,318.0,,0.0488966669511246,-0.029,-1.7185215954422337,0.03333333333333333,0.0,-0.0
1743596964.0489948,0.0,-94.0,318.0,,0.0488966669511246,-0.029,-1.7185215954422337,0.03333333333333333,0.0,-0.0
1743596964.0694761,0.0,-94.0,318.0,,0.0488966669511246,-0.02,-1.718523533079473,0.03333333333333333,0.0,-0.0
1743596964.0896785,0.0,-94.0,318.0,,0.0488966669511246,-0.02,-1.6986615102214095,0.03333333333333333,0.0,-0.0
1743596964.1100245,0.0,-94.0,318.0,,0.0488966669511246,-0.02,-1.6986615102214095,0.03333333333333333,0.0,-0.0
1743596964.130479,0.0,-94.0,318.0,,0.0488966669511246,-0.02,-1.6986615102214095,0.03333333333333333,0.0,-0.0
1743596964.1509407,0.0,-94.0,318.0,,0.0488966669511246,-0.02,-1.718523533079473,0.03333333333333333,0.0,-0.0
1743596964.1714542,0.0,-94.0,318.0,,0.0488966669511246,-0.02,-1.718523533079473,0.03333333333333333,0.0,-0.0
1743596964.1916285,0.0,-94.0,318.0,,0.05889666695112439,-0.02,-1.7176601502522777,0.03333333333333333,0.0,-0.0
1743596964.2121196,0.0,-94.0,318.0,,0.0488966669511246,-0.02,-1.6986615102214095,0.03333333333333333,0.0,-0.0
1743596964.2326245,0.0,-94.0,318.0,,0.0488966669511246,-0.029,-1.6986595945572847,0.03333333333333333,0.0,-0.0
1743596964.2531207,0.0,-94.0,318.0,,0.0488966669511246,-0.02,-1.718523533079473,0.03333333333333333,0.0,-0.0
1743596964.2733543,0.0,-94.0,318.0,,0.0488966669511246,-0.01,-1.7185248512075626,0.03333333333333333,0.0,-0.0
1743596964.2935698,0.0,-94.0,318.0,,0.0488966669511246,-0.02,-1.718523533079473,0.03333333333333333,0.0,-0.0
1743596964.3150756,0.0,-94.0,318.0,,0.0488966669511246,-0.029,-1.7185215954422337,0.03333333333333333,0.0,-0.0
1743596964.3358028,0.0,-94.0,318.0,,0.0488966669511246,-0.029,-1.7185215954422337,0.03333333333333333,0.0,-0.0
1743596964.3563468,0.0,-94.0,318.0,,0.0488966669511246,-0.02,-1.718523533079473,0.03333333333333333,0.0,-0.0
1743596964.3765333,0.0,-94.0,318.0,,0.0488966669511246,-0.02,-1.718523533079473,0.03333333333333333,0.0,-0.0
1743596964.397409,0.0,-94.0,318.0,,0.03889666695112304,-0.029,-1.6995148985941342,0.03333333333333333,0.0,-0.0
1743596964.4176085,0.0,-94.0,318.0,,0.05889666695112439,-0.02,-1.7375097736977747,0.03333333333333333,0.0,-0.0
1743596964.437964,0.0,-94.0,318.0,,0.0488966669511246,-0.02,-1.718523533079473,0.03333333333333333,0.0,-0.0
1743596964.4613898,0.0,-94.0,318.0,,0.0488966669511246,-0.02,-1.718523533079473,0.03333333333333333,0.0,-0.0
1743596964.4834344,0.0,-94.0,318.0,,0.0488966669511246,-0.02,-1.718523533079473,0.03333333333333333,0.0,-0.0
1743596964.5036685,0.0,-94.0,318.0,,0.0488966669511246,-0.02,-1.718523533079473,0.03333333333333333,0.0,-0.0
1743596964.5238981,0.0,-94.0,318.0,,0.0488966669511246,-0.02,-1.718523533079473,0.03333333333333333,0.0,-0.0
1743596964.5441234,0.0,-94.0,318.0,,0.0488966669511246,-0.02,-1.718523533079473,0.03333333333333333,0.0,-0.0
1743596964.5643384,0.0,-94.0,318.0,,0.0488966669511246,-0.02,-1.718523533079473,0.03333333333333333,0.0,-0.0
1743596964.5845406,0.0,-94.0,318.0,,0.0488966669511246,-0.02,-1.6986615102214095,0.03333333333333333,0.0,-0.0
1743596964.604742,0.0,-94.0,318.0,,0.0488966669511246,-0.02,-1.6986615102214095,0.03333333333333333,0.0,-0.0
1743596964.624931,0.0,-94.0,318.0,,0.0488966669511246,-0.02,-1.718523533079473,0.03333333333333333,0.0,-0.0
1743596964.6452005,0.0,-94.0,318.0,,0.0488966669511246,-0.02,-1.6986615102214095,0.03333333333333333,0.0,-0.0
1743596964.6655467,0.0,-94.0,318.0,,0.0488966669511246,-0.02,-1.6986615102214095,0.03333333333333333,0.0,-0.0
1743596964.686187,0.0,-94.0,318.0,,0.0488966669511246,-0.029,-1.7185215954422337,0.03333333333333333,0.0,-0.0
1743596964.7064605,0.0,-94.0,318.0,,0.0488966669511246,-0.02,-1.6986615102214095,0.03333333333333333,0.0,-0.0
1743596964.7267654,0.0,-94.0,318.0,,0.0488966669511246,-0.02,-1.6986615102214095,0.03333333333333333,0.0,-0.0
1743596964.7469552,0.0,-94.0,318.0,,0.0488966669511246,-0.02,-1.718523533079473,0.03333333333333333,0.0,-0.0
1743596964.7675362,0.0,-94.0,318.0,,0.0488966669511246,-0.02,-1.6986615102214095,0.03333333333333333,0.0,-0.0
1743596964.7879577,0.0,-94.0,318.0,,0.0488966669511246,-0.02,-1.6986615102214095,0.03333333333333333,0.0,-0.0
1743596964.8083618,0.0,-94.0,318.0,,0.0488966669511246,-0.029,-1.6986595945572847,0.03333333333333333,0.0,-0.0
1743596964.8288074,0.0,-94.0,318.0,,0.0488966669511246,-0.029,-1.6986595945572847,0.03333333333333333,0.0,-0.0
1743596964.8494496,0.0,-94.0,318.0,,0.0488966669511246,-0.029,-1.6986595945572847,0.03333333333333333,0.0,-0.0
1743596964.8696516,0.0,-94.0,318.0,,0.0488966669511246,-0.029,-1.6986595945572847,0.03333333333333333,0.0,-0.0
1743596964.8898559,0.0,-94.0,318.0,,0.0488966669511246,-0.029,-1.6986595945572847,0.03333333333333333,0.0,-0.0
1743596964.9100246,0.0,-94.0,318.0,,0.0488966669511246,-0.02,-1.6986615102214095,0.03333333333333333,0.0,-0.0
1743596964.9302523,0.0,-94.0,318.0,,0.0488966669511246,-0.02,-1.718523533079473,0.03333333333333333,0.0,-0.0
1743596964.9509683,0.0,-94.0,318.0,,0.0488966669511246,-0.02,-1.718523533079473,0.03333333333333333,0.0,-0.0
1743596964.9712446,0.0,-94.0,318.0,,0.0488966669511246,-0.01,-1.698662813401714,0.03333333333333333,0.0,-0.0
1743596964.9917169,0.0,-94.0,318.0,,0.0488966669511246,-0.029,-1.7185215954422337,0.03333333333333333,0.0,-0.0
1743596965.0119505,0.0,-94.0,318.0,,0.0488966669511246,-0.029,-1.6986595945572847,0.03333333333333333,0.0,-0.0
1743596965.0321481,0.0,-94.0,318.0,,0.0488966669511246,-0.02,-1.6986615102214095,0.03333333333333333,0.0,-0.0
1743596965.052456,0.0,-94.0,318.0,,0.0488966669511246,-0.02,-1.6986615102214095,0.03333333333333333,0.0,-0.0
1743596965.0727458,0.0,-94.0,318.0,,0.0488966669511246,-0.02,-1.718523533079473,0.03333333333333333,0.0,-0.0
1743596965.0929537,0.0,-94.0,318.0,,0.0488966669511246,-0.02,-1.718523533079473,0.03333333333333333,0.0,-0.0
1743596965.1132302,0.0,-94.0,318.0,,0.0488966669511246,-0.02,-1.718523533079473,0.03333333333333333,0.0,-0.0
1743596965.1333892,0.0,-94.0,318.0,,0.05889666695112439,-0.02,-1.7176601502522777,0.03333333333333333,0.0,-0.0
1743596965.153939,0.0,-94.0,318.0,,0.0488966669511246,-0.029,-1.7185215954422337,0.03333333333333333,0.0,-0.0
1743596965.174146,0.0,-94.0,318.0,,0.0488966669511246,-0.02,-1.718523533079473,0.03333333333333333,0.0,-0.0
1743596965.1944978,0.0,-94.0,318.0,,0.0488966669511246,-0.01,-1.7185248512075626,0.03333333333333333,0.0,-0.0
1743596965.2148767,0.0,-94.0,318.0,,0.0488966669511246,-0.029,-1.7185215954422337,0.03333333333333333,0.0,-0.0
1743596965.235247,0.0,-94.0,318.0,,0.0488966669511246,-0.02,-1.718523533079473,0.03333333333333333,0.0,-0.0
1743596965.2554371,0.0,-94.0,318.0,,0.0488966669511246,-0.02,-1.6986615102214095,0.03333333333333333,0.0,-0.0
1743596965.27566,0.0,-94.0,318.0,,0.0488966669511246,-0.02,-1.6986615102214095,0.03333333333333333,0.0,-0.0
1743596965.2959726,0.0,-94.0,318.0,,0.0488966669511246,-0.029,-1.7185215954422337,0.03333333333333333,0.0,-0.0
1743596965.3162668,0.0,-94.0,318.0,,0.0488966669511246,-0.02,-1.718523533079473,0.03333333333333333,0.0,-0.0
1743596965.3364666,0.0,-94.0,318.0,,0.0488966669511246,-0.029,-1.6986595945572847,0.03333333333333333,0.0,-0.0
1743596965.3566546,0.0,-94.0,318.0,,0.05889666695112439,-0.029,-1.6978060086438078,0.03333333333333333,0.0,-0.0
1743596965.3769422,0.0,-94.0,318.0,,0.0488966669511246,-0.02,-1.6986615102214095,0.03333333333333333,0.0,-0.0
1743596965.3971958,0.0,-94.0,318.0,,0.0488966669511246,-0.02,-1.6986615102214095,0.03333333333333333,0.0,-0.0
1743596965.4173608,0.0,-94.0,318.0,,0.0488966669511246,-0.02,-1.718523533079473,0.03333333333333333,0.0,-0.0
1743596965.4375474,0.0,-94.0,318.0,,0.05889666695112439,-0.02,-1.7176601502522777,0.03333333333333333,0.0,-0.0
1743596965.4577515,0.0,-94.0,318.0,,0.05889666695112439,-0.02,-1.7176601502522777,0.03333333333333333,0.0,-0.0
1743596965.4780838,0.0,-94.0,318.0,,0.05889666695112439,-0.02,-1.6978079185197519,0.03333333333333333,0.0,-0.0
1743596965.4984798,0.0,-94.0,318.0,,0.0488966669511246,-0.029,-1.6986595945572847,0.03333333333333333,0.0,-0.0
1743596965.5204241,0.0,-94.0,318.0,,0.0488966669511246,-0.029,-1.6986595945572847,0.03333333333333333,0.0,-0.0
1743596965.540632,0.0,-94.0,318.0,,0.0488966669511246,-0.02,-1.6986615102214095,0.03333333333333333,0.0,-0.0
1743596965.5608203,0.0,-94.0,318.0,,0.0488966669511246,-0.01,-1.7185248512075626,0.03333333333333333,0.0,-0.0
1743596965.5809994,0.0,-94.0,318.0,,0.0488966669511246,-0.01,-1.7185248512075626,0.03333333333333333,0.0,-0.0
1743596965.6012077,0.0,-94.0,318.0,,0.0488966669511246,-0.01,-1.698662813401714,0.03333333333333333,0.0,-0.0
1743596965.621398,0.0,-94.0,318.0,,0.0488966669511246,-0.029,-1.7383809801948646,0.03333333333333333,0.0,-0.0
1743596965.6415892,0.0,-94.0,318.0,,0.0488966669511246,-0.029,-1.7383809801948646,0.03333333333333333,0.0,-0.0
1743596965.661799,0.0,-94.0,318.0,,0.05889666695112439,-0.02,-1.6978079185197519,0.03333333333333333,0.0,-0.0
1743596965.6820264,0.0,-94.0,318.0,,0.0488966669511246,-0.02,-1.6986615102214095,0.03333333333333333,0.0,-0.0
1743596965.7022212,0.0,-94.0,318.0,,0.0488966669511246,-0.02,-1.6986615102214095,0.03333333333333333,0.0,-0.0
1743596965.72241,0.0,-94.0,318.0,,0.0488966669511246,-0.02,-1.718523533079473,0.03333333333333333,0.0,-0.0
1743596965.7426748,0.0,-94.0,318.0,,0.0488966669511246,-0.02,-1.718523533079473,0.03333333333333333,0.0,-0.0
1743596965.7629087,0.0,-94.0,318.0,,0.0488966669511246,-0.02,-1.718523533079473,0.03333333333333333,0.0,-0.0
1743596965.784511,0.0,-94.0,318.0,,0.0488966669511246,-0.02,-1.6986615102214095,0.03333333333333333,0.0,-0.0
1743596965.804795,0.0,-94.0,318.0,,0.0488966669511246,-0.02,-1.6986615102214095,0.03333333333333333,0.0,-0.0
1743596965.8250706,0.0,-94.0,318.0,,0.0488966669511246,-0.02,-1.718523533079473,0.03333333333333333,0.0,-0.0
1743596965.8453946,0.0,-94.0,318.0,,0.0488966669511246,-0.02,-1.718523533079473,0.03333333333333333,0.0,-0.0
1743596965.8658426,0.0,-94.0,318.0,,0.0488966669511246,-0.02,-1.718523533079473,0.03333333333333333,0.0,-0.0
1743596965.886333,0.0,-94.0,318.0,,0.05889666695112439,-0.02,-1.6978079185197519,0.03333333333333333,0.0,-0.0
1743596965.906504,0.0,-94.0,318.0,,0.0488966669511246,-0.02,-1.6986615102214095,0.03333333333333333,0.0,-0.0
1743596965.9267037,0.0,-94.0,318.0,,0.0488966669511246,-0.02,-1.718523533079473,0.03333333333333333,0.0,-0.0
1743596965.9470336,0.0,-94.0,318.0,,0.0488966669511246,-0.01,-1.7185248512075626,0.03333333333333333,0.0,-0.0
1743596965.9673247,0.0,-94.0,318.0,,0.0488966669511246,-0.02,-1.718523533079473,0.03333333333333333,0.0,-0.0
1743596965.9875054,0.0,-94.0,318.0,,0.0488966669511246,-0.02,-1.718523533079473,0.03333333333333333,0.0,-0.0
1743596966.0076897,0.0,-94.0,318.0,,0.03889666695112304,-0.029,-1.7193867097864177,0.03333333333333333,0.0,-0.0
1743596966.0282516,0.0,-94.0,318.0,,0.0488966669511246,-0.02,-1.6986615102214095,0.03333333333333333,0.0,-0.0
1743596966.0486736,0.0,-94.0,318.0,,0.0488966669511246,-0.029,-1.6986595945572847,0.03333333333333333,0.0,-0.0
1743596966.0688722,0.0,-94.0,318.0,,0.03889666695112304,-0.02,-1.69951682006981,0.03333333333333333,0.0,-0.0
1743596966.0892303,0.0,-94.0,318.0,,0.0488966669511246,-0.02,-1.6986615102214095,0.03333333333333333,0.0,-0.0
1743596966.1093814,0.0,-94.0,318.0,,0.0488966669511246,-0.02,-1.6986615102214095,0.03333333333333333,0.0,-0.0
1743596966.129671,0.0,-94.0,318.0,,0.0488966669511246,-0.02,-1.6986615102214095,0.03333333333333333,0.0,-0.0
1743596966.1498718,0.0,-94.0,318.0,,0.0488966669511246,-0.02,-1.6986615102214095,0.03333333333333333,0.0,-0.0
1743596966.170227,0.0,-94.0,318.0,,0.0488966669511246,-0.02,-1.718523533079473,0.03333333333333333,0.0,-0.0
1743596966.1905117,0.0,-94.0,318.0,,0.0488966669511246,-0.02,-1.6986615102214095,0.03333333333333333,0.0,-0.0
1743596966.2107055,0.0,-94.0,318.0,,0.05889666695112439,-0.02,-1.7176601502522777,0.03333333333333333,0.0,-0.0
1743596966.2310112,0.0,-94.0,318.0,,0.0488966669511246,-0.02,-1.6986615102214095,0.03333333333333333,0.0,-0.0
1743596966.251412,0.0,-94.0,318.0,,0.03889666695112304,-0.01,-1.7193899754270352,0.03333333333333333,0.0,-0.0
1743596966.2718306,0.0,-94.0,318.0,,0.0488966669511246,-0.02,-1.6986615102214095,0.03333333333333333,0.0,-0.0
1743596966.295352,0.0,-94.0,318.0,,0.0488966669511246,-0.029,-1.7185215954422337,0.03333333333333333,0.0,-0.0
1743596966.3155668,0.0,-94.0,318.0,,0.05889666695112439,-0.02,-1.6978079185197519,0.03333333333333333,0.0,-0.0
1743596966.3357537,0.0,-94.0,318.0,,0.0488966669511246,-0.02,-1.6986615102214095,0.03333333333333333,0.0,-0.0
1743596966.3562243,0.0,-94.0,318.0,,0.0488966669511246,-0.02,-1.6986615102214095,0.03333333333333333,0.0,-0.0
1743596966.3776674,0.0,-94.0,318.0,,0.05889666695112439,-0.02,-1.6978079185197519,0.03333333333333333,0.0,-0.0
1743596966.3978431,0.0,-94.0,318.0,,0.0488966669511246,-0.02,-1.718523533079473,0.03333333333333333,0.0,-0.0
1743596966.418027,0.0,-94.0,318.0,,0.0488966669511246,-0.02,-1.718523533079473,0.03333333333333333,0.0,-0.0
1743596966.4384809,0.0,-94.0,318.0,,0.0488966669511246,-0.02,-1.718523533079473,0.03333333333333333,0.0,-0.0
1743596966.4589043,0.0,-94.0,318.0,,0.0488966669511246,-0.02,-1.6986615102214095,0.03333333333333333,0.0,-0.0
1743596966.4791296,0.0,-94.0,318.0,,0.0488966669511246,-0.02,-1.6986615102214095,0.03333333333333333,0.0,-0.0
1743596966.4993641,0.0,-94.0,318.0,,0.0488966669511246,-0.02,-1.718523533079473,0.03333333333333333,0.0,-0.0
1743596966.5196521,0.0,-94.0,318.0,,0.0488966669511246,-0.02,-1.6986615102214095,0.03333333333333333,0.0,-0.0
1743596966.5399277,0.0,-94.0,318.0,,0.0488966669511246,-0.02,-1.6986615102214095,0.03333333333333333,0.0,-0.0
1743596966.5605142,0.0,-94.0,318.0,,0.0488966669511246,-0.02,-1.6986615102214095,0.03333333333333333,0.0,-0.0
1743596966.584293,0.0,-94.0,318.0,,0.0488966669511246,-0.02,-1.6986615102214095,0.03333333333333333,0.0,-0.0
1743596966.6045847,0.0,-94.0,318.0,,0.0488966669511246,-0.02,-1.718523533079473,0.03333333333333333,0.0,-0.0
1743596966.6247647,0.0,-94.0,318.0,,0.05889666695112439,-0.02,-1.7176601502522777,0.03333333333333333,0.0,-0.0
1743596966.6449747,0.0,-94.0,318.0,,0.0488966669511246,-0.02,-1.718523533079473,0.03333333333333333,0.0,-0.0
1743596966.6651962,0.0,-94.0,318.0,,0.05889666695112439,-0.02,-1.7176601502522777,0.03333333333333333,0.0,-0.0
1743596966.685541,0.0,-94.0,318.0,,0.0488966669511246,-0.02,-1.6986615102214095,0.03333333333333333,0.0,-0.0
1743596966.7058423,0.0,-94.0,318.0,,0.0488966669511246,-0.02,-1.718523533079473,0.03333333333333333,0.0,-0.0
1743596966.7263901,0.0,-94.0,318.0,,0.0488966669511246,-0.02,-1.6986615102214095,0.03333333333333333,0.0,-0.0
1743596966.7465916,0.0,-94.0,318.0,,0.0488966669511246,-0.02,-1.6986615102214095,0.03333333333333333,0.0,-0.0
1743596966.766913,0.0,-94.0,318.0,,0.05889666695112439,-0.029,-1.6978060086438078,0.03333333333333333,0.0,-0.0
1743596966.7873027,0.0,-94.0,318.0,,0.0488966669511246,-0.02,-1.6986615102214095,0.03333333333333333,0.0,-0.0
1743596966.8075156,0.0,-94.0,318.0,,0.0488966669511246,-0.02,-1.718523533079473,0.03333333333333333,0.0,-0.0
1743596966.8277068,0.0,-94.0,318.0,,0.0488966669511246,-0.02,-1.718523533079473,0.03333333333333333,0.0,-0.0
1743596966.847979,0.0,-94.0,318.0,,0.0488966669511246,-0.02,-1.6986615102214095,0.03333333333333333,0.0,-0.0
1743596966.8681738,0.0,-94.0,318.0,,0.0488966669511246,-0.02,-1.718523533079473,0.03333333333333333,0.0,-0.0
1743596966.8883715,0.0,-94.0,318.0,,0.0488966669511246,-0.029,-1.7185215954422337,0.03333333333333333,0.0,-0.0
1743596966.9086788,0.0,-94.0,318.0,,0.0488966669511246,-0.02,-1.718523533079473,0.03333333333333333,0.0,-0.0
1743596966.9289236,0.0,-94.0,318.0,,0.0488966669511246,-0.02,-1.718523533079473,0.03333333333333333,0.0,-0.0
1743596966.949249,0.0,-94.0,318.0,,0.0488966669511246,-0.02,-1.6986615102214095,0.03333333333333333,0.0,-0.0
1743596966.971364,0.0,-94.0,318.0,,0.0488966669511246,-0.029,-1.6986595945572847,0.03333333333333333,0.0,-0.0
1743596966.9915338,0.0,-94.0,318.0,,0.0488966669511246,-0.02,-1.6986615102214095,0.03333333333333333,0.0,-0.0
1743596967.0118096,0.0,-94.0,318.0,,0.0488966669511246,-0.02,-1.6986615102214095,0.03333333333333333,0.0,-0.0
1743596967.0333908,0.0,-94.0,318.0,,0.0488966669511246,-0.02,-1.718523533079473,0.03333333333333333,0.0,-0.0
1743596967.0535564,0.0,-94.0,318.0,,0.05889666695112439,-0.02,-1.7176601502522777,0.03333333333333333,0.0,-0.0
1743596967.0737038,0.0,-94.0,318.0,,0.05889666695112439,-0.02,-1.7176601502522777,0.03333333333333333,0.0,-0.0
1743596967.0938976,0.0,-94.0,318.0,,0.05889666695112439,-0.02,-1.6978079185197519,0.03333333333333333,0.0,-0.0
1743596967.114477,0.0,-94.0,318.0,,0.05889666695112439,-0.029,-1.6978060086438078,0.03333333333333333,0.0,-0.0
1743596967.1348705,0.0,-94.0,318.0,,0.05889666695112439,-0.029,-1.6978060086438078,0.03333333333333333,0.0,-0.0
1743596967.155089,0.0,-94.0,318.0,,0.0488966669511246,-0.02,-1.6986615102214095,0.03333333333333333,0.0,-0.0
1743596967.1753373,0.0,-94.0,318.0,,0.0488966669511246,-0.02,-1.6986615102214095,0.03333333333333333,0.0,-0.0
1743596967.1958704,0.0,-94.0,318.0,,0.0488966669511246,-0.02,-1.6986615102214095,0.03333333333333333,0.0,-0.0
1743596967.2164054,0.0,-94.0,318.0,,0.0488966669511246,-0.02,-1.6986615102214095,0.03333333333333333,0.0,-0.0
1743596967.236861,0.0,-94.0,318.0,,0.0488966669511246,-0.02,-1.6986615102214095,0.03333333333333333,0.0,-0.0
1743596967.2573783,0.0,-94.0,318.0,,0.0488966669511246,-0.02,-1.6986615102214095,0.03333333333333333,0.0,-0.0
1743596967.2775657,0.0,-94.0,318.0,,0.0488966669511246,-0.02,-1.718523533079473,0.03333333333333333,0.0,-0.0
1743596967.2977285,0.0,-94.0,318.0,,0.0488966669511246,-0.02,-1.6986615102214095,0.03333333333333333,0.0,-0.0
1743596967.3179424,0.0,-94.0,318.0,,0.0488966669511246,-0.02,-1.6986615102214095,0.03333333333333333,0.0,-0.0
1743596967.3385086,0.0,-94.0,318.0,,0.0488966669511246,-0.02,-1.718523533079473,0.03333333333333333,0.0,-0.0
1743596967.3589122,0.0,-94.0,318.0,,0.0488966669511246,-0.029,-1.6986595945572847,0.03333333333333333,0.0,-0.0
1743596967.3797343,0.0,-94.0,318.0,,0.0488966669511246,-0.029,-1.6986595945572847,0.03333333333333333,0.0,-0.0
1743596967.3999376,0.0,-94.0,318.0,,0.0488966669511246,-0.02,-1.6986615102214095,0.03333333333333333,0.0,-0.0
1743596967.420161,0.0,-94.0,318.0,,0.0488966669511246,-0.02,-1.718523533079473,0.03333333333333333,0.0,-0.0
1743596967.4442763,0.0,-94.0,318.0,,0.0488966669511246,-0.02,-1.718523533079473,0.03333333333333333,0.0,-0.0
1743596967.4645143,0.0,-94.0,318.0,,0.0488966669511246,-0.01,-1.698662813401714,0.03333333333333333,0.0,-0.0
1743596967.4883783,0.0,-94.0,318.0,,0.0488966669511246,-0.02,-1.6986615102214095,0.03333333333333333,0.0,-0.0
1743596967.508572,0.0,-94.0,318.0,,0.0488966669511246,-0.02,-1.6986615102214095,0.03333333333333333,0.0,-0.0
1743596967.5288107,0.0,-94.0,318.0,,0.0488966669511246,-0.029,-1.6986595945572847,0.03333333333333333,0.0,-0.0
1743596967.5492215,0.0,-94.0,318.0,,0.0488966669511246,-0.029,-1.6986595945572847,0.03333333333333333,0.0,-0.0
1743596967.5695486,0.0,-94.0,318.0,,0.0488966669511246,-0.02,-1.718523533079473,0.03333333333333333,0.0,-0.0
1743596967.5899727,0.0,-94.0,318.0,,0.0488966669511246,-0.02,-1.718523533079473,0.03333333333333333,0.0,-0.0
1743596967.610282,0.0,-94.0,318.0,,0.0488966669511246,-0.02,-1.6986615102214095,0.03333333333333333,0.0,-0.0
1743596967.6305602,0.0,-94.0,318.0,,0.0488966669511246,-0.02,-1.6986615102214095,0.03333333333333333,0.0,-0.0
1743596967.6509447,0.0,-94.0,318.0,,0.05889666695112439,-0.02,-1.6978079185197519,0.03333333333333333,0.0,-0.0
1743596967.6712277,0.0,-94.0,318.0,,0.0488966669511246,-0.02,-1.6986615102214095,0.03333333333333333,0.0,-0.0
1743596967.691581,0.0,-94.0,318.0,,0.0488966669511246,-0.02,-1.6986615102214095,0.03333333333333333,0.0,-0.0
1743596967.7119057,0.0,-94.0,318.0,,0.0488966669511246,-0.02,-1.6986615102214095,0.03333333333333333,0.0,-0.0
1743596967.732116,0.0,-94.0,318.0,,0.0488966669511246,-0.02,-1.6986615102214095,0.03333333333333333,0.0,-0.0
1743596967.752334,0.0,-94.0,318.0,,0.0488966669511246,-0.029,-1.6986595945572847,0.03333333333333333,0.0,-0.0
1743596967.7725246,0.0,-94.0,318.0,,0.0488966669511246,-0.02,-1.718523533079473,0.03333333333333333,0.0,-0.0
1743596967.792789,0.0,-94.0,318.0,,0.0488966669511246,-0.02,-1.718523533079473,0.03333333333333333,0.0,-0.0
1743596967.8130662,0.0,-94.0,318.0,,0.0488966669511246,-0.02,-1.6986615102214095,0.03333333333333333,0.0,-0.0
1743596967.8332686,0.0,-94.0,318.0,,0.0488966669511246,-0.01,-1.698662813401714,0.03333333333333333,0.0,-0.0
1743596967.8538475,0.0,-94.0,318.0,,0.0488966669511246,-0.01,-1.698662813401714,0.03333333333333333,0.0,-0.0
1743596967.8740225,0.0,-94.0,318.0,,0.0488966669511246,-0.02,-1.718523533079473,0.03333333333333333,0.0,-0.0
1743596967.8941905,0.0,-94.0,318.0,,0.0488966669511246,-0.029,-1.7185215954422337,0.03333333333333333,0.0,-0.0
1743596967.9143746,0.0,-94.0,318.0,,0.0488966669511246,-0.029,-1.7185215954422337,0.03333333333333333,0.0,-0.0
1743596967.9365976,0.0,-94.0,318.0,,0.05889666695112439,-0.02,-1.6978079185197519,0.03333333333333333,0.0,-0.0
1743596967.9568088,0.0,-94.0,318.0,,0.0488966669511246,-0.02,-1.6986615102214095,0.03333333333333333,0.0,-0.0
1743596967.9770393,0.0,-94.0,318.0,,0.0488966669511246,-0.02,-1.6986615102214095,0.03333333333333333,0.0,-0.0
1743596967.9973087,0.0,-94.0,318.0,,0.05889666695112439,-0.029,-1.6978060086438078,0.03333333333333333,0.0,-0.0
1743596968.0175116,0.0,-94.0,318.0,,0.0488966669511246,-0.02,-1.718523533079473,0.03333333333333333,0.0,-0.0
1743596968.037733,0.0,-94.0,318.0,,0.0488966669511246,-0.02,-1.718523533079473,0.03333333333333333,0.0,-0.0
1743596968.0579252,0.0,-94.0,318.0,,0.0488966669511246,-0.02,-1.6986615102214095,0.03333333333333333,0.0,-0.0
1743596968.0781064,0.0,-94.0,318.0,,0.0488966669511246,-0.01,-1.698662813401714,0.03333333333333333,0.0,-0.0
1743596968.0988128,0.0,-94.0,318.0,,0.0488966669511246,-0.01,-1.698662813401714,0.03333333333333333,0.0,-0.0
1743596968.1193826,0.0,-94.0,318.0,,0.05889666695112439,-0.02,-1.6978079185197519,0.03333333333333333,0.0,-0.0
1743596968.1395633,0.0,-94.0,318.0,,0.0488966669511246,-0.029,-1.6986595945572847,0.03333333333333333,0.0,-0.0
1743596968.160027,0.0,-94.0,318.0,,0.0488966669511246,-0.029,-1.6986595945572847,0.03333333333333333,0.0,-0.0
1743596968.1804106,0.0,-94.0,318.0,,0.0488966669511246,-0.02,-1.6986615102214095,0.03333333333333333,0.0,-0.0
1743596968.2043803,0.0,-94.0,318.0,,0.0488966669511246,-0.02,-1.718523533079473,0.03333333333333333,0.0,-0.0
1743596968.2246356,0.0,-94.0,318.0,,0.0488966669511246,-0.02,-1.718523533079473,0.03333333333333333,0.0,-0.0
1743596968.244962,0.0,-94.0,318.0,,0.0488966669511246,-0.02,-1.6986615102214095,0.03333333333333333,0.0,-0.0
1743596968.2653205,0.0,-94.0,318.0,,0.0488966669511246,-0.029,-1.6986595945572847,0.03333333333333333,0.0,-0.0
1743596968.285588,0.0,-94.0,318.0,,0.0488966669511246,-0.02,-1.6986615102214095,0.03333333333333333,0.0,-0.0
1743596968.3057802,0.0,-94.0,318.0,,0.0488966669511246,-0.02,-1.718523533079473,0.03333333333333333,0.0,-0.0
1743596968.3261693,0.0,-94.0,318.0,,0.05889666695112439,-0.02,-1.7176601502522777,0.03333333333333333,0.0,-0.0
1743596968.346611,0.0,-94.0,318.0,,0.0488966669511246,-0.02,-1.718523533079473,0.03333333333333333,0.0,-0.0
1743596968.3670003,0.0,-94.0,318.0,,0.0488966669511246,-0.02,-1.718523533079473,0.03333333333333333,0.0,-0.0
1743596968.3872082,0.0,-94.0,318.0,,0.0488966669511246,-0.02,-1.6986615102214095,0.03333333333333333,0.0,-0.0
1743596968.4073703,0.0,-94.0,318.0,,0.0488966669511246,-0.029,-1.6986595945572847,0.03333333333333333,0.0,-0.0
1743596968.4278483,0.0,-94.0,318.0,,0.0488966669511246,-0.02,-1.718523533079473,0.03333333333333333,0.0,-0.0
1743596968.4511454,0.0,-94.0,318.0,,0.0488966669511246,-0.02,-1.6986615102214095,0.03333333333333333,0.0,-0.0
1743596968.4713535,0.0,-94.0,318.0,,0.05889666695112439,-0.02,-1.6978079185197519,0.03333333333333333,0.0,-0.0
1743596968.4915807,0.0,-94.0,318.0,,0.0488966669511246,-0.02,-1.6986615102214095,0.03333333333333333,0.0,-0.0
1743596968.5118952,0.0,-94.0,318.0,,0.0488966669511246,-0.029,-1.6986595945572847,0.03333333333333333,0.0,-0.0
1743596968.5321956,0.0,-94.0,318.0,,0.0488966669511246,-0.02,-1.6986615102214095,0.03333333333333333,0.0,-0.0
1743596968.5523536,0.0,-94.0,318.0,,0.0488966669511246,-0.02,-1.6986615102214095,0.03333333333333333,0.0,-0.0
1743596968.572545,0.0,-94.0,318.0,,0.0488966669511246,-0.02,-1.6986615102214095,0.03333333333333333,0.0,-0.0
1743596968.5931005,0.0,-94.0,318.0,,0.0488966669511246,-0.029,-1.6986595945572847,0.03333333333333333,0.0,-0.0
1743596968.6133525,0.0,-94.0,318.0,,0.0488966669511246,-0.02,-1.718523533079473,0.03333333333333333,0.0,-0.0
1743596968.6335926,0.0,-94.0,318.0,,0.0488966669511246,-0.02,-1.718523533079473,0.03333333333333333,0.0,-0.0
1743596968.653783,0.0,-94.0,318.0,,0.0488966669511246,-0.01,-1.7185248512075626,0.03333333333333333,0.0,-0.0
1743596968.6740794,0.0,-94.0,318.0,,0.0488966669511246,-0.02,-1.718523533079473,0.03333333333333333,0.0,-0.0
1743596968.69461,0.0,-94.0,318.0,,0.0488966669511246,-0.02,-1.718523533079473,0.03333333333333333,0.0,-0.0
1743596968.7148187,0.0,-94.0,318.0,,0.0488966669511246,-0.029,-1.6986595945572847,0.03333333333333333,0.0,-0.0
1743596968.7350018,0.0,-94.0,318.0,,0.0488966669511246,-0.02,-1.718523533079473,0.03333333333333333,0.0,-0.0
1743596968.7552903,0.0,-94.0,318.0,,0.0488966669511246,-0.02,-1.718523533079473,0.03333333333333333,0.0,-0.0
1743596968.7756345,0.0,-94.0,318.0,,0.0488966669511246,-0.02,-1.718523533079473,0.03333333333333333,0.0,-0.0
1743596968.795803,0.0,-94.0,318.0,,0.0488966669511246,-0.02,-1.718523533079473,0.03333333333333333,0.0,-0.0
1743596968.8160179,0.0,-94.0,318.0,,0.0488966669511246,-0.02,-1.718523533079473,0.03333333333333333,0.0,-0.0
1743596968.8363898,0.0,-94.0,318.0,,0.0488966669511246,-0.02,-1.6986615102214095,0.03333333333333333,0.0,-0.0
1743596968.856764,0.0,-94.0,318.0,,0.05889666695112439,-0.01,-1.697809217762483,0.03333333333333333,0.0,-0.0
1743596968.8769584,0.0,-94.0,318.0,,0.05889666695112439,-0.01,-1.697809217762483,0.03333333333333333,0.0,-0.0
1743596968.897416,0.0,-94.0,318.0,,0.0488966669511246,-0.02,-1.718523533079473,0.03333333333333333,0.0,-0.0
1743596968.9176376,0.0,-94.0,318.0,,0.0488966669511246,-0.029,-1.6986595945572847,0.03333333333333333,0.0,-0.0
1743596968.9382,0.0,-94.0,318.0,,0.0488966669511246,-0.029,-1.6986595945572847,0.03333333333333333,0.0,-0.0
1743596968.958401,0.0,-94.0,318.0,,0.0488966669511246,-0.029,-1.6986595945572847,0.03333333333333333,0.0,-0.0
1743596968.9786053,0.0,-94.0,318.0,,0.0488966669511246,-0.02,-1.6986615102214095,0.03333333333333333,0.0,-0.0
1743596968.9990487,0.0,-94.0,318.0,,0.0488966669511246,-0.02,-1.6986615102214095,0.03333333333333333,0.0,-0.0
1743596969.019436,0.0,-94.0,318.0,,0.0488966669511246,-0.02,-1.718523533079473,0.03333333333333333,0.0,-0.0
1743596969.0397663,0.0,-94.0,318.0,,0.05889666695112439,-0.02,-1.7176601502522777,0.03333333333333333,0.0,-0.0
1743596969.060137,0.0,-94.0,318.0,,0.05889666695112439,-0.02,-1.7176601502522777,0.03333333333333333,0.0,-0.0
1743596969.08041,0.0,-94.0,318.0,,0.0488966669511246,-0.02,-1.6986615102214095,0.03333333333333333,0.0,-0.0
1743596969.1018317,0.0,-94.0,318.0,,0.0488966669511246,-0.02,-1.6986615102214095,0.03333333333333333,0.0,-0.0
1743596969.1221104,0.0,-94.0,318.0,,0.0488966669511246,-0.01,-1.698662813401714,0.03333333333333333,0.0,-0.0
1743596969.1423235,0.0,-94.0,318.0,,0.0488966669511246,-0.02,-1.6986615102214095,0.03333333333333333,0.0,-0.0
1743596969.1625485,0.0,-94.0,318.0,,0.0488966669511246,-0.029,-1.7185215954422337,0.03333333333333333,0.0,-0.0
1743596969.1827843,0.0,-94.0,318.0,,0.0488966669511246,-0.02,-1.6986615102214095,0.03333333333333333,0.0,-0.0
1743596969.2032826,0.0,-94.0,318.0,,0.0488966669511246,-0.02,-1.718523533079473,0.03333333333333333,0.0,-0.0
1743596969.223751,0.0,-94.0,318.0,,0.0488966669511246,-0.02,-1.6986615102214095,0.03333333333333333,0.0,-0.0
1743596969.244141,0.0,-94.0,318.0,,0.0488966669511246,-0.02,-1.6986615102214095,0.03333333333333333,0.0,-0.0
1743596969.2647085,0.0,-94.0,318.0,,0.0488966669511246,-0.02,-1.6986615102214095,0.03333333333333333,0.0,-0.0
1743596969.2873638,0.0,-94.0,318.0,,0.0488966669511246,-0.02,-1.718523533079473,0.03333333333333333,0.0,-0.0
1743596969.307531,0.0,-94.0,318.0,,0.0488966669511246,-0.029,-1.6986595945572847,0.03333333333333333,0.0,-0.0
1743596969.3277452,0.0,-94.0,318.0,,0.0488966669511246,-0.02,-1.6986615102214095,0.03333333333333333,0.0,-0.0
1743596969.3479564,0.0,-94.0,318.0,,0.0488966669511246,-0.029,-1.7185215954422337,0.03333333333333333,0.0,-0.0
1743596969.3693397,0.0,-94.0,318.0,,0.0488966669511246,-0.029,-1.7185215954422337,0.03333333333333333,0.0,-0.0
1743596969.3894782,0.0,-94.0,318.0,,0.0488966669511246,-0.029,-1.7185215954422337,0.03333333333333333,0.0,-0.0
1743596969.4096417,0.0,-94.0,318.0,,0.03889666695112304,-0.02,-1.69951682006981,0.03333333333333333,0.0,-0.0
1743596969.4298098,0.0,-94.0,318.0,,0.0488966669511246,-0.029,-1.7185215954422337,0.03333333333333333,0.0,-0.0
1743596969.4499686,0.0,-94.0,318.0,,0.0488966669511246,-0.02,-1.6986615102214095,0.03333333333333333,0.0,-0.0
1743596969.4701757,0.0,-94.0,318.0,,0.0488966669511246,-0.02,-1.6986615102214095,0.03333333333333333,0.0,-0.0
1743596969.490377,0.0,-94.0,318.0,,0.0488966669511246,-0.01,-1.7185248512075626,0.03333333333333333,0.0,-0.0
1743596969.510644,0.0,-94.0,318.0,,0.0488966669511246,-0.02,-1.6986615102214095,0.03333333333333333,0.0,-0.0
1743596969.5308971,0.0,-94.0,318.0,,0.0488966669511246,-0.02,-1.6986615102214095,0.03333333333333333,0.0,-0.0
1743596969.5512593,0.0,-94.0,318.0,,0.0488966669511246,-0.029,-1.7185215954422337,0.03333333333333333,0.0,-0.0
1743596969.5720296,0.0,-94.0,318.0,,0.0488966669511246,-0.02,-1.718523533079473,0.03333333333333333,0.0,-0.0
1743596969.5925515,0.0,-94.0,318.0,,0.0488966669511246,-0.02,-1.6986615102214095,0.03333333333333333,0.0,-0.0
1743596969.6144848,0.0,-94.0,318.0,,0.0488966669511246,-0.02,-1.6986615102214095,0.03333333333333333,0.0,-0.0
1743596969.6346927,0.0,-94.0,318.0,,0.0488966669511246,-0.02,-1.718523533079473,0.03333333333333333,0.0,-0.0
1743596969.6549342,0.0,-94.0,318.0,,0.0488966669511246,-0.02,-1.718523533079473,0.03333333333333333,0.0,-0.0
1743596969.6751728,0.0,-94.0,318.0,,0.0488966669511246,-0.02,-1.6986615102214095,0.03333333333333333,0.0,-0.0
1743596969.6953976,0.0,-94.0,318.0,,0.0488966669511246,-0.02,-1.718523533079473,0.03333333333333333,0.0,-0.0
1743596969.7155836,0.0,-94.0,318.0,,0.0488966669511246,-0.02,-1.718523533079473,0.03333333333333333,0.0,-0.0
1743596969.735769,0.0,-94.0,318.0,,0.0488966669511246,-0.02,-1.718523533079473,0.03333333333333333,0.0,-0.0
1743596969.755956,0.0,-94.0,318.0,,0.0488966669511246,-0.029,-1.7185215954422337,0.03333333333333333,0.0,-0.0
1743596969.7762096,0.0,-94.0,318.0,,0.0488966669511246,-0.029,-1.7185215954422337,0.03333333333333333,0.0,-0.0
1743596969.7965093,0.0,-94.0,318.0,,0.0488966669511246,-0.029,-1.7185215954422337,0.03333333333333333,0.0,-0.0
1743596969.8168344,0.0,-94.0,318.0,,0.0488966669511246,-0.02,-1.6986615102214095,0.03333333333333333,0.0,-0.0
1743596969.8370378,0.0,-94.0,318.0,,0.0488966669511246,-0.02,-1.6986615102214095,0.03333333333333333,0.0,-0.0
1743596969.858165,0.0,-94.0,318.0,,0.0488966669511246,-0.02,-1.718523533079473,0.03333333333333333,0.0,-0.0
1743596969.8783824,0.0,-94.0,318.0,,0.0488966669511246,-0.02,-1.718523533079473,0.03333333333333333,0.0,-0.0
1743596969.8986473,0.0,-94.0,318.0,,0.0488966669511246,-0.02,-1.718523533079473,0.03333333333333333,0.0,-0.0
1743596969.918915,0.0,-94.0,318.0,,0.0488966669511246,-0.02,-1.6986615102214095,0.03333333333333333,0.0,-0.0
1743596969.9404047,0.0,-94.0,318.0,,0.0488966669511246,-0.02,-1.6986615102214095,0.03333333333333333,0.0,-0.0
1743596969.960588,0.0,-94.0,318.0,,0.0488966669511246,-0.02,-1.6986615102214095,0.03333333333333333,0.0,-0.0
1743596969.9807498,0.0,-94.0,318.0,,0.0488966669511246,-0.02,-1.6986615102214095,0.03333333333333333,0.0,-0.0
1743596970.0009017,0.0,-94.0,318.0,,0.0488966669511246,-0.02,-1.6986615102214095,0.03333333333333333,0.0,-0.0
1743596970.0210993,0.0,-94.0,318.0,,0.0488966669511246,-0.02,-1.6986615102214095,0.03333333333333333,0.0,-0.0
1743596970.0413008,0.0,-94.0,318.0,,0.0488966669511246,-0.02,-1.6986615102214095,0.03333333333333333,0.0,-0.0
1743596970.0614948,0.0,-94.0,318.0,,0.0488966669511246,-0.02,-1.718523533079473,0.03333333333333333,0.0,-0.0
1743596970.0816834,0.0,-94.0,318.0,,0.0488966669511246,-0.02,-1.718523533079473,0.03333333333333333,0.0,-0.0
1743596970.1021304,0.0,-94.0,318.0,,0.0488966669511246,-0.02,-1.678796900426014,0.03333333333333333,0.0,-0.0
1743596970.122683,0.0,-94.0,318.0,,0.03889666695112304,-0.02,-1.719388653300833,0.03333333333333333,0.0,-0.0
1743596970.14314,0.0,-94.0,318.0,,0.0488966669511246,-0.02,-1.6986615102214095,0.03333333333333333,0.0,-0.0
1743596970.1636994,0.0,-94.0,318.0,,0.0488966669511246,-0.02,-1.6986615102214095,0.03333333333333333,0.0,-0.0
1743596970.1839004,0.0,-94.0,318.0,,0.0488966669511246,-0.02,-1.718523533079473,0.03333333333333333,0.0,-0.0
1743596970.2042215,0.0,-94.0,318.0,,0.0488966669511246,-0.029,-1.6986595945572847,0.03333333333333333,0.0,-0.0
1743596970.2245913,0.0,-94.0,318.0,,0.0488966669511246,-0.029,-1.6986595945572847,0.03333333333333333,0.0,-0.0
1743596970.2449422,0.0,-94.0,318.0,,0.0488966669511246,-0.029,-1.6986595945572847,0.03333333333333333,0.0,-0.0
1743596970.265124,0.0,-94.0,318.0,,0.0488966669511246,-0.029,-1.6986595945572847,0.03333333333333333,0.0,-0.0
1743596970.285472,0.0,-94.0,318.0,,0.0488966669511246,-0.01,-1.7185248512075626,0.03333333333333333,0.0,-0.0
1743596970.3058972,0.0,-94.0,318.0,,0.0488966669511246,-0.01,-1.7185248512075626,0.03333333333333333,0.0,-0.0
1743596970.326388,0.0,-94.0,318.0,,0.05889666695112439,-0.02,-1.7176601502522777,0.03333333333333333,0.0,-0.0
1743596970.3465881,0.0,-94.0,318.0,,0.0488966669511246,-0.029,-1.7185215954422337,0.03333333333333333,0.0,-0.0
1743596970.3667972,0.0,-94.0,318.0,,0.0488966669511246,-0.029,-1.6986595945572847,0.03333333333333333,0.0,-0.0
1743596970.38713,0.0,-94.0,318.0,,0.0488966669511246,-0.029,-1.6986595945572847,0.03333333333333333,0.0,-0.0
1743596970.4074087,0.0,-94.0,318.0,,0.0488966669511246,-0.029,-1.6986595945572847,0.03333333333333333,0.0,-0.0
1743596970.427666,0.0,-94.0,318.0,,0.0488966669511246,-0.02,-1.718523533079473,0.03333333333333333,0.0,-0.0
1743596970.4503975,0.0,-94.0,318.0,,0.0488966669511246,-0.02,-1.718523533079473,0.03333333333333333,0.0,-0.0
1743596970.4705908,0.0,-94.0,318.0,,0.0488966669511246,-0.02,-1.718523533079473,0.03333333333333333,0.0,-0.0
1743596970.490766,0.0,-94.0,318.0,,0.0488966669511246,-0.02,-1.6986615102214095,0.03333333333333333,0.0,-0.0
1743596970.5109289,0.0,-94.0,318.0,,0.0488966669511246,-0.02,-1.6986615102214095,0.03333333333333333,0.0,-0.0
1743596970.5311387,0.0,-94.0,318.0,,0.0488966669511246,-0.02,-1.6986615102214095,0.03333333333333333,0.0,-0.0
1743596970.5513542,0.0,-94.0,318.0,,0.0488966669511246,-0.02,-1.718523533079473,0.03333333333333333,0.0,-0.0
1743596970.5715387,0.0,-94.0,318.0,,0.0488966669511246,-0.02,-1.718523533079473,0.03333333333333333,0.0,-0.0
1743596970.5917234,0.0,-94.0,318.0,,0.0488966669511246,-0.02,-1.6986615102214095,0.03333333333333333,0.0,-0.0
1743596970.6128705,0.0,-94.0,318.0,,0.0488966669511246,-0.029,-1.6986595945572847,0.03333333333333333,0.0,-0.0
1743596970.6330554,0.0,-94.0,318.0,,0.0488966669511246,-0.029,-1.7185215954422337,0.03333333333333333,0.0,-0.0
1743596970.6532276,0.0,-94.0,318.0,,0.0488966669511246,-0.02,-1.718523533079473,0.03333333333333333,0.0,-0.0
1743596970.6737385,0.0,-94.0,318.0,,0.0488966669511246,-0.02,-1.718523533079473,0.03333333333333333,0.0,-0.0
1743596970.694022,0.0,-94.0,318.0,,0.0488966669511246,-0.01,-1.698662813401714,0.03333333333333333,0.0,-0.0
1743596970.7142966,0.0,-94.0,318.0,,0.0488966669511246,-0.02,-1.718523533079473,0.03333333333333333,0.0,-0.0
1743596970.7345614,0.0,-94.0,318.0,,0.0488966669511246,-0.02,-1.718523533079473,0.03333333333333333,0.0,-0.0
1743596970.7550466,0.0,-94.0,318.0,,0.0488966669511246,-0.029,-1.7185215954422337,0.03333333333333333,0.0,-0.0
1743596970.7756617,0.0,-94.0,318.0,,0.0488966669511246,-0.02,-1.6986615102214095,0.03333333333333333,0.0,-0.0
1743596970.7973442,0.0,-94.0,318.0,,0.0488966669511246,-0.029,-1.7185215954422337,0.03333333333333333,0.0,-0.0
1743596970.8175504,0.0,-94.0,318.0,,0.0488966669511246,-0.01,-1.7185248512075626,0.03333333333333333,0.0,-0.0
1743596970.837753,0.0,-94.0,318.0,,0.0488966669511246,-0.02,-1.6986615102214095,0.03333333333333333,0.0,-0.0
1743596970.8579285,0.0,-94.0,318.0,,0.0488966669511246,-0.02,-1.6986615102214095,0.03333333333333333,0.0,-0.0
1743596970.8780916,0.0,-94.0,318.0,,0.0488966669511246,-0.029,-1.6986595945572847,0.03333333333333333,0.0,-0.0
1743596970.8982718,0.0,-94.0,318.0,,0.0488966669511246,-0.02,-1.718523533079473,0.03333333333333333,0.0,-0.0
1743596970.9193769,0.0,-94.0,318.0,,0.0488966669511246,-0.02,-1.718523533079473,0.03333333333333333,0.0,-0.0
1743596970.939848,0.0,-94.0,318.0,,0.0488966669511246,-0.01,-1.7185248512075626,0.03333333333333333,0.0,-0.0
1743596970.9600601,0.0,-94.0,318.0,,0.0488966669511246,-0.02,-1.718523533079473,0.03333333333333333,0.0,-0.0
1743596970.9816256,0.0,-94.0,318.0,,0.0488966669511246,-0.02,-1.718523533079473,0.03333333333333333,0.0,-0.0
1743596971.0018811,0.0,-94.0,318.0,,0.0488966669511246,-0.02,-1.718523533079473,0.03333333333333333,0.0,-0.0
1743596971.0221214,0.0,-94.0,318.0,,0.0488966669511246,-0.029,-1.6986595945572847,0.03333333333333333,0.0,-0.0
1743596971.042387,0.0,-94.0,318.0,,0.0488966669511246,-0.02,-1.718523533079473,0.03333333333333333,0.0,-0.0
1743596971.0625997,0.0,-94.0,318.0,,0.0488966669511246,-0.02,-1.718523533079473,0.03333333333333333,0.0,-0.0
1743596971.0830276,0.0,-94.0,318.0,,0.0488966669511246,-0.02,-1.6986615102214095,0.03333333333333333,0.0,-0.0
1743596971.1035876,0.0,-94.0,318.0,,0.0488966669511246,-0.02,-1.718523533079473,0.03333333333333333,0.0,-0.0
1743596971.1238582,0.0,-94.0,318.0,,0.0488966669511246,-0.02,-1.678796900426014,0.03333333333333333,0.0,-0.0
1743596971.1440542,0.0,-94.0,318.0,,0.0488966669511246,-0.029,-1.6986595945572847,0.03333333333333333,0.0,-0.0
1743596971.1652982,0.0,-94.0,318.0,,0.0488966669511246,-0.02,-1.718523533079473,0.03333333333333333,0.0,-0.0
1743596971.1858792,0.0,-94.0,318.0,,0.0488966669511246,-0.02,-1.718523533079473,0.03333333333333333,0.0,-0.0
1743596971.206087,0.0,-94.0,318.0,,0.0488966669511246,-0.02,-1.6986615102214095,0.03333333333333333,0.0,-0.0
1743596971.2266438,0.0,-94.0,318.0,,0.0488966669511246,-0.01,-1.7185248512075626,0.03333333333333333,0.0,-0.0
1743596971.2470894,0.0,-94.0,318.0,,0.0488966669511246,-0.02,-1.6986615102214095,0.03333333333333333,0.0,-0.0
1743596971.2675197,0.0,-94.0,318.0,,0.0488966669511246,-0.02,-1.6986615102214095,0.03333333333333333,0.0,-0.0
1743596971.2877629,0.0,-94.0,318.0,,0.0488966669511246,-0.029,-1.7185215954422337,0.03333333333333333,0.0,-0.0
1743596971.3079498,0.0,-94.0,318.0,,0.0488966669511246,-0.02,-1.6986615102214095,0.03333333333333333,0.0,-0.0
1743596971.3282316,0.0,-94.0,318.0,,0.0488966669511246,-0.02,-1.718523533079473,0.03333333333333333,0.0,-0.0
1743596971.348361,0.0,-94.0,318.0,,0.0488966669511246,-0.02,-1.718523533079473,0.03333333333333333,0.0,-0.0
1743596971.3685362,0.0,-94.0,318.0,,0.0488966669511246,-0.029,-1.7185215954422337,0.03333333333333333,0.0,-0.0
1743596971.3887455,0.0,-94.0,318.0,,0.0488966669511246,-0.02,-1.6986615102214095,0.03333333333333333,0.0,-0.0
1743596971.412365,0.0,-94.0,318.0,,0.0488966669511246,-0.02,-1.6986615102214095,0.03333333333333333,0.0,-0.0
1743596971.4325378,0.0,-94.0,318.0,,0.0488966669511246,-0.01,-1.7185248512075626,0.03333333333333333,0.0,-0.0
1743596971.452746,0.0,-94.0,318.0,,0.0488966669511246,-0.01,-1.7185248512075626,0.03333333333333333,0.0,-0.0
1743596971.472938,0.0,-94.0,318.0,,0.05889666695112439,-0.02,-1.6978079185197519,0.03333333333333333,0.0,-0.0
1743596971.4932375,0.0,-94.0,318.0,,0.0488966669511246,-0.02,-1.6986615102214095,0.03333333333333333,0.0,-0.0
1743596971.5135446,0.0,-94.0,318.0,,0.0488966669511246,-0.02,-1.6986615102214095,0.03333333333333333,0.0,-0.0
1743596971.5338414,0.0,-94.0,318.0,,0.0488966669511246,-0.02,-1.718523533079473,0.03333333333333333,0.0,-0.0
1743596971.5554047,0.0,-94.0,318.0,,0.0488966669511246,-0.02,-1.6986615102214095,0.03333333333333333,0.0,-0.0
1743596971.5756378,0.0,-94.0,318.0,,0.0488966669511246,-0.02,-1.6986615102214095,0.03333333333333333,0.0,-0.0
1743596971.5958366,0.0,-94.0,318.0,,0.0488966669511246,-0.02,-1.6986615102214095,0.03333333333333333,0.0,-0.0
1743596971.6160378,0.0,-94.0,318.0,,0.0488966669511246,-0.02,-1.6986615102214095,0.03333333333333333,0.0,-0.0
1743596971.6363852,0.0,-94.0,318.0,,0.0488966669511246,-0.02,-1.6986615102214095,0.03333333333333333,0.0,-0.0
1743596971.6568015,0.0,-94.0,318.0,,0.0488966669511246,-0.02,-1.6986615102214095,0.03333333333333333,0.0,-0.0
1743596971.6778104,0.0,-94.0,318.0,,0.0488966669511246,-0.02,-1.718523533079473,0.03333333333333333,0.0,-0.0
1743596971.6986735,0.0,-94.0,318.0,,0.0488966669511246,-0.02,-1.718523533079473,0.03333333333333333,0.0,-0.0
1743596971.7188954,0.0,-94.0,318.0,,0.0488966669511246,-0.02,-1.718523533079473,0.03333333333333333,0.0,-0.0
1743596971.739839,0.0,-94.0,318.0,,0.0488966669511246,-0.02,-1.718523533079473,0.03333333333333333,0.0,-0.0
1743596971.760216,0.0,-94.0,318.0,,0.0488966669511246,-0.02,-1.718523533079473,0.03333333333333333,0.0,-0.0
1743596971.7803628,0.0,-94.0,318.0,,0.05889666695112439,-0.02,-1.6978079185197519,0.03333333333333333,0.0,-0.0
1743596971.800828,0.0,-94.0,318.0,,0.0488966669511246,-0.02,-1.6986615102214095,0.03333333333333333,0.0,-0.0
1743596971.8212829,0.0,-94.0,318.0,,0.0488966669511246,-0.02,-1.718523533079473,0.03333333333333333,0.0,-0.0
1743596971.8414638,0.0,-94.0,318.0,,0.05889666695112439,-0.029,-1.6978060086438078,0.03333333333333333,0.0,-0.0
1743596971.862063,0.0,-94.0,318.0,,0.0488966669511246,-0.029,-1.6986595945572847,0.03333333333333333,0.0,-0.0
1743596971.8824873,0.0,-94.0,318.0,,0.0488966669511246,-0.029,-1.7185215954422337,0.03333333333333333,0.0,-0.0
1743596971.902715,0.0,-94.0,318.0,,0.0488966669511246,-0.02,-1.718523533079473,0.03333333333333333,0.0,-0.0
1743596971.923195,0.0,-94.0,318.0,,0.0488966669511246,-0.01,-1.7185248512075626,0.03333333333333333,0.0,-0.0
1743596971.943602,0.0,-94.0,318.0,,0.0488966669511246,-0.01,-1.7185248512075626,0.03333333333333333,0.0,-0.0
1743596971.9639752,0.0,-94.0,318.0,,0.05889666695112439,-0.01,-1.697809217762483,0.03333333333333333,0.0,-0.0
1743596971.984146,0.0,-94.0,318.0,,0.0488966669511246,-0.029,-1.6986595945572847,0.03333333333333333,0.0,-0.0
1743596972.004384,0.0,-94.0,318.0,,0.0488966669511246,-0.029,-1.6986595945572847,0.03333333333333333,0.0,-0.0
1743596972.024792,0.0,-94.0,318.0,,0.0488966669511246,-0.02,-1.6986615102214095,0.03333333333333333,0.0,-0.0
1743596972.0449886,0.0,-94.0,318.0,,0.0488966669511246,-0.02,-1.6986615102214095,0.03333333333333333,0.0,-0.0
1743596972.066725,0.0,-94.0,318.0,,0.0488966669511246,-0.02,-1.6986615102214095,0.03333333333333333,0.0,-0.0
1743596972.0869274,0.0,-94.0,318.0,,0.0488966669511246,-0.02,-1.718523533079473,0.03333333333333333,0.0,-0.0
1743596972.1071167,0.0,-94.0,318.0,,0.0488966669511246,-0.02,-1.718523533079473,0.03333333333333333,0.0,-0.0
1743596972.1273193,0.0,-94.0,318.0,,0.0488966669511246,-0.02,-1.6986615102214095,0.03333333333333333,0.0,-0.0
1743596972.1475246,0.0,-94.0,318.0,,0.0488966669511246,-0.02,-1.6986615102214095,0.03333333333333333,0.0,-0.0
1743596972.1677225,0.0,-94.0,318.0,,0.0488966669511246,-0.029,-1.6986595945572847,0.03333333333333333,0.0,-0.0
1743596972.1879148,0.0,-94.0,318.0,,0.0488966669511246,-0.029,-1.6986595945572847,0.03333333333333333,0.0,-0.0
1743596972.2080965,0.0,-94.0,318.0,,0.0488966669511246,-0.01,-1.7185248512075626,0.03333333333333333,0.0,-0.0
1743596972.2283146,0.0,-94.0,318.0,,0.0488966669511246,-0.02,-1.718523533079473,0.03333333333333333,0.0,-0.0
1743596972.248749,0.0,-94.0,318.0,,0.0488966669511246,-0.02,-1.6986615102214095,0.03333333333333333,0.0,-0.0
1743596972.2690225,0.0,-94.0,318.0,,0.0488966669511246,-0.02,-1.6986615102214095,0.03333333333333333,0.0,-0.0
1743596972.2892346,0.0,-94.0,318.0,,0.0488966669511246,-0.02,-1.718523533079473,0.03333333333333333,0.0,-0.0
1743596972.309492,0.0,-94.0,318.0,,0.0488966669511246,-0.02,-1.6986615102214095,0.03333333333333333,0.0,-0.0
1743596972.3298037,0.0,-94.0,318.0,,0.0488966669511246,-0.02,-1.6986615102214095,0.03333333333333333,0.0,-0.0
1743596972.3500721,0.0,-94.0,318.0,,0.0488966669511246,-0.02,-1.718523533079473,0.03333333333333333,0.0,-0.0
1743596972.3703012,0.0,-94.0,318.0,,0.0488966669511246,-0.01,-1.698662813401714,0.03333333333333333,0.0,-0.0
1743596972.3907573,0.0,-94.0,318.0,,0.0488966669511246,-0.02,-1.718523533079473,0.03333333333333333,0.0,-0.0
1743596972.411177,0.0,-94.0,318.0,,0.0488966669511246,-0.029,-1.6986595945572847,0.03333333333333333,0.0,-0.0
1743596972.431553,0.0,-94.0,318.0,,0.05889666695112439,-0.02,-1.6978079185197519,0.03333333333333333,0.0,-0.0
1743596972.4517071,0.0,-94.0,318.0,,0.0488966669511246,-0.02,-1.718523533079473,0.03333333333333333,0.0,-0.0
1743596972.4719265,0.0,-94.0,318.0,,0.0488966669511246,-0.02,-1.718523533079473,0.03333333333333333,0.0,-0.0
1743596972.4922311,0.0,-94.0,318.0,,0.0488966669511246,-0.02,-1.6986615102214095,0.03333333333333333,0.0,-0.0
1743596972.5124557,0.0,-94.0,318.0,,0.0488966669511246,-0.029,-1.6986595945572847,0.03333333333333333,0.0,-0.0
1743596972.5326576,0.0,-94.0,318.0,,0.0488966669511246,-0.029,-1.6986595945572847,0.03333333333333333,0.0,-0.0
1743596972.5528386,0.0,-94.0,318.0,,0.05889666695112439,-0.029,-1.6978060086438078,0.03333333333333333,0.0,-0.0
1743596972.5753505,0.0,-94.0,318.0,,0.0488966669511246,-0.01,-1.7185248512075626,0.03333333333333333,0.0,-0.0
1743596972.5954945,0.0,-94.0,318.0,,0.0488966669511246,-0.01,-1.7185248512075626,0.03333333333333333,0.0,-0.0
1743596972.6157236,0.0,-94.0,318.0,,0.0488966669511246,-0.01,-1.7185248512075626,0.03333333333333333,0.0,-0.0
1743596972.6359925,0.0,-94.0,318.0,,0.0488966669511246,-0.02,-1.718523533079473,0.03333333333333333,0.0,-0.0
1743596972.6562576,0.0,-94.0,318.0,,0.0488966669511246,-0.02,-1.718523533079473,0.03333333333333333,0.0,-0.0
1743596972.6765506,0.0,-94.0,318.0,,0.05889666695112439,-0.02,-1.6978079185197519,0.03333333333333333,0.0,-0.0
1743596972.696722,0.0,-94.0,318.0,,0.0488966669511246,-0.02,-1.718523533079473,0.03333333333333333,0.0,-0.0
1743596972.716918,0.0,-94.0,318.0,,0.0488966669511246,-0.02,-1.718523533079473,0.03333333333333333,0.0,-0.0
1743596972.7374554,0.0,-94.0,318.0,,0.0488966669511246,-0.01,-1.7185248512075626,0.03333333333333333,0.0,-0.0
1743596972.7578638,0.0,-94.0,318.0,,0.0488966669511246,-0.02,-1.718523533079473,0.03333333333333333,0.0,-0.0
1743596972.7780702,0.0,-94.0,318.0,,0.0488966669511246,-0.02,-1.718523533079473,0.03333333333333333,0.0,-0.0
1743596972.7982373,0.0,-94.0,318.0,,0.0488966669511246,-0.02,-1.718523533079473,0.03333333333333333,0.0,-0.0
1743596972.8186145,0.0,-94.0,318.0,,0.0488966669511246,-0.02,-1.6986615102214095,0.03333333333333333,0.0,-0.0
1743596972.8391533,0.0,-94.0,318.0,,0.0488966669511246,-0.02,-1.6986615102214095,0.03333333333333333,0.0,-0.0
1743596972.8596723,0.0,-94.0,318.0,,0.0488966669511246,-0.02,-1.6986615102214095,0.03333333333333333,0.0,-0.0
1743596972.882647,0.0,-94.0,318.0,,0.0488966669511246,-0.02,-1.6986615102214095,0.03333333333333333,0.0,-0.0
1743596972.903046,0.0,-94.0,318.0,,0.0488966669511246,-0.02,-1.6986615102214095,0.03333333333333333,0.0,-0.0
1743596972.9232302,0.0,-94.0,318.0,,0.03889666695112304,-0.029,-1.6995148985941342,0.03333333333333333,0.0,-0.0
1743596972.9463968,0.0,-94.0,318.0,,0.0488966669511246,-0.02,-1.718523533079473,0.03333333333333333,0.0,-0.0
1743596972.9665825,0.0,-94.0,318.0,,0.0488966669511246,-0.02,-1.718523533079473,0.03333333333333333,0.0,-0.0
1743596972.9867728,0.0,-94.0,318.0,,0.0488966669511246,-0.02,-1.718523533079473,0.03333333333333333,0.0,-0.0
1743596973.0069625,0.0,-94.0,318.0,,0.0488966669511246,-0.02,-1.718523533079473,0.03333333333333333,0.0,-0.0
1743596973.027185,0.0,-94.0,318.0,,0.0488966669511246,-0.02,-1.6986615102214095,0.03333333333333333,0.0,-0.0
1743596973.0473855,0.0,-94.0,318.0,,0.0488966669511246,-0.02,-1.6986615102214095,0.03333333333333333,0.0,-0.0
1743596973.0675664,0.0,-94.0,318.0,,0.0488966669511246,-0.02,-1.718523533079473,0.03333333333333333,0.0,-0.0
1743596973.0879016,0.0,-94.0,318.0,,0.05889666695112439,-0.02,-1.7176601502522777,0.03333333333333333,0.0,-0.0
1743596973.1081338,0.0,-94.0,318.0,,0.0488966669511246,-0.029,-1.6986595945572847,0.03333333333333333,0.0,-0.0
1743596973.128341,0.0,-94.0,318.0,,0.0488966669511246,-0.029,-1.6986595945572847,0.03333333333333333,0.0,-0.0
1743596973.148521,0.0,-94.0,318.0,,0.0488966669511246,-0.02,-1.718523533079473,0.03333333333333333,0.0,-0.0
1743596973.168725,0.0,-94.0,318.0,,0.0488966669511246,-0.01,-1.7185248512075626,0.03333333333333333,0.0,-0.0
1743596973.1889405,0.0,-94.0,318.0,,0.0488966669511246,-0.02,-1.718523533079473,0.03333333333333333,0.0,-0.0
1743596973.2106001,0.0,-94.0,318.0,,0.0488966669511246,-0.02,-1.718523533079473,0.03333333333333333,0.0,-0.0
1743596973.2314017,0.0,-94.0,318.0,,0.0488966669511246,-0.02,-1.718523533079473,0.03333333333333333,0.0,-0.0
1743596973.2515793,0.0,-94.0,318.0,,0.0488966669511246,-0.02,-1.718523533079473,0.03333333333333333,0.0,-0.0
1743596973.271862,0.0,-94.0,318.0,,0.0488966669511246,-0.02,-1.6986615102214095,0.03333333333333333,0.0,-0.0
1743596973.2920403,0.0,-94.0,318.0,,0.0488966669511246,-0.02,-1.6986615102214095,0.03333333333333333,0.0,-0.0
1743596973.3122604,0.0,-94.0,318.0,,0.0488966669511246,-0.02,-1.6986615102214095,0.03333333333333333,0.0,-0.0
1743596973.3326015,0.0,-94.0,318.0,,0.0488966669511246,-0.02,-1.718523533079473,0.03333333333333333,0.0,-0.0
1743596973.3528748,0.0,-94.0,318.0,,0.0488966669511246,-0.02,-1.718523533079473,0.03333333333333333,0.0,-0.0
1743596973.3730817,0.0,-94.0,318.0,,0.0488966669511246,-0.02,-1.718523533079473,0.03333333333333333,0.0,-0.0
1743596973.3933995,0.0,-94.0,318.0,,0.0488966669511246,-0.029,-1.6986595945572847,0.03333333333333333,0.0,-0.0
1743596973.4137044,0.0,-94.0,318.0,,0.0488966669511246,-0.02,-1.718523533079473,0.03333333333333333,0.0,-0.0
1743596973.4339626,0.0,-94.0,318.0,,0.0488966669511246,-0.02,-1.718523533079473,0.03333333333333333,0.0,-0.0
1743596973.4541461,0.0,-94.0,318.0,,0.0488966669511246,-0.02,-1.6986615102214095,0.03333333333333333,0.0,-0.0
1743596973.4743254,0.0,-94.0,318.0,,0.0488966669511246,-0.02,-1.718523533079473,0.03333333333333333,0.0,-0.0
1743596973.4945962,0.0,-94.0,318.0,,0.0488966669511246,-0.02,-1.718523533079473,0.03333333333333333,0.0,-0.0
1743596973.5148437,0.0,-94.0,318.0,,0.0488966669511246,-0.02,-1.6986615102214095,0.03333333333333333,0.0,-0.0
1743596973.5350711,0.0,-94.0,318.0,,0.05889666695112439,-0.02,-1.6978079185197519,0.03333333333333333,0.0,-0.0
1743596973.555421,0.0,-94.0,318.0,,0.05889666695112439,-0.02,-1.6978079185197519,0.03333333333333333,0.0,-0.0
1743596973.5763896,0.0,-94.0,318.0,,0.0488966669511246,-0.01,-1.698662813401714,0.03333333333333333,0.0,-0.0
1743596973.5965922,0.0,-94.0,318.0,,0.0488966669511246,-0.02,-1.6986615102214095,0.03333333333333333,0.0,-0.0
1743596973.6168075,0.0,-94.0,318.0,,0.0488966669511246,-0.02,-1.6986615102214095,0.03333333333333333,0.0,-0.0
1743596973.63713,0.0,-94.0,318.0,,0.0488966669511246,-0.02,-1.6986615102214095,0.03333333333333333,0.0,-0.0
1743596973.6574795,0.0,-94.0,318.0,,0.0488966669511246,-0.02,-1.6986615102214095,0.03333333333333333,0.0,-0.0
1743596973.6778197,0.0,-94.0,318.0,,0.0488966669511246,-0.02,-1.6986615102214095,0.03333333333333333,0.0,-0.0
1743596973.698005,0.0,-94.0,318.0,,0.0488966669511246,-0.029,-1.6986595945572847,0.03333333333333333,0.0,-0.0
1743596973.7182014,0.0,-94.0,318.0,,0.0488966669511246,-0.02,-1.718523533079473,0.03333333333333333,0.0,-0.0
1743596973.738522,0.0,-94.0,318.0,,0.0488966669511246,-0.02,-1.718523533079473,0.03333333333333333,0.0,-0.0
1743596973.7587895,0.0,-94.0,318.0,,0.0488966669511246,-0.01,-1.7185248512075626,0.03333333333333333,0.0,-0.0
1743596973.778961,0.0,-94.0,318.0,,0.0488966669511246,-0.02,-1.6986615102214095,0.03333333333333333,0.0,-0.0
1743596973.7991662,0.0,-94.0,318.0,,0.0488966669511246,-0.02,-1.6986615102214095,0.03333333333333333,0.0,-0.0
1743596973.8195884,0.0,-94.0,318.0,,0.0488966669511246,-0.02,-1.718523533079473,0.03333333333333333,0.0,-0.0
1743596973.8399048,0.0,-94.0,318.0,,0.03889666695112304,0.0,-1.719390416137128,0.03333333333333333,0.0,-0.0
1743596973.8600922,0.0,-94.0,318.0,,0.02889666695112325,0.038,-1.9149468604606636,0.0,0.0,-0.1
1743596973.8803167,0.0,-94.0,317.0,,0.07789666695112452,-0.294,-1.326557405671831,0.03333333333333333,0.0,-0.03333333333333333
1743596973.900794,0.0,-94.0,318.0,,0.05889666695112439,-0.157,-1.562649057976612,0.03333333333333333,0.0,-0.0
1743596973.9213142,0.0,-94.0,318.0,,0.05889666695112439,-0.157,-1.562649057976612,0.03333333333333333,0.0,-0.0
1743596973.941735,0.0,-94.0,317.0,,-0.04910333304887615,0.97,-2.346557703297095,0.16666666666666666,0.0,-0.1
1743596973.961925,0.0,-94.0,317.0,,0.05889666695112439,0.303,-2.9749692271476835,-0.03333333333333333,-0.06666666666666667,-0.16666666666666666
1743596973.9821236,0.0,-94.0,317.0,,0.9408966669511241,0.058,-1.254794308874613,-0.2,-0.1,-0.6666666666666666
1743596974.0023928,0.0,-94.0,317.0,,1.519896666951123,-0.353,-1.4250791409892838,0.5,0.06666666666666667,-0.3333333333333333
1743596974.0226605,0.0,-94.0,317.0,,1.892896666951124,-0.883,-1.3842297365093872,-0.13333333333333333,0.06666666666666667,0.36666666666666664
1743596974.043257,0.0,-94.0,317.0,,1.9418966669511235,-0.382,-1.6172922861394423,-0.6333333333333333,-0.03333333333333333,0.4666666666666667
1743596974.0637171,0.0,-94.0,317.0,,2.7948966669511233,0.784,-1.0433309785463245,0.0,0.16666666666666666,0.16666666666666666
1743596974.0841165,0.0,-94.0,318.0,,2.6968966669511243,-0.059,-1.939786532224204,-0.06666666666666667,0.13333333333333333,-0.2
1743596974.1046839,0.0,-94.0,318.0,,2.1278966669511234,-0.579,-1.3547014078828685,0.36666666666666664,0.3,-0.1
1743596974.1250734,0.0,-95.0,349.0,,0.5233300117199757,-0.353,-3.6258686065569727,0.5,0.13333333333333333,-0.0
1743596974.1453066,0.0,-95.0,332.0,,-0.11366998828002295,0.068,-4.522035319604264,0.5,-0.16666666666666666,-0.5
1743596974.1656666,0.0,-95.0,327.0,,0.9943300117199758,0.401,-5.219923764477381,0.6333333333333333,0.23333333333333334,-0.3
1743596974.1863716,0.0,-95.0,326.0,,1.7393300117199768,-1.157,-0.8497181929669151,-1.0,0.5666666666666667,-0.2
1743596974.2085917,0.0,-95.0,324.0,,3.4063300117199766,1.009,-2.790987082163272,0.6,-0.1,0.4
1743596974.2288032,0.0,-95.0,324.0,,1.7683300117199767,-0.01,-3.085832665588626,0.6666666666666666,-1.0666666666666667,0.6666666666666666
1743596974.2490091,0.0,-94.0,323.0,,0.9318966669511237,-0.431,-4.126321762061687,0.7666666666666667,-1.9666666666666666,0.4666666666666667
1743596974.2692168,1.0,-93.0,322.0,,2.4804442640576294,1.0337918928502488,-6.843631778097444,1.0333333333333334,-2.033333333333333,0.3333333333333333
1743596974.289442,1.0,-91.0,321.0,,1.0264941105158023,2.3967918928502487,-7.418699192452421,1.4666666666666666,0.3333333333333333,1.1
1743596974.3096535,2.0,-90.0,319.0,,-1.3280000000000012,0.03863593734846549,-3.7803567381675136,1.6333333333333333,1.1,1.4333333333333333
1743596974.329883,4.0,-91.0,317.0,,-1.1605058894841989,-0.9983110074298693,-2.4338837506135653,1.8333333333333333,0.5666666666666667,1.3333333333333333
1743596974.3500636,5.0,-91.0,315.0,,0.722494110515802,-0.1699978363545266,-4.2488039777627975,1.6666666666666667,-0.13333333333333333,1.2666666666666666
1743596974.3704395,7.0,-91.0,314.0,,0.03649411051580209,0.6664617411955034,-4.725064361588855,1.6,-0.6333333333333333,1.6666666666666667
1743596974.3911004,9.0,-90.0,312.0,,-1.9760000000000009,0.9843778979553353,-6.086519604576418,2.033333333333333,-0.9333333333333333,2.2666666666666666
1743596974.411705,12.0,-89.0,309.0,,-2.4155058894841988,0.2543863130777808,-9.625996973190059,1.8333333333333333,-0.43333333333333335,2.966666666666667
1743596974.4321983,19.0,-87.0,305.0,,-1.83455573594237,-0.13482359522470722,-6.42750084674481,1.5,1.2,3.566666666666667
1743596974.4551024,19.0,-87.0,305.0,,-1.83455573594237,-0.13482359522470722,-6.42750084674481,1.5,1.2,3.566666666666667
1743596974.4753191,23.0,-87.0,302.0,,-2.8935557359423703,-1.2450723704797757,-5.460332749060348,1.8333333333333333,1.4666666666666666,3.8
1743596974.4955359,27.0,-88.0,300.0,,-3.5190240130573294,-1.6006468024449538,-6.868476278911891,2.7333333333333334,1.5666666666666667,3.5
1743596974.5157232,31.0,-88.0,296.0,,-3.9900240130573295,0.4384764851323677,-6.187726082825714,3.1666666666666665,1.8333333333333333,3.6666666666666665
1743596974.5361562,35.0,-87.0,291.0,,-4.65855573594237,-1.3127848406037623,-4.6903340715669914,3.2333333333333334,1.9333333333333333,4.933333333333334
1743596974.5570147,45.0,-84.0,281.0,,-7.521259793562763,-4.358717523440031,-1.7707333932493317,2.2666666666666666,1.6666666666666667,4.3
1743596974.5779848,45.0,-84.0,281.0,,-7.521259793562763,-4.358717523440031,-1.7707333932493317,2.2666666666666666,1.6666666666666667,4.3
1743596974.6004026,54.0,-77.0,267.0,,-4.156570335543159,-1.2394567148182345,-0.19415550224349531,3.2,0.8666666666666667,2.7666666666666666
1743596974.6206408,56.0,-70.0,258.0,,-4.06138460990976,-1.2298585867649594,-0.16388756364942858,3.8666666666666667,0.0,3.2333333333333334
1743596974.6408825,56.0,-70.0,258.0,,-4.06138460990976,-1.2298585867649594,-0.16388756364942858,3.8666666666666667,0.0,3.2333333333333334
1743596974.6611352,58.0,-49.0,234.0,,-7.540700981985394,-5.27035182329454,-3.605487795917354,3.2666666666666666,-0.5333333333333333,3.7
1743596974.6813495,58.0,-39.0,223.0,,-4.213633036198905,-1.4653518232945393,-0.28876364756691075,0.0,0.0,1.2
1743596974.7016327,58.0,-39.0,223.0,,-4.213633036198905,-1.4653518232945393,-0.28876364756691075,0.0,0.0,1.2
1743596974.7218034,59.0,-34.0,215.0,,-2.1526823830480275,2.544188780112277,0.45585857681064956,-0.7666666666666667,1.2,2.6333333333333333
1743596974.7423537,62.0,-32.0,212.0,,-2.90450798212774,-3.7397158859460733,-1.5512690461251109,-0.7,1.3333333333333333,3.8666666666666667
1743596974.7625556,64.0,-30.0,208.0,,-1.9929999999999994,-3.189169594194828,-1.2377146720308971,-1.4,1.4666666666666666,0.9666666666666667
1743596974.783004,66.0,-29.0,205.0,,0.36201762538343374,1.8731190605260863,1.1271473656579767,-1.4666666666666666,1.3,-0.5333333333333333
1743596974.8031793,68.0,-30.0,205.0,,0.370000000000001,1.9653263866998145,1.323323100710775,-0.6,1.0,1.2333333333333334
1743596974.8234482,69.0,-30.0,204.0,,-2.7389999999999994,-3.118423983937549,-1.1417092910822761,-0.23333333333333334,0.3333333333333333,2.8333333333333335
1743596974.8436208,71.0,-25.0,197.0,,-1.5968851476762622,-2.431537226629298,-0.6557751926762299,-0.4,-0.2,-0.6333333333333333
1743596974.8638976,71.0,-24.0,197.0,,0.5589135314264002,2.6284627733707016,1.5120592640476063,0.36666666666666664,-0.06666666666666667,-1.3666666666666667
1743596974.8840775,71.0,-26.0,199.0,,-0.4574209500008495,3.1384627733707013,1.3516304370530179,0.9,-0.5,0.06666666666666667
1743596974.90829,70.0,-25.0,198.0,,-2.9018851476762624,-0.06938460990976125,-0.070499375615241,0.3333333333333333,-1.1333333333333333,1.9333333333333333
1743596974.928471,70.0,-20.0,195.0,,-1.9832176060248103,-1.0803846099097605,-0.28335798525955647,-0.7,-0.7666666666666667,1.0
1743596974.948669,71.0,-17.0,192.0,,1.072833576669952,2.3544627733707024,1.1150630259024816,-1.0,0.23333333333333334,-0.9
1743596974.9689507,72.0,-18.0,193.0,,3.0375432851817656,5.144135575144544,2.767203245039391,0.03333333333333333,0.13333333333333333,-1.0
1743596974.989256,72.0,-20.0,195.0,,0.85078239397519,2.780135575144543,1.3839742535894701,1.0333333333333334,-0.43333333333333335,0.5666666666666667
1743596975.0096102,71.0,-19.0,195.0,,-2.5088235952247073,-0.636537226629299,-0.2031393691279222,0.26666666666666666,-1.3333333333333333,0.9333333333333333
1743596975.0298076,71.0,-16.0,193.0,,-2.430002460564762,-2.1475372266292982,-0.40748736100960614,-0.2,-1.5,-0.16666666666666666
1743596975.050019,71.0,-14.0,192.0,,-0.4622537958327406,0.5794627733707021,0.048683081765848346,-0.13333333333333333,-0.5,-1.1333333333333333
1743596975.0703616,71.0,-16.0,195.0,,0.16799753943523799,3.7764627733707012,1.1187045796856951,-0.3333333333333333,0.03333333333333333,-1.0333333333333334
1743596975.0905447,71.0,-18.0,198.0,,-0.35545671481823415,2.962462773370701,0.8253972397889422,-0.5666666666666667,-0.43333333333333335,0.16666666666666666
1743596975.1108992,72.0,-19.0,199.0,,-2.292823595224707,0.1231355751445431,-0.021157179274771565,-0.6,-0.8333333333333334,0.6333333333333333
1743596975.1312504,73.0,-19.0,199.0,,-3.7038235952247076,-0.2813496559973778,-0.08582874445891231,-0.6333333333333333,-0.9,-0.36666666666666664
1743596975.1522796,73.0,-19.0,200.0,,-3.2228235952247073,0.3266503440026227,0.006790881161246709,0.3,-0.6666666666666666,-1.2333333333333334
1743596975.1726947,73.0,-21.0,204.0,,-3.241589585039396,1.1986503440026226,0.174940110223768,1.0666666666666667,-0.06666666666666667,-1.2333333333333334
1743596975.1928802,72.0,-23.0,206.0,,-2.6960723704797758,0.9071355751445438,0.09167638943056189,1.6666666666666667,-0.13333333333333333,-1.0666666666666667
1743596975.2131176,67.0,-25.0,209.0,,-1.332885147676262,1.5108473876315607,0.18789242141931295,1.0666666666666667,0.03333333333333333,-0.6
1743596975.233602,67.0,-25.0,209.0,,-1.332885147676262,1.5108473876315607,0.18789242141931295,1.0666666666666667,0.03333333333333333,-0.6
1743596975.2537973,66.0,-26.0,209.0,,-2.0364209500008497,1.1771190605260848,0.12377588549393082,-0.1,0.16666666666666666,0.26666666666666666
1743596975.274597,67.0,-26.0,209.0,,-1.2414209500008493,0.48084738763155954,0.2533079644856193,-0.7666666666666667,0.26666666666666666,0.6666666666666666
1743596975.2948,67.0,-26.0,209.0,,-1.2414209500008493,0.48084738763155954,0.2533079644856193,-0.7666666666666667,0.26666666666666666,0.6666666666666666
1743596975.315073,68.0,-26.0,208.0,,-0.5654209500008496,0.7103263866998137,0.35980805882970124,-0.4,-0.06666666666666667,0.1
1743596975.3354855,69.0,-26.0,210.0,,-2.7424209500008496,0.8725760160624514,0.02902963564274319,0.5666666666666667,-0.7,0.06666666666666667
1743596975.3557498,69.0,-26.0,210.0,,-2.7424209500008496,0.8725760160624514,0.02902963564274319,0.5666666666666667,-0.7,0.06666666666666667
1743596975.3759687,69.0,-25.0,209.0,,-2.420885147676262,-2.6674239839375495,-0.09474738378935335,0.6666666666666666,-0.1,0.6666666666666666
1743596975.3964658,68.0,-23.0,208.0,,-0.8430723704797756,1.514326386699814,0.38944090918867147,-0.7,0.0,-0.2
1743596975.4168842,68.0,-23.0,208.0,,-0.8430723704797756,1.514326386699814,0.38944090918867147,-0.7,0.0,-0.2
1743596975.4373102,70.0,-24.0,209.0,,-2.4020864685736,0.7636153900902389,0.09021456717041798,0.06666666666666667,-0.13333333333333333,0.6
1743596975.4575303,70.0,-23.0,208.0,,-2.667072370479776,-0.422384609909761,-0.08311779253111351,-0.5333333333333333,0.0,0.3333333333333333
1743596975.4779556,70.0,-23.0,208.0,,-2.667072370479776,-0.422384609909761,-0.08311779253111351,-0.5333333333333333,0.0,0.3333333333333333
1743596975.498292,71.0,-23.0,208.0,,-2.5490723704797755,-0.8725372266292979,-0.16245107852197926,-1.1666666666666667,0.3333333333333333,-0.3333333333333333
1743596975.5184898,72.0,-25.0,210.0,,-2.665885147676262,-0.22986442485545666,-0.07283101976201456,-1.4333333333333333,0.7666666666666667,-0.8333333333333334
1743596975.5422823,73.0,-30.0,214.0,,-3.6019999999999994,1.2676503440026217,0.052939276570767024,-1.0,0.6666666666666666,-1.0
1743596975.5624979,73.0,-39.0,223.0,,-4.409633036198905,0.2866503440026218,0.0007225207549529933,0.3,-0.03333333333333333,-0.5333333333333333
1743596975.5828788,73.0,-41.0,225.0,,-4.4759390743968765,-0.20334965599737664,-0.01615697754678147,0.23333333333333334,-0.4,-0.7666666666666667
1743596975.6030645,72.0,-43.0,227.0,,-3.9844039122131103,-0.22986442485545666,-0.01705585750861638,-0.06666666666666667,-0.5,-0.6666666666666666
1743596975.6237478,72.0,-44.0,229.0,,-4.148598614202763,0.17213557514454436,0.00743902028744825,0.0,-0.13333333333333333,-0.5
1743596975.6441855,72.0,-46.0,230.0,,-4.458723441322167,-0.3188644248554571,-0.027457850781318793,0.2,0.26666666666666666,-0.5
1743596975.6655707,71.0,-47.0,232.0,,-6.920579812884062,-0.5195372266292981,-0.10780670195841069,0.36666666666666664,0.1,-0.4
1743596975.6857762,71.0,-48.0,232.0,,-5.389250737933238,-0.06853722662929762,-0.03190928164166795,0.36666666666666664,-0.26666666666666666,-0.3
1743596975.7059836,70.0,-47.0,232.0,,-4.4105798128840625,-0.9233846099097605,-0.056692905827114726,0.5,-0.5666666666666667,0.16666666666666666
1743596975.7263317,70.0,-47.0,232.0,,-4.4105798128840625,-0.9233846099097605,-0.056692905827114726,0.5,-0.5666666666666667,0.16666666666666666
1743596975.7465432,70.0,-44.0,229.0,,-4.157598614202763,0.26361539009023893,0.010888625048091072,-0.2,0.03333333333333333,-0.36666666666666664
1743596975.7667575,70.0,-44.0,230.0,,-4.295598614202763,0.08661539009023933,0.07739216881374356,-1.4333333333333333,0.16666666666666666,-0.36666666666666664
1743596975.787351,71.0,-48.0,234.0,,-5.2902507379332375,-0.734537226629298,-0.06376207377289111,-1.9333333333333333,0.3333333333333333,-0.23333333333333334
1743596975.8079014,72.0,-54.0,240.0,,-5.907456714818235,-0.602864424855456,-0.018854049277659643,-2.1333333333333333,0.2,0.2
1743596975.828095,73.0,-60.0,246.0,,-5.780709211125343,-0.5953496559973779,-1.2325279996693825,-1.1666666666666667,-0.3,0.7333333333333333
1743596975.8484092,74.0,-62.0,249.0,,-6.426715885946074,1.552022762845091,-0.1087688288483164,-0.03333333333333333,-0.5333333333333333,0.43333333333333335
1743596975.8686044,75.0,-64.0,251.0,,-6.876169594194828,0.49626764410423974,-0.2476603086008577,-0.1,-0.6333333333333333,-0.1
1743596975.8889356,76.0,-63.0,251.0,,-6.937774002287889,-0.2526010747675258,-0.004968799506956473,-0.13333333333333333,-0.8666666666666667,-0.03333333333333333
1743596975.9092953,76.0,-63.0,252.0,,-6.5847740022878885,-0.5366010747675265,-0.04714516438495864,-0.06666666666666667,-0.7666666666666667,0.13333333333333333
1743596975.9296513,76.0,-63.0,252.0,,-5.828774002287889,-1.4096010747675258,-0.13098603076962245,0.06666666666666667,0.0,0.5666666666666667
1743596975.9498718,76.0,-61.0,251.0,,-6.786019327037472,-2.056601074767526,-2.06735677822451,0.2,0.13333333333333333,1.5333333333333334
1743596975.9703896,78.0,-57.0,247.0,,-7.49335827154461,-1.2516279631986347,-2.2251443735073932,0.2,-0.6333333333333333,2.7666666666666666
1743596975.9905727,80.0,-48.0,238.0,,-6.065250737933237,1.4880359429502388,-0.4573606596767608,0.2,-0.9,2.6
1743596976.0107856,82.0,-34.0,224.0,,-4.437682383048028,2.0424702456451946,0.08995971069215897,0.13333333333333333,-0.6,1.3666666666666667
1743596976.0309813,82.0,-20.0,211.0,,-2.7192176060248103,0.5424702456451946,0.020414353047804423,0.1,-0.26666666666666666,0.5
1743596976.0513277,83.0,-11.0,203.0,,-1.3038362446439047,-0.9608777476013692,-1.3857323934608445,0.1,-0.3333333333333333,0.7
1743596976.072588,83.0,-3.0,195.0,,-0.31841573074327906,-0.07787774760136834,-0.010015448469851806,0.36666666666666664,-0.3,0.7333333333333333
1743596976.0927641,83.0,0.0,192.0,,0.45,-0.10787774760136948,-0.7099871019147295,0.0,0.1,-0.03333333333333333
1743596976.1130254,83.0,3.0,189.0,,0.708415730743279,-0.10787774760136948,-0.0009101922278899333,0.06666666666666667,0.0,-0.0
1743596976.1331956,83.0,3.0,189.0,,0.708415730743279,-0.10787774760136948,-0.0009101922278899333,0.06666666666666667,0.0,-0.0
1743596976.153387,83.0,3.0,189.0,,0.698415730743279,-0.01987774760136851,-0.0014532315903083848,0.03333333333333333,0.0,-0.0
1743596976.1738553,84.0,1.0,190.0,,1.3962081071497514,-0.03925979356276166,-0.00032978807429323576,0.06666666666666667,-0.03333333333333333,-0.0
1743596976.1942487,84.0,1.0,190.0,,1.3962081071497514,-0.03925979356276166,-0.00032978807429323576,0.06666666666666667,-0.03333333333333333,-0.0
1743596976.2148054,84.0,0.0,190.0,,0.381,-0.06825979356276157,-0.005221835895489413,0.06666666666666667,-0.26666666666666666,-0.0
1743596976.2349918,84.0,0.0,192.0,,0.764,-0.02925979356276187,-3.0851888565336347,0.03333333333333333,-0.3333333333333333,-0.0
1743596976.2552934,84.0,0.0,192.0,,0.764,-0.02925979356276187,-3.0851888565336347,0.03333333333333333,-0.3333333333333333,-0.0
1743596976.2756953,84.0,0.0,192.0,,0.146,-0.048259793562762,-0.0012175155210345234,0.03333333333333333,0.0,-0.0
1743596976.295951,84.0,0.0,192.0,,0.195,-0.03925979356276166,-0.0006446112392423098,0.03333333333333333,0.0,-0.0
1743596976.316157,84.0,0.0,192.0,,0.195,-0.03925979356276166,-0.0006446112392423098,0.03333333333333333,0.0,-0.0
1743596976.3367126,85.0,0.0,193.0,,0.185,-0.07466998828002325,-0.0006694177906984011,0.03333333333333333,0.0,-0.0
1743596976.3569136,85.0,0.0,194.0,,0.166,-0.07466998828002325,-0.0006715325803303557,0.03333333333333333,0.0,-0.0
1743596976.377419,85.0,0.0,194.0,,0.166,-0.07466998828002325,-0.0006715325803303557,0.03333333333333333,0.0,-0.0
1743596976.4003868,86.0,-3.0,196.0,,-0.3374157307432791,-0.06910333304887573,-0.0006472098915775576,0.03333333333333333,0.0,-0.0
1743596976.4206178,86.0,-4.0,197.0,,-0.4993110074298693,-0.07810333304887607,-0.0006079782127482239,0.03333333333333333,0.0,-0.0
1743596976.4408212,86.0,-4.0,197.0,,-0.4993110074298693,-0.07810333304887607,-0.0006079782127482239,0.03333333333333333,0.0,-0.0
1743596976.4611459,87.0,-6.0,199.0,,-0.8404242246556806,-0.07955573594236931,-0.00072972319597156,0.03333333333333333,0.0,-0.0
1743596976.4813912,87.0,-7.0,200.0,,-1.0105382588044967,-0.08855573594236965,-0.0007105521685066979,0.03333333333333333,0.0,-0.0
1743596976.501935,87.0,-8.0,201.0,,-1.1892881204182422,-0.08855573594236965,-0.0006090052875564744,0.03333333333333333,0.0,-0.0
1743596976.5233753,87.0,-9.0,202.0,,-1.358622102044665,-0.08855573594236965,-0.0007117532993294595,0.03333333333333333,0.0,-0.0
1743596976.543573,87.0,-10.0,203.0,,-1.5184886229125867,-0.08855573594236965,-0.0008026800070507351,0.03333333333333333,0.0,-0.0
1743596976.5638561,87.0,-11.0,204.0,,-1.6868362446439045,-0.08855573594236965,-0.0006079782127482239,0.03333333333333333,0.0,-0.0
1743596976.5840511,87.0,-12.0,205.0,,-1.8546136869222192,-0.08855573594236965,-0.0007105521685066979,0.03333333333333333,0.0,-0.0
1743596976.6042573,88.0,-13.0,206.0,,-2.0217698431133155,-0.09602401305732933,-0.0007105521685066979,0.03333333333333333,0.0,-0.0
1743596976.6270344,88.0,-15.0,207.0,,-2.3540148324557286,-0.10602401305732911,-0.0007824037695288305,0.03333333333333333,0.0,-0.0
1743596976.647335,88.0,-16.0,208.0,,-2.519002460564762,-0.09602401305732933,-0.0007105521685066979,0.03333333333333333,0.0,-0.0
1743596976.6675186,88.0,-17.0,210.0,,-2.683166423330048,-0.08702401305732899,-0.0006460120938497627,0.03333333333333333,0.0,-0.0
1743596976.688024,88.0,-18.0,211.0,,-2.8464567148182343,-0.09602401305732933,-0.0006079782127482239,0.03333333333333333,0.0,-0.0
1743596976.7086058,88.0,-19.0,212.0,,-3.0088235952247073,-0.09602401305732933,-0.0007105521685066979,0.03333333333333333,0.0,-0.0
1743596976.7294652,88.0,-20.0,213.0,,-3.1702176060248104,-0.09602401305732933,-0.0007105521685066979,0.03333333333333333,0.0,-0.0
1743596976.7501574,88.0,-21.0,214.0,,-3.3395895850393957,-0.10602401305732911,-0.000670448044739029,0.03333333333333333,0.0,-0.0
1743596976.7703953,88.0,-22.0,215.0,,-3.498890681410097,-0.09602401305732933,-0.0006090052875564744,0.03333333333333333,0.0,-0.0
1743596976.7906642,88.0,-23.0,216.0,,-3.6570723704797756,-0.09602401305732933,-0.0006090052875564744,0.03333333333333333,0.0,-0.0
1743596976.8113616,88.0,-25.0,217.0,,-3.960885147676262,-0.09602401305732933,-0.0008026800070507351,0.03333333333333333,0.0,-0.0
1743596976.8315592,88.0,-27.0,219.0,,-4.258646802444954,-0.09602401305732933,-0.0006067770230186939,0.03333333333333333,0.0,-0.0
1743596976.8517869,88.0,-27.0,219.0,,-4.258646802444954,-0.09602401305732933,-0.0006067770230186939,0.03333333333333333,0.0,-0.0
1743596976.872251,88.0,-28.0,221.0,,-4.42051603092959,-0.08702401305732899,-0.0006460120938497627,0.03333333333333333,0.0,-0.0
1743596976.8926983,88.0,-30.0,223.0,,-4.728999999999999,-0.09602401305732933,-0.0006090052875564744,0.03333333333333333,0.0,-0.0
1743596976.914413,88.0,-30.0,223.0,,-4.728999999999999,-0.09602401305732933,-0.0006090052875564744,0.03333333333333333,0.0,-0.0
1743596976.934636,88.0,-31.0,224.0,,-4.876523514867632,-0.09602401305732933,-0.0007117532993294595,0.03333333333333333,0.0,-0.0
1743596976.9548419,88.0,-33.0,226.0,,-5.166908933497416,-0.09602401305732933,-0.0006090052875564744,0.03333333333333333,0.0,-0.0
1743596976.975171,88.0,-33.0,226.0,,-5.166908933497416,-0.09602401305732933,-0.0006090052875564744,0.03333333333333333,0.0,-0.0
1743596976.995744,88.0,-34.0,227.0,,-5.3096823830480275,-0.09602401305732933,-0.0006090052875564744,0.03333333333333333,0.0,-0.0
1743596977.0161617,89.0,-36.0,228.0,,-5.571173324989162,-0.10050588948419836,-0.0007091474159034855,0.03333333333333333,0.0,-0.0
1743596977.0367525,89.0,-36.0,228.0,,-5.571173324989162,-0.10050588948419836,-0.0007091474159034855,0.03333333333333333,0.0,-0.0
1743596977.057255,89.0,-37.0,229.0,,-5.708805377121593,-0.10050588948419836,-0.0006067770230186939,0.03333333333333333,0.0,-0.0
1743596977.0794294,89.0,-39.0,231.0,,-6.0076330361989045,-0.09150588948419802,-0.0006484707980589366,0.03333333333333333,0.0,-0.0
1743596977.0996666,89.0,-39.0,231.0,,-6.0076330361989045,-0.09150588948419802,-0.0006484707980589366,0.03333333333333333,0.0,-0.0
1743596977.1199434,89.0,-40.0,233.0,,-6.129746451024951,-0.10050588948419836,-0.0007117532993294595,0.03333333333333333,0.0,-0.0
1743596977.14015,89.0,-41.0,234.0,,-6.250939074396877,-0.10050588948419836,-0.0006079782127482239,0.03333333333333333,0.0,-0.0
1743596977.1605926,89.0,-41.0,234.0,,-6.250939074396877,-0.10050588948419836,-0.0006079782127482239,0.03333333333333333,0.0,-0.0
1743596977.1809962,89.0,-43.0,235.0,,-6.49540391221311,-0.10050588948419836,-0.0007091474159034855,0.03333333333333333,0.0,-0.0
1743596977.2014494,89.0,-43.0,236.0,,-6.505403912213111,-0.10050588948419836,-0.0007105521685066979,0.03333333333333333,0.0,-0.0
1743596977.2235265,89.0,-43.0,236.0,,-6.505403912213111,-0.10050588948419836,-0.0007105521685066979,0.03333333333333333,0.0,-0.0
1743596977.2437358,89.0,-45.0,238.0,,-6.7607175234400305,-0.10050588948419836,-0.0007117532993294595,0.03333333333333333,0.0,-0.0
1743596977.2640092,89.0,-46.0,238.0,,-6.880723441322167,-0.10050588948419836,-0.0007117532993294595,0.03333333333333333,0.0,-0.0
1743596977.2842216,89.0,-46.0,239.0,,-6.880723441322167,-0.10050588948419836,-0.0007117532993294595,0.03333333333333333,0.0,-0.0
1743596977.304394,89.0,-47.0,240.0,,-6.989579812884063,-0.10050588948419836,-0.0007105521685066979,0.03333333333333333,0.0,-0.0
1743596977.3246167,89.0,-48.0,241.0,,-7.105250737933238,-0.10050588948419836,-0.0007105521685066979,0.03333333333333333,0.0,-0.0
1743596977.3453672,89.0,-49.0,241.0,,-7.2187009819853944,-0.09150588948419802,-0.0006460120938497627,0.03333333333333333,0.0,-0.0
1743596977.3660018,89.0,-49.0,242.0,,-7.2187009819853944,-0.10050588948419836,-0.0006079782127482239,0.03333333333333333,0.0,-0.0
1743596977.3864644,89.0,-50.0,243.0,,-7.329895986997175,-0.09150588948419802,-0.0006460120938497627,0.03333333333333333,0.0,-0.0
1743596977.406806,89.0,-50.0,243.0,,-7.329895986997175,-0.10050588948419836,-0.0008026800070507351,0.03333333333333333,0.0,-0.0
1743596977.4283993,89.0,-51.0,244.0,,-7.438801881892886,-0.10050588948419836,-0.0006079782127482239,0.03333333333333333,0.0,-0.0
1743596977.4485886,89.0,-52.0,244.0,,-7.545385492881944,-0.10050588948419836,-0.0007105521685066979,0.03333333333333333,0.0,-0.0
1743596977.4688258,89.0,-52.0,245.0,,-7.545385492881944,-0.10050588948419836,-0.0007105521685066979,0.03333333333333333,0.0,-0.0
1743596977.491602,89.0,-53.0,245.0,,-7.658614353563943,-0.09150588948419802,-0.0006472098915775576,0.03333333333333333,0.0,-0.0
1743596977.5118275,89.0,-53.0,246.0,,-7.658614353563943,-0.10050588948419836,-0.0006090052875564744,0.03333333333333333,0.0,-0.0
1743596977.5320413,89.0,-53.0,246.0,,-7.658614353563943,-0.10050588948419836,-0.0006090052875564744,0.03333333333333333,0.0,-0.0
1743596977.5529423,89.0,-55.0,247.0,,-7.85088155447501,-0.10050588948419836,-0.0006079782127482239,0.03333333333333333,0.0,-0.0
1743596977.5731494,89.0,-55.0,247.0,,-7.85088155447501,-0.10050588948419836,-0.0006079782127482239,0.03333333333333333,0.0,-0.0
1743596977.593381,89.0,-55.0,248.0,,-7.85088155447501,-0.10050588948419836,-0.0007105521685066979,0.03333333333333333,0.0,-0.0
1743596977.613578,89.0,-56.0,249.0,,-7.947858586764959,-0.09150588948419802,-0.0006460120938497627,0.03333333333333333,0.0,-0.0
1743596977.6337886,89.0,-56.0,249.0,,-7.947858586764959,-0.09150588948419802,-0.0006460120938497627,0.03333333333333333,0.0,-0.0
1743596977.6541324,89.0,-56.0,249.0,,-7.956858586764959,-0.10050588948419836,-0.0007117532993294595,0.03333333333333333,0.0,-0.0
1743596977.6748512,89.0,-57.0,250.0,,-8.05135827154461,-0.10050588948419836,-0.0007117532993294595,0.03333333333333333,0.0,-0.0
1743596977.6950593,89.0,-57.0,250.0,,-8.05135827154461,-0.10050588948419836,-0.0007117532993294595,0.03333333333333333,0.0,-0.0
1743596977.7161303,89.0,-58.0,250.0,,-8.14335182329454,-0.10050588948419836,-0.0007117532993294595,0.03333333333333333,0.0,-0.0
1743596977.7363992,89.0,-58.0,251.0,,-8.14335182329454,-0.10050588948419836,-0.0006090052875564744,0.03333333333333333,0.0,-0.0
1743596977.7566116,89.0,-58.0,251.0,,-8.134351823294539,-0.09150588948419802,-0.0005527906493078202,0.03333333333333333,0.0,-0.0
1743596977.7777255,89.0,-59.0,251.0,,-8.223811219887722,-0.10050588948419836,-0.0007105521685066979,0.03333333333333333,0.0,-0.0
1743596977.798133,89.0,-59.0,252.0,,-8.223811219887722,-0.10050588948419836,-0.0006079782127482239,0.03333333333333333,0.0,-0.0
1743596977.8183794,89.0,-59.0,252.0,,-8.223811219887722,-0.10050588948419836,-0.0006079782127482239,0.03333333333333333,0.0,-0.0
1743596977.8399773,89.0,-60.0,253.0,,-8.310709211125342,-0.10050588948419836,-0.0006079782127482239,0.03333333333333333,0.0,-0.0
1743596977.8602672,89.0,-60.0,253.0,,-8.310709211125342,-0.10050588948419836,-0.0007105521685066979,0.03333333333333333,0.0,-0.0
1743596977.880508,89.0,-60.0,253.0,,-8.310709211125342,-0.10050588948419836,-0.0007105521685066979,0.03333333333333333,0.0,-0.0
1743596977.9007301,89.0,-61.0,254.0,,-8.404019327037473,-0.10050588948419836,-0.0007117532993294595,0.03333333333333333,0.0,-0.0
1743596977.9209607,89.0,-61.0,254.0,,-8.404019327037473,-0.10050588948419836,-0.0007117532993294595,0.03333333333333333,0.0,-0.0
1743596977.9416916,89.0,-62.0,254.0,,-8.485715885946073,-0.10050588948419836,-0.0007117532993294595,0.03333333333333333,0.0,-0.0
1743596977.9618843,89.0,-62.0,254.0,,-8.485715885946073,-0.10050588948419836,-0.0006090052875564744,0.03333333333333333,0.0,-0.0
1743596977.9820945,89.0,-62.0,255.0,,-8.476715885946073,-0.10050588948419836,-0.0007105521685066979,0.03333333333333333,0.0,-0.0
1743596978.0023687,89.0,-62.0,255.0,,-8.476715885946073,-0.10050588948419836,-0.0006079782127482239,0.03333333333333333,0.0,-0.0
1743596978.0226707,89.0,-62.0,255.0,,-8.476715885946073,-0.10050588948419836,-0.0007105521685066979,0.03333333333333333,0.0,-0.0
1743596978.0433037,89.0,-63.0,255.0,,-8.555774002287889,-0.10050588948419836,-0.0007105521685066979,0.03333333333333333,0.0,-0.0
1743596978.063743,89.0,-63.0,255.0,,-8.555774002287889,-0.10050588948419836,-0.0007105521685066979,0.03333333333333333,0.0,-0.0
1743596978.084028,89.0,-63.0,256.0,,-8.555774002287889,-0.10050588948419836,-0.0007105521685066979,0.03333333333333333,0.0,-0.0
1743596978.1042514,89.0,-63.0,256.0,,-8.564774002287889,-0.11050588948419815,-0.0007836086183107271,0.03333333333333333,0.0,-0.0
1743596978.1246455,89.0,-63.0,256.0,,-8.564774002287889,-0.10050588948419836,-0.0006090052875564744,0.03333333333333333,0.0,-0.0
1743596978.1464348,89.0,-64.0,256.0,,-8.641169594194828,-0.10050588948419836,-0.0007117532993294595,0.03333333333333333,0.0,-0.0
1743596978.1666696,89.0,-64.0,257.0,,-8.632169594194828,-0.10050588948419836,-0.0006079782127482239,0.03333333333333333,0.0,-0.0
1743596978.187256,89.0,-64.0,257.0,,-8.632169594194828,-0.10050588948419836,-0.0007105521685066979,0.03333333333333333,0.0,-0.0
1743596978.2078075,89.0,-64.0,257.0,,-8.641169594194828,-0.10050588948419836,-0.0007117532993294595,0.03333333333333333,0.0,-0.0
1743596978.2284038,89.0,-64.0,257.0,,-8.632169594194828,-0.10050588948419836,-0.0006079782127482239,0.03333333333333333,0.0,-0.0
1743596978.2487237,89.0,-64.0,257.0,,-8.632169594194828,-0.10050588948419836,-0.0007105521685066979,0.03333333333333333,0.0,-0.0
1743596978.2689395,89.0,-65.0,257.0,,-8.705879390829535,-0.10050588948419836,-0.0007105521685066979,0.03333333333333333,0.0,-0.0
1743596978.2894802,89.0,-65.0,257.0,,-8.714879390829536,-0.10050588948419836,-0.0007117532993294595,0.03333333333333333,0.0,-0.0
1743596978.3114069,89.0,-65.0,258.0,,-8.705879390829535,-0.10050588948419836,-0.0006079782127482239,0.03333333333333333,0.0,-0.0
1743596978.3326573,89.0,-65.0,258.0,,-8.705879390829535,-0.10050588948419836,-0.0006079782127482239,0.03333333333333333,0.0,-0.0
1743596978.353166,89.0,-65.0,258.0,,-8.714879390829536,-0.10050588948419836,-0.0007117532993294595,0.03333333333333333,0.0,-0.0
1743596978.3743072,89.0,-65.0,258.0,,-8.714879390829536,-0.10050588948419836,-0.0007117532993294595,0.03333333333333333,0.0,-0.0
1743596978.394538,89.0,-65.0,258.0,,-8.705879390829535,-0.10050588948419836,-0.0007105521685066979,0.03333333333333333,0.0,-0.0
1743596978.4147904,89.0,-65.0,258.0,,-8.705879390829535,-0.10050588948419836,-0.0007105521685066979,0.03333333333333333,0.0,-0.0
1743596978.4370494,89.0,-66.0,258.0,,-8.766880939473914,-0.10050588948419836,-0.0006067770230186939,0.03333333333333333,0.0,-0.0
1743596978.4572344,89.0,-66.0,259.0,,-8.776880939473914,-0.10050588948419836,-0.0006079782127482239,0.03333333333333333,0.0,-0.0
1743596978.4777303,89.0,-66.0,259.0,,-8.776880939473914,-0.10050588948419836,-0.0006079782127482239,0.03333333333333333,0.0,-0.0
1743596978.4981246,89.0,-66.0,259.0,,-8.776880939473914,-0.10050588948419836,-0.0007105521685066979,0.03333333333333333,0.0,-0.0
1743596978.522421,89.0,-66.0,259.0,,-8.776880939473914,-0.10050588948419836,-0.0007105521685066979,0.03333333333333333,0.0,-0.0
1743596978.5427487,89.0,-66.0,259.0,,-8.785880939473914,-0.10050588948419836,-0.0007117532993294595,0.03333333333333333,0.0,-0.0
1743596978.5630462,89.0,-66.0,259.0,,-8.785880939473914,-0.10050588948419836,-0.0006090052875564744,0.03333333333333333,0.0,-0.0
1743596978.5837173,89.0,-66.0,259.0,,-8.776880939473914,-0.10050588948419836,-0.0006079782127482239,0.03333333333333333,0.0,-0.0
1743596978.6043198,89.0,-66.0,259.0,,-8.776880939473914,-0.10050588948419836,-0.0006079782127482239,0.03333333333333333,0.0,-0.0
1743596978.6248643,89.0,-67.0,259.0,,-8.83515261236844,-0.10050588948419836,-0.0006067770230186939,0.03333333333333333,0.0,-0.0
1743596978.6454346,89.0,-67.0,259.0,,-8.84515261236844,-0.10050588948419836,-0.0007105521685066979,0.03333333333333333,0.0,-0.0
1743596978.6657343,89.0,-67.0,259.0,,-8.84515261236844,-0.09150588948419802,-0.0006460120938497627,0.03333333333333333,0.0,-0.0
1743596978.6864953,89.0,-67.0,260.0,,-8.84515261236844,-0.09150588948419802,-0.0006460120938497627,0.03333333333333333,0.0,-0.0
1743596978.7067556,89.0,-67.0,260.0,,-8.84515261236844,-0.10050588948419836,-0.0006079782127482239,0.03333333333333333,0.0,-0.0
1743596978.7269628,89.0,-67.0,260.0,,-8.84515261236844,-0.11050588948419815,-0.0007824037695288305,0.03333333333333333,0.0,-0.0
1743596978.7471566,89.0,-67.0,260.0,,-8.85415261236844,-0.10050588948419836,-0.0008040377785339392,0.03333333333333333,0.0,-0.0
1743596978.7678475,89.0,-67.0,260.0,,-8.85415261236844,-0.10050588948419836,-0.0006090052875564744,0.03333333333333333,0.0,-0.0
1743596978.788096,89.0,-67.0,260.0,,-8.85415261236844,-0.10050588948419836,-0.0007117532993294595,0.03333333333333333,0.0,-0.0
1743596978.8086221,89.0,-67.0,260.0,,-8.84515261236844,-0.09150588948419802,-0.0006460120938497627,0.03333333333333333,0.0,-0.0
1743596978.828895,89.0,-67.0,260.0,,-8.84515261236844,-0.10050588948419836,-0.0007105521685066979,0.03333333333333333,0.0,-0.0
1743596978.8494809,89.0,-67.0,260.0,,-8.84515261236844,-0.10050588948419836,-0.0006079782127482239,0.03333333333333333,0.0,-0.0
1743596978.8698306,89.0,-67.0,260.0,,-8.84515261236844,-0.10050588948419836,-0.0007105521685066979,0.03333333333333333,0.0,-0.0
1743596978.8900595,89.0,-67.0,260.0,,-8.84515261236844,-0.10050588948419836,-0.0007105521685066979,0.03333333333333333,0.0,-0.0
1743596978.9103425,89.0,-67.0,260.0,,-8.85415261236844,-0.10050588948419836,-0.0007117532993294595,0.03333333333333333,0.0,-0.0
1743596978.930566,89.0,-67.0,260.0,,-8.85415261236844,-0.10050588948419836,-0.0007117532993294595,0.03333333333333333,0.0,-0.0
1743596978.95075,89.0,-67.0,260.0,,-8.85415261236844,-0.10050588948419836,-0.0007117532993294595,0.03333333333333333,0.0,-0.0
1743596978.970937,89.0,-67.0,260.0,,-8.85415261236844,-0.10050588948419836,-0.0007117532993294595,0.03333333333333333,0.0,-0.0
1743596978.9917269,89.0,-67.0,260.0,,-8.85415261236844,-0.10050588948419836,-0.0007117532993294595,0.03333333333333333,0.0,-0.0
1743596979.0119507,89.0,-67.0,260.0,,-8.85415261236844,-0.10050588948419836,-0.0007117532993294595,0.03333333333333333,0.0,-0.0
1743596979.0321884,89.0,-67.0,260.0,,-8.84515261236844,-0.10050588948419836,-0.0007105521685066979,0.03333333333333333,0.0,-0.0
1743596979.0528293,89.0,-67.0,260.0,,-8.84515261236844,-0.10050588948419836,-0.0007105521685066979,0.03333333333333333,0.0,-0.0
1743596979.0731077,89.0,-67.0,260.0,,-8.84515261236844,-0.10050588948419836,-0.0007105521685066979,0.03333333333333333,0.0,-0.0
1743596979.093319,89.0,-67.0,260.0,,-8.84515261236844,-0.10050588948419836,-0.0007105521685066979,0.03333333333333333,0.0,-0.0
1743596979.1139624,89.0,-68.0,260.0,,-8.910673613300185,-0.09150588948419802,-0.0006460120938497627,0.03333333333333333,0.0,-0.0
1743596979.134169,89.0,-68.0,260.0,,-8.910673613300185,-0.09150588948419802,-0.0006460120938497627,0.03333333333333333,0.0,-0.0
1743596979.1544132,89.0,-68.0,260.0,,-8.919673613300185,-0.09150588948419802,-0.0006472098915775576,0.03333333333333333,0.0,-0.0
1743596979.1748772,89.0,-68.0,260.0,,-8.919673613300185,-0.10050588948419836,-0.0007117532993294595,0.03333333333333333,0.0,-0.0
1743596979.1950574,89.0,-68.0,260.0,,-8.919673613300185,-0.10050588948419836,-0.0007117532993294595,0.03333333333333333,0.0,-0.0
1743596979.2154324,89.0,-68.0,260.0,,-8.919673613300185,-0.10050588948419836,-0.0007117532993294595,0.03333333333333333,0.0,-0.0
1743596979.2358153,89.0,-68.0,260.0,,-8.910673613300185,-0.10050588948419836,-0.0007105521685066979,0.03333333333333333,0.0,-0.0
1743596979.2560205,89.0,-68.0,260.0,,-8.910673613300185,-0.10050588948419836,-0.0007105521685066979,0.03333333333333333,0.0,-0.0
1743596979.2776556,89.0,-68.0,260.0,,-8.919673613300185,-0.10050588948419836,-0.0007117532993294595,0.03333333333333333,0.0,-0.0
1743596979.2978597,89.0,-68.0,260.0,,-8.910673613300185,-0.10050588948419836,-0.0007105521685066979,0.03333333333333333,0.0,-0.0
1743596979.3180797,89.0,-68.0,260.0,,-8.910673613300185,-0.10050588948419836,-0.0007105521685066979,0.03333333333333333,0.0,-0.0
1743596979.3383102,89.0,-68.0,260.0,,-8.910673613300185,-0.10050588948419836,-0.0007105521685066979,0.03333333333333333,0.0,-0.0
1743596979.3584857,89.0,-68.0,261.0,,-8.910673613300185,-0.10050588948419836,-0.0006079782127482239,0.03333333333333333,0.0,-0.0
1743596979.3786757,89.0,-68.0,261.0,,-8.910673613300185,-0.10050588948419836,-0.0006079782127482239,0.03333333333333333,0.0,-0.0
1743596979.399143,89.0,-68.0,261.0,,-8.919673613300185,-0.11050588948419815,-0.000670448044739029,0.03333333333333333,0.0,-0.0
1743596979.419422,89.0,-68.0,261.0,,-8.910673613300185,-0.10050588948419836,-0.0007105521685066979,0.03333333333333333,0.0,-0.0
1743596979.4396477,89.0,-68.0,261.0,,-8.910673613300185,-0.10050588948419836,-0.0007105521685066979,0.03333333333333333,0.0,-0.0
1743596979.4601505,89.0,-68.0,261.0,,-8.910673613300185,-0.09150588948419802,-0.0005527906493078202,0.03333333333333333,0.0,-0.0
1743596979.480366,89.0,-68.0,261.0,,-8.910673613300185,-0.10050588948419836,-0.0006079782127482239,0.03333333333333333,0.0,-0.0
1743596979.502612,89.0,-68.0,261.0,,-8.910673613300185,-0.10050588948419836,-0.0006079782127482239,0.03333333333333333,0.0,-0.0
1743596979.5228477,89.0,-68.0,261.0,,-8.910673613300185,-0.10050588948419836,-0.0006079782127482239,0.03333333333333333,0.0,-0.0
1743596979.5430717,89.0,-68.0,261.0,,-8.910673613300185,-0.10050588948419836,-0.0006079782127482239,0.03333333333333333,0.0,-0.0
1743596979.5632892,89.0,-68.0,261.0,,-8.919673613300185,-0.10050588948419836,-0.0007117532993294595,0.03333333333333333,0.0,-0.0
1743596979.5838373,89.0,-68.0,261.0,,-8.910673613300185,-0.10050588948419836,-0.0007105521685066979,0.03333333333333333,0.0,-0.0
1743596979.6040232,89.0,-68.0,261.0,,-8.910673613300185,-0.10050588948419836,-0.0007105521685066979,0.03333333333333333,0.0,-0.0
1743596979.624552,89.0,-68.0,261.0,,-8.910673613300185,-0.10050588948419836,-0.0007105521685066979,0.03333333333333333,0.0,-0.0
1743596979.6450036,89.0,-68.0,261.0,,-8.910673613300185,-0.10050588948419836,-0.0007105521685066979,0.03333333333333333,0.0,-0.0
1743596979.6652215,89.0,-68.0,261.0,,-8.910673613300185,-0.11050588948419815,-0.0007824037695288305,0.03333333333333333,0.0,-0.0
1743596979.6855776,89.0,-68.0,261.0,,-8.910673613300185,-0.10050588948419836,-0.0006079782127482239,0.03333333333333333,0.0,-0.0
1743596979.705803,89.0,-68.0,261.0,,-8.910673613300185,-0.10050588948419836,-0.0007105521685066979,0.03333333333333333,0.0,-0.0
1743596979.728388,89.0,-68.0,261.0,,-8.910673613300185,-0.10050588948419836,-0.0006079782127482239,0.03333333333333333,0.0,-0.0
1743596979.7485774,89.0,-68.0,261.0,,-8.910673613300185,-0.09150588948419802,-0.0006460120938497627,0.03333333333333333,0.0,-0.0
1743596979.7687888,89.0,-68.0,261.0,,-8.919673613300185,-0.10050588948419836,-0.0007117532993294595,0.03333333333333333,0.0,-0.0
1743596979.7897303,89.0,-68.0,261.0,,-8.910673613300185,-0.10050588948419836,-0.0006079782127482239,0.03333333333333333,0.0,-0.0
1743596979.8099573,89.0,-68.0,261.0,,-8.919673613300185,-0.11050588948419815,-0.000670448044739029,0.03333333333333333,0.0,-0.0
1743596979.8301644,89.0,-68.0,261.0,,-8.919673613300185,-0.09150588948419802,-0.0006472098915775576,0.03333333333333333,0.0,-0.0
1743596979.8503602,89.0,-68.0,261.0,,-8.910673613300185,-0.10050588948419836,-0.0007105521685066979,0.03333333333333333,0.0,-0.0
1743596979.87076,89.0,-68.0,261.0,,-8.919673613300185,-0.10050588948419836,-0.0007117532993294595,0.03333333333333333,0.0,-0.0
1743596979.8909733,89.0,-68.0,261.0,,-8.910673613300185,-0.10050588948419836,-0.0007105521685066979,0.03333333333333333,0.0,-0.0
1743596979.9111836,89.0,-68.0,261.0,,-8.910673613300185,-0.10050588948419836,-0.0006079782127482239,0.03333333333333333,0.0,-0.0
1743596979.9323785,89.0,-68.0,261.0,,-8.910673613300185,-0.10050588948419836,-0.0007105521685066979,0.03333333333333333,0.0,-0.0
1743596979.9525554,89.0,-68.0,261.0,,-8.910673613300185,-0.10050588948419836,-0.0007105521685066979,0.03333333333333333,0.0,-0.0
1743596979.9727747,89.0,-68.0,261.0,,-8.910673613300185,-0.10050588948419836,-0.0007105521685066979,0.03333333333333333,0.0,-0.0
1743596979.993213,89.0,-68.0,261.0,,-8.910673613300185,-0.10050588948419836,-0.0007105521685066979,0.03333333333333333,0.0,-0.0
1743596980.014674,89.0,-68.0,261.0,,-8.910673613300185,-0.10050588948419836,-0.0007105521685066979,0.03333333333333333,0.0,-0.0
1743596980.0352013,89.0,-68.0,261.0,,-8.910673613300185,-0.10050588948419836,-0.0007105521685066979,0.03333333333333333,0.0,-0.0
1743596980.0556948,89.0,-68.0,261.0,,-8.919673613300185,-0.10050588948419836,-0.0006090052875564744,0.03333333333333333,0.0,-0.0
1743596980.078429,89.0,-68.0,261.0,,-8.919673613300185,-0.10050588948419836,-0.0008040377785339392,0.03333333333333333,0.0,-0.0
1743596980.09866,89.0,-68.0,261.0,,-8.919673613300185,-0.10050588948419836,-0.0008040377785339392,0.03333333333333333,0.0,-0.0
1743596980.1188736,89.0,-68.0,261.0,,-8.910673613300185,-0.10050588948419836,-0.0006079782127482239,0.03333333333333333,0.0,-0.0
1743596980.1390622,89.0,-68.0,261.0,,-8.910673613300185,-0.10050588948419836,-0.0007105521685066979,0.03333333333333333,0.0,-0.0
1743596980.1594505,89.0,-68.0,261.0,,-8.910673613300185,-0.10050588948419836,-0.0007105521685066979,0.03333333333333333,0.0,-0.0
1743596980.1796153,89.0,-68.0,261.0,,-8.910673613300185,-0.10050588948419836,-0.0006079782127482239,0.03333333333333333,0.0,-0.0
1743596980.1998396,89.0,-68.0,261.0,,-8.910673613300185,-0.10050588948419836,-0.0007105521685066979,0.03333333333333333,0.0,-0.0
1743596980.22048,89.0,-68.0,261.0,,-8.910673613300185,-0.10050588948419836,-0.0007105521685066979,0.03333333333333333,0.0,-0.0
1743596980.2407126,89.0,-68.0,261.0,,-8.910673613300185,-0.10050588948419836,-0.0007105521685066979,0.03333333333333333,0.0,-0.0
1743596980.2623987,89.0,-68.0,261.0,,-8.910673613300185,-0.10050588948419836,-0.0007105521685066979,0.03333333333333333,0.0,-0.0
1743596980.2826107,89.0,-68.0,261.0,,-8.910673613300185,-0.10050588948419836,-0.0007105521685066979,0.03333333333333333,0.0,-0.0
1743596980.302815,89.0,-68.0,261.0,,-8.910673613300185,-0.10050588948419836,-0.0007105521685066979,0.03333333333333333,0.0,-0.0
1743596980.3230255,89.0,-68.0,261.0,,-8.910673613300185,-0.10050588948419836,-0.0006079782127482239,0.03333333333333333,0.0,-0.0
1743596980.3432226,89.0,-68.0,261.0,,-8.910673613300185,-0.10050588948419836,-0.0007105521685066979,0.03333333333333333,0.0,-0.0
1743596980.3635538,89.0,-68.0,261.0,,-8.919673613300185,-0.10050588948419836,-0.0007117532993294595,0.03333333333333333,0.0,-0.0
1743596980.3843179,89.0,-69.0,261.0,,-8.982423983937549,-0.10050588948419836,-0.0007117532993294595,0.03333333333333333,0.0,-0.0
1743596980.4045055,89.0,-68.0,261.0,,-8.919673613300185,-0.10050588948419836,-0.0007117532993294595,0.03333333333333333,0.0,-0.0
1743596980.4247122,89.0,-68.0,261.0,,-8.919673613300185,-0.10050588948419836,-0.0007117532993294595,0.03333333333333333,0.0,-0.0
1743596980.445635,89.0,-68.0,261.0,,-8.919673613300185,-0.10050588948419836,-0.0007117532993294595,0.03333333333333333,0.0,-0.0
1743596980.465849,89.0,-68.0,261.0,,-8.910673613300185,-0.10050588948419836,-0.0007105521685066979,0.03333333333333333,0.0,-0.0
1743596980.4879649,89.0,-68.0,261.0,,-8.910673613300185,-0.09150588948419802,-0.0006460120938497627,0.03333333333333333,0.0,-0.0
1743596980.5081959,89.0,-69.0,261.0,,-8.973423983937549,-0.10050588948419836,-0.0007105521685066979,0.03333333333333333,0.0,-0.0
1743596980.5285225,89.0,-69.0,261.0,,-8.973423983937549,-0.10050588948419836,-0.0006079782127482239,0.03333333333333333,0.0,-0.0
1743596980.5491989,89.0,-69.0,261.0,,-8.982423983937549,-0.09150588948419802,-0.0006472098915775576,0.03333333333333333,0.0,-0.0
1743596980.5699785,89.0,-69.0,261.0,,-8.982423983937549,-0.10050588948419836,-0.0007117532993294595,0.03333333333333333,0.0,-0.0
1743596980.590183,89.0,-69.0,261.0,,-8.973423983937549,-0.10050588948419836,-0.0006079782127482239,0.03333333333333333,0.0,-0.0
1743596980.6104014,89.0,-69.0,261.0,,-8.973423983937549,-0.10050588948419836,-0.0007105521685066979,0.03333333333333333,0.0,-0.0
1743596980.6330013,89.0,-69.0,261.0,,-8.973423983937549,-0.10050588948419836,-0.0007105521685066979,0.03333333333333333,0.0,-0.0
1743596980.653226,89.0,-69.0,261.0,,-8.973423983937549,-0.10050588948419836,-0.0007105521685066979,0.03333333333333333,0.0,-0.0
1743596980.6733725,89.0,-69.0,261.0,,-8.982423983937549,-0.10050588948419836,-0.0007117532993294595,0.03333333333333333,0.0,-0.0
1743596980.6935527,89.0,-69.0,261.0,,-8.982423983937549,-0.10050588948419836,-0.0007117532993294595,0.03333333333333333,0.0,-0.0
1743596980.713971,89.0,-69.0,261.0,,-8.973423983937549,-0.10050588948419836,-0.0006079782127482239,0.03333333333333333,0.0,-0.0
1743596980.7341578,89.0,-69.0,261.0,,-8.973423983937549,-0.11050588948419815,-0.0007824037695288305,0.03333333333333333,0.0,-0.0
1743596980.754367,89.0,-69.0,261.0,,-8.973423983937549,-0.11050588948419815,-0.0007824037695288305,0.03333333333333333,0.0,-0.0
1743596980.7746172,89.0,-69.0,261.0,,-8.973423983937549,-0.10050588948419836,-0.0006079782127482239,0.03333333333333333,0.0,-0.0
1743596980.7955403,89.0,-69.0,261.0,,-8.973423983937549,-0.10050588948419836,-0.0006079782127482239,0.03333333333333333,0.0,-0.0
1743596980.815809,89.0,-69.0,261.0,,-8.982423983937549,-0.10050588948419836,-0.0006090052875564744,0.03333333333333333,0.0,-0.0
1743596980.8359945,89.0,-69.0,261.0,,-8.982423983937549,-0.11050588948419815,-0.0007836086183107271,0.03333333333333333,0.0,-0.0
1743596980.856544,89.0,-69.0,261.0,,-8.973423983937549,-0.10050588948419836,-0.0007105521685066979,0.03333333333333333,0.0,-0.0
1743596980.8767729,89.0,-69.0,261.0,,-8.982423983937549,-0.10050588948419836,-0.0006090052875564744,0.03333333333333333,0.0,-0.0
1743596980.8969998,89.0,-69.0,261.0,,-8.982423983937549,-0.10050588948419836,-0.0007117532993294595,0.03333333333333333,0.0,-0.0
1743596980.9174094,89.0,-69.0,261.0,,-8.973423983937549,-0.10050588948419836,-0.0006079782127482239,0.03333333333333333,0.0,-0.0
1743596980.9375994,89.0,-69.0,261.0,,-8.973423983937549,-0.10050588948419836,-0.0006079782127482239,0.03333333333333333,0.0,-0.0
1743596980.958161,89.0,-69.0,261.0,,-8.973423983937549,-0.10050588948419836,-0.0007105521685066979,0.03333333333333333,0.0,-0.0
1743596980.9783642,89.0,-69.0,261.0,,-8.973423983937549,-0.10050588948419836,-0.0006079782127482239,0.03333333333333333,0.0,-0.0
1743596980.9985979,89.0,-69.0,261.0,,-8.973423983937549,-0.10050588948419836,-0.0006079782127482239,0.03333333333333333,0.0,-0.0
1743596981.0213907,89.0,-69.0,261.0,,-8.973423983937549,-0.10050588948419836,-0.0007105521685066979,0.03333333333333333,0.0,-0.0
1743596981.041584,89.0,-69.0,262.0,,-8.973423983937549,-0.10050588948419836,-0.0006079782127482239,0.03333333333333333,0.0,-0.0
1743596981.0618036,89.0,-69.0,262.0,,-8.973423983937549,-0.10050588948419836,-0.0006079782127482239,0.03333333333333333,0.0,-0.0
1743596981.0826051,89.0,-69.0,262.0,,-8.982423983937549,-0.09150588948419802,-0.000553814873979791,0.03333333333333333,0.0,-0.0
1743596981.1028674,89.0,-69.0,261.0,,-8.973423983937549,-0.10050588948419836,-0.0006079782127482239,0.03333333333333333,0.0,-0.0
1743596981.1233542,89.0,-69.0,261.0,,-8.963423983937549,-0.10050588948419836,-0.0007091474159034855,0.03333333333333333,0.0,-0.0
1743596981.1435277,89.0,-69.0,261.0,,-8.973423983937549,-0.10050588948419836,-0.0007105521685066979,0.03333333333333333,0.0,-0.0
1743596981.1655724,89.0,-69.0,261.0,,-8.973423983937549,-0.10050588948419836,-0.0007105521685066979,0.03333333333333333,0.0,-0.0
1743596981.1857884,89.0,-69.0,261.0,,-8.973423983937549,-0.09150588948419802,-0.0005527906493078202,0.03333333333333333,0.0,-0.0
1743596981.2060122,89.0,-69.0,262.0,,-8.982423983937549,-0.10050588948419836,-0.0007117532993294595,0.03333333333333333,0.0,-0.0
1743596981.2262144,89.0,-69.0,261.0,,-8.982423983937549,-0.10050588948419836,-0.0007117532993294595,0.03333333333333333,0.0,-0.0
1743596981.2463799,89.0,-69.0,261.0,,-8.973423983937549,-0.09150588948419802,-0.0006460120938497627,0.03333333333333333,0.0,-0.0
1743596981.266707,89.0,-69.0,261.0,,-8.973423983937549,-0.09150588948419802,-0.0006460120938497627,0.03333333333333333,0.0,-0.0
1743596981.2870512,89.0,-69.0,261.0,,-8.973423983937549,-0.10050588948419836,-0.0006079782127482239,0.03333333333333333,0.0,-0.0
1743596981.3076172,89.0,-69.0,261.0,,-8.982423983937549,-0.10050588948419836,-0.0006090052875564744,0.03333333333333333,0.0,-0.0
1743596981.3278234,89.0,-69.0,262.0,,-8.973423983937549,-0.10050588948419836,-0.0006079782127482239,0.03333333333333333,0.0,-0.0
1743596981.3480098,89.0,-69.0,261.0,,-8.973423983937549,-0.10050588948419836,-0.0007105521685066979,0.03333333333333333,0.0,-0.0
1743596981.368219,89.0,-69.0,261.0,,-8.973423983937549,-0.10050588948419836,-0.0006079782127482239,0.03333333333333333,0.0,-0.0
1743596981.3884134,89.0,-69.0,262.0,,-8.973423983937549,-0.10050588948419836,-0.0006079782127482239,0.03333333333333333,0.0,-0.0
1743596981.4090037,89.0,-69.0,262.0,,-8.982423983937549,-0.11050588948419815,-0.0007836086183107271,0.03333333333333333,0.0,-0.0
1743596981.430419,89.0,-69.0,262.0,,-8.973423983937549,-0.10050588948419836,-0.0007105521685066979,0.03333333333333333,0.0,-0.0
1743596981.450948,89.0,-69.0,262.0,,-8.973423983937549,-0.10050588948419836,-0.0006079782127482239,0.03333333333333333,0.0,-0.0
1743596981.4711282,89.0,-69.0,262.0,,-8.973423983937549,-0.10050588948419836,-0.0007105521685066979,0.03333333333333333,0.0,-0.0
1743596981.4913473,89.0,-69.0,262.0,,-8.982423983937549,-0.10050588948419836,-0.0006090052875564744,0.03333333333333333,0.0,-0.0
1743596981.5116787,89.0,-69.0,262.0,,-8.973423983937549,-0.10050588948419836,-0.0007105521685066979,0.03333333333333333,0.0,-0.0
1743596981.5324087,89.0,-69.0,262.0,,-8.973423983937549,-0.10050588948419836,-0.0008026800070507351,0.03333333333333333,0.0,-0.0
1743596981.552609,89.0,-69.0,262.0,,-8.982423983937549,-0.09150588948419802,-0.0006472098915775576,0.03333333333333333,0.0,-0.0
1743596981.5727956,89.0,-69.0,262.0,,-8.982423983937549,-0.10050588948419836,-0.0007117532993294595,0.03333333333333333,0.0,-0.0
1743596981.5930061,89.0,-69.0,262.0,,-8.982423983937549,-0.10050588948419836,-0.0007117532993294595,0.03333333333333333,0.0,-0.0
1743596981.6133425,89.0,-69.0,262.0,,-8.973423983937549,-0.10050588948419836,-0.0007105521685066979,0.03333333333333333,0.0,-0.0
1743596981.6335225,89.0,-69.0,262.0,,-8.973423983937549,-0.10050588948419836,-0.0006079782127482239,0.03333333333333333,0.0,-0.0
1743596981.653728,89.0,-69.0,262.0,,-8.973423983937549,-0.10050588948419836,-0.0006079782127482239,0.03333333333333333,0.0,-0.0
1743596981.6739213,89.0,-69.0,262.0,,-8.973423983937549,-0.10050588948419836,-0.0006079782127482239,0.03333333333333333,0.0,-0.0
1743596981.6941094,89.0,-69.0,262.0,,-8.973423983937549,-0.10050588948419836,-0.0007105521685066979,0.03333333333333333,0.0,-0.0
1743596981.7149687,89.0,-69.0,262.0,,-8.973423983937549,-0.10050588948419836,-0.0007105521685066979,0.03333333333333333,0.0,-0.0
1743596981.7357285,89.0,-69.0,262.0,,-8.973423983937549,-0.10050588948419836,-0.0007105521685066979,0.03333333333333333,0.0,-0.0
1743596981.7560713,89.0,-69.0,262.0,,-8.973423983937549,-0.10050588948419836,-0.0006079782127482239,0.03333333333333333,0.0,-0.0
1743596981.7762828,89.0,-69.0,262.0,,-8.973423983937549,-0.10050588948419836,-0.0006079782127482239,0.03333333333333333,0.0,-0.0
1743596981.7968683,89.0,-69.0,262.0,,-8.982423983937549,-0.09150588948419802,-0.0006472098915775576,0.03333333333333333,0.0,-0.0
1743596981.81708,89.0,-69.0,262.0,,-8.973423983937549,-0.10050588948419836,-0.0006079782127482239,0.03333333333333333,0.0,-0.0
1743596981.8384187,89.0,-69.0,262.0,,-8.973423983937549,-0.10050588948419836,-0.0006079782127482239,0.03333333333333333,0.0,-0.0
1743596981.858648,89.0,-69.0,262.0,,-8.982423983937549,-0.10050588948419836,-0.0007117532993294595,0.03333333333333333,0.0,-0.0
1743596981.8788483,89.0,-69.0,262.0,,-8.982423983937549,-0.11050588948419815,-0.0007836086183107271,0.03333333333333333,0.0,-0.0
1743596981.8991547,89.0,-69.0,262.0,,-8.982423983937549,-0.11050588948419815,-0.0007836086183107271,0.03333333333333333,0.0,-0.0
1743596981.9195464,89.0,-69.0,262.0,,-8.973423983937549,-0.10050588948419836,-0.0006079782127482239,0.03333333333333333,0.0,-0.0
1743596981.93975,89.0,-69.0,262.0,,-8.973423983937549,-0.10050588948419836,-0.0006079782127482239,0.03333333333333333,0.0,-0.0
1743596981.9599338,89.0,-69.0,262.0,,-8.973423983937549,-0.10050588948419836,-0.0006079782127482239,0.03333333333333333,0.0,-0.0
1743596981.9803855,89.0,-69.0,262.0,,-8.973423983937549,-0.10050588948419836,-0.0007105521685066979,0.03333333333333333,0.0,-0.0
1743596982.0006108,89.0,-69.0,261.0,,-8.982423983937549,-0.10050588948419836,-0.0007117532993294595,0.03333333333333333,0.0,-0.0
1743596982.0209663,89.0,-69.0,261.0,,-8.982423983937549,-0.10050588948419836,-0.0007117532993294595,0.03333333333333333,0.0,-0.0
1743596982.0417242,89.0,-69.0,261.0,,-8.973423983937549,-0.10050588948419836,-0.0007105521685066979,0.03333333333333333,0.0,-0.0
1743596982.06191,89.0,-69.0,261.0,,-8.963423983937549,-0.10050588948419836,-0.0007091474159034855,0.03333333333333333,0.0,-0.0
1743596982.0821779,89.0,-69.0,261.0,,-8.963423983937549,-0.10050588948419836,-0.0007091474159034855,0.03333333333333333,0.0,-0.0
1743596982.1023717,89.0,-69.0,261.0,,-8.973423983937549,-0.09150588948419802,-0.0006460120938497627,0.03333333333333333,0.0,-0.0
1743596982.1225774,89.0,-69.0,261.0,,-8.982423983937549,-0.10050588948419836,-0.0007117532993294595,0.03333333333333333,0.0,-0.0
1743596982.1443708,89.0,-69.0,261.0,,-8.973423983937549,-0.10050588948419836,-0.0007105521685066979,0.03333333333333333,0.0,-0.0
1743596982.1646328,89.0,-69.0,261.0,,-8.982423983937549,-0.10050588948419836,-0.0007117532993294595,0.03333333333333333,0.0,-0.0
1743596982.18677,89.0,-69.0,261.0,,-8.973423983937549,-0.10050588948419836,-0.0007105521685066979,0.03333333333333333,0.0,-0.0
1743596982.2070286,89.0,-68.0,261.0,,-8.900673613300185,-0.10050588948419836,-0.0007091474159034855,0.03333333333333333,0.0,-0.0
1743596982.2275608,89.0,-68.0,261.0,,-8.910673613300185,-0.10050588948419836,-0.0006079782127482239,0.03333333333333333,0.0,-0.0
1743596982.2480807,89.0,-69.0,261.0,,-8.982423983937549,-0.10050588948419836,-0.0007117532993294595,0.03333333333333333,0.0,-0.0
1743596982.268775,89.0,-69.0,261.0,,-8.982423983937549,-0.10050588948419836,-0.0006090052875564744,0.03333333333333333,0.0,-0.0
1743596982.2893994,89.0,-68.0,261.0,,-8.910673613300185,-0.10050588948419836,-0.0006079782127482239,0.03333333333333333,0.0,-0.0
1743596982.3098097,89.0,-68.0,261.0,,-8.910673613300185,-0.10050588948419836,-0.0007105521685066979,0.03333333333333333,0.0,-0.0
1743596982.3306282,89.0,-68.0,261.0,,-8.910673613300185,-0.10050588948419836,-0.0006079782127482239,0.03333333333333333,0.0,-0.0
1743596982.3520868,89.0,-69.0,261.0,,-8.982423983937549,-0.10050588948419836,-0.0007117532993294595,0.03333333333333333,0.0,-0.0
1743596982.3723283,89.0,-69.0,261.0,,-8.982423983937549,-0.10050588948419836,-0.0007117532993294595,0.03333333333333333,0.0,-0.0
1743596982.3925734,89.0,-68.0,261.0,,-8.910673613300185,-0.11050588948419815,-0.0007824037695288305,0.03333333333333333,0.0,-0.0
1743596982.4129791,89.0,-68.0,261.0,,-8.910673613300185,-0.10050588948419836,-0.0007105521685066979,0.03333333333333333,0.0,-0.0
1743596982.4331903,89.0,-68.0,261.0,,-8.910673613300185,-0.10050588948419836,-0.0007105521685066979,0.03333333333333333,0.0,-0.0
1743596982.4534125,89.0,-68.0,261.0,,-8.910673613300185,-0.10050588948419836,-0.0007105521685066979,0.03333333333333333,0.0,-0.0
1743596982.4736102,89.0,-68.0,261.0,,-8.910673613300185,-0.10050588948419836,-0.0007105521685066979,0.03333333333333333,0.0,-0.0
1743596982.4942117,89.0,-68.0,261.0,,-8.910673613300185,-0.10050588948419836,-0.0007105521685066979,0.03333333333333333,0.0,-0.0
1743596982.5147655,89.0,-69.0,261.0,,-8.973423983937549,-0.10050588948419836,-0.0007105521685066979,0.03333333333333333,0.0,-0.0
1743596982.5349634,89.0,-69.0,261.0,,-8.973423983937549,-0.10050588948419836,-0.0007105521685066979,0.03333333333333333,0.0,-0.0
1743596982.555178,89.0,-69.0,261.0,,-8.973423983937549,-0.10050588948419836,-0.0007105521685066979,0.03333333333333333,0.0,-0.0
1743596982.5765567,89.0,-69.0,261.0,,-8.973423983937549,-0.10050588948419836,-0.0006079782127482239,0.03333333333333333,0.0,-0.0
1743596982.5970056,89.0,-69.0,261.0,,-8.973423983937549,-0.10050588948419836,-0.0007105521685066979,0.03333333333333333,0.0,-0.0
1743596982.6173916,89.0,-69.0,261.0,,-8.973423983937549,-0.10050588948419836,-0.0007105521685066979,0.03333333333333333,0.0,-0.0
1743596982.638654,89.0,-69.0,261.0,,-8.982423983937549,-0.10050588948419836,-0.0006090052875564744,0.03333333333333333,0.0,-0.0
1743596982.6588633,89.0,-69.0,261.0,,-8.982423983937549,-0.09150588948419802,-0.0006472098915775576,0.03333333333333333,0.0,-0.0
1743596982.6791055,89.0,-69.0,261.0,,-8.982423983937549,-0.09150588948419802,-0.0006472098915775576,0.03333333333333333,0.0,-0.0
1743596982.699331,89.0,-69.0,261.0,,-8.973423983937549,-0.10050588948419836,-0.0006079782127482239,0.03333333333333333,0.0,-0.0
1743596982.7195718,89.0,-69.0,261.0,,-8.963423983937549,-0.10050588948419836,-0.0006067770230186939,0.03333333333333333,0.0,-0.0
1743596982.7410645,89.0,-69.0,261.0,,-8.963423983937549,-0.10050588948419836,-0.0006067770230186939,0.03333333333333333,0.0,-0.0
1743596982.7615058,89.0,-69.0,261.0,,-8.973423983937549,-0.10050588948419836,-0.0007105521685066979,0.03333333333333333,0.0,-0.0
1743596982.7816916,89.0,-69.0,261.0,,-8.973423983937549,-0.10050588948419836,-0.0007105521685066979,0.03333333333333333,0.0,-0.0
1743596982.8025784,89.0,-69.0,261.0,,-8.973423983937549,-0.10050588948419836,-0.0007105521685066979,0.03333333333333333,0.0,-0.0
1743596982.8230536,89.0,-69.0,261.0,,-8.973423983937549,-0.10050588948419836,-0.0007105521685066979,0.03333333333333333,0.0,-0.0
1743596982.8432531,89.0,-69.0,261.0,,-8.973423983937549,-0.10050588948419836,-0.0007105521685066979,0.03333333333333333,0.0,-0.0
1743596982.8668377,89.0,-69.0,261.0,,-8.973423983937549,-0.10050588948419836,-0.0007105521685066979,0.03333333333333333,0.0,-0.0
1743596982.8871095,89.0,-69.0,261.0,,-8.973423983937549,-0.09150588948419802,-0.0006460120938497627,0.03333333333333333,0.0,-0.0
1743596982.9077005,89.0,-69.0,261.0,,-8.973423983937549,-0.10050588948419836,-0.0007105521685066979,0.03333333333333333,0.0,-0.0
1743596982.9279242,89.0,-69.0,261.0,,-8.973423983937549,-0.10050588948419836,-0.0007105521685066979,0.03333333333333333,0.0,-0.0
1743596982.948147,89.0,-69.0,261.0,,-8.973423983937549,-0.10050588948419836,-0.0006079782127482239,0.03333333333333333,0.0,-0.0
1743596982.9686992,89.0,-69.0,261.0,,-8.982423983937549,-0.09150588948419802,-0.000553814873979791,0.03333333333333333,0.0,-0.0
1743596982.989235,89.0,-69.0,262.0,,-8.973423983937549,-0.10050588948419836,-0.0007105521685066979,0.03333333333333333,0.0,-0.0
1743596983.0094495,89.0,-69.0,262.0,,-8.973423983937549,-0.10050588948419836,-0.0006079782127482239,0.03333333333333333,0.0,-0.0
1743596983.029785,89.0,-69.0,262.0,,-8.973423983937549,-0.10050588948419836,-0.0007105521685066979,0.03333333333333333,0.0,-0.0
1743596983.050138,89.0,-69.0,262.0,,-8.973423983937549,-0.10050588948419836,-0.0007105521685066979,0.03333333333333333,0.0,-0.0
1743596983.070326,89.0,-69.0,261.0,,-8.973423983937549,-0.10050588948419836,-0.0007105521685066979,0.03333333333333333,0.0,-0.0
1743596983.090871,89.0,-69.0,261.0,,-8.973423983937549,-0.10050588948419836,-0.0007105521685066979,0.03333333333333333,0.0,-0.0
1743596983.1113834,89.0,-69.0,261.0,,-8.973423983937549,-0.10050588948419836,-0.0006079782127482239,0.03333333333333333,0.0,-0.0
1743596983.1316035,89.0,-69.0,262.0,,-8.982423983937549,-0.10050588948419836,-0.0007117532993294595,0.03333333333333333,0.0,-0.0
1743596983.1534014,89.0,-69.0,262.0,,-8.982423983937549,-0.10050588948419836,-0.0007117532993294595,0.03333333333333333,0.0,-0.0
1743596983.1735985,89.0,-69.0,262.0,,-8.973423983937549,-0.10050588948419836,-0.0007105521685066979,0.03333333333333333,0.0,-0.0
1743596983.1939414,89.0,-69.0,261.0,,-8.982423983937549,-0.10050588948419836,-0.0007117532993294595,0.03333333333333333,0.0,-0.0
1743596983.214284,89.0,-69.0,261.0,,-8.982423983937549,-0.10050588948419836,-0.0007117532993294595,0.03333333333333333,0.0,-0.0
1743596983.234464,89.0,-69.0,262.0,,-8.982423983937549,-0.09150588948419802,-0.000553814873979791,0.03333333333333333,0.0,-0.0
1743596983.2546344,89.0,-69.0,262.0,,-8.973423983937549,-0.09150588948419802,-0.0006460120938497627,0.03333333333333333,0.0,-0.0
1743596983.2749379,89.0,-69.0,262.0,,-8.973423983937549,-0.09150588948419802,-0.0006460120938497627,0.03333333333333333,0.0,-0.0
1743596983.29513,89.0,-69.0,262.0,,-8.973423983937549,-0.10050588948419836,-0.0007105521685066979,0.03333333333333333,0.0,-0.0
1743596983.3153205,89.0,-69.0,261.0,,-8.973423983937549,-0.10050588948419836,-0.0006079782127482239,0.03333333333333333,0.0,-0.0
1743596983.335701,89.0,-69.0,261.0,,-8.973423983937549,-0.10050588948419836,-0.0006079782127482239,0.03333333333333333,0.0,-0.0
1743596983.356383,89.0,-69.0,261.0,,-8.973423983937549,-0.10050588948419836,-0.0007105521685066979,0.03333333333333333,0.0,-0.0
1743596983.379411,89.0,-69.0,261.0,,-8.973423983937549,-0.10050588948419836,-0.0007105521685066979,0.03333333333333333,0.0,-0.0
1743596983.3995929,89.0,-69.0,261.0,,-8.973423983937549,-0.10050588948419836,-0.0007105521685066979,0.03333333333333333,0.0,-0.0
1743596983.4199035,89.0,-69.0,261.0,,-8.973423983937549,-0.11050588948419815,-0.0007824037695288305,0.03333333333333333,0.0,-0.0
1743596983.4400778,89.0,-69.0,262.0,,-8.982423983937549,-0.09150588948419802,-0.0006472098915775576,0.03333333333333333,0.0,-0.0
1743596983.4603033,89.0,-69.0,262.0,,-8.982423983937549,-0.09150588948419802,-0.0006472098915775576,0.03333333333333333,0.0,-0.0
1743596983.4805303,89.0,-69.0,261.0,,-8.973423983937549,-0.10050588948419836,-0.0006079782127482239,0.03333333333333333,0.0,-0.0
1743596983.500915,89.0,-69.0,261.0,,-8.973423983937549,-0.10050588948419836,-0.0007105521685066979,0.03333333333333333,0.0,-0.0
1743596983.522724,89.0,-69.0,261.0,,-8.973423983937549,-0.10050588948419836,-0.0007105521685066979,0.03333333333333333,0.0,-0.0
1743596983.5434248,89.0,-69.0,261.0,,-8.973423983937549,-0.09150588948419802,-0.0006460120938497627,0.03333333333333333,0.0,-0.0
1743596983.56388,89.0,-69.0,261.0,,-8.973423983937549,-0.10050588948419836,-0.0007105521685066979,0.03333333333333333,0.0,-0.0
1743596983.5842078,89.0,-69.0,261.0,,-8.973423983937549,-0.09150588948419802,-0.0006460120938497627,0.03333333333333333,0.0,-0.0
1743596983.6054149,89.0,-69.0,261.0,,-8.973423983937549,-0.10050588948419836,-0.0007105521685066979,0.03333333333333333,0.0,-0.0
1743596983.6256144,89.0,-69.0,261.0,,-8.982423983937549,-0.09150588948419802,-0.0006472098915775576,0.03333333333333333,0.0,-0.0
1743596983.6458118,89.0,-69.0,261.0,,-8.982423983937549,-0.10050588948419836,-0.0007117532993294595,0.03333333333333333,0.0,-0.0
1743596983.666019,89.0,-69.0,261.0,,-8.973423983937549,-0.10050588948419836,-0.0007105521685066979,0.03333333333333333,0.0,-0.0
1743596983.6866362,89.0,-69.0,261.0,,-8.973423983937549,-0.10050588948419836,-0.0006079782127482239,0.03333333333333333,0.0,-0.0
1743596983.7071855,89.0,-69.0,261.0,,-8.973423983937549,-0.09150588948419802,-0.0005527906493078202,0.03333333333333333,0.0,-0.0
1743596983.727706,89.0,-69.0,261.0,,-8.963423983937549,-0.10050588948419836,-0.0006067770230186939,0.03333333333333333,0.0,-0.0
1743596983.7482185,89.0,-69.0,261.0,,-8.973423983937549,-0.10050588948419836,-0.0007105521685066979,0.03333333333333333,0.0,-0.0
1743596983.76889,89.0,-69.0,261.0,,-8.973423983937549,-0.10050588948419836,-0.0007105521685066979,0.03333333333333333,0.0,-0.0
1743596983.7891126,89.0,-69.0,261.0,,-8.973423983937549,-0.09150588948419802,-0.0005527906493078202,0.03333333333333333,0.0,-0.0
1743596983.8093736,89.0,-69.0,261.0,,-8.982423983937549,-0.10050588948419836,-0.0007117532993294595,0.03333333333333333,0.0,-0.0
1743596983.8295512,89.0,-69.0,261.0,,-8.973423983937549,-0.11050588948419815,-0.0006694177906984011,0.03333333333333333,0.0,-0.0
1743596983.849754,89.0,-69.0,262.0,,-8.973423983937549,-0.09150588948419802,-0.0006460120938497627,0.03333333333333333,0.0,-0.0
1743596983.8699303,89.0,-69.0,262.0,,-8.973423983937549,-0.10050588948419836,-0.0007105521685066979,0.03333333333333333,0.0,-0.0
1743596983.8924575,89.0,-69.0,262.0,,-8.973423983937549,-0.10050588948419836,-0.0008026800070507351,0.03333333333333333,0.0,-0.0
1743596983.9126563,89.0,-69.0,261.0,,-8.973423983937549,-0.10050588948419836,-0.0006079782127482239,0.03333333333333333,0.0,-0.0
1743596983.933529,89.0,-69.0,261.0,,-8.973423983937549,-0.10050588948419836,-0.0006079782127482239,0.03333333333333333,0.0,-0.0
1743596983.9537451,89.0,-69.0,261.0,,-8.973423983937549,-0.10050588948419836,-0.0007105521685066979,0.03333333333333333,0.0,-0.0
1743596983.9745347,89.0,-69.0,261.0,,-8.973423983937549,-0.10050588948419836,-0.0007105521685066979,0.03333333333333333,0.0,-0.0
1743596983.994755,89.0,-69.0,261.0,,-8.973423983937549,-0.10050588948419836,-0.0007105521685066979,0.03333333333333333,0.0,-0.0
1743596984.014974,89.0,-69.0,261.0,,-8.973423983937549,-0.10050588948419836,-0.0007105521685066979,0.03333333333333333,0.0,-0.0
1743596984.0358794,89.0,-69.0,261.0,,-8.982423983937549,-0.10050588948419836,-0.0007117532993294595,0.03333333333333333,0.0,-0.0
1743596984.0584383,89.0,-69.0,261.0,,-8.982423983937549,-0.10050588948419836,-0.0007117532993294595,0.03333333333333333,0.0,-0.0
1743596984.078636,89.0,-69.0,261.0,,-8.982423983937549,-0.10050588948419836,-0.0007117532993294595,0.03333333333333333,0.0,-0.0
1743596984.0991902,89.0,-69.0,261.0,,-8.982423983937549,-0.10050588948419836,-0.0007117532993294595,0.03333333333333333,0.0,-0.0
1743596984.1197042,89.0,-69.0,261.0,,-8.982423983937549,-0.10050588948419836,-0.0007117532993294595,0.03333333333333333,0.0,-0.0
1743596984.139902,89.0,-69.0,261.0,,-8.973423983937549,-0.11050588948419815,-0.0007824037695288305,0.03333333333333333,0.0,-0.0
1743596984.1601057,89.0,-69.0,261.0,,-8.963423983937549,-0.09150588948419802,-0.0006446112392423098,0.03333333333333333,0.0,-0.0
1743596984.180655,89.0,-69.0,261.0,,-8.963423983937549,-0.09150588948419802,-0.0006446112392423098,0.03333333333333333,0.0,-0.0
1743596984.2008731,89.0,-69.0,261.0,,-8.982423983937549,-0.10050588948419836,-0.0006090052875564744,0.03333333333333333,0.0,-0.0
1743596984.2211494,89.0,-69.0,261.0,,-8.982423983937549,-0.10050588948419836,-0.0007117532993294595,0.03333333333333333,0.0,-0.0
1743596984.2414758,89.0,-69.0,261.0,,-8.982423983937549,-0.10050588948419836,-0.0007117532993294595,0.03333333333333333,0.0,-0.0
1743596984.2618783,89.0,-69.0,261.0,,-8.963423983937549,-0.10050588948419836,-0.0006067770230186939,0.03333333333333333,0.0,-0.0
1743596984.2827783,89.0,-69.0,261.0,,-8.973423983937549,-0.11050588948419815,-0.0007824037695288305,0.03333333333333333,0.0,-0.0
1743596984.3029556,89.0,-69.0,261.0,,-8.982423983937549,-0.10050588948419836,-0.0007117532993294595,0.03333333333333333,0.0,-0.0
1743596984.3232236,89.0,-69.0,261.0,,-8.982423983937549,-0.10050588948419836,-0.0007117532993294595,0.03333333333333333,0.0,-0.0
1743596984.3433821,89.0,-69.0,261.0,,-8.973423983937549,-0.10050588948419836,-0.0007105521685066979,0.03333333333333333,0.0,-0.0
1743596984.364485,89.0,-69.0,261.0,,-8.973423983937549,-0.10050588948419836,-0.0007105521685066979,0.03333333333333333,0.0,-0.0
1743596984.384684,89.0,-69.0,261.0,,-8.973423983937549,-0.10050588948419836,-0.0007105521685066979,0.03333333333333333,0.0,-0.0
1743596984.4048862,89.0,-69.0,261.0,,-8.973423983937549,-0.10050588948419836,-0.0006079782127482239,0.03333333333333333,0.0,-0.0
1743596984.4254055,89.0,-69.0,261.0,,-8.973423983937549,-0.10050588948419836,-0.0007105521685066979,0.03333333333333333,0.0,-0.0
1743596984.4462385,89.0,-69.0,261.0,,-8.973423983937549,-0.10050588948419836,-0.0007105521685066979,0.03333333333333333,0.0,-0.0
1743596984.466472,89.0,-69.0,261.0,,-8.973423983937549,-0.10050588948419836,-0.0007105521685066979,0.03333333333333333,0.0,-0.0
1743596984.4867933,89.0,-69.0,261.0,,-8.973423983937549,-0.10050588948419836,-0.0007105521685066979,0.03333333333333333,0.0,-0.0
1743596984.507179,89.0,-69.0,261.0,,-8.973423983937549,-0.10050588948419836,-0.0007105521685066979,0.03333333333333333,0.0,-0.0
1743596984.5275776,89.0,-69.0,261.0,,-8.973423983937549,-0.10050588948419836,-0.0007105521685066979,0.03333333333333333,0.0,-0.0
1743596984.547786,89.0,-69.0,261.0,,-8.973423983937549,-0.10050588948419836,-0.0006079782127482239,0.03333333333333333,0.0,-0.0
1743596984.5679908,89.0,-69.0,261.0,,-8.973423983937549,-0.11050588948419815,-0.0007824037695288305,0.03333333333333333,0.0,-0.0
1743596984.5881631,89.0,-69.0,261.0,,-8.973423983937549,-0.10050588948419836,-0.0006079782127482239,0.03333333333333333,0.0,-0.0
1743596984.6086657,89.0,-69.0,261.0,,-8.973423983937549,-0.10050588948419836,-0.0006079782127482239,0.03333333333333333,0.0,-0.0
1743596984.6292365,89.0,-69.0,261.0,,-8.973423983937549,-0.10050588948419836,-0.0007105521685066979,0.03333333333333333,0.0,-0.0
1743596984.6494343,89.0,-69.0,261.0,,-8.973423983937549,-0.10050588948419836,-0.0007105521685066979,0.03333333333333333,0.0,-0.0
1743596984.669981,89.0,-69.0,261.0,,-8.973423983937549,-0.09150588948419802,-0.0005527906493078202,0.03333333333333333,0.0,-0.0
1743596984.6901603,89.0,-69.0,261.0,,-8.973423983937549,-0.10050588948419836,-0.0007105521685066979,0.03333333333333333,0.0,-0.0
1743596984.7104454,89.0,-69.0,261.0,,-8.973423983937549,-0.09150588948419802,-0.0006460120938497627,0.03333333333333333,0.0,-0.0
1743596984.731363,89.0,-69.0,261.0,,-8.973423983937549,-0.10050588948419836,-0.0007105521685066979,0.03333333333333333,0.0,-0.0
1743596984.7519217,89.0,-69.0,261.0,,-8.982423983937549,-0.10050588948419836,-0.0007117532993294595,0.03333333333333333,0.0,-0.0
1743596984.7728581,89.0,-69.0,261.0,,-8.982423983937549,-0.10050588948419836,-0.0007117532993294595,0.03333333333333333,0.0,-0.0
1743596984.7930655,89.0,-69.0,261.0,,-8.973423983937549,-0.10050588948419836,-0.0007105521685066979,0.03333333333333333,0.0,-0.0
1743596984.813278,89.0,-69.0,261.0,,-8.973423983937549,-0.10050588948419836,-0.0007105521685066979,0.03333333333333333,0.0,-0.0
1743596984.8363752,89.0,-69.0,261.0,,-8.973423983937549,-0.10050588948419836,-0.0007105521685066979,0.03333333333333333,0.0,-0.0
1743596984.857213,89.0,-69.0,261.0,,-8.973423983937549,-0.10050588948419836,-0.0007105521685066979,0.03333333333333333,0.0,-0.0
1743596984.8773785,89.0,-69.0,261.0,,-8.973423983937549,-0.10050588948419836,-0.0006079782127482239,0.03333333333333333,0.0,-0.0
1743596984.897602,89.0,-69.0,261.0,,-8.973423983937549,-0.10050588948419836,-0.0006079782127482239,0.03333333333333333,0.0,-0.0
1743596984.9177923,89.0,-69.0,261.0,,-8.973423983937549,-0.10050588948419836,-0.0006079782127482239,0.03333333333333333,0.0,-0.0
1743596984.9380288,89.0,-69.0,261.0,,-8.973423983937549,-0.10050588948419836,-0.0007105521685066979,0.03333333333333333,0.0,-0.0
1743596984.9582443,89.0,-69.0,261.0,,-8.973423983937549,-0.10050588948419836,-0.0007105521685066979,0.03333333333333333,0.0,-0.0
1743596984.9785278,89.0,-69.0,261.0,,-8.973423983937549,-0.10050588948419836,-0.0006079782127482239,0.03333333333333333,0.0,-0.0
1743596984.999049,89.0,-69.0,261.0,,-8.973423983937549,-0.10050588948419836,-0.0007105521685066979,0.03333333333333333,0.0,-0.0
1743596985.0192764,89.0,-69.0,261.0,,-8.973423983937549,-0.10050588948419836,-0.0007105521685066979,0.03333333333333333,0.0,-0.0
1743596985.0394726,89.0,-69.0,261.0,,-8.973423983937549,-0.10050588948419836,-0.0007105521685066979,0.03333333333333333,0.0,-0.0
1743596985.0597203,89.0,-69.0,261.0,,-8.973423983937549,-0.10050588948419836,-0.0007105521685066979,0.03333333333333333,0.0,-0.0
1743596985.0804105,89.0,-69.0,261.0,,-8.973423983937549,-0.10050588948419836,-0.0007105521685066979,0.03333333333333333,0.0,-0.0
1743596985.1005867,89.0,-69.0,261.0,,-8.973423983937549,-0.10050588948419836,-0.0006079782127482239,0.03333333333333333,0.0,-0.0
1743596985.1207662,89.0,-69.0,262.0,,-8.982423983937549,-0.10050588948419836,-0.0007117532993294595,0.03333333333333333,0.0,-0.0
1743596985.141346,89.0,-69.0,262.0,,-8.982423983937549,-0.10050588948419836,-0.0007117532993294595,0.03333333333333333,0.0,-0.0
1743596985.1615713,89.0,-69.0,261.0,,-8.973423983937549,-0.10050588948419836,-0.0007105521685066979,0.03333333333333333,0.0,-0.0
1743596985.1818573,89.0,-69.0,261.0,,-8.982423983937549,-0.10050588948419836,-0.0007117532993294595,0.03333333333333333,0.0,-0.0
1743596985.2020311,89.0,-69.0,261.0,,-8.973423983937549,-0.10050588948419836,-0.0007105521685066979,0.03333333333333333,0.0,-0.0
1743596985.2226582,89.0,-69.0,261.0,,-8.973423983937549,-0.10050588948419836,-0.0006079782127482239,0.03333333333333333,0.0,-0.0
1743596985.242904,89.0,-69.0,261.0,,-8.973423983937549,-0.10050588948419836,-0.0007105521685066979,0.03333333333333333,0.0,-0.0
1743596985.2631063,89.0,-69.0,261.0,,-8.973423983937549,-0.09150588948419802,-0.0006460120938497627,0.03333333333333333,0.0,-0.0
1743596985.2834005,89.0,-69.0,261.0,,-8.973423983937549,-0.10050588948419836,-0.0007105521685066979,0.03333333333333333,0.0,-0.0
1743596985.3053992,89.0,-69.0,261.0,,-8.973423983937549,-0.10050588948419836,-0.0007105521685066979,0.03333333333333333,0.0,-0.0
1743596985.325568,89.0,-69.0,261.0,,-8.973423983937549,-0.11050588948419815,-0.0007824037695288305,0.03333333333333333,0.0,-0.0
1743596985.3457677,89.0,-69.0,261.0,,-8.973423983937549,-0.10050588948419836,-0.0007105521685066979,0.03333333333333333,0.0,-0.0
1743596985.3659775,89.0,-69.0,261.0,,-8.982423983937549,-0.10050588948419836,-0.0007117532993294595,0.03333333333333333,0.0,-0.0
1743596985.3863237,89.0,-69.0,261.0,,-8.982423983937549,-0.09150588948419802,-0.0006472098915775576,0.03333333333333333,0.0,-0.0
1743596985.4066663,89.0,-69.0,261.0,,-8.973423983937549,-0.10050588948419836,-0.0007105521685066979,0.03333333333333333,0.0,-0.0
1743596985.427011,89.0,-69.0,261.0,,-8.982423983937549,-0.10050588948419836,-0.0006090052875564744,0.03333333333333333,0.0,-0.0
1743596985.4472225,89.0,-69.0,261.0,,-8.973423983937549,-0.10050588948419836,-0.0007105521685066979,0.03333333333333333,0.0,-0.0
1743596985.4673874,89.0,-69.0,261.0,,-8.973423983937549,-0.10050588948419836,-0.0006079782127482239,0.03333333333333333,0.0,-0.0
1743596985.487623,89.0,-69.0,261.0,,-8.982423983937549,-0.10050588948419836,-0.0007117532993294595,0.03333333333333333,0.0,-0.0
1743596985.5094423,89.0,-69.0,261.0,,-8.982423983937549,-0.10050588948419836,-0.0006090052875564744,0.03333333333333333,0.0,-0.0
1743596985.5302262,89.0,-69.0,261.0,,-8.973423983937549,-0.10050588948419836,-0.0007105521685066979,0.03333333333333333,0.0,-0.0
1743596985.5504084,89.0,-69.0,261.0,,-8.973423983937549,-0.10050588948419836,-0.0007105521685066979,0.03333333333333333,0.0,-0.0
1743596985.5706127,89.0,-69.0,261.0,,-8.982423983937549,-0.10050588948419836,-0.0007117532993294595,0.03333333333333333,0.0,-0.0
1743596985.590778,89.0,-69.0,261.0,,-8.973423983937549,-0.10050588948419836,-0.0006079782127482239,0.03333333333333333,0.0,-0.0
1743596985.6110413,89.0,-69.0,261.0,,-8.973423983937549,-0.10050588948419836,-0.0006079782127482239,0.03333333333333333,0.0,-0.0
1743596985.6313562,89.0,-68.0,261.0,,-8.910673613300185,-0.10050588948419836,-0.0006079782127482239,0.03333333333333333,0.0,-0.0
1743596985.6515362,89.0,-69.0,261.0,,-8.973423983937549,-0.09150588948419802,-0.0006460120938497627,0.03333333333333333,0.0,-0.0
1743596985.671743,89.0,-69.0,261.0,,-8.973423983937549,-0.09150588948419802,-0.0006460120938497627,0.03333333333333333,0.0,-0.0
1743596985.691951,89.0,-69.0,261.0,,-8.973423983937549,-0.09150588948419802,-0.0006460120938497627,0.03333333333333333,0.0,-0.0
1743596985.712139,89.0,-69.0,261.0,,-8.973423983937549,-0.10050588948419836,-0.0006079782127482239,0.03333333333333333,0.0,-0.0
1743596985.7324271,89.0,-69.0,261.0,,-8.973423983937549,-0.10050588948419836,-0.0006079782127482239,0.03333333333333333,0.0,-0.0
1743596985.7526581,89.0,-69.0,261.0,,-8.973423983937549,-0.10050588948419836,-0.0006079782127482239,0.03333333333333333,0.0,-0.0
1743596985.7728393,89.0,-69.0,261.0,,-8.973423983937549,-0.10050588948419836,-0.0007105521685066979,0.03333333333333333,0.0,-0.0
1743596985.793043,89.0,-69.0,261.0,,-8.973423983937549,-0.10050588948419836,-0.0007105521685066979,0.03333333333333333,0.0,-0.0
1743596985.813366,89.0,-69.0,261.0,,-8.973423983937549,-0.09150588948419802,-0.0005527906493078202,0.03333333333333333,0.0,-0.0
1743596985.8337119,89.0,-69.0,261.0,,-8.973423983937549,-0.10050588948419836,-0.0006079782127482239,0.03333333333333333,0.0,-0.0
1743596985.855412,89.0,-69.0,261.0,,-8.973423983937549,-0.10050588948419836,-0.0006079782127482239,0.03333333333333333,0.0,-0.0
1743596985.8756146,89.0,-69.0,261.0,,-8.973423983937549,-0.10050588948419836,-0.0007105521685066979,0.03333333333333333,0.0,-0.0
1743596985.895799,89.0,-69.0,261.0,,-8.982423983937549,-0.10050588948419836,-0.0006090052875564744,0.03333333333333333,0.0,-0.0
1743596985.9159956,89.0,-69.0,261.0,,-8.982423983937549,-0.10050588948419836,-0.0006090052875564744,0.03333333333333333,0.0,-0.0
1743596985.9362893,89.0,-69.0,262.0,,-8.973423983937549,-0.10050588948419836,-0.0007105521685066979,0.03333333333333333,0.0,-0.0
1743596985.9565644,89.0,-69.0,262.0,,-8.982423983937549,-0.10050588948419836,-0.0006090052875564744,0.03333333333333333,0.0,-0.0
1743596985.9788785,89.0,-69.0,262.0,,-8.982423983937549,-0.10050588948419836,-0.0006090052875564744,0.03333333333333333,0.0,-0.0
1743596985.9990573,89.0,-69.0,262.0,,-8.973423983937549,-0.10050588948419836,-0.0006079782127482239,0.03333333333333333,0.0,-0.0
1743596986.021426,89.0,-69.0,262.0,,-8.973423983937549,-0.10050588948419836,-0.0007105521685066979,0.03333333333333333,0.0,-0.0
1743596986.0416384,89.0,-69.0,262.0,,-8.982423983937549,-0.10050588948419836,-0.0007117532993294595,0.03333333333333333,0.0,-0.0
1743596986.061823,89.0,-69.0,262.0,,-8.963423983937549,-0.10050588948419836,-0.0006067770230186939,0.03333333333333333,0.0,-0.0
1743596986.082158,89.0,-69.0,261.0,,-8.973423983937549,-0.10050588948419836,-0.0007105521685066979,0.03333333333333333,0.0,-0.0
1743596986.1024425,89.0,-69.0,261.0,,-8.982423983937549,-0.10050588948419836,-0.0006090052875564744,0.03333333333333333,0.0,-0.0
1743596986.1226516,89.0,-69.0,261.0,,-8.982423983937549,-0.09150588948419802,-0.0006472098915775576,0.03333333333333333,0.0,-0.0
1743596986.142822,89.0,-69.0,261.0,,-8.982423983937549,-0.09150588948419802,-0.000553814873979791,0.03333333333333333,0.0,-0.0
1743596986.1631882,89.0,-69.0,261.0,,-8.973423983937549,-0.10050588948419836,-0.0006079782127482239,0.03333333333333333,0.0,-0.0
1743596986.1836696,89.0,-69.0,262.0,,-8.973423983937549,-0.09150588948419802,-0.0006460120938497627,0.03333333333333333,0.0,-0.0
1743596986.2038813,89.0,-69.0,261.0,,-8.973423983937549,-0.10050588948419836,-0.0007105521685066979,0.03333333333333333,0.0,-0.0
1743596986.2240758,89.0,-69.0,261.0,,-8.973423983937549,-0.10050588948419836,-0.0007105521685066979,0.03333333333333333,0.0,-0.0
1743596986.2442865,89.0,-69.0,261.0,,-8.973423983937549,-0.10050588948419836,-0.0007105521685066979,0.03333333333333333,0.0,-0.0
1743596986.2644916,89.0,-69.0,261.0,,-8.973423983937549,-0.10050588948419836,-0.0007105521685066979,0.03333333333333333,0.0,-0.0
1743596986.2848933,89.0,-69.0,261.0,,-8.982423983937549,-0.10050588948419836,-0.0006090052875564744,0.03333333333333333,0.0,-0.0
1743596986.3051574,89.0,-69.0,261.0,,-8.973423983937549,-0.10050588948419836,-0.0007105521685066979,0.03333333333333333,0.0,-0.0
1743596986.3256443,89.0,-69.0,261.0,,-8.973423983937549,-0.10050588948419836,-0.0007105521685066979,0.03333333333333333,0.0,-0.0
1743596986.3458462,89.0,-69.0,261.0,,-8.963423983937549,-0.09150588948419802,-0.0005515927927588482,0.03333333333333333,0.0,-0.0
1743596986.3660393,89.0,-69.0,261.0,,-8.982423983937549,-0.10050588948419836,-0.0006090052875564744,0.03333333333333333,0.0,-0.0
1743596986.3893614,89.0,-69.0,262.0,,-8.982423983937549,-0.10050588948419836,-0.0007117532993294595,0.03333333333333333,0.0,-0.0
1743596986.4095402,89.0,-69.0,262.0,,-8.992423983937549,-0.10050588948419836,-0.0008054670874976244,0.03333333333333333,0.0,-0.0
1743596986.431497,89.0,-69.0,261.0,,-8.982423983937549,-0.10050588948419836,-0.0006090052875564744,0.03333333333333333,0.0,-0.0
1743596986.4516752,89.0,-69.0,261.0,,-8.963423983937549,-0.11050588948419815,-0.0006682128829175113,0.03333333333333333,0.0,-0.0
1743596986.4724019,89.0,-69.0,261.0,,-8.95342398393755,-0.10050588948419836,-0.0006055126912256417,0.03333333333333333,0.0,-0.0
1743596986.4925776,89.0,-69.0,262.0,,-8.973423983937549,-0.10050588948419836,-0.0007105521685066979,0.03333333333333333,0.0,-0.0
1743596986.51345,89.0,-69.0,262.0,,-8.973423983937549,-0.10050588948419836,-0.0007105521685066979,0.03333333333333333,0.0,-0.0
1743596986.533678,89.0,-69.0,262.0,,-8.973423983937549,-0.10050588948419836,-0.0007105521685066979,0.03333333333333333,0.0,-0.0
1743596986.5538714,89.0,-69.0,262.0,,-8.992423983937549,-0.09150588948419802,-0.0005548930623086312,0.03333333333333333,0.0,-0.0
1743596986.574079,89.0,-69.0,262.0,,-8.992423983937549,-0.09150588948419802,-0.0005548930623086312,0.03333333333333333,0.0,-0.0
1743596986.594295,89.0,-69.0,262.0,,-8.982423983937549,-0.10050588948419836,-0.0007117532993294595,0.03333333333333333,0.0,-0.0
1743596986.6144834,89.0,-69.0,261.0,,-8.973423983937549,-0.09150588948419802,-0.00045938007103475675,0.03333333333333333,0.0,-0.0
1743596986.6347833,89.0,-69.0,261.0,,-8.973423983937549,-0.09150588948419802,-0.00045938007103475675,0.03333333333333333,0.0,-0.0
1743596986.6573665,89.0,-69.0,262.0,,-8.982423983937549,-0.10050588948419836,-0.0006090052875564744,0.03333333333333333,0.0,-0.0
1743596986.6775594,89.0,-69.0,262.0,,-8.992423983937549,-0.10050588948419836,-0.0006100864762927788,0.03333333333333333,0.0,-0.0
1743596986.69776,89.0,-69.0,262.0,,-8.992423983937549,-0.10050588948419836,-0.0006100864762927788,0.03333333333333333,0.0,-0.0
1743596986.7179453,89.0,-69.0,262.0,,-8.973423983937549,-0.10050588948419836,-0.0007105521685066979,0.03333333333333333,0.0,-0.0
1743596986.7382445,89.0,-69.0,262.0,,-8.963423983937549,-0.11050588948419815,-0.0007809946688426828,0.03333333333333333,0.0,-0.0
1743596986.7584443,89.0,-69.0,262.0,,-8.963423983937549,-0.11050588948419815,-0.0007809946688426828,0.03333333333333333,0.0,-0.0
1743596986.7789845,89.0,-69.0,262.0,,-8.963423983937549,-0.09150588948419802,-0.0005515927927588482,0.03333333333333333,0.0,-0.0
1743596986.799183,89.0,-69.0,262.0,,-8.992423983937549,-0.10050588948419836,-0.0007130177146423972,0.03333333333333333,0.0,-0.0
1743596986.8198519,89.0,-69.0,262.0,,-8.992423983937549,-0.10050588948419836,-0.0007130177146423972,0.03333333333333333,0.0,-0.0
1743596986.84051,89.0,-69.0,262.0,,-8.992423983937549,-0.10050588948419836,-0.0007130177146423972,0.03333333333333333,0.0,-0.0
1743596986.8609123,89.0,-69.0,261.0,,-8.973423983937549,-0.10050588948419836,-0.0006079782127482239,0.03333333333333333,0.0,-0.0
1743596986.8815372,89.0,-69.0,261.0,,-8.963423983937549,-0.10050588948419836,-0.0006067770230186939,0.03333333333333333,0.0,-0.0
1743596986.90206,89.0,-69.0,261.0,,-8.963423983937549,-0.10050588948419836,-0.0006067770230186939,0.03333333333333333,0.0,-0.0
1743596986.9222715,89.0,-69.0,262.0,,-8.982423983937549,-0.10050588948419836,-0.0007117532993294595,0.03333333333333333,0.0,-0.0
1743596986.9428692,89.0,-69.0,262.0,,-8.992423983937549,-0.10050588948419836,-0.0007130177146423972,0.03333333333333333,0.0,-0.0
1743596986.9630585,89.0,-69.0,262.0,,-8.992423983937549,-0.10050588948419836,-0.0007130177146423972,0.03333333333333333,0.0,-0.0
1743596986.9833424,89.0,-69.0,261.0,,-8.982423983937549,-0.10050588948419836,-0.0007117532993294595,0.03333333333333333,0.0,-0.0
1743596987.0035925,89.0,-69.0,261.0,,-8.982423983937549,-0.10050588948419836,-0.0007117532993294595,0.03333333333333333,0.0,-0.0
1743596987.0238147,89.0,-69.0,261.0,,-8.973423983937549,-0.10050588948419836,-0.0006079782127482239,0.03333333333333333,0.0,-0.0
1743596987.0439863,89.0,-69.0,261.0,,-8.963423983937549,-0.10050588948419836,-0.0006067770230186939,0.03333333333333333,0.0,-0.0
1743596987.0642142,89.0,-69.0,261.0,,-8.973423983937549,-0.10050588948419836,-0.0006079782127482239,0.03333333333333333,0.0,-0.0
1743596987.0846174,89.0,-69.0,261.0,,-8.963423983937549,-0.10050588948419836,-0.0007091474159034855,0.03333333333333333,0.0,-0.0
1743596987.104868,89.0,-69.0,262.0,,-8.973423983937549,-0.10050588948419836,-0.0007105521685066979,0.03333333333333333,0.0,-0.0
1743596987.1250587,89.0,-69.0,262.0,,-8.973423983937549,-0.10050588948419836,-0.0007105521685066979,0.03333333333333333,0.0,-0.0
1743596987.1452432,89.0,-69.0,261.0,,-8.973423983937549,-0.10050588948419836,-0.0007105521685066979,0.03333333333333333,0.0,-0.0
1743596987.165404,89.0,-69.0,261.0,,-8.973423983937549,-0.10050588948419836,-0.0007105521685066979,0.03333333333333333,0.0,-0.0
1743596987.1859837,89.0,-69.0,261.0,,-8.973423983937549,-0.09150588948419802,-0.0005527906493078202,0.03333333333333333,0.0,-0.0
1743596987.209389,89.0,-69.0,261.0,,-8.973423983937549,-0.09150588948419802,-0.0005527906493078202,0.03333333333333333,0.0,-0.0
1743596987.2296028,89.0,-69.0,261.0,,-8.982423983937549,-0.09150588948419802,-0.000553814873979791,0.03333333333333333,0.0,-0.0
1743596987.2498071,89.0,-69.0,261.0,,-8.973423983937549,-0.10050588948419836,-0.0007105521685066979,0.03333333333333333,0.0,-0.0
1743596987.270624,89.0,-69.0,261.0,,-8.973423983937549,-0.11050588948419815,-0.0006694177906984011,0.03333333333333333,0.0,-0.0
1743596987.2911177,89.0,-69.0,262.0,,-8.973423983937549,-0.10050588948419836,-0.0007105521685066979,0.03333333333333333,0.0,-0.0
1743596987.311645,89.0,-69.0,262.0,,-8.982423983937549,-0.10050588948419836,-0.0006090052875564744,0.03333333333333333,0.0,-0.0
1743596987.3321264,89.0,-69.0,262.0,,-8.982423983937549,-0.10050588948419836,-0.0007117532993294595,0.03333333333333333,0.0,-0.0
1743596987.3523402,89.0,-69.0,262.0,,-8.973423983937549,-0.11050588948419815,-0.0007824037695288305,0.03333333333333333,0.0,-0.0
1743596987.3728135,89.0,-69.0,262.0,,-8.963423983937549,-0.09150588948419802,-0.0005515927927588482,0.03333333333333333,0.0,-0.0
1743596987.3930342,89.0,-69.0,262.0,,-8.973423983937549,-0.10050588948419836,-0.0006079782127482239,0.03333333333333333,0.0,-0.0
1743596987.4143832,89.0,-69.0,262.0,,-8.973423983937549,-0.10050588948419836,-0.0006079782127482239,0.03333333333333333,0.0,-0.0
1743596987.4345622,89.0,-69.0,262.0,,-8.982423983937549,-0.10050588948419836,-0.0006090052875564744,0.03333333333333333,0.0,-0.0
1743596987.4548156,89.0,-69.0,262.0,,-8.982423983937549,-0.10050588948419836,-0.0007117532993294595,0.03333333333333333,0.0,-0.0
1743596987.4753706,89.0,-69.0,262.0,,-8.982423983937549,-0.10050588948419836,-0.0007117532993294595,0.03333333333333333,0.0,-0.0
1743596987.4955451,89.0,-69.0,262.0,,-8.992423983937549,-0.10050588948419836,-0.0007130177146423972,0.03333333333333333,0.0,-0.0
1743596987.51572,89.0,-69.0,262.0,,-8.973423983937549,-0.10050588948419836,-0.0007105521685066979,0.03333333333333333,0.0,-0.0
1743596987.5361278,89.0,-69.0,262.0,,-8.973423983937549,-0.10050588948419836,-0.0007105521685066979,0.03333333333333333,0.0,-0.0
1743596987.5594006,89.0,-69.0,262.0,,-8.963423983937549,-0.10050588948419836,-0.0006067770230186939,0.03333333333333333,0.0,-0.0
1743596987.5796041,89.0,-69.0,261.0,,-8.973423983937549,-0.11050588948419815,-0.0006694177906984011,0.03333333333333333,0.0,-0.0
1743596987.5998044,89.0,-69.0,261.0,,-8.973423983937549,-0.11050588948419815,-0.0006694177906984011,0.03333333333333333,0.0,-0.0
1743596987.6200995,89.0,-69.0,262.0,,-8.982423983937549,-0.10050588948419836,-0.0007117532993294595,0.03333333333333333,0.0,-0.0
1743596987.6404588,89.0,-69.0,262.0,,-8.973423983937549,-0.10050588948419836,-0.0007105521685066979,0.03333333333333333,0.0,-0.0
1743596987.6656752,89.0,-69.0,262.0,,-8.973423983937549,-0.10050588948419836,-0.0007105521685066979,0.03333333333333333,0.0,-0.0
1743596987.685889,89.0,-69.0,262.0,,-8.982423983937549,-0.10050588948419836,-0.0007117532993294595,0.03333333333333333,0.0,-0.0
1743596987.706143,89.0,-69.0,262.0,,-8.982423983937549,-0.10050588948419836,-0.0007117532993294595,0.03333333333333333,0.0,-0.0
1743596987.7263358,89.0,-69.0,261.0,,-8.982423983937549,-0.10050588948419836,-0.0007117532993294595,0.03333333333333333,0.0,-0.0
1743596987.7465289,89.0,-69.0,261.0,,-8.973423983937549,-0.10050588948419836,-0.0007105521685066979,0.03333333333333333,0.0,-0.0
1743596987.7669618,89.0,-69.0,261.0,,-8.973423983937549,-0.10050588948419836,-0.0006079782127482239,0.03333333333333333,0.0,-0.0
1743596987.7871792,89.0,-69.0,261.0,,-8.963423983937549,-0.10050588948419836,-0.0006067770230186939,0.03333333333333333,0.0,-0.0
1743596987.8077593,89.0,-69.0,261.0,,-8.963423983937549,-0.10050588948419836,-0.0006067770230186939,0.03333333333333333,0.0,-0.0
1743596987.8282313,89.0,-69.0,261.0,,-8.973423983937549,-0.10050588948419836,-0.0007105521685066979,0.03333333333333333,0.0,-0.0
1743596987.8486404,89.0,-69.0,262.0,,-8.982423983937549,-0.10050588948419836,-0.0007117532993294595,0.03333333333333333,0.0,-0.0
1743596987.8689816,89.0,-69.0,262.0,,-8.992423983937549,-0.10050588948419836,-0.0007130177146423972,0.03333333333333333,0.0,-0.0
1743596987.889178,89.0,-69.0,261.0,,-8.982423983937549,-0.10050588948419836,-0.0007117532993294595,0.03333333333333333,0.0,-0.0
1743596987.909502,89.0,-69.0,261.0,,-8.973423983937549,-0.10050588948419836,-0.0006079782127482239,0.03333333333333333,0.0,-0.0
1743596987.9297142,89.0,-69.0,261.0,,-8.963423983937549,-0.10050588948419836,-0.0006067770230186939,0.03333333333333333,0.0,-0.0
1743596987.9499292,89.0,-69.0,261.0,,-8.963423983937549,-0.09150588948419802,-0.0005515927927588482,0.03333333333333333,0.0,-0.0
1743596987.9702528,89.0,-69.0,261.0,,-8.963423983937549,-0.09150588948419802,-0.0005515927927588482,0.03333333333333333,0.0,-0.0
1743596987.9915442,89.0,-69.0,261.0,,-8.973423983937549,-0.10050588948419836,-0.0007105521685066979,0.03333333333333333,0.0,-0.0
1743596988.0120387,89.0,-69.0,262.0,,-8.973423983937549,-0.10050588948419836,-0.0006079782127482239,0.03333333333333333,0.0,-0.0
1743596988.0322301,89.0,-69.0,262.0,,-8.982423983937549,-0.10050588948419836,-0.0006090052875564744,0.03333333333333333,0.0,-0.0
1743596988.0524251,89.0,-69.0,261.0,,-8.973423983937549,-0.10050588948419836,-0.0006079782127482239,0.03333333333333333,0.0,-0.0
1743596988.0726988,89.0,-69.0,261.0,,-8.973423983937549,-0.10050588948419836,-0.0006079782127482239,0.03333333333333333,0.0,-0.0
1743596988.094422,89.0,-69.0,262.0,,-8.973423983937549,-0.10050588948419836,-0.0006079782127482239,0.03333333333333333,0.0,-0.0
1743596988.1146224,89.0,-69.0,262.0,,-8.982423983937549,-0.10050588948419836,-0.0006090052875564744,0.03333333333333333,0.0,-0.0
1743596988.1348293,89.0,-69.0,262.0,,-8.982423983937549,-0.10050588948419836,-0.0006090052875564744,0.03333333333333333,0.0,-0.0
1743596988.1552036,89.0,-69.0,262.0,,-8.973423983937549,-0.10050588948419836,-0.0007105521685066979,0.03333333333333333,0.0,-0.0
1743596988.1756897,89.0,-69.0,262.0,,-8.973423983937549,-0.10050588948419836,-0.0007105521685066979,0.03333333333333333,0.0,-0.0
1743596988.19622,89.0,-69.0,262.0,,-8.973423983937549,-0.10050588948419836,-0.0007105521685066979,0.03333333333333333,0.0,-0.0
1743596988.216374,89.0,-69.0,262.0,,-8.973423983937549,-0.09150588948419802,-0.0005527906493078202,0.03333333333333333,0.0,-0.0
1743596988.236559,89.0,-69.0,262.0,,-8.973423983937549,-0.10050588948419836,-0.0007105521685066979,0.03333333333333333,0.0,-0.0
1743596988.2567563,89.0,-69.0,262.0,,-8.973423983937549,-0.10050588948419836,-0.0007105521685066979,0.03333333333333333,0.0,-0.0
1743596988.2770755,89.0,-69.0,261.0,,-8.982423983937549,-0.10050588948419836,-0.0006090052875564744,0.03333333333333333,0.0,-0.0
1743596988.2973235,89.0,-69.0,262.0,,-8.982423983937549,-0.10050588948419836,-0.0006090052875564744,0.03333333333333333,0.0,-0.0
1743596988.3175366,89.0,-69.0,262.0,,-8.982423983937549,-0.10050588948419836,-0.0006090052875564744,0.03333333333333333,0.0,-0.0
1743596988.3377142,89.0,-69.0,262.0,,-8.963423983937549,-0.10050588948419836,-0.0007091474159034855,0.03333333333333333,0.0,-0.0
1743596988.3579097,89.0,-69.0,261.0,,-8.973423983937549,-0.10050588948419836,-0.0007105521685066979,0.03333333333333333,0.0,-0.0
1743596988.378185,89.0,-69.0,261.0,,-8.973423983937549,-0.10050588948419836,-0.0007105521685066979,0.03333333333333333,0.0,-0.0
1743596988.3986204,89.0,-69.0,262.0,,-8.982423983937549,-0.10050588948419836,-0.0006090052875564744,0.03333333333333333,0.0,-0.0
1743596988.4188204,89.0,-69.0,262.0,,-8.982423983937549,-0.10050588948419836,-0.0006090052875564744,0.03333333333333333,0.0,-0.0
1743596988.439048,89.0,-69.0,262.0,,-8.982423983937549,-0.10050588948419836,-0.0006090052875564744,0.03333333333333333,0.0,-0.0
1743596988.4592497,89.0,-69.0,262.0,,-8.973423983937549,-0.10050588948419836,-0.0006079782127482239,0.03333333333333333,0.0,-0.0
1743596988.4800155,89.0,-69.0,262.0,,-8.973423983937549,-0.10050588948419836,-0.0006079782127482239,0.03333333333333333,0.0,-0.0
1743596988.500894,89.0,-69.0,262.0,,-8.973423983937549,-0.10050588948419836,-0.0006079782127482239,0.03333333333333333,0.0,-0.0
1743596988.5213706,89.0,-69.0,262.0,,-8.963423983937549,-0.10050588948419836,-0.0006067770230186939,0.03333333333333333,0.0,-0.0
1743596988.541649,89.0,-69.0,262.0,,-8.963423983937549,-0.10050588948419836,-0.0006067770230186939,0.03333333333333333,0.0,-0.0
1743596988.5623271,89.0,-69.0,262.0,,-8.982423983937549,-0.10050588948419836,-0.0007117532993294595,0.03333333333333333,0.0,-0.0
1743596988.5829043,89.0,-69.0,262.0,,-8.992423983937549,-0.10050588948419836,-0.0007130177146423972,0.03333333333333333,0.0,-0.0
1743596988.6036806,89.0,-69.0,262.0,,-8.992423983937549,-0.10050588948419836,-0.0007130177146423972,0.03333333333333333,0.0,-0.0
1743596988.6244655,89.0,-69.0,262.0,,-8.973423983937549,-0.09150588948419802,-0.0006460120938497627,0.03333333333333333,0.0,-0.0
1743596988.6446545,89.0,-69.0,262.0,,-8.95342398393755,-0.10050588948419836,-0.0006055126912256417,0.03333333333333333,0.0,-0.0
1743596988.6648586,89.0,-69.0,262.0,,-8.94342398393755,-0.10050588948419836,-0.0005020644380585998,0.03333333333333333,0.0,-0.0
1743596988.6856158,89.0,-69.0,262.0,,-8.94342398393755,-0.10050588948419836,-0.0005020644380585998,0.03333333333333333,0.0,-0.0
1743596988.705819,89.0,-69.0,262.0,,-8.992423983937549,-0.11050588948419815,-0.0007848769476112016,0.03333333333333333,0.0,-0.0
1743596988.7260542,89.0,-69.0,262.0,,-9.002423983937549,-0.10050588948419836,-0.0007142082504243141,0.03333333333333333,0.0,-0.0
1743596988.746751,89.0,-69.0,262.0,,-8.992423983937549,-0.08150588948419824,-0.0006515891004514329,0.03333333333333333,0.0,-0.0
1743596988.7669702,89.0,-69.0,262.0,,-8.992423983937549,-0.11050588948419815,-0.0006715325803303557,0.03333333333333333,0.0,-0.0
1743596988.787202,89.0,-69.0,261.0,,-8.973423983937549,-0.10050588948419836,-0.0006079782127482239,0.03333333333333333,0.0,-0.0
1743596988.8074589,89.0,-69.0,261.0,,-8.95342398393755,-0.10050588948419836,-0.0007076688206935217,0.03333333333333333,0.0,-0.0
1743596988.8276558,89.0,-69.0,262.0,,-8.95342398393755,-0.09150588948419802,-0.0006431367467582966,0.03333333333333333,0.0,-0.0
1743596988.847975,89.0,-69.0,261.0,,-8.973423983937549,-0.10050588948419836,-0.0007105521685066979,0.03333333333333333,0.0,-0.0
1743596988.868202,89.0,-69.0,262.0,,-8.992423983937549,-0.11050588948419815,-0.0006715325803303557,0.03333333333333333,0.0,-0.0
1743596988.888536,89.0,-69.0,262.0,,-8.982423983937549,-0.09150588948419802,-0.0007310771997377369,0.03333333333333333,0.0,-0.0
1743596988.9093688,89.0,-69.0,262.0,,-8.973423983937549,-0.10050588948419836,-0.0008026800070507351,0.03333333333333333,0.0,-0.0
1743596988.9295564,89.0,-69.0,261.0,,-8.963423983937549,-0.11050588948419815,-0.0006682128829175113,0.03333333333333333,0.0,-0.0
1743596988.949777,89.0,-69.0,261.0,,-8.95342398393755,-0.10050588948419836,-0.0006055126912256417,0.03333333333333333,0.0,-0.0
1743596988.9699938,89.0,-69.0,261.0,,-8.963423983937549,-0.09150588948419802,-0.0006446112392423098,0.03333333333333333,0.0,-0.0
1743596988.9902248,89.0,-69.0,262.0,,-8.982423983937549,-0.10050588948419836,-0.0007117532993294595,0.03333333333333333,0.0,-0.0
1743596989.0109944,89.0,-69.0,262.0,,-8.992423983937549,-0.09150588948419802,-0.0007325025423336323,0.03333333333333333,0.0,-0.0
1743596989.031288,89.0,-69.0,262.0,,-8.992423983937549,-0.09150588948419802,-0.0007325025423336323,0.03333333333333333,0.0,-0.0
1743596989.0516458,89.0,-69.0,261.0,,-8.982423983937549,-0.10050588948419836,-0.0007117532993294595,0.03333333333333333,0.0,-0.0
1743596989.0718257,89.0,-69.0,261.0,,-8.963423983937549,-0.10050588948419836,-0.0006067770230186939,0.03333333333333333,0.0,-0.0
1743596989.0920424,89.0,-69.0,261.0,,-8.963423983937549,-0.10050588948419836,-0.0006067770230186939,0.03333333333333333,0.0,-0.0
1743596989.112483,89.0,-69.0,262.0,,-8.963423983937549,-0.09150588948419802,-0.0006446112392423098,0.03333333333333333,0.0,-0.0
1743596989.1326826,89.0,-69.0,262.0,,-8.982423983937549,-0.10050588948419836,-0.0007117532993294595,0.03333333333333333,0.0,-0.0
1743596989.1533349,89.0,-69.0,262.0,,-8.982423983937549,-0.10050588948419836,-0.0007117532993294595,0.03333333333333333,0.0,-0.0
1743596989.1735432,89.0,-69.0,261.0,,-8.973423983937549,-0.10050588948419836,-0.0006079782127482239,0.03333333333333333,0.0,-0.0
1743596989.1937392,89.0,-69.0,261.0,,-8.963423983937549,-0.11050588948419815,-0.0006682128829175113,0.03333333333333333,0.0,-0.0
1743596989.2141962,89.0,-69.0,261.0,,-8.963423983937549,-0.11050588948419815,-0.0006682128829175113,0.03333333333333333,0.0,-0.0
1743596989.2343936,89.0,-69.0,261.0,,-8.982423983937549,-0.10050588948419836,-0.0007117532993294595,0.03333333333333333,0.0,-0.0
1743596989.2545924,89.0,-69.0,261.0,,-8.973423983937549,-0.09150588948419802,-0.0006460120938497627,0.03333333333333333,0.0,-0.0
1743596989.2749557,89.0,-69.0,261.0,,-8.973423983937549,-0.09150588948419802,-0.0006460120938497627,0.03333333333333333,0.0,-0.0
1743596989.2974133,89.0,-69.0,261.0,,-8.973423983937549,-0.10050588948419836,-0.0006079782127482239,0.03333333333333333,0.0,-0.0
1743596989.3176043,89.0,-69.0,262.0,,-8.973423983937549,-0.10050588948419836,-0.0006079782127482239,0.03333333333333333,0.0,-0.0
1743596989.3377948,89.0,-69.0,262.0,,-8.973423983937549,-0.10050588948419836,-0.0006079782127482239,0.03333333333333333,0.0,-0.0
1743596989.3582592,89.0,-69.0,262.0,,-8.973423983937549,-0.10050588948419836,-0.0007105521685066979,0.03333333333333333,0.0,-0.0
1743596989.3788607,89.0,-69.0,262.0,,-8.973423983937549,-0.10050588948419836,-0.0007105521685066979,0.03333333333333333,0.0,-0.0
1743596989.401428,89.0,-69.0,262.0,,-8.973423983937549,-0.10050588948419836,-0.0007105521685066979,0.03333333333333333,0.0,-0.0
1743596989.4216397,89.0,-69.0,262.0,,-8.982423983937549,-0.10050588948419836,-0.0007117532993294595,0.03333333333333333,0.0,-0.0
1743596989.4418383,89.0,-69.0,262.0,,-8.982423983937549,-0.09150588948419802,-0.0006472098915775576,0.03333333333333333,0.0,-0.0
1743596989.4620144,89.0,-69.0,262.0,,-8.982423983937549,-0.10050588948419836,-0.0006090052875564744,0.03333333333333333,0.0,-0.0
1743596989.4827147,89.0,-69.0,262.0,,-8.973423983937549,-0.09150588948419802,-0.0005527906493078202,0.03333333333333333,0.0,-0.0
1743596989.5029447,89.0,-69.0,262.0,,-8.963423983937549,-0.10050588948419836,-0.0006067770230186939,0.03333333333333333,0.0,-0.0
1743596989.5233495,89.0,-69.0,262.0,,-8.963423983937549,-0.10050588948419836,-0.0007091474159034855,0.03333333333333333,0.0,-0.0
1743596989.543808,89.0,-69.0,262.0,,-8.973423983937549,-0.10050588948419836,-0.0005052145969763264,0.03333333333333333,0.0,-0.0
1743596989.5649936,89.0,-69.0,262.0,,-8.973423983937549,-0.09150588948419802,-0.0006460120938497627,0.03333333333333333,0.0,-0.0
1743596989.5854735,89.0,-69.0,262.0,,-8.992423983937549,-0.10050588948419836,-0.0006100864762927788,0.03333333333333333,0.0,-0.0
1743596989.6056623,89.0,-69.0,262.0,,-8.973423983937549,-0.10050588948419836,-0.0007105521685066979,0.03333333333333333,0.0,-0.0
1743596989.6259584,89.0,-69.0,262.0,,-8.973423983937549,-0.09150588948419802,-0.0005527906493078202,0.03333333333333333,0.0,-0.0
1743596989.6479917,89.0,-69.0,262.0,,-8.963423983937549,-0.10050588948419836,-0.0007091474159034855,0.03333333333333333,0.0,-0.0
1743596989.66827,89.0,-69.0,262.0,,-8.973423983937549,-0.10050588948419836,-0.0007105521685066979,0.03333333333333333,0.0,-0.0
1743596989.6889937,89.0,-69.0,262.0,,-8.982423983937549,-0.10050588948419836,-0.0007117532993294595,0.03333333333333333,0.0,-0.0
1743596989.70918,89.0,-69.0,262.0,,-8.982423983937549,-0.10050588948419836,-0.0007117532993294595,0.03333333333333333,0.0,-0.0
1743596989.7293873,89.0,-69.0,262.0,,-8.982423983937549,-0.09150588948419802,-0.0006472098915775576,0.03333333333333333,0.0,-0.0
1743596989.7500672,89.0,-69.0,262.0,,-8.973423983937549,-0.10050588948419836,-0.0006079782127482239,0.03333333333333333,0.0,-0.0
1743596989.7705805,89.0,-69.0,262.0,,-8.963423983937549,-0.10050588948419836,-0.0006067770230186939,0.03333333333333333,0.0,-0.0
1743596989.7911541,89.0,-69.0,262.0,,-8.963423983937549,-0.10050588948419836,-0.0006067770230186939,0.03333333333333333,0.0,-0.0
1743596989.8118155,89.0,-69.0,262.0,,-8.963423983937549,-0.11050588948419815,-0.0007809946688426828,0.03333333333333333,0.0,-0.0
1743596989.8323271,89.0,-69.0,262.0,,-8.973423983937549,-0.09150588948419802,-0.0006460120938497627,0.03333333333333333,0.0,-0.0
1743596989.85286,89.0,-69.0,262.0,,-8.982423983937549,-0.09150588948419802,-0.0006472098915775576,0.03333333333333333,0.0,-0.0
1743596989.8731077,89.0,-69.0,262.0,,-8.992423983937549,-0.09150588948419802,-0.0005548930623086312,0.03333333333333333,0.0,-0.0
1743596989.8933575,89.0,-69.0,262.0,,-8.982423983937549,-0.12050588948419794,-0.0008556121914987669,0.03333333333333333,0.0,-0.0
1743596989.9138176,89.0,-69.0,262.0,,-8.973423983937549,-0.09150588948419802,-0.0006460120938497627,0.03333333333333333,0.0,-0.0
1743596989.934041,89.0,-69.0,261.0,,-8.973423983937549,-0.10050588948419836,-0.0007105521685066979,0.03333333333333333,0.0,-0.0
1743596989.9542334,89.0,-69.0,261.0,,-8.973423983937549,-0.10050588948419836,-0.0007105521685066979,0.03333333333333333,0.0,-0.0
1743596989.9744062,89.0,-69.0,261.0,,-8.982423983937549,-0.09150588948419802,-0.0006472098915775576,0.03333333333333333,0.0,-0.0
1743596989.9984267,89.0,-69.0,261.0,,-8.982423983937549,-0.09150588948419802,-0.0006472098915775576,0.03333333333333333,0.0,-0.0
1743596990.0186415,89.0,-69.0,262.0,,-9.09042398393755,-0.11050588948419815,-0.7078221223197869,0.03333333333333333,-0.3333333333333333,-0.0
1743596990.0388794,89.0,-50.0,243.0,,-6.466895986997175,-0.11050588948419815,-0.8039428382781819,0.03333333333333333,0.0,-0.0
1743596990.0590825,89.0,-50.0,243.0,,-6.466895986997175,-0.11050588948419815,-0.8039428382781819,0.03333333333333333,0.0,-0.0
1743596990.079335,89.0,-50.0,244.0,,-7.299895986997175,1.0754941105158018,0.008701633644493598,0.1,0.13333333333333333,0.1
1743596990.09977,89.0,-39.0,232.0,,-6.408633036198905,0.3014941105158009,0.038672282959493876,0.2,0.0,0.7666666666666667
1743596990.120081,89.0,-39.0,232.0,,-6.408633036198905,0.3014941105158009,0.038672282959493876,0.2,0.0,0.7666666666666667
1743596990.1405265,89.0,0.0,193.0,,0.401,-1.5035058894841988,-0.283772510506235,1.2,0.16666666666666666,0.8
1743596990.1619542,85.0,12.0,179.0,,1.2646136869222193,-0.05566998828002312,0.004107593635957807,3.433333333333333,0.7666666666666667,-0.3333333333333333
1743596990.1821945,82.0,6.0,185.0,,-0.06357577534431935,1.6994702456451947,0.09283118681881986,3.3,0.23333333333333334,-0.26666666666666666
1743596990.2024403,82.0,6.0,185.0,,-0.06357577534431935,1.6994702456451947,0.09283118681881986,3.3,0.23333333333333334,-0.26666666666666666
1743596990.2243912,75.0,2.0,188.0,,0.2643640626515345,-0.5727323558957593,-0.06635557892752342,2.4,0.0,-0.06666666666666667
1743596990.2446272,75.0,2.0,188.0,,0.2643640626515345,-0.5727323558957593,-0.06635557892752342,2.4,0.0,-0.06666666666666667
1743596990.2648728,75.0,2.0,188.0,,0.2643640626515345,-0.5727323558957593,-0.06635557892752342,2.4,0.0,-0.06666666666666667
1743596990.2850945,66.0,1.0,189.0,,-1.4267918928502488,1.2361190605260859,0.5239057339153574,3.0,-0.6333333333333333,0.1
1743596990.3073933,66.0,1.0,189.0,,-1.4267918928502488,1.2361190605260859,0.5239057339153574,3.0,-0.6333333333333333,0.1
1743596990.327564,60.0,6.0,190.0,,2.1814242246556805,1.8982907888746574,1.3476065927564616,1.0333333333333334,-0.8,-0.36666666666666664
1743596990.3477464,58.0,10.0,191.0,,3.1044886229125868,-0.33735182329453917,0.5057234003870095,1.0,0.03333333333333333,-0.6666666666666666
1743596990.3679163,57.0,11.0,193.0,,1.2248362446439045,-3.7373582715446094,-1.702065513395886,2.1333333333333333,0.3333333333333333,-0.5
1743596990.3882053,54.0,11.0,196.0,,0.8818362446439045,-4.985456714818234,-3.3376995816223785,4.133333333333334,-0.06666666666666667,-0.5333333333333333
1743596990.4116073,50.0,11.0,199.0,,2.1158362446439045,-3.5838959869971747,-1.8113995738980595,5.533333333333333,-0.36666666666666664,-0.8
1743596990.4318109,50.0,11.0,199.0,,2.1158362446439045,-3.5838959869971747,-1.8113995738980595,5.533333333333333,-0.36666666666666664,-0.8
1743596990.452826,32.0,9.0,205.0,,1.896622102044665,1.01749201787226,0.489087833548707,4.333333333333333,-0.1,0.4
1743596990.4730062,32.0,9.0,205.0,,1.896622102044665,1.01749201787226,0.489087833548707,4.333333333333333,-0.1,0.4
1743596990.4932168,27.0,9.0,206.0,,1.582622102044665,-0.3066468024449538,-0.3221382129508257,3.7333333333333334,-0.03333333333333333,0.23333333333333334
1743596990.5143929,27.0,9.0,206.0,,1.582622102044665,-0.3066468024449538,-0.3221382129508257,3.7333333333333334,-0.03333333333333333,0.23333333333333334
1743596990.5345669,13.0,10.0,208.0,,1.7614886229125868,0.5872301568866845,-0.8611794043734751,2.3,0.0,0.6
1743596990.55477,13.0,10.0,208.0,,1.7614886229125868,0.5872301568866845,-0.8611794043734751,2.3,0.0,0.6
1743596990.5749545,6.0,10.0,210.0,,1.7034886229125867,0.8955757753443194,0.4637329524863567,1.7333333333333334,0.7,-0.06666666666666667
1743596990.595364,6.0,10.0,210.0,,1.7034886229125867,0.8955757753443194,0.4637329524863567,1.7333333333333334,0.7,-0.06666666666666667
1743596990.6155531,2.0,9.0,211.0,,2.298622102044665,0.9706359373484654,0.6979086153826923,0.6333333333333333,0.5666666666666667,0.43333333333333335
1743596990.6357381,0.0,8.0,211.0,,1.4132881204182421,0.303,0.138665052386159,0.7,0.6333333333333333,0.36666666666666664
1743596990.6560407,0.0,8.0,211.0,,1.4132881204182421,0.303,0.138665052386159,0.7,0.6333333333333333,0.36666666666666664
1743596990.6763365,-2.0,7.0,212.0,,1.2045382588044966,2.1363640626515346,-0.3641808937621853,0.7666666666666667,0.6,0.03333333333333333
1743596990.6966624,-3.0,6.0,213.0,,1.1514242246556807,2.464415730743279,0.36552213006330625,0.06666666666666667,0.23333333333333334,0.16666666666666666
1743596990.7168581,-3.0,6.0,213.0,,1.1514242246556807,2.464415730743279,0.36552213006330625,0.06666666666666667,0.23333333333333334,0.16666666666666666
1743596990.7370663,-4.0,6.0,213.0,,1.3974242246556807,1.0653110074298693,1.0188647584106363,-0.36666666666666664,0.03333333333333333,0.13333333333333333
1743596990.75782,-5.0,6.0,214.0,,1.5244242246556805,-0.15500216364547337,0.012728950349005785,0.7,-0.4666666666666667,0.06666666666666667
1743596990.7780118,-5.0,6.0,214.0,,1.5244242246556805,-0.15500216364547337,0.012728950349005785,0.7,-0.4666666666666667,0.06666666666666667
1743596990.7982337,-7.0,7.0,214.0,,1.5865382588044967,2.4205382588044966,0.34984552713638095,1.0333333333333334,-0.6,-0.2
1743596990.8184862,-8.0,8.0,215.0,,1.795288120418242,2.482288120418242,0.6879143627570787,0.43333333333333335,-0.4666666666666667,-0.2
1743596990.8386846,-8.0,8.0,215.0,,1.795288120418242,2.482288120418242,0.6879143627570787,0.43333333333333335,-0.4666666666666667,-0.2
1743596990.8588648,-9.0,9.0,216.0,,2.072622102044665,1.308622102044665,0.6692185983211392,0.1,-0.3333333333333333,-0.2
1743596990.879484,-9.0,9.0,217.0,,2.170622102044665,1.0736221020446648,0.11576506361392624,0.1,0.03333333333333333,-0.06666666666666667
1743596990.8997,-9.0,9.0,217.0,,2.170622102044665,1.0736221020446648,0.11576506361392624,0.1,0.03333333333333333,-0.06666666666666667
1743596990.9198742,-10.0,9.0,217.0,,1.495622102044665,1.8794886229125867,-0.02133630919742835,-0.03333333333333333,0.0,-0.0
1743596990.9402068,-10.0,9.0,218.0,,1.582622102044665,1.1344886229125868,0.2866997391489683,0.03333333333333333,0.0,-0.13333333333333333
1743596990.9604516,-10.0,9.0,218.0,,1.582622102044665,1.1344886229125868,0.2866997391489683,0.03333333333333333,0.0,-0.13333333333333333
1743596990.9808335,-10.0,9.0,219.0,,1.670622102044665,1.7314886229125868,0.11496008298118632,0.03333333333333333,0.0,0.03333333333333333
1743596991.001036,-9.0,9.0,219.0,,1.5346221020446649,1.5346221020446649,0.1039999999999992,0.03333333333333333,-0.03333333333333333,0.16666666666666666
1743596991.0212197,-9.0,9.0,219.0,,1.6516221020446649,1.181622102044665,0.1308667371261194,0.03333333333333333,0.0,0.36666666666666664
1743596991.0414016,-9.0,9.0,219.0,,1.6516221020446649,1.181622102044665,0.1308667371261194,0.03333333333333333,0.0,0.36666666666666664
1743596991.0616035,-9.0,8.0,219.0,,1.6292881204182421,1.4266221020446648,0.1380332934556332,0.03333333333333333,0.0,0.7
1743596991.0818062,-9.0,8.0,219.0,,1.6292881204182421,1.4266221020446648,0.1380332934556332,0.03333333333333333,0.0,0.7
1743596991.1021848,-8.0,8.0,219.0,,1.374288120418242,1.257288120418242,0.10458607781651175,0.03333333333333333,0.0,-0.0
1743596991.1223884,-8.0,7.0,219.0,,1.2635382588044968,1.2472881204182422,0.11492363684568296,0.03333333333333333,0.0,-0.0
1743596991.1453693,-8.0,7.0,220.0,,1.2635382588044968,1.2472881204182422,0.11492363684568296,0.03333333333333333,0.0,-0.0
1743596991.165587,-8.0,7.0,220.0,,1.2635382588044968,1.238288120418242,0.11503342212915335,0.03333333333333333,0.0,-0.0
1743596991.185976,-7.0,7.0,221.0,,1.2635382588044968,1.0685382588044967,0.11503342212915335,0.03333333333333333,0.0,-0.0
1743596991.2064202,-7.0,6.0,221.0,,1.0934242246556807,1.0775382588044966,0.10492550081966279,0.03333333333333333,0.0,-0.0
1743596991.2265942,-6.0,5.0,221.0,,0.9129978363545267,0.9074242246556806,0.11486090074290622,0.03333333333333333,0.0,-0.0
1743596991.2469966,-6.0,5.0,222.0,,0.9229978363545266,0.8984242246556806,0.11503342212915335,0.03333333333333333,0.0,-0.0
1743596991.2672853,-5.0,5.0,222.0,,0.9229978363545266,0.7369978363545266,0.10492550081966279,0.03333333333333333,0.0,-0.0
1743596991.2874563,-5.0,4.0,222.0,,0.7523110074298693,0.7369978363545266,0.11492363684568296,0.03333333333333333,0.0,-0.0
1743596991.3076775,-4.0,4.0,222.0,,0.7523110074298693,0.5663110074298693,0.11492363684568296,0.03333333333333333,0.0,-0.0
1743596991.328044,-4.0,3.0,222.0,,0.5714157307432791,0.5663110074298693,0.10486263812704877,0.03333333333333333,0.0,-0.0
1743596991.3482416,-4.0,3.0,222.0,,0.5714157307432791,0.5663110074298693,0.10486263812704877,0.03333333333333333,0.0,-0.0
1743596991.3685622,-3.0,3.0,222.0,,0.581415730743279,0.38641573074327906,0.10503550762364533,0.03333333333333333,0.0,-0.0
1743596991.3890321,-3.0,3.0,223.0,,0.5714157307432791,0.39541573074327907,0.11486090074290622,0.03333333333333333,0.0,-0.0
1743596991.410578,-3.0,2.0,223.0,,0.41936406265153453,0.39541573074327907,0.11498861225460466,0.03333333333333333,0.0,-0.0
1743596991.431037,-3.0,2.0,223.0,,0.4103640626515345,0.39541573074327907,0.10492550081966279,0.03333333333333333,0.0,-0.0
1743596991.4524055,-2.0,2.0,223.0,,0.4103640626515345,0.22436406265153452,0.10492550081966279,0.03333333333333333,0.0,-0.0
1743596991.4728405,-2.0,2.0,223.0,,0.4103640626515345,0.21536406265153452,0.11503342212915335,0.03333333333333333,0.0,-0.0
1743596991.4930878,-2.0,2.0,223.0,,0.4103640626515345,0.21536406265153452,0.11503342212915335,0.03333333333333333,0.0,-0.0
1743596991.5136645,-2.0,1.0,223.0,,0.22920810714975126,0.22436406265153452,0.10486263812704877,0.03333333333333333,0.0,-0.0
1743596991.5342236,-1.0,1.0,223.0,,0.23920810714975127,0.04420810714975126,0.11503342212915335,0.03333333333333333,0.0,-0.0
1743596991.5545828,-1.0,1.0,223.0,,0.23920810714975127,0.04420810714975126,0.11503342212915335,0.03333333333333333,0.0,-0.0
1743596991.5749416,-1.0,1.0,223.0,,0.23920810714975127,0.05320810714975127,0.11492363684568296,0.03333333333333333,0.0,-0.0
1743596991.595149,-1.0,1.0,223.0,,0.24820810714975128,0.05320810714975127,0.11498861225460466,0.03333333333333333,0.0,-0.0
1743596991.6156778,-1.0,1.0,223.0,,0.24820810714975128,0.05320810714975127,0.11498861225460466,0.03333333333333333,0.0,-0.0
1743596991.6358528,-1.0,1.0,223.0,,0.23920810714975127,0.05320810714975127,0.11492363684568296,0.03333333333333333,0.0,-0.0
1743596991.656419,-1.0,1.0,223.0,,0.23920810714975127,0.05320810714975127,0.10492550081966279,0.03333333333333333,0.0,-0.0
1743596991.677144,-1.0,1.0,223.0,,0.23920810714975127,0.05320810714975127,0.10492550081966279,0.03333333333333333,0.0,-0.0
1743596991.6973305,-1.0,0.0,223.0,,0.068,0.05320810714975127,0.11492363684568296,0.03333333333333333,0.0,-0.0
1743596991.7175124,-1.0,0.0,223.0,,0.058,0.05320810714975127,0.10486263812704877,0.03333333333333333,0.0,-0.0
1743596991.7379253,-1.0,0.0,223.0,,0.058,0.05320810714975127,0.10486263812704877,0.03333333333333333,0.0,-0.0
1743596991.7583244,-1.0,0.0,223.0,,0.068,0.04420810714975126,0.11503342212915335,0.03333333333333333,0.0,-0.0
1743596991.7784984,0.0,0.0,223.0,,0.058,-0.118,0.11486090074290622,0.03333333333333333,0.0,-0.0
1743596991.7987185,0.0,0.0,223.0,,0.058,-0.118,0.11486090074290622,0.03333333333333333,0.0,-0.0
1743596991.8203282,0.0,0.0,223.0,,0.077,-0.118,0.11498861225460466,0.03333333333333333,0.0,-0.0
1743596991.840503,0.0,0.0,223.0,,0.068,-0.118,0.10492550081966279,0.03333333333333333,0.0,-0.0
1743596991.8607028,0.0,0.0,223.0,,0.068,-0.118,0.10492550081966279,0.03333333333333333,0.0,-0.0
1743596991.8811955,0.0,0.0,223.0,,0.068,-0.118,0.11492363684568296,0.03333333333333333,0.0,-0.0
1743596991.901412,0.0,0.0,223.0,,0.058,-0.127,0.11497068813283384,0.03333333333333333,0.0,-0.0
1743596991.9216063,0.0,0.0,223.0,,0.068,-0.118,0.10492550081966279,0.03333333333333333,0.0,-0.0
1743596991.9417746,0.0,0.0,223.0,,0.058,-0.127,0.11497068813283384,0.03333333333333333,0.0,-0.0
1743596991.96197,0.0,0.0,223.0,,0.068,-0.118,0.10492550081966279,0.03333333333333333,0.0,-0.0
1743596991.98214,0.0,0.0,223.0,,0.068,-0.118,0.11492363684568296,0.03333333333333333,0.0,-0.0
1743596992.0023303,0.0,0.0,223.0,,0.068,-0.127,0.11503342212915335,0.03333333333333333,0.0,-0.0
1743596992.0225828,0.0,0.0,223.0,,0.068,-0.118,0.10492550081966279,0.03333333333333333,0.0,-0.0
1743596992.0427625,0.0,0.0,223.0,,0.068,-0.127,0.11503342212915335,0.03333333333333333,0.0,-0.0
1743596992.0649393,0.0,0.0,223.0,,0.068,-0.118,0.10492550081966279,0.03333333333333333,0.0,-0.0
1743596992.0851214,0.0,0.0,223.0,,0.058,-0.127,0.11497068813283384,0.03333333333333333,0.0,-0.0
1743596992.1054585,0.0,0.0,223.0,,0.068,-0.127,0.11503342212915335,0.03333333333333333,0.0,-0.0
1743596992.1256464,0.0,0.0,223.0,,0.068,-0.127,0.11503342212915335,0.03333333333333333,0.0,-0.0
1743596992.1464126,0.0,0.0,223.0,,0.068,-0.118,0.10492550081966279,0.03333333333333333,0.0,-0.0
1743596992.1667967,0.0,0.0,223.0,,0.058,-0.118,0.11486090074290622,0.03333333333333333,0.0,-0.0
1743596992.1871212,0.0,0.0,223.0,,0.058,-0.118,0.11486090074290622,0.03333333333333333,0.0,-0.0
1743596992.2073193,0.0,0.0,223.0,,0.068,-0.127,0.10503550762364533,0.03333333333333333,0.0,-0.0
1743596992.2276144,0.0,0.0,223.0,,0.068,-0.118,0.10492550081966279,0.03333333333333333,0.0,-0.0
1743596992.2478096,0.0,0.0,223.0,,0.068,-0.118,0.11492363684568296,0.03333333333333333,0.0,-0.0
1743596992.267983,0.0,0.0,223.0,,0.068,-0.118,0.11492363684568296,0.03333333333333333,0.0,-0.0
1743596992.2882755,0.0,0.0,223.0,,0.068,-0.127,0.11503342212915335,0.03333333333333333,0.0,-0.0
1743596992.3085454,0.0,0.0,223.0,,0.058,-0.118,0.10486263812704877,0.03333333333333333,0.0,-0.0
1743596992.328819,0.0,0.0,223.0,,0.058,-0.118,0.11486090074290622,0.03333333333333333,0.0,-0.0
1743596992.352287,0.0,0.0,223.0,,0.068,-0.118,0.10492550081966279,0.03333333333333333,0.0,-0.0
1743596992.372462,0.0,0.0,223.0,,0.068,-0.118,0.11492363684568296,0.03333333333333333,0.0,-0.0
1743596992.3926408,0.0,0.0,223.0,,0.068,-0.118,0.11492363684568296,0.03333333333333333,0.0,-0.0
1743596992.4128458,0.0,0.0,223.0,,0.068,-0.118,0.11492363684568296,0.03333333333333333,0.0,-0.0
1743596992.4331248,0.0,0.0,223.0,,0.068,-0.118,0.10492550081966279,0.03333333333333333,0.0,-0.0
1743596992.4533865,0.0,0.0,223.0,,0.068,-0.118,0.10492550081966279,0.03333333333333333,0.0,-0.0
1743596992.4735804,0.0,0.0,223.0,,0.058,-0.118,0.11486090074290622,0.03333333333333333,0.0,-0.0
1743596992.4963634,0.0,0.0,223.0,,0.068,-0.127,0.10503550762364533,0.03333333333333333,0.0,-0.0
1743596992.5165145,0.0,0.0,223.0,,0.068,-0.127,0.10503550762364533,0.03333333333333333,0.0,-0.0
1743596992.5366848,0.0,0.0,223.0,,0.068,-0.127,0.10503550762364533,0.03333333333333333,0.0,-0.0
1743596992.5571735,0.0,0.0,223.0,,0.068,-0.118,0.10492550081966279,0.03333333333333333,0.0,-0.0
1743596992.5777035,0.0,0.0,223.0,,0.068,-0.118,0.10492550081966279,0.03333333333333333,0.0,-0.0
1743596992.597909,0.0,0.0,223.0,,0.058,-0.118,0.11486090074290622,0.03333333333333333,0.0,-0.0
1743596992.618111,0.0,0.0,223.0,,0.068,-0.118,0.11492363684568296,0.03333333333333333,0.0,-0.0
1743596992.6385536,0.0,0.0,223.0,,0.068,-0.118,0.11492363684568296,0.03333333333333333,0.0,-0.0
1743596992.65896,0.0,0.0,223.0,,0.068,-0.118,0.11492363684568296,0.03333333333333333,0.0,-0.0
1743596992.6792195,0.0,0.0,223.0,,0.068,-0.118,0.11492363684568296,0.03333333333333333,0.0,-0.0
1743596992.6994035,0.0,0.0,223.0,,0.068,-0.118,0.11492363684568296,0.03333333333333333,0.0,-0.0
1743596992.719702,0.0,0.0,223.0,,0.068,-0.118,0.10492550081966279,0.03333333333333333,0.0,-0.0
1743596992.7399619,0.0,0.0,223.0,,0.068,-0.127,0.10503550762364533,0.03333333333333333,0.0,-0.0
1743596992.7601414,0.0,0.0,223.0,,0.068,-0.127,0.10503550762364533,0.03333333333333333,0.0,-0.0
1743596992.7818384,0.0,0.0,223.0,,0.068,-0.127,0.12503134292821727,0.03333333333333333,0.0,-0.0
1743596992.8022234,0.0,0.0,223.0,,0.068,-0.118,0.11492363684568296,0.03333333333333333,0.0,-0.0
1743596992.822569,0.0,0.0,223.0,,0.068,-0.118,0.10492550081966279,0.03333333333333333,0.0,-0.0
1743596992.8430414,0.0,0.0,223.0,,0.068,-0.118,0.11492363684568296,0.03333333333333333,0.0,-0.0
1743596992.8633325,0.0,0.0,223.0,,0.068,-0.118,0.11492363684568296,0.03333333333333333,0.0,-0.0
1743596992.883595,0.0,0.0,223.0,,0.068,-0.118,0.11492363684568296,0.03333333333333333,0.0,-0.0
1743596992.9074314,0.0,0.0,223.0,,0.068,-0.118,0.11492363684568296,0.03333333333333333,0.0,-0.0
1743596992.9276483,0.0,0.0,223.0,,0.068,-0.127,0.11503342212915335,0.03333333333333333,0.0,-0.0
1743596992.9478242,0.0,0.0,223.0,,0.068,-0.127,0.11503342212915335,0.03333333333333333,0.0,-0.0
1743596992.9680102,0.0,0.0,223.0,,0.068,-0.118,0.11492363684568296,0.03333333333333333,0.0,-0.0
1743596992.990381,0.0,0.0,223.0,,0.058,-0.118,0.11486090074290622,0.03333333333333333,0.0,-0.0
1743596993.0105457,0.0,0.0,223.0,,0.068,-0.127,0.11503342212915335,0.03333333333333333,0.0,-0.0
1743596993.0307288,0.0,0.0,223.0,,0.068,-0.118,0.11492363684568296,0.03333333333333333,0.0,-0.0
1743596993.0509787,0.0,0.0,223.0,,0.068,-0.118,0.11492363684568296,0.03333333333333333,0.0,-0.0
1743596993.071343,0.0,0.0,223.0,,0.068,-0.118,0.11492363684568296,0.03333333333333333,0.0,-0.0
1743596993.0916326,0.0,0.0,223.0,,0.068,-0.118,0.10492550081966279,0.03333333333333333,0.0,-0.0
1743596993.111818,0.0,0.0,223.0,,0.068,-0.118,0.10492550081966279,0.03333333333333333,0.0,-0.0
1743596993.1320145,0.0,0.0,223.0,,0.068,-0.127,0.11503342212915335,0.03333333333333333,0.0,-0.0
1743596993.1523027,0.0,0.0,223.0,,0.058,-0.118,0.11486090074290622,0.03333333333333333,0.0,-0.0
1743596993.1728299,0.0,0.0,223.0,,0.058,-0.118,0.11486090074290622,0.03333333333333333,0.0,-0.0
1743596993.1934211,0.0,0.0,223.0,,0.068,-0.118,0.11492363684568296,0.03333333333333333,0.0,-0.0
1743596993.2147033,0.0,0.0,223.0,,0.068,-0.118,0.11492363684568296,0.03333333333333333,0.0,-0.0
1743596993.2349699,0.0,0.0,223.0,,0.068,-0.118,0.11492363684568296,0.03333333333333333,0.0,-0.0
1743596993.2551575,0.0,0.0,223.0,,0.068,-0.127,0.11503342212915335,0.03333333333333333,0.0,-0.0
1743596993.27533,0.0,0.0,223.0,,0.068,-0.127,0.10503550762364533,0.03333333333333333,0.0,-0.0
1743596993.295521,0.0,0.0,223.0,,0.068,-0.127,0.10503550762364533,0.03333333333333333,0.0,-0.0
1743596993.3162222,0.0,0.0,223.0,,0.068,-0.127,0.10503550762364533,0.03333333333333333,0.0,-0.0
1743596993.3363607,0.0,0.0,223.0,,0.068,-0.118,0.11492363684568296,0.03333333333333333,0.0,-0.0
1743596993.3565412,0.0,0.0,223.0,,0.068,-0.118,0.11492363684568296,0.03333333333333333,0.0,-0.0
1743596993.3771513,0.0,0.0,223.0,,0.068,-0.127,0.11503342212915335,0.03333333333333333,0.0,-0.0
1743596993.3974876,0.0,0.0,223.0,,0.058,-0.127,0.10497264704599907,0.03333333333333333,0.0,-0.0
1743596993.4177942,0.0,0.0,223.0,,0.058,-0.127,0.10497264704599907,0.03333333333333333,0.0,-0.0
1743596993.4403822,0.0,0.0,223.0,,0.058,-0.118,0.11486090074290622,0.03333333333333333,0.0,-0.0
1743596993.460563,0.0,0.0,223.0,,0.068,-0.118,0.11492363684568296,0.03333333333333333,0.0,-0.0
1743596993.4811609,0.0,0.0,223.0,,0.068,-0.118,0.11492363684568296,0.03333333333333333,0.0,-0.0
1743596993.501403,0.0,0.0,223.0,,0.068,-0.118,0.11492363684568296,0.03333333333333333,0.0,-0.0
1743596993.5216002,0.0,0.0,223.0,,0.068,-0.118,0.10492550081966279,0.03333333333333333,0.0,-0.0
1743596993.5419486,0.0,0.0,223.0,,0.068,-0.118,0.11492363684568296,0.03333333333333333,0.0,-0.0
1743596993.5622385,0.0,0.0,223.0,,0.058,-0.118,0.11486090074290622,0.03333333333333333,0.0,-0.0
1743596993.583419,0.0,0.0,223.0,,0.058,-0.118,0.11486090074290622,0.03333333333333333,0.0,-0.0
1743596993.6036062,0.0,0.0,223.0,,0.068,-0.127,0.10503550762364533,0.03333333333333333,0.0,-0.0
1743596993.6237907,0.0,0.0,223.0,,0.068,-0.127,0.11503342212915335,0.03333333333333333,0.0,-0.0
1743596993.6440191,0.0,0.0,223.0,,0.068,-0.118,0.10492550081966279,0.03333333333333333,0.0,-0.0
1743596993.6645725,0.0,0.0,223.0,,0.068,-0.118,0.11492363684568296,0.03333333333333333,0.0,-0.0
1743596993.684992,0.0,0.0,223.0,,0.068,-0.118,0.11492363684568296,0.03333333333333333,0.0,-0.0
1743596993.7053077,0.0,0.0,223.0,,0.068,-0.118,0.10492550081966279,0.03333333333333333,0.0,-0.0
1743596993.7263856,0.0,0.0,223.0,,0.068,-0.127,0.11503342212915335,0.03333333333333333,0.0,-0.0
1743596993.746825,0.0,0.0,223.0,,0.068,-0.118,0.10492550081966279,0.03333333333333333,0.0,-0.0
1743596993.7670069,0.0,0.0,223.0,,0.068,-0.118,0.10492550081966279,0.03333333333333333,0.0,-0.0
1743596993.787207,0.0,0.0,223.0,,0.068,-0.118,0.11492363684568296,0.03333333333333333,0.0,-0.0
1743596993.8077867,0.0,0.0,223.0,,0.068,-0.118,0.11492363684568296,0.03333333333333333,0.0,-0.0
1743596993.827991,0.0,0.0,223.0,,0.068,-0.118,0.10492550081966279,0.03333333333333333,0.0,-0.0
1743596993.848177,0.0,0.0,223.0,,0.068,-0.118,0.11492363684568296,0.03333333333333333,0.0,-0.0
1743596993.8685455,0.0,0.0,223.0,,0.068,-0.127,0.11503342212915335,0.03333333333333333,0.0,-0.0
1743596993.8891938,0.0,0.0,223.0,,0.058,-0.118,0.11486090074290622,0.03333333333333333,0.0,-0.0
1743596993.9094782,0.0,0.0,223.0,,0.068,-0.118,0.11492363684568296,0.03333333333333333,0.0,-0.0
1743596993.9300644,0.0,0.0,223.0,,0.058,-0.118,0.11486090074290622,0.03333333333333333,0.0,-0.0
1743596993.9505472,0.0,0.0,223.0,,0.068,-0.118,0.11492363684568296,0.03333333333333333,0.0,-0.0
1743596993.9709496,0.0,0.0,223.0,,0.068,-0.118,0.10492550081966279,0.03333333333333333,0.0,-0.0
1743596993.9912076,0.0,0.0,223.0,,0.068,-0.118,0.11492363684568296,0.03333333333333333,0.0,-0.0
1743596994.0116065,0.0,0.0,223.0,,0.068,-0.118,0.10492550081966279,0.03333333333333333,0.0,-0.0
1743596994.0319877,0.0,0.0,223.0,,0.068,-0.127,0.11503342212915335,0.03333333333333333,0.0,-0.0
1743596994.0522304,0.0,0.0,223.0,,0.058,-0.118,0.11486090074290622,0.03333333333333333,0.0,-0.0
1743596994.0723984,0.0,0.0,223.0,,0.058,-0.118,0.11486090074290622,0.03333333333333333,0.0,-0.0
1743596994.092719,0.0,0.0,223.0,,0.068,-0.118,0.11492363684568296,0.03333333333333333,0.0,-0.0
1743596994.1130455,0.0,0.0,223.0,,0.068,-0.127,0.11503342212915335,0.03333333333333333,0.0,-0.0
1743596994.133282,0.0,0.0,223.0,,0.068,-0.127,0.11503342212915335,0.03333333333333333,0.0,-0.0
1743596994.1535828,0.0,0.0,223.0,,0.068,-0.127,0.11503342212915335,0.03333333333333333,0.0,-0.0
1743596994.174008,0.0,0.0,223.0,,0.068,-0.118,0.10492550081966279,0.03333333333333333,0.0,-0.0
1743596994.1943636,0.0,0.0,223.0,,0.068,-0.118,0.10492550081966279,0.03333333333333333,0.0,-0.0
1743596994.2147515,0.0,0.0,223.0,,0.068,-0.118,0.10492550081966279,0.03333333333333333,0.0,-0.0
1743596994.2353814,0.0,0.0,223.0,,0.068,-0.118,0.10492550081966279,0.03333333333333333,0.0,-0.0
1743596994.255825,0.0,0.0,223.0,,0.068,-0.118,0.10492550081966279,0.03333333333333333,0.0,-0.0
1743596994.2802837,0.0,0.0,223.0,,0.058,-0.118,0.11486090074290622,0.03333333333333333,0.0,-0.0
1743596994.3004634,0.0,0.0,223.0,,0.068,-0.118,0.11492363684568296,0.03333333333333333,0.0,-0.0
1743596994.3206103,0.0,0.0,223.0,,0.068,-0.118,0.11492363684568296,0.03333333333333333,0.0,-0.0
1743596994.340784,0.0,0.0,223.0,,0.068,-0.118,0.11492363684568296,0.03333333333333333,0.0,-0.0
1743596994.360983,0.0,0.0,223.0,,0.068,-0.127,0.10503550762364533,0.03333333333333333,0.0,-0.0
1743596994.3814526,0.0,0.0,223.0,,0.068,-0.127,0.10503550762364533,0.03333333333333333,0.0,-0.0
1743596994.401753,0.0,0.0,223.0,,0.068,-0.118,0.11492363684568296,0.03333333333333333,0.0,-0.0
1743596994.4247177,0.0,0.0,223.0,,0.058,-0.118,0.11486090074290622,0.03333333333333333,0.0,-0.0
1743596994.444936,0.0,0.0,223.0,,0.058,-0.118,0.10486263812704877,0.03333333333333333,0.0,-0.0
1743596994.4651346,0.0,0.0,223.0,,0.068,-0.127,0.11503342212915335,0.03333333333333333,0.0,-0.0
1743596994.4853342,0.0,0.0,223.0,,0.068,-0.127,0.10503550762364533,0.03333333333333333,0.0,-0.0
1743596994.5055022,0.0,0.0,223.0,,0.068,-0.118,0.10492550081966279,0.03333333333333333,0.0,-0.0
1743596994.5259233,0.0,0.0,223.0,,0.068,-0.127,0.11503342212915335,0.03333333333333333,0.0,-0.0
1743596994.5462608,0.0,0.0,223.0,,0.068,-0.118,0.11492363684568296,0.03333333333333333,0.0,-0.0
1743596994.5666592,0.0,0.0,223.0,,0.068,-0.118,0.10492550081966279,0.03333333333333333,0.0,-0.0
1743596994.587114,0.0,0.0,223.0,,0.068,-0.127,0.10503550762364533,0.03333333333333333,0.0,-0.0
1743596994.607507,0.0,0.0,223.0,,0.068,-0.118,0.10492550081966279,0.03333333333333333,0.0,-0.0
1743596994.6276972,0.0,0.0,223.0,,0.068,-0.127,0.11503342212915335,0.03333333333333333,0.0,-0.0
1743596994.647919,0.0,0.0,223.0,,0.068,-0.127,0.11503342212915335,0.03333333333333333,0.0,-0.0
1743596994.6684644,0.0,0.0,223.0,,0.058,-0.118,0.11486090074290622,0.03333333333333333,0.0,-0.0
1743596994.6889596,0.0,0.0,223.0,,0.068,-0.118,0.10492550081966279,0.03333333333333333,0.0,-0.0
1743596994.7091622,0.0,0.0,223.0,,0.068,-0.127,0.11503342212915335,0.03333333333333333,0.0,-0.0
1743596994.7293923,0.0,0.0,223.0,,0.077,-0.127,0.1150983953564566,0.03333333333333333,0.0,-0.0
1743596994.7495704,0.0,0.0,223.0,,0.068,-0.118,0.11492363684568296,0.03333333333333333,0.0,-0.0
1743596994.7701695,0.0,0.0,223.0,,0.068,-0.127,0.11503342212915335,0.03333333333333333,0.0,-0.0
1743596994.7903721,0.0,0.0,223.0,,0.068,-0.118,0.10492550081966279,0.03333333333333333,0.0,-0.0
1743596994.8105633,0.0,0.0,223.0,,0.058,-0.118,0.11486090074290622,0.03333333333333333,0.0,-0.0
1743596994.8307524,0.0,0.0,223.0,,0.058,-0.118,0.11486090074290622,0.03333333333333333,0.0,-0.0
1743596994.8513482,0.0,0.0,223.0,,0.068,-0.118,0.10492550081966279,0.03333333333333333,0.0,-0.0
1743596994.871795,0.0,0.0,223.0,,0.068,-0.118,0.11492363684568296,0.03333333333333333,0.0,-0.0
1743596994.8920715,0.0,0.0,223.0,,0.068,-0.127,0.11503342212915335,0.03333333333333333,0.0,-0.0
1743596994.91262,0.0,0.0,223.0,,0.068,-0.118,0.11492363684568296,0.03333333333333333,0.0,-0.0
1743596994.9330528,0.0,0.0,223.0,,0.068,-0.127,0.11503342212915335,0.03333333333333333,0.0,-0.0
1743596994.9536417,0.0,0.0,223.0,,0.068,-0.127,0.11503342212915335,0.03333333333333333,0.0,-0.0
1743596994.973861,0.0,0.0,223.0,,0.068,-0.127,0.11503342212915335,0.03333333333333333,0.0,-0.0
1743596994.9945116,0.0,0.0,223.0,,0.068,-0.118,0.10492550081966279,0.03333333333333333,0.0,-0.0
1743596995.0148678,0.0,0.0,223.0,,0.068,-0.118,0.10492550081966279,0.03333333333333333,0.0,-0.0
1743596995.0352993,0.0,0.0,223.0,,0.068,-0.118,0.10492550081966279,0.03333333333333333,0.0,-0.0
1743596995.0565631,0.0,0.0,223.0,,0.068,-0.127,0.10503550762364533,0.03333333333333333,0.0,-0.0
1743596995.077067,0.0,0.0,223.0,,0.058,-0.118,0.10486263812704877,0.03333333333333333,0.0,-0.0
1743596995.097287,0.0,0.0,223.0,,0.058,-0.118,0.10486263812704877,0.03333333333333333,0.0,-0.0
1743596995.1174614,0.0,0.0,223.0,,0.068,-0.118,0.10492550081966279,0.03333333333333333,0.0,-0.0
1743596995.1376715,0.0,0.0,223.0,,0.068,-0.127,0.10503550762364533,0.03333333333333333,0.0,-0.0
1743596995.1581347,0.0,0.0,223.0,,0.068,-0.127,0.10503550762364533,0.03333333333333333,0.0,-0.0
1743596995.1787388,0.0,0.0,223.0,,0.068,-0.118,0.11492363684568296,0.03333333333333333,0.0,-0.0
1743596995.1991282,0.0,0.0,223.0,,0.068,-0.118,0.10492550081966279,0.03333333333333333,0.0,-0.0
1743596995.2194107,0.0,0.0,223.0,,0.068,-0.118,0.10492550081966279,0.03333333333333333,0.0,-0.0
1743596995.2398884,0.0,0.0,223.0,,0.068,-0.118,0.10492550081966279,0.03333333333333333,0.0,-0.0
1743596995.2600863,0.0,0.0,223.0,,0.068,-0.118,0.10492550081966279,0.03333333333333333,0.0,-0.0
1743596995.2806754,0.0,0.0,223.0,,0.068,-0.118,0.10492550081966279,0.03333333333333333,0.0,-0.0
1743596995.3011453,0.0,0.0,223.0,,0.068,-0.118,0.11492363684568296,0.03333333333333333,0.0,-0.0
1743596995.3214455,0.0,0.0,223.0,,0.068,-0.118,0.11492363684568296,0.03333333333333333,0.0,-0.0
1743596995.342203,0.0,0.0,223.0,,0.068,-0.118,0.11492363684568296,0.03333333333333333,0.0,-0.0
1743596995.3623967,0.0,0.0,223.0,,0.058,-0.118,0.11486090074290622,0.03333333333333333,0.0,-0.0
1743596995.3828294,0.0,0.0,223.0,,0.068,-0.118,0.11492363684568296,0.03333333333333333,0.0,-0.0
1743596995.4032276,0.0,0.0,223.0,,0.068,-0.127,0.10503550762364533,0.03333333333333333,0.0,-0.0
1743596995.423378,0.0,0.0,223.0,,0.068,-0.127,0.11503342212915335,0.03333333333333333,0.0,-0.0
1743596995.443735,0.0,0.0,223.0,,0.068,-0.127,0.11503342212915335,0.03333333333333333,0.0,-0.0
1743596995.4641001,0.0,0.0,223.0,,0.068,-0.118,0.10492550081966279,0.03333333333333333,0.0,-0.0
1743596995.4845467,0.0,0.0,223.0,,0.068,-0.118,0.11492363684568296,0.03333333333333333,0.0,-0.0
1743596995.5050206,0.0,0.0,223.0,,0.068,-0.127,0.11503342212915335,0.03333333333333333,0.0,-0.0
1743596995.5255332,0.0,0.0,223.0,,0.058,-0.127,0.10497264704599907,0.03333333333333333,0.0,-0.0
1743596995.545734,0.0,0.0,223.0,,0.068,-0.118,0.10492550081966279,0.03333333333333333,0.0,-0.0
1743596995.5659428,0.0,0.0,223.0,,0.068,-0.118,0.11492363684568296,0.03333333333333333,0.0,-0.0
1743596995.5863981,0.0,0.0,223.0,,0.068,-0.118,0.10492550081966279,0.03333333333333333,0.0,-0.0
1743596995.6070182,0.0,0.0,223.0,,0.077,-0.118,0.11498861225460466,0.03333333333333333,0.0,-0.0
1743596995.6274245,0.0,0.0,223.0,,0.068,-0.118,0.10492550081966279,0.03333333333333333,0.0,-0.0
1743596995.647891,0.0,0.0,223.0,,0.068,-0.118,0.11492363684568296,0.03333333333333333,0.0,-0.0
1743596995.6683958,0.0,0.0,223.0,,0.068,-0.118,0.10492550081966279,0.03333333333333333,0.0,-0.0
1743596995.6904552,0.0,0.0,223.0,,0.068,-0.118,0.11492363684568296,0.03333333333333333,0.0,-0.0
1743596995.7107172,0.0,0.0,223.0,,0.068,-0.118,0.10492550081966279,0.03333333333333333,0.0,-0.0
1743596995.7312996,0.0,0.0,223.0,,0.068,-0.127,0.10503550762364533,0.03333333333333333,0.0,-0.0
1743596995.7516031,0.0,0.0,223.0,,0.058,-0.118,0.10486263812704877,0.03333333333333333,0.0,-0.0
1743596995.771845,0.0,0.0,223.0,,0.068,-0.127,0.11503342212915335,0.03333333333333333,0.0,-0.0
1743596995.792048,0.0,0.0,223.0,,0.058,-0.118,0.11486090074290622,0.03333333333333333,0.0,-0.0
1743596995.8122065,0.0,0.0,223.0,,0.068,-0.118,0.10492550081966279,0.03333333333333333,0.0,-0.0
1743596995.8340523,0.0,0.0,223.0,,0.068,-0.118,0.10492550081966279,0.03333333333333333,0.0,-0.0
1743596995.854465,0.0,0.0,223.0,,0.068,-0.118,0.11492363684568296,0.03333333333333333,0.0,-0.0
1743596995.876311,0.0,0.0,223.0,,0.068,-0.118,0.11492363684568296,0.03333333333333333,0.0,-0.0
1743596995.8965602,0.0,0.0,223.0,,0.058,-0.127,0.11497068813283384,0.03333333333333333,0.0,-0.0
1743596995.9167504,0.0,0.0,223.0,,0.068,-0.127,0.11503342212915335,0.03333333333333333,0.0,-0.0
1743596995.9369175,0.0,0.0,223.0,,0.068,-0.127,0.11503342212915335,0.03333333333333333,0.0,-0.0
1743596995.9573934,0.0,0.0,223.0,,0.068,-0.118,0.11492363684568296,0.03333333333333333,0.0,-0.0
1743596995.9780047,0.0,0.0,223.0,,0.068,-0.118,0.10492550081966279,0.03333333333333333,0.0,-0.0
1743596995.99822,0.0,0.0,223.0,,0.068,-0.118,0.10492550081966279,0.03333333333333333,0.0,-0.0
1743596996.0184298,0.0,0.0,223.0,,0.068,-0.118,0.11492363684568296,0.03333333333333333,0.0,-0.0
1743596996.0385983,0.0,0.0,223.0,,0.068,-0.118,0.10492550081966279,0.03333333333333333,0.0,-0.0
1743596996.060415,0.0,0.0,223.0,,0.068,-0.118,0.10492550081966279,0.03333333333333333,0.0,-0.0
1743596996.0806286,0.0,0.0,223.0,,0.068,-0.118,0.11492363684568296,0.03333333333333333,0.0,-0.0
1743596996.1008375,0.0,0.0,223.0,,0.068,-0.118,0.10492550081966279,0.03333333333333333,0.0,-0.0
1743596996.1210701,0.0,0.0,223.0,,0.068,-0.118,0.10492550081966279,0.03333333333333333,0.0,-0.0
1743596996.1413393,0.0,0.0,223.0,,0.068,-0.127,0.11503342212915335,0.03333333333333333,0.0,-0.0
1743596996.161707,0.0,0.0,223.0,,0.068,-0.118,0.11492363684568296,0.03333333333333333,0.0,-0.0
1743596996.1822278,0.0,0.0,223.0,,0.068,-0.118,0.11492363684568296,0.03333333333333333,0.0,-0.0
1743596996.2023623,0.0,0.0,223.0,,0.068,-0.118,0.11492363684568296,0.03333333333333333,0.0,-0.0
1743596996.2225404,0.0,0.0,223.0,,0.068,-0.118,0.10492550081966279,0.03333333333333333,0.0,-0.0
1743596996.2429614,0.0,0.0,223.0,,0.068,-0.118,0.10492550081966279,0.03333333333333333,0.0,-0.0
1743596996.263362,0.0,0.0,223.0,,0.068,-0.118,0.10492550081966279,0.03333333333333333,0.0,-0.0
1743596996.2836423,0.0,0.0,223.0,,0.068,-0.118,0.11492363684568296,0.03333333333333333,0.0,-0.0
1743596996.30384,0.0,0.0,223.0,,0.068,-0.118,0.10492550081966279,0.03333333333333333,0.0,-0.0
1743596996.324019,0.0,0.0,223.0,,0.068,-0.118,0.11492363684568296,0.03333333333333333,0.0,-0.0
1743596996.3442197,0.0,0.0,223.0,,0.068,-0.118,0.11492363684568296,0.03333333333333333,0.0,-0.0
1743596996.3645325,0.0,0.0,223.0,,0.068,-0.118,0.11492363684568296,0.03333333333333333,0.0,-0.0
1743596996.3848376,0.0,0.0,223.0,,0.068,-0.118,0.11492363684568296,0.03333333333333333,0.0,-0.0
1743596996.4050286,0.0,0.0,223.0,,0.068,-0.127,0.10503550762364533,0.03333333333333333,0.0,-0.0
1743596996.4251885,0.0,0.0,223.0,,0.068,-0.127,0.10503550762364533,0.03333333333333333,0.0,-0.0
1743596996.4453971,0.0,0.0,223.0,,0.068,-0.127,0.10503550762364533,0.03333333333333333,0.0,-0.0
1743596996.4656348,0.0,0.0,223.0,,0.068,-0.118,0.11492363684568296,0.03333333333333333,0.0,-0.0
1743596996.4858663,0.0,0.0,223.0,,0.068,-0.118,0.11492363684568296,0.03333333333333333,0.0,-0.0
1743596996.5060525,0.0,0.0,223.0,,0.058,-0.127,0.11497068813283384,0.03333333333333333,0.0,-0.0
1743596996.5263412,0.0,0.0,223.0,,0.068,-0.127,0.11503342212915335,0.03333333333333333,0.0,-0.0
1743596996.5466304,0.0,0.0,223.0,,0.058,-0.127,0.10497264704599907,0.03333333333333333,0.0,-0.0
1743596996.567396,0.0,0.0,223.0,,0.068,-0.118,0.11492363684568296,0.03333333333333333,0.0,-0.0
1743596996.587589,0.0,0.0,223.0,,0.068,-0.118,0.11492363684568296,0.03333333333333333,0.0,-0.0
1743596996.607945,0.0,0.0,223.0,,0.077,-0.118,0.11498861225460466,0.03333333333333333,0.0,-0.0
1743596996.628146,0.0,0.0,223.0,,0.068,-0.118,0.11492363684568296,0.03333333333333333,0.0,-0.0
1743596996.651495,0.0,0.0,223.0,,0.077,-0.127,0.1150983953564566,0.03333333333333333,0.0,-0.0
1743596996.6716874,0.0,0.0,223.0,,0.058,-0.118,0.11486090074290622,0.03333333333333333,0.0,-0.0
1743596996.691942,0.0,0.0,223.0,,0.058,-0.118,0.10486263812704877,0.03333333333333333,0.0,-0.0
1743596996.714736,0.0,0.0,223.0,,0.068,-0.118,0.10492550081966279,0.03333333333333333,0.0,-0.0
1743596996.7349522,0.0,0.0,223.0,,0.068,-0.118,0.10492550081966279,0.03333333333333333,0.0,-0.0
1743596996.7565386,0.0,0.0,223.0,,0.068,-0.118,0.11492363684568296,0.03333333333333333,0.0,-0.0
1743596996.7767372,0.0,0.0,223.0,,0.058,-0.127,0.11497068813283384,0.03333333333333333,0.0,-0.0
1743596996.796883,0.0,0.0,223.0,,0.058,-0.127,0.11497068813283384,0.03333333333333333,0.0,-0.0
1743596996.8170443,0.0,0.0,223.0,,0.068,-0.127,0.10503550762364533,0.03333333333333333,0.0,-0.0
1743596996.837213,0.0,0.0,223.0,,0.058,-0.118,0.11486090074290622,0.03333333333333333,0.0,-0.0
1743596996.857481,0.0,0.0,223.0,,0.058,-0.118,0.11486090074290622,0.03333333333333333,0.0,-0.0
1743596996.8777704,0.0,0.0,223.0,,0.068,-0.118,0.11492363684568296,0.03333333333333333,0.0,-0.0
1743596996.8981507,0.0,0.0,223.0,,0.068,-0.118,0.11492363684568296,0.03333333333333333,0.0,-0.0
1743596996.918469,0.0,0.0,223.0,,0.068,-0.118,0.11492363684568296,0.03333333333333333,0.0,-0.0
1743596996.938783,0.0,0.0,223.0,,0.058,-0.118,0.11486090074290622,0.03333333333333333,0.0,-0.0
1743596996.9591508,0.0,0.0,223.0,,0.068,-0.127,0.11503342212915335,0.03333333333333333,0.0,-0.0
1743596996.979409,0.0,0.0,223.0,,0.068,-0.127,0.11503342212915335,0.03333333333333333,0.0,-0.0
1743596996.9998083,0.0,0.0,223.0,,0.068,-0.118,0.10492550081966279,0.03333333333333333,0.0,-0.0
1743596997.0232937,0.0,0.0,223.0,,0.068,-0.127,0.11503342212915335,0.03333333333333333,0.0,-0.0
1743596997.043491,0.0,0.0,223.0,,0.068,-0.127,0.11503342212915335,0.03333333333333333,0.0,-0.0
1743596997.0636556,0.0,0.0,223.0,,0.068,-0.118,0.11492363684568296,0.03333333333333333,0.0,-0.0
1743596997.0841815,0.0,0.0,223.0,,0.058,-0.118,0.10486263812704877,0.03333333333333333,0.0,-0.0
1743596997.1045232,0.0,0.0,223.0,,0.068,-0.127,0.11503342212915335,0.03333333333333333,0.0,-0.0
1743596997.124929,0.0,0.0,223.0,,0.068,-0.118,0.11492363684568296,0.03333333333333333,0.0,-0.0
1743596997.14532,0.0,0.0,223.0,,0.058,-0.118,0.10486263812704877,0.03333333333333333,0.0,-0.0
1743596997.1665335,0.0,0.0,223.0,,0.068,-0.127,0.11503342212915335,0.03333333333333333,0.0,-0.0
1743596997.186769,0.0,0.0,223.0,,0.068,-0.118,0.10492550081966279,0.03333333333333333,0.0,-0.0
1743596997.2072828,0.0,0.0,223.0,,0.068,-0.127,0.10503550762364533,0.03333333333333333,0.0,-0.0
1743596997.2278326,0.0,0.0,223.0,,0.068,-0.118,0.11492363684568296,0.03333333333333333,0.0,-0.0
1743596997.2481656,0.0,0.0,223.0,,0.068,-0.118,0.11492363684568296,0.03333333333333333,0.0,-0.0
1743596997.268478,0.0,0.0,223.0,,0.068,-0.118,0.11492363684568296,0.03333333333333333,0.0,-0.0
1743596997.2912416,0.0,0.0,223.0,,0.068,-0.127,0.11503342212915335,0.03333333333333333,0.0,-0.0
1743596997.3114457,0.0,0.0,223.0,,0.058,-0.127,0.11497068813283384,0.03333333333333333,0.0,-0.0
1743596997.3316884,0.0,0.0,223.0,,0.058,-0.127,0.11497068813283384,0.03333333333333333,0.0,-0.0
1743596997.3518932,0.0,0.0,223.0,,0.058,-0.118,0.11486090074290622,0.03333333333333333,0.0,-0.0
1743596997.3720677,0.0,0.0,223.0,,0.068,-0.118,0.11492363684568296,0.03333333333333333,0.0,-0.0
1743596997.3923626,0.0,0.0,223.0,,0.068,-0.118,0.11492363684568296,0.03333333333333333,0.0,-0.0
1743596997.4126444,0.0,0.0,223.0,,0.068,-0.118,0.10492550081966279,0.03333333333333333,0.0,-0.0
1743596997.4328907,0.0,0.0,223.0,,0.068,-0.118,0.11492363684568296,0.03333333333333333,0.0,-0.0
1743596997.4531713,0.0,0.0,223.0,,0.068,-0.118,0.11492363684568296,0.03333333333333333,0.0,-0.0
1743596997.4734116,0.0,0.0,223.0,,0.058,-0.127,0.11497068813283384,0.03333333333333333,0.0,-0.0
1743596997.4935791,0.0,0.0,223.0,,0.068,-0.118,0.11492363684568296,0.03333333333333333,0.0,-0.0
1743596997.5137987,0.0,0.0,223.0,,0.068,-0.118,0.11492363684568296,0.03333333333333333,0.0,-0.0
1743596997.5345213,0.0,0.0,223.0,,0.068,-0.118,0.11492363684568296,0.03333333333333333,0.0,-0.0
1743596997.5548024,0.0,0.0,223.0,,0.068,-0.118,0.11492363684568296,0.03333333333333333,0.0,-0.0
1743596997.5751886,0.0,0.0,223.0,,0.068,-0.118,0.11492363684568296,0.03333333333333333,0.0,-0.0
1743596997.5956616,0.0,0.0,223.0,,0.058,-0.118,0.11486090074290622,0.03333333333333333,0.0,-0.0
1743596997.6158817,0.0,0.0,223.0,,0.068,-0.127,0.11503342212915335,0.03333333333333333,0.0,-0.0
1743596997.6361222,0.0,0.0,223.0,,0.068,-0.127,0.11503342212915335,0.03333333333333333,0.0,-0.0
1743596997.6565514,0.0,0.0,223.0,,0.068,-0.127,0.11503342212915335,0.03333333333333333,0.0,-0.0
1743596997.6768744,0.0,0.0,223.0,,0.068,-0.127,0.10503550762364533,0.03333333333333333,0.0,-0.0
1743596997.6970568,0.0,0.0,223.0,,0.068,-0.127,0.10503550762364533,0.03333333333333333,0.0,-0.0
1743596997.717418,0.0,0.0,223.0,,0.068,-0.118,0.11492363684568296,0.03333333333333333,0.0,-0.0
1743596997.737821,0.0,0.0,223.0,,0.058,-0.118,0.11486090074290622,0.03333333333333333,0.0,-0.0
1743596997.7581544,0.0,0.0,223.0,,0.058,-0.118,0.11486090074290622,0.03333333333333333,0.0,-0.0
1743596997.7783577,0.0,0.0,223.0,,0.068,-0.118,0.11492363684568296,0.03333333333333333,0.0,-0.0
1743596997.798538,0.0,0.0,223.0,,0.068,-0.118,0.11492363684568296,0.03333333333333333,0.0,-0.0
1743596997.8190062,0.0,0.0,223.0,,0.068,-0.118,0.11492363684568296,0.03333333333333333,0.0,-0.0
1743596997.83956,0.0,0.0,223.0,,0.068,-0.127,0.10503550762364533,0.03333333333333333,0.0,-0.0
1743596997.8597822,0.0,0.0,223.0,,0.068,-0.118,0.11492363684568296,0.03333333333333333,0.0,-0.0
1743596997.880594,0.0,0.0,223.0,,0.068,-0.118,0.11492363684568296,0.03333333333333333,0.0,-0.0
1743596997.9009147,0.0,0.0,223.0,,0.068,-0.118,0.11492363684568296,0.03333333333333333,0.0,-0.0
1743596997.9211013,0.0,0.0,223.0,,0.058,-0.118,0.11486090074290622,0.03333333333333333,0.0,-0.0
1743596997.9415767,0.0,0.0,223.0,,0.058,-0.118,0.11486090074290622,0.03333333333333333,0.0,-0.0
1743596997.9620078,0.0,0.0,223.0,,0.058,-0.118,0.10486263812704877,0.03333333333333333,0.0,-0.0
1743596997.9824166,0.0,0.0,223.0,,0.068,-0.118,0.11492363684568296,0.03333333333333333,0.0,-0.0
1743596998.002731,0.0,0.0,223.0,,0.068,-0.118,0.10492550081966279,0.03333333333333333,0.0,-0.0
1743596998.023117,0.0,0.0,223.0,,0.068,-0.127,0.10503550762364533,0.03333333333333333,0.0,-0.0
1743596998.0435483,0.0,0.0,223.0,,0.068,-0.118,0.10492550081966279,0.03333333333333333,0.0,-0.0
1743596998.0637248,0.0,0.0,223.0,,0.068,-0.127,0.10503550762364533,0.03333333333333333,0.0,-0.0
1743596998.0839176,0.0,0.0,223.0,,0.058,-0.118,0.11486090074290622,0.03333333333333333,0.0,-0.0
1743596998.1043673,0.0,0.0,223.0,,0.068,-0.118,0.11492363684568296,0.03333333333333333,0.0,-0.0
1743596998.1245196,0.0,0.0,223.0,,0.068,-0.118,0.10492550081966279,0.03333333333333333,0.0,-0.0
1743596998.1446917,0.0,0.0,223.0,,0.068,-0.118,0.11492363684568296,0.03333333333333333,0.0,-0.0
1743596998.1651394,0.0,0.0,223.0,,0.068,-0.127,0.11503342212915335,0.03333333333333333,0.0,-0.0
1743596998.1855338,0.0,0.0,223.0,,0.068,-0.118,0.11492363684568296,0.03333333333333333,0.0,-0.0
1743596998.2057853,0.0,0.0,223.0,,0.068,-0.118,0.11492363684568296,0.03333333333333333,0.0,-0.0
1743596998.2261848,0.0,0.0,223.0,,0.058,-0.118,0.10486263812704877,0.03333333333333333,0.0,-0.0
1743596998.246594,0.0,0.0,223.0,,0.068,-0.127,0.11503342212915335,0.03333333333333333,0.0,-0.0
1743596998.2683198,0.0,0.0,223.0,,0.058,-0.127,0.11497068813283384,0.03333333333333333,0.0,-0.0
1743596998.28854,0.0,0.0,223.0,,0.058,-0.118,0.10486263812704877,0.03333333333333333,0.0,-0.0
1743596998.308858,0.0,0.0,223.0,,0.058,-0.127,0.11497068813283384,0.03333333333333333,0.0,-0.0
1743596998.330424,0.0,0.0,223.0,,0.077,-0.127,0.1150983953564566,0.03333333333333333,0.0,-0.0
1743596998.3506253,0.0,0.0,223.0,,0.077,-0.118,0.11498861225460466,0.03333333333333333,0.0,-0.0
1743596998.3708138,0.0,0.0,223.0,,0.077,-0.118,0.10499060733435961,0.03333333333333333,0.0,-0.0
1743596998.3909898,0.0,0.0,223.0,,0.058,-0.118,0.10486263812704877,0.03333333333333333,0.0,-0.0
1743596998.4113235,0.0,0.0,223.0,,0.058,-0.118,0.10486263812704877,0.03333333333333333,0.0,-0.0
1743596998.431637,0.0,0.0,223.0,,0.058,-0.127,0.10497264704599907,0.03333333333333333,0.0,-0.0
1743596998.4519382,0.0,0.0,223.0,,0.068,-0.127,0.10503550762364533,0.03333333333333333,0.0,-0.0
1743596998.472281,0.0,0.0,223.0,,0.068,-0.127,0.10503550762364533,0.03333333333333333,0.0,-0.0
1743596998.49255,0.0,0.0,223.0,,0.068,-0.118,0.10492550081966279,0.03333333333333333,0.0,-0.0
1743596998.5128841,0.0,0.0,223.0,,0.068,-0.127,0.11503342212915335,0.03333333333333333,0.0,-0.0
1743596998.533503,0.0,0.0,223.0,,0.068,-0.127,0.11503342212915335,0.03333333333333333,0.0,-0.0
1743596998.5541413,0.0,0.0,223.0,,0.068,-0.118,0.11492363684568296,0.03333333333333333,0.0,-0.0
1743596998.5746987,0.0,0.0,223.0,,0.068,-0.118,0.10492550081966279,0.03333333333333333,0.0,-0.0
1743596998.5950198,0.0,0.0,223.0,,0.068,-0.118,0.10492550081966279,0.03333333333333333,0.0,-0.0
1743596998.6153893,0.0,0.0,223.0,,0.058,-0.127,0.10497264704599907,0.03333333333333333,0.0,-0.0
1743596998.635593,0.0,0.0,223.0,,0.068,-0.127,0.10503550762364533,0.03333333333333333,0.0,-0.0
1743596998.6584225,0.0,0.0,223.0,,0.068,-0.127,0.10503550762364533,0.03333333333333333,0.0,-0.0
1743596998.6786256,0.0,0.0,223.0,,0.068,-0.127,0.10503550762364533,0.03333333333333333,0.0,-0.0
1743596998.6988447,0.0,0.0,223.0,,0.068,-0.127,0.11503342212915335,0.03333333333333333,0.0,-0.0
1743596998.7190547,0.0,0.0,223.0,,0.068,-0.127,0.11503342212915335,0.03333333333333333,0.0,-0.0
1743596998.7393544,0.0,0.0,223.0,,0.058,-0.118,0.11486090074290622,0.03333333333333333,0.0,-0.0
1743596998.7595592,0.0,0.0,223.0,,0.068,-0.118,0.11492363684568296,0.03333333333333333,0.0,-0.0
1743596998.7798383,0.0,0.0,223.0,,0.068,-0.118,0.11492363684568296,0.03333333333333333,0.0,-0.0
1743596998.800121,0.0,0.0,223.0,,0.068,-0.118,0.10492550081966279,0.03333333333333333,0.0,-0.0
1743596998.820412,0.0,0.0,223.0,,0.068,-0.127,0.11503342212915335,0.03333333333333333,0.0,-0.0
1743596998.8408034,0.0,0.0,223.0,,0.068,-0.127,0.11503342212915335,0.03333333333333333,0.0,-0.0
1743596998.8609943,0.0,0.0,223.0,,0.068,-0.127,0.11503342212915335,0.03333333333333333,0.0,-0.0
1743596998.8811905,0.0,0.0,223.0,,0.068,-0.118,0.11492363684568296,0.03333333333333333,0.0,-0.0
1743596998.9018655,0.0,0.0,223.0,,0.077,-0.118,0.11498861225460466,0.03333333333333333,0.0,-0.0
1743596998.922116,0.0,0.0,223.0,,0.068,-0.127,0.11503342212915335,0.03333333333333333,0.0,-0.0
1743596998.942741,0.0,0.0,223.0,,0.068,-0.118,0.10492550081966279,0.03333333333333333,0.0,-0.0
1743596998.9631698,0.0,0.0,223.0,,0.058,-0.118,0.11486090074290622,0.03333333333333333,0.0,-0.0
1743596998.9836295,0.0,0.0,223.0,,0.068,-0.127,0.11503342212915335,0.03333333333333333,0.0,-0.0
1743596999.0054023,0.0,0.0,223.0,,0.068,-0.118,0.10492550081966279,0.03333333333333333,0.0,-0.0
1743596999.0255728,0.0,0.0,223.0,,0.068,-0.118,0.10492550081966279,0.03333333333333333,0.0,-0.0
1743596999.0458405,0.0,0.0,223.0,,0.068,-0.118,0.11492363684568296,0.03333333333333333,0.0,-0.0
1743596999.066058,0.0,0.0,223.0,,0.068,-0.127,0.11503342212915335,0.03333333333333333,0.0,-0.0
1743596999.086282,0.0,0.0,223.0,,0.068,-0.118,0.11492363684568296,0.03333333333333333,0.0,-0.0
1743596999.1067166,0.0,0.0,223.0,,0.068,-0.127,0.10503550762364533,0.03333333333333333,0.0,-0.0
1743596999.1269846,0.0,0.0,223.0,,0.068,-0.118,0.10492550081966279,0.03333333333333333,0.0,-0.0
1743596999.1471777,0.0,0.0,223.0,,0.068,-0.118,0.12492177849688879,0.03333333333333333,0.0,-0.0
1743596999.1678014,0.0,0.0,223.0,,0.068,-0.118,0.10492550081966279,0.03333333333333333,0.0,-0.0
1743596999.1893036,0.0,0.0,223.0,,0.058,-0.118,0.11486090074290622,0.03333333333333333,0.0,-0.0
1743596999.2095711,0.0,0.0,223.0,,0.058,-0.127,0.11497068813283384,0.03333333333333333,0.0,-0.0
1743596999.229992,0.0,0.0,223.0,,0.058,-0.127,0.10497264704599907,0.03333333333333333,0.0,-0.0
1743596999.250182,0.0,0.0,223.0,,0.058,-0.118,0.10486263812704877,0.03333333333333333,0.0,-0.0
1743596999.271047,0.0,0.0,223.0,,0.068,-0.127,0.10503550762364533,0.03333333333333333,0.0,-0.0
1743596999.2916563,0.0,0.0,223.0,,0.077,-0.118,0.10499060733435961,0.03333333333333333,0.0,-0.0
1743596999.3121674,0.0,0.0,223.0,,0.068,-0.118,0.11492363684568296,0.03333333333333333,0.0,-0.0
1743596999.3323824,0.0,0.0,223.0,,0.077,-0.127,0.1150983953564566,0.03333333333333333,0.0,-0.0
1743596999.3525558,0.0,0.0,223.0,,0.068,-0.127,0.11503342212915335,0.03333333333333333,0.0,-0.0
1743596999.3728244,0.0,0.0,223.0,,0.068,-0.127,0.11503342212915335,0.03333333333333333,0.0,-0.0
1743596999.3954027,0.0,0.0,223.0,,0.068,-0.118,0.11492363684568296,0.03333333333333333,0.0,-0.0
1743596999.415603,0.0,0.0,223.0,,0.068,-0.127,0.11503342212915335,0.03333333333333333,0.0,-0.0
1743596999.4357667,0.0,0.0,223.0,,0.068,-0.127,0.11503342212915335,0.03333333333333333,0.0,-0.0
1743596999.4562209,0.0,0.0,223.0,,0.058,-0.127,0.11497068813283384,0.03333333333333333,0.0,-0.0
1743596999.4763691,0.0,0.0,223.0,,0.068,-0.118,0.10492550081966279,0.03333333333333333,0.0,-0.0
1743596999.4967494,0.0,0.0,223.0,,0.068,-0.118,0.10492550081966279,0.03333333333333333,0.0,-0.0
1743596999.5172257,0.0,0.0,223.0,,0.077,-0.118,0.11498861225460466,0.03333333333333333,0.0,-0.0
1743596999.5377452,0.0,0.0,223.0,,0.068,-0.118,0.11492363684568296,0.03333333333333333,0.0,-0.0
1743596999.5580454,0.0,0.0,223.0,,0.068,-0.118,0.11492363684568296,0.03333333333333333,0.0,-0.0
1743596999.5784154,0.0,0.0,223.0,,0.068,-0.127,0.12503134292821727,0.03333333333333333,0.0,-0.0
1743596999.5991259,0.0,0.0,223.0,,0.058,-0.127,0.11497068813283384,0.03333333333333333,0.0,-0.0
1743596999.6224895,0.0,0.0,223.0,,0.058,-0.127,0.11497068813283384,0.03333333333333333,0.0,-0.0
1743596999.6426852,0.0,0.0,223.0,,0.068,-0.127,0.11503342212915335,0.03333333333333333,0.0,-0.0
1743596999.6629236,0.0,0.0,223.0,,0.077,-0.127,0.1150983953564566,0.03333333333333333,0.0,-0.0
1743596999.6841233,0.0,0.0,223.0,,0.068,-0.127,0.10503550762364533,0.03333333333333333,0.0,-0.0
1743596999.7046108,0.0,0.0,223.0,,0.077,-0.118,0.11498861225460466,0.03333333333333333,0.0,-0.0
1743596999.7264228,0.0,0.0,223.0,,0.068,-0.127,0.11503342212915335,0.03333333333333333,0.0,-0.0
1743596999.7466335,0.0,0.0,223.0,,0.068,-0.127,0.10503550762364533,0.03333333333333333,0.0,-0.0
1743596999.7668252,0.0,0.0,223.0,,0.068,-0.118,0.11492363684568296,0.03333333333333333,0.0,-0.0
1743596999.7870202,0.0,0.0,223.0,,0.068,-0.118,0.11492363684568296,0.03333333333333333,0.0,-0.0
1743596999.807313,0.0,0.0,223.0,,0.068,-0.127,0.11503342212915335,0.03333333333333333,0.0,-0.0
1743596999.8276157,0.0,0.0,223.0,,0.068,-0.127,0.10503550762364533,0.03333333333333333,0.0,-0.0
1743596999.847906,0.0,0.0,223.0,,0.068,-0.127,0.11503342212915335,0.03333333333333333,0.0,-0.0
1743596999.868309,0.0,0.0,223.0,,0.068,-0.118,0.11492363684568296,0.03333333333333333,0.0,-0.0
1743596999.888492,0.0,0.0,223.0,,0.058,-0.118,0.10486263812704877,0.03333333333333333,0.0,-0.0
1743596999.9087267,0.0,0.0,223.0,,0.068,-0.118,0.11492363684568296,0.03333333333333333,0.0,-0.0
1743596999.9290895,0.0,0.0,223.0,,0.068,-0.127,0.10503550762364533,0.03333333333333333,0.0,-0.0
1743596999.949637,0.0,0.0,223.0,,0.068,-0.118,0.11492363684568296,0.03333333333333333,0.0,-0.0
1743596999.9700513,0.0,0.0,223.0,,0.068,-0.118,0.11492363684568296,0.03333333333333333,0.0,-0.0
1743596999.9904695,0.0,0.0,223.0,,0.058,-0.118,0.10486263812704877,0.03333333333333333,0.0,-0.0
1743597000.0112286,0.0,0.0,223.0,,0.058,-0.127,0.10497264704599907,0.03333333333333333,0.0,-0.0
1743597000.0316906,0.0,0.0,223.0,,0.068,-0.118,0.11492363684568296,0.03333333333333333,0.0,-0.0
1743597000.0518909,0.0,0.0,223.0,,0.068,-0.118,0.11492363684568296,0.03333333333333333,0.0,-0.0
1743597000.0722108,0.0,0.0,223.0,,0.068,-0.118,0.11492363684568296,0.03333333333333333,0.0,-0.0
1743597000.0924616,0.0,0.0,223.0,,0.068,-0.118,0.11492363684568296,0.03333333333333333,0.0,-0.0
1743597000.1126254,0.0,0.0,223.0,,0.068,-0.118,0.10492550081966279,0.03333333333333333,0.0,-0.0
1743597000.1328826,0.0,0.0,223.0,,0.068,-0.127,0.12503134292821727,0.03333333333333333,0.0,-0.0
1743597000.154344,0.0,0.0,223.0,,0.068,-0.127,0.12503134292821727,0.03333333333333333,0.0,-0.0
1743597000.1745815,0.0,0.0,223.0,,0.068,-0.118,0.10492550081966279,0.03333333333333333,0.0,-0.0
1743597000.1947808,0.0,0.0,223.0,,0.068,-0.127,0.10503550762364533,0.03333333333333333,0.0,-0.0
1743597000.2149646,0.0,0.0,223.0,,0.068,-0.127,0.10503550762364533,0.03333333333333333,0.0,-0.0
1743597000.2351274,0.0,0.0,223.0,,0.077,-0.118,0.11498861225460466,0.03333333333333333,0.0,-0.0
1743597000.2556925,0.0,0.0,223.0,,0.068,-0.127,0.11503342212915335,0.03333333333333333,0.0,-0.0
1743597000.276145,0.0,0.0,223.0,,0.068,-0.127,0.11503342212915335,0.03333333333333333,0.0,-0.0
1743597000.2966611,0.0,0.0,223.0,,0.058,-0.118,0.11486090074290622,0.03333333333333333,0.0,-0.0
1743597000.3179414,0.0,0.0,223.0,,0.058,-0.118,0.11486090074290622,0.03333333333333333,0.0,-0.0
1743597000.3381708,0.0,0.0,223.0,,0.058,-0.118,0.11486090074290622,0.03333333333333333,0.0,-0.0
1743597000.358708,0.0,0.0,223.0,,0.068,-0.118,0.10492550081966279,0.03333333333333333,0.0,-0.0
1743597000.3821504,0.0,0.0,223.0,,0.068,-0.118,0.10492550081966279,0.03333333333333333,0.0,-0.0
1743597000.403734,0.0,0.0,223.0,,0.068,-0.118,0.10492550081966279,0.03333333333333333,0.0,-0.0
1743597000.423913,0.0,0.0,223.0,,0.058,-0.118,0.11486090074290622,0.03333333333333333,0.0,-0.0
1743597000.4463966,0.0,0.0,223.0,,0.058,-0.118,0.10486263812704877,0.03333333333333333,0.0,-0.0
1743597000.4666743,0.0,0.0,223.0,,0.058,-0.118,0.10486263812704877,0.03333333333333333,0.0,-0.0
1743597000.4868412,0.0,0.0,223.0,,0.068,-0.118,0.11492363684568296,0.03333333333333333,0.0,-0.0
1743597000.5071006,0.0,0.0,223.0,,0.068,-0.118,0.11492363684568296,0.03333333333333333,0.0,-0.0
1743597000.527317,0.0,0.0,223.0,,0.068,-0.118,0.11492363684568296,0.03333333333333333,0.0,-0.0
1743597000.5474906,0.0,0.0,223.0,,0.068,-0.127,0.11503342212915335,0.03333333333333333,0.0,-0.0
1743597000.5695992,0.0,0.0,223.0,,0.068,-0.127,0.10503550762364533,0.03333333333333333,0.0,-0.0
1743597000.5897622,0.0,0.0,223.0,,0.068,-0.118,0.10492550081966279,0.03333333333333333,0.0,-0.0
1743597000.6101677,0.0,0.0,223.0,,0.068,-0.127,0.11503342212915335,0.03333333333333333,0.0,-0.0
1743597000.630531,0.0,0.0,223.0,,0.068,-0.118,0.11492363684568296,0.03333333333333333,0.0,-0.0
1743597000.651048,0.0,0.0,223.0,,0.068,-0.118,0.11492363684568296,0.03333333333333333,0.0,-0.0
1743597000.6714256,0.0,0.0,223.0,,0.068,-0.118,0.11492363684568296,0.03333333333333333,0.0,-0.0
1743597000.6916902,0.0,0.0,223.0,,0.058,-0.127,0.11497068813283384,0.03333333333333333,0.0,-0.0
1743597000.7128117,0.0,0.0,223.0,,0.058,-0.127,0.11497068813283384,0.03333333333333333,0.0,-0.0
1743597000.7331445,0.0,0.0,223.0,,0.068,-0.127,0.10503550762364533,0.03333333333333333,0.0,-0.0
1743597000.7533875,0.0,0.0,223.0,,0.077,-0.118,0.11498861225460466,0.03333333333333333,0.0,-0.0
1743597000.773832,0.0,0.0,223.0,,0.077,-0.118,0.11498861225460466,0.03333333333333333,0.0,-0.0
1743597000.7965162,0.0,0.0,223.0,,0.058,-0.127,0.11497068813283384,0.03333333333333333,0.0,-0.0
1743597000.816747,0.0,0.0,223.0,,0.058,-0.127,0.11497068813283384,0.03333333333333333,0.0,-0.0
1743597000.8369813,0.0,0.0,223.0,,0.058,-0.127,0.11497068813283384,0.03333333333333333,0.0,-0.0
1743597000.8607335,0.0,0.0,223.0,,0.068,-0.118,0.11492363684568296,0.03333333333333333,0.0,-0.0
1743597000.8809848,0.0,0.0,223.0,,0.068,-0.118,0.11492363684568296,0.03333333333333333,0.0,-0.0
1743597000.901226,0.0,0.0,223.0,,0.068,-0.118,0.11492363684568296,0.03333333333333333,0.0,-0.0
1743597000.921509,0.0,0.0,223.0,,0.068,-0.118,0.11492363684568296,0.03333333333333333,0.0,-0.0
1743597000.9419723,0.0,0.0,223.0,,0.068,-0.118,0.11492363684568296,0.03333333333333333,0.0,-0.0
1743597000.9625108,0.0,0.0,223.0,,0.058,-0.118,0.10486263812704877,0.03333333333333333,0.0,-0.0
1743597000.9830313,0.0,0.0,223.0,,0.068,-0.118,0.10492550081966279,0.03333333333333333,0.0,-0.0
1743597001.0031843,0.0,0.0,223.0,,0.068,-0.118,0.11492363684568296,0.03333333333333333,0.0,-0.0
1743597001.0233665,0.0,0.0,223.0,,0.068,-0.118,0.10492550081966279,0.03333333333333333,0.0,-0.0
1743597001.043539,0.0,0.0,223.0,,0.068,-0.118,0.11492363684568296,0.03333333333333333,0.0,-0.0
1743597001.0656238,0.0,0.0,223.0,,0.068,-0.118,0.11492363684568296,0.03333333333333333,0.0,-0.0
1743597001.0858245,0.0,0.0,223.0,,0.068,-0.127,0.11503342212915335,0.03333333333333333,0.0,-0.0
1743597001.1063385,0.0,0.0,223.0,,0.058,-0.118,0.11486090074290622,0.03333333333333333,0.0,-0.0
1743597001.1265323,0.0,0.0,223.0,,0.058,-0.118,0.11486090074290622,0.03333333333333333,0.0,-0.0
1743597001.1467097,0.0,0.0,223.0,,0.068,-0.127,0.10503550762364533,0.03333333333333333,0.0,-0.0
1743597001.1669078,0.0,0.0,223.0,,0.077,-0.127,0.1051006119479112,0.03333333333333333,0.0,-0.0
1743597001.1871014,0.0,0.0,223.0,,0.068,-0.118,0.11492363684568296,0.03333333333333333,0.0,-0.0
1743597001.20729,0.0,0.0,223.0,,0.058,-0.127,0.11497068813283384,0.03333333333333333,0.0,-0.0
1743597001.2276454,0.0,0.0,223.0,,0.068,-0.127,0.10503550762364533,0.03333333333333333,0.0,-0.0
1743597001.2479146,0.0,0.0,223.0,,0.068,-0.118,0.10492550081966279,0.03333333333333333,0.0,-0.0
1743597001.2704065,0.0,0.0,223.0,,0.068,-0.118,0.11492363684568296,0.03333333333333333,0.0,-0.0
1743597001.2906454,0.0,0.0,223.0,,0.077,-0.118,0.11498861225460466,0.03333333333333333,0.0,-0.0
1743597001.3108795,0.0,0.0,223.0,,0.068,-0.118,0.11492363684568296,0.03333333333333333,0.0,-0.0
1743597001.3312192,0.0,0.0,223.0,,0.068,-0.118,0.10492550081966279,0.03333333333333333,0.0,-0.0
1743597001.3514488,0.0,0.0,223.0,,0.058,-0.127,0.11497068813283384,0.03333333333333333,0.0,-0.0
1743597001.371676,0.0,0.0,223.0,,0.058,-0.118,0.10486263812704877,0.03333333333333333,0.0,-0.0
1743597001.3923633,0.0,0.0,223.0,,0.068,-0.127,0.11503342212915335,0.03333333333333333,0.0,-0.0
1743597001.4125602,0.0,0.0,223.0,,0.068,-0.118,0.11492363684568296,0.03333333333333333,0.0,-0.0
1743597001.4328206,0.0,0.0,223.0,,0.068,-0.127,0.11503342212915335,0.03333333333333333,0.0,-0.0
1743597001.4531398,0.0,0.0,223.0,,0.068,-0.118,0.10492550081966279,0.03333333333333333,0.0,-0.0
1743597001.473424,0.0,0.0,223.0,,0.068,-0.118,0.10492550081966279,0.03333333333333333,0.0,-0.0
1743597001.4937441,0.0,0.0,223.0,,0.058,-0.127,0.11497068813283384,0.03333333333333333,0.0,-0.0
1743597001.5141184,0.0,0.0,223.0,,0.068,-0.118,0.11492363684568296,0.03333333333333333,0.0,-0.0
1743597001.534542,0.0,0.0,223.0,,0.068,-0.118,0.11492363684568296,0.03333333333333333,0.0,-0.0
1743597001.5549972,0.0,0.0,223.0,,0.068,-0.127,0.11503342212915335,0.03333333333333333,0.0,-0.0
1743597001.580255,0.0,0.0,223.0,,0.068,-0.118,0.10492550081966279,0.03333333333333333,0.0,-0.0
1743597001.600481,0.0,0.0,223.0,,0.068,-0.118,0.10492550081966279,0.03333333333333333,0.0,-0.0
1743597001.6206725,0.0,0.0,223.0,,0.068,-0.118,0.11492363684568296,0.03333333333333333,0.0,-0.0
1743597001.6408944,0.0,0.0,223.0,,0.068,-0.118,0.10492550081966279,0.03333333333333333,0.0,-0.0
1743597001.6611464,0.0,0.0,223.0,,0.068,-0.118,0.10492550081966279,0.03333333333333333,0.0,-0.0
1743597001.681545,0.0,0.0,223.0,,0.068,-0.127,0.10503550762364533,0.03333333333333333,0.0,-0.0
1743597001.7017188,0.0,0.0,223.0,,0.068,-0.118,0.10492550081966279,0.03333333333333333,0.0,-0.0
1743597001.7219372,0.0,0.0,223.0,,0.068,-0.118,0.10492550081966279,0.03333333333333333,0.0,-0.0
1743597001.7432008,0.0,0.0,223.0,,0.077,-0.127,0.1051006119479112,0.03333333333333333,0.0,-0.0
1743597001.7636182,0.0,0.0,223.0,,0.068,-0.118,0.11492363684568296,0.03333333333333333,0.0,-0.0
1743597001.7839174,0.0,0.0,223.0,,0.068,-0.118,0.11492363684568296,0.03333333333333333,0.0,-0.0
1743597001.804106,0.0,0.0,223.0,,0.058,-0.127,0.11497068813283384,0.03333333333333333,0.0,-0.0
1743597001.8243153,0.0,0.0,223.0,,0.058,-0.118,0.11486090074290622,0.03333333333333333,0.0,-0.0
1743597001.8444626,0.0,0.0,223.0,,0.068,-0.118,0.10492550081966279,0.03333333333333333,0.0,-0.0
1743597001.8650823,0.0,0.0,223.0,,0.068,-0.127,0.10503550762364533,0.03333333333333333,0.0,-0.0
1743597001.8855944,0.0,0.0,223.0,,0.077,-0.118,0.11498861225460466,0.03333333333333333,0.0,-0.0
1743597001.9061768,0.0,0.0,223.0,,0.068,-0.127,0.11503342212915335,0.03333333333333333,0.0,-0.0
1743597001.9264207,0.0,0.0,223.0,,0.068,-0.118,0.10492550081966279,0.03333333333333333,0.0,-0.0
1743597001.946827,0.0,0.0,223.0,,0.077,-0.127,0.1150983953564566,0.03333333333333333,0.0,-0.0
1743597001.9672797,0.0,0.0,223.0,,0.303,0.097,0.10904735277197197,0.03333333333333333,0.0,0.03333333333333333
1743597001.9879565,0.0,0.0,223.0,,0.548,0.519,0.16213615702537432,0.06666666666666667,0.0,0.36666666666666664
1743597002.0084054,0.0,0.0,223.0,,-0.069,0.46,0.09582099892613982,0.1,0.03333333333333333,0.23333333333333334
1743597002.0288312,0.0,0.0,231.0,,-0.402,0.195,0.21275183300875078,0.0,-0.06666666666666667,0.4
1743597002.0491395,0.0,0.0,233.0,,0.0,-0.569,0.06230715549882859,0.06666666666666667,0.0,0.5333333333333333
1743597002.0693405,0.0,0.0,233.0,,0.028,-0.902,0.154310074882261,0.06666666666666667,0.0,0.23333333333333334
1743597002.0898216,0.0,0.0,233.0,,-0.206,0.176,0.13763950315035522,0.06666666666666667,-0.03333333333333333,0.36666666666666664
1743597002.1100736,0.0,0.0,233.0,,0.627,-0.147,0.4961673064476635,0.23333333333333334,0.03333333333333333,0.43333333333333335
1743597002.1304798,0.0,0.0,233.0,,-0.01,-0.481,0.859975613052713,0.8,-0.4,0.23333333333333334
1743597002.1511092,0.0,0.0,233.0,,0.597,-1.177,0.8947428688424441,1.7666666666666666,-0.16666666666666666,-0.5
1743597002.17157,-2.0,1.0,233.0,,-0.8677918928502486,-1.7466359373484655,0.6074336680607821,2.7333333333333334,-0.06666666666666667,-1.0333333333333334
1743597002.1933286,-4.0,1.0,234.0,,-0.9667918928502486,-2.188688992570131,0.964839356845566,2.533333333333333,-0.6333333333333333,-0.16666666666666666
1743597002.2135403,-7.0,2.0,235.0,,-0.3046359373484655,-0.14846174119550337,0.5785307430557882,2.933333333333333,-0.8333333333333334,-0.5666666666666667
1743597002.2337232,-10.0,3.0,235.0,,0.15041573074327907,0.3014886229125868,0.49624185620925054,2.966666666666667,-0.8,-1.0
1743597002.253939,-13.0,4.0,236.0,,0.5963110074298693,-0.16623015688668463,1.2159858012683635,2.466666666666667,-0.4,-0.9333333333333333
1743597002.2741592,-16.0,5.0,237.0,,0.38399783635452667,-1.845997539435238,1.4917213995815395,2.5,-0.13333333333333333,-0.8333333333333334
1743597002.2945213,-19.0,6.0,238.0,,0.41742422465568063,-1.1991764047752924,0.6542482488079191,3.0,-0.3,-0.6666666666666666
1743597002.3149195,-21.0,6.0,239.0,,0.34842422465568057,-0.40741041496060415,-0.32612579060419833,3.2333333333333334,-0.4666666666666667,-0.3333333333333333
1743597002.3356075,-25.0,7.0,240.0,,0.8135382588044967,-0.04111485232373813,-1.1056813400240522,3.566666666666667,-0.3,0.23333333333333334
1743597002.3583734,-32.0,8.0,239.0,,0.5902881204182421,0.21650798212774003,-1.0123023548290222,3.2,0.36666666666666664,0.7333333333333333
1743597002.3786364,-32.0,8.0,239.0,,0.5902881204182421,0.21650798212774003,-1.0123023548290222,3.2,0.36666666666666664,0.7333333333333333
1743597002.3988554,-35.0,7.0,239.0,,0.018538258804496666,0.3407848406037628,-0.9518723538017841,2.7666666666666666,0.3333333333333333,0.43333333333333335
1743597002.4190714,-41.0,7.0,238.0,,0.5185382588044967,-1.5660609256031242,0.2633006225710446,3.3333333333333335,-0.26666666666666666,0.23333333333333334
1743597002.4392488,-41.0,7.0,238.0,,0.5185382588044967,-1.5660609256031242,0.2633006225710446,3.3333333333333335,-0.26666666666666666,0.23333333333333334
1743597002.4595816,-48.0,7.0,238.0,,0.6165382588044968,0.6222507379332374,-0.6817507288399502,3.2666666666666666,-0.43333333333333335,0.4
1743597002.4797726,-52.0,8.0,237.0,,0.9832881204182421,-0.7226145071180561,-0.027356629041947578,2.533333333333333,-0.2,-0.06666666666666667
1743597002.4999883,-52.0,8.0,237.0,,0.9832881204182421,-0.7226145071180561,-0.027356629041947578,2.533333333333333,-0.2,-0.06666666666666667
1743597002.5206044,-57.0,10.0,239.0,,0.6544886229125868,-0.24564172845539112,-0.14843363237455787,3.6333333333333333,-0.36666666666666664,-0.1
1743597002.541243,-61.0,12.0,241.0,,1.117613686922219,0.7840193270374725,-0.5003312129206008,2.6666666666666665,-0.43333333333333335,0.13333333333333333
1743597002.5614586,-61.0,12.0,241.0,,1.117613686922219,0.7840193270374725,-0.5003312129206008,2.6666666666666665,-0.43333333333333335,0.13333333333333333
1743597002.5834045,-66.0,15.0,242.0,,2.1570148324557286,-0.1291190605260848,-0.09762885178110814,1.5333333333333334,0.2,0.5
1743597002.603807,-67.0,14.0,242.0,,1.8342537958327405,-0.6198473876315607,0.011698997462441296,1.5,0.13333333333333333,0.6666666666666666
1743597002.6253989,-69.0,13.0,241.0,,1.5787698431133155,0.08742398393754947,-0.10474217104660943,1.4,0.3,0.7
1743597002.6456034,-70.0,11.0,239.0,,0.6948362446439045,0.5983846099097612,-0.13623363037957748,0.9666666666666667,0.1,0.8333333333333334
1743597002.6658072,-71.0,8.0,235.0,,1.5012881204182422,-2.0904627733707013,0.3966967985110008,0.43333333333333335,-0.13333333333333333,1.4333333333333333
1743597002.6860094,-71.0,8.0,235.0,,1.5012881204182422,-2.0904627733707013,0.3966967985110008,0.43333333333333335,-0.13333333333333333,1.4333333333333333
1743597002.7062194,-71.0,1.0,227.0,,0.5432081071497512,0.0865372266292983,-0.07179722542175049,0.23333333333333334,0.36666666666666664,0.3
1743597002.728384,-71.0,0.0,225.0,,0.225,0.1355372266292978,-0.0707651904785711,-0.2,0.3,0.1
1743597002.7485466,-71.0,-1.0,224.0,,0.06279189285024875,-0.9234627733707015,0.0651536031168587,-0.2,0.26666666666666666,-0.0
1743597002.7687602,-71.0,-2.0,224.0,,0.23563593734846544,-0.7274627733707018,0.05411944683489156,0.2,0.23333333333333334,-0.03333333333333333
1743597002.7889569,-70.0,-2.0,224.0,,0.15663593734846548,-0.43161539009023997,-0.00783868987367109,0.3333333333333333,0.36666666666666664,0.03333333333333333
1743597002.8093781,-70.0,-2.0,224.0,,-0.00036406265153449135,-0.7156153900902389,0.024081093235454487,0.4,0.5333333333333333,-0.0
1743597002.8297825,-71.0,-3.0,224.0,,-0.4754157307432791,-0.31546277337070094,-0.017901789936252133,0.6333333333333333,0.5,-0.4
1743597002.8501136,-71.0,-2.0,224.0,,-0.16636406265153453,-0.26646277337070146,-0.02367372662419087,1.0,0.4,-0.5333333333333333
1743597002.870333,-71.0,-1.0,225.0,,0.25879189285024873,-0.9334627733707013,0.0691480159316451,1.7333333333333334,0.3333333333333333,-0.8
1743597002.8905625,-73.0,0.0,227.0,,0.264,0.2513496559973767,-0.06491157113234525,1.6,0.36666666666666664,-0.6333333333333333
1743597002.9110088,-74.0,2.0,229.0,,0.23436406265153453,0.7809772371549091,-0.04964394875740691,0.5,0.3,0.06666666666666667
1743597002.932481,-75.0,2.0,230.0,,0.36136406265153453,-0.6052676441042397,0.007744653922336531,-0.16666666666666666,0.1,0.2
1743597002.952714,-74.0,1.0,229.0,,0.3072081071497513,-0.7200227628450921,0.01452453276125587,-0.1,0.06666666666666667,-0.0
1743597002.972914,-74.0,1.0,228.0,,0.3072081071497513,-0.30802276284509134,-0.0012618624657383948,0.1,0.1,-0.1
1743597002.993145,-74.0,1.0,228.0,,0.2582081071497513,-0.22002276284509215,-0.0036748414124829487,0.0,0.23333333333333334,-0.0
1743597003.014907,-74.0,0.0,228.0,,-0.127,-0.09202276284509203,-0.015365788142356562,0.13333333333333333,0.13333333333333333,-0.0
1743597003.0351055,-74.0,0.0,228.0,,-0.039,0.27997723715490785,-0.03458783410412691,0.13333333333333333,0.0,-0.0
1743597003.055321,-74.0,0.0,228.0,,0.225,-0.6810227628450924,0.010484505445020054,0.4666666666666667,0.2,-0.16666666666666666
1743597003.0756824,-74.0,0.0,228.0,,-0.098,-0.7390227628450923,0.010510805442975835,0.9333333333333333,0.36666666666666664,-0.13333333333333333
1743597003.0960193,-75.0,0.0,228.0,,-0.235,0.20873235589576034,-0.0034357688559065805,1.1,0.23333333333333334,-0.03333333333333333
1743597003.1163476,-75.0,0.0,227.0,,-0.039,0.3067323558957593,-0.606320710552424,0.26666666666666666,0.13333333333333333,0.2
1743597003.1365268,-75.0,-1.0,225.0,,-0.06420810714975127,-0.22326764410424005,-0.0002276156954110313,-0.26666666666666666,0.03333333333333333,-0.06666666666666667
1743597003.1573982,-75.0,-1.0,225.0,,-0.06420810714975127,-0.22326764410424005,-0.0002276156954110313,-0.26666666666666666,0.03333333333333333,-0.06666666666666667
1743597003.1776028,-74.0,-2.0,224.0,,-0.059364062651534544,-0.7100227628450924,-0.19080237960803326,0.1,0.06666666666666667,0.16666666666666666
1743597003.1977787,-74.0,-4.0,222.0,,-0.4303110074298693,-0.10202276284509182,-0.13795660244110197,0.4666666666666667,-0.03333333333333333,0.1
1743597003.2179592,-74.0,-4.0,222.0,,-0.4303110074298693,-0.10202276284509182,-0.13795660244110197,0.4666666666666667,-0.03333333333333333,0.1
1743597003.238161,-74.0,-5.0,221.0,,-0.5809978363545266,-0.20002276284509257,-0.5528958040132022,0.13333333333333333,-0.1,-0.0
1743597003.2593808,-73.0,-5.0,219.0,,-0.7089978363545266,-0.3176503440026224,-0.25341681889527656,0.06666666666666667,-0.1,-0.0
1743597003.2795732,-73.0,-5.0,219.0,,-0.7089978363545266,-0.3176503440026224,-0.25341681889527656,0.06666666666666667,-0.1,-0.0
1743597003.2997773,-73.0,-5.0,219.0,,-0.7479978363545267,-0.3176503440026224,-0.43239393183807806,0.06666666666666667,-0.13333333333333333,-0.0
1743597003.3199613,-73.0,-4.0,219.0,,-0.10631100742986932,-0.3176503440026224,-0.0024586436650430588,0.03333333333333333,0.03333333333333333,-0.0
1743597003.3404047,-73.0,-4.0,219.0,,-0.10631100742986932,-0.3176503440026224,-0.0024586436650430588,0.03333333333333333,0.03333333333333333,-0.0
1743597003.3607938,-74.0,-5.0,218.0,,-0.7869978363545267,-0.26902276284509163,-0.45250820813849635,0.03333333333333333,0.0,-0.0
1743597003.3809652,-74.0,-5.0,218.0,,-0.6789978363545266,-0.25902276284509185,-1.416805378929217,0.03333333333333333,-0.06666666666666667,-0.0
1743597003.401172,-74.0,-5.0,218.0,,-0.6789978363545266,-0.25902276284509185,-1.416805378929217,0.03333333333333333,-0.06666666666666667,-0.0
1743597003.4218442,-74.0,-5.0,218.0,,-0.6789978363545266,-0.30802276284509134,-6.006892549817768e-16,0.03333333333333333,0.0,-0.0
1743597003.4424443,-74.0,-5.0,218.0,,-0.6399978363545267,-0.25902276284509185,-0.3541247296587786,0.03333333333333333,0.0,-0.0
1743597003.4628305,-74.0,-5.0,218.0,,-0.6399978363545267,-0.25902276284509185,-0.3541247296587786,0.03333333333333333,0.0,-0.0
1743597003.483015,-75.0,-5.0,217.0,,-0.6399978363545267,-0.22326764410424005,-0.19508111580864151,0.03333333333333333,0.0,-0.0
1743597003.5032501,-75.0,-5.0,217.0,,-0.6399978363545267,-0.22326764410424005,-0.19508111580864151,0.03333333333333333,0.0,-0.0
1743597003.5265577,-75.0,-5.0,217.0,,-0.6399978363545267,-0.22326764410424005,-0.19508111580864151,0.03333333333333333,0.0,-0.0
1743597003.546767,-76.0,-6.0,216.0,,-0.8304242246556806,-0.19039892523247381,-0.2150847310005029,0.03333333333333333,0.0,-0.0
1743597003.566963,-76.0,-6.0,216.0,,-0.8304242246556806,-0.19939892523247416,-0.21498468438503748,0.03333333333333333,0.0,-0.0
1743597003.587314,-76.0,-6.0,216.0,,-0.8204242246556807,-0.18039892523247403,-0.19508330411710084,0.03333333333333333,0.0,-0.0
1743597003.6087615,-77.0,-6.0,216.0,,-0.8104242246556806,-0.15042966445684058,-0.19498015460385493,0.03333333333333333,0.0,-0.0
1743597003.6289575,-77.0,-6.0,215.0,,-0.8104242246556806,-0.15942966445684092,-0.2149799990946754,0.03333333333333333,0.0,-0.0
1743597003.649148,-77.0,-7.0,215.0,,-0.9805382588044967,-0.15042966445684058,-0.21508003267602865,0.03333333333333333,0.0,-0.0
1743597003.669357,-78.0,-7.0,215.0,,-0.9905382588044968,-0.10337203680136575,-0.19508330411710084,0.03333333333333333,0.0,-0.0
1743597003.6907496,-78.0,-7.0,214.0,,-1.0005382588044966,-0.12237203680136588,-0.21498468438503748,0.03333333333333333,0.0,-0.0
1743597003.7109573,-78.0,-7.0,214.0,,-1.0005382588044966,-0.11337203680136554,-0.2150847310005029,0.03333333333333333,0.0,-0.0
1743597003.7311714,-79.0,-8.0,214.0,,-1.160288120418242,-0.0792373303784153,-0.19498233616141908,0.03333333333333333,0.0,-0.0
1743597003.751425,-79.0,-8.0,214.0,,-1.150288120418242,-0.0792373303784153,-0.19498015460385493,0.03333333333333333,0.0,-0.0
1743597003.7716582,-79.0,-8.0,213.0,,-1.150288120418242,-0.0792373303784153,-0.21508003267602865,0.03333333333333333,0.0,-0.0
1743597003.7921724,-80.0,-9.0,213.0,,-1.3196221020446648,-0.048035942950239274,-0.21508003267602865,0.03333333333333333,0.0,-0.0
1743597003.8125527,-80.0,-9.0,213.0,,-1.3196221020446648,-0.048035942950239274,-0.19498015460385493,0.03333333333333333,0.0,-0.0
1743597003.8328605,-80.0,-9.0,212.0,,-1.3396221020446648,-0.057035942950239615,-0.19489371456630186,0.03333333333333333,0.0,-0.0
1743597003.8530588,-81.0,-9.0,212.0,,-1.3396221020446648,-0.01977737876169705,-0.23518470427017035,0.03333333333333333,0.0,-0.0
1743597003.8732796,-81.0,-10.0,211.0,,-1.5084886229125867,-0.009777378761697264,-0.21519611149926987,0.03333333333333333,0.0,-0.0
1743597003.8934555,-81.0,-10.0,211.0,,-1.4884886229125867,-0.01977737876169705,-0.19498015460385493,0.03333333333333333,0.0,-0.0
1743597003.913631,-81.0,-10.0,211.0,,-1.4984886229125867,-0.01977737876169705,-0.21508243905836386,0.03333333333333333,0.0,-0.0
1743597003.933944,-82.0,-11.0,210.0,,-1.6668362446439045,0.005529754354805405,-0.21508243905836386,0.03333333333333333,0.0,-0.0
1743597003.954158,-82.0,-11.0,210.0,,-1.6568362446439044,0.015529754354805192,-0.21519139863569517,0.03333333333333333,0.0,-0.0
1743597003.9745572,-82.0,-12.0,210.0,,-1.8346136869222192,0.005529754354805405,-0.21508243905836386,0.03333333333333333,0.0,-0.0
1743597003.995195,-82.0,-12.0,209.0,,-1.8346136869222192,0.005529754354805405,-0.21508243905836386,0.03333333333333333,0.0,-0.0
1743597004.0154107,-83.0,-12.0,209.0,,-1.8246136869222191,0.027877747601369407,-0.19498015460385493,0.03333333333333333,0.0,-0.0
1743597004.0359445,-83.0,-13.0,208.0,,-1.9817698431133155,0.027877747601369407,-0.21507751187644514,0.03333333333333333,0.0,-0.0
1743597004.05614,-83.0,-13.0,208.0,,-1.9917698431133155,0.027877747601369407,-0.21508003267602865,0.03333333333333333,0.0,-0.0
1743597004.076339,-83.0,-14.0,207.0,,-2.1682537958327406,0.027877747601369407,-0.19498233616141908,0.03333333333333333,0.0,-0.0
1743597004.096495,-84.0,-15.0,206.0,,-2.344014832455729,0.04725979356276255,-0.19498441397077015,0.03333333333333333,0.0,-0.0
1743597004.1168268,-84.0,-15.0,206.0,,-2.344014832455729,0.04725979356276255,-0.19498441397077015,0.03333333333333333,0.0,-0.0
1743597004.1371708,-84.0,-15.0,206.0,,-2.3340148324557286,0.04725979356276255,-0.21508243905836386,0.03333333333333333,0.0,-0.0
1743597004.15738,-84.0,-16.0,205.0,,-2.479002460564762,0.04725979356276255,-0.21507751187644514,0.03333333333333333,0.0,-0.0
1743597004.1804047,-84.0,-16.0,205.0,,-2.479002460564762,0.04725979356276255,-0.21507751187644514,0.03333333333333333,0.0,-0.0
1743597004.2005796,-84.0,-17.0,204.0,,-2.653166423330048,0.04725979356276255,-0.19498015460385493,0.03333333333333333,0.0,-0.0
1743597004.222396,-85.0,-18.0,203.0,,-2.8264567148182342,0.0736699882800238,-0.2151938124644906,0.03333333333333333,0.0,-0.0
1743597004.2426136,-85.0,-18.0,203.0,,-2.8264567148182342,0.0736699882800238,-0.2151938124644906,0.03333333333333333,0.0,-0.0
1743597004.2628238,-85.0,-20.0,201.0,,-3.1502176060248104,0.06366998828002401,-0.21508243905836386,0.03333333333333333,0.0,-0.0
1743597004.2830486,-85.0,-20.0,201.0,,-3.1502176060248104,0.054669988280023674,-0.21498239880135417,0.03333333333333333,0.0,-0.0
1743597004.3033547,-85.0,-20.0,201.0,,-3.1502176060248104,0.054669988280023674,-0.21498239880135417,0.03333333333333333,0.0,-0.0
1743597004.323531,-85.0,-22.0,199.0,,-3.4598906814100974,0.06366998828002401,-0.21508003267602865,0.03333333333333333,0.0,-0.0
1743597004.3439775,-86.0,-23.0,198.0,,-3.6280723704797757,0.07710333304887662,-0.19498233616141908,0.03333333333333333,0.0,-0.0
1743597004.3643522,-86.0,-23.0,198.0,,-3.6280723704797757,0.07710333304887662,-0.19498233616141908,0.03333333333333333,0.0,-0.0
1743597004.384676,-86.0,-24.0,196.0,,-3.7850864685736,0.08710333304887641,-0.19508330411710084,0.03333333333333333,0.0,-0.0
1743597004.4048736,-86.0,-25.0,195.0,,-3.9308851476762623,0.07710333304887662,-0.21508003267602865,0.03333333333333333,0.0,-0.0
1743597004.4250827,-86.0,-25.0,195.0,,-3.9308851476762623,0.07710333304887662,-0.21508003267602865,0.03333333333333333,0.0,-0.0
1743597004.4452512,-86.0,-27.0,193.0,,-4.248646802444954,0.07710333304887662,-0.19498233616141908,0.03333333333333333,0.0,-0.0
1743597004.4654572,-86.0,-28.0,192.0,,-4.400516030929589,0.07710333304887662,-0.21508243905836386,0.03333333333333333,0.0,-0.0
1743597004.4859498,-86.0,-28.0,192.0,,-4.400516030929589,0.07710333304887662,-0.21508243905836386,0.03333333333333333,0.0,-0.0
1743597004.5061598,-86.0,-31.0,190.0,,-4.847523514867632,0.07710333304887662,-0.19498233616141908,0.03333333333333333,0.0,-0.0
1743597004.5302868,-86.0,-32.0,189.0,,-4.98350798212774,0.07710333304887662,-0.21508003267602865,0.03333333333333333,0.0,-0.0
1743597004.5504615,-87.0,-33.0,188.0,,-5.137908933497416,0.0875557359423702,-0.19498233616141908,0.03333333333333333,0.0,-0.0
1743597004.5706499,-87.0,-34.0,187.0,,-5.280682383048028,0.0875557359423702,-0.21508243905836386,0.03333333333333333,0.0,-0.0
1743597004.5908678,-87.0,-35.0,186.0,,-5.421784840603762,0.09755573594236999,-0.19508330411710084,0.03333333333333333,0.0,-0.0
1743597004.6111777,-87.0,-36.0,184.0,,-5.551173324989162,0.0875557359423702,-0.19498015460385493,0.03333333333333333,0.0,-0.0
1743597004.6315122,-87.0,-38.0,183.0,,-5.834639072944708,0.0875557359423702,-0.21508243905836386,0.03333333333333333,0.0,-0.0
1743597004.6518257,-87.0,-39.0,182.0,,-5.968633036198905,0.0875557359423702,-0.19498233616141908,0.03333333333333333,0.0,-0.0
1743597004.6721046,-87.0,-40.0,180.0,,-6.100746451024951,0.09755573594236999,-0.19508330411710084,0.03333333333333333,0.0,-0.0
1743597004.6923518,-87.0,-42.0,179.0,,-6.3591712483804,0.07855573594236986,-0.21498239880135417,0.03333333333333333,0.0,-0.0
1743597004.7162938,-87.0,-43.0,178.0,,-6.48540391221311,0.0875557359423702,-0.21508243905836386,0.03333333333333333,0.0,-0.0
1743597004.7365146,-87.0,-45.0,176.0,,-6.731717523440031,0.0875557359423702,-0.21508243905836386,0.03333333333333333,0.0,-0.0
1743597004.7567115,-87.0,-48.0,173.0,,-7.075250737933238,0.0875557359423702,-0.19498015460385493,0.03333333333333333,0.0,-0.0
1743597004.7769246,-87.0,-48.0,173.0,,-7.075250737933238,0.0875557359423702,-0.19498015460385493,0.03333333333333333,0.0,-0.0
1743597004.79711,-87.0,-49.0,171.0,,-7.188700981985394,0.0875557359423702,-0.19498015460385493,0.03333333333333333,0.0,-0.0
1743597004.8173082,-87.0,-53.0,168.0,,-7.629614353563943,0.0875557359423702,-0.21508243905836386,0.03333333333333333,0.0,-0.0
1743597004.8383992,-87.0,-53.0,168.0,,-7.629614353563943,0.0875557359423702,-0.21508243905836386,0.03333333333333333,0.0,-0.0
1743597004.8586068,-87.0,-54.0,167.0,,-7.7314567148182345,0.0875557359423702,-0.21508243905836386,0.03333333333333333,0.0,-0.0
1743597004.8788364,-87.0,-57.0,163.0,,-8.02235827154461,0.09755573594236999,-0.19508330411710084,0.03333333333333333,0.0,-0.0
1743597004.8997624,-87.0,-57.0,163.0,,-8.02235827154461,0.09755573594236999,-0.19508330411710084,0.03333333333333333,0.0,-0.0
1743597004.9205737,-88.0,-59.0,162.0,,-8.203811219887722,0.09502401305732988,-0.19498233616141908,0.03333333333333333,0.0,-0.0
1743597004.9408855,-88.0,-62.0,159.0,,-8.456715885946073,0.09502401305732988,-0.21508243905836386,0.03333333333333333,0.0,-0.0
1743597004.9611073,-88.0,-62.0,159.0,,-8.456715885946073,0.09502401305732988,-0.21508243905836386,0.03333333333333333,0.0,-0.0
1743597004.9813502,-88.0,-64.0,157.0,,-8.602169594194828,0.09502401305732988,-0.19498015460385493,0.03333333333333333,0.0,-0.0
1743597005.001675,-88.0,-67.0,154.0,,-8.81515261236844,0.09502401305732988,-0.21508003267602865,0.03333333333333333,0.0,-0.0
1743597005.0218766,-88.0,-67.0,154.0,,-8.81515261236844,0.09502401305732988,-0.21508003267602865,0.03333333333333333,0.0,-0.0
1743597005.0423815,-88.0,-69.0,152.0,,-8.963423983937549,0.09502401305732988,-0.2150847310005029,0.03333333333333333,0.0,-0.0
1743597005.0626874,-88.0,-72.0,149.0,,-9.144864424855456,0.09502401305732988,-0.23518708516825024,0.03333333333333333,0.0,-0.0
1743597005.0832968,-88.0,-72.0,149.0,,-9.144864424855456,0.09502401305732988,-0.23518708516825024,0.03333333333333333,0.0,-0.0
1743597005.1037095,-88.0,-75.0,146.0,,-9.25073235589576,0.09502401305732988,-0.1949778693188784,0.03333333333333333,0.0,-0.0
1743597005.1239095,-88.0,-76.0,145.0,,-9.303601074767526,0.09502401305732988,-0.21508003267602865,0.03333333333333333,0.0,-0.0
1743597005.1464117,-88.0,-76.0,145.0,,-9.303601074767526,0.09502401305732988,-0.21508003267602865,0.03333333333333333,0.0,-0.0
1743597005.1666284,-88.0,-79.0,142.0,,-9.424762669621584,0.09502401305732988,-0.19498233616141908,0.03333333333333333,0.0,-0.0
1743597005.1868415,-88.0,-80.0,141.0,,-9.45596405704976,0.10502401305732967,-0.19508330411710084,0.03333333333333333,0.0,-0.0
1743597005.2070599,-88.0,-80.0,141.0,,-9.45596405704976,0.10502401305732967,-0.19508330411710084,0.03333333333333333,0.0,-0.0
1743597005.227667,-88.0,-82.0,139.0,,-9.509529754354805,0.09502401305732988,-0.21508243905836386,0.03333333333333333,0.0,-0.0
1743597005.247887,-88.0,-83.0,138.0,,-9.52187774760137,0.08602401305732954,-0.2149799990946754,0.03333333333333333,0.0,-0.0
1743597005.2681208,-88.0,-85.0,136.0,,-9.577669988280023,0.09502401305732988,-0.23518470427017035,0.03333333333333333,0.0,-0.0
1743597005.2885754,-88.0,-86.0,134.0,,-9.581103333048876,0.09502401305732988,-0.21508243905836386,0.03333333333333333,0.0,-0.0
1743597005.3088017,-88.0,-88.0,133.0,,-9.59902401305733,0.09502401305732988,-0.19498233616141908,0.03333333333333333,0.0,-0.0
1743597005.3290987,-88.0,-89.0,132.0,,-9.603505889484198,0.09502401305732988,-0.17488192163448812,0.03333333333333333,0.0,-0.0
1743597005.3493052,-88.0,-90.0,131.0,,-9.595,0.09502401305732988,-0.21508003267602865,0.03333333333333333,0.0,-0.0
1743597005.3696427,-88.0,-91.0,130.0,,-9.583505889484199,0.09502401305732988,-0.21507751187644514,0.03333333333333333,0.0,-0.0
1743597005.3900871,-88.0,-92.0,129.0,,-9.58902401305733,0.09502401305732988,-0.19498015460385493,0.03333333333333333,0.0,-0.0
1743597005.4103196,-88.0,-93.0,128.0,,-9.59155573594237,0.09502401305732988,-0.21508243905836386,0.03333333333333333,0.0,-0.0
1743597005.4307697,-88.0,-94.0,127.0,,-9.591103333048876,0.09502401305732988,-0.2150847310005029,0.03333333333333333,0.0,-0.0
1743597005.4509714,-88.0,-94.0,126.0,,-9.601103333048876,0.10502401305732967,-0.21519829571806537,0.03333333333333333,0.0,-0.0
1743597005.4713356,-88.0,-95.0,126.0,,-9.577669988280023,0.10502401305732967,-0.21519611149926987,0.03333333333333333,0.0,-0.0
1743597005.491818,-88.0,-96.0,125.0,,-9.551259793562762,0.09502401305732988,-0.21508243905836386,0.03333333333333333,0.0,-0.0
1743597005.5120814,-88.0,-97.0,124.0,,-9.521877747601371,0.09502401305732988,-0.21508003267602865,0.03333333333333333,0.0,-0.0
1743597005.5322604,-88.0,-98.0,123.0,,-9.489529754354805,0.09502401305732988,-0.1949778693188784,0.03333333333333333,0.0,-0.0
1743597005.5525768,-88.0,-98.0,122.0,,-9.499529754354805,0.09502401305732988,-0.19498015460385493,0.03333333333333333,0.0,-0.0
1743597005.5733793,-88.0,-99.0,122.0,,-9.474222621238303,0.09502401305732988,-0.21508003267602865,0.03333333333333333,0.0,-0.0
1743597005.5935578,-88.0,-100.0,121.0,,-9.45596405704976,0.09502401305732988,-0.21508243905836386,0.03333333333333333,0.0,-0.0
1743597005.6137302,-88.0,-100.0,121.0,,-9.46596405704976,0.09502401305732988,-0.19498441397077015,0.03333333333333333,0.0,-0.0
1743597005.6339102,-88.0,-101.0,120.0,,-9.424762669621584,0.09502401305732988,-0.21508243905836386,0.03333333333333333,0.0,-0.0
1743597005.654079,-88.0,-101.0,119.0,,-9.424762669621584,0.09502401305732988,-0.21508243905836386,0.03333333333333333,0.0,-0.0
1743597005.6742995,-88.0,-102.0,119.0,,-9.390627963198634,0.09502401305732988,-0.21508243905836386,0.03333333333333333,0.0,-0.0
1743597005.6946425,-88.0,-103.0,118.0,,-9.353570335543159,0.09502401305732988,-0.21508243905836386,0.03333333333333333,0.0,-0.0
1743597005.7187288,-88.0,-104.0,117.0,,-9.313601074767526,0.09502401305732988,-0.21508243905836386,0.03333333333333333,0.0,-0.0
1743597005.7389295,-88.0,-104.0,117.0,,-9.313601074767526,0.09502401305732988,-0.21508243905836386,0.03333333333333333,0.0,-0.0
1743597005.7591913,-88.0,-104.0,117.0,,-9.303601074767526,0.09502401305732988,-0.19498015460385493,0.03333333333333333,0.0,-0.0
1743597005.779389,-88.0,-105.0,116.0,,-9.26073235589576,0.09502401305732988,-0.19498015460385493,0.03333333333333333,0.0,-0.0
1743597005.799644,-88.0,-105.0,116.0,,-9.26073235589576,0.09502401305732988,-0.19498015460385493,0.03333333333333333,0.0,-0.0
1743597005.8204122,-88.0,-105.0,115.0,,-9.27073235589576,0.09502401305732988,-0.21508243905836386,0.03333333333333333,0.0,-0.0
1743597005.8413947,-88.0,-106.0,115.0,,-9.224977237154908,0.09502401305732988,-0.21508243905836386,0.03333333333333333,0.0,-0.0
1743597005.8616045,-88.0,-106.0,115.0,,-9.234977237154908,0.09502401305732988,-0.2150847310005029,0.03333333333333333,0.0,-0.0
1743597005.8818054,-88.0,-107.0,114.0,,-9.17634965599738,0.09502401305732988,-0.21508243905836386,0.03333333333333333,0.0,-0.0
1743597005.9020042,-88.0,-107.0,113.0,,-9.16634965599738,0.09502401305732988,-0.19498015460385493,0.03333333333333333,0.0,-0.0
1743597005.9222085,-88.0,-107.0,113.0,,-9.16634965599738,0.09502401305732988,-0.19498015460385493,0.03333333333333333,0.0,-0.0
1743597005.943026,-88.0,-108.0,113.0,,-9.124864424855458,0.09502401305732988,-0.21508243905836386,0.03333333333333333,0.0,-0.0
1743597005.9644349,-88.0,-108.0,113.0,,-9.124864424855458,0.09502401305732988,-0.21508243905836386,0.03333333333333333,0.0,-0.0
1743597005.9846487,-88.0,-108.0,113.0,,-9.124864424855458,0.09502401305732988,-0.21508243905836386,0.03333333333333333,0.0,-0.0
1743597006.0049067,-88.0,-109.0,112.0,,-9.060537226629299,0.09502401305732988,-0.19498015460385493,0.03333333333333333,0.0,-0.0
1743597006.0252132,-88.0,-109.0,112.0,,-9.070537226629298,0.09502401305732988,-0.21508243905836386,0.03333333333333333,0.0,-0.0
1743597006.0455606,-88.0,-109.0,112.0,,-9.070537226629298,0.09502401305732988,-0.21508243905836386,0.03333333333333333,0.0,-0.0
1743597006.0660229,-88.0,-110.0,111.0,,-9.013384609909762,0.09502401305732988,-0.21508243905836386,0.03333333333333333,0.0,-0.0
1743597006.0863938,-88.0,-110.0,111.0,,-9.013384609909762,0.09502401305732988,-0.21508243905836386,0.03333333333333333,0.0,-0.0
1743597006.1065855,-88.0,-110.0,111.0,,-9.013384609909762,0.09502401305732988,-0.21508243905836386,0.03333333333333333,0.0,-0.0
1743597006.1267607,-88.0,-110.0,110.0,,-9.013384609909762,0.09502401305732988,-0.19498233616141908,0.03333333333333333,0.0,-0.0
1743597006.1470478,-88.0,-111.0,110.0,,-8.94342398393755,0.09502401305732988,-0.21508003267602865,0.03333333333333333,0.0,-0.0
1743597006.1673672,-88.0,-111.0,110.0,,-8.94342398393755,0.09502401305732988,-0.21508003267602865,0.03333333333333333,0.0,-0.0
1743597006.1888354,-88.0,-111.0,110.0,,-8.95342398393755,0.09502401305732988,-0.19498233616141908,0.03333333333333333,0.0,-0.0
1743597006.2091517,-88.0,-111.0,110.0,,-8.94342398393755,0.09502401305732988,-0.19498015460385493,0.03333333333333333,0.0,-0.0
1743597006.2293875,-88.0,-111.0,110.0,,-8.94342398393755,0.09502401305732988,-0.19498015460385493,0.03333333333333333,0.0,-0.0
1743597006.249701,-88.0,-112.0,109.0,,-8.890673613300185,0.09502401305732988,-0.21508243905836386,0.03333333333333333,0.0,-0.0
1743597006.2700408,-88.0,-112.0,109.0,,-8.890673613300185,0.09502401305732988,-0.21508243905836386,0.03333333333333333,0.0,-0.0
1743597006.2903776,-88.0,-112.0,109.0,,-8.880673613300186,0.09502401305732988,-0.19498015460385493,0.03333333333333333,0.0,-0.0
1743597006.3105507,-88.0,-112.0,109.0,,-8.880673613300186,0.09502401305732988,-0.21508003267602865,0.03333333333333333,0.0,-0.0
1743597006.3307302,-88.0,-112.0,109.0,,-8.890673613300185,0.09502401305732988,-0.21508243905836386,0.03333333333333333,0.0,-0.0
1743597006.3509133,-88.0,-112.0,108.0,,-8.890673613300185,0.09502401305732988,-0.19498233616141908,0.03333333333333333,0.0,-0.0
1743597006.3710933,-88.0,-113.0,108.0,,-8.83515261236844,0.09502401305732988,-0.2150847310005029,0.03333333333333333,0.0,-0.0
1743597006.3913772,-88.0,-113.0,108.0,,-8.83515261236844,0.09502401305732988,-0.2150847310005029,0.03333333333333333,0.0,-0.0
1743597006.4116518,-88.0,-113.0,108.0,,-8.82515261236844,0.09502401305732988,-0.19498233616141908,0.03333333333333333,0.0,-0.0
1743597006.4318383,-88.0,-113.0,108.0,,-8.82515261236844,0.09502401305732988,-0.21508243905836386,0.03333333333333333,0.0,-0.0
1743597006.4520285,-88.0,-113.0,108.0,,-8.81515261236844,0.09502401305732988,-0.19498015460385493,0.03333333333333333,0.0,-0.0
1743597006.4724445,-88.0,-113.0,108.0,,-8.81515261236844,0.09502401305732988,-0.235179567032963,0.03333333333333333,0.0,-0.0
1743597006.4928994,-88.0,-113.0,107.0,,-8.82515261236844,0.09502401305732988,-0.21508243905836386,0.03333333333333333,0.0,-0.0
1743597006.5154023,-88.0,-114.0,107.0,,-8.766880939473914,0.09502401305732988,-0.2150847310005029,0.03333333333333333,0.0,-0.0
1743597006.5356038,-88.0,-114.0,107.0,,-8.756880939473914,0.10502401305732967,-0.2151938124644906,0.03333333333333333,0.0,-0.0
1743597006.5558171,-88.0,-114.0,107.0,,-8.756880939473914,0.09502401305732988,-0.21508243905836386,0.03333333333333333,0.0,-0.0
1743597006.576398,-88.0,-114.0,107.0,,-8.746880939473915,0.09502401305732988,-0.19498015460385493,0.03333333333333333,0.0,-0.0
1743597006.5967276,-88.0,-114.0,107.0,,-8.746880939473915,0.09502401305732988,-0.19498015460385493,0.03333333333333333,0.0,-0.0
1743597006.6193793,-88.0,-114.0,107.0,,-8.756880939473914,0.09502401305732988,-0.19498233616141908,0.03333333333333333,0.0,-0.0
1743597006.6395664,-88.0,-114.0,107.0,,-8.756880939473914,0.09502401305732988,-0.19498233616141908,0.03333333333333333,0.0,-0.0
1743597006.6597908,-88.0,-114.0,107.0,,-8.756880939473914,0.09502401305732988,-0.19498233616141908,0.03333333333333333,0.0,-0.0
1743597006.680242,-88.0,-114.0,107.0,,-8.746880939473915,0.09502401305732988,-0.21508003267602865,0.03333333333333333,0.0,-0.0
1743597006.7004914,-88.0,-114.0,107.0,,-8.756880939473914,0.09502401305732988,-0.19498233616141908,0.03333333333333333,0.0,-0.0
1743597006.720905,-88.0,-114.0,106.0,,-8.756880939473914,0.09502401305732988,-0.21508243905836386,0.03333333333333333,0.0,-0.0
1743597006.7413898,-88.0,-115.0,106.0,,-8.685879390829538,0.09502401305732988,-0.21508243905836386,0.03333333333333333,0.0,-0.0
1743597006.7616043,-88.0,-115.0,106.0,,-8.685879390829538,0.09502401305732988,-0.21508243905836386,0.03333333333333333,0.0,-0.0
1743597006.7818184,-88.0,-115.0,106.0,,-8.675879390829538,0.09502401305732988,-0.19498015460385493,0.03333333333333333,0.0,-0.0
1743597006.8020165,-88.0,-115.0,106.0,,-8.685879390829538,0.09502401305732988,-0.19498233616141908,0.03333333333333333,0.0,-0.0
1743597006.8223674,-88.0,-115.0,106.0,,-8.685879390829538,0.09502401305732988,-0.19498233616141908,0.03333333333333333,0.0,-0.0
1743597006.842861,-88.0,-115.0,106.0,,-8.675879390829538,0.08602401305732954,-0.2149799990946754,0.03333333333333333,0.0,-0.0
1743597006.8631191,-88.0,-115.0,106.0,,-8.685879390829538,0.09502401305732988,-0.19498233616141908,0.03333333333333333,0.0,-0.0
1743597006.886391,-88.0,-115.0,106.0,,-8.685879390829538,0.09502401305732988,-0.19498233616141908,0.03333333333333333,0.0,-0.0
1743597006.9065592,-88.0,-115.0,106.0,,-8.685879390829538,0.09502401305732988,-0.21508243905836386,0.03333333333333333,0.0,-0.0
1743597006.9270551,-88.0,-115.0,106.0,,-8.685879390829538,0.09502401305732988,-0.19498233616141908,0.03333333333333333,0.0,-0.0
1743597006.9475315,-88.0,-115.0,106.0,,-8.685879390829538,0.09502401305732988,-0.19498233616141908,0.03333333333333333,0.0,-0.0
1743597006.9682448,-88.0,-115.0,106.0,,-8.685879390829538,0.09502401305732988,-0.21508243905836386,0.03333333333333333,0.0,-0.0
1743597006.988451,-88.0,-115.0,106.0,,-8.685879390829538,0.09502401305732988,-0.19498233616141908,0.03333333333333333,0.0,-0.0
1743597007.0086114,-88.0,-115.0,106.0,,-8.675879390829538,0.09502401305732988,-0.19498015460385493,0.03333333333333333,0.0,-0.0
1743597007.0289557,-88.0,-115.0,106.0,,-8.685879390829538,0.10502401305732967,-0.2151938124644906,0.03333333333333333,0.0,-0.0
1743597007.049312,-88.0,-115.0,106.0,,-8.685879390829538,0.09502401305732988,-0.19498233616141908,0.03333333333333333,0.0,-0.0
1743597007.0734353,-88.0,-115.0,106.0,,-8.685879390829538,0.09502401305732988,-0.19498233616141908,0.03333333333333333,0.0,-0.0
1743597007.0936558,-88.0,-115.0,106.0,,-8.685879390829538,0.10502401305732967,-0.19508330411710084,0.03333333333333333,0.0,-0.0
1743597007.1138992,-88.0,-115.0,105.0,,-8.675879390829538,0.10502401305732967,-0.19508111580864151,0.03333333333333333,0.0,-0.0
1743597007.134102,-88.0,-115.0,105.0,,-8.675879390829538,0.09502401305732988,-0.19498015460385493,0.03333333333333333,0.0,-0.0
1743597007.154346,-88.0,-115.0,106.0,,-8.675879390829538,0.09502401305732988,-0.21508003267602865,0.03333333333333333,0.0,-0.0
1743597007.1749744,-88.0,-115.0,106.0,,-8.685879390829538,0.09502401305732988,-0.21508243905836386,0.03333333333333333,0.0,-0.0
1743597007.1951737,-88.0,-115.0,106.0,,-8.685879390829538,0.09502401305732988,-0.21508243905836386,0.03333333333333333,0.0,-0.0
1743597007.2153683,-88.0,-115.0,105.0,,-8.685879390829538,0.09502401305732988,-0.19498233616141908,0.03333333333333333,0.0,-0.0
1743597007.235709,-88.0,-115.0,105.0,,-8.685879390829538,0.10502401305732967,-0.2151938124644906,0.03333333333333333,0.0,-0.0
1743597007.258398,-88.0,-115.0,105.0,,-8.675879390829538,0.09502401305732988,-0.19498015460385493,0.03333333333333333,0.0,-0.0
1743597007.27899,-88.0,-115.0,105.0,,-8.675879390829538,0.09502401305732988,-0.21508003267602865,0.03333333333333333,0.0,-0.0
1743597007.2992141,-88.0,-115.0,105.0,,-8.685879390829538,0.09502401305732988,-0.21508243905836386,0.03333333333333333,0.0,-0.0
1743597007.3196874,-88.0,-115.0,105.0,,-8.675879390829538,0.09502401305732988,-0.19498015460385493,0.03333333333333333,0.0,-0.0
1743597007.339874,-88.0,-116.0,105.0,,-8.622169594194828,0.09502401305732988,-0.2150847310005029,0.03333333333333333,0.0,-0.0
1743597007.360339,-88.0,-116.0,105.0,,-8.622169594194828,0.09502401305732988,-0.2150847310005029,0.03333333333333333,0.0,-0.0
1743597007.3808036,-88.0,-116.0,105.0,,-8.622169594194828,0.09502401305732988,-0.2150847310005029,0.03333333333333333,0.0,-0.0
1743597007.401093,-88.0,-116.0,105.0,,-8.602169594194828,0.09502401305732988,-0.21508003267602865,0.03333333333333333,0.0,-0.0
1743597007.4215753,-88.0,-116.0,105.0,,-8.602169594194828,0.09502401305732988,-0.21508003267602865,0.03333333333333333,0.0,-0.0
1743597007.4431815,-88.0,-116.0,105.0,,-8.602169594194828,0.09502401305732988,-0.19498015460385493,0.03333333333333333,0.0,-0.0
1743597007.4633753,-88.0,-116.0,105.0,,-8.612169594194828,0.09502401305732988,-0.19498233616141908,0.03333333333333333,0.0,-0.0
1743597007.4835744,-88.0,-116.0,105.0,,-8.612169594194828,0.09502401305732988,-0.19498233616141908,0.03333333333333333,0.0,-0.0
1743597007.5047784,-88.0,-116.0,105.0,,-8.612169594194828,0.09502401305732988,-0.21508243905836386,0.03333333333333333,0.0,-0.0
1743597007.525081,-88.0,-116.0,105.0,,-8.602169594194828,0.10502401305732967,-0.19508111580864151,0.03333333333333333,0.0,-0.0
1743597007.5454304,-88.0,-116.0,105.0,,-8.602169594194828,0.10502401305732967,-0.19508111580864151,0.03333333333333333,0.0,-0.0
1743597007.5657558,-88.0,-116.0,105.0,,-8.612169594194828,0.09502401305732988,-0.21508243905836386,0.03333333333333333,0.0,-0.0
1743597007.5864797,-88.0,-116.0,105.0,,-8.612169594194828,0.09502401305732988,-0.21508243905836386,0.03333333333333333,0.0,-0.0
1743597007.6066983,-88.0,-116.0,105.0,,-8.612169594194828,0.09502401305732988,-0.19498233616141908,0.03333333333333333,0.0,-0.0
1743597007.6269093,-88.0,-116.0,105.0,,-8.622169594194828,0.09502401305732988,-0.19498441397077015,0.03333333333333333,0.0,-0.0
1743597007.6471136,-88.0,-116.0,105.0,,-8.612169594194828,0.09502401305732988,-0.19498233616141908,0.03333333333333333,0.0,-0.0
1743597007.667619,-88.0,-116.0,105.0,,-8.612169594194828,0.09502401305732988,-0.19498233616141908,0.03333333333333333,0.0,-0.0
1743597007.689062,-88.0,-116.0,105.0,,-8.602169594194828,0.09502401305732988,-0.21508003267602865,0.03333333333333333,0.0,-0.0
1743597007.7093074,-88.0,-116.0,105.0,,-8.612169594194828,0.10502401305732967,-0.19508330411710084,0.03333333333333333,0.0,-0.0
1743597007.7339177,-88.0,-116.0,105.0,,-8.612169594194828,0.09502401305732988,-0.19498233616141908,0.03333333333333333,0.0,-0.0
1743597007.7545254,-88.0,-116.0,105.0,,-8.612169594194828,0.09502401305732988,-0.21508243905836386,0.03333333333333333,0.0,-0.0
1743597007.7792082,-88.0,-116.0,105.0,,-8.612169594194828,0.09502401305732988,-0.21508243905836386,0.03333333333333333,0.0,-0.0
1743597007.7993882,-88.0,-116.0,105.0,,-8.602169594194828,0.10502401305732967,-0.21519139863569517,0.03333333333333333,0.0,-0.0
1743597007.8195481,-88.0,-116.0,105.0,,-8.612169594194828,0.09502401305732988,-0.21508243905836386,0.03333333333333333,0.0,-0.0
1743597007.839758,-88.0,-116.0,105.0,,-8.612169594194828,0.09502401305732988,-0.21508243905836386,0.03333333333333333,0.0,-0.0
1743597007.8600814,-88.0,-116.0,105.0,,-8.612169594194828,0.09502401305732988,-0.21508243905836386,0.03333333333333333,0.0,-0.0
1743597007.8806226,-88.0,-116.0,105.0,,-8.612169594194828,0.10502401305732967,-0.19508330411710084,0.03333333333333333,0.0,-0.0
1743597007.9012291,-88.0,-116.0,105.0,,-8.612169594194828,0.10502401305732967,-0.19508330411710084,0.03333333333333333,0.0,-0.0
1743597007.9243684,-88.0,-116.0,105.0,,-8.602169594194828,0.09502401305732988,-0.21508003267602865,0.03333333333333333,0.0,-0.0
1743597007.9445703,-88.0,-116.0,105.0,,-8.602169594194828,0.09502401305732988,-0.21508003267602865,0.03333333333333333,0.0,-0.0
1743597007.9673984,-88.0,-116.0,105.0,,-8.602169594194828,0.09502401305732988,-0.21508003267602865,0.03333333333333333,0.0,-0.0
1743597007.9875877,-88.0,-116.0,105.0,,-8.612169594194828,0.09502401305732988,-0.21508243905836386,0.03333333333333333,0.0,-0.0
1743597008.0077822,-88.0,-116.0,105.0,,-8.612169594194828,0.09502401305732988,-0.21508243905836386,0.03333333333333333,0.0,-0.0
1743597008.0279992,-88.0,-116.0,105.0,,-8.612169594194828,0.09502401305732988,-0.21508243905836386,0.03333333333333333,0.0,-0.0
1743597008.0485437,-88.0,-116.0,105.0,,-8.612169594194828,0.09502401305732988,-0.21508243905836386,0.03333333333333333,0.0,-0.0
1743597008.0689433,-88.0,-116.0,105.0,,-8.602169594194828,0.09502401305732988,-0.19498015460385493,0.03333333333333333,0.0,-0.0
1743597008.0898995,-88.0,-116.0,105.0,,-8.602169594194828,0.09502401305732988,-0.19498015460385493,0.03333333333333333,0.0,-0.0
1743597008.1106067,-88.0,-116.0,105.0,,-8.612169594194828,0.09502401305732988,-0.19498233616141908,0.03333333333333333,0.0,-0.0
1743597008.131232,-88.0,-116.0,105.0,,-8.612169594194828,0.09502401305732988,-0.21508243905836386,0.03333333333333333,0.0,-0.0
1743597008.1523643,-88.0,-116.0,105.0,,-8.612169594194828,0.09502401305732988,-0.21508243905836386,0.03333333333333333,0.0,-0.0
1743597008.172857,-88.0,-116.0,105.0,,-8.612169594194828,0.09502401305732988,-0.21508243905836386,0.03333333333333333,0.0,-0.0
1743597008.193134,-88.0,-116.0,105.0,,-8.612169594194828,0.10502401305732967,-0.2151938124644906,0.03333333333333333,0.0,-0.0
1743597008.2133245,-88.0,-116.0,105.0,,-8.612169594194828,0.09502401305732988,-0.19498233616141908,0.03333333333333333,0.0,-0.0
1743597008.2337582,-88.0,-116.0,105.0,,-8.612169594194828,0.09502401305732988,-0.19498233616141908,0.03333333333333333,0.0,-0.0
1743597008.2544768,-88.0,-116.0,105.0,,-8.602169594194828,0.09502401305732988,-0.21508003267602865,0.03333333333333333,0.0,-0.0
1743597008.2746763,-88.0,-116.0,105.0,,-8.602169594194828,0.09502401305732988,-0.21508003267602865,0.03333333333333333,0.0,-0.0
1743597008.2948725,-88.0,-116.0,105.0,,-8.602169594194828,0.09502401305732988,-0.21508003267602865,0.03333333333333333,0.0,-0.0
1743597008.3150795,-88.0,-116.0,105.0,,-8.612169594194828,0.10502401305732967,-0.19508330411710084,0.03333333333333333,0.0,-0.0
1743597008.3383887,-88.0,-116.0,105.0,,-8.612169594194828,0.09502401305732988,-0.19498233616141908,0.03333333333333333,0.0,-0.0
1743597008.3586347,-88.0,-116.0,105.0,,-8.612169594194828,0.09502401305732988,-0.19498233616141908,0.03333333333333333,0.0,-0.0
1743597008.378842,-88.0,-116.0,105.0,,-8.612169594194828,0.09502401305732988,-0.21508243905836386,0.03333333333333333,0.0,-0.0
1743597008.3990793,-88.0,-116.0,105.0,,-8.612169594194828,0.09502401305732988,-0.19498233616141908,0.03333333333333333,0.0,-0.0
1743597008.4194899,-88.0,-116.0,105.0,,-8.612169594194828,0.10502401305732967,-0.19508330411710084,0.03333333333333333,0.0,-0.0
1743597008.442387,-88.0,-116.0,105.0,,-8.602169594194828,0.09502401305732988,-0.21508003267602865,0.03333333333333333,0.0,-0.0
1743597008.4625802,-88.0,-116.0,105.0,,-8.612169594194828,0.09502401305732988,-0.21508243905836386,0.03333333333333333,0.0,-0.0
1743597008.4854054,-88.0,-116.0,105.0,,-8.612169594194828,0.08602401305732954,-0.194891642521468,0.03333333333333333,0.0,-0.0
1743597008.505633,-88.0,-116.0,105.0,,-8.612169594194828,0.08602401305732954,-0.194891642521468,0.03333333333333333,0.0,-0.0
1743597008.5261688,-88.0,-116.0,105.0,,-8.612169594194828,0.10502401305732967,-0.19508330411710084,0.03333333333333333,0.0,-0.0
1743597008.5466073,-88.0,-116.0,105.0,,-8.602169594194828,0.10502401305732967,-0.19508111580864151,0.03333333333333333,0.0,-0.0
1743597008.566813,-88.0,-116.0,105.0,,-8.602169594194828,0.10502401305732967,-0.19508111580864151,0.03333333333333333,0.0,-0.0
1743597008.5870163,-88.0,-116.0,105.0,,-8.612169594194828,0.09502401305732988,-0.19498233616141908,0.03333333333333333,0.0,-0.0
1743597008.6071854,-88.0,-116.0,105.0,,-8.602169594194828,0.09502401305732988,-0.21508003267602865,0.03333333333333333,0.0,-0.0
1743597008.6275587,-88.0,-116.0,105.0,,-8.602169594194828,0.09502401305732988,-0.21508003267602865,0.03333333333333333,0.0,-0.0
1743597008.647898,-88.0,-116.0,105.0,,-8.602169594194828,0.09502401305732988,-0.21508003267602865,0.03333333333333333,0.0,-0.0
1743597008.6683662,-88.0,-116.0,105.0,,-8.612169594194828,0.09502401305732988,-0.21508243905836386,0.03333333333333333,0.0,-0.0
1743597008.688804,-88.0,-116.0,105.0,,-8.612169594194828,0.09502401305732988,-0.21508243905836386,0.03333333333333333,0.0,-0.0
1743597008.7106216,-88.0,-116.0,105.0,,-8.602169594194828,0.09502401305732988,-0.21508003267602865,0.03333333333333333,0.0,-0.0
1743597008.7311893,-88.0,-116.0,105.0,,-8.612169594194828,0.09502401305732988,-0.21508243905836386,0.03333333333333333,0.0,-0.0
1743597008.751375,-88.0,-116.0,105.0,,-8.602169594194828,0.09502401305732988,-0.21508003267602865,0.03333333333333333,0.0,-0.0
1743597008.773384,-88.0,-116.0,105.0,,-8.612169594194828,0.09502401305732988,-0.19498233616141908,0.03333333333333333,0.0,-0.0
1743597008.793587,-88.0,-116.0,105.0,,-8.612169594194828,0.10502401305732967,-0.2151938124644906,0.03333333333333333,0.0,-0.0
1743597008.813924,-88.0,-116.0,105.0,,-8.612169594194828,0.10502401305732967,-0.2151938124644906,0.03333333333333333,0.0,-0.0
1743597008.8342035,-88.0,-116.0,105.0,,-8.612169594194828,0.09502401305732988,-0.21508243905836386,0.03333333333333333,0.0,-0.0
1743597008.8543928,-88.0,-116.0,105.0,,-8.612169594194828,0.10502401305732967,-0.19508330411710084,0.03333333333333333,0.0,-0.0
1743597008.874688,-88.0,-116.0,105.0,,-8.602169594194828,0.09502401305732988,-0.19498015460385493,0.03333333333333333,0.0,-0.0
1743597008.8949084,-88.0,-116.0,105.0,,-8.602169594194828,0.09502401305732988,-0.21508003267602865,0.03333333333333333,0.0,-0.0
1743597008.9153972,-88.0,-116.0,105.0,,-8.602169594194828,0.09502401305732988,-0.21508003267602865,0.03333333333333333,0.0,-0.0
1743597008.9358294,-88.0,-116.0,105.0,,-8.612169594194828,0.10502401305732967,-0.2151938124644906,0.03333333333333333,0.0,-0.0
1743597008.9560568,-88.0,-116.0,105.0,,-8.612169594194828,0.09502401305732988,-0.21508243905836386,0.03333333333333333,0.0,-0.0
1743597008.9783666,-88.0,-116.0,105.0,,-8.612169594194828,0.09502401305732988,-0.19498233616141908,0.03333333333333333,0.0,-0.0
1743597008.9985485,-88.0,-116.0,105.0,,-8.612169594194828,0.09502401305732988,-0.19498233616141908,0.03333333333333333,0.0,-0.0
1743597009.0189838,-88.0,-116.0,105.0,,-8.612169594194828,0.10502401305732967,-0.19508330411710084,0.03333333333333333,0.0,-0.0
1743597009.039195,-88.0,-116.0,105.0,,-8.612169594194828,0.09502401305732988,-0.21508243905836386,0.03333333333333333,0.0,-0.0
1743597009.0594144,-88.0,-116.0,105.0,,-8.602169594194828,0.09502401305732988,-0.19498015460385493,0.03333333333333333,0.0,-0.0
1743597009.0796907,-88.0,-116.0,105.0,,-8.602169594194828,0.09502401305732988,-0.21508003267602865,0.03333333333333333,0.0,-0.0
1743597009.099892,-88.0,-116.0,105.0,,-8.602169594194828,0.09502401305732988,-0.19498015460385493,0.03333333333333333,0.0,-0.0
1743597009.1203861,-88.0,-116.0,105.0,,-8.612169594194828,0.09502401305732988,-0.21508243905836386,0.03333333333333333,0.0,-0.0
1743597009.1405458,-88.0,-116.0,105.0,,-8.612169594194828,0.09502401305732988,-0.19498233616141908,0.03333333333333333,0.0,-0.0
1743597009.1607482,-88.0,-116.0,105.0,,-8.612169594194828,0.09502401305732988,-0.19498233616141908,0.03333333333333333,0.0,-0.0
1743597009.1809428,-88.0,-116.0,105.0,,-8.612169594194828,0.10502401305732967,-0.2151938124644906,0.03333333333333333,0.0,-0.0
1743597009.2024689,-88.0,-116.0,105.0,,-8.612169594194828,0.09502401305732988,-0.19498233616141908,0.03333333333333333,0.0,-0.0
1743597009.2228138,-88.0,-116.0,105.0,,-8.612169594194828,0.09502401305732988,-0.19498233616141908,0.03333333333333333,0.0,-0.0
1743597009.2430105,-88.0,-116.0,105.0,,-8.612169594194828,0.09502401305732988,-0.19498233616141908,0.03333333333333333,0.0,-0.0
1743597009.2631946,-88.0,-116.0,105.0,,-8.612169594194828,0.09502401305732988,-0.19498233616141908,0.03333333333333333,0.0,-0.0
1743597009.2835014,-88.0,-116.0,105.0,,-8.612169594194828,0.09502401305732988,-0.19498233616141908,0.03333333333333333,0.0,-0.0
1743597009.3037024,-88.0,-116.0,105.0,,-8.602169594194828,0.09502401305732988,-0.19498015460385493,0.03333333333333333,0.0,-0.0
1743597009.323879,-88.0,-116.0,105.0,,-8.602169594194828,0.09502401305732988,-0.21508003267602865,0.03333333333333333,0.0,-0.0
1743597009.344066,-88.0,-116.0,105.0,,-8.602169594194828,0.09502401305732988,-0.21508003267602865,0.03333333333333333,0.0,-0.0
1743597009.364268,-88.0,-116.0,105.0,,-8.612169594194828,0.09502401305732988,-0.21508243905836386,0.03333333333333333,0.0,-0.0
1743597009.384588,-88.0,-116.0,105.0,,-8.612169594194828,0.10502401305732967,-0.2151938124644906,0.03333333333333333,0.0,-0.0
1743597009.404838,-88.0,-116.0,105.0,,-8.612169594194828,0.10502401305732967,-0.2151938124644906,0.03333333333333333,0.0,-0.0
1743597009.425338,-88.0,-116.0,105.0,,-8.612169594194828,0.09502401305732988,-0.21508243905836386,0.03333333333333333,0.0,-0.0
1743597009.4455023,-88.0,-116.0,105.0,,-8.602169594194828,0.10502401305732967,-0.19508111580864151,0.03333333333333333,0.0,-0.0
1743597009.466372,-88.0,-116.0,105.0,,-8.602169594194828,0.10502401305732967,-0.19508111580864151,0.03333333333333333,0.0,-0.0
1743597009.4865475,-88.0,-116.0,105.0,,-8.602169594194828,0.09502401305732988,-0.19498015460385493,0.03333333333333333,0.0,-0.0
1743597009.5067592,-88.0,-116.0,105.0,,-8.612169594194828,0.09502401305732988,-0.19498233616141908,0.03333333333333333,0.0,-0.0
1743597009.5269597,-88.0,-116.0,105.0,,-8.612169594194828,0.09502401305732988,-0.19498233616141908,0.03333333333333333,0.0,-0.0
1743597009.5472908,-88.0,-116.0,105.0,,-8.612169594194828,0.09502401305732988,-0.21508243905836386,0.03333333333333333,0.0,-0.0
1743597009.5675328,-88.0,-116.0,105.0,,-8.612169594194828,0.09502401305732988,-0.19498233616141908,0.03333333333333333,0.0,-0.0
1743597009.5877044,-88.0,-116.0,105.0,,-8.612169594194828,0.09502401305732988,-0.19498233616141908,0.03333333333333333,0.0,-0.0
1743597009.6083994,-88.0,-116.0,105.0,,-8.612169594194828,0.10502401305732967,-0.2151938124644906,0.03333333333333333,0.0,-0.0
1743597009.6313715,-88.0,-116.0,105.0,,-8.612169594194828,0.09502401305732988,-0.21508243905836386,0.03333333333333333,0.0,-0.0
1743597009.651569,-88.0,-116.0,105.0,,-8.612169594194828,0.09502401305732988,-0.19498233616141908,0.03333333333333333,0.0,-0.0
1743597009.6717558,-88.0,-116.0,105.0,,-8.612169594194828,0.09502401305732988,-0.21508243905836386,0.03333333333333333,0.0,-0.0
1743597009.6920614,-88.0,-116.0,105.0,,-8.612169594194828,0.10502401305732967,-0.2151938124644906,0.03333333333333333,0.0,-0.0
1743597009.7125409,-88.0,-116.0,105.0,,-8.602169594194828,0.09502401305732988,-0.19498015460385493,0.03333333333333333,0.0,-0.0
1743597009.732917,-88.0,-116.0,105.0,,-8.612169594194828,0.09502401305732988,-0.21508243905836386,0.03333333333333333,0.0,-0.0
1743597009.75441,-88.0,-116.0,105.0,,-8.612169594194828,0.09502401305732988,-0.19498233616141908,0.03333333333333333,0.0,-0.0
1743597009.7746067,-88.0,-116.0,105.0,,-8.612169594194828,0.10502401305732967,-0.19508330411710084,0.03333333333333333,0.0,-0.0
1743597009.7948177,-88.0,-116.0,105.0,,-8.612169594194828,0.09502401305732988,-0.21508243905836386,0.03333333333333333,0.0,-0.0
1743597009.815014,-88.0,-116.0,105.0,,-8.612169594194828,0.09502401305732988,-0.21508243905836386,0.03333333333333333,0.0,-0.0
1743597009.8353574,-88.0,-116.0,105.0,,-8.612169594194828,0.09502401305732988,-0.21508243905836386,0.03333333333333333,0.0,-0.0
1743597009.8564095,-88.0,-116.0,105.0,,-8.612169594194828,0.09502401305732988,-0.19498233616141908,0.03333333333333333,0.0,-0.0
1743597009.876622,-88.0,-116.0,105.0,,-8.612169594194828,0.10502401305732967,-0.2151938124644906,0.03333333333333333,0.0,-0.0
1743597009.896834,-88.0,-116.0,105.0,,-8.602169594194828,0.09502401305732988,-0.19498015460385493,0.03333333333333333,0.0,-0.0
1743597009.9170294,-88.0,-116.0,105.0,,-8.612169594194828,0.09502401305732988,-0.19498233616141908,0.03333333333333333,0.0,-0.0
1743597009.9374251,-88.0,-116.0,105.0,,-8.602169594194828,0.10502401305732967,-0.21519139863569517,0.03333333333333333,0.0,-0.0
1743597009.9576359,-88.0,-116.0,105.0,,-8.602169594194828,0.09502401305732988,-0.19498015460385493,0.03333333333333333,0.0,-0.0
1743597009.9780076,-88.0,-116.0,105.0,,-8.602169594194828,0.09502401305732988,-0.21508003267602865,0.03333333333333333,0.0,-0.0
1743597009.9982202,-88.0,-116.0,105.0,,-8.612169594194828,0.09502401305732988,-0.21508243905836386,0.03333333333333333,0.0,-0.0
1743597010.0184069,-88.0,-116.0,105.0,,-8.602169594194828,0.09502401305732988,-0.19498015460385493,0.03333333333333333,0.0,-0.0
1743597010.0386322,-88.0,-116.0,105.0,,-8.612169594194828,0.09502401305732988,-0.21508243905836386,0.03333333333333333,0.0,-0.0
1743597010.0588093,-88.0,-116.0,105.0,,-8.612169594194828,0.10502401305732967,-0.19508330411710084,0.03333333333333333,0.0,-0.0
1743597010.0790033,-88.0,-116.0,105.0,,-8.612169594194828,0.09502401305732988,-0.21508243905836386,0.03333333333333333,0.0,-0.0
1743597010.0992446,-88.0,-116.0,105.0,,-8.612169594194828,0.09502401305732988,-0.21508243905836386,0.03333333333333333,0.0,-0.0
1743597010.1194012,-88.0,-116.0,105.0,,-8.602169594194828,0.09502401305732988,-0.19498015460385493,0.03333333333333333,0.0,-0.0
1743597010.1395795,-88.0,-116.0,105.0,,-8.612169594194828,0.09502401305732988,-0.21508243905836386,0.03333333333333333,0.0,-0.0
1743597010.159803,-88.0,-116.0,105.0,,-8.612169594194828,0.09502401305732988,-0.21508243905836386,0.03333333333333333,0.0,-0.0
1743597010.1801193,-88.0,-116.0,105.0,,-8.602169594194828,0.10502401305732967,-0.19508111580864151,0.03333333333333333,0.0,-0.0
1743597010.200378,-88.0,-116.0,105.0,,-8.602169594194828,0.09502401305732988,-0.19498015460385493,0.03333333333333333,0.0,-0.0
1743597010.2207084,-88.0,-116.0,105.0,,-8.602169594194828,0.09502401305732988,-0.19498015460385493,0.03333333333333333,0.0,-0.0
1743597010.240909,-88.0,-116.0,105.0,,-8.602169594194828,0.09502401305732988,-0.21508003267602865,0.03333333333333333,0.0,-0.0
1743597010.2612462,-88.0,-116.0,105.0,,-8.612169594194828,0.09502401305732988,-0.21508243905836386,0.03333333333333333,0.0,-0.0
1743597010.2815855,-88.0,-116.0,105.0,,-8.612169594194828,0.09502401305732988,-0.21508243905836386,0.03333333333333333,0.0,-0.0
1743597010.301771,-88.0,-116.0,105.0,,-8.612169594194828,0.09502401305732988,-0.21508243905836386,0.03333333333333333,0.0,-0.0
1743597010.3219585,-88.0,-116.0,105.0,,-8.612169594194828,0.09502401305732988,-0.21508243905836386,0.03333333333333333,0.0,-0.0
1743597010.3421383,-88.0,-116.0,105.0,,-8.612169594194828,0.09502401305732988,-0.19498233616141908,0.03333333333333333,0.0,-0.0
1743597010.3623528,-88.0,-116.0,105.0,,-8.612169594194828,0.09502401305732988,-0.19498233616141908,0.03333333333333333,0.0,-0.0
1743597010.3826785,-88.0,-116.0,105.0,,-8.602169594194828,0.09502401305732988,-0.21508003267602865,0.03333333333333333,0.0,-0.0
1743597010.4028687,-88.0,-116.0,105.0,,-8.612169594194828,0.09502401305732988,-0.19498233616141908,0.03333333333333333,0.0,-0.0
1743597010.4230707,-88.0,-116.0,105.0,,-8.612169594194828,0.09502401305732988,-0.19498233616141908,0.03333333333333333,0.0,-0.0
1743597010.4432724,-88.0,-116.0,105.0,,-8.612169594194828,0.09502401305732988,-0.21508243905836386,0.03333333333333333,0.0,-0.0
1743597010.4634418,-88.0,-116.0,105.0,,-8.602169594194828,0.09502401305732988,-0.19498015460385493,0.03333333333333333,0.0,-0.0
1743597010.4837198,-88.0,-116.0,105.0,,-8.602169594194828,0.09502401305732988,-0.19498015460385493,0.03333333333333333,0.0,-0.0
1743597010.5063899,-88.0,-116.0,105.0,,-8.612169594194828,0.09502401305732988,-0.21508243905836386,0.03333333333333333,0.0,-0.0
1743597010.5265863,-88.0,-116.0,105.0,,-8.612169594194828,0.09502401305732988,-0.19498233616141908,0.03333333333333333,0.0,-0.0
1743597010.5467849,-88.0,-116.0,105.0,,-8.612169594194828,0.09502401305732988,-0.19498233616141908,0.03333333333333333,0.0,-0.0
1743597010.567045,-88.0,-116.0,105.0,,-8.612169594194828,0.09502401305732988,-0.21508243905836386,0.03333333333333333,0.0,-0.0
1743597010.587529,-88.0,-116.0,105.0,,-8.612169594194828,0.08602401305732954,-0.21498239880135417,0.03333333333333333,0.0,-0.0
1743597010.6080747,-88.0,-116.0,105.0,,-8.612169594194828,0.08602401305732954,-0.21498239880135417,0.03333333333333333,0.0,-0.0
1743597010.6284034,-88.0,-116.0,105.0,,-8.602169594194828,0.09502401305732988,-0.21508003267602865,0.03333333333333333,0.0,-0.0
1743597010.648587,-88.0,-116.0,105.0,,-8.612169594194828,0.09502401305732988,-0.21508243905836386,0.03333333333333333,0.0,-0.0
1743597010.6689131,-88.0,-116.0,105.0,,-8.612169594194828,0.09502401305732988,-0.21508243905836386,0.03333333333333333,0.0,-0.0
1743597010.6892352,-88.0,-116.0,105.0,,-8.612169594194828,0.09502401305732988,-0.21508243905836386,0.03333333333333333,0.0,-0.0
1743597010.709562,-88.0,-116.0,105.0,,-8.612169594194828,0.09502401305732988,-0.21508243905836386,0.03333333333333333,0.0,-0.0
1743597010.7297626,-88.0,-116.0,105.0,,-8.612169594194828,0.09502401305732988,-0.21508243905836386,0.03333333333333333,0.0,-0.0
1743597010.7499442,-88.0,-116.0,105.0,,-8.612169594194828,0.09502401305732988,-0.19498233616141908,0.03333333333333333,0.0,-0.0
1743597010.7706094,-88.0,-116.0,105.0,,-8.602169594194828,0.09502401305732988,-0.21508003267602865,0.03333333333333333,0.0,-0.0
1743597010.7908354,-88.0,-116.0,105.0,,-8.602169594194828,0.09502401305732988,-0.21508003267602865,0.03333333333333333,0.0,-0.0
1743597010.8110034,-88.0,-116.0,105.0,,-8.612169594194828,0.09502401305732988,-0.21508243905836386,0.03333333333333333,0.0,-0.0
1743597010.8312016,-88.0,-116.0,105.0,,-8.612169594194828,0.09502401305732988,-0.21508243905836386,0.03333333333333333,0.0,-0.0
1743597010.8516457,-88.0,-116.0,105.0,,-8.612169594194828,0.09502401305732988,-0.21508243905836386,0.03333333333333333,0.0,-0.0
1743597010.871879,-88.0,-116.0,105.0,,-8.612169594194828,0.09502401305732988,-0.19498233616141908,0.03333333333333333,0.0,-0.0
1743597010.8938248,-88.0,-116.0,105.0,,-8.612169594194828,0.09502401305732988,-0.19498233616141908,0.03333333333333333,0.0,-0.0
1743597010.9140303,-88.0,-116.0,105.0,,-8.612169594194828,0.09502401305732988,-0.21508243905836386,0.03333333333333333,0.0,-0.0
1743597010.934233,-88.0,-116.0,105.0,,-8.612169594194828,0.10502401305732967,-0.2151938124644906,0.03333333333333333,0.0,-0.0
1743597010.954395,-88.0,-116.0,105.0,,-8.612169594194828,0.10502401305732967,-0.2151938124644906,0.03333333333333333,0.0,-0.0
1743597010.9745946,-88.0,-116.0,105.0,,-8.602169594194828,0.09502401305732988,-0.21508003267602865,0.03333333333333333,0.0,-0.0
1743597010.9948657,-88.0,-116.0,105.0,,-8.612169594194828,0.09502401305732988,-0.21508243905836386,0.03333333333333333,0.0,-0.0
1743597011.0152154,-88.0,-116.0,105.0,,-8.602169594194828,0.09502401305732988,-0.19498015460385493,0.03333333333333333,0.0,-0.0
1743597011.0353823,-88.0,-116.0,105.0,,-8.612169594194828,0.09502401305732988,-0.21508243905836386,0.03333333333333333,0.0,-0.0
1743597011.0556922,-88.0,-116.0,105.0,,-8.602169594194828,0.09502401305732988,-0.19498015460385493,0.03333333333333333,0.0,-0.0
1743597011.0759816,-88.0,-116.0,105.0,,-8.612169594194828,0.09502401305732988,-0.19498233616141908,0.03333333333333333,0.0,-0.0
1743597011.0963306,-88.0,-116.0,105.0,,-8.612169594194828,0.10502401305732967,-0.2151938124644906,0.03333333333333333,0.0,-0.0
1743597011.1166437,-88.0,-116.0,105.0,,-8.612169594194828,0.09502401305732988,-0.19498233616141908,0.03333333333333333,0.0,-0.0
1743597011.136934,-88.0,-116.0,105.0,,-8.602169594194828,0.09502401305732988,-0.19498015460385493,0.03333333333333333,0.0,-0.0
1743597011.1571097,-88.0,-116.0,105.0,,-8.602169594194828,0.09502401305732988,-0.19498015460385493,0.03333333333333333,0.0,-0.0
1743597011.1773245,-88.0,-116.0,105.0,,-8.602169594194828,0.09502401305732988,-0.19498015460385493,0.03333333333333333,0.0,-0.0
1743597011.1975048,-88.0,-116.0,105.0,,-8.612169594194828,0.09502401305732988,-0.19498233616141908,0.03333333333333333,0.0,-0.0
1743597011.2178347,-88.0,-116.0,105.0,,-8.612169594194828,0.09502401305732988,-0.19498233616141908,0.06666666666666667,0.0,-0.0
1743597011.2380166,-88.0,-116.0,105.0,,-8.612169594194828,0.09502401305732988,-0.21508243905836386,0.06666666666666667,0.0,-0.0
1743597011.2582533,-88.0,-117.0,104.0,,-7.849774002287889,0.13502401305732903,-3.3445927920833416,0.06666666666666667,0.3333333333333333,-0.0
1743597011.278442,-88.0,-119.0,102.0,,-8.189019327037474,0.1840240130573303,-0.006094024117462682,-0.03333333333333333,0.4,-0.03333333333333333
1743597011.2986236,-88.0,-112.0,108.0,,-8.635673613300185,0.2720240130573295,-3.489760592011022,-0.7,0.03333333333333333,-0.16666666666666666
1743597011.3189633,-87.0,-21.0,185.0,,-3.8395895850393957,-0.6084442640576295,-1.139287520274813,-1.3333333333333333,-0.3333333333333333,-0.3
1743597011.3402896,-86.0,9.0,210.0,,0.2006221020446648,-1.647896666951123,0.131170754406701,-1.6,-0.6666666666666666,-0.9666666666666667
1743597011.3605144,-84.0,22.0,219.0,,1.369890681410097,-2.531740206437238,0.5689134457488043,-1.4,-0.9666666666666667,-2.066666666666667
1743597011.380787,-81.0,34.0,230.0,,3.0336823830480277,-1.176777378761697,0.401661429072139,-0.6333333333333333,-1.3666666666666667,-3.3666666666666667
1743597011.4024053,-78.0,47.0,239.0,,5.654579812884062,0.06362796319863406,-0.009555497331386054,-0.7666666666666667,-1.9666666666666666,-3.7
1743597011.4226124,-74.0,57.0,246.0,,7.00135827154461,0.22197723715490802,-0.04061161083175224,-1.3666666666666667,-2.1,-3.7333333333333334
1743597011.4429011,-69.0,62.0,248.0,,5.964715885946073,-0.32457601606245134,0.014612592899463595,-2.2666666666666666,-1.8666666666666667,-3.966666666666667
1743597011.4633813,-64.0,64.0,247.0,,4.914169594194828,-1.0778304058051713,0.24973519491906515,-2.6333333333333333,-1.9666666666666666,-4.433333333333334
1743597011.4835956,-53.0,68.0,245.0,,5.319673613300186,-1.2563856464360565,0.09973245429155764,0.06666666666666667,-1.8,-4.133333333333334
1743597011.5037727,-53.0,68.0,245.0,,5.319673613300186,-1.2563856464360565,0.09973245429155764,0.06666666666666667,-1.8,-4.133333333333334
1743597011.5241249,-48.0,71.0,246.0,,5.146537226629299,-0.4467492620667626,-0.18193307145786397,0.3333333333333333,-1.0666666666666667,-4.533333333333333
1743597011.544356,-38.0,76.0,250.0,,3.4486010747675255,0.8226390729447086,-0.2611651369035448,0.36666666666666664,-0.7333333333333333,-5.233333333333333
1743597011.5684183,-38.0,76.0,250.0,,3.4486010747675255,0.8226390729447086,-0.2611651369035448,0.36666666666666664,-0.7333333333333333,-5.233333333333333
1743597011.58864,-32.0,76.0,251.0,,2.8796010747675256,0.59950798212774,-0.2596666518677342,0.23333333333333334,-0.7,-5.166666666666667
1743597011.6088357,-20.0,74.0,253.0,,0.1329772371549076,0.09921760602481067,0.015203065464793664,0.23333333333333334,-0.9333333333333333,-4.433333333333334
1743597011.6296515,-20.0,74.0,253.0,,0.1329772371549076,0.09921760602481067,0.015203065464793664,0.23333333333333334,-0.9333333333333333,-4.433333333333334
1743597011.6500728,-10.0,70.0,254.0,,1.4413846099097603,-0.9345113770874132,-0.047536888750565554,0.2,-1.3,-2.7
1743597011.6707623,-6.0,71.0,255.0,,1.7735372266292986,-1.5925757753443193,-0.016186410369576174,0.4,-0.8666666666666667,-2.3
1743597011.691027,-6.0,71.0,255.0,,1.7735372266292986,-1.5925757753443193,-0.016186410369576174,0.4,-0.8666666666666667,-2.3
1743597011.7115874,-1.0,71.0,258.0,,-0.21746277337070197,-1.2117918928502487,-0.012328928305484044,1.5333333333333334,0.36666666666666664,-2.5
1743597011.7318163,0.0,71.0,260.0,,-0.5894627733707019,-0.088,0.004028888326073732,2.066666666666667,0.3,-2.2666666666666666
1743597011.752045,0.0,71.0,260.0,,-0.5894627733707019,-0.088,0.004028888326073732,2.066666666666667,0.3,-2.2666666666666666
1743597011.7722595,3.0,69.0,266.0,,0.11642398393754938,0.48558426925672094,-0.03837499839417324,2.066666666666667,0.43333333333333335,-1.9
1743597011.792497,3.0,69.0,266.0,,0.11642398393754938,0.48558426925672094,-0.03837499839417324,2.066666666666667,0.43333333333333335,-1.9
1743597011.8126855,4.0,68.0,269.0,,0.6616736133001861,-0.3223110074298693,-0.12036268071645584,2.0,0.8333333333333334,-0.7333333333333333
1743597011.8334157,3.0,64.0,273.0,,-0.9988304058051725,-0.837415730743279,0.03422861068345928,2.966666666666667,1.5666666666666667,1.0666666666666667
1743597011.8541675,0.0,62.0,276.0,,-2.5472841140539266,-0.088,0.29341664741309326,3.3666666666666667,1.6666666666666667,1.2
1743597011.875173,-2.0,60.0,278.0,,-3.9882907888746573,0.7823640626515345,0.35110426600475364,3.3,1.3,1.1666666666666667
1743597011.8954232,-5.0,59.0,281.0,,-4.663188780112277,2.275997836354527,0.48958688520639315,2.933333333333333,0.0,0.7666666666666667
1743597011.9156826,-7.0,59.0,283.0,,-1.653188780112277,4.420538258804497,0.11549612404007825,1.3333333333333333,-1.3333333333333333,-0.7
1743597011.9394073,-7.0,59.0,283.0,,-1.653188780112277,4.420538258804497,0.11549612404007825,1.3333333333333333,-1.3333333333333333,-0.7
1743597011.9596186,-7.0,59.0,283.0,,-1.653188780112277,4.420538258804497,0.11549612404007825,1.3333333333333333,-1.3333333333333333,-0.7
1743597011.9803395,-5.0,62.0,283.0,,-0.9092841140539267,0.41399783635452664,-0.01875907157475254,-2.6,-0.5333333333333333,-0.6
1743597012.0005288,-3.0,62.0,281.0,,-1.1352841140539276,-1.5365842692567209,0.038462399387287016,-2.1,-0.6333333333333333,-0.5666666666666667
1743597012.0225866,-2.0,63.0,279.0,,-1.2522259977121113,-2.4036359373484655,0.07637541135376025,-1.1333333333333333,-0.5,-0.43333333333333335
1743597012.0431209,-1.0,63.0,278.0,,-1.1642259977121103,-2.2607918928502486,0.04585784405710491,0.0,-0.3,-0.4
1743597012.0633485,0.0,63.0,278.0,,-0.8992259977121115,-0.765,-0.009044454502710408,0.8,-0.3,-0.43333333333333335
1743597012.0868745,0.0,64.0,279.0,,-0.6268304058051726,1.186,-0.005395166649770633,0.43333333333333335,-0.03333333333333333,-0.13333333333333333
1743597012.1071217,0.0,64.0,279.0,,-0.6268304058051726,1.186,-0.005395166649770633,0.43333333333333335,-0.03333333333333333,-0.13333333333333333
1743597012.127361,0.0,64.0,280.0,,-1.0578304058051717,0.774,0.002326116908331205,0.03333333333333333,-0.06666666666666667,-0.03333333333333333
1743597012.1475756,0.0,64.0,280.0,,-1.1468304058051721,0.195,0.010203567173593275,0.0,-0.13333333333333333,-0.0
1743597012.1678662,0.0,64.0,280.0,,-1.1468304058051721,0.195,0.010203567173593275,0.0,-0.13333333333333333,-0.0
1743597012.1881185,0.0,64.0,279.0,,-1.3818304058051716,0.176,0.026017755632502415,0.0,-0.23333333333333334,0.06666666666666667
1743597012.208333,-1.0,65.0,279.0,,-0.0041206091704637515,0.5432081071497512,-0.07922367798043617,0.23333333333333334,-0.03333333333333333,-0.03333333333333333
1743597012.2285676,-1.0,65.0,279.0,,-0.0041206091704637515,0.5432081071497512,-0.07922367798043617,0.23333333333333334,-0.03333333333333333,-0.03333333333333333
1743597012.2489345,-1.0,65.0,279.0,,-0.739120609170465,0.8472081071497513,-0.007771348951845947,0.03333333333333333,0.36666666666666664,-0.16666666666666666
1743597012.2695072,-1.0,64.0,279.0,,-1.6958304058051716,0.034208107149751255,0.0502140320341703,-0.03333333333333333,-0.03333333333333333,-0.0
1743597012.291438,-1.0,64.0,279.0,,-1.6958304058051716,0.034208107149751255,0.0502140320341703,-0.03333333333333333,-0.03333333333333333,-0.0
1743597012.311659,-1.0,63.0,278.0,,-0.9582259977121108,0.4352081071497513,-0.005755307197219506,0.16666666666666666,-0.1,0.16666666666666666
1743597012.3319254,-2.0,64.0,278.0,,-0.8328304058051721,0.5573640626515345,-0.007483637252720943,0.13333333333333333,0.16666666666666666,0.03333333333333333
1743597012.352125,-2.0,64.0,278.0,,-0.8328304058051721,0.5573640626515345,-0.007483637252720943,0.13333333333333333,0.16666666666666666,0.03333333333333333
1743597012.372351,-2.0,63.0,278.0,,-2.1442259977121108,0.3423640626515345,0.06699816939485015,0.0,0.1,-0.13333333333333333
1743597012.3931549,-2.0,63.0,278.0,,-1.3892259977121117,0.3423640626515345,0.0247325296441413,0.1,-0.26666666666666666,0.03333333333333333
1743597012.4133747,-2.0,63.0,278.0,,-1.3892259977121117,0.3423640626515345,0.0247325296441413,0.1,-0.26666666666666666,0.03333333333333333
1743597012.433559,-2.0,63.0,277.0,,-1.3702259977121116,0.8613640626515345,0.03891348541341144,0.06666666666666667,0.03333333333333333,-0.06666666666666667
1743597012.453894,-2.0,63.0,277.0,,-0.8892259977121117,0.4493640626515345,-0.011432051672526589,0.1,0.06666666666666667,-0.3333333333333333
1743597012.4741545,-2.0,63.0,277.0,,-1.2722259977121109,0.6063640626515345,0.012373805484412359,0.1,0.2,-0.2
1743597012.4980078,-2.0,63.0,277.0,,-1.1932259977121102,0.8313640626515345,0.0069617188232807825,0.03333333333333333,0.06666666666666667,-0.1
1743597012.5184526,-2.0,63.0,277.0,,-1.2322259977121117,0.7923640626515345,0.014697369936779392,-0.03333333333333333,0.06666666666666667,-0.06666666666666667
1743597012.5386772,-2.0,63.0,277.0,,-1.1542259977121105,0.2733640626515345,0.011255183174064931,0.13333333333333333,0.03333333333333333,-0.1
1743597012.5605469,-2.0,63.0,277.0,,-1.2322259977121117,0.6743640626515346,0.016396853902808983,0.3333333333333333,0.0,-0.16666666666666666
1743597012.5808322,-2.0,64.0,277.0,,-1.1468304058051721,1.3513640626515344,0.016972984017171733,0.2,0.0,-0.1
1743597012.6010616,-2.0,64.0,277.0,,-1.1268304058051726,1.0763640626515345,0.0171015979176794,0.0,-0.03333333333333333,0.03333333333333333
1743597012.6212502,-2.0,64.0,277.0,,-1.1368304058051724,0.7333640626515345,0.01708211900597645,0.0,-0.06666666666666667,0.1
1743597012.6419802,-2.0,64.0,276.0,,-1.1268304058051726,0.6843640626515346,0.015314955736508207,0.13333333333333333,-0.13333333333333333,0.1
1743597012.6627512,-3.0,64.0,276.0,,-1.1468304058051721,0.9734157307432791,0.01433005120402231,0.16666666666666666,-0.2,0.16666666666666666
1743597012.6831892,-3.0,65.0,276.0,,-1.0041206091704638,0.718415730743279,0.0047962465872826154,0.16666666666666666,-0.2,0.16666666666666666
1743597012.7034183,-3.0,66.0,276.0,,-0.8841190605260856,0.5414157307432791,0.0018669605232916053,0.16666666666666666,-0.1,0.06666666666666667
1743597012.7238045,-3.0,67.0,275.0,,-0.8258473876315602,0.6694157307432791,0.00255178007342749,0.13333333333333333,0.0,-0.0
1743597012.744181,-3.0,69.0,275.0,,-0.7855760160624516,0.983415730743279,0.010381126464476309,-0.03333333333333333,0.03333333333333333,-0.0
1743597012.7643986,-3.0,69.0,275.0,,-0.7855760160624516,0.983415730743279,0.010381126464476309,-0.03333333333333333,0.03333333333333333,-0.0
1743597012.7846034,-3.0,69.0,275.0,,-0.7855760160624516,0.983415730743279,0.010381126464476309,-0.03333333333333333,0.03333333333333333,-0.0
1743597012.8048587,-3.0,70.0,274.0,,-0.7256153900902405,0.5414157307432791,0.010851484529342259,0.03333333333333333,0.0,-0.0
1743597012.8252892,-3.0,71.0,274.0,,-0.6584627733707009,0.9144157307432791,0.009385388507781589,0.1,0.0,-0.03333333333333333
1743597012.8480747,-3.0,71.0,274.0,,-0.6784627733707023,0.9044157307432791,0.011190842333212436,0.06666666666666667,-0.03333333333333333,-0.0
1743597012.8686872,-3.0,72.0,274.0,,-0.5651355751445433,0.7674157307432791,0.005346367216547132,0.06666666666666667,0.0,-0.0
1743597012.888907,-3.0,72.0,274.0,,-0.5651355751445433,0.7674157307432791,0.005346367216547132,0.06666666666666667,0.0,-0.0
1743597012.90913,-2.0,73.0,274.0,,-0.542650344002622,0.6453640626515345,0.007719217665823619,0.03333333333333333,0.0,-0.0
1743597012.9324315,-2.0,75.0,273.0,,-0.4582676441042395,0.4293640626515345,0.008554055513916525,0.03333333333333333,0.0,-0.0
1743597012.9526813,-2.0,75.0,273.0,,-0.4582676441042395,0.4293640626515345,0.008554055513916525,0.03333333333333333,0.0,-0.0
1743597012.972936,-2.0,76.0,273.0,,-0.38639892523247354,0.5183640626515345,0.005776582554494314,0.1,0.0,-0.0
1743597012.9931755,-1.0,77.0,273.0,,-0.3854296644568418,0.36620810714975127,0.009989327002045134,0.06666666666666667,0.0,-0.0
1743597013.0134337,-1.0,77.0,273.0,,-0.3854296644568418,0.36620810714975127,0.009989327002045134,0.06666666666666667,0.0,-0.0
1743597013.0336452,-1.0,78.0,273.0,,-0.35837203680136653,0.5332081071497512,0.010303974839330987,0.1,0.0,-0.0
1743597013.0538695,-1.0,79.0,273.0,,-0.3142373303784165,0.45420810714975124,0.00955250517372519,0.03333333333333333,-0.03333333333333333,-0.0
1743597013.074129,-1.0,79.0,273.0,,-0.3142373303784165,0.45420810714975124,0.00955250517372519,0.03333333333333333,-0.03333333333333333,-0.0
1743597013.094503,-1.0,80.0,273.0,,-0.244035942950239,0.2682081071497513,0.005448944699172009,0.1,0.0,-0.0
1743597013.1151805,-1.0,80.0,273.0,,-0.26303594295023913,0.4052081071497513,0.007781025494547844,0.1,0.0,-0.03333333333333333
1743597013.1359267,-1.0,80.0,273.0,,-0.26303594295023913,0.4052081071497513,0.007781025494547844,0.1,0.0,-0.03333333333333333
1743597013.156222,0.0,81.0,273.0,,-0.205777378761697,0.166,0.004996214879361249,0.16666666666666666,0.0,-0.06666666666666667
1743597013.1768534,0.0,81.0,273.0,,-0.2347773787616969,0.529,0.007403344603551187,0.03333333333333333,0.0,-0.06666666666666667
1743597013.197121,0.0,82.0,273.0,,-0.21947024564519424,0.381,0.00861395323168046,-0.06666666666666667,0.0,-0.0
1743597013.2230701,0.0,82.0,273.0,,-0.2394702456451956,0.166,0.01161721157534823,-0.03333333333333333,0.0,-0.0
1743597013.2432904,0.0,82.0,273.0,,-0.2394702456451956,-0.039,0.011962195854583135,0.06666666666666667,0.0,-0.0
1743597013.2635198,0.0,82.0,272.0,,-0.19047024564519432,0.46,0.006101367699888893,0.1,0.0,-0.03333333333333333
1743597013.2837508,0.0,82.0,272.0,,-0.2294702456451958,0.43,0.009473789353150242,0.0,0.0,-0.0
1743597013.3039875,0.0,82.0,271.0,,-0.21947024564519424,0.126,0.008940448437635862,0.0,0.0,-0.0
1743597013.324208,0.0,82.0,271.0,,-0.20947024564519445,0.166,0.00770244020520694,0.06666666666666667,0.0,-0.0
1743597013.3446252,0.0,82.0,271.0,,-0.19047024564519432,0.166,0.0059065229311393574,0.06666666666666667,0.0,-0.0
1743597013.3648612,0.0,82.0,271.0,,-0.21947024564519424,0.254,0.008542879532231096,0.03333333333333333,0.0,-0.0
1743597013.3850925,0.0,83.0,271.0,,-0.22712225239863137,0.205,0.012136738870219377,0.03333333333333333,0.0,-0.0
1743597013.4052997,0.0,83.0,271.0,,-0.2071222523986318,0.176,0.009790821395496363,0.06666666666666667,-0.03333333333333333,-0.0
1743597013.425564,0.0,83.0,271.0,,-0.19712225239863024,0.274,0.008234512425980611,0.06666666666666667,-0.03333333333333333,-0.0
1743597013.4462986,0.0,83.0,271.0,,-0.19712225239863024,0.205,0.008140962260775542,0.03333333333333333,-0.03333333333333333,-0.0
1743597013.4664798,0.0,84.0,271.0,,-0.15774020643723752,0.166,0.006380809599102699,0.03333333333333333,0.0,-0.0
1743597013.4866982,0.0,84.0,271.0,,-0.15774020643723752,0.166,0.006380809599102699,0.03333333333333333,0.0,-0.0
1743597013.5075788,0.0,84.0,271.0,,-0.1777402064372371,0.244,0.007841566076427942,0.0,0.0,-0.0
1743597013.5277672,0.0,84.0,271.0,,-0.19774020643723844,0.166,0.010398617958807366,0.06666666666666667,0.0,-0.0
1743597013.5482445,0.0,84.0,271.0,,-0.19774020643723844,0.166,0.010398617958807366,0.06666666666666667,0.0,-0.0
1743597013.568495,0.0,85.0,271.0,,-0.1713300117199772,0.195,0.008877334380171908,0.06666666666666667,0.0,-0.0
1743597013.5887787,0.0,85.0,271.0,,-0.13233001171997572,0.146,0.005225604333880252,0.06666666666666667,0.0,-0.0
1743597013.6090038,0.0,85.0,271.0,,-0.13233001171997572,0.146,0.005225604333880252,0.06666666666666667,0.0,-0.0
1743597013.6294963,0.0,85.0,271.0,,-0.15133001171997584,0.146,0.0065772588046176805,0.0,0.0,-0.0
1743597013.6501088,0.0,85.0,271.0,,-0.1713300117199772,0.136,0.008821239415226056,0.0,0.0,-0.0
1743597013.670868,0.0,85.0,271.0,,-0.1713300117199772,0.136,0.008821239415226056,0.0,0.0,-0.0
1743597013.6914256,0.0,86.0,271.0,,-0.1578966669511246,0.087,0.008957120114152839,0.06666666666666667,0.0,-0.0
1743597013.7129793,0.0,86.0,271.0,,-0.11889666695112311,0.126,0.005465200442282492,0.1,0.0,-0.0
1743597013.7342136,0.0,86.0,271.0,,-0.11889666695112311,0.126,0.005465200442282492,0.1,0.0,-0.0
1743597013.754647,0.0,86.0,271.0,,-0.16789666695112437,0.234,0.009873556345120105,0.03333333333333333,0.0,-0.0
1743597013.7764835,0.0,86.0,271.0,,-0.1578966669511246,0.097,0.009530664891979956,0.03333333333333333,0.0,-0.0
1743597013.7966938,0.0,86.0,271.0,,-0.13789666695112324,0.117,0.007334164472941662,0.06666666666666667,0.0,-0.0
1743597013.8179417,0.0,86.0,271.0,,-0.12789666695112345,0.205,0.006419226084939944,0.03333333333333333,0.0,-0.0
1743597013.8383853,0.0,86.0,271.0,,-0.14789666695112302,0.166,0.007754179597804667,0.0,0.0,-0.0
1743597013.8601792,0.0,86.0,271.0,,-0.16789666695112437,0.087,0.009933081471731331,0.03333333333333333,0.0,-0.0
1743597013.8803935,0.0,86.0,271.0,,-0.1578966669511246,0.097,0.008962488222815979,0.06666666666666667,0.0,-0.0
1743597013.9015198,0.0,86.0,271.0,,-0.11889666695112311,0.136,0.0057439736095533656,0.06666666666666667,0.0,-0.0
1743597013.9220679,0.0,86.0,271.0,,-0.13789666695112324,0.136,0.00657007178986968,0.03333333333333333,0.0,-0.0
1743597013.9423544,1.0,86.0,271.0,,-0.14789666695112302,-0.045208107149751264,0.00806691487859601,0.03333333333333333,0.0,-0.0
1743597013.9628053,1.0,86.0,271.0,,-0.14789666695112302,0.004791892850248725,0.007592918324580755,0.03333333333333333,0.0,-0.0
1743597013.9836476,1.0,86.0,271.0,,-0.14789666695112302,0.004791892850248725,0.007592918324580755,0.03333333333333333,0.0,-0.0
1743597014.003863,1.0,86.0,271.0,,-0.1578966669511246,-0.035208107149751255,0.008988996905094138,0.06666666666666667,-0.03333333333333333,-0.0
1743597014.024107,1.0,86.0,271.0,,-0.10889666695112332,-0.035208107149751255,0.004498311946132871,0.06666666666666667,0.0,-0.0
1743597014.0447614,1.0,86.0,271.0,,-0.12789666695112345,-0.045208107149751264,0.005770350504747113,0.03333333333333333,0.0,-0.0
1743597014.0655992,1.0,87.0,271.0,,-0.147444264057631,-0.05420810714975126,0.00844005808638082,0.0,0.0,-0.0
1743597014.0864315,1.0,87.0,271.0,,-0.13744426405762944,-0.08420810714975127,0.007870631789701599,0.03333333333333333,0.0,-0.0
1743597014.106664,1.0,87.0,271.0,,-0.13744426405762944,0.03379189285024872,0.007469903215739149,0.0,0.0,-0.0
1743597014.1295354,1.0,87.0,270.0,,-0.147444264057631,-0.20020810714975126,0.008937490237021395,0.0,0.0,-0.0
1743597014.1497443,1.0,87.0,270.0,,-0.147444264057631,-0.20020810714975126,0.008937490237021395,0.0,0.0,-0.0
1743597014.1703632,1.0,87.0,270.0,,-0.13744426405762944,-0.05420810714975126,0.007716274370613063,0.13333333333333333,0.0,-0.03333333333333333
1743597014.1906781,1.0,87.0,270.0,,-0.12744426405762965,0.013791892850248733,0.0072288852581942065,0.03333333333333333,0.0,-0.0
1743597014.2110643,1.0,87.0,270.0,,-0.12744426405762965,0.013791892850248733,0.0072288852581942065,0.03333333333333333,0.0,-0.0
1743597014.2312531,1.0,87.0,270.0,,-0.1574442640576308,-0.09420810714975127,0.01033148982686971,0.03333333333333333,0.0,-0.0
1743597014.2514975,1.0,87.0,270.0,,-0.147444264057631,-0.08420810714975127,0.008957120114152839,0.06666666666666667,0.0,-0.0
1743597014.2721314,1.0,87.0,270.0,,-0.147444264057631,-0.08420810714975127,0.008957120114152839,0.06666666666666667,0.0,-0.0
1743597014.2923605,1.0,87.0,270.0,,-0.13744426405762944,-0.15220810714975128,0.0080229664406688,0.06666666666666667,-0.03333333333333333,-0.0
1743597014.3153992,1.0,87.0,270.0,,-0.12744426405762965,-0.08420810714975127,0.007155802035492598,0.1,-0.03333333333333333,-0.0
1743597014.3356118,1.0,87.0,270.0,,-0.12744426405762965,-0.08420810714975127,0.007155802035492598,0.1,-0.03333333333333333,-0.0
1743597014.355818,1.0,87.0,271.0,,-0.12744426405762965,-0.045208107149751264,0.006563394216629659,0.06666666666666667,0.0,-0.0
1743597014.3760376,1.0,87.0,271.0,,-0.11744426405762987,-0.08420810714975127,0.005749939441321517,0.03333333333333333,0.0,-0.0
1743597014.3962483,1.0,87.0,271.0,,-0.11744426405762987,-0.08420810714975127,0.005749939441321517,0.03333333333333333,0.0,-0.0
1743597014.416474,1.0,87.0,271.0,,-0.13744426405762944,-0.035208107149751255,0.007240835898901454,0.06666666666666667,0.0,-0.0
1743597014.4366786,1.0,87.0,271.0,,-0.12744426405762965,-0.06420810714975127,0.006552110552973889,0.03333333333333333,0.0,-0.0
1743597014.4572005,1.0,87.0,271.0,,-0.12744426405762965,-0.10320810714975126,0.0068460701169443805,0.03333333333333333,0.0,-0.0
1743597014.477408,1.0,87.0,271.0,,-0.147444264057631,-0.035208107149751255,0.007931750718799258,0.03333333333333333,0.0,-0.0
1743597014.501614,1.0,87.0,271.0,,-0.147444264057631,-0.045208107149751264,0.007924855119921026,0.03333333333333333,0.0,-0.0
1743597014.5218058,1.0,87.0,271.0,,-0.13744426405762944,-0.10320810714975126,0.0072048981946180035,0.03333333333333333,0.0,-0.0
1743597014.5420094,1.0,87.0,271.0,,-0.147444264057631,-0.10320810714975126,0.008414903349800884,0.06666666666666667,0.0,-0.0
1743597014.5623486,1.0,87.0,271.0,,-0.147444264057631,-0.05420810714975126,0.008258876489571354,0.1,0.0,-0.0
1743597014.5825753,1.0,87.0,271.0,,-0.12744426405762965,-0.05420810714975126,0.006115823780449947,0.1,0.0,-0.0
1743597014.6027732,1.0,87.0,271.0,,-0.147444264057631,-0.025208107149751274,0.008099736623170872,0.03333333333333333,0.0,-0.0
1743597014.6230352,1.0,87.0,271.0,,-0.1574442640576308,-0.14320810714975127,0.009341276890852956,0.03333333333333333,0.0,-0.0
1743597014.6442027,1.0,87.0,271.0,,-0.12744426405762965,-0.23020810714975126,0.007144591278263834,0.1,0.0,-0.03333333333333333
1743597014.664445,1.0,87.0,271.0,,-0.147444264057631,-0.015208107149751265,0.00810781809210992,0.1,0.0,-0.03333333333333333
1743597014.68468,1.0,87.0,271.0,,-0.13744426405762944,0.07279189285024873,0.007179668215997581,0.03333333333333333,0.0,-0.0
1743597014.7049103,1.0,87.0,271.0,,-0.13744426405762944,-0.05420810714975126,0.007063204157902625,0.0,0.0,-0.0
1743597014.7252827,1.0,87.0,271.0,,-0.13744426405762944,-0.15220810714975128,0.007510737315241656,0.03333333333333333,0.0,-0.0
1743597014.7454698,1.0,87.0,271.0,,-0.1574442640576308,-0.11320810714975127,0.009524539275924115,0.06666666666666667,0.0,-0.0
1743597014.7685761,1.0,87.0,271.0,,-0.147444264057631,-0.025208107149751274,0.008279663125117187,0.06666666666666667,-0.03333333333333333,-0.0
1743597014.788794,0.0,87.0,271.0,,-0.11744426405762987,-0.088,0.0057503694590395615,0.1,-0.03333333333333333,-0.0
1743597014.809028,0.0,87.0,271.0,,-0.11744426405762987,-0.088,0.0057503694590395615,0.1,-0.03333333333333333,-0.0
1743597014.8298128,0.0,87.0,271.0,,-0.11744426405762987,-0.01,0.005328590668630562,0.16666666666666666,0.0,-0.03333333333333333
1743597014.851397,0.0,87.0,271.0,,-0.12744426405762965,0.215,0.0054519282064551255,0.03333333333333333,0.0,-0.0
1743597014.8715668,0.0,87.0,271.0,,-0.12744426405762965,0.215,0.0054519282064551255,0.03333333333333333,0.0,-0.0
1743597014.8917634,0.0,87.0,271.0,,-0.11744426405762987,-0.039,0.005608656360119424,0.03333333333333333,0.0,-0.0
1743597014.9121299,0.0,87.0,271.0,,-0.147444264057631,0.058,0.007541415392286921,0.06666666666666667,0.0,-0.03333333333333333
1743597014.9333856,0.0,87.0,271.0,,-0.147444264057631,0.058,0.007541415392286921,0.06666666666666667,0.0,-0.03333333333333333
1743597014.9535668,0.0,87.0,271.0,,-0.13744426405762944,0.097,0.006582415792340146,0.06666666666666667,0.0,-0.0
1743597014.973744,0.0,87.0,271.0,,-0.13744426405762944,0.048,0.006565378065663874,0.03333333333333333,0.0,-0.0
1743597014.9939384,0.0,87.0,271.0,,-0.13744426405762944,0.048,0.006565378065663874,0.03333333333333333,0.0,-0.0
1743597015.014164,0.0,87.0,271.0,,-0.11744426405762987,0.019,0.005192954832070329,0.06666666666666667,0.0,-0.03333333333333333
1743597015.034408,0.0,87.0,271.0,,-0.13744426405762944,0.117,0.0065926783083316565,0.03333333333333333,0.0,-0.03333333333333333
1743597015.0554476,0.0,87.0,271.0,,-0.13744426405762944,0.117,0.0065926783083316565,0.03333333333333333,0.0,-0.03333333333333333
1743597015.075658,0.0,87.0,271.0,,-0.17644426405763092,0.028,0.01083071493120924,0.03333333333333333,0.0,-0.0
1743597015.0962377,0.0,87.0,271.0,,-0.147444264057631,0.058,0.00805168975615178,0.06666666666666667,-0.03333333333333333,-0.0
1743597015.1168087,0.0,87.0,271.0,,-0.147444264057631,0.058,0.00805168975615178,0.06666666666666667,-0.03333333333333333,-0.0
1743597015.1384194,0.0,87.0,271.0,,-0.10844426405762952,0.077,0.004195133504183324,0.06666666666666667,0.0,-0.0
1743597015.1586068,0.0,87.0,271.0,,-0.147444264057631,0.097,0.007211695907105298,0.0,0.0,-0.0
1743597015.1787844,0.0,87.0,271.0,,-0.147444264057631,0.0,0.007532891077322135,0.0,0.0,-0.0
1743597015.1989698,0.0,87.0,271.0,,-0.12744426405762965,-0.049,0.0063757812216233,0.06666666666666667,0.0,-0.0
1743597015.2191653,0.0,87.0,271.0,,-0.12744426405762965,0.107,0.005666264434350532,0.06666666666666667,0.0,-0.03333333333333333
1743597015.239357,0.0,87.0,271.0,,-0.16744426405763058,0.156,0.008795176519575287,0.03333333333333333,0.0,-0.0
1743597015.2596078,0.0,87.0,271.0,,-0.13744426405762944,0.068,0.006876956634610576,0.0,0.0,-0.0
1743597015.279829,0.0,87.0,271.0,,-0.12744426405762965,-0.02,0.005934952428443607,0.03333333333333333,0.0,-0.0
1743597015.3000622,0.0,87.0,271.0,,-0.147444264057631,0.058,0.007043893498083098,0.06666666666666667,0.0,-0.0
1743597015.3203762,0.0,87.0,271.0,,-0.147444264057631,0.097,0.007731510036899536,0.03333333333333333,0.0,-0.0
1743597015.3405702,0.0,87.0,271.0,,-0.147444264057631,0.097,0.007731510036899536,0.03333333333333333,0.0,-0.0
1743597015.36127,0.0,87.0,271.0,,-0.13744426405762944,0.019,0.006244614065567811,0.06666666666666667,0.0,-0.0
1743597015.3814669,0.0,87.0,271.0,,-0.09844426405762974,0.068,0.0034753121466615244,0.03333333333333333,0.0,-0.0
1743597015.4044223,0.0,87.0,271.0,,-0.12744426405762965,0.068,0.006094021463529553,0.0,0.03333333333333333,-0.0
1743597015.4247928,0.0,87.0,271.0,,-0.16744426405763058,0.0,0.01009331290252069,0.03333333333333333,0.0,-0.0
1743597015.44497,0.0,87.0,271.0,,-0.1574442640576308,0.058,0.00896278116528404,0.06666666666666667,0.0,-0.0
1743597015.465178,0.0,87.0,271.0,,-0.16744426405763058,0.087,0.009524653527713367,0.06666666666666667,0.0,-0.0
1743597015.4857183,0.0,87.0,271.0,,-0.1574442640576308,0.117,0.008442036928699603,0.06666666666666667,-0.03333333333333333,-0.0
1743597015.5067525,0.0,87.0,271.0,,-0.10844426405762952,0.0,0.004537315099914396,0.06666666666666667,0.0,-0.0
1743597015.5276065,0.0,87.0,271.0,,-0.10844426405762952,0.0,0.004537315099914396,0.06666666666666667,0.0,-0.0
1743597015.5478501,0.0,87.0,271.0,,-0.12744426405762965,0.087,0.0056575109648481225,0.03333333333333333,0.0,-0.03333333333333333
1743597015.5682435,0.0,87.0,271.0,,-0.16744426405763058,0.068,0.009117626960614245,0.0,0.0,-0.0
1743597015.5885057,0.0,87.0,271.0,,-0.16744426405763058,0.068,0.009117626960614245,0.0,0.0,-0.0
1743597015.6087997,0.0,87.0,271.0,,-0.16744426405763058,0.028,0.009305862863449255,0.03333333333333333,0.0,-0.0
1743597015.6290216,0.0,87.0,271.0,,-0.12744426405762965,0.028,0.005497416474052497,0.06666666666666667,-0.03333333333333333,-0.0
1743597015.649268,0.0,87.0,271.0,,-0.12744426405762965,0.028,0.005497416474052497,0.06666666666666667,-0.03333333333333333,-0.0
1743597015.670255,0.0,87.0,271.0,,-0.10844426405762952,0.0,0.004183133227483149,0.03333333333333333,0.0,-0.0
1743597015.6904688,0.0,87.0,271.0,,-0.11744426405762987,0.077,0.00468581091110204,0.1,0.0,-0.03333333333333333
1743597015.7111776,0.0,87.0,271.0,,-0.11744426405762987,0.077,0.00468581091110204,0.1,0.0,-0.03333333333333333
1743597015.7315857,0.0,87.0,271.0,,-0.13744426405762944,0.136,0.005819699287560431,0.03333333333333333,0.0,-0.0
1743597015.7517543,0.0,87.0,271.0,,-0.16744426405763058,-0.01,0.009504050080272552,0.03333333333333333,0.0,-0.0
1743597015.7764487,0.0,87.0,271.0,,-0.16744426405763058,-0.01,0.009504050080272552,0.03333333333333333,0.0,-0.0
1743597015.7977223,0.0,87.0,271.0,,-0.147444264057631,0.077,0.006547625173628724,0.1,0.0,-0.0
1743597015.8179572,0.0,87.0,271.0,,-0.147444264057631,0.107,0.006726361468258779,0.06666666666666667,0.0,-0.0
1743597015.8381703,0.0,87.0,271.0,,-0.12744426405762965,0.048,0.005500770493592877,0.03333333333333333,0.0,-0.0
1743597015.858385,0.0,87.0,271.0,,-0.12744426405762965,0.009,0.00535243558944154,0.0,0.0,-0.0
1743597015.8795476,0.0,87.0,271.0,,-0.147444264057631,-0.049,0.006705623553973694,0.03333333333333333,0.0,-0.0
1743597015.8997347,0.0,87.0,271.0,,-0.147444264057631,-0.049,0.006705623553973694,0.03333333333333333,0.0,-0.0
1743597015.919904,0.0,87.0,271.0,,-0.16744426405763058,0.097,0.008178329410153673,0.06666666666666667,-0.03333333333333333,-0.0
1743597015.9400926,0.0,87.0,271.0,,-0.12744426405762965,0.038,0.004807802924247095,0.03333333333333333,-0.03333333333333333,-0.0
1743597015.9602926,0.0,87.0,271.0,,-0.13744426405762944,0.058,0.005650155210763452,0.03333333333333333,0.0,-0.0
1743597015.9809284,0.0,87.0,271.0,,-0.11744426405762987,-0.078,0.004686131506556501,0.03333333333333333,0.0,-0.0
1743597016.0014715,0.0,87.0,271.0,,-0.12744426405762965,0.009,0.004805127824367206,0.06666666666666667,0.0,-0.03333333333333333
1743597016.0219355,0.0,87.0,271.0,,-0.13744426405762944,0.107,0.005515741063486124,0.03333333333333333,0.0,-0.0
1743597016.0424197,0.0,87.0,271.0,,-0.13744426405762944,-0.078,0.006101515132912516,0.03333333333333333,0.0,-0.03333333333333333
1743597016.063015,0.0,87.0,271.0,,-0.13744426405762944,0.087,0.005659009107563728,0.06666666666666667,0.0,-0.03333333333333333
1743597016.0850348,0.0,87.0,271.0,,-0.13744426405762944,0.009,0.005780105300436877,0.03333333333333333,0.0,-0.03333333333333333
1743597016.1052895,0.0,87.0,271.0,,-0.1574442640576308,0.048,0.006985084389526941,0.06666666666666667,0.0,-0.03333333333333333
1743597016.125575,0.0,87.0,271.0,,-0.16744426405763058,0.087,0.008002977408894607,0.06666666666666667,0.0,-0.0
1743597016.1464891,0.0,87.0,271.0,,-0.147444264057631,0.048,0.007041359154134341,0.06666666666666667,0.0,-0.0
1743597016.1666946,0.0,87.0,271.0,,-0.13744426405762944,0.048,0.00578488554719242,0.1,0.0,-0.03333333333333333
1743597016.1869051,0.0,87.0,271.0,,-0.13744426405762944,0.048,0.00578488554719242,0.1,0.0,-0.03333333333333333
1743597016.207104,0.0,87.0,271.0,,-0.1574442640576308,0.166,0.007218503790790531,0.03333333333333333,0.0,-0.0
1743597016.2275882,0.0,87.0,271.0,,-0.1574442640576308,0.009,0.008036562544573633,0.03333333333333333,0.0,-0.0
1743597016.2478669,0.0,87.0,271.0,,-0.147444264057631,0.019,0.0070367135482961585,0.03333333333333333,0.0,-0.0
1743597016.2688568,0.0,87.0,271.0,,-0.147444264057631,0.0,0.006867284294007736,0.06666666666666667,0.0,-0.0
1743597016.28915,0.0,87.0,271.0,,-0.10844426405762952,0.028,0.003840620905044112,0.03333333333333333,0.0,-0.0
1743597016.3095598,0.0,87.0,271.0,,-0.10844426405762952,0.028,0.003840620905044112,0.03333333333333333,0.0,-0.0
1743597016.3298776,0.0,87.0,271.0,,-0.13744426405762944,0.009,0.005780105300436877,0.03333333333333333,0.0,-0.03333333333333333
1743597016.3504171,0.0,87.0,271.0,,-0.17644426405763092,0.068,0.009801803779675877,0.03333333333333333,0.0,-0.0
1743597016.3710535,0.0,87.0,271.0,,-0.17644426405763092,0.068,0.009801803779675877,0.03333333333333333,0.0,-0.0
1743597016.391257,0.0,87.0,271.0,,-0.147444264057631,0.058,0.007196975283147278,0.03333333333333333,0.0,-0.0
1743597016.4116802,0.0,87.0,271.0,,-0.13744426405762944,0.0,0.0059332215130703525,0.03333333333333333,-0.03333333333333333,-0.0
1743597016.432214,0.0,87.0,271.0,,-0.09844426405762974,-0.098,0.0034846954877367775,0.06666666666666667,0.0,-0.03333333333333333
1743597016.4524038,0.0,87.0,271.0,,-0.11744426405762987,0.077,0.00429892195773246,0.1,0.0,-0.03333333333333333
1743597016.4754026,0.0,87.0,271.0,,-0.1574442640576308,0.068,0.007343314472796736,0.03333333333333333,0.0,-0.0
1743597016.4955955,0.0,87.0,271.0,,-0.1574442640576308,0.068,0.007343314472796736,0.03333333333333333,0.0,-0.0
1743597016.5157814,0.0,87.0,271.0,,-0.16744426405763058,0.077,0.008169905970876357,0.03333333333333333,0.0,-0.0
1743597016.5360053,0.0,87.0,271.0,,-0.16744426405763058,-0.01,0.008539070008064864,0.03333333333333333,0.0,-0.0
1743597016.5561764,0.0,87.0,271.0,,-0.16744426405763058,-0.01,0.008539070008064864,0.03333333333333333,0.0,-0.0
1743597016.5763688,0.0,87.0,271.0,,-0.11744426405762987,0.117,0.0040734424037294215,0.06666666666666667,0.0,-0.0
1743597016.596627,0.0,87.0,271.0,,-0.11744426405762987,0.019,0.004288239588437104,0.03333333333333333,0.0,-0.0
1743597016.6172814,0.0,87.0,271.0,,-0.11744426405762987,0.019,0.004288239588437104,0.03333333333333333,0.0,-0.0
1743597016.6374874,0.0,87.0,271.0,,-0.147444264057631,0.048,0.0065394954735154,0.0,0.0,-0.0
1743597016.6581554,0.0,87.0,271.0,,-0.147444264057631,-0.069,0.007047233510038664,0.03333333333333333,0.0,-0.0
1743597016.678426,0.0,87.0,271.0,,-0.147444264057631,-0.02,0.006701036900954527,0.1,0.0,-0.03333333333333333
1743597016.698816,0.0,87.0,271.0,,-0.147444264057631,0.136,0.00593820888007951,0.1,0.0,-0.0
1743597016.7190135,0.0,87.0,271.0,,-0.13744426405762944,0.097,0.005511547283502727,0.03333333333333333,0.0,-0.0
1743597016.739209,0.0,87.0,271.0,,-0.147444264057631,-0.029,0.006371723768451354,0.03333333333333333,0.0,-0.0
1743597016.759785,0.0,87.0,271.0,,-0.147444264057631,0.048,0.006705401215677753,0.03333333333333333,0.0,-0.0
1743597016.7802997,0.0,87.0,271.0,,-0.147444264057631,0.048,0.006705401215677753,0.03333333333333333,0.0,-0.0
1743597016.800782,0.0,87.0,271.0,,-0.147444264057631,-0.01,0.006370098483976516,0.06666666666666667,0.0,-0.0
1743597016.8244839,0.0,87.0,271.0,,-0.13744426405762944,0.068,0.005652808280726673,0.0,0.0,-0.0
1743597016.844715,0.0,87.0,271.0,,-0.13744426405762944,-0.02,0.005780791274679453,0.03333333333333333,0.0,-0.0
1743597016.864926,0.0,87.0,271.0,,-0.13744426405762944,0.028,0.005493814793749219,0.06666666666666667,0.0,-0.03333333333333333
1743597016.8851557,0.0,87.0,271.0,,-0.147444264057631,0.028,0.00670191710900786,0.06666666666666667,0.0,-0.0
1743597016.9053912,0.0,87.0,271.0,,-0.147444264057631,0.126,0.006404697094054279,0.06666666666666667,0.0,-0.0
1743597016.9255986,0.0,87.0,271.0,,-0.16744426405763058,0.068,0.00855046491377287,0.03333333333333333,0.0,-0.0
1743597016.9458222,0.0,87.0,271.0,,-0.147444264057631,-0.039,0.006703606452319211,0.03333333333333333,0.0,-0.0
1743597016.966031,0.0,87.0,271.0,,-0.13744426405762944,-0.02,0.005780791274679453,0.06666666666666667,0.0,-0.0
1743597016.986301,0.0,87.0,271.0,,-0.147444264057631,0.048,0.006374932609903572,0.06666666666666667,0.0,-0.03333333333333333
1743597017.0065084,0.0,87.0,271.0,,-0.1574442640576308,0.077,0.006993189663571819,0.03333333333333333,0.0,-0.0
1743597017.027133,0.0,87.0,271.0,,-0.147444264057631,0.048,0.006705401215677753,0.03333333333333333,0.0,-0.0
1743597017.0478482,0.0,87.0,271.0,,-0.12744426405762965,0.028,0.0052259389695629155,0.03333333333333333,0.0,-0.0
1743597017.069576,0.0,87.0,271.0,,-0.147444264057631,0.126,0.006240776537770332,0.03333333333333333,0.0,-0.0
1743597017.093462,0.0,87.0,271.0,,-0.147444264057631,0.126,0.006240776537770332,0.03333333333333333,0.0,-0.0
1743597017.1136467,0.0,87.0,270.0,,-0.16744426405763058,-0.049,0.008738862110894252,0.03333333333333333,0.0,-0.0
1743597017.1339118,0.0,87.0,270.0,,-0.147444264057631,0.0,0.006206743619804056,0.06666666666666667,-0.03333333333333333,-0.0
1743597017.1545866,0.0,87.0,270.0,,-0.147444264057631,0.0,0.006206743619804056,0.06666666666666667,-0.03333333333333333,-0.0
1743597017.1752439,0.0,87.0,271.0,,-0.10844426405762952,0.019,0.0038398262149175744,0.03333333333333333,0.0,-0.0
1743597017.1975994,0.0,87.0,271.0,,-0.147444264057631,-0.02,0.006207601188591649,0.06666666666666667,0.0,-0.03333333333333333
1743597017.2178218,0.0,87.0,271.0,,-0.147444264057631,-0.02,0.006207601188591649,0.06666666666666667,0.0,-0.03333333333333333
1743597017.2380276,0.0,87.0,271.0,,-0.16744426405763058,0.0,0.007984989514200458,0.06666666666666667,0.0,-0.0
1743597017.2581844,0.0,87.0,271.0,,-0.13744426405762944,0.038,0.00578303625807608,0.06666666666666667,0.0,-0.0
1743597017.2783616,0.0,87.0,271.0,,-0.16744426405763058,0.048,0.0078021870901548995,0.06666666666666667,0.0,-0.0
1743597017.2985516,0.0,87.0,271.0,,-0.13744426405762944,0.038,0.005495171796701781,0.06666666666666667,0.0,-0.0
1743597017.318728,0.0,87.0,271.0,,-0.13744426405762944,0.019,0.0053432898192327105,0.03333333333333333,0.0,-0.0
1743597017.3389046,0.0,88.0,271.0,,-0.12997598694266976,0.019,0.0053432898192327105,0.03333333333333333,0.0,-0.0
1743597017.3590853,0.0,88.0,271.0,,-0.13997598694267133,-0.049,0.006066060835718201,0.06666666666666667,0.0,-0.0
1743597017.3793693,0.0,88.0,271.0,,-0.11997598694266998,0.0,0.004667588637043474,0.06666666666666667,0.0,-0.03333333333333333
1743597017.3996553,0.0,88.0,271.0,,-0.13997598694267133,0.136,0.006099845392806669,0.03333333333333333,0.0,-0.0
1743597017.421393,0.0,88.0,271.0,,-0.1599759869426709,0.0,0.007984989514200458,0.03333333333333333,0.0,-0.0
1743597017.4415727,0.0,88.0,271.0,,-0.11997598694266998,0.028,0.004411124224397378,0.06666666666666667,0.0,-0.0
1743597017.461729,0.0,88.0,271.0,,-0.12997598694266976,0.097,0.005361442763660629,0.03333333333333333,0.0,-0.0
1743597017.4819412,0.0,88.0,271.0,,-0.1499759869426711,-0.029,0.006807501087947032,0.03333333333333333,0.0,-0.0
1743597017.5021205,0.0,88.0,271.0,,-0.13997598694267133,0.019,0.006207517575863131,0.06666666666666667,0.0,-0.0
1743597017.522557,0.0,88.0,271.0,,-0.1499759869426711,0.019,0.006633472591177747,0.06666666666666667,0.0,-0.0
1743597017.5427399,0.0,88.0,271.0,,-0.12997598694266976,0.019,0.005047555320473962,0.06666666666666667,0.0,-0.0
1743597017.5629387,0.0,88.0,271.0,,-0.10997598694267019,0.087,0.0038141364163510882,0.03333333333333333,0.0,-0.0
1743597017.5833662,0.0,88.0,271.0,,-0.11997598694266998,-0.049,0.004948356762775441,0.03333333333333333,0.0,-0.0
1743597017.6036537,0.0,88.0,271.0,,-0.12997598694266976,0.0,0.005492202821067049,0.06666666666666667,0.03333333333333333,-0.03333333333333333
1743597017.6238618,0.0,88.0,271.0,,-0.1499759869426711,0.077,0.006818626911532899,0.06666666666666667,0.03333333333333333,-0.0
1743597017.644036,0.0,88.0,271.0,,-0.1499759869426711,0.028,0.007512763951547763,0.06666666666666667,0.0,-0.0
1743597017.6643488,0.0,87.0,271.0,,-0.16744426405763058,0.048,0.008161131085162587,0.06666666666666667,0.0,-0.0
1743597017.684522,0.0,87.0,271.0,,-0.147444264057631,-0.01,0.006061230199318757,0.06666666666666667,0.0,-0.0
1743597017.7047079,0.0,87.0,271.0,,-0.147444264057631,-0.029,0.006208546652161695,0.06666666666666667,0.0,-0.0
1743597017.7273667,0.0,87.0,271.0,,-0.12744426405762965,0.0,0.005083286333392223,0.1,0.0,-0.03333333333333333
1743597017.7476099,0.0,87.0,271.0,,-0.11744426405762987,0.048,0.004419559999568834,0.03333333333333333,0.03333333333333333,-0.03333333333333333
1743597017.7681272,0.0,87.0,271.0,,-0.13744426405762944,0.028,0.006089592971090352,0.03333333333333333,0.03333333333333333,-0.06666666666666667
1743597017.7885435,0.0,87.0,271.0,,-0.16744426405763058,0.244,0.00812642273782116,0.0,0.03333333333333333,-0.03333333333333333
1743597017.8089328,0.0,87.0,271.0,,-0.1574442640576308,0.028,0.00822248326282915,-0.03333333333333333,0.0,-0.0
1743597017.8296113,0.0,87.0,271.0,,-0.16744426405763058,-0.127,0.009548263679597935,0.06666666666666667,0.0,-0.0
1743597017.849827,0.0,87.0,271.0,,-0.16744426405763058,0.126,0.008969651639540888,0.1,0.0,-0.0
1743597017.8700104,0.0,87.0,271.0,,-0.12744426405762965,0.048,0.005645632042218296,0.1,0.0,-0.0
1743597017.8906217,0.0,87.0,270.0,,-0.12744426405762965,0.048,0.005500770493592877,0.06666666666666667,0.0,-0.0
1743597017.910916,0.0,87.0,270.0,,-0.1574442640576308,0.097,0.007695496379447109,0.06666666666666667,0.0,-0.0
1743597017.9311068,0.0,87.0,270.0,,-0.1574442640576308,0.097,0.007695496379447109,0.06666666666666667,0.0,-0.0
1743597017.9513319,0.0,87.0,270.0,,-0.147444264057631,0.087,0.006386479903051467,0.06666666666666667,-0.03333333333333333,-0.0
1743597017.9717307,0.0,87.0,270.0,,-0.12744426405762965,0.009,0.00535243558944154,0.06666666666666667,0.0,-0.0
1743597017.9922342,0.0,87.0,270.0,,-0.12744426405762965,0.009,0.00535243558944154,0.06666666666666667,0.0,-0.0
1743597018.012425,0.0,87.0,270.0,,-0.13744426405762944,0.048,0.005938290223275189,0.06666666666666667,0.0,-0.0
1743597018.0327694,0.0,87.0,270.0,,-0.1574442640576308,0.019,0.008221393804397459,0.03333333333333333,0.0,-0.0
1743597018.054392,0.0,87.0,270.0,,-0.1574442640576308,0.019,0.008221393804397459,0.03333333333333333,0.0,-0.0
1743597018.074597,0.0,87.0,270.0,,-0.1574442640576308,0.009,0.007853964332519392,0.06666666666666667,0.0,-0.0
1743597018.0950959,0.0,87.0,270.0,,-0.13744426405762944,0.048,0.005938290223275189,0.06666666666666667,-0.03333333333333333,-0.0
1743597018.115522,0.0,87.0,270.0,,-0.13744426405762944,0.048,0.005938290223275189,0.06666666666666667,-0.03333333333333333,-0.0
1743597018.1359541,0.0,87.0,270.0,,-0.12744426405762965,-0.01,0.00522449430342542,0.06666666666666667,0.0,-0.0
1743597018.1567965,0.0,87.0,270.0,,-0.147444264057631,0.028,0.007037724929597977,0.06666666666666667,0.0,-0.03333333333333333
1743597018.1770082,0.0,87.0,270.0,,-0.147444264057631,0.028,0.007037724929597977,0.06666666666666667,0.0,-0.03333333333333333
1743597018.2002225,0.0,87.0,270.0,,-0.13744426405762944,0.048,0.006093012255143637,0.06666666666666667,0.0,-0.0
1743597018.220422,0.0,87.0,270.0,,-0.147444264057631,0.068,0.006710718908156554,0.03333333333333333,0.0,-0.0
1743597018.240744,0.0,87.0,270.0,,-0.13744426405762944,0.009,0.0062439703075568564,0.03333333333333333,0.0,-0.0
1743597018.2611892,0.0,87.0,270.0,,-0.147444264057631,0.058,0.007043893498083098,0.03333333333333333,0.0,-0.0
1743597018.28145,0.0,87.0,270.0,,-0.147444264057631,-0.02,0.007036806796487938,0.06666666666666667,0.0,-0.0
1743597018.3016474,0.0,87.0,270.0,,-0.12744426405762965,0.028,0.005353951874696505,0.06666666666666667,0.0,-0.0
1743597018.3219724,0.0,87.0,271.0,,-0.13744426405762944,0.048,0.00578488554719242,0.06666666666666667,0.0,-0.0
1743597018.3421535,0.0,87.0,271.0,,-0.11744426405762987,0.028,0.004545263703465086,0.06666666666666667,0.0,-0.0
1743597018.3623579,0.0,87.0,271.0,,-0.13744426405762944,0.077,0.005792680250663096,0.03333333333333333,0.0,-0.0
1743597018.3827922,0.0,87.0,271.0,,-0.1574442640576308,0.038,0.007857340821530168,0.03333333333333333,0.0,-0.0
1743597018.403214,0.0,87.0,271.0,,-0.1574442640576308,-0.01,0.008406373751354668,0.06666666666666667,0.0,-0.0
1743597018.424181,0.0,87.0,271.0,,-0.13744426405762944,0.028,0.00670585796818518,0.1,0.0,-0.0
1743597018.444561,0.0,87.0,271.0,,-0.13744426405762944,0.077,0.006101166479521192,0.06666666666666667,0.0,-0.0
1743597018.4649885,0.0,87.0,271.0,,-0.12744426405762965,0.0,0.005352260881279769,0.06666666666666667,0.0,-0.0
1743597018.4851832,0.0,87.0,271.0,,-0.12744426405762965,0.087,0.005512387600376867,0.03333333333333333,0.0,-0.03333333333333333
1743597018.5053837,0.0,87.0,271.0,,-0.147444264057631,0.0,0.007188782776217872,0.03333333333333333,0.0,-0.0
1743597018.525653,0.0,87.0,271.0,,-0.147444264057631,-0.059,0.007368742534018924,0.06666666666666667,0.0,-0.03333333333333333
1743597018.5458765,0.0,87.0,271.0,,-0.147444264057631,0.146,0.00758689810057489,0.06666666666666667,0.0,-0.03333333333333333
1743597018.5660946,0.0,87.0,271.0,,-0.16744426405763058,0.117,0.008963929937367832,0.03333333333333333,0.0,-0.0
1743597018.586508,0.0,87.0,271.0,,-0.13744426405762944,0.038,0.006563315668784875,0.03333333333333333,0.0,-0.0
1743597018.610357,0.0,87.0,271.0,,-0.12744426405762965,0.058,0.005648023696606497,0.0,0.0,-0.0
1743597018.6305523,0.0,87.0,271.0,,-0.1574442640576308,0.077,0.00823573392013921,0.06666666666666667,0.0,-0.0
1743597018.6507297,0.0,87.0,271.0,,-0.1574442640576308,0.077,0.00823573392013921,0.06666666666666667,0.0,-0.0
1743597018.6709268,0.0,87.0,271.0,,-0.147444264057631,0.097,0.007211695907105298,0.03333333333333333,0.0,-0.0
1743597018.6911497,0.0,87.0,271.0,,-0.10844426405762952,0.068,0.003953750380724652,0.03333333333333333,0.0,-0.03333333333333333
1743597018.713398,0.0,87.0,271.0,,-0.10844426405762952,0.068,0.003953750380724652,0.03333333333333333,0.0,-0.03333333333333333
1743597018.734636,0.0,87.0,271.0,,-0.147444264057631,0.107,0.00721666335723381,0.0,0.03333333333333333,-0.03333333333333333
1743597018.7548363,0.0,87.0,270.0,,-0.17644426405763092,0.068,0.010626404194648553,0.0,0.0,-0.0
1743597018.7753193,0.0,87.0,270.0,,-0.147444264057631,0.0,0.00804268487005777,0.03333333333333333,0.0,-0.0
1743597018.7954903,0.0,87.0,270.0,,-0.147444264057631,0.028,0.007709230525288602,0.06666666666666667,-0.03333333333333333,-0.0
1743597018.8159041,0.0,87.0,270.0,,-0.12744426405762965,0.028,0.005497416474052497,0.06666666666666667,-0.03333333333333333,-0.0
1743597018.836121,0.0,87.0,270.0,,-0.12744426405762965,0.028,0.005497416474052497,0.06666666666666667,-0.03333333333333333,-0.0
1743597018.8563445,0.0,87.0,270.0,,-0.12744426405762965,0.019,0.005496483071936509,0.06666666666666667,0.0,-0.0
1743597018.876675,0.0,87.0,270.0,,-0.13744426405762944,0.107,0.006428003117942949,0.03333333333333333,0.0,-0.0
1743597018.8968656,0.0,87.0,270.0,,-0.13744426405762944,0.107,0.006428003117942949,0.03333333333333333,0.0,-0.0
1743597018.917056,0.0,87.0,270.0,,-0.147444264057631,0.009,0.007188980044215754,0.03333333333333333,0.0,-0.0
1743597018.9373865,0.0,87.0,270.0,,-0.1574442640576308,0.087,0.008239957431319667,0.06666666666666667,0.0,-0.0
1743597018.9575558,0.0,87.0,270.0,,-0.1574442640576308,0.087,0.008239957431319667,0.06666666666666667,0.0,-0.0
1743597018.9780507,0.0,87.0,270.0,,-0.12744426405762965,0.058,0.005648023696606497,0.06666666666666667,0.0,-0.0
1743597018.9984787,0.0,87.0,270.0,,-0.11744426405762987,0.038,0.004676533998616228,0.03333333333333333,0.0,-0.0
1743597019.0188625,0.0,87.0,270.0,,-0.11744426405762987,0.038,0.004676533998616228,0.03333333333333333,0.0,-0.0
1743597019.0392601,0.0,87.0,270.0,,-0.147444264057631,0.068,0.007200043712872584,0.06666666666666667,0.0,-0.0
1743597019.0594416,0.0,87.0,270.0,,-0.1574442640576308,0.058,0.0080448566205652,0.06666666666666667,0.0,-0.0
1743597019.0822148,0.0,87.0,270.0,,-0.13744426405762944,0.038,0.005936398277514077,0.1,0.0,-0.0
1743597019.1023629,0.0,87.0,270.0,,-0.11744426405762987,0.077,0.00468581091110204,0.06666666666666667,0.0,-0.0
1743597019.1225698,0.0,87.0,270.0,,-0.11744426405762987,-0.01,0.0046737539040783704,0.03333333333333333,0.0,-0.0
1743597019.1429627,0.0,87.0,270.0,,-0.13744426405762944,0.048,0.006249081211026908,0.03333333333333333,0.0,-0.03333333333333333
1743597019.163177,0.0,87.0,270.0,,-0.1574442640576308,0.087,0.007872513107678392,0.0,0.0,-0.03333333333333333
1743597019.183729,0.0,87.0,270.0,,-0.1574442640576308,0.0,0.008036357903324243,0.0,0.0,-0.03333333333333333
1743597019.2040844,0.0,87.0,270.0,,-0.12744426405762965,0.009,0.006083093921797178,0.06666666666666667,0.0,-0.03333333333333333
1743597019.2245178,0.0,87.0,270.0,,-0.147444264057631,0.136,0.006910588866321066,0.03333333333333333,0.0,-0.03333333333333333
1743597019.245426,0.0,87.0,270.0,,-0.13744426405762944,0.136,0.006444550539364324,0.0,0.0,-0.0
1743597019.2656488,0.0,87.0,270.0,,-0.16744426405763058,0.097,0.00913035786239158,0.0,0.0,-0.0
1743597019.2858434,0.0,87.0,270.0,,-0.1574442640576308,-0.049,0.009345909480587555,0.0,0.0,-0.0
1743597019.3060296,0.0,87.0,270.0,,-0.147444264057631,-0.02,0.007884118137705287,0.1,-0.03333333333333333,-0.0
1743597019.3262744,0.0,87.0,270.0,,-0.13744426405762944,0.166,0.006149805829541277,0.1,-0.03333333333333333,-0.0
1743597019.346626,0.0,87.0,270.0,,-0.11744426405762987,0.107,0.004437561092033748,0.0,0.0,-0.0
1743597019.3669698,0.0,87.0,270.0,,-0.12744426405762965,0.0,0.005640433445441018,0.0,0.0,-0.0
1743597019.3871477,0.0,87.0,270.0,,-0.13744426405762944,0.009,0.006401305607819985,0.0,0.0,-0.03333333333333333
1743597019.407634,0.0,87.0,270.0,,-0.147444264057631,0.077,0.007050025964049467,0.03333333333333333,0.0,-0.03333333333333333
1743597019.430397,0.0,87.0,270.0,,-0.16744426405763058,0.038,0.009109165791037266,0.06666666666666667,0.0,-0.0
1743597019.450715,0.0,87.0,270.0,,-0.13744426405762944,0.058,0.005940622122462047,0.1,0.0,-0.0
1743597019.4709787,0.0,87.0,270.0,,-0.12744426405762965,0.087,0.0056575109648481225,0.0,0.0,-0.0
1743597019.4911826,0.0,87.0,270.0,,-0.12744426405762965,0.087,0.0056575109648481225,0.0,0.0,-0.0
1743597019.51138,0.0,87.0,270.0,,-0.12744426405762965,0.087,0.0056575109648481225,0.0,0.0,-0.0
1743597019.5315857,0.0,87.0,270.0,,-0.147444264057631,0.068,0.006878111573549561,0.06666666666666667,-0.03333333333333333,-0.0
1743597019.552118,0.0,87.0,270.0,,-0.147444264057631,0.068,0.006878111573549561,0.06666666666666667,-0.03333333333333333,-0.0
1743597019.572638,0.0,87.0,270.0,,-0.11744426405762987,0.009,0.004543844644099182,0.06666666666666667,0.0,-0.0
1743597019.5931137,0.0,87.0,270.0,,-0.147444264057631,0.009,0.0070360440724770434,0.06666666666666667,0.0,-0.0
1743597019.6151679,0.0,87.0,270.0,,-0.147444264057631,0.009,0.0070360440724770434,0.06666666666666667,0.0,-0.0
1743597019.635374,0.0,87.0,270.0,,-0.1574442640576308,0.058,0.0073403730704652,0.06666666666666667,0.0,-0.0
1743597019.6567333,0.0,87.0,270.0,,-0.13744426405762944,0.087,0.005659009107563728,0.03333333333333333,0.0,-0.0
1743597019.676932,0.0,87.0,270.0,,-0.13744426405762944,0.087,0.005659009107563728,0.03333333333333333,0.0,-0.0
1743597019.6971214,0.0,87.0,270.0,,-0.13744426405762944,0.009,0.005780105300436877,0.03333333333333333,0.0,-0.03333333333333333
1743597019.7173824,0.0,87.0,270.0,,-0.1574442640576308,0.077,0.0073463608661960556,0.03333333333333333,0.0,-0.0
1743597019.7379858,0.0,87.0,270.0,,-0.1574442640576308,0.077,0.0073463608661960556,0.03333333333333333,0.0,-0.0
1743597019.7581978,0.0,87.0,270.0,,-0.147444264057631,0.038,0.006537566706773024,0.03333333333333333,0.0,-0.0
1743597019.7783926,0.0,87.0,270.0,,-0.147444264057631,0.048,0.006872679296176909,0.03333333333333333,0.0,-0.0
1743597019.798577,0.0,87.0,270.0,,-0.147444264057631,0.048,0.006872679296176909,0.03333333333333333,0.0,-0.0
1743597019.8188663,0.0,87.0,270.0,,-0.147444264057631,0.0,0.006369879145943835,0.06666666666666667,0.0,-0.0
1743597019.839037,0.0,87.0,270.0,,-0.11744426405762987,0.009,0.004415183849286519,0.06666666666666667,0.0,-0.0
1743597019.8592405,0.0,87.0,270.0,,-0.11744426405762987,0.009,0.004415183849286519,0.06666666666666667,0.0,-0.0
1743597019.879383,0.0,87.0,270.0,,-0.147444264057631,0.048,0.006705401215677753,0.03333333333333333,0.0,-0.0
1743597019.8996823,0.0,87.0,270.0,,-0.16744426405763058,0.009,0.008539022149838038,0.06666666666666667,0.0,-0.0
1743597019.92077,0.0,87.0,270.0,,-0.16744426405763058,0.009,0.008539022149838038,0.06666666666666667,0.0,-0.0
1743597019.9410167,0.0,87.0,270.0,,-0.1574442640576308,0.136,0.007554979864270894,0.03333333333333333,0.0,-0.0
1743597019.9612265,0.0,87.0,270.0,,-0.13744426405762944,-0.078,0.006880594996736766,0.03333333333333333,0.0,-0.0
1743597019.9814515,0.0,87.0,270.0,,-0.13744426405762944,-0.078,0.006880594996736766,0.03333333333333333,0.0,-0.0
1743597020.0017729,0.0,87.0,270.0,,-0.12744426405762965,0.107,0.0051068956763040685,0.03333333333333333,0.0,-0.0
1743597020.0220368,0.0,87.0,270.0,,-0.12744426405762965,-0.069,0.005506191925786719,0.03333333333333333,0.0,-0.03333333333333333
1743597020.042472,0.0,87.0,270.0,,-0.16744426405763058,0.126,0.008385653343371158,0.06666666666666667,0.0,-0.03333333333333333
1743597020.0629172,0.0,87.0,270.0,,-0.1574442640576308,0.107,0.007538184946744575,0.03333333333333333,0.0,-0.0
1743597020.083294,0.0,87.0,270.0,,-0.12744426405762965,0.009,0.005640616211696592,0.03333333333333333,0.0,-0.0
1743597020.103487,0.0,87.0,270.0,,-0.12744426405762965,0.009,0.005640616211696592,0.03333333333333333,0.0,-0.0
1743597020.1236734,0.0,87.0,270.0,,-0.147444264057631,0.019,0.006535137770608268,0.03333333333333333,-0.03333333333333333,-0.0
1743597020.1442885,0.0,87.0,270.0,,-0.11744426405762987,-0.137,0.004844408115046439,0.06666666666666667,0.0,-0.0
1743597020.1645467,0.0,87.0,270.0,,-0.13744426405762944,0.126,0.005374415937145327,0.06666666666666667,0.0,-0.03333333333333333
1743597020.1847355,0.0,87.0,270.0,,-0.13744426405762944,0.146,0.0055360235584254736,0.0,0.0,-0.03333333333333333
1743597020.2053835,0.0,87.0,270.0,,-0.147444264057631,0.028,0.006536086473406644,0.0,0.0,-0.0
1743597020.2259433,0.0,87.0,270.0,,-0.12744426405762965,0.0,0.0054956864757847446,0.03333333333333333,0.0,-0.0
1743597020.2462118,0.0,87.0,270.0,,-0.1574442640576308,-0.01,0.007672894875529801,0.1,0.0,-0.03333333333333333
1743597020.266436,0.0,87.0,270.0,,-0.1574442640576308,0.146,0.007204248517719669,0.1,0.0,-0.0
1743597020.2878768,0.0,87.0,270.0,,-0.1574442640576308,0.107,0.007700448911093338,0.06666666666666667,0.0,-0.0
1743597020.308057,0.0,87.0,270.0,,-0.147444264057631,0.019,0.006868129617107976,0.06666666666666667,0.0,-0.0
1743597020.3282847,0.0,87.0,270.0,,-0.12744426405762965,-0.01,0.005083492564329106,0.06666666666666667,0.0,-0.0
1743597020.3485012,0.0,87.0,270.0,,-0.12744426405762965,0.087,0.004958756594646341,0.06666666666666667,0.0,-0.0
1743597020.3687227,0.0,87.0,270.0,,-0.12744426405762965,0.068,0.005234049097037341,0.03333333333333333,0.0,-0.0
1743597020.3903599,0.0,87.0,270.0,,-0.147444264057631,-0.01,0.006370098483976516,0.03333333333333333,0.0,-0.0
1743597020.410562,0.0,87.0,270.0,,-0.13744426405762944,0.107,0.005667178195021216,0.03333333333333333,0.0,-0.03333333333333333
1743597020.4312792,0.0,87.0,270.0,,-0.147444264057631,0.097,0.006721686059165566,0.03333333333333333,0.0,-0.0
1743597020.4515445,0.0,87.0,270.0,,-0.16744426405763058,0.038,0.008350013205859097,0.03333333333333333,0.0,-0.0
1743597020.4718754,0.0,87.0,270.0,,-0.1574442640576308,0.068,0.007343314472796736,0.06666666666666667,-0.03333333333333333,-0.0
1743597020.4920375,0.0,87.0,270.0,,-0.13744426405762944,0.019,0.005643831856189496,0.1,0.0,-0.0
1743597020.5122435,0.0,87.0,270.0,,-0.13744426405762944,0.019,0.005643831856189496,0.1,0.0,-0.0
1743597020.534388,0.0,87.0,270.0,,-0.03944426405763046,0.225,0.0016120978463404212,0.06666666666666667,0.0,-0.03333333333333333
1743597020.5545802,0.0,87.0,270.0,,-0.147444264057631,-0.039,0.006870845859513031,0.0,0.0,-0.03333333333333333
1743597020.5747495,0.0,87.0,270.0,,-0.147444264057631,-0.039,0.006870845859513031,0.0,0.0,-0.03333333333333333
1743597020.594971,0.0,87.0,270.0,,-0.1574442640576308,0.028,0.0076745556807212845,0.03333333333333333,0.0,-0.03333333333333333
1743597020.6151721,0.0,87.0,270.0,,-0.11744426405762987,0.058,0.004180103599179197,0.0,0.0,-0.0
1743597020.6353533,0.0,87.0,270.0,,-0.11744426405762987,0.058,0.004180103599179197,0.0,0.0,-0.0
1743597020.6555278,0.0,87.0,270.0,,-0.1574442640576308,0.028,0.008038338617980645,0.06666666666666667,0.03333333333333333,-0.03333333333333333
1743597020.676224,0.0,87.0,270.0,,-0.16744426405763058,0.126,0.008385653343371158,0.06666666666666667,0.0,-0.0
1743597020.698392,0.0,87.0,270.0,,-0.16744426405763058,0.126,0.008385653343371158,0.06666666666666667,0.0,-0.0
1743597020.7188628,0.0,87.0,270.0,,-0.16744426405763058,0.068,0.008744570135528873,0.03333333333333333,0.0,-0.0
1743597020.739099,0.0,87.0,270.0,,-0.13744426405762944,0.028,0.006245586594808061,0.06666666666666667,-0.03333333333333333,-0.0
1743597020.7593412,0.0,87.0,270.0,,-0.13744426405762944,0.028,0.006245586594808061,0.06666666666666667,-0.03333333333333333,-0.0
1743597020.779543,0.0,87.0,270.0,,-0.147444264057631,0.048,0.0065394954735154,0.06666666666666667,0.0,-0.0
1743597020.799754,0.0,87.0,270.0,,-0.1574442640576308,0.077,0.007525028037074222,0.03333333333333333,0.0,-0.0
1743597020.8199565,0.0,87.0,270.0,,-0.1574442640576308,0.077,0.007525028037074222,0.03333333333333333,0.0,-0.0
1743597020.8434012,0.0,87.0,270.0,,-0.13744426405762944,0.058,0.005787164870345973,0.03333333333333333,0.0,-0.0
1743597020.8636,0.0,87.0,270.0,,-0.13744426405762944,0.038,0.00578303625807608,0.03333333333333333,0.0,-0.0
1743597020.8837821,0.0,87.0,270.0,,-0.1574442640576308,0.028,0.007512763951547763,0.03333333333333333,0.0,-0.0
1743597020.9045377,0.0,87.0,270.0,,-0.147444264057631,0.038,0.006703429954645179,0.06666666666666667,0.0,-0.0
1743597020.9247513,0.0,87.0,270.0,,-0.147444264057631,0.058,0.006541872756113731,0.06666666666666667,0.0,-0.0
1743597020.9449396,0.0,87.0,270.0,,-0.13744426405762944,0.009,0.005780105300436877,0.06666666666666667,0.0,-0.0
1743597020.9664922,0.0,87.0,270.0,,-0.11744426405762987,0.077,0.0044266957791538886,0.03333333333333333,0.0,-0.0
1743597020.9866903,0.0,87.0,270.0,,-0.147444264057631,0.038,0.006537566706773024,0.03333333333333333,0.0,-0.0
1743597021.0068932,0.0,87.0,270.0,,-0.13744426405762944,0.019,0.005934015710706453,0.03333333333333333,0.0,-0.0
1743597021.0270808,0.0,87.0,270.0,,-0.1574442640576308,0.0,0.007155542004232129,0.06666666666666667,0.0,-0.0
1743597021.0477333,0.0,87.0,270.0,,-0.11744426405762987,0.068,0.004424126943907869,0.1,0.0,-0.0
1743597021.067951,0.0,87.0,270.0,,-0.11744426405762987,0.068,0.004424126943907869,0.1,0.0,-0.0
1743597021.0884075,0.0,87.0,270.0,,-0.13744426405762944,0.048,0.005938290223275189,0.03333333333333333,0.0,-0.03333333333333333
1743597021.108917,0.0,87.0,270.0,,-0.16744426405763058,0.117,0.008380252997634119,0.03333333333333333,0.0,-0.0
1743597021.1294599,0.0,87.0,270.0,,-0.16744426405763058,0.117,0.008380252997634119,0.03333333333333333,0.0,-0.0
1743597021.1500638,0.0,87.0,270.0,,-0.147444264057631,0.048,0.007041359154134341,0.06666666666666667,0.0,-0.0
1743597021.1704924,0.0,87.0,270.0,,-0.147444264057631,0.009,0.006867473965243898,0.06666666666666667,0.0,-0.0
1743597021.1907132,0.0,87.0,270.0,,-0.11744426405762987,0.009,0.004415183849286519,0.1,0.0,-0.0
1743597021.2109962,0.0,87.0,270.0,,-0.11744426405762987,0.019,0.004544409847374142,0.06666666666666667,0.0,-0.0
1743597021.2311654,0.0,87.0,270.0,,-0.147444264057631,0.019,0.006535137770608268,0.06666666666666667,0.0,-0.03333333333333333
1743597021.2513824,0.0,87.0,270.0,,-0.147444264057631,0.126,0.006404697094054279,0.03333333333333333,0.0,-0.03333333333333333
1743597021.2715518,0.0,87.0,270.0,,-0.1574442640576308,0.048,0.007160807341142494,0.0,0.0,-0.0
1743597021.291756,0.0,87.0,270.0,,-0.147444264057631,0.019,0.006535137770608268,0.03333333333333333,0.0,-0.0
1743597021.3120794,0.0,87.0,270.0,,-0.13744426405762944,0.009,0.005933399712918397,0.1,0.0,-0.0
1743597021.3323483,0.0,87.0,270.0,,-0.12744426405762965,0.087,0.005098895066655451,0.06666666666666667,0.0,-0.0
1743597021.3526883,0.0,87.0,270.0,,-0.147444264057631,0.048,0.006374932609903572,0.03333333333333333,0.0,-0.0
1743597021.3755138,0.0,87.0,270.0,,-0.1574442640576308,0.038,0.00733589082593622,0.03333333333333333,0.0,-0.0
1743597021.395686,0.0,87.0,270.0,,-0.13744426405762944,0.028,0.005934946302400157,0.06666666666666667,0.0,-0.0
1743597021.4159079,0.0,87.0,270.0,,-0.13744426405762944,0.028,0.005934946302400157,0.06666666666666667,0.0,-0.0
1743597021.43857,0.0,87.0,270.0,,-0.13744426405762944,0.028,0.005644722575915695,0.06666666666666667,0.0,-0.0
1743597021.4587522,0.0,87.0,270.0,,-0.13744426405762944,-0.039,0.006091250883795696,0.1,0.0,-0.0
1743597021.4790275,0.0,87.0,270.0,,-0.13744426405762944,-0.039,0.006091250883795696,0.1,0.0,-0.0
1743597021.4993253,0.0,87.0,270.0,,-0.1574442640576308,0.058,0.007163229700219265,0.1,0.0,-0.03333333333333333
1743597021.5196185,0.0,87.0,270.0,,-0.13744426405762944,0.126,0.005814066715264132,0.06666666666666667,0.0,-0.03333333333333333
1743597021.5398862,0.0,87.0,270.0,,-0.13744426405762944,0.126,0.005814066715264132,0.06666666666666667,0.0,-0.03333333333333333
1743597021.5600986,0.0,87.0,270.0,,-0.1574442640576308,0.009,0.007511088143407119,0.03333333333333333,0.0,-0.0
1743597021.5803947,0.0,87.0,270.0,,-0.1574442640576308,0.117,0.007543523669713059,0.03333333333333333,0.0,-0.0
1743597021.6009893,0.0,87.0,270.0,,-0.1574442640576308,0.117,0.007543523669713059,0.03333333333333333,0.0,-0.0
1743597021.6212,0.0,87.0,270.0,,-0.13744426405762944,0.009,0.006401305607819985,0.06666666666666667,0.0,-0.0
1743597021.641394,0.0,87.0,270.0,,-0.12744426405762965,0.048,0.005500770493592877,0.06666666666666667,0.0,-0.0
1743597021.661698,0.0,87.0,270.0,,-0.12744426405762965,0.048,0.005500770493592877,0.06666666666666667,0.0,-0.0
1743597021.6818888,0.0,87.0,270.0,,-0.13744426405762944,0.097,0.006108994113128818,0.03333333333333333,0.0,-0.0
1743597021.7020981,0.0,87.0,270.0,,-0.1574442640576308,0.117,0.008070938721613463,0.0,0.0,-0.0
1743597021.7225153,0.0,87.0,270.0,,-0.12744426405762965,-0.02,0.006219109448818982,0.0,0.0,-0.0
1743597021.7428586,0.0,87.0,270.0,,-0.13744426405762944,0.087,0.006418891536489835,0.1,0.0,-0.03333333333333333
1743597021.764394,0.0,87.0,270.0,,-0.11744426405762987,0.107,0.004697227779454305,0.06666666666666667,0.0,-0.0
1743597021.784575,0.0,87.0,270.0,,-0.13744426405762944,0.117,0.0058093648508619755,0.03333333333333333,0.0,-0.0
1743597021.8047402,0.0,87.0,270.0,,-0.11744426405762987,0.0,0.005192137820729914,0.0,0.03333333333333333,-0.0
1743597021.8249362,0.0,87.0,270.0,,-0.13744426405762944,0.019,0.006704824692564171,0.03333333333333333,0.03333333333333333,-0.03333333333333333
1743597021.8451223,0.0,87.0,270.0,,-0.1864442640576307,0.215,0.011322660341628876,0.0,0.0,-0.0
1743597021.8653848,0.0,87.0,270.0,,-0.17644426405763092,0.0,0.010208549512197851,0.03333333333333333,0.0,-0.0
1743597021.8855903,0.0,87.0,270.0,,-0.147444264057631,0.107,0.007388538697012559,0.06666666666666667,0.0,-0.0
1743597021.9057784,0.0,87.0,270.0,,-0.147444264057631,0.028,0.0073620414095956765,0.06666666666666667,-0.03333333333333333,-0.0
1743597021.9262013,0.0,87.0,270.0,,-0.11744426405762987,0.097,0.004562672689723435,0.06666666666666667,0.0,-0.0
1743597021.9464486,0.0,87.0,270.0,,-0.12744426405762965,0.117,0.005671317748746629,0.0,0.0,-0.0
1743597021.9668722,0.0,87.0,270.0,,-0.147444264057631,0.048,0.007538729418335222,0.0,0.0,-0.0
1743597021.9892871,0.0,87.0,270.0,,-0.147444264057631,0.028,0.007709230525288602,0.03333333333333333,0.0,-0.0
1743597022.009474,0.0,87.0,270.0,,-0.1574442640576308,0.068,0.008418247417790958,0.03333333333333333,0.0,-0.0
1743597022.0297573,0.0,87.0,270.0,,-0.12744426405762965,0.058,0.005794288922165491,0.03333333333333333,-0.03333333333333333,-0.0
1743597022.0502155,0.0,87.0,270.0,,-0.12744426405762965,0.058,0.0055031094350425636,0.03333333333333333,0.0,-0.0
1743597022.0706596,0.0,87.0,270.0,,-0.12744426405762965,0.107,0.004966563980900174,0.03333333333333333,0.0,-0.0
1743597022.0908482,0.0,87.0,270.0,,-0.1574442640576308,0.097,0.007695496379447109,0.0,0.0,-0.0
1743597022.1110673,0.0,87.0,270.0,,-0.1574442640576308,-0.029,0.008576780145683971,0.03333333333333333,0.0,-0.0
1743597022.131332,0.0,87.0,270.0,,-0.147444264057631,0.077,0.007050025964049467,0.06666666666666667,0.0,-0.0
1743597022.1515489,0.0,87.0,270.0,,-0.12744426405762965,0.097,0.005516447300720206,0.06666666666666667,0.0,-0.0
1743597022.1717453,0.0,87.0,270.0,,-0.11744426405762987,0.058,0.004931007858602232,0.03333333333333333,0.0,-0.0
1743597022.1923766,0.0,87.0,270.0,,-0.13744426405762944,0.058,0.0064090161372936105,0.03333333333333333,0.0,-0.0
1743597022.2127619,0.0,87.0,270.0,,-0.147444264057631,0.058,0.00736845183462953,0.06666666666666667,0.0,-0.0
1743597022.2334492,0.0,87.0,270.0,,-0.13744426405762944,0.097,0.006108994113128818,0.1,0.0,-0.0
1743597022.2536216,0.0,87.0,270.0,,-0.13744426405762944,0.097,0.006108994113128818,0.1,0.0,-0.0
1743597022.2738802,0.0,87.0,270.0,,-0.12744426405762965,0.117,0.005671317748746629,0.03333333333333333,0.0,-0.0
1743597022.2940567,0.0,87.0,270.0,,-0.1574442640576308,0.107,0.008249949224367059,0.03333333333333333,0.0,-0.03333333333333333
1743597022.314222,0.0,87.0,270.0,,-0.1574442640576308,0.107,0.008249949224367059,0.03333333333333333,0.0,-0.03333333333333333
1743597022.3343532,0.0,87.0,270.0,,-0.1574442640576308,0.146,0.008631416139441184,0.03333333333333333,0.0,-0.0
1743597022.354546,0.0,87.0,270.0,,-0.13744426405762944,0.0,0.006559852700043112,0.06666666666666667,0.0,-0.0
1743597022.374852,0.0,87.0,270.0,,-0.13744426405762944,0.0,0.006559852700043112,0.06666666666666667,0.0,-0.0
1743597022.3951492,0.0,87.0,270.0,,-0.13744426405762944,0.126,0.006438398589745098,0.06666666666666667,0.0,-0.0
1743597022.4153407,0.0,87.0,270.0,,-0.12744426405762965,0.048,0.0057918445765727244,0.03333333333333333,0.0,-0.0
1743597022.435522,0.0,87.0,270.0,,-0.12744426405762965,0.048,0.0057918445765727244,0.03333333333333333,0.0,-0.0
1743597022.455889,0.0,87.0,270.0,,-0.13744426405762944,0.087,0.006418891536489835,0.03333333333333333,0.0,-0.0
1743597022.4761162,0.0,87.0,270.0,,-0.147444264057631,0.068,0.007371582416373312,0.03333333333333333,0.0,-0.0
1743597022.4963243,0.0,87.0,270.0,,-0.147444264057631,0.068,0.007371582416373312,0.03333333333333333,0.0,-0.0
1743597022.5168247,0.0,87.0,270.0,,-0.147444264057631,0.058,0.007541415392286921,0.03333333333333333,0.0,-0.0
1743597022.5372071,0.0,87.0,270.0,,-0.12744426405762965,0.087,0.005512387600376867,0.03333333333333333,0.0,-0.0
1743597022.5575922,0.0,87.0,270.0,,-0.12744426405762965,0.087,0.005512387600376867,0.03333333333333333,0.0,-0.0
1743597022.579387,0.0,87.0,270.0,,-0.13744426405762944,0.048,0.006249081211026908,0.06666666666666667,0.0,-0.03333333333333333
1743597022.5995765,0.0,87.0,270.0,,-0.16744426405763058,0.107,0.008958069379419786,0.06666666666666667,0.0,-0.0
1743597022.6197767,0.0,87.0,270.0,,-0.16744426405763058,0.107,0.008958069379419786,0.06666666666666667,0.0,-0.0
1743597022.641037,0.0,87.0,270.0,,-0.16744426405763058,0.126,0.009147562410987242,0.06666666666666667,0.0,-0.0
1743597022.6612139,0.0,87.0,270.0,,-0.13744426405762944,0.038,0.006404506827643319,0.03333333333333333,0.0,-0.0
1743597022.6815412,0.0,87.0,270.0,,-0.13744426405762944,0.038,0.006404506827643319,0.03333333333333333,0.0,-0.0
1743597022.7018154,0.0,87.0,270.0,,-0.13744426405762944,0.028,0.006561732880846771,0.03333333333333333,0.0,-0.0
1743597022.7220066,0.0,87.0,270.0,,-0.13744426405762944,0.0,0.006401115364500554,0.06666666666666667,0.0,-0.0
1743597022.7422948,0.0,87.0,270.0,,-0.13744426405762944,0.0,0.006401115364500554,0.06666666666666667,0.0,-0.0
1743597022.7624662,0.0,87.0,270.0,,-0.16744426405763058,0.087,0.008752131754106274,0.03333333333333333,0.0,-0.0
1743597022.78266,0.0,87.0,270.0,,-0.1574442640576308,0.058,0.00822912803596576,0.03333333333333333,0.0,-0.0
1743597022.803217,0.0,87.0,270.0,,-0.147444264057631,0.117,0.007222117635660719,0.03333333333333333,0.0,-0.0
1743597022.823481,0.0,87.0,270.0,,-0.13744426405762944,0.019,0.006401963237249619,0.03333333333333333,0.0,-0.0
1743597022.8436766,0.0,87.0,270.0,,-0.11744426405762987,-0.029,0.005059132775070585,0.06666666666666667,0.0,-0.0
1743597022.8638585,0.0,87.0,270.0,,-0.13744426405762944,0.068,0.006098231010395583,0.06666666666666667,0.0,-0.03333333333333333
1743597022.88415,0.0,87.0,270.0,,-0.12744426405762965,0.107,0.005248462412942023,0.03333333333333333,0.0,-0.0
1743597022.904431,0.0,87.0,270.0,,-0.13744426405762944,0.058,0.006095396709207168,0.0,0.0,-0.03333333333333333
1743597022.9247284,0.0,87.0,270.0,,-0.13744426405762944,0.077,0.00657407101270735,0.0,0.0,-0.03333333333333333
1743597022.9451387,0.0,87.0,270.0,,-0.13744426405762944,0.038,0.006707470158046236,0.03333333333333333,0.0,-0.03333333333333333
1743597022.965459,0.0,87.0,270.0,,-0.1574442640576308,0.136,0.007717555820965782,0.03333333333333333,0.0,-0.0
1743597022.985611,0.0,87.0,270.0,,-0.147444264057631,0.087,0.00737889929728347,0.03333333333333333,0.0,-0.0
1743597023.0059235,0.0,87.0,270.0,,-0.11744426405762987,0.077,0.0052055557012032905,0.03333333333333333,0.0,-0.0
1743597023.0293553,0.0,87.0,270.0,,-0.17644426405763092,0.087,0.010850669728598383,0.03333333333333333,0.0,-0.0
1743597023.0494974,0.0,87.0,270.0,,-0.17644426405763092,0.087,0.010850669728598383,0.03333333333333333,0.0,-0.0
1743597023.0696983,0.0,87.0,270.0,,-0.17644426405763092,0.087,0.010850669728598383,0.03333333333333333,0.0,-0.0
1743597023.0898776,0.0,87.0,270.0,,-0.12744426405762965,0.0,0.006082899080948778,0.06666666666666667,0.0,-0.03333333333333333
1743597023.1100407,0.0,87.0,270.0,,-0.12744426405762965,0.156,0.005842641974245,0.03333333333333333,0.0,-0.03333333333333333
1743597023.1302068,0.0,87.0,270.0,,-0.1574442640576308,0.048,0.008959848287640182,0.0,0.0,-0.0
1743597023.1504052,0.0,87.0,270.0,,-0.1574442640576308,0.038,0.008957468748663766,0.03333333333333333,0.0,-0.03333333333333333
1743597023.171021,0.0,87.0,270.0,,-0.1574442640576308,0.117,0.008611066038233917,0.03333333333333333,0.0,-0.0
1743597023.1913223,0.0,87.0,270.0,,-0.13744426405762944,0.117,0.00673737823922943,0.03333333333333333,0.0,-0.0
1743597023.211514,0.0,87.0,270.0,,-0.13744426405762944,0.028,0.0068673868593376874,0.0,0.0,-0.0
1743597023.2316885,0.0,87.0,270.0,,-0.147444264057631,-0.059,0.007716197544074488,0.06666666666666667,0.0,-0.0
1743597023.2520955,0.0,87.0,270.0,,-0.11744426405762987,0.048,0.005062370776599545,0.1,0.0,-0.03333333333333333
1743597023.27231,0.0,87.0,270.0,,-0.13744426405762944,0.107,0.0065873073549920225,0.03333333333333333,0.0,-0.03333333333333333
1743597023.2924867,0.0,87.0,270.0,,-0.1574442640576308,0.097,0.008430805221080084,0.0,0.0,-0.03333333333333333
1743597023.3128974,0.0,87.0,270.0,,-0.1574442640576308,0.126,0.008261348939422097,0.0,0.0,-0.0
1743597023.3330657,0.0,87.0,270.0,,-0.13744426405762944,0.028,0.0068673868593376874,0.0,0.0,-0.0
1743597023.3532748,0.0,87.0,270.0,,-0.13744426405762944,-0.01,0.00719317639227246,0.06666666666666667,0.0,-0.0
1743597023.3736,0.0,87.0,270.0,,-0.12744426405762965,0.068,0.005944902844707944,0.1,0.0,-0.0
1743597023.3938808,0.0,87.0,270.0,,-0.147444264057631,0.156,0.007094026896324268,0.03333333333333333,0.0,-0.0
1743597023.4140975,0.0,87.0,270.0,,-0.147444264057631,0.009,0.007883278343848277,0.03333333333333333,0.0,-0.0
1743597023.4344692,0.0,87.0,270.0,,-0.147444264057631,0.087,0.007552070175927961,0.06666666666666667,0.0,-0.03333333333333333
1743597023.4548237,0.0,87.0,270.0,,-0.147444264057631,0.087,0.007552070175927961,0.06666666666666667,0.0,-0.03333333333333333
1743597023.4750044,0.0,87.0,270.0,,-0.1574442640576308,0.185,0.008122802863995915,0.0,0.0,-0.0
1743597023.4952118,0.0,87.0,270.0,,-0.13744426405762944,-0.01,0.007359234414332727,0.03333333333333333,0.0,-0.0
1743597023.5156627,0.0,87.0,270.0,,-0.13744426405762944,-0.01,0.007359234414332727,0.03333333333333333,0.0,-0.0
1743597023.5358267,0.0,87.0,270.0,,-0.147444264057631,0.038,0.007536550200268666,0.06666666666666667,0.0,-0.0
1743597023.5560238,0.0,87.0,270.0,,-0.13744426405762944,0.019,0.007029332166913815,0.03333333333333333,0.0,-0.0
1743597023.5762918,0.0,87.0,270.0,,-0.13744426405762944,0.019,0.007029332166913815,0.03333333333333333,0.0,-0.0
1743597023.5966637,0.0,87.0,270.0,,-0.13744426405762944,0.019,0.007029332166913815,0.03333333333333333,0.0,-0.0
1743597023.6184556,0.0,87.0,270.0,,-0.10844426405762952,0.117,0.00433246664956205,0.1,0.0,-0.03333333333333333
1743597023.6386507,0.0,87.0,270.0,,-0.10844426405762952,0.117,0.00433246664956205,0.1,0.0,-0.03333333333333333
1743597023.6592069,0.0,87.0,270.0,,-0.147444264057631,0.048,0.007365818124398904,0.0,0.0,-0.0
1743597023.6794322,0.0,87.0,270.0,,-0.1574442640576308,0.048,0.008959848287640182,0.0,0.0,-0.0
1743597023.699621,0.0,87.0,270.0,,-0.1574442640576308,0.048,0.008959848287640182,0.0,0.0,-0.0
1743597023.7213597,0.0,87.0,270.0,,-0.11744426405762987,0.166,0.004983332830197362,0.1,0.0,-0.03333333333333333
1743597023.741523,0.0,87.0,270.0,,-0.147444264057631,0.166,0.007778376639007156,0.0,0.0,-0.0
1743597023.7617128,0.0,87.0,270.0,,-0.147444264057631,0.166,0.007778376639007156,0.0,0.0,-0.0
1743597023.781891,0.0,87.0,270.0,,-0.12744426405762965,0.028,0.006524924181438241,0.06666666666666667,0.0,-0.0
1743597023.802056,0.0,87.0,270.0,,-0.1574442640576308,0.009,0.009339262810714621,0.1,0.0,-0.0
1743597023.823417,0.0,87.0,270.0,,-0.1574442640576308,0.009,0.009339262810714621,0.1,0.0,-0.0
1743597023.8438756,0.0,87.0,270.0,,-0.13744426405762944,0.097,0.007052327643827905,0.06666666666666667,0.0,-0.0
1743597023.864052,0.0,87.0,270.0,,-0.10844426405762952,0.117,0.004567007610814966,0.03333333333333333,0.0,-0.0
1743597023.885404,0.0,87.0,270.0,,-0.10844426405762952,0.117,0.004567007610814966,0.03333333333333333,0.0,-0.0
1743597023.9055805,0.0,87.0,270.0,,-0.13744426405762944,0.0,0.007358970361748485,0.0,0.0,-0.0
1743597023.9257426,0.0,87.0,270.0,,-0.16744426405763058,0.087,0.009524653527713367,0.03333333333333333,0.0,-0.0
1743597023.9486194,0.0,87.0,270.0,,-0.147444264057631,0.077,0.00789867304325731,0.03333333333333333,0.0,-0.0
1743597023.9688296,0.0,87.0,270.0,,-0.12744426405762965,0.009,0.006218327861158668,0.06666666666666667,0.0,-0.0
1743597023.9890256,0.0,87.0,270.0,,-0.13744426405762944,0.126,0.006742719343171777,0.06666666666666667,0.0,-0.0
1743597024.0092485,0.0,87.0,270.0,,-0.1574442640576308,0.058,0.00896278116528404,0.03333333333333333,0.0,-0.0
1743597024.029453,0.0,87.0,270.0,,-0.13744426405762944,0.019,0.007359923589694728,0.06666666666666667,0.0,-0.0
1743597024.0496178,0.0,87.0,270.0,,-0.13744426405762944,0.117,0.00673737823922943,0.06666666666666667,0.0,-0.0
1743597024.0698147,0.0,87.0,270.0,,-0.12744426405762965,0.117,0.005966254979354602,0.03333333333333333,0.0,-0.0
1743597024.090015,0.0,87.0,270.0,,-0.12744426405762965,0.097,0.006105530286306893,0.0,0.0,-0.0
1743597024.1102002,0.0,87.0,270.0,,-0.1574442640576308,0.028,0.008955642569899891,0.03333333333333333,0.0,-0.0
1743597024.1303656,0.0,87.0,270.0,,-0.12744426405762965,-0.078,0.0066934083645965314,0.1,0.0,-0.0
1743597024.1505737,0.0,87.0,270.0,,-0.147444264057631,0.107,0.007561900861385196,0.13333333333333333,0.0,-0.0
1743597024.1707942,0.0,87.0,270.0,,-0.13744426405762944,0.166,0.006771241307995779,0.06666666666666667,0.0,-0.0
1743597024.1910098,0.0,87.0,270.0,,-0.13744426405762944,0.166,0.006771241307995779,0.06666666666666667,0.0,-0.0
1743597024.211311,0.0,87.0,270.0,,-0.1574442640576308,0.0,0.009514753412131927,0.06666666666666667,0.0,-0.0
1743597024.2318363,0.0,87.0,270.0,,-0.147444264057631,0.038,0.008225498936398234,0.1,0.0,-0.0
1743597024.2520297,0.0,87.0,270.0,,-0.13744426405762944,0.107,0.006893964039874301,0.1,-0.03333333333333333,-0.0
1743597024.272406,0.0,87.0,270.0,,-0.11744426405762987,0.009,0.005192321139454781,0.06666666666666667,0.0,-0.0
1743597024.292873,0.0,87.0,270.0,,-0.11744426405762987,0.009,0.005192321139454781,0.06666666666666667,0.0,-0.03333333333333333
1743597024.313174,0.0,87.0,270.0,,-0.13744426405762944,0.087,0.006884295576971677,0.06666666666666667,0.0,-0.03333333333333333
1743597024.336347,0.0,87.0,270.0,,-0.1574442640576308,0.126,0.009190111474954077,0.03333333333333333,0.0,-0.0
1743597024.3565714,0.0,87.0,270.0,,-0.1574442640576308,0.126,0.009190111474954077,0.03333333333333333,0.0,-0.0
1743597024.3767676,0.0,87.0,270.0,,-0.147444264057631,0.038,0.008046550281567089,0.03333333333333333,-0.03333333333333333,-0.0
1743597024.3969557,0.0,87.0,270.0,,-0.13744426405762944,0.097,0.006265415174399214,0.06666666666666667,0.0,-0.0
1743597024.4171746,0.0,87.0,270.0,,-0.13744426405762944,0.097,0.006265415174399214,0.06666666666666667,0.0,-0.0
1743597024.4373794,0.0,87.0,270.0,,-0.1574442640576308,0.009,0.007853964332519392,0.06666666666666667,0.0,-0.0
1743597024.4575655,0.0,87.0,270.0,,-0.11744426405762987,0.087,0.004820685838566874,0.03333333333333333,0.0,-0.03333333333333333
1743597024.477737,0.0,87.0,270.0,,-0.11744426405762987,0.087,0.004820685838566874,0.03333333333333333,0.0,-0.03333333333333333
1743597024.498208,0.0,87.0,270.0,,-0.13744426405762944,0.097,0.006108994113128818,0.0,0.0,-0.0
1743597024.5183578,0.0,87.0,270.0,,-0.1574442640576308,-0.01,0.008953749965442737,0.06666666666666667,0.0,-0.0
1743597024.53852,0.0,87.0,270.0,,-0.1574442640576308,-0.01,0.008953749965442737,0.06666666666666667,0.0,-0.0
1743597024.5593977,0.0,87.0,270.0,,-0.13744426405762944,0.048,0.007198887114341024,0.1,0.0,-0.0
1743597024.579856,0.0,87.0,270.0,,-0.13744426405762944,0.126,0.006904994862106439,0.06666666666666667,0.0,-0.0
1743597024.6015751,0.0,87.0,270.0,,-0.13744426405762944,0.126,0.006904994862106439,0.06666666666666667,0.0,-0.0
1743597024.6218507,0.0,87.0,270.0,,-0.13744426405762944,0.068,0.007040166967254513,0.06666666666666667,0.0,-0.0
1743597024.6420672,0.0,87.0,270.0,,-0.13744426405762944,0.068,0.007040166967254513,0.06666666666666667,0.0,-0.0
1743597024.6628487,0.0,87.0,270.0,,-0.147444264057631,0.087,0.00790299005373718,0.03333333333333333,0.0,-0.0
1743597024.6836352,0.0,87.0,270.0,,-0.13744426405762944,0.048,0.007034270564113543,0.06666666666666667,0.0,-0.0
1743597024.7105513,0.0,87.0,270.0,,-0.13744426405762944,0.068,0.0072048981946180035,0.06666666666666667,0.0,-0.0
1743597024.7307546,0.0,87.0,270.0,,-0.13744426405762944,0.126,0.006904994862106439,0.03333333333333333,0.0,-0.0
1743597024.7529929,0.0,87.0,270.0,,-0.13744426405762944,0.009,0.007193127161080892,0.0,0.0,-0.0
1743597024.7731712,0.0,87.0,270.0,,-0.13744426405762944,0.068,0.007040166967254513,0.03333333333333333,0.0,-0.0
1743597024.7944815,0.0,87.0,270.0,,-0.12744426405762965,0.097,0.006241180998348306,0.0,0.0,-0.0
1743597024.81466,0.0,87.0,270.0,,-0.147444264057631,0.068,0.008055062455238682,0.0,0.0,-0.0
1743597024.8351824,0.0,87.0,270.0,,-0.12744426405762965,-0.02,0.006370779321117126,0.03333333333333333,0.0,-0.0
1743597024.856056,0.0,87.0,270.0,,-0.11744426405762987,0.048,0.0054714097585314425,0.06666666666666667,0.0,-0.03333333333333333
1743597024.8762312,0.0,87.0,270.0,,-0.147444264057631,0.077,0.008058555540109591,0.03333333333333333,0.0,-0.0
1743597024.8963675,0.0,87.0,270.0,,-0.147444264057631,0.077,0.008058555540109591,0.03333333333333333,0.0,-0.0
1743597024.916803,0.0,87.0,270.0,,-0.147444264057631,0.097,0.008067870096054475,0.0,0.0,-0.0
1743597024.9372036,0.0,87.0,270.0,,-0.11744426405762987,0.028,0.005467818242051503,0.06666666666666667,0.0,-0.03333333333333333
1743597024.9573894,0.0,87.0,270.0,,-0.11744426405762987,0.028,0.005467818242051503,0.06666666666666667,0.0,-0.03333333333333333
1743597024.9775662,0.0,87.0,270.0,,-0.10844426405762952,0.097,0.004937037288415935,0.03333333333333333,0.0,-0.03333333333333333
1743597024.9977431,0.0,87.0,270.0,,-0.1574442640576308,0.097,0.009365985594771531,0.0,0.03333333333333333,-0.0
1743597025.018019,0.0,87.0,270.0,,-0.1574442640576308,0.097,0.009365985594771531,0.0,0.03333333333333333,-0.0
1743597025.0382304,0.0,87.0,270.0,,-0.1574442640576308,0.028,0.009912680716484323,0.0,0.0,-0.0
1743597025.058808,0.0,87.0,270.0,,-0.09844426405762974,0.126,0.004611808727451261,0.03333333333333333,0.0,-0.03333333333333333
1743597025.0791633,0.0,87.0,270.0,,-0.09844426405762974,0.126,0.004611808727451261,0.03333333333333333,0.0,-0.03333333333333333
1743597025.0994377,0.0,87.0,270.0,,-0.147444264057631,0.077,0.00841852484534622,0.0,0.0,-0.03333333333333333
1743597025.1196547,1.0,87.0,270.0,,-0.2844442640576297,-0.10320810714975126,0.018371823363134032,0.06666666666666667,0.03333333333333333,-0.1
1743597025.1401036,1.0,87.0,270.0,,-0.2844442640576297,-0.10320810714975126,0.018371823363134032,0.06666666666666667,0.03333333333333333,-0.1
1743597025.1605244,1.0,87.0,270.0,,-0.2844442640576297,-0.10320810714975126,0.018371823363134032,0.06666666666666667,0.03333333333333333,-0.1
1743597025.1806986,1.0,87.0,270.0,,-0.1574442640576308,0.013791892850248733,0.01060446671372517,0.0,0.03333333333333333,-0.03333333333333333
1743597025.2014964,1.0,87.0,270.0,,-0.1574442640576308,0.013791892850248733,0.01060446671372517,0.0,0.03333333333333333,-0.03333333333333333
1743597025.2216935,1.0,87.0,270.0,,-0.13744426405762944,0.004791892850248725,0.008986853100935055,0.0,0.03333333333333333,-0.06666666666666667
1743597025.2419596,1.0,87.0,270.0,,-0.13744426405762944,0.004791892850248725,0.008986853100935055,0.0,0.03333333333333333,-0.06666666666666667
1743597025.2624815,1.0,86.0,270.0,,-0.14789666695112302,0.013791892850248733,0.009181317382587428,0.06666666666666667,-0.03333333333333333,-0.0
1743597025.2845044,1.0,86.0,270.0,,-0.10889666695112332,-0.06420810714975127,0.005080693915230583,0.06666666666666667,0.0,-0.0
1743597025.3047206,1.0,86.0,270.0,,-0.08889666695112375,-0.0052081071497512565,0.0037991719351364583,0.0,0.0,-0.03333333333333333
1743597025.3251436,1.0,86.0,270.0,,-0.08889666695112375,-0.0052081071497512565,0.0037991719351364583,0.0,0.0,-0.03333333333333333
1743597025.3453577,1.0,87.0,269.0,,-0.1574442640576308,0.004791892850248725,0.011435233169183823,-0.1,0.0,-0.06666666666666667
1743597025.3655887,1.0,86.0,269.0,,-0.16789666695112437,-0.12320810714975126,0.01196492439989072,-0.06666666666666667,0.0,-0.03333333333333333
1743597025.3858266,1.0,86.0,269.0,,-0.16789666695112437,-0.12320810714975126,0.01196492439989072,-0.06666666666666667,0.0,-0.03333333333333333
1743597025.40605,1.0,86.0,268.0,,-0.12789666695112345,0.09279189285024875,0.007718231802030462,0.1,-0.03333333333333333,-0.03333333333333333
1743597025.4264872,1.0,86.0,268.0,,-0.12789666695112345,0.09279189285024875,0.007718231802030462,0.1,-0.03333333333333333,-0.03333333333333333
1743597025.446702,1.0,87.0,268.0,,-0.10844426405762952,0.05379189285024874,0.0060953188896127886,0.06666666666666667,0.0,-0.0
1743597025.4669242,1.0,87.0,267.0,,-0.12744426405762965,-0.12320810714975126,0.00828734863148961,0.13333333333333333,0.0,-0.0
1743597025.4877083,1.0,87.0,267.0,,-0.13744426405762944,0.02379189285024874,0.009193179823482,0.16666666666666666,0.0,-0.0
1743597025.5079045,1.0,87.0,267.0,,-0.12744426405762965,0.03379189285024872,0.008409787694838466,0.13333333333333333,0.0,-0.0
1743597025.5281057,1.0,86.0,267.0,,-0.13789666695112324,-0.025208107149751274,0.008520035771292456,0.16666666666666666,0.0,-0.0
1743597025.5514314,1.0,86.0,268.0,,-0.1578966669511246,0.004791892850248725,0.010164709569783326,0.16666666666666666,0.0,-0.0
1743597025.571638,1.0,86.0,268.0,,-0.1578966669511246,0.004791892850248725,0.010164709569783326,0.16666666666666666,0.0,-0.0
1743597025.591911,1.0,86.0,268.0,,-0.1578966669511246,0.004791892850248725,0.010164709569783326,0.16666666666666666,0.0,-0.0
1743597025.613765,1.0,86.0,268.0,,-0.1578966669511246,0.004791892850248725,0.010164709569783326,0.16666666666666666,0.0,-0.0
1743597025.6341968,1.0,86.0,268.0,,-0.1578966669511246,-0.035208107149751255,0.010323637672946862,0.1,0.0,-0.0
1743597025.656125,1.0,86.0,268.0,,-0.1578966669511246,-0.035208107149751255,0.010323637672946862,0.1,0.0,-0.0
1743597025.6764867,1.0,86.0,268.0,,-0.1968966669511243,-0.0052081071497512565,0.010183794856982842,0.1,0.0,-0.0
1743597025.6967034,1.0,86.0,268.0,,-0.1968966669511243,-0.0052081071497512565,0.010183794856982842,0.1,0.0,-0.0
1743597025.716911,1.0,86.0,268.0,,-0.13789666695112324,0.013791892850248733,0.008212882131152677,0.06666666666666667,0.0,-0.03333333333333333
1743597025.7373555,1.0,86.0,268.0,,-0.13789666695112324,0.013791892850248733,0.008212882131152677,0.06666666666666667,0.0,-0.03333333333333333
1743597025.7577927,1.0,86.0,268.0,,-0.13789666695112324,0.013791892850248733,0.008212882131152677,0.06666666666666667,0.0,-0.03333333333333333
1743597025.7825909,1.0,86.0,268.0,,-0.12789666695112345,-0.035208107149751255,0.00724335518389807,0.03333333333333333,0.0,-0.03333333333333333
1743597025.8054447,1.0,86.0,268.0,,-0.12789666695112345,-0.035208107149751255,0.00724335518389807,0.03333333333333333,0.0,-0.03333333333333333
1743597025.8257053,1.0,86.0,268.0,,-0.12789666695112345,-0.06420810714975127,0.007380948834014189,0.03333333333333333,0.0,-0.06666666666666667
1743597025.8459308,1.0,86.0,268.0,,-0.12789666695112345,-0.06420810714975127,0.007380948834014189,0.03333333333333333,0.0,-0.06666666666666667
1743597025.8663242,1.0,86.0,268.0,,-0.16789666695112437,0.07279189285024873,0.011943849734393552,0.03333333333333333,0.0,-0.06666666666666667
1743597025.8865347,1.0,86.0,268.0,,-0.13789666695112324,0.02379189285024874,0.008572358445181227,0.0,0.0,-0.03333333333333333
1743597025.9067478,1.0,86.0,268.0,,-0.14789666695112302,0.03379189285024872,0.009373637710874072,0.0,0.0,-0.03333333333333333
1743597025.9269257,1.0,86.0,268.0,,-0.14789666695112302,0.07279189285024873,0.00961835574747838,0.0,0.0,-0.03333333333333333
1743597025.9470987,1.0,86.0,268.0,,-0.13789666695112324,-0.06420810714975127,0.008646960348554722,0.0,0.0,-0.03333333333333333
1743597025.9673033,1.0,86.0,268.0,,-0.13789666695112324,-0.0052081071497512565,0.008365195878452192,0.03333333333333333,0.0,-0.03333333333333333
1743597025.9875014,1.0,86.0,268.0,,-0.14789666695112302,0.07279189285024873,0.008890704949462536,0.06666666666666667,0.0,-0.03333333333333333
1743597026.0076985,1.0,86.0,268.0,,-0.12789666695112345,0.04379189285024873,0.00764686449191565,0.0,0.0,-0.03333333333333333
1743597026.0282042,1.0,86.0,268.0,,-0.14789666695112302,0.04379189285024873,0.009386932827354144,0.0,0.0,-0.03333333333333333
1743597026.04854,1.0,86.0,268.0,,-0.1868966669511245,0.07279189285024873,0.012791906002900033,0.03333333333333333,-0.03333333333333333,-0.0
1743597026.0687368,1.0,87.0,268.0,,-0.12744426405762965,0.07279189285024873,0.007794832353500092,0.06666666666666667,-0.03333333333333333,-0.0
1743597026.0899217,1.0,87.0,268.0,,-0.08844426405762995,0.013791892850248733,0.004630047117016645,0.06666666666666667,0.0,-0.0
1743597026.1101797,1.0,87.0,268.0,,-0.09844426405762974,0.24979189285024872,0.004867060981829763,0.03333333333333333,0.0,-0.0
1743597026.1306515,1.0,87.0,268.0,,-0.1964442640576305,0.46479189285024874,0.015494069037911729,-0.1,0.0,0.1
1743597026.1508503,1.0,87.0,268.0,,-0.29444426405762947,0.4257918928502487,0.032577259808622694,-0.23333333333333334,-0.06666666666666667,0.26666666666666666
1743597026.1715727,1.0,87.0,264.0,,-0.3234442640576294,0.11179189285024871,0.03142062803091772,-0.2,-0.23333333333333334,0.43333333333333335
1743597026.1920686,0.0,87.0,255.0,,-0.30444426405763103,0.0,0.014065531839557388,-0.1,-0.4666666666666667,0.5
1743597026.2130754,0.0,87.0,253.0,,-0.490444264057631,0.293,0.015735726388645732,-0.2,-0.5333333333333333,0.6
1743597026.233778,-2.0,87.0,252.0,,-0.1574442640576308,-0.1086359373484655,0.012894112873709784,0.0,-0.6333333333333333,0.7666666666666667
1743597026.2540581,-3.0,88.0,252.0,,0.007024013057328915,0.31741573074327906,-0.000149054657694353,0.03333333333333333,-0.5333333333333333,0.7
1743597026.2742896,-4.0,88.0,252.0,,-0.6599759869426709,0.34131100742986925,-0.5480732595243434,-0.13333333333333333,-0.6666666666666666,1.0666666666666667
1743597026.295208,-6.0,89.0,252.0,,-1.0084941105158016,-0.15157577534431943,-0.14642025096663072,-0.2,-0.9,1.3333333333333333
1743597026.3158083,-9.0,91.0,252.0,,-1.067494110515801,0.23062210204466482,0.0443487904941125,0.43333333333333335,-1.5333333333333334,2.2333333333333334
1743597026.3364503,-9.0,91.0,252.0,,-1.067494110515801,0.23062210204466482,0.0443487904941125,0.43333333333333335,-1.5333333333333334,2.2333333333333334
1743597026.3566585,-9.0,91.0,252.0,,-1.067494110515801,0.23062210204466482,0.0443487904941125,0.43333333333333335,-1.5333333333333334,2.2333333333333334
1743597026.376844,-18.0,97.0,252.0,,-0.15812225239862876,1.8934567148182344,-2.3262731610258207,-1.2,-1.7,3.433333333333333
1743597026.3973768,-18.0,97.0,252.0,,-0.15812225239862876,1.8934567148182344,-2.3262731610258207,-1.2,-1.7,3.433333333333333
1743597026.4183927,-21.0,98.0,252.0,,0.07452975435480447,1.259589585039396,-2.7951214012051837,-1.7666666666666666,-1.6666666666666667,3.566666666666667
1743597026.4386034,-30.0,101.0,249.0,,4.167762669621585,0.7759999999999998,-4.570963595937859,-2.0,-1.2666666666666666,4.666666666666667
1743597026.4588296,-30.0,101.0,249.0,,4.167762669621585,0.7759999999999998,-4.570963595937859,-2.0,-1.2666666666666666,4.666666666666667
1743597026.479312,-36.0,102.0,247.0,,3.113627963198634,0.10817332498916166,-4.301140049837009,-2.3333333333333335,-0.8,5.066666666666666
1743597026.499808,-47.0,101.0,244.0,,3.3637626696215843,-3.5144201871159373,-1.4374471952983825,-1.0666666666666667,-0.3333333333333333,3.6333333333333333
1743597026.5200174,-47.0,101.0,244.0,,3.3637626696215843,-3.5144201871159373,-1.4374471952983825,-1.0666666666666667,-0.3333333333333333,3.6333333333333333
1743597026.5402188,-51.0,101.0,243.0,,5.363762669621584,-1.9771981181071157,-3.259390127927479,0.5333333333333333,-0.5,3.1666666666666665
1743597026.56052,-59.0,106.0,249.0,,7.1939772371549076,2.7898112198877225,-3.9088048356963396,0.8333333333333334,-1.0333333333333334,4.733333333333333
1743597026.5818138,-59.0,106.0,249.0,,7.1939772371549076,2.7898112198877225,-3.9088048356963396,0.8333333333333334,-1.0333333333333334,4.733333333333333
1743597026.602006,-68.0,117.0,258.0,,3.3377740022878895,-0.4753263866998143,-3.0449133270925546,-1.1333333333333333,0.4,2.3
1743597026.6222486,-71.0,119.0,261.0,,4.648019327037474,-1.374462773370702,-3.055450871337059,-0.8333333333333334,-0.06666666666666667,1.1666666666666667
1743597026.6428592,-71.0,119.0,261.0,,4.648019327037474,-1.374462773370702,-3.055450871337059,-0.8333333333333334,-0.06666666666666667,1.1666666666666667
1743597026.6630626,-74.0,123.0,265.0,,8.158358271544609,3.6439772371549086,-4.108522950775856,-0.36666666666666664,-0.7666666666666667,3.2333333333333334
1743597026.6833882,-77.0,130.0,271.0,,5.582895986997174,2.036570335543159,-2.884192182800682,-1.8,-0.43333333333333335,2.6666666666666665
1743597026.7037005,-77.0,130.0,271.0,,5.582895986997174,2.036570335543159,-2.884192182800682,-1.8,-0.43333333333333335,2.6666666666666665
1743597026.7239351,-83.0,134.0,274.0,,6.085723441322167,-2.8061222523986302,0.012993693624155825,-1.4666666666666666,-0.36666666666666664,0.5666666666666667
1743597026.7453592,-85.0,126.0,266.0,,8.984456714818235,-0.8973300117199763,0.04211885415917732,-0.2,-0.5333333333333333,1.1
1743597026.765581,-85.0,126.0,266.0,,8.984456714818235,-0.8973300117199763,0.04211885415917732,-0.2,-0.5333333333333333,1.1
1743597026.7861292,-88.0,152.0,292.0,,4.1645160309295886,0.8700240130573302,-0.029209607026968842,-0.8,0.13333333333333333,1.3666666666666667
1743597026.8069105,-88.0,-125.0,13.0,,-9.31088155447501,-0.8749759869426708,0.07833915486620369,-0.9,0.0,0.9
1743597026.8273497,-87.0,-100.0,40.0,,-9.51496405704976,-1.0294442640576307,0.08754685844063126,-0.23333333333333334,-0.16666666666666666,0.4
1743597026.8477836,-87.0,-104.0,36.0,,-8.460601074767526,0.2845557359423694,-0.017354864579251172,0.0,-0.1,0.5
1743597026.868005,-86.0,-111.0,30.0,,-8.178423983937549,0.5871033330488764,-0.0348102641127076,-0.16666666666666666,0.0,0.7666666666666667
1743597026.8882537,-86.0,-114.0,27.0,,-8.472880939473914,-0.8538966669511243,0.13101881462930653,1.1,0.26666666666666666,-0.3333333333333333
1743597026.9103575,-85.0,-133.0,8.0,,-7.4295798128840635,-0.24033001171997626,0.0018153515037475226,1.6666666666666667,0.26666666666666666,0.3
1743597026.9306226,-83.0,-156.0,347.0,,-2.9520864685736026,2.7058777476013693,-2.8448456433376315,0.43333333333333335,0.4,-0.43333333333333335
1743597026.950808,-82.0,-165.0,339.0,,-1.5500148324557315,-0.4844702456451948,0.047158330419103,0.0,0.8666666666666667,-0.9
1743597026.9713154,-81.0,-173.0,332.0,,-1.1675382588044974,0.17722262123830212,-0.4955603976416882,0.0,0.8,-0.7666666666666667
1743597026.9914978,-81.0,180.0,327.0,,0.009000000000001201,0.6772226212383021,-1.9784223677321522,0.0,0.43333333333333335,-0.06666666666666667
1743597027.0116782,-81.0,175.0,323.0,,0.882997836354527,-0.06877737876169654,-0.7457093731190896,0.03333333333333333,0.0,-0.0
1743597027.032184,-80.0,173.0,322.0,,1.4205382588044975,-0.0280359429502397,-0.2535283753088085,0.03333333333333333,0.0,-0.0
1743597027.0524387,-80.0,172.0,321.0,,1.570288120418241,-0.048035942950239274,-0.23518219821710967,0.03333333333333333,0.0,-0.0
1743597027.0726364,-79.0,170.0,320.0,,1.8984886229125861,-0.08823733037841563,-0.15471087459927818,0.03333333333333333,0.0,-0.0
1743597027.092845,-79.0,170.0,320.0,,1.9084886229125861,-0.0792373303784153,-0.2733706786487912,0.06666666666666667,0.0,-0.0
1743597027.113066,-79.0,170.0,320.0,,1.9184886229125862,-0.05923733037841572,-0.15493995885198592,0.03333333333333333,0.0,-0.0
1743597027.1335342,-80.0,170.0,320.0,,1.9184886229125862,-0.048035942950239274,-0.17487996492250713,0.03333333333333333,0.0,-0.0
1743597027.1537306,-80.0,171.0,320.0,,1.739622102044666,-0.048035942950239274,-0.21508243905836386,0.03333333333333333,0.0,-0.0
1743597027.1739051,-80.0,171.0,321.0,,1.749622102044666,-0.03803594295023949,-0.21519139863569517,0.03333333333333333,0.0,-0.0
1743597027.1941142,-80.0,171.0,321.0,,1.749622102044666,-0.03803594295023949,-0.21519139863569517,0.03333333333333333,0.0,-0.0
1743597027.214338,-80.0,171.0,321.0,,1.749622102044666,-0.0280359429502397,-0.1951822852322358,0.03333333333333333,0.0,-0.0
1743597027.2346737,-81.0,172.0,321.0,,1.570288120418241,-0.01977737876169705,-0.21508243905836386,0.03333333333333333,0.0,-0.0
1743597027.259536,-81.0,172.0,321.0,,1.570288120418241,-0.01977737876169705,-0.21508243905836386,0.03333333333333333,0.0,-0.0
1743597027.2797108,-81.0,172.0,322.0,,1.590288120418241,-0.009777378761697264,-0.1548578248381621,0.03333333333333333,0.0,-0.0
1743597027.2999363,-81.0,172.0,322.0,,1.580288120418241,-0.009777378761697264,-0.19508111580864151,0.03333333333333333,0.0,-0.0
1743597027.3201256,-81.0,172.0,322.0,,1.580288120418241,-0.009777378761697264,-0.19508111580864151,0.03333333333333333,0.0,-0.0
1743597027.340443,-82.0,173.0,323.0,,1.4205382588044975,-0.013470245645194723,-0.2530174679255395,0.03333333333333333,0.0,-0.0
1743597027.3607614,-82.0,173.0,323.0,,1.4005382588044974,0.005529754354805405,-0.19498233616141908,0.03333333333333333,0.0,-0.0
1743597027.3810735,-82.0,173.0,323.0,,1.4005382588044974,0.005529754354805405,-0.19498233616141908,0.03333333333333333,0.0,-0.0
1743597027.4012885,-82.0,174.0,324.0,,1.2404242246556834,0.005529754354805405,-0.21508003267602865,0.03333333333333333,0.0,-0.0
1743597027.4214725,-82.0,174.0,324.0,,1.2404242246556834,0.005529754354805405,-0.235179567032963,0.03333333333333333,0.0,-0.0
1743597027.441619,-83.0,175.0,324.0,,1.069997836354527,0.037877747601369194,-0.21519139863569517,0.03333333333333333,0.0,-0.0
1743597027.46185,-83.0,175.0,325.0,,1.069997836354527,0.04787774760136898,-0.1951822852322358,0.03333333333333333,0.0,-0.0
1743597027.4820926,-83.0,175.0,325.0,,1.069997836354527,0.04787774760136898,-0.1951822852322358,0.03333333333333333,0.0,-0.0
1743597027.5023017,-83.0,176.0,325.0,,0.9183110074298714,0.027877747601369407,-0.21507514534990974,0.03333333333333333,0.0,-0.0
1743597027.5225866,-83.0,176.0,326.0,,0.9093110074298714,0.04787774760136898,-0.17505920019739107,0.03333333333333333,0.0,-0.0
1743597027.5428927,-83.0,177.0,326.0,,0.7284157307432787,0.037877747601369194,-0.15485964464478535,0.03333333333333333,0.0,-0.0
1743597027.5631073,-84.0,177.0,327.0,,0.7084157307432788,0.04725979356276255,-0.23518470427017035,0.06666666666666667,0.0,-0.0
1743597027.5834208,-84.0,178.0,327.0,,0.5473640626515363,0.05725979356276234,-0.2534028017804047,0.06666666666666667,0.0,-0.0
1743597027.60368,-84.0,178.0,328.0,,0.5473640626515363,0.028259793562762425,-0.21487145987739342,0.03333333333333333,0.0,-0.0
1743597027.6238668,-84.0,179.0,328.0,,0.3962081071497505,0.03825979356276221,-0.21497748528783794,0.03333333333333333,0.0,-0.0
1743597027.6446707,-84.0,179.0,329.0,,0.42520810714975055,0.03825979356276221,-0.23505876343162851,0.03333333333333333,0.0,-0.0
1743597027.6648996,-84.0,179.0,329.0,,0.42520810714975055,0.03825979356276221,-0.23505876343162851,0.03333333333333333,0.0,-0.0
1743597027.685277,-84.0,-178.0,330.0,,-0.11736406265153623,0.05725979356276234,-0.19507882345210462,0.03333333333333333,0.0,-0.0
1743597027.7054996,-85.0,-178.0,331.0,,-0.13736406265153625,0.08366998828002359,-0.21530541557109703,0.03333333333333333,0.0,-0.0
1743597027.7257223,-85.0,-178.0,331.0,,-0.13736406265153625,0.08366998828002359,-0.21530541557109703,0.03333333333333333,0.0,-0.0
1743597027.7459273,-85.0,-177.0,332.0,,-0.30841573074327877,0.0736699882800238,-0.23530397601005715,0.03333333333333333,0.0,-0.0
1743597027.7661188,-85.0,-176.0,332.0,,-0.4693110074298714,0.0736699882800238,-0.23530133668400097,0.06666666666666667,0.0,-0.0
1743597027.790388,-85.0,-176.0,332.0,,-0.4693110074298714,0.0736699882800238,-0.23530133668400097,0.06666666666666667,0.0,-0.0
1743597027.8106272,-85.0,-175.0,334.0,,-0.610997836354527,0.054669988280023674,-0.23506187372576115,0.06666666666666667,0.0,-0.0
1743597027.8308353,-85.0,-174.0,334.0,,-0.7814242246556833,0.06366998828002401,-0.23517122921957484,0.03333333333333333,0.0,-0.0
1743597027.8510096,-85.0,-173.0,335.0,,-0.9615382588044974,0.06366998828002401,-0.23517422313774738,0.03333333333333333,0.0,-0.0
1743597027.8712695,-85.0,-173.0,336.0,,-0.9615382588044974,0.054669988280023674,-0.2531453004764159,0.03333333333333333,0.0,-0.0
1743597027.8924913,-85.0,-172.0,337.0,,-1.131288120418241,0.054669988280023674,-0.2732342951558967,0.03333333333333333,0.0,-0.0
1743597027.9126844,-86.0,-171.0,337.0,,-1.309622102044666,0.08710333304887641,-0.21518887003594472,0.03333333333333333,0.0,-0.0
1743597027.9328766,-86.0,-170.0,338.0,,-1.498488622912586,0.08710333304887641,-0.23530397601005715,0.03333333333333333,0.0,-0.0
1743597027.9531906,-86.0,-169.0,340.0,,-1.6668362446439062,0.08710333304887641,-0.23530397601005715,0.03333333333333333,0.0,-0.0
1743597027.9734967,-86.0,-169.0,340.0,,-1.6668362446439062,0.08710333304887641,-0.23530397601005715,0.03333333333333333,0.0,-0.0
1743597027.9936984,-86.0,-168.0,340.0,,-1.8346136869222187,0.0971033330488762,-0.1750632315052708,0.03333333333333333,0.0,-0.0
1743597028.014146,-86.0,-167.0,342.0,,-1.9817698431133177,0.06810333304887628,-0.253148079301874,0.03333333333333333,0.0,-0.0
1743597028.0343697,-86.0,-167.0,342.0,,-1.9817698431133177,0.06810333304887628,-0.253148079301874,0.03333333333333333,0.0,-0.0
1743597028.0545433,-86.0,-166.0,343.0,,-2.158253795832741,0.08710333304887641,-0.23530133668400097,0.03333333333333333,0.0,-0.0
1743597028.0747912,-86.0,-164.0,344.0,,-2.4700024605647624,0.06810333304887628,-0.23506485933970928,0.03333333333333333,0.0,-0.0
1743597028.0951934,-86.0,-164.0,344.0,,-2.4700024605647624,0.06810333304887628,-0.23506485933970928,0.03333333333333333,0.0,-0.0
1743597028.117213,-86.0,-163.0,345.0,,-2.643166423330046,0.08710333304887641,-0.23529857186520942,0.03333333333333333,0.0,-0.0
1743597028.1373913,-86.0,-162.0,347.0,,-2.8164567148182353,0.07710333304887662,-0.2532688275463958,0.03333333333333333,0.0,-0.0
1743597028.1575649,-86.0,-162.0,347.0,,-2.8164567148182353,0.07710333304887662,-0.2532688275463958,0.03333333333333333,0.0,-0.0
1743597028.177912,-86.0,-160.0,348.0,,-3.140217606024812,0.08710333304887641,-0.23530133668400097,0.03333333333333333,0.0,-0.0
1743597028.198124,-87.0,-159.0,349.0,,-3.2905895850393954,0.0875557359423702,-0.23517681074281643,0.03333333333333333,0.0,-0.0
1743597028.2184868,-87.0,-159.0,349.0,,-3.2905895850393954,0.0875557359423702,-0.23517681074281643,0.03333333333333333,0.0,-0.0
1743597028.2388797,-87.0,-157.0,351.0,,-3.6080723704797757,0.0875557359423702,-0.23517681074281643,0.03333333333333333,0.0,-0.0
1743597028.2591598,-87.0,-157.0,352.0,,-3.599072370479776,0.09755573594236999,-0.23529597625381088,0.03333333333333333,0.0,-0.0
1743597028.2793665,-87.0,-157.0,352.0,,-3.599072370479776,0.09755573594236999,-0.23529597625381088,0.03333333333333333,0.0,-0.0
1743597028.3016768,-87.0,-155.0,353.0,,-3.9018851476762624,0.0875557359423702,-0.21507240722465426,0.03333333333333333,0.0,-0.0
1743597028.3218827,-87.0,-154.0,354.0,,-4.066420950000849,0.0875557359423702,-0.2532630727824536,0.03333333333333333,0.0,-0.0
1743597028.342224,-87.0,-154.0,354.0,,-4.066420950000849,0.0875557359423702,-0.2532630727824536,0.03333333333333333,0.0,-0.0
1743597028.3625367,-87.0,-152.0,356.0,,-4.400516030929588,0.09755573594236999,-0.2534028017804047,0.03333333333333333,0.0,-0.0
1743597028.38294,-87.0,-151.0,357.0,,-4.550982374616567,0.0875557359423702,-0.25327166103077453,0.03333333333333333,0.0,-0.0
1743597028.4031756,-87.0,-151.0,358.0,,-4.530982374616568,0.09755573594236999,-0.23529857186520942,0.03333333333333333,0.0,-0.0
1743597028.423393,-87.0,-150.0,358.0,,-4.670999999999999,0.0875557359423702,-0.23517422313774738,0.03333333333333333,0.0,-0.0
1743597028.4435945,-87.0,-149.0,359.0,,-4.808523514867634,0.0875557359423702,-0.21507240722465426,0.03333333333333333,0.0,-0.0
1743597028.4639275,-87.0,-148.0,0.0,,-4.96450798212774,0.0875557359423702,-0.23517422313774738,0.03333333333333333,0.0,-0.0
1743597028.484105,-87.0,-147.0,1.0,,-5.127908933497419,0.0875557359423702,-0.235179567032963,0.03333333333333333,0.0,-0.0
1743597028.504306,-87.0,-146.0,2.0,,-5.270682383048028,0.0875557359423702,-0.235179567032963,0.03333333333333333,0.0,-0.0
1743597028.5244784,-87.0,-146.0,3.0,,-5.270682383048028,0.0875557359423702,-0.235179567032963,0.03333333333333333,0.0,-0.0
1743597028.5454106,-87.0,-145.0,3.0,,-5.411784840603761,0.0875557359423702,-0.235179567032963,0.03333333333333333,0.0,-0.0
1743597028.5656338,-87.0,-144.0,4.0,,-5.532173324989163,0.0875557359423702,-0.23517422313774738,0.03333333333333333,0.0,-0.0
1743597028.5858257,-87.0,-143.0,5.0,,-5.659805377121593,0.09755573594236999,-0.21518374958983516,0.03333333333333333,0.0,-0.0
1743597028.6060073,-87.0,-143.0,6.0,,-5.669805377121593,0.0875557359423702,-0.23517422313774738,0.03333333333333333,0.0,-0.0
1743597028.6263344,-87.0,-142.0,6.0,,-5.8146390729447095,0.09755573594236999,-0.2533969821349247,0.03333333333333333,0.0,-0.0
1743597028.646515,-87.0,-141.0,7.0,,-5.958633036198905,0.0875557359423702,-0.235179567032963,0.03333333333333333,0.0,-0.0
1743597028.6666994,-87.0,-141.0,8.0,,-5.958633036198905,0.0875557359423702,-0.235179567032963,0.03333333333333333,0.0,-0.0
1743597028.6883876,-87.0,-140.0,8.0,,-6.1007464510249525,0.09755573594236999,-0.2534028017804047,0.03333333333333333,0.0,-0.0
1743597028.708566,-87.0,-139.0,9.0,,-6.230939074396876,0.10755573594236978,-0.23542600495288696,0.03333333333333333,0.0,-0.0
1743597028.728757,-87.0,-139.0,10.0,,-6.210939074396877,0.0875557359423702,-0.21507751187644514,0.03333333333333333,0.0,-0.0
1743597028.7503703,-87.0,-138.0,10.0,,-6.320171248380401,0.0875557359423702,-0.23517122921957484,0.03333333333333333,0.0,-0.0
1743597028.770555,-87.0,-137.0,11.0,,-6.446403912213111,0.0875557359423702,-0.23517122921957484,0.03333333333333333,0.0,-0.0
1743597028.7907462,-87.0,-137.0,12.0,,-6.475403912213111,0.0875557359423702,-0.235179567032963,0.03333333333333333,0.0,-0.0
1743597028.8109438,-87.0,-136.0,12.0,,-6.599598614202763,0.10755573594236978,-0.2535313619242933,0.03333333333333333,0.0,-0.0
1743597028.8315098,-87.0,-136.0,13.0,,-6.599598614202763,0.09755573594236999,-0.23530133668400097,0.03333333333333333,0.0,-0.0
1743597028.8519902,-87.0,-135.0,13.0,,-6.7027175234400325,0.09755573594236999,-0.2533941869585178,0.03333333333333333,0.0,-0.0
1743597028.872193,-87.0,-135.0,14.0,,-6.7027175234400325,0.0875557359423702,-0.23517422313774738,0.03333333333333333,0.0,-0.0
1743597028.8923852,-87.0,-134.0,14.0,,-6.822723441322167,0.09755573594236999,-0.23529597625381088,0.03333333333333333,0.0,-0.0
1743597028.9125392,-87.0,-133.0,15.0,,-6.949579812884064,0.0875557359423702,-0.2733644167641958,0.03333333333333333,0.0,-0.0
1743597028.932748,-87.0,-133.0,15.0,,-6.949579812884064,0.0875557359423702,-0.2733644167641958,0.03333333333333333,0.0,-0.0
1743597028.956276,-87.0,-132.0,16.0,,-7.075250737933238,0.09755573594236999,-0.25339995952832417,0.03333333333333333,0.0,-0.0
1743597028.9764938,-87.0,-132.0,17.0,,-7.065250737933238,0.07855573594236986,-0.253148079301874,0.03333333333333333,0.0,-0.0
1743597028.996771,-87.0,-132.0,17.0,,-7.065250737933238,0.07855573594236986,-0.253148079301874,0.03333333333333333,0.0,-0.0
1743597029.0169642,-87.0,-131.0,17.0,,-7.178700981985395,0.0875557359423702,-0.25326585933715967,0.03333333333333333,0.0,-0.0
1743597029.0382035,-87.0,-130.0,18.0,,-7.289895986997175,0.09755573594236999,-0.21518887003594472,0.03333333333333333,0.0,-0.0
1743597029.058478,-87.0,-130.0,18.0,,-7.289895986997175,0.09755573594236999,-0.21518887003594472,0.03333333333333333,0.0,-0.0
1743597029.080682,-87.0,-129.0,19.0,,-7.3988018818928865,0.07855573594236986,-0.253148079301874,0.03333333333333333,0.0,-0.0
1743597029.1009502,-87.0,-129.0,19.0,,-7.408801881892886,0.0875557359423702,-0.2532688275463958,0.03333333333333333,0.0,-0.0
1743597029.1211493,-87.0,-129.0,19.0,,-7.408801881892886,0.0875557359423702,-0.2532688275463958,0.03333333333333333,0.0,-0.0
1743597029.1413379,-87.0,-128.0,20.0,,-7.505385492881944,0.0875557359423702,-0.23517681074281643,0.03333333333333333,0.0,-0.0
1743597029.1634529,-87.0,-128.0,20.0,,-7.496385492881943,0.0875557359423702,-0.23517422313774738,0.03333333333333333,0.0,-0.0
1743597029.1836529,-87.0,-128.0,21.0,,-7.496385492881943,0.07855573594236986,-0.23506485933970928,0.03333333333333333,0.0,-0.0
1743597029.2038395,-87.0,-127.0,21.0,,-7.619614353563942,0.0875557359423702,-0.235179567032963,0.03333333333333333,0.0,-0.0
1743597029.224022,-87.0,-127.0,21.0,,-7.619614353563942,0.0875557359423702,-0.235179567032963,0.03333333333333333,0.0,-0.0
1743597029.2442322,-87.0,-127.0,22.0,,-7.619614353563942,0.0875557359423702,-0.235179567032963,0.03333333333333333,0.0,-0.0
1743597029.2644162,-87.0,-126.0,22.0,,-7.711456714818235,0.0875557359423702,-0.23517681074281643,0.03333333333333333,0.0,-0.0
1743597029.2847898,-87.0,-126.0,22.0,,-7.711456714818235,0.0875557359423702,-0.23517681074281643,0.03333333333333333,0.0,-0.0
1743597029.3051674,-87.0,-126.0,23.0,,-7.711456714818235,0.09755573594236999,-0.23529857186520942,0.03333333333333333,0.0,-0.0
1743597029.3260565,-87.0,-125.0,23.0,,-7.82088155447501,0.09755573594236999,-0.21519139863569517,0.03333333333333333,0.0,-0.0
1743597029.3493857,-87.0,-125.0,23.0,,-7.81088155447501,0.0875557359423702,-0.25326585933715967,0.03333333333333333,0.0,-0.0
1743597029.3696358,-87.0,-125.0,23.0,,-7.81088155447501,0.07855573594236986,-0.27323729439833844,0.03333333333333333,0.0,-0.0
1743597029.3898363,-87.0,-125.0,24.0,,-7.82088155447501,0.09755573594236999,-0.23530133668400097,0.03333333333333333,0.0,-0.0
1743597029.410149,-87.0,-124.0,24.0,,-7.907858586764959,0.10755573594236978,-0.21530045783296237,0.03333333333333333,0.0,-0.0
1743597029.4303765,-87.0,-124.0,24.0,,-7.907858586764959,0.10755573594236978,-0.21530045783296237,0.03333333333333333,0.0,-0.0
1743597029.4506633,-87.0,-124.0,24.0,,-7.898858586764959,0.09755573594236999,-0.23529597625381088,0.03333333333333333,0.0,-0.0
1743597029.4711747,-87.0,-123.0,25.0,,-8.02235827154461,0.06855573594237008,-0.23495150955776878,0.03333333333333333,0.0,-0.0
1743597029.4924395,-87.0,-123.0,25.0,,-8.01235827154461,0.0875557359423702,-0.2733676204121197,0.03333333333333333,0.0,-0.0
1743597029.5127609,-87.0,-123.0,25.0,,-8.01235827154461,0.09755573594236999,-0.21519139863569517,0.03333333333333333,0.0,-0.0
1743597029.532975,-87.0,-123.0,25.0,,-8.00235827154461,0.09755573594236999,-0.19507882345210462,0.03333333333333333,0.0,-0.0
1743597029.5531652,-87.0,-123.0,25.0,,-7.98335827154461,0.0875557359423702,-0.23517122921957484,0.03333333333333333,0.0,-0.0
1743597029.573344,-87.0,-122.0,26.0,,-8.10435182329454,0.09755573594236999,-0.21519139863569517,0.03333333333333333,0.0,-0.0
1743597029.5935423,-87.0,-122.0,26.0,,-8.10435182329454,0.09755573594236999,-0.21519139863569517,0.03333333333333333,0.0,-0.0
1743597029.613766,-87.0,-122.0,26.0,,-8.09435182329454,0.07855573594236986,-0.253148079301874,0.03333333333333333,0.0,-0.0
1743597029.6361837,-87.0,-122.0,26.0,,-8.10435182329454,0.09755573594236999,-0.21519139863569517,0.03333333333333333,0.0,-0.0
1743597029.6564329,-87.0,-122.0,26.0,,-8.10435182329454,0.09755573594236999,-0.21519139863569517,0.03333333333333333,0.0,-0.0
1743597029.6793864,-87.0,-122.0,26.0,,-8.10435182329454,0.0875557359423702,-0.2532688275463958,0.03333333333333333,0.0,-0.0
1743597029.699568,-87.0,-122.0,27.0,,-8.11435182329454,0.0875557359423702,-0.23518219821710967,0.03333333333333333,0.0,-0.0
1743597029.7197664,-87.0,-122.0,27.0,,-8.11435182329454,0.0875557359423702,-0.23518219821710967,0.03333333333333333,0.0,-0.0
1743597029.739952,-87.0,-122.0,27.0,,-8.10435182329454,0.09755573594236999,-0.25339995952832417,0.03333333333333333,0.0,-0.0
1743597029.7602682,-87.0,-121.0,27.0,,-8.183811219887723,0.0875557359423702,-0.21507751187644514,0.03333333333333333,0.0,-0.0
1743597029.7806835,-87.0,-121.0,27.0,,-8.183811219887723,0.0875557359423702,-0.21507751187644514,0.03333333333333333,0.0,-0.0
1743597029.802364,-87.0,-121.0,27.0,,-8.174811219887722,0.0875557359423702,-0.23517422313774738,0.03333333333333333,0.0,-0.0
1743597029.8225532,-87.0,-121.0,27.0,,-8.183811219887723,0.0875557359423702,-0.23517681074281643,0.03333333333333333,0.0,-0.0
1743597029.8431468,-87.0,-121.0,28.0,,-8.193811219887722,0.0875557359423702,-0.2532688275463958,0.03333333333333333,0.0,-0.0
1743597029.8633976,-87.0,-121.0,28.0,,-8.193811219887722,0.09755573594236999,-0.23530133668400097,0.03333333333333333,0.0,-0.0
1743597029.8838215,-87.0,-121.0,28.0,,-8.193811219887722,0.0875557359423702,-0.235179567032963,0.03333333333333333,0.0,-0.0
1743597029.904177,-87.0,-120.0,28.0,,-8.270709211125345,0.0875557359423702,-0.25326585933715967,0.03333333333333333,0.0,-0.0
1743597029.9243915,-87.0,-120.0,28.0,,-8.280709211125345,0.0875557359423702,-0.2532688275463958,0.03333333333333333,0.0,-0.0
1743597029.944574,-87.0,-120.0,28.0,,-8.280709211125345,0.09755573594236999,-0.19508111580864151,0.03333333333333333,0.0,-0.0
1743597029.9647732,-87.0,-120.0,28.0,,-8.280709211125345,0.0875557359423702,-0.21508003267602865,0.03333333333333333,0.0,-0.0
1743597029.984996,-87.0,-120.0,28.0,,-8.270709211125345,0.0875557359423702,-0.2733644167641958,0.03333333333333333,0.0,-0.0
1743597030.0054088,-87.0,-120.0,28.0,,-8.270709211125345,0.07855573594236986,-0.253148079301874,0.03333333333333333,0.0,-0.0
1743597030.0255678,-87.0,-120.0,28.0,,-8.270709211125345,0.09755573594236999,-0.19507882345210462,0.03333333333333333,0.0,-0.0
1743597030.0458753,-87.0,-120.0,29.0,,-8.280709211125345,0.09755573594236999,-0.21519139863569517,0.03333333333333333,0.0,-0.0
1743597030.0660586,-87.0,-119.0,29.0,,-8.365019327037475,0.06855573594237008,-0.2530204187886438,0.03333333333333333,0.0,-0.0
1743597030.086235,-87.0,-119.0,29.0,,-8.365019327037475,0.0875557359423702,-0.2532688275463958,0.03333333333333333,0.0,-0.0
1743597030.106466,-87.0,-119.0,29.0,,-8.375019327037474,0.11755573594236957,-0.15502218686902203,0.03333333333333333,0.0,-0.0
1743597030.1266356,-87.0,-119.0,29.0,,-8.365019327037475,0.09755573594236999,-0.19508111580864151,0.03333333333333333,0.0,-0.0
1743597030.1468308,-87.0,-119.0,29.0,,-8.346019327037475,0.0875557359423702,-0.2532630727824536,0.03333333333333333,0.0,-0.0
1743597030.1670136,-87.0,-119.0,29.0,,-8.365019327037475,0.0875557359423702,-0.21508003267602865,0.03333333333333333,0.0,-0.0
1743597030.1872168,-87.0,-119.0,29.0,,-8.365019327037475,0.09755573594236999,-0.19508111580864151,0.03333333333333333,0.0,-0.0
1743597030.2076979,-87.0,-119.0,29.0,,-8.355019327037475,0.07855573594236986,-0.23506743976720434,0.03333333333333333,0.0,-0.0
1743597030.2313752,-87.0,-119.0,29.0,,-8.365019327037475,0.07855573594236986,-0.25315103927762705,0.03333333333333333,0.0,-0.0
1743597030.251564,-87.0,-119.0,29.0,,-8.355019327037475,0.11755573594236957,-0.17515012339375743,0.03333333333333333,0.0,-0.0
1743597030.2718005,-87.0,-119.0,29.0,,-8.355019327037475,0.09755573594236999,-0.19507882345210462,0.03333333333333333,0.0,-0.0
1743597030.2920222,-87.0,-119.0,30.0,,-8.346019327037475,0.09755573594236999,-0.2151864961869447,0.03333333333333333,0.0,-0.0
1743597030.312281,-87.0,-118.0,30.0,,-8.446715885946073,0.0875557359423702,-0.2532688275463958,0.03333333333333333,0.0,-0.0
1743597030.332824,-87.0,-118.0,30.0,,-8.456715885946073,0.0875557359423702,-0.25327166103077453,0.03333333333333333,0.0,-0.0
