timestamp,roll,pitch,yaw,touch_gesture,acc_x,acc_y,acc_z,gyro_x,gyro_y,gyro_z
1743595677.6099334,,,,,,,,,,
1743595677.6300795,,,,,,,,,,
1743595677.6514194,,,,,,,,,,
1743595677.6715655,,,,,,,,,,
1743595677.6916873,,,,,,,,,,
1743595677.711869,,,,,,,,,,
1743595677.732013,,,,,,,,,,
1743595677.7527554,,,,,,,,,,
1743595677.7728825,,,,,,,,,,
1743595677.7930455,,,,,,,,,,
1743595677.8131864,,,,,,,,,,
1743595677.8347461,,,,,,,,,,
1743595677.854887,,,,,,,,,,
1743595677.8750534,,,,,,,,,,
1743595677.8954403,,,,,,,,,,
1743595677.9155583,,,,,,,,,,
1743595677.9356854,,,,,,,,,,
1743595677.9573617,,,,,,,,,,
1743595677.9774904,,,,,,,,,,
1743595677.997731,,,,,,,,,,
1743595678.0193422,,,,,,,,,,
1743595678.0394654,,,,,,,,,,
1743595678.0597556,,,,,,,,,,
1743595678.0798943,,,,,,,,,,
1743595678.10109,,,,,,,,,,
1743595678.1212487,,,,,,,,,,
1743595678.1414042,,,,,,,,,,
1743595678.1615233,,,,,,,,,,
1743595678.1816432,,,,,,,,,,
1743595678.2022963,,,,,,,,,,
1743595678.2224066,,,,,,,,,,
1743595678.2425654,,,,,,,,,,
1743595678.2627776,,,,,,,,,,
1743595678.2829456,,,,,,,,,,
1743595678.305085,,,,,,,,,,
1743595678.3252447,,,,,,,,,,
1743595678.3453898,,,,,,,,,,
1743595678.365521,,,,,,,,,,
1743595678.3856578,,,,,,,,,,
1743595678.4073582,,,,,,,,,,
1743595678.4275143,,,,,,,,,,
1743595678.4476495,,,,,,,,,,
1743595678.469283,,,,,,,,,,
1743595678.4894583,0.0,0.0,0.0,,9.021,2.451,-0.047418348537672905,0.0,-0.03333333333333333,-0.13333333333333333
1743595678.5096536,0.0,0.0,0.0,,9.031,2.421,-0.041101167571991226,-0.13333333333333333,-0.06666666666666667,-0.2
1743595678.5298524,0.0,0.0,0.0,,9.031,2.421,-0.041101167571991226,-0.13333333333333333,-0.06666666666666667,-0.2
1743595678.5508752,0.0,0.0,0.0,,9.413,2.392,0.01899286821191848,-0.2,0.0,-0.1
1743595678.5712214,0.0,0.0,0.0,,9.423,2.519,0.03517103457934212,-0.06666666666666667,0.0,-0.1
1743595678.5913486,0.0,0.0,0.0,,9.119,2.755,0.0035440414974314827,-0.2,-0.06666666666666667,-0.16666666666666666
1743595678.6116507,0.0,0.0,0.0,,9.05,2.294,-0.035291772317390446,-0.43333333333333335,-0.16666666666666666,-0.13333333333333333
1743595678.6321027,0.0,0.0,0.0,,9.109,1.892,-0.053489392083861276,-0.5333333333333333,-0.16666666666666666,-0.16666666666666666
1743595678.6541219,0.0,0.0,0.0,,9.149,2.137,-0.042047691919241625,-0.4666666666666667,-0.13333333333333333,-0.23333333333333334
1743595678.6743155,11.0,-75.0,312.0,,-0.3177323558957603,0.7261637553560953,-0.0036553783267394557,-0.4,-0.1,-0.2
1743595678.6945171,12.0,-75.0,313.0,,-0.6017323558957592,1.0383863130777806,-0.02087493794679629,-0.6666666666666666,0.0,-0.2
1743595678.714752,13.0,-75.0,315.0,,-0.5727323558957593,0.5772301568866842,-0.03681228466033071,-1.4333333333333333,0.1,-0.5
1743595678.7349164,13.0,-74.0,292.0,,-0.575977237154909,-0.3347698431133155,-0.11397914813707688,-1.7333333333333334,0.1,-0.6
1743595678.757383,13.0,-75.0,301.0,,-0.5237323558957598,-0.7567698431133156,-0.11217900287256977,-1.2333333333333334,-0.03333333333333333,-0.4
1743595678.777557,14.0,-76.0,305.0,,-0.23260107476752623,-0.49125379583274076,-0.03198619102838851,-0.8,-0.1,-0.23333333333333334
1743595678.7977877,14.0,-76.0,305.0,,-0.23260107476752623,-0.49125379583274076,-0.03198619102838851,-0.8,-0.1,-0.23333333333333334
1743595678.8179953,14.0,-76.0,310.0,,-0.12460107476752569,0.6557462041672593,0.05569546839157846,-1.4,0.0,-0.3333333333333333
1743595678.8382025,14.0,-77.0,312.0,,-0.31157033554315916,-0.36425379583274076,-0.0313447966691347,-1.7666666666666666,0.0,-0.4
1743595678.8594096,14.0,-77.0,314.0,,-0.4295703355431595,-1.3252537958327406,-0.08214531362772393,-1.4,0.0,-0.3
1743595678.8801692,14.0,-78.0,316.0,,-0.6236279631986346,-0.5792537958327406,-0.09178100592628713,-0.8,-0.1,-0.03333333333333333
1743595678.9003782,14.0,-78.0,317.0,,-0.3196279631986343,-0.8832537958327407,-0.046504320852444714,-0.6333333333333333,-0.3,0.1
1743595678.921067,14.0,-78.0,318.0,,-0.515627963198634,-0.9912537958327408,-0.07116039048565836,-0.5666666666666667,-0.06666666666666667,-0.26666666666666666
1743595678.9412374,14.0,-78.0,319.0,,-0.42762796319863483,-0.39325379583274067,-0.04620724119571595,-0.36666666666666664,0.03333333333333333,-0.5333333333333333
1743595678.9613953,14.0,-79.0,320.0,,-0.2847626696215837,-0.13825379583274078,-0.015177617364896756,-0.4,0.23333333333333334,-0.4666666666666667
1743595678.9816086,13.0,-79.0,321.0,,-0.26576266962158357,-0.43276984311331557,-0.025172149508105868,-0.4,0.4,-0.4
1743595679.0037744,13.0,-80.0,321.0,,-0.3259640570497595,-0.5897698431133156,-0.03194817619277224,-0.2,0.36666666666666664,-0.36666666666666664
1743595679.0245917,12.0,-81.0,322.0,,0.04777737876169752,-0.03061368692221933,0.021135779462826854,-0.26666666666666666,0.36666666666666664,-0.43333333333333335
1743595679.0448375,12.0,-82.0,323.0,,0.31647024564519555,-0.1386136869222192,0.04318385027455385,-0.5,0.4666666666666667,-0.5333333333333333
1743595679.065466,11.0,-82.0,324.0,,0.4534702456451942,-0.17583624464390457,0.031473353017229644,-0.4666666666666667,0.4666666666666667,-0.5333333333333333
1743595679.0856948,11.0,-84.0,325.0,,0.5987402064372382,-0.07783624464390448,0.015086160316630404,0.0,0.26666666666666666,-0.2
1743595679.1064715,10.0,-84.0,325.0,,0.2847402064372382,0.30551137708741316,0.020255223196692096,0.03333333333333333,0.23333333333333334,-0.03333333333333333
1743595679.1266587,10.0,-84.0,325.0,,0.2847402064372382,0.30551137708741316,0.020255223196692096,0.03333333333333333,0.23333333333333334,-0.03333333333333333
1743595679.1468189,10.0,-84.0,325.0,,0.2847402064372382,0.30551137708741316,0.020255223196692096,0.03333333333333333,0.23333333333333334,-0.03333333333333333
1743595679.166994,10.0,-84.0,325.0,,0.2847402064372382,0.30551137708741316,0.020255223196692096,0.03333333333333333,0.23333333333333334,-0.03333333333333333
1743595679.1871738,10.0,-84.0,325.0,,0.2847402064372382,0.30551137708741316,0.020255223196692096,0.03333333333333333,0.23333333333333334,-0.03333333333333333
1743595679.2073436,10.0,-84.0,325.0,,0.2847402064372382,0.30551137708741316,0.020255223196692096,0.03333333333333333,0.23333333333333334,-0.03333333333333333
1743595679.2274969,10.0,-84.0,324.0,,-0.08825979356276292,0.14851137708741335,-0.2515572522682421,0.4,-0.5333333333333333,-0.1
1743595679.2476811,10.0,-84.0,324.0,,-0.08825979356276292,0.14851137708741335,-0.2515572522682421,0.4,-0.5333333333333333,-0.1
1743595679.2679138,10.0,-84.0,324.0,,0.0007402064372374895,0.7565113770874132,0.005955664448211023,0.4666666666666667,-0.4,-0.03333333333333333
1743595679.288086,11.0,-83.0,323.0,,0.8531222523986308,-0.5878362446439045,0.07285469351577012,-0.26666666666666666,0.4,0.2
1743595679.3082705,11.0,-83.0,323.0,,0.8531222523986308,-0.5878362446439045,0.07285469351577012,-0.26666666666666666,0.4,0.2
1743595679.32864,11.0,-84.0,324.0,,-0.7552597935627627,-0.24483624464390452,-0.04264338203676832,0.3333333333333333,-0.3333333333333333,-0.1
1743595679.3490949,11.0,-84.0,324.0,,-0.7552597935627627,-0.24483624464390452,-0.04264338203676832,0.3333333333333333,-0.3333333333333333,-0.1
1743595679.3695753,11.0,-84.0,323.0,,-0.6172597935627628,0.6871637553560956,-0.021016837802362742,0.3333333333333333,-0.5333333333333333,-0.16666666666666666
1743595679.3897939,12.0,-83.0,323.0,,-0.3238777476013688,0.27338631307778094,-0.003181197633639332,-0.13333333333333333,-0.26666666666666666,0.5
1743595679.4099643,12.0,-82.0,323.0,,-0.42852975435480545,-1.0406136869222191,-0.052521920658527455,-0.5,0.03333333333333333,0.4
1743595679.4304585,12.0,-82.0,323.0,,-0.42852975435480545,-1.0406136869222191,-0.052521920658527455,-0.5,0.03333333333333333,0.4
1743595679.4509234,13.0,-82.0,323.0,,-0.15452975435480454,-0.8147698431133157,-0.00989217504895712,0.23333333333333334,-0.16666666666666666,0.1
1743595679.4720528,13.0,-82.0,324.0,,0.9144702456451945,-0.7467698431133156,0.12462916852983219,0.13333333333333333,-0.2,0.1
1743595679.4922423,13.0,-82.0,324.0,,1.1404702456451954,-0.7957698431133156,0.1363890689303735,-0.2,-0.13333333333333333,-0.0
1743595679.5124078,14.0,-82.0,324.0,,0.5024702456451955,-1.0602537958327407,0.040084154446835774,0.0,-0.03333333333333333,0.03333333333333333
1743595679.533109,14.0,-82.0,324.0,,0.09147024564519413,-0.5892537958327406,0.013321223126959492,0.26666666666666666,0.16666666666666666,-0.03333333333333333
1743595679.553286,14.0,-83.0,325.0,,0.11812225239863139,-0.3542537958327405,0.045357040463249954,0.1,0.3,-0.2
1743595679.5743601,14.0,-83.0,324.0,,0.5301222523986304,-0.4622537958327406,0.17972643377557684,0.8,-0.3333333333333333,0.5
1743595679.5945294,14.0,-83.0,324.0,,-0.21587774760136824,-0.5302537958327407,0.002210586448981866,0.23333333333333334,-0.4666666666666667,0.03333333333333333
1743595679.6147075,14.0,-82.0,324.0,,-0.7135297543548056,-0.17725379583274048,-0.06963346870195064,-0.4,-0.5,-0.4
1743595679.6352808,14.0,-82.0,324.0,,-0.7135297543548056,-0.36425379583274076,-0.04901571550011785,-0.5333333333333333,-0.4666666666666667,-0.36666666666666664
1743595679.6557343,13.0,-82.0,325.0,,-0.23252975435480572,-0.5897698431133156,-0.014536155835193076,-0.2,-0.3333333333333333,-0.23333333333333334
1743595679.6759076,13.0,-82.0,325.0,,-0.23252975435480572,-0.5897698431133156,-0.014536155835193076,-0.2,-0.3333333333333333,-0.23333333333333334
1743595679.6967015,13.0,-81.0,327.0,,-0.5402226212383034,-0.3247698431133157,-0.04919541576641118,-0.1,-0.3,-0.3
1743595679.7168856,12.0,-81.0,327.0,,-1.001222621238302,-0.3736136869222193,-0.15860966916151664,0.0,-0.3333333333333333,-0.3
1743595679.7373455,12.0,-81.0,328.0,,-0.5212226212383033,-0.6086136869222192,-0.06731354777405851,-0.03333333333333333,-0.23333333333333334,-0.36666666666666664
1743595679.7579226,12.0,-81.0,328.0,,-0.5212226212383033,-0.6086136869222192,-0.06731354777405851,-0.03333333333333333,-0.23333333333333334,-0.36666666666666664
1743595679.7781324,11.0,-81.0,329.0,,0.21477737876169734,-0.38183624464390453,0.05934182739743332,-0.26666666666666666,0.06666666666666667,-0.36666666666666664
1743595679.798754,11.0,-81.0,329.0,,0.2637773787616968,-0.07783624464390448,0.07024813492962356,-0.3333333333333333,0.06666666666666667,-0.3333333333333333
1743595679.8190925,11.0,-81.0,330.0,,0.2737773787616966,-0.7548362446439045,0.05001137029756819,-0.5333333333333333,0.06666666666666667,-0.3333333333333333
1743595679.8393266,10.0,-82.0,331.0,,0.19847024564519522,-1.4594886229125867,0.03917695683735767,-0.4,0.3333333333333333,-0.43333333333333335
1743595679.8595026,10.0,-82.0,331.0,,0.19847024564519522,-1.4594886229125867,0.03917695683735767,-0.4,0.3333333333333333,-0.43333333333333335
1743595679.8797948,9.0,-83.0,332.0,,-0.17687774760136854,-0.4566221020446648,-0.012988689156648414,-0.03333333333333333,0.7666666666666667,-0.5333333333333333
1743595679.9004965,9.0,-84.0,333.0,,-0.02925979356276187,-0.3486221020446649,0.002792388959124148,0.0,0.9,-0.3
1743595679.920681,8.0,-85.0,333.0,,0.3073300117199764,-0.6312881204182421,0.02312333314720827,-0.1,1.0,-0.13333333333333333
1743595679.9409208,8.0,-87.0,333.0,,0.3034442640576298,-0.9932881204182421,0.02276704525671014,0.1,1.0333333333333334,-0.13333333333333333
1743595679.9616182,9.0,-88.0,333.0,,0.25697598694267043,-0.4376221020446649,0.01627972292860691,0.26666666666666666,0.7666666666666667,-0.2
1743595679.9823189,9.0,-89.0,332.0,,0.006494110515800955,-0.05462210204466489,0.0016133580088900923,0.0,0.5,-0.23333333333333334
1743595680.004427,9.0,-90.0,332.0,,0.10299999999999976,-0.6726221020446649,-0.0754635184454664,-0.2,0.7666666666666667,-0.26666666666666666
1743595680.0246494,9.0,-90.0,332.0,,0.10299999999999976,-0.6726221020446649,-0.0754635184454664,-0.2,0.7666666666666667,-0.26666666666666666
1743595680.0449407,9.0,-91.0,332.0,,-0.19950588948419856,-1.025622102044665,-0.3735705390455278,-0.23333333333333334,1.2666666666666666,-0.16666666666666666
1743595680.0651848,9.0,-92.0,332.0,,0.1489759869426699,-0.9476221020446649,-0.13490519190586991,-0.16666666666666666,1.0333333333333334,-0.26666666666666666
1743595680.0856817,9.0,-94.0,332.0,,0.3428966669511233,-0.8786221020446648,-0.3834291160257711,-0.23333333333333334,0.8666666666666667,-0.3333333333333333
1743595680.1065333,9.0,-95.0,332.0,,0.10133001171997691,-1.447622102044665,-1.2287838665752913,-0.13333333333333333,0.5666666666666667,-0.3
1743595680.1267252,9.0,-96.0,331.0,,-0.2352597935627614,-1.0156221020446647,-1.110868131012026,0.03333333333333333,0.5666666666666667,-0.3333333333333333
1743595680.1469765,9.0,-96.0,331.0,,-0.2352597935627614,-1.0156221020446647,-1.110868131012026,0.03333333333333333,0.5666666666666667,-0.3333333333333333
1743595680.167156,9.0,-97.0,331.0,,-0.6368777476013712,-1.104622102044665,-1.6849896808452507,0.0,0.6333333333333333,-0.3333333333333333
1743595680.1874578,9.0,-98.0,330.0,,0.022470245645195064,-0.21162210204466492,-1.7391309858460342,-0.3333333333333333,0.9333333333333333,-0.26666666666666666
1743595680.2077389,9.0,-98.0,330.0,,0.022470245645195064,-0.21162210204466492,-1.7391309858460342,-0.3333333333333333,0.9333333333333333,-0.26666666666666666
1743595680.22812,9.0,-100.0,330.0,,1.8900359429502398,-2.397622102044665,-5.232857923515613,-0.7666666666666667,-0.03333333333333333,-0.23333333333333334
1743595680.2483175,10.0,-100.0,331.0,,0.9590359429502389,-2.5374886229125866,-3.4777338360798185,-0.7666666666666667,-0.26666666666666666,-0.36666666666666664
1743595680.2684886,10.0,-100.0,331.0,,0.9590359429502389,-2.5374886229125866,-3.4777338360798185,-0.7666666666666667,-0.26666666666666666,-0.36666666666666664
1743595680.2886302,10.0,-100.0,331.0,,-0.40496405704976013,-2.1054886229125866,-1.9710872367378598,-0.26666666666666666,-0.06666666666666667,-0.2
1743595680.3088176,10.0,-100.0,331.0,,-0.2969640570497596,-2.066488622912587,-2.6742084015837797,-0.03333333333333333,-0.36666666666666664,-0.6666666666666666
1743595680.3290074,10.0,-100.0,331.0,,-0.2969640570497596,-2.066488622912587,-2.6742084015837797,-0.03333333333333333,-0.36666666666666664,-0.6666666666666666
1743595680.349192,10.0,-99.0,331.0,,0.4697773787616981,-1.2924886229125867,-2.398463180446676,-0.26666666666666666,-0.3333333333333333,-0.8
1743595680.3693821,10.0,-99.0,330.0,,0.939777378761697,-2.2034886229125865,-3.035984494869254,-0.3333333333333333,-0.26666666666666666,-0.6
1743595680.3895137,10.0,-99.0,330.0,,0.939777378761697,-2.2034886229125865,-3.035984494869254,-0.3333333333333333,-0.26666666666666666,-0.6
1743595680.40967,9.0,-98.0,329.0,,1.0914702456451941,-2.593622102044665,0.017101630850161365,0.0,-0.8333333333333334,-0.36666666666666664
1743595680.4299295,9.0,-97.0,329.0,,0.14712225239862953,-2.652622102044665,0.0009521702994093884,0.03333333333333333,-0.5,-0.4
1743595680.4501116,9.0,-96.0,329.0,,-0.019259793562762084,-1.799622102044665,-0.17461631564326663,-0.03333333333333333,-0.5,-0.3
1743595680.4702995,9.0,-96.0,328.0,,0.8337402064372377,-2.191622102044665,-1.7310484681295968,0.1,-0.4666666666666667,-0.03333333333333333
1743595680.490547,9.0,-95.0,328.0,,-0.46766998828002393,-2.2016221020446647,-0.05744393128928224,0.0,-0.4,-0.0
1743595680.5106971,9.0,-95.0,328.0,,-0.46766998828002393,-2.2016221020446647,-0.05744393128928224,0.0,-0.4,-0.0
1743595680.5310764,10.0,-95.0,328.0,,-1.1926699882800236,-2.3604886229125865,-0.0040603714578331986,-0.13333333333333333,0.26666666666666666,0.06666666666666667
1743595680.5517478,10.0,-95.0,328.0,,2.043330011719977,-3.4394886229125867,0.03162598715761647,-0.1,0.7,0.4666666666666667
1743595680.5721035,10.0,-95.0,328.0,,2.043330011719977,-3.4394886229125867,0.03162598715761647,-0.1,0.7,0.4666666666666667
1743595680.5927198,10.0,-95.0,328.0,,2.043330011719977,-3.4394886229125867,0.03162598715761647,-0.1,0.7,0.4666666666666667
1743595680.6133292,13.0,-97.0,326.0,,0.26512225239862985,-2.4127698431133155,-0.6771679972242108,0.13333333333333333,0.26666666666666666,0.1
1743595680.6335096,14.0,-98.0,326.0,,-1.1155297543548048,-2.3932537958327407,-1.0053896816856092,-0.1,0.4,0.16666666666666666
1743595680.6536586,14.0,-98.0,326.0,,1.2094702456451945,-4.021253795832741,-0.5172303225265473,-0.4,1.1,0.13333333333333333
1743595680.6738036,15.0,-99.0,326.0,,0.4787773787616967,-2.6760148324557287,-1.1915348414189122,0.7,0.43333333333333335,0.8
1743595680.6940284,16.0,-100.0,325.0,,0.1740359429502405,-2.8710024605647617,-1.268970167228832,0.5,0.1,0.43333333333333335
1743595680.714691,17.0,-101.0,324.0,,0.04823733037841649,-2.300166423330048,-2.629601807251661,0.06666666666666667,0.1,0.16666666666666666
1743595680.7350302,17.0,-101.0,324.0,,0.04823733037841649,-2.300166423330048,-2.629601807251661,0.06666666666666667,0.1,0.16666666666666666
1743595680.7552168,19.0,-101.0,324.0,,0.2252373303784161,-2.9108235952247075,-1.8334440994107684,0.06666666666666667,0.0,-0.0
1743595680.7753868,19.0,-101.0,324.0,,0.2252373303784161,-2.9108235952247075,-1.8334440994107684,0.06666666666666667,0.0,-0.0
1743595680.795544,19.0,-101.0,324.0,,0.20523733037841652,-3.1658235952247074,-1.698659842159398,0.03333333333333333,0.0,-0.0
1743595680.8158097,19.0,-101.0,324.0,,0.2152373303784163,-3.1938235952247074,-1.7375115457490087,0.0,0.0,-0.03333333333333333
1743595680.8360238,19.0,-101.0,324.0,,0.20523733037841652,-3.1358235952247075,-1.7185105103010372,-0.03333333333333333,0.0,-0.1
1743595680.85621,19.0,-101.0,325.0,,0.20523733037841652,-3.2228235952247073,-1.6986595945572847,-0.06666666666666667,0.0,-0.13333333333333333
1743595680.8764956,18.0,-101.0,325.0,,0.20523733037841652,-3.2274567148182345,-1.6607550756631173,-0.03333333333333333,0.0,-0.1
1743595680.8968003,18.0,-101.0,325.0,,0.20523733037841652,-3.2274567148182345,-1.6607550756631173,-0.03333333333333333,0.0,-0.1
1743595680.9169683,16.0,-101.0,326.0,,0.19523733037841495,-2.773002460564762,-1.6617346265154376,0.03333333333333333,0.0,-0.0
1743595680.9377985,15.0,-101.0,327.0,,0.20523733037841652,-2.6370148324557285,-1.6787573807078786,0.03333333333333333,0.0,-0.0
1743595680.9579885,14.0,-100.0,327.0,,0.1740359429502405,-2.4422537958327406,-1.6986425670032035,0.03333333333333333,0.0,-0.0
1743595680.9781861,13.0,-100.0,328.0,,0.1740359429502405,-2.2847698431133154,-1.698636820435572,0.03333333333333333,0.0,-0.0
1743595680.9983728,13.0,-100.0,328.0,,0.1740359429502405,-2.2847698431133154,-1.698636820435572,0.03333333333333333,0.0,-0.0
1743595681.0186555,12.0,-100.0,328.0,,0.1740359429502405,-2.108613686922219,-1.6986425670032035,0.03333333333333333,0.0,-0.0
1743595681.0389807,11.0,-99.0,329.0,,0.14577737876169827,-1.9498362446439046,-1.6787724940631512,0.03333333333333333,0.0,-0.0
1743595681.0591595,11.0,-99.0,329.0,,0.14577737876169827,-1.9498362446439046,-1.6787724940631512,0.03333333333333333,0.0,-0.0
1743595681.079517,9.0,-98.0,329.0,,0.12047024564519582,-1.6036221020446648,-1.6986425670032035,0.03333333333333333,0.0,-0.0
1743595681.0996797,8.0,-98.0,329.0,,0.12047024564519582,-1.434288120418242,-1.6986425670032035,0.03333333333333333,0.0,-0.0
1743595681.120172,8.0,-98.0,329.0,,0.12047024564519582,-1.424288120418242,-1.6787836707443533,0.03333333333333333,0.0,-0.0
1743595681.1418762,7.0,-97.0,329.0,,0.10812225239862983,-1.2835382588044968,-1.6779216691340006,0.03333333333333333,0.0,-0.0
1743595681.1620734,7.0,-97.0,329.0,,0.10812225239862983,-1.2835382588044968,-1.6779216691340006,0.03333333333333333,0.0,-0.0
1743595681.182293,7.0,-97.0,329.0,,0.10812225239862983,-1.2835382588044968,-1.6779216691340006,0.03333333333333333,0.0,-0.0
1743595681.2024288,5.0,-96.0,329.0,,0.07874020643723867,-0.9139978363545267,-1.698648126907902,0.03333333333333333,0.0,-0.0
1743595681.2226288,5.0,-96.0,329.0,,0.07874020643723867,-0.9139978363545267,-1.698648126907902,0.03333333333333333,0.0,-0.0
1743595681.2429101,5.0,-96.0,329.0,,0.0687402064372371,-0.9139978363545267,-1.6796291222698267,0.03333333333333333,0.0,-0.0
1743595681.2630942,4.0,-96.0,329.0,,0.08874020643723846,-0.7823110074298693,-1.660042608567637,0.03333333333333333,0.0,-0.0
1743595681.2832904,4.0,-96.0,329.0,,0.08874020643723846,-0.7823110074298693,-1.660042608567637,0.03333333333333333,0.0,-0.0
1743595681.3034766,4.0,-96.0,329.0,,0.08874020643723846,-0.7723110074298692,-1.6600504870903354,0.03333333333333333,0.0,-0.0
1743595681.3239844,3.0,-95.0,329.0,,0.08233001171997678,-0.6314157307432791,-1.7167394429532785,0.03333333333333333,0.0,-0.0
1743595681.3463767,3.0,-95.0,329.0,,0.08233001171997678,-0.6314157307432791,-1.7167394429532785,0.03333333333333333,0.0,-0.0
1743595681.3665204,3.0,-95.0,329.0,,0.08233001171997678,-0.6314157307432791,-1.7167394429532785,0.03333333333333333,0.0,-0.0
1743595681.3866737,2.0,-95.0,329.0,,0.10133001171997691,-0.4603640626515345,-1.7151073980117628,0.03333333333333333,0.0,-0.0
1743595681.4069924,2.0,-95.0,329.0,,0.10133001171997691,-0.4603640626515345,-1.7151073980117628,0.03333333333333333,0.0,-0.0
1743595681.4273233,2.0,-95.0,329.0,,0.052330011719975644,-0.4113640626515345,-1.6020899516706593,0.03333333333333333,0.0,-0.0
1743595681.447644,2.0,-95.0,329.0,,0.072330011719977,-0.4403640626515345,-1.6977680606621885,0.03333333333333333,0.0,-0.0
1743595681.4678164,2.0,-95.0,329.0,,0.072330011719977,-0.4403640626515345,-1.6977680606621885,0.03333333333333333,0.0,-0.0
1743595681.4880881,1.0,-95.0,329.0,,0.04233001171997586,-0.21020810714975127,-1.6804847448759581,0.03333333333333333,0.0,-0.0
1743595681.5099518,1.0,-95.0,329.0,,0.04233001171997586,-0.21020810714975127,-1.6804847448759581,0.03333333333333333,0.0,-0.0
1743595681.5301497,1.0,-95.0,329.0,,0.04233001171997586,-0.21020810714975127,-1.6804847448759581,0.03333333333333333,0.0,-0.0
1743595681.5503266,1.0,-94.0,329.0,,0.0488966669511246,-0.24020810714975127,-1.6986425670032035,0.03333333333333333,0.0,-0.0
1743595681.57053,1.0,-94.0,329.0,,0.03889666695112304,-0.24020810714975127,-1.6796236095135342,0.03333333333333333,0.0,-0.0
1743595681.5910134,1.0,-94.0,329.0,,0.0488966669511246,-0.2592081071497513,-1.660885359987078,0.03333333333333333,0.0,-0.0
1743595681.6114032,1.0,-94.0,329.0,,0.0488966669511246,-0.2592081071497513,-1.641016282366773,0.03333333333333333,0.0,-0.0
1743595681.6315458,1.0,-94.0,329.0,,0.0488966669511246,-0.24020810714975127,-1.678778174663824,0.03333333333333333,0.0,-0.0
1743595681.6517203,1.0,-94.0,329.0,,0.0488966669511246,-0.24920810714975128,-1.7184985600958407,0.03333333333333333,0.0,-0.0
1743595681.6718898,0.0,-94.0,329.0,,0.05889666695112439,-0.078,-1.7374845940259145,0.03333333333333333,0.0,-0.0
1743595681.6920536,0.0,-94.0,329.0,,0.03889666695112304,-0.069,-1.6617346265154376,0.03333333333333333,0.0,-0.0
1743595681.71234,0.0,-94.0,329.0,,0.0488966669511246,-0.069,-1.64102880747225,0.03333333333333333,0.0,-0.0
1743595681.7324839,0.0,-94.0,329.0,,0.0488966669511246,-0.098,-1.6608774575813974,0.03333333333333333,0.0,-0.0
1743595681.752623,0.0,-94.0,329.0,,0.05889666695112439,-0.088,-1.6779216691340006,0.03333333333333333,0.0,-0.0
1743595681.7727757,0.0,-94.0,329.0,,0.0488966669511246,-0.088,-1.6986296102441227,0.03333333333333333,0.0,-0.0
1743595681.7930984,0.0,-94.0,329.0,,0.03889666695112304,-0.069,-1.7193694346835935,0.03333333333333333,0.0,-0.0
1743595681.8134935,0.0,-94.0,329.0,,0.0488966669511246,-0.069,-1.6608980340488997,0.03333333333333333,0.0,-0.0
1743595681.8339162,0.0,-94.0,329.0,,0.05889666695112439,-0.088,-1.6779216691340006,0.03333333333333333,0.0,-0.0
1743595681.8540883,0.0,-94.0,329.0,,0.05889666695112439,-0.098,-1.6779137073334116,0.03333333333333333,0.0,-0.0
1743595681.874277,0.0,-94.0,329.0,,0.0488966669511246,-0.059,-1.6410341821491632,0.03333333333333333,0.0,-0.0
1743595681.8944576,0.0,-94.0,329.0,,0.03889666695112304,-0.069,-1.6617346265154376,0.03333333333333333,0.0,-0.0
1743595681.914639,0.0,-94.0,329.0,,0.05889666695112439,-0.088,-1.6977761149248702,0.03333333333333333,0.0,-0.0
1743595681.9349205,0.0,-94.0,329.0,,0.05889666695112439,-0.069,-1.737490454615378,0.03333333333333333,0.0,-0.0
1743595681.9550645,0.0,-94.0,329.0,,0.03889666695112304,-0.059,-1.7591105329255008,0.03333333333333333,0.0,-0.0
1743595681.9752266,0.0,-94.0,328.0,,0.03889666695112304,-0.059,-1.7392441307610171,0.03333333333333333,0.0,-0.0
1743595681.9953215,0.0,-94.0,328.0,,0.0488966669511246,-0.088,-1.6787653666401647,0.03333333333333333,0.0,-0.0
1743595682.015483,0.0,-94.0,328.0,,0.0488966669511246,-0.078,-1.62115159005649,0.03333333333333333,0.0,-0.0
1743595682.0359483,0.0,-94.0,328.0,,0.0488966669511246,-0.069,-1.64102880747225,0.03333333333333333,0.0,-0.0
1743595682.056108,0.0,-94.0,328.0,,0.0488966669511246,-0.078,-1.6787724940631512,0.03333333333333333,0.0,-0.0
1743595682.0763013,0.0,-94.0,328.0,,0.0488966669511246,-0.088,-1.6986296102441227,0.03333333333333333,0.0,-0.0
1743595682.0965354,0.0,-94.0,328.0,,0.0488966669511246,-0.059,-1.698648126907902,0.03333333333333333,0.0,-0.0
1743595682.116976,0.0,-94.0,328.0,,0.05889666695112439,-0.069,-1.6977890325373481,0.03333333333333333,0.0,-0.0
1743595682.1372797,0.0,-94.0,328.0,,0.0488966669511246,-0.088,-1.6787653666401647,0.03333333333333333,0.0,-0.0
1743595682.1574764,0.0,-94.0,328.0,,0.0488966669511246,-0.088,-1.6787653666401647,0.03333333333333333,0.0,-0.0
1743595682.177643,0.0,-94.0,328.0,,0.0488966669511246,-0.078,-1.698636820435572,0.03333333333333333,0.0,-0.0
1743595682.1979103,0.0,-94.0,328.0,,0.05889666695112439,-0.078,-1.6779287750191267,0.03333333333333333,0.0,-0.0
1743595682.2181253,0.0,-94.0,328.0,,0.0488966669511246,-0.078,-1.660892412862824,0.03333333333333333,0.0,-0.0
1743595682.2383106,0.0,-94.0,328.0,,0.0488966669511246,-0.069,-1.6608980340488997,0.03333333333333333,0.0,-0.0
1743595682.25863,0.0,-94.0,328.0,,0.0488966669511246,-0.078,-1.660892412862824,0.03333333333333333,0.0,-0.0
1743595682.2788694,0.0,-94.0,328.0,,0.0488966669511246,-0.078,-1.698636820435572,0.03333333333333333,0.0,-0.0
1743595682.2991397,0.0,-94.0,328.0,,0.0488966669511246,-0.069,-1.678778174663824,0.03333333333333333,0.0,-0.0
1743595682.3193467,0.0,-94.0,328.0,,0.0488966669511246,-0.088,-1.6986296102441227,0.03333333333333333,0.0,-0.0
1743595682.3397458,0.0,-94.0,328.0,,0.0488966669511246,-0.078,-1.6787724940631512,0.03333333333333333,0.0,-0.0
1743595682.3601534,0.0,-94.0,328.0,,0.0488966669511246,-0.078,-1.698636820435572,0.03333333333333333,0.0,-0.0
1743595682.3804996,0.0,-94.0,328.0,,0.0488966669511246,-0.069,-1.6986425670032035,0.03333333333333333,0.0,-0.0
1743595682.4007695,0.0,-94.0,328.0,,0.0488966669511246,-0.078,-1.6787724940631512,0.03333333333333333,0.0,-0.0
1743595682.4210198,0.0,-94.0,328.0,,0.0488966669511246,-0.078,-1.6787724940631512,0.03333333333333333,0.0,-0.0
1743595682.4434352,0.0,-94.0,328.0,,0.0488966669511246,-0.078,-1.660892412862824,0.03333333333333333,0.0,-0.0
1743595682.4635763,0.0,-94.0,328.0,,0.0488966669511246,-0.069,-1.6986425670032035,0.03333333333333333,0.0,-0.0
1743595682.48375,0.0,-94.0,328.0,,0.0488966669511246,-0.069,-1.6986425670032035,0.03333333333333333,0.0,-0.0
1743595682.503911,0.0,-94.0,328.0,,0.0488966669511246,-0.078,-1.698636820435572,0.03333333333333333,0.0,-0.0
1743595682.524058,0.0,-94.0,328.0,,0.03889666695112304,-0.069,-1.6796236095135342,0.03333333333333333,0.0,-0.0
1743595682.5443141,0.0,-94.0,328.0,,0.03889666695112304,-0.069,-1.6796236095135342,0.03333333333333333,0.0,-0.0
1743595682.5645862,0.0,-94.0,328.0,,0.05889666695112439,-0.088,-1.6779216691340006,0.03333333333333333,0.0,-0.0
1743595682.5847442,0.0,-94.0,328.0,,0.03889666695112304,-0.069,-1.6796236095135342,0.03333333333333333,0.0,-0.0
1743595682.6051664,0.0,-94.0,328.0,,0.03889666695112304,-0.069,-1.6796236095135342,0.03333333333333333,0.0,-0.0
1743595682.625372,0.0,-94.0,328.0,,0.0488966669511246,-0.069,-1.678778174663824,0.03333333333333333,0.0,-0.0
1743595682.6456473,0.0,-94.0,328.0,,0.0488966669511246,-0.078,-1.6787724940631512,0.03333333333333333,0.0,-0.0
1743595682.6659153,0.0,-94.0,328.0,,0.0488966669511246,-0.078,-1.6787724940631512,0.03333333333333333,0.0,-0.0
1743595682.6863828,0.0,-94.0,328.0,,0.0488966669511246,-0.078,-1.6787724940631512,0.03333333333333333,0.0,-0.0
1743595682.7065294,0.0,-94.0,328.0,,0.05889666695112439,-0.078,-1.6779287750191267,0.03333333333333333,0.0,-0.0
1743595682.7266908,0.0,-94.0,328.0,,0.05889666695112439,-0.078,-1.6779287750191267,0.03333333333333333,0.0,-0.0
1743595682.7470644,0.0,-94.0,328.0,,0.0488966669511246,-0.078,-1.6787724940631512,0.03333333333333333,0.0,-0.0
1743595682.7673066,0.0,-94.0,328.0,,0.05889666695112439,-0.078,-1.6977833033321228,0.03333333333333333,0.0,-0.0
1743595682.7875617,0.0,-94.0,328.0,,0.05889666695112439,-0.078,-1.6977833033321228,0.03333333333333333,0.0,-0.0
1743595682.807728,0.0,-94.0,328.0,,0.0488966669511246,-0.078,-1.6787724940631512,0.03333333333333333,0.0,-0.0
1743595682.8278866,0.0,-94.0,328.0,,0.05889666695112439,-0.069,-1.677934438453724,0.03333333333333333,0.0,-0.0
1743595682.8481474,0.0,-94.0,328.0,,0.05889666695112439,-0.069,-1.677934438453724,0.03333333333333333,0.0,-0.0
1743595682.8683836,0.0,-94.0,328.0,,0.0488966669511246,-0.069,-1.678778174663824,0.03333333333333333,0.0,-0.0
1743595682.888767,0.0,-94.0,328.0,,0.03889666695112304,-0.078,-1.6796179116774748,0.03333333333333333,0.0,-0.0
1743595682.910271,0.0,-94.0,328.0,,0.03889666695112304,-0.078,-1.6796179116774748,0.03333333333333333,0.0,-0.0
1743595682.9304452,0.0,-94.0,328.0,,0.0488966669511246,-0.078,-1.6787724940631512,0.03333333333333333,0.0,-0.0
1743595682.950587,0.0,-94.0,328.0,,0.0488966669511246,-0.078,-1.698636820435572,0.03333333333333333,0.0,-0.0
1743595682.9707613,0.0,-94.0,327.0,,0.0488966669511246,-0.069,-1.6986425670032035,0.03333333333333333,0.0,-0.0
1743595682.9909263,0.0,-94.0,327.0,,0.0488966669511246,-0.078,-1.6787724940631512,0.03333333333333333,0.0,-0.0
1743595683.0110908,0.0,-94.0,327.0,,0.0488966669511246,-0.078,-1.6787724940631512,0.03333333333333333,0.0,-0.0
1743595683.0315013,0.0,-94.0,327.0,,0.0488966669511246,-0.078,-1.6787724940631512,0.03333333333333333,0.0,-0.0
1743595683.0516539,0.0,-94.0,327.0,,0.05889666695112439,-0.078,-1.6600575186501998,0.03333333333333333,0.0,-0.0
1743595683.0733898,0.0,-94.0,327.0,,0.0488966669511246,-0.078,-1.698636820435572,0.03333333333333333,0.0,-0.0
1743595683.093568,0.0,-94.0,327.0,,0.0488966669511246,-0.078,-1.698636820435572,0.03333333333333333,0.0,-0.0
1743595683.1137438,0.0,-94.0,327.0,,0.0488966669511246,-0.069,-1.678778174663824,0.03333333333333333,0.0,-0.0
1743595683.1339478,0.0,-94.0,327.0,,0.0488966669511246,-0.078,-1.6787724940631512,0.03333333333333333,0.0,-0.0
1743595683.1541202,0.0,-94.0,327.0,,0.05889666695112439,-0.078,-1.6977833033321228,0.03333333333333333,0.0,-0.0
1743595683.1742744,0.0,-94.0,327.0,,0.05889666695112439,-0.078,-1.6977833033321228,0.03333333333333333,0.0,-0.0
1743595683.1944387,0.0,-94.0,327.0,,0.0488966669511246,-0.069,-1.6986425670032035,0.03333333333333333,0.0,-0.0
1743595683.214686,0.0,-94.0,327.0,,0.0488966669511246,-0.069,-1.6986425670032035,0.03333333333333333,0.0,-0.0
1743595683.2350192,0.0,-94.0,327.0,,0.0488966669511246,-0.078,-1.6787724940631512,0.03333333333333333,0.0,-0.0
1743595683.2552962,0.0,-94.0,327.0,,0.0488966669511246,-0.078,-1.6787724940631512,0.03333333333333333,0.0,-0.0
1743595683.2754984,0.0,-94.0,327.0,,0.0488966669511246,-0.078,-1.6787724940631512,0.03333333333333333,0.0,-0.0
1743595683.2956886,0.0,-94.0,327.0,,0.0488966669511246,-0.088,-1.6787653666401647,0.03333333333333333,0.0,-0.0
1743595683.3160615,0.0,-94.0,327.0,,0.0488966669511246,-0.078,-1.6787724940631512,0.03333333333333333,0.0,-0.0
1743595683.3392813,0.0,-94.0,327.0,,0.0488966669511246,-0.069,-1.678778174663824,0.03333333333333333,0.0,-0.0
1743595683.3595877,0.0,-94.0,327.0,,0.05889666695112439,-0.078,-1.7176352527092762,0.03333333333333333,0.0,-0.0
1743595683.3801973,0.0,-94.0,327.0,,0.05889666695112439,-0.078,-1.7176352527092762,0.03333333333333333,0.0,-0.0
1743595683.4003842,0.0,-94.0,327.0,,0.0488966669511246,-0.078,-1.698636820435572,0.03333333333333333,0.0,-0.0
1743595683.4207711,0.0,-94.0,327.0,,0.0488966669511246,-0.078,-1.6787724940631512,0.03333333333333333,0.0,-0.0
1743595683.4409447,0.0,-94.0,327.0,,0.0488966669511246,-0.078,-1.6787724940631512,0.03333333333333333,0.0,-0.0
1743595683.4633694,0.0,-94.0,327.0,,0.0488966669511246,-0.078,-1.698636820435572,0.03333333333333333,0.0,-0.0
1743595683.4835446,0.0,-94.0,327.0,,0.0488966669511246,-0.078,-1.6787724940631512,0.03333333333333333,0.0,-0.0
1743595683.5038095,0.0,-94.0,327.0,,0.0488966669511246,-0.078,-1.6787724940631512,0.03333333333333333,0.0,-0.0
1743595683.5240521,0.0,-94.0,327.0,,0.0488966669511246,-0.078,-1.660892412862824,0.03333333333333333,0.0,-0.0
1743595683.5444088,0.0,-94.0,327.0,,0.0488966669511246,-0.069,-1.6986425670032035,0.03333333333333333,0.0,-0.0
1743595683.5647738,0.0,-94.0,327.0,,0.0488966669511246,-0.069,-1.6986425670032035,0.03333333333333333,0.0,-0.0
1743595683.585304,0.0,-94.0,327.0,,0.0488966669511246,-0.069,-1.7383635621775262,0.03333333333333333,0.0,-0.0
1743595683.6055923,0.0,-94.0,327.0,,0.0488966669511246,-0.078,-1.7184985600958407,0.03333333333333333,0.0,-0.0
1743595683.6257544,0.0,-94.0,327.0,,0.0488966669511246,-0.078,-1.698636820435572,0.03333333333333333,0.0,-0.0
1743595683.6459765,0.0,-94.0,327.0,,0.05889666695112439,-0.078,-1.6779287750191267,0.03333333333333333,0.0,-0.0
1743595683.666158,0.0,-94.0,327.0,,0.0488966669511246,-0.078,-1.6787724940631512,0.03333333333333333,0.0,-0.0
1743595683.6873658,0.0,-94.0,327.0,,0.0488966669511246,-0.078,-1.6787724940631512,0.03333333333333333,0.0,-0.0
1743595683.7075121,0.0,-94.0,327.0,,0.0488966669511246,-0.078,-1.6787724940631512,0.03333333333333333,0.0,-0.0
1743595683.7276902,0.0,-94.0,327.0,,0.0488966669511246,-0.078,-1.6787724940631512,0.03333333333333333,0.0,-0.0
1743595683.7486818,0.0,-94.0,327.0,,0.0488966669511246,-0.078,-1.6787724940631512,0.03333333333333333,0.0,-0.0
1743595683.7688217,0.0,-94.0,327.0,,0.0488966669511246,-0.069,-1.6986425670032035,0.03333333333333333,0.0,-0.0
1743595683.7889743,0.0,-94.0,327.0,,0.0488966669511246,-0.078,-1.698636820435572,0.03333333333333333,0.0,-0.0
1743595683.8091395,0.0,-94.0,327.0,,0.0488966669511246,-0.078,-1.698636820435572,0.03333333333333333,0.0,-0.0
1743595683.8293033,0.0,-94.0,327.0,,0.0488966669511246,-0.069,-1.6986425670032035,0.03333333333333333,0.0,-0.0
1743595683.8494658,0.0,-94.0,327.0,,0.0488966669511246,-0.078,-1.660892412862824,0.03333333333333333,0.0,-0.0
1743595683.8696704,0.0,-94.0,327.0,,0.0488966669511246,-0.078,-1.660892412862824,0.03333333333333333,0.0,-0.0
1743595683.8899891,0.0,-94.0,327.0,,0.0488966669511246,-0.078,-1.6410232523511192,0.03333333333333333,0.0,-0.0
1743595683.9102247,0.0,-94.0,327.0,,0.0488966669511246,-0.069,-1.678778174663824,0.03333333333333333,0.0,-0.0
1743595683.930462,0.0,-94.0,327.0,,0.0488966669511246,-0.069,-1.678778174663824,0.03333333333333333,0.0,-0.0
1743595683.9507775,0.0,-94.0,327.0,,0.0488966669511246,-0.069,-1.678778174663824,0.03333333333333333,0.0,-0.0
1743595683.9710667,0.0,-94.0,327.0,,0.0488966669511246,-0.069,-1.6986425670032035,0.03333333333333333,0.0,-0.0
1743595683.9943645,0.0,-94.0,327.0,,0.0488966669511246,-0.078,-1.6787724940631512,0.03333333333333333,0.0,-0.0
1743595684.0145333,0.0,-94.0,327.0,,0.05889666695112439,-0.078,-1.6779287750191267,0.03333333333333333,0.0,-0.0
1743595684.0347285,0.0,-94.0,327.0,,0.0488966669511246,-0.078,-1.660892412862824,0.03333333333333333,0.0,-0.0
1743595684.0548909,0.0,-94.0,327.0,,0.0488966669511246,-0.078,-1.660892412862824,0.03333333333333333,0.0,-0.0
1743595684.075082,0.0,-94.0,327.0,,0.0488966669511246,-0.078,-1.6787724940631512,0.03333333333333333,0.0,-0.0
1743595684.0952458,0.0,-94.0,327.0,,0.0488966669511246,-0.078,-1.6787724940631512,0.03333333333333333,0.0,-0.0
1743595684.1154368,0.0,-94.0,327.0,,0.0488966669511246,-0.078,-1.6787724940631512,0.03333333333333333,0.0,-0.0
1743595684.135623,0.0,-94.0,327.0,,0.0488966669511246,-0.078,-1.698636820435572,0.03333333333333333,0.0,-0.0
1743595684.1558115,0.0,-94.0,327.0,,0.0488966669511246,-0.069,-1.6986425670032035,0.03333333333333333,0.0,-0.0
1743595684.1763182,0.0,-94.0,327.0,,0.0488966669511246,-0.069,-1.6986425670032035,0.03333333333333333,0.0,-0.0
1743595684.1964989,0.0,-94.0,327.0,,0.05889666695112439,-0.078,-1.6779287750191267,0.03333333333333333,0.0,-0.0
1743595684.2194614,0.0,-94.0,327.0,,0.05889666695112439,-0.078,-1.6779287750191267,0.03333333333333333,0.0,-0.0
1743595684.2397013,0.0,-94.0,327.0,,0.0488966669511246,-0.078,-1.698636820435572,0.03333333333333333,0.0,-0.0
1743595684.2599614,0.0,-94.0,327.0,,0.0488966669511246,-0.078,-1.6787724940631512,0.03333333333333333,0.0,-0.0
1743595684.280166,0.0,-94.0,327.0,,0.0488966669511246,-0.078,-1.6787724940631512,0.03333333333333333,0.0,-0.0
1743595684.3004873,0.0,-94.0,327.0,,0.0488966669511246,-0.069,-1.6608980340488997,0.03333333333333333,0.0,-0.0
1743595684.3207047,0.0,-94.0,327.0,,0.0488966669511246,-0.069,-1.6986425670032035,0.03333333333333333,0.0,-0.0
1743595684.3409286,0.0,-94.0,327.0,,0.0488966669511246,-0.069,-1.6986425670032035,0.03333333333333333,0.0,-0.0
1743595684.3613703,0.0,-94.0,327.0,,0.0488966669511246,-0.069,-1.7185043725780211,0.03333333333333333,0.0,-0.0
1743595684.3815832,0.0,-94.0,327.0,,0.0488966669511246,-0.078,-1.6787724940631512,0.03333333333333333,0.0,-0.0
1743595684.403345,0.0,-94.0,327.0,,0.0488966669511246,-0.078,-1.6787724940631512,0.03333333333333333,0.0,-0.0
1743595684.4235408,0.0,-94.0,327.0,,0.0488966669511246,-0.078,-1.6787724940631512,0.03333333333333333,0.0,-0.0
1743595684.4469695,0.0,-94.0,327.0,,0.0488966669511246,-0.078,-1.660892412862824,0.03333333333333333,0.0,-0.0
1743595684.4671853,0.0,-94.0,327.0,,0.0488966669511246,-0.078,-1.660892412862824,0.03333333333333333,0.0,-0.0
1743595684.4873734,0.0,-94.0,327.0,,0.0488966669511246,-0.088,-1.660885359987078,0.03333333333333333,0.0,-0.0
1743595684.5075355,0.0,-94.0,326.0,,0.0488966669511246,-0.078,-1.6787724940631512,0.03333333333333333,0.0,-0.0
1743595684.527692,0.0,-94.0,326.0,,0.0488966669511246,-0.078,-1.6787724940631512,0.03333333333333333,0.0,-0.0
1743595684.5478497,0.0,-94.0,326.0,,0.0488966669511246,-0.069,-1.6986425670032035,0.03333333333333333,0.0,-0.0
1743595684.5680084,0.0,-94.0,326.0,,0.05889666695112439,-0.069,-1.677934438453724,0.03333333333333333,0.0,-0.0
1743595684.5881968,0.0,-94.0,326.0,,0.05889666695112439,-0.069,-1.677934438453724,0.03333333333333333,0.0,-0.0
1743595684.6085725,0.0,-94.0,326.0,,0.03889666695112304,-0.069,-1.6994978193847299,0.03333333333333333,0.0,-0.0
1743595684.6287453,0.0,-94.0,326.0,,0.05889666695112439,-0.069,-1.660063122847124,0.03333333333333333,0.0,-0.0
1743595684.6488895,0.0,-94.0,326.0,,0.05889666695112439,-0.069,-1.660063122847124,0.03333333333333333,0.0,-0.0
1743595684.6696293,0.0,-94.0,326.0,,0.0488966669511246,-0.088,-1.641016282366773,0.03333333333333333,0.0,-0.0
1743595684.690683,0.0,-94.0,326.0,,0.0488966669511246,-0.069,-1.6986425670032035,0.03333333333333333,0.0,-0.0
1743595684.713386,0.0,-94.0,326.0,,0.0488966669511246,-0.069,-1.6986425670032035,0.03333333333333333,0.0,-0.0
1743595684.7338302,0.0,-94.0,326.0,,0.0488966669511246,-0.069,-1.7185043725780211,0.03333333333333333,0.0,-0.0
1743595684.7542274,0.0,-94.0,326.0,,0.0488966669511246,-0.069,-1.6986425670032035,0.03333333333333333,0.0,-0.0
1743595684.7743964,0.0,-94.0,326.0,,0.05889666695112439,-0.078,-1.6779287750191267,0.03333333333333333,0.0,-0.0
1743595684.7945395,0.0,-94.0,326.0,,0.0488966669511246,-0.078,-1.6787724940631512,0.03333333333333333,0.0,-0.0
1743595684.816397,0.0,-94.0,326.0,,0.0488966669511246,-0.078,-1.660892412862824,0.03333333333333333,0.0,-0.0
1743595684.8365722,0.0,-94.0,326.0,,0.0488966669511246,-0.078,-1.660892412862824,0.03333333333333333,0.0,-0.0
1743595684.8567429,0.0,-94.0,326.0,,0.0488966669511246,-0.088,-1.6787653666401647,0.03333333333333333,0.0,-0.0
1743595684.8770974,0.0,-94.0,326.0,,0.0488966669511246,-0.069,-1.678778174663824,0.03333333333333333,0.0,-0.0
1743595684.8972993,0.0,-94.0,326.0,,0.0488966669511246,-0.069,-1.6986425670032035,0.03333333333333333,0.0,-0.0
1743595684.919138,0.0,-94.0,326.0,,0.0488966669511246,-0.069,-1.7185043725780211,0.03333333333333333,0.0,-0.0
1743595684.9393141,0.0,-94.0,326.0,,0.0488966669511246,-0.069,-1.7185043725780211,0.03333333333333333,0.0,-0.0
1743595684.9594738,0.0,-94.0,326.0,,0.0488966669511246,-0.078,-1.698636820435572,0.03333333333333333,0.0,-0.0
1743595684.9796524,0.0,-94.0,326.0,,0.0488966669511246,-0.078,-1.6787724940631512,0.03333333333333333,0.0,-0.0
1743595685.0003257,0.0,-94.0,326.0,,0.0488966669511246,-0.078,-1.660892412862824,0.03333333333333333,0.0,-0.0
1743595685.0212033,0.0,-94.0,326.0,,0.0488966669511246,-0.078,-1.6787724940631512,0.03333333333333333,0.0,-0.0
1743595685.0413976,0.0,-94.0,326.0,,0.0488966669511246,-0.078,-1.6787724940631512,0.03333333333333333,0.0,-0.0
1743595685.0618494,0.0,-94.0,326.0,,0.0488966669511246,-0.078,-1.6787724940631512,0.03333333333333333,0.0,-0.0
1743595685.0820243,0.0,-94.0,326.0,,0.05889666695112439,-0.078,-1.6600575186501998,0.03333333333333333,0.0,-0.0
1743595685.1022718,0.0,-94.0,326.0,,0.0488966669511246,-0.078,-1.698636820435572,0.03333333333333333,0.0,-0.0
1743595685.12279,0.0,-94.0,326.0,,0.0488966669511246,-0.078,-1.698636820435572,0.03333333333333333,0.0,-0.0
1743595685.1453514,0.0,-94.0,326.0,,0.0488966669511246,-0.088,-1.6986296102441227,0.03333333333333333,0.0,-0.0
1743595685.1655517,0.0,-94.0,326.0,,0.0488966669511246,-0.088,-1.6787653666401647,0.03333333333333333,0.0,-0.0
1743595685.1857407,0.0,-94.0,326.0,,0.0488966669511246,-0.088,-1.6787653666401647,0.03333333333333333,0.0,-0.0
1743595685.2058709,0.0,-94.0,326.0,,0.0488966669511246,-0.069,-1.678778174663824,0.03333333333333333,0.0,-0.0
1743595685.226051,0.0,-94.0,326.0,,0.0488966669511246,-0.088,-1.6787653666401647,0.03333333333333333,0.0,-0.0
1743595685.2465115,0.0,-94.0,326.0,,0.0488966669511246,-0.088,-1.6787653666401647,0.03333333333333333,0.0,-0.0
1743595685.2666974,0.0,-94.0,326.0,,0.0488966669511246,-0.069,-1.678778174663824,0.03333333333333333,0.0,-0.0
1743595685.2869554,0.0,-94.0,326.0,,0.0488966669511246,-0.069,-1.6986425670032035,0.03333333333333333,0.0,-0.0
1743595685.307216,0.0,-94.0,326.0,,0.0488966669511246,-0.069,-1.6986425670032035,0.03333333333333333,0.0,-0.0
1743595685.3274586,0.0,-94.0,326.0,,0.0488966669511246,-0.078,-1.7184985600958407,0.03333333333333333,0.0,-0.0
1743595685.3476021,0.0,-94.0,326.0,,0.0488966669511246,-0.078,-1.6787724940631512,0.03333333333333333,0.0,-0.0
1743595685.3678894,0.0,-94.0,326.0,,0.0488966669511246,-0.078,-1.6787724940631512,0.03333333333333333,0.0,-0.0
1743595685.3881226,0.0,-94.0,326.0,,0.0488966669511246,-0.069,-1.6608980340488997,0.03333333333333333,0.0,-0.0
1743595685.4084382,0.0,-94.0,326.0,,0.0488966669511246,-0.078,-1.660892412862824,0.03333333333333333,0.0,-0.0
1743595685.4286933,0.0,-94.0,326.0,,0.0488966669511246,-0.078,-1.660892412862824,0.03333333333333333,0.0,-0.0
1743595685.4497654,0.0,-94.0,326.0,,0.0488966669511246,-0.059,-1.6787836707443533,0.03333333333333333,0.0,-0.0
1743595685.46993,0.0,-94.0,326.0,,0.05889666695112439,-0.069,-1.6977890325373481,0.03333333333333333,0.0,-0.0
1743595685.490089,0.0,-94.0,326.0,,0.05889666695112439,-0.069,-1.6977890325373481,0.03333333333333333,0.0,-0.0
1743595685.5102358,0.0,-94.0,326.0,,0.05889666695112439,-0.069,-1.677934438453724,0.03333333333333333,0.0,-0.0
1743595685.5303528,0.0,-94.0,326.0,,0.05889666695112439,-0.078,-1.6779287750191267,0.03333333333333333,0.0,-0.0
1743595685.5505984,0.0,-94.0,326.0,,0.05889666695112439,-0.078,-1.6779287750191267,0.03333333333333333,0.0,-0.0
1743595685.5709348,0.0,-94.0,326.0,,0.0488966669511246,-0.069,-1.678778174663824,0.03333333333333333,0.0,-0.0
1743595685.592604,0.0,-94.0,326.0,,0.0488966669511246,-0.088,-1.6787653666401647,0.03333333333333333,0.0,-0.0
1743595685.6127598,0.0,-94.0,326.0,,0.0488966669511246,-0.078,-1.660892412862824,0.03333333333333333,0.0,-0.0
1743595685.6329913,0.0,-94.0,326.0,,0.0488966669511246,-0.069,-1.6608980340488997,0.03333333333333333,0.0,-0.0
1743595685.6531692,0.0,-94.0,326.0,,0.05889666695112439,-0.069,-1.677934438453724,0.03333333333333333,0.0,-0.0
1743595685.673324,0.0,-94.0,326.0,,0.05889666695112439,-0.078,-1.7176352527092762,0.03333333333333333,0.0,-0.0
1743595685.6937306,0.0,-94.0,326.0,,0.05889666695112439,-0.069,-1.717641047632982,0.03333333333333333,0.0,-0.0
1743595685.713929,0.0,-94.0,326.0,,0.05889666695112439,-0.069,-1.717641047632982,0.03333333333333333,0.0,-0.0
1743595685.734322,0.0,-94.0,326.0,,0.05889666695112439,-0.088,-1.6779216691340006,0.03333333333333333,0.0,-0.0
1743595685.7547066,0.0,-94.0,326.0,,0.05889666695112439,-0.078,-1.6977833033321228,0.03333333333333333,0.0,-0.0
1743595685.775032,0.0,-94.0,326.0,,0.0488966669511246,-0.069,-1.678778174663824,0.03333333333333333,0.0,-0.0
1743595685.7952278,0.0,-94.0,326.0,,0.0488966669511246,-0.078,-1.6787724940631512,0.03333333333333333,0.0,-0.0
1743595685.8155022,0.0,-94.0,326.0,,0.05889666695112439,-0.078,-1.6779287750191267,0.03333333333333333,0.0,-0.0
1743595685.8358765,0.0,-94.0,326.0,,0.0488966669511246,-0.069,-1.678778174663824,0.03333333333333333,0.0,-0.0
1743595685.8563774,0.0,-94.0,326.0,,0.0488966669511246,-0.069,-1.6986425670032035,0.03333333333333333,0.0,-0.0
1743595685.8768764,0.0,-94.0,326.0,,0.0488966669511246,-0.078,-1.7184985600958407,0.03333333333333333,0.0,-0.0
1743595685.8970468,0.0,-94.0,326.0,,0.0488966669511246,-0.069,-1.7185043725780211,0.03333333333333333,0.0,-0.0
1743595685.917461,0.0,-94.0,326.0,,0.0488966669511246,-0.078,-1.698636820435572,0.03333333333333333,0.0,-0.0
1743595685.9377751,0.0,-94.0,326.0,,0.05889666695112439,-0.088,-1.6779216691340006,0.03333333333333333,0.0,-0.0
1743595685.9581625,0.0,-94.0,326.0,,0.05889666695112439,-0.078,-1.6600575186501998,0.03333333333333333,0.0,-0.0
1743595685.9786553,0.0,-94.0,326.0,,0.03889666695112304,-0.069,-1.6796236095135342,0.03333333333333333,0.0,-0.0
1743595685.9989235,0.0,-94.0,326.0,,0.0488966669511246,-0.078,-1.698636820435572,0.03333333333333333,0.0,-0.0
1743595686.0191042,0.0,-94.0,326.0,,0.0488966669511246,-0.078,-1.698636820435572,0.03333333333333333,0.0,-0.0
1743595686.039343,0.0,-94.0,326.0,,0.03889666695112304,-0.078,-1.6796179116774748,0.03333333333333333,0.0,-0.0
1743595686.0600283,0.0,-94.0,326.0,,0.0488966669511246,-0.069,-1.6986425670032035,0.03333333333333333,0.0,-0.0
1743595686.0802128,0.0,-94.0,326.0,,0.0488966669511246,-0.078,-1.698636820435572,0.03333333333333333,0.0,-0.0
1743595686.1021974,0.0,-94.0,326.0,,0.0488966669511246,-0.069,-1.7185043725780211,0.03333333333333333,0.0,-0.0
1743595686.1223588,0.0,-94.0,326.0,,0.05889666695112439,-0.078,-1.6779287750191267,0.03333333333333333,0.0,-0.0
1743595686.1425037,0.0,-94.0,326.0,,0.05889666695112439,-0.078,-1.6779287750191267,0.03333333333333333,0.0,-0.0
1743595686.1627138,0.0,-94.0,326.0,,0.0488966669511246,-0.078,-1.660892412862824,0.03333333333333333,0.0,-0.0
1743595686.1828969,0.0,-94.0,326.0,,0.0488966669511246,-0.078,-1.660892412862824,0.03333333333333333,0.0,-0.0
1743595686.2030785,0.0,-94.0,326.0,,0.0488966669511246,-0.078,-1.660892412862824,0.03333333333333333,0.0,-0.0
1743595686.2232797,0.0,-94.0,326.0,,0.0488966669511246,-0.078,-1.660892412862824,0.03333333333333333,0.0,-0.0
1743595686.243423,0.0,-94.0,326.0,,0.0488966669511246,-0.069,-1.7185043725780211,0.03333333333333333,0.0,-0.0
1743595686.2635725,0.0,-94.0,326.0,,0.0488966669511246,-0.069,-1.7185043725780211,0.03333333333333333,0.0,-0.0
1743595686.2837315,0.0,-94.0,326.0,,0.0488966669511246,-0.078,-1.698636820435572,0.03333333333333333,0.0,-0.0
1743595686.3039684,0.0,-94.0,326.0,,0.05889666695112439,-0.078,-1.6779287750191267,0.03333333333333333,0.0,-0.0
1743595686.3242571,0.0,-94.0,326.0,,0.05889666695112439,-0.078,-1.6779287750191267,0.03333333333333333,0.0,-0.0
1743595686.3446527,0.0,-94.0,326.0,,0.0488966669511246,-0.078,-1.698636820435572,0.03333333333333333,0.0,-0.0
1743595686.364832,0.0,-94.0,326.0,,0.0488966669511246,-0.088,-1.660885359987078,0.03333333333333333,0.0,-0.0
1743595686.3850067,0.0,-94.0,326.0,,0.0488966669511246,-0.088,-1.660885359987078,0.03333333333333333,0.0,-0.0
1743595686.4052796,0.0,-94.0,326.0,,0.0488966669511246,-0.069,-1.678778174663824,0.03333333333333333,0.0,-0.0
1743595686.4254665,0.0,-94.0,326.0,,0.0488966669511246,-0.078,-1.7184985600958407,0.03333333333333333,0.0,-0.0
1743595686.4456303,0.0,-94.0,326.0,,0.0488966669511246,-0.078,-1.7184985600958407,0.03333333333333333,0.0,-0.0
1743595686.4659128,0.0,-94.0,326.0,,0.0488966669511246,-0.059,-1.7185099962561803,0.03333333333333333,0.0,-0.0
1743595686.4861703,0.0,-94.0,326.0,,0.0488966669511246,-0.069,-1.6986425670032035,0.03333333333333333,0.0,-0.0
1743595686.5065234,0.0,-94.0,326.0,,0.05889666695112439,-0.088,-1.6977761149248702,0.03333333333333333,0.0,-0.0
1743595686.5266683,0.0,-94.0,326.0,,0.0488966669511246,-0.078,-1.660892412862824,0.03333333333333333,0.0,-0.0
1743595686.5468469,0.0,-94.0,326.0,,0.05889666695112439,-0.098,-1.6779137073334116,0.03333333333333333,0.0,-0.0
1743595686.567111,0.0,-94.0,326.0,,0.05889666695112439,-0.098,-1.6779137073334116,0.03333333333333333,0.0,-0.0
1743595686.5872884,0.0,-94.0,326.0,,0.02889666695112325,-0.069,-1.6625729053115785,0.03333333333333333,0.0,-0.0
1743595686.6074395,0.0,-94.0,326.0,,0.0488966669511246,-0.088,-1.6787653666401647,0.03333333333333333,0.0,-0.0
1743595686.62774,0.0,-94.0,326.0,,0.0488966669511246,-0.088,-1.6787653666401647,0.03333333333333333,0.0,-0.0
1743595686.647914,0.0,-94.0,326.0,,0.0488966669511246,-0.059,-1.7185099962561803,0.03333333333333333,0.0,-0.0
1743595686.668119,0.0,-94.0,326.0,,0.0488966669511246,-0.078,-1.698636820435572,0.03333333333333333,0.0,-0.0
1743595686.6883907,0.0,-94.0,326.0,,0.0488966669511246,-0.078,-1.698636820435572,0.03333333333333333,0.0,-0.0
1743595686.7086506,0.0,-94.0,326.0,,0.05889666695112439,-0.088,-1.6977761149248702,0.03333333333333333,0.0,-0.0
1743595686.7292197,0.0,-94.0,326.0,,0.0488966669511246,-0.069,-1.6608980340488997,0.03333333333333333,0.0,-0.0
1743595686.7493944,0.0,-94.0,326.0,,0.0488966669511246,-0.069,-1.6608980340488997,0.03333333333333333,0.0,-0.0
1743595686.7698448,0.0,-94.0,326.0,,0.05889666695112439,-0.078,-1.6600575186501998,0.03333333333333333,0.0,-0.0
1743595686.7904687,0.0,-94.0,326.0,,0.0488966669511246,-0.069,-1.678778174663824,0.03333333333333333,0.0,-0.0
1743595686.811278,0.0,-94.0,326.0,,0.0488966669511246,-0.069,-1.678778174663824,0.03333333333333333,0.0,-0.0
1743595686.8317058,0.0,-94.0,326.0,,0.0488966669511246,-0.069,-1.7383635621775262,0.03333333333333333,0.0,-0.0
1743595686.852181,0.0,-94.0,326.0,,0.0488966669511246,-0.069,-1.7185043725780211,0.03333333333333333,0.0,-0.0
1743595686.87235,0.0,-94.0,326.0,,0.05889666695112439,-0.078,-1.6977833033321228,0.03333333333333333,0.0,-0.0
1743595686.892497,0.0,-94.0,326.0,,0.0488966669511246,-0.088,-1.6787653666401647,0.03333333333333333,0.0,-0.0
1743595686.912691,0.0,-94.0,326.0,,0.0488966669511246,-0.078,-1.660892412862824,0.03333333333333333,0.0,-0.0
1743595686.9331758,0.0,-94.0,326.0,,0.0488966669511246,-0.078,-1.660892412862824,0.03333333333333333,0.0,-0.0
1743595686.9536724,0.0,-94.0,326.0,,0.0488966669511246,-0.078,-1.6787724940631512,0.03333333333333333,0.0,-0.0
1743595686.9738767,0.0,-94.0,326.0,,0.0488966669511246,-0.069,-1.678778174663824,0.03333333333333333,0.0,-0.0
1743595686.994043,0.0,-94.0,326.0,,0.0488966669511246,-0.069,-1.678778174663824,0.03333333333333333,0.0,-0.0
1743595687.0142055,0.0,-94.0,326.0,,0.0488966669511246,-0.078,-1.7184985600958407,0.03333333333333333,0.0,-0.0
1743595687.034633,0.0,-94.0,326.0,,0.0488966669511246,-0.069,-1.6986425670032035,0.03333333333333333,0.0,-0.0
1743595687.0549731,0.0,-94.0,326.0,,0.0488966669511246,-0.078,-1.6787724940631512,0.03333333333333333,0.0,-0.0
1743595687.0753398,0.0,-94.0,326.0,,0.05889666695112439,-0.078,-1.6779287750191267,0.03333333333333333,0.0,-0.0
1743595687.0955975,0.0,-94.0,326.0,,0.0488966669511246,-0.078,-1.6787724940631512,0.03333333333333333,0.0,-0.0
1743595687.115755,0.0,-94.0,325.0,,0.0488966669511246,-0.078,-1.6787724940631512,0.03333333333333333,0.0,-0.0
1743595687.136211,0.0,-94.0,325.0,,0.0488966669511246,-0.078,-1.660892412862824,0.03333333333333333,0.0,-0.0
1743595687.156542,0.0,-94.0,325.0,,0.0488966669511246,-0.078,-1.6787724940631512,0.03333333333333333,0.0,-0.0
1743595687.176919,0.0,-94.0,325.0,,0.0488966669511246,-0.069,-1.678778174663824,0.03333333333333333,0.0,-0.0
1743595687.1971104,0.0,-94.0,325.0,,0.0488966669511246,-0.069,-1.6986425670032035,0.03333333333333333,0.0,-0.0
1743595687.2175655,0.0,-94.0,325.0,,0.0488966669511246,-0.069,-1.6986425670032035,0.03333333333333333,0.0,-0.0
1743595687.2377322,0.0,-94.0,325.0,,0.0488966669511246,-0.069,-1.6986425670032035,0.03333333333333333,0.0,-0.0
1743595687.258081,0.0,-94.0,325.0,,0.05889666695112439,-0.088,-1.6977761149248702,0.03333333333333333,0.0,-0.0
1743595687.2784731,0.0,-94.0,325.0,,0.05889666695112439,-0.088,-1.6779216691340006,0.03333333333333333,0.0,-0.0
1743595687.2988343,0.0,-94.0,325.0,,0.0488966669511246,-0.078,-1.660892412862824,0.03333333333333333,0.0,-0.0
1743595687.3191774,0.0,-94.0,325.0,,0.0488966669511246,-0.078,-1.6787724940631512,0.03333333333333333,0.0,-0.0
1743595687.3395343,0.0,-94.0,325.0,,0.0488966669511246,-0.088,-1.6787653666401647,0.03333333333333333,0.0,-0.0
1743595687.3600202,0.0,-94.0,325.0,,0.0488966669511246,-0.078,-1.6787724940631512,0.03333333333333333,0.0,-0.0
1743595687.38071,0.0,-94.0,325.0,,0.0488966669511246,-0.069,-1.6986425670032035,0.03333333333333333,0.0,-0.0
1743595687.4011269,0.0,-94.0,325.0,,0.0488966669511246,-0.069,-1.6986425670032035,0.03333333333333333,0.0,-0.0
1743595687.4216053,0.0,-94.0,325.0,,0.0488966669511246,-0.078,-1.698636820435572,0.03333333333333333,0.0,-0.0
1743595687.4424143,0.0,-94.0,325.0,,0.0488966669511246,-0.078,-1.698636820435572,0.03333333333333333,0.0,-0.0
1743595687.462868,0.0,-94.0,325.0,,0.05889666695112439,-0.088,-1.6779216691340006,0.03333333333333333,0.0,-0.0
1743595687.4832094,0.0,-94.0,325.0,,0.0488966669511246,-0.078,-1.6787724940631512,0.03333333333333333,0.0,-0.0
1743595687.5036883,0.0,-94.0,325.0,,0.0488966669511246,-0.078,-1.6787724940631512,0.03333333333333333,0.0,-0.0
1743595687.5241165,0.0,-94.0,325.0,,0.0488966669511246,-0.078,-1.6787724940631512,0.03333333333333333,0.0,-0.0
1743595687.5442739,0.0,-94.0,325.0,,0.05889666695112439,-0.078,-1.6779287750191267,0.03333333333333333,0.0,-0.0
1743595687.5647602,0.0,-94.0,325.0,,0.0488966669511246,-0.069,-1.678778174663824,0.03333333333333333,0.0,-0.0
1743595687.584977,0.0,-94.0,325.0,,0.0488966669511246,-0.069,-1.678778174663824,0.03333333333333333,0.0,-0.0
1743595687.6054735,0.0,-94.0,325.0,,0.0488966669511246,-0.078,-1.698636820435572,0.03333333333333333,0.0,-0.0
1743595687.625655,0.0,-94.0,325.0,,0.0488966669511246,-0.078,-1.698636820435572,0.03333333333333333,0.0,-0.0
1743595687.645867,0.0,-94.0,325.0,,0.0488966669511246,-0.078,-1.698636820435572,0.03333333333333333,0.0,-0.0
1743595687.6664734,0.0,-94.0,325.0,,0.05889666695112439,-0.078,-1.6977833033321228,0.03333333333333333,0.0,-0.0
1743595687.6867838,0.0,-94.0,325.0,,0.0488966669511246,-0.078,-1.6787724940631512,0.03333333333333333,0.0,-0.0
1743595687.7072554,0.0,-94.0,325.0,,0.0488966669511246,-0.078,-1.6787724940631512,0.03333333333333333,0.0,-0.0
1743595687.727443,0.0,-94.0,325.0,,0.0488966669511246,-0.078,-1.6787724940631512,0.03333333333333333,0.0,-0.0
1743595687.7476294,0.0,-94.0,325.0,,0.0488966669511246,-0.069,-1.678778174663824,0.03333333333333333,0.0,-0.0
1743595687.7678673,0.0,-94.0,325.0,,0.0488966669511246,-0.069,-1.678778174663824,0.03333333333333333,0.0,-0.0
1743595687.788683,0.0,-94.0,325.0,,0.0488966669511246,-0.069,-1.7185043725780211,0.03333333333333333,0.0,-0.0
1743595687.809055,0.0,-94.0,325.0,,0.0488966669511246,-0.069,-1.6986425670032035,0.03333333333333333,0.0,-0.0
1743595687.829222,0.0,-94.0,325.0,,0.0488966669511246,-0.069,-1.6986425670032035,0.03333333333333333,0.0,-0.0
1743595687.8494809,0.0,-94.0,325.0,,0.0488966669511246,-0.088,-1.6787653666401647,0.03333333333333333,0.0,-0.0
1743595687.8697526,0.0,-94.0,325.0,,0.0488966669511246,-0.069,-1.678778174663824,0.03333333333333333,0.0,-0.0
1743595687.8900197,0.0,-94.0,325.0,,0.0488966669511246,-0.069,-1.678778174663824,0.03333333333333333,0.0,-0.0
1743595687.9102595,0.0,-94.0,325.0,,0.0488966669511246,-0.078,-1.660892412862824,0.03333333333333333,0.0,-0.0
1743595687.930699,0.0,-94.0,325.0,,0.0488966669511246,-0.069,-1.678778174663824,0.03333333333333333,0.0,-0.0
1743595687.956458,0.0,-94.0,325.0,,0.0488966669511246,-0.069,-1.678778174663824,0.03333333333333333,0.0,-0.0
1743595687.9769075,0.0,-94.0,325.0,,0.0488966669511246,-0.069,-1.7185043725780211,0.03333333333333333,0.0,-0.0
1743595687.9975114,0.0,-94.0,325.0,,0.05889666695112439,-0.069,-1.6977890325373481,0.03333333333333333,0.0,-0.0
1743595688.0187323,0.0,-94.0,325.0,,0.0488966669511246,-0.069,-1.6986425670032035,0.03333333333333333,0.0,-0.0
1743595688.0391674,0.0,-94.0,325.0,,0.05889666695112439,-0.069,-1.677934438453724,0.03333333333333333,0.0,-0.0
1743595688.059521,0.0,-94.0,325.0,,0.0488966669511246,-0.078,-1.6787724940631512,0.03333333333333333,0.0,-0.0
1743595688.0796943,0.0,-94.0,325.0,,0.05889666695112439,-0.088,-1.6600504870903354,0.03333333333333333,0.0,-0.0
1743595688.0998888,0.0,-94.0,325.0,,0.05889666695112439,-0.088,-1.6600504870903354,0.03333333333333333,0.0,-0.0
1743595688.120283,0.0,-94.0,325.0,,0.0488966669511246,-0.069,-1.6986425670032035,0.03333333333333333,0.0,-0.0
1743595688.1405294,0.0,-94.0,325.0,,0.0488966669511246,-0.069,-1.6986425670032035,0.03333333333333333,0.0,-0.0
1743595688.1607816,0.0,-94.0,325.0,,0.0488966669511246,-0.069,-1.6986425670032035,0.03333333333333333,0.0,-0.0
1743595688.180967,0.0,-94.0,325.0,,0.0488966669511246,-0.069,-1.7383635621775262,0.03333333333333333,0.0,-0.0
1743595688.2011368,0.0,-94.0,325.0,,0.0488966669511246,-0.069,-1.6986425670032035,0.03333333333333333,0.0,-0.0
1743595688.221378,0.0,-94.0,325.0,,0.0488966669511246,-0.088,-1.6787653666401647,0.03333333333333333,0.0,-0.0
1743595688.2416258,0.0,-94.0,325.0,,0.0488966669511246,-0.088,-1.6787653666401647,0.03333333333333333,0.0,-0.0
1743595688.2618601,0.0,-94.0,325.0,,0.0488966669511246,-0.078,-1.6787724940631512,0.03333333333333333,0.0,-0.0
1743595688.2820168,0.0,-94.0,325.0,,0.05889666695112439,-0.069,-1.677934438453724,0.03333333333333333,0.0,-0.0
1743595688.3025663,0.0,-94.0,325.0,,0.05889666695112439,-0.069,-1.677934438453724,0.03333333333333333,0.0,-0.0
1743595688.3230846,0.0,-94.0,325.0,,0.0488966669511246,-0.078,-1.698636820435572,0.03333333333333333,0.0,-0.0
1743595688.3436415,0.0,-94.0,325.0,,0.0488966669511246,-0.069,-1.7185043725780211,0.03333333333333333,0.0,-0.0
1743595688.3641927,0.0,-94.0,325.0,,0.0488966669511246,-0.069,-1.7185043725780211,0.03333333333333333,0.0,-0.0
1743595688.384376,0.0,-94.0,325.0,,0.0488966669511246,-0.069,-1.7185043725780211,0.03333333333333333,0.0,-0.0
1743595688.4045622,0.0,-94.0,325.0,,0.0488966669511246,-0.078,-1.6787724940631512,0.03333333333333333,0.0,-0.0
1743595688.4247665,0.0,-94.0,325.0,,0.0488966669511246,-0.078,-1.6787724940631512,0.03333333333333333,0.0,-0.0
1743595688.4450104,0.0,-94.0,325.0,,0.0488966669511246,-0.069,-1.678778174663824,0.03333333333333333,0.0,-0.0
1743595688.4653015,0.0,-94.0,325.0,,0.05889666695112439,-0.088,-1.6779216691340006,0.03333333333333333,0.0,-0.0
1743595688.4854393,0.0,-94.0,325.0,,0.05889666695112439,-0.088,-1.6779216691340006,0.03333333333333333,0.0,-0.0
1743595688.505575,0.0,-94.0,325.0,,0.0488966669511246,-0.069,-1.6986425670032035,0.03333333333333333,0.0,-0.0
1743595688.5258107,0.0,-94.0,325.0,,0.0488966669511246,-0.069,-1.6986425670032035,0.03333333333333333,0.0,-0.0
1743595688.5460117,0.0,-94.0,325.0,,0.0488966669511246,-0.069,-1.6986425670032035,0.03333333333333333,0.0,-0.0
1743595688.5661752,0.0,-94.0,325.0,,0.05889666695112439,-0.078,-1.6977833033321228,0.03333333333333333,0.0,-0.0
1743595688.5864007,0.0,-94.0,325.0,,0.05889666695112439,-0.078,-1.6977833033321228,0.03333333333333333,0.0,-0.0
1743595688.6066444,0.0,-94.0,325.0,,0.05889666695112439,-0.069,-1.6977890325373481,0.03333333333333333,0.0,-0.0
1743595688.6268907,0.0,-94.0,325.0,,0.0488966669511246,-0.078,-1.660892412862824,0.03333333333333333,0.0,-0.0
1743595688.6470773,0.0,-94.0,325.0,,0.05889666695112439,-0.078,-1.6779287750191267,0.03333333333333333,0.0,-0.0
1743595688.6674821,0.0,-94.0,325.0,,0.05889666695112439,-0.078,-1.6779287750191267,0.03333333333333333,0.0,-0.0
1743595688.6903367,0.0,-94.0,325.0,,0.03889666695112304,-0.069,-1.6617346265154376,0.03333333333333333,0.0,-0.0
1743595688.7105055,0.0,-94.0,325.0,,0.0488966669511246,-0.078,-1.698636820435572,0.03333333333333333,0.0,-0.0
1743595688.7306805,0.0,-94.0,325.0,,0.05889666695112439,-0.069,-1.717641047632982,0.03333333333333333,0.0,-0.0
1743595688.750886,0.0,-94.0,325.0,,0.0488966669511246,-0.069,-1.678778174663824,0.03333333333333333,0.0,-0.0
1743595688.7710383,0.0,-94.0,325.0,,0.0488966669511246,-0.078,-1.6787724940631512,0.03333333333333333,0.0,-0.0
1743595688.7912834,0.0,-94.0,325.0,,0.05889666695112439,-0.088,-1.6977761149248702,0.03333333333333333,0.0,-0.0
1743595688.8115187,0.0,-94.0,325.0,,0.0488966669511246,-0.078,-1.6787724940631512,0.03333333333333333,0.0,-0.0
1743595688.8318198,0.0,-94.0,325.0,,0.0488966669511246,-0.069,-1.678778174663824,0.03333333333333333,0.0,-0.0
1743595688.85198,0.0,-94.0,325.0,,0.0488966669511246,-0.078,-1.6787724940631512,0.03333333333333333,0.0,-0.0
1743595688.872133,0.0,-94.0,325.0,,0.0488966669511246,-0.069,-1.678778174663824,0.03333333333333333,0.0,-0.0
1743595688.8923714,0.0,-94.0,325.0,,0.0488966669511246,-0.069,-1.678778174663824,0.03333333333333333,0.0,-0.0
1743595688.9125068,0.0,-94.0,325.0,,0.0488966669511246,-0.069,-1.6986425670032035,0.03333333333333333,0.0,-0.0
1743595688.9330046,0.0,-94.0,325.0,,0.0488966669511246,-0.078,-1.698636820435572,0.03333333333333333,0.0,-0.0
1743595688.9533968,0.0,-94.0,325.0,,0.0488966669511246,-0.078,-1.7184985600958407,0.03333333333333333,0.0,-0.0
1743595688.9735672,0.0,-94.0,325.0,,0.05889666695112439,-0.078,-1.6977833033321228,0.03333333333333333,0.0,-0.0
1743595688.9937596,0.0,-94.0,325.0,,0.0488966669511246,-0.078,-1.6787724940631512,0.03333333333333333,0.0,-0.0
1743595689.0142906,0.0,-94.0,325.0,,0.0488966669511246,-0.078,-1.6787724940631512,0.03333333333333333,0.0,-0.0
1743595689.0347283,0.0,-94.0,325.0,,0.05889666695112439,-0.078,-1.6779287750191267,0.03333333333333333,0.0,-0.0
1743595689.0562994,0.0,-94.0,325.0,,0.0488966669511246,-0.078,-1.6787724940631512,0.03333333333333333,0.0,-0.0
1743595689.0764856,0.0,-94.0,325.0,,0.0488966669511246,-0.069,-1.6608980340488997,0.03333333333333333,0.0,-0.0
1743595689.096663,0.0,-94.0,325.0,,0.0488966669511246,-0.069,-1.6608980340488997,0.03333333333333333,0.0,-0.0
1743595689.1169183,0.0,-94.0,325.0,,0.0488966669511246,-0.069,-1.6986425670032035,0.03333333333333333,0.0,-0.0
1743595689.1371362,0.0,-94.0,325.0,,0.05889666695112439,-0.069,-1.6977890325373481,0.03333333333333333,0.0,-0.0
1743595689.1574552,0.0,-94.0,325.0,,0.0488966669511246,-0.078,-1.698636820435572,0.03333333333333333,0.0,-0.0
1743595689.1777666,0.0,-94.0,325.0,,0.0488966669511246,-0.078,-1.698636820435572,0.03333333333333333,0.0,-0.0
1743595689.1984386,0.0,-94.0,325.0,,0.05889666695112439,-0.069,-1.677934438453724,0.03333333333333333,0.0,-0.0
1743595689.2189221,0.0,-94.0,325.0,,0.05889666695112439,-0.069,-1.677934438453724,0.03333333333333333,0.0,-0.0
1743595689.2392573,0.0,-94.0,325.0,,0.0488966669511246,-0.078,-1.6787724940631512,0.03333333333333333,0.0,-0.0
1743595689.2598276,0.0,-94.0,325.0,,0.0488966669511246,-0.078,-1.660892412862824,0.03333333333333333,0.0,-0.0
1743595689.2800217,0.0,-94.0,325.0,,0.0488966669511246,-0.078,-1.660892412862824,0.03333333333333333,0.0,-0.0
1743595689.3004527,0.0,-94.0,325.0,,0.0488966669511246,-0.078,-1.6787724940631512,0.03333333333333333,0.0,-0.0
1743595689.3207095,0.0,-94.0,325.0,,0.05889666695112439,-0.069,-1.6977890325373481,0.03333333333333333,0.0,-0.0
1743595689.3408864,0.0,-94.0,325.0,,0.0488966669511246,-0.069,-1.6986425670032035,0.03333333333333333,0.0,-0.0
1743595689.3612583,0.0,-94.0,325.0,,0.0488966669511246,-0.078,-1.698636820435572,0.03333333333333333,0.0,-0.0
1743595689.3816528,0.0,-94.0,325.0,,0.0488966669511246,-0.078,-1.698636820435572,0.03333333333333333,0.0,-0.0
1743595689.4019253,0.0,-94.0,325.0,,0.05889666695112439,-0.069,-1.6977890325373481,0.03333333333333333,0.0,-0.0
1743595689.4221072,0.0,-94.0,325.0,,0.0488966669511246,-0.078,-1.6787724940631512,0.03333333333333333,0.0,-0.0
1743595689.4426208,0.0,-94.0,325.0,,0.0488966669511246,-0.078,-1.6787724940631512,0.03333333333333333,0.0,-0.0
1743595689.4628034,0.0,-94.0,325.0,,0.05889666695112439,-0.078,-1.6779287750191267,0.03333333333333333,0.0,-0.0
1743595689.483062,0.0,-94.0,325.0,,0.05889666695112439,-0.078,-1.6977833033321228,0.03333333333333333,0.0,-0.0
1743595689.5033824,0.0,-94.0,325.0,,0.05889666695112439,-0.078,-1.6977833033321228,0.03333333333333333,0.0,-0.0
1743595689.5236635,0.0,-94.0,325.0,,0.0488966669511246,-0.059,-1.698648126907902,0.03333333333333333,0.0,-0.0
1743595689.5441456,0.0,-94.0,325.0,,0.05889666695112439,-0.078,-1.7176352527092762,0.03333333333333333,0.0,-0.0
1743595689.5644321,0.0,-94.0,325.0,,0.05889666695112439,-0.078,-1.7176352527092762,0.03333333333333333,0.0,-0.0
1743595689.584821,0.0,-94.0,325.0,,0.05889666695112439,-0.078,-1.6779287750191267,0.03333333333333333,0.0,-0.0
1743595689.605005,0.0,-94.0,325.0,,0.0488966669511246,-0.078,-1.6787724940631512,0.03333333333333333,0.0,-0.0
1743595689.6252131,0.0,-94.0,325.0,,0.0488966669511246,-0.078,-1.6787724940631512,0.03333333333333333,0.0,-0.0
1743595689.6455662,0.0,-94.0,325.0,,0.0488966669511246,-0.069,-1.678778174663824,0.03333333333333333,0.0,-0.0
1743595689.6657689,0.0,-94.0,325.0,,0.05889666695112439,-0.069,-1.6977890325373481,0.03333333333333333,0.0,-0.0
1743595689.6862383,0.0,-94.0,325.0,,0.05889666695112439,-0.069,-1.6977890325373481,0.03333333333333333,0.0,-0.0
1743595689.7064433,0.0,-94.0,325.0,,0.0488966669511246,-0.078,-1.698636820435572,0.03333333333333333,0.0,-0.0
1743595689.7267997,0.0,-94.0,325.0,,0.0488966669511246,-0.078,-1.698636820435572,0.03333333333333333,0.0,-0.0
1743595689.747076,0.0,-94.0,325.0,,0.0488966669511246,-0.078,-1.698636820435572,0.03333333333333333,0.0,-0.0
1743595689.7678452,0.0,-94.0,325.0,,0.05889666695112439,-0.069,-1.677934438453724,0.03333333333333333,0.0,-0.0
1743595689.788522,0.0,-94.0,325.0,,0.0488966669511246,-0.078,-1.6787724940631512,0.03333333333333333,0.0,-0.0
1743595689.8089116,0.0,-94.0,325.0,,0.0488966669511246,-0.078,-1.6787724940631512,0.03333333333333333,0.0,-0.0
1743595689.829443,0.0,-94.0,325.0,,0.0488966669511246,-0.069,-1.6986425670032035,0.03333333333333333,0.0,-0.0
1743595689.849637,0.0,-94.0,325.0,,0.0488966669511246,-0.078,-1.698636820435572,0.03333333333333333,0.0,-0.0
1743595689.870049,0.0,-94.0,325.0,,0.0488966669511246,-0.078,-1.698636820435572,0.03333333333333333,0.0,-0.0
1743595689.8923838,0.0,-94.0,325.0,,0.0488966669511246,-0.069,-1.6986425670032035,0.03333333333333333,0.0,-0.0
1743595689.9125657,0.0,-94.0,325.0,,0.0488966669511246,-0.078,-1.698636820435572,0.03333333333333333,0.0,-0.0
1743595689.932752,0.0,-94.0,325.0,,0.0488966669511246,-0.078,-1.6787724940631512,0.03333333333333333,0.0,-0.0
1743595689.9531004,0.0,-94.0,325.0,,0.05889666695112439,-0.078,-1.6779287750191267,0.03333333333333333,0.0,-0.0
1743595689.9735148,0.0,-94.0,325.0,,0.0488966669511246,-0.078,-1.6787724940631512,0.03333333333333333,0.0,-0.0
1743595689.9938135,0.0,-94.0,325.0,,0.0488966669511246,-0.078,-1.6787724940631512,0.03333333333333333,0.0,-0.0
1743595690.014014,0.0,-94.0,325.0,,0.0488966669511246,-0.069,-1.6608980340488997,0.03333333333333333,0.0,-0.0
1743595690.0346353,0.0,-94.0,325.0,,0.05889666695112439,-0.078,-1.6779287750191267,0.03333333333333333,0.0,-0.0
1743595690.055112,0.0,-94.0,325.0,,0.0488966669511246,-0.078,-1.698636820435572,0.03333333333333333,0.0,-0.0
1743595690.0754585,0.0,-94.0,325.0,,0.0488966669511246,-0.069,-1.7185043725780211,0.03333333333333333,0.0,-0.0
1743595690.0956378,0.0,-94.0,325.0,,0.05889666695112439,-0.069,-1.717641047632982,0.03333333333333333,0.0,-0.0
1743595690.115853,0.0,-94.0,325.0,,0.0488966669511246,-0.078,-1.698636820435572,0.03333333333333333,0.0,-0.0
1743595690.1363647,0.0,-94.0,325.0,,0.05889666695112439,-0.078,-1.6779287750191267,0.03333333333333333,0.0,-0.0
1743595690.1567528,0.0,-94.0,325.0,,0.0488966669511246,-0.078,-1.660892412862824,0.03333333333333333,0.0,-0.0
1743595690.176946,0.0,-94.0,325.0,,0.0488966669511246,-0.069,-1.6608980340488997,0.03333333333333333,0.0,-0.0
1743595690.1971478,0.0,-94.0,325.0,,0.0488966669511246,-0.078,-1.6787724940631512,0.03333333333333333,0.0,-0.0
1743595690.21748,0.0,-94.0,325.0,,0.05889666695112439,-0.078,-1.6977833033321228,0.03333333333333333,0.0,-0.0
1743595690.23812,0.0,-94.0,325.0,,0.0488966669511246,-0.069,-1.6986425670032035,0.03333333333333333,0.0,-0.0
1743595690.2583325,0.0,-94.0,325.0,,0.03889666695112304,-0.069,-1.7193694346835935,0.03333333333333333,0.0,-0.0
1743595690.2785072,0.0,-94.0,325.0,,0.05889666695112439,-0.069,-1.6977890325373481,0.03333333333333333,0.0,-0.0
1743595690.2987223,0.0,-94.0,325.0,,0.05889666695112439,-0.078,-1.6779287750191267,0.03333333333333333,0.0,-0.0
1743595690.3193989,0.0,-94.0,325.0,,0.05889666695112439,-0.078,-1.6779287750191267,0.03333333333333333,0.0,-0.0
1743595690.3396227,0.0,-94.0,325.0,,0.0488966669511246,-0.069,-1.6608980340488997,0.03333333333333333,0.0,-0.0
1743595690.3599834,0.0,-94.0,325.0,,0.0488966669511246,-0.078,-1.6787724940631512,0.03333333333333333,0.0,-0.0
1743595690.3801842,0.0,-94.0,325.0,,0.0488966669511246,-0.078,-1.698636820435572,0.03333333333333333,0.0,-0.0
1743595690.400547,0.0,-94.0,325.0,,0.0488966669511246,-0.078,-1.6787724940631512,0.03333333333333333,0.0,-0.0
1743595690.420886,0.0,-94.0,325.0,,0.0488966669511246,-0.069,-1.678778174663824,0.03333333333333333,0.0,-0.0
1743595690.4410586,0.0,-94.0,325.0,,0.0488966669511246,-0.069,-1.6986425670032035,0.03333333333333333,0.0,-0.0
1743595690.4617603,0.0,-94.0,325.0,,0.0488966669511246,-0.069,-1.6986425670032035,0.03333333333333333,0.0,-0.0
1743595690.4819374,0.0,-94.0,325.0,,0.0488966669511246,-0.069,-1.6986425670032035,0.03333333333333333,0.0,-0.0
1743595690.5021255,0.0,-94.0,325.0,,0.0488966669511246,-0.069,-1.7185043725780211,0.03333333333333333,0.0,-0.0
1743595690.5223165,0.0,-94.0,325.0,,0.03889666695112304,-0.078,-1.6796179116774748,0.03333333333333333,0.0,-0.0
1743595690.5444505,0.0,-94.0,325.0,,0.0488966669511246,-0.078,-1.6787724940631512,0.03333333333333333,0.0,-0.0
1743595690.5646596,0.0,-94.0,325.0,,0.0488966669511246,-0.078,-1.6787724940631512,0.03333333333333333,0.0,-0.0
1743595690.5848455,0.0,-94.0,325.0,,0.0488966669511246,-0.078,-1.6787724940631512,0.03333333333333333,0.0,-0.0
1743595690.6056395,0.0,-94.0,325.0,,0.0488966669511246,-0.069,-1.7185043725780211,0.03333333333333333,0.0,-0.0
1743595690.6259792,0.0,-94.0,325.0,,0.0488966669511246,-0.078,-1.698636820435572,0.03333333333333333,0.0,-0.0
1743595690.6461906,0.0,-94.0,325.0,,0.0488966669511246,-0.078,-1.698636820435572,0.03333333333333333,0.0,-0.0
1743595690.6667767,0.0,-94.0,325.0,,0.0488966669511246,-0.078,-1.698636820435572,0.03333333333333333,0.0,-0.0
1743595690.686959,0.0,-94.0,325.0,,0.0488966669511246,-0.078,-1.698636820435572,0.03333333333333333,0.0,-0.0
1743595690.7073853,0.0,-94.0,325.0,,0.0488966669511246,-0.078,-1.698636820435572,0.03333333333333333,0.0,-0.0
1743595690.7285056,0.0,-94.0,325.0,,0.0488966669511246,-0.078,-1.6787724940631512,0.03333333333333333,0.0,-0.0
1743595690.7487648,0.0,-94.0,325.0,,0.05889666695112439,-0.088,-1.6779216691340006,0.03333333333333333,0.0,-0.0
1743595690.768992,0.0,-94.0,325.0,,0.05889666695112439,-0.088,-1.6779216691340006,0.03333333333333333,0.0,-0.0
1743595690.7894597,0.0,-94.0,325.0,,0.0488966669511246,-0.069,-1.6986425670032035,0.03333333333333333,0.0,-0.0
1743595690.8096874,0.0,-94.0,325.0,,0.0488966669511246,-0.069,-1.6986425670032035,0.03333333333333333,0.0,-0.0
1743595690.8299003,0.0,-94.0,325.0,,0.0488966669511246,-0.069,-1.6986425670032035,0.03333333333333333,0.0,-0.0
1743595690.85023,0.0,-94.0,325.0,,0.05889666695112439,-0.069,-1.677934438453724,0.03333333333333333,0.0,-0.0
1743595690.8703816,0.0,-94.0,325.0,,0.0488966669511246,-0.078,-1.6787724940631512,0.03333333333333333,0.0,-0.0
1743595690.8905585,0.0,-94.0,325.0,,0.05889666695112439,-0.078,-1.6600575186501998,0.03333333333333333,0.0,-0.0
1743595690.9111009,0.0,-94.0,325.0,,0.0488966669511246,-0.069,-1.678778174663824,0.03333333333333333,0.0,-0.0
1743595690.9315515,0.0,-94.0,325.0,,0.0488966669511246,-0.069,-1.678778174663824,0.03333333333333333,0.0,-0.0
1743595690.9533794,0.0,-94.0,325.0,,0.0488966669511246,-0.069,-1.6986425670032035,0.03333333333333333,0.0,-0.0
1743595690.9736266,0.0,-94.0,325.0,,0.0488966669511246,-0.078,-1.698636820435572,0.03333333333333333,0.0,-0.0
1743595690.9938242,0.0,-94.0,325.0,,0.0488966669511246,-0.078,-1.698636820435572,0.03333333333333333,0.0,-0.0
1743595691.0140228,0.0,-94.0,325.0,,0.0488966669511246,-0.069,-1.6608980340488997,0.03333333333333333,0.0,-0.0
1743595691.034313,0.0,-94.0,325.0,,0.0488966669511246,-0.069,-1.678778174663824,0.03333333333333333,0.0,-0.0
1743595691.0545187,0.0,-94.0,325.0,,0.0488966669511246,-0.088,-1.6787653666401647,0.03333333333333333,0.0,-0.0
1743595691.0747151,0.0,-94.0,325.0,,0.0488966669511246,-0.069,-1.678778174663824,0.03333333333333333,0.0,-0.0
1743595691.095018,0.0,-94.0,325.0,,0.0488966669511246,-0.069,-1.678778174663824,0.03333333333333333,0.0,-0.0
1743595691.1153233,0.0,-94.0,325.0,,0.0488966669511246,-0.078,-1.6787724940631512,0.03333333333333333,0.0,-0.0
1743595691.1355429,0.0,-94.0,325.0,,0.05889666695112439,-0.078,-1.6779287750191267,0.03333333333333333,0.0,-0.0
1743595691.1584098,0.0,-94.0,325.0,,0.0488966669511246,-0.078,-1.6787724940631512,0.03333333333333333,0.0,-0.0
1743595691.178754,0.0,-94.0,325.0,,0.03889666695112304,-0.078,-1.6796179116774748,0.03333333333333333,0.0,-0.0
1743595691.1990886,0.0,-94.0,325.0,,0.05889666695112439,-0.078,-1.6977833033321228,0.03333333333333333,0.0,-0.0
1743595691.2196383,0.0,-94.0,325.0,,0.0488966669511246,-0.078,-1.698636820435572,0.03333333333333333,0.0,-0.0
1743595691.2398777,0.0,-94.0,325.0,,0.0488966669511246,-0.069,-1.678778174663824,0.03333333333333333,0.0,-0.0
1743595691.26008,0.0,-94.0,325.0,,0.0488966669511246,-0.078,-1.6787724940631512,0.03333333333333333,0.0,-0.0
1743595691.2802896,0.0,-94.0,325.0,,0.05889666695112439,-0.078,-1.6779287750191267,0.03333333333333333,0.0,-0.0
1743595691.3005157,0.0,-94.0,325.0,,0.0488966669511246,-0.078,-1.6787724940631512,0.03333333333333333,0.0,-0.0
1743595691.3207357,0.0,-94.0,325.0,,0.0488966669511246,-0.069,-1.678778174663824,0.03333333333333333,0.0,-0.0
1743595691.341169,0.0,-94.0,325.0,,0.0488966669511246,-0.069,-1.6986425670032035,0.03333333333333333,0.0,-0.0
1743595691.3613942,0.0,-94.0,325.0,,0.0488966669511246,-0.069,-1.6986425670032035,0.03333333333333333,0.0,-0.0
1743595691.381606,0.0,-94.0,325.0,,0.0488966669511246,-0.069,-1.678778174663824,0.03333333333333333,0.0,-0.0
1743595691.4024897,0.0,-94.0,325.0,,0.05889666695112439,-0.078,-1.7176352527092762,0.03333333333333333,0.0,-0.0
1743595691.4234087,0.0,-94.0,325.0,,0.05889666695112439,-0.078,-1.7176352527092762,0.03333333333333333,0.0,-0.0
1743595691.4439912,0.0,-94.0,325.0,,0.05889666695112439,-0.078,-1.7176352527092762,0.03333333333333333,0.0,-0.0
1743595691.4670649,0.0,-94.0,325.0,,0.05889666695112439,-0.088,-1.6779216691340006,0.03333333333333333,0.0,-0.0
1743595691.4873333,0.0,-94.0,325.0,,0.05889666695112439,-0.088,-1.6779216691340006,0.03333333333333333,0.0,-0.0
1743595691.5076613,0.0,-94.0,325.0,,0.0488966669511246,-0.069,-1.678778174663824,0.03333333333333333,0.0,-0.0
1743595691.5279932,0.0,-94.0,325.0,,0.05889666695112439,-0.088,-1.7176279818453224,0.03333333333333333,0.0,-0.0
1743595691.5482743,0.0,-94.0,325.0,,0.05889666695112439,-0.088,-1.7176279818453224,0.03333333333333333,0.0,-0.0
1743595691.5686257,0.0,-94.0,325.0,,0.03889666695112304,-0.069,-1.6994978193847299,0.03333333333333333,0.0,-0.0
1743595691.5892553,0.0,-94.0,325.0,,0.03889666695112304,-0.069,-1.6994978193847299,0.03333333333333333,0.0,-0.0
1743595691.6098294,0.0,-94.0,325.0,,0.0488966669511246,-0.078,-1.6787724940631512,0.03333333333333333,0.0,-0.0
1743595691.6303926,0.0,-94.0,325.0,,0.03889666695112304,-0.078,-1.6796179116774748,0.03333333333333333,0.0,-0.0
1743595691.6508522,0.0,-94.0,325.0,,0.0488966669511246,-0.069,-1.678778174663824,0.03333333333333333,0.0,-0.0
1743595691.6711543,0.0,-94.0,325.0,,0.0488966669511246,-0.069,-1.678778174663824,0.03333333333333333,0.0,-0.0
1743595691.6915472,0.0,-94.0,325.0,,0.0488966669511246,-0.078,-1.6787724940631512,0.03333333333333333,0.0,-0.0
1743595691.711979,0.0,-94.0,325.0,,0.05889666695112439,-0.069,-1.6977890325373481,0.03333333333333333,0.0,-0.0
1743595691.7321644,0.0,-94.0,325.0,,0.0488966669511246,-0.078,-1.698636820435572,0.03333333333333333,0.0,-0.0
1743595691.7528749,0.0,-94.0,325.0,,0.0488966669511246,-0.069,-1.6608980340488997,0.03333333333333333,0.0,-0.0
1743595691.7733989,0.0,-94.0,325.0,,0.05889666695112439,-0.069,-1.677934438453724,0.03333333333333333,0.0,-0.0
1743595691.7935936,0.0,-94.0,325.0,,0.0488966669511246,-0.078,-1.6787724940631512,0.03333333333333333,0.0,-0.0
1743595691.8137753,0.0,-94.0,325.0,,0.0488966669511246,-0.078,-1.6787724940631512,0.03333333333333333,0.0,-0.0
1743595691.834209,0.0,-94.0,325.0,,0.0488966669511246,-0.069,-1.678778174663824,0.03333333333333333,0.0,-0.0
1743595691.8544862,0.0,-94.0,325.0,,0.0488966669511246,-0.069,-1.6986425670032035,0.03333333333333333,0.0,-0.0
1743595691.8746984,0.0,-94.0,325.0,,0.05889666695112439,-0.069,-1.677934438453724,0.03333333333333333,0.0,-0.0
1743595691.8957963,0.0,-94.0,325.0,,0.0488966669511246,-0.078,-1.6787724940631512,0.03333333333333333,0.0,-0.0
1743595691.9160178,0.0,-94.0,325.0,,0.0488966669511246,-0.069,-1.678778174663824,0.03333333333333333,0.0,-0.0
1743595691.9364543,0.0,-94.0,325.0,,0.0488966669511246,-0.078,-1.6787724940631512,0.03333333333333333,0.0,-0.0
1743595691.9569345,0.0,-94.0,325.0,,0.0488966669511246,-0.069,-1.678778174663824,0.03333333333333333,0.0,-0.0
1743595691.9780242,0.0,-94.0,325.0,,0.0488966669511246,-0.078,-1.6787724940631512,0.03333333333333333,0.0,-0.0
1743595691.998501,0.0,-94.0,325.0,,0.0488966669511246,-0.078,-1.6787724940631512,0.03333333333333333,0.0,-0.0
1743595692.0188403,0.0,-94.0,325.0,,0.05889666695112439,-0.078,-1.6977833033321228,0.03333333333333333,0.0,-0.0
1743595692.0391443,0.0,-94.0,325.0,,0.0488966669511246,-0.069,-1.6986425670032035,0.03333333333333333,0.0,-0.0
1743595692.059377,0.0,-94.0,325.0,,0.0488966669511246,-0.069,-1.6986425670032035,0.03333333333333333,0.0,-0.0
1743595692.0798585,0.0,-94.0,325.0,,0.0488966669511246,-0.078,-1.6787724940631512,0.03333333333333333,0.0,-0.0
1743595692.1003075,0.0,-94.0,325.0,,0.0488966669511246,-0.069,-1.678778174663824,0.03333333333333333,0.0,-0.0
1743595692.1207154,0.0,-94.0,325.0,,0.05889666695112439,-0.078,-1.6977833033321228,0.03333333333333333,0.0,-0.0
1743595692.1410618,0.0,-94.0,325.0,,0.0488966669511246,-0.078,-1.698636820435572,0.03333333333333333,0.0,-0.0
1743595692.1614347,0.0,-94.0,325.0,,0.0488966669511246,-0.078,-1.698636820435572,0.03333333333333333,0.0,-0.0
1743595692.1819077,0.0,-94.0,325.0,,0.0488966669511246,-0.078,-1.698636820435572,0.03333333333333333,0.0,-0.0
1743595692.2020764,0.0,-94.0,325.0,,0.0488966669511246,-0.078,-1.698636820435572,0.03333333333333333,0.0,-0.0
1743595692.2223034,0.0,-94.0,325.0,,0.0488966669511246,-0.059,-1.698648126907902,0.03333333333333333,0.0,-0.0
1743595692.242478,0.0,-94.0,325.0,,0.05889666695112439,-0.088,-1.6779216691340006,0.03333333333333333,0.0,-0.0
1743595692.2627563,0.0,-94.0,325.0,,0.05889666695112439,-0.088,-1.6779216691340006,0.03333333333333333,0.0,-0.0
1743595692.283014,0.0,-94.0,325.0,,0.0488966669511246,-0.069,-1.678778174663824,0.03333333333333333,0.0,-0.0
1743595692.3031926,0.0,-94.0,325.0,,0.05889666695112439,-0.078,-1.7176352527092762,0.03333333333333333,0.0,-0.0
1743595692.3234046,0.0,-94.0,325.0,,0.05889666695112439,-0.078,-1.7176352527092762,0.03333333333333333,0.0,-0.0
1743595692.3437219,0.0,-94.0,325.0,,0.0488966669511246,-0.069,-1.6986425670032035,0.03333333333333333,0.0,-0.0
1743595692.3639874,0.0,-94.0,325.0,,0.05889666695112439,-0.078,-1.6600575186501998,0.03333333333333333,0.0,-0.0
1743595692.3841875,0.0,-94.0,325.0,,0.05889666695112439,-0.078,-1.6600575186501998,0.03333333333333333,0.0,-0.0
1743595692.4046001,0.0,-94.0,325.0,,0.0488966669511246,-0.088,-1.660885359987078,0.03333333333333333,0.0,-0.0
1743595692.4249163,0.0,-94.0,325.0,,0.0488966669511246,-0.078,-1.698636820435572,0.03333333333333333,0.0,-0.0
1743595692.4451792,0.0,-94.0,325.0,,0.05889666695112439,-0.078,-1.6977833033321228,0.03333333333333333,0.0,-0.0
1743595692.4654,0.0,-94.0,325.0,,0.0488966669511246,-0.078,-1.6787724940631512,0.03333333333333333,0.0,-0.0
1743595692.4897006,0.0,-94.0,325.0,,0.0488966669511246,-0.078,-1.6787724940631512,0.03333333333333333,0.0,-0.0
1743595692.5099108,0.0,-94.0,325.0,,0.05889666695112439,-0.078,-1.6779287750191267,0.03333333333333333,0.0,-0.0
1743595692.5300894,0.0,-94.0,325.0,,0.0488966669511246,-0.078,-1.698636820435572,0.03333333333333333,0.0,-0.0
1743595692.5502584,0.0,-94.0,325.0,,0.0488966669511246,-0.078,-1.6787724940631512,0.03333333333333333,0.0,-0.0
1743595692.5704534,0.0,-94.0,325.0,,0.0488966669511246,-0.078,-1.698636820435572,0.03333333333333333,0.0,-0.0
1743595692.5906472,0.0,-94.0,325.0,,0.05889666695112439,-0.069,-1.677934438453724,0.03333333333333333,0.0,-0.0
1743595692.6108224,0.0,-94.0,325.0,,0.05889666695112439,-0.078,-1.6977833033321228,0.03333333333333333,0.0,-0.0
1743595692.6310017,0.0,-94.0,325.0,,0.0488966669511246,-0.078,-1.6787724940631512,0.03333333333333333,0.0,-0.0
1743595692.651164,0.0,-94.0,325.0,,0.0488966669511246,-0.069,-1.678778174663824,0.03333333333333333,0.0,-0.0
1743595692.6718433,0.0,-94.0,325.0,,0.05889666695112439,-0.078,-1.6779287750191267,0.03333333333333333,0.0,-0.0
1743595692.6925747,0.0,-94.0,325.0,,0.05889666695112439,-0.078,-1.6779287750191267,0.03333333333333333,0.0,-0.0
1743595692.713248,0.0,-94.0,325.0,,0.0488966669511246,-0.078,-1.6787724940631512,0.03333333333333333,0.0,-0.0
1743595692.7334254,0.0,-94.0,325.0,,0.0488966669511246,-0.069,-1.6986425670032035,0.03333333333333333,0.0,-0.0
1743595692.7536538,0.0,-94.0,325.0,,0.05889666695112439,-0.078,-1.6779287750191267,0.03333333333333333,0.0,-0.0
1743595692.7739444,0.0,-94.0,325.0,,0.05889666695112439,-0.078,-1.6779287750191267,0.03333333333333333,0.0,-0.0
1743595692.7942185,0.0,-94.0,325.0,,0.0488966669511246,-0.078,-1.698636820435572,0.03333333333333333,0.0,-0.0
1743595692.8153973,0.0,-94.0,325.0,,0.0488966669511246,-0.078,-1.6787724940631512,0.03333333333333333,0.0,-0.0
1743595692.8355865,0.0,-94.0,325.0,,0.0488966669511246,-0.069,-1.678778174663824,0.03333333333333333,0.0,-0.0
1743595692.8557801,0.0,-94.0,325.0,,0.05889666695112439,-0.078,-1.6779287750191267,0.03333333333333333,0.0,-0.0
1743595692.8759816,0.0,-94.0,325.0,,0.05889666695112439,-0.078,-1.6779287750191267,0.03333333333333333,0.0,-0.0
1743595692.896624,0.0,-94.0,325.0,,0.0488966669511246,-0.088,-1.6787653666401647,0.03333333333333333,0.0,-0.0
1743595692.9169674,0.0,-94.0,325.0,,0.0488966669511246,-0.078,-1.6787724940631512,0.03333333333333333,0.0,-0.0
1743595692.9373875,0.0,-94.0,325.0,,0.0488966669511246,-0.078,-1.6787724940631512,0.03333333333333333,0.0,-0.0
1743595692.9576466,0.0,-94.0,325.0,,0.0488966669511246,-0.078,-1.698636820435572,0.03333333333333333,0.0,-0.0
1743595692.9782062,0.0,-94.0,325.0,,0.0488966669511246,-0.078,-1.6787724940631512,0.03333333333333333,0.0,-0.0
1743595692.9987164,0.0,-94.0,325.0,,0.05889666695112439,-0.069,-1.6977890325373481,0.03333333333333333,0.0,-0.0
1743595693.0190558,0.0,-94.0,325.0,,0.0488966669511246,-0.078,-1.6787724940631512,0.03333333333333333,0.0,-0.0
1743595693.0392787,0.0,-94.0,325.0,,0.0488966669511246,-0.078,-1.6787724940631512,0.03333333333333333,0.0,-0.0
1743595693.0595865,0.0,-94.0,324.0,,0.05889666695112439,-0.078,-1.6779287750191267,0.03333333333333333,0.0,-0.0
1743595693.0808687,0.0,-94.0,324.0,,0.0488966669511246,-0.088,-1.6986296102441227,0.03333333333333333,0.0,-0.0
1743595693.1014013,0.0,-94.0,324.0,,0.0488966669511246,-0.059,-1.698648126907902,0.03333333333333333,0.0,-0.0
1743595693.121695,0.0,-94.0,324.0,,0.0488966669511246,-0.069,-1.678778174663824,0.03333333333333333,0.0,-0.0
1743595693.141927,0.0,-94.0,324.0,,0.0488966669511246,-0.078,-1.6787724940631512,0.03333333333333333,0.0,-0.0
1743595693.1622088,0.0,-94.0,324.0,,0.03889666695112304,-0.069,-1.6796236095135342,0.03333333333333333,0.0,-0.0
1743595693.1824594,0.0,-94.0,324.0,,0.03889666695112304,-0.069,-1.6796236095135342,0.03333333333333333,0.0,-0.0
1743595693.202668,0.0,-94.0,324.0,,0.0488966669511246,-0.078,-1.698636820435572,0.03333333333333333,0.0,-0.0
1743595693.222854,0.0,-94.0,324.0,,0.0488966669511246,-0.069,-1.678778174663824,0.03333333333333333,0.0,-0.0
1743595693.2431386,0.0,-94.0,324.0,,0.0488966669511246,-0.069,-1.678778174663824,0.03333333333333333,0.0,-0.0
1743595693.26341,0.0,-94.0,324.0,,0.05889666695112439,-0.069,-1.6977890325373481,0.03333333333333333,0.0,-0.0
1743595693.2835863,0.0,-94.0,324.0,,0.0488966669511246,-0.069,-1.678778174663824,0.03333333333333333,0.0,-0.0
1743595693.3044121,0.0,-94.0,324.0,,0.0488966669511246,-0.069,-1.678778174663824,0.03333333333333333,0.0,-0.0
1743595693.3245974,0.0,-94.0,324.0,,0.0488966669511246,-0.078,-1.6787724940631512,0.03333333333333333,0.0,-0.0
1743595693.3447683,0.0,-94.0,324.0,,0.05889666695112439,-0.069,-1.6977890325373481,0.03333333333333333,0.0,-0.0
1743595693.3651266,0.0,-94.0,324.0,,0.0488966669511246,-0.078,-1.7184985600958407,0.03333333333333333,0.0,-0.0
1743595693.3853405,0.0,-94.0,324.0,,0.0488966669511246,-0.078,-1.7184985600958407,0.03333333333333333,0.0,-0.0
1743595693.4060566,0.0,-94.0,324.0,,0.05889666695112439,-0.069,-1.6977890325373481,0.03333333333333333,0.0,-0.0
1743595693.4265115,0.0,-94.0,324.0,,0.05889666695112439,-0.069,-1.6977890325373481,0.03333333333333333,0.0,-0.0
1743595693.4467022,0.0,-94.0,324.0,,0.0488966669511246,-0.078,-1.6787724940631512,0.03333333333333333,0.0,-0.0
1743595693.4681542,0.0,-94.0,324.0,,0.0488966669511246,-0.078,-1.6787724940631512,0.03333333333333333,0.0,-0.0
1743595693.4883542,0.0,-94.0,324.0,,0.05889666695112439,-0.078,-1.6977833033321228,0.03333333333333333,0.0,-0.0
1743595693.5085459,0.0,-94.0,324.0,,0.05889666695112439,-0.078,-1.6977833033321228,0.03333333333333333,0.0,-0.0
1743595693.528754,0.0,-94.0,324.0,,0.0488966669511246,-0.069,-1.678778174663824,0.03333333333333333,0.0,-0.0
1743595693.548978,0.0,-94.0,324.0,,0.0488966669511246,-0.078,-1.6787724940631512,0.03333333333333333,0.0,-0.0
1743595693.5692058,0.0,-94.0,324.0,,0.0488966669511246,-0.088,-1.6787653666401647,0.03333333333333333,0.0,-0.0
1743595693.5896103,0.0,-94.0,324.0,,0.0488966669511246,-0.078,-1.698636820435572,0.03333333333333333,0.0,-0.0
1743595693.609952,0.0,-94.0,324.0,,0.0488966669511246,-0.069,-1.6986425670032035,0.03333333333333333,0.0,-0.0
1743595693.6333823,0.0,-94.0,324.0,,0.0488966669511246,-0.078,-1.698636820435572,0.03333333333333333,0.0,-0.0
1743595693.6535668,0.0,-94.0,324.0,,0.05889666695112439,-0.069,-1.6977890325373481,0.03333333333333333,0.0,-0.0
1743595693.673758,0.0,-94.0,324.0,,0.0488966669511246,-0.078,-1.6787724940631512,0.03333333333333333,0.0,-0.0
1743595693.693954,0.0,-94.0,324.0,,0.05889666695112439,-0.078,-1.6779287750191267,0.03333333333333333,0.0,-0.0
1743595693.717379,0.0,-94.0,324.0,,0.0488966669511246,-0.078,-1.6787724940631512,0.03333333333333333,0.0,-0.0
1743595693.7375553,0.0,-94.0,324.0,,0.0488966669511246,-0.078,-1.6787724940631512,0.03333333333333333,0.0,-0.0
1743595693.7577162,0.0,-94.0,324.0,,0.05889666695112439,-0.078,-1.6977833033321228,0.03333333333333333,0.0,-0.0
1743595693.7779117,0.0,-94.0,324.0,,0.05889666695112439,-0.078,-1.6977833033321228,0.03333333333333333,0.0,-0.0
1743595693.798103,0.0,-94.0,324.0,,0.0488966669511246,-0.078,-1.698636820435572,0.03333333333333333,0.0,-0.0
1743595693.8183112,0.0,-94.0,324.0,,0.03889666695112304,-0.069,-1.6796236095135342,0.03333333333333333,0.0,-0.0
1743595693.838567,0.0,-94.0,324.0,,0.03889666695112304,-0.069,-1.6796236095135342,0.03333333333333333,0.0,-0.0
1743595693.858847,0.0,-94.0,324.0,,0.0488966669511246,-0.078,-1.6787724940631512,0.03333333333333333,0.0,-0.0
1743595693.879043,0.0,-94.0,324.0,,0.0488966669511246,-0.078,-1.698636820435572,0.03333333333333333,0.0,-0.0
1743595693.899376,0.0,-94.0,324.0,,0.0488966669511246,-0.078,-1.698636820435572,0.03333333333333333,0.0,-0.0
1743595693.9197192,0.0,-94.0,324.0,,0.0488966669511246,-0.078,-1.6787724940631512,0.03333333333333333,0.0,-0.0
1743595693.9400055,0.0,-94.0,324.0,,0.05889666695112439,-0.078,-1.6779287750191267,0.03333333333333333,0.0,-0.0
1743595693.960672,0.0,-94.0,324.0,,0.05889666695112439,-0.078,-1.6779287750191267,0.03333333333333333,0.0,-0.0
1743595693.9813242,0.0,-94.0,324.0,,0.0488966669511246,-0.069,-1.6986425670032035,0.03333333333333333,0.0,-0.0
1743595694.0017111,0.0,-94.0,324.0,,0.0488966669511246,-0.078,-1.6787724940631512,0.03333333333333333,0.0,-0.0
1743595694.0245428,0.0,-94.0,324.0,,0.0488966669511246,-0.078,-1.6787724940631512,0.03333333333333333,0.0,-0.0
1743595694.0447395,0.0,-94.0,324.0,,0.0488966669511246,-0.069,-1.678778174663824,0.03333333333333333,0.0,-0.0
1743595694.0649052,0.0,-94.0,324.0,,0.0488966669511246,-0.069,-1.6986425670032035,0.03333333333333333,0.0,-0.0
1743595694.085187,0.0,-94.0,324.0,,0.0488966669511246,-0.069,-1.6986425670032035,0.03333333333333333,0.0,-0.0
1743595694.105405,0.0,-94.0,324.0,,0.0488966669511246,-0.069,-1.6986425670032035,0.03333333333333333,0.0,-0.0
1743595694.1255674,0.0,-94.0,324.0,,0.05889666695112439,-0.069,-1.677934438453724,0.03333333333333333,0.0,-0.0
1743595694.1457705,0.0,-94.0,324.0,,0.05889666695112439,-0.069,-1.677934438453724,0.03333333333333333,0.0,-0.0
1743595694.1659632,0.0,-94.0,324.0,,0.05889666695112439,-0.069,-1.677934438453724,0.03333333333333333,0.0,-0.0
1743595694.1869683,0.0,-94.0,324.0,,0.0488966669511246,-0.078,-1.6787724940631512,0.03333333333333333,0.0,-0.0
1743595694.207175,0.0,-94.0,324.0,,0.0488966669511246,-0.078,-1.7184985600958407,0.03333333333333333,0.0,-0.0
1743595694.228859,0.0,-94.0,324.0,,0.0488966669511246,-0.078,-1.6787724940631512,0.03333333333333333,0.0,-0.0
1743595694.2490969,0.0,-94.0,324.0,,0.0488966669511246,-0.078,-1.6787724940631512,0.03333333333333333,0.0,-0.0
1743595694.2692993,0.0,-94.0,324.0,,0.0488966669511246,-0.078,-1.698636820435572,0.03333333333333333,0.0,-0.0
1743595694.2898803,0.0,-94.0,324.0,,0.0488966669511246,-0.069,-1.678778174663824,0.03333333333333333,0.0,-0.0
1743595694.3103719,0.0,-94.0,324.0,,0.05889666695112439,-0.078,-1.6779287750191267,0.03333333333333333,0.0,-0.0
1743595694.330555,0.0,-94.0,324.0,,0.0488966669511246,-0.078,-1.6787724940631512,0.03333333333333333,0.0,-0.0
1743595694.3511043,0.0,-94.0,324.0,,0.05889666695112439,-0.078,-1.6779287750191267,0.03333333333333333,0.0,-0.0
1743595694.3717155,0.0,-94.0,324.0,,0.0488966669511246,-0.078,-1.6787724940631512,0.03333333333333333,0.0,-0.0
1743595694.392188,0.0,-94.0,324.0,,0.0488966669511246,-0.069,-1.6986425670032035,0.03333333333333333,0.0,-0.0
1743595694.412378,0.0,-94.0,324.0,,0.05889666695112439,-0.078,-1.6977833033321228,0.03333333333333333,0.0,-0.0
1743595694.4325597,0.0,-94.0,324.0,,0.0488966669511246,-0.069,-1.6986425670032035,0.03333333333333333,0.0,-0.0
1743595694.4543798,0.0,-94.0,324.0,,0.0488966669511246,-0.069,-1.6986425670032035,0.03333333333333333,0.0,-0.0
1743595694.4745686,0.0,-94.0,324.0,,0.0488966669511246,-0.078,-1.6787724940631512,0.03333333333333333,0.0,-0.0
1743595694.4947803,0.0,-94.0,324.0,,0.0488966669511246,-0.078,-1.6787724940631512,0.03333333333333333,0.0,-0.0
1743595694.5149798,0.0,-94.0,324.0,,0.0488966669511246,-0.078,-1.6787724940631512,0.03333333333333333,0.0,-0.0
1743595694.5354643,0.0,-94.0,324.0,,0.0488966669511246,-0.078,-1.698636820435572,0.03333333333333333,0.0,-0.0
1743595694.5557013,0.0,-94.0,324.0,,0.0488966669511246,-0.078,-1.698636820435572,0.03333333333333333,0.0,-0.0
1743595694.5759184,0.0,-94.0,324.0,,0.0488966669511246,-0.069,-1.6986425670032035,0.03333333333333333,0.0,-0.0
1743595694.596115,0.0,-94.0,324.0,,0.0488966669511246,-0.069,-1.678778174663824,0.03333333333333333,0.0,-0.0
1743595694.6165988,0.0,-94.0,324.0,,0.0488966669511246,-0.069,-1.678778174663824,0.03333333333333333,0.0,-0.0
1743595694.6370468,0.0,-94.0,324.0,,0.0488966669511246,-0.078,-1.698636820435572,0.03333333333333333,0.0,-0.0
1743595694.6573274,0.0,-94.0,324.0,,0.0488966669511246,-0.069,-1.678778174663824,0.03333333333333333,0.0,-0.0
1743595694.6777291,0.0,-94.0,324.0,,0.0488966669511246,-0.069,-1.678778174663824,0.03333333333333333,0.0,-0.0
1743595694.6981854,0.0,-94.0,324.0,,0.05889666695112439,-0.078,-1.6779287750191267,0.03333333333333333,0.0,-0.0
1743595694.7186701,0.0,-94.0,324.0,,0.05889666695112439,-0.078,-1.6779287750191267,0.03333333333333333,0.0,-0.0
1743595694.7388709,0.0,-94.0,324.0,,0.05889666695112439,-0.078,-1.6779287750191267,0.03333333333333333,0.0,-0.0
1743595694.759372,0.0,-94.0,324.0,,0.0488966669511246,-0.069,-1.6986425670032035,0.03333333333333333,0.0,-0.0
1743595694.7795932,0.0,-94.0,324.0,,0.05889666695112439,-0.069,-1.6977890325373481,0.03333333333333333,0.0,-0.0
1743595694.7999446,0.0,-94.0,324.0,,0.05889666695112439,-0.069,-1.6977890325373481,0.03333333333333333,0.0,-0.0
1743595694.821353,0.0,-94.0,324.0,,0.05889666695112439,-0.078,-1.6779287750191267,0.03333333333333333,0.0,-0.0
1743595694.8419523,0.0,-94.0,324.0,,0.05889666695112439,-0.088,-1.6779216691340006,0.03333333333333333,0.0,-0.0
1743595694.862478,0.0,-94.0,324.0,,0.05889666695112439,-0.088,-1.6779216691340006,0.03333333333333333,0.0,-0.0
1743595694.8836527,0.0,-94.0,324.0,,0.0488966669511246,-0.069,-1.678778174663824,0.03333333333333333,0.0,-0.0
1743595694.9038367,0.0,-94.0,324.0,,0.05889666695112439,-0.088,-1.6779216691340006,0.03333333333333333,0.0,-0.0
1743595694.9239783,0.0,-94.0,324.0,,0.05889666695112439,-0.088,-1.6779216691340006,0.03333333333333333,0.0,-0.0
1743595694.9441414,0.0,-94.0,324.0,,0.0488966669511246,-0.069,-1.678778174663824,0.03333333333333333,0.0,-0.0
1743595694.9643536,0.0,-94.0,324.0,,0.05889666695112439,-0.078,-1.6977833033321228,0.03333333333333333,0.0,-0.0
1743595694.9845333,0.0,-94.0,324.0,,0.05889666695112439,-0.078,-1.6977833033321228,0.03333333333333333,0.0,-0.0
1743595695.0048103,0.0,-94.0,324.0,,0.0488966669511246,-0.078,-1.6787724940631512,0.03333333333333333,0.0,-0.0
1743595695.025005,0.0,-94.0,324.0,,0.0488966669511246,-0.078,-1.6787724940631512,0.03333333333333333,0.0,-0.0
1743595695.0452037,0.0,-94.0,324.0,,0.0488966669511246,-0.069,-1.678778174663824,0.03333333333333333,0.0,-0.0
1743595695.0654995,0.0,-94.0,324.0,,0.05889666695112439,-0.078,-1.6779287750191267,0.03333333333333333,0.0,-0.0
1743595695.0857835,0.0,-94.0,324.0,,0.05889666695112439,-0.078,-1.6779287750191267,0.03333333333333333,0.0,-0.0
1743595695.1073716,0.0,-94.0,324.0,,0.0488966669511246,-0.078,-1.698636820435572,0.03333333333333333,0.0,-0.0
1743595695.1275692,0.0,-94.0,324.0,,0.0488966669511246,-0.069,-1.678778174663824,0.03333333333333333,0.0,-0.0
1743595695.1477537,0.0,-94.0,324.0,,0.05889666695112439,-0.088,-1.6779216691340006,0.03333333333333333,0.0,-0.0
1743595695.1679447,0.0,-94.0,324.0,,0.05889666695112439,-0.069,-1.6977890325373481,0.03333333333333333,0.0,-0.0
1743595695.1881664,0.0,-94.0,324.0,,0.0488966669511246,-0.069,-1.6986425670032035,0.03333333333333333,0.0,-0.0
1743595695.2083945,0.0,-94.0,324.0,,0.0488966669511246,-0.078,-1.698636820435572,0.03333333333333333,0.0,-0.0
1743595695.228588,0.0,-94.0,324.0,,0.05889666695112439,-0.069,-1.677934438453724,0.03333333333333333,0.0,-0.0
1743595695.2487872,0.0,-94.0,324.0,,0.05889666695112439,-0.078,-1.6779287750191267,0.03333333333333333,0.0,-0.0
1743595695.2691267,0.0,-94.0,324.0,,0.0488966669511246,-0.078,-1.698636820435572,0.03333333333333333,0.0,-0.0
1743595695.2893584,0.0,-94.0,324.0,,0.0488966669511246,-0.078,-1.6787724940631512,0.03333333333333333,0.0,-0.0
1743595695.30954,0.0,-94.0,324.0,,0.05889666695112439,-0.069,-1.6977890325373481,0.03333333333333333,0.0,-0.0
1743595695.3297799,0.0,-94.0,324.0,,0.0488966669511246,-0.078,-1.6787724940631512,0.03333333333333333,0.0,-0.0
1743595695.3499835,0.0,-94.0,324.0,,0.05889666695112439,-0.088,-1.6977761149248702,0.03333333333333333,0.0,-0.0
1743595695.3701699,0.0,-94.0,324.0,,0.0488966669511246,-0.078,-1.6787724940631512,0.03333333333333333,0.0,-0.0
1743595695.390342,0.0,-94.0,324.0,,0.0488966669511246,-0.078,-1.660892412862824,0.03333333333333333,0.0,-0.0
1743595695.410537,0.0,-94.0,324.0,,0.0488966669511246,-0.078,-1.6787724940631512,0.03333333333333333,0.0,-0.0
1743595695.4307246,0.0,-94.0,324.0,,0.0488966669511246,-0.069,-1.6986425670032035,0.03333333333333333,0.0,-0.0
1743595695.450981,0.0,-94.0,324.0,,0.0488966669511246,-0.078,-1.6787724940631512,0.03333333333333333,0.0,-0.0
1743595695.471291,0.0,-94.0,324.0,,0.0488966669511246,-0.069,-1.6986425670032035,0.03333333333333333,0.0,-0.0
1743595695.4919283,0.0,-94.0,324.0,,0.0488966669511246,-0.078,-1.698636820435572,0.03333333333333333,0.0,-0.0
1743595695.5124266,0.0,-94.0,324.0,,0.0488966669511246,-0.078,-1.6787724940631512,0.03333333333333333,0.0,-0.0
1743595695.532859,0.0,-94.0,324.0,,0.0488966669511246,-0.078,-1.6787724940631512,0.03333333333333333,0.0,-0.0
1743595695.553117,0.0,-94.0,324.0,,0.0488966669511246,-0.069,-1.678778174663824,0.03333333333333333,0.0,-0.0
1743595695.5736494,0.0,-94.0,324.0,,0.05889666695112439,-0.078,-1.6977833033321228,0.03333333333333333,0.0,-0.0
1743595695.5941277,0.0,-94.0,324.0,,0.05889666695112439,-0.078,-1.6977833033321228,0.03333333333333333,0.0,-0.0
1743595695.6143441,0.0,-94.0,324.0,,0.0488966669511246,-0.069,-1.678778174663824,0.03333333333333333,0.0,-0.0
1743595695.634545,0.0,-94.0,324.0,,0.0488966669511246,-0.069,-1.6986425670032035,0.03333333333333333,0.0,-0.0
1743595695.6549075,0.0,-94.0,324.0,,0.0488966669511246,-0.069,-1.678778174663824,0.03333333333333333,0.0,-0.0
1743595695.6774201,0.0,-94.0,324.0,,0.05889666695112439,-0.069,-1.677934438453724,0.03333333333333333,0.0,-0.0
1743595695.7006948,0.0,-94.0,324.0,,0.05889666695112439,-0.069,-1.677934438453724,0.03333333333333333,0.0,-0.0
1743595695.7253861,0.0,-94.0,324.0,,0.0488966669511246,-0.069,-1.678778174663824,0.03333333333333333,0.0,-0.0
1743595695.7455761,0.0,-94.0,324.0,,0.05889666695112439,-0.088,-1.6779216691340006,0.03333333333333333,0.0,-0.0
1743595695.7657773,0.0,-94.0,324.0,,0.05889666695112439,-0.088,-1.6779216691340006,0.03333333333333333,0.0,-0.0
1743595695.7859702,0.0,-94.0,324.0,,0.03889666695112304,-0.069,-1.6994978193847299,0.03333333333333333,0.0,-0.0
1743595695.8061576,0.0,-94.0,324.0,,0.05889666695112439,-0.078,-1.6977833033321228,0.03333333333333333,0.0,-0.0
1743595695.8263376,0.0,-94.0,324.0,,0.05889666695112439,-0.078,-1.6977833033321228,0.03333333333333333,0.0,-0.0
1743595695.846524,0.0,-94.0,324.0,,0.0488966669511246,-0.069,-1.6986425670032035,0.03333333333333333,0.0,-0.0
1743595695.86725,0.0,-94.0,324.0,,0.0488966669511246,-0.069,-1.678778174663824,0.03333333333333333,0.0,-0.0
1743595695.8878052,0.0,-94.0,324.0,,0.05889666695112439,-0.078,-1.6779287750191267,0.03333333333333333,0.0,-0.0
1743595695.908242,0.0,-94.0,324.0,,0.0488966669511246,-0.069,-1.6986425670032035,0.03333333333333333,0.0,-0.0
1743595695.9287543,0.0,-94.0,324.0,,0.0488966669511246,-0.078,-1.6787724940631512,0.03333333333333333,0.0,-0.0
1743595695.9496064,0.0,-94.0,324.0,,0.0488966669511246,-0.069,-1.678778174663824,0.03333333333333333,0.0,-0.0
1743595695.9701576,0.0,-94.0,324.0,,0.0488966669511246,-0.078,-1.698636820435572,0.03333333333333333,0.0,-0.0
1743595695.9906852,0.0,-94.0,324.0,,0.05889666695112439,-0.078,-1.6977833033321228,0.03333333333333333,0.0,-0.0
1743595696.0111372,0.0,-94.0,324.0,,0.0488966669511246,-0.069,-1.6986425670032035,0.03333333333333333,0.0,-0.0
1743595696.0315723,0.0,-94.0,324.0,,0.0488966669511246,-0.069,-1.6986425670032035,0.03333333333333333,0.0,-0.0
1743595696.0517645,0.0,-94.0,324.0,,0.05889666695112439,-0.069,-1.677934438453724,0.03333333333333333,0.0,-0.0
1743595696.0719573,0.0,-94.0,324.0,,0.05889666695112439,-0.069,-1.6977890325373481,0.03333333333333333,0.0,-0.0
1743595696.0922823,0.0,-94.0,324.0,,0.0488966669511246,-0.078,-1.6787724940631512,0.03333333333333333,0.0,-0.0
1743595696.1126466,0.0,-94.0,324.0,,0.0488966669511246,-0.069,-1.6986425670032035,0.03333333333333333,0.0,-0.0
1743595696.132836,0.0,-94.0,324.0,,0.0488966669511246,-0.078,-1.698636820435572,0.03333333333333333,0.0,-0.0
1743595696.1530213,0.0,-94.0,324.0,,0.0488966669511246,-0.078,-1.698636820435572,0.03333333333333333,0.0,-0.0
1743595696.1736624,0.0,-94.0,324.0,,0.0488966669511246,-0.078,-1.698636820435572,0.03333333333333333,0.0,-0.0
1743595696.1972942,0.0,-94.0,324.0,,0.0488966669511246,-0.078,-1.6787724940631512,0.03333333333333333,0.0,-0.0
1743595696.2175229,0.0,-94.0,324.0,,0.0488966669511246,-0.069,-1.678778174663824,0.03333333333333333,0.0,-0.0
1743595696.2377262,0.0,-94.0,324.0,,0.0488966669511246,-0.069,-1.678778174663824,0.03333333333333333,0.0,-0.0
1743595696.257934,0.0,-94.0,324.0,,0.0488966669511246,-0.069,-1.678778174663824,0.03333333333333333,0.0,-0.0
1743595696.2781715,0.0,-94.0,324.0,,0.0488966669511246,-0.069,-1.678778174663824,0.03333333333333333,0.0,-0.0
1743595696.2984033,0.0,-94.0,324.0,,0.0488966669511246,-0.078,-1.698636820435572,0.03333333333333333,0.0,-0.0
1743595696.318621,0.0,-94.0,324.0,,0.05889666695112439,-0.088,-1.6779216691340006,0.03333333333333333,0.0,-0.0
1743595696.3388317,0.0,-94.0,324.0,,0.0488966669511246,-0.078,-1.698636820435572,0.03333333333333333,0.0,-0.0
1743595696.3590627,0.0,-94.0,324.0,,0.0488966669511246,-0.078,-1.698636820435572,0.03333333333333333,0.0,-0.0
1743595696.3793058,0.0,-94.0,324.0,,0.05889666695112439,-0.078,-1.6779287750191267,0.03333333333333333,0.0,-0.0
1743595696.3995874,0.0,-94.0,324.0,,0.05889666695112439,-0.078,-1.6779287750191267,0.03333333333333333,0.0,-0.0
1743595696.4198847,0.0,-94.0,324.0,,0.05889666695112439,-0.078,-1.6779287750191267,0.03333333333333333,0.0,-0.0
1743595696.4405499,0.0,-94.0,324.0,,0.05889666695112439,-0.078,-1.6977833033321228,0.03333333333333333,0.0,-0.0
1743595696.4607503,0.0,-94.0,324.0,,0.0488966669511246,-0.069,-1.678778174663824,0.03333333333333333,0.0,-0.0
1743595696.481009,0.0,-94.0,324.0,,0.0488966669511246,-0.069,-1.678778174663824,0.03333333333333333,0.0,-0.0
1743595696.501288,0.0,-94.0,324.0,,0.05889666695112439,-0.078,-1.6600575186501998,0.03333333333333333,0.0,-0.0
1743595696.5215175,0.0,-94.0,324.0,,0.0488966669511246,-0.069,-1.6986425670032035,0.03333333333333333,0.0,-0.0
1743595696.5418854,0.0,-94.0,324.0,,0.0488966669511246,-0.069,-1.6986425670032035,0.03333333333333333,0.0,-0.0
1743595696.5620644,0.0,-94.0,324.0,,0.0488966669511246,-0.069,-1.6986425670032035,0.03333333333333333,0.0,-0.0
1743595696.5822778,0.0,-94.0,324.0,,0.05889666695112439,-0.078,-1.6779287750191267,0.03333333333333333,0.0,-0.0
1743595696.6024942,0.0,-94.0,324.0,,0.05889666695112439,-0.078,-1.6779287750191267,0.03333333333333333,0.0,-0.0
1743595696.6228368,0.0,-94.0,324.0,,0.0488966669511246,-0.078,-1.6787724940631512,0.03333333333333333,0.0,-0.0
1743595696.6431713,0.0,-94.0,324.0,,0.0488966669511246,-0.078,-1.6787724940631512,0.03333333333333333,0.0,-0.0
1743595696.6633837,0.0,-94.0,324.0,,0.0488966669511246,-0.078,-1.6787724940631512,0.03333333333333333,0.0,-0.0
1743595696.6835907,0.0,-94.0,324.0,,0.0488966669511246,-0.078,-1.698636820435572,0.03333333333333333,0.0,-0.0
1743595696.7042038,0.0,-94.0,324.0,,0.0488966669511246,-0.078,-1.698636820435572,0.03333333333333333,0.0,-0.0
1743595696.7251499,0.0,-94.0,324.0,,0.0488966669511246,-0.078,-1.698636820435572,0.03333333333333333,0.0,-0.0
1743595696.7455888,0.0,-94.0,324.0,,0.0488966669511246,-0.078,-1.6787724940631512,0.03333333333333333,0.0,-0.0
1743595696.7661593,0.0,-94.0,324.0,,0.0488966669511246,-0.069,-1.678778174663824,0.03333333333333333,0.0,-0.0
1743595696.7865367,0.0,-94.0,324.0,,0.0488966669511246,-0.069,-1.678778174663824,0.03333333333333333,0.0,-0.0
1743595696.8067284,0.0,-94.0,324.0,,0.05889666695112439,-0.069,-1.6977890325373481,0.03333333333333333,0.0,-0.0
1743595696.8269029,0.0,-94.0,324.0,,0.05889666695112439,-0.069,-1.677934438453724,0.03333333333333333,0.0,-0.0
1743595696.847303,0.0,-94.0,324.0,,0.0488966669511246,-0.078,-1.6787724940631512,0.03333333333333333,0.0,-0.0
1743595696.8675349,0.0,-94.0,324.0,,0.0488966669511246,-0.069,-1.6986425670032035,0.03333333333333333,0.0,-0.0
1743595696.8878336,0.0,-94.0,324.0,,0.0488966669511246,-0.078,-1.6787724940631512,0.03333333333333333,0.0,-0.0
1743595696.9081426,0.0,-94.0,324.0,,0.0488966669511246,-0.078,-1.698636820435572,0.03333333333333333,0.0,-0.0
1743595696.9284017,0.0,-94.0,324.0,,0.0488966669511246,-0.078,-1.6787724940631512,0.03333333333333333,0.0,-0.0
1743595696.9488811,0.0,-94.0,324.0,,0.05889666695112439,-0.078,-1.6779287750191267,0.03333333333333333,0.0,-0.0
1743595696.9693072,0.0,-94.0,324.0,,0.05889666695112439,-0.078,-1.6779287750191267,0.03333333333333333,0.0,-0.0
1743595696.98971,0.0,-94.0,324.0,,0.0488966669511246,-0.069,-1.678778174663824,0.03333333333333333,0.0,-0.0
1743595697.0099208,0.0,-94.0,324.0,,0.0488966669511246,-0.078,-1.6787724940631512,0.03333333333333333,0.0,-0.0
1743595697.0301425,0.0,-94.0,324.0,,0.0488966669511246,-0.078,-1.698636820435572,0.03333333333333333,0.0,-0.0
1743595697.0507069,0.0,-94.0,324.0,,0.0488966669511246,-0.069,-1.6986425670032035,0.03333333333333333,0.0,-0.0
1743595697.0711637,0.0,-94.0,324.0,,0.0488966669511246,-0.069,-1.6986425670032035,0.03333333333333333,0.0,-0.0
1743595697.0913692,0.0,-94.0,324.0,,0.05889666695112439,-0.069,-1.6977890325373481,0.03333333333333333,0.0,-0.0
1743595697.1115787,0.0,-94.0,324.0,,0.0488966669511246,-0.069,-1.6986425670032035,0.03333333333333333,0.0,-0.0
1743595697.1320837,0.0,-94.0,324.0,,0.0488966669511246,-0.078,-1.6787724940631512,0.03333333333333333,0.0,-0.0
1743595697.1525273,0.0,-94.0,324.0,,0.05889666695112439,-0.069,-1.677934438453724,0.03333333333333333,0.0,-0.0
1743595697.1730218,0.0,-94.0,324.0,,0.05889666695112439,-0.078,-1.6779287750191267,0.03333333333333333,0.0,-0.0
1743595697.1932733,0.0,-94.0,324.0,,0.0488966669511246,-0.069,-1.6986425670032035,0.03333333333333333,0.0,-0.0
1743595697.2134802,0.0,-94.0,324.0,,0.0488966669511246,-0.069,-1.678778174663824,0.03333333333333333,0.0,-0.0
1743595697.2338905,0.0,-94.0,324.0,,0.05889666695112439,-0.088,-1.6779216691340006,0.03333333333333333,0.0,-0.0
1743595697.2542202,0.0,-94.0,324.0,,0.0488966669511246,-0.069,-1.678778174663824,0.03333333333333333,0.0,-0.0
1743595697.2754169,0.0,-94.0,324.0,,0.0488966669511246,-0.069,-1.678778174663824,0.03333333333333333,0.0,-0.0
1743595697.295632,0.0,-94.0,324.0,,0.05889666695112439,-0.078,-1.7176352527092762,0.03333333333333333,0.0,-0.0
1743595697.3158045,0.0,-94.0,324.0,,0.05889666695112439,-0.078,-1.7176352527092762,0.03333333333333333,0.0,-0.0
1743595697.3359752,0.0,-94.0,324.0,,0.0488966669511246,-0.078,-1.698636820435572,0.03333333333333333,0.0,-0.0
1743595697.356192,0.0,-94.0,324.0,,0.0488966669511246,-0.078,-1.6787724940631512,0.03333333333333333,0.0,-0.0
1743595697.3763702,0.0,-94.0,324.0,,0.0488966669511246,-0.078,-1.6787724940631512,0.03333333333333333,0.0,-0.0
1743595697.3967125,0.0,-94.0,324.0,,0.0488966669511246,-0.069,-1.678778174663824,0.03333333333333333,0.0,-0.0
1743595697.4169972,0.0,-94.0,324.0,,0.0488966669511246,-0.069,-1.678778174663824,0.03333333333333333,0.0,-0.0
1743595697.4371831,0.0,-94.0,324.0,,0.0488966669511246,-0.069,-1.678778174663824,0.03333333333333333,0.0,-0.0
1743595697.4573872,0.0,-94.0,324.0,,0.0488966669511246,-0.069,-1.678778174663824,0.03333333333333333,0.0,-0.0
1743595697.4776218,0.0,-94.0,324.0,,0.0488966669511246,-0.069,-1.678778174663824,0.03333333333333333,0.0,-0.0
1743595697.4980211,0.0,-94.0,324.0,,0.0488966669511246,-0.069,-1.678778174663824,0.03333333333333333,0.0,-0.0
1743595697.5182104,0.0,-94.0,324.0,,0.0488966669511246,-0.069,-1.6986425670032035,0.03333333333333333,0.0,-0.0
1743595697.5383782,0.0,-94.0,324.0,,0.05889666695112439,-0.088,-1.6779216691340006,0.03333333333333333,0.0,-0.0
1743595697.5591388,0.0,-94.0,324.0,,0.05889666695112439,-0.088,-1.6779216691340006,0.03333333333333333,0.0,-0.0
1743595697.5797915,0.0,-94.0,324.0,,0.0488966669511246,-0.069,-1.678778174663824,0.03333333333333333,0.0,-0.0
1743595697.6000402,0.0,-94.0,324.0,,0.0488966669511246,-0.078,-1.6787724940631512,0.03333333333333333,0.0,-0.0
1743595697.620233,0.0,-94.0,324.0,,0.0488966669511246,-0.078,-1.6787724940631512,0.03333333333333333,0.0,-0.0
1743595697.6407816,0.0,-94.0,324.0,,0.05889666695112439,-0.078,-1.6977833033321228,0.03333333333333333,0.0,-0.0
1743595697.6609821,0.0,-94.0,324.0,,0.05889666695112439,-0.078,-1.6779287750191267,0.03333333333333333,0.0,-0.0
1743595697.6811733,0.0,-94.0,324.0,,0.05889666695112439,-0.078,-1.6779287750191267,0.03333333333333333,0.0,-0.0
1743595697.7013688,0.0,-94.0,324.0,,0.0488966669511246,-0.069,-1.678778174663824,0.03333333333333333,0.0,-0.0
1743595697.7216976,0.0,-94.0,324.0,,0.0488966669511246,-0.078,-1.6787724940631512,0.03333333333333333,0.0,-0.0
1743595697.741984,0.0,-94.0,324.0,,0.0488966669511246,-0.078,-1.6787724940631512,0.03333333333333333,0.0,-0.0
1743595697.7621398,0.0,-94.0,324.0,,0.0488966669511246,-0.078,-1.6787724940631512,0.03333333333333333,0.0,-0.0
1743595697.785386,0.0,-94.0,324.0,,0.0488966669511246,-0.078,-1.698636820435572,0.03333333333333333,0.0,-0.0
1743595697.8058536,0.0,-94.0,324.0,,0.0488966669511246,-0.078,-1.6787724940631512,0.03333333333333333,0.0,-0.0
1743595697.826084,0.0,-94.0,324.0,,0.0488966669511246,-0.078,-1.698636820435572,0.03333333333333333,0.0,-0.0
1743595697.846258,0.0,-94.0,324.0,,0.0488966669511246,-0.069,-1.6986425670032035,0.03333333333333333,0.0,-0.0
1743595697.866429,0.0,-94.0,324.0,,0.0488966669511246,-0.078,-1.6787724940631512,0.03333333333333333,0.0,-0.0
1743595697.886632,0.0,-94.0,324.0,,0.05889666695112439,-0.078,-1.6779287750191267,0.03333333333333333,0.0,-0.0
1743595697.9077692,0.0,-94.0,324.0,,0.05889666695112439,-0.088,-1.6977761149248702,0.03333333333333333,0.0,-0.0
1743595697.9279487,0.0,-94.0,324.0,,0.0488966669511246,-0.069,-1.6986425670032035,0.03333333333333333,0.0,-0.0
1743595697.9481246,0.0,-94.0,324.0,,0.03889666695112304,-0.059,-1.6796291222698267,0.03333333333333333,0.0,-0.0
1743595697.968616,0.0,-94.0,324.0,,0.05889666695112439,-0.088,-1.6779216691340006,0.03333333333333333,0.0,-0.0
1743595697.989204,0.0,-94.0,324.0,,0.0488966669511246,-0.078,-1.6787724940631512,0.03333333333333333,0.0,-0.0
1743595698.009679,0.0,-94.0,324.0,,0.0488966669511246,-0.069,-1.678778174663824,0.03333333333333333,0.0,-0.0
1743595698.0301375,0.0,-94.0,324.0,,0.05889666695112439,-0.069,-1.6977890325373481,0.03333333333333333,0.0,-0.0
1743595698.0503619,0.0,-94.0,324.0,,0.05889666695112439,-0.078,-1.6977833033321228,0.03333333333333333,0.0,-0.0
1743595698.071008,0.0,-94.0,324.0,,0.0488966669511246,-0.069,-1.678778174663824,0.03333333333333333,0.0,-0.0
1743595698.0916212,0.0,-94.0,324.0,,0.0488966669511246,-0.069,-1.6986425670032035,0.03333333333333333,0.0,-0.0
1743595698.1121485,0.0,-94.0,324.0,,0.0488966669511246,-0.088,-1.6787653666401647,0.03333333333333333,0.0,-0.0
1743595698.1328187,0.0,-94.0,324.0,,0.0488966669511246,-0.078,-1.6787724940631512,0.03333333333333333,0.0,-0.0
1743595698.153455,0.0,-94.0,324.0,,0.0488966669511246,-0.078,-1.6787724940631512,0.03333333333333333,0.0,-0.0
1743595698.1741927,0.0,-94.0,324.0,,0.0488966669511246,-0.078,-1.698636820435572,0.03333333333333333,0.0,-0.0
1743595698.1944585,0.0,-94.0,324.0,,0.0488966669511246,-0.078,-1.698636820435572,0.03333333333333333,0.0,-0.0
1743595698.2146783,0.0,-94.0,324.0,,0.0488966669511246,-0.078,-1.698636820435572,0.03333333333333333,0.0,-0.0
1743595698.2350156,0.0,-94.0,324.0,,0.05889666695112439,-0.088,-1.6977761149248702,0.03333333333333333,0.0,-0.0
1743595698.2553651,0.0,-94.0,324.0,,0.0488966669511246,-0.078,-1.698636820435572,0.03333333333333333,0.0,-0.0
1743595698.2755773,0.0,-94.0,324.0,,0.0488966669511246,-0.069,-1.678778174663824,0.03333333333333333,0.0,-0.0
1743595698.2957933,0.0,-94.0,324.0,,0.0488966669511246,-0.078,-1.698636820435572,0.03333333333333333,0.0,-0.0
1743595698.3164532,0.0,-94.0,324.0,,0.0488966669511246,-0.078,-1.6787724940631512,0.03333333333333333,0.0,-0.0
1743595698.336811,0.0,-94.0,324.0,,0.0488966669511246,-0.078,-1.6787724940631512,0.03333333333333333,0.0,-0.0
1743595698.35699,0.0,-94.0,324.0,,0.0488966669511246,-0.069,-1.6986425670032035,0.03333333333333333,0.0,-0.0
1743595698.377183,0.0,-94.0,324.0,,0.0488966669511246,-0.069,-1.6986425670032035,0.03333333333333333,0.0,-0.0
1743595698.3977964,0.0,-94.0,324.0,,0.05889666695112439,-0.069,-1.677934438453724,0.03333333333333333,0.0,-0.0
1743595698.4180307,0.0,-94.0,324.0,,0.0488966669511246,-0.069,-1.678778174663824,0.03333333333333333,0.0,-0.0
1743595698.438615,0.0,-94.0,324.0,,0.0488966669511246,-0.078,-1.6787724940631512,0.03333333333333333,0.0,-0.0
1743595698.4588096,0.0,-94.0,324.0,,0.0488966669511246,-0.078,-1.6787724940631512,0.03333333333333333,0.0,-0.0
1743595698.4790814,0.0,-94.0,324.0,,0.05889666695112439,-0.078,-1.6977833033321228,0.03333333333333333,0.0,-0.0
1743595698.4993458,0.0,-94.0,324.0,,0.05889666695112439,-0.078,-1.6779287750191267,0.03333333333333333,0.0,-0.0
1743595698.519634,0.0,-94.0,324.0,,0.05889666695112439,-0.078,-1.6779287750191267,0.03333333333333333,0.0,-0.0
1743595698.539832,0.0,-94.0,324.0,,0.05889666695112439,-0.078,-1.6977833033321228,0.03333333333333333,0.0,-0.0
1743595698.5600257,0.0,-94.0,324.0,,0.0488966669511246,-0.069,-1.678778174663824,0.03333333333333333,0.0,-0.0
1743595698.5803308,0.0,-94.0,324.0,,0.0488966669511246,-0.069,-1.678778174663824,0.03333333333333333,0.0,-0.0
1743595698.600571,0.0,-94.0,324.0,,0.0488966669511246,-0.069,-1.678778174663824,0.03333333333333333,0.0,-0.0
1743595698.6207788,0.0,-94.0,324.0,,0.0488966669511246,-0.069,-1.678778174663824,0.03333333333333333,0.0,-0.0
1743595698.6409779,0.0,-94.0,324.0,,0.0488966669511246,-0.069,-1.678778174663824,0.03333333333333333,0.0,-0.0
1743595698.661454,0.0,-94.0,324.0,,0.05889666695112439,-0.088,-1.6977761149248702,0.03333333333333333,0.0,-0.0
1743595698.6819541,0.0,-94.0,324.0,,0.0488966669511246,-0.069,-1.6986425670032035,0.03333333333333333,0.0,-0.0
1743595698.702166,0.0,-94.0,324.0,,0.0488966669511246,-0.069,-1.6986425670032035,0.03333333333333333,0.0,-0.0
1743595698.7223806,0.0,-94.0,324.0,,0.05889666695112439,-0.088,-1.6779216691340006,0.03333333333333333,0.0,-0.0
1743595698.7453756,0.0,-94.0,324.0,,0.05889666695112439,-0.088,-1.6779216691340006,0.03333333333333333,0.0,-0.0
1743595698.7657363,0.0,-94.0,324.0,,0.05889666695112439,-0.088,-1.6779216691340006,0.03333333333333333,0.0,-0.0
1743595698.7859251,0.0,-94.0,324.0,,0.05889666695112439,-0.078,-1.6977833033321228,0.03333333333333333,0.0,-0.0
1743595698.8062944,0.0,-94.0,324.0,,0.05889666695112439,-0.078,-1.6977833033321228,0.03333333333333333,0.0,-0.0
1743595698.8264782,0.0,-94.0,324.0,,0.05889666695112439,-0.078,-1.6977833033321228,0.03333333333333333,0.0,-0.0
1743595698.8467941,0.0,-94.0,324.0,,0.0488966669511246,-0.078,-1.6787724940631512,0.03333333333333333,0.0,-0.0
1743595698.8669918,0.0,-94.0,324.0,,0.0488966669511246,-0.078,-1.6787724940631512,0.03333333333333333,0.0,-0.0
1743595698.887341,0.0,-94.0,324.0,,0.0488966669511246,-0.069,-1.6986425670032035,0.03333333333333333,0.0,-0.0
1743595698.9075139,0.0,-94.0,324.0,,0.0488966669511246,-0.069,-1.678778174663824,0.03333333333333333,0.0,-0.0
1743595698.92784,0.0,-94.0,324.0,,0.05889666695112439,-0.078,-1.6977833033321228,0.03333333333333333,0.0,-0.0
1743595698.9480307,0.0,-94.0,324.0,,0.0488966669511246,-0.078,-1.6787724940631512,0.03333333333333333,0.0,-0.0
1743595698.968204,0.0,-94.0,324.0,,0.0488966669511246,-0.078,-1.6787724940631512,0.03333333333333333,0.0,-0.0
1743595698.9886525,0.0,-94.0,324.0,,0.0488966669511246,-0.078,-1.698636820435572,0.03333333333333333,0.0,-0.0
1743595699.0089548,0.0,-94.0,324.0,,0.0488966669511246,-0.078,-1.6787724940631512,0.03333333333333333,0.0,-0.0
1743595699.0304208,0.0,-94.0,324.0,,0.05889666695112439,-0.078,-1.6779287750191267,0.03333333333333333,0.0,-0.0
1743595699.0506656,0.0,-94.0,324.0,,0.05889666695112439,-0.069,-1.717641047632982,0.03333333333333333,0.0,-0.0
1743595699.070867,0.0,-94.0,324.0,,0.0488966669511246,-0.078,-1.698636820435572,0.03333333333333333,0.0,-0.0
1743595699.0910635,0.0,-94.0,324.0,,0.0488966669511246,-0.069,-1.6986425670032035,0.03333333333333333,0.0,-0.0
1743595699.1112943,0.0,-94.0,324.0,,0.0488966669511246,-0.069,-1.678778174663824,0.03333333333333333,0.0,-0.0
1743595699.1328092,0.0,-94.0,324.0,,0.0488966669511246,-0.069,-1.6608980340488997,0.03333333333333333,0.0,-0.0
1743595699.15398,0.0,-94.0,324.0,,0.0488966669511246,-0.078,-1.6787724940631512,0.03333333333333333,0.0,-0.0
1743595699.1741889,0.0,-94.0,324.0,,0.0488966669511246,-0.078,-1.6787724940631512,0.03333333333333333,0.0,-0.0
1743595699.1943781,0.0,-94.0,324.0,,0.05889666695112439,-0.078,-1.6977833033321228,0.03333333333333333,0.0,-0.0
1743595699.2150023,0.0,-94.0,324.0,,0.0488966669511246,-0.069,-1.6986425670032035,0.03333333333333333,0.0,-0.0
1743595699.2353551,0.0,-94.0,324.0,,0.0488966669511246,-0.069,-1.6986425670032035,0.03333333333333333,0.0,-0.0
1743595699.2559483,0.0,-94.0,324.0,,0.0488966669511246,-0.069,-1.6986425670032035,0.03333333333333333,0.0,-0.0
1743595699.2761276,0.0,-94.0,324.0,,0.0488966669511246,-0.078,-1.698636820435572,0.03333333333333333,0.0,-0.0
1743595699.2963865,0.0,-94.0,324.0,,0.0488966669511246,-0.078,-1.698636820435572,0.03333333333333333,0.0,-0.0
1743595699.3166525,0.0,-94.0,324.0,,0.0488966669511246,-0.069,-1.678778174663824,0.03333333333333333,0.0,-0.0
1743595699.3369644,0.0,-94.0,324.0,,0.0488966669511246,-0.078,-1.698636820435572,0.03333333333333333,0.0,-0.0
1743595699.357273,0.0,-94.0,324.0,,0.0488966669511246,-0.078,-1.698636820435572,0.03333333333333333,0.0,-0.0
1743595699.378377,0.0,-94.0,324.0,,0.0488966669511246,-0.078,-1.6787724940631512,0.03333333333333333,0.0,-0.0
1743595699.398616,0.0,-94.0,324.0,,0.0488966669511246,-0.078,-1.698636820435572,0.03333333333333333,0.0,-0.0
1743595699.4214065,0.0,-94.0,324.0,,0.0488966669511246,-0.078,-1.698636820435572,0.03333333333333333,0.0,-0.0
1743595699.4415941,0.0,-94.0,324.0,,0.05889666695112439,-0.078,-1.6977833033321228,0.03333333333333333,0.0,-0.0
1743595699.4617712,0.0,-94.0,324.0,,0.0488966669511246,-0.069,-1.678778174663824,0.03333333333333333,0.0,-0.0
1743595699.4819846,0.0,-94.0,324.0,,0.0488966669511246,-0.069,-1.678778174663824,0.03333333333333333,0.0,-0.0
1743595699.5021777,0.0,-94.0,324.0,,0.05889666695112439,-0.088,-1.6779216691340006,0.03333333333333333,0.0,-0.0
1743595699.5223682,0.0,-94.0,324.0,,0.05889666695112439,-0.088,-1.6779216691340006,0.03333333333333333,0.0,-0.0
1743595699.5425496,0.0,-94.0,324.0,,0.05889666695112439,-0.069,-1.677934438453724,0.03333333333333333,0.0,-0.0
1743595699.5634017,0.0,-94.0,324.0,,0.05889666695112439,-0.069,-1.6977890325373481,0.03333333333333333,0.0,-0.0
1743595699.5836027,0.0,-94.0,324.0,,0.0488966669511246,-0.078,-1.698636820435572,0.03333333333333333,0.0,-0.0
1743595699.6037824,0.0,-94.0,324.0,,0.0488966669511246,-0.078,-1.698636820435572,0.03333333333333333,0.0,-0.0
1743595699.623983,0.0,-94.0,324.0,,0.05889666695112439,-0.078,-1.6779287750191267,0.03333333333333333,0.0,-0.0
1743595699.6449301,0.0,-94.0,324.0,,0.0488966669511246,-0.078,-1.6787724940631512,0.03333333333333333,0.0,-0.0
1743595699.6651456,0.0,-94.0,324.0,,0.0488966669511246,-0.078,-1.6787724940631512,0.03333333333333333,0.0,-0.0
1743595699.685344,0.0,-94.0,324.0,,0.0488966669511246,-0.078,-1.6787724940631512,0.03333333333333333,0.0,-0.0
1743595699.7055051,0.0,-94.0,324.0,,0.0488966669511246,-0.078,-1.698636820435572,0.03333333333333333,0.0,-0.0
1743595699.7257507,0.0,-94.0,324.0,,0.0488966669511246,-0.078,-1.698636820435572,0.03333333333333333,0.0,-0.0
1743595699.745923,0.0,-94.0,324.0,,0.05889666695112439,-0.078,-1.6977833033321228,0.03333333333333333,0.0,-0.0
1743595699.766207,0.0,-94.0,324.0,,0.0488966669511246,-0.078,-1.6787724940631512,0.03333333333333333,0.0,-0.0
1743595699.786452,0.0,-94.0,324.0,,0.0488966669511246,-0.069,-1.678778174663824,0.03333333333333333,0.0,-0.0
1743595699.806617,0.0,-94.0,324.0,,0.0488966669511246,-0.078,-1.6787724940631512,0.03333333333333333,0.0,-0.0
1743595699.829407,0.0,-94.0,324.0,,0.0488966669511246,-0.069,-1.6986425670032035,0.03333333333333333,0.0,-0.0
1743595699.8496141,0.0,-94.0,324.0,,0.0488966669511246,-0.069,-1.6986425670032035,0.03333333333333333,0.0,-0.0
1743595699.8698208,0.0,-94.0,324.0,,0.0488966669511246,-0.069,-1.6986425670032035,0.03333333333333333,0.0,-0.0
1743595699.8900297,0.0,-94.0,324.0,,0.05889666695112439,-0.078,-1.6977833033321228,0.03333333333333333,0.0,-0.0
1743595699.910225,0.0,-94.0,324.0,,0.05889666695112439,-0.069,-1.6977890325373481,0.03333333333333333,0.0,-0.0
1743595699.9306784,0.0,-94.0,324.0,,0.05889666695112439,-0.078,-1.6779287750191267,0.03333333333333333,0.0,-0.0
1743595699.9513347,0.0,-94.0,324.0,,0.0488966669511246,-0.078,-1.6787724940631512,0.03333333333333333,0.0,-0.0
1743595699.971503,0.0,-94.0,324.0,,0.05889666695112439,-0.078,-1.6779287750191267,0.03333333333333333,0.0,-0.0
1743595699.9921412,0.0,-94.0,324.0,,0.0488966669511246,-0.078,-1.6787724940631512,0.03333333333333333,0.0,-0.0
1743595700.0127132,0.0,-94.0,324.0,,0.0488966669511246,-0.078,-1.698636820435572,0.03333333333333333,0.0,-0.0
1743595700.033306,0.0,-94.0,324.0,,0.0488966669511246,-0.069,-1.6986425670032035,0.03333333333333333,0.0,-0.0
1743595700.0534558,0.0,-94.0,324.0,,0.05889666695112439,-0.078,-1.6977833033321228,0.03333333333333333,0.0,-0.0
1743595700.0736525,0.0,-94.0,324.0,,0.05889666695112439,-0.078,-1.6977833033321228,0.03333333333333333,0.0,-0.0
1743595700.0940304,0.0,-94.0,324.0,,0.05889666695112439,-0.078,-1.6977833033321228,0.03333333333333333,0.0,-0.0
1743595700.1143212,0.0,-94.0,324.0,,0.0488966669511246,-0.078,-1.6787724940631512,0.03333333333333333,0.0,-0.0
1743595700.134485,0.0,-94.0,324.0,,0.0488966669511246,-0.078,-1.6787724940631512,0.03333333333333333,0.0,-0.0
1743595700.1546814,0.0,-94.0,324.0,,0.0488966669511246,-0.078,-1.6787724940631512,0.03333333333333333,0.0,-0.0
1743595700.1753945,0.0,-94.0,324.0,,0.05889666695112439,-0.078,-1.6977833033321228,0.03333333333333333,0.0,-0.0
1743595700.1956208,0.0,-94.0,324.0,,0.05889666695112439,-0.078,-1.6977833033321228,0.03333333333333333,0.0,-0.0
1743595700.2158244,0.0,-94.0,324.0,,0.0488966669511246,-0.069,-1.6986425670032035,0.03333333333333333,0.0,-0.0
1743595700.2364016,0.0,-94.0,324.0,,0.05889666695112439,-0.088,-1.6779216691340006,0.03333333333333333,0.0,-0.0
1743595700.2568057,0.0,-94.0,324.0,,0.05889666695112439,-0.088,-1.6779216691340006,0.03333333333333333,0.0,-0.0
1743595700.2776334,0.0,-94.0,324.0,,0.05889666695112439,-0.088,-1.6779216691340006,0.03333333333333333,0.0,-0.0
1743595700.297854,0.0,-94.0,324.0,,0.0488966669511246,-0.078,-1.7184985600958407,0.03333333333333333,0.0,-0.0
1743595700.3181531,0.0,-94.0,324.0,,0.0488966669511246,-0.078,-1.7184985600958407,0.03333333333333333,0.0,-0.0
1743595700.3384774,0.0,-94.0,324.0,,0.0488966669511246,-0.078,-1.6787724940631512,0.03333333333333333,0.0,-0.0
1743595700.3587537,0.0,-94.0,324.0,,0.05889666695112439,-0.078,-1.6600575186501998,0.03333333333333333,0.0,-0.0
1743595700.3819966,0.0,-94.0,324.0,,0.05889666695112439,-0.078,-1.6600575186501998,0.03333333333333333,0.0,-0.0
1743595700.4021976,0.0,-94.0,324.0,,0.0488966669511246,-0.078,-1.6787724940631512,0.03333333333333333,0.0,-0.0
1743595700.4223816,0.0,-94.0,324.0,,0.0488966669511246,-0.069,-1.6986425670032035,0.03333333333333333,0.0,-0.0
1743595700.442673,0.0,-94.0,324.0,,0.0488966669511246,-0.069,-1.7185043725780211,0.03333333333333333,0.0,-0.0
1743595700.4629095,0.0,-94.0,324.0,,0.05889666695112439,-0.078,-1.7176352527092762,0.03333333333333333,0.0,-0.0
1743595700.4831073,0.0,-94.0,324.0,,0.0488966669511246,-0.078,-1.698636820435572,0.03333333333333333,0.0,-0.0
1743595700.5036242,0.0,-94.0,324.0,,0.0488966669511246,-0.078,-1.6787724940631512,0.03333333333333333,0.0,-0.0
1743595700.52383,0.0,-94.0,324.0,,0.0488966669511246,-0.078,-1.6787724940631512,0.03333333333333333,0.0,-0.0
1743595700.5441341,0.0,-94.0,324.0,,0.05889666695112439,-0.069,-1.677934438453724,0.03333333333333333,0.0,-0.0
1743595700.5643346,0.0,-94.0,324.0,,0.0488966669511246,-0.069,-1.678778174663824,0.03333333333333333,0.0,-0.0
1743595700.5846055,0.0,-94.0,324.0,,0.0488966669511246,-0.078,-1.6787724940631512,0.03333333333333333,0.0,-0.0
1743595700.6048582,0.0,-94.0,324.0,,0.0488966669511246,-0.078,-1.698636820435572,0.03333333333333333,0.0,-0.0
1743595700.625068,0.0,-94.0,324.0,,0.0488966669511246,-0.069,-1.678778174663824,0.03333333333333333,0.0,-0.0
1743595700.6457222,0.0,-94.0,324.0,,0.05889666695112439,-0.078,-1.6977833033321228,0.03333333333333333,0.0,-0.0
1743595700.6663954,0.0,-94.0,324.0,,0.0488966669511246,-0.078,-1.698636820435572,0.03333333333333333,0.0,-0.0
1743595700.6868832,0.0,-94.0,324.0,,0.0488966669511246,-0.069,-1.678778174663824,0.03333333333333333,0.0,-0.0
1743595700.7084227,0.0,-94.0,324.0,,0.05889666695112439,-0.069,-1.6977890325373481,0.03333333333333333,0.0,-0.0
1743595700.728595,0.0,-94.0,324.0,,0.0488966669511246,-0.069,-1.678778174663824,0.03333333333333333,0.0,-0.0
1743595700.7487779,0.0,-94.0,324.0,,0.0488966669511246,-0.078,-1.6787724940631512,0.03333333333333333,0.0,-0.0
1743595700.7689707,0.0,-94.0,324.0,,0.0488966669511246,-0.078,-1.6787724940631512,0.03333333333333333,0.0,-0.0
1743595700.789171,0.0,-94.0,324.0,,0.0488966669511246,-0.078,-1.6787724940631512,0.03333333333333333,0.0,-0.0
1743595700.8116758,0.0,-94.0,324.0,,0.0488966669511246,-0.069,-1.6986425670032035,0.03333333333333333,0.0,-0.0
1743595700.8318853,0.0,-94.0,324.0,,0.0488966669511246,-0.078,-1.698636820435572,0.03333333333333333,0.0,-0.0
1743595700.8520963,0.0,-94.0,324.0,,0.0488966669511246,-0.078,-1.698636820435572,0.03333333333333333,0.0,-0.0
1743595700.872285,0.0,-94.0,324.0,,0.0488966669511246,-0.069,-1.678778174663824,0.03333333333333333,0.0,-0.0
1743595700.8953545,0.0,-94.0,324.0,,0.05889666695112439,-0.078,-1.6977833033321228,0.03333333333333333,0.0,-0.0
1743595700.9155312,0.0,-94.0,324.0,,0.05889666695112439,-0.078,-1.6977833033321228,0.03333333333333333,0.0,-0.0
1743595700.9357173,0.0,-94.0,324.0,,0.05889666695112439,-0.078,-1.6977833033321228,0.03333333333333333,0.0,-0.0
1743595700.9559155,0.0,-94.0,324.0,,0.0488966669511246,-0.078,-1.698636820435572,0.03333333333333333,0.0,-0.0
1743595700.9762836,0.0,-94.0,324.0,,0.0488966669511246,-0.069,-1.678778174663824,0.03333333333333333,0.0,-0.0
1743595700.996566,0.0,-94.0,324.0,,0.03889666695112304,-0.078,-1.6994920553846,0.03333333333333333,0.0,-0.0
1743595701.016781,0.0,-94.0,324.0,,0.0488966669511246,-0.078,-1.698636820435572,0.03333333333333333,0.0,-0.0
1743595701.036978,0.0,-94.0,324.0,,0.0488966669511246,-0.078,-1.698636820435572,0.03333333333333333,0.0,-0.0
1743595701.057456,0.0,-94.0,324.0,,0.0488966669511246,-0.078,-1.698636820435572,0.03333333333333333,0.0,-0.0
1743595701.0777762,0.0,-94.0,324.0,,0.05889666695112439,-0.088,-1.6977761149248702,0.03333333333333333,0.0,-0.0
1743595701.0979698,0.0,-94.0,324.0,,0.05889666695112439,-0.088,-1.6977761149248702,0.03333333333333333,0.0,-0.0
1743595701.1181395,0.0,-94.0,324.0,,0.03889666695112304,-0.069,-1.7193694346835935,0.03333333333333333,0.0,-0.0
1743595701.138452,0.0,-94.0,324.0,,0.0488966669511246,-0.078,-1.698636820435572,0.03333333333333333,0.0,-0.0
1743595701.1587405,0.0,-94.0,324.0,,0.0488966669511246,-0.078,-1.698636820435572,0.03333333333333333,0.0,-0.0
1743595701.1789143,0.0,-94.0,324.0,,0.0488966669511246,-0.069,-1.678778174663824,0.03333333333333333,0.0,-0.0
1743595701.1992693,0.0,-94.0,324.0,,0.0488966669511246,-0.078,-1.6787724940631512,0.03333333333333333,0.0,-0.0
1743595701.2197325,0.0,-94.0,324.0,,0.0488966669511246,-0.078,-1.6787724940631512,0.03333333333333333,0.0,-0.0
1743595701.2399378,0.0,-94.0,324.0,,0.0488966669511246,-0.069,-1.6986425670032035,0.03333333333333333,0.0,-0.0
1743595701.2601502,0.0,-94.0,324.0,,0.0488966669511246,-0.078,-1.698636820435572,0.03333333333333333,0.0,-0.0
1743595701.2803648,0.0,-94.0,324.0,,0.0488966669511246,-0.078,-1.698636820435572,0.03333333333333333,0.0,-0.0
1743595701.3007607,0.0,-94.0,324.0,,0.0488966669511246,-0.078,-1.698636820435572,0.03333333333333333,0.0,-0.0
1743595701.3209271,0.0,-94.0,324.0,,0.0488966669511246,-0.069,-1.678778174663824,0.03333333333333333,0.0,-0.0
1743595701.3411083,0.0,-94.0,324.0,,0.0488966669511246,-0.069,-1.678778174663824,0.03333333333333333,0.0,-0.0
1743595701.3612874,0.0,-94.0,324.0,,0.05889666695112439,-0.078,-1.6779287750191267,0.03333333333333333,0.0,-0.0
1743595701.381707,0.0,-94.0,324.0,,0.0488966669511246,-0.078,-1.6787724940631512,0.03333333333333333,0.0,-0.0
1743595701.4019825,0.0,-94.0,324.0,,0.0488966669511246,-0.078,-1.6787724940631512,0.03333333333333333,0.0,-0.0
1743595701.422531,0.0,-94.0,324.0,,0.05889666695112439,-0.078,-1.6779287750191267,0.03333333333333333,0.0,-0.0
1743595701.4427166,0.0,-94.0,324.0,,0.0488966669511246,-0.069,-1.6986425670032035,0.03333333333333333,0.0,-0.0
1743595701.466354,0.0,-94.0,324.0,,0.0488966669511246,-0.059,-1.6787836707443533,0.03333333333333333,0.0,-0.0
1743595701.4865208,0.0,-94.0,324.0,,0.0488966669511246,-0.078,-1.6787724940631512,0.03333333333333333,0.0,-0.0
1743595701.5067444,0.0,-94.0,324.0,,0.05889666695112439,-0.088,-1.6977761149248702,0.03333333333333333,0.0,-0.0
1743595701.5269642,0.0,-94.0,324.0,,0.0488966669511246,-0.069,-1.678778174663824,0.03333333333333333,0.0,-0.0
1743595701.5471702,0.0,-94.0,324.0,,0.0488966669511246,-0.069,-1.7185043725780211,0.03333333333333333,0.0,-0.0
1743595701.5673854,0.0,-94.0,324.0,,0.05889666695112439,-0.088,-1.6779216691340006,0.03333333333333333,0.0,-0.0
1743595701.5877416,0.0,-94.0,324.0,,0.0488966669511246,-0.059,-1.698648126907902,0.03333333333333333,0.0,-0.0
1743595701.6079304,0.0,-94.0,324.0,,0.0488966669511246,-0.059,-1.698648126907902,0.03333333333333333,0.0,-0.0
1743595701.6281366,0.0,-94.0,324.0,,0.05889666695112439,-0.088,-1.6779216691340006,0.03333333333333333,0.0,-0.0
1743595701.6513884,0.0,-94.0,324.0,,0.0488966669511246,-0.078,-1.698636820435572,0.03333333333333333,0.0,-0.0
1743595701.6719878,0.0,-94.0,324.0,,0.0488966669511246,-0.069,-1.678778174663824,0.03333333333333333,0.0,-0.0
1743595701.6944025,0.0,-94.0,324.0,,0.05889666695112439,-0.088,-1.6779216691340006,0.03333333333333333,0.0,-0.0
1743595701.7146819,0.0,-94.0,324.0,,0.05889666695112439,-0.078,-1.6779287750191267,0.03333333333333333,0.0,-0.0
1743595701.7352214,0.0,-94.0,324.0,,0.0488966669511246,-0.078,-1.698636820435572,0.03333333333333333,0.0,-0.0
1743595701.7555645,0.0,-94.0,324.0,,0.0488966669511246,-0.078,-1.698636820435572,0.03333333333333333,0.0,-0.0
1743595701.7758174,0.0,-94.0,324.0,,0.05889666695112439,-0.078,-1.6977833033321228,0.03333333333333333,0.0,-0.0
1743595701.7960455,0.0,-94.0,324.0,,0.0488966669511246,-0.078,-1.6787724940631512,0.03333333333333333,0.0,-0.0
1743595701.816396,0.0,-94.0,324.0,,0.0488966669511246,-0.078,-1.6787724940631512,0.03333333333333333,0.0,-0.0
1743595701.836608,0.0,-94.0,324.0,,0.0488966669511246,-0.078,-1.6787724940631512,0.03333333333333333,0.0,-0.0
1743595701.8568752,0.0,-94.0,324.0,,0.05889666695112439,-0.069,-1.6977890325373481,0.03333333333333333,0.0,-0.0
1743595701.8770983,0.0,-94.0,324.0,,0.05889666695112439,-0.069,-1.6977890325373481,0.03333333333333333,0.0,-0.0
1743595701.89729,0.0,-94.0,324.0,,0.0488966669511246,-0.069,-1.678778174663824,0.03333333333333333,0.0,-0.0
1743595701.9176004,0.0,-94.0,324.0,,0.05889666695112439,-0.078,-1.6977833033321228,0.03333333333333333,0.0,-0.0
1743595701.9378629,0.0,-94.0,324.0,,0.05889666695112439,-0.078,-1.6977833033321228,0.03333333333333333,0.0,-0.0
1743595701.9581094,0.0,-94.0,324.0,,0.0488966669511246,-0.069,-1.6986425670032035,0.03333333333333333,0.0,-0.0
1743595701.9786696,0.0,-94.0,324.0,,0.05889666695112439,-0.078,-1.6779287750191267,0.03333333333333333,0.0,-0.0
1743595701.999061,0.0,-94.0,324.0,,0.05889666695112439,-0.078,-1.6779287750191267,0.03333333333333333,0.0,-0.0
1743595702.0192595,0.0,-94.0,324.0,,0.0488966669511246,-0.078,-1.6787724940631512,0.03333333333333333,0.0,-0.0
1743595702.0398095,0.0,-94.0,324.0,,0.0488966669511246,-0.078,-1.6787724940631512,0.03333333333333333,0.0,-0.0
1743595702.0602958,0.0,-94.0,324.0,,0.0488966669511246,-0.078,-1.6787724940631512,0.03333333333333333,0.0,-0.0
1743595702.0805156,0.0,-94.0,324.0,,0.05889666695112439,-0.069,-1.6977890325373481,0.03333333333333333,0.0,-0.0
1743595702.1007159,0.0,-94.0,324.0,,0.05889666695112439,-0.078,-1.6779287750191267,0.03333333333333333,0.0,-0.0
1743595702.1211743,0.0,-94.0,324.0,,0.05889666695112439,-0.078,-1.6779287750191267,0.03333333333333333,0.0,-0.0
1743595702.1426392,0.0,-94.0,324.0,,0.03889666695112304,-0.078,-1.6994920553846,0.03333333333333333,0.0,-0.0
1743595702.1631477,0.0,-94.0,324.0,,0.05889666695112439,-0.069,-1.6977890325373481,0.03333333333333333,0.0,-0.0
1743595702.1833546,0.0,-94.0,324.0,,0.0488966669511246,-0.078,-1.6787724940631512,0.03333333333333333,0.0,-0.0
1743595702.2035322,0.0,-94.0,324.0,,0.0488966669511246,-0.078,-1.6787724940631512,0.03333333333333333,0.0,-0.0
1743595702.2238827,0.0,-94.0,324.0,,0.0488966669511246,-0.069,-1.6986425670032035,0.03333333333333333,0.0,-0.0
1743595702.2441444,0.0,-94.0,324.0,,0.05889666695112439,-0.078,-1.6977833033321228,0.03333333333333333,0.0,-0.0
1743595702.264326,0.0,-94.0,324.0,,0.0488966669511246,-0.078,-1.698636820435572,0.03333333333333333,0.0,-0.0
1743595702.2849863,0.0,-94.0,324.0,,0.0488966669511246,-0.078,-1.698636820435572,0.03333333333333333,0.0,-0.0
1743595702.3051517,0.0,-94.0,324.0,,0.0488966669511246,-0.069,-1.6986425670032035,0.03333333333333333,0.0,-0.0
1743595702.325303,0.0,-94.0,324.0,,0.0488966669511246,-0.078,-1.698636820435572,0.03333333333333333,0.0,-0.0
1743595702.3454494,0.0,-94.0,324.0,,0.0488966669511246,-0.069,-1.6986425670032035,0.03333333333333333,0.0,-0.0
1743595702.3665183,0.0,-94.0,324.0,,0.0488966669511246,-0.078,-1.6787724940631512,0.03333333333333333,0.0,-0.0
1743595702.3883834,0.0,-94.0,324.0,,0.0488966669511246,-0.078,-1.698636820435572,0.03333333333333333,0.0,-0.0
1743595702.4085755,0.0,-94.0,324.0,,0.0488966669511246,-0.078,-1.698636820435572,0.03333333333333333,0.0,-0.0
1743595702.4287503,0.0,-94.0,324.0,,0.05889666695112439,-0.078,-1.6779287750191267,0.03333333333333333,0.0,-0.0
1743595702.4489486,0.0,-94.0,324.0,,0.0488966669511246,-0.069,-1.6986425670032035,0.03333333333333333,0.0,-0.0
1743595702.4691625,0.0,-94.0,324.0,,0.05889666695112439,-0.078,-1.6779287750191267,0.03333333333333333,0.0,-0.0
1743595702.4896731,0.0,-94.0,324.0,,0.0488966669511246,-0.078,-1.698636820435572,0.03333333333333333,0.0,-0.0
1743595702.5099955,0.0,-94.0,324.0,,0.0488966669511246,-0.069,-1.6986425670032035,0.03333333333333333,0.0,-0.0
1743595702.5313907,0.0,-94.0,324.0,,0.0488966669511246,-0.078,-1.698636820435572,0.03333333333333333,0.0,-0.0
1743595702.5515969,0.0,-94.0,324.0,,0.0488966669511246,-0.078,-1.6787724940631512,0.03333333333333333,0.0,-0.0
1743595702.5717916,0.0,-94.0,324.0,,0.0488966669511246,-0.078,-1.698636820435572,0.03333333333333333,0.0,-0.0
1743595702.5920231,0.0,-94.0,324.0,,0.0488966669511246,-0.078,-1.698636820435572,0.03333333333333333,0.0,-0.0
1743595702.6122456,0.0,-94.0,324.0,,0.0488966669511246,-0.078,-1.6787724940631512,0.03333333333333333,0.0,-0.0
1743595702.634405,0.0,-94.0,324.0,,0.0488966669511246,-0.078,-1.6787724940631512,0.03333333333333333,0.0,-0.0
1743595702.6546435,0.0,-94.0,324.0,,0.0488966669511246,-0.078,-1.6787724940631512,0.03333333333333333,0.0,-0.0
1743595702.6748695,0.0,-94.0,324.0,,0.05889666695112439,-0.078,-1.6779287750191267,0.03333333333333333,0.0,-0.0
1743595702.6950846,0.0,-94.0,324.0,,0.05889666695112439,-0.078,-1.6977833033321228,0.03333333333333333,0.0,-0.0
1743595702.7153146,0.0,-94.0,324.0,,0.05889666695112439,-0.078,-1.6977833033321228,0.03333333333333333,0.0,-0.0
1743595702.7355022,0.0,-94.0,324.0,,0.0488966669511246,-0.069,-1.678778174663824,0.03333333333333333,0.0,-0.0
1743595702.756207,0.0,-94.0,324.0,,0.0488966669511246,-0.078,-1.698636820435572,0.03333333333333333,0.0,-0.0
1743595702.7769217,0.0,-94.0,324.0,,0.0488966669511246,-0.078,-1.698636820435572,0.03333333333333333,0.0,-0.0
1743595702.7975543,0.0,-94.0,324.0,,0.0488966669511246,-0.078,-1.6787724940631512,0.03333333333333333,0.0,-0.0
1743595702.8177567,0.0,-94.0,324.0,,0.05889666695112439,-0.088,-1.6779216691340006,0.03333333333333333,0.0,-0.0
1743595702.8388503,0.0,-94.0,324.0,,0.05889666695112439,-0.088,-1.6779216691340006,0.03333333333333333,0.0,-0.0
1743595702.8594851,0.0,-94.0,324.0,,0.0488966669511246,-0.069,-1.678778174663824,0.03333333333333333,0.0,-0.0
1743595702.8796818,0.0,-94.0,324.0,,0.05889666695112439,-0.078,-1.6779287750191267,0.03333333333333333,0.0,-0.0
1743595702.899931,0.0,-94.0,324.0,,0.05889666695112439,-0.078,-1.6779287750191267,0.03333333333333333,0.0,-0.0
1743595702.920204,0.0,-94.0,324.0,,0.0488966669511246,-0.069,-1.6608980340488997,0.03333333333333333,0.0,-0.0
1743595702.9403753,0.0,-94.0,324.0,,0.0488966669511246,-0.069,-1.6986425670032035,0.03333333333333333,0.0,-0.0
1743595702.9606616,0.0,-94.0,324.0,,0.0488966669511246,-0.069,-1.6986425670032035,0.03333333333333333,0.0,-0.0
1743595702.980924,0.0,-94.0,324.0,,0.0488966669511246,-0.069,-1.678778174663824,0.03333333333333333,0.0,-0.0
1743595703.0011477,0.0,-94.0,324.0,,0.0488966669511246,-0.069,-1.6986425670032035,0.03333333333333333,0.0,-0.0
1743595703.0217469,0.0,-94.0,324.0,,0.0488966669511246,-0.069,-1.6986425670032035,0.03333333333333333,0.0,-0.0
1743595703.0419312,0.0,-94.0,324.0,,0.0488966669511246,-0.069,-1.678778174663824,0.03333333333333333,0.0,-0.0
1743595703.0621505,0.0,-94.0,324.0,,0.0488966669511246,-0.078,-1.6787724940631512,0.03333333333333333,0.0,-0.0
1743595703.0825324,0.0,-94.0,324.0,,0.05889666695112439,-0.078,-1.6977833033321228,0.03333333333333333,0.0,-0.0
1743595703.1033432,0.0,-94.0,324.0,,0.03889666695112304,-0.069,-1.6994978193847299,0.03333333333333333,0.0,-0.0
1743595703.1235163,0.0,-94.0,324.0,,0.0488966669511246,-0.078,-1.698636820435572,0.03333333333333333,0.0,-0.0
1743595703.1436892,0.0,-94.0,324.0,,0.05889666695112439,-0.078,-1.6977833033321228,0.03333333333333333,0.0,-0.0
1743595703.1644158,0.0,-94.0,324.0,,0.0488966669511246,-0.069,-1.678778174663824,0.03333333333333333,0.0,-0.0
1743595703.1846478,0.0,-94.0,324.0,,0.0488966669511246,-0.069,-1.6986425670032035,0.03333333333333333,0.0,-0.0
1743595703.205154,0.0,-94.0,324.0,,0.0488966669511246,-0.078,-1.698636820435572,0.03333333333333333,0.0,-0.0
1743595703.2256672,0.0,-94.0,324.0,,0.05889666695112439,-0.078,-1.6977833033321228,0.03333333333333333,0.0,-0.0
1743595703.2459824,0.0,-94.0,324.0,,0.0488966669511246,-0.078,-1.6787724940631512,0.03333333333333333,0.0,-0.0
1743595703.2666726,0.0,-94.0,324.0,,0.05889666695112439,-0.078,-1.6779287750191267,0.03333333333333333,0.0,-0.0
1743595703.2869997,0.0,-94.0,324.0,,0.0488966669511246,-0.078,-1.6787724940631512,0.03333333333333333,0.0,-0.0
1743595703.3072362,0.0,-94.0,324.0,,0.0488966669511246,-0.069,-1.678778174663824,0.03333333333333333,0.0,-0.0
1743595703.3274293,0.0,-94.0,324.0,,0.0488966669511246,-0.078,-1.698636820435572,0.03333333333333333,0.0,-0.0
1743595703.3478756,0.0,-94.0,324.0,,0.05889666695112439,-0.078,-1.7176352527092762,0.03333333333333333,0.0,-0.0
1743595703.3685913,0.0,-94.0,324.0,,0.03889666695112304,-0.069,-1.6617346265154376,0.03333333333333333,0.0,-0.0
1743595703.3887985,0.0,-94.0,324.0,,0.0488966669511246,-0.069,-1.6986425670032035,0.03333333333333333,0.0,-0.0
1743595703.4089968,0.0,-94.0,324.0,,0.05889666695112439,-0.078,-1.6779287750191267,0.03333333333333333,0.0,-0.0
1743595703.4294918,0.0,-94.0,324.0,,0.0488966669511246,-0.069,-1.6986425670032035,0.03333333333333333,0.0,-0.0
1743595703.449965,0.0,-94.0,324.0,,0.0488966669511246,-0.069,-1.6986425670032035,0.03333333333333333,0.0,-0.0
1743595703.4701781,0.0,-94.0,324.0,,0.0488966669511246,-0.069,-1.678778174663824,0.03333333333333333,0.0,-0.0
1743595703.4904048,0.0,-94.0,324.0,,0.0488966669511246,-0.069,-1.6986425670032035,0.03333333333333333,0.0,-0.0
1743595703.5107915,0.0,-94.0,324.0,,0.05889666695112439,-0.078,-1.6977833033321228,0.03333333333333333,0.0,-0.0
1743595703.5312123,0.0,-94.0,324.0,,0.0488966669511246,-0.078,-1.6787724940631512,0.03333333333333333,0.0,-0.0
1743595703.5514035,0.0,-94.0,324.0,,0.0488966669511246,-0.078,-1.6787724940631512,0.03333333333333333,0.0,-0.0
1743595703.5717165,0.0,-94.0,324.0,,0.0488966669511246,-0.069,-1.678778174663824,0.03333333333333333,0.0,-0.0
1743595703.592175,0.0,-94.0,324.0,,0.05889666695112439,-0.069,-1.6977890325373481,0.03333333333333333,0.0,-0.0
1743595703.61261,0.0,-94.0,324.0,,0.05889666695112439,-0.069,-1.6977890325373481,0.03333333333333333,0.0,-0.0
1743595703.6330364,0.0,-94.0,324.0,,0.05889666695112439,-0.078,-1.6779287750191267,0.03333333333333333,0.0,-0.0
1743595703.6559067,0.0,-94.0,324.0,,0.0488966669511246,-0.078,-1.6787724940631512,0.03333333333333333,0.0,-0.0
1743595703.6761136,0.0,-94.0,324.0,,0.0488966669511246,-0.078,-1.6787724940631512,0.03333333333333333,0.0,-0.0
1743595703.6964352,0.0,-94.0,324.0,,0.0488966669511246,-0.078,-1.6787724940631512,0.03333333333333333,0.0,-0.0
1743595703.7166917,0.0,-94.0,324.0,,0.0488966669511246,-0.069,-1.6986425670032035,0.03333333333333333,0.0,-0.0
1743595703.7374465,0.0,-94.0,324.0,,0.0488966669511246,-0.069,-1.6986425670032035,0.03333333333333333,0.0,-0.0
1743595703.7576516,0.0,-94.0,324.0,,0.0488966669511246,-0.078,-1.7184985600958407,0.03333333333333333,0.0,-0.0
1743595703.777855,0.0,-94.0,324.0,,0.0488966669511246,-0.078,-1.6787724940631512,0.03333333333333333,0.0,-0.0
1743595703.7980332,0.0,-94.0,324.0,,0.0488966669511246,-0.078,-1.6787724940631512,0.03333333333333333,0.0,-0.0
1743595703.8182466,0.0,-94.0,324.0,,0.05889666695112439,-0.078,-1.6779287750191267,0.03333333333333333,0.0,-0.0
1743595703.838456,0.0,-94.0,324.0,,0.0488966669511246,-0.078,-1.6787724940631512,0.03333333333333333,0.0,-0.0
1743595703.858598,0.0,-94.0,324.0,,0.0488966669511246,-0.078,-1.6787724940631512,0.03333333333333333,0.0,-0.0
1743595703.878871,0.0,-94.0,324.0,,0.05889666695112439,-0.078,-1.6977833033321228,0.03333333333333333,0.0,-0.0
1743595703.8991115,0.0,-94.0,324.0,,0.05889666695112439,-0.069,-1.677934438453724,0.03333333333333333,0.0,-0.0
1743595703.9198112,0.0,-94.0,324.0,,0.05889666695112439,-0.069,-1.677934438453724,0.03333333333333333,0.0,-0.0
1743595703.9402947,0.0,-94.0,324.0,,0.0488966669511246,-0.078,-1.6787724940631512,0.03333333333333333,0.0,-0.0
1743595703.9606938,0.0,-94.0,324.0,,0.0488966669511246,-0.069,-1.678778174663824,0.03333333333333333,0.0,-0.0
1743595703.980888,0.0,-94.0,324.0,,0.0488966669511246,-0.069,-1.6986425670032035,0.03333333333333333,0.0,-0.0
1743595704.00108,0.0,-94.0,324.0,,0.0488966669511246,-0.078,-1.698636820435572,0.03333333333333333,0.0,-0.0
1743595704.0213792,0.0,-94.0,324.0,,0.0488966669511246,-0.078,-1.698636820435572,0.03333333333333333,0.0,-0.0
1743595704.0416358,0.0,-94.0,324.0,,0.0488966669511246,-0.069,-1.678778174663824,0.03333333333333333,0.0,-0.0
1743595704.0618415,0.0,-94.0,324.0,,0.05889666695112439,-0.078,-1.6779287750191267,0.03333333333333333,0.0,-0.0
1743595704.0820258,0.0,-94.0,324.0,,0.0488966669511246,-0.078,-1.6787724940631512,0.03333333333333333,0.0,-0.0
1743595704.1023445,0.0,-94.0,324.0,,0.0488966669511246,-0.078,-1.6787724940631512,0.03333333333333333,0.0,-0.0
1743595704.122614,0.0,-94.0,324.0,,0.0488966669511246,-0.078,-1.6787724940631512,0.03333333333333333,0.0,-0.0
1743595704.142797,0.0,-94.0,324.0,,0.0488966669511246,-0.078,-1.698636820435572,0.03333333333333333,0.0,-0.0
1743595704.163616,0.0,-94.0,324.0,,0.05889666695112439,-0.078,-1.6779287750191267,0.03333333333333333,0.0,-0.0
1743595704.1838264,0.0,-94.0,324.0,,0.0488966669511246,-0.078,-1.698636820435572,0.03333333333333333,0.0,-0.0
1743595704.2040105,0.0,-94.0,324.0,,0.0488966669511246,-0.078,-1.6787724940631512,0.03333333333333333,0.0,-0.0
1743595704.2242327,0.0,-94.0,324.0,,0.05889666695112439,-0.078,-1.6779287750191267,0.03333333333333333,0.0,-0.0
1743595704.244551,0.0,-94.0,324.0,,0.0488966669511246,-0.078,-1.698636820435572,0.03333333333333333,0.0,-0.0
1743595704.2648578,0.0,-94.0,324.0,,0.0488966669511246,-0.078,-1.698636820435572,0.03333333333333333,0.0,-0.0
1743595704.2850277,0.0,-94.0,324.0,,0.0488966669511246,-0.069,-1.6986425670032035,0.03333333333333333,0.0,-0.0
1743595704.3053186,0.0,-94.0,324.0,,0.0488966669511246,-0.078,-1.6787724940631512,0.03333333333333333,0.0,-0.0
1743595704.3255327,0.0,-94.0,324.0,,0.0488966669511246,-0.078,-1.6787724940631512,0.03333333333333333,0.0,-0.0
1743595704.3458583,0.0,-94.0,324.0,,0.0488966669511246,-0.078,-1.698636820435572,0.03333333333333333,0.0,-0.0
1743595704.3661375,0.0,-94.0,324.0,,0.0488966669511246,-0.078,-1.6787724940631512,0.03333333333333333,0.0,-0.0
1743595704.3863075,0.0,-94.0,324.0,,0.0488966669511246,-0.069,-1.6986425670032035,0.03333333333333333,0.0,-0.0
1743595704.40672,0.0,-94.0,324.0,,0.0488966669511246,-0.078,-1.698636820435572,0.03333333333333333,0.0,-0.0
1743595704.4268894,0.0,-94.0,324.0,,0.0488966669511246,-0.078,-1.698636820435572,0.03333333333333333,0.0,-0.0
1743595704.4471376,0.0,-94.0,324.0,,0.03889666695112304,-0.069,-1.6796236095135342,0.03333333333333333,0.0,-0.0
1743595704.4673388,0.0,-94.0,324.0,,0.03889666695112304,-0.069,-1.6796236095135342,0.03333333333333333,0.0,-0.0
1743595704.4883792,0.0,-94.0,324.0,,0.05889666695112439,-0.088,-1.6600504870903354,0.03333333333333333,0.0,-0.0
1743595704.5085773,0.0,-94.0,324.0,,0.05889666695112439,-0.069,-1.677934438453724,0.03333333333333333,0.0,-0.0
1743595704.5287333,0.0,-94.0,324.0,,0.0488966669511246,-0.069,-1.678778174663824,0.03333333333333333,0.0,-0.0
1743595704.548922,0.0,-94.0,324.0,,0.0488966669511246,-0.078,-1.698636820435572,0.03333333333333333,0.0,-0.0
1743595704.5692794,0.0,-94.0,324.0,,0.05889666695112439,-0.088,-1.7176279818453224,0.03333333333333333,0.0,-0.0
1743595704.5895905,0.0,-94.0,324.0,,0.0488966669511246,-0.069,-1.6986425670032035,0.03333333333333333,0.0,-0.0
1743595704.6113808,0.0,-94.0,324.0,,0.0488966669511246,-0.078,-1.660892412862824,0.03333333333333333,0.0,-0.0
1743595704.6321654,0.0,-94.0,324.0,,0.05889666695112439,-0.078,-1.6779287750191267,0.03333333333333333,0.0,-0.0
1743595704.652351,0.0,-94.0,324.0,,0.0488966669511246,-0.069,-1.678778174663824,0.03333333333333333,0.0,-0.0
1743595704.6731434,0.0,-94.0,324.0,,0.0488966669511246,-0.078,-1.698636820435572,0.03333333333333333,0.0,-0.0
1743595704.6937053,0.0,-94.0,324.0,,0.0488966669511246,-0.078,-1.698636820435572,0.03333333333333333,0.0,-0.0
1743595704.7139015,0.0,-94.0,324.0,,0.0488966669511246,-0.078,-1.6787724940631512,0.03333333333333333,0.0,-0.0
1743595704.734074,0.0,-94.0,324.0,,0.0488966669511246,-0.078,-1.6787724940631512,0.03333333333333333,0.0,-0.0
1743595704.7543387,0.0,-94.0,324.0,,0.0488966669511246,-0.078,-1.6787724940631512,0.03333333333333333,0.0,-0.0
1743595704.775411,0.0,-94.0,324.0,,0.0488966669511246,-0.078,-1.698636820435572,0.03333333333333333,0.0,-0.0
1743595704.7955863,0.0,-94.0,324.0,,0.0488966669511246,-0.069,-1.678778174663824,0.03333333333333333,0.0,-0.0
1743595704.81579,0.0,-94.0,324.0,,0.0488966669511246,-0.069,-1.678778174663824,0.03333333333333333,0.0,-0.0
1743595704.8361104,0.0,-94.0,324.0,,0.0488966669511246,-0.078,-1.6787724940631512,0.03333333333333333,0.0,-0.0
1743595704.8563678,0.0,-94.0,324.0,,0.0488966669511246,-0.078,-1.6787724940631512,0.03333333333333333,0.0,-0.0
1743595704.876574,0.0,-94.0,324.0,,0.0488966669511246,-0.078,-1.6787724940631512,0.03333333333333333,0.0,-0.0
1743595704.8968747,0.0,-94.0,324.0,,0.0488966669511246,-0.078,-1.698636820435572,0.03333333333333333,0.0,-0.0
1743595704.9173543,0.0,-94.0,324.0,,0.0488966669511246,-0.069,-1.678778174663824,0.03333333333333333,0.0,-0.0
1743595704.9375763,0.0,-94.0,324.0,,0.0488966669511246,-0.069,-1.678778174663824,0.03333333333333333,0.0,-0.0
1743595704.9577684,0.0,-94.0,324.0,,0.0488966669511246,-0.078,-1.6787724940631512,0.03333333333333333,0.0,-0.0
1743595704.9783993,0.0,-94.0,324.0,,0.0488966669511246,-0.078,-1.698636820435572,0.03333333333333333,0.0,-0.0
1743595704.9989998,0.0,-94.0,324.0,,0.0488966669511246,-0.078,-1.698636820435572,0.03333333333333333,0.0,-0.0
1743595705.0195773,0.0,-94.0,324.0,,0.05889666695112439,-0.078,-1.6779287750191267,0.03333333333333333,0.0,-0.0
1743595705.0397704,0.0,-94.0,324.0,,0.0488966669511246,-0.069,-1.6986425670032035,0.03333333333333333,0.0,-0.0
1743595705.0599751,0.0,-94.0,324.0,,0.0488966669511246,-0.069,-1.6986425670032035,0.03333333333333333,0.0,-0.0
1743595705.0804853,0.0,-94.0,324.0,,0.05889666695112439,-0.078,-1.6779287750191267,0.03333333333333333,0.0,-0.0
1743595705.1008499,0.0,-94.0,324.0,,0.0488966669511246,-0.069,-1.678778174663824,0.03333333333333333,0.0,-0.0
1743595705.1210177,0.0,-94.0,324.0,,0.0488966669511246,-0.078,-1.6787724940631512,0.03333333333333333,0.0,-0.0
1743595705.1433995,0.0,-94.0,324.0,,0.05889666695112439,-0.078,-1.6779287750191267,0.03333333333333333,0.0,-0.0
1743595705.1636007,0.0,-94.0,324.0,,0.0488966669511246,-0.078,-1.6787724940631512,0.03333333333333333,0.0,-0.0
1743595705.1838152,0.0,-94.0,324.0,,0.05889666695112439,-0.069,-1.677934438453724,0.03333333333333333,0.0,-0.0
1743595705.2039886,0.0,-94.0,324.0,,0.0488966669511246,-0.069,-1.678778174663824,0.03333333333333333,0.0,-0.0
1743595705.2241793,0.0,-94.0,324.0,,0.0488966669511246,-0.078,-1.698636820435572,0.03333333333333333,0.0,-0.0
1743595705.2444713,0.0,-94.0,324.0,,0.0488966669511246,-0.078,-1.6787724940631512,0.03333333333333333,0.0,-0.0
1743595705.2647243,0.0,-94.0,324.0,,0.05889666695112439,-0.078,-1.6977833033321228,0.03333333333333333,0.0,-0.0
1743595705.2849312,0.0,-94.0,324.0,,0.0488966669511246,-0.069,-1.6986425670032035,0.03333333333333333,0.0,-0.0
1743595705.3051002,0.0,-94.0,324.0,,0.05889666695112439,-0.069,-1.677934438453724,0.03333333333333333,0.0,-0.0
1743595705.325523,0.0,-94.0,324.0,,0.05889666695112439,-0.088,-1.6779216691340006,0.03333333333333333,0.0,-0.0
1743595705.3458757,0.0,-94.0,324.0,,0.0488966669511246,-0.069,-1.678778174663824,0.03333333333333333,0.0,-0.0
1743595705.366076,0.0,-94.0,324.0,,0.0488966669511246,-0.069,-1.678778174663824,0.03333333333333333,0.0,-0.0
1743595705.386579,0.0,-94.0,324.0,,0.0488966669511246,-0.069,-1.6986425670032035,0.03333333333333333,0.0,-0.0
1743595705.4067523,0.0,-94.0,324.0,,0.0488966669511246,-0.069,-1.6986425670032035,0.03333333333333333,0.0,-0.0
1743595705.4272077,0.0,-94.0,324.0,,0.0488966669511246,-0.078,-1.6787724940631512,0.03333333333333333,0.0,-0.0
1743595705.4474244,0.0,-94.0,324.0,,0.05889666695112439,-0.078,-1.6779287750191267,0.03333333333333333,0.0,-0.0
1743595705.46769,0.0,-94.0,324.0,,0.0488966669511246,-0.088,-1.6787653666401647,0.03333333333333333,0.0,-0.0
1743595705.4883263,0.0,-94.0,324.0,,0.0488966669511246,-0.078,-1.6787724940631512,0.03333333333333333,0.0,-0.0
1743595705.5088656,0.0,-94.0,324.0,,0.0488966669511246,-0.078,-1.6787724940631512,0.03333333333333333,0.0,-0.0
1743595705.5290682,0.0,-94.0,324.0,,0.0488966669511246,-0.069,-1.678778174663824,0.03333333333333333,0.0,-0.0
1743595705.5494447,0.0,-94.0,324.0,,0.0488966669511246,-0.069,-1.678778174663824,0.03333333333333333,0.0,-0.0
1743595705.5698307,0.0,-94.0,324.0,,0.0488966669511246,-0.078,-1.698636820435572,0.03333333333333333,0.0,-0.0
1743595705.5902805,0.0,-94.0,324.0,,0.05889666695112439,-0.078,-1.6779287750191267,0.03333333333333333,0.0,-0.0
1743595705.6108909,0.0,-94.0,324.0,,0.0488966669511246,-0.078,-1.698636820435572,0.03333333333333333,0.0,-0.0
1743595705.6323302,0.0,-94.0,324.0,,0.0488966669511246,-0.078,-1.698636820435572,0.03333333333333333,0.0,-0.0
1743595705.6525342,0.0,-94.0,324.0,,0.0488966669511246,-0.078,-1.698636820435572,0.03333333333333333,0.0,-0.0
1743595705.6727805,0.0,-94.0,324.0,,0.0488966669511246,-0.078,-1.698636820435572,0.03333333333333333,0.0,-0.0
1743595705.692973,0.0,-94.0,324.0,,0.05889666695112439,-0.069,-1.6977890325373481,0.03333333333333333,0.0,-0.0
1743595705.7136366,0.0,-94.0,324.0,,0.05889666695112439,-0.069,-1.6977890325373481,0.03333333333333333,0.0,-0.0
1743595705.7338579,0.0,-94.0,324.0,,0.05889666695112439,-0.078,-1.7176352527092762,0.03333333333333333,0.0,-0.0
1743595705.7541163,0.0,-94.0,324.0,,0.0488966669511246,-0.078,-1.6787724940631512,0.03333333333333333,0.0,-0.0
1743595705.7746935,0.0,-94.0,324.0,,0.0488966669511246,-0.078,-1.6787724940631512,0.03333333333333333,0.0,-0.0
1743595705.7950215,0.0,-94.0,324.0,,0.0488966669511246,-0.078,-1.6787724940631512,0.03333333333333333,0.0,-0.0
1743595705.8151941,0.0,-94.0,324.0,,0.0488966669511246,-0.069,-1.6986425670032035,0.03333333333333333,0.0,-0.0
1743595705.8354325,0.0,-94.0,324.0,,0.0488966669511246,-0.069,-1.6986425670032035,0.03333333333333333,0.0,-0.0
1743595705.856903,0.0,-94.0,324.0,,0.0488966669511246,-0.069,-1.678778174663824,0.03333333333333333,0.0,-0.0
1743595705.877093,0.0,-94.0,324.0,,0.0488966669511246,-0.078,-1.6787724940631512,0.03333333333333333,0.0,-0.0
1743595705.8974009,0.0,-94.0,324.0,,0.0488966669511246,-0.078,-1.6787724940631512,0.03333333333333333,0.0,-0.0
1743595705.9175742,0.0,-94.0,324.0,,0.05889666695112439,-0.078,-1.6779287750191267,0.03333333333333333,0.0,-0.0
1743595705.9377503,0.0,-94.0,324.0,,0.0488966669511246,-0.069,-1.6608980340488997,0.03333333333333333,0.0,-0.0
1743595705.957901,0.0,-94.0,324.0,,0.0488966669511246,-0.069,-1.6608980340488997,0.03333333333333333,0.0,-0.0
1743595705.9780946,0.0,-94.0,324.0,,0.0488966669511246,-0.078,-1.698636820435572,0.03333333333333333,0.0,-0.0
1743595705.9985476,0.0,-94.0,324.0,,0.0488966669511246,-0.078,-1.6787724940631512,0.03333333333333333,0.0,-0.0
1743595706.0189188,0.0,-94.0,324.0,,0.0488966669511246,-0.078,-1.6787724940631512,0.03333333333333333,0.0,-0.0
1743595706.0391154,0.0,-94.0,324.0,,0.0488966669511246,-0.069,-1.6986425670032035,0.03333333333333333,0.0,-0.0
1743595706.059819,0.0,-94.0,324.0,,0.0488966669511246,-0.069,-1.678778174663824,0.03333333333333333,0.0,-0.0
1743595706.080002,0.0,-94.0,324.0,,0.05889666695112439,-0.078,-1.6779287750191267,0.03333333333333333,0.0,-0.0
1743595706.1003227,0.0,-94.0,324.0,,0.0488966669511246,-0.078,-1.6787724940631512,0.03333333333333333,0.0,-0.0
1743595706.120733,0.0,-94.0,324.0,,0.03889666695112304,-0.069,-1.6796236095135342,0.03333333333333333,0.0,-0.0
1743595706.1409392,0.0,-94.0,324.0,,0.0488966669511246,-0.088,-1.6787653666401647,0.03333333333333333,0.0,-0.0
1743595706.161253,0.0,-94.0,324.0,,0.05889666695112439,-0.088,-1.6779216691340006,0.03333333333333333,0.0,-0.0
1743595706.1815586,0.0,-94.0,324.0,,0.0488966669511246,-0.078,-1.6787724940631512,0.03333333333333333,0.0,-0.0
1743595706.2018466,0.0,-94.0,324.0,,0.0488966669511246,-0.069,-1.678778174663824,0.03333333333333333,0.0,-0.0
1743595706.2224298,0.0,-94.0,324.0,,0.0488966669511246,-0.078,-1.698636820435572,0.03333333333333333,0.0,-0.0
1743595706.2430723,0.0,-94.0,324.0,,0.0488966669511246,-0.078,-1.6787724940631512,0.03333333333333333,0.0,-0.0
1743595706.2637005,0.0,-94.0,324.0,,0.0488966669511246,-0.078,-1.6787724940631512,0.03333333333333333,0.0,-0.0
1743595706.2841835,0.0,-94.0,324.0,,0.0488966669511246,-0.078,-1.6787724940631512,0.03333333333333333,0.0,-0.0
1743595706.304597,0.0,-94.0,324.0,,0.0488966669511246,-0.078,-1.6787724940631512,0.03333333333333333,0.0,-0.0
1743595706.324908,0.0,-94.0,324.0,,0.0488966669511246,-0.069,-1.6986425670032035,0.03333333333333333,0.0,-0.0
1743595706.3455465,0.0,-94.0,324.0,,0.0488966669511246,-0.078,-1.698636820435572,0.03333333333333333,0.0,-0.0
1743595706.367686,0.0,-94.0,324.0,,0.0488966669511246,-0.069,-1.6986425670032035,0.03333333333333333,0.0,-0.0
1743595706.3884504,0.0,-94.0,324.0,,0.05889666695112439,-0.069,-1.6977890325373481,0.03333333333333333,0.0,-0.0
1743595706.4097278,0.0,-94.0,324.0,,0.0488966669511246,-0.069,-1.6986425670032035,0.03333333333333333,0.0,-0.0
1743595706.4333317,0.0,-94.0,324.0,,0.0488966669511246,-0.069,-1.678778174663824,0.03333333333333333,0.0,-0.0
1743595706.4535525,0.0,-94.0,324.0,,0.0488966669511246,-0.069,-1.678778174663824,0.03333333333333333,0.0,-0.0
1743595706.473733,0.0,-94.0,324.0,,0.0488966669511246,-0.078,-1.6787724940631512,0.03333333333333333,0.0,-0.0
1743595706.4941874,0.0,-94.0,324.0,,0.0488966669511246,-0.078,-1.6787724940631512,0.03333333333333333,0.0,-0.0
1743595706.5155258,0.0,-94.0,324.0,,0.0488966669511246,-0.078,-1.698636820435572,0.03333333333333333,0.0,-0.0
1743595706.5359416,0.0,-94.0,324.0,,0.0488966669511246,-0.078,-1.698636820435572,0.03333333333333333,0.0,-0.0
1743595706.5561945,0.0,-94.0,324.0,,0.0488966669511246,-0.078,-1.698636820435572,0.03333333333333333,0.0,-0.0
1743595706.576379,0.0,-94.0,324.0,,0.0488966669511246,-0.078,-1.6787724940631512,0.03333333333333333,0.0,-0.0
1743595706.5968206,0.0,-94.0,324.0,,0.0488966669511246,-0.078,-1.6787724940631512,0.03333333333333333,0.0,-0.0
1743595706.617155,0.0,-94.0,324.0,,0.0488966669511246,-0.078,-1.6787724940631512,0.03333333333333333,0.0,-0.0
1743595706.637353,0.0,-94.0,324.0,,0.0488966669511246,-0.069,-1.678778174663824,0.03333333333333333,0.0,-0.0
1743595706.6575353,0.0,-94.0,324.0,,0.0488966669511246,-0.069,-1.678778174663824,0.03333333333333333,0.0,-0.0
1743595706.6783888,0.0,-94.0,324.0,,0.0488966669511246,-0.069,-1.678778174663824,0.03333333333333333,0.0,-0.0
1743595706.6987867,0.0,-94.0,324.0,,0.0488966669511246,-0.078,-1.6787724940631512,0.03333333333333333,0.0,-0.0
1743595706.7194135,0.0,-94.0,324.0,,0.0488966669511246,-0.078,-1.6787724940631512,0.03333333333333333,0.0,-0.0
1743595706.7404637,0.0,-94.0,324.0,,0.0488966669511246,-0.078,-1.6787724940631512,0.03333333333333333,0.0,-0.0
1743595706.7610064,0.0,-94.0,324.0,,0.0488966669511246,-0.078,-1.698636820435572,0.03333333333333333,0.0,-0.0
1743595706.7814896,0.0,-94.0,324.0,,0.0488966669511246,-0.078,-1.698636820435572,0.03333333333333333,0.0,-0.0
1743595706.8016746,0.0,-94.0,324.0,,0.0488966669511246,-0.069,-1.678778174663824,0.03333333333333333,0.0,-0.0
1743595706.821888,0.0,-94.0,324.0,,0.0488966669511246,-0.078,-1.6787724940631512,0.03333333333333333,0.0,-0.0
1743595706.8420873,0.0,-94.0,324.0,,0.0488966669511246,-0.078,-1.6787724940631512,0.03333333333333333,0.0,-0.0
1743595706.8622777,0.0,-94.0,324.0,,0.0488966669511246,-0.078,-1.698636820435572,0.03333333333333333,0.0,-0.0
1743595706.8825572,0.0,-94.0,324.0,,0.0488966669511246,-0.069,-1.678778174663824,0.03333333333333333,0.0,-0.0
1743595706.9027562,0.0,-94.0,324.0,,0.05889666695112439,-0.078,-1.6600575186501998,0.03333333333333333,0.0,-0.0
1743595706.922947,0.0,-94.0,324.0,,0.0488966669511246,-0.078,-1.698636820435572,0.03333333333333333,0.0,-0.0
1743595706.9432268,0.0,-94.0,324.0,,0.0488966669511246,-0.069,-1.6986425670032035,0.03333333333333333,0.0,-0.0
1743595706.9633417,0.0,-94.0,324.0,,0.0488966669511246,-0.069,-1.6986425670032035,0.03333333333333333,0.0,-0.0
1743595706.9835088,0.0,-94.0,324.0,,0.05889666695112439,-0.069,-1.6977890325373481,0.03333333333333333,0.0,-0.0
1743595707.0063765,0.0,-94.0,324.0,,0.0488966669511246,-0.078,-1.6787724940631512,0.03333333333333333,0.0,-0.0
1743595707.0265474,0.0,-94.0,324.0,,0.0488966669511246,-0.078,-1.6787724940631512,0.03333333333333333,0.0,-0.0
1743595707.0467243,0.0,-94.0,324.0,,0.0488966669511246,-0.069,-1.678778174663824,0.03333333333333333,0.0,-0.0
1743595707.066908,0.0,-94.0,324.0,,0.0488966669511246,-0.078,-1.698636820435572,0.03333333333333333,0.0,-0.0
1743595707.087088,0.0,-94.0,324.0,,0.0488966669511246,-0.078,-1.6787724940631512,0.03333333333333333,0.0,-0.0
1743595707.1073856,0.0,-94.0,324.0,,0.0488966669511246,-0.069,-1.6986425670032035,0.03333333333333333,0.0,-0.0
1743595707.1276608,0.0,-94.0,324.0,,0.0488966669511246,-0.078,-1.698636820435572,0.03333333333333333,0.0,-0.0
1743595707.1486006,0.0,-94.0,324.0,,0.0488966669511246,-0.078,-1.698636820435572,0.03333333333333333,0.0,-0.0
1743595707.1693368,0.0,-94.0,324.0,,0.0488966669511246,-0.078,-1.698636820435572,0.03333333333333333,0.0,-0.0
1743595707.1900535,0.0,-94.0,324.0,,0.0488966669511246,-0.069,-1.678778174663824,0.03333333333333333,0.0,-0.0
1743595707.210656,0.0,-94.0,324.0,,0.0488966669511246,-0.078,-1.698636820435572,0.03333333333333333,0.0,-0.0
1743595707.2311828,0.0,-94.0,324.0,,0.0488966669511246,-0.069,-1.6986425670032035,0.03333333333333333,0.0,-0.0
1743595707.2516289,0.0,-94.0,324.0,,0.0488966669511246,-0.078,-1.6787724940631512,0.03333333333333333,0.0,-0.0
1743595707.2720408,0.0,-94.0,324.0,,0.0488966669511246,-0.078,-1.6787724940631512,0.03333333333333333,0.0,-0.0
1743595707.2922459,0.0,-94.0,324.0,,0.0488966669511246,-0.069,-1.678778174663824,0.03333333333333333,0.0,-0.0
1743595707.3130875,0.0,-94.0,324.0,,0.0488966669511246,-0.078,-1.6787724940631512,0.03333333333333333,0.0,-0.0
1743595707.3332534,0.0,-94.0,324.0,,0.0488966669511246,-0.078,-1.6787724940631512,0.03333333333333333,0.0,-0.0
1743595707.3534174,0.0,-94.0,324.0,,0.0488966669511246,-0.078,-1.6787724940631512,0.03333333333333333,0.0,-0.0
1743595707.373576,0.0,-94.0,324.0,,0.05889666695112439,-0.078,-1.6977833033321228,0.03333333333333333,0.0,-0.0
1743595707.3942237,0.0,-94.0,324.0,,0.05889666695112439,-0.078,-1.6977833033321228,0.03333333333333333,0.0,-0.0
1743595707.4143815,0.0,-94.0,324.0,,0.0488966669511246,-0.069,-1.6986425670032035,0.03333333333333333,0.0,-0.0
1743595707.434558,0.0,-94.0,324.0,,0.05889666695112439,-0.078,-1.6977833033321228,0.03333333333333333,0.0,-0.0
1743595707.455468,0.0,-94.0,324.0,,0.05889666695112439,-0.078,-1.6977833033321228,0.03333333333333333,0.0,-0.0
1743595707.476079,0.0,-94.0,324.0,,0.03889666695112304,-0.078,-1.6796179116774748,0.03333333333333333,0.0,-0.0
1743595707.4965222,0.0,-94.0,324.0,,0.0488966669511246,-0.078,-1.6787724940631512,0.03333333333333333,0.0,-0.0
1743595707.5167308,0.0,-94.0,324.0,,0.0488966669511246,-0.078,-1.6787724940631512,0.03333333333333333,0.0,-0.0
1743595707.5369203,0.0,-94.0,324.0,,0.0488966669511246,-0.078,-1.698636820435572,0.03333333333333333,0.0,-0.0
1743595707.5574636,0.0,-94.0,324.0,,0.0488966669511246,-0.069,-1.678778174663824,0.03333333333333333,0.0,-0.0
1743595707.5779111,0.0,-94.0,324.0,,0.0488966669511246,-0.069,-1.678778174663824,0.03333333333333333,0.0,-0.0
1743595707.5984812,0.0,-94.0,324.0,,0.0488966669511246,-0.078,-1.698636820435572,0.03333333333333333,0.0,-0.0
1743595707.6187208,0.0,-94.0,324.0,,0.0488966669511246,-0.069,-1.7185043725780211,0.03333333333333333,0.0,-0.0
1743595707.6393588,0.0,-94.0,324.0,,0.0488966669511246,-0.069,-1.7185043725780211,0.03333333333333333,0.0,-0.0
1743595707.663165,0.0,-94.0,324.0,,0.0488966669511246,-0.088,-1.660885359987078,0.03333333333333333,0.0,-0.0
1743595707.6834216,0.0,-94.0,324.0,,0.0488966669511246,-0.088,-1.660885359987078,0.03333333333333333,0.0,-0.0
1743595707.703886,0.0,-94.0,324.0,,0.03889666695112304,-0.069,-1.6796236095135342,0.03333333333333333,0.0,-0.0
1743595707.724342,0.0,-94.0,324.0,,0.0488966669511246,-0.069,-1.6986425670032035,0.03333333333333333,0.0,-0.0
1743595707.7446392,0.0,-94.0,324.0,,0.0488966669511246,-0.069,-1.6986425670032035,0.03333333333333333,0.0,-0.0
1743595707.7649112,0.0,-94.0,324.0,,0.0488966669511246,-0.069,-1.6986425670032035,0.03333333333333333,0.0,-0.0
1743595707.786383,0.0,-94.0,324.0,,0.0488966669511246,-0.078,-1.6787724940631512,0.03333333333333333,0.0,-0.0
1743595707.806601,0.0,-94.0,324.0,,0.0488966669511246,-0.088,-1.6787653666401647,0.03333333333333333,0.0,-0.0
1743595707.8267894,0.0,-94.0,324.0,,0.0488966669511246,-0.078,-1.6787724940631512,0.03333333333333333,0.0,-0.0
1743595707.8470767,0.0,-94.0,324.0,,0.0488966669511246,-0.078,-1.6787724940631512,0.03333333333333333,0.0,-0.0
1743595707.867363,0.0,-94.0,324.0,,0.05889666695112439,-0.069,-1.677934438453724,0.03333333333333333,0.0,-0.0
1743595707.8877,0.0,-94.0,324.0,,0.0488966669511246,-0.078,-1.698636820435572,0.03333333333333333,0.0,-0.0
1743595707.9080777,0.0,-94.0,324.0,,0.0488966669511246,-0.069,-1.678778174663824,0.03333333333333333,0.0,-0.0
1743595707.9284894,0.0,-94.0,324.0,,0.0488966669511246,-0.069,-1.678778174663824,0.03333333333333333,0.0,-0.0
1743595707.9528148,0.0,-94.0,324.0,,0.05889666695112439,-0.069,-1.677934438453724,0.03333333333333333,0.0,-0.0
1743595707.9753656,0.0,-94.0,324.0,,0.0488966669511246,-0.078,-1.660892412862824,0.03333333333333333,0.0,-0.0
1743595707.9955354,0.0,-94.0,324.0,,0.0488966669511246,-0.078,-1.660892412862824,0.03333333333333333,0.0,-0.0
1743595708.0157337,0.0,-94.0,324.0,,0.0488966669511246,-0.069,-1.678778174663824,0.03333333333333333,0.0,-0.0
1743595708.0359466,0.0,-94.0,324.0,,0.0488966669511246,-0.069,-1.678778174663824,0.03333333333333333,0.0,-0.0
1743595708.0561457,0.0,-94.0,324.0,,0.0488966669511246,-0.069,-1.678778174663824,0.03333333333333333,0.0,-0.0
1743595708.076336,0.0,-94.0,324.0,,0.0488966669511246,-0.078,-1.698636820435572,0.03333333333333333,0.0,-0.0
1743595708.0965111,0.0,-94.0,324.0,,0.0488966669511246,-0.069,-1.6986425670032035,0.03333333333333333,0.0,-0.0
1743595708.1168761,0.0,-94.0,324.0,,0.0488966669511246,-0.069,-1.6986425670032035,0.03333333333333333,0.0,-0.0
1743595708.137185,0.0,-94.0,324.0,,0.0488966669511246,-0.078,-1.6787724940631512,0.03333333333333333,0.0,-0.0
1743595708.1575708,0.0,-94.0,324.0,,0.0488966669511246,-0.078,-1.6787724940631512,0.03333333333333333,0.0,-0.0
1743595708.1777778,0.0,-94.0,324.0,,0.0488966669511246,-0.078,-1.6787724940631512,0.03333333333333333,0.0,-0.0
1743595708.198065,0.0,-94.0,324.0,,0.05889666695112439,-0.069,-1.6977890325373481,0.03333333333333333,0.0,-0.0
1743595708.218392,0.0,-94.0,324.0,,0.0488966669511246,-0.088,-1.6787653666401647,0.03333333333333333,0.0,-0.0
1743595708.2386892,0.0,-94.0,324.0,,0.0488966669511246,-0.078,-1.6787724940631512,0.03333333333333333,0.0,-0.0
1743595708.2588842,0.0,-94.0,324.0,,0.0488966669511246,-0.069,-1.678778174663824,0.03333333333333333,0.0,-0.0
1743595708.2790563,0.0,-94.0,324.0,,0.0488966669511246,-0.069,-1.678778174663824,0.03333333333333333,0.0,-0.0
1743595708.2994719,0.0,-94.0,324.0,,0.0488966669511246,-0.069,-1.6986425670032035,0.03333333333333333,0.0,-0.0
1743595708.319812,0.0,-94.0,324.0,,0.0488966669511246,-0.069,-1.678778174663824,0.03333333333333333,0.0,-0.0
1743595708.340023,0.0,-94.0,324.0,,0.0488966669511246,-0.069,-1.6986425670032035,0.03333333333333333,0.0,-0.0
1743595708.3601992,0.0,-94.0,324.0,,0.0488966669511246,-0.078,-1.698636820435572,0.03333333333333333,0.0,-0.0
1743595708.3804677,0.0,-94.0,324.0,,0.0488966669511246,-0.069,-1.678778174663824,0.03333333333333333,0.0,-0.0
1743595708.400727,0.0,-94.0,324.0,,0.0488966669511246,-0.078,-1.698636820435572,0.03333333333333333,0.0,-0.0
1743595708.4209142,0.0,-94.0,324.0,,0.05889666695112439,-0.078,-1.6977833033321228,0.03333333333333333,0.0,-0.0
1743595708.4412735,0.0,-94.0,324.0,,0.03889666695112304,-0.069,-1.6994978193847299,0.03333333333333333,0.0,-0.0
1743595708.4614391,0.0,-94.0,324.0,,0.0488966669511246,-0.069,-1.6986425670032035,0.03333333333333333,0.0,-0.0
1743595708.4816122,0.0,-94.0,324.0,,0.0488966669511246,-0.078,-1.6787724940631512,0.03333333333333333,0.0,-0.0
1743595708.5033665,0.0,-94.0,324.0,,0.0488966669511246,-0.078,-1.6787724940631512,0.03333333333333333,0.0,-0.0
1743595708.523564,0.0,-94.0,324.0,,0.0488966669511246,-0.059,-1.698648126907902,0.03333333333333333,0.0,-0.0
1743595708.5437744,0.0,-94.0,324.0,,0.0488966669511246,-0.078,-1.7184985600958407,0.03333333333333333,0.0,-0.0
1743595708.5640063,0.0,-94.0,324.0,,0.0488966669511246,-0.069,-1.6986425670032035,0.03333333333333333,0.0,-0.0
1743595708.584376,0.0,-94.0,324.0,,0.0488966669511246,-0.069,-1.678778174663824,0.03333333333333333,0.0,-0.0
1743595708.6048048,0.0,-94.0,324.0,,0.0488966669511246,-0.078,-1.6787724940631512,0.03333333333333333,0.0,-0.0
1743595708.6250272,0.0,-94.0,324.0,,0.0488966669511246,-0.088,-1.660885359987078,0.03333333333333333,0.0,-0.0
1743595708.6456459,0.0,-94.0,324.0,,0.0488966669511246,-0.069,-1.678778174663824,0.03333333333333333,0.0,-0.0
1743595708.666154,0.0,-94.0,324.0,,0.0488966669511246,-0.069,-1.6986425670032035,0.03333333333333333,0.0,-0.0
1743595708.6866035,0.0,-94.0,324.0,,0.0488966669511246,-0.069,-1.6986425670032035,0.03333333333333333,0.0,-0.0
1743595708.707528,0.0,-94.0,324.0,,0.0488966669511246,-0.069,-1.6986425670032035,0.03333333333333333,0.0,-0.0
1743595708.7281468,0.0,-94.0,324.0,,0.0488966669511246,-0.069,-1.678778174663824,0.03333333333333333,0.0,-0.0
1743595708.7487314,0.0,-94.0,324.0,,0.05889666695112439,-0.069,-1.6977890325373481,0.03333333333333333,0.0,-0.0
1743595708.772427,0.0,-94.0,324.0,,0.05889666695112439,-0.069,-1.6977890325373481,0.03333333333333333,0.0,-0.0
1743595708.7926555,0.0,-94.0,324.0,,0.05889666695112439,-0.078,-1.6779287750191267,0.03333333333333333,0.0,-0.0
1743595708.812894,0.0,-94.0,324.0,,0.0488966669511246,-0.069,-1.678778174663824,0.03333333333333333,0.0,-0.0
1743595708.8331573,0.0,-94.0,324.0,,0.0488966669511246,-0.069,-1.678778174663824,0.03333333333333333,0.0,-0.0
1743595708.8535087,0.0,-94.0,324.0,,0.0488966669511246,-0.069,-1.6986425670032035,0.03333333333333333,0.0,-0.0
1743595708.8737247,0.0,-94.0,324.0,,0.0488966669511246,-0.078,-1.698636820435572,0.03333333333333333,0.0,-0.0
1743595708.8940203,0.0,-94.0,324.0,,0.0488966669511246,-0.078,-1.698636820435572,0.03333333333333333,0.0,-0.0
1743595708.9142756,0.0,-94.0,324.0,,0.0488966669511246,-0.069,-1.678778174663824,0.03333333333333333,0.0,-0.0
1743595708.935377,0.0,-94.0,324.0,,0.05889666695112439,-0.078,-1.6779287750191267,0.03333333333333333,0.0,-0.0
1743595708.9564114,0.0,-94.0,324.0,,0.05889666695112439,-0.078,-1.6779287750191267,0.03333333333333333,0.0,-0.0
1743595708.9766164,0.0,-94.0,324.0,,0.0488966669511246,-0.069,-1.6986425670032035,0.03333333333333333,0.0,-0.0
1743595708.996815,0.0,-94.0,324.0,,0.0488966669511246,-0.069,-1.6986425670032035,0.03333333333333333,0.0,-0.0
1743595709.0170553,0.0,-94.0,324.0,,0.0488966669511246,-0.069,-1.6986425670032035,0.03333333333333333,0.0,-0.0
1743595709.0374305,0.0,-94.0,324.0,,0.03889666695112304,-0.078,-1.6796179116774748,0.03333333333333333,0.0,-0.0
1743595709.0578291,0.0,-94.0,324.0,,0.0488966669511246,-0.078,-1.6787724940631512,0.03333333333333333,0.0,-0.0
1743595709.0780854,0.0,-94.0,324.0,,0.0488966669511246,-0.069,-1.6986425670032035,0.03333333333333333,0.0,-0.0
1743595709.0987701,0.0,-94.0,324.0,,0.05889666695112439,-0.078,-1.6779287750191267,0.03333333333333333,0.0,-0.0
1743595709.1195986,0.0,-94.0,324.0,,0.0488966669511246,-0.078,-1.698636820435572,0.03333333333333333,0.0,-0.0
1743595709.1424081,0.0,-94.0,324.0,,0.0488966669511246,-0.078,-1.6787724940631512,0.03333333333333333,0.0,-0.0
1743595709.1626377,0.0,-94.0,324.0,,0.0488966669511246,-0.069,-1.6986425670032035,0.03333333333333333,0.0,-0.0
1743595709.182891,0.0,-94.0,324.0,,0.0488966669511246,-0.078,-1.698636820435572,0.03333333333333333,0.0,-0.0
1743595709.2030718,0.0,-94.0,324.0,,0.0488966669511246,-0.069,-1.6986425670032035,0.03333333333333333,0.0,-0.0
1743595709.2232764,0.0,-94.0,324.0,,0.0488966669511246,-0.069,-1.6986425670032035,0.03333333333333333,0.0,-0.0
1743595709.2434728,0.0,-94.0,324.0,,0.0488966669511246,-0.078,-1.698636820435572,0.03333333333333333,0.0,-0.0
1743595709.2636995,0.0,-94.0,324.0,,0.0488966669511246,-0.069,-1.678778174663824,0.03333333333333333,0.0,-0.0
1743595709.28394,0.0,-94.0,324.0,,0.0488966669511246,-0.078,-1.698636820435572,0.03333333333333333,0.0,-0.0
1743595709.3045046,0.0,-94.0,324.0,,0.0488966669511246,-0.078,-1.698636820435572,0.03333333333333333,0.0,-0.0
1743595709.324977,0.0,-94.0,324.0,,0.0488966669511246,-0.069,-1.6986425670032035,0.03333333333333333,0.0,-0.0
1743595709.345491,0.0,-94.0,324.0,,0.0488966669511246,-0.069,-1.678778174663824,0.03333333333333333,0.0,-0.0
1743595709.3664665,0.0,-94.0,324.0,,0.05889666695112439,-0.078,-1.6600575186501998,0.03333333333333333,0.0,-0.0
1743595709.3873036,0.0,-94.0,324.0,,0.05889666695112439,-0.078,-1.6600575186501998,0.03333333333333333,0.0,-0.0
1743595709.4083917,0.0,-94.0,324.0,,0.03889666695112304,-0.069,-1.6994978193847299,0.03333333333333333,0.0,-0.0
1743595709.42888,0.0,-94.0,324.0,,0.0488966669511246,-0.069,-1.7185043725780211,0.03333333333333333,0.0,-0.0
1743595709.4524446,0.0,-94.0,324.0,,0.0488966669511246,-0.069,-1.678778174663824,0.03333333333333333,0.0,-0.0
1743595709.472659,0.0,-94.0,324.0,,0.05889666695112439,-0.078,-1.6600575186501998,0.03333333333333333,0.0,-0.0
1743595709.4929075,0.0,-94.0,324.0,,0.05889666695112439,-0.078,-1.6600575186501998,0.03333333333333333,0.0,-0.0
1743595709.5165865,0.0,-94.0,324.0,,0.0488966669511246,-0.078,-1.698636820435572,0.03333333333333333,0.0,-0.0
1743595709.5368657,0.0,-94.0,324.0,,0.0488966669511246,-0.078,-1.698636820435572,0.03333333333333333,0.0,-0.0
1743595709.5572681,0.0,-94.0,324.0,,0.0488966669511246,-0.078,-1.698636820435572,0.03333333333333333,0.0,-0.0
1743595709.5775144,0.0,-94.0,324.0,,0.0488966669511246,-0.078,-1.6787724940631512,0.03333333333333333,0.0,-0.0
1743595709.5979273,0.0,-94.0,324.0,,0.05889666695112439,-0.078,-1.6779287750191267,0.03333333333333333,0.0,-0.0
1743595709.618362,0.0,-94.0,324.0,,0.05889666695112439,-0.078,-1.6779287750191267,0.03333333333333333,0.0,-0.0
1743595709.6385458,0.0,-94.0,324.0,,0.0488966669511246,-0.069,-1.678778174663824,0.03333333333333333,0.0,-0.0
1743595709.6587274,0.0,-94.0,324.0,,0.0488966669511246,-0.069,-1.6986425670032035,0.03333333333333333,0.0,-0.0
1743595709.6795678,0.0,-94.0,324.0,,0.0488966669511246,-0.078,-1.698636820435572,0.03333333333333333,0.0,-0.0
1743595709.7002845,0.0,-94.0,324.0,,0.0488966669511246,-0.078,-1.6787724940631512,0.03333333333333333,0.0,-0.0
1743595709.7206137,0.0,-94.0,324.0,,0.0488966669511246,-0.069,-1.678778174663824,0.03333333333333333,0.0,-0.0
1743595709.7408278,0.0,-94.0,324.0,,0.05889666695112439,-0.078,-1.6977833033321228,0.03333333333333333,0.0,-0.0
1743595709.7610137,0.0,-94.0,324.0,,0.05889666695112439,-0.078,-1.6779287750191267,0.03333333333333333,0.0,-0.0
1743595709.7813394,0.0,-94.0,324.0,,0.05889666695112439,-0.078,-1.6779287750191267,0.03333333333333333,0.0,-0.0
1743595709.8016384,0.0,-94.0,324.0,,0.0488966669511246,-0.078,-1.6787724940631512,0.03333333333333333,0.0,-0.0
1743595709.8219318,0.0,-94.0,324.0,,0.0488966669511246,-0.078,-1.6787724940631512,0.03333333333333333,0.0,-0.0
1743595709.8422554,0.0,-94.0,324.0,,0.0488966669511246,-0.078,-1.698636820435572,0.03333333333333333,0.0,-0.0
1743595709.8629103,0.0,-94.0,324.0,,0.0488966669511246,-0.069,-1.678778174663824,0.03333333333333333,0.0,-0.0
1743595709.8863795,0.0,-94.0,324.0,,0.0488966669511246,-0.069,-1.6986425670032035,0.03333333333333333,0.0,-0.0
1743595709.9067113,0.0,-94.0,324.0,,0.05889666695112439,-0.069,-1.6977890325373481,0.03333333333333333,0.0,-0.0
1743595709.9269197,0.0,-94.0,324.0,,0.0488966669511246,-0.069,-1.678778174663824,0.03333333333333333,0.0,-0.0
1743595709.9472575,0.0,-94.0,324.0,,0.05889666695112439,-0.078,-1.6977833033321228,0.03333333333333333,0.0,-0.0
1743595709.9677339,0.0,-94.0,324.0,,0.0488966669511246,-0.078,-1.698636820435572,0.03333333333333333,0.0,-0.0
1743595709.988156,0.0,-94.0,324.0,,0.0488966669511246,-0.069,-1.678778174663824,0.03333333333333333,0.0,-0.0
1743595710.00832,0.0,-94.0,324.0,,0.0488966669511246,-0.078,-1.6787724940631512,0.03333333333333333,0.0,-0.0
1743595710.028655,0.0,-94.0,324.0,,0.0488966669511246,-0.078,-1.6787724940631512,0.03333333333333333,0.0,-0.0
1743595710.048993,0.0,-94.0,324.0,,0.0488966669511246,-0.078,-1.6787724940631512,0.03333333333333333,0.0,-0.0
1743595710.0692842,0.0,-94.0,324.0,,0.05889666695112439,-0.069,-1.717641047632982,0.03333333333333333,0.0,-0.0
1743595710.089483,0.0,-94.0,324.0,,0.05889666695112439,-0.069,-1.717641047632982,0.03333333333333333,0.0,-0.0
1743595710.1096554,0.0,-94.0,324.0,,0.05889666695112439,-0.078,-1.7176352527092762,0.03333333333333333,0.0,-0.0
1743595710.129994,0.0,-94.0,324.0,,0.0488966669511246,-0.078,-1.6787724940631512,0.03333333333333333,0.0,-0.0
1743595710.1503744,0.0,-94.0,324.0,,0.0488966669511246,-0.078,-1.6787724940631512,0.03333333333333333,0.0,-0.0
1743595710.170544,0.0,-94.0,324.0,,0.05889666695112439,-0.088,-1.6779216691340006,0.03333333333333333,0.0,-0.0
1743595710.1909413,0.0,-94.0,324.0,,0.0488966669511246,-0.069,-1.6986425670032035,0.03333333333333333,0.0,-0.0
1743595710.2116637,0.0,-94.0,324.0,,0.0488966669511246,-0.069,-1.6986425670032035,0.03333333333333333,0.0,-0.0
1743595710.2323298,0.0,-94.0,324.0,,0.0488966669511246,-0.069,-1.6986425670032035,0.03333333333333333,0.0,-0.0
1743595710.2525141,0.0,-94.0,324.0,,0.0488966669511246,-0.078,-1.6787724940631512,0.03333333333333333,0.0,-0.0
1743595710.272719,0.0,-94.0,324.0,,0.0488966669511246,-0.078,-1.6787724940631512,0.03333333333333333,0.0,-0.0
1743595710.2930493,0.0,-94.0,324.0,,0.0488966669511246,-0.069,-1.6986425670032035,0.03333333333333333,0.0,-0.0
1743595710.3133276,0.0,-94.0,324.0,,0.0488966669511246,-0.078,-1.698636820435572,0.03333333333333333,0.0,-0.0
1743595710.3335,0.0,-94.0,324.0,,0.0488966669511246,-0.078,-1.698636820435572,0.03333333333333333,0.0,-0.0
1743595710.353737,0.0,-94.0,324.0,,0.0488966669511246,-0.078,-1.6787724940631512,0.03333333333333333,0.0,-0.0
1743595710.3741693,0.0,-94.0,324.0,,0.0488966669511246,-0.078,-1.6787724940631512,0.03333333333333333,0.0,-0.0
1743595710.3947685,0.0,-94.0,324.0,,0.0488966669511246,-0.078,-1.6787724940631512,0.03333333333333333,0.0,-0.0
1743595710.414972,0.0,-94.0,324.0,,0.0488966669511246,-0.069,-1.6986425670032035,0.03333333333333333,0.0,-0.0
1743595710.4358847,0.0,-94.0,324.0,,0.0488966669511246,-0.069,-1.6986425670032035,0.03333333333333333,0.0,-0.0
1743595710.456057,0.0,-94.0,324.0,,0.0488966669511246,-0.069,-1.6986425670032035,0.03333333333333333,0.0,-0.0
1743595710.47622,0.0,-94.0,324.0,,0.05889666695112439,-0.078,-1.6779287750191267,0.03333333333333333,0.0,-0.0
1743595710.4963648,0.0,-94.0,324.0,,0.0488966669511246,-0.069,-1.6986425670032035,0.03333333333333333,0.0,-0.0
1743595710.5165412,0.0,-94.0,324.0,,0.0488966669511246,-0.069,-1.6986425670032035,0.03333333333333333,0.0,-0.0
1743595710.5369654,0.0,-94.0,324.0,,0.0488966669511246,-0.078,-1.6787724940631512,0.03333333333333333,0.0,-0.0
1743595710.5573533,0.0,-94.0,324.0,,0.0488966669511246,-0.078,-1.6787724940631512,0.03333333333333333,0.0,-0.0
1743595710.5775328,0.0,-94.0,324.0,,0.05889666695112439,-0.078,-1.6977833033321228,0.03333333333333333,0.0,-0.0
1743595710.600395,0.0,-94.0,324.0,,0.05889666695112439,-0.069,-1.677934438453724,0.03333333333333333,0.0,-0.0
1743595710.6205819,0.0,-94.0,324.0,,0.0488966669511246,-0.078,-1.6787724940631512,0.03333333333333333,0.0,-0.0
1743595710.6407802,0.0,-94.0,324.0,,0.05889666695112439,-0.069,-1.677934438453724,0.03333333333333333,0.0,-0.0
1743595710.6610343,0.0,-94.0,324.0,,0.0488966669511246,-0.078,-1.698636820435572,0.03333333333333333,0.0,-0.0
1743595710.6813176,0.0,-94.0,324.0,,0.0488966669511246,-0.069,-1.678778174663824,0.03333333333333333,0.0,-0.0
1743595710.701688,0.0,-94.0,324.0,,0.0488966669511246,-0.069,-1.678778174663824,0.03333333333333333,0.0,-0.0
1743595710.7222886,0.0,-94.0,324.0,,0.05889666695112439,-0.069,-1.6977890325373481,0.03333333333333333,0.0,-0.0
1743595710.7424688,0.0,-94.0,324.0,,0.05889666695112439,-0.078,-1.6779287750191267,0.03333333333333333,0.0,-0.0
1743595710.7626722,0.0,-94.0,324.0,,0.05889666695112439,-0.078,-1.6779287750191267,0.03333333333333333,0.0,-0.0
1743595710.7829344,0.0,-94.0,324.0,,0.0488966669511246,-0.069,-1.678778174663824,0.03333333333333333,0.0,-0.0
1743595710.803189,0.0,-94.0,324.0,,0.05889666695112439,-0.069,-1.677934438453724,0.03333333333333333,0.0,-0.0
1743595710.8233795,0.0,-94.0,324.0,,0.0488966669511246,-0.069,-1.678778174663824,0.03333333333333333,0.0,-0.0
1743595710.8435504,0.0,-94.0,324.0,,0.05889666695112439,-0.078,-1.6977833033321228,0.03333333333333333,0.0,-0.0
1743595710.864025,0.0,-94.0,324.0,,0.0488966669511246,-0.078,-1.6787724940631512,0.03333333333333333,0.0,-0.0
1743595710.884364,0.0,-94.0,324.0,,0.0488966669511246,-0.069,-1.6986425670032035,0.03333333333333333,0.0,-0.0
1743595710.9049025,0.0,-94.0,324.0,,0.0488966669511246,-0.069,-1.678778174663824,0.03333333333333333,0.0,-0.0
1743595710.9251018,0.0,-94.0,324.0,,0.0488966669511246,-0.078,-1.6787724940631512,0.03333333333333333,0.0,-0.0
1743595710.9456897,0.0,-94.0,324.0,,0.0488966669511246,-0.078,-1.6787724940631512,0.03333333333333333,0.0,-0.0
1743595710.965888,0.0,-94.0,324.0,,0.0488966669511246,-0.069,-1.678778174663824,0.03333333333333333,0.0,-0.0
1743595710.9863985,0.0,-94.0,324.0,,0.0488966669511246,-0.069,-1.678778174663824,0.03333333333333333,0.0,-0.0
1743595711.0067494,0.0,-94.0,324.0,,0.0488966669511246,-0.069,-1.6986425670032035,0.03333333333333333,0.0,-0.0
1743595711.0271893,0.0,-94.0,324.0,,0.0488966669511246,-0.078,-1.6787724940631512,0.03333333333333333,0.0,-0.0
1743595711.04737,0.0,-94.0,324.0,,0.0488966669511246,-0.078,-1.6787724940631512,0.03333333333333333,0.0,-0.0
1743595711.0678556,0.0,-94.0,324.0,,0.05889666695112439,-0.078,-1.6779287750191267,0.03333333333333333,0.0,-0.0
1743595711.0882843,0.0,-94.0,324.0,,0.0488966669511246,-0.069,-1.6986425670032035,0.03333333333333333,0.0,-0.0
1743595711.1085942,0.0,-94.0,324.0,,0.0488966669511246,-0.069,-1.6986425670032035,0.03333333333333333,0.0,-0.0
1743595711.1287982,0.0,-94.0,324.0,,0.0488966669511246,-0.069,-1.6986425670032035,0.03333333333333333,0.0,-0.0
1743595711.1490107,0.0,-94.0,324.0,,0.0488966669511246,-0.078,-1.6787724940631512,0.03333333333333333,0.0,-0.0
1743595711.1694553,0.0,-94.0,324.0,,0.0488966669511246,-0.078,-1.6787724940631512,0.03333333333333333,0.0,-0.0
1743595711.1897063,0.0,-94.0,324.0,,0.0488966669511246,-0.078,-1.6787724940631512,0.03333333333333333,0.0,-0.0
1743595711.2098994,0.0,-94.0,324.0,,0.0488966669511246,-0.069,-1.678778174663824,0.03333333333333333,0.0,-0.0
1743595711.230105,0.0,-94.0,324.0,,0.0488966669511246,-0.069,-1.678778174663824,0.03333333333333333,0.0,-0.0
1743595711.25035,0.0,-94.0,324.0,,0.0488966669511246,-0.069,-1.6986425670032035,0.03333333333333333,0.0,-0.0
1743595711.2707999,0.0,-94.0,324.0,,0.0488966669511246,-0.069,-1.6608980340488997,0.03333333333333333,0.0,-0.0
1743595711.2912161,0.0,-94.0,324.0,,0.0488966669511246,-0.069,-1.6608980340488997,0.03333333333333333,0.0,-0.0
1743595711.311348,0.0,-94.0,324.0,,0.0488966669511246,-0.069,-1.6986425670032035,0.03333333333333333,0.0,-0.0
1743595711.3315341,0.0,-94.0,324.0,,0.0488966669511246,-0.069,-1.6986425670032035,0.03333333333333333,0.0,-0.0
1743595711.3519554,0.0,-94.0,324.0,,0.0488966669511246,-0.069,-1.6986425670032035,0.03333333333333333,0.0,-0.0
1743595711.3730936,0.0,-94.0,324.0,,0.0488966669511246,-0.078,-1.698636820435572,0.03333333333333333,0.0,-0.0
1743595711.3932955,0.0,-94.0,324.0,,0.0488966669511246,-0.069,-1.678778174663824,0.03333333333333333,0.0,-0.0
1743595711.4135256,0.0,-94.0,324.0,,0.0488966669511246,-0.069,-1.678778174663824,0.03333333333333333,0.0,-0.0
1743595711.4337697,0.0,-94.0,324.0,,0.0488966669511246,-0.078,-1.660892412862824,0.03333333333333333,0.0,-0.0
1743595711.4542274,0.0,-94.0,324.0,,0.05889666695112439,-0.078,-1.6779287750191267,0.03333333333333333,0.0,-0.0
1743595711.4750178,0.0,-94.0,324.0,,0.05889666695112439,-0.078,-1.6779287750191267,0.03333333333333333,0.0,-0.0
1743595711.4952505,0.0,-94.0,324.0,,0.05889666695112439,-0.069,-1.677934438453724,0.03333333333333333,0.0,-0.0
1743595711.515508,0.0,-94.0,324.0,,0.0488966669511246,-0.069,-1.6986425670032035,0.03333333333333333,0.0,-0.0
1743595711.5356967,0.0,-94.0,324.0,,0.0488966669511246,-0.069,-1.6986425670032035,0.03333333333333333,0.0,-0.0
1743595711.5560167,0.0,-94.0,324.0,,0.0488966669511246,-0.069,-1.6986425670032035,0.03333333333333333,0.0,-0.0
1743595711.5763445,0.0,-94.0,324.0,,0.05889666695112439,-0.069,-1.6977890325373481,0.03333333333333333,0.0,-0.0
1743595711.596737,0.0,-94.0,324.0,,0.05889666695112439,-0.069,-1.6977890325373481,0.03333333333333333,0.0,-0.0
1743595711.6169605,0.0,-94.0,324.0,,0.0488966669511246,-0.069,-1.678778174663824,0.03333333333333333,0.0,-0.0
1743595711.637143,0.0,-94.0,324.0,,0.0488966669511246,-0.078,-1.698636820435572,0.03333333333333333,0.0,-0.0
1743595711.6576464,0.0,-94.0,324.0,,0.05889666695112439,-0.078,-1.6977833033321228,0.03333333333333333,0.0,-0.0
1743595711.6782722,0.0,-94.0,324.0,,0.0488966669511246,-0.078,-1.6787724940631512,0.03333333333333333,0.0,-0.0
1743595711.7004216,0.0,-94.0,324.0,,0.0488966669511246,-0.059,-1.698648126907902,0.03333333333333333,0.0,-0.0
1743595711.7206466,0.0,-94.0,324.0,,0.05889666695112439,-0.078,-1.6779287750191267,0.03333333333333333,0.0,-0.0
1743595711.7409086,0.0,-94.0,324.0,,0.05889666695112439,-0.088,-1.6977761149248702,0.03333333333333333,0.0,-0.0
1743595711.7611642,0.0,-94.0,324.0,,0.0488966669511246,-0.078,-1.6787724940631512,0.03333333333333333,0.0,-0.0
1743595711.7814124,0.0,-94.0,324.0,,0.0488966669511246,-0.069,-1.678778174663824,0.03333333333333333,0.0,-0.0
1743595711.8016193,0.0,-94.0,324.0,,0.0488966669511246,-0.059,-1.73836924957788,0.03333333333333333,0.0,-0.0
1743595711.8218112,0.0,-94.0,324.0,,0.05889666695112439,-0.088,-1.7176279818453224,0.03333333333333333,0.0,-0.0
1743595711.842041,0.0,-94.0,324.0,,0.03889666695112304,-0.059,-1.6796291222698267,0.03333333333333333,0.0,-0.0
1743595711.8622336,0.0,-94.0,324.0,,0.0488966669511246,-0.078,-1.660892412862824,0.03333333333333333,0.0,-0.0
1743595711.8825293,0.0,-94.0,324.0,,0.0488966669511246,-0.088,-1.6986296102441227,0.03333333333333333,0.0,-0.0
1743595711.9027262,0.0,-94.0,324.0,,0.0488966669511246,-0.069,-1.678778174663824,0.03333333333333333,0.0,-0.0
1743595711.9229174,0.0,-94.0,324.0,,0.0488966669511246,-0.059,-1.7185099962561803,0.03333333333333333,0.0,-0.0
1743595711.9436607,0.0,-94.0,324.0,,0.05889666695112439,-0.098,-1.6779137073334116,0.03333333333333333,0.0,-0.0
1743595711.9642146,0.0,-94.0,324.0,,0.0488966669511246,-0.059,-1.698648126907902,0.03333333333333333,0.0,-0.0
1743595711.9864087,0.0,-94.0,324.0,,0.05889666695112439,-0.098,-1.6779137073334116,0.03333333333333333,0.0,-0.0
1743595712.0066366,0.0,-94.0,324.0,,0.03889666695112304,-0.069,-1.6796236095135342,0.03333333333333333,0.0,-0.0
1743595712.026874,0.0,-94.0,324.0,,0.05889666695112439,-0.078,-1.6779287750191267,0.03333333333333333,0.0,-0.0
1743595712.0471022,0.0,-94.0,324.0,,0.05889666695112439,-0.078,-1.6779287750191267,0.03333333333333333,0.0,-0.0
1743595712.0673106,0.0,-94.0,324.0,,0.0488966669511246,-0.078,-1.6787724940631512,0.03333333333333333,0.0,-0.0
1743595712.087535,0.0,-94.0,324.0,,0.0488966669511246,-0.059,-1.698648126907902,0.03333333333333333,0.0,-0.0
1743595712.1077712,0.0,-94.0,324.0,,0.0488966669511246,-0.059,-1.698648126907902,0.03333333333333333,0.0,-0.0
1743595712.127968,0.0,-94.0,324.0,,0.0488966669511246,-0.059,-1.698648126907902,0.03333333333333333,0.0,-0.0
1743595712.1484768,0.0,-94.0,324.0,,0.05889666695112439,-0.078,-1.6779287750191267,0.03333333333333333,0.0,-0.0
1743595712.1691926,0.0,-94.0,324.0,,0.0488966669511246,-0.069,-1.678778174663824,0.03333333333333333,0.0,-0.0
1743595712.1895933,0.0,-94.0,324.0,,0.0488966669511246,-0.069,-1.678778174663824,0.03333333333333333,0.0,-0.0
1743595712.2104497,0.0,-94.0,324.0,,0.0488966669511246,-0.069,-1.6986425670032035,0.03333333333333333,0.0,-0.0
1743595712.230693,0.0,-94.0,324.0,,0.0488966669511246,-0.069,-1.678778174663824,0.03333333333333333,0.0,-0.0
1743595712.2509346,0.0,-94.0,324.0,,0.0488966669511246,-0.069,-1.678778174663824,0.03333333333333333,0.0,-0.0
1743595712.271502,0.0,-94.0,324.0,,0.0488966669511246,-0.078,-1.6787724940631512,0.03333333333333333,0.0,-0.0
1743595712.2916775,0.0,-94.0,324.0,,0.0488966669511246,-0.078,-1.698636820435572,0.03333333333333333,0.0,-0.0
1743595712.3119195,0.0,-94.0,324.0,,0.0488966669511246,-0.078,-1.698636820435572,0.03333333333333333,0.0,-0.0
1743595712.3327477,0.0,-94.0,324.0,,0.05889666695112439,-0.078,-1.6977833033321228,0.03333333333333333,0.0,-0.0
1743595712.3532577,0.0,-94.0,324.0,,0.0488966669511246,-0.078,-1.6787724940631512,0.03333333333333333,0.0,-0.0
1743595712.3738637,0.0,-94.0,324.0,,0.0488966669511246,-0.078,-1.6787724940631512,0.03333333333333333,0.0,-0.0
1743595712.3942468,0.0,-94.0,324.0,,0.05889666695112439,-0.078,-1.6779287750191267,0.03333333333333333,0.0,-0.0
1743595712.4149013,0.0,-94.0,324.0,,0.0488966669511246,-0.078,-1.698636820435572,0.03333333333333333,0.0,-0.0
1743595712.4352794,0.0,-94.0,324.0,,0.0488966669511246,-0.078,-1.698636820435572,0.03333333333333333,0.0,-0.0
1743595712.4557478,0.0,-94.0,324.0,,0.0488966669511246,-0.078,-1.6787724940631512,0.03333333333333333,0.0,-0.0
1743595712.475959,0.0,-94.0,324.0,,0.05889666695112439,-0.078,-1.6977833033321228,0.03333333333333333,0.0,-0.0
1743595712.4970427,0.0,-94.0,324.0,,0.0488966669511246,-0.078,-1.6787724940631512,0.03333333333333333,0.0,-0.0
1743595712.5173452,0.0,-94.0,324.0,,0.03889666695112304,-0.069,-1.6796236095135342,0.03333333333333333,0.0,-0.0
1743595712.537661,0.0,-94.0,324.0,,0.0488966669511246,-0.078,-1.6787724940631512,0.03333333333333333,0.0,-0.0
1743595712.5579312,0.0,-94.0,324.0,,0.05889666695112439,-0.078,-1.6779287750191267,0.03333333333333333,0.0,-0.0
1743595712.5784464,0.0,-94.0,324.0,,0.0488966669511246,-0.059,-1.698648126907902,0.03333333333333333,0.0,-0.0
1743595712.5987937,0.0,-94.0,324.0,,0.0488966669511246,-0.069,-1.6986425670032035,0.03333333333333333,0.0,-0.0
1743595712.619185,0.0,-94.0,324.0,,0.05889666695112439,-0.078,-1.7176352527092762,0.03333333333333333,0.0,-0.0
1743595712.6393871,0.0,-94.0,324.0,,0.0488966669511246,-0.069,-1.678778174663824,0.03333333333333333,0.0,-0.0
1743595712.6597474,0.0,-94.0,324.0,,0.05889666695112439,-0.069,-1.677934438453724,0.03333333333333333,0.0,-0.0
1743595712.6801348,0.0,-94.0,324.0,,0.0488966669511246,-0.069,-1.678778174663824,0.03333333333333333,0.0,-0.0
1743595712.7005296,0.0,-94.0,324.0,,0.0488966669511246,-0.069,-1.6608980340488997,0.03333333333333333,0.0,-0.0
1743595712.7208922,0.0,-94.0,324.0,,0.0488966669511246,-0.069,-1.678778174663824,0.03333333333333333,0.0,-0.0
1743595712.7413104,0.0,-94.0,324.0,,0.05889666695112439,-0.078,-1.6977833033321228,0.03333333333333333,0.0,-0.0
1743595712.761832,0.0,-94.0,324.0,,0.0488966669511246,-0.069,-1.6986425670032035,0.03333333333333333,0.0,-0.0
1743595712.7823813,0.0,-94.0,324.0,,0.0488966669511246,-0.069,-1.678778174663824,0.03333333333333333,0.0,-0.0
1743595712.802866,0.0,-94.0,324.0,,0.05889666695112439,-0.078,-1.6779287750191267,0.03333333333333333,0.0,-0.0
1743595712.823649,0.0,-94.0,324.0,,0.05889666695112439,-0.069,-1.677934438453724,0.03333333333333333,0.0,-0.0
1743595712.8442414,0.0,-94.0,324.0,,0.0488966669511246,-0.069,-1.678778174663824,0.03333333333333333,0.0,-0.0
1743595712.865225,0.0,-94.0,324.0,,0.0488966669511246,-0.069,-1.6608980340488997,0.03333333333333333,0.0,-0.0
1743595712.886946,0.0,-94.0,324.0,,0.05889666695112439,-0.108,-1.6401748130377731,0.03333333333333333,0.0,-0.0
1743595712.9078958,0.0,-94.0,324.0,,0.0488966669511246,-0.039,-1.7582346642477527,0.03333333333333333,0.0,-0.0
1743595712.9281485,0.0,-94.0,324.0,,0.0488966669511246,-0.108,-1.678748536340042,0.03333333333333333,0.0,-0.0
1743595712.9483805,0.0,-94.0,324.0,,0.05889666695112439,-0.098,-1.6779137073334116,0.03333333333333333,0.0,-0.0
1743595712.9686317,0.0,-94.0,324.0,,0.05889666695112439,-0.098,-1.6779137073334116,0.03333333333333333,0.0,-0.0
1743595712.988811,0.0,-94.0,324.0,,0.0488966669511246,-0.059,-1.6787836707443533,0.03333333333333333,0.0,-0.0
1743595713.0089912,0.0,-94.0,324.0,,0.02889666695112325,-0.069,-1.6227925678793165,0.03333333333333333,0.0,-0.0
1743595713.031394,0.0,-94.0,324.0,,0.02889666695112325,-0.069,-1.6227925678793165,0.03333333333333333,0.0,-0.0
1743595713.0516183,0.0,-94.0,324.0,,0.05889666695112439,-0.069,-1.6977890325373481,0.03333333333333333,0.0,-0.0
1743595713.0718381,0.0,-94.0,324.0,,0.0488966669511246,-0.059,-1.698648126907902,0.03333333333333333,0.0,-0.0
1743595713.0920637,0.0,-94.0,324.0,,0.0488966669511246,-0.059,-1.698648126907902,0.03333333333333333,0.0,-0.0
1743595713.1122994,0.0,-94.0,324.0,,0.05889666695112439,-0.088,-1.6977761149248702,0.03333333333333333,0.0,-0.0
1743595713.132569,0.0,-94.0,324.0,,0.0488966669511246,-0.069,-1.6986425670032035,0.03333333333333333,0.0,-0.0
1743595713.1528857,0.0,-94.0,324.0,,0.0488966669511246,-0.069,-1.6986425670032035,0.03333333333333333,0.0,-0.0
1743595713.1730707,0.0,-94.0,324.0,,0.05889666695112439,-0.069,-1.6977890325373481,0.03333333333333333,0.0,-0.0
1743595713.1932933,0.0,-94.0,324.0,,0.0488966669511246,-0.088,-1.6787653666401647,0.03333333333333333,0.0,-0.0
1743595713.2137105,0.0,-94.0,324.0,,0.0488966669511246,-0.088,-1.6787653666401647,0.03333333333333333,0.0,-0.0
1743595713.2342145,0.0,-94.0,324.0,,0.05889666695112439,-0.078,-1.6977833033321228,0.03333333333333333,0.0,-0.0
1743595713.2545307,0.0,-94.0,324.0,,0.0488966669511246,-0.069,-1.7185043725780211,0.03333333333333333,0.0,-0.0
1743595713.2747781,0.0,-94.0,324.0,,0.0488966669511246,-0.069,-1.7185043725780211,0.03333333333333333,0.0,-0.0
1743595713.2952847,0.0,-94.0,324.0,,0.05889666695112439,-0.088,-1.6600504870903354,0.03333333333333333,0.0,-0.0
1743595713.3160253,0.0,-94.0,324.0,,0.05889666695112439,-0.088,-1.6779216691340006,0.03333333333333333,0.0,-0.0
1743595713.3362896,0.0,-94.0,324.0,,0.05889666695112439,-0.088,-1.6779216691340006,0.03333333333333333,0.0,-0.0
1743595713.3564978,0.0,-94.0,324.0,,0.03889666695112304,-0.069,-1.6994978193847299,0.03333333333333333,0.0,-0.0
1743595713.3770902,0.0,-94.0,324.0,,0.0488966669511246,-0.069,-1.6986425670032035,0.03333333333333333,0.0,-0.0
1743595713.3977869,0.0,-94.0,324.0,,0.0488966669511246,-0.078,-1.698636820435572,0.03333333333333333,0.0,-0.0
1743595713.4183123,0.0,-94.0,324.0,,0.0488966669511246,-0.069,-1.6608980340488997,0.03333333333333333,0.0,-0.0
1743595713.438515,0.0,-94.0,324.0,,0.0488966669511246,-0.088,-1.660885359987078,0.03333333333333333,0.0,-0.0
1743595713.4588401,0.0,-94.0,324.0,,0.05889666695112439,-0.088,-1.6779216691340006,0.03333333333333333,0.0,-0.0
1743595713.4793391,0.0,-94.0,324.0,,0.05889666695112439,-0.078,-1.6977833033321228,0.03333333333333333,0.0,-0.0
1743595713.4999793,0.0,-94.0,324.0,,0.0488966669511246,-0.059,-1.7185099962561803,0.03333333333333333,0.0,-0.0
1743595713.5201743,0.0,-94.0,324.0,,0.05889666695112439,-0.069,-1.757337224398635,0.03333333333333333,0.0,-0.0
1743595713.542398,0.0,-94.0,324.0,,0.05889666695112439,-0.069,-1.6977890325373481,0.03333333333333333,0.0,-0.0
1743595713.562594,0.0,-94.0,324.0,,0.03889666695112304,-0.059,-1.6995033961558987,0.03333333333333333,0.0,-0.0
1743595713.5827656,0.0,-94.0,324.0,,0.05889666695112439,-0.069,-1.717641047632982,0.03333333333333333,0.0,-0.0
1743595713.6029332,0.0,-94.0,324.0,,0.0488966669511246,-0.078,-1.6787724940631512,0.03333333333333333,0.0,-0.0
1743595713.623149,0.0,-94.0,324.0,,0.03889666695112304,-0.069,-1.6796236095135342,0.03333333333333333,0.0,-0.0
1743595713.643362,0.0,-94.0,324.0,,0.0488966669511246,-0.078,-1.6787724940631512,0.03333333333333333,0.0,-0.0
1743595713.6638167,0.0,-94.0,324.0,,0.05889666695112439,-0.078,-1.6977833033321228,0.03333333333333333,0.0,-0.0
1743595713.6840549,0.0,-94.0,324.0,,0.0488966669511246,-0.069,-1.6986425670032035,0.03333333333333333,0.0,-0.0
1743595713.7042687,0.0,-94.0,324.0,,0.0488966669511246,-0.069,-1.678778174663824,0.03333333333333333,0.0,-0.0
1743595713.7273297,0.0,-94.0,324.0,,0.05889666695112439,-0.069,-1.6977890325373481,0.03333333333333333,0.0,-0.0
1743595713.747537,0.0,-94.0,324.0,,0.03889666695112304,-0.059,-1.7193750754186794,0.03333333333333333,0.0,-0.0
1743595713.7677367,0.0,-94.0,324.0,,0.03889666695112304,-0.069,-1.6994978193847299,0.03333333333333333,0.0,-0.0
1743595713.7879322,0.0,-94.0,324.0,,0.06889666695112417,-0.088,-1.6770796650167528,0.03333333333333333,0.0,-0.0
1743595713.8083892,0.0,-94.0,324.0,,0.06889666695112417,-0.088,-1.6770796650167528,0.03333333333333333,0.0,-0.0
1743595713.8285782,0.0,-94.0,324.0,,0.05889666695112439,-0.108,-1.6600338831547257,0.03333333333333333,0.0,-0.0
1743595713.8487885,0.0,-94.0,324.0,,0.05889666695112439,-0.088,-1.6779216691340006,0.03333333333333333,0.0,-0.0
1743595713.8691118,0.0,-94.0,324.0,,0.05889666695112439,-0.088,-1.6779216691340006,0.03333333333333333,0.0,-0.0
1743595713.8923926,0.0,-94.0,324.0,,0.07789666695112452,-0.108,-1.696142310669121,0.03333333333333333,0.0,-0.0
1743595713.912597,0.0,-94.0,324.0,,0.01989666695112291,-0.029,-1.6633456054248974,0.03333333333333333,0.0,-0.0
1743595713.9328134,0.0,-94.0,324.0,,0.01989666695112291,-0.029,-1.6633456054248974,0.03333333333333333,0.0,-0.0
1743595713.9530046,0.0,-94.0,324.0,,0.0878966669511243,-0.157,-1.6952380887127387,0.03333333333333333,0.0,-0.0
1743595713.9753892,0.0,-94.0,324.0,,-0.00010333304887666372,0.009,-1.6650336804926174,0.03333333333333333,0.0,-0.0
1743595713.9965131,0.0,-94.0,324.0,,0.02889666695112325,-0.039,-1.6625867556871672,0.03333333333333333,0.0,-0.0
1743595714.0170827,0.0,-94.0,324.0,,0.09789666695112409,-0.147,-1.7538362726821737,0.03333333333333333,0.0,-0.0
1743595714.0372832,0.0,-94.0,324.0,,0.07789666695112452,-0.137,-1.696111723429636,0.03333333333333333,0.0,-0.0
1743595714.0574498,0.0,-94.0,324.0,,0.02889666695112325,-0.02,-1.642702418596863,0.03333333333333333,0.0,-0.0
1743595714.0780282,0.0,-94.0,324.0,,0.03889666695112304,-0.059,-1.6617400816152292,0.03333333333333333,0.0,-0.0
1743595714.0985105,0.0,-94.0,324.0,,0.05889666695112439,-0.118,-1.7374498670498153,0.03333333333333333,0.0,-0.0
1743595714.119085,0.0,-94.0,324.0,,0.02889666695112325,-0.029,-1.6804876825560395,0.03333333333333333,0.0,-0.0
1743595714.1392925,0.0,-94.0,324.0,,0.0488966669511246,-0.059,-1.6787836707443533,0.03333333333333333,0.0,-0.0
1743595714.1598623,0.0,-94.0,324.0,,0.07789666695112452,-0.127,-1.7357863045842672,0.03333333333333333,0.0,-0.0
1743595714.1800823,0.0,-94.0,324.0,,0.0488966669511246,-0.039,-1.6986566407242516,0.03333333333333333,0.0,-0.0
1743595714.2004428,0.0,-94.0,324.0,,0.06889666695112417,-0.088,-1.6770796650167528,0.03333333333333333,0.0,-0.0
1743595714.2234156,0.0,-94.0,324.0,,0.07789666695112452,-0.098,-1.755643051909546,0.03333333333333333,0.0,-0.0
1743595714.24372,0.0,-94.0,324.0,,0.03889666695112304,-0.069,-1.6994978193847299,0.03333333333333333,0.0,-0.0
1743595714.2644033,0.0,-94.0,324.0,,0.02889666695112325,-0.049,-1.7003651083348759,0.03333333333333333,0.0,-0.0
1743595714.2846444,0.0,-94.0,324.0,,0.06889666695112417,-0.098,-1.6393600556533818,0.03333333333333333,0.0,-0.0
1743595714.3049192,0.0,-94.0,324.0,,0.03889666695112304,-0.059,-1.6418609587990267,0.03333333333333333,0.0,-0.0
1743595714.3251266,0.0,-94.0,324.0,,0.06889666695112417,-0.088,-1.6969243322128325,0.03333333333333333,0.0,-0.0
1743595714.3453481,0.0,-94.0,324.0,,0.06889666695112417,-0.088,-1.6969243322128325,0.03333333333333333,0.0,-0.0
1743595714.3655365,0.0,-94.0,324.0,,0.05889666695112439,-0.088,-1.6977761149248702,0.03333333333333333,0.0,-0.0
1743595714.3857408,0.0,-94.0,324.0,,0.03889666695112304,-0.069,-1.6796236095135342,0.03333333333333333,0.0,-0.0
1743595714.4059381,0.0,-94.0,324.0,,0.0488966669511246,-0.069,-1.6986425670032035,0.03333333333333333,0.0,-0.0
1743595714.4261568,0.0,-94.0,324.0,,0.05889666695112439,-0.078,-1.6977833033321228,0.03333333333333333,0.0,-0.0
1743595714.4493544,0.0,-94.0,324.0,,0.0488966669511246,-0.059,-1.698648126907902,0.03333333333333333,0.0,-0.0
1743595714.4695914,0.0,-94.0,324.0,,0.0488966669511246,-0.059,-1.698648126907902,0.03333333333333333,0.0,-0.0
1743595714.4898067,0.0,-94.0,324.0,,0.05889666695112439,-0.069,-1.6977890325373481,0.03333333333333333,0.0,-0.0
1743595714.5100298,0.0,-94.0,324.0,,0.0488966669511246,-0.078,-1.6787724940631512,0.03333333333333333,0.0,-0.0
1743595714.532554,0.0,-94.0,324.0,,0.0488966669511246,-0.078,-1.6787724940631512,0.03333333333333333,0.0,-0.0
1743595714.5530481,0.0,-94.0,324.0,,0.05889666695112439,-0.069,-1.677934438453724,0.03333333333333333,0.0,-0.0
1743595714.573259,0.0,-94.0,324.0,,0.0488966669511246,-0.069,-1.678778174663824,0.03333333333333333,0.0,-0.0
1743595714.5937767,0.0,-94.0,324.0,,0.0488966669511246,-0.069,-1.678778174663824,0.03333333333333333,0.0,-0.0
1743595714.6183832,0.0,-94.0,324.0,,0.03889666695112304,-0.069,-1.6617346265154376,0.03333333333333333,0.0,-0.0
1743595714.6386015,0.0,-94.0,324.0,,0.0488966669511246,-0.078,-1.698636820435572,0.03333333333333333,0.0,-0.0
1743595714.6587954,0.0,-94.0,324.0,,0.03889666695112304,-0.059,-1.6995033961558987,0.03333333333333333,0.0,-0.0
1743595714.6790137,0.0,-94.0,324.0,,0.05889666695112439,-0.069,-1.737490454615378,0.03333333333333333,0.0,-0.0
1743595714.6992958,0.0,-94.0,324.0,,0.05889666695112439,-0.078,-1.7374845940259145,0.03333333333333333,0.0,-0.0
1743595714.7194855,0.0,-94.0,324.0,,0.05889666695112439,-0.078,-1.7374845940259145,0.03333333333333333,0.0,-0.0
1743595714.7416983,0.0,-94.0,324.0,,0.05889666695112439,-0.088,-1.6600504870903354,0.03333333333333333,0.0,-0.0
1743595714.7619185,0.0,-94.0,324.0,,0.0488966669511246,-0.069,-1.64102880747225,0.03333333333333333,0.0,-0.0
1743595714.7821333,0.0,-94.0,324.0,,0.05889666695112439,-0.069,-1.640203709065454,0.03333333333333333,0.0,-0.0
1743595714.8023567,0.0,-94.0,324.0,,0.0488966669511246,-0.069,-1.6986425670032035,0.03333333333333333,0.0,-0.0
1743595714.8226333,0.0,-94.0,324.0,,0.03889666695112304,-0.069,-1.6994978193847299,0.03333333333333333,0.0,-0.0
1743595714.8436375,0.0,-94.0,324.0,,0.0488966669511246,-0.069,-1.6986425670032035,0.03333333333333333,0.0,-0.0
1743595714.8639433,0.0,-94.0,324.0,,0.05889666695112439,-0.098,-1.6977680606621885,0.03333333333333333,0.0,-0.0
1743595714.8841665,0.0,-94.0,324.0,,0.0488966669511246,-0.069,-1.678778174663824,0.03333333333333333,0.0,-0.0
1743595714.9043856,0.0,-94.0,324.0,,0.0488966669511246,-0.069,-1.6608980340488997,0.03333333333333333,0.0,-0.0
1743595714.9245794,0.0,-94.0,324.0,,0.05889666695112439,-0.078,-1.6977833033321228,0.03333333333333333,0.0,-0.0
1743595714.9484158,0.0,-94.0,324.0,,0.05889666695112439,-0.078,-1.6977833033321228,0.03333333333333333,0.0,-0.0
1743595714.9685898,0.0,-94.0,324.0,,0.0488966669511246,-0.088,-1.718491267201682,0.03333333333333333,0.0,-0.0
1743595714.9887695,0.0,-94.0,324.0,,0.0488966669511246,-0.069,-1.7185043725780211,0.03333333333333333,0.0,-0.0
1743595715.0090091,0.0,-94.0,324.0,,0.0488966669511246,-0.069,-1.7185043725780211,0.03333333333333333,0.0,-0.0
1743595715.0292146,0.0,-94.0,324.0,,0.0488966669511246,-0.069,-1.6986425670032035,0.03333333333333333,0.0,-0.0
1743595715.0496476,0.0,-94.0,324.0,,0.05889666695112439,-0.088,-1.6401912218212358,0.03333333333333333,0.0,-0.0
1743595715.070083,0.0,-94.0,324.0,,0.05889666695112439,-0.088,-1.6401912218212358,0.03333333333333333,0.0,-0.0
1743595715.090756,0.0,-94.0,324.0,,0.03889666695112304,-0.059,-1.7392441307610171,0.03333333333333333,0.0,-0.0
1743595715.111545,0.0,-94.0,324.0,,0.05889666695112439,-0.069,-1.717641047632982,0.03333333333333333,0.0,-0.0
1743595715.1322515,0.0,-94.0,324.0,,0.05889666695112439,-0.069,-1.717641047632982,0.03333333333333333,0.0,-0.0
1743595715.1524377,0.0,-94.0,324.0,,0.0488966669511246,-0.078,-1.6787724940631512,0.03333333333333333,0.0,-0.0
1743595715.173795,0.0,-94.0,324.0,,0.0488966669511246,-0.078,-1.660892412862824,0.03333333333333333,0.0,-0.0
1743595715.1943088,0.0,-94.0,324.0,,0.0488966669511246,-0.069,-1.6986425670032035,0.03333333333333333,0.0,-0.0
1743595715.215006,0.0,-94.0,324.0,,0.0488966669511246,-0.059,-1.698648126907902,0.03333333333333333,0.0,-0.0
1743595715.2358854,0.0,-94.0,324.0,,0.0488966669511246,-0.059,-1.698648126907902,0.03333333333333333,0.0,-0.0
1743595715.256707,0.0,-94.0,324.0,,0.0488966669511246,-0.059,-1.698648126907902,0.03333333333333333,0.0,-0.0
1743595715.2769349,0.0,-94.0,324.0,,0.05889666695112439,-0.078,-1.6779287750191267,0.03333333333333333,0.0,-0.0
1743595715.297576,0.0,-94.0,324.0,,0.0488966669511246,-0.078,-1.698636820435572,0.03333333333333333,0.0,-0.0
1743595715.3178616,0.0,-94.0,324.0,,0.0488966669511246,-0.069,-1.6986425670032035,0.03333333333333333,0.0,-0.0
1743595715.338161,0.0,-94.0,324.0,,0.0488966669511246,-0.078,-1.7184985600958407,0.03333333333333333,0.0,-0.0
1743595715.3586643,0.0,-94.0,324.0,,0.0488966669511246,-0.069,-1.678778174663824,0.03333333333333333,0.0,-0.0
