timestamp,roll,pitch,yaw,touch_gesture,acc_x,acc_y,acc_z,gyro_x,gyro_y,gyro_z
1744813702.4215114,,,,,,,,,,
1744813702.814709,,,,,,,,,,
1744813703.050106,0.0,-94.0,39.0,,0.0878966669511243,0.058,-1.869687910330677,0.03333333333333333,0.0,-0.03333333333333333
1744813703.311682,0.0,-94.0,39.0,,0.0878966669511243,0.048,-1.8320649891473546,0.03333333333333333,0.0,-0.03333333333333333
1744813703.5272985,0.0,-94.0,39.0,,0.0878966669511243,0.028,-1.851877529905414,0.03333333333333333,0.0,-0.03333333333333333
1744813703.7769213,0.0,-94.0,39.0,,0.0878966669511243,0.028,-1.832072029743352,0.03333333333333333,0.0,-0.03333333333333333
1744813703.9932792,0.0,-94.0,39.0,,0.0878966669511243,0.028,-1.832072029743352,0.03333333333333333,0.0,-0.03333333333333333
1744813704.2153685,0.0,-94.0,39.0,,0.07789666695112452,0.019,-1.8131716778845988,0.03333333333333333,0.0,-0.03333333333333333
1744813704.442879,0.0,-94.0,39.0,,0.09789666695112409,0.058,-1.811347836856135,0.03333333333333333,0.0,-0.03333333333333333
1744813704.6817853,0.0,-94.0,39.0,,0.0878966669511243,0.019,-1.8122657129613349,0.03333333333333333,0.0,-0.03333333333333333
1744813704.892195,0.0,-94.0,39.0,,0.0878966669511243,0.028,-1.832072029743352,0.03333333333333333,0.0,-0.03333333333333333
1744813705.1078076,0.0,-94.0,39.0,,0.0878966669511243,0.028,-1.832072029743352,0.03333333333333333,0.0,-0.03333333333333333
1744813705.3218424,0.0,-94.0,39.0,,0.09789666695112409,0.028,-1.8509540497414323,0.03333333333333333,0.0,-0.03333333333333333
1744813705.5439048,0.0,-94.0,39.0,,0.0878966669511243,0.019,-1.8320739890961402,0.03333333333333333,0.0,-0.03333333333333333
1744813705.7708137,0.0,-94.0,39.0,,0.09789666695112409,0.028,-1.811359625244834,0.03333333333333333,0.0,-0.03333333333333333
1744813706.0090148,0.0,-94.0,39.0,,0.0878966669511243,0.038,-1.7924497999477085,0.03333333333333333,0.0,-0.03333333333333333
1744813706.23471,0.0,-94.0,39.0,,0.0878966669511243,0.048,-1.8122568082437953,0.03333333333333333,0.0,-0.03333333333333333
1744813706.4710307,0.0,-94.0,39.0,,0.0878966669511243,0.028,-1.832072029743352,0.03333333333333333,0.0,-0.03333333333333333
1744813706.7020035,-10.0,-89.0,51.0,,0.2914941105158011,1.5074886229125868,-1.3310015804831887,-2.033333333333333,0.26666666666666666,-0.8333333333333334
1744813706.9296336,-22.0,-81.0,70.0,,1.5777773787616969,0.5368906814100973,0.07936742064468455,-0.03333333333333333,2.7666666666666666,-0.9666666666666667
1744813707.159361,-17.0,-98.0,82.0,,0.27747024564519585,3.0831664233300478,0.011840053303065146,-1.2333333333333334,0.5666666666666667,0.6333333333333333
1744813707.4036224,-20.0,-94.0,120.0,,0.7648966669511239,2.1592176060248107,-1.9178718366542604,-1.5,0.3,0.36666666666666664
1744813707.6105497,-13.0,-84.0,149.0,,0.7747402064372384,-2.7942301568866847,-2.052640462185715,-0.7333333333333333,0.06666666666666667,0.16666666666666666
1744813707.8126373,-14.0,-79.0,156.0,,2.696237330378416,-0.09774620416725943,0.01295970890246647,0.3,-0.06666666666666667,0.5666666666666667
1744813708.0190299,-16.0,-76.0,149.0,,2.738398925232474,0.39900246056476174,0.11133798579483184,-0.5,-0.9333333333333333,0.16666666666666666
1744813708.22672,-18.0,-79.0,147.0,,-0.8837626696215839,1.7664567148182344,-0.7213715767141302,0.0,0.8666666666666667,-0.36666666666666664
1744813708.432247,-25.0,-89.0,141.0,,-1.0325058894841987,1.6158851476762623,-9.181693037153973,0.3,-0.6,-0.26666666666666666
1744813708.6368964,-25.0,-89.0,144.0,,-0.6995058894841986,3.7928851476762624,-6.997492681863838,-0.9666666666666667,-0.1,0.2
1744813708.8497355,-27.0,-85.0,151.0,,-0.015669988280023972,1.070646802444954,-3.3221545756708912,-0.06666666666666667,-0.03333333333333333,-0.26666666666666666
1744813709.057556,-25.0,-87.0,149.0,,-0.5795557359423693,1.546885147676262,-3.985899912191642,-0.2,-0.06666666666666667,-0.0
1744813709.2793493,-24.0,-89.0,148.0,,-0.4735058894841977,0.46008646857360036,-2.8799964394720936,0.2,-0.2,-0.0
1744813709.4960647,-21.0,-89.0,145.0,,0.006494110515800955,0.740589585039396,-1.9182320342863366,0.2,-0.26666666666666666,-0.0
1744813709.7194288,-18.0,-90.0,138.0,,0.18200000000000038,1.2954567148182343,-2.6114086402901195,0.16666666666666666,-0.43333333333333335,-0.03333333333333333
1744813709.945902,-17.0,-90.0,138.0,,-0.29900000000000126,0.4851664233300479,-1.9735098373852313,0.13333333333333333,-0.03333333333333333,-0.06666666666666667
1744813710.1680381,-16.0,-93.0,134.0,,-0.34355573594237043,0.4780024605647619,-2.198117640673958,0.4,0.06666666666666667,-0.03333333333333333
1744813710.392851,-14.0,-96.0,129.0,,-0.41125979356276154,0.4312537958327407,-3.4696915302507723,0.36666666666666664,0.16666666666666666,-0.03333333333333333
1744813710.6134152,-14.0,-99.0,126.0,,-0.1482226212383022,0.15725379583274046,-3.5222807935326657,-0.03333333333333333,-0.03333333333333333,-0.0
1744813710.834001,-14.0,-99.0,125.0,,-0.43322262123830235,0.029253795832740792,-3.759397991856031,0.4,-0.03333333333333333,-0.3
1744813711.05453,-16.0,-99.0,115.0,,-1.9232226212383026,4.076002460564762,-12.477025272952591,0.6333333333333333,-0.1,0.06666666666666667
1744813711.2809556,-16.0,-99.0,109.0,,-0.6782226212383033,1.0170024605647618,-2.4446237414903846,1.7,-0.13333333333333333,-0.2
1744813711.5118792,-21.0,-99.0,99.0,,-0.6092226212383025,-0.21141041496060398,-0.7235646818160542,0.16666666666666666,-0.1,-0.8333333333333334
1744813711.7572885,-31.0,-101.0,95.0,,-0.06976266962158384,1.031523514867632,0.00905726067580856,0.0,0.23333333333333334,-0.6666666666666666
1744813711.9985218,-44.0,-127.0,69.0,,-5.540614353563942,3.8435986142027634,-16.657895371664413,0.7333333333333333,1.3333333333333333,-1.9333333333333333
1744813712.2516866,-59.0,-145.0,59.0,,-3.2647848406037605,1.955811219887722,-13.618394743983078,-0.06666666666666667,0.5666666666666667,-0.43333333333333335
1744813712.5189943,-62.0,-139.0,68.0,,-5.034939074396877,1.424715885946073,-12.942850394904625,-0.13333333333333333,0.1,-0.16666666666666666
1744813712.7847161,-60.0,-134.0,74.0,,-5.998723441322167,1.2777092111253427,-12.296170025236124,0.03333333333333333,-0.06666666666666667,0.1
1744813713.0530262,-58.0,-134.0,74.0,,-5.635723441322167,1.1993518232945393,-12.798820623003376,0.06666666666666667,0.0,-0.0
1744813713.3213708,-56.0,-139.0,69.0,,-4.730939074396876,0.7878585867649592,-12.441699034875473,0.03333333333333333,0.0,-0.0
1744813713.5853062,-55.0,-142.0,65.0,,-3.9126390729447094,1.0638815544750093,-12.410270732097167,0.1,0.0,0.03333333333333333
1744813713.8767855,-53.0,-148.0,60.0,,-3.24750798212774,1.0286143535639427,-12.781723248598691,0.03333333333333333,-0.03333333333333333,-0.03333333333333333
1744813714.1709793,-52.0,-150.0,58.0,,-2.7779999999999996,0.8263854928819434,-12.395203303747952,0.06666666666666667,0.0,-0.03333333333333333
1744813714.4470224,-51.0,-154.0,55.0,,-2.6834209500008486,0.4358018818928855,-12.77503588149234,0.0,0.0,-0.03333333333333333
1744813714.7260516,-50.0,-158.0,52.0,,-1.5968906814100996,-0.36010401300282524,-11.995361884734333,0.0,-0.03333333333333333,-0.0
1744813715.0027294,-52.0,-154.0,52.0,,-2.2714209500008486,0.26738549288194324,-12.029477074483616,0.03333333333333333,0.0,-0.0
1744813715.2853558,-50.0,-157.0,50.0,,-1.9220723704797757,0.31689598699717436,-12.28232246511601,0.0,0.0,-0.06666666666666667
1744813715.572824,-50.0,-159.0,48.0,,-1.8195895850393955,0.022895986997174766,-12.308454117598338,0.03333333333333333,0.03333333333333333,-0.06666666666666667
1744813715.8606858,-52.0,-155.0,47.0,,-2.2638851476762625,0.3163854928819436,-12.135652305315842,0.0,-0.03333333333333333,-0.06666666666666667
1744813716.1431448,-50.0,-158.0,45.0,,-2.3908906814100996,0.7578959869971751,-12.62360799596999,0.06666666666666667,0.0,-0.1
1744813716.4199193,-53.0,-149.0,46.0,,-3.043523514867634,0.7346143535639431,-11.934686323369439,0.0,-0.1,0.1
1744813716.7067704,-51.0,-129.0,54.0,,-4.8988018818928865,0.6118018818928856,-9.978507395808833,0.0,-1.3,1.2
1744813716.992711,-41.0,-101.0,63.0,,-1.785762669621584,0.5229390743968763,-8.362709998441218,0.06666666666666667,-0.3333333333333333,0.03333333333333333
1744813717.2803667,-38.0,-100.0,64.0,,-3.0819640570497606,-0.07036092705529207,-8.825996802579187,-0.06666666666666667,0.03333333333333333,0.1
1744813717.5678198,-32.0,-97.0,68.0,,-1.8828777476013707,0.9815079821277406,-6.090175755548357,-0.16666666666666666,0.03333333333333333,0.4666666666666667
1744813717.863574,-29.0,-96.0,72.0,,-1.6672597935627618,0.4509823746165669,-6.445717143442364,-0.4,-0.13333333333333333,0.36666666666666664
1744813718.1585174,-17.0,-85.0,87.0,,-0.2906699882800243,0.5831664233300478,-1.58797552603504,-1.3,-0.5333333333333333,1.3666666666666667
1744813718.4468627,6.0,-78.0,111.0,,0.043372036801365255,-0.16342422465568063,-0.007654208389510253,-1.5333333333333334,-0.4666666666666667,1.5333333333333334
1744813718.726762,14.0,-81.0,128.0,,-0.26622262123830254,1.3527462041672593,0.021891650744319424,-0.2,-0.2,0.26666666666666666
1744813719.0051532,14.0,-81.0,130.0,,-0.6392226212383019,1.4207462041672594,0.0022074792862866177,0.6,0.0,-0.4
1744813719.3049707,6.0,-80.0,128.0,,-0.2869640570497598,2.5335757753443193,0.048115512417687745,0.03333333333333333,-0.1,-0.0
1744813719.591999,7.0,-80.0,128.0,,-0.30696405704976115,1.7944617411955035,0.01646608873933819,0.5333333333333333,0.1,-0.43333333333333335
1744813719.8930793,2.0,-80.0,121.0,,0.10503594295023966,1.0586359373484655,0.03546827542118014,0.6,0.1,-0.7333333333333333
1744813720.1894827,-12.0,-83.0,111.0,,0.04912225239863055,0.8036136869222192,0.010938666074733261,1.1,0.3,-0.8
1744813720.4982731,-23.0,-103.0,96.0,,0.7764296644568418,1.332072370479776,-5.787518639168608,1.9,4.066666666666666,-1.3
1744813720.8227751,-26.0,-157.0,69.0,,-1.7260723704797756,2.3294209500008494,-18.47202455619808,1.1333333333333333,0.1,0.13333333333333333
1744813721.1596203,-3.0,-141.0,67.0,,-1.3886330361989048,1.944415730743279,-17.131869945759476,1.1666666666666667,-1.3,0.5333333333333333
1744813721.4642968,4.0,-126.0,55.0,,-1.9754567148182343,2.423688992570131,-14.164407112085435,0.3333333333333333,-0.6333333333333333,-0.16666666666666666
1744813721.7757628,2.0,-117.0,46.0,,-2.0637740022878894,2.9416359373484653,-12.426968322795055,0.13333333333333333,-0.26666666666666666,-0.23333333333333334
1744813722.0817416,4.0,-116.0,43.0,,-1.2771695941948282,1.8646889925701307,-12.16100025778791,0.03333333333333333,-0.13333333333333333,-0.06666666666666667
1744813722.3926,4.0,-117.0,41.0,,-1.160774002287889,1.6876889925701306,-11.94570711282961,-0.13333333333333333,-0.3333333333333333,-0.03333333333333333
1744813722.7034273,-11.0,-111.0,42.0,,-1.373423983937549,2.4498362446439046,-10.461943763953313,-1.2333333333333334,-0.16666666666666666,-0.8666666666666667
1744813723.0117407,-28.0,-110.0,51.0,,-1.638384609909762,2.2225160309295893,-10.32768150097502,-0.4666666666666667,-0.03333333333333333,-0.3333333333333333
1744813723.318043,-17.0,-74.0,82.0,,0.9440227628450923,2.044166423330048,0.06032785037025257,-1.5333333333333334,-2.1333333333333333,1.6666666666666667
1744813723.620876,-11.0,-65.0,72.0,,1.2191206091704636,1.3228362446439044,0.2463939438643572,0.7,-0.3,-0.0
1744813723.9070861,-14.0,-74.0,61.0,,0.12102276284509195,2.7052537958327405,0.03774616982857726,0.7666666666666667,0.23333333333333334,0.06666666666666667
1744813724.180128,-13.0,-80.0,51.0,,-0.3159640570497597,2.2067698431133156,-0.047163764150140786,0.1,-0.13333333333333333,-0.03333333333333333
1744813724.449977,-15.0,-78.0,52.0,,-0.5546279631986337,3.166014832455729,-0.058030596514986765,-0.26666666666666666,-0.03333333333333333,-0.3
1744813724.7103505,-17.0,-80.0,58.0,,-0.00196405704975966,2.0641664233300476,0.004503171127944627,-0.23333333333333334,-0.1,-0.06666666666666667
1744813724.9700956,-17.0,-82.0,58.0,,0.5124702456451953,2.613166423330048,0.1551859615179585,-0.06666666666666667,0.4666666666666667,-0.06666666666666667
1744813725.2278154,-3.0,-87.0,50.0,,1.10744426405763,3.385415730743279,0.27197377738667305,-0.43333333333333335,-0.23333333333333334,-1.0666666666666667
1744813725.4939418,-15.0,-96.0,34.0,,0.4027402064372385,2.8130148324557287,-0.6346329875583443,1.2333333333333334,0.4,-0.7333333333333333
1744813725.7587836,-24.0,-99.0,29.0,,-0.6882226212383031,2.7250864685736005,-0.9765812499195099,-0.3,-0.5,-0.0
1744813726.036287,-23.0,-99.0,15.0,,-0.158222621238302,0.803072370479776,0.011062312606908709,1.0333333333333334,0.2,-0.06666666666666667
1744813726.304423,-15.0,-104.0,7.0,,1.1693989252324748,3.3420148324557286,-4.29143921296777,-0.6666666666666666,-0.3,0.03333333333333333
1744813726.5727425,-24.0,-106.0,3.0,,0.37602276284509095,1.0480864685736,-0.037205989359529,0.13333333333333333,-0.7666666666666667,0.43333333333333335
1744813726.836148,-11.0,-99.0,8.0,,-0.7762226212383023,2.7828362446439048,-0.1613068828453004,0.16666666666666666,0.7,0.5666666666666667
1744813727.0977366,-13.0,-99.0,9.0,,-0.43322262123830235,2.0007698431133156,-2.4914578394169205,-0.5,-0.5,0.26666666666666666
1744813727.3614962,-15.0,-94.0,11.0,,0.4708966669511234,2.9990148324557286,-0.7447797430935513,0.0,-0.3,-0.16666666666666666
1744813727.634365,-16.0,-117.0,9.0,,-0.5237740022878885,1.8020024605647618,-8.492261291776497,0.1,1.3333333333333333,0.06666666666666667
1744813727.9353848,-14.0,-141.0,11.0,,0.07236696380109553,2.5092537958327408,-15.107959375617538,-0.03333333333333333,1.0,0.26666666666666666
1744813728.2195258,-15.0,-142.0,15.0,,-0.7746390729447095,2.1470148324557288,-16.470232712941872,-0.03333333333333333,0.0,-0.0
1744813728.5003402,-14.0,-143.0,13.0,,-1.0018053771215927,2.089253795832741,-16.946972310297927,0.0,-0.16666666666666666,-0.0
1744813728.7848117,-8.0,-145.0,10.0,,-0.6657848406037603,0.924288120418242,-16.953982878508825,0.06666666666666667,0.0,-0.06666666666666667
1744813729.0563793,-4.0,-147.0,8.0,,-0.4999089334974185,0.3313110074298693,-17.00804950073185,0.06666666666666667,0.0,-0.1
1744813729.320189,-4.0,-142.0,4.0,,-0.029639072944709355,0.03731100742986926,-15.881101134718474,0.06666666666666667,-0.9666666666666667,0.03333333333333333
1744813729.5891087,-8.0,-125.0,355.0,,0.13211844552498953,0.7772881204182421,-12.179268104804603,0.16666666666666666,-1.4333333333333333,-0.1
1744813729.861845,-8.0,-95.0,353.0,,0.13133001171997627,0.8942881204182421,-1.8283229911097938,0.06666666666666667,-2.7,-0.0
1744813730.129447,-8.0,-93.0,350.0,,0.2644442640576301,0.9532881204182422,-1.254381635289866,0.1,0.1,-0.1
1744813730.4005916,-7.0,-93.0,349.0,,0.05844426405763059,0.7935382588044967,-0.9946747677658451,0.03333333333333333,0.0,-0.0
1744813730.6758447,-4.0,-93.0,348.0,,0.14644426405762978,0.3113110074298693,-1.067656788628181,0.03333333333333333,0.03333333333333333,-0.0
1744813730.9483967,-2.0,-93.0,348.0,,0.07744426405763072,-0.0006359373484655095,-1.2085678336165966,0.06666666666666667,0.03333333333333333,-0.03333333333333333
1744813731.2153914,-2.0,-93.0,348.0,,0.16644426405762935,-0.03963593734846549,-1.2427017094382147,0.06666666666666667,0.0,-0.03333333333333333
1744813731.483777,-1.0,-92.0,348.0,,0.0999759869426704,-0.20179189285024873,-1.1292894685890738,0.03333333333333333,-0.03333333333333333,-0.06666666666666667
1744813731.7527335,-1.0,-92.0,347.0,,0.059975986942671256,-0.19179189285024872,-1.0917939258305955,0.03333333333333333,-0.03333333333333333,-0.03333333333333333
1744813732.0318987,-1.0,-92.0,348.0,,0.07997598694267083,-0.2407918928502487,-1.2276627069616393,0.06666666666666667,0.0,-0.03333333333333333
1744813732.3142908,-1.0,-92.0,348.0,,0.04097598694267113,-0.18179189285024872,-1.0151895235734965,0.0,0.0,-0.03333333333333333
1744813732.5896418,-3.0,-92.0,343.0,,0.10897598694267074,-0.23158426925672093,-0.6018696870419107,0.0,-0.16666666666666666,-0.26666666666666666
1744813732.8604486,-4.0,-90.0,342.0,,-0.06300000000000061,-0.08068899257013074,-0.13622804471726035,0.0,-0.2,-0.06666666666666667
1744813733.1674676,-4.0,-88.0,339.0,,0.01097598694266999,-0.06068899257013072,0.001810778879635322,0.0,-0.03333333333333333,-0.0
1744813733.4551597,-3.0,-86.0,339.0,,0.1368966669511238,-0.25158426925672095,0.00886778188691506,0.1,0.03333333333333333,-0.03333333333333333
1744813733.7364945,-3.0,-86.0,339.0,,0.16689666695112315,-0.1925842692567209,0.010059126455783995,0.03333333333333333,0.0,-0.0
1744813734.0265653,-3.0,-86.0,339.0,,0.06889666695112417,-0.15358426925672097,0.003948477971648046,0.06666666666666667,0.0,-0.0
1744813734.3032246,-3.0,-86.0,339.0,,0.11789666695112366,-0.2025842692567209,0.007141032820606075,0.03333333333333333,0.0,-0.0
1744813734.573387,-3.0,-86.0,339.0,,0.126896666951124,-0.1925842692567209,0.007235812435695155,0.06666666666666667,0.0,-0.03333333333333333
1744813734.8471675,-3.0,-86.0,339.0,,0.09789666695112409,-0.1825842692567209,0.004814657953668033,0.06666666666666667,0.0,-0.03333333333333333
1744813735.110248,-3.0,-86.0,339.0,,0.06889666695112417,-0.08458426925672091,0.0030806633724621,0.03333333333333333,0.0,-0.06666666666666667
1744813735.3728561,-3.0,-86.0,339.0,,0.09789666695112409,-0.15358426925672097,0.005364625958344027,0.0,-0.03333333333333333,-0.03333333333333333
1744813735.641003,-3.0,-86.0,339.0,,0.126896666951124,-0.23158426925672093,0.005310220596903892,0.03333333333333333,0.0,-0.0
1744813735.9184954,-3.0,-86.0,339.0,,0.07789666695112452,-0.1925842692567209,0.005362528376601672,0.06666666666666667,0.03333333333333333,-0.03333333333333333
1744813736.185655,-3.0,-87.0,339.0,,0.14644426405762978,-0.1825842692567209,0.006485574345264533,0.06666666666666667,0.0,-0.03333333333333333
1744813736.4509246,-3.0,-87.0,339.0,,0.05844426405763059,-0.1925842692567209,0.0022197112722198153,0.06666666666666667,0.0,-0.03333333333333333
1744813736.717471,-3.0,-87.0,339.0,,0.14644426405762978,-0.27158426925672097,0.0036001528181119347,0.06666666666666667,0.0,-0.03333333333333333
1744813736.9977362,-3.0,-88.0,338.0,,0.07997598694267083,-0.2025842692567209,0.002876975363335532,0.1,0.0,-0.03333333333333333
1744813737.2831237,-3.0,-88.0,337.0,,0.020975986942669778,-0.26158426925672096,0.001206876271456242,0.1,0.0,-0.03333333333333333
1744813737.5952122,-4.0,-88.0,336.0,,0.12897598694267032,-0.09068899257013074,0.0032106729905369558,0.06666666666666667,0.0,-0.03333333333333333
1744813737.9021025,-4.0,-87.0,336.0,,-0.03955573594237016,-0.12968899257013067,-0.0003806698148061949,0.1,-0.03333333333333333,-0.03333333333333333
1744813738.1992671,-4.0,-87.0,336.0,,0.0874442640576305,-0.10068899257013075,0.003126268927282072,0.06666666666666667,-0.03333333333333333,-0.0
1744813738.4810488,-4.0,-87.0,335.0,,0.018444264057629667,-0.07068899257013073,0.0011942013151295394,0.06666666666666667,0.0,-0.03333333333333333
1744813738.7534192,-4.0,-87.0,335.0,,0.06744426405763093,-0.10068899257013075,0.0026595838107563163,0.03333333333333333,-0.03333333333333333,-0.03333333333333333
1744813739.0187418,-4.0,-87.0,336.0,,0.06744426405763093,-0.09068899257013074,0.0023546133403244407,0.03333333333333333,0.0,-0.03333333333333333
1744813739.2838275,-4.0,-87.0,336.0,,0.048444264057630804,-0.09068899257013074,0.00148300754917996,0.06666666666666667,0.06666666666666667,-0.0
1744813739.5430477,-2.0,-90.0,335.0,,0.20199999999999996,-0.19663593734846552,-0.2116836312161126,0.06666666666666667,0.4,-0.0
1744813739.8100207,-2.0,-98.0,332.0,,0.061470245645194765,-0.20663593734846553,-3.2350413448950097,0.26666666666666666,0.8333333333333334,-0.13333333333333333
1744813740.0883837,-3.0,-114.0,330.0,,-0.04888093947391425,-0.14358426925672096,-8.911782781514024,0.1,0.43333333333333335,-0.03333333333333333
1744813740.3548856,-3.0,-120.0,329.0,,-0.19070921112534478,-0.055584269256720886,-10.643607127173937,0.13333333333333333,0.3,-0.06666666666666667
1744813740.6248274,-3.0,-121.0,330.0,,-0.2898112198877225,-0.006584269256720954,-10.879330498991216,0.03333333333333333,0.03333333333333333,-0.03333333333333333
1744813740.8885815,-3.0,-122.0,330.0,,-0.4653518232945393,0.12141573074327905,-11.288839156401103,0.06666666666666667,0.1,-0.03333333333333333
1744813741.1494923,-3.0,-123.0,331.0,,-0.2553582715446092,0.17041573074327904,-11.752044283672713,0.26666666666666666,0.5666666666666667,-0.13333333333333333
1744813741.4136305,-2.0,-131.0,330.0,,-0.5307009819853947,0.048364062651534534,-14.360408538129498,0.06666666666666667,0.43333333333333335,-0.0
1744813741.6872327,-2.0,-135.0,331.0,,-0.9947175234400323,0.4683640626515345,-15.461626601449181,0.06666666666666667,0.23333333333333334,-0.1
1744813741.9659915,0.0,-140.0,330.0,,-0.7267464510249528,0.313,-16.108813852217878,0.1,0.16666666666666666,-0.06666666666666667
1744813742.2481203,0.0,-146.0,330.0,,-0.4366823830480273,0.372,-16.756338207881456,0.2,0.6,-0.06666666666666667
1744813742.5253649,0.0,-151.0,330.0,,-0.7659823746165673,0.264,-18.103185668191358,-0.03333333333333333,-0.06666666666666667,-0.0
1744813742.7947397,0.0,-152.0,331.0,,-1.1445160309295885,0.48,-18.14611342329921,0.06666666666666667,0.3,-0.03333333333333333
1744813743.059822,0.0,-154.0,331.0,,-0.9474209500008484,0.47,-18.458916808038865,0.06666666666666667,0.1,-0.0
1744813743.326826,3.0,-163.0,332.0,,-0.6331664233300462,0.407584269256721,-19.070667016476087,0.23333333333333334,0.5,0.16666666666666666
1744813743.5921977,5.0,-167.0,334.0,,-0.8637698431133178,0.40900216364547337,-19.223475271483018,0.0,0.06666666666666667,0.03333333333333333
1744813743.8601882,5.0,-169.0,334.0,,-0.46083624464390627,0.35000216364547343,-19.200647841636886,0.06666666666666667,0.1,0.03333333333333333
1744813744.1279657,6.0,-170.0,334.0,,-0.498488622912586,0.18957577534431946,-19.287663491211678,0.03333333333333333,-0.03333333333333333,-0.0
1744813744.399684,6.0,-168.0,334.0,,-0.39261368692221876,0.1305757753443193,-19.293010472925282,0.06666666666666667,0.0,-0.03333333333333333
1744813744.669194,6.0,-168.0,334.0,,-0.2856136869222188,0.16057577534431933,-19.16929989815705,0.06666666666666667,0.0,-0.03333333333333333
1744813744.9360547,7.0,-168.0,334.0,,-0.1876136869222187,-0.029538258804496786,-19.216010415415386,0.03333333333333333,-0.06666666666666667,-0.06666666666666667
1744813745.2027793,7.0,-168.0,334.0,,-0.09861368692221872,-0.009538258804496769,-19.094091135145096,0.03333333333333333,0.0,-0.03333333333333333
1744813745.4693463,7.0,-168.0,334.0,,-0.07961368692221882,-0.019538258804496778,-19.14322474226588,0.06666666666666667,0.0,-0.03333333333333333
1744813745.737431,7.0,-167.0,334.0,,-0.3347698431133177,0.039461741195503386,-19.121240255330413,0.03333333333333333,0.0,-0.03333333333333333
1744813746.0139635,7.0,-166.0,334.0,,-0.02025379583274045,-0.11753825880449664,-19.08140721420609,0.03333333333333333,-0.3,-0.0
1744813746.2893186,7.0,-164.0,335.0,,-0.028002460564762188,-0.10753825880449663,-18.85533006227311,0.06666666666666667,-0.03333333333333333,-0.03333333333333333
1744813746.5569348,7.0,-162.0,335.0,,0.017543285181764734,-0.08853825880449673,-18.59043283879508,0.03333333333333333,-0.3,-0.0
1744813746.8272786,6.0,-157.0,334.0,,-0.26407237047977583,0.16057577534431933,-18.108911308589462,0.03333333333333333,-0.16666666666666666,-0.03333333333333333
1744813747.0849829,5.0,-155.0,334.0,,-0.3028851476762622,0.1930021636454734,-17.914756003743076,0.0,-0.3333333333333333,-0.03333333333333333
1744813747.3448043,3.0,-150.0,335.0,,-0.355999999999999,0.03458426925672098,-17.221174012949596,-0.2,-0.4,-0.03333333333333333
1744813747.6081944,1.0,-146.0,335.0,,-0.3476823830480278,0.14179189285024874,-16.80633342961747,-0.03333333333333333,-0.3,-0.06666666666666667
1744813747.8919277,0.0,-144.0,334.0,,-0.3151733249891633,0.293,-16.195576504016056,0.0,-0.13333333333333333,-0.03333333333333333
1744813748.162407,0.0,-143.0,334.0,,-0.07980537712159297,0.028,-16.103533011077342,0.03333333333333333,0.0,-0.03333333333333333
1744813748.4306903,1.0,-144.0,334.0,,-0.07917332498916263,-0.06420810714975127,-16.036490951924677,0.06666666666666667,0.0,-0.03333333333333333
1744813748.698485,1.0,-145.0,334.0,,-0.05778484060376066,0.004791892850248725,-16.32327596407255,0.03333333333333333,0.0,-0.03333333333333333
1744813748.957701,1.0,-145.0,334.0,,0.011215159396239294,0.02379189285024874,-16.12350074344821,0.03333333333333333,0.0,-0.03333333333333333
1744813749.2190917,1.0,-145.0,334.0,,-0.13578484060376095,0.07279189285024873,-16.242530923361706,0.06666666666666667,0.0,-0.03333333333333333
1744813749.489964,1.0,-145.0,334.0,,-0.19478484060376022,0.03379189285024872,-16.244415468245627,0.06666666666666667,0.0,-0.0
1744813749.7584798,1.0,-145.0,334.0,,-0.14578484060376073,0.02379189285024874,-16.427324862105365,0.06666666666666667,0.0,-0.03333333333333333
1744813750.0323718,1.0,-146.0,334.0,,-0.14168238304802738,0.06279189285024875,-16.476044394286134,0.03333333333333333,0.0,-0.03333333333333333
1744813750.2952724,1.0,-146.0,334.0,,-0.06368238304802798,0.06279189285024875,-16.428801147145368,0.06666666666666667,0.0,-0.03333333333333333
1744813750.5572066,1.0,-145.0,334.0,,-0.10678484060376103,0.09279189285024875,-16.137632361473486,0.03333333333333333,-0.13333333333333333,-0.0
1744813750.8216555,1.0,-142.0,335.0,,-0.08763907294470918,-0.035208107149751255,-15.779193899204952,0.0,-0.2,-0.0
1744813751.08117,1.0,-139.0,335.0,,-0.08193907439687642,0.12179189285024872,-15.06650011258112,0.03333333333333333,-0.06666666666666667,-0.06666666666666667
1744813751.342006,1.0,-137.0,334.0,,-0.08140391221311116,0.05379189285024874,-14.563221714878338,0.1,-0.16666666666666666,-0.03333333333333333
1744813751.5988345,1.0,-136.0,334.0,,-0.11759861420276252,0.05379189285024874,-14.448393135265075,0.0,-0.06666666666666667,-0.06666666666666667
1744813751.867102,1.0,-136.0,334.0,,0.03940138579723751,-0.07420810714975126,-14.22846744070531,0.06666666666666667,-0.03333333333333333,-0.03333333333333333
1744813752.1364222,1.0,-134.0,334.0,,-0.15372344132216753,0.013791892850248733,-13.881999940997254,0.06666666666666667,-0.13333333333333333,-0.03333333333333333
1744813752.405753,1.0,-132.0,335.0,,-0.02425073793323751,-0.08420810714975127,-13.32989339651384,0.1,-0.03333333333333333,-0.06666666666666667
1744813752.6842856,1.0,-131.0,335.0,,0.06829901801460547,-0.06420810714975127,-12.81588423404806,0.0,-0.1,-0.03333333333333333
1744813752.9839926,0.0,-129.0,335.0,,-0.14280188189288623,0.126,-12.594754834412946,0.0,-0.06666666666666667,-0.03333333333333333
1744813753.2781298,0.0,-127.0,336.0,,0.06838564643605771,0.028,-11.900970098131186,0.0,-0.13333333333333333,-0.0
1744813753.553674,0.0,-125.0,337.0,,0.13211844552498953,0.0,-11.242438720922383,0.03333333333333333,-0.13333333333333333,-0.0
1744813753.8359365,1.0,-123.0,337.0,,0.009641728455390464,-0.025208107149751274,-10.581995880130945,0.03333333333333333,-0.13333333333333333,-0.03333333333333333
1744813754.1159246,0.0,-120.0,338.0,,0.11329078887465549,0.077,-9.978759838679586,0.06666666666666667,-0.13333333333333333,-0.0
1744813754.3807654,1.0,-117.0,338.0,,0.1532259977121111,-0.07420810714975126,-8.841112669681362,-0.03333333333333333,-0.4,0.03333333333333333
1744813754.6561077,1.0,-112.0,337.0,,0.1313263866998149,0.05379189285024874,-6.886657159948802,-0.06666666666666667,-0.6,0.03333333333333333
1744813754.9328275,2.0,-106.0,337.0,,0.09102276284509259,0.02963593734846548,-4.8755550037576505,0.06666666666666667,-0.23333333333333334,-0.0
1744813755.1999333,2.0,-102.0,336.0,,0.21037203680136507,-0.019364062651534508,-3.3669903589010275,0.0,-0.36666666666666664,-0.0
1744813755.4645069,2.0,-98.0,336.0,,0.24847024564519415,-0.16636406265153453,-2.633737525879666,0.0,-0.23333333333333334,-0.0
1744813755.7341113,2.0,-96.0,336.0,,0.3137402064372381,-0.16636406265153453,-1.5453378713757133,0.0,-0.2,-0.0
1744813756.0137408,4.0,-94.0,335.0,,0.4308966669511243,-0.2633110074298693,0.005171904090298676,0.06666666666666667,-0.2,-0.0
1744813756.286095,5.0,-92.0,334.0,,-0.1260240130573287,-0.21899783635452663,-0.0057051652796309416,0.03333333333333333,0.0,-0.03333333333333333
1744813756.55467,4.0,-89.0,332.0,,-0.051505889484198875,-0.09731100742986931,-0.0008596767452988541,0.03333333333333333,0.0,-0.03333333333333333
1744813756.82005,4.0,-87.0,332.0,,0.028444264057629454,-0.008311007429869233,0.009745344967258873,0.06666666666666667,0.0,-0.03333333333333333
1744813757.08469,4.0,-86.0,331.0,,0.11789666695112366,-0.17531100742986927,0.013406518631844278,0.03333333333333333,-0.03333333333333333,-0.03333333333333333
1744813757.3571799,3.0,-85.0,331.0,,0.1113300117199767,-0.004415730743279056,0.010828209076393591,0.06666666666666667,0.0,-0.03333333333333333
1744813757.6152322,3.0,-84.0,331.0,,0.18674020643723743,0.0735842692567209,0.016458282087131626,0.06666666666666667,0.03333333333333333,-0.03333333333333333
1744813757.8986259,3.0,-84.0,331.0,,0.0007402064372374895,0.02458426925672097,0.0003984090494548731,0.03333333333333333,0.0,-0.03333333333333333
1744813758.165465,3.0,-84.0,331.0,,0.11774020643723837,0.04458426925672099,0.011384029537284457,0.03333333333333333,-0.03333333333333333,-0.03333333333333333
1744813758.4268084,3.0,-84.0,331.0,,0.14774020643723773,0.015584269256720962,0.014661352450644038,0.03333333333333333,0.0,-0.03333333333333333
1744813758.6903627,3.0,-84.0,331.0,,0.16674020643723786,0.005584269256720953,0.016646608552944864,0.03333333333333333,0.0,-0.06666666666666667
1744813758.952883,3.0,-84.0,331.0,,0.11774020643723837,0.02458426925672097,0.012555890217211596,0.06666666666666667,0.03333333333333333,-0.06666666666666667
1744813759.2110214,3.0,-84.0,331.0,,0.09874020643723824,-0.07341573074327906,0.00928789086946924,0.03333333333333333,0.0,-0.0
1744813759.4689722,3.0,-84.0,331.0,,0.10774020643723858,-0.024415730743279074,0.009563229198883638,0.03333333333333333,0.0,-0.03333333333333333
1744813759.736082,2.0,-85.0,330.0,,0.1113300117199767,0.06863593734846546,0.007988574607173393,0.03333333333333333,0.0,-0.06666666666666667
1744813760.0142033,5.0,-77.0,329.0,,0.10942966445684021,-0.20899783635452662,0.14365965637632128,-0.16666666666666666,-2.433333333333333,0.2
1744813760.275024,7.0,-49.0,325.0,,-1.3937009819853943,-0.6865382588044967,-0.054209771694563536,0.4,-1.6333333333333333,-0.0
1744813760.534673,5.0,-26.0,322.0,,-1.2324209500008494,-0.38499783635452667,0.053098559929278366,0.1,-1.0333333333333334,-0.06666666666666667
1744813760.7974055,6.0,-19.0,319.0,,-1.9298235952247074,-0.4964242246556806,0.10020359129381085,-0.06666666666666667,-0.4,-0.06666666666666667
1744813761.0503988,6.0,-17.0,318.0,,-1.6331664233300478,-0.6534242246556806,0.18598258696016678,0.03333333333333333,-0.13333333333333333,-0.0
1744813761.3091848,5.0,-13.0,316.0,,-0.9717698431133155,-0.5229978363545267,0.15607974702982652,0.03333333333333333,-0.06666666666666667,-0.03333333333333333
1744813761.5661426,3.0,-9.0,315.0,,-0.4466221020446648,-0.08341573074327907,0.12326275154420152,0.03333333333333333,0.0,-0.03333333333333333
1744813761.8366754,2.0,-7.0,315.0,,0.019461741195503368,0.02963593734846548,0.27120389007199464,0.0,-0.06666666666666667,-0.0
1744813762.113376,2.0,-6.0,314.0,,0.042575775344319444,0.058635937348465506,0.14955401524704826,0.03333333333333333,0.0,-0.0
1744813762.3786027,3.0,-6.0,314.0,,0.17957577534431945,0.015584269256720962,0.1509688045296098,-0.06666666666666667,0.3,-0.0
1744813762.6398306,8.0,-25.0,306.0,,-0.08688514767626199,-0.9642881204182421,0.4295416445154405,-0.06666666666666667,1.6,-0.1
1744813762.9106863,9.0,-71.0,302.0,,-0.38153722662929823,-1.368622102044665,-0.04291907762033009,0.23333333333333334,3.3333333333333335,-0.36666666666666664
1744813763.1783283,6.0,-104.0,300.0,,0.5223989252324746,-1.9274242246556805,-4.6567230607127925,0.03333333333333333,0.8333333333333334,-0.2
1744813763.442455,5.0,-117.0,300.0,,-0.06277400228788821,-1.6099978363545266,-9.644938199288415,0.5,1.6333333333333333,-0.03333333333333333
1744813763.7083194,8.0,-129.0,299.0,,-0.8978018818928861,-1.375288120418242,-14.492735310998453,0.36666666666666664,0.6,0.03333333333333333
1744813763.9863546,9.0,-134.0,301.0,,-0.9187234413221672,-1.1726221020446648,-15.87314130268587,0.2,0.16666666666666666,-0.0
1744813764.2575793,7.0,-138.0,304.0,,-1.0241712483804006,-0.6175382588044968,-16.19511637742555,0.06666666666666667,0.13333333333333333,-0.03333333333333333
1744813764.5241077,7.0,-141.0,306.0,,-0.8006330361989047,-0.5005382588044968,-16.36922742845054,0.06666666666666667,-0.06666666666666667,-0.0
1744813764.7875197,6.0,-143.0,307.0,,-0.6878053771215926,-0.33042422465568067,-16.51566069535768,0.1,0.03333333333333333,-0.03333333333333333
1744813765.0510225,6.0,-145.0,307.0,,-0.449784840603761,-0.23242422465568058,-16.7410785207232,0.06666666666666667,-0.03333333333333333,-0.0
1744813765.3130672,5.0,-146.0,307.0,,-0.21068238304802733,-0.0029978363545266618,-16.478667883353083,0.03333333333333333,0.0,-0.06666666666666667
1744813765.5830853,5.0,-146.0,307.0,,-0.13268238304802793,-0.13999783635452667,-16.54203465770306,0.03333333333333333,0.03333333333333333,-0.03333333333333333
1744813765.859487,5.0,-147.0,308.0,,-0.13690893349741806,-0.11099783635452665,-16.668823076295993,0.0,-0.03333333333333333,-0.03333333333333333
1744813766.1336763,5.0,-147.0,308.0,,-0.14690893349741874,-0.0619978363545266,-16.544140991523683,0.03333333333333333,0.0,-0.0
1744813766.3975863,4.0,-147.0,308.0,,0.001091066502581839,0.07968899257013073,-16.38988310094848,0.03333333333333333,-0.06666666666666667,-0.0
1744813766.6676157,4.0,-145.0,309.0,,0.06021515939623967,-0.0873110074298693,-16.191124808387045,0.03333333333333333,-0.1,-0.0
1744813766.934177,4.0,-143.0,312.0,,-0.10880537712159288,-0.04831100742986927,-15.824503259265116,0.0,-0.16666666666666666,-0.03333333333333333
1744813767.196638,4.0,-142.0,312.0,,-0.11763907294470943,-0.11631100742986933,-15.687493883432463,0.06666666666666667,0.0,-0.03333333333333333
1744813767.4538991,4.0,-142.0,312.0,,-0.16663907294470892,-0.04831100742986927,-15.666694566091586,0.03333333333333333,0.0,-0.03333333333333333
1744813767.722074,4.0,-137.0,322.0,,-0.2284039122131114,-0.3033110074298693,-14.759288932317926,-0.06666666666666667,-0.6,0.03333333333333333
1744813768.011134,2.0,-124.0,327.0,,-0.37685858676495876,-0.13736406265153453,-12.002827586958071,-0.16666666666666666,-0.8,-0.13333333333333333
1744813768.3073764,-4.0,-111.0,331.0,,0.14657601606245052,-0.5906889925701306,-7.125943213091656,-0.6,-0.9666666666666667,-0.3
1744813768.6086433,-5.0,-105.0,334.0,,-0.25873235589575927,-0.36100216364547333,-4.547723596454604,-0.03333333333333333,-0.26666666666666666,-0.13333333333333333
1744813768.8992743,-7.0,-105.0,335.0,,0.1332676441042402,-0.5404617411955033,-4.44310014914268,0.13333333333333333,0.06666666666666667,-0.1
1744813769.1996906,-8.0,-104.0,335.0,,-0.06560107476752641,-0.3897118795817578,-4.380391745374563,0.13333333333333333,0.03333333333333333,-0.1
1744813769.4790163,-9.0,-103.0,336.0,,-0.03757033554315825,-0.3283778979553351,-4.6266890600215085,0.0,-0.1,-0.0
1744813769.7454565,-8.0,-99.0,337.0,,-0.12922262123830208,-0.07671187958175785,-3.0020359720777803,-0.06666666666666667,-0.3333333333333333,0.03333333333333333
1744813770.07777,-6.0,-97.0,338.0,,0.02012225239862886,-0.3965757753443193,-2.0076601815317763,0.0,-0.16666666666666666,-0.0
1744813770.4170158,-6.0,-93.0,339.0,,-0.020555735942370035,-0.15157577534431943,-1.015431923616255,0.0,-0.2,0.06666666666666667
1744813770.7165956,-5.0,-89.0,339.0,,0.12449411051580128,-0.09600216364547332,0.004906523650446415,0.03333333333333333,-0.1,-0.0
1744813770.997649,-4.0,-87.0,339.0,,0.22444426405763096,-0.3056889925701307,0.012075048008506672,-0.03333333333333333,-0.3333333333333333,0.06666666666666667
1744813771.2725415,-3.0,-87.0,337.0,,-0.010555735942370248,-0.1925842692567209,0.0044351165958190775,0.0,-0.3,0.03333333333333333
1744813771.5339284,-2.0,-82.0,336.0,,0.03247024564519485,-0.1186359373484655,0.012586042932553054,-0.03333333333333333,-0.3333333333333333,0.03333333333333333
1744813771.802455,0.0,-84.0,334.0,,-0.2352597935627614,-0.226,-0.018657134349685744,0.43333333333333335,0.6333333333333333,-0.16666666666666666
1744813772.071914,0.0,-84.0,332.0,,0.00974020643723783,-0.245,0.02003510952744736,0.06666666666666667,0.23333333333333334,-0.06666666666666667
1744813772.3397973,0.0,-108.0,325.0,,-0.043864424855458495,-0.216,-4.219724220558371,1.2,3.033333333333333,0.2
1744813772.6042976,12.0,-145.0,317.0,,-0.9797848406037604,-0.18761368692221914,-15.870981455919647,0.6,1.6,0.3
1744813772.8656497,19.0,-156.0,314.0,,0.13791353142639773,-0.9888235952247073,-18.773602800165033,-0.13333333333333333,-0.3333333333333333,-0.16666666666666666
1744813773.1313572,24.0,-155.0,310.0,,-1.2828851476762622,-0.3140864685736,-17.092475495199412,0.43333333333333335,0.03333333333333333,-0.03333333333333333
1744813773.39312,31.0,-154.0,304.0,,-0.4574209500008486,-0.5135235148676323,-16.215758824140796,-0.36666666666666664,-0.2,-0.2
1744813773.6579654,28.0,-152.0,305.0,,-1.4975160309295883,-0.3505160309295894,-16.65137897348703,-0.03333333333333333,-0.06666666666666667,-0.13333333333333333
1744813773.932468,26.0,-154.0,305.0,,-0.8694209500008485,-0.025420950000849096,-16.287496277017762,0.06666666666666667,-0.03333333333333333,-0.1
1744813774.1985676,25.0,-155.0,305.0,,-0.586885147676262,-0.05788514767626207,-16.431943884380956,0.0,-0.03333333333333333,-0.1
1744813774.4644256,25.0,-155.0,305.0,,-0.743885147676262,0.021114852323737665,-16.424603352073433,0.06666666666666667,-0.06666666666666667,-0.1
1744813774.726891,25.0,-154.0,304.0,,-0.5554209500008485,-0.027885147676261823,-16.158604565611,0.1,-0.13333333333333333,-0.13333333333333333
1744813774.9900377,26.0,-146.0,304.0,,-1.034682383048028,-0.08442095000084926,-14.958499444018216,-0.1,-1.3,-0.1
1744813775.2530594,20.0,-116.0,307.0,,-0.07116959419482782,-0.6792176060248103,-10.735827374927322,-0.43333333333333335,-2.6,-0.7333333333333333
1744813775.521566,12.0,-86.0,311.0,,-0.6571033330488767,0.5973863130777808,-0.3373504355572089,-0.9666666666666667,-2.0,-0.6
1744813775.7903533,11.0,-74.0,327.0,,-0.1249772371549085,0.7451637553560955,0.04599018697371937,-1.1666666666666667,-0.3333333333333333,-0.4
1744813776.065616,12.0,-74.0,338.0,,-0.2519772371549074,-0.06961368692221925,0.06090854319209127,-0.06666666666666667,-0.7666666666666667,0.1
1744813776.3335621,14.0,-61.0,339.0,,-0.8240193270374725,0.3417462041672592,0.09468395696826715,0.0,-1.1333333333333333,-0.36666666666666664
1744813776.6000695,10.0,-58.0,338.0,,-1.5243518232945394,0.5415113770874134,-0.005604439883245327,0.06666666666666667,-0.06666666666666667,-0.13333333333333333
1744813776.8644383,11.0,-56.0,339.0,,-1.7198585867649587,0.5301637553560956,0.2623154162513135,-0.16666666666666666,-0.13333333333333333,0.03333333333333333
1744813777.131898,21.0,-58.0,345.0,,-2.2693518232945395,0.5434104149606043,0.009224397310818588,-1.2666666666666666,0.13333333333333333,0.5
1744813777.3953972,37.0,-57.0,351.0,,-3.2663582715446093,0.6161946228784059,-0.02404738872128842,-0.6,-0.36666666666666664,0.3
1744813777.6618829,41.0,-55.0,350.0,,-3.24188155447501,0.3300609256031235,0.01568845204099123,0.3,0.06666666666666667,-0.16666666666666666
1744813777.9337742,40.0,-53.0,345.0,,-3.2856143535639424,0.7832535489750496,0.17824298377690884,0.03333333333333333,0.06666666666666667,-0.13333333333333333
1744813778.2053638,41.0,-50.0,342.0,,-2.6128959869971746,-0.00393907439687613,-0.1278179514541664,-0.03333333333333333,0.06666666666666667,-0.16666666666666666
1744813778.4672737,40.0,-51.0,344.0,,-2.034801881892885,-0.0007464510249510781,-0.00354536852049403,0.0,0.0,-0.1
1744813778.726442,40.0,-51.0,343.0,,-1.9178018818928848,0.15625354897504895,-0.0054124145192657735,0.03333333333333333,0.03333333333333333,-0.06666666666666667
1744813778.9900537,41.0,-49.0,341.0,,-1.932700981985394,0.006060925603123657,-0.017123109838941275,0.1,0.0,-0.03333333333333333
1744813779.2519455,40.0,-48.0,340.0,,-1.7892507379332372,-0.09874645102495094,-0.0916622271931864,0.26666666666666666,0.06666666666666667,-0.13333333333333333
1744813779.5126407,33.0,-58.0,331.0,,-1.3573518232945396,-0.14690893349741607,0.11469647106023473,1.0666666666666667,1.7666666666666666,-0.6
1744813779.779316,16.0,-90.0,317.0,,0.5060000000000002,-0.5670024605647619,0.09369241105167347,0.5,1.1666666666666667,-0.43333333333333335
1744813780.0574644,10.0,-111.0,308.0,,-0.19642398393754945,-0.4194886229125867,-6.648130255605511,0.7,1.7333333333333334,-0.36666666666666664
1744813780.328967,12.0,-133.0,299.0,,-1.1935798128840638,-0.3636136869222193,-14.8199520948668,0.8333333333333334,1.6,0.03333333333333333
1744813780.6012096,19.0,-137.0,296.0,,-1.6114039122131114,-0.5278235952247075,-16.247675272624697,0.2,0.1,0.03333333333333333
1744813780.8697293,20.0,-133.0,297.0,,-2.576579812884064,-0.3942176060248106,-15.852426750700399,-0.06666666666666667,-0.5333333333333333,-0.0
1744813781.1264088,20.0,-131.0,299.0,,-2.344700981985395,-0.38521760602481026,-16.187777379363478,0.06666666666666667,0.2,-0.0
1744813781.382776,20.0,-131.0,299.0,,-2.344700981985395,-0.38521760602481026,-16.187777379363478,0.06666666666666667,0.2,-0.0
1744813781.6404657,20.0,-131.0,299.0,,-2.344700981985395,-0.38521760602481026,-16.187777379363478,0.06666666666666667,0.2,-0.0
1744813781.897141,20.0,-131.0,299.0,,-2.344700981985395,-0.38521760602481026,-16.187777379363478,0.06666666666666667,0.2,-0.0
1744813782.153625,20.0,-131.0,299.0,,-2.344700981985395,-0.38521760602481026,-16.187777379363478,0.06666666666666667,0.2,-0.0
1744813782.4086244,26.0,-113.0,318.0,,-1.1071526123684396,0.0035790499991508185,-8.22798645202671,0.06666666666666667,0.0,-0.0
1744813782.665385,26.0,-116.0,319.0,,-0.9531695941948284,0.04257904999915052,-8.347493857821645,0.03333333333333333,-0.03333333333333333,-0.03333333333333333
1744813782.9261973,26.0,-116.0,320.0,,-0.9631695941948282,0.013579049999150605,-8.321671501696294,0.06666666666666667,0.0,-0.03333333333333333
1744813783.1836371,26.0,-117.0,320.0,,-1.062774002287889,0.14057904999915039,-8.194178106994745,0.0,-0.03333333333333333,-0.03333333333333333
1744813783.4489634,26.0,-117.0,321.0,,-0.9157740022878889,0.07257904999915077,-8.158497112280013,0.0,-0.03333333333333333,-0.03333333333333333
1744813783.732406,26.0,-116.0,321.0,,-0.8751695941948281,-0.08442095000084926,-8.237336739658076,0.0,-0.03333333333333333,-0.06666666666666667
1744813784.040422,25.0,-115.0,322.0,,-1.0268793908295377,-0.017885147676262036,-8.099996317584162,0.1,0.2,-0.03333333333333333
1744813784.3517473,22.0,-129.0,323.0,,-1.5938018818928859,0.4431093185899031,-13.13001171475565,-0.13333333333333333,0.7666666666666667,-0.03333333333333333
1744813784.6331944,14.0,-111.0,327.0,,-0.5984239839375487,0.8027462041672595,-7.91834426122542,-0.8,-3.2,-1.5333333333333334
1744813784.9052496,-6.0,-77.0,333.0,,0.9334296644568418,-1.2395757753443195,0.06667293475058067,0.23333333333333334,0.6,-0.23333333333333334
1744813785.1791685,-3.0,-88.0,327.0,,-0.008024013057330137,0.10141573074327909,-0.8418415060168524,0.36666666666666664,0.0,-0.0
1744813785.4460337,-1.0,-86.0,324.0,,-0.020103333048876237,0.06320810714975127,0.0004696455245044584,0.2,-0.3333333333333333,-0.13333333333333333
1744813785.7072513,-1.0,-87.0,323.0,,0.28344426405763024,0.2682081071497513,0.043029156882162356,-0.6,0.06666666666666667,-0.16666666666666666
1744813785.9909887,-2.0,-89.0,319.0,,0.03649411051580209,-2.6586359373484654,0.029495704982986592,0.4,0.1,-0.23333333333333334
1744813786.2626913,3.0,-89.0,326.0,,-0.179505889484199,-0.5624157307432791,-0.003640348143339106,-0.06666666666666667,0.13333333333333333,-0.23333333333333334
1744813786.5316708,3.0,-89.0,331.0,,-0.19950588948419856,-0.14141573074327907,-0.010601201445929909,0.0,-0.13333333333333333,-0.3333333333333333
1744813786.8096666,-2.0,-91.0,332.0,,-0.07150588948419845,-0.07963593734846547,-0.001419683422131085,-0.3,-0.26666666666666666,-0.4666666666666667
1744813787.0752728,-4.0,-89.0,335.0,,-0.2085058894841989,-0.4336889925701308,-0.009643046304008696,0.0,0.06666666666666667,0.03333333333333333
1744813787.3452046,-3.0,-89.0,336.0,,0.026494110515802305,-0.48658426925672094,0.008456222100740152,0.03333333333333333,0.0,0.03333333333333333
1744813787.604295,-3.0,-86.0,336.0,,0.126896666951124,-0.48658426925672094,0.014936570539810679,0.03333333333333333,0.0,-0.0
1744813787.8887122,-4.0,-85.0,336.0,,0.09133001171997712,-0.20768899257013074,0.011030241045679512,0.03333333333333333,0.0,-0.0
1744813788.1648564,-4.0,-85.0,336.0,,0.08233001171997678,-0.10968899257013076,0.008049637871596627,0.03333333333333333,0.0,-0.0
1744813788.4301298,-4.0,-84.0,336.0,,0.18674020643723743,-0.22768899257013075,0.017689209518565674,0.03333333333333333,0.0,-0.03333333333333333
1744813788.6939008,-4.0,-84.0,336.0,,0.04974020643723698,-0.08068899257013074,0.0059754207175081175,0.03333333333333333,-0.06666666666666667,-0.03333333333333333
1744813788.9549649,-4.0,-83.0,336.0,,0.1571222523986311,-0.25668899257013067,0.02076677376001923,0.03333333333333333,0.0,-0.03333333333333333
1744813789.2121985,-4.0,-82.0,337.0,,0.03247024564519485,-0.14968899257013069,0.006316197670164225,0.03333333333333333,-0.1,-0.06666666666666667
1744813789.468633,-4.0,-79.0,336.0,,0.09723733037841598,-0.03168899257013069,0.01653018512900517,0.0,-0.36666666666666664,0.06666666666666667
1744813789.7357783,-3.0,-73.0,336.0,,0.1206503440026232,-0.13358426925672096,0.03801458004128122,0.06666666666666667,-0.4666666666666667,0.03333333333333333
1744813790.00666,-2.0,-66.0,334.0,,0.049119060526084724,-0.23663593734846544,0.058506009670301395,0.13333333333333333,-0.6,0.06666666666666667
1744813790.2802286,-1.0,-57.0,332.0,,0.14664172845539092,-0.19179189285024872,0.11241996478674654,0.06666666666666667,-0.4,0.03333333333333333
1744813790.551684,-1.0,-51.0,331.0,,0.24019811810711467,-0.15279189285024875,0.13629421578981304,0.1,-0.4,0.03333333333333333
1744813790.8209531,-1.0,-46.0,330.0,,0.19927655867783312,-0.15279189285024875,0.12648294746065414,0.13333333333333333,-0.26666666666666666,-0.0
1744813791.0851042,-2.0,-42.0,329.0,,0.14282875161960007,-0.0496359373484655,0.08500297629405917,0.16666666666666666,-0.3,-0.03333333333333333
1744813791.3523958,-2.0,-36.0,328.0,,0.1558266750108377,-0.020635937348465472,0.14135094250106217,0.1,-0.36666666666666664,-0.0
1744813791.6186078,-1.0,-31.0,327.0,,0.2514764851323683,-0.19179189285024872,0.19881896431338397,0.06666666666666667,-0.26666666666666666,-0.0
1744813791.8918347,-1.0,-27.0,327.0,,0.22335319755504557,-0.26979189285024874,0.18901134210539006,0.03333333333333333,-0.23333333333333334,-0.0
1744813792.158985,-2.0,-24.0,326.0,,0.16691353142639986,-0.0496359373484655,0.1274808185658287,0.06666666666666667,-0.26666666666666666,-0.0
1744813792.4259317,-2.0,-20.0,325.0,,0.016782393975189436,-0.34363593734846554,0.20023447909891168,0.2,-0.4,0.03333333333333333
1744813792.6947694,-2.0,-12.0,322.0,,-0.03961368692221923,-0.14763593734846547,0.12107371190828609,-0.1,-0.4666666666666667,-0.0
1744813792.9615004,0.0,-2.0,321.0,,-0.039364062651534526,0.038,0.1486131770726633,0.03333333333333333,-0.5666666666666667,-0.03333333333333333
1744813793.225465,0.0,0.0,321.0,,-0.186,-0.098,0.2831283914865814,0.03333333333333333,-0.16666666666666666,-0.0
1744813793.4961212,0.0,2.0,320.0,,-0.1676359373484655,-0.108,0.1673990194264352,0.03333333333333333,-0.03333333333333333,-0.0
1744813793.7725587,1.0,2.0,321.0,,-0.010635937348465463,-0.05420810714975126,0.25869332067565054,0.0,0.06666666666666667,-0.16666666666666666
1744813794.051966,6.0,-4.0,313.0,,-0.6463110074298692,-0.09442422465568057,0.19661444274851547,0.23333333333333334,0.03333333333333333,-0.2
1744813794.3292735,6.0,-4.0,311.0,,-0.3033110074298693,-0.09442422465568057,0.24223190249701076,0.16666666666666666,0.0,-0.2
1744813794.5952132,5.0,-4.0,309.0,,-0.6163110074298692,-0.2769978363545267,0.19959470805229174,0.1,-0.03333333333333333,-0.1
1744813794.8622963,4.0,-3.0,308.0,,-0.43641573074327905,-0.09731100742986931,0.1413748577714422,0.03333333333333333,0.0,-0.03333333333333333
1744813795.1279736,3.0,-1.0,307.0,,-0.13320810714975126,-0.2984157307432791,0.18534060337444203,0.1,-0.03333333333333333,-0.03333333333333333
1744813795.3921244,2.0,0.0,307.0,,0.058,0.07863593734846547,0.12298252549691036,0.03333333333333333,0.0,-0.0
1744813795.6569636,2.0,0.0,307.0,,-0.098,-0.09836406265153452,0.18639430735052187,0.1,-0.06666666666666667,-0.03333333333333333
1744813795.9388804,1.0,0.0,307.0,,-0.108,0.22979189285024876,0.15252664545344885,0.03333333333333333,0.0,-0.03333333333333333
1744813796.2061257,2.0,0.0,306.0,,-0.206,-0.1473640626515345,0.13798875412846634,0.06666666666666667,0.0,-0.03333333333333333
1744813796.4727724,2.0,1.0,306.0,,-0.014791892850248733,-0.15736406265153452,0.2553324989646466,0.03333333333333333,0.0,-0.03333333333333333
1744813796.7387502,1.0,1.0,306.0,,-0.014791892850248733,0.08279189285024874,0.1678841521317338,0.03333333333333333,-0.03333333333333333,-0.03333333333333333
1744813797.0016377,1.0,1.0,306.0,,-0.12279189285024872,0.13179189285024873,0.015061189805750885,0.03333333333333333,0.0,-0.03333333333333333
1744813797.2670503,0.0,2.0,307.0,,-0.03963593734846549,0.136,0.1621131069257835,0.23333333333333334,0.0,-0.16666666666666666
1744813797.5415962,-1.0,3.0,309.0,,-0.10458426925672093,-0.27979189285024875,0.2603471924049998,0.2,-0.2,-0.16666666666666666
1744813797.8465621,-3.0,10.0,311.0,,-0.17951137708741327,-0.10458426925672093,0.0971982338930033,0.03333333333333333,-0.7666666666666667,-0.26666666666666666
1744813798.1420496,0.0,14.0,308.0,,-0.5397462041672592,-0.147,0.06170839142740192,0.06666666666666667,-0.5666666666666667,-0.06666666666666667
1744813798.4248545,0.0,23.0,305.0,,-0.7959276295202238,-0.343,0.14350412333128126,0.16666666666666666,-0.5666666666666667,-0.0
1744813798.7088215,-2.0,32.0,304.0,,-0.42049201787225954,-0.3146359373484655,0.08377070746105986,0.2,-0.2,-0.0
1744813798.9793243,-5.0,37.0,305.0,,-0.22519462287840586,-0.2140021636454733,0.1166420501033576,0.06666666666666667,-0.2,-0.0
1744813799.2487142,-6.0,40.0,305.0,,-0.11725354897504925,-0.18057577534431934,0.08844292674456877,0.13333333333333333,-0.13333333333333333,-0.0
1744813799.531627,-7.0,43.0,306.0,,-0.1545960877868895,-0.3344617411955033,0.15684845678294757,0.1,-0.13333333333333333,-0.03333333333333333
1744813799.8267074,-8.0,46.0,307.0,,-0.180276558677833,-0.21371187958175786,0.12760687311102004,0.13333333333333333,-0.2,-0.03333333333333333
1744813800.1280756,-9.0,50.0,308.0,,-0.016104013002824935,-0.1713778979553351,0.022804075993950512,0.1,-0.13333333333333333,-0.03333333333333333
1744813800.410087,-10.0,52.0,308.0,,-0.016614507118056565,-0.13051137708741334,0.060429410676372086,0.03333333333333333,-0.06666666666666667,-0.03333333333333333
1744813800.6823456,-10.0,53.0,309.0,,-0.010385646436056994,-0.19851137708741318,0.06399500857073903,0.06666666666666667,-0.03333333333333333,-0.03333333333333333
1744813800.9523463,-10.0,53.0,309.0,,-0.04038564643605724,-0.26751137708741335,0.05870646653988576,0.1,-0.06666666666666667,-0.0
1744813801.219397,-10.0,54.0,309.0,,0.15045671481823497,-0.17951137708741327,-0.033668621955055045,0.0,0.06666666666666667,-0.0
1744813801.487771,-9.0,50.0,307.0,,0.03289598699717455,-0.1913778979553351,0.05195160542257593,-0.13333333333333333,0.36666666666666664,-0.03333333333333333
1744813801.7624645,-5.0,37.0,302.0,,-0.14719462287840646,-0.42000216364547327,0.11648512385144816,-0.3333333333333333,1.0333333333333334,-0.0
1744813802.0532885,-1.0,17.0,300.0,,-0.33883357666995195,-0.6427918928502487,0.5117647536311658,-0.13333333333333333,1.2666666666666666,-0.1
1744813802.3340707,4.0,-10.0,296.0,,-0.44948862291258673,-1.0083110074298693,0.3608188218415336,0.06666666666666667,1.5666666666666667,-0.0
1744813802.6138337,3.0,-30.0,296.0,,-0.45399999999999974,-0.964415730743279,0.2170736463198395,0.0,1.3333333333333333,-0.03333333333333333
1744813802.8826416,7.0,-48.0,297.0,,-0.3282507379332378,-1.3815382588044967,0.11178698489348537,-0.13333333333333333,0.8666666666666667,-0.0
1744813803.1516623,8.0,-59.0,298.0,,-0.06481121988772287,-0.7192881204182421,0.10662945724893103,0.1,0.7666666666666667,-0.13333333333333333
1744813803.4223425,7.0,-70.0,300.0,,0.17561539009023974,-0.8925382588044968,0.0808382189063539,-0.06666666666666667,0.5666666666666667,-0.13333333333333333
1744813803.6899445,5.0,-77.0,302.0,,-0.23357033554315976,-0.8549978363545266,-0.04791576033869038,0.13333333333333333,0.6,-0.26666666666666666
1744813803.9678059,3.0,-83.0,303.0,,-0.03887774760136864,-0.8464157307432791,-0.004122752079517511,0.06666666666666667,0.3333333333333333,-0.13333333333333333
1744813804.239728,5.0,-83.0,305.0,,-0.3038777476013692,-1.6489978363545266,-0.024664738884358384,-0.13333333333333333,-0.03333333333333333,0.03333333333333333
1744813804.5208397,5.0,-80.0,307.0,,-0.06096405704976071,-1.1689978363545266,-0.015871131725370802,0.03333333333333333,-0.3333333333333333,-0.0
1744813804.8267307,10.0,-57.0,305.0,,-0.4323582715446097,-1.3224886229125867,-0.1349933635827396,0.4,-2.0,0.5
1744813805.109836,10.0,-23.0,296.0,,0.1379276295202243,-1.1454886229125867,0.6842953110850765,0.6666666666666666,-2.3666666666666667,0.13333333333333333
1744813805.3877826,2.0,3.0,291.0,,0.13141573074327906,-1.2833640626515344,0.0491819032197327,0.23333333333333334,-1.2666666666666666,0.16666666666666666
1744813805.6613927,-1.0,21.0,289.0,,0.20058958503939595,-1.1427918928502487,0.12016811948537587,0.06666666666666667,-1.4,0.16666666666666666
1744813805.9444547,-4.0,43.0,286.0,,-1.0075960877868901,-0.5706889925701306,0.5944382807384541,0.2,-1.4666666666666666,-0.0
1744813806.2167816,-9.0,60.0,288.0,,0.40570921112534286,-0.466377897955335,-0.140814691936181,0.36666666666666664,-0.6666666666666666,0.06666666666666667
1744813806.4902322,-12.0,70.0,290.0,,1.0693846099097613,-0.6673863130777806,-0.23589506140295136,0.3,-0.4,-0.0
1744813806.755081,-14.0,77.0,292.0,,0.5165703355431592,-0.8137462041672592,0.0047121096797906326,0.23333333333333334,-0.5333333333333333,-0.0
1744813807.021471,-16.0,87.0,295.0,,0.19555573594236897,-0.48299753943523793,0.011533343389624473,0.4,-0.5,-0.0
1744813807.2806625,-15.0,97.0,296.0,,1.4798777476013711,-0.8839851675442714,-1.6411585152558068,0.03333333333333333,-0.6,-0.2
1744813807.5453293,-14.0,102.0,296.0,,0.7006279631986345,-0.5487462041672595,-4.223310786670098,-0.03333333333333333,0.03333333333333333,-0.0
1744813807.8163264,-15.0,101.0,295.0,,0.45076266962158407,-0.6289851675442715,-2.841458361828087,0.06666666666666667,0.1,-0.0
1744813808.0878165,-15.0,97.0,296.0,,0.5868777476013705,-0.3249851675442712,-1.4243999343518283,0.1,0.7666666666666667,-0.13333333333333333
1744813808.3505225,-12.0,79.0,291.0,,1.431762669621584,-0.6473863130777806,-0.23008038349965032,0.0,1.0666666666666667,-0.16666666666666666
1744813808.6156054,-5.0,51.0,292.0,,0.3868018818928851,-0.4590021636454734,-0.08740741857384382,-0.23333333333333334,1.7333333333333334,-0.36666666666666664
1744813808.8767006,1.0,22.0,293.0,,-0.3651093185899028,-1.4362081071497512,0.7081316094581034,0.16666666666666666,2.033333333333333,-0.4666666666666667
1744813809.1406028,2.0,1.0,295.0,,0.024208107149751273,-0.9113640626515345,-0.15182137293922615,-0.16666666666666666,0.8333333333333334,-0.13333333333333333
1744813809.401567,4.0,-15.0,297.0,,-1.0000148324557288,-0.14631100742986924,0.2729914371030375,0.16666666666666666,1.0666666666666667,-0.16666666666666666
1744813809.667046,5.0,-32.0,301.0,,-0.2865079821277403,-0.35599783635452664,0.4546403093140672,0.0,1.3333333333333333,-0.26666666666666666
1744813809.9350352,6.0,-49.0,303.0,,-0.5007009819853945,-1.0254242246556806,-0.09117815047475908,-0.03333333333333333,1.0666666666666667,-0.13333333333333333
1744813810.1979787,5.0,-67.0,305.0,,-0.7441526123684401,-0.9039978363545267,-0.21090200006381288,-0.06666666666666667,0.8333333333333334,-0.06666666666666667
1744813810.4664674,5.0,-73.0,306.0,,0.31665034400262293,-1.3449978363545267,0.14131427426911536,0.3,0.36666666666666664,-0.06666666666666667
1744813810.7346826,7.0,-77.0,306.0,,0.3544296644568412,-1.2345382588044966,0.049355481326107675,-0.13333333333333333,-0.23333333333333334,0.13333333333333333
1744813810.9990387,7.0,-77.0,306.0,,-0.027570335543158464,-0.7655382588044968,-0.01862540255852685,0.0,-0.03333333333333333,-0.0
1744813811.2650123,5.0,-78.0,307.0,,0.24937203680136655,-0.7579978363545267,0.037511717513817544,-0.1,-0.03333333333333333,-0.0
1744813811.5252047,4.0,-78.0,308.0,,0.4453720368013663,-0.9493110074298693,0.052758253854914505,-0.06666666666666667,0.1,-0.3
1744813811.8128197,-18.0,-85.0,315.0,,0.12133001171997648,-1.5485432851817658,-0.6495740816462252,-0.1,0.4,-1.7
1744813812.1087363,-33.0,-107.0,303.0,,-3.3713496559973795,-1.6000910665025838,-5.420587147643902,0.8333333333333334,0.8666666666666667,-0.9
1744813812.3940973,-34.0,-115.0,299.0,,-3.144879390829537,-0.8593176169519721,-8.043530219470387,0.26666666666666666,0.13333333333333333,-0.3
1744813812.6825423,-34.0,-113.0,300.0,,-3.53915261236844,-1.7323176169519723,-7.977060315175153,0.16666666666666666,0.1,-0.2
1744813812.965993,-35.0,-114.0,301.0,,-3.755880939473914,-1.5812151593962378,-8.25896325176104,0.0,-0.03333333333333333,-0.0
1744813813.243925,-37.0,-115.0,303.0,,-3.6748793908295374,-1.6181946228784065,-7.695663014756272,0.0,-0.03333333333333333,-0.0
1744813813.5241184,-38.0,-113.0,308.0,,-3.9811526123684393,-1.5503609270552916,-6.775357579832155,0.06666666666666667,0.0,-0.03333333333333333
1744813813.8129892,-36.0,-104.0,324.0,,-3.792601074767526,-1.7748266750108384,-4.123860171908829,-0.6666666666666666,-0.23333333333333334,0.43333333333333335
1744813814.0981183,-33.0,-89.0,344.0,,-3.2785058894841983,-1.7370910665025843,-0.01125692178799309,-0.8,-0.4,0.4666666666666667
1744813814.3611846,-28.0,-80.0,354.0,,-2.37596405704976,-1.533483969070411,0.006784188809635161,-0.5333333333333333,-0.2,0.26666666666666666
1744813814.6190634,-25.0,-77.0,358.0,,-1.890570335543159,-1.1201148523237379,0.017193956964880908,-0.03333333333333333,-0.2,0.16666666666666666
1744813814.8830013,-21.0,-76.0,357.0,,-1.3706010747675261,-1.1234104149606043,0.08056347547434184,0.16666666666666666,-0.1,0.26666666666666666
1744813815.164771,-11.0,-82.0,345.0,,-0.9285297543548054,-0.5801637553560954,-0.04770825245990373,0.5666666666666667,-0.03333333333333333,0.7666666666666667
1744813815.4549387,2.0,-83.0,336.0,,-0.20587774760136845,-0.29436406265153453,0.04371452143336674,0.0,0.06666666666666667,0.8333333333333334
1744813815.7631233,9.0,-81.0,344.0,,-1.3052226212383022,0.5143778979553351,-0.2227741660685676,-0.9333333333333333,-0.5333333333333333,0.5333333333333333
1744813816.0582767,22.0,-65.0,347.0,,-0.8598793908295352,-0.1258906814100973,0.1644670970014266,-0.1,-0.7333333333333333,0.6333333333333333
1744813816.343795,32.0,-55.0,345.0,,-2.2218815544750097,0.15449201787225952,0.011660649139598966,-0.5,-0.3333333333333333,0.4
1744813816.6199195,35.0,-51.0,343.0,,-3.3398018818928854,0.805215159396238,-0.06587582600159436,0.13333333333333333,-0.03333333333333333,-0.13333333333333333
1744813816.893017,35.0,-46.0,339.0,,-2.056723441322167,0.40321515939623787,0.1502918781971152,0.13333333333333333,0.0,-0.06666666666666667
1744813817.166749,36.0,-43.0,335.0,,-2.0824039122131106,0.3518266750108383,0.11143608519834913,0.1,0.0,-0.03333333333333333
1744813817.4429886,35.0,-42.0,333.0,,-1.8381712483803998,0.2762151593962372,0.13195844024400571,0.0,0.0,-0.0
1744813817.7227464,36.0,-40.0,330.0,,-1.6287464510249512,0.11682667501083799,0.07927197029972799,0.06666666666666667,0.0,-0.06666666666666667
1744813817.9984393,35.0,-40.0,329.0,,-1.5307464510249504,0.14821515939623797,0.10711876665928077,0.1,0.06666666666666667,-0.13333333333333333
1744813818.2727447,26.0,-48.0,325.0,,-0.9562507379332379,0.06257904999915098,0.2509105871888533,1.0333333333333334,1.2666666666666666,-1.2666666666666666
1744813818.5413008,10.0,-64.0,321.0,,-0.2761695941948279,-0.05648862291258672,0.2765651996576102,0.7333333333333333,0.8,-0.9
1744813818.8116326,0.0,-74.0,317.0,,-0.1249772371549085,-0.598,0.09052404170493578,0.4,0.6,-0.5
1744813819.0832698,-8.0,-83.0,312.0,,-0.4318777476013693,-0.7237118795817579,-0.0033703142686607457,0.6666666666666666,0.43333333333333335,-0.43333333333333335
1744813819.3527799,-11.0,-85.0,308.0,,-0.6236699882800245,-0.6971637553560954,-0.028342403517898074,0.5666666666666667,0.23333333333333334,-0.23333333333333334
1744813819.6262,-13.0,-91.0,305.0,,-0.6305058894841977,-0.6762301568866844,-0.15551701377042282,0.23333333333333334,0.3333333333333333,-0.13333333333333333
1744813819.9122062,-12.0,-93.0,304.0,,-0.5695557359423695,-1.5303863130777806,-2.257025560488173,0.13333333333333333,0.5,-0.26666666666666666
1744813820.1920204,-12.0,-96.0,305.0,,-0.8232597935627624,-2.147386313077781,-3.566633509820618,0.1,0.13333333333333333,-0.13333333333333333
1744813820.4745703,-12.0,-96.0,307.0,,-1.1272597935627626,-2.0983863130777807,-4.1028611844038,0.5,0.2,-0.36666666666666664
1744813820.7536614,-15.0,-100.0,306.0,,-1.0809640570497603,-1.8839851675442714,-5.595575332157048,0.03333333333333333,0.1,-0.1
1744813821.0238643,-25.0,-100.0,318.0,,-1.9639640570497603,-0.8161148523237376,-4.715288486817505,-2.2666666666666666,0.4666666666666667,-1.3333333333333333
1744813821.2949078,-47.0,-109.0,320.0,,-5.049537226629298,-2.0334201871159374,-4.010822153675039,0.2,0.3333333333333333,-1.5666666666666667
1744813821.5602846,-55.0,-127.0,303.0,,-6.629614353563942,-1.3981184455249895,-6.797147243924146,0.1,0.1,-0.3333333333333333
1744813821.8426983,-56.0,-129.0,300.0,,-6.967801881892886,-1.3701414132350411,-6.335233078495942,0.0,0.0,-0.1
1744813822.1211555,-57.0,-127.0,304.0,,-7.001614353563942,-0.5596417284553912,-6.574403109005395,0.03333333333333333,-0.06666666666666667,-0.06666666666666667
1744813822.3900123,-58.0,-128.0,305.0,,-6.976385492881944,-1.035648176705461,-6.116094089947479,0.0,0.0,-0.03333333333333333
1744813822.657805,-58.0,-127.0,307.0,,-6.982614353563942,-1.0946481767054603,-6.003654951949985,0.0,-0.03333333333333333,-0.03333333333333333
1744813822.931322,-59.0,-123.0,313.0,,-6.561358271544609,-0.5541887801122769,-5.438986878089006,-0.2,0.0,0.5
1744813823.2000768,-46.0,-103.0,338.0,,-5.715570335543159,-1.4652765586778331,-2.181488697189277,-0.43333333333333335,-0.23333333333333334,1.6666666666666667
1744813823.4598174,-19.0,-88.0,356.0,,-1.7830240130573287,-1.8171764047752927,-0.03618189713431441,-0.8666666666666667,-0.6666666666666666,2.2
1744813823.7268867,6.0,-79.0,9.0,,-0.08876266962158397,-1.5944242246556806,0.18538111701519444,-0.7666666666666667,-0.3333333333333333,1.1333333333333333
1744813824.0057766,26.0,-76.0,23.0,,-1.085601074767526,0.15057904999915017,0.1727889338610984,-1.6,-0.3333333333333333,1.1666666666666667
1744813824.276373,39.0,-80.0,35.0,,-3.1899640570497603,0.6803669638010952,0.03511974398450057,-0.6333333333333333,-0.06666666666666667,0.7333333333333333
1744813824.5445912,46.0,-81.0,39.0,,-4.473222621238302,0.8362765586778327,-0.0010558995479819089,-0.1,0.0,0.2
1744813824.8164368,51.0,-79.0,37.0,,-4.6197626696215845,0.7601981181071151,0.05238785138265367,0.0,-0.03333333333333333,-0.03333333333333333
1744813825.086606,53.0,-76.0,36.0,,-4.665601074767526,0.3623856464360564,-0.012370906609424193,0.0,-0.03333333333333333,-0.0
1744813825.3610883,56.0,-73.0,33.0,,-4.685349655997378,0.4171414132350417,0.024579944431377454,-0.03333333333333333,0.0,-0.06666666666666667
1744813825.6297894,58.0,-73.0,34.0,,-4.763349655997377,0.40764817670546094,0.037226899748369346,-0.16666666666666666,0.03333333333333333,0.16666666666666666
1744813825.9070444,63.0,-84.0,47.0,,-5.726259793562762,0.1922259977121108,0.0008004907969031416,-0.9,-0.36666666666666664,0.4
1744813826.1762133,62.0,-108.0,78.0,,-6.025864424855458,0.27128411405392683,-2.201379804218128,-0.36666666666666664,-0.06666666666666667,0.2
1744813826.4408848,63.0,-110.0,82.0,,-5.944384609909762,0.5842259977121103,-2.0824539367424304,0.0,0.0,-0.0
1744813826.7035506,67.0,-113.0,83.0,,-6.03015261236844,0.23584738763156032,-2.5067303410677173,-0.03333333333333333,0.0,-0.0
1744813826.9619107,68.0,-114.0,85.0,,-5.922880939473915,0.47432638669981486,-3.101013538864544,0.16666666666666666,0.03333333333333333,-0.03333333333333333
1744813827.21933,67.0,-115.0,86.0,,-6.126879390829538,0.2558473876315599,-2.552950243897957,0.1,0.0,-0.06666666666666667
1744813827.4801145,66.0,-113.0,84.0,,-6.02015261236844,0.2261190605260861,-2.380407537426811,0.3,0.0,-0.26666666666666666
1744813827.7400868,54.0,-89.0,57.0,,-4.670505889484199,-0.38645671481823474,-0.09633217112921866,2.1333333333333333,-0.36666666666666664,-1.6
1744813828.013806,9.0,-74.0,5.0,,-1.4779772371549083,1.180377897955335,0.3217055558781148,2.466666666666667,0.5,-2.2666666666666666
1744813828.281385,-29.0,-85.0,336.0,,-1.898669988280024,0.28398237461656617,0.03801954745238412,1.9,0.43333333333333335,-1.9
1744813828.5546134,-46.0,-106.0,308.0,,-4.340977237154908,-1.3572765586778326,0.0007581658800093205,1.0333333333333334,0.23333333333333334,-0.7333333333333333
1744813828.8283527,-48.0,-123.0,289.0,,-4.34535827154461,-1.192749262066763,-4.424074932978689,0.7333333333333333,0.1,-0.36666666666666664
1744813829.1018443,-46.0,-123.0,287.0,,-4.85535827154461,-2.161276558677833,-5.92172786922651,-0.16666666666666666,0.0,0.03333333333333333
1744813829.3735023,-46.0,-116.0,294.0,,-5.405169594194828,-0.9842765586778333,-6.452741029276837,-0.06666666666666667,0.0,-0.0
1744813829.6408806,-47.0,-115.0,296.0,,-5.5768793908295375,-1.553420187115937,-6.392148992257721,0.26666666666666666,-0.03333333333333333,-0.1
1744813829.945937,-45.0,-120.0,290.0,,-4.975709211125345,-1.0552824765599693,-8.048323805270691,0.5,0.0,0.13333333333333333
1744813830.2870474,-22.0,-130.0,267.0,,-4.475895986997175,0.036890681410097326,-16.824851208740576,0.7,0.5,0.06666666666666667
1744813830.6086252,-12.0,-133.0,252.0,,-3.4095798128840635,1.8626136869222192,-19.399628573939697,-0.06666666666666667,0.06666666666666667,0.06666666666666667
1744813830.9287522,-13.0,-131.0,253.0,,-4.639700981985396,0.40276984311331554,-18.45268001049591,0.3,-0.03333333333333333,-0.06666666666666667
1744813831.2363226,-12.0,-139.0,255.0,,-3.3189390743968765,0.9606136869222193,-18.551249271469686,-0.2,-0.06666666666666667,-0.03333333333333333
1744813831.5423,-12.0,-142.0,261.0,,-2.794639072944709,0.33361368692221927,-18.288092891200762,-0.06666666666666667,-0.03333333333333333,-0.0
1744813831.8637698,-13.0,-140.0,270.0,,-2.8257464510249526,0.9617698431133155,-18.01956346823455,-0.16666666666666666,-0.23333333333333334,0.1
1744813832.1598268,-16.0,-128.0,285.0,,-3.240385492881943,-1.1299975394352382,-15.802632928520117,-0.8,-0.3333333333333333,0.3333333333333333
1744813832.4429822,-17.0,-112.0,301.0,,-3.1436736133001855,-0.7998335766699523,-12.765898920541813,-0.23333333333333334,-0.7333333333333333,0.3333333333333333
1744813832.7171097,-14.0,-98.0,313.0,,-1.5955297543548053,-1.5007462041672595,-7.768852481902037,-0.23333333333333334,-0.5,0.16666666666666666
1744813833.002444,-13.0,-91.0,320.0,,-1.5715058894841984,-1.3532301568866845,-4.349452115677648,-0.43333333333333335,-0.5333333333333333,-0.0
1744813833.270112,-12.0,-87.0,325.0,,-0.6675557359423703,-1.471386313077781,-1.1367324370106688,-0.2,-0.26666666666666666,0.1
1744813833.5380359,-13.0,-87.0,328.0,,-0.6385557359423704,-1.5102301568866845,-0.4084301932077717,-0.13333333333333333,-0.03333333333333333,0.03333333333333333
1744813833.8142722,-15.0,-87.0,329.0,,-0.5695557359423695,-0.9819851675442712,-0.135544104520842,-0.03333333333333333,-0.06666666666666667,-0.0
1744813834.0936167,-18.0,-90.0,328.0,,-0.5340000000000007,-0.5285432851817657,-0.5623068989809608,0.3,0.13333333333333333,-0.1
1744813834.367762,-18.0,-93.0,328.0,,-0.8735557359423698,-0.5185432851817655,-1.2842723516793655,0.13333333333333333,0.0,-0.03333333333333333
1744813834.6368368,-18.0,-93.0,329.0,,-0.7855557359423706,-0.6855432851817658,-1.3547026493573378,0.0,0.0,-0.03333333333333333
1744813834.9103632,-19.0,-94.0,328.0,,-0.6571033330488767,-0.35617640477529244,-1.3893219040934512,0.06666666666666667,0.0,-0.03333333333333333
1744813835.1811562,-20.0,-94.0,328.0,,-0.7551033330488757,-0.3517823939751894,-1.4894800724056199,0.03333333333333333,0.0,-0.03333333333333333
1744813835.4504893,-21.0,-94.0,329.0,,-0.6371033330488771,-0.4264104149606043,-1.4943699750477961,0.16666666666666666,0.03333333333333333,-0.06666666666666667
1744813835.7294357,-18.0,-94.0,333.0,,-0.5391033330488764,-0.6065432851817656,-1.3794521428246755,0.13333333333333333,-0.03333333333333333,-0.03333333333333333
1744813836.021691,-19.0,-94.0,333.0,,-0.6961033330488764,-0.3661764047752927,-1.2357827044820269,0.2,0.0,-0.06666666666666667
1744813836.2966945,-20.0,-94.0,333.0,,-0.6671033330488765,-0.30278239397518947,-1.2696814357816675,0.03333333333333333,0.0,-0.03333333333333333
1744813836.572339,-21.0,-93.0,333.0,,-0.5985557359423694,-0.22041041496060432,-1.1481770248516097,0.0,-0.06666666666666667,-0.0
1744813836.84187,-21.0,-93.0,333.0,,-0.6285557359423706,-0.3774104149606039,-1.2809176236942346,0.0,0.03333333333333333,-0.03333333333333333
1744813837.1019924,-21.0,-94.0,333.0,,-0.7551033330488757,0.014589585039396002,-1.4572433312834847,0.06666666666666667,0.0,-0.06666666666666667
1744813837.3667502,-21.0,-94.0,333.0,,-0.6281033330488768,-0.2014104149606042,-1.480378135353852,0.06666666666666667,0.0,-0.06666666666666667
1744813837.6249216,-21.0,-94.0,333.0,,-0.716103333048876,-0.11241041496060422,-1.2933180255300494,0.1,0.0,-0.0
1744813837.8965304,-21.0,-93.0,334.0,,-0.70655573594237,-0.2014104149606042,-1.1723217334826908,0.06666666666666667,0.0,-0.03333333333333333
1744813838.1881378,-21.0,-93.0,334.0,,-0.6085557359423692,-0.27941041496060404,-1.068140231902023,0.03333333333333333,0.0,-0.03333333333333333
1744813838.4788485,-21.0,-93.0,334.0,,-0.618555735942369,-0.12241041496060401,-1.0717898415369527,0.06666666666666667,-0.03333333333333333,-0.03333333333333333
1744813838.7597454,-20.0,-90.0,336.0,,-0.652000000000001,-0.5767823939751895,-0.037701760977566286,0.0,-0.23333333333333334,-0.03333333333333333
1744813839.0223677,-17.0,-81.0,343.0,,-0.29522262123830245,-0.3578335766699521,0.05451190057092492,-0.23333333333333334,-0.9666666666666667,0.16666666666666666
1744813839.2979462,-12.0,-67.0,348.0,,-0.5481526123684404,-0.35338631307778057,0.06734079978979057,-0.2,-1.0,0.16666666666666666
1744813839.5678947,-7.0,-53.0,350.0,,-0.715614353563943,-0.5104617411955032,0.03972573730827378,-0.1,-0.8,0.03333333333333333
1744813839.8549964,-5.0,-39.0,350.0,,-0.7806330361989051,-0.07700216364547341,0.09408438323565882,-0.2,-0.8333333333333334,-0.0
1744813840.130332,-6.0,-33.0,347.0,,-1.2249089334974155,-0.013575775344319307,0.25181010638992163,-0.1,-0.6333333333333333,-0.0
1744813840.4120374,-4.0,-26.0,346.0,,-1.5264209500008494,-0.06068899257013072,0.22004748219352166,0.0,-0.23333333333333334,-0.0
1744813840.684096,-4.0,-22.0,343.0,,-1.7238906814100972,0.29231100742986926,0.20158301220249797,0.2,-0.26666666666666666,-0.0
1744813840.9559982,-3.0,-16.0,340.0,,-1.2730024605647619,-0.25158426925672095,0.3000756925236594,0.0,-0.4,0.03333333333333333
1744813841.2278268,-1.0,-12.0,337.0,,-1.5996136869222193,0.29720810714975127,0.08549838141288824,-0.3,-0.13333333333333333,0.16666666666666666
1744813841.5029147,4.0,-9.0,331.0,,-0.8586221020446648,0.6876889925701308,0.23824811401125423,-0.4,-0.03333333333333333,0.16666666666666666
1744813841.7763033,14.0,-22.0,331.0,,-1.5868906814100971,0.4697462041672593,0.20218765598436228,-0.7,1.2333333333333334,-0.5666666666666667
1744813842.0555162,23.0,-36.0,334.0,,-2.246173324989162,0.7549276295202243,0.228437410994065,-0.5,0.16666666666666666,0.13333333333333333
1744813842.331171,43.0,-54.0,351.0,,-4.573456714818235,-0.6314039122131101,-0.6011588210166492,-2.066666666666667,0.8666666666666667,0.6
1744813842.599148,57.0,-77.0,13.0,,-6.156570335543159,0.87264172845539,0.0070228049785259206,-1.1333333333333333,0.4,0.36666666666666664
1744813842.8739133,64.0,-100.0,35.0,,-6.621964057049761,0.9198304058051718,-0.709931935792955,-0.1,-0.03333333333333333,0.13333333333333333
1744813843.1409597,71.0,-106.0,40.0,,-7.174977237154908,0.4324627733707018,-1.2429393785154235,0.0,0.0,0.06666666666666667
1744813843.4182498,74.0,-110.0,43.0,,-7.366384609909762,0.3560227628450914,-1.5716163449471594,0.03333333333333333,0.0,0.03333333333333333
1744813843.6910682,77.0,-112.0,45.0,,-7.154673613300186,0.03142966445684081,-1.6053986937203206,0.1,0.0,-0.0
1744813843.9734278,73.0,-112.0,44.0,,-7.360673613300185,0.2086503440026224,-1.608569594816438,0.0,0.3,-1.2666666666666666
1744813844.2453048,48.0,-108.0,30.0,,-3.6818644248554584,0.7497492620667616,-2.05078307748723,0.0,0.36666666666666664,-2.3333333333333335
1744813844.5181274,11.0,-108.0,6.0,,0.2011355751445425,0.21616375535609555,-2.641119754224576,1.1333333333333333,0.5,-2.466666666666667
1744813844.7987194,-10.0,-112.0,346.0,,1.288326386699815,-0.3555113770874134,-4.498290715033248,0.4666666666666667,0.4666666666666667,-1.1666666666666667
1744813845.0731456,-19.0,-118.0,333.0,,0.04528411405392774,0.15382359522470734,-7.761130742592531,0.8666666666666667,0.6333333333333333,-1.3
1744813845.348137,-29.0,-139.0,312.0,,-1.229939074396876,-0.5000176253834336,-12.181068819465796,1.3,1.2,-1.9
1744813845.6132164,-20.0,-167.0,281.0,,-0.9917698431133177,0.4332176060248103,-19.055723527248226,1.0666666666666667,0.8,-1.3333333333333333
1744813845.897853,-13.0,-172.0,268.0,,-1.7472881204182409,0.39276984311331553,-19.32319285326094,0.2,0.1,-0.6333333333333333
1744813846.1800034,-9.0,-170.0,261.0,,-2.752488622912586,2.0236221020446648,-19.61729546096538,0.4666666666666667,0.0,-0.8
1744813846.4517636,-7.0,-164.0,253.0,,-3.0770024605647626,1.0485382588044967,-19.39143846706159,0.7666666666666667,-0.3,-0.7666666666666667
1744813846.7251844,-5.0,-160.0,249.0,,-3.258217606024812,2.2369978363545266,-19.2287663849996,0.16666666666666666,-0.2,-0.1
1744813846.9973695,-5.0,-156.0,251.0,,-3.5690864685736026,2.5309978363545267,-19.315672410377957,-0.7,-0.16666666666666666,0.36666666666666664
1744813847.2652807,-15.0,-142.0,282.0,,-4.736639072944709,0.7930148324557287,-18.45305741906453,-1.8666666666666667,-0.6666666666666666,1.7
1744813847.5497022,-12.0,-115.0,323.0,,-2.6348793908295374,-2.697386313077781,-11.960267142384472,-1.1333333333333333,-0.7333333333333333,1.4666666666666666
1744813847.8603604,6.0,-96.0,352.0,,0.08874020643723846,-3.55542422465568,-4.4156702415679945,-1.0,-1.2333333333333334,2.1666666666666665
1744813848.1756017,21.0,-88.0,358.0,,0.04097598694267113,-1.231589585039396,0.02097146172211406,-0.03333333333333333,-0.16666666666666666,0.3
1744813848.4690893,20.0,-89.0,358.0,,-0.522505889484199,-0.6692176060248105,-0.007342636367426936,0.03333333333333333,0.03333333333333333,-0.06666666666666667
1744813848.7586322,20.0,-89.0,359.0,,-0.5125058894841992,-0.12021760602481057,0.0041562520604260245,0.0,-0.03333333333333333,0.06666666666666667
1744813849.0330067,23.0,-89.0,1.0,,-0.28750588948419775,0.07892762952022414,0.042266521041023686,-0.36666666666666664,-0.1,0.4666666666666667
1744813849.3085034,22.0,-96.0,8.0,,-0.38225979356276163,-0.06689068141009713,-0.32810437013656096,-0.16666666666666666,0.03333333333333333,-0.0
1744813849.5795891,20.0,-99.0,7.0,,-1.0902226212383024,1.6057823939751898,0.0019991424369431576,0.06666666666666667,0.13333333333333333,-0.1
1744813849.8579657,23.0,-96.0,1.0,,-1.157259793562762,0.862927629520224,-1.2533538554879847e-05,0.03333333333333333,0.06666666666666667,-0.06666666666666667
1744813850.1387782,23.0,-94.0,358.0,,-1.4511033330488754,-0.1070723704797758,-0.14106329641297444,0.26666666666666666,-0.03333333333333333,-0.3333333333333333
1744813850.4271715,12.0,-89.0,338.0,,-0.5525058894841983,1.0483863130777809,0.03590655237765894,1.5,0.23333333333333334,-1.1
1744813850.7090273,8.0,-84.0,329.0,,-0.1962597935627617,0.5357118795817579,0.05794185277997599,0.3333333333333333,-0.06666666666666667,-0.0
1744813850.9827502,8.0,-81.0,327.0,,-0.040222621238303446,-0.8662881204182421,0.022377494303991163,0.16666666666666666,-0.06666666666666667,-0.0
1744813851.25926,13.0,-64.0,320.0,,0.1348304058051717,-0.05076984311331545,0.41084548297366474,0.6,-2.066666666666667,0.8333333333333334
1744813851.5307488,14.0,-39.0,310.0,,0.21936696380109488,0.008746204167259464,0.17371261827277085,-0.16666666666666666,-0.7333333333333333,-0.1
1744813851.8031728,21.0,-28.0,313.0,,-1.3115160309295892,-0.3485895850393961,-0.1913904085133744,-1.3666666666666667,-0.16666666666666666,0.23333333333333334
1744813852.076797,12.0,-18.0,313.0,,-0.2864567148182342,0.7053863130777809,-0.5965880102563776,1.8333333333333333,-1.9333333333333333,0.4
1744813852.3454137,-10.0,2.0,306.0,,-0.5986359373484654,-0.9445113770874134,0.15835517999674487,1.5,-1.2666666666666666,0.1
1744813852.6155586,-33.0,21.0,318.0,,-0.6524104149606043,-1.2860910665025838,0.5836963748646751,1.3333333333333333,-0.43333333333333335,-0.8333333333333334
1744813852.8860602,-43.0,38.0,340.0,,0.4206390729447085,0.08040391221310994,-0.10886134411219617,0.8,-0.13333333333333333,-0.5
1744813853.1466916,-44.0,40.0,346.0,,0.03974645102495078,-0.29540138579723685,0.1334284523413629,0.1,0.06666666666666667,-0.23333333333333334
1744813853.4135325,-41.0,35.0,344.0,,-0.7082151593962376,-1.6940609256031243,0.3910359343683236,-0.43333333333333335,0.23333333333333334,0.26666666666666666
1744813853.682498,-34.0,25.0,335.0,,-1.777114852323738,-2.2913176169519724,0.5564755721920251,-0.3,0.23333333333333334,0.03333333333333333
1744813853.9600513,-13.0,8.0,318.0,,-2.066711879581758,-2.167230156886684,0.41132132870223437,-2.3666666666666667,0.8,0.6666666666666666
1744813854.2343519,21.0,-2.0,307.0,,-1.6463640626515346,-2.584589585039396,0.5557449836105999,-1.7666666666666666,0.7333333333333333,0.26666666666666666
1744813854.511872,41.0,-7.0,299.0,,-1.0295382588044968,-1.1509390743968764,-0.18944833687221685,-1.3666666666666667,0.7,0.4
1744813854.7835004,56.0,-16.0,302.0,,-1.371002460564762,0.11314141323504145,0.18963502592243753,-1.7666666666666666,0.8,0.6666666666666666
1744813855.0578744,70.0,-19.0,298.0,,-2.1458235952247073,0.23461539009023902,0.16113421849820275,-0.4,0.0,0.13333333333333333
1744813855.3258786,74.0,-22.0,300.0,,-2.4988906814100975,0.12102276284509195,0.0364172955159483,-0.4,0.06666666666666667,-0.0
1744813855.5943396,75.0,-28.0,307.0,,-3.155516030929589,0.16326764410423955,0.029333975703654813,0.0,-0.06666666666666667,-0.16666666666666666
1744813855.8793433,75.0,-33.0,311.0,,-3.8529089334974156,0.1832676441042409,0.04673085660079135,0.03333333333333333,-0.1,-0.0
1744813856.1563523,77.0,-34.0,312.0,,-4.084682383048028,-0.3515703355431583,-0.06141883466545428,0.4,0.13333333333333333,0.13333333333333333
1744813856.4347844,63.0,-20.0,299.0,,-1.2082176060248107,-0.08277400228788956,0.01340309826346786,0.9333333333333333,0.2,-0.6666666666666666
1744813856.707157,49.0,-28.0,304.0,,-1.1445160309295894,-0.15770098198539362,-0.1437562810178452,0.6,0.4,-0.8666666666666667
1744813856.974643,32.0,-50.0,318.0,,-0.8478959869971749,-0.10050798212774037,-0.08053047300212945,-0.06666666666666667,-0.1,0.1
1744813857.2443886,31.0,-52.0,318.0,,-1.1023854928819432,0.4384764851323677,0.10996679066003967,0.3,-0.1,-0.7333333333333333
1744813857.5108721,22.0,-53.0,321.0,,-0.598614353563943,0.541109318589903,0.05274333838590817,0.26666666666666666,-0.03333333333333333,-0.6666666666666666
1744813857.776812,11.0,-55.0,325.0,,-0.18188155447500964,0.24516375535609547,0.02134816023601882,0.3333333333333333,0.0,-1.5
1744813858.0610466,9.0,-58.0,325.0,,-0.09235182329453906,0.26837789795533507,0.1585841168769626,0.03333333333333333,0.13333333333333333,0.4666666666666667
1744813858.3496094,32.0,-58.0,312.0,,-1.2403518232945396,-0.12950798212774028,0.006449423850397373,-0.06666666666666667,0.1,0.6
1744813858.628573,46.0,-56.0,306.0,,-2.1028585867649587,0.16927655867783287,0.0994691448995324,-0.36666666666666664,0.23333333333333334,0.5
1744813858.9048905,58.0,-55.0,304.0,,-3.49688155447501,0.19164817670545986,0.03652518331797294,-0.16666666666666666,0.13333333333333333,0.6333333333333333
1744813859.1740086,62.0,-45.0,292.0,,-2.926717523440031,0.1922841140539262,0.06489565713858436,0.7666666666666667,-0.26666666666666666,-2.2666666666666666
1744813859.444844,63.0,-28.0,274.0,,-2.537516030929589,0.07422599771211047,-0.09145562913096716,0.5333333333333333,0.0,-0.4
1744813859.7181425,58.0,-14.0,261.0,,-0.1582537958327408,0.8486481767054599,0.08309348861336563,0.5,0.2,0.8666666666666667
1744813860.0010424,50.0,-2.0,247.0,,1.0196359373484656,1.0941040130028252,-0.008293003626157258,0.5,0.23333333333333334,0.5333333333333333
1744813860.2790313,33.0,-10.0,261.0,,1.4925113770874134,1.893091066502584,0.20689813396585066,0.7333333333333333,0.0,-1.6666666666666667
1744813860.5565164,19.0,-28.0,286.0,,1.4734839690704105,0.9921764047752926,0.3289148352155893,0.6,0.1,-2.0
1744813860.8334887,6.0,-38.0,298.0,,1.530360927055292,-1.2314242246556806,0.3611340164895127,0.43333333333333335,0.1,-2.466666666666667
1744813861.1014478,-30.0,-45.0,316.0,,-0.7697175234400309,-0.793000000000001,0.2577250983545838,0.7333333333333333,-1.0333333333333334,-1.5333333333333334
1744813861.37401,-50.0,-22.0,334.0,,-2.8518906814100973,-1.2821040130028258,0.16874146984584293,0.16666666666666666,-0.9,-2.9
1744813861.6478946,-47.0,28.0,35.0,,-1.4544839690704103,1.1825798128840628,-0.16222394418036234,-0.06666666666666667,0.03333333333333333,-1.5666666666666667
1744813861.925596,-38.0,31.0,50.0,,-3.0864764851323674,1.9896390729447084,0.13333487981801184,-0.03333333333333333,0.03333333333333333,-1.0666666666666667
1744813862.198743,-35.0,30.0,58.0,,-3.3420000000000005,2.753784840603762,0.004662154807937746,0.03333333333333333,0.1,0.3333333333333333
1744813862.4819953,-38.0,21.0,56.0,,-4.7804104149606035,3.274639072944708,0.14679060276414901,0.03333333333333333,0.0,-0.4
1744813862.7838516,-39.0,20.0,57.0,,-4.98978239397519,3.349633036198905,0.13759746047264088,0.0,0.0,0.13333333333333333
1744813863.0580823,-35.0,31.0,66.0,,-3.096476485132367,2.547784840603762,0.13000014571873653,0.0,0.0,0.16666666666666666
1744813863.3335857,-41.0,20.0,54.0,,-3.4017823939751892,1.8659390743968762,-0.037422942231538414,-0.1,0.26666666666666666,1.4666666666666666
1744813863.619188,-46.0,-3.0,26.0,,-3.749415730743279,0.1527234413221672,0.0257946259020283,0.0,0.4,1.2333333333333334
1744813863.9179182,-43.0,-26.0,4.0,,-3.8114209500008496,-0.3895960877868898,-0.19349373367227418,0.06666666666666667,0.7,1.1
1744813864.2113402,-19.0,-55.0,335.0,,-1.71188155447501,-1.7581764047752926,0.22038751603311013,-0.26666666666666666,0.6333333333333333,3.1
1744813864.4899583,13.0,-63.0,322.0,,-0.2397740022878896,-2.1787698431133156,0.23912881892514193,-0.26666666666666666,0.13333333333333333,1.3333333333333333
1744813864.7597547,23.0,-61.0,318.0,,-0.6470193270374729,-0.9310723704797756,0.03480584102098838,-0.16666666666666666,0.06666666666666667,0.6666666666666666
1744813865.0249856,30.0,-59.0,314.0,,-1.221811219887722,0.23300000000000054,0.0965969019812345,-0.4666666666666667,0.03333333333333333,0.9666666666666667
1744813865.291639,41.0,-55.0,310.0,,-1.9368815544750095,0.1820609256031238,-0.0017188762846838124,-0.2,0.0,0.3333333333333333
1744813865.553764,42.0,-56.0,312.0,,-2.504858586764959,-1.0141712483804,-0.4642544262855637,-0.26666666666666666,0.06666666666666667,-0.5666666666666667
1744813865.8238802,24.0,-68.0,334.0,,-1.349673613300185,0.8039135314263994,-0.09720812296501169,-0.4666666666666667,0.36666666666666664,-0.3333333333333333
1744813866.1167746,4.0,-75.0,339.0,,0.30026764410424,0.5506889925701308,0.03535558227499558,0.7,0.5666666666666667,-2.2
1744813866.393259,-9.0,-88.0,332.0,,-0.23402401305732923,0.014622102044664853,-0.006876278978341865,-0.3,1.5666666666666667,-0.8666666666666667
1744813866.6670275,-16.0,-107.0,333.0,,-0.6443496559973791,-0.24799753943523806,-4.951135185210157,0.4,0.7666666666666667,-0.3333333333333333
1744813866.9380016,-14.0,-111.0,331.0,,-0.6664239839375483,-0.21574620416725931,-6.025915283039891,0.26666666666666666,-0.36666666666666664,0.03333333333333333
1744813867.2112901,-13.0,-108.0,331.0,,-0.024864424855458367,-0.7352301568866846,-4.405665091760947,-0.1,-0.1,-0.0
1744813867.4782696,-12.0,-104.0,333.0,SINGLE_TAP,0.4533989252324737,-2.344386313077781,-1.7663830841328458,-1.7333333333333334,-0.3333333333333333,0.9
1744813867.7562962,-7.0,-99.0,338.0,,0.018777378761697605,-0.6284617411955034,-2.701964605549425,0.1,-0.1,0.03333333333333333
1744813868.0389612,-6.0,-100.0,336.0,,0.36003594295024044,-0.5045757753443194,-2.4388922734415885,0.23333333333333334,0.16666666666666666,0.03333333333333333
1744813868.3139951,-3.0,-103.0,332.0,,0.05042966445684094,-0.4675842692567209,-3.969544873713021,0.5333333333333333,0.1,-0.0
1744813868.5821817,-2.0,-105.0,327.0,,-0.14073235589575894,-0.39263593734846547,-5.390884148860571,0.4666666666666667,0.4666666666666667,-0.3
1744813868.86014,-4.0,-106.0,331.0,,-0.21297723715490768,-1.0416889925701307,-6.044386586633217,-0.6,0.1,-0.06666666666666667
1744813869.1485984,-4.0,-104.0,335.0,,-0.18360107476752496,-0.5026889925701308,-5.586237493219192,0.23333333333333334,-0.23333333333333334,-0.0
1744813869.4295795,-2.0,-102.0,336.0,,0.0633720368013666,-0.5306359373484655,-4.5327698749224155,0.0,0.0,-0.0
1744813869.7045326,-5.0,-106.0,339.0,,0.278022762845092,-0.14500216364547336,-6.340220536474543,0.5,1.0333333333333334,0.2
1744813870.0015857,-8.0,-127.0,339.0,,-0.5986143535639421,-0.5767118795817578,-11.536681160861852,-0.3,1.4666666666666666,0.36666666666666664
1744813870.3155568,-10.0,-146.0,344.0,,-0.7006823830480275,-0.18951137708741328,-16.594091953050498,0.0,0.2,-0.06666666666666667
1744813870.6007028,-11.0,-148.0,345.0,,-1.3065079821277403,0.018836244643904543,-16.219418488955256,0.3333333333333333,2.3666666666666667,-0.1
1744813870.8761504,-15.0,-164.0,349.0,,-0.9200024605647623,0.21501483245572883,-18.812404582655525,-0.13333333333333333,0.0,0.26666666666666666
1744813871.146911,-18.0,-169.0,352.0,,-0.7058362446439064,-0.08654328518176557,-18.74921558923389,-0.03333333333333333,0.16666666666666666,-0.06666666666666667
1744813871.4270313,-18.0,-170.0,350.0,,-0.665488622912586,0.21745671481823425,-18.674748668446846,0.0,0.03333333333333333,-0.06666666666666667
1744813871.6979487,-17.0,-170.0,350.0,,-0.5964886229125861,-0.09383357666995229,-18.64735459704758,0.03333333333333333,0.0,-0.03333333333333333
1744813871.9752018,-17.0,-172.0,349.0,,-0.258288120418241,-0.08383357666995206,-18.532157292296503,0.0,0.0,-0.06666666666666667
1744813872.2518826,-17.0,-172.0,348.0,,-0.2872881204182409,-0.1618335766699519,-18.522577720455153,0.03333333333333333,-0.06666666666666667,-0.06666666666666667
1744813872.5231264,-17.0,-172.0,346.0,,-0.22828812041824098,-0.22083357666995207,-18.49894113215259,0.06666666666666667,-0.06666666666666667,-0.23333333333333334
1744813872.7889574,-17.0,-172.0,342.0,,-0.1302881204182409,-0.19183357666995215,-18.452934744384237,0.1,-0.13333333333333333,-0.36666666666666664
1744813873.0529182,-17.0,-171.0,337.0,,-0.054622102044666,-0.09383357666995229,-18.460465519704414,0.13333333333333333,-0.13333333333333333,-0.3333333333333333
1744813873.3195305,-16.0,-169.0,334.0,,-0.18583624464390636,-0.0029975394352379503,-18.37905331186944,0.13333333333333333,-0.23333333333333334,-0.13333333333333333
1744813873.5925336,-14.0,-166.0,334.0,,-0.0502537958327407,-0.17674620416725917,-18.36084799514394,0.06666666666666667,-0.03333333333333333,0.03333333333333333
1744813873.8744326,-13.0,-164.0,337.0,,-0.11600246056476227,-0.17623015688668442,-18.227415211611323,0.1,-0.26666666666666666,0.26666666666666666
1744813874.1497538,-10.0,-158.0,343.0,,-0.29289068141009933,-0.8265113770874131,-17.393403695325432,0.0,-0.4,0.43333333333333335
1744813874.4291253,-9.0,-148.0,347.0,,-0.16850798212773999,-0.21137789795533513,-16.689552984847488,-0.16666666666666666,-0.3333333333333333,0.43333333333333335
1744813874.7121785,-8.0,-143.0,353.0,,-0.2558053771215931,-0.007711879581757897,-16.05556121953505,-0.13333333333333333,-0.06666666666666667,0.23333333333333334
1744813874.9903755,-8.0,-143.0,357.0,,-0.34480537712159265,-0.2727118795817578,-15.866529702790663,-0.03333333333333333,0.03333333333333333,0.1
1744813875.2692788,-8.0,-144.0,359.0,,-0.19717332498916296,-0.08571187958175797,-15.807598418004595,0.03333333333333333,0.0,-0.0
1744813875.5440557,-8.0,-144.0,358.0,,-0.15817332498916326,-0.16471187958175793,-15.93750463988943,0.1,-0.03333333333333333,-0.13333333333333333
1744813875.8227851,-8.0,-144.0,355.0,,-0.18717332498916317,-0.19371187958175784,-15.842151835863474,0.16666666666666666,0.0,-0.2
1744813876.1052635,-8.0,-144.0,351.0,SINGLE_TAP,0.1558266750108368,0.31628812041824217,-15.50837901520245,0.4,-0.8,-0.2
1744813876.3938844,-5.0,-123.0,338.0,,0.22464172845539032,-0.0860021636454733,-10.911440804052546,1.0666666666666667,-2.3,-1.1
1744813876.6748042,0.0,-103.0,336.0,,-0.05657033554315838,-0.235,-4.2300931808439435,0.06666666666666667,-1.5,0.5
1744813876.9450674,1.0,-91.0,335.0,,0.0754941105158018,-0.28920810714975126,-0.33072221705187854,0.1,-0.6333333333333333,-0.4
1744813877.2218118,-4.0,-80.0,334.0,,-0.11996405704975999,-0.4236889925701308,-0.004586854488035419,0.3333333333333333,-0.7,-0.43333333333333335
1744813877.4957376,-6.0,-76.0,335.0,,0.12039892523247353,-0.6715757753443194,0.12039405941410974,0.0,-0.2,-0.2
1744813877.7761605,-3.0,-65.0,335.0,,-0.24287939082953613,-0.5455842692567209,0.16611279648059263,-0.13333333333333333,-1.3333333333333333,0.23333333333333334
1744813878.0643783,2.0,-59.0,337.0,,-0.6328112198877225,-0.30436406265153454,0.1307006828238153,0.0,-0.03333333333333333,-0.0
1744813878.3379664,4.0,-58.0,336.0,,-0.3673518232945394,-0.22431100742986926,0.14660242781184518,0.0,0.26666666666666666,0.03333333333333333
1744813878.6135523,6.0,-59.0,335.0,,-0.2608112198877226,-0.06542422465568065,0.0630382975106043,0.0,0.2,0.06666666666666667
1744813878.8868978,14.0,-63.0,334.0,,-0.24877400228788815,0.15574620416725926,0.12381928917154728,-0.4666666666666667,0.36666666666666664,0.8666666666666667
1744813879.1573076,35.0,-72.0,338.0,,-1.759864424855456,0.648215159396238,0.10100388797523152,-1.3,0.7666666666666667,1.8333333333333333
1744813879.4491534,51.0,-111.0,359.0,,-3.8344239839375494,0.1031981181071151,-3.1066761879657045,-0.5,2.033333333333333,0.6
1744813879.75277,58.0,-138.0,8.0,,-3.2411712483804007,-0.004351823294539869,-7.711935085804543,0.03333333333333333,0.6333333333333333,0.3
1744813880.058125,60.0,-153.0,17.0,,-2.4636468024449547,-0.07270921112534268,-8.973437916663837,-0.13333333333333333,0.43333333333333335,0.23333333333333334
1744813880.3631306,59.0,-166.0,26.0,,-1.0602537958327407,0.10218878011227694,-10.399124458619635,0.1,-0.06666666666666667,-0.0
1744813880.6558511,58.0,-168.0,30.0,,-1.167613686922219,-0.30835182329454014,-10.613582561679621,-0.16666666666666666,0.0,0.06666666666666667
1744813880.9436011,55.0,-169.0,33.0,,-0.7838362446439062,-0.1518815544750094,-11.438611610480887,0.06666666666666667,0.0,-0.0
1744813881.2233202,55.0,-167.0,30.0,,-0.9917698431133177,-0.01488155447500894,-11.722374982672275,0.3333333333333333,0.06666666666666667,-0.6333333333333333
1744813881.5001984,28.0,-147.0,6.0,,-1.1079089334974181,-0.4975160309295896,-14.387902006298578,-2.433333333333333,-0.13333333333333333,-2.4
1744813881.780623,-30.0,-151.0,350.0,,-0.8149823746165676,0.42299999999999915,-14.280101590130226,-2.5,0.4,-2.2333333333333334
1744813882.063847,-70.0,176.0,323.0,,0.04731100742987138,-0.9706153900902397,-4.2950568608499955,-0.6,0.03333333333333333,-0.7666666666666667
1744813882.3434837,-72.0,169.0,316.0,,1.3518362446439063,-0.20213557514454372,-3.836609681460766,0.0,-0.03333333333333333,0.03333333333333333
1744813882.6202455,-73.0,172.0,319.0,,0.884288120418241,-0.032650344002622234,-3.725382365449729,0.06666666666666667,0.03333333333333333,-0.0
1744813882.899248,-74.0,173.0,320.0,,0.9305382588044974,0.1429772371549074,-3.9849656472426025,0.06666666666666667,-0.03333333333333333,-0.0
1744813883.2610183,-60.0,-144.0,4.0,,-3.119173324989163,-1.0852907888746568,-5.19032486455013,0.9,-0.4666666666666667,1.9333333333333333
1744813883.5729923,-18.0,-113.0,18.0,,0.5298473876315608,0.7854567148182343,-3.8237323907935026,1.3333333333333333,-2.033333333333333,0.9
1744813883.8815088,-11.0,-92.0,10.0,,-0.4590240130573289,-0.1681637553560955,-0.019130120798651395,0.4,-0.06666666666666667,-0.03333333333333333
1744813884.1798685,-12.0,-94.0,4.0,,-0.10810333304887543,0.22561368692221917,0.006485666921757005,0.13333333333333333,0.1,0.03333333333333333
1744813884.4630868,-12.0,-90.0,4.0,,-0.16100000000000136,-0.13738631307778082,0.015463304085143514,0.06666666666666667,-0.13333333333333333,0.06666666666666667
1744813884.735347,-11.0,-88.0,4.0,,-0.018024013057329924,-0.12916375535609537,0.023740838489804128,0.1,0.0,-0.0
1744813885.0097802,-11.0,-87.0,4.0,,-0.3835557359423696,-0.20716375535609566,-0.010980130492347473,0.0,0.03333333333333333,-0.06666666666666667
1744813885.2892241,-11.0,-88.0,3.0,,-0.5480240130573293,-0.1481637553560955,-0.026475370639039708,0.1,0.0,-0.06666666666666667
1744813885.5497274,-11.0,-87.0,3.0,,0.09744426405763029,-0.24616375535609536,0.025409803914927753,0.1,0.03333333333333333,-0.0
1744813885.8172426,-11.0,-87.0,3.0,,-0.10855573594236922,-0.2661637553560954,0.0074568140044662945,0.06666666666666667,0.0,-0.06666666666666667
1744813886.0873873,-10.0,-86.0,2.0,,-0.039103333048876365,-0.17951137708741327,0.009358642357259805,0.0,0.0,-0.0
1744813886.346092,-8.0,-84.0,4.0,,-0.2542597935627615,0.09028812041824219,-0.01726742525195335,-0.13333333333333333,-0.16666666666666666,0.43333333333333335
1744813886.6131783,5.0,-81.0,10.0,,0.8027773787616983,0.17400216364547327,0.2716972763175831,-0.13333333333333333,-0.36666666666666664,0.5666666666666667
1744813886.877191,4.0,-75.0,5.0,,-0.9057323558957595,1.0506889925701308,0.15468576555362734,0.7666666666666667,-1.4666666666666666,0.06666666666666667
1744813887.1402595,0.0,-70.0,355.0,,-1.5113846099097605,0.734,0.05516296888428052,0.5333333333333333,-0.2,0.03333333333333333
1744813887.4158223,1.0,-70.0,26.0,,-2.0903846099097603,2.2497918928502485,-0.35143661332292986,0.23333333333333334,-0.6333333333333333,-0.9333333333333333
1744813887.6903312,-1.0,-71.0,32.0,,-0.7445372266292978,3.5632081071497512,0.46529297248067714,-0.03333333333333333,-0.06666666666666667,1.9
1744813887.9733653,23.0,-73.0,33.0,,-3.233349655997378,2.069927629520224,-0.04656981790768988,-0.9,-0.13333333333333333,1.5
1744813888.249424,43.0,-71.0,37.0,,-5.961537226629298,2.0165960877868905,0.07114197109247256,-0.5333333333333333,-0.4,0.7666666666666667
1744813888.52287,55.0,-68.0,38.0,,-7.301673613300185,1.2501184455249899,0.022557455865486187,-0.23333333333333334,-0.16666666666666666,0.26666666666666666
1744813888.7928433,67.0,-61.0,34.0,,-7.8160193270374725,1.0108473876315607,0.10500653359889212,-0.3,-0.2,0.26666666666666666
1744813889.0736787,74.0,-51.0,25.0,,-7.085801881892885,0.17002276284509144,-0.0016727669920988397,0.0,-0.03333333333333333,-0.0
1744813889.3487625,78.0,-33.0,7.0,,-4.912908933497416,0.013372036801365894,-0.005258613883482033,0.03333333333333333,0.0,-0.0
1744813889.614722,80.0,-22.0,357.0,,-3.400890681410097,0.03703594295024004,0.005446898615369733,-0.03333333333333333,0.0,-0.03333333333333333
1744813889.906841,83.0,-63.0,37.0,,-8.31977400228789,-0.44087774760136966,-0.03568783931973407,-0.6666666666666666,0.16666666666666666,-0.26666666666666666
1744813890.2441676,74.0,-136.0,112.0,,-5.687598614202763,0.9250227628450922,-2.879151410168732,-1.2666666666666666,0.5,0.2
1744813890.5797114,50.0,-160.0,130.0,,-2.934217606024812,2.3001040130028247,-8.327127139885844,-1.8,0.7333333333333333,-0.0
1744813890.8848665,27.0,-171.0,140.0,,-1.506622102044666,3.243353197555046,-13.823595593293089,0.06666666666666667,0.03333333333333333,-0.0
1744813891.1734352,23.0,-174.0,144.0,,-1.3494242246556833,2.873927629520224,-14.340537522664583,0.03333333333333333,0.0,-0.0
1744813891.4648495,30.0,-179.0,146.0,,-0.6422081071497505,1.7620000000000005,-14.628175713880076,-0.06666666666666667,0.0,-0.06666666666666667
1744813891.754398,34.0,-175.0,142.0,,-0.845997836354527,1.0543176169519723,-14.51389312989777,0.26666666666666666,-0.3,-1.3333333333333333
1744813892.0511851,19.0,-142.0,99.0,,-0.12763907294470922,2.6601764047752927,-10.223379665562046,0.9,-0.6,-1.9666666666666666
1744813892.3317683,2.0,-123.0,60.0,,0.2836417284553896,3.2556359373484653,-5.613994253440313,1.1666666666666667,-0.3,-1.6333333333333333
1744813892.610848,-1.0,-116.0,43.0,,0.39983040580517226,3.2392081071497514,-4.434574587533717,0.26666666666666666,0.0,-0.16666666666666666
1744813892.8809493,-4.0,-115.0,36.0,,0.6601206091704626,2.4093110074298694,-4.0559195256544465,0.43333333333333335,0.1,-0.4666666666666667
1744813893.1528301,-3.0,-112.0,27.0,,0.5923263866998152,1.385415730743279,-4.146881366328861,0.3,-0.03333333333333333,-0.3333333333333333
1744813893.4309132,0.0,-107.0,25.0,,0.17865034400262125,0.823,-3.9056468823488464,0.03333333333333333,-0.03333333333333333,-0.0
1744813893.710657,1.0,-104.0,24.0,,0.17939892523247458,0.6617918928502486,-3.7637967917496598,0.1,0.0,-0.1
1744813893.9980562,0.0,-104.0,20.0,,-0.05660107476752607,0.568,-4.1786703948825945,0.03333333333333333,0.0,-0.1
1744813894.275104,0.0,-103.0,19.0,,0.09042966445684009,0.215,-4.103826556299925,0.03333333333333333,0.0,-0.0
1744813894.545368,-1.0,-105.0,14.0,,0.35926764410424106,0.6012081071497513,-3.8949523956854426,0.13333333333333333,0.0,-0.26666666666666666
1744813894.8056722,-2.0,-106.0,11.0,,0.20902276284509114,0.6743640626515346,-4.029030422526979,0.03333333333333333,0.0,-0.03333333333333333
1744813895.0696783,-4.0,-104.0,7.0,,0.09039892523247417,0.48831100742986927,-4.266248520189945,0.4,0.13333333333333333,-0.8666666666666667
1744813895.3383229,-26.0,-111.0,346.0,,-1.1374239839375484,-0.1125790499991508,-5.428334909297136,0.13333333333333333,0.06666666666666667,-2.1333333333333333
1744813895.614241,-51.0,-129.0,327.0,,-3.5448018818928864,-0.09419811810711476,-6.663098229099988,0.5333333333333333,0.6333333333333333,-2.2333333333333334
1744813895.9052217,-59.0,-151.0,308.0,,-3.677982374616567,-0.35818878011227717,-8.11847593726387,-0.26666666666666666,-0.06666666666666667,-0.3333333333333333
1744813896.2127793,-65.0,-145.0,316.0,,-4.744784840603761,-0.5141206091704635,-4.895370613718784,-0.3333333333333333,0.1,-0.1
1744813896.5203645,-70.0,-157.0,314.0,,-7.010072370479776,0.21638460990975972,-2.4535876885299936,0.4666666666666667,-0.16666666666666666,0.26666666666666666
1744813896.8337464,-69.0,-144.0,336.0,,-6.472173324989162,-0.33457601606245113,-1.8858832584238958,0.9666666666666667,0.23333333333333334,-0.4666666666666667
1744813897.120605,-70.0,-158.0,326.0,,-4.5668906814101,0.8733846099097597,-3.823735159940311,-0.03333333333333333,0.0,0.13333333333333333
1744813897.3930748,-67.0,-144.0,342.0,,-4.688173324989163,-0.23684738763155977,-2.204029811550047,-0.13333333333333333,0.7,0.03333333333333333
1744813897.6709657,-68.0,-150.0,345.0,,-3.9739999999999993,0.03467361330018548,-0.8739300613838346,0.06666666666666667,0.3333333333333333,-0.03333333333333333
1744813897.9580708,-70.0,-157.0,342.0,,-3.853072370479776,-1.343615390090239,-1.867160187723837,-0.03333333333333333,-0.03333333333333333,-0.0
1744813898.2285383,-70.0,-157.0,340.0,,-2.5490723704797755,-0.8526153900902393,-2.074799389019761,-0.06666666666666667,0.0,-0.43333333333333335
1744813898.49677,-71.0,-174.0,328.0,,-2.1234242246556834,-0.08946277337070185,-5.014111134829804,0.43333333333333335,0.2,-0.26666666666666666
1744813898.775014,-66.0,-176.0,326.0,,0.11868899257012866,1.292880939473915,-1.464985616088959,0.16666666666666666,0.03333333333333333,0.36666666666666664
1744813899.0495424,-69.0,180.0,325.0,,-0.8829999999999988,0.4114239839375493,-2.4766617639385036,-0.06666666666666667,0.0,-0.1
1744813899.3269267,-70.0,177.0,323.0,,-0.7225842692567213,-0.5096153900902394,-2.5754004818680016,0.1,0.0,-0.13333333333333333
1744813899.5965595,-71.0,171.0,320.0,,-0.04437789795533398,-0.2364627733707021,-3.103032013790001,0.03333333333333333,0.0,-0.03333333333333333
1744813899.8826516,-72.0,166.0,315.0,,0.9412537958327407,-0.2801355751445431,-2.8801833636535115,0.03333333333333333,-0.03333333333333333,-0.03333333333333333
1744813900.1654785,-73.0,162.0,312.0,,1.4524567148182352,-0.013650344002622106,-3.646986373415594,0.1,0.0,-0.0
1744813900.4402857,-73.0,158.0,308.0,,2.213890681410099,0.055349655997376956,-3.56599618992301,0.06666666666666667,0.0,-0.03333333333333333
1744813900.7139986,-74.0,153.0,303.0,,2.8946468024449548,0.21197723715490824,-3.6606936184179677,0.06666666666666667,0.0,-0.06666666666666667
1744813900.9827871,-74.0,149.0,299.0,,3.473523514867634,0.12397723715490905,-3.4885909081891,0.03333333333333333,0.0,-0.03333333333333333
1744813901.2572875,-74.0,145.0,296.0,,4.116784840603761,0.21197723715490824,-3.4865241573988905,0.03333333333333333,0.0,-0.03333333333333333
1744813901.5371335,-75.0,141.0,293.0,,4.525633036198905,0.061732355895760094,-3.3308538250011814,0.06666666666666667,0.0,-0.06666666666666667
1744813901.8120706,-75.0,139.0,291.0,,4.827939074396877,0.18873235589575899,-3.433342506719659,0.06666666666666667,0.0,-0.03333333333333333
1744813902.0861483,-75.0,138.0,289.0,,4.985171248380401,0.12073235589575937,-3.3249209785098,0.03333333333333333,0.0,-0.03333333333333333
1744813902.3688385,-75.0,137.0,289.0,,4.993403912213111,0.1297323558957597,-3.4004366351186635,0.06666666666666667,0.0,-0.03333333333333333
1744813902.646747,-74.0,136.0,288.0,,5.039598614202763,0.17297723715490854,-3.413335877272187,0.03333333333333333,0.0,-0.0
1744813902.9179432,-75.0,135.0,287.0,,5.347717523440032,0.2967323558957595,-3.5111987468814783,0.06666666666666667,0.0,-0.03333333333333333
1744813903.1940775,-74.0,135.0,287.0,,5.171717523440033,-0.03302276284509098,-3.2816460773309517,0.06666666666666667,0.0,-0.03333333333333333
1744813903.4701548,-74.0,134.0,287.0,,5.301723441322167,0.21197723715490824,-3.400866155433242,0.03333333333333333,0.0,-0.03333333333333333
1744813903.7463136,-74.0,134.0,287.0,,5.310723441322168,0.2709772371549075,-3.5496353511718435,0.03333333333333333,0.0,-0.0
1744813904.0387483,-75.0,134.0,287.0,,5.320723441322167,0.21873235589576012,-3.452492753071496,0.03333333333333333,0.0,-0.03333333333333333
1744813904.3170698,-74.0,134.0,286.0,,5.350723441322167,0.17297723715490854,-3.3956604239556594,0.03333333333333333,0.0,-0.03333333333333333
1744813904.596394,-75.0,134.0,287.0,,5.369723441322167,0.1397323558957595,-3.362723809569106,0.03333333333333333,0.0,-0.03333333333333333
1744813904.8757398,-75.0,134.0,287.0,,5.350723441322167,0.12073235589575937,-3.3390386750824486,0.03333333333333333,0.0,-0.0
1744813905.152592,-74.0,134.0,287.0,,5.408723441322167,0.05497723715490821,-3.1823867467396347,0.03333333333333333,0.0,-0.06666666666666667
1744813905.4297216,-74.0,134.0,287.0,,5.4487234413221675,0.064977237154908,-3.205039535037553,0.03333333333333333,-0.03333333333333333,-0.03333333333333333
1744813905.7060845,-74.0,134.0,287.0,,5.428723441322167,0.1329772371549076,-3.3712200548865874,0.03333333333333333,0.0,-0.03333333333333333
1744813905.9970207,-74.0,134.0,287.0,,5.350723441322167,0.17297723715490854,-3.435539865575657,0.03333333333333333,0.0,-0.03333333333333333
1744813906.276272,-74.0,134.0,287.0,,5.350723441322167,0.1429772371549074,-3.4103656273068,0.06666666666666667,0.0,-0.0
1744813906.5537164,-74.0,134.0,287.0,,5.271723441322167,0.09397723715490791,-3.3397557479527897,0.06666666666666667,0.0,-0.0
1744813906.829217,-74.0,134.0,287.0,,5.330723441322167,0.15297723715490896,-3.391542948099482,0.03333333333333333,0.0,-0.03333333333333333
1744813907.1262856,-74.0,134.0,287.0,,5.340723441322167,0.11397723715490748,-3.3453417947770356,0.03333333333333333,0.0,-0.03333333333333333
1744813907.4077084,-74.0,134.0,287.0,,5.242723441322167,0.16297723715490875,-3.390366729283109,0.03333333333333333,0.0,-0.03333333333333333
1744813907.6877563,-74.0,134.0,287.0,,5.320723441322167,0.19197723715490866,-3.5156542110275737,0.03333333333333333,0.0,-0.03333333333333333
1744813907.9826565,-74.0,134.0,287.0,,5.232723441322167,0.11397723715490748,-3.381609169964398,0.06666666666666667,0.0,-0.03333333333333333
1744813908.274616,-74.0,134.0,287.0,,5.212723441322167,0.20197723715490845,-3.513689218837145,0.06666666666666667,0.0,-0.03333333333333333
1744813908.5603015,-74.0,134.0,286.0,,5.193723441322167,0.24097723715490815,-3.655525717184638,0.06666666666666667,0.0,-0.03333333333333333
1744813908.842105,-73.0,134.0,286.0,,5.163723441322167,0.14334965599737792,-3.645291684456539,0.0,0.0,-0.03333333333333333
1744813909.1228216,-73.0,134.0,287.0,,5.144723441322167,0.13334965599737814,-3.702235656450912,0.06666666666666667,0.0,-0.03333333333333333
1744813909.3947496,-73.0,134.0,287.0,,5.252723441322167,0.10434965599737822,-3.526219228427392,0.03333333333333333,0.0,-0.0
1744813909.67061,-74.0,134.0,287.0,,5.252723441322167,0.18197723715490888,-3.549327986513747,0.06666666666666667,0.0,-0.03333333333333333
1744813909.9551184,-74.0,134.0,287.0,,5.242723441322167,0.1429772371549074,-3.561808076568853,0.03333333333333333,0.0,-0.0
1744813910.2329483,-75.0,133.0,287.0,,5.605579812884064,0.24773235589576004,-3.050229176612743,-0.06666666666666667,0.13333333333333333,0.16666666666666666
1744813910.5231771,-79.0,176.0,346.0,,0.2133110074298714,0.3037626696215838,-3.0538810656886426,0.0,0.03333333333333333,0.5666666666666667
1744813910.8023105,-78.0,-157.0,14.0,,-3.2460723704797756,0.1716279631986346,-2.6641352484671685,0.03333333333333333,-0.06666666666666667,-0.13333333333333333
1744813911.0831017,-79.0,-163.0,7.0,,-2.702166423330046,0.12676266962158422,-2.7935843531421503,0.06666666666666667,0.0,-0.03333333333333333
1744813911.35636,-79.0,-169.0,2.0,,-1.6768362446439062,0.15676266962158358,-2.973979772287069,0.03333333333333333,0.0,-0.03333333333333333
1744813911.6292202,-80.0,-172.0,358.0,,-1.150288120418241,0.17796405704975982,-2.9923428860285943,0.03333333333333333,0.0,-0.03333333333333333
1744813911.9086978,-80.0,-174.0,356.0,,-0.8204242246556833,0.12896405704976033,-2.9249837947953816,0.06666666666666667,0.0,-0.03333333333333333
1744813912.1912746,-80.0,-175.0,355.0,,-0.718997836354527,0.21696405704975952,-3.0186790103389294,0.03333333333333333,0.0,-0.0
1744813912.485172,-80.0,-176.0,354.0,,-0.6073110074298714,0.29596405704976014,-3.1297394191130286,0.06666666666666667,-0.03333333333333333,-0.06666666666666667
1744813912.7805612,-80.0,-176.0,354.0,,-0.6753110074298714,0.16796405704976003,-3.0889524461003273,0.03333333333333333,0.0,-0.03333333333333333
1744813913.0878134,-80.0,-178.0,353.0,,-0.28436406265153624,0.16796405704976003,-2.991139071951247,0.03333333333333333,0.0,-0.03333333333333333
1744813913.3794956,-80.0,-177.0,353.0,,-0.41641573074327876,0.29596405704976014,-2.971042772834587,0.03333333333333333,0.0,-0.03333333333333333
1744813913.6578937,-80.0,-177.0,353.0,,-0.4944157307432787,0.20696405704975973,-3.0552469083353433,0.06666666666666667,0.0,-0.03333333333333333
1744813913.948683,-80.0,-177.0,353.0,,-0.6114157307432787,0.13896405704976011,-2.9467063857067015,0.06666666666666667,0.0,-0.03333333333333333
1744813914.2271156,-80.0,-177.0,353.0,,-0.39641573074327874,0.13896405704976011,-2.90876243743437,0.03333333333333333,0.0,-0.0
1744813914.4989607,-80.0,-179.0,351.0,,-0.16220810714975054,0.07996405704976084,-2.840307625963659,0.03333333333333333,0.0,-0.03333333333333333
1744813914.7713904,-80.0,172.0,343.0,,1.365288120418241,0.17796405704975982,-3.1882718340571237,0.03333333333333333,-0.03333333333333333,-0.4
1744813915.0568712,-74.0,137.0,306.0,,4.660403912213111,-0.014022762845092629,-3.738400438310067,0.1,0.0,-0.4666666666666667
1744813915.3375862,-70.0,130.0,300.0,,4.837895986997175,0.3823846099097601,-4.056980745460026,0.1,0.0,-0.23333333333333334
1744813915.6116257,-69.0,129.0,299.0,,4.975801881892886,0.2634239839375496,-4.261053983884268,0.03333333333333333,0.0,-0.03333333333333333
1744813915.9011483,-67.0,127.0,297.0,,5.020614353563942,0.2831526123684398,-4.476314488573928,0.0,-0.03333333333333333,-0.13333333333333333
1744813916.175709,-64.0,124.0,293.0,,4.6608585867649595,0.5891695941948285,-5.162350436356513,0.16666666666666666,-0.16666666666666666,-0.6
1744813916.4790652,-59.0,123.0,290.0,,3.59835827154461,-0.03418878011227733,-5.153528124596512,0.16666666666666666,0.2,-0.2
1744813916.798719,-53.0,123.0,291.0,,3.0593582715446095,0.34261435356394276,-6.259040808607065,0.1,-0.06666666666666667,-0.3333333333333333
1744813917.1031623,-48.0,122.0,289.0,,2.4843518232945394,0.2682507379332373,-6.7349007150637625,0.1,0.0,-0.16666666666666666
1744813917.3928406,-45.0,121.0,288.0,,2.6428112198877223,0.1407175234400304,-7.085866618605948,0.03333333333333333,0.0,-0.06666666666666667
1744813917.6711724,-44.0,120.0,287.0,,2.5037092111253445,0.01859861420276321,-6.9051304100989395,0.06666666666666667,0.0,-0.13333333333333333
1744813917.9640815,-41.0,120.0,286.0,,2.297709211125344,0.07193907439687663,-7.3726401311014245,0.03333333333333333,-0.03333333333333333,-0.2
1744813918.2545378,-40.0,120.0,286.0,,2.0917092111253446,-0.009253548975049597,-7.333378729894736,0.03333333333333333,0.0,-0.1
1744813918.5391858,-40.0,120.0,287.0,,2.052709211125345,0.17674645102495123,-7.479757017378216,0.06666666666666667,0.0,-0.03333333333333333
1744813918.8134966,-40.0,120.0,287.0,,2.111709211125344,0.009746451024950531,-7.415947885483064,0.03333333333333333,0.0,-0.0
1744813919.094445,-40.0,120.0,288.0,,2.0627092111253447,-0.0002535489750492559,-7.475526816393714,0.0,0.0,-0.0
1744813919.369073,-40.0,121.0,288.0,,2.1328112198877225,-0.13725354897504882,-7.515765258501137,0.03333333333333333,0.0,-0.0
1744813919.648297,-43.0,122.0,291.0,,2.1023518232945397,-0.1445960877868897,-7.230208989775917,0.03333333333333333,0.0,-0.0
1744813919.9371326,-43.0,122.0,290.0,,2.19035182329454,-0.007596087786890138,-7.394842193861747,0.1,-0.03333333333333333,-0.03333333333333333
1744813920.2156978,-42.0,122.0,290.0,,2.1603518232945396,-0.05482875161959999,-7.44525711164545,0.06666666666666667,0.0,-0.0
1744813920.485079,-42.0,121.0,290.0,,2.397811219887722,-0.17282875161960032,-7.192134279642666,0.06666666666666667,0.0,-0.06666666666666667
1744813920.7534618,-42.0,121.0,290.0,,2.426811219887722,-0.07482875161960045,-7.391101948953158,0.0,0.0,-0.03333333333333333
1744813921.0134902,-42.0,121.0,290.0,,2.397811219887722,0.052171248380400215,-7.528119172131404,0.0,0.0,-0.06666666666666667
1744813921.2766173,-42.0,121.0,290.0,,2.4658112198877227,-0.1438287516196004,-7.3446612986310456,0.06666666666666667,0.0,-0.0
1744813921.5541117,-42.0,121.0,290.0,,2.338811219887722,-0.03582875161959986,-7.490295437623272,0.03333333333333333,0.0,-0.03333333333333333
1744813921.8333702,-42.0,122.0,291.0,,2.249351823294539,-0.05482875161959999,-7.392126124955195,0.03333333333333333,0.0,-0.06666666666666667
1744813922.1225336,-42.0,122.0,291.0,,2.278351823294539,-0.08482875161960024,-7.447128279814183,0.06666666666666667,0.0,-0.03333333333333333
1744813922.4166534,-42.0,122.0,291.0,,2.4153518232945395,-0.12382875161959994,-7.413410073702644,0.03333333333333333,0.0,-0.03333333333333333
1744813922.6993103,-42.0,122.0,291.0,,2.3763518232945398,-0.20282875161960057,-7.4576693302580725,0.03333333333333333,0.0,-0.03333333333333333
1744813922.981051,-42.0,122.0,291.0,,2.4453518232945397,-0.08482875161960024,-7.449780233035895,0.06666666666666667,0.0,-0.0
1744813923.2622416,-43.0,122.0,291.0,,2.278351823294539,0.02240391221311011,-7.514663813110468,0.03333333333333333,-0.03333333333333333,-0.0
1744813923.5354338,-44.0,122.0,291.0,,2.4843518232945394,0.13659861420276354,-7.507295008579352,0.0,0.0,0.03333333333333333
1744813923.8067975,-50.0,126.0,293.0,,2.474456714818235,0.4348959869971747,-7.625647349924139,0.0,-0.03333333333333333,0.1
1744813924.0790584,-50.0,126.0,293.0,,2.7094567148182342,0.041895986997174894,-7.289616350949904,0.06666666666666667,0.0,0.06666666666666667
1744813924.349822,-51.0,127.0,294.0,,2.911614353563942,0.003801881892885106,-7.343349868070758,0.06666666666666667,0.0,0.03333333333333333
1744813924.6148572,-52.0,129.0,297.0,,3.0638018818928865,0.19938549288194363,-7.455810629925373,0.03333333333333333,0.0,0.03333333333333333
1744813924.8738637,-53.0,130.0,298.0,,3.2688959869971743,0.13661435356394236,-7.387169155002768,0.0,0.06666666666666667,0.26666666666666666
1744813925.1452582,-56.0,132.0,302.0,,3.4752507379332376,0.1698585867649589,-7.318731812265042,0.03333333333333333,0.03333333333333333,0.03333333333333333
1744813925.4232748,-57.0,134.0,305.0,,3.0757234413221672,0.1663582715446097,-7.1885692326483905,0.0,0.0,0.36666666666666664
1744813925.6917439,-61.0,141.0,311.0,,3.202633036198905,0.3820193270374723,-7.486824413622999,0.03333333333333333,-0.06666666666666667,0.16666666666666666
1744813925.9725287,-62.0,145.0,315.0,,2.9687848406037607,0.10071588594607306,-7.491278237147133,0.13333333333333333,-0.06666666666666667,-0.06666666666666667
1744813926.2461128,-62.0,146.0,315.0,,2.9946823830480276,0.3257158859460727,-7.642364683090069,0.16666666666666666,-0.03333333333333333,-0.06666666666666667
1744813926.5228775,-61.0,148.0,317.0,,2.8055079821277404,0.15601932703747323,-7.9483614721301485,0.0,-0.03333333333333333,0.03333333333333333
1744813926.8050897,-62.0,151.0,320.0,,2.7749823746165676,0.10071588594607306,-7.8832980628781115,0.06666666666666667,-0.06666666666666667,-0.0
1744813927.1150715,-62.0,152.0,321.0,,2.6345160309295883,-0.04628411405392718,-7.740003586893936,0.03333333333333333,-0.03333333333333333,-0.03333333333333333
1744813927.4070249,-64.0,157.0,325.0,,2.489072370479776,0.15816959419482757,-7.67313613296564,0.03333333333333333,-0.06666666666666667,0.1
1744813927.6932201,-66.0,163.0,331.0,,1.966166423330046,0.07688093947391472,-7.190668811519121,0.0,0.03333333333333333,0.1
1744813927.9921088,-66.0,165.0,334.0,,1.6370148324557312,0.19488093947391505,-7.268138807990347,0.0,0.0,-0.03333333333333333
1744813928.2706833,-67.0,166.0,334.0,,1.5392537958327406,0.27315261236844,-7.238274273542351,0.06666666666666667,0.0,-0.0
1744813928.5451107,-67.0,168.0,337.0,,1.3826136869222188,0.16515261236843948,-7.224059487501961,0.03333333333333333,-0.03333333333333333,-0.03333333333333333
1744813928.8233373,-68.0,174.0,344.0,,1.1424242246556833,0.34867361330018554,-7.2180606821108615,0.0,0.26666666666666666,0.4666666666666667
1744813929.1131768,-68.0,-175.0,356.0,,-0.561997836354527,0.20067361330018585,-7.052496254129691,-0.06666666666666667,-0.5333333333333333,0.23333333333333334
1744813929.4211462,-70.0,-153.0,12.0,,-2.453646802444955,0.05938460990975969,-5.179113851235737,-0.13333333333333333,-0.2,0.13333333333333333
1744813929.7222452,-69.0,-139.0,26.0,,-3.9459390743968763,0.2444239839375495,-4.883983054061418,-0.06666666666666667,0.0,0.16666666666666666
1744813930.0229516,-68.0,-127.0,37.0,,-4.913614353563942,0.14267361330018602,-4.172067325359141,0.0,0.0,0.13333333333333333
1744813930.313631,-66.0,-119.0,45.0,,-4.904019327037474,0.6458809394739138,-4.047315060890834,-0.13333333333333333,0.0,0.3333333333333333
1744813930.619228,-65.0,-116.0,48.0,,-4.6211695941948285,0.6238793908295364,-3.302580310688616,0.0,0.0,-0.0
1744813930.9058871,-62.0,-109.0,56.0,,-5.0205372266292985,0.04171588594607378,-2.640583587408684,-0.06666666666666667,0.0,0.16666666666666666
1744813931.1844175,-59.0,-104.0,61.0,,-4.429601074767525,0.2398112198877218,-2.207953220313489,0.06666666666666667,-0.03333333333333333,0.03333333333333333
1744813931.461925,-56.0,-102.0,63.0,,-4.281627963198634,0.297858586764959,-2.3067771294127093,0.0,0.0,-0.0
1744813931.740723,-54.0,-100.0,66.0,,-4.04296405704976,0.032456714818234644,-1.9464133591219774,0.0,0.0,0.16666666666666666
1744813932.0192106,-52.0,-98.0,69.0,,-3.802529754354805,-0.23261450711805676,-1.4204035601965357,0.06666666666666667,-0.03333333333333333,0.1
1744813932.290193,-49.0,-97.0,70.0,,-3.127877747601371,0.3427009819853941,-1.3780781247648335,0.03333333333333333,-0.03333333333333333,0.03333333333333333
1744813932.5592887,-47.0,-96.0,70.0,,-2.990259793562762,0.18257981288406278,-1.433963195924401,0.03333333333333333,0.0,0.1
1744813932.8313901,-44.0,-95.0,70.0,,-2.948669988280024,-0.08940138579723644,-1.317429860807185,0.0,0.0,0.16666666666666666
1744813933.096159,-41.0,-94.0,71.0,,-2.216103333048876,0.33593907439687687,-1.1401728410674767,0.03333333333333333,-0.03333333333333333,0.26666666666666666
1744813933.3611255,-37.0,-93.0,71.0,,-1.9425557359423697,0.2058053771215933,-1.161326525920559,0.0,0.0,0.23333333333333334
1744813933.6249804,-32.0,-93.0,72.0,,-1.50155573594237,-0.018492017872259403,-0.9000221799075416,0.0,0.0,0.13333333333333333
1744813933.9065132,-29.0,-92.0,72.0,,-1.0970240130573288,0.1569823746165664,-0.7602860771223856,0.03333333333333333,-0.06666666666666667,0.3
1744813934.1776369,-24.0,-92.0,74.0,,-0.8030240130573301,-0.22691353142639947,-0.4648786031617126,0.0,0.0,0.23333333333333334
1744813934.4437544,-20.0,-91.0,73.0,,-0.5525058894841983,0.16821760602481062,-0.7045163002292438,0.06666666666666667,0.0,0.2
1744813934.7222784,-15.0,-91.0,74.0,,-0.22850588948419848,0.12701483245572875,-0.5838263935848464,0.0,0.0,0.26666666666666666
1744813934.9929314,-11.0,-91.0,74.0,,0.05549411051580222,0.29283624464390456,-0.6400277926630455,-0.03333333333333333,0.03333333333333333,0.23333333333333334
1744813935.2592883,-9.0,-91.0,74.0,,-0.07150588948419845,0.17162210204466488,-0.7429046946222211,0.06666666666666667,0.0,0.1
1744813935.5249655,-5.0,-92.0,74.0,,0.1779759869426698,-0.0860021636454733,-0.735726084752661,-0.03333333333333333,0.0,0.23333333333333334
1744813935.7968788,-2.0,-92.0,76.0,,0.10897598694267074,0.4683640626515345,-1.3612155533675119,-0.36666666666666664,0.1,0.5333333333333333
1744813936.0792649,-7.0,-96.0,87.0,,0.029740206437237404,2.1165382588044968,-1.3291755071555005,0.0,0.06666666666666667,0.3
1744813936.3531163,2.0,-96.0,89.0,,-0.09725979356276149,1.8046359373484653,-1.7708094834119184,0.03333333333333333,0.03333333333333333,0.3333333333333333
1744813936.6258173,2.0,-97.0,101.0,,-0.6868777476013701,3.5306359373484657,-2.669088876406723,-0.06666666666666667,0.03333333333333333,0.4666666666666667
1744813936.9027534,9.0,-98.0,115.0,,-1.5465297543548058,3.2503778979553353,-3.523378545925052,0.16666666666666666,0.03333333333333333,0.6666666666666666
1744813937.1743906,20.0,-99.0,122.0,,-2.5902226212383024,3.1947823939751894,-3.6992829654075132,0.13333333333333333,-0.03333333333333333,0.36666666666666664
1744813937.462341,31.0,-101.0,124.0,,-2.756762669621584,1.8504764851323676,-3.14670746796733,0.16666666666666666,0.03333333333333333,0.16666666666666666
1744813937.748229,36.0,-104.0,125.0,,-4.0576010747675255,1.9898266750108382,-4.636990455816925,0.0,0.0,0.26666666666666666
1744813938.0318444,47.0,-108.0,129.0,,-5.054864424855458,1.503420187115938,-4.538170238656195,0.13333333333333333,0.13333333333333333,0.6333333333333333
1744813938.31149,62.0,-119.0,138.0,,-6.424019327037474,1.075284114053927,-4.1540429830827,0.16666666666666666,0.23333333333333334,0.7666666666666667
1744813938.590061,71.0,-137.0,154.0,,-6.0344039122131115,0.42246277337070204,-4.204627152534143,0.1,0.13333333333333333,0.5333333333333333
1744813938.864862,76.0,-168.0,183.0,,-2.9316136869222187,0.18939892523247437,-3.8760579495745136,0.2,0.13333333333333333,0.4
1744813939.1372619,75.0,150.0,223.0,,2.6989999999999994,-0.26873235589575906,-3.9881636711124493,0.06666666666666667,0.03333333333333333,0.43333333333333335
1744813939.4056032,74.0,139.0,234.0,,3.7489390743968767,-0.2419772371549076,-3.8117837226462803,0.06666666666666667,-0.1,-0.43333333333333335
1744813939.6745467,77.0,179.0,197.0,,-0.7997918928502494,0.678429664456841,-4.1690664826615675,0.13333333333333333,-0.1,-1.0333333333333334
1744813939.9525957,70.0,-144.0,163.0,,-4.551173324989163,0.1066153900902389,-4.6189085141687,-0.1,-0.13333333333333333,-0.4666666666666667
1744813940.229349,67.0,-132.0,153.0,,-5.153250737933238,-0.029152612368440245,-4.712145657466305,0.0,-0.06666666666666667,-0.13333333333333333
1744813940.5058782,64.0,-123.0,145.0,,-5.29635827154461,-0.002169594194828761,-4.373850953281119,0.0,-0.13333333333333333,-0.5666666666666667
1744813940.7798498,56.0,-113.0,136.0,,-4.755152612368439,0.7211414132350402,-4.351734530697758,0.0,-0.13333333333333333,-0.6
1744813941.0560143,49.0,-108.0,132.0,,-3.642864424855458,0.293299018014606,-4.024442223619889,0.06666666666666667,-0.13333333333333333,-0.5666666666666667
1744813941.33199,41.0,-102.0,128.0,,-2.712627963198634,0.16306092560312369,-3.54853349307942,0.03333333333333333,-0.03333333333333333,-0.6333333333333333
1744813941.6093714,15.0,-94.0,128.0,,-1.5001033330488767,3.1669851675442717,-2.77351446650528,0.0,-0.06666666666666667,-0.6
1744813941.8974116,0.0,-90.0,128.0,,-0.6420000000000012,3.716,-2.0617268318654345,-0.03333333333333333,-0.06666666666666667,-0.6
1744813942.1789372,-2.0,-89.0,129.0,,-0.12050588948419794,2.2833640626515344,-1.4806039681249403,0.16666666666666666,-0.06666666666666667,-0.5333333333333333
1744813942.4639256,-7.0,-89.0,128.0,,0.15449411051580064,1.7335382588044967,-1.008804304989309,0.16666666666666666,-0.06666666666666667,-0.5666666666666667
1744813942.7428493,-10.0,-90.0,127.0,,-0.014000000000001123,0.7224886229125868,-0.4671023285342502,0.16666666666666666,-0.1,-0.5333333333333333
1744813943.0205233,-18.0,-89.0,124.0,,-0.1695058894841992,0.5014567148182345,-0.1527962305773069,0.3,-0.06666666666666667,-0.7666666666666667
1744813943.2982845,-29.0,-89.0,120.0,,-0.8955058894841983,0.4019823746165665,-0.23269899155761256,0.23333333333333334,-0.1,-0.6666666666666666
1744813943.5739565,-37.0,-90.0,117.0,,-1.8680000000000003,0.15680537712159381,-0.2920845843857508,0.2,0.0,-0.43333333333333335
1744813943.8584876,-44.0,-92.0,113.0,,-2.7340240130573292,0.15559861420276366,-0.7856168994690715,0.3,-0.1,-0.6333333333333333
1744813944.1381056,-52.0,-94.0,109.0,,-3.913103333048876,-0.08561450711805652,-1.3706589649483463,0.16666666666666666,0.0,-0.4666666666666667
1744813944.4185748,-58.0,-99.0,102.0,,-4.316222621238302,0.4843518232945394,-1.8675825555765213,0.16666666666666666,-0.03333333333333333,-0.5333333333333333
1744813944.6873229,-64.0,-105.0,95.0,,-5.19173235589576,0.020169594194827667,-2.2494956962744315,0.16666666666666666,0.0,-0.43333333333333335
1744813944.9571187,-69.0,-114.0,85.0,,-5.755880939473915,0.12642398393754917,-2.664459289977354,0.1,0.03333333333333333,-0.36666666666666664
1744813945.2461336,-73.0,-127.0,72.0,,-5.423614353563941,0.2023496559973772,-3.3243991805379975,0.13333333333333333,0.03333333333333333,-0.43333333333333335
1744813945.5507941,-76.0,-154.0,45.0,,-3.1144209500008486,0.06460107476752519,-4.072216535861587,0.16666666666666666,0.06666666666666667,-0.36666666666666664
1744813945.8610096,-74.0,168.0,9.0,,2.0006136869222186,0.5159772371549085,-5.226301067047944,0.1,0.03333333333333333,-0.4666666666666667
1744813946.160172,-70.0,147.0,347.0,,4.057908933497418,-0.22561539009024045,-5.1971559259047755,0.0,0.0,-0.4
1744813946.450774,-67.0,138.0,336.0,,4.495171248380401,-0.050847387631559826,-5.479717354836908,0.06666666666666667,0.0,-0.26666666666666666
1744813946.7318234,-63.0,133.0,331.0,,4.595579812884063,-0.22222599771211016,-5.645739227434183,0.1,0.0,-0.26666666666666666
1744813947.0090587,-60.0,132.0,329.0,,4.319250737933237,0.1407092111253423,-6.654559520761614,0.13333333333333333,0.0,-0.23333333333333334
1744813947.27938,-57.0,130.0,328.0,,4.013895986997175,-0.13764172845539058,-6.681314521898644,0.13333333333333333,0.06666666666666667,-0.2
1744813947.5505912,-55.0,129.0,327.0,,3.7308018818928863,-0.01511844552499042,-7.129967021217297,0.16666666666666666,0.0,-0.3333333333333333
1744813947.8245096,-53.0,129.0,326.0,,3.367801881892886,-0.28538564643605646,-6.998876088296004,0.03333333333333333,0.0,-0.0
1744813948.1068974,-53.0,129.0,326.0,,3.4948018818928865,0.01861435356394292,-7.425952408920864,0.03333333333333333,0.0,-0.0
1744813948.3779023,-53.0,129.0,326.0,,3.5048018818928863,-0.010385646436056994,-7.2512016770514816,0.03333333333333333,0.0,-0.03333333333333333
1744813948.6457293,-53.0,129.0,326.0,,3.4658018818928857,-0.15738564643605724,-7.144625716811515,0.06666666666666667,0.0,-0.0
1744813948.9099367,-53.0,130.0,326.0,,3.2878959869971744,-0.07938564643605694,-7.2306006037556685,0.06666666666666667,0.0,-0.06666666666666667
1744813949.181382,-54.0,130.0,327.0,,3.3278959869971745,0.012456714818234182,-7.21531792705017,0.03333333333333333,0.0,-0.0
1744813949.4528677,-54.0,130.0,326.0,,3.454895986997175,0.012456714818234182,-7.292306618685393,0.03333333333333333,0.0,-0.0
1744813949.7239704,-54.0,130.0,327.0,,3.376895986997175,-0.06554328518176611,-7.1447403909231895,0.06666666666666667,0.0,-0.0
1744813950.075826,-54.0,130.0,327.0,,3.366895986997175,-0.055543285181765434,-7.200619185871073,0.06666666666666667,0.0,-0.03333333333333333
1744813950.4146068,-54.0,131.0,327.0,,3.284700981985395,-0.0755432851817659,-7.182198796588837,0.06666666666666667,0.0,-0.03333333333333333
1744813950.7271638,-55.0,131.0,327.0,,3.3727009819853953,0.03388155447500907,-7.1428171304082895,0.06666666666666667,0.0,-0.03333333333333333
1744813951.0303872,-55.0,131.0,327.0,,3.431700981985395,0.052881554475010084,-7.176806161409921,0.03333333333333333,0.0,-0.03333333333333333
1744813951.3125353,-55.0,131.0,327.0,,3.422700981985395,0.04388155447500974,-7.172572264029265,0.03333333333333333,0.0,-0.03333333333333333
1744813951.5922077,-55.0,131.0,327.0,,3.422700981985395,-0.0741184455249897,-7.1545987445676005,0.03333333333333333,0.0,-0.0
1744813951.876166,-55.0,131.0,327.0,,3.490700981985395,-0.04511844552498978,-7.1175627339875644,0.03333333333333333,0.0,-0.0
1744813952.1658342,-55.0,131.0,327.0,,3.4027009819853946,-0.09411844552499105,-7.072274878104473,0.03333333333333333,0.0,-0.03333333333333333
1744813952.4497883,-56.0,132.0,327.0,,3.2992507379332374,0.002858586764958204,-7.146910362268141,0.03333333333333333,0.0,0.03333333333333333
1744813952.734391,-61.0,137.0,326.0,,3.621403912213111,-0.3239806729625272,-6.403048934317276,-0.06666666666666667,-0.03333333333333333,0.7666666666666667
1744813953.0103447,-73.0,167.0,347.0,,1.2847698431133177,0.31034965599737774,-6.008365980364449,-0.13333333333333333,-0.13333333333333333,0.6666666666666666
1744813953.2864392,-74.0,-146.0,30.0,,-4.339682383048028,0.48597723715490737,-5.313961487436369,-0.13333333333333333,-0.2,0.8666666666666667
1744813953.5616724,-64.0,-112.0,62.0,,-5.124673613300185,0.28516959419482824,-3.6111283446064464,-0.1,-0.13333333333333333,0.7666666666666667
1744813953.8420587,-53.0,-103.0,71.0,,-4.195570335543159,-0.0003856464360572076,-3.3037728021385186,0.0,-0.1,0.7666666666666667
1744813954.1231449,-46.0,-99.0,75.0,,-2.541222621238303,0.3787234413221672,-2.4637675745569236,0.0,-0.1,0.43333333333333335
1744813954.4002848,-38.0,-95.0,79.0,,-2.0066699882800236,-0.15836092705529214,-1.5358695258395354,-0.13333333333333333,-0.03333333333333333,0.4
1744813954.6756947,-28.0,-94.0,81.0,,-0.5881033330488759,0.8295160309295895,-1.6895421221408127,-0.03333333333333333,0.03333333333333333,0.8
1744813954.9448678,-19.0,-95.0,84.0,,-0.19266998828002357,0.5758235952247075,-1.9808453354130104,-0.03333333333333333,0.2,0.6
1744813955.2153864,-15.0,-99.0,87.0,,0.3807773787616977,1.0680148324557286,-3.156397058085654,0.0,0.3333333333333333,0.2
1744813955.4833207,-18.0,-108.0,88.0,,-0.07386442485545786,2.2174567148182343,-6.424628589336541,0.1,0.6,0.43333333333333335
1744813955.7545006,-8.0,-118.0,90.0,,-0.4447158859460725,2.1582881204182423,-9.996625249910908,0.16666666666666666,0.7333333333333333,0.43333333333333335
1744813956.033508,-3.0,-127.0,88.0,,-0.31361435356394196,1.9144157307432792,-12.434121788970298,0.13333333333333333,0.6333333333333333,-0.16666666666666666
1744813956.321723,1.0,-137.0,85.0,,-0.4444039122131107,1.4757918928502487,-14.653962455367516,0.1,0.3333333333333333,-0.0
1744813956.6021707,5.0,-143.0,83.0,,-0.34480537712159265,0.7420021636454733,-15.859854414432617,0.13333333333333333,0.3333333333333333,0.06666666666666667
1744813956.8751485,9.0,-147.0,84.0,,-0.2839089334974183,0.3963778979553352,-16.48495834230784,0.1,0.26666666666666666,0.13333333333333333
1744813957.150095,12.0,-152.0,84.0,,-0.41951603092958845,0.15638631307778095,-17.208007490921247,0.03333333333333333,0.16666666666666666,-0.03333333333333333
1744813957.4167783,12.0,-154.0,84.0,,-0.3294209500008485,0.028386313077780834,-17.443278611878466,0.03333333333333333,0.13333333333333333,-0.03333333333333333
1744813957.6828349,12.0,-155.0,83.0,,-0.0768851476762622,0.05838631307778064,-17.49793163849106,0.0,0.1,-0.0
1744813957.9578032,12.0,-156.0,83.0,,-0.3820864685736023,-0.14761368692221932,-17.835146132629326,0.03333333333333333,0.0,-0.06666666666666667
1744813958.2202144,12.0,-156.0,82.0,,-0.22508646857360226,-0.08861368692221916,-17.69093987721258,0.03333333333333333,-0.03333333333333333,-0.03333333333333333
1744813958.485706,12.0,-155.0,82.0,,-0.29288514767626195,-0.059613686922219244,-17.572678461088792,0.06666666666666667,0.0,-0.03333333333333333
1744813958.7480693,12.0,-155.0,82.0,,-0.28288514767626216,0.10738631307778057,-17.608518285986484,0.03333333333333333,-0.03333333333333333,-0.03333333333333333
1744813959.0075688,12.0,-155.0,81.0,,-0.1848851476762623,0.009386313077780706,-17.450445308031757,0.06666666666666667,-0.03333333333333333,-0.06666666666666667
1744813959.2670512,12.0,-153.0,81.0,,-0.31664680244495536,-0.08861368692221916,-17.35632671907492,0.03333333333333333,-0.16666666666666666,-0.03333333333333333
1744813959.5274234,7.0,-148.0,80.0,,0.05649201787225966,0.10746174119550322,-16.47237643786196,-0.13333333333333333,-0.5,-0.06666666666666667
1744813959.7915633,4.0,-139.0,80.0,,-0.41593907439687694,0.0006889925701307753,-14.980474276890998,-0.16666666666666666,-0.8666666666666667,-0.16666666666666666
1744813960.0588238,-7.0,-129.0,62.0,,1.073198118107113,2.2045382588044964,-10.570046621064815,-0.03333333333333333,-1.2,-0.03333333333333333
1744813960.3223019,-10.0,-116.0,59.0,,0.40983040580517205,2.4374886229125865,-6.9883325127126525,-0.03333333333333333,-0.9333333333333333,-0.0
1744813960.5859153,-10.0,-104.0,61.0,,0.11039892523247374,2.300488622912587,-3.6248244645162497,0.0,-0.5,-0.0
1744813960.8483171,-5.0,-95.0,67.0,,-0.12366998828002451,1.1969978363545266,-1.2627227957279996,0.0,-0.4666666666666667,-0.13333333333333333
1744813961.1090987,-7.0,-91.0,66.0,,0.12449411051580128,1.5475382588044968,0.004093011776713562,0.03333333333333333,-0.23333333333333334,-0.1
1744813961.3803563,-3.0,-85.0,69.0,,0.2683300117199767,0.747415730743279,0.03074086703382717,0.0,-0.3,-0.0
1744813961.6618924,-1.0,-79.0,70.0,,0.058237330378416274,0.12220810714975126,0.013924120013828478,0.13333333333333333,-0.26666666666666666,-0.0
1744813961.974174,0.0,-74.0,69.0,,0.11102276284509216,0.381,0.03133947679205473,0.06666666666666667,-0.26666666666666666,-0.0
1744813962.2697127,1.0,-70.0,70.0,,0.29261539009023885,0.09279189285024875,0.08858022049178782,0.06666666666666667,-0.13333333333333333,-0.06666666666666667
1744813962.5551605,1.0,-68.0,70.0,,0.18032638669981438,0.11179189285024871,0.034526859707326274,0.03333333333333333,-0.1,-0.0
1744813962.8273563,1.0,-67.0,70.0,,0.17684738763156105,0.26879189285024874,0.042183490949873725,0.03333333333333333,-0.1,-0.03333333333333333
1744813963.0984683,1.0,-66.0,70.0,,0.18711906052608462,0.004791892850248725,0.052605420335385844,0.06666666666666667,-0.03333333333333333,-0.03333333333333333
1744813963.3697717,1.0,-67.0,70.0,,0.23584738763156032,-0.0052081071497512565,0.07282917946393264,0.06666666666666667,0.2,-0.03333333333333333
1744813963.6400595,-3.0,-78.0,74.0,,-0.1426279631986347,0.5134157307432791,-0.0009495179546727961,-0.03333333333333333,0.7,-0.0
1744813963.9191277,-14.0,-92.0,87.0,,-0.18502401305732974,2.9702537958327406,-0.003137556884556303,0.0,0.5,0.03333333333333333
1744813964.179993,-13.0,-98.0,86.0,,0.208470245645195,2.587769843113316,-1.3997099455406024,0.03333333333333333,0.3,-0.0
1744813964.4456847,-6.0,-104.0,82.0,,0.2473989252324742,1.5054242246556806,-3.525254090516488,0.16666666666666666,0.5666666666666667,-0.0
1744813964.708394,0.0,-111.0,78.0,,-0.05842398393754955,0.744,-6.73476081567137,0.03333333333333333,0.43333333333333335,0.03333333333333333
1744813964.9669266,2.0,-115.0,77.0,,-0.02687939082953683,0.2846359373484655,-8.224495554283699,0.0,0.3333333333333333,-0.0
1744813965.2238917,3.0,-118.0,77.0,,0.0752841140539271,0.37758426925672095,-9.060964501789535,0.06666666666666667,0.06666666666666667,-0.03333333333333333
1744813965.4868956,4.0,-118.0,76.0,,0.016284114053927823,-0.03831100742986926,-9.041896344347553,0.03333333333333333,0.0,-0.0
1744813965.7576122,5.0,-118.0,75.0,,-0.07171588594607314,0.04600216364547338,-9.330495557599662,0.06666666666666667,0.0,-0.0
1744813966.0360267,5.0,-118.0,75.0,,-0.07171588594607314,0.16400216364547326,-9.360462664609233,0.03333333333333333,0.0,-0.03333333333333333
1744813966.3024027,5.0,-118.0,75.0,,-0.03271588594607344,0.027002163645473365,-9.33286270522595,0.06666666666666667,0.0,-0.06666666666666667
1744813966.5655878,5.0,-118.0,74.0,,0.09428411405392723,0.35000216364547343,-9.369309037466678,0.03333333333333333,0.0,-0.03333333333333333
1744813966.8292513,5.0,-118.0,74.0,,-0.052715885946073016,0.14400216364547336,-9.491310888358282,0.03333333333333333,0.0,-0.03333333333333333
1744813967.0984633,5.0,-118.0,74.0,,-0.0627158859460728,0.05600216364547339,-9.585762490839983,0.03333333333333333,0.0,-0.03333333333333333
1744813967.3580914,5.0,-119.0,74.0,,-0.049019327037473914,-0.03199783635452669,-9.739256194706076,0.06666666666666667,0.0,-0.03333333333333333
1744813967.6230934,5.0,-119.0,75.0,,-0.020019327037474,-0.08099783635452662,-9.797047570151372,0.03333333333333333,0.0,-0.03333333333333333
1744813967.8967166,5.0,-119.0,75.0,,-0.10801932703747497,0.07600216364547341,-9.913417975530617,0.03333333333333333,0.03333333333333333,-0.03333333333333333
1744813968.1659737,2.0,-121.0,73.0,,-0.005811219887721819,0.3236359373484655,-10.343650795789834,0.06666666666666667,0.06666666666666667,-0.1
1744813968.4396498,0.0,-123.0,72.0,,-0.03035827154461046,0.676,-10.870413160178636,0.03333333333333333,0.2,-0.03333333333333333
1744813968.7158554,1.0,-126.0,70.0,,-0.24945671481823428,0.2397918928502487,-11.919904761002696,0.03333333333333333,0.13333333333333333,-0.06666666666666667
1744813968.9817,1.0,-128.0,69.0,,-0.1413854928819429,0.3767918928502488,-12.376055275772742,0.06666666666666667,0.06666666666666667,-0.06666666666666667
1744813969.2409532,1.0,-129.0,68.0,,-0.004801881892886328,0.13179189285024873,-12.602411866665047,0.0,0.06666666666666667,-0.03333333333333333
1744813969.5001762,0.0,-130.0,66.0,,-0.0628959869971748,0.274,-13.008381077683957,0.0,0.03333333333333333,-0.0
1744813969.762719,0.0,-130.0,66.0,,-0.17089598699717445,0.293,-13.076759185287326,0.06666666666666667,0.1,-0.03333333333333333
1744813970.030559,0.0,-131.0,65.0,,0.14629901801460488,-0.235,-13.50558540137228,0.03333333333333333,0.13333333333333333,-0.23333333333333334
1744813970.301648,-12.0,-138.0,59.0,,-0.46517124838040047,1.8046136869222194,-14.437643919828327,0.06666666666666667,0.13333333333333333,-0.1
1744813970.582886,-17.0,-141.0,58.0,,0.003366963801094691,1.632166423330048,-14.593168385249573,-0.16666666666666666,0.0,-0.06666666666666667
1744813970.8526042,-20.0,-140.0,59.0,,0.33225354897504733,1.8062176060248105,-14.30483689411052,0.06666666666666667,0.16666666666666666,-0.03333333333333333
1744813971.1195505,-19.0,-140.0,58.0,,0.1852535489750471,1.8308235952247074,-14.70948849387468,0.06666666666666667,0.3333333333333333,0.1
1744813971.3853188,-12.0,-146.0,49.0,,0.2013176169519726,0.8136136869222192,-15.789759310498303,0.2,0.26666666666666666,-0.06666666666666667
1744813971.6491487,-10.0,-151.0,45.0,,0.15601762538343245,1.0464886229125867,-16.91457659713701,0.13333333333333333,0.2,-0.0
1744813971.925594,-4.0,-152.0,40.0,,-0.01751603092958831,0.28231100742986925,-17.12648465498543,0.1,0.06666666666666667,-0.0
1744813972.1894562,-2.0,-153.0,38.0,,0.09535319755504545,0.12636406265153452,-17.42402626476911,0.06666666666666667,0.1,0.03333333333333333
1744813972.4550223,-2.0,-154.0,38.0,,-0.14342095000084853,-0.2756359373484655,-17.658221705697684,0.03333333333333333,0.13333333333333333,-0.03333333333333333
1744813972.7219849,-1.0,-156.0,38.0,,-0.4800864685736026,0.29720810714975127,-18.37272336737057,0.1,0.13333333333333333,-0.0
1744813972.9763558,-1.0,-158.0,37.0,,-0.45889068141009925,0.15120810714975128,-18.52257424608834,0.0,0.1,-0.13333333333333333
1744813973.2282205,0.0,-159.0,37.0,,-0.23158958503939564,-0.304,-18.398888006530992,0.06666666666666667,0.03333333333333333,-0.03333333333333333
1744813973.4823368,0.0,-160.0,37.0,,-0.14921760602481182,-0.137,-18.590073035393992,0.03333333333333333,0.03333333333333333,-0.0
1744813973.7415535,0.0,-160.0,38.0,,-0.33621760602481165,-0.088,-18.679577226416253,0.06666666666666667,0.0,0.03333333333333333
1744813974.0102952,0.0,-161.0,38.0,,-0.24282359522470642,-0.127,-18.666136168741815,0.1,0.0,-0.0
1744813974.2719727,0.0,-162.0,38.0,,-0.2964567148182353,0.038,-18.802068201395464,0.03333333333333333,0.03333333333333333,-0.0
1744813974.5277507,0.0,-163.0,39.0,,-0.260166423330046,-0.069,-18.898753653662357,0.03333333333333333,0.03333333333333333,-0.0
1744813974.7917097,0.0,-163.0,39.0,,-0.3191664233300462,0.0,-18.976997359438872,0.03333333333333333,0.03333333333333333,-0.03333333333333333
1744813975.051688,1.0,-164.0,39.0,,-0.17500246056476243,-0.035208107149751255,-18.95973851119613,0.03333333333333333,0.0,-0.03333333333333333
1744813975.3078094,1.0,-165.0,39.0,,-0.1280148324557313,-0.025208107149751274,-19.050980920961138,0.06666666666666667,0.03333333333333333,-0.0
1744813975.5698283,1.0,-166.0,39.0,,-0.13825379583274078,0.20979189285024874,-19.064152811050747,0.03333333333333333,0.0,0.03333333333333333
1744813975.8466644,2.0,-166.0,39.0,,-0.21725379583274051,-0.08836406265153451,-19.136936044235892,0.06666666666666667,0.0,-0.03333333333333333
1744813976.111437,2.0,-166.0,39.0,,-0.3242537958327407,0.08763593734846548,-19.174260241275505,0.03333333333333333,0.0,-0.03333333333333333
1744813976.3713999,2.0,-166.0,39.0,,-0.1872537958327407,-0.08836406265153451,-19.119969602404424,0.06666666666666667,0.0,-0.03333333333333333
1744813976.6268435,2.0,-166.0,39.0,,-0.3242537958327407,-0.039364062651534526,-19.168447256818425,0.03333333333333333,0.0,-0.03333333333333333
1744813976.8930504,2.0,-166.0,39.0,,-0.12825379583274055,0.01963593734846547,-19.124787824916773,0.03333333333333333,0.0,-0.03333333333333333
1744813977.1681886,2.0,-166.0,39.0,,-0.1872537958327407,0.09763593734846548,-19.093582105271725,0.03333333333333333,0.0,-0.03333333333333333
1744813977.4527938,2.0,-166.0,39.0,,-0.12825379583274055,0.02963593734846548,-19.186538797891927,0.06666666666666667,-0.06666666666666667,-0.0
1744813977.7412026,0.0,-163.0,31.0,,-0.9081664233300462,0.136,-18.349035954691058,0.0,-0.7333333333333333,-0.0
1744813978.0160136,-2.0,-155.0,15.0,,0.6291148523237382,0.6063640626515345,-17.063364283816227,0.16666666666666666,-0.6666666666666666,-0.0
1744813978.2946796,-1.0,-145.0,16.0,,0.6972151593962392,0.41520810714975126,-14.943544256221138,-0.1,-0.7333333333333333,-0.06666666666666667
1744813978.5648215,-4.0,-133.0,16.0,,0.4934201871159365,0.7323110074298693,-12.300528756713407,0.06666666666666667,-0.5666666666666667,-0.23333333333333334
1744813978.8228595,-4.0,-123.0,17.0,,0.35264172845539044,0.4983110074298693,-9.820021022867731,-0.06666666666666667,-0.4,-0.13333333333333333
1744813979.0857394,-2.0,-115.0,19.0,,0.10112060917046328,0.2833640626515345,-7.9687796745921275,0.06666666666666667,-0.43333333333333335,0.1
1744813979.344447,0.0,-109.0,20.0,,0.10846277337070198,0.087,-6.30381855406265,0.1,-0.23333333333333334,0.03333333333333333
1744813979.6059847,1.0,-105.0,19.0,,0.11426764410424006,0.10279189285024876,-5.292522890246678,0.03333333333333333,-0.23333333333333334,-0.03333333333333333
1744813979.8835948,1.0,-102.0,19.0,,0.1513720368013658,0.20979189285024874,-4.614927789745681,0.13333333333333333,-0.03333333333333333,-0.0
1744813980.1664424,2.0,-102.0,19.0,,-0.01562796319863402,0.07863593734846547,-4.671441475711049,0.03333333333333333,-0.03333333333333333,-0.03333333333333333
1744813980.4380193,2.0,-102.0,19.0,,0.043372036801365255,0.09763593734846548,-4.599800087001751,0.0,0.0,-0.03333333333333333
1744813980.7117386,3.0,-103.0,19.0,,0.05042966445684094,-0.19041573074327905,-4.646324440336551,0.0,0.06666666666666667,-0.0
1744813980.9770958,3.0,-104.0,20.0,,0.022398925232474554,0.04458426925672099,-5.152083095253591,-0.13333333333333333,0.16666666666666666,-0.0
1744813981.2439392,-5.0,-111.0,10.0,,0.05857601606245133,0.5609978363545267,-5.808283572872281,0.5,-0.1,-1.0333333333333334
1744813981.512333,-13.0,-113.0,355.0,,0.04984738763156038,-0.11723015688668426,-5.349925081763775,0.6333333333333333,-0.16666666666666666,-0.8333333333333334
1744813981.7824123,-18.0,-112.0,349.0,,-0.02567361330018514,0.2564567148182344,-5.339705728770014,0.4,-0.13333333333333333,-0.6
1744813982.0596812,-22.0,-110.0,346.0,,-0.6093846099097622,-0.032109318589902625,-5.709560612614466,0.5333333333333333,-0.06666666666666667,-0.6333333333333333
1744813982.328943,-26.0,-112.0,339.0,,-0.9476736133001857,-0.1615790499991503,-6.3684661200675245,0.5666666666666667,-0.03333333333333333,-0.5666666666666667
1744813982.5956373,-30.0,-114.0,332.0,,-1.3918809394739142,-0.3420000000000005,-6.947229681671957,0.36666666666666664,-0.06666666666666667,-0.4
1744813982.8640301,-33.0,-116.0,325.0,,-1.6981695941948285,-0.2660910665025842,-7.49136340114727,0.2,0.0,-0.26666666666666666
1744813983.1521592,-36.0,-120.0,318.0,,-1.818709211125345,0.039173324989161706,-8.240613227169721,0.26666666666666666,0.0,-0.3
1744813983.4244783,-32.0,-118.0,326.0,,-2.052715885946073,-0.6464920178722595,-8.427441646642572,0.06666666666666667,0.0,-0.0
1744813983.6991801,-32.0,-118.0,329.0,,-2.0727158859460726,-0.7634920178722595,-8.421113714334394,0.0,0.0,0.06666666666666667
1744813983.9858022,-32.0,-119.0,330.0,,-1.8630193270374749,-0.59749201787226,-8.479110856858977,0.03333333333333333,0.0,0.03333333333333333
1744813984.255906,-31.0,-120.0,330.0,,-1.3967092111253443,-0.13547648513236776,-8.671187470224227,0.23333333333333334,0.06666666666666667,0.03333333333333333
1744813984.520345,-30.0,-122.0,329.0,,-1.4163518232945398,-0.5770000000000008,-9.1526583245236,0.2,0.0,-0.0
1744813984.7871106,-27.0,-124.0,325.0,,-1.1418585867649593,0.06964680244495369,-10.390457216625826,0.4,0.0,0.06666666666666667
1744813985.058922,-22.0,-125.0,321.0,,-0.7508815544750096,0.6148906814100972,-11.138081244895332,0.26666666666666666,0.06666666666666667,0.06666666666666667
1744813985.324937,-21.0,-127.0,320.0,,-0.8926143535639417,-0.07341041496060408,-11.621708365334706,0.03333333333333333,0.03333333333333333,-0.03333333333333333
1744813985.5873015,-21.0,-127.0,320.0,,-0.6666143535639417,-0.19141041496060396,-11.256388425138427,0.03333333333333333,-0.03333333333333333,-0.03333333333333333
1744813985.8652496,-21.0,-126.0,322.0,,-0.6514567148182344,0.11258958503939587,-10.906660775624445,-0.1,0.0,0.03333333333333333
1744813986.1381972,-21.0,-124.0,330.0,,-1.0828585867649592,-0.5344104149606039,-10.89864090213673,-0.36666666666666664,-0.03333333333333333,0.4
1744813986.4094903,-14.0,-118.0,349.0,,-0.5627158859460728,-0.49974620416725957,-9.417921623177312,-0.8333333333333334,-0.03333333333333333,1.6
1744813986.6747577,-5.0,-116.0,5.0,,0.10583040580517178,-0.4690021636454734,-8.262751537704219,-0.13333333333333333,-0.03333333333333333,0.5666666666666667
1744813986.938232,0.0,-115.0,11.0,,0.31612060917046314,-0.422,-7.941965175394125,-0.23333333333333334,-0.06666666666666667,0.6
1744813987.1905832,2.0,-115.0,13.0,,0.17912060917046269,0.26463593734846547,-7.951091697769211,-0.13333333333333333,-0.06666666666666667,0.4666666666666667
1744813987.444927,7.0,-114.0,16.0,,-0.038880939473914466,0.1964617411955032,-8.009401909330762,0.03333333333333333,-0.03333333333333333,0.2
1744813987.703038,10.0,-113.0,16.0,,-0.14615261236843935,0.13951137708741324,-7.777678425686674,0.16666666666666666,-0.03333333333333333,-0.0
1744813987.9686348,12.0,-112.0,16.0,,-0.19267361330018495,0.13638631307778093,-7.492662694707918,0.0,-0.06666666666666667,0.26666666666666666
1744813988.231347,18.0,-111.0,20.0,,-0.48042398393754837,-0.012456714818234182,-7.156407303982169,0.0,-0.13333333333333333,0.43333333333333335
1744813988.495448,25.0,-109.0,24.0,,-1.2355372266292992,0.09911485232373796,-6.374894514636152,0.1,-0.4,0.6333333333333333
1744813988.7535806,33.0,-107.0,27.0,,-1.4483496559973794,0.2560910665025844,-4.282447085840077,0.0,-0.1,0.2
1744813989.0114958,36.0,-106.0,28.0,,-1.7919772371549083,0.12682667501083777,-4.449097726741133,0.13333333333333333,-0.03333333333333333,0.03333333333333333
1744813989.2742064,38.0,-104.0,28.0,,-2.0076010747675257,0.1963609270552915,-3.949424648991437,0.03333333333333333,-0.1,-0.0
1744813989.5351279,39.0,-103.0,29.0,,-2.263570335543159,0.11136696380109523,-3.916711455226255,0.0,-0.13333333333333333,-0.0
1744813989.8109617,39.0,-96.0,23.0,,-2.3822597935627625,0.7193669638010949,-0.7510159902562974,0.43333333333333335,-0.5,0.1
1744813990.08486,42.0,-86.0,18.0,,-2.844103333048876,0.3188287516196002,-0.00015932878656788052,0.3333333333333333,-0.3,0.13333333333333333
1744813990.3505127,45.0,-79.0,13.0,,-3.0797626696215845,0.015282476559969282,-0.020433057215741623,0.06666666666666667,-0.03333333333333333,-0.0
1744813990.620326,46.0,-77.0,12.0,,-2.989570335543159,0.2092765586778329,0.017412990753149504,0.06666666666666667,-0.03333333333333333,0.03333333333333333
1744813990.8824146,49.0,-77.0,12.0,,-3.3915703355431592,0.2742990180146059,0.020374701175711163,0.03333333333333333,0.0,-0.0
1744813991.145079,49.0,-78.0,13.0,,-3.369627963198634,0.13629901801460598,0.006172049781527633,0.03333333333333333,0.0,-0.03333333333333333
1744813991.4396875,49.0,-78.0,13.0,,-3.339627963198634,0.2742990180146059,0.020834737320516883,0.06666666666666667,0.0,-0.0
1744813991.7118506,50.0,-78.0,13.0,,-3.3886279631986342,0.08410401300282544,0.009006574914393939,0.06666666666666667,0.0,-0.03333333333333333
1744813991.9875793,50.0,-78.0,13.0,,-3.4476279631986344,0.1431040130028256,0.009179489352083348,0.06666666666666667,0.0,-0.03333333333333333
1744813992.259029,50.0,-78.0,13.0,,-3.4776279631986338,0.24110401300282547,0.01690779023115585,0.03333333333333333,0.0,-0.03333333333333333
1744813992.541291,50.0,-78.0,13.0,,-3.4376279631986337,0.07410401300282565,0.004376538705577415,0.06666666666666667,0.0,-0.0
1744813992.828249,51.0,-76.0,11.0,,-2.4486010747675255,-1.2308018818928854,-0.017067495312167003,0.2,0.1,0.06666666666666667
1744813993.122439,46.0,-94.0,9.0,,-3.530103333048876,2.3272765586778332,0.07603520333315583,-0.6666666666666666,1.1666666666666667,-0.16666666666666666
1744813993.3965533,32.0,-132.0,38.0,,-3.4272507379332375,0.10549201787226004,-6.5309782536382235,-1.3666666666666667,-0.26666666666666666,-0.3333333333333333
1744813993.667632,12.0,-117.0,43.0,,1.3982259977121103,-3.0596136869222192,-2.8145731365559525,0.9,-2.5,-0.3333333333333333
1744813993.9534767,13.0,-104.0,19.0,,-1.0176010747675264,3.7642301568866845,-0.09332678944109041,0.6333333333333333,0.8,-0.3
1744813994.2200954,7.0,-105.0,11.0,,0.7912676441042397,2.6774617411955033,-1.1488267282676892,0.16666666666666666,-0.36666666666666664,-0.23333333333333334
1744813994.4827988,5.0,-102.0,13.0,,-0.005627963198634234,0.8800021636454735,-0.001372130913054992,0.1,-0.06666666666666667,-0.03333333333333333
1744813994.7426429,7.0,-98.0,13.0,,0.03247024564519485,1.0394617411955032,0.010337477891771363,0.06666666666666667,-0.03333333333333333,-0.0
1744813995.0181317,11.0,-93.0,12.0,,-0.6875557359423699,0.7551637553560953,-0.01296681967193336,0.06666666666666667,0.0,0.2
1744813995.2744524,30.0,-98.0,10.0,,-2.174529754354805,-0.36599999999999966,-0.0874687788604277,0.6,0.23333333333333334,1.9
1744813995.5400088,56.0,-97.0,5.0,,-5.510877747601371,1.3101414132350406,0.21410652948119635,0.5333333333333333,0.13333333333333333,-0.5333333333333333
1744813995.8137376,31.0,-75.0,318.0,,-1.5337323558957596,0.7714764851323679,0.13900977766118583,3.6333333333333333,1.5666666666666667,-0.5
1744813996.0787828,20.0,-64.0,294.0,,0.9688304058051713,0.23278239397518963,0.9570529585184442,0.5666666666666667,0.26666666666666666,-0.23333333333333334
1744813996.336162,13.0,-55.0,283.0,,-0.6228815544750095,0.1262301568866846,-0.23697203443992088,-0.03333333333333333,0.13333333333333333,1.3333333333333333
1744813996.5958652,22.0,-48.0,268.0,,-0.7012507379332371,-1.4198906814100973,-0.15724287645918267,0.6333333333333333,-1.2,0.6333333333333333
1744813996.850753,24.0,-36.0,260.0,,-0.7751733249891624,-1.2450864685736,-1.1137004473573597,-0.43333333333333335,-0.03333333333333333,-0.5
1744813997.1038427,27.0,-34.0,277.0,,-0.6026823830480277,6.371353197555045,0.7215258237091517,-0.4,0.5666666666666667,-0.7666666666666667
1744813997.3567758,25.0,-20.0,270.0,,-0.2672176060248104,1.6781148523237377,-0.025707324109151664,-0.36666666666666664,-1.7333333333333334,0.4
1744813997.6115057,22.0,5.0,267.0,,4.629997836354526,-0.31189068141009724,-0.02338040355280313,1.6333333333333333,-1.2666666666666666,0.03333333333333333
1744813997.880463,20.0,10.0,262.0,,-7.3285113770874135,-3.0232176060248106,3.7750971660893846,-1.5333333333333334,0.1,-2.033333333333333
1744813998.159879,23.0,16.0,307.0,,18.050002460564762,-6.912072370479776,4.0998653613816725,2.8333333333333335,-1.1666666666666667,0.9333333333333333
1744813998.4423754,4.0,6.0,281.0,,-3.191575775344319,0.6086889925701306,-0.03543791172165278,0.3333333333333333,0.0,0.5
1744813998.7102811,2.0,4.0,281.0,,2.340311007429869,0.23563593734846544,0.5591403440513094,0.1,-0.16666666666666666,-0.3333333333333333
1744813998.9899235,2.0,3.0,283.0,,1.1204157307432792,0.4316359373484655,0.29854075446317374,0.06666666666666667,-0.06666666666666667,-0.0
1744813999.2603023,3.0,1.0,284.0,,0.7982081071497513,-0.004415730743279056,0.1363872282261145,0.1,-0.1,-0.03333333333333333
1744813999.5261395,2.0,-77.0,272.0,,-1.1455703355431588,-0.22536406265153452,0.7921477659351233,2.3,17.466666666666665,1.7333333333333334
1744813999.7931826,9.0,-121.0,278.0,,-2.192811219887722,0.20037789795533523,-5.287385418104856,-1.3333333333333333,-13.466666666666667,-0.5
1744814000.068932,10.0,1.0,287.0,,1.8182081071497513,-0.19448862291258684,-0.3716483077880035,0.4,0.13333333333333333,-0.03333333333333333
1744814000.3408184,7.0,0.0,288.0,,1.029,0.5884617411955033,0.5638309625121227,0.06666666666666667,0.03333333333333333,-0.06666666666666667
1744814000.6196718,8.0,0.0,290.0,,0.96,0.1437118795817578,0.0700285693470537,0.03333333333333333,-0.06666666666666667,-0.06666666666666667
1744814000.8847716,2.0,-80.0,283.0,,-1.9439640570497607,0.9316359373484655,9.233192059709236,4.533333333333333,27.8,0.16666666666666666
1744814001.1498573,4.0,-51.0,287.0,,-0.9168018818928854,0.8056889925701307,4.271300215474639,-2.466666666666667,-16.233333333333334,-0.6333333333333333
1744814001.416923,5.0,8.0,292.0,,0.924288120418242,0.38000216364547346,0.06389478463264453,-0.1,-0.7333333333333333,0.03333333333333333
1744814001.68579,8.0,3.0,293.0,,1.042415730743279,0.22271187958175798,0.29831088094476677,-0.03333333333333333,0.5,-0.13333333333333333
1744814001.9709,9.0,-1.0,294.0,,0.47479189285024875,0.2783778979553351,-0.02725013824942124,0.13333333333333333,0.03333333333333333,-0.03333333333333333
1744814002.2507877,9.0,-2.0,295.0,,0.4216359373484655,0.1703778979553352,0.13170614511626333,0.06666666666666667,-0.03333333333333333,-0.03333333333333333
1744814002.5110686,10.0,-2.0,296.0,,0.22563593734846543,0.05051137708741327,0.032618150028099535,0.03333333333333333,0.0,-0.03333333333333333
1744814002.7752867,10.0,-2.0,296.0,,0.2746359373484655,0.05051137708741327,0.17739415220033905,0.1,-0.03333333333333333,-0.06666666666666667
1744814003.0389304,10.0,-2.0,297.0,,0.4016359373484655,-0.05648862291258672,0.21558806465949765,0.1,0.0,-0.03333333333333333
1744814003.3006246,8.0,-9.0,297.0,,1.043377897955335,0.673711879581758,-0.18654709734595443,0.43333333333333335,4.3,0.06666666666666667
1744814003.5605536,8.0,-147.0,285.0,,-3.4319089334974184,-0.02228812041824213,-15.652842693800462,-1.2333333333333334,-10.8,-0.7
1744814003.8335783,6.0,1.0,296.0,,1.4252081071497513,0.2675757753443193,-0.4195315119333056,-0.23333333333333334,-2.1666666666666665,0.23333333333333334
1744814004.1056108,3.0,-8.0,294.0,,1.5067118795817578,-0.15141573074327908,-0.04305168114507474,0.16666666666666666,-0.23333333333333334,-0.16666666666666666
1744814004.3764274,3.0,55.0,286.0,,-3.732118445524991,-1.190415730743279,0.8420369165290094,0.4,-4.966666666666667,2.466666666666667
1744814004.6432192,-2.0,30.0,284.0,,-1.2340000000000009,-0.5306359373484655,0.5430128788552029,-1.3333333333333333,2.4,-0.6
1744814004.903735,6.0,-16.0,295.0,,0.45299753943523813,0.28757577534431933,-0.6742728342030144,-0.7333333333333333,0.8,-0.43333333333333335
1744814005.1679618,7.0,-15.0,298.0,,0.48998516754427124,0.25446174119550324,-0.042607175141741394,0.03333333333333333,-0.36666666666666664,-0.16666666666666666
1744814005.4199972,21.0,-14.0,299.0,,3.7647462041672592,-0.780589585039396,7.572342958220508,-3.8,0.9666666666666667,1.2
1744814005.68028,86.0,-164.0,79.0,,-5.283002460564763,-5.678103333048877,-16.813815179509092,-1.6333333333333333,0.16666666666666666,0.43333333333333335
1744814005.9538789,38.0,-7.0,298.0,,1.5784617411955033,-2.774639072944708,1.2736711898491695,4.733333333333333,-1.7333333333333334,-0.5
1744814006.2114851,7.0,0.0,303.0,,1.843,-0.37253825880449676,2.0513453118852176,0.13333333333333333,0.1,-0.26666666666666666
1744814006.4765089,8.0,-4.0,305.0,,0.7366889925701308,-0.062288120418242165,0.048388739030860606,0.03333333333333333,0.1,-0.03333333333333333
1744814006.7441926,7.0,-6.0,306.0,,0.5815757753443194,-0.36253825880449675,0.6157070964088565,0.23333333333333334,-0.03333333333333333,-0.1
1744814007.0082963,78.0,-48.0,328.0,,-6.448250737933238,-5.605627963198634,-8.476664576097175,-5.6,1.4333333333333333,2.6666666666666665
1744814007.2801356,85.0,-50.0,336.0,,-8.122895986997175,-4.046669988280024,-1.1874317650495019,6.4,-2.033333333333333,-2.7333333333333334
1744814007.5395997,-8.0,-1.0,319.0,,1.7497918928502487,-0.831711879581758,8.176430531977726,2.433333333333333,0.9,-0.1
1744814007.8078969,-13.0,-7.0,315.0,,0.10746174119550322,-0.7552301568866846,0.46384565182766835,0.5,0.16666666666666666,0.03333333333333333
1744814008.1007276,-10.0,-14.0,305.0,,0.5967462041672595,-0.9145113770874131,1.1493662796327495,-0.7,0.5,1.7
1744814008.3957274,17.0,-43.0,293.0,,0.35959608778688956,-1.065166423330048,0.12357692974965762,-1.3666666666666667,3.6666666666666665,0.06666666666666667
1744814008.6931696,15.0,-136.0,300.0,,-4.197598614202763,-1.0100148324557288,-16.296160267201053,-1.6333333333333333,5.533333333333333,-0.0
1744814008.9950294,8.0,-153.0,309.0,,-1.090646802444955,-0.013288120418242011,-17.922390041038057,0.2,-0.3,-0.03333333333333333
1744814009.2751873,8.0,-150.0,309.0,,-1.2969999999999993,0.026711879581757803,-18.218259564475066,0.03333333333333333,-0.06666666666666667,-0.0
1744814009.5441365,7.0,-147.0,312.0,,-0.8039089334974188,-0.2845382588044967,-17.83157823607602,-0.3,-1.4666666666666666,0.5333333333333333
1744814009.824968,12.0,-117.0,327.0,,-0.9457740022878891,-0.46161368692221916,-12.131656920980404,-0.5,-1.8333333333333333,1.0666666666666667
1744814010.1567068,33.0,-87.0,337.0,,-0.86355573594237,-0.5679089334974154,-2.4787554878574567,-0.16666666666666666,-2.7333333333333334,2.0
1744814010.4827142,70.0,-44.0,333.0,,-4.216598614202764,-0.1583846099097599,-0.04170804212642509,-0.3,-0.43333333333333335,0.43333333333333335
1744814010.7841783,76.0,-46.0,339.0,,-4.7037234413221665,-0.19360107476752653,-0.01373721707163722,0.03333333333333333,0.03333333333333333,-0.1
1744814011.0700006,73.0,-52.0,344.0,,-5.005385492881944,-0.11534965599737745,0.0014974675540679883,0.1,-0.03333333333333333,-0.03333333333333333
1744814011.3477936,72.0,-54.0,346.0,,-5.1914567148182345,-0.11286442485545578,-0.0061224919457723015,0.13333333333333333,0.0,-0.1
1744814011.6159558,69.0,-54.0,346.0,,-4.730456714818235,-0.30442398393755,-0.04076546484647858,0.3,0.26666666666666666,-0.3
1744814011.8952932,33.0,-98.0,336.0,,-3.360529754354805,0.5990910665025844,-2.7163920125292407,2.6666666666666665,10.933333333333334,-7.333333333333333
1744814012.1762204,0.0,-101.0,296.0,,2.0582373303784163,-0.216,-1.0073656874304118,1.1,-2.433333333333333,-0.6666666666666666
1744814012.4530618,-1.0,-74.0,288.0,,0.14002276284509207,0.24820810714975128,-0.020486534099905862,0.36666666666666664,-1.1,-0.06666666666666667
1744814012.72508,-4.0,-70.0,293.0,,0.8716153900902395,2.0363110074298696,0.04450445321694363,-1.2333333333333334,0.4666666666666667,0.5333333333333333
1744814012.9958587,-2.0,-53.0,294.0,,1.5593856464360574,-0.5106359373484655,0.014706761779413213,-1.8666666666666667,-2.7333333333333334,-1.3666666666666667
1744814013.278717,-5.0,-35.0,316.0,,2.855215159396237,-2.2930021636454736,2.204864639782256,-1.0,0.16666666666666666,-1.5333333333333334
1744814013.5584083,-3.0,-12.0,310.0,,3.6863863130777808,-0.39858426925672097,1.4232473200537914,-1.6,-1.4,1.0
1744814013.8322318,3.0,3.0,305.0,,1.022415730743279,-1.474415730743279,0.5125595805060765,0.3,-0.16666666666666666,-0.3
1744814014.107265,-1.0,2.0,305.0,,0.9593640626515345,0.05320810714975127,-0.26672158654195677,-0.2,-0.6,0.1
1744814014.378346,-2.0,2.0,306.0,,0.5863640626515345,0.3803640626515345,0.17599988802074407,0.03333333333333333,0.0,-0.03333333333333333
1744814014.644896,-1.0,1.0,306.0,,0.41520810714975126,0.21920810714975125,0.19603002845538242,0.03333333333333333,0.0,-0.03333333333333333
1744814014.9155424,0.0,0.0,306.0,,0.234,0.038,0.1757648371317675,0.03333333333333333,0.0,-0.03333333333333333
1744814015.1845853,0.0,0.0,306.0,,0.254,0.048,0.18628046813299193,0.03333333333333333,0.0,-0.03333333333333333
1744814015.4462922,0.0,0.0,306.0,,0.254,0.048,0.18628046813299193,0.03333333333333333,0.0,-0.03333333333333333
1744814015.7079153,0.0,0.0,306.0,,0.215,0.048,0.1953780549033084,0.03333333333333333,0.0,-0.03333333333333333
1744814015.980654,1.0,0.0,306.0,,0.254,-0.13320810714975126,0.18623826810551414,0.03333333333333333,0.0,-0.03333333333333333
1744814016.2510786,1.0,0.0,307.0,,0.254,-0.10320810714975126,0.19638752767715317,0.03333333333333333,0.0,-0.03333333333333333
1744814016.5154471,1.0,0.0,307.0,,0.244,-0.12320810714975126,0.1860360929752023,0.03333333333333333,0.0,-0.03333333333333333
1744814016.7809951,1.0,0.0,307.0,,0.244,-0.11320810714975127,0.19608194172771753,0.03333333333333333,0.0,-0.03333333333333333
1744814017.0418632,1.0,0.0,307.0,,0.244,-0.12320810714975126,0.19603002845538242,0.03333333333333333,0.0,-0.03333333333333333
1744814017.3041468,1.0,0.0,307.0,,0.244,-0.12320810714975126,0.1860360929752023,0.03333333333333333,0.0,-0.03333333333333333
1744814017.5626028,1.0,0.0,307.0,,0.244,-0.11320810714975127,0.19608194172771753,0.03333333333333333,0.0,-0.03333333333333333
1744814017.8366866,1.0,0.0,307.0,,0.244,-0.12320810714975126,0.19603002845538242,0.03333333333333333,0.0,-0.03333333333333333
1744814018.1031096,1.0,0.0,307.0,,0.254,-0.11320810714975127,0.19632582512371854,0.03333333333333333,0.0,-0.03333333333333333
1744814018.3649833,1.0,0.0,307.0,,0.254,-0.12320810714975126,0.18628046813299193,0.03333333333333333,0.0,-0.03333333333333333
1744814018.6317668,1.0,0.0,307.0,,0.244,-0.11320810714975127,0.19608194172771753,0.03333333333333333,0.0,-0.03333333333333333
1744814018.897246,-3.0,-13.0,308.0,,-0.9917698431133155,-0.0655842692567209,0.04000349967213346,1.6,2.066666666666667,0.06666666666666667
1744814019.1633892,-7.0,-62.0,293.0,,1.4082841140539273,-0.05946174119550318,0.8740186860081183,0.1,5.733333333333333,0.9
1744814019.427763,4.0,-84.0,296.0,,-0.7942597935627624,-0.09731100742986931,-0.015379442797311432,0.0,0.3,-0.03333333333333333
1744814019.6918588,2.0,-84.0,298.0,,0.21574020643723735,-0.00036406265153449135,0.0009936024752811717,0.0,0.03333333333333333,-0.1
1744814019.9667532,1.0,-85.0,301.0,,0.06233001171997721,0.09279189285024875,0.0003198066472683281,-0.06666666666666667,-0.03333333333333333,-0.06666666666666667
1744814020.2381408,0.0,-87.0,303.0,,-0.07955573594236931,-0.245,-0.0033047065672200393,0.0,0.2,-0.1
1744814020.5066462,-3.0,-84.0,305.0,,0.12774020643723816,0.39541573074327907,-1.3830488705780586,0.5,0.0,0.3
1744814020.7736144,3.0,-85.0,306.0,,0.6013300117199769,-1.6114157307432793,-2.482405308873519,-0.5666666666666667,0.0,-0.8666666666666667
1744814021.046409,9.0,-89.0,304.0,,-0.3755058894841987,-0.8886221020446649,-4.164074412670622,0.6,0.7666666666666667,0.6666666666666666
1744814021.3202534,17.0,-106.0,299.0,,-2.585977237154908,-0.13316642333004802,-9.612082053106203,0.3,1.3,0.4
1744814021.5928438,12.0,-113.0,301.0,,-2.10815261236844,0.3713863130777808,-12.482661871949393,-0.6,0.7666666666666667,-0.2
1744814021.877317,12.0,-127.0,304.0,,-2.3836143535639422,0.09738631307778078,-16.568439549172062,-0.16666666666666666,0.4666666666666667,-0.3
1744814022.1527586,8.0,-127.0,308.0,,-2.186614353563942,0.133711879581758,-16.029035393534222,0.0,-0.8333333333333334,-0.0
1744814022.4415386,11.0,-119.0,312.0,,-1.4810193270374743,-0.18583624464390458,-13.910000839982946,0.06666666666666667,-0.2,0.1
1744814022.718897,10.0,-116.0,316.0,,-2.3261695941948286,0.2175113770874133,-13.159767222367895,-0.3333333333333333,-0.4666666666666667,-0.0
1744814022.9930763,3.0,-105.0,323.0,,-0.7487323558957595,-0.347415730743279,-9.569195710658978,-0.43333333333333335,-0.7,-0.1
1744814023.2688062,1.0,-100.0,326.0,,-0.7379640570497603,-0.3082081071497513,-7.22871170481721,0.13333333333333333,0.1,-0.06666666666666667
1744814023.5398436,0.0,-101.0,327.0,,-0.09876266962158375,-0.775,-6.69017399731591,0.0,0.0,-0.06666666666666667
1744814023.818294,-1.0,-105.0,328.0,,-0.1507323558957605,-0.4267918928502487,-6.868328643272282,0.0,0.0,-0.0
1744814024.0920959,-2.0,-107.0,329.0,,-0.06634965599737974,-0.39263593734846547,-6.922461708513339,0.06666666666666667,0.03333333333333333,-0.06666666666666667
1744814024.3560247,-2.0,-108.0,329.0,,-0.06386442485545807,-0.2756359373484655,-6.978359113620496,0.03333333333333333,0.0,-0.0
1744814024.6293447,-2.0,-109.0,329.0,,-0.06853722662929762,-0.3046359373484655,-6.9783564028483696,0.06666666666666667,0.0,-0.0
1744814024.9086518,-2.0,-110.0,329.0,,-0.07938460990976282,-0.059635937348465506,-6.951149125968724,0.03333333333333333,-0.03333333333333333,-0.03333333333333333
1744814025.2018292,-2.0,-110.0,329.0,,0.05761539009023764,-0.26563593734846547,-7.029335819393462,0.03333333333333333,0.0,-0.03333333333333333
1744814025.4976826,-2.0,-110.0,329.0,,-0.14838460990976188,-0.08863593734846548,-6.99068677373651,0.06666666666666667,0.0,-0.0
1744814025.78173,-2.0,-110.0,329.0,,0.07761539009023721,-0.12863593734846546,-7.006786418211371,0.06666666666666667,0.03333333333333333,-0.06666666666666667
1744814026.065042,-2.0,-110.0,330.0,,-0.11838460990976252,-0.1186359373484655,-7.036408182234197,0.03333333333333333,0.0,-0.0
1744814026.3439758,-2.0,-110.0,330.0,,0.1556153900902384,-0.15763593734846548,-7.199529124743718,0.03333333333333333,0.03333333333333333,-0.06666666666666667
1744814026.6155436,-2.0,-110.0,330.0,,-0.011384609909761423,-0.15763593734846548,-7.34595925930879,0.03333333333333333,0.0,-0.0
1744814026.8866358,-1.0,-112.0,329.0,,0.06232638669981405,-0.11279189285024871,-7.5839876106593564,0.13333333333333333,0.2,0.06666666666666667
1744814027.1546147,0.0,-120.0,330.0,,-0.435709211125344,0.038,-11.145459547163522,0.4,1.0,-0.13333333333333333
1744814027.425978,2.0,-135.0,325.0,,-0.2297175234400326,0.1866359373484655,-14.348721608980286,0.4666666666666667,1.2666666666666666,-0.2
1744814027.691856,2.0,-135.0,325.0,,-0.2297175234400326,0.1866359373484655,-14.348721608980286,0.4666666666666667,1.2666666666666666,-0.2
1744814027.963405,2.0,-135.0,325.0,,-0.2297175234400326,0.1866359373484655,-14.348721608980286,0.4666666666666667,1.2666666666666666,-0.2
1744814028.2211947,2.0,-135.0,325.0,,-0.2297175234400326,0.1866359373484655,-14.348721608980286,0.4666666666666667,1.2666666666666666,-0.2
1744814028.4783916,2.0,-135.0,325.0,,-0.2297175234400326,0.1866359373484655,-14.348721608980286,0.4666666666666667,1.2666666666666666,-0.2
1744814028.7487216,37.0,-84.0,236.0,,-3.883259793562762,1.0281946228784067,-0.0526078585090719,1.5,-0.6,-0.6666666666666666
1744814029.0212514,24.0,-63.0,219.0,,-2.426774002287889,2.6279135314264,-0.08400386863375386,0.23333333333333334,-0.16666666666666666,-0.06666666666666667
1744814029.2857509,29.0,-63.0,221.0,,-2.3087740022878886,2.333017625383434,-0.0035650980408798993,0.06666666666666667,0.03333333333333333,-0.03333333333333333
1744814029.5518672,38.0,-67.0,225.0,,-2.36315261236844,0.9413609270552916,0.02405761843690346,-0.03333333333333333,0.0,-0.0
1744814029.830852,42.0,-61.0,248.0,,-3.570019327037473,1.7608287516195995,0.0025419637992676325,-2.1,-2.3333333333333335,0.16666666666666666
1744814030.1047676,60.0,-49.0,295.0,,-3.246700981985394,-0.8277092111253426,-0.0555633132336138,-2.466666666666667,-5.566666666666666,0.9666666666666667
1744814030.3824255,77.0,76.0,235.0,,9.978601074767527,0.19842966445684063,0.00011797686578585154,0.1,-0.6666666666666666,0.2
1744814030.665046,82.0,81.0,232.0,,9.806222621238303,0.012470245645195277,-0.0034288731958126983,0.0,0.03333333333333333,-0.03333333333333333
1744814030.9431143,86.0,86.0,226.0,,9.863103333048876,0.06889666695112417,0.00045528865363962667,0.06666666666666667,0.03333333333333333,-0.03333333333333333
1744814031.207715,89.0,103.0,210.0,,9.558570335543159,0.006494110515800955,-0.13596372804936468,-0.03333333333333333,0.0,0.03333333333333333
1744814031.467724,88.0,140.0,173.0,,6.1487464510249525,-0.0770240130573292,-0.764906698768413,0.03333333333333333,0.0,-0.03333333333333333
1744814031.7321339,88.0,143.0,169.0,,5.805805377121593,0.020975986942669778,-0.527488740657947,0.03333333333333333,-0.03333333333333333,-0.0
1744814032.0127962,88.0,143.0,169.0,,5.687805377121593,0.01097598694266999,-0.5856495422451895,0.06666666666666667,0.0,-0.03333333333333333
1744814032.2808394,88.0,141.0,172.0,,5.977633036198905,0.0019759869426696497,-0.6259058508522743,0.0,0.0,-0.0
1744814032.5529346,88.0,148.0,166.0,,5.01250798212774,-0.018024013057329924,-0.6265506840465901,0.0,0.0,-0.03333333333333333
1744814032.8163404,88.0,155.0,158.0,,3.9788851476762623,0.03097598694267134,-0.6050429632888186,0.06666666666666667,0.03333333333333333,-0.1
1744814033.077986,74.0,-116.0,45.0,,-6.612169594194828,0.17002276284509144,-2.0086737482550836,-0.3333333333333333,5.0,-3.2333333333333334
1744814033.345649,40.0,-163.0,348.0,,-2.643166423330046,-0.2067464510249506,-16.17129933475067,-0.5,2.1,-0.2
1744814033.6178856,39.0,-156.0,347.0,,-2.5980864685736025,0.3863669638010947,-14.460354923475535,0.03333333333333333,0.0,0.03333333333333333
1744814033.9080663,42.0,-163.0,349.0,,-1.643166423330046,0.15282875161959986,-13.921052517378584,0.03333333333333333,0.13333333333333333,-0.06666666666666667
1744814034.1847868,43.0,-168.0,350.0,,-0.8446136869222187,0.10459608778688967,-14.031507703781518,0.06666666666666667,-0.03333333333333333,-0.0
1744814034.4619071,44.0,-168.0,351.0,,-0.8246136869222187,-0.019598614202763542,-13.986550438876996,0.06666666666666667,-0.06666666666666667,-0.0
1744814034.7261007,44.0,-168.0,351.0,,-0.8346136869222187,0.009401385797236372,-13.914890225013089,0.03333333333333333,0.0,-0.03333333333333333
1744814034.9908926,44.0,-168.0,351.0,,-0.7556136869222188,0.01940138579723616,-13.916392346757078,0.06666666666666667,-0.03333333333333333,-0.0
1744814035.252733,44.0,-168.0,351.0,,-0.7166136869222188,0.009401385797236372,-13.91764307224961,0.03333333333333333,0.0,-0.0
1744814035.518448,44.0,-168.0,351.0,,-0.6576136869222189,0.009401385797236372,-13.883463367421324,0.03333333333333333,0.0,-0.03333333333333333
1744814035.7917643,44.0,-167.0,351.0,,-0.7957698431133178,0.03940138579723662,-13.792285135042958,0.03333333333333333,-0.06666666666666667,-0.0
1744814036.0639443,44.0,-167.0,352.0,,-0.6487698431133178,-0.019598614202763542,-13.82051634994237,0.06666666666666667,0.0,-0.03333333333333333
1744814036.3329515,44.0,-166.0,352.0,,-0.5502537958327407,0.00040138579723691947,-13.71868265007699,0.06666666666666667,-0.2,-0.0
1744814036.620747,47.0,-133.0,352.0,,-2.0175798128840636,0.14042018711593762,-9.581384722696779,0.4,-4.833333333333333,1.1
1744814036.9346805,55.0,-41.0,348.0,,-2.229939074396876,0.36711844552499073,0.07200831270897101,0.8666666666666667,-2.8666666666666667,-0.26666666666666666
1744814037.265189,46.0,-37.0,351.0,,-2.599805377121594,0.7382765586778328,-0.07498621469166977,0.3333333333333333,-0.16666666666666666,-0.06666666666666667
1744814037.5716243,38.0,-31.0,350.0,,-2.160523514867632,0.39236092705529213,-0.33704229975608513,1.1333333333333333,-0.5666666666666667,-0.5
1744814037.8764136,-1.0,-25.0,341.0,,-1.057885147676262,-1.0347918928502486,0.7174103622191801,4.5,0.3,-1.8
1744814038.1778853,-20.0,-30.0,338.0,,-2.5129999999999995,0.6192176060248102,0.06653777042367004,0.13333333333333333,0.03333333333333333,-0.0
1744814038.4620278,-20.0,-23.0,341.0,,-1.5390723704797757,0.2952176060248104,0.1150124961668677,0.0,-0.03333333333333333,-0.06666666666666667
1744814038.7367806,-18.0,-19.0,343.0,,-0.7038235952247072,-0.0965432851817658,0.2764933288431983,-0.26666666666666666,0.0,0.4666666666666667
1744814039.0080335,2.0,-28.0,330.0,,-1.7335160309295894,-0.5193640626515346,0.7939163606912061,-2.2333333333333334,0.0,1.8333333333333333
1744814039.2814553,45.0,-40.0,341.0,,-3.1097464510249506,-0.4657175234400306,-0.5244078123798621,-2.1333333333333333,1.0666666666666667,0.3333333333333333
1744814039.5451725,64.0,-70.0,10.0,,-6.44438460990976,0.20383040580517253,-0.03856137923987668,-0.5,0.03333333333333333,0.03333333333333333
1744814039.819574,70.0,-82.0,22.0,,-7.450529754354806,0.23461539009023902,-0.004626533518267362,0.06666666666666667,0.1,-0.0
1744814040.101453,71.0,-83.0,19.0,,-7.011877747601369,0.08846277337070241,-0.002391030834363206,0.06666666666666667,0.7333333333333333,-0.5333333333333333
1744814040.37209,49.0,-95.0,10.0,,-5.9396699882800235,-0.049700981985393966,-0.9597585358260134,0.4,1.2,-4.433333333333334
1744814040.6472113,5.0,-96.0,348.0,,1.0107402064372373,-0.8839978363545267,-0.6725408774694649,0.16666666666666666,0.3,-0.6333333333333333
1744814040.9260342,3.0,-93.0,348.0,,-0.17755573594237006,0.27058426925672097,-0.004267246605246855,0.06666666666666667,-0.2,0.06666666666666667
1744814041.2168725,3.0,-90.0,346.0,,-0.16100000000000136,0.5055842692567208,-0.00595818385325475,0.16666666666666666,0.0,-0.16666666666666666
1744814041.509918,1.0,-88.0,342.0,,-0.17502401305732995,1.4847918928502486,0.0002634373903422915,0.26666666666666666,-0.03333333333333333,-0.0
1744814041.8097992,2.0,-84.0,338.0,,0.6767402064372376,0.9906359373484654,0.24422312989111283,0.1,-0.5666666666666667,0.5333333333333333
1744814042.1012313,4.0,-89.0,337.0,,-0.6405058894841993,-0.9783110074298693,-0.08293196806670156,0.06666666666666667,0.3333333333333333,-0.06666666666666667
1744814042.3775175,3.0,-88.0,337.0,,-0.018024013057329924,-0.25941573074327906,0.021776092768534427,0.4666666666666667,-0.03333333333333333,-0.2
1744814042.662773,3.0,-86.0,335.0,,0.3918966669511246,1.466584269256721,0.09071817588714404,-0.1,-0.2,-0.1
1744814042.9318972,2.0,-86.0,333.0,,0.42189666695112393,0.5296359373484655,0.1605480533944581,0.0,0.26666666666666666,-0.16666666666666666
1744814043.196839,2.0,-87.0,336.0,,-0.6575557359423705,0.34263593734846554,-0.06512726002816205,-0.1,-0.2,-0.1
1744814043.462994,0.0,-86.0,337.0,,0.05889666695112439,0.205,0.04329446281145555,-0.03333333333333333,-0.06666666666666667,-0.06666666666666667
1744814043.7320106,0.0,-83.0,338.0,,0.3141222523986311,0.058,0.09362449709778708,0.0,0.0,-0.16666666666666666
1744814043.9965122,0.0,-82.0,339.0,,-0.016529754354804638,0.185,0.028099852331374908,0.0,0.0,-0.1
1744814044.2625668,0.0,-81.0,340.0,,0.12577737876169692,-0.069,0.018355029590472638,0.03333333333333333,0.03333333333333333,-0.03333333333333333
1744814044.5290349,0.0,-80.0,340.0,,0.28203594295023926,-0.186,0.04521300544785967,0.03333333333333333,0.03333333333333333,-0.03333333333333333
1744814044.7869117,0.0,-80.0,341.0,,0.05603594295024017,-0.098,0.0032173517927029938,0.03333333333333333,0.0,-0.06666666666666667
1744814045.046449,0.0,-81.0,341.0,,0.07677737876169743,-0.039,0.007985940417875925,-0.13333333333333333,0.06666666666666667,0.03333333333333333
1744814045.3041193,1.0,-83.0,344.0,,0.05912225239863034,0.004791892850248725,0.020374674236826262,-0.16666666666666666,-0.13333333333333333,0.1
1744814045.5685158,2.0,-86.0,345.0,,-0.33310333304887685,0.1176359373484655,-0.03564103606690883,0.0,-0.06666666666666667,-0.16666666666666666
1744814045.838183,0.0,-85.0,345.0,,0.06233001171997721,-0.039,0.022418083632347985,0.0,0.0,-0.06666666666666667
1744814046.110704,0.0,-83.0,345.0,,0.08812225239863025,-0.039,0.01945695655365931,0.03333333333333333,0.0,-0.03333333333333333
1744814046.3754754,0.0,-81.0,345.0,,0.0677773787616971,0.038,0.011823961896835877,0.03333333333333333,0.0,-0.0
1744814046.6420615,0.0,-81.0,345.0,,0.15577737876169806,-0.059,0.01479770404786751,0.03333333333333333,0.03333333333333333,-0.03333333333333333
1744814046.9091835,0.0,-82.0,344.0,,0.09147024564519413,0.0,0.011905352245933809,0.03333333333333333,0.0,-0.0
1744814047.1816964,0.0,-81.0,344.0,,0.2637773787616968,-0.137,0.029744789312801334,0.03333333333333333,0.0,-0.03333333333333333
1744814047.4461389,0.0,-81.0,344.0,,0.20477737876169755,-0.049,0.022511343426062647,0.06666666666666667,0.0,-0.03333333333333333
1744814047.7221532,0.0,-81.0,344.0,,0.11677737876169658,0.048,0.013299698962371043,0.06666666666666667,0.0,-0.03333333333333333
1744814048.001887,0.0,-81.0,343.0,,0.1747773787616982,-0.01,0.01959551692106598,0.03333333333333333,0.0,-0.03333333333333333
1744814048.275323,0.0,-81.0,343.0,,0.1747773787616982,-0.02,0.02022295748914149,0.03333333333333333,0.0,-0.03333333333333333
1744814048.5474591,0.0,-81.0,343.0,,0.09677737876169701,-0.039,0.007594902124427483,0.03333333333333333,-0.03333333333333333,-0.03333333333333333
1744814048.8085628,0.0,-81.0,343.0,,0.1357773787616967,0.019,0.014993052032562959,0.03333333333333333,0.0,-0.0
1744814049.0781977,0.0,-81.0,343.0,,0.19477737876169776,-0.069,0.021577189276216435,0.03333333333333333,0.0,-0.03333333333333333
1744814049.3460178,0.0,-81.0,343.0,,0.1747773787616982,0.009,0.022255392142012775,0.03333333333333333,0.0,-0.03333333333333333
1744814049.6116831,0.0,-81.0,342.0,,0.11677737876169658,0.0,0.010851752343179255,0.06666666666666667,0.0,-0.03333333333333333
1744814049.8857589,0.0,-81.0,342.0,,0.23377737876169746,-0.108,0.02665078143032118,0.03333333333333333,0.0,-0.03333333333333333
1744814050.1579795,0.0,-81.0,342.0,,0.15577737876169806,-0.088,0.017137616148796164,0.03333333333333333,0.0,-0.03333333333333333
1744814050.430731,0.0,-81.0,342.0,,0.12577737876169692,0.009,0.016658662451652484,0.03333333333333333,0.0,-0.03333333333333333
1744814050.7060788,0.0,-81.0,342.0,,0.11677737876169658,0.0,0.01270917357713186,0.03333333333333333,0.0,-0.03333333333333333
1744814050.9745147,0.0,-81.0,342.0,,0.1357773787616967,-0.069,0.013340444067555302,0.03333333333333333,0.0,-0.0
1744814051.2419167,0.0,-81.0,342.0,,0.18477737876169797,-0.069,0.020281494574895254,0.03333333333333333,0.0,-0.03333333333333333
1744814051.504733,0.0,-81.0,342.0,,0.19477737876169776,-0.098,0.022601344433154313,0.03333333333333333,0.0,-0.03333333333333333
1744814051.7730126,0.0,-82.0,341.0,,0.18947024564519488,-0.078,0.02381655380699632,0.03333333333333333,0.0,-0.03333333333333333
1744814052.04445,0.0,-82.0,341.0,,0.1304702456451956,-0.02,0.015340372037131011,0.06666666666666667,0.0,-0.03333333333333333
1744814052.3149486,0.0,-82.0,341.0,,0.08147024564519434,-0.01,0.008395721819364432,0.0,0.0,-0.0
1744814052.5829587,0.0,-82.0,341.0,,0.18947024564519488,-0.118,0.021859061280774528,0.03333333333333333,-0.03333333333333333,-0.03333333333333333
1744814052.854825,0.0,-82.0,341.0,,0.15947024564519552,-0.029,0.020584598527959574,0.03333333333333333,0.0,-0.06666666666666667
1744814053.1201282,0.0,-82.0,341.0,,0.14947024564519573,-0.078,0.018055695294613816,0.03333333333333333,0.0,-0.03333333333333333
1744814053.384716,0.0,-82.0,341.0,,0.1694702456451953,-0.098,0.019689284179374766,0.06666666666666667,0.0,-0.03333333333333333
1744814053.654045,0.0,-82.0,341.0,,0.1694702456451953,-0.098,0.019689284179374766,0.03333333333333333,0.0,-0.03333333333333333
1744814053.9281163,0.0,-82.0,341.0,,0.11047024564519425,-0.059,0.00993594801939457,0.06666666666666667,0.03333333333333333,-0.0
1744814054.200439,0.0,-83.0,340.0,,0.1471222523986313,-0.088,0.011285706657565675,0.2,0.16666666666666666,-0.03333333333333333
1744814054.46668,0.0,-87.0,341.0,,0.028444264057629454,-0.078,0.0010850098258170515,0.3,0.3333333333333333,-0.1
1744814054.7362232,-1.0,-92.0,338.0,,0.1779759869426698,-0.21079189285024874,-1.008215868038533,0.13333333333333333,0.4666666666666667,-0.0
1744814055.0056927,0.0,-96.0,340.0,,0.0687402064372371,-0.206,-2.515483163706538,0.0,0.2,-0.03333333333333333
1744814055.2735245,0.0,-100.0,341.0,,-0.00196405704975966,-0.177,-4.160432186341511,0.0,0.1,-0.0
1744814055.5397878,0.0,-101.0,341.0,,0.00923733037841501,-0.147,-4.164642145326935,0.03333333333333333,0.0,-0.03333333333333333
1744814055.8507783,0.0,-102.0,342.0,,-0.025627963198633807,-0.127,-4.541693596679014,0.03333333333333333,0.06666666666666667,-0.0
1744814056.1519773,0.0,-103.0,342.0,,0.011429664456841238,-0.177,-5.034982627504084,0.06666666666666667,0.06666666666666667,-0.03333333333333333
1744814056.4398253,0.0,-105.0,342.0,,0.07526764410424036,-0.127,-5.37990569670912,0.03333333333333333,0.1,-0.0
1744814056.7180781,0.0,-106.0,342.0,,0.00302276284509162,-0.118,-5.972948515527449,0.03333333333333333,0.03333333333333333,-0.03333333333333333
1744814056.9923108,0.0,-108.0,342.0,,0.04413557514454247,-0.02,-6.323942355184272,0.06666666666666667,0.1,-0.0
1744814057.2599084,0.0,-109.0,342.0,,-0.03853722662929826,-0.02,-7.067388610089598,0.03333333333333333,0.06666666666666667,-0.0
1744814057.5292685,0.0,-111.0,342.0,,-0.06842398393754934,0.009,-7.537457254034141,0.0,0.0,-0.0
1744814057.808755,0.0,-111.0,342.0,,-0.009423983937550062,0.009,-7.588691612108805,0.03333333333333333,0.0,-0.03333333333333333
1744814058.1103427,0.0,-112.0,342.0,,-0.04567361330018471,0.0,-7.929203100677175,0.06666666666666667,0.06666666666666667,-0.03333333333333333
1744814058.412849,0.0,-113.0,342.0,,-0.10715261236843965,0.068,-8.299623708065468,0.03333333333333333,0.03333333333333333,-0.0
1744814058.7038796,1.0,-114.0,343.0,,-0.1078809394739153,-0.06420810714975127,-8.680949361700776,0.06666666666666667,0.06666666666666667,-0.0
1744814058.9838948,1.0,-116.0,342.0,,-0.08016959419482816,-0.045208107149751264,-9.06117428922704,0.06666666666666667,0.06666666666666667,-0.03333333333333333
1744814059.2665696,1.0,-117.0,342.0,,-0.09277400228788935,-0.045208107149751264,-9.53401625966496,0.03333333333333333,0.06666666666666667,-0.0
1744814059.5566516,1.0,-119.0,342.0,,-0.06901932703747526,0.05379189285024874,-9.831828534987327,0.06666666666666667,0.06666666666666667,-0.06666666666666667
1744814059.8377554,1.0,-120.0,342.0,,-0.12170921112534394,0.08279189285024874,-10.299407717506806,0.03333333333333333,0.1,-0.0
1744814060.1170366,1.0,-121.0,342.0,,-0.20181121988772155,0.03379189285024872,-10.845261927120074,0.06666666666666667,0.1,-0.0
1744814060.3920283,2.0,-123.0,342.0,,-0.16735827154460914,-0.0683640626515345,-11.323835415856736,0.0,0.06666666666666667,-0.03333333333333333
1744814060.665145,2.0,-125.0,342.0,,-0.13288155447501016,-0.0683640626515345,-11.882433186188967,0.03333333333333333,0.06666666666666667,-0.03333333333333333
1744814060.9314919,3.0,-127.0,342.0,,-0.27461435356394226,0.015584269256720962,-12.469246669620775,0.03333333333333333,0.06666666666666667,-0.0
1744814061.197054,3.0,-129.0,342.0,,-0.2308018818928863,0.02458426925672097,-12.75269511323869,0.06666666666666667,0.03333333333333333,-0.0
1744814061.45715,3.0,-130.0,342.0,,-0.1408959869971751,-0.004415730743279056,-13.11677213537591,0.03333333333333333,0.06666666666666667,-0.03333333333333333
1744814061.7224412,3.0,-132.0,342.0,,-0.2112507379332378,0.14258426925672096,-13.557951292547582,0.1,0.1,-0.03333333333333333
1744814061.9977124,4.0,-133.0,342.0,,-0.23257981288406349,0.020688992570130682,-13.890897175006984,0.06666666666666667,0.1,-0.03333333333333333
1744814062.2667685,4.0,-134.0,342.0,,-0.28172344132216676,0.0006889925701307753,-14.293505587436261,0.06666666666666667,0.1,-0.0
1744814062.536097,4.0,-135.0,342.0,,-0.29871752344003255,0.05968899257013072,-14.488036034724395,0.06666666666666667,0.06666666666666667,-0.03333333333333333
1744814062.8102484,5.0,-137.0,342.0,,-0.17040391221311157,0.007002163645473347,-14.68079193680182,0.03333333333333333,0.03333333333333333,-0.03333333333333333
1744814063.0817144,5.0,-138.0,342.0,,-0.299171248380401,0.07600216364547341,-14.996320967919296,0.06666666666666667,0.06666666666666667,-0.03333333333333333
1744814063.3737848,5.0,-139.0,342.0,,-0.27793907439687615,0.09500216364547331,-15.22691729010442,0.06666666666666667,0.1,-0.0
1744814063.6501336,6.0,-142.0,344.0,,-0.4996390729447091,-0.01642422465568072,-16.049928798839943,0.1,0.23333333333333334,-0.16666666666666666
1744814063.9357297,6.0,-145.0,348.0,,-0.675784840603761,-0.01642422465568072,-16.760744859839093,0.06666666666666667,0.3,-0.16666666666666666
1744814064.2158816,5.0,-148.0,348.0,,-0.46250798212774047,0.0660021636454734,-17.057569497840365,0.03333333333333333,0.06666666666666667,-0.0
1744814064.4906,5.0,-152.0,347.0,,-0.44851603092958836,-0.0619978363545266,-17.75232807137018,0.03333333333333333,0.16666666666666666,-0.06666666666666667
1744814064.7652571,5.0,-155.0,347.0,,-0.37088514767626224,0.007002163645473347,-18.047184613241217,0.1,0.16666666666666666,-0.1
1744814065.035743,5.0,-157.0,347.0,,-0.28407237047977585,0.0660021636454734,-18.265204634699877,0.03333333333333333,-0.03333333333333333,0.03333333333333333
1744814065.3166177,6.0,-157.0,349.0,,-0.5390723704797757,-0.01642422465568072,-18.384760608480153,0.1,0.13333333333333333,-0.06666666666666667
1744814065.5851855,6.0,-161.0,348.0,,-0.5368235952247065,0.12057577534431929,-18.725829367113334,0.1,0.3,-0.16666666666666666
1744814065.8586438,7.0,-165.0,347.0,,-0.43201483245573113,-0.019538258804496778,-19.04096068278197,0.13333333333333333,0.26666666666666666,-0.1
1744814066.1358128,8.0,-167.0,347.0,,-0.5207698431133179,-0.04228812041824215,-19.183751035910554,0.1,0.06666666666666667,-0.0
1744814066.4051538,9.0,-169.0,348.0,,-0.44083624464390625,0.013377897955335172,-19.160778302286676,0.06666666666666667,0.03333333333333333,-0.03333333333333333
1744814066.672775,9.0,-169.0,348.0,,-0.43083624464390624,0.013377897955335172,-19.128995360262998,0.03333333333333333,0.0,-0.03333333333333333
1744814066.936717,9.0,-169.0,348.0,,-0.3428362446439064,-0.015622102044664965,-19.120378444083187,0.03333333333333333,0.0,-0.03333333333333333
1744814067.201427,9.0,-170.0,348.0,,-0.28248862291258603,-0.04462210204466488,-19.222137067683104,0.03333333333333333,0.0,-0.06666666666666667
1744814067.465612,9.0,-170.0,348.0,,-0.3214886229125862,-0.015622102044664965,-19.21279424925087,0.03333333333333333,0.0,-0.03333333333333333
1744814067.7361107,9.0,-170.0,348.0,,-0.272488622912586,0.013377897955335172,-19.18169935079057,0.03333333333333333,0.0,-0.03333333333333333
1744814068.02209,9.0,-170.0,348.0,,-0.3704886229125861,0.08237789795533512,-19.12260043740863,0.06666666666666667,0.0,-0.06666666666666667
1744814068.3050096,9.0,-170.0,349.0,,-0.31148862291258617,0.02337789795533518,-19.1950272512276,0.06666666666666667,0.0,-0.06666666666666667
1744814068.5879855,9.0,-170.0,349.0,,-0.41048862291258614,0.08237789795533512,-19.127878466891236,0.0,0.0,-0.03333333333333333
1744814068.875674,9.0,-170.0,349.0,,-0.3604886229125861,0.05337789795533521,-19.156240850925066,0.03333333333333333,0.0,-0.03333333333333333
1744814069.1480963,9.0,-170.0,349.0,,-0.33148862291258596,0.03337789795533519,-19.16591317727196,0.03333333333333333,0.0,-0.03333333333333333
1744814069.4127457,9.0,-170.0,349.0,,-0.3804886229125861,0.05337789795533521,-19.199638065055865,0.06666666666666667,0.0,-0.03333333333333333
1744814069.6796958,9.0,-170.0,349.0,,-0.3804886229125861,0.07237789795533511,-19.187223138805688,0.06666666666666667,0.0,-0.03333333333333333
1744814069.9873922,9.0,-170.0,349.0,,-0.41948862291258604,0.11237789795533515,-19.164903208529537,0.06666666666666667,0.0,-0.03333333333333333
1744814070.3241866,9.0,-171.0,349.0,,-0.25062210204466595,0.03337789795533519,-19.198445202558673,0.06666666666666667,0.0,-0.03333333333333333
1744814070.6394122,9.0,-171.0,349.0,,-0.24162210204466605,0.03337789795533519,-19.217101652279194,0.06666666666666667,0.0,-0.03333333333333333
1744814070.9145536,9.0,-171.0,349.0,,-0.23162210204466605,0.062377897955335104,-19.20082240934277,0.06666666666666667,0.0,-0.03333333333333333
1744814071.1887307,9.0,-171.0,349.0,,-0.26062210204466596,0.03337789795533519,-19.178869960318842,0.03333333333333333,0.0,-0.03333333333333333
1744814071.453906,9.0,-171.0,349.0,,-0.3196221020446659,0.07237789795533511,-19.220668533191922,0.03333333333333333,-0.03333333333333333,-0.0
1744814071.717092,9.0,-171.0,349.0,,-0.2996221020446659,0.03337789795533519,-19.255621086425435,0.06666666666666667,0.0,-0.03333333333333333
1744814071.994321,9.0,-171.0,349.0,,-0.280622102044666,0.08237789795533512,-19.194463172681942,0.03333333333333333,0.0,-0.03333333333333333
1744814072.253761,9.0,-171.0,349.0,,-0.3196221020446659,0.07237789795533511,-19.220668533191922,0.03333333333333333,0.0,-0.03333333333333333
1744814072.5115888,9.0,-171.0,349.0,,-0.290622102044666,0.13137789795533505,-19.166806695089537,0.06666666666666667,0.0,-0.03333333333333333
1744814072.7758482,9.0,-171.0,349.0,,-0.2996221020446659,0.08237789795533512,-19.20620496998879,0.03333333333333333,0.0,-0.03333333333333333
1744814073.0347295,9.0,-171.0,349.0,,-0.3196221020446659,0.10237789795533514,-19.205405243149873,0.03333333333333333,0.0,-0.03333333333333333
1744814073.292289,9.0,-171.0,349.0,,-0.290622102044666,0.10237789795533514,-19.171588086143363,0.03333333333333333,0.0,-0.03333333333333333
1744814073.5514507,9.0,-171.0,349.0,,-0.3196221020446659,0.11237789795533515,-19.143237307986446,0.03333333333333333,0.0,-0.03333333333333333
1744814073.813774,9.0,-171.0,350.0,,-0.3396221020446659,0.07237789795533511,-19.24389239464058,0.03333333333333333,0.0,-0.03333333333333333
1744814074.098453,9.0,-171.0,350.0,,-0.290622102044666,0.062377897955335104,-19.229139743441735,0.03333333333333333,0.0,-0.03333333333333333
1744814074.389696,9.0,-172.0,350.0,,-0.16028812041824092,0.0433778979553352,-19.216059040277365,0.03333333333333333,0.0,-0.03333333333333333
1744814074.6927447,9.0,-171.0,350.0,,-0.280622102044666,0.07237789795533511,-19.144940297841746,0.03333333333333333,0.0,-0.03333333333333333
1744814075.0525582,9.0,-171.0,350.0,,-0.3196221020446659,0.05337789795533521,-19.26533186997115,0.06666666666666667,0.0,-0.03333333333333333
1744814075.3436956,9.0,-171.0,350.0,,-0.280622102044666,0.11237789795533515,-19.11749711090674,0.03333333333333333,0.0,-0.0
1744814075.6249046,9.0,-171.0,350.0,,-0.26062210204466596,0.11237789795533515,-19.135863871033806,0.06666666666666667,0.0,-0.03333333333333333
1744814075.908981,9.0,-171.0,350.0,,-0.27062210204466597,0.07237789795533511,-19.214636336975257,0.03333333333333333,-0.03333333333333333,-0.0
1744814076.177252,9.0,-171.0,350.0,,-0.21162210204466603,0.05337789795533521,-19.199638065055865,0.0,-0.03333333333333333,-0.0
1744814076.4427822,9.0,-171.0,350.0,,-0.17262210204466588,0.07237789795533511,-19.13076202679933,0.03333333333333333,-0.03333333333333333,-0.03333333333333333
1744814076.7008915,8.0,-162.0,350.0,,-1.1204567148182352,-0.09128812041824208,-19.40897484546799,-0.26666666666666666,-1.7666666666666666,-0.5666666666666667
1744814076.9688354,1.0,-138.0,346.0,,-1.142171248380401,0.6907918928502488,-15.037218822710962,-0.7,-2.2666666666666666,0.03333333333333333
1744814077.2335927,-1.0,-116.0,354.0,,-0.16916959419482858,-0.2507918928502487,-9.855449949816803,-0.3333333333333333,-1.2666666666666666,0.03333333333333333
1744814077.4939218,-2.0,-105.0,357.0,,0.026267644104240873,0.05836406265153454,-4.937009442671792,-0.2,-0.7,0.03333333333333333
1744814077.7645903,-1.0,-96.0,1.0,,0.38274020643723716,-0.14279189285024874,-1.7493699569098056,-0.1,-0.8,0.03333333333333333
1744814078.0379863,-1.0,-94.0,359.0,,0.11789666695112366,0.10220810714975126,0.00019034343333284437,0.06666666666666667,0.0,-0.03333333333333333
1744814078.3119693,0.0,-92.0,359.0,,0.18797598694267137,-0.196,-0.3487342179445707,0.0,0.0,-0.03333333333333333
1744814078.5802464,0.0,-91.0,359.0,,0.04649411051580188,-0.167,-0.526662594973808,0.0,0.03333333333333333,-0.0
1744814078.84425,0.0,-91.0,359.0,,0.0754941105158018,-0.196,-0.6234399973710822,0.06666666666666667,0.0,-0.03333333333333333
1744814079.1132174,0.0,-91.0,359.0,,0.05549411051580222,-0.157,-0.7994252279469964,0.0,-0.03333333333333333,-0.0
1744814079.37387,0.0,-91.0,359.0,,0.0754941105158018,-0.147,-0.83842343123622,0.0,0.0,-0.0
1744814079.6339326,0.0,-91.0,359.0,,0.0754941105158018,-0.157,-1.0134571811228026,0.03333333333333333,-0.03333333333333333,-0.0
1744814079.919834,0.0,-91.0,359.0,,0.04649411051580188,-0.088,-0.8576126451443884,0.06666666666666667,0.0,-0.03333333333333333
1744814080.1856954,0.0,-91.0,359.0,,0.1144941105158015,-0.049,-0.7772429800712937,0.03333333333333333,0.03333333333333333,-0.03333333333333333
1744814080.445063,0.0,-92.0,359.0,,0.08997598694267062,-0.078,-1.0904991674456865,0.06666666666666667,0.03333333333333333,-0.0
1744814080.7069333,0.0,-95.0,358.0,,0.052330011719975644,-0.098,-1.9536242321696928,0.03333333333333333,0.2,-0.03333333333333333
1744814080.9781408,0.0,-99.0,358.0,,0.1357773787616967,-0.157,-3.59295755798816,0.0,0.2,-0.0
1744814081.236722,0.0,-105.0,357.0,,-0.013732355895760051,-0.186,-5.6653905293028135,0.0,0.4666666666666667,-0.06666666666666667
1744814081.4974146,-1.0,-113.0,357.0,,0.0008473876315608919,-0.14279189285024874,-8.131431609173989,0.03333333333333333,0.36666666666666664,-0.03333333333333333
1744814081.7649672,-1.0,-119.0,357.0,,-0.07901932703747505,-0.09379189285024875,-9.95598322462591,0.0,0.23333333333333334,-0.03333333333333333
1744814082.038814,0.0,-122.0,357.0,,0.044648176705461395,-0.167,-10.406312098644499,0.13333333333333333,0.16666666666666666,-0.0
1744814082.3043725,0.0,-125.0,358.0,,-0.07388155447500999,-0.275,-11.710474435070118,0.03333333333333333,0.16666666666666666,-0.0
1744814082.5715353,0.0,-129.0,357.0,,0.0051981181071134586,-0.245,-12.56682870576864,0.0,0.26666666666666666,-0.0
1744814082.8347611,0.0,-133.0,357.0,,-0.19357981288406378,-0.147,-13.78480705760495,0.13333333333333333,0.3333333333333333,-0.03333333333333333
1744814083.0958517,0.0,-139.0,356.0,,-0.12193907439687646,-0.01,-15.335952905793064,0.23333333333333334,0.4666666666666667,0.06666666666666667
1744814083.363511,3.0,-143.0,357.0,,-0.17780537712159283,0.09358426925672092,-15.937929073568466,0.2,0.36666666666666664,-0.1
1744814083.6234696,4.0,-146.0,356.0,,-0.5346823830480281,0.09968899257013075,-16.81521957955277,0.06666666666666667,0.0,-0.0
1744814083.9055474,5.0,-147.0,357.0,,-0.2739089334974185,-0.09099783635452663,-16.77764554102908,0.03333333333333333,0.0,-0.03333333333333333
1744814084.1807928,4.0,-148.0,357.0,,-0.2475079821277406,0.11868899257013077,-16.913534137677065,0.06666666666666667,0.03333333333333333,-0.03333333333333333
1744814084.4473681,5.0,-148.0,357.0,,-0.26650798212773985,0.007002163645473347,-16.843092944645498,0.03333333333333333,0.0,-0.0
1744814084.7062209,5.0,-148.0,357.0,,-0.1585079821277402,-0.0029978363545266618,-16.796867363415238,0.03333333333333333,-0.06666666666666667,-0.0
1744814084.9727993,5.0,-147.0,358.0,,-0.12690893349741827,0.007002163645473347,-16.54316612185459,0.03333333333333333,0.0,-0.03333333333333333
1744814085.2390363,5.0,-147.0,358.0,,-0.21490893349741835,0.007002163645473347,-16.732198067539848,0.06666666666666667,0.0,-0.03333333333333333
1744814085.4989274,5.0,-147.0,358.0,,-0.19590893349741823,0.05600216364547339,-16.57022228066816,0.0,-0.03333333333333333,-0.0
1744814085.767259,5.0,-145.0,359.0,,-0.2047848406037609,0.017002163645473356,-16.39925821808928,0.0,-0.2,0.06666666666666667
1744814086.0509663,5.0,-143.0,0.0,,-0.0988053771215931,0.017002163645473356,-15.80530615057495,0.0,-0.13333333333333333,-0.0
1744814086.3288834,5.0,-141.0,0.0,,-0.15363303619890534,0.04600216364547338,-15.419279977216409,0.03333333333333333,-0.03333333333333333,-0.03333333333333333
1744814086.5963578,5.0,-141.0,1.0,,-0.0846330361989045,-0.01299783635452667,-15.376372113654693,0.06666666666666667,0.0,-0.03333333333333333
1744814086.8682094,5.0,-139.0,1.0,,-0.11193907439687667,-0.051997836354526594,-14.976152225449859,-0.1,-0.26666666666666666,-0.03333333333333333
1744814087.141568,4.0,-137.0,1.0,,-0.14040391221311133,-0.057311007429869276,-14.508468368971474,0.0,-0.13333333333333333,-0.06666666666666667
1744814087.4057245,3.0,-133.0,1.0,,0.1004201871159367,-0.12241573074327905,-13.39575678261111,0.0,-0.3,-0.0
1744814087.6711886,3.0,-128.0,0.0,,-0.19038549288194329,0.10358426925672093,-12.350939993110517,0.0,-0.5666666666666667,-0.0
1744814087.9595056,2.0,-117.0,359.0,,0.2312259977121105,-0.00036406265153449135,-8.73845274968885,-0.13333333333333333,-0.9,0.13333333333333333
1744814088.2396858,3.0,-110.0,2.0,,0.21461539009023767,-0.053415730743279044,-6.136767437292539,0.03333333333333333,-0.23333333333333334,-0.0
1744814088.5138822,2.0,-111.0,2.0,,0.3335760160624517,0.13763593734846546,-5.933976411777819,0.0,0.26666666666666666,-0.06666666666666667
1744814088.7854965,0.0,-112.0,2.0,,0.40632638669981525,-0.039,-6.652814797039534,0.1,-0.03333333333333333,-0.1
1744814089.0583477,0.0,-111.0,1.0,,0.1565760160624503,-0.304,-7.258790391787548,0.36666666666666664,0.0,-0.16666666666666666
1744814089.3248265,0.0,-110.0,360.0,,-0.001384609909761636,0.077,-6.390812082509749,0.13333333333333333,-0.2,-0.06666666666666667
1744814089.5902054,1.0,-106.0,358.0,,0.11102276284509216,-0.05420810714975126,-4.548244059959604,0.06666666666666667,-0.16666666666666666,-0.0
1744814089.8658652,2.0,-104.0,358.0,,-0.007601074767526583,-0.029364062651534517,-5.612995715424585,0.03333333333333333,0.06666666666666667,-0.0
1744814090.161621,2.0,-104.0,357.0,,0.21839892523247428,0.1076359373484655,-4.21844691572279,0.23333333333333334,0.03333333333333333,-0.03333333333333333
1744814090.470834,3.0,-103.0,355.0,,0.18842966445684084,-0.24941573074327905,-4.2565499734955345,0.13333333333333333,-0.1,-0.03333333333333333
1744814090.7801201,5.0,-101.0,354.0,,-0.13776266962158346,0.07600216364547341,-4.127166661933079,-0.1,0.13333333333333333,-0.0
1744814091.0685747,5.0,-104.0,355.0,,0.05139892523247447,-0.12999783635452666,-4.764407548511972,0.06666666666666667,0.03333333333333333,-0.0
1744814091.3546412,5.0,-103.0,355.0,,0.12942966445684156,-0.0619978363545266,-4.849518814090671,0.06666666666666667,-0.06666666666666667,-0.0
1744814091.627785,5.0,-102.0,355.0,,0.17037203680136592,0.03600216364547337,-3.7114417564628033,0.0,-0.03333333333333333,-0.0
1744814091.9167807,5.0,-107.0,354.0,,-0.18334965599737885,0.07600216364547341,-5.8956993801747775,0.2,0.7666666666666667,-0.16666666666666666
1744814092.1869016,4.0,-114.0,353.0,,-0.09788093947391374,0.18768899257013072,-7.801554358532119,-0.06666666666666667,0.23333333333333334,-0.03333333333333333
1744814092.4622464,3.0,-118.0,353.0,,0.035284114053926174,0.11358426925672094,-9.555405986868003,0.13333333333333333,0.23333333333333334,-0.13333333333333333
1744814092.735995,2.0,-121.0,352.0,,-0.054811219887723084,0.01963593734846547,-10.609777284022293,0.03333333333333333,0.0,-0.1
1744814093.0040746,2.0,-121.0,352.0,,-0.10381121988772257,-0.00036406265153449135,-10.664532808147658,0.03333333333333333,0.0,-0.0
1744814093.267513,2.0,-121.0,352.0,,0.004188780112277968,0.12763593734846546,-10.143296976835352,0.06666666666666667,-0.06666666666666667,-0.0
1744814093.5333302,3.0,-119.0,352.0,,0.02898067296252549,-0.13241573074327906,-9.890232315030506,0.03333333333333333,-0.06666666666666667,-0.03333333333333333
1744814093.804625,3.0,-119.0,352.0,,-1.932703747442588e-05,0.02458426925672097,-9.642156615289158,0.06666666666666667,-0.03333333333333333,-0.03333333333333333
1744814094.0811963,3.0,-119.0,352.0,,-0.020019327037474,-0.04341573074327909,-9.909310390695113,0.03333333333333333,0.0,-0.03333333333333333
1744814094.3529897,3.0,-118.0,352.0,,-0.09171588594607272,0.04458426925672099,-9.575530315621151,0.06666666666666667,0.0,-0.0
1744814094.6229699,3.0,-118.0,352.0,,-0.04271588594607323,-0.014415730743279065,-9.677496300430079,0.06666666666666667,0.0,-0.03333333333333333
1744814094.8897474,3.0,-119.0,352.0,,0.018980672962525702,0.0735842692567209,-9.666082908102103,0.06666666666666667,0.13333333333333333,-0.03333333333333333
1744814095.1586542,3.0,-131.0,354.0,,-0.34370098198539534,-0.024415730743279074,-13.663702922412227,0.13333333333333333,0.6333333333333333,-0.36666666666666664
1744814095.4234161,2.0,-137.0,352.0,,-0.3564039122131115,-0.059364062651534544,-15.062388420782392,-0.03333333333333333,0.3,-0.0
1744814095.6924224,2.0,-141.0,352.0,,-0.22163303619890495,0.02963593734846548,-15.572637984878053,0.03333333333333333,0.0,-0.03333333333333333
1744814095.9736612,1.0,-141.0,353.0,,-0.14363303619890466,-0.08420810714975127,-15.729007311442814,0.06666666666666667,0.1,-0.06666666666666667
1744814096.242771,1.0,-142.0,354.0,,-0.07863907294470884,-0.025208107149751274,-15.640053958124048,0.03333333333333333,-0.03333333333333333,-0.0
1744814096.5087867,1.0,-141.0,354.0,,-0.18263303619890525,0.02379189285024874,-15.531807866696607,0.03333333333333333,-0.03333333333333333,-0.0
1744814096.782193,1.0,-139.0,356.0,,-0.11193907439687667,0.06279189285024875,-14.999015251758747,0.0,-0.5,0.1
1744814097.0520527,2.0,-129.0,357.0,,-0.1028018818928862,0.08763593734846548,-12.366683338588102,0.03333333333333333,-0.9,-0.03333333333333333
1744814097.3209844,3.0,-116.0,358.0,,-0.04116959419482846,0.04458426925672099,-8.420634320342064,-0.16666666666666666,-0.8333333333333334,0.1
1744814097.595953,3.0,-110.0,0.0,,0.25361539009023737,0.08358426925672091,-6.142122310305357,0.0,-0.26666666666666666,0.06666666666666667
1744814097.9142613,4.0,-108.0,359.0,,0.02413557514454112,0.04968899257013071,-6.061781066529425,0.03333333333333333,0.0,-0.03333333333333333
1744814098.214799,3.0,-110.0,359.0,,-0.020384609909761764,0.10358426925672093,-6.94458642553537,0.0,0.6666666666666666,-0.13333333333333333
1744814098.5019886,1.0,-121.0,358.0,,0.07318878011227703,-0.045208107149751264,-10.320026219996546,0.0,0.43333333333333335,-0.06666666666666667
1744814098.784347,0.0,-126.0,358.0,,-0.03345671481823498,0.019,-11.72433991409076,0.03333333333333333,0.23333333333333334,-0.1
1744814099.0571945,0.0,-126.0,358.0,,0.08454328518176624,-0.118,-11.764752346299847,0.13333333333333333,-0.5666666666666667,0.03333333333333333
1744814099.3266363,3.0,-113.0,360.0,,0.2068473876315604,0.0735842692567209,-6.8051470485573,0.0,-0.6666666666666666,0.13333333333333333
1744814099.5953767,4.0,-107.0,360.0,,0.31665034400262115,0.12868899257013067,-4.846826578477513,-0.03333333333333333,-0.5333333333333333,0.06666666666666667
1744814099.873828,4.0,-111.0,359.0,,0.10757601606245082,0.20668899257013074,-5.9709453609956515,0.2,1.1,-0.3
1744814100.153356,1.0,-124.0,356.0,,0.1531414132350406,0.11179189285024871,-10.47424628567527,0.03333333333333333,0.7333333333333333,-0.23333333333333334
1744814100.423712,0.0,-132.0,358.0,,-0.2012507379332371,-0.206,-13.476619540629983,-0.13333333333333333,0.5333333333333333,-0.13333333333333333
1744814100.6983364,1.0,-127.0,359.0,,-0.23561435356394167,-0.5532081071497512,-12.826536956156618,0.3,-1.4333333333333333,0.2
1744814100.966675,5.0,-107.0,359.0,,-0.036349655997378605,0.09500216364547331,-5.590880710485412,0.1,-0.8666666666666667,0.13333333333333333
1744814101.2330477,6.0,-105.0,357.0,,0.15326764410423976,0.16957577534431945,-3.6736183580259816,0.03333333333333333,0.7666666666666667,-0.1
1744814101.4975166,3.0,-121.0,354.0,,0.09218878011227716,0.08358426925672091,-9.570274743204664,0.0,1.1,-0.3333333333333333
1744814101.774415,1.0,-127.0,355.0,,-0.10761435356394156,-0.18120810714975127,-12.16078592564882,0.13333333333333333,-0.3333333333333333,-0.03333333333333333
1744814102.0659966,5.0,-111.0,360.0,,0.1565760160624503,-0.35599783635452664,-7.25599021673826,0.0,-1.0333333333333334,0.43333333333333335
1744814102.3401518,8.0,-98.0,359.0,,0.07147024564519455,0.1437118795817578,-2.1200116350296963,0.06666666666666667,-0.8666666666666667,0.13333333333333333
1744814102.6130712,7.0,-102.0,355.0,,0.32737203680136595,0.3134617411955032,-1.528249530195792,0.16666666666666666,1.6666666666666667,-0.26666666666666666
1744814102.8929317,3.0,-121.0,353.0,,0.161188780112278,0.35858426925672093,-9.042222372709588,0.13333333333333333,0.8333333333333334,-0.3333333333333333
1744814103.17187,3.0,-121.0,352.0,,-0.36881121988772314,-0.14141573074327907,-10.466677469696448,-0.23333333333333334,-0.9333333333333333,-0.0
1744814103.4543147,7.0,-96.0,355.0,,0.07874020643723867,0.10746174119550322,-1.4776203257259386,0.4,-0.9666666666666667,0.2
1744814103.7390509,8.0,-90.0,351.0,,0.5449999999999999,0.20271187958175796,0.11924722131656762,0.03333333333333333,0.8333333333333334,-0.03333333333333333
1744814104.0225039,5.0,-113.0,351.0,,0.18684738763156084,0.07600216364547341,-7.004442181909182,0.03333333333333333,1.5666666666666667,-0.4
1744814104.302028,5.0,-115.0,350.0,,0.0031206091704625294,-0.48299783635452664,-8.165570680798993,0.3,-1.9,0.3
1744814104.5763836,8.0,-86.0,353.0,,0.14689666695112358,-0.062288120418242165,0.01448907757858553,0.1,-1.5,0.06666666666666667
1744814104.8469317,9.0,-85.0,353.0,,-0.3496699882800236,-0.21162210204466492,-0.026360932773831447,-0.03333333333333333,2.066666666666667,-0.13333333333333333
1744814105.111843,3.0,-121.0,348.0,,0.33718878011227815,0.24058426925672094,-8.640707795071283,0.03333333333333333,0.7,-0.36666666666666664
1744814105.3794606,3.0,-121.0,350.0,,0.1511887801122782,-0.15141573074327908,-9.49782023565599,-0.5666666666666667,-0.9666666666666667,0.5
1744814105.6467943,8.0,-97.0,1.0,,-0.038877747601370416,-0.5132881204182421,-4.259695364062546,-0.1,-1.4,0.5
1744814105.9225092,11.0,-87.0,358.0,,0.381444264057631,0.25516375535609526,0.1270466391184366,0.2,0.16666666666666666,-0.0
1744814106.2371585,4.0,-119.0,350.0,,0.4899806729625258,0.2656889925701307,-7.543662709925911,0.2,1.8,-0.6666666666666666
1744814106.547059,3.0,-122.0,350.0,,-0.38635182329453954,-0.08341573074327907,-11.034900186247325,-0.26666666666666666,-1.8,0.43333333333333335
1744814106.8526056,9.0,-87.0,358.0,,-0.1575557359423705,0.10237789795533514,-0.0010343399470830739,0.36666666666666664,-1.5666666666666667,0.16666666666666666
1744814107.1493876,9.0,-86.0,352.0,,0.538896666951123,0.02337789795533518,0.20409986922203904,0.43333333333333335,2.0,-0.13333333333333333
1744814107.4323514,3.0,-117.0,348.0,,0.42722599771211023,0.2115842692567209,-6.970575888933048,-0.1,0.7,-0.16666666666666666
1744814107.709307,4.0,-106.0,354.0,,-0.18297723715490832,0.07968899257013073,-6.259983920629981,-0.7666666666666667,-2.066666666666667,0.4666666666666667
1744814108.0030386,9.0,-80.0,356.0,,-0.37496405704976077,0.08237789795533512,-0.009978131917008692,0.43333333333333335,-0.6,0.13333333333333333
1744814108.2849615,8.0,-94.0,349.0,,-0.02910333304887658,0.486711879581758,0.047870438089462564,0.1,2.2333333333333334,-0.3
1744814108.5615706,3.0,-119.0,349.0,,-0.23601932703747508,0.09358426925672092,-9.28898080935129,-0.26666666666666666,0.2,0.06666666666666667
1744814108.8536458,8.0,-90.0,3.0,,-0.2400000000000002,0.03571187958175792,-0.003927831376910773,0.9,-2.566666666666667,-0.6
1744814109.1264837,11.0,-62.0,5.0,,-0.9057158859460728,-0.07783624464390448,-0.025128830550739778,0.06666666666666667,-1.6666666666666667,-0.26666666666666666
1744814109.39493,21.0,-70.0,9.0,,-2.3253846099097606,0.376410414960604,-0.39685522391973027,-2.1,2.7666666666666666,1.4666666666666666
1744814109.6687567,38.0,-115.0,41.0,,-2.497879390829538,1.0103609270552916,-3.8817045509090926,-0.6333333333333333,0.5666666666666667,0.4666666666666667
1744814109.9470863,38.0,-131.0,55.0,,-2.050700981985395,1.2943609270552914,-7.576218071464437,-0.23333333333333334,0.43333333333333335,0.3
1744814110.219967,38.0,-133.0,56.0,,-1.821579812884064,1.285360927055292,-7.251816753838839,0.1,0.03333333333333333,-0.26666666666666666
1744814110.4934132,41.0,-132.0,53.0,,-2.1332507379332375,0.8100609256031239,-8.185060850494413,0.06666666666666667,0.23333333333333334,-0.3333333333333333
1744814110.763204,28.0,-137.0,22.0,,-0.05240391221311125,0.42448396907041097,-11.005128901343983,0.8,2.1333333333333333,-2.3
1744814111.0250587,16.0,-147.0,354.0,,-0.26390893349741873,0.06999753943523812,-16.315416854562145,0.2,1.1,-0.9666666666666667
1744814111.2952542,16.0,-150.0,348.0,,-1.0619999999999994,0.4629975394352379,-16.86755361077842,0.3333333333333333,0.6666666666666666,-0.6666666666666666
1744814111.5610144,17.0,-158.0,334.0,,-1.4988906814100993,0.2488335766699521,-18.173742990551453,0.4,1.2333333333333334,-0.9333333333333333
1744814111.832725,19.0,-160.0,331.0,,-2.1502176060248117,-0.07682359522470739,-18.853665488078793,-0.06666666666666667,-0.8666666666666667,0.5
1744814112.101308,31.0,-124.0,357.0,,-2.504858586764959,0.10447648513236807,-11.10280861538683,0.06666666666666667,-3.033333333333333,1.5
1744814112.3761775,38.0,-70.0,347.0,,-2.2563846099097606,0.08836092705529186,-0.0651666365095731,0.9333333333333333,-3.066666666666667,-0.1
1744814112.6529753,31.0,-54.0,341.0,,-0.3664567148182343,0.4574764851323678,0.5319066266402572,-0.16666666666666666,0.6,0.23333333333333334
1744814112.923991,48.0,-80.0,347.0,,-3.5229640570497605,0.1817492620667629,-0.009066246615112683,-0.7,1.5,1.5666666666666667
1744814113.1950529,72.0,-113.0,4.0,,-7.2661526123684395,0.04413557514454425,-2.3964331746511665,-0.06666666666666667,0.8,1.2333333333333334
1744814113.4634147,83.0,-170.0,55.0,,-2.517488622912586,-0.0878777476013699,-2.4363242542702355,0.06666666666666667,0.2,0.03333333333333333
1744814113.7322068,82.0,-160.0,44.0,,-2.2872176060248117,-0.12452975435480518,-2.830405792616401,-0.06666666666666667,-0.16666666666666666,-0.43333333333333335
1744814114.0138817,77.0,-139.0,22.0,,-4.739939074396877,-0.03757033554315825,-3.7167215135133187,0.0,0.03333333333333333,0.06666666666666667
1744814114.2857256,77.0,-150.0,31.0,,-4.924999999999999,-0.03757033554315825,-3.7073311107797293,0.03333333333333333,0.0,-0.1
1744814114.5586357,80.0,-152.0,38.0,,-3.5865160309295883,-0.06096405704976071,-3.566658298125882,0.03333333333333333,0.26666666666666666,0.3333333333333333
1744814114.8278425,81.0,-148.0,37.0,,-0.51150798212774,-0.26622262123830254,-4.162299181176143,0.0,-0.4666666666666667,-0.16666666666666666
1744814115.09622,83.0,-170.0,59.0,,-2.8994886229125862,-0.37287774760136827,-3.877186812039581,0.0,-0.16666666666666666,-0.4666666666666667
1744814115.3639486,82.0,-168.0,58.0,,-3.6086136869222187,-0.3695297543548044,-3.6188553296180896,0.16666666666666666,0.5333333333333333,0.36666666666666664
1744814115.6267729,82.0,-158.0,49.0,,-2.3718906814100995,-0.2035297543548058,-3.8655251491291187,0.06666666666666667,0.7,0.43333333333333335
1744814115.8990464,81.0,-150.0,42.0,,0.6450000000000005,-0.4132226212383028,-3.6747856330646487,0.13333333333333333,-0.3333333333333333,0.16666666666666666
1744814116.1640317,82.0,-160.0,50.0,,0.8507823939751886,-0.15452975435480454,-3.9545410383114636,-0.06666666666666667,-0.8,-0.5333333333333333
1744814116.438118,83.0,-176.0,65.0,,-1.9693110074298712,-0.38287774760136983,-3.7798546489010034,0.0,-0.23333333333333334,-0.5333333333333333
1744814116.7064693,83.0,-177.0,65.0,,-2.876415730743279,-0.3038777476013692,-4.052156543950582,0.13333333333333333,-0.36666666666666664,0.13333333333333333
1744814116.9715624,83.0,-163.0,54.0,,-2.6531664233300463,-0.2938777476013694,-3.3321406015007504,0.06666666666666667,0.8333333333333334,0.36666666666666664
1744814117.2330837,82.0,-144.0,35.0,,0.6068266750108373,-0.3205297543548049,-3.000419984658053,0.13333333333333333,-0.23333333333333334,0.3
1744814117.4938965,83.0,-157.0,46.0,,-3.069072370479776,-0.4018777476013682,-3.989162758169803,-0.06666666666666667,-0.4,-1.2
1744814117.7560632,75.0,-107.0,359.0,,-7.440349655997379,-0.34673235589576024,-4.306802062520864,0.3,0.03333333333333333,-1.8
1744814118.0382235,29.0,-86.0,332.0,,-2.030103333048876,-3.3939823746165665,-0.1953749374810052,1.6666666666666667,-0.26666666666666666,-3.5
1744814118.3072224,-20.0,-83.0,316.0,,9.856122252398631,-7.27478239397519,4.14070000595261,0.3333333333333333,-1.3,-2.8666666666666667
1744814118.587369,29.0,-95.0,311.0,,-19.118669988280026,-0.38298237461656637,0.022113885499403185,0.4,-0.9666666666666667,1.6666666666666667
1744814118.864844,-7.0,-77.0,312.0,,5.34642966445684,-2.580461741195503,0.8353293327440592,-0.5666666666666667,0.4,-1.6666666666666667
1744814119.1348858,-18.0,-92.0,311.0,,2.354975986942671,-0.8615432851817655,0.0841884811043404,0.36666666666666664,-0.03333333333333333,0.03333333333333333
1744814119.4079046,-13.0,-95.0,309.0,,-0.3886699882800233,-0.8232301568866842,-1.9303431652470338,0.1,-0.13333333333333333,-0.0
1744814119.679478,-10.0,-94.0,308.0,,-0.5201033330488762,-1.189511377087413,-0.9243541146850274,0.06666666666666667,0.0,0.06666666666666667
1744814119.9668903,-11.0,-95.0,307.0,,-0.172669988280024,-1.1391637553560956,-1.9310388894558628,0.16666666666666666,0.13333333333333333,-0.06666666666666667
1744814120.2361982,-10.0,-104.0,302.0,,1.5223989252324746,-1.6995113770874133,-3.548163338000103,2.6666666666666665,4.6,-0.3
1744814120.5473797,9.0,-127.0,286.0,,-1.1576143535639423,-0.4176221020446649,-13.431214995224893,0.26666666666666666,-0.43333333333333335,-0.1
1744814120.8405578,8.0,-127.0,288.0,,-0.9906143535639416,-0.5422881204182421,-14.296286801214231,0.0,0.0,-0.0
1744814121.1258812,7.0,-126.0,295.0,,-0.8084567148182344,-0.24553825880449676,-13.770507941035689,-0.2,0.3,0.26666666666666666
1744814121.418246,8.0,-127.0,313.0,,-1.0006143535639422,-0.8362881204182421,-14.401865746910833,-0.26666666666666666,-0.7333333333333333,0.36666666666666664
1744814121.6957493,8.0,-119.0,325.0,,-1.8730193270374746,-0.5522881204182422,-12.828133563210663,0.26666666666666666,0.9,-0.5666666666666667
1744814122.0100384,5.0,-117.0,325.0,,-0.5337740022878883,-0.7679978363545267,-10.846224581266224,-0.06666666666666667,-1.2333333333333334,0.26666666666666666
1744814122.3299131,19.0,-71.0,328.0,,-0.22553722662929765,-0.11582359522470753,0.17189389586093107,-0.8666666666666667,-3.6666666666666665,1.8666666666666667
1744814122.6523492,56.0,-47.0,326.0,,-3.6545798128840628,-0.36685858676495897,-0.25332141010028586,-0.3333333333333333,-0.2,0.8333333333333334
1744814122.970184,65.0,-32.0,313.0,,-3.28750798212774,-0.06587939082953653,-0.024043203883818975,0.03333333333333333,-0.1,0.3
1744814123.2593796,68.0,-21.0,302.0,,-2.1825895850393957,0.0823263866998154,0.04586741454292875,-0.06666666666666667,-0.16666666666666666,0.3333333333333333
1744814123.5499558,72.0,1.0,282.0,,-0.36779189285024877,-0.03386442485545693,-0.012590078517058956,0.0,-0.13333333333333333,0.2
1744814123.8428872,71.0,10.0,274.0,,1.1734886229125867,0.10846277337070198,0.036794736318425336,0.06666666666666667,0.0,-0.0
1744814124.133464,71.0,11.0,273.0,,0.9308362446439046,-0.12653722662929923,-0.052663566983677246,0.1,-0.03333333333333333,-0.03333333333333333
1744814124.411335,70.0,-10.0,293.0,,-0.6844886229125868,0.6266153900902403,0.32025440856293486,-0.13333333333333333,1.1,-1.1333333333333333
1744814124.6851294,31.0,-110.0,340.0,,-2.6293846099097617,0.516476485132368,-4.972694158076891,-0.7666666666666667,6.3,-5.266666666666667
1744814124.9616506,-7.0,-158.0,318.0,,1.1781093185899003,-0.8144617411955031,-18.907300751851338,-0.1,0.0,0.13333333333333333
1744814125.2417104,-5.0,-153.0,321.0,,-0.610646802444955,0.10999783635452665,-18.21303181335082,0.0,-0.03333333333333333,-0.03333333333333333
1744814125.5234177,-4.0,-153.0,321.0,,-0.47364680244495494,-0.10068899257013075,-18.013450362941036,0.03333333333333333,0.03333333333333333,-0.1
1744814125.807426,-2.0,-150.0,322.0,,-0.6499999999999995,-0.24563593734846545,-17.75027894183507,0.2,-2.466666666666667,1.1666666666666667
1744814126.1057343,45.0,9.0,286.0,,2.474622102044665,-0.2497175234400304,0.17198695163400757,1.8333333333333333,0.0,2.1666666666666665
1744814126.3790658,47.0,14.0,274.0,,0.8042537958327407,0.38542018711593684,-0.10727276435680722,0.0,0.0,-0.03333333333333333
1744814126.658736,48.0,-23.0,295.0,,-1.9710723704797757,1.3777492620667617,1.0146862164596353,-0.26666666666666666,7.866666666666666,-4.233333333333333
1744814126.937051,-2.0,-156.0,306.0,,1.6669135314263976,0.4393640626515345,-17.033821152142295,0.23333333333333334,-0.06666666666666667,-0.36666666666666664
1744814127.2063181,0.0,-149.0,309.0,,-0.5815235148676337,0.274,-17.596700016749757,0.06666666666666667,-0.1,-0.13333333333333333
1744814127.4813015,1.0,-147.0,309.0,,-1.0589089334974187,0.3867918928502488,-17.246466686716996,0.1,-0.43333333333333335,-0.0
1744814127.761514,2.0,-142.0,311.0,,-0.980639072944709,0.22563593734846543,-16.581866162229247,0.06666666666666667,-0.2,-0.1
1744814128.0561464,10.0,-129.0,298.0,,-1.2308018818928863,0.021511377087413353,-14.373905352340838,2.533333333333333,-1.1,-0.9666666666666667
1744814128.3376117,11.0,-104.0,278.0,,-0.9196010747675256,0.7551637553560953,-7.807381191888307,0.7666666666666667,-0.5333333333333333,-0.5
1744814128.6086664,9.0,-98.0,268.0,,-0.2815297543548052,0.7783778979553353,-4.18678777963285,0.5,-0.26666666666666666,-0.23333333333333334
1744814128.877891,10.0,-97.0,266.0,,-0.3328777476013709,0.4525113770874134,-3.5086932907798367,0.03333333333333333,0.0,-0.1
1744814129.1468627,10.0,-96.0,272.0,,0.13774020643723794,0.6295113770874134,-1.0760773451947039,-1.6,-0.5666666666666667,-0.03333333333333333
1744814129.4195101,8.0,-80.0,315.0,,0.9100359429502394,-1.033288120418242,0.037496881590486586,-1.2666666666666666,-1.0333333333333334,0.3333333333333333
1744814129.6857395,9.0,-57.0,322.0,,-0.7853582715446095,0.062377897955335104,-0.21361740532837725,-0.26666666666666666,-2.4,-0.8
1744814129.9858475,0.0,-65.0,314.0,,1.4151206091704633,-2.55,0.9706568413126808,4.066666666666666,6.433333333333334,2.4
1744814130.325755,40.0,-111.0,254.0,,-2.147423983937549,-0.5407464510249511,-4.6003566396665985,0.4,0.2,-0.2
1744814130.645966,34.0,-101.0,248.0,,-1.971762669621584,0.4173176169519719,-4.349271183553599,-0.03333333333333333,0.0,-0.23333333333333334
1744814130.9359262,29.0,-99.0,252.0,,-1.5802226212383026,0.5190176253834338,-3.927567153900872,-0.6,-0.4,-0.0
1744814131.2225685,23.0,-91.0,283.0,,-1.4445058894841978,1.3729276295202246,-1.6773778664206112,-3.1333333333333333,-1.4666666666666666,-0.2
1744814131.50022,11.0,-106.0,333.0,,-0.6339772371549088,-2.1858362446439044,-10.61617505714188,-2.2333333333333334,-0.06666666666666667,-0.3
1744814131.7813396,4.0,-111.0,339.0,,-0.48042398393754837,-0.14631100742986924,-8.100039779411915,-0.26666666666666666,-0.2,-0.13333333333333333
1744814132.0656862,7.0,-64.0,341.0,,-1.9631695941948282,-0.4615382588044967,-0.8381462015813881,1.5666666666666667,-5.466666666666667,-0.8666666666666667
1744814132.3495548,1.0,-50.0,336.0,,-0.7978959869971751,0.4257918928502487,-0.27108876462554843,0.23333333333333334,0.13333333333333333,0.06666666666666667
1744814132.6427088,0.0,-45.0,332.0,,-2.9367175234400307,-1.187,-2.144782196642149,1.2666666666666666,-2.933333333333333,-0.13333333333333333
1744814132.9268403,-29.0,-17.0,311.0,,-2.1041664233300477,-0.12801762538343375,-0.39209756978986743,-0.3,-0.03333333333333333,-0.26666666666666666
1744814133.2020345,-29.0,-18.0,312.0,,-2.3264567148182342,-0.7550176253834335,-0.06284728872942491,0.06666666666666667,0.0,-0.03333333333333333
1744814133.464405,-32.0,-13.0,315.0,,-1.3247698431133155,-0.42049201787225954,0.1447503726263495,0.1,0.03333333333333333,-0.0
1744814133.7357268,-8.0,-31.0,299.0,,-1.366523514867632,-1.8607118795817579,1.3643875521487185,-2.3333333333333335,1.4666666666666666,2.9
1744814134.0175233,51.0,-64.0,324.0,,-3.8951695941948286,-0.9168018818928854,-0.32074888847056293,-0.36666666666666664,-0.9666666666666667,0.8333333333333334
1744814134.2990086,52.0,-53.0,321.0,,-3.481614353563943,0.0746145071180564,0.17180150567789276,-0.06666666666666667,-0.13333333333333333,0.16666666666666666
1744814134.5779757,57.0,-52.0,322.0,,-4.328385492881943,0.0676417284553903,-0.026056595439403196,-0.5,-0.06666666666666667,0.26666666666666666
1744814134.8519888,59.0,-50.0,322.0,,-4.230895986997175,0.17118878011227778,0.036188031755544525,0.23333333333333334,0.03333333333333333,-0.26666666666666666
1744814135.1225567,59.0,-44.0,317.0,,-3.6385986142027633,0.17118878011227778,0.04725553902079138,0.03333333333333333,-0.06666666666666667,0.03333333333333333
1744814135.3846383,60.0,-41.0,314.0,,-3.2689390743968767,0.06429078887465778,0.03949490312936499,0.0,0.0,-0.03333333333333333
1744814135.6607141,59.0,-40.0,313.0,,-3.1297464510249506,-0.005811219887721819,-0.013797950287683047,0.06666666666666667,0.0,-0.03333333333333333
1744814135.944962,59.0,-39.0,312.0,,-2.879633036198905,0.053188780112277456,0.04552099302729706,0.03333333333333333,-0.03333333333333333,-0.0
1744814136.2169583,59.0,-38.0,312.0,,-2.7166390729447083,0.02418878011227754,0.06228332977662454,0.0,-0.03333333333333333,-0.0
1744814136.4910703,59.0,-38.0,312.0,,-2.8536390729447083,0.04318878011227767,0.018105831895430136,0.03333333333333333,-0.03333333333333333,-0.03333333333333333
1744814136.7580633,59.0,-38.0,312.0,,-2.8536390729447083,0.03318878011227788,0.021139011285302267,0.03333333333333333,0.0,-0.03333333333333333
1744814137.0311294,59.0,-38.0,312.0,,-2.7166390729447083,0.053188780112277456,0.06151889018320311,0.03333333333333333,0.0,-0.0
1744814137.3034012,59.0,-38.0,312.0,,-2.7356390729447084,0.014188780112277755,0.023678118832589412,0.06666666666666667,0.0,-0.03333333333333333
1744814137.5740478,59.0,-38.0,312.0,,-2.8046390729447084,0.014188780112277755,0.026087872797402323,0.03333333333333333,0.0,-0.03333333333333333
1744814137.859414,56.0,-47.0,312.0,,-2.5565798128840624,1.0061414132350404,0.7292067695606308,0.1,2.9,-1.8333333333333333
1744814138.1510954,-1.0,-150.0,317.0,,-2.1599999999999993,-0.8977918928502486,-20.15598229773956,-0.8333333333333334,1.6333333333333333,-1.4666666666666666
1744814138.4374921,-2.0,-147.0,320.0,,0.030091066502581754,0.2053640626515345,-16.41371658710584,-0.16666666666666666,-0.16666666666666666,-0.13333333333333333
1744814138.7452693,-3.0,-146.0,321.0,,-0.5046823830480278,0.10141573074327909,-17.007863219752032,0.0,0.0,-0.0
1744814139.0453143,-2.0,-147.0,321.0,,-0.2739089334974185,-0.010635937348465463,-16.810228402773816,0.06666666666666667,-0.06666666666666667,-0.03333333333333333
1744814139.349778,0.0,-130.0,323.0,,-0.3178959869971747,-0.02,-13.244252383331215,0.5,-1.1,0.03333333333333333
1744814139.6347668,-18.0,-95.0,305.0,,0.6993300117199759,-1.6655432851817658,-1.3601023152026037,1.3333333333333333,-1.8,-1.6
1744814139.9389207,-18.0,-83.0,307.0,,-0.5488777476013684,-1.038543285181766,0.011173082207183216,0.26666666666666666,0.0,-0.0
1744814140.2304213,-18.0,-83.0,306.0,,-0.5978777476013697,-0.8615432851817655,0.015622674143206172,-0.03333333333333333,-0.13333333333333333,-0.0
1744814140.5141315,-19.0,-83.0,307.0,,-0.5978777476013697,-0.4151764047752926,0.004823073936870759,0.0,-0.06666666666666667,-0.0
1744814140.7995842,-16.0,-82.0,310.0,,-0.9095297543548053,-0.011997539435238291,-0.07667601370243493,-0.7,-0.26666666666666666,0.26666666666666666
1744814141.0672326,-4.0,-73.0,331.0,,-0.2813496559973778,-0.6396889925701308,0.026482222618841256,-0.9,-0.16666666666666666,0.36666666666666664
1744814141.3194337,11.0,-80.0,347.0,,1.2630359429502391,-1.2748362446439045,0.43123244342965084,-1.9666666666666666,0.9,3.066666666666667
1744814141.5816555,70.0,-81.0,353.0,,-9.396222621238303,-0.6873846099097598,-0.15477114752670018,0.23333333333333334,-0.9666666666666667,1.8
1744814141.8521554,74.0,-32.0,308.0,,-4.130507982127741,-0.1149772371549087,-0.016280092780657895,0.1,0.0,-0.2
1744814142.119719,72.0,-30.0,307.0,,-3.6209999999999996,-0.06386442485545629,-0.02327793259003874,0.0,0.0,-0.0
1744814142.385195,72.0,-25.0,302.0,,-2.802885147676262,0.03413557514454446,0.007338423199759969,0.03333333333333333,0.0,-0.03333333333333333
1744814142.6496072,72.0,-29.0,305.0,,-3.0019823746165666,-0.15186442485545548,-0.03595087579487988,0.06666666666666667,0.03333333333333333,-0.13333333333333333
1744814142.9121702,70.0,-29.0,305.0,,-2.9919823746165664,0.07761539009023899,0.01927819784841356,0.13333333333333333,0.0,-0.16666666666666666
1744814143.166935,69.0,-31.0,306.0,,-3.2885235148676317,0.0395760160624512,0.014212414822012409,0.1,0.06666666666666667,-0.2
1744814143.4286566,64.0,-47.0,317.0,,-3.488579812884063,-0.05116959419482825,0.027786739203697675,0.0,0.5333333333333333,-0.5666666666666667
1744814143.6939394,59.0,-59.0,325.0,,-3.761811219887722,-0.034811219887721734,0.020141034010284553,0.1,0.0,-0.16666666666666666
1744814143.9701004,58.0,-55.0,322.0,,-3.6728815544750093,0.05464817670546118,0.025774980496146682,0.06666666666666667,-0.06666666666666667,-0.0
1744814144.2414033,58.0,-54.0,322.0,,-3.573456714818234,0.024648176705460045,0.033186552981970596,0.06666666666666667,0.0,-0.03333333333333333
1744814144.5084033,58.0,-54.0,321.0,,-3.661456714818234,-0.08235182329453927,-0.010161297715664208,0.1,-0.03333333333333333,-0.06666666666666667
1744814144.7778015,57.0,-53.0,320.0,,-3.4516143535639427,0.07764172845539008,0.03992422445156896,0.06666666666666667,-0.03333333333333333,-0.0
1744814145.0492496,57.0,-51.0,319.0,,-3.240801881892885,-0.020358271544608897,0.030758427499215646,0.06666666666666667,0.0,-0.03333333333333333
1744814145.3106523,57.0,-51.0,319.0,,-3.348801881892885,-0.01035827154460911,0.018725098306481502,0.03333333333333333,0.0,-0.03333333333333333
1744814145.5697265,56.0,-51.0,319.0,,-3.407801881892885,0.04514141323504184,-0.008105037147116523,0.06666666666666667,0.0,-0.03333333333333333
1744814145.837718,56.0,-52.0,319.0,,-3.3473854928819433,0.2601414132350417,0.11504627390768052,0.06666666666666667,0.6333333333333333,-0.4666666666666667
1744814146.1033633,12.0,-124.0,323.0,,-5.2408585867649595,-0.8636136869222193,-11.405140183351369,-2.1666666666666665,9.733333333333333,-5.333333333333333
1744814146.37463,-5.0,-152.0,317.0,,-1.2725160309295882,0.7859978363545266,-17.04472213929005,0.4666666666666667,0.1,0.16666666666666666
1744814146.6567686,-4.0,-150.0,318.0,,-0.8359999999999994,-0.07068899257013073,-17.77649857091509,0.13333333333333333,0.0,-0.06666666666666667
1744814146.9197588,-4.0,-151.0,318.0,,-0.34398237461656755,-0.0416889925701307,-17.61072220991116,0.13333333333333333,-0.06666666666666667,-0.0
1744814147.1938527,0.0,-136.0,322.0,,-2.1275986142027623,0.0,-16.540379550613824,0.4666666666666667,-4.666666666666667,0.6666666666666666
1744814147.4723158,9.0,-12.0,305.0,,-0.8536136869222193,1.377377897955335,2.485674445363001,1.8,1.8,0.4666666666666667
1744814147.7490485,8.0,-19.0,298.0,,0.10017640477529266,-0.6502881204182421,0.28323706763968914,0.36666666666666664,-0.03333333333333333,-0.13333333333333333
1744814148.0403433,-8.0,-20.0,295.0,,0.0667823939751897,-2.370711879581758,0.3256780212427284,2.8333333333333335,0.13333333333333333,-1.2333333333333334
1744814148.3245919,-24.0,-43.0,275.0,,-1.2974039122131105,-1.7569135314263997,0.1258533734818288,2.7333333333333334,1.5333333333333334,2.0
1744814148.5978718,0.0,-75.0,237.0,,0.2222676441042406,-1.432,0.0046165460009752746,0.9,1.9,3.566666666666667
1744814148.8660605,40.0,-92.0,232.0,,-3.3330240130573294,0.3032535489750492,-4.091198249962696,-1.6333333333333333,0.16666666666666666,1.7333333333333334
1744814149.1376278,41.0,-136.0,293.0,,-3.2265986142027625,-2.3569390743968768,-16.74290725216837,-1.7666666666666666,0.16666666666666666,0.5666666666666667
1744814149.4222202,34.0,-136.0,298.0,,-1.6865986142027625,-1.4556823830480274,-14.693428817524772,0.1,-0.23333333333333334,-0.1
1744814149.7115352,30.0,-135.0,297.0,,-1.7497175234400322,-0.512999999999999,-14.155398414025758,0.16666666666666666,0.0,-0.06666666666666667
1744814149.9942088,28.0,-137.0,299.0,,-1.1704039122131116,-0.27151603092958965,-13.677913192333339,0.1,0.0,-0.03333333333333333
1744814150.2693596,27.0,-138.0,300.0,,-0.9751712483804003,-0.08064680244495381,-13.68425592721766,0.03333333333333333,-0.06666666666666667,-0.06666666666666667
1744814150.547799,26.0,-138.0,302.0,,-0.8091712483804008,0.10157904999915068,-13.386364893943625,0.0,-0.16666666666666666,-0.06666666666666667
1744814150.8197594,27.0,-131.0,306.0,NONE,-1.2367009819853951,0.08535319755504567,-13.018715184224064,-0.03333333333333333,0.1,-0.2
1744814151.0947495,25.0,-129.0,307.0,NONE,-1.9178018818928857,-0.06688514767626241,-12.29928165062153,0.0,0.2,-0.2
1744814151.3700547,25.0,-128.0,307.0,,-1.3373854928819435,1.070114852323738,-12.771671364574736,0.0,-0.23333333333333334,-0.1
1744814151.6619537,25.0,-126.0,307.0,NONE,-1.5144567148182349,0.5801148523237378,-12.089762994723023,-0.13333333333333333,0.06666666666666667,-0.06666666666666667
1744814151.9476814,24.0,-124.0,308.0,,-1.8578585867649586,-1.4020864685736,-13.346601664948201,1.8333333333333333,0.3333333333333333,0.3
1744814152.2279468,26.0,-123.0,306.0,,-1.5303582715446096,0.5235790499991504,-11.479951247477182,0.1,-0.16666666666666666,-0.06666666666666667
1744814152.5190163,25.0,-122.0,308.0,NONE,-1.5243518232945394,0.26611485232373777,-11.371375430167475,-0.6333333333333333,-0.2,-0.0
1744814152.793598,20.0,-116.0,315.0,,-1.375169594194828,0.16478239397518957,-9.852380806032222,-0.8333333333333334,-0.7333333333333333,-0.0
1744814153.076496,20.0,-114.0,316.0,,-0.9998809394739148,0.3797823939751894,-8.527514807801774,0.0,0.0,-0.1
1744814153.354916,17.0,-114.0,318.0,,-0.6268809394739137,-0.21116642333004787,-8.527640050178361,-0.26666666666666666,0.0,-0.23333333333333334
1744814153.6326706,16.0,-111.0,317.0,SINGLE_TAP,-0.45142398393754846,0.3059975394352379,-7.511218606878167,0.23333333333333334,-0.1,0.06666666666666667
1744814153.921812,17.0,-111.0,317.0,,-0.45142398393754846,0.1318335766699521,-7.205090150175209,0.03333333333333333,-0.13333333333333333,-0.0
1744814154.2070856,17.0,-110.0,317.0,,-0.45238460990976215,0.1318335766699521,-6.912542463664589,0.06666666666666667,0.03333333333333333,-0.06666666666666667
1744814154.4831166,17.0,-110.0,316.0,,-0.45238460990976215,0.1318335766699521,-6.599057323799662,0.1,-0.03333333333333333,-0.06666666666666667
1744814154.7690628,16.0,-111.0,315.0,,-0.07842398393754912,0.5799975394352379,-6.113812695025805,1.2,2.2666666666666666,-0.4
1744814155.070497,14.0,-102.0,319.0,,3.3773720368013667,-2.7652537958327406,-6.563151736672195,-3.3666666666666667,-7.3,0.13333333333333333
1744814155.371326,13.0,-99.0,317.0,,-1.8842226212383029,0.5482301568866843,-5.772575958884774,0.4666666666666667,1.3333333333333333,-0.03333333333333333
1744814155.6544044,14.0,-95.0,315.0,,-0.49666998828002384,0.4497462041672593,-1.1216248087622183,0.1,-0.06666666666666667,-0.03333333333333333
1744814155.944826,16.0,-57.0,329.0,,-6.463358271544609,1.521997539435238,-0.4397134721246836,-3.6666666666666665,-9.033333333333333,-0.8333333333333334
1744814156.2217805,22.0,-15.0,16.0,,1.6179851675442714,-1.1948906814100972,1.0829064488974414,-0.06666666666666667,-0.06666666666666667,-1.6333333333333333
1744814156.497598,10.0,-19.0,29.0,,-0.8808235952247072,0.8255113770874132,-0.08836970588925652,-0.26666666666666666,0.13333333333333333,0.16666666666666666
1744814156.8088562,12.0,-27.0,27.0,,-2.993646802444954,2.343386313077781,0.08822219916330454,0.0,0.03333333333333333,-0.0
1744814157.113621,17.0,-22.0,28.0,,-1.7148906814100973,1.298833576669952,0.1982927125145455,0.06666666666666667,0.03333333333333333,-0.1
1744814157.419316,22.0,-17.0,25.0,,-1.0061664233300478,0.5511093185899028,0.09536018632438648,-0.13333333333333333,-0.1,0.1
1744814157.72084,28.0,-13.0,23.0,,-0.4617698431133155,0.20848396907041078,0.17096676054922888,0.0,0.16666666666666666,-0.1
1744814158.016415,9.0,-44.0,28.0,,-4.893598614202763,2.475377897955335,0.5925804910673733,0.43333333333333335,0.13333333333333333,0.1
1744814158.2997355,4.0,-50.0,29.0,,-4.916895986997175,3.0216889925701307,0.2848993463407936,-0.06666666666666667,0.0,-0.3
1744814158.575295,6.0,-50.0,28.0,,-5.230895986997175,2.8965757753443198,0.1639284589471739,0.0,0.0,-0.03333333333333333
1744814158.8517392,15.0,-36.0,24.0,,-3.678173324989162,1.6959851675442716,0.18386983276411684,0.03333333333333333,0.0,-0.03333333333333333
1744814159.1317413,20.0,-29.0,23.0,,-2.491982374616567,1.0467823939751897,0.06846485640217459,-0.16666666666666666,-0.1,-0.23333333333333334
1744814159.460733,19.0,-30.0,21.0,,-2.6209999999999996,1.041176404775293,0.054132426437075054,0.06666666666666667,0.0,-0.0
1744814159.780491,22.0,-22.0,17.0,,-1.3518906814100973,0.472109318589903,0.14300708949988739,0.1,0.0,-0.03333333333333333
1744814160.0726876,23.0,-18.0,15.0,,-0.7084567148182344,0.27492762952022387,0.15240011666183406,0.03333333333333333,0.0,-0.03333333333333333
1744814160.3529344,17.0,-47.0,8.0,,-5.086579812884063,1.4068335766699525,0.35252908839128594,0.23333333333333334,0.43333333333333335,1.1
1744814160.6955082,19.0,-59.0,1.0,,-6.153811219887722,1.2471764047752925,0.16296993517102898,0.1,0.0,-0.06666666666666667
1744814160.9982815,24.0,-39.0,349.0,,-4.007633036198905,0.4019135314264002,0.10553251847317746,0.03333333333333333,0.0,-0.03333333333333333
1744814161.3286662,26.0,-25.0,342.0,,-1.8818851476762624,0.05257904999915031,0.12399386007641944,0.03333333333333333,0.0,-0.03333333333333333
1744814161.6277406,26.0,-18.0,338.0,,-0.7274567148182345,0.06257904999915098,0.13559744989538558,0.06666666666666667,0.0,-0.03333333333333333
1744814161.935166,26.0,-16.0,337.0,,-0.4400024605647621,0.06257904999915098,0.1201508222442964,0.03333333333333333,0.0,-0.03333333333333333
1744814162.2521536,26.0,-15.0,337.0,,-0.9610148324557286,0.3955790499991503,-0.03954236378623044,0.0,-0.26666666666666666,-0.5333333333333333
1744814162.573888,30.0,-40.0,305.0,,-3.9437464510249507,-0.6399999999999997,0.12608143980420827,0.06666666666666667,0.0,-0.03333333333333333
1744814162.8706295,28.0,-26.0,294.0,,-1.9674209500008493,-0.3405160309295896,0.13473598668924147,0.03333333333333333,0.0,-0.03333333333333333
1744814163.1614172,26.0,-19.0,290.0,,-0.7728235952247076,-0.09442095000084905,0.0640383994030298,0.1,0.0,-0.03333333333333333
1744814163.4481518,25.0,-17.0,289.0,,-0.5061664233300478,0.0011148523237380914,0.12845828513690627,0.06666666666666667,0.0,-0.03333333333333333
1744814163.7292433,25.0,-15.0,288.0,,-0.12801483245572864,-0.0378851476762625,0.13160139511662017,0.03333333333333333,0.0,-0.03333333333333333
1744814164.0064833,25.0,-15.0,288.0,,-0.14701483245572877,-0.008885147676262584,0.145755114972955,0.03333333333333333,0.0,-0.03333333333333333
1744814164.2750456,24.0,-15.0,287.0,,-0.11801483245572886,0.1079135314263997,0.13013586163495994,0.03333333333333333,0.0,-0.03333333333333333
1744814164.536033,24.0,-15.0,287.0,,-0.14701483245572877,0.11791353142639949,0.15869594686057376,0.03333333333333333,0.0,-0.03333333333333333
1744814164.8068404,24.0,-14.0,287.0,,0.01874620416725925,0.11791353142639949,0.14315406459326496,0.03333333333333333,0.0,-0.03333333333333333
1744814165.0701385,24.0,-14.0,287.0,,0.057746204167259396,0.1079135314263997,0.14774755990914734,0.03333333333333333,0.0,-0.03333333333333333
1744814165.3339417,24.0,-14.0,287.0,,0.01874620416725925,0.13791353142639995,0.14253517324114462,0.03333333333333333,0.0,-0.03333333333333333
1744814165.5935352,24.0,-14.0,287.0,,0.008746204167259464,0.12791353142640016,0.13689043401677736,0.03333333333333333,0.0,-0.03333333333333333
1744814165.8745766,24.0,-14.0,287.0,,0.08674620416725931,0.09791353142639991,0.15034258662020328,0.03333333333333333,0.0,-0.03333333333333333
1744814166.167539,24.0,-15.0,287.0,,-0.09801483245572884,0.1079135314263997,0.14985563805788082,0.03333333333333333,0.0,-0.03333333333333333
1744814166.4437246,24.0,-15.0,287.0,,-0.11801483245572886,0.09791353142639991,0.14209849523461493,0.03333333333333333,0.0,-0.03333333333333333
1744814166.722616,24.0,-15.0,287.0,,-0.09801483245572884,0.12791353142640016,0.1647015719068854,0.06666666666666667,0.0,-0.03333333333333333
1744814167.0080125,24.0,-15.0,287.0,,-0.04901483245572846,0.02991353142639941,0.16325683550030057,0.06666666666666667,0.0,-0.03333333333333333
1744814167.2889519,24.0,-15.0,287.0,,0.0489851675442714,0.019913531426399622,0.14321924488490723,0.06666666666666667,0.0,-0.03333333333333333
1744814167.563665,24.0,-15.0,287.0,,0.028985167544271384,0.009913531426399835,0.14303683196891015,0.03333333333333333,0.0,-0.06666666666666667
1744814167.8576765,24.0,-15.0,287.0,,0.028985167544271384,-0.02908646857360031,0.1451269178935597,0.03333333333333333,0.0,-0.03333333333333333
1744814168.1607842,24.0,-15.0,287.0,,0.019985167544271487,-0.010086468573600182,0.15746518836870926,0.03333333333333333,0.0,-0.03333333333333333
1744814168.4421556,24.0,-15.0,287.0,,0.028985167544271384,-0.0390864685736001,0.14949419590756996,0.03333333333333333,0.0,-0.03333333333333333
1744814168.7083907,24.0,-15.0,287.0,,0.028985167544271384,-8.646857359995153e-05,0.15512323646438553,0.03333333333333333,0.0,-0.03333333333333333
1744814169.0013497,24.0,-15.0,287.0,,0.0489851675442714,-0.08808646857360003,0.11378473019741087,0.03333333333333333,0.0,-0.03333333333333333
1744814169.2984517,23.0,-16.0,287.0,,-0.0570024605647621,0.048927629520224336,0.12828847202475835,0.06666666666666667,0.03333333333333333,-0.03333333333333333
1744814169.6206846,23.0,-16.0,287.0,,0.4039975394352382,-0.08807237047977567,0.2578635928871016,0.13333333333333333,0.0,-0.03333333333333333
1744814169.935008,23.0,-17.0,287.0,,-0.05516642333004773,-0.029072370479775955,0.1494335364547208,0.03333333333333333,0.0,-0.03333333333333333
1744814170.2237024,23.0,-18.0,287.0,,0.16454328518176586,-0.2150723704797759,0.9166999014955213,-0.16666666666666666,0.5666666666666667,-0.3
1744814170.50636,20.0,-73.0,235.0,,-0.10534965599737767,-1.1202176060248106,0.010324820315869676,0.3,2.7666666666666666,-0.43333333333333335
1744814170.7827072,10.0,-106.0,227.0,,-0.10497723715490892,-1.2044886229125868,-5.492313124403743,1.0666666666666667,1.9333333333333333,-0.9666666666666667
1744814171.0542517,10.0,-120.0,213.0,,-0.6707092111253443,-1.2434886229125868,-11.86821072962156,0.6,1.2333333333333334,-0.16666666666666666
1744814171.3457196,13.0,-130.0,205.0,,-1.8578959869971747,-0.6677698431133157,-15.768281866880216,0.6666666666666666,0.5666666666666667,-0.13333333333333333
1744814171.6745665,16.0,-128.0,200.0,,-2.1513854928819436,-0.3510024605647617,-15.474901801447665,0.13333333333333333,-0.06666666666666667,-0.1
1744814172.0222442,14.0,-137.0,206.0,,-1.1894039122131108,0.03774620416725938,-15.158654545557368,-0.3,-0.13333333333333333,0.06666666666666667
1744814172.3294735,15.0,-111.0,236.0,,0.14657601606245052,-2.5680148324557286,-10.27849961730984,-0.6333333333333333,-1.3333333333333333,0.6333333333333333
1744814172.6113446,25.0,-90.0,249.0,,0.3680000000000003,-2.7448851476762623,-4.467617317493664,-0.13333333333333333,-1.1333333333333333,0.7666666666666667
1744814172.8829618,38.0,-69.0,249.0,,-0.40242398393754897,-2.1476390729447083,-0.017443469843357207,-0.13333333333333333,-0.6333333333333333,0.3
1744814173.1818483,35.0,-68.0,248.0,,0.26832638669981534,-1.5677848406037622,0.09408385264538799,0.1,0.26666666666666666,-0.23333333333333334
1744814173.4714432,16.0,-99.0,244.0,,-0.05022262123830323,-2.038002460564762,-6.550642015309297,0.23333333333333334,1.5666666666666667,-0.6333333333333333
1744814173.7591653,11.0,-119.0,235.0,,-1.3930193270374742,-1.7058362446439046,-13.62335521488163,0.5,0.6333333333333333,-0.26666666666666666
1744814174.0565991,13.0,-118.0,233.0,,-1.1997158859460733,-1.8747698431133155,-13.002331142640804,0.03333333333333333,-0.16666666666666666,-0.03333333333333333
1744814174.3331263,11.0,-123.0,235.0,,-1.39335827154461,-1.4118362446439046,-13.89515738441187,0.13333333333333333,-0.16666666666666666,-0.1
1744814174.608048,11.0,-118.0,237.0,,-1.0917158859460727,-1.4508362446439045,-12.591813711458748,0.0,-0.26666666666666666,-0.03333333333333333
1744814174.8893323,11.0,-115.0,240.0,,-0.8898793908295382,-1.4998362446439044,-11.479203075497033,0.06666666666666667,0.0,-0.03333333333333333
1744814175.160427,7.0,-118.0,243.0,,-0.4447158859460725,-0.8535382588044966,-10.987128704760789,0.03333333333333333,-0.03333333333333333,-0.0
1744814175.4298842,4.0,-121.0,243.0,,-0.22081121988772168,-0.3713110074298693,-10.968968638789573,0.06666666666666667,-0.03333333333333333,-0.03333333333333333
1744814175.7030897,2.0,-122.0,243.0,,-0.06335182329453914,-0.049364062651534535,-10.838582730849229,0.03333333333333333,-0.03333333333333333,-0.03333333333333333
1744814175.9767103,2.0,-122.0,243.0,,-0.033351823294539784,-0.0683640626515345,-10.857360899817067,0.03333333333333333,-0.06666666666666667,-0.0
1744814176.2430956,2.0,-122.0,243.0,,-0.05335182329453936,-0.049364062651534535,-10.751011989763246,0.03333333333333333,-0.06666666666666667,-0.0
1744814176.505575,2.0,-121.0,243.0,,0.07318878011227703,-0.059364062651534544,-10.335529367013624,0.03333333333333333,-0.03333333333333333,-0.03333333333333333
1744814176.7731304,2.0,-120.0,243.0,,-0.10270921112534381,0.01963593734846547,-10.171789641746916,0.03333333333333333,0.0,-0.03333333333333333
1744814177.0378258,2.0,-120.0,243.0,,-0.12170921112534394,0.03863593734846549,-10.195403062701791,0.03333333333333333,0.0,-0.03333333333333333
1744814177.3015904,2.0,-120.0,244.0,,-0.06270921112534467,0.06863593734846546,-10.10121487050198,0.03333333333333333,0.0,-0.03333333333333333
1744814177.5636487,3.0,-119.0,245.0,,0.18598067296252552,-0.18141573074327905,-9.654255147472178,-0.16666666666666666,-0.3,0.13333333333333333
1744814177.8327954,21.0,-94.0,271.0,,-0.8631033330488762,-1.3105895850393958,-0.14057450127267754,-0.6,-2.1333333333333333,1.1666666666666667
1744814178.1109607,37.0,-75.0,275.0,,-1.6417323558957602,-1.364805377121594,-0.08546850998173827,0.3,-0.26666666666666666,0.03333333333333333
1744814178.3832922,35.0,-76.0,273.0,,-0.9386010747675257,-1.2247848406037622,0.08262677313861566,0.03333333333333333,0.13333333333333333,-0.16666666666666666
1744814178.65765,30.0,-74.0,268.0,,-0.9289772371549088,-0.7089999999999996,0.00964559131835907,0.13333333333333333,-0.1,-0.0
1744814178.9226685,20.0,-93.0,265.0,,-0.804555735942369,-0.8752176060248105,-0.0040299915658765645,0.5666666666666667,3.966666666666667,-2.566666666666667
1744814179.1893837,15.0,-148.0,239.0,,-1.9245079821277402,-0.7060148324557287,-17.909488680649936,1.6,2.433333333333333,-0.26666666666666666
1744814179.4579515,27.0,-148.0,230.0,,-1.7865079821277403,-1.473646802444954,-17.255061388688993,0.16666666666666666,-0.13333333333333333,-0.2
1744814179.7250264,22.0,-148.0,233.0,,-1.2475079821277402,-1.0868906814100971,-17.294453125427943,0.0,-0.03333333333333333,-0.0
1744814179.9981859,18.0,-152.0,236.0,,-0.8215160309295886,-0.3944567148182343,-17.20843594361493,0.0,-0.03333333333333333,-0.0
1744814180.2769594,16.0,-154.0,236.0,,-0.3694209500008485,-0.06700246056476189,-17.181851397086398,0.06666666666666667,-0.03333333333333333,-0.03333333333333333
1744814180.559919,15.0,-153.0,236.0,,-0.3256468024449548,0.03898516754427117,-17.02697953253093,0.03333333333333333,-0.03333333333333333,-0.03333333333333333
1744814180.8271184,15.0,-152.0,236.0,,-0.27151603092958876,-0.02001483245572855,-16.889584328715785,0.03333333333333333,-0.03333333333333333,-0.03333333333333333
1744814181.0895338,15.0,-152.0,236.0,,-0.28151603092958855,-0.07901483245572871,-16.98031763509123,0.03333333333333333,0.0,-0.03333333333333333
1744814181.3557959,14.0,-152.0,236.0,,-0.1445160309295881,0.08674620416725931,-16.767674324315884,0.06666666666666667,0.0,-0.03333333333333333
1744814181.6183145,14.0,-151.0,236.0,,-0.2559823746165675,-0.02025379583274045,-16.77489242150046,0.03333333333333333,-0.06666666666666667,-0.06666666666666667
1744814181.8896725,14.0,-150.0,236.0,,-0.19899999999999896,-0.06025379583274049,-16.536912150058754,0.03333333333333333,-0.06666666666666667,-0.03333333333333333
1744814182.191561,14.0,-150.0,236.0,,-0.23799999999999955,-0.06925379583274083,-16.655942909770356,0.06666666666666667,-0.03333333333333333,-0.03333333333333333
1744814182.4730268,13.0,-149.0,236.0,,-0.1895235148676333,0.07723015688668422,-16.541711645406444,0.06666666666666667,0.0,-0.06666666666666667
1744814182.7434566,13.0,-148.0,235.0,,-0.2475079821277406,-0.0017698431133155168,-16.38001866172219,0.03333333333333333,-0.03333333333333333,-0.03333333333333333
1744814183.014358,13.0,-148.0,235.0,,-0.23750798212773994,-0.020769843113315645,-16.328448144233462,0.03333333333333333,-0.03333333333333333,-0.03333333333333333
1744814183.2821221,13.0,-148.0,235.0,,-0.07050798212774012,-0.12876984311331574,-16.38033576594505,0.03333333333333333,0.0,-0.03333333333333333
1744814183.547585,12.0,-147.0,235.0,,-0.3719089334974184,0.2343863130777808,-16.165693426531,0.03333333333333333,0.0,-0.0
1744814183.8140776,12.0,-146.0,235.0,,-0.3476823830480278,0.14638631307778072,-16.15044802351933,0.03333333333333333,-0.13333333333333333,-0.06666666666666667
1744814184.0837862,12.0,-144.0,235.0,,-0.15817332498916326,-0.07961368692221926,-15.638406998908088,0.0,-0.2,-0.03333333333333333
1744814184.3498588,11.0,-143.0,236.0,,-0.12880537712159246,0.04916375535609552,-15.501156181250721,0.03333333333333333,-0.03333333333333333,-0.03333333333333333
1744814184.6026516,15.0,-136.0,267.0,,0.5394013857972375,-1.3240148324557286,-13.627930469972048,-0.9666666666666667,-0.4666666666666667,0.8
1744814184.8889604,12.0,-135.0,297.0,,0.46628247655996713,-2.020613686922219,-13.308920027037768,-1.1666666666666667,-0.26666666666666666,0.7666666666666667
1744814185.1660888,10.0,-131.0,310.0,,0.46029901801460493,-1.4104886229125868,-11.709169464150115,-0.1,-0.13333333333333333,0.06666666666666667
1744814185.4426982,8.0,-127.0,306.0,,0.41138564643605857,-0.9842881204182421,-10.924250023180482,0.13333333333333333,0.0,-0.03333333333333333
1744814185.7054362,5.0,-125.0,304.0,,0.11211844552498995,-0.5129978363545267,-11.018865694497599,0.0,-0.03333333333333333,-0.0
1744814185.9817052,3.0,-123.0,305.0,,0.1956417284553904,-0.23941573074327904,-10.563453696059554,-0.2,-0.3333333333333333,0.2
1744814186.254705,33.0,-92.0,313.0,,-1.6950240130573295,0.6870910665025844,0.04596043281054851,0.6333333333333333,-1.6666666666666667,1.6333333333333333
1744814186.51794,36.0,-92.0,310.0,,-1.430024013057329,-0.3731733249891622,0.017235004740154936,0.0,0.26666666666666666,-0.3
1744814186.7943213,34.0,-90.0,305.0,,-1.4850000000000012,-0.2796823830480273,0.005423405269934345,0.03333333333333333,0.0,-0.06666666666666667
1744814187.0830722,33.0,-85.0,300.0,,-1.5456699882800233,-0.1269089334974156,-0.001441035764834453,0.06666666666666667,0.0,-0.03333333333333333
1744814187.3876774,31.0,-84.0,299.0,,-1.2942597935627624,-0.02252351486763171,0.00627546535663126,0.0,0.13333333333333333,-0.13333333333333333
1744814187.6754937,30.0,-84.0,298.0,,-1.2062597935627615,0.027000000000001023,0.008207607322251897,0.03333333333333333,0.0,-0.03333333333333333
1744814187.9985116,30.0,-84.0,298.0,,-1.1762597935627621,-0.012999999999999012,0.009442184482358895,0.06666666666666667,0.0,-0.03333333333333333
1744814188.2812018,29.0,-83.0,297.0,,-1.1768777476013685,0.13601762538343376,0.008773581677820608,0.06666666666666667,0.0,-0.03333333333333333
1744814188.5517333,29.0,-83.0,296.0,,-1.1078777476013695,0.06801762538343326,0.01317401331442003,0.06666666666666667,0.0,-0.03333333333333333
1744814188.8221366,29.0,-82.0,296.0,,-1.0755297543548057,0.06801762538343326,0.013576017048714917,0.06666666666666667,0.0,-0.03333333333333333
1744814189.0860288,29.0,-82.0,295.0,,-1.1245297543548052,0.06801762538343326,0.009935777628996778,0.06666666666666667,0.0,-0.03333333333333333
1744814189.351988,29.0,-82.0,295.0,,-1.0175297543548059,-0.019982374616566823,0.01668067231260939,0.06666666666666667,0.0,-0.03333333333333333
1744814189.6142285,29.0,-82.0,295.0,,-1.1645297543548043,-0.019982374616566823,0.0017785864674340068,0.06666666666666667,0.0,-0.03333333333333333
1744814189.9014971,29.0,-82.0,295.0,,-1.134529754354805,0.009017625383433092,0.005592636710674004,0.06666666666666667,0.0,-0.03333333333333333
1744814190.2276268,29.0,-82.0,294.0,,-1.2525297543548053,-0.02998237461656661,-0.006987491572089999,0.03333333333333333,0.0,-0.03333333333333333
1744814190.5476737,29.0,-83.0,294.0,,-1.1178777476013693,0.019017625383433767,0.009681220120182799,0.06666666666666667,0.0,-0.03333333333333333
1744814190.84712,29.0,-82.0,294.0,,-1.1545297543548045,0.009017625383433092,0.004124986375605211,0.06666666666666667,0.0,-0.03333333333333333
1744814191.1297877,29.0,-82.0,294.0,,-1.0855297543548055,-0.019982374616566823,0.010893452436529394,0.06666666666666667,0.0,-0.03333333333333333
1744814191.4083967,29.0,-82.0,294.0,,-1.0855297543548055,-0.05998237461656686,0.008178190910067995,0.06666666666666667,0.0,-0.03333333333333333
1744814191.6802785,29.0,-82.0,294.0,,-1.1155297543548048,-0.12798237461656647,0.003796458560158422,0.06666666666666667,0.0,-0.0
1744814191.9663591,28.0,-82.0,294.0,,-0.9685297543548046,0.07148396907041032,0.027396135287587997,0.1,0.0,-0.0
1744814192.2467208,29.0,-82.0,293.0,,-1.105529754354805,0.009017625383433092,0.010724623311598958,0.1,-0.03333333333333333,-0.0
1744814192.5105708,29.0,-80.0,292.0,,-0.93396405704976,-0.02998237461656661,0.03530856498730173,0.03333333333333333,0.0,-0.0
1744814192.777199,29.0,-80.0,292.0,,-1.0029640570497609,-0.010982374616566482,0.02612321242208826,0.03333333333333333,0.03333333333333333,-0.03333333333333333
1744814193.0480704,29.0,-81.0,292.0,,-1.0902226212383024,0.03801762538343301,0.017685744013260063,0.03333333333333333,0.0,-0.03333333333333333
1744814193.3186066,29.0,-80.0,292.0,,-1.0319640570497608,-0.04998237461656618,0.015208870689551235,0.06666666666666667,0.0,-0.03333333333333333
1744814193.5811453,29.0,-81.0,292.0,,-1.0802226212383026,0.009017625383433092,0.01728172234753611,0.03333333333333333,0.0,-0.03333333333333333
1744814193.8533792,29.0,-80.0,292.0,,-1.0129640570497607,-0.0009823746165666947,0.025160873863344424,0.06666666666666667,0.0,-0.0
1744814194.1214888,29.0,-80.0,292.0,,-1.0619640570497602,-0.039982374616566396,0.014330802403555776,0.03333333333333333,0.0,-0.03333333333333333
1744814194.386499,29.0,-80.0,292.0,,-1.11996405704976,-0.02998237461656661,0.00684930152634089,0.06666666666666667,0.0,-0.03333333333333333
1744814194.6490831,29.0,-80.0,292.0,,-0.8359640570497611,-0.04998237461656618,0.043501817908277784,0.06666666666666667,0.0,-0.03333333333333333
1744814194.9113605,29.0,-80.0,292.0,,-1.0809640570497603,0.03801762538343301,0.023676133490286633,0.06666666666666667,0.0,-0.0
1744814195.1756694,28.0,-79.0,292.0,,-1.0497626696215843,0.22848396907041035,0.02249506132942858,0.1,0.0,-0.03333333333333333
1744814195.4450684,30.0,-82.0,278.0,,0.4144702456451945,0.21300000000000097,0.20077205254497743,0.23333333333333334,-0.03333333333333333,0.03333333333333333
1744814195.709189,54.0,-61.0,263.0,,-1.658019327037473,-0.8374567148182344,0.4559156947150944,-0.8666666666666667,-1.1666666666666667,2.6
1744814195.9878082,88.0,38.0,174.0,,4.558639072944708,-1.9700240130573299,-1.9385828071438809,-0.7666666666666667,-0.5,0.7
1744814196.258918,81.0,135.0,80.0,,6.240717523440033,0.22377737876169768,-2.0965662779568692,0.1,0.26666666666666666,0.03333333333333333
1744814196.5237067,79.0,114.0,100.0,,7.519880939473914,0.19523733037841495,-0.894094711786259,0.0,0.0,0.06666666666666667
1744814196.7832532,85.0,147.0,55.0,,5.567908933497418,0.6803300117199758,-0.4535000317149639,-0.06666666666666667,4.633333333333334,-3.3333333333333335
1744814197.044838,41.0,-147.0,255.0,,-3.1669089334974183,-0.7489390743968762,-14.432106188845385,-0.6333333333333333,3.7666666666666666,-1.9666666666666666
1744814197.314204,38.0,-149.0,250.0,,-2.4935235148676336,-0.5586390729447084,-15.906152145347106,0.0,0.06666666666666667,0.1
1744814197.5867145,38.0,-154.0,253.0,,-1.7714209500008486,0.00036092705529178204,-14.65171164541389,0.03333333333333333,0.0,-0.06666666666666667
1744814197.8717089,35.0,-156.0,255.0,,-1.0780864685736025,-0.2827848406037621,-15.661808812973444,0.0,-0.3333333333333333,-0.0
1744814198.1572552,53.0,-101.0,264.0,,-2.844762669621584,-2.9326143535639426,-10.285428391951488,1.3666666666666667,-5.9,-0.8
1744814198.4481163,33.0,-2.0,240.0,,3.6676359373484653,-0.8919089334974162,0.9427229739817786,1.7666666666666666,-2.8666666666666667,-0.1
1744814198.7252238,20.0,7.0,241.0,,3.283538258804497,-0.9142176060248106,0.4398889282117331,0.26666666666666666,-0.1,0.1
1744814199.0024376,18.0,6.0,240.0,,2.8094242246556806,-0.5224567148182344,0.2949741976945166,-0.13333333333333333,-0.03333333333333333,0.1
1744814199.2769692,25.0,-8.0,236.0,,2.8997118795817576,-0.23388514767626223,0.5656694719569622,-0.6,4.366666666666666,0.13333333333333333
1744814199.5527277,15.0,-116.0,242.0,,-4.346169594194828,-2.0400148324557286,-17.52994599309573,-1.4666666666666666,1.8666666666666667,-0.3
1744814199.8297043,14.0,-115.0,251.0,,-2.625879390829538,-1.2362537958327406,-14.714439346833487,0.03333333333333333,-0.2,0.06666666666666667
1744814200.108939,12.0,-122.0,255.0,,-1.6913518232945393,-0.9516136869222191,-14.339599495482611,0.03333333333333333,-0.03333333333333333,-0.1
1744814200.3806493,11.0,-123.0,261.0,,-1.4913582715446099,-0.8628362446439046,-14.17774670404833,0.0,-0.23333333333333334,-0.0
1744814200.6505227,13.0,-116.0,272.0,,-1.5511695941948282,-1.4527698431133156,-13.370805021110183,0.1,-0.03333333333333333,-0.16666666666666666
1744814200.9238167,12.0,-118.0,284.0,,-1.1807158859460731,-1.0796136869222193,-12.362208311225979,-0.03333333333333333,-0.16666666666666666,-0.0
1744814201.1938725,14.0,-116.0,294.0,,-0.9831695941948286,-1.5112537958327406,-12.03807736766069,0.0,-0.03333333333333333,-0.0
1744814201.4599762,12.0,-117.0,300.0,,-1.7107740022878888,-0.6776136869222191,-11.542854417305701,-0.23333333333333334,-1.6333333333333333,0.23333333333333334
1744814201.72953,13.0,-91.0,312.0,,0.6054941105158012,-2.0507698431133154,-2.351694617440769,-0.23333333333333334,-0.7333333333333333,-0.16666666666666666
1744814202.0102007,12.0,-89.0,314.0,,0.16349411051580098,-1.6386136869222192,-0.5432296145848152,0.0,-0.26666666666666666,-0.06666666666666667
1744814202.2908392,8.0,-90.0,315.0,,0.11299999999999955,-1.2192881204182422,-0.5248731165259135,0.13333333333333333,0.06666666666666667,-0.06666666666666667
1744814202.563058,4.0,-90.0,315.0,,0.04499999999999993,-0.4403110074298693,-0.44884568852945594,0.06666666666666667,0.0,-0.03333333333333333
1744814202.856672,2.0,-91.0,315.0,,-0.002505889484199386,-0.049364062651534535,-0.3899540098907436,0.03333333333333333,0.0,-0.03333333333333333
1744814203.1534069,2.0,-91.0,315.0,,0.10449411051580171,-0.22536406265153452,-0.6225719779411663,0.03333333333333333,0.06666666666666667,-0.03333333333333333
1744814203.4462664,2.0,-92.0,317.0,,0.04097598694267113,-0.0683640626515345,-1.2880745400561262,0.06666666666666667,0.1,-0.03333333333333333
1744814203.730007,2.0,-92.0,317.0,,0.11897598694267053,-0.0683640626515345,-1.0510359306805184,0.06666666666666667,0.0,-0.06666666666666667
1744814204.012198,2.0,-93.0,317.0,,0.11644426405763042,-0.13736406265153453,-1.2262800727768322,0.03333333333333333,0.0,-0.03333333333333333
1744814204.2891674,2.0,-92.0,317.0,,0.0999759869426704,-0.11736406265153451,-1.2268047482264275,0.03333333333333333,0.0,-0.03333333333333333
1744814204.564633,1.0,-92.0,317.0,,0.08997598694267062,0.09279189285024875,-1.0903235384519734,0.03333333333333333,-0.03333333333333333,-0.0
1744814204.8394861,1.0,-92.0,317.0,,0.1389759869426701,-0.015208107149751265,-1.0501229011832183,0.06666666666666667,-0.03333333333333333,-0.03333333333333333
1744814205.105449,1.0,-92.0,316.0,,0.059975986942671256,0.06279189285024875,-1.0343011969560143,0.0,0.0,-0.03333333333333333
1744814205.3680263,1.0,-92.0,316.0,,0.01097598694266999,-0.08420810714975127,-1.3301075599210657,0.03333333333333333,0.0,-0.03333333333333333
1744814205.6306186,1.0,-92.0,316.0,,0.03097598694267134,0.06279189285024875,-1.171303015087375,0.03333333333333333,0.0,-0.03333333333333333
1744814205.9059541,1.0,-92.0,316.0,,0.06997598694267104,0.02379189285024874,-1.2485631466851954,0.06666666666666667,0.0,-0.03333333333333333
1744814206.1791704,1.0,-93.0,316.0,,0.1754442640576297,0.004791892850248725,-1.4540161425464702,0.1,0.06666666666666667,-0.0
1744814206.448273,2.0,-95.0,316.0,,0.13133001171997627,-0.0103640626515345,-2.002724477968714,0.06666666666666667,0.13333333333333333,-0.03333333333333333
1744814206.7132661,3.0,-98.0,320.0,,0.09147024564519413,-0.14141573074327907,-3.096248300570739,0.1,0.5,-0.06666666666666667
1744814206.9769762,2.0,-104.0,320.0,,-0.046601074767526285,0.06863593734846546,-5.152021937915162,0.06666666666666667,0.23333333333333334,-0.0
1744814207.2484732,2.0,-107.0,320.0,,0.0026503440026210967,-0.00036406265153449135,-6.207522908197403,0.06666666666666667,0.13333333333333333,-0.06666666666666667
1744814207.5250628,2.0,-110.0,319.0,,-0.0503846099097629,-0.039364062651534526,-7.180149670474323,0.03333333333333333,0.03333333333333333,-0.03333333333333333
1744814207.8024073,2.0,-111.0,320.0,,-0.04942398393754921,-0.00036406265153449135,-7.618974769272464,0.03333333333333333,0.1,-0.0
1744814208.0863798,1.0,-115.0,319.0,,-0.04587939082953696,0.04379189285024873,-8.89548776143765,0.03333333333333333,0.1,-0.0
1744814208.3575356,1.0,-117.0,318.0,,-0.08277400228788956,0.13179189285024873,-9.31957765146677,0.06666666666666667,0.13333333333333333,-0.06666666666666667
1744814208.625516,2.0,-119.0,318.0,,-0.08801932703747362,-0.0783640626515345,-9.925079609277242,0.1,0.16666666666666666,-0.13333333333333333
1744814208.8989077,1.0,-121.0,317.0,,-0.09381121988772279,0.09279189285024875,-10.562435411929513,0.06666666666666667,0.13333333333333333,-0.03333333333333333
1744814209.1675282,1.0,-123.0,317.0,,-0.07935827154460995,-0.015208107149751265,-11.235990952703979,0.03333333333333333,0.03333333333333333,-0.0
1744814209.4395764,1.0,-125.0,316.0,,-0.23088155447501002,0.04379189285024873,-11.833857012698246,0.06666666666666667,0.16666666666666666,-0.1
1744814209.717183,1.0,-126.0,317.0,,-0.12145671481823417,-0.045208107149751264,-12.022294748838965,0.1,0.06666666666666667,-0.03333333333333333
1744814210.0038974,1.0,-127.0,320.0,,-0.0986143535639421,-0.045208107149751264,-12.123602472144803,0.03333333333333333,0.03333333333333333,-0.06666666666666667
1744814210.280048,1.0,-127.0,326.0,,-0.11761435356394223,-0.08420810714975127,-12.291023585163595,0.03333333333333333,0.0,-0.0
1744814210.5610063,1.0,-128.0,326.0,,-0.2193854928819432,-0.06420810714975127,-12.64198117456619,0.1,0.1,-0.06666666666666667
1744814210.8344753,1.0,-127.0,329.0,,-0.16661435356394172,-0.15220810714975128,-12.409559312943252,0.0,-0.1,-0.0
1744814211.106903,1.0,-128.0,332.0,,-0.28838549288194315,-0.06420810714975127,-12.893459125429509,0.13333333333333333,0.3,-0.16666666666666666
1744814211.3790102,1.0,-130.0,333.0,,-0.278895986997175,-0.08420810714975127,-13.269312221561542,0.03333333333333333,0.0,-0.0
1744814211.6542144,1.0,-132.0,333.0,,-0.07325073793323789,-0.11320810714975127,-13.60940358392019,0.06666666666666667,0.03333333333333333,0.03333333333333333
1744814211.938282,1.0,-134.0,334.0,,-0.2617234413221672,0.10279189285024876,-14.052610611200308,0.03333333333333333,0.0,-0.03333333333333333
1744814212.2170591,1.0,-135.0,334.0,,-0.2297175234400326,0.11179189285024871,-14.269510440011327,0.06666666666666667,0.03333333333333333,-0.0
1744814212.4920056,2.0,-136.0,334.0,,-0.14759861420276277,-0.09836406265153452,-14.39141630488836,0.03333333333333333,0.0,-0.0
1744814212.770641,2.0,-136.0,334.0,,-0.21559861420276238,-0.00036406265153449135,-14.465450064491481,0.06666666666666667,0.0,-0.03333333333333333
1744814213.0476153,2.0,-137.0,334.0,,-0.17040391221311157,0.06863593734846546,-14.617364771433811,0.1,0.06666666666666667,-0.03333333333333333
1744814213.3291194,3.0,-138.0,334.0,,-0.2791712483804005,0.12258426925672095,-14.906675571078978,0.03333333333333333,0.0,-0.0
1744814213.602717,3.0,-139.0,334.0,,-0.20993907439687653,0.015584269256720962,-15.19033236114199,0.1,0.1,-0.03333333333333333
1744814213.8712013,3.0,-140.0,334.0,,-0.3347464510249525,0.10358426925672093,-15.460213413280105,0.03333333333333333,0.03333333333333333,-0.0
1744814214.1284297,4.0,-142.0,334.0,,-0.3036390729447094,0.0006889925701307753,-15.902236811855875,0.03333333333333333,0.03333333333333333,-0.0
1744814214.386687,4.0,-142.0,334.0,,-0.27463907294470946,-0.02831100742986925,-15.955997851192446,0.1,0.13333333333333333,-0.03333333333333333
1744814214.6432204,4.0,-144.0,334.0,,-0.2561733249891631,0.020688992570130682,-16.202167155420085,0.06666666666666667,0.0,-0.0
1744814214.902465,5.0,-145.0,335.0,,-0.2537848406037604,-0.0619978363545266,-16.349991764081064,0.0,-0.06666666666666667,-0.0
1744814215.1648824,5.0,-146.0,335.0,,-0.20068238304802755,-0.0619978363545266,-16.54168265231351,0.06666666666666667,0.03333333333333333,-0.03333333333333333
1744814215.455568,5.0,-147.0,336.0,,-0.23490893349741881,0.027002163645473365,-16.727997987744985,0.06666666666666667,0.1,-0.06666666666666667
1744814215.838484,5.0,-148.0,336.0,,-0.16850798212773999,0.11500216364547333,-16.755085921297052,0.06666666666666667,0.06666666666666667,-0.03333333333333333
1744814216.2007005,5.0,-148.0,336.0,,-0.2475079821277406,0.05600216364547339,-16.967132261328373,0.06666666666666667,0.0,-0.03333333333333333
1744814216.565196,6.0,-148.0,337.0,,-0.40450798212774064,-0.06542422465568065,-17.017358245397066,0.03333333333333333,0.0,-0.03333333333333333
1744814216.9038508,6.0,-149.0,338.0,,-0.25852351486763414,-0.026424224655680617,-17.03894384379149,0.03333333333333333,0.0,-0.03333333333333333
1744814217.253477,6.0,-150.0,337.0,,-0.20899999999999963,0.042575775344319444,-17.06135115239512,0.1,0.06666666666666667,-0.06666666666666667
1744814217.5971177,6.0,-150.0,337.0,,-0.19899999999999896,0.06257577534431946,-17.080103102496608,0.06666666666666667,-0.03333333333333333,-0.0
1744814217.9417787,6.0,-150.0,337.0,,-0.28699999999999903,0.05257577534431945,-17.226275332106418,0.03333333333333333,0.03333333333333333,-0.03333333333333333
1744814218.2539215,6.0,-151.0,338.0,,-0.21698237461656777,0.1305757753443193,-17.274037974760574,0.06666666666666667,0.1,-0.1
1744814218.564184,6.0,-151.0,338.0,,-0.4129823746165675,0.15057577534431932,-17.422137260438966,0.06666666666666667,0.06666666666666667,-0.06666666666666667
1744814218.8629026,7.0,-151.0,338.0,,-0.3239823746165671,-0.06853825880449671,-17.391985068941434,0.03333333333333333,0.0,-0.03333333333333333
1744814219.1553152,7.0,-152.0,338.0,,-0.3115160309295888,-0.08853825880449673,-17.54376269025728,0.06666666666666667,0.0,-0.06666666666666667
1744814219.4299164,7.0,-152.0,338.0,,-0.41951603092958845,-0.0005382588044966496,-17.63478639974958,0.03333333333333333,-0.06666666666666667,-0.0
1744814219.7036238,7.0,-152.0,339.0,,-0.6255160309295884,0.0684617411955033,-17.726675153861137,0.03333333333333333,0.0,-0.03333333333333333
1744814219.9805095,8.0,-154.0,338.0,,-0.42742095000084834,0.09471187958175786,-17.83395789433151,0.1,0.13333333333333333,-0.0
1744814220.2462516,9.0,-156.0,339.0,,-0.4900864685736024,0.013377897955335172,-18.01847607835014,0.1,0.2,-0.06666666666666667
1744814220.5172052,9.0,-157.0,339.0,,-0.4410723704797759,0.13137789795533505,-18.069139161259997,0.03333333333333333,0.06666666666666667,-0.03333333333333333
1744814220.779907,10.0,-158.0,339.0,,-0.3708906814100996,-0.017488622912586793,-18.161448072497976,0.06666666666666667,0.03333333333333333,-0.03333333333333333
1744814221.0447106,10.0,-159.0,339.0,,-0.29058958503939536,0.04151137708741337,-18.187677115617905,0.1,0.0,-0.03333333333333333
1744814221.306207,10.0,-159.0,339.0,,-0.2215895850393954,0.011511377087413344,-18.19304637556376,0.03333333333333333,0.0,-0.03333333333333333
1744814221.565055,10.0,-159.0,339.0,,-0.34858958503939563,0.10951137708741321,-18.170993148169536,0.03333333333333333,-0.03333333333333333,-0.0
1744814221.8366234,10.0,-160.0,339.0,,-0.16921760602481184,0.0805113770874133,-18.21464012970958,0.06666666666666667,0.0,-0.03333333333333333
1744814222.1073604,10.0,-160.0,339.0,,-0.2672176060248117,0.11951137708741322,-18.215577814509818,0.03333333333333333,-0.03333333333333333,-0.03333333333333333
1744814222.3643074,10.0,-160.0,340.0,,-0.27721760602481194,0.11951137708741322,-18.240077561011937,0.03333333333333333,0.0,-0.03333333333333333
1744814222.6327195,11.0,-160.0,340.0,,-0.2572176060248119,-0.03883624464390456,-18.21087851489572,0.06666666666666667,0.0,-0.03333333333333333
1744814222.8993278,11.0,-160.0,340.0,,-0.31621760602481164,-0.02883624464390455,-18.314720792291062,0.06666666666666667,0.0,-0.03333333333333333
1744814223.1697931,11.0,-160.0,340.0,,-0.33621760602481165,-0.009836244643904424,-18.28433947871448,0.03333333333333333,-0.03333333333333333,-0.03333333333333333
1744814223.4372725,11.0,-159.0,340.0,,-0.34858958503939563,0.04916375535609552,-18.163283790077553,0.03333333333333333,-0.26666666666666666,-0.0
1744814223.703954,7.0,-129.0,340.0,,-0.2408018818928861,-0.26453825880449666,-11.934152515590295,-0.3,-4.233333333333333,-0.6
1744814223.9899123,1.0,-80.0,339.0,,0.15403594295023915,0.004791892850248725,0.04777331610953528,-0.2,-2.0,-0.0
1744814224.2625582,3.0,-74.0,339.0,,-0.006977237154908167,-0.04341573074327909,0.018933374918347567,0.0,0.0,-0.06666666666666667
1744814224.5315883,3.0,-73.0,339.0,,0.041650344002622575,-0.053415730743279044,0.027289858505480602,0.03333333333333333,0.0,-0.03333333333333333
1744814224.8046875,3.0,-71.0,339.0,,0.14746277337070168,-0.04341573074327909,0.03348591354873509,0.06666666666666667,0.0,-0.03333333333333333
1744814225.0781963,3.0,-70.0,339.0,,0.25361539009023915,-0.14141573074327907,0.0778303182540947,0.06666666666666667,-0.03333333333333333,-0.0
1744814225.351949,3.0,-74.0,336.0,,0.013022762845091407,-0.09241573074327908,0.04281351230007591,0.0,0.0,-0.03333333333333333
1744814225.616558,3.0,-77.0,332.0,,-0.29257033554315903,-0.16141573074327908,-0.01874785856990524,0.0,-0.26666666666666666,-0.16666666666666666
1744814225.8900526,-13.0,-86.0,322.0,,0.009896666951123123,-0.19623015688668444,0.11951148611556306,1.2333333333333334,0.5333333333333333,-1.2666666666666666
1744814226.1678119,-32.0,-85.0,313.0,,-2.712669988280024,-1.37149201787226,-0.008534693468279064,0.36666666666666664,-0.7,-1.5
1744814226.4483097,-45.0,-78.0,314.0,,-5.271627963198634,-1.3102824765599692,-0.051088069502415845,0.0,-0.1,-0.7333333333333333
1744814226.7247255,-53.0,-73.0,320.0,,-5.861349655997378,-0.9423856464360565,-0.016698739229918047,-0.06666666666666667,-0.26666666666666666,-0.4666666666666667
1744814226.995248,-54.0,-70.0,324.0,,-6.90538460990976,-0.8995432851817657,-0.08832903521814828,0.0,-0.1,-0.16666666666666666
1744814227.261108,-55.0,-70.0,326.0,,-7.022384609909761,-1.094118445524991,-0.02598161597805193,0.03333333333333333,-0.03333333333333333,-0.13333333333333333
1744814227.529754,-62.0,-63.0,335.0,,-6.701774002287889,-0.4192841140539265,-0.04902911252765252,0.06666666666666667,0.0,-0.1
1744814227.8083768,-65.0,-56.0,341.0,,-6.162858586764959,0.10387939082953501,-0.12512754661938796,0.1,0.03333333333333333,0.03333333333333333
1744814228.076991,-63.0,-62.0,337.0,,-6.044715885946073,-0.5562259977121116,0.015144955690088668,0.1,0.0,0.23333333333333334
1744814228.3434274,-64.0,-68.0,331.0,,-5.928673613300186,-0.14583040580517093,-0.02563080321679001,0.3333333333333333,0.06666666666666667,0.2
1744814228.6200984,-56.0,-85.0,318.0,,-5.8706699882800235,-0.6051414132350406,-0.003674217353162784,0.6,0.0,-0.0
1744814228.8803177,-49.0,-91.0,309.0,,-5.200505889484199,-1.0982990180146066,-0.004979010287140984,-0.23333333333333334,-0.06666666666666667,0.1
1744814229.1434724,-57.0,-112.0,301.0,,-7.703673613300186,1.2553582715446092,-4.392363845532412,0.5666666666666667,0.8333333333333334,-1.8
1744814229.4065118,-63.0,-134.0,285.0,,-9.714723441322167,-2.8412259977121117,-5.520350781123454,-0.9333333333333333,1.5,-1.5333333333333334
1744814229.673665,-82.0,-150.0,283.0,,-7.699999999999999,2.4385297543548052,-5.146007290193872,-0.03333333333333333,2.433333333333333,1.4
1744814229.9480891,-78.0,-116.0,330.0,,-9.317169594194828,-0.4463720368013657,0.010086411738958356,0.1,0.3,0.4
1744814230.2233229,-73.0,-104.0,348.0,,-9.205601074767525,0.3303496559973773,-0.056433512802233965,0.26666666666666666,0.26666666666666666,0.7333333333333333
1744814230.4851346,-74.0,-104.0,348.0,,-9.274601074767526,-0.33702276284509125,-0.0007324608889132111,0.7,-0.2,-0.6666666666666666
1744814230.7478402,-74.0,-121.0,332.0,,-9.438811219887722,-0.1120227628450916,-0.33565129787110337,0.13333333333333333,0.1,-0.13333333333333333
1744814231.0114067,-76.0,-126.0,330.0,,-8.671456714818234,0.22160107476752522,-0.13952709222981174,0.06666666666666667,0.0,-0.06666666666666667
1744814231.273181,-80.0,-129.0,329.0,,-8.417801881892887,-0.018035942950239914,-0.0004962938570006251,0.03333333333333333,0.03333333333333333,-0.0
1744814231.533707,-82.0,-134.0,326.0,,-7.556723441322167,0.1435297543548053,-0.11736629075823772,0.1,0.0,-0.03333333333333333
1744814231.7981462,-84.0,-138.0,322.0,,-7.094171248380401,0.22425979356276216,-0.0016259273030685348,0.03333333333333333,-0.03333333333333333,-0.03333333333333333
1744814232.0676978,-86.0,-152.0,309.0,,-5.242516030929588,0.11710333304887577,-0.0007297878916908765,0.0,0.0,-0.03333333333333333
1744814232.3312297,-87.0,179.0,281.0,,-0.5737918928502495,0.12755573594236935,-0.0009010282803451064,0.06666666666666667,-0.03333333333333333,-0.03333333333333333
1744814232.602887,-87.0,138.0,240.0,,5.809171248380401,0.20555573594237053,-0.0007671706844860765,0.06666666666666667,0.0,-0.03333333333333333
1744814232.863957,-87.0,107.0,208.0,,8.596349655997379,0.14655573594236948,-0.0009113274473042388,0.06666666666666667,-0.03333333333333333,-0.03333333333333333
1744814233.1253989,-86.0,98.0,199.0,,8.939529754354805,0.17610333304887682,-0.000507606114199248,0.03333333333333333,0.0,-0.03333333333333333
1744814233.3888464,-86.0,92.0,192.0,,9.07802401305733,0.14610333304887568,-0.0005753637447778182,0.06666666666666667,0.0,-0.0
1744814233.655048,-86.0,89.0,189.0,,9.0735058894842,0.20510333304887673,-0.0008148434338065558,0.06666666666666667,0.0,-0.03333333333333333
1744814233.9318252,-85.0,87.0,187.0,,9.05155573594237,0.1126699882800235,-0.0007376469669969493,0.03333333333333333,0.0,-0.0
1744814234.2025673,-85.0,86.0,186.0,,9.149103333048876,0.14266998828002286,-0.00047750389310657546,0.03333333333333333,-0.03333333333333333,-0.03333333333333333
1744814234.4785912,-85.0,84.0,183.0,,9.207259793562763,0.19166998828002413,-0.0017308902718869423,0.03333333333333333,-0.03333333333333333,-0.03333333333333333
1744814234.7711644,-85.0,81.0,181.0,,9.061222621238302,0.14266998828002286,-0.0008094440017019505,0.03333333333333333,0.0,-0.0
1744814235.07028,-85.0,80.0,179.0,,9.091964057049761,0.20166998828002392,-0.002264908092644527,0.03333333333333333,0.0,-0.03333333333333333
1744814235.3547614,-85.0,79.0,178.0,,9.109762669621585,0.23066998828002383,-0.0018310102335308692,0.03333333333333333,0.0,-0.03333333333333333
1744814235.6264136,-85.0,78.0,177.0,,9.114627963198634,0.2796699882800233,-0.0018909003623675188,0.03333333333333333,0.0,-0.03333333333333333
1744814235.9092796,-85.0,77.0,176.0,,8.97057033554316,0.26966998828002353,-0.0029674947156479448,0.03333333333333333,0.0,-0.03333333333333333
1744814236.1854534,-86.0,76.0,175.0,,8.890601074767526,0.16610333304887703,-0.00256754547548782,0.03333333333333333,0.0,-0.0
1744814236.4490812,-86.0,75.0,174.0,,8.906732355895759,0.15610333304887547,-0.0027998670084868615,0.06666666666666667,0.0,-0.03333333333333333
1744814236.7141378,-86.0,73.0,172.0,,8.871349655997378,0.2251033330488763,-0.002648323470564179,0.06666666666666667,0.0,-0.03333333333333333
1744814236.9748755,-86.0,73.0,172.0,,8.871349655997378,0.17610333304887682,-0.0024496300379595604,0.06666666666666667,0.0,-0.0
1744814237.2320378,-86.0,76.0,174.0,,9.037601074767526,0.17610333304887682,-0.001151456656198771,0.06666666666666667,0.0,-0.03333333333333333
1744814237.4927547,-86.0,80.0,178.0,,9.05296405704976,0.048103333048876706,-0.00047476166824979293,0.06666666666666667,0.0,-0.0
1744814237.7591097,-86.0,98.0,196.0,,9.292529754354804,0.14610333304887568,-0.2944155457369928,0.23333333333333334,0.03333333333333333,-0.0
1744814238.0339112,-84.0,153.0,252.0,,4.051646802444955,0.30225979356276156,-1.7722048886016128,0.36666666666666664,-0.03333333333333333,-0.06666666666666667
1744814238.3047376,-81.0,163.0,263.0,,2.652166423330046,0.2842226212383032,-2.7294069686540894,0.13333333333333333,-0.03333333333333333,-0.06666666666666667
1744814238.5679245,-81.0,165.0,265.0,,2.2640148324557314,0.20622262123830204,-2.796128784479567,0.06666666666666667,-0.03333333333333333,-0.03333333333333333
1744814238.8377407,-81.0,166.0,265.0,,2.1382537958327408,0.24522262123830174,-2.840105627451551,0.03333333333333333,0.0,-0.0
1744814239.1053786,-81.0,166.0,266.0,,2.0982537958327407,0.2262226212383034,-2.819090182631771,0.03333333333333333,0.0,-0.03333333333333333
1744814239.3643343,-81.0,166.0,266.0,,2.0592537958327406,0.21622262123830183,-2.8174383477366067,0.03333333333333333,0.0,-0.0
1744814239.622597,-81.0,166.0,266.0,,2.0982537958327407,0.2552226212383033,-2.881546155933866,0.06666666666666667,0.0,-0.03333333333333333
1744814239.8973672,-81.0,167.0,266.0,,1.931769843113318,0.23522262123830195,-2.8584942313816613,0.03333333333333333,0.0,-0.03333333333333333
1744814240.1645448,-81.0,167.0,266.0,,1.8537698431133178,0.16722262123830234,-2.8480088495618032,0.03333333333333333,0.0,-0.0
1744814240.4329703,-81.0,168.0,267.0,,1.7946136869222187,0.24522262123830174,-2.920233117079457,0.06666666666666667,0.0,-0.03333333333333333
1744814240.703579,-81.0,167.0,266.0,,1.8047698431133177,0.14722262123830276,-2.824834063302434,0.06666666666666667,-0.03333333333333333,-0.03333333333333333
1744814240.9710143,-81.0,167.0,266.0,,1.8737698431133178,0.18622262123830247,-2.850923140542097,0.0,0.0,-0.0
1744814241.2361677,-81.0,166.0,265.0,,2.2462537958327404,0.294222621238303,-2.6303875779860943,-0.06666666666666667,0.0,-0.03333333333333333
1744814241.499232,-83.0,157.0,256.0,,3.529072370479776,0.19487774760136922,-1.6857217999964482,-0.06666666666666667,0.0,-0.03333333333333333
1744814241.766908,-85.0,146.0,245.0,,5.230682383048028,0.22066998828002404,-0.9903729598588997,-0.03333333333333333,0.0,-0.06666666666666667
1744814242.0407553,-86.0,132.0,231.0,,6.937250737933238,0.17610333304887682,-0.4726382995312125,0.0,0.0,-0.03333333333333333
1744814242.3098226,-87.0,126.0,225.0,,7.652456714818235,0.1865557359423704,-0.3151561741506723,0.0,0.0,-0.0
1744814242.576072,-87.0,113.0,212.0,,8.72615261236844,0.14655573594236948,-0.07661059852310398,0.0,0.0,-0.0
1744814242.8441577,-87.0,87.0,186.0,,9.67855573594237,0.20555573594237053,-0.0019987846208836396,0.0,0.0,-0.0
1744814243.1120718,-87.0,66.0,165.0,,8.686880939473914,0.1865557359423704,-0.0045453416135981806,0.0,0.0,-0.03333333333333333
1744814243.3751895,-87.0,51.0,150.0,,7.397801881892885,0.16655573594236905,-0.005778725629472459,0.0,0.0,-0.03333333333333333
1744814243.6488135,-87.0,44.0,142.0,,6.706598614202764,0.24455573594237023,-0.009511963485206332,0.0,0.0,-0.03333333333333333
1744814243.9215503,-87.0,36.0,135.0,,5.697173324989162,0.1865557359423704,-0.00851669611796807,0.0,0.0,-0.03333333333333333
1744814244.193826,-86.0,29.0,128.0,,4.588982374616567,0.19510333304887695,-0.012055352813067133,0.0,0.0,-0.0
1744814244.4584403,-86.0,24.0,123.0,,3.8230864685736003,0.17610333304887682,-0.012145219034326304,0.0,0.0,-0.0
1744814244.7239792,-85.0,18.0,117.0,,2.7564567148182344,0.13266998828002308,-0.011315227603079014,0.0,0.0,-0.03333333333333333
1744814244.9946573,-84.0,15.0,115.0,,2.421014832455729,0.20425979356276258,-0.02080824451112695,0.0,0.0,-0.03333333333333333
1744814245.2584887,-84.0,14.0,113.0,,2.1772537958327405,0.16525979356276288,-0.017553685064773505,0.0,0.0,-0.03333333333333333
1744814245.519669,-83.0,13.0,112.0,,2.1287698431133157,0.23387774760136892,-0.028391225442475188,0.0,0.0,-0.0
1744814245.7866971,-82.0,11.0,110.0,,1.7538362446439044,0.1925297543548048,-0.026645571759624342,0.03333333333333333,0.0,-0.03333333333333333
1744814246.0585139,-81.0,10.0,110.0,,1.3994886229125867,0.12822262123830264,-0.020285936721347264,0.0,0.0,-0.03333333333333333
1744814246.3277388,-80.0,9.0,109.0,,1.2506221020446648,0.15796405704976024,-0.027494667785758375,0.0,0.0,-0.03333333333333333
1744814246.5898824,-79.0,8.0,108.0,,1.1102881204182422,0.0687626696215844,-0.010035761728739212,0.0,0.0,-0.03333333333333333
1744814246.8524742,-77.0,7.0,107.0,,1.0585382588044967,0.23257033554315854,-0.055058413874191636,-0.06666666666666667,-0.03333333333333333,-0.1
1744814247.1206696,-76.0,8.0,108.0,,0.9532881204182422,0.1536010747675256,-0.031028680813392828,0.0,0.0,-0.06666666666666667
1744814247.3825314,-74.0,9.0,108.0,,1.2106221020446648,0.41797723715490775,-0.11025327935168949,-0.2,0.03333333333333333,-0.06666666666666667
1744814247.6450021,-73.0,5.0,122.0,,0.47299783635452664,0.2023496559973772,-0.0356603624281302,-0.03333333333333333,0.0,-0.06666666666666667
1744814247.9284027,-72.0,7.0,125.0,,0.5675382588044967,0.13086442485545646,-0.008446531643122146,0.03333333333333333,0.0,-0.03333333333333333
1744814248.2011817,-72.0,8.0,126.0,,0.679288120418242,-0.05513557514454348,0.035734580505577984,0.23333333333333334,0.0,-0.0
1744814248.4679615,-76.0,8.0,129.0,,0.9732881204182421,0.02560107476752549,0.005025823027654308,0.43333333333333335,0.1,-0.0
1744814248.7307446,-81.0,12.0,138.0,,1.7846136869222193,0.24522262123830174,-0.03736682268128111,0.3333333333333333,0.03333333333333333,-0.0
1744814248.9928107,-86.0,24.0,151.0,,3.6760864685736,0.264103333048876,-0.02130556741302292,0.3333333333333333,0.0,-0.0
1744814249.2565556,-87.0,53.0,180.0,,7.559614353563942,0.0875557359423702,-0.0043901969002597685,0.2,0.0,-0.0
1744814249.5513008,-88.0,128.0,255.0,,7.622385492881944,0.22302401305733,-0.0011673289166179227,0.1,0.0,-0.0
1744814249.851007,-86.0,152.0,279.0,,4.438516030929589,0.23410333304887665,-0.4559779026947788,0.16666666666666666,0.0,-0.03333333333333333
1744814250.1797998,-85.0,156.0,283.0,,3.8230864685736026,0.2796699882800233,-0.8352615062347516,0.06666666666666667,0.0,-0.03333333333333333
1744814250.5211108,-85.0,154.0,281.0,,4.094420950000848,0.19166998828002413,-0.7323025894095601,0.0,0.0,-0.03333333333333333
1744814250.8503366,-87.0,135.0,262.0,,6.495717523440033,0.14655573594236948,-0.03829485096021763,-0.1,0.03333333333333333,-0.03333333333333333
1744814251.1740835,-86.0,40.0,167.0,,5.883746451024951,0.11710333304887577,-0.007067090225122863,-0.03333333333333333,-0.03333333333333333,-0.03333333333333333
1744814251.479439,-85.0,23.0,150.0,,3.529072370479776,0.054669988280023674,-0.003921549017829928,0.0,-0.03333333333333333,-0.03333333333333333
1744814251.7772465,-83.0,16.0,143.0,,2.292002460564762,0.0768777476013689,-0.007297420939481825,0.0,-0.03333333333333333,-0.03333333333333333
1744814252.078895,-81.0,14.0,141.0,,1.9612537958327407,0.13722262123830298,-0.01888461286448595,-0.03333333333333333,0.0,-0.03333333333333333
1744814252.364099,-80.0,13.0,139.0,,1.8737698431133156,0.20696405704975973,-0.0338065027199812,-0.03333333333333333,0.0,-0.03333333333333333
1744814252.6478252,-78.0,11.0,137.0,,1.5878362446439045,0.15162796319863325,-0.03127361217182356,0.0,0.0,-0.03333333333333333
1744814252.9247496,-77.0,9.0,136.0,,1.142622102044665,0.006570335543159445,0.005054362356938125,0.0,-0.03333333333333333,-0.03333333333333333
1744814253.1934314,-76.0,8.0,134.0,,0.904288120418242,0.06460107476752519,-0.009287514940749197,0.0,0.0,-0.0
1744814253.4598749,-76.0,7.0,134.0,,0.9205382588044967,0.11360107476752646,-0.02296192990901602,0.03333333333333333,0.0,-0.0
1744814253.7326324,-76.0,7.0,133.0,,0.8815382588044967,0.13360107476752603,-0.02703441399653661,0.03333333333333333,0.0,-0.0
1744814254.0093167,-76.0,8.0,134.0,,1.071288120418242,0.10460107476752611,-0.026094791852871335,0.06666666666666667,0.0,-0.03333333333333333
1744814254.2765675,-77.0,7.0,133.0,,0.9605382588044967,0.09557033554315986,-0.019213624424824438,0.1,0.0,-0.03333333333333333
1744814254.5438383,-79.0,6.0,133.0,,0.8294242246556807,0.08776266962158452,-0.014365118001342658,0.13333333333333333,0.0,-0.03333333333333333
1744814254.8078525,-80.0,5.0,132.0,,0.5309978363545267,0.12896405704976033,-0.02132621351578634,0.1,0.0,-0.0
1744814255.0753064,-82.0,5.0,131.0,,0.7079978363545266,0.07452975435480447,-0.010220033735127254,0.23333333333333334,0.0,-0.0
1744814255.3379042,-85.0,6.0,132.0,,0.9664242246556807,0.22066998828002404,-0.01745087760875752,0.23333333333333334,0.0,-0.03333333333333333
1744814255.5982273,-88.0,136.0,262.0,,6.5695986142027625,0.09502401305732988,-0.0001008063976008812,0.36666666666666664,0.0,-0.03333333333333333
1744814255.8834622,-82.0,168.0,294.0,,1.804613686922219,0.3495297543548048,-2.4181295616412797,0.43333333333333335,0.0,-0.03333333333333333
1744814256.1618547,-77.0,172.0,298.0,,1.130288120418241,0.19357033554315883,-3.9114828547537757,0.13333333333333333,0.0,-0.06666666666666667
1744814256.464519,-76.0,172.0,297.0,,1.130288120418241,0.22160107476752522,-4.274617332081055,0.1,0.0,-0.03333333333333333
1744814256.7378,-75.0,172.0,298.0,,0.9342881204182409,0.05173235589576031,-4.457338854064108,0.03333333333333333,0.0,-0.0
1744814257.0063229,-74.0,171.0,297.0,,1.1426221020446659,0.19197723715490866,-4.809671542849488,0.03333333333333333,0.0,-0.03333333333333333
1744814257.285936,-74.0,172.0,297.0,,1.051288120418241,0.1429772371549074,-4.664872310609245,0.03333333333333333,0.0,-0.03333333333333333
1744814257.5580862,-75.0,172.0,297.0,,1.159288120418241,0.14973235589575928,-4.560056861764803,0.0,0.0,-0.0
1744814257.8578029,-77.0,172.0,298.0,,1.228288120418241,0.11457033554315821,-3.7019664926275713,-0.03333333333333333,-0.06666666666666667,-0.03333333333333333
1744814258.1467655,-80.0,171.0,297.0,,1.387622102044666,0.16796405704976003,-2.3417022572059354,-0.26666666666666666,0.03333333333333333,-0.03333333333333333
1744814258.4169016,-84.0,164.0,291.0,,2.5860024605647625,0.23425979356276194,-1.289729604383958,-0.2,0.0,-0.03333333333333333
1744814258.6851215,-87.0,141.0,268.0,,5.938633036198905,0.24455573594237023,-0.05674745930594963,-0.06666666666666667,0.0,-0.03333333333333333
1744814258.9640129,-87.0,62.0,189.0,,8.534715885946072,0.24455573594237023,-0.009006484107929535,-0.03333333333333333,-0.03333333333333333,-0.06666666666666667
1744814259.253199,-86.0,36.0,163.0,,5.472173324989162,0.17610333304887682,-0.010983093035562441,0.0,0.0,-0.03333333333333333
1744814259.5266871,-86.0,32.0,159.0,,5.06150798212774,0.21510333304887652,-0.014932198304924427,0.03333333333333333,0.0,-0.0
1744814259.8091865,-86.0,31.0,158.0,,4.817523514867632,0.14610333304887568,-0.010319512768701244,0.03333333333333333,0.0,-0.0
1744814260.106227,-86.0,29.0,156.0,,4.4419823746165665,0.14610333304887568,-0.010062511279503528,0.03333333333333333,0.0,-0.03333333333333333
1744814260.3853245,-86.0,33.0,160.0,,5.254908933497416,0.2251033330488763,-0.013762909949785018,0.16666666666666666,0.0,-0.03333333333333333
1744814260.6650548,-88.0,88.0,215.0,,9.83202401305733,0.3500240130573289,-0.0007529829144625813,0.06666666666666667,0.03333333333333333,-0.03333333333333333
1744814260.9420712,-87.0,144.0,271.0,,5.639173324989163,0.19555573594236897,-0.29514792027313524,0.16666666666666666,0.0,-0.0
1744814261.2172058,-84.0,162.0,289.0,,2.698456714818235,0.14625979356276275,-1.4021937715967676,0.3333333333333333,0.03333333333333333,-0.13333333333333333
1744814261.4960387,-80.0,164.0,292.0,,2.1350024605647624,0.08996405704976063,-2.703825221820267,0.23333333333333334,-0.03333333333333333,-0.1
1744814261.7827482,-77.0,166.0,294.0,,1.9612537958327407,0.11457033554315821,-3.757893962500954,0.16666666666666666,0.0,-0.03333333333333333
1744814262.0667274,-75.0,166.0,294.0,,1.9022537958327406,0.19873235589576055,-4.606674849291183,0.13333333333333333,-0.03333333333333333,-0.0
1744814262.3441648,-73.0,167.0,294.0,,1.6677698431133177,0.1533496559973777,-5.002462023675378,0.16666666666666666,-0.03333333333333333,-0.06666666666666667
1744814262.622564,-72.0,167.0,295.0,,1.6867698431133178,0.27886442485545615,-5.663769953689432,0.16666666666666666,-0.06666666666666667,-0.03333333333333333
1744814262.8909335,-71.0,168.0,295.0,,1.421613686922219,0.14553722662929758,-5.828886962165454,0.03333333333333333,0.0,-0.0
1744814263.1667733,-71.0,168.0,295.0,,1.5196136869222188,0.23353722662929854,-5.895385749904898,0.03333333333333333,0.0,-0.03333333333333333
1744814263.439591,-71.0,167.0,295.0,,1.6277698431133178,0.15553722662929914,-5.89045827402826,0.03333333333333333,0.0,-0.03333333333333333
1744814263.7177014,-71.0,167.0,295.0,,1.6377698431133179,0.24353722662929833,-5.839375995048614,-0.03333333333333333,0.03333333333333333,-0.0
1744814264.0037744,-73.0,167.0,295.0,,1.7657698431133177,0.33934965599737765,-5.323706611031442,0.0,0.0,-0.0
1744814264.2782536,-75.0,167.0,295.0,,1.8247698431133177,0.23773235589576025,-4.636630618593134,-0.16666666666666666,0.06666666666666667,-0.0
1744814264.5493963,-77.0,165.0,294.0,,2.2350148324557315,0.21257033554315896,-3.6024756689407504,-0.13333333333333333,0.0,-0.0
1744814264.8330119,-80.0,163.0,293.0,,2.4271664233300463,0.10896405704976075,-2.491570760356455,-0.1,0.0,-0.0
1744814265.1109176,-82.0,161.0,291.0,,2.8998235952247065,0.1535297543548051,-1.8813045593048203,-0.03333333333333333,0.0,-0.0
1744814265.392225,-84.0,159.0,288.0,,3.1915895850393956,0.13625979356276297,-1.244541583441452,0.0,-0.03333333333333333,-0.03333333333333333
1744814265.680033,-84.0,159.0,288.0,,3.1235895850393955,0.07725979356276191,-1.200439536475673,0.03333333333333333,0.0,-0.03333333333333333
1744814265.9707363,-84.0,158.0,287.0,,3.3118906814100995,0.07725979356276191,-1.162371779106596,0.0,0.0,-0.0
1744814266.2595758,-84.0,157.0,286.0,,3.607072370479776,0.25325979356276207,-1.3111466947626054,0.03333333333333333,0.0,-0.0
1744814266.5411098,-84.0,161.0,290.0,,2.8508235952247065,0.11625979356276162,-1.3999814808365625,0.1,0.03333333333333333,-0.0
1744814266.8245018,-80.0,168.0,297.0,,1.784613686922219,0.16796405704976003,-2.6766130898440244,0.2,0.0,-0.06666666666666667
1744814267.1083288,-77.0,167.0,296.0,,1.9127698431133178,0.22257033554315875,-3.7599230415966707,0.13333333333333333,0.0,-0.03333333333333333
1744814267.4055836,-74.0,168.0,297.0,,1.6276136869222189,0.1329772371549076,-4.834131657048983,0.2,0.0,-0.06666666666666667
1744814267.6999614,-70.0,169.0,297.0,,1.3518362446439063,0.18638460990976036,-5.91773840852448,0.23333333333333334,0.0,-0.1
1744814268.0295405,-64.0,168.0,297.0,,1.215613686922219,0.19716959419482905,-8.004642627655285,0.23333333333333334,0.0,-0.1
1744814268.3334846,-63.0,169.0,297.0,,1.0088362446439063,0.03277400228788885,-8.150157330268843,0.03333333333333333,0.0,-0.0
1744814268.6308293,-63.0,168.0,297.0,,1.3336136869222188,0.15977400228788952,-8.260601336273098,0.0,0.0,-0.0
1744814268.9198425,-63.0,168.0,297.0,,1.2646136869222189,0.06177400228788876,-8.074250141738998,0.0,0.0,-0.0
1744814269.2092173,-64.0,168.0,297.0,,1.304613686922219,0.1281695941948282,-7.745155766781138,-0.06666666666666667,0.0,-0.0
1744814269.486978,-66.0,168.0,297.0,,1.2056136869222187,0.008880939473915106,-6.984917743761577,0.0,0.0,-0.0
1744814269.7684975,-67.0,168.0,297.0,,1.2356136869222187,-0.07084738763156118,-6.473194140930443,-0.06666666666666667,0.03333333333333333,-0.0
1744814270.0630667,-70.0,168.0,298.0,,1.3536136869222188,0.0883846099097596,-5.82746853406805,-0.1,0.0,-0.0
1744814270.343967,-72.0,168.0,298.0,,1.5006136869222186,0.16086442485545582,-4.997987263446118,-0.23333333333333334,0.06666666666666667,-0.0
1744814270.64095,-75.0,168.0,298.0,,1.7256136869222187,0.12073235589575937,-3.853477522400464,-0.06666666666666667,0.0,-0.0
1744814270.9273872,-79.0,167.0,296.0,,1.8827698431133177,0.1077626696215841,-2.574201284020043,-0.13333333333333333,0.0,-0.0
1744814271.2071652,-82.0,163.0,293.0,,2.7501664233300462,0.2605297543548044,-1.6129182363451204,-0.03333333333333333,-0.03333333333333333,-0.03333333333333333
1744814271.4796536,-83.0,161.0,290.0,,3.0368235952247065,0.11687774760136982,-1.166276724686406,0.03333333333333333,-0.03333333333333333,-0.03333333333333333
1744814271.7649183,-83.0,160.0,289.0,,3.1782176060248117,0.2148777476013688,-1.152040701071739,0.03333333333333333,0.0,-0.0
1744814272.0508485,-83.0,160.0,289.0,,3.188217606024812,0.1758777476013691,-1.0708656095731532,0.06666666666666667,-0.03333333333333333,-0.0
1744814272.3277957,-84.0,160.0,289.0,,3.1592176060248116,0.22425979356276216,-0.9530187233795988,0.06666666666666667,0.0,-0.03333333333333333
1744814272.6086695,-84.0,160.0,289.0,,3.0612176060248117,0.14625979356276275,-0.9489851389058157,0.03333333333333333,0.0,-0.03333333333333333
1744814272.8857503,-84.0,160.0,288.0,,3.0902176060248117,0.13625979356276297,-0.9283726148160372,0.06666666666666667,0.0,-0.03333333333333333
1744814273.1686609,-84.0,159.0,288.0,,3.2605895850393956,0.14625979356276275,-0.9692077559350183,0.03333333333333333,0.0,-0.03333333333333333
1744814273.4382544,-84.0,160.0,289.0,,3.1982176060248118,0.20425979356276258,-1.071384043851861,0.03333333333333333,0.0,-0.0
1744814273.7191396,-84.0,160.0,289.0,,3.208217606024812,0.20425979356276258,-1.01071972440029,0.03333333333333333,0.0,-0.03333333333333333
1744814274.0106142,-84.0,161.0,290.0,,3.0468235952247067,0.19525979356276224,-0.9900211693920384,0.06666666666666667,0.0,-0.03333333333333333
1744814274.308721,-84.0,163.0,292.0,,2.7411664233300463,0.21425979356276237,-1.2095157524866686,0.13333333333333333,0.0,-0.0
1744814274.5947847,-82.0,168.0,297.0,,1.9616136869222187,0.1045297543548056,-1.8167054217281189,0.13333333333333333,0.0,-0.0
1744814274.8770564,-80.0,172.0,301.0,,1.306288120418241,0.21696405704975952,-2.643770215025074,0.23333333333333334,-0.03333333333333333,-0.03333333333333333
1744814275.161713,-77.0,173.0,302.0,,1.1565382588044975,0.2915703355431596,-4.04963302447957,0.3,-0.03333333333333333,-0.06666666666666667
1744814275.4436152,-73.0,173.0,302.0,,0.8915382588044973,0.09434965599737666,-5.085786596901203,0.26666666666666666,-0.03333333333333333,-0.06666666666666667
1744814275.7305124,-69.0,173.0,302.0,,0.8915382588044973,0.11642398393754938,-6.518924527039067,0.36666666666666664,-0.03333333333333333,-0.1
1744814276.0313919,-64.0,172.0,300.0,,0.9532881204182411,0.14816959419482778,-8.034121093368478,0.16666666666666666,0.0,-0.06666666666666667
1744814276.3207517,-62.0,172.0,300.0,,0.767288120418241,0.12971588594607297,-8.642747984674086,0.13333333333333333,0.0,-0.03333333333333333
1744814276.6068418,-60.0,172.0,300.0,,0.865288120418241,0.08170921112534302,-9.102165083560696,0.13333333333333333,-0.03333333333333333,-0.06666666666666667
1744814276.8921502,-59.0,172.0,299.0,,0.796288120418241,0.11281121988772291,-9.432612607362872,0.1,0.0,-0.03333333333333333
1744814277.178953,-59.0,172.0,299.0,,0.796288120418241,0.12181121988772148,-9.523872790815712,0.03333333333333333,0.0,-0.0
1744814277.4640763,-59.0,172.0,299.0,,0.767288120418241,0.01481121988772216,-9.407002531730118,0.03333333333333333,0.03333333333333333,-0.03333333333333333
1744814277.7546957,-60.0,172.0,300.0,,0.8062881204182409,0.15070921112534208,-9.324016238743233,0.03333333333333333,-0.03333333333333333,-0.03333333333333333
1744814278.0470884,-60.0,172.0,299.0,,0.767288120418241,-0.016290788874657736,-9.163951921465554,0.06666666666666667,-0.03333333333333333,-0.03333333333333333
1744814278.338776,-60.0,172.0,299.0,,0.718288120418241,-0.026290788874657522,-9.088373187554591,0.06666666666666667,0.0,-0.03333333333333333
1744814278.6228216,-60.0,172.0,299.0,,0.826288120418241,0.18970921112534356,-9.323617856556687,0.06666666666666667,-0.03333333333333333,-0.03333333333333333
1744814278.9059374,-60.0,172.0,299.0,,0.737288120418241,-0.016290788874657736,-9.129015362333266,0.06666666666666667,0.0,-0.03333333333333333
1744814279.1851006,-60.0,172.0,299.0,,0.698288120418241,0.012709211125342179,-9.17399306284754,0.03333333333333333,0.0,-0.0
1744814279.4613645,-60.0,172.0,299.0,,0.531288120418241,-0.05529078887465744,-9.06956344001339,0.03333333333333333,0.0,-0.0
1744814279.7460966,-60.0,172.0,299.0,,0.649288120418241,-0.006290788874657949,-9.042336903992158,0.03333333333333333,-0.03333333333333333,-0.06666666666666667
1744814280.0373292,-61.0,171.0,299.0,,0.9756221020446659,0.14601932703747345,-8.969467712639691,0.06666666666666667,-0.03333333333333333,-0.03333333333333333
1744814280.319731,-61.0,171.0,299.0,,0.877622102044666,0.05801932703747248,-8.947769892706678,0.0,0.0,-0.0
1744814280.6036434,-62.0,171.0,299.0,,0.897622102044666,0.14971588594607255,-8.738952369224224,-0.1,0.0,-0.0
1744814280.8817532,-66.0,173.0,301.0,,0.9115382588044973,0.292880939473914,-7.5792250459831045,-0.13333333333333333,-0.03333333333333333,-0.0
1744814281.1626167,-70.0,174.0,302.0,,0.8884242246556833,0.17638460990976057,-6.144757496105116,-0.23333333333333334,0.0,-0.0
1744814281.4415905,-77.0,173.0,301.0,,0.9505382588044974,0.12457033554315977,-3.546593450967304,-0.43333333333333335,0.03333333333333333,-0.06666666666666667
1744814281.7300441,-85.0,136.0,266.0,,6.167598614202762,-0.004330011719975602,-0.11606773907715473,-0.36666666666666664,0.0,-0.13333333333333333
1744814282.0341375,-83.0,29.0,160.0,,4.225982374616566,0.1268777476013696,-0.013767347320075674,-0.06666666666666667,-0.06666666666666667,-0.0
1744814282.324908,-83.0,23.0,153.0,,3.558072370479776,0.23387774760136892,-0.028225334110496103,0.06666666666666667,0.0,-0.0
1744814282.6156673,-83.0,20.0,151.0,,3.1982176060248104,0.13587774760136817,-0.016470688824134605,0.06666666666666667,0.0,-0.0
1744814282.9059858,-83.0,20.0,150.0,,3.0122176060248105,0.19487774760136922,-0.022990201939064203,0.06666666666666667,0.0,-0.03333333333333333
1744814283.203851,-83.0,18.0,148.0,,2.815456714818234,0.18487774760136944,-0.02170760050904863,0.06666666666666667,0.0,-0.0
1744814283.4958026,-83.0,17.0,148.0,,2.642166423330048,0.19487774760136922,-0.02288924511287216,0.03333333333333333,0.0,-0.03333333333333333
1744814283.7951436,-83.0,16.0,146.0,,2.567002460564762,0.22487774760136858,-0.02435218918330606,0.06666666666666667,0.0,-0.0
1744814284.0980897,-83.0,15.0,146.0,,2.284014832455729,0.204877747601369,-0.022690686827492534,0.06666666666666667,0.0,-0.06666666666666667
1744814284.4114718,-84.0,27.0,161.0,,4.188646802444954,0.3222597935627629,-0.025183584455021668,0.06666666666666667,-0.1,-0.13333333333333333
1744814284.7323976,-84.0,36.0,171.0,,5.187173324989162,0.11625979356276162,-0.010079061659487687,0.06666666666666667,0.03333333333333333,0.03333333333333333
1744814285.0445566,-85.0,32.0,167.0,,4.54150798212774,-0.19133001171997677,0.017762980237755466,0.0,0.06666666666666667,-0.0
1744814285.3477588,-85.0,33.0,168.0,,4.891908933497416,0.2896699882800231,-0.013020660233646397,0.03333333333333333,0.03333333333333333,-0.03333333333333333
1744814285.639483,-85.0,28.0,163.0,,4.517516030929589,0.20166998828002392,-0.01729054709252653,0.03333333333333333,0.03333333333333333,-0.03333333333333333
1744814285.9426186,-85.0,31.0,167.0,,5.218523514867632,0.23066998828002383,-0.01970852662240241,0.03333333333333333,-0.1,-0.06666666666666667
1744814286.2421982,-85.0,30.0,167.0,,5.276999999999999,0.6036699882800232,-0.01817490034949326,0.03333333333333333,0.13333333333333333,-0.0
1744814286.5314217,-85.0,25.0,162.0,,3.311885147676262,-0.03433001171997674,0.00642709739016889,0.0,0.03333333333333333,-0.03333333333333333
1744814286.8225005,-85.0,27.0,164.0,,4.188646802444954,0.2796699882800233,-0.018507334097448425,0.06666666666666667,0.0,-0.03333333333333333
1744814287.113932,-85.0,24.0,162.0,,3.8230864685736003,0.08366998828002359,-0.007204028650027339,0.03333333333333333,0.03333333333333333,-0.0
1744814287.4046905,-85.0,24.0,162.0,,3.8820864685736,0.18166998828002434,-0.015310414099815484,0.03333333333333333,0.0,-0.03333333333333333
1744814287.6869938,-84.0,25.0,163.0,,4.027885147676262,0.17525979356276267,-0.01588067956287753,0.03333333333333333,0.0,-0.03333333333333333
1744814287.9796996,-84.0,23.0,161.0,,3.598072370479776,0.0872597935627617,-0.008902769820249401,0.03333333333333333,-0.03333333333333333,-0.03333333333333333
1744814288.264477,-84.0,23.0,160.0,,3.686072370479776,0.17525979356276267,-0.016493579651211898,0.03333333333333333,0.0,-0.03333333333333333
1744814288.5477595,-84.0,22.0,159.0,,3.5968906814100974,0.26325979356276186,-0.024706565341020892,0.03333333333333333,0.0,-0.0
1744814288.8357594,-84.0,21.0,158.0,,3.201589585039396,0.05725979356276234,-0.006003726434872347,0.03333333333333333,0.0,-0.03333333333333333
1744814289.1252189,-84.0,21.0,159.0,,3.162589585039396,0.04725979356276255,-0.0043005894114174215,0.03333333333333333,-0.03333333333333333,-0.03333333333333333
1744814289.4200747,-84.0,19.0,157.0,,3.0958235952247075,0.21425979356276237,-0.020890877025069643,0.06666666666666667,0.0,-0.03333333333333333
1744814289.6978672,-84.0,17.0,154.0,,2.760166423330048,0.13625979356276297,-0.014065986767174632,0.03333333333333333,0.0,-0.03333333333333333
1744814289.9893768,-83.0,20.0,158.0,,3.1002176060248106,0.2928777476013682,-0.027047524624558394,-0.03333333333333333,0.0,-0.06666666666666667
1744814290.2789838,-83.0,29.0,167.0,,4.931982374616567,0.037877747601369194,-0.00491152399242667,0.1,0.03333333333333333,-0.0
1744814290.569577,-87.0,63.0,199.0,,9.04377400228789,0.5885557359423697,-0.2601524555905036,0.23333333333333334,-0.2,-0.06666666666666667
1744814290.8550935,-86.0,120.0,254.0,,8.309709211125345,0.37210333304887655,-0.27767840970623814,0.23333333333333334,0.03333333333333333,-0.16666666666666666
1744814291.1453254,-84.0,125.0,261.0,,7.21188155447501,0.5282597935627624,-1.0676860163808055,-0.03333333333333333,0.2,-0.03333333333333333
1744814291.432513,-83.0,116.0,255.0,,7.326169594194829,-0.19712225239863024,-1.4489031166651976,0.06666666666666667,0.1,-0.13333333333333333
1744814291.7160366,-81.0,114.0,253.0,,7.657880939473914,-0.1177773787616978,-1.0905534682609825,0.0,0.0,-0.03333333333333333
1744814292.0228179,-81.0,110.0,249.0,,8.296384609909762,0.5392226212383022,-1.1109207871871534,0.06666666666666667,-0.03333333333333333,-0.06666666666666667
1744814292.3171148,-81.0,109.0,249.0,,8.039537226629298,0.020222621238302096,-0.7060197144698636,0.03333333333333333,0.0,-0.03333333333333333
1744814292.610596,-81.0,109.0,249.0,,8.128537226629298,0.10822262123830306,-0.6511916031332434,0.06666666666666667,0.06666666666666667,-0.03333333333333333
1744814292.8998382,-80.0,119.0,260.0,,7.335019327037474,-0.008035942950240127,-1.1185839948646696,0.1,0.1,0.03333333333333333
1744814293.1887295,-79.0,134.0,276.0,,5.850723441322167,0.24476266962158455,-2.661346524651017,0.2,0.0,-0.03333333333333333
1744814293.483021,-76.0,146.0,288.0,,4.181682383048027,0.055601074767526626,-3.7191700471720437,0.2,0.0,-0.03333333333333333
1744814293.7772746,-73.0,150.0,293.0,,3.5119999999999996,0.1923496559973774,-4.837123270969116,0.16666666666666666,0.0,-0.03333333333333333
1744814294.0707297,-72.0,152.0,295.0,,3.3695160309295886,0.30786442485545606,-5.365679703381032,0.1,0.0,-0.03333333333333333
1744814294.361245,-69.0,154.0,298.0,,2.7804209500008485,0.2544239839375493,-6.147929721825611,0.16666666666666666,0.0,-0.06666666666666667
1744814294.6535969,-67.0,156.0,299.0,,2.637086468573602,0.1451526123684399,-6.744044556595537,0.13333333333333333,0.03333333333333333,-0.16666666666666666
1744814294.9448931,-65.0,156.0,299.0,,2.3030864685736026,0.23187939082953513,-7.52419328417445,0.23333333333333334,-0.03333333333333333,-0.1
1744814295.240978,-63.0,156.0,300.0,,2.2930864685736023,0.3367740022878891,-8.075336714048653,0.16666666666666666,-0.03333333333333333,-0.06666666666666667
1744814295.5357442,-61.0,158.0,301.0,,1.9288906814100995,0.15601932703747323,-8.747606819058735,0.1,0.0,-0.03333333333333333
1744814295.834245,-59.0,161.0,303.0,,1.7518235952247065,0.043811219887722075,-9.411142662798518,0.23333333333333334,-0.03333333333333333,-0.0
1744814296.1343496,-57.0,162.0,305.0,,1.4724567148182353,0.009358271544609664,-9.93211100996292,0.06666666666666667,0.0,-0.03333333333333333
1744814296.425878,-57.0,162.0,305.0,,1.423456714818235,0.21535827154460918,-10.137447050340953,0.0,0.0,-0.0
1744814296.72252,-57.0,161.0,304.0,,1.5858235952247064,0.30335827154460926,-10.297158170032688,0.03333333333333333,-0.03333333333333333,-0.03333333333333333
1744814297.0123541,-57.0,160.0,302.0,,1.7072176060248119,0.03835827154460958,-9.833772893442106,0.03333333333333333,0.0,-0.1
1744814297.3094025,-57.0,159.0,301.0,,1.6915895850393954,0.1563582715446099,-9.851134708645198,0.0,0.03333333333333333,-0.03333333333333333
1744814297.6014752,-57.0,159.0,301.0,,1.5145895850393956,0.01935827154460945,-10.11617921167078,0.1,0.0,-0.03333333333333333
1744814297.8999162,-56.0,158.0,300.0,,1.9098906814100995,0.31685858676495915,-10.245680311417669,0.03333333333333333,0.03333333333333333,-0.03333333333333333
1744814298.199458,-56.0,157.0,299.0,,1.9800723704797758,0.03285858676495934,-10.024815885881779,0.0,0.0,-0.0
1744814298.4928737,-57.0,157.0,299.0,,1.9310723704797759,0.23535827154460964,-10.014643669751848,0.0,0.0,-0.06666666666666667
1744814298.7857957,-58.0,156.0,299.0,,1.9600864685736026,0.24835182329453964,-9.621626578147923,0.0,0.06666666666666667,-0.06666666666666667
1744814299.076432,-58.0,154.0,297.0,,1.8974209500008485,0.08135182329453983,-9.161549565598122,0.0,0.0,-0.03333333333333333
1744814299.366365,-60.0,151.0,295.0,,2.7849823746165674,0.1697092111253422,-8.676038272226867,-0.06666666666666667,0.0,-0.1
1744814299.6446838,-67.0,145.0,286.0,,3.116784840603761,0.8611526123684392,-7.552340517487683,-0.36666666666666664,0.03333333333333333,-0.06666666666666667
1744814299.9448938,-72.0,131.0,272.0,,4.863700981985395,0.4648644248554561,-4.815773570206308,-0.3333333333333333,0.06666666666666667,-0.03333333333333333
1744814300.227948,-75.0,105.0,246.0,,6.80873235589576,0.1397323558957595,-1.925233292660382,-0.36666666666666664,0.06666666666666667,-0.03333333333333333
1744814300.51617,-75.0,91.0,232.0,,7.170505889484199,0.1397323558957595,-0.6876086539925432,0.0,0.03333333333333333,-0.0
1744814300.8331904,-75.0,88.0,229.0,,7.225024013057329,0.24773235589576004,-0.3561648196474442,0.03333333333333333,0.0,-0.03333333333333333
1744814301.1478634,-74.0,87.0,227.0,,7.15855573594237,0.12397723715490905,-0.03826970586911632,0.06666666666666667,-0.06666666666666667,-0.06666666666666667
1744814301.4578376,-74.0,86.0,226.0,,7.030103333048876,0.034977237154908636,-0.00023715428693349416,0.0,0.0,-0.0
1744814301.7850375,-73.0,84.0,223.0,,7.118259793562762,0.11434965599737801,-0.004193154373896918,0.0,-0.03333333333333333,-0.03333333333333333
1744814302.105026,-73.0,81.0,220.0,,7.159222621238303,0.34934965599737744,-0.013337989661677374,0.0,0.0,-0.06666666666666667
1744814302.4037063,-73.0,81.0,219.0,,7.0612226212383025,0.1923496559973774,-0.010731249673122223,0.03333333333333333,0.0,-0.06666666666666667
1744814302.6929688,-72.0,82.0,221.0,,7.007529754354805,0.15086442485545604,-0.010170200320416378,0.06666666666666667,0.0,-0.03333333333333333
1744814302.975821,-71.0,85.0,225.0,,6.202669988280023,0.16553722662929893,-0.0005438336327369397,0.1,0.03333333333333333,-0.1
1744814303.2623894,-70.0,86.0,226.0,,6.746103333048876,0.039384609909760115,-0.0033487966194322982,0.03333333333333333,0.0,-0.0
1744814303.5470405,-71.0,86.0,226.0,,6.785103333048877,0.05753722662929839,-0.0031730347549542848,0.06666666666666667,0.0,-0.03333333333333333
1744814303.843855,-71.0,86.0,225.0,,6.746103333048876,-0.0014627733707008872,-0.0012998130011322995,0.03333333333333333,0.0,-0.0
1744814304.1384668,-72.0,86.0,225.0,,7.030103333048876,0.26886442485545636,-0.008340074114337487,0.06666666666666667,0.0,-0.03333333333333333
1744814304.4300208,-72.0,86.0,225.0,,6.805103333048876,0.023864424855457145,-0.0009098335985549544,0.03333333333333333,0.0,-0.03333333333333333
1744814304.7196178,-72.0,86.0,225.0,,7.021103333048876,0.17986442485545595,-0.006106686282183971,0.03333333333333333,-0.03333333333333333,-0.03333333333333333
1744814305.0020108,-72.0,86.0,225.0,,6.9811033330488765,0.08186442485545697,-0.002497091796977602,0.06666666666666667,0.0,-0.03333333333333333
1744814305.2785184,-72.0,87.0,226.0,,7.1095557359423704,0.3768644248554569,-0.01844527905812962,0.03333333333333333,0.0,-0.0
1744814305.5584877,-72.0,88.0,226.0,,7.15602401305733,0.22886442485545544,-0.005470293454155478,0.03333333333333333,0.0,-0.03333333333333333
1744814305.8436916,-72.0,87.0,225.0,,7.060555735942369,0.06286442485545685,-0.002672684018178939,0.03333333333333333,0.0,-0.0
1744814306.1224377,-72.0,88.0,226.0,,6.9210240130573295,0.08186442485545697,-0.001239680116627534,0.1,-0.03333333333333333,-0.03333333333333333
1744814306.4016783,-72.0,95.0,232.0,,7.007669988280023,0.05286442485545706,-0.5696696432486044,0.3333333333333333,-0.06666666666666667,-0.0
1744814306.6842306,-72.0,107.0,245.0,,6.714349655997379,0.12186442485545612,-1.8189645949183801,0.3,-0.03333333333333333,-0.03333333333333333
1744814306.9698107,-71.0,118.0,255.0,,5.896715885946072,0.16553722662929893,-3.084582366762398,0.2,0.0,-0.0
1744814307.2488115,-68.0,126.0,264.0,,5.278456714818235,0.240673613300185,-4.44327529376301,0.3,-0.03333333333333333,-0.03333333333333333
1744814307.5307302,-67.0,131.0,269.0,,4.726700981985395,0.2331526123684391,-5.206700315565028,0.2,-0.03333333333333333,-0.06666666666666667
1744814307.818826,-65.0,136.0,274.0,,4.049598614202763,0.0748793908295351,-5.991274841582156,0.23333333333333334,0.0,-0.06666666666666667
1744814308.111909,-62.0,140.0,278.0,,3.4327464510249523,-0.08528411405392688,-6.802204871054979,0.2,0.0,-0.0
1744814308.403825,-60.0,144.0,282.0,,3.010173324989163,0.22870921112534326,-7.873930449980243,0.2,0.0,-0.03333333333333333
1744814308.6911132,-58.0,146.0,284.0,,2.729682383048028,0.023351823294539997,-8.53019515390656,0.2,-0.03333333333333333,-0.0
1744814308.979835,-56.0,149.0,286.0,,2.394523514867634,0.15985858676495912,-9.429517192977755,0.13333333333333333,-0.03333333333333333,-0.03333333333333333
1744814309.268654,-54.0,150.0,287.0,,2.119999999999999,0.1014567148182346,-9.693775685865802,0.16666666666666666,-0.03333333333333333,-0.03333333333333333
1744814309.5521886,-53.0,150.0,288.0,,2.168999999999999,0.11661435356394279,-10.182031882734922,0.13333333333333333,-0.03333333333333333,-0.06666666666666667
1744814309.8533404,-52.0,151.0,288.0,,2.0199823746165673,0.21838549288194375,-10.509150857149285,0.13333333333333333,0.0,-0.06666666666666667
1744814310.193372,-51.0,152.0,289.0,,1.7715160309295883,0.2978018818928856,-10.994749638406166,0.2,-0.03333333333333333,-0.06666666666666667
1744814310.5471127,-48.0,153.0,290.0,,1.609646802444955,0.08225073793323734,-11.637204771750383,0.13333333333333333,0.0,-0.06666666666666667
1744814310.8680708,-47.0,154.0,290.0,,1.2804209500008485,-0.033420187115937416,-11.959355435193793,0.13333333333333333,0.0,-0.1
1744814311.166642,-45.0,154.0,290.0,,1.3484209500008486,0.07171752344003046,-12.28575039513543,0.13333333333333333,0.0,-0.06666666666666667
1744814311.4556215,-44.0,154.0,290.0,,1.4564209500008487,0.29359861420276356,-12.902925849896178,0.1,0.0,-0.06666666666666667
1744814311.7525918,-43.0,154.0,290.0,,1.2604209500008485,0.1494039122131099,-12.868466506025808,0.1,-0.03333333333333333,-0.1
1744814312.0589154,-44.0,154.0,289.0,,1.2214209500008484,0.0575986142027638,-12.654553021978256,0.03333333333333333,0.0,-0.06666666666666667
1744814312.3493838,-44.0,154.0,289.0,,1.3684209500008486,0.3225986142027635,-12.88408576673687,0.0,0.0,-0.0
1744814312.634752,-45.0,153.0,288.0,,1.364646802444955,0.19971752344003058,-12.505647442723223,-0.16666666666666666,0.0,-0.0
1744814312.9140673,-48.0,152.0,286.0,,1.5365160309295884,0.1802507379332372,-11.656008752128638,-0.26666666666666666,0.03333333333333333,0.06666666666666667
1744814313.194978,-52.0,150.0,284.0,,1.9529999999999994,0.01238549288194335,-10.333565420695278,-0.1,0.0,-0.0
1744814313.47841,-55.0,148.0,282.0,,2.3745079821277404,0.31788155447500976,-9.772274010859512,-0.3333333333333333,0.0,0.03333333333333333
1744814313.7977073,-62.0,142.0,278.0,,2.9216390729447093,0.04171588594607378,-7.219568026604053,-0.2,0.1,0.06666666666666667
1744814314.1165226,-68.0,130.0,267.0,,5.043895986997175,0.5536736133001856,-5.075653013548205,-0.4666666666666667,0.13333333333333333,-0.06666666666666667
1744814314.4106402,-74.0,110.0,249.0,,6.590384609909762,0.20197723715490845,-2.0149026904441736,-0.23333333333333334,0.06666666666666667,-0.0
1744814314.6990256,-74.0,96.0,236.0,,7.157259793562762,0.21197723715490824,-0.791163200650477,0.0,0.0,-0.0
1744814314.980825,-75.0,92.0,231.0,,7.46002401305733,0.28673235589575974,-0.5959508495199324,0.0,0.03333333333333333,-0.0
1744814315.2628994,-74.0,89.0,228.0,,7.327505889484199,0.15297723715490896,-0.0384094709030192,0.0,0.03333333333333333,-0.0
1744814315.5398438,-75.0,83.0,223.0,,7.147877747601369,-0.007267644104240745,0.0005760355629557956,-0.03333333333333333,0.0,-0.0
1744814315.818405,-75.0,75.0,215.0,,7.19073235589576,0.2967323558957595,-0.019087571743201304,-0.1,0.0,-0.0
1744814316.1027703,-74.0,62.0,203.0,,6.366715885946073,-0.23002276284509193,0.02093853468297735,-0.1,0.06666666666666667,-0.0
1744814316.3869722,-73.0,53.0,195.0,,5.539614353563943,0.13334965599737814,-0.024657917581027977,-0.23333333333333334,0.13333333333333333,-0.0
1744814316.676833,-73.0,36.0,182.0,,4.2751733249891615,0.02634965599737704,-0.005651410547048652,-0.03333333333333333,0.36666666666666664,0.23333333333333334
1744814316.95876,-76.0,11.0,166.0,,1.5678362446439045,0.26160107476752614,-0.0656047191904845,0.0,0.3333333333333333,0.23333333333333334
1744814317.2405221,-75.0,-9.0,149.0,,-0.515622102044665,0.7577323558957598,-0.1841144877984977,-0.13333333333333333,0.5,0.4666666666666667
1744814317.5287004,-70.0,-31.0,132.0,,-2.660523514867632,0.3233846099097608,-0.04433698472275083,-0.03333333333333333,0.26666666666666666,0.23333333333333334
1744814317.8248253,-63.0,-47.0,122.0,,-3.713579812884063,0.2577740022878885,-0.058782264155295305,-0.06666666666666667,0.23333333333333334,0.26666666666666666
1744814318.1243515,-58.0,-53.0,119.0,,-3.010614353563943,0.29735182329453913,0.0024715536963815232,-0.1,0.13333333333333333,0.23333333333333334
1744814318.412863,-55.0,-54.0,120.0,,-2.2394567148182345,0.6118815544750094,0.01398598847226351,-0.06666666666666667,0.06666666666666667,0.13333333333333333
1744814318.7000248,-51.0,-56.0,119.0,,-2.161858586764959,0.9058018818928852,-0.1084521341739868,-0.1,0.03333333333333333,0.13333333333333333
1744814318.994514,-49.0,-55.0,121.0,,-1.61388155447501,0.6767009819853937,0.03460024565064401,-0.06666666666666667,-0.03333333333333333,0.06666666666666667
1744814319.306053,-48.0,-54.0,122.0,,-1.7004567148182348,0.41625073793323786,0.0727651446238955,0.13333333333333333,0.0,-0.13333333333333333
1744814319.6192243,-59.0,-54.0,118.0,,-2.288456714818235,1.0928112198877225,-0.05556228773517757,0.6333333333333333,-0.4666666666666667,-0.8666666666666667
1744814319.9289832,-71.0,-47.0,119.0,,-3.547579812884063,0.7535372266292981,-0.0689254471001961,0.5333333333333333,-0.4666666666666667,-0.8
1744814320.2191374,-83.0,-8.0,152.0,,-0.18928812041824217,0.3818777476013686,-0.0297863544241036,0.5333333333333333,-0.36666666666666664,-0.8
1744814320.4986188,-80.0,93.0,251.0,,9.01155573594237,0.15796405704976024,-0.35703822052291656,0.3333333333333333,-0.16666666666666666,-0.5333333333333333
1744814320.7821417,-73.0,112.0,267.0,,6.839673613300185,-0.003650344002622319,-2.57757692869139,0.43333333333333335,-0.16666666666666666,-0.43333333333333335
1744814321.0738926,-68.0,122.0,273.0,,5.28935182329454,0.34867361330018554,-5.1728525331930255,0.6,-0.26666666666666666,-0.4
1744814321.3645597,-59.0,134.0,280.0,,3.673723441322167,0.455811219887722,-7.9925782486694406,0.36666666666666664,-0.26666666666666666,-0.3
1744814321.6476986,-52.0,139.0,281.0,,2.5129390743968765,0.30638549288194294,-9.657946340223107,0.4,-0.2,-0.26666666666666666
1744814321.9462967,-46.0,144.0,284.0,,1.951173324989163,0.20172344132216669,-11.526075014924558,0.16666666666666666,-0.06666666666666667,-0.1
1744814322.233453,-44.0,146.0,284.0,,1.5236823830480275,0.25359861420276353,-11.856126738843608,0.13333333333333333,-0.03333333333333333,-0.1
1744814322.515091,-41.0,146.0,283.0,,1.3866823830480275,0.10093907439687655,-12.485469146169162,0.03333333333333333,0.0,-0.13333333333333333
1744814322.8035805,-38.0,148.0,282.0,,1.4225079821277404,0.5376390729447085,-13.661273410987581,0.2,-0.13333333333333333,-0.1
1744814323.0818956,-42.0,149.0,284.0,,1.3455235148676339,0.2781712483804002,-12.810042715651383,-0.16666666666666666,0.13333333333333333,0.16666666666666666
1744814323.3730268,-47.0,149.0,285.0,,1.4535235148676335,0.23157981288406315,-11.635574736611776,-0.4,0.16666666666666666,0.16666666666666666
1744814323.659521,-55.0,145.0,284.0,,2.3807848406037606,0.2198815544750099,-9.281159331024828,-0.5666666666666667,0.23333333333333334,0.26666666666666666
1744814323.9539144,-67.0,138.0,280.0,,3.8281712483804005,0.30215261236843993,-5.830090597119378,-0.5666666666666667,0.23333333333333334,0.26666666666666666
1744814324.240791,-79.0,121.0,267.0,,6.760811219887723,0.15676266962158358,-2.032811657746265,-0.4,0.16666666666666666,0.3
1744814324.523228,-84.0,34.0,183.0,,4.720682383048028,0.16525979356276288,-0.009264834467768157,-0.4666666666666667,0.2,0.26666666666666666
1744814324.8006582,-78.0,-6.0,144.0,,-0.7614242246556806,0.07362796319863385,-0.02043072024950865,-0.26666666666666666,0.2,0.26666666666666666
1744814325.0731401,-73.0,-18.0,135.0,,-2.2084567148182344,0.0753496559973783,-0.029085418685345754,-0.1,0.1,0.2
1744814325.3509212,-68.0,-28.0,127.0,,-2.6745160309295892,0.41667361330018515,-0.14517683589975094,-0.13333333333333333,0.23333333333333334,0.26666666666666666
1744814325.6317787,-64.0,-33.0,124.0,,-3.195908933497416,-0.06783040580517152,-0.017316228675506196,-0.03333333333333333,0.03333333333333333,0.1
1744814325.917751,-62.0,-37.0,123.0,,-2.7078053771215935,0.03171588594607222,0.0662278380789112,-0.03333333333333333,0.16666666666666666,0.16666666666666666
1744814326.2090812,-59.0,-42.0,122.0,,-1.8581712483803994,0.5928112198877225,0.04288157178783614,0.06666666666666667,0.0,0.06666666666666667
1744814326.4893084,-61.0,-43.0,121.0,,-2.81740391221311,0.33301932703747283,-0.00639503871558933,0.2,-0.06666666666666667,-0.13333333333333333
1744814326.772776,-72.0,-44.0,117.0,,-3.9125986142027633,0.9548644248554563,-0.15954627867153093,0.6,-0.03333333333333333,-0.4
1744814327.050297,-83.0,-54.0,105.0,,-6.495456714818235,0.3718777476013688,-0.02130402349145777,0.6,-0.23333333333333334,-0.5
1744814327.334909,-83.0,157.0,311.0,,3.764072370479776,-0.07912225239863169,-1.7976578663454204,0.4666666666666667,-0.16666666666666666,-0.5
1744814327.6228797,-73.0,151.0,302.0,,3.5599823746165677,0.13334965599737814,-5.057842015434634,0.5666666666666667,-0.13333333333333333,-0.4
1744814327.919286,-62.0,154.0,299.0,,2.535420950000849,0.18871588594607225,-8.831291707955238,0.36666666666666664,-0.1,-0.3
1744814328.2198012,-56.0,154.0,296.0,,1.8484209500008486,0.4048585867649592,-10.590635638411726,0.23333333333333334,-0.06666666666666667,-0.26666666666666666
1744814328.516899,-54.0,154.0,294.0,,1.8784209500008484,0.35545671481823415,-10.711910536730048,-0.16666666666666666,0.03333333333333333,0.1
1744814328.8066568,-75.0,158.0,305.0,,1.0658906814100995,0.7377323558957603,-3.824560832177803,-1.9333333333333333,0.4,2.2
1744814329.0917082,-82.0,2.0,158.0,,0.7433640626515345,2.3695297543548053,-0.09446510268884262,-1.5666666666666667,0.9,1.8333333333333333
1744814329.3666983,-65.0,-39.0,117.0,,-2.732633036198905,-0.651120609170464,0.16531365672445286,0.4666666666666667,-0.9333333333333333,0.6
1744814329.6499712,-59.0,-22.0,126.0,,-2.449890681410097,2.2798112198877227,-1.2522023419850044,2.2666666666666666,-1.6333333333333333,0.2
1744814329.9398894,12.0,-19.0,129.0,,-0.026823595224707564,-1.3736136869222193,-0.15972418814342504,8.166666666666666,-0.9,3.6666666666666665
1744814330.2204561,4.0,-33.0,99.0,,4.855091066502585,3.717688992570131,1.450176295261853,-1.8333333333333333,2.8666666666666667,-0.23333333333333334
1744814330.5131905,-14.0,-50.0,105.0,,-0.7488959869971747,-3.8347462041672595,2.0870062643146836,2.533333333333333,1.7666666666666666,0.7
1744814330.7985864,-17.0,-77.0,80.0,,-0.29257033554315903,2.544166423330048,-0.05937869962481068,0.6,0.9333333333333333,-0.5333333333333333
1744814331.0775526,-25.0,-79.0,72.0,,-0.6577626696215848,1.3998851476762622,0.12499273056400817,-0.5333333333333333,-0.16666666666666666,0.1
1744814331.3562217,-22.0,-87.0,57.0,,-2.7075557359423694,-1.6991093185899024,-0.14211123688813787,2.433333333333333,0.26666666666666666,1.4
1744814331.631209,-19.0,-101.0,41.0,,0.4802373303784151,0.7228235952247073,-0.4545082913428144,-0.23333333333333334,0.5333333333333333,-0.23333333333333334
1744814331.9178267,-21.0,-93.0,43.0,,1.13644426405763,0.9855895850393961,0.019766808268919855,0.5666666666666667,0.16666666666666666,0.36666666666666664
1744814332.198122,-22.0,-96.0,38.0,,-0.5682597935627616,2.5468906814100976,-1.4909663155338893,0.1,0.0,0.06666666666666667
1744814332.466099,-22.0,-95.0,37.0,,0.13133001171997627,2.5368906814100973,-1.2229896113170136,0.0,-0.1,-0.06666666666666667
1744814332.7428536,-17.0,-93.0,36.0,,0.009444264057629326,1.662166423330048,-0.3686592669669939,0.03333333333333333,-0.03333333333333333,-0.0
1744814333.010827,-12.0,-91.0,36.0,,0.09549411051580137,0.8526136869222192,-0.11504033665542857,0.16666666666666666,-0.06666666666666667,-0.0
1744814333.2849975,-11.0,-95.0,24.0,,-0.6636699882800237,1.3618362446439045,-1.237567886969481,1.6,0.8,0.8666666666666667
1744814333.558157,-4.0,-103.0,2.0,,0.5314296644568408,2.213311007429869,-3.3042649589774644,0.0,-0.2,-0.23333333333333334
1744814333.844046,-5.0,-99.0,359.0,,-0.040222621238303446,1.7949978363545265,-1.9845972561821856,0.0,-0.1,-0.16666666666666666
1744814334.1135137,-8.0,-96.0,359.0,,0.2847402064372382,1.962288120418242,-1.7762159718920316,-1.0666666666666667,0.06666666666666667,-0.9666666666666667
1744814334.3870625,-18.0,-91.0,28.0,,0.05549411051580222,5.3644567148182345,-1.0579573072052975,-2.033333333333333,0.3333333333333333,-0.03333333333333333
1744814334.6680713,-16.0,-79.0,75.0,,0.6862373303784164,3.213002460564762,0.001456066976828322,-1.0666666666666667,0.2,0.9333333333333333
1744814334.9454365,-14.0,-77.0,100.0,,0.46242966445684175,0.9022537958327406,0.034816107341585245,-0.7,0.26666666666666666,-0.7333333333333333
1744814335.235269,-45.0,-82.0,115.0,,-1.448529754354805,0.9447175234400307,-1.630765263243593,-0.03333333333333333,0.6666666666666666,-2.1
1744814335.5308928,-73.0,-77.0,128.0,,-5.783570335543159,1.3103496559973777,-3.025700779329771,-0.13333333333333333,0.16666666666666666,-1.2
1744814335.8465455,-83.0,19.0,229.0,,4.281823595224708,0.3318777476013697,-1.9698337080070445,0.0,0.2,-0.7333333333333333
1744814336.155957,-81.0,43.0,255.0,,6.6804039122131105,-0.21577737876169678,-1.518431102522786,0.06666666666666667,0.0,0.06666666666666667
1744814336.4456117,-83.0,38.0,249.0,,6.371639072944708,0.14587774760136973,-1.5223871539997522,0.0,0.03333333333333333,-0.0
1744814336.7256932,-86.0,19.0,231.0,,3.2618235952247074,0.21510333304887652,-1.2278944949072206,0.03333333333333333,0.0,-0.06666666666666667
1744814337.0020957,-87.0,5.0,217.0,,1.3249978363545267,0.20555573594237053,-1.3044703889181601,0.0,0.06666666666666667,0.06666666666666667
1744814337.2766948,-87.0,-25.0,186.0,,-3.548885147676262,0.3035557359423695,-1.0534784900198098,0.0,0.0,-0.06666666666666667
1744814337.5499783,-86.0,-66.0,145.0,,-8.177880939473914,0.36210333304887676,-1.0769151041818676,0.03333333333333333,0.03333333333333333,0.3333333333333333
1744814337.8383367,-70.0,-76.0,135.0,,-6.116601074767526,0.7163846099097597,-1.2971155470007287,0.0,-0.03333333333333333,1.5
1744814338.1232314,-44.0,-82.0,126.0,,-2.5275297543548048,0.9995986142027631,-1.2908046483160207,0.23333333333333334,-0.3333333333333333,1.2666666666666666
1744814338.4042232,-23.0,-85.0,122.0,,-0.07466998828002325,2.215072370479776,-1.7585026629690519,0.1,0.0,1.6666666666666667
1744814338.689699,-2.0,-87.0,122.0,,-0.6965557359423702,2.0673640626515346,-1.691268025281163,0.2,0.0,1.4
1744814338.9669833,20.0,-90.0,123.0,,-2.3970000000000002,2.321782393975189,-2.3228300677595985,-0.26666666666666666,0.43333333333333335,2.3666666666666667
1744814339.247634,44.0,-96.0,128.0,,-5.687259793562762,2.5794013857972367,-3.730226895680927,0.03333333333333333,0.1,1.6666666666666667
1744814339.5242682,61.0,-101.0,133.0,,-7.875762669621585,0.19598067296252708,-3.3816642306869937,0.23333333333333334,0.06666666666666667,0.4
1744814339.8068473,73.0,-111.0,142.0,,-9.03242398393755,-0.7133496559973782,-3.068379830093326,0.13333333333333333,0.0,0.26666666666666666
1744814340.0880327,74.0,-108.0,138.0,,-9.466864424855459,0.5820227628450922,-2.8754417573552935,0.1,0.0,-0.13333333333333333
1744814340.3727777,75.0,-116.0,146.0,,-8.465169594194828,0.15326764410423976,-2.65744886550663,0.0,-0.03333333333333333,-0.16666666666666666
1744814340.651636,76.0,-125.0,154.0,,-7.63488155447501,0.39439892523247444,-3.4054692664165107,0.0,0.03333333333333333,-0.03333333333333333
1744814340.9330127,76.0,-132.0,160.0,,-6.467250737933238,0.3653989252324745,-3.254025243528004,0.06666666666666667,0.0,-0.16666666666666666
1744814341.2076533,74.0,-127.0,156.0,,-6.256614353563942,-0.08497723715490757,-3.247005245561291,-0.03333333333333333,-0.13333333333333333,-0.7666666666666667
1744814341.486251,54.0,-110.0,139.0,,-4.414384609909762,-0.3174567148182348,-4.40163098552752,0.0,-0.4,-2.7666666666666666
1744814341.7756524,0.0,-94.0,136.0,,-0.8431033330488766,1.705,-3.847815954613935,-0.16666666666666666,-0.5,-2.6
1744814342.0685015,-46.0,-82.0,142.0,,-1.419529754354805,0.6237234413221673,-1.078736928127415,0.1,-0.36666666666666664,-2.9
1744814342.347662,-77.0,-46.0,174.0,,-3.5467234413221673,-0.03242966445684026,-0.3626691306407897,-0.03333333333333333,-0.2,-1.7333333333333334
1744814342.6269367,-79.0,43.0,262.0,,7.24840391221311,-0.02023733037841602,-1.1635576238118093,0.16666666666666666,-0.1,-0.5666666666666667
1744814342.9011586,-78.0,51.0,269.0,,7.476801881892885,-0.054372036801366264,-0.96729962726124,0.03333333333333333,-0.06666666666666667,-0.3333333333333333
1744814343.1732316,-79.0,53.0,269.0,,7.540614353563943,0.05876266962158461,-1.0095267893695743,0.0,-0.03333333333333333,-0.13333333333333333
1744814343.4445908,-81.0,50.0,266.0,,7.426895986997175,0.13722262123830298,-0.8913866513460622,0.0,0.03333333333333333,0.23333333333333334
1744814343.7215328,-81.0,-46.0,170.0,,-5.439723441322167,-0.05877737876169675,-0.38855714207311304,0.0,0.03333333333333333,1.4
1744814344.004751,-55.0,-74.0,137.0,,-3.5179772371549083,1.2398815544750095,-1.2061945132651777,-0.1,-0.13333333333333333,3.2
1744814344.2867162,-24.0,-80.0,129.0,,-0.5119640570497612,0.8320864685736002,-0.13692080354828676,0.3,0.36666666666666664,0.5
1744814344.5654824,-24.0,-83.0,129.0,,-0.3528777476013687,1.9310864685736,-1.4229489838803064,0.03333333333333333,-0.1,0.03333333333333333
1744814344.83511,-23.0,-84.0,130.0,,0.03974020643723719,2.3230723704797756,-1.5575399287079996,0.06666666666666667,0.03333333333333333,-0.0
1744814345.108588,-18.0,-87.0,129.0,,0.09744426405763029,1.6484567148182343,-1.6087055509980306,0.03333333333333333,-0.03333333333333333,-0.0
1744814345.3775833,-14.0,-90.0,128.0,,-0.014000000000001123,0.7652537958327406,-1.3999336954272534,0.03333333333333333,0.0,-0.06666666666666667
1744814345.6466331,-11.0,-92.0,128.0,,-0.0380240130573295,0.02783624464390444,-1.4387248562275572,0.03333333333333333,0.0,-0.0
1744814345.9261353,-9.0,-93.0,128.0,,-0.06955573594236952,-0.10337789795533503,-1.461972532261648,0.06666666666666667,0.0,-0.03333333333333333
1744814346.1953745,-8.0,-94.0,128.0,,0.10789666695112388,-0.22371187958175787,-1.3934686579258724,0.06666666666666667,0.0,-0.03333333333333333
1744814346.4687726,-8.0,-92.0,130.0,,0.22697598694267107,0.9632881204182421,-1.9134745053048956,-0.1,0.03333333333333333,1.3666666666666667
1744814346.744312,17.0,-89.0,138.0,,-2.1305058894841986,1.6708335766699518,-2.559798304876979,0.0,0.06666666666666667,2.4
1744814347.0170515,46.0,-87.0,137.0,,-4.64955573594237,1.4542765586778321,-1.204570628637218,0.0,0.0,1.4333333333333333
1744814347.2923627,67.0,-91.0,140.0,,-8.240505889484199,0.56984738763156,-1.9035487487040823,0.1,0.0,0.5666666666666667
1744814347.5687723,71.0,-94.0,142.0,,-8.238103333048876,0.3534627733707012,-1.3923194008418867,0.03333333333333333,0.03333333333333333,-0.0
1744814347.8550904,74.0,-99.0,147.0,,-8.258222621238303,-0.14397723715490862,-1.2394527888458635,0.1,0.0,-0.1
1744814348.1336336,75.0,-100.0,148.0,,-8.34796405704976,0.0062676441042395226,-1.5041684840697076,0.03333333333333333,0.0,-0.03333333333333333
1744814348.4111977,79.0,-109.0,157.0,,-8.060537226629299,-0.09876266962158375,-1.4631340033591402,0.0,0.0,-0.0
1744814348.687408,80.0,-114.0,162.0,,-7.834880939473915,-0.011964057049761223,-1.5131218944037945,0.03333333333333333,0.0,-0.03333333333333333
1744814348.9585013,80.0,-114.0,161.0,,-7.569880939473915,0.18403594295024028,-1.4760074364077163,0.06666666666666667,-0.03333333333333333,-0.3333333333333333
1744814349.2299047,64.0,-100.0,151.0,,-5.78796405704976,-0.05116959419482825,-2.0161028176391875,-0.16666666666666666,0.03333333333333333,-1.8
1744814349.498868,24.0,-89.0,154.0,,-1.2285058894841985,0.25491353142639994,-2.3321128019925315,-0.3,0.1,-0.6333333333333333
1744814349.7780464,2.0,-84.0,156.0,,-0.15625979356276254,2.3726359373484653,-2.2655085846875074,0.1,-0.1,-0.9
1744814350.064542,-4.0,-82.0,157.0,,0.11047024564519425,2.1343110074298695,-1.8643763450873836,0.2,-0.1,-0.13333333333333333
1744814350.3597534,-3.0,-85.0,157.0,,0.12133001171997648,1.4144157307432792,-1.5557413289245159,0.03333333333333333,0.0,-0.06666666666666667
1744814350.647267,-2.0,-89.0,158.0,,-0.09150588948419802,0.6943640626515345,-2.196795999498083,0.03333333333333333,-0.06666666666666667,-1.1
1744814350.92092,-30.0,-84.0,163.0,,-1.3042597935627622,1.4529999999999994,-2.5091169905116755,0.03333333333333333,0.0,-1.8666666666666667
1744814351.191608,-55.0,-73.0,177.0,,-3.880349655997377,0.36688155447501014,-2.1508637715505694,0.03333333333333333,-0.5,-2.4
1744814351.464076,-72.0,-48.0,201.0,,-4.977250737933238,-0.418135575144543,-1.760013485110988,0.16666666666666666,0.03333333333333333,-0.8
1744814351.7456892,-76.0,-28.0,222.0,,-4.076516030929589,-0.033398925232473786,-1.6436874220576372,0.0,-0.06666666666666667,-0.3333333333333333
1744814352.0323548,-78.0,-34.0,215.0,,-5.084682383048028,0.3386279631986344,-1.791164758758288,0.1,-0.03333333333333333,-0.03333333333333333
1744814352.329348,-80.0,-35.0,213.0,,-5.284784840603763,0.0009640570497602141,-1.3403194255081803,0.06666666666666667,0.0,-0.0
1744814352.6338265,-82.0,-45.0,202.0,,-6.466717523440031,0.08452975435480425,-1.3802216994422727,0.03333333333333333,0.0,-0.0
1744814352.9246106,-84.0,-66.0,180.0,,-8.344880939473914,0.23425979356276194,-1.5065841672519857,0.03333333333333333,0.0,-0.03333333333333333
1744814353.2030842,-84.0,-79.0,167.0,,-9.169762669621583,0.05725979356276234,-1.357319626204276,0.03333333333333333,0.0,-0.0
1744814353.4769871,-84.0,-97.0,150.0,,-9.178877747601371,0.18525979356276245,-1.444585997079942,0.0,0.0,-0.03333333333333333
1744814353.760477,-84.0,-107.0,139.0,,-8.80334965599738,0.028259793562762425,-1.372860740121206,0.03333333333333333,0.0,-0.03333333333333333
1744814354.0453596,-84.0,-118.0,129.0,,-8.074715885946073,0.16525979356276288,-1.4630717433274623,0.03333333333333333,0.0,-0.03333333333333333
1744814354.3196604,-84.0,-121.0,126.0,,-7.762811219887722,0.07725979356276191,-1.2397042431715022,0.03333333333333333,0.0,-0.03333333333333333
1744814354.5970285,-85.0,-49.0,191.0,,-7.521700981985394,0.33866998828002437,-1.2165063830249774,-0.13333333333333333,-0.3,-0.9333333333333333
1744814354.8714752,-73.0,67.0,303.0,,4.803152612368439,0.4473496559973782,-1.771800631740562,0.06666666666666667,0.03333333333333333,-0.8
1744814355.1427546,-68.0,76.0,309.0,,4.575601074767526,0.5046736133001861,-1.7693306443581038,0.13333333333333333,0.0,-0.06666666666666667
1744814355.4152646,-66.0,84.0,315.0,,4.764259793562762,0.9788809394739149,-2.133228398201587,0.06666666666666667,0.0,-0.0
1744814355.6924777,-65.0,91.0,319.0,,5.101505889484199,0.5258793908295356,-1.9764254120319218,0.03333333333333333,0.0,-0.0
1744814355.9767416,-68.0,95.0,322.0,,5.692669988280024,0.2306736133001852,-1.5695804017302102,0.06666666666666667,0.1,0.7333333333333333
1744814356.2512052,-85.0,4.0,225.0,,-0.5606889925701308,-0.7103300117199769,-1.0372993763005696,-0.13333333333333333,0.23333333333333334,2.7
1744814356.5256183,-62.0,-75.0,140.0,,-5.95573235589576,0.2677158859460729,-1.76625849945906,0.06666666666666667,-0.03333333333333333,1.6333333333333333
1744814356.807707,-40.0,-81.0,132.0,,-2.1092226212383025,0.22574645102495072,-1.4729093400433975,0.13333333333333333,0.06666666666666667,2.0
1744814357.0860245,-12.0,-84.0,126.0,,0.6967402064372372,1.6766136869222192,-1.2314181073652266,0.23333333333333334,0.0,2.533333333333333
1744814357.3624845,25.0,-88.0,127.0,,-2.2540240130573297,1.4331148523237376,-2.671847000630909,-0.13333333333333333,0.26666666666666666,1.8
1744814357.6317775,50.0,-94.0,132.0,,-5.560103333048876,1.5851040130028249,-3.70983613525461,0.3,0.03333333333333333,1.1666666666666667
1744814357.9201283,63.0,-95.0,133.0,,-7.243669988280024,0.6632259977121109,-3.0703534366387384,0.4,-0.03333333333333333,-0.06666666666666667
1744814358.192982,66.0,-97.0,133.0,,-7.462877747601371,0.41211906052608605,-2.636138627074732,0.06666666666666667,0.06666666666666667,0.06666666666666667
1744814358.4670386,68.0,-98.0,134.0,,-7.636529754354806,0.40632638669981525,-2.3137678835270306,-0.13333333333333333,0.03333333333333333,0.1
1744814358.7396348,64.0,-108.0,144.0,,-6.496864424855458,0.3118304058051713,-3.5245907952885664,-0.6,0.06666666666666667,-1.5666666666666667
1744814359.010772,10.0,-95.0,134.0,,-0.44766998828002436,0.5515113770874132,-3.46103751790668,0.03333333333333333,-0.4666666666666667,-3.466666666666667
1744814359.2783513,-30.0,-83.0,132.0,,-0.19587774760136867,2.5809999999999995,-0.8591525371753831,0.16666666666666666,-0.3333333333333333,-0.7
1744814359.5448732,-26.0,-83.0,132.0,,0.00012225239863106196,1.9074209500008497,-0.5597722544431276,0.06666666666666667,-0.03333333333333333,0.5666666666666667
1744814359.817738,-23.0,-81.0,130.0,,0.3027773787616983,1.8520723704797757,-0.0942254535836036,0.1,-0.1,0.1
1744814360.0990644,-22.0,-75.0,129.0,,0.20226764410424103,2.007890681410097,0.009177757901052352,0.0,-0.9666666666666667,0.36666666666666664
1744814360.375199,-18.0,-65.0,127.0,,0.287120609170465,2.7274567148182345,-0.04546734991024026,0.1,-0.6,0.4666666666666667
1744814360.6447344,-15.0,-55.0,123.0,,0.8181184455249895,2.7640148324557288,0.16457254722894543,0.0,-0.7666666666666667,0.26666666666666666
1744814360.9161131,-15.0,-44.0,120.0,,1.1084013857972366,3.097014832455729,0.6248635541424639,0.26666666666666666,-0.9,0.06666666666666667
1744814361.1839314,-15.0,-38.0,120.0,,0.09836092705529165,2.8710148324557285,0.10501181810817961,0.06666666666666667,-0.4,-0.1
1744814361.4520864,-15.0,-33.0,122.0,,-0.2149089334974157,2.284014832455729,0.061160731208227403,0.03333333333333333,-0.4,-0.03333333333333333
1744814361.7213163,-15.0,-29.0,123.0,,-0.2069823746165662,2.5480148324557286,0.21518284545856403,0.0,-0.26666666666666666,-0.0
1744814361.9994617,-15.0,-26.0,125.0,,-0.5164209500008496,2.2940148324557286,0.12076553575656312,-0.03333333333333333,-0.3333333333333333,-0.0
1744814362.2824547,-16.0,-22.0,127.0,,-0.31189068141009724,2.4390024605647618,0.19679618017489986,0.16666666666666666,-0.06666666666666667,-0.13333333333333333
1744814362.5601163,-16.0,-23.0,131.0,,-0.8720723704797759,2.801002460564762,-0.2542486447659318,0.36666666666666664,0.1,-0.23333333333333334
1744814362.838574,-17.0,-25.0,134.0,,-0.469885147676262,2.348166423330048,0.40836506566863306,0.0,0.13333333333333333,-0.1
1744814363.1196675,-18.0,-28.0,136.0,,-0.5665160309295896,1.9924567148182344,0.02020077269684961,0.3,0.16666666666666666,-0.1
1744814363.4019053,-18.0,-33.0,134.0,,0.7360910665025839,1.6194567148182344,1.080910585710667,0.26666666666666666,0.36666666666666664,0.2
1744814363.6814728,-19.0,-44.0,131.0,,-0.13759861420276387,2.8898235952247076,0.3194018478229701,-0.6333333333333333,0.0,-0.16666666666666666
1744814363.961841,-16.0,-54.0,138.0,,2.3395432851817652,-0.659997539435238,1.9292429583981443,-1.2,0.43333333333333335,0.03333333333333333
1744814364.2358224,-13.0,-59.0,132.0,,-0.22081121988772168,1.0887698431133155,0.30416505542427696,0.5333333333333333,-0.7,0.9333333333333333
1744814364.5097427,-7.0,-83.0,114.0,,-3.265877747601369,1.8315382588044966,-0.19834830153559735,-0.4,2.2,0.4
1744814364.7827342,-13.0,-96.0,121.0,,-1.559259793562763,4.431769843113315,-0.1465365133590616,-0.4666666666666667,-0.16666666666666666,-0.4666666666666667
1744814365.06365,-20.0,-91.0,132.0,,-0.9735058894841977,2.6002176060248106,-2.015901210110057,-0.26666666666666666,-0.13333333333333333,-0.16666666666666666
1744814365.3537798,-18.0,-83.0,135.0,,0.3731222523986304,1.4424567148182343,-0.11359553553041782,-0.06666666666666667,0.0,0.43333333333333335
1744814365.6403062,-14.0,-80.0,135.0,,0.03703594295024004,1.4122537958327408,-0.001196982726945961,-0.8,0.4666666666666667,0.43333333333333335
1744814365.9338596,-14.0,-79.0,144.0,,-0.39276266962158424,2.0792537958327406,-0.01852021495021139,0.06666666666666667,0.3333333333333333,0.6333333333333333
1744814366.2181633,-18.0,-77.0,139.0,,0.364429664456841,1.6684567148182343,0.012609294739278631,-0.1,-0.1,-0.06666666666666667
1744814366.5023682,-15.0,-72.0,142.0,,0.29913557514454325,2.529014832455729,-0.010913013938611327,0.1,0.06666666666666667,0.13333333333333333
1744814366.7853773,-15.0,-69.0,141.0,,0.6865760160624514,2.2640148324557288,0.02605844217860498,0.23333333333333334,-0.3333333333333333,-0.2
1744814367.0560813,-12.0,-69.0,140.0,,0.6075760160624508,2.3326136869222194,0.031089696402052835,-0.03333333333333333,0.03333333333333333,0.06666666666666667
1744814367.3285878,-9.0,-70.0,141.0,,0.20461539009023966,1.191622102044665,-0.027519565159584314,0.0,0.0,-0.13333333333333333
1744814367.5986414,-9.0,-69.0,143.0,,0.9315760160624507,1.749622102044665,0.10755235647314709,-0.06666666666666667,-0.23333333333333334,-0.06666666666666667
1744814367.8860965,-11.0,-62.0,145.0,,0.45728411405392677,1.4308362446439045,-0.04136185560814454,-0.06666666666666667,-0.9,-0.03333333333333333
1744814368.169067,-13.0,-48.0,149.0,,1.455749262066763,1.1377698431133156,0.3060589082566807,0.0,-0.7666666666666667,-0.03333333333333333
1744814368.4575536,-13.0,-39.0,149.0,,1.2493669638010951,1.9517698431133157,0.17842757444003965,0.1,-0.8333333333333334,-0.0
1744814368.7530324,-8.0,-31.0,153.0,,0.8694764851323677,1.238288120418242,0.20719491890976993,0.06666666666666667,-0.5333333333333333,-0.16666666666666666
1744814369.057608,-7.0,-24.0,155.0,,0.8529135314263998,0.7055382588044967,0.46558593010855276,0.03333333333333333,-0.36666666666666664,-0.1
1744814369.3573284,-6.0,-21.0,157.0,,0.42541041496060394,1.0254242246556806,0.12326983962802807,0.03333333333333333,-0.16666666666666666,-0.0
1744814369.641816,-3.0,-19.0,158.0,,0.21817640477529254,0.44441573074327906,0.10461097934373775,0.06666666666666667,-0.16666666666666666,-0.03333333333333333
1744814369.942099,-2.0,-17.0,159.0,,0.503833576669952,0.29336406265153453,0.2142518010083343,0.06666666666666667,-0.03333333333333333,-0.06666666666666667
1744814370.2849944,-1.0,-16.0,159.0,,0.07999753943523791,0.12220810714975126,0.07957950569888084,0.1,-0.23333333333333334,-0.06666666666666667
1744814370.6244156,-1.0,-12.0,159.0,,-0.049613686922219236,-0.03479189285024872,-0.002712913327627575,0.13333333333333333,-0.43333333333333335,0.1
1744814370.9306185,-4.0,-10.0,162.0,,-0.027488622912586802,0.3903110074298693,0.26482201109213754,0.13333333333333333,-0.13333333333333333,-0.03333333333333333
1744814371.220539,-4.0,-8.0,163.0,,0.006711879581758007,0.22331100742986926,0.23629316512948328,0.13333333333333333,-0.13333333333333333,-0.03333333333333333
1744814371.496941,-4.0,-6.0,164.0,,0.07157577534431936,0.10531100742986932,0.14148954134309122,0.03333333333333333,-0.06666666666666667,-0.06666666666666667
1744814371.7750669,-3.0,-4.0,164.0,,0.09968899257013075,-0.02558426925672097,0.23707350093416224,0.06666666666666667,-0.06666666666666667,-0.0
1744814372.0636497,-3.0,-4.0,164.0,,0.0406889925701307,-0.09458426925672092,0.23659525403310333,0.06666666666666667,-0.03333333333333333,-0.03333333333333333
1744814372.3354068,-3.0,-3.0,164.0,,0.1815842692567209,-0.11458426925672094,0.3329104473958715,0.03333333333333333,-0.03333333333333333,-0.0
1744814372.6097462,-3.0,-3.0,164.0,,0.14258426925672096,-0.15358426925672097,0.2356246147424983,0.1,0.0,-0.03333333333333333
1744814372.8813095,-3.0,-4.0,164.0,,0.04968899257013071,-0.3105842692567209,0.34902238949160314,0.03333333333333333,0.06666666666666667,-0.0
1744814373.1504872,-3.0,-6.0,164.0,,0.15057577534431932,0.04241573074327909,0.1348986157685843,0.0,0.26666666666666666,-0.1
1744814373.4180615,-9.0,-14.0,176.0,,0.5187462041672593,1.602622102044665,-0.6891694882887069,0.23333333333333334,0.16666666666666666,-0.1
1744814373.6877697,-11.0,-25.0,178.0,,-0.723885147676262,0.3128362446439046,-0.02443054720458271,0.16666666666666666,1.2,0.06666666666666667
1744814373.9677148,-11.0,-40.0,178.0,,-0.1677464510249509,0.6948362446439045,-0.25808075002794606,-0.06666666666666667,1.0666666666666667,-0.0
1744814374.2374902,-9.0,-55.0,177.0,,0.671118445524991,0.5736221020446649,0.20874271483253537,0.06666666666666667,0.7666666666666667,-0.03333333333333333
1744814374.51207,-6.0,-65.0,177.0,,0.9241206091704637,0.9764242246556806,0.10185467261223424,0.03333333333333333,0.7666666666666667,-0.06666666666666667
1744814374.7758977,-5.0,-76.0,179.0,,0.48339892523247485,0.7469978363545267,0.012558800162079664,-0.06666666666666667,0.8333333333333334,-0.16666666666666666
1744814375.0367615,-4.0,-87.0,180.0,,0.22444426405763096,0.4583110074298693,-2.663321286615881,-0.16666666666666666,1.2,0.06666666666666667
1744814375.314303,-2.0,-100.0,183.0,,-0.7179640570497607,0.8613640626515345,-8.972973671228765,-0.1,0.8,-0.06666666666666667
1744814375.586646,-4.0,-112.0,187.0,,-0.8886736133001847,0.5473110074298693,-11.9967579968518,-0.03333333333333333,0.6333333333333333,-0.16666666666666666
1744814375.8792195,-4.0,-122.0,189.0,,-1.9653518232945393,0.3903110074298693,-14.954664256102275,-0.1,0.6,-0.13333333333333333
1744814376.1628292,-5.0,-131.0,192.0,,-1.863700981985395,0.3939978363545266,-16.584619288478315,0.03333333333333333,0.06666666666666667,-0.0
1744814376.4425678,-5.0,-134.0,192.0,,-1.8897234413221673,-0.04700216364547338,-16.409633530566282,0.0,0.13333333333333333,-0.0
1744814376.7139013,-4.0,-138.0,192.0,,-1.4261712483804008,0.03731100742986926,-16.779896706330128,0.03333333333333333,0.06666666666666667,-0.03333333333333333
1744814376.9858856,-3.0,-142.0,192.0,,-1.2356390729447089,-0.09458426925672092,-16.988954648824922,0.1,0.03333333333333333,-0.0
1744814377.254496,-3.0,-145.0,192.0,,-0.9397848406037603,-0.16358426925672098,-16.888169163936816,0.1,0.0,-0.03333333333333333
1744814377.5174305,-3.0,-139.0,192.0,,-0.6509390743968764,-0.016584269256720963,-15.84778291769325,0.16666666666666666,-0.8,-0.13333333333333333
1744814377.7978756,-3.0,-126.0,194.0,,-1.2984567148182347,0.07241573074327906,-14.472280691122533,0.16666666666666666,-0.5,-0.0
1744814378.0879703,-3.0,-114.0,193.0,,-0.4308809394739139,0.20941573074327907,-11.3049126637184,0.06666666666666667,-0.7,-0.16666666666666666
1744814378.3588731,-2.0,-97.0,193.0,,-0.3828777476013716,-0.0496359373484655,-7.388439752777859,0.13333333333333333,-0.9,-0.06666666666666667
1744814378.6289065,-2.0,-92.0,193.0,,-0.34202401305732977,0.0093640626515345,-5.963213866013509,0.06666666666666667,0.0,-0.0
1744814378.9258132,-2.0,-95.0,193.0,,-0.31966998828002424,0.0093640626515345,-5.215516913844855,0.06666666666666667,-0.1,-0.03333333333333333
1744814379.2191663,0.0,-99.0,193.0,,-0.25622262123830275,-0.245,-5.029808475130466,0.06666666666666667,0.0,-0.0
1744814379.5062602,0.0,-100.0,194.0,,-0.11996405704975999,-0.245,-4.908498882447661,0.06666666666666667,-0.03333333333333333,-0.0
1744814379.782189,0.0,-102.0,194.0,,-2.0946279631986338,0.0,-2.8490123323474563,-0.03333333333333333,0.7,0.2
1744814380.064604,19.0,-110.0,189.0,,-1.962384609909762,1.669176404775293,-11.03950164573865,1.7333333333333334,1.4,1.8
1744814380.343099,42.0,-118.0,180.0,,-5.004715885946073,0.8678287516196006,-8.953057705846792,-0.2,0.4,0.7333333333333333
1744814380.626224,56.0,-113.0,173.0,,-5.96215261236844,0.9671414132350407,-5.720771744158091,0.3333333333333333,-0.3,-0.0
1744814380.9156623,62.0,-107.0,168.0,,-6.165349655997379,1.1632841140539263,-2.5490166458365655,0.7,-0.4,0.23333333333333334
1744814381.2059467,75.0,-90.0,152.0,,-8.928,1.6342676441042396,-1.5454530222423712,0.4666666666666667,0.03333333333333333,1.5
1744814381.4781961,80.0,-93.0,157.0,,-9.45455573594237,0.1450359429502388,8.106793364617837e-06,0.03333333333333333,0.0,-0.03333333333333333
1744814381.7566729,85.0,-93.0,157.0,,-9.45455573594237,0.02333001171997573,-2.3635863357709258e-05,0.03333333333333333,0.0,-0.03333333333333333
1744814382.045175,87.0,-90.0,154.0,,-9.478,0.028444264057629454,2.0968020997842035e-05,0.03333333333333333,0.0,-0.03333333333333333
1744814382.3267484,88.0,-88.0,152.0,,-9.462024013057329,-0.057024013057329626,-0.00016936288340067135,0.03333333333333333,0.0,-0.03333333333333333
1744814382.6078463,88.0,-87.0,150.0,,-9.45455573594237,0.03097598694267134,9.13150425750249e-05,0.03333333333333333,0.0,-0.03333333333333333
1744814382.8710947,88.0,-86.0,150.0,,-9.434103333048876,-0.018024013057329924,-8.781151319558339e-05,0.03333333333333333,0.0,-0.03333333333333333
1744814383.1363163,88.0,-86.0,150.0,,-9.454103333048876,-0.008024013057330137,-1.7048649012467443e-05,0.03333333333333333,0.0,-0.03333333333333333
1744814383.400047,88.0,-86.0,149.0,,-9.463103333048876,0.1489759869426699,0.0007300049792859573,0.03333333333333333,0.0,-0.03333333333333333
1744814383.6698453,88.0,-86.0,149.0,,-9.444103333048876,-0.008024013057330137,-1.6346532514092266e-05,0.03333333333333333,0.0,-0.03333333333333333
1744814383.950429,88.0,-89.0,154.0,,-10.377505889484198,0.10897598694267074,0.010813562501205243,0.0,-1.8666666666666667,-0.03333333333333333
1744814384.223413,28.0,-94.0,153.0,,1.1868966669511245,2.2774839690704107,-0.0158161350636534,-1.1,3.533333333333333,-12.366666666666667
1744814384.498782,-61.0,-140.0,108.0,,-2.7767464510249527,4.000019327037473,-14.676789075843867,3.3,-2.433333333333333,-0.4
1744814384.7723954,-46.0,-147.0,64.0,,-1.6469089334974183,-0.08227655867783312,-11.089817373524397,1.2333333333333334,-1.0666666666666667,-0.6
1744814385.0594606,-47.0,-141.0,44.0,,-1.3986330361989046,1.8395798128840628,-17.284805069125916,0.3,-0.26666666666666666,-0.03333333333333333
1744814385.3612773,-45.0,-124.0,47.0,,-1.6218585867649589,4.406717523440031,-13.33574746517743,-1.0333333333333334,-1.4666666666666666,1.2333333333333334
1744814385.6844075,16.0,-58.0,84.0,,-0.2593518232945389,2.374997539435238,-0.021520436537758703,-0.5333333333333333,-0.03333333333333333,0.9666666666666667
1744814385.9973037,38.0,-83.0,91.0,,-2.7458777476013694,0.30436092705529205,-4.857934877534522,-1.8333333333333333,1.5666666666666667,2.7666666666666666
1744814386.294194,51.0,-174.0,166.0,,-3.0944242246556835,-2.9278018818928855,-15.170768270075662,-1.4,1.1666666666666667,1.3333333333333333
1744814386.5821695,39.0,171.0,178.0,,-0.5833778979553339,-2.1146330361989047,-17.042029380983248,0.0,-0.2,-0.5666666666666667
1744814386.8577077,35.0,171.0,175.0,,-0.9953778979553338,-1.4007848406037624,-16.903962780017757,0.0,-0.06666666666666667,-0.1
1744814387.132745,27.0,-177.0,163.0,,-1.0334157307432787,-1.2866468024449542,-17.955512003009027,-0.2,-1.2333333333333334,-2.3666666666666667
1744814387.405751,1.0,-147.0,122.0,,-2.1269089334974183,2.6717918928502487,-18.236213202711788,-0.06666666666666667,0.1,-2.5
1744814387.678155,-27.0,-136.0,115.0,,-2.804598614202763,3.0316468024449543,-18.35225062702191,-0.3,0.06666666666666667,-0.3333333333333333
1744814387.9541678,-35.0,-133.0,113.0,,-3.095579812884064,2.5177848406037624,-16.938587295220884,-0.2,-0.3,-1.0666666666666667
1744814388.2185938,-47.0,-138.0,88.0,,-3.466171248380401,4.310579812884063,-17.217155310631092,0.13333333333333333,-0.36666666666666664,-0.4666666666666667
1744814388.4879234,-45.0,-131.0,85.0,,-2.5697009819853953,2.886717523440031,-15.679461520708564,0.06666666666666667,-0.8333333333333334,0.7
1744814388.7577496,-37.0,-108.0,96.0,,-2.259864424855458,4.0308053771215935,-12.538654569873007,-1.0333333333333334,-1.0,1.5666666666666667
1744814389.0201623,-9.0,-93.0,107.0,,-1.1875557359423699,1.7686221020446649,-9.323192818846325,0.26666666666666666,-0.7,2.433333333333333
1744814389.2850826,16.0,-90.0,107.0,,-3.290000000000001,3.050997539435238,-5.871548825910441,0.16666666666666666,-0.5,1.5
1744814389.5529068,36.0,-84.0,107.0,,-4.275259793562762,2.4218266750108386,-5.673578606740153,0.23333333333333334,-0.06666666666666667,2.2666666666666666
1744814389.8288732,52.0,-86.0,107.0,,-6.727103333048876,1.437614507118056,-4.748810317835057,0.06666666666666667,0.0,0.03333333333333333
1744814390.1000092,52.0,-91.0,111.0,,-6.6515058894841985,1.182614507118057,-4.912515543913108,0.0,0.0,-0.7333333333333333
1744814390.3758109,23.0,-91.0,112.0,,-2.0235058894841984,2.373927629520224,-4.4965283684395825,0.26666666666666666,-0.16666666666666666,-2.433333333333333
1744814390.6510727,-16.0,-88.0,108.0,,0.3449759869426696,3.586002460564762,-2.62517241564327,0.5666666666666667,0.16666666666666666,-1.8333333333333333
1744814390.9184556,-55.0,-99.0,81.0,,-2.796222621238303,3.97588155447501,-0.09896888296554546,0.8666666666666667,0.6,-0.6666666666666666
1744814391.1853204,-60.0,-132.0,49.0,,-0.4172507379332373,2.6407092111253423,-7.631380117919106,1.3,0.4666666666666667,-1.1333333333333333
1744814391.4520903,-32.0,169.0,350.0,,3.419836244643906,3.1685079821277404,-18.692521706769238,0.6666666666666666,0.06666666666666667,-0.8
1744814391.7201288,-30.0,170.0,346.0,,3.457488622912586,1.8849999999999993,-18.489404519856095,-0.06666666666666667,-0.06666666666666667,-0.06666666666666667
1744814391.993161,-27.0,175.0,347.0,,2.138997836354527,2.982646802444954,-18.967443854899628,0.23333333333333334,0.13333333333333333,-0.0
1744814392.2596252,-19.0,176.0,346.0,,1.4483110074298713,2.0368235952247074,-19.318446682053228,0.6,0.23333333333333334,-0.36666666666666664
1744814392.5261319,-6.0,174.0,339.0,,0.7904242246556833,2.6624242246556804,-19.337551595775874,0.6666666666666666,0.23333333333333334,-0.3333333333333333
1744814392.7920153,-4.0,176.0,333.0,,0.4003110074298714,2.556311007429869,-19.265042394661748,0.3333333333333333,0.06666666666666667,-0.26666666666666666
1744814393.060333,1.0,177.0,325.0,,0.07241573074327873,2.5927918928502485,-18.656914489026573,0.6333333333333333,0.03333333333333333,-0.6
1744814393.3197346,17.0,-178.0,310.0,,0.5586359373484637,2.886833576669952,-15.493338729726897,0.9666666666666667,-0.06666666666666667,-0.5333333333333333
1744814393.5909758,25.0,-173.0,303.0,,0.1474617411955026,1.5311148523237375,-15.43416078140725,0.06666666666666667,0.0,-0.2
1744814393.870453,26.0,-171.0,301.0,,-0.692622102044666,1.1805790499991504,-15.509760540477796,-0.06666666666666667,0.0,-0.0
1744814394.1369374,26.0,-171.0,301.0,,-0.554622102044666,1.974579049999151,-15.263670020248764,-0.1,0.0,0.1
1744814394.4031246,18.0,-177.0,316.0,,-1.2094157307432787,1.9685432851817657,-16.725965583951755,-1.8,-0.23333333333333334,2.566666666666667
1744814394.6676345,-18.0,-161.0,351.0,,-1.4588235952247064,-2.381543285181766,-16.971407571514042,-1.6,0.3,0.6666666666666666
1744814394.9281652,-31.0,-162.0,4.0,,-2.032456714818235,1.4335235148676317,-18.802581377962923,-0.8,1.6,1.6666666666666667
1744814395.1928535,-43.0,-159.0,52.0,,-3.4575895850393956,0.3554039122131103,-14.188144532212597,-0.8,1.6666666666666667,3.2
1744814395.4547913,-37.0,-147.0,133.0,,-3.0879089334974186,-3.079194622878407,-12.198602293829186,-0.6,3.4,2.8
1744814395.7221742,-31.0,-174.0,170.0,,-3.281424224655683,0.4725235148676319,-15.43949856494556,0.4,1.1666666666666667,0.4
1744814396.0100565,-40.0,-170.0,187.0,,-2.8314886229125857,0.8627464510249512,-16.084044597394225,0.1,-0.16666666666666666,-0.06666666666666667
1744814396.2765462,-38.0,-171.0,187.0,,-2.8286221020446662,0.8616390729447083,-16.380226437619278,0.13333333333333333,-0.2,-0.06666666666666667
1744814396.5443485,-36.0,-167.0,187.0,,-2.863769843113318,1.4411733249891618,-17.200704423546924,0.16666666666666666,-0.1,-0.06666666666666667
1744814396.8071725,-33.0,-167.0,186.0,,-2.677769843113318,1.1159089334974155,-17.39220347462592,0.06666666666666667,-0.3333333333333333,-0.13333333333333333
1744814397.0688035,-38.0,-155.0,192.0,,-3.577885147676262,1.6466390729447085,-17.068844657854008,-0.03333333333333333,-1.1333333333333333,-0.13333333333333333
1744814397.3322918,-38.0,-139.0,195.0,,-5.014939074396876,2.1566390729447082,-17.54597152353272,0.2,0.13333333333333333,0.7333333333333333
1744814397.596158,-31.0,-126.0,212.0,,-4.014456714818234,-0.3214764851323677,-14.657671873366649,0.13333333333333333,-0.6333333333333333,0.13333333333333333
1744814397.871723,-26.0,-83.0,189.0,,1.4911222523986307,2.1924209500008494,0.07811395759158035,1.2,-7.333333333333333,-1.4333333333333333
1744814398.149941,-30.0,-57.0,184.0,,1.5196417284553903,1.7079999999999993,0.09263163167634181,0.23333333333333334,0.0,0.06666666666666667
1744814398.4234009,-24.0,-61.0,181.0,,0.7649806729625279,1.0770864685736004,0.030818133642655843,0.03333333333333333,-0.43333333333333335,0.16666666666666666
1744814398.6908262,-9.0,-76.0,173.0,,-0.6646010747675266,1.318622102044665,-2.3861400269646458,3.2333333333333334,4.2,7.866666666666666
1744814398.9624794,39.0,-83.0,149.0,,-3.4718777476013694,1.2983669638010955,-1.7836768496281055,-0.5,0.4,0.6333333333333333
1744814399.2255757,37.0,-84.0,148.0,,-4.079259793562763,2.274194622878407,-2.094720037763466,0.1,0.2,-0.5
1744814399.4880965,37.0,-87.0,150.0,,-3.7075557359423694,2.0681946228784067,-2.509955956245714,0.23333333333333334,0.0,-0.13333333333333333
1744814399.7578173,38.0,-88.0,151.0,,-3.3620240130573293,1.559360927055292,-2.267105368477634,0.16666666666666666,0.0,-0.23333333333333334
1744814400.036905,-57.0,-112.0,110.0,,-1.2026736133001856,1.4603582715446093,-6.007330149683933,1.7333333333333334,0.9,-1.9
1744814400.3034954,-60.0,-111.0,103.0,,-2.118423983937549,1.9257092111253424,-6.304871066473105,0.0,-0.4,0.03333333333333333
1744814400.5742543,-48.0,-83.0,123.0,,-2.9318777476013693,2.701250737933237,-4.8124529180451425,-1.4333333333333333,-0.7666666666666667,2.6
1744814400.855079,-29.0,-74.0,133.0,,0.16002276284509165,1.2159823746165666,-0.9968559112402354,0.23333333333333334,0.16666666666666666,-0.06666666666666667
1744814401.1526425,-33.0,-80.0,117.0,,-0.02196405704976101,3.6659089334974158,-2.5407181437240816,0.9333333333333333,-0.7,-0.0
1744814401.4436264,-36.0,-77.0,114.0,,1.0124296644568407,3.903173324989162,-1.1990565494595113,-0.03333333333333333,0.5333333333333333,-0.13333333333333333
1744814401.7324672,-33.0,-83.0,114.0,,-0.2748777476013693,4.469908933497416,-2.4993720690547283,0.5333333333333333,0.7333333333333333,1.3333333333333333
1744814402.0242612,1.0,-80.0,119.0,,1.1250359429502392,3.161791892850249,-2.8640883745656662,-1.1333333333333333,-0.6666666666666666,2.1666666666666665
1744814402.305588,-11.0,-79.0,127.0,,9.963237330378416,0.04783624464390446,1.2036116433887887,3.066666666666667,2.5,-27.566666666666666
1744814402.5800924,-50.0,-89.0,115.0,,6.577494110515801,1.826895986997175,-4.142408318800316,-2.7,-2.4,14.166666666666666
1744814402.8516574,-4.0,-84.0,123.0,,-1.157259793562762,5.812311007429869,-3.8273525703346114,0.16666666666666666,0.26666666666666666,0.26666666666666666
1744814403.1237235,0.0,-82.0,122.0,,-1.419529754354805,4.863,-2.7179267018676514,0.06666666666666667,-0.13333333333333333,-0.13333333333333333
1744814403.4014015,1.0,-82.0,124.0,,-1.419529754354805,4.544791892850249,-2.0607086922432307,0.03333333333333333,-0.13333333333333333,-0.03333333333333333
1744814403.672931,1.0,-82.0,125.0,,-1.0175297543548059,4.220791892850249,-1.7664420406650696,0.1,-0.1,-0.13333333333333333
1744814403.9581208,9.0,-85.0,127.0,,-0.9676699882800239,3.034377897955335,-1.5173073892044964,0.03333333333333333,-0.06666666666666667,-0.0
1744814404.2289474,15.0,-87.0,129.0,,-0.9125557359423695,2.0489851675442714,-1.53112312404715,0.0,-0.06666666666666667,-0.1
1744814404.5000794,5.0,-80.0,138.0,,-0.3259640570497595,2.8900021636454736,-0.19160205587364398,-0.7666666666666667,-0.5666666666666667,-0.3
1744814404.7704506,-3.0,-70.0,154.0,,0.3616153900902397,4.56241573074328,0.026601113185831637,-2.2666666666666666,-1.2,-0.3
1744814405.038908,-3.0,-70.0,176.0,,0.26361539009023893,2.679415730743279,-1.2180381134930083,-0.23333333333333334,-0.13333333333333333,0.26666666666666666
1744814405.3078449,-23.0,-71.0,181.0,,9.1794627733707,1.5380723704797759,1.0412525279500622,-0.3333333333333333,-3.7,-18.366666666666667
1744814405.57573,-62.0,-64.0,196.0,,4.744830405805171,10.906715885946074,0.19705609123849277,-0.43333333333333335,-0.3,16.366666666666667
1744814405.8527634,4.0,-67.0,171.0,,0.14784738763156113,4.384688992570131,-0.7759185998601836,0.2,-0.36666666666666664,-0.1
1744814406.132108,5.0,-66.0,174.0,,0.5891190605260856,2.9690021636454733,0.021370243709350867,0.0,-0.06666666666666667,-0.06666666666666667
1744814406.4085374,8.0,-68.0,178.0,,0.14132638669981468,2.0757118795817577,0.004474927207892776,0.03333333333333333,-0.1,-0.26666666666666666
1744814406.6859806,7.0,-71.0,182.0,,0.06946277337070228,1.3634617411955035,-0.006829767860088487,0.0,0.06666666666666667,-0.13333333333333333
1744814406.9575322,10.0,-75.0,186.0,,0.07526764410424036,1.080511377087413,0.00656522376649149,0.1,0.0,-0.16666666666666666
1744814407.2276406,7.0,-76.0,188.0,,-0.6736010747675252,0.26446174119550325,-0.05493647232203358,0.26666666666666666,-0.6,-0.6333333333333333
1744814407.493724,3.0,-120.0,190.0,,10.469290788874655,-6.9074157307432795,12.731199602720476,3.6,20.6,-1.0666666666666667
1744814407.7746425,8.0,-170.0,188.0,,-14.069488622912585,0.33971187958175797,2.990849640078914,-4.166666666666667,-11.0,1.7666666666666666
1744814408.0539799,-11.0,-65.0,206.0,,0.728120609170464,-0.7761637553560956,0.0410340952503494,-0.26666666666666666,0.16666666666666666,-0.2
1744814408.326704,-8.0,-66.0,204.0,,0.7951190605260852,0.45328812041824207,0.009765359549489316,0.03333333333333333,-0.06666666666666667,0.06666666666666667
1744814408.6026597,-6.0,-66.0,203.0,,0.6471190605260855,0.19142422465568065,-0.005893797900148989,0.06666666666666667,0.0,-0.13333333333333333
1744814408.8816586,-6.0,-69.0,203.0,,0.8725760160624514,-0.17057577534431934,0.05459046142001944,0.1,0.0,-0.1
1744814409.1537254,-6.0,-73.0,202.0,,0.6006503440026218,-0.11257577534431928,0.046679562943966246,0.03333333333333333,0.0,-0.03333333333333333
1744814409.4252183,-6.0,-77.0,202.0,,0.2964296644568414,-0.3375757753443194,0.03887688200090822,0.03333333333333333,-0.06666666666666667,-0.0
1744814409.6961334,-6.0,-78.0,201.0,,0.25937203680136633,-0.16157577534431944,0.031688397245088984,0.1,0.0,-0.06666666666666667
1744814409.972755,-6.0,-79.0,201.0,,0.07823733037841585,-0.11257577534431928,0.017370284935639635,0.03333333333333333,0.0,-0.03333333333333333
1744814410.2532194,-5.0,-79.0,201.0,,0.2152373303784163,-0.42000216364547327,0.04242892387432007,0.03333333333333333,0.0,-0.03333333333333333
1744814410.5261285,-5.0,-74.0,205.0,,0.21902276284509092,-0.8910021636454734,0.023696243824037344,0.43333333333333335,0.0,-0.6
1744814410.7992742,-7.0,-69.0,210.0,,0.27457601606245063,0.4605382588044967,-0.0306443470235489,-0.9333333333333333,-0.7333333333333333,0.7
1744814411.0790958,-3.0,-67.0,215.0,,0.7658473876315597,-0.780584269256721,0.07083259385908791,0.03333333333333333,-0.03333333333333333,-0.0
1744814411.361251,-2.0,-68.0,217.0,,0.7103263866998137,-1.0106359373484655,0.07534356354739957,0.0,0.0,-0.0
1744814411.6349852,-1.0,-69.0,217.0,,0.5095760160624501,-0.8977918928502486,0.04225305880233998,0.06666666666666667,0.03333333333333333,-0.03333333333333333
1744814411.9145637,-3.0,-72.0,218.0,,0.26013557514454355,-0.516584269256721,0.026045414387790178,0.03333333333333333,-0.03333333333333333,-0.03333333333333333
1744814412.1874635,-4.0,-74.0,218.0,,0.09102276284509259,-0.3946889925701307,0.0123328178152331,0.03333333333333333,0.0,-0.03333333333333333
1744814412.462922,-4.0,-75.0,218.0,,0.16326764410423955,-0.2766889925701307,0.04028875989850755,0.03333333333333333,0.0,-0.0
1744814412.7372286,-4.0,-75.0,218.0,,0.03526764410423944,-0.3846889925701307,0.012827285599450455,0.03333333333333333,0.0,-0.03333333333333333
1744814413.0006347,-4.0,-75.0,218.0,,0.2902676441042402,-0.19868899257013073,0.06478489710893998,0.0,0.0,-0.0
1744814413.2665348,-4.0,-76.0,219.0,,0.14039892523247488,-0.14968899257013069,0.0358945391207226,0.06666666666666667,0.0,-0.03333333333333333
1744814413.5268037,-3.0,-76.0,219.0,,0.26739892523247377,-0.172584269256721,0.05957540742521017,0.0,-0.03333333333333333,-0.0
1744814413.7999635,-3.0,-76.0,219.0,,0.11039892523247374,-0.0745842692567209,0.018640922910612368,0.03333333333333333,0.0,-0.03333333333333333
1744814414.0744545,-3.0,-76.0,219.0,,0.3063989252324735,-0.26158426925672096,0.06472325636382781,0.03333333333333333,0.0,-0.0
1744814414.3406224,-8.0,-79.0,180.0,,-0.14776266962158502,1.825288120418242,10.765591180888702,22.1,-5.633333333333334,0.1
1744814414.6093025,-22.0,-69.0,113.0,,0.8625760160624516,9.733890681410097,-3.7920088716801446,-4.266666666666667,2.3666666666666667,-0.23333333333333334
1744814414.8858058,-2.0,-86.0,231.0,,1.0888966669511237,-0.4426359373484655,-2.8182496424001675,0.0,0.6666666666666666,-0.4
1744814415.1613052,1.0,-81.0,228.0,,-0.12922262123830208,-0.7302081071497513,-0.005896117068523332,0.0,0.3333333333333333,0.06666666666666667
1744814415.4369256,4.0,-81.0,227.0,,1.3027773787616983,-0.3913110074298693,-1.3138096828376657,0.13333333333333333,0.0,0.2
1744814415.7125163,3.0,-82.0,226.0,,-0.15452975435480454,-0.591415730743279,-0.0005222845793743658,0.0,0.06666666666666667,-0.03333333333333333
1744814415.9983704,3.0,-83.0,227.0,,0.07812225239863047,-0.6804157307432791,3.2659494439743475e-05,0.16666666666666666,0.06666666666666667,-0.16666666666666666
1744814416.2716234,3.0,-83.0,226.0,,0.07812225239863047,-0.9054157307432791,-0.017988245626608168,0.1,0.03333333333333333,-0.1
1744814416.5443068,2.0,-85.0,228.0,,0.16033001171997618,-0.3423640626515345,-0.5822459803902333,0.06666666666666667,-0.03333333333333333,-0.0
1744814416.8107264,1.0,-87.0,229.0,,-0.010555735942370248,-0.20020810714975126,-0.7446415476308792,0.0,-0.03333333333333333,0.03333333333333333
1744814417.094294,1.0,-88.0,230.0,,-0.06702401305732941,-0.24020810714975127,-0.7645532868061669,0.06666666666666667,0.0,-0.03333333333333333
1744814417.3836172,0.0,-90.0,230.0,,0.014999999999998792,0.0,-0.6832711698646553,0.03333333333333333,0.0,-0.03333333333333333
1744814417.6751554,0.0,-90.0,230.0,,-0.09299999999999997,-0.441,-0.5100800203377625,0.03333333333333333,0.0,-0.0
1744814417.978173,0.0,-90.0,229.0,,-0.06300000000000061,0.068,-0.09630848793389793,0.06666666666666667,0.0,-0.06666666666666667
1744814418.2624347,0.0,-89.0,229.0,,0.37949411051580206,-0.186,-0.26692058451556966,0.2,-0.06666666666666667,-0.1
1744814418.5415983,3.0,-81.0,234.0,,0.44977737876169677,-0.739415730743279,0.015529739869343084,0.0,-0.26666666666666666,-0.13333333333333333
1744814418.8196726,5.0,-79.0,235.0,,0.5292373303784164,-0.7189978363545266,0.027584172727983858,0.03333333333333333,0.06666666666666667,-0.16666666666666666
1744814419.0863998,6.0,-78.0,235.0,,0.2683720368013667,0.06257577534431946,0.017776798540755534,-0.03333333333333333,-0.13333333333333333,1.0333333333333334
1744814419.3544066,5.0,-78.0,234.0,,0.641372036801366,-1.1389978363545266,0.021609840515442014,0.3,0.23333333333333334,-0.36666666666666664
1744814419.6215286,1.0,146.0,233.0,,-7.194317616951972,-3.3292081071497512,0.5540077929558218,1.0,-1.9333333333333333,-2.9
1744814419.9087462,3.0,-93.0,237.0,,0.7644442640576301,-3.386415730743279,-1.7058574572829959,0.2,-1.1,1.3333333333333333
1744814420.1822886,4.0,-84.0,236.0,,-0.5882597935627629,-0.4503110074298693,-1.7594579010926683,0.36666666666666664,0.03333333333333333,0.03333333333333333
1744814420.45778,5.0,-87.0,236.0,,-0.16755573594237028,-0.7869978363545267,-2.1894155687033625,-0.03333333333333333,-0.13333333333333333,-0.03333333333333333
1744814420.7283611,4.0,-88.0,239.0,,0.33497598694266983,-0.48931100742986927,-1.9607493164638714,0.03333333333333333,-0.16666666666666666,0.03333333333333333
1744814421.0095642,4.0,-88.0,240.0,,0.12897598694267032,-0.06731100742986929,-1.261639904576537,-0.03333333333333333,-0.13333333333333333,-0.0
1744814421.2777867,4.0,-86.0,241.0,,-0.16710333304887648,-0.6653110074298693,-0.7511024977928166,0.06666666666666667,-0.1,0.06666666666666667
1744814421.5471053,3.0,-84.0,241.0,,0.13774020643723794,-0.43641573074327905,-1.3625419851291132,-0.23333333333333334,-0.5,0.13333333333333333
1744814421.8179328,1.0,-162.0,233.0,,-6.777456714818236,0.5047918928502488,4.865057261452208,-0.03333333333333333,16.366666666666667,3.066666666666667
1744814422.1010494,5.0,-138.0,241.0,,12.0868287516196,-1.8059978363545266,0.93652949521227,0.8,-15.5,-1.9666666666666666
1744814422.378637,3.0,-67.0,238.0,,1.5988473876315599,0.6425842692567209,0.20388044132020222,-0.1,-0.6333333333333333,-0.06666666666666667
1744814422.65285,3.0,-69.0,236.0,,0.3435760160624515,-0.3374157307432791,-0.015522261709273177,0.2,0.36666666666666664,-0.06666666666666667
1744814422.9337199,3.0,-74.0,237.0,,0.3950227628450911,-0.11241573074327904,0.012287313182682391,0.0,0.23333333333333334,0.1
1744814423.2061772,4.0,-78.0,238.0,,0.1803720368013657,-0.4693110074298693,0.0017418431959013159,0.1,0.06666666666666667,-0.06666666666666667
1744814423.4806898,3.0,-81.0,239.0,,0.3617773787616976,0.005584269256720953,0.02048095192060828,0.1,-0.03333333333333333,-0.0
1744814423.7541835,3.0,-83.0,239.0,,0.039122252398630764,-0.17141573074327904,-8.255994457473381e-05,0.16666666666666666,0.0,-0.1
1744814424.0356667,2.0,-84.0,239.0,,0.04974020643723698,-0.00036406265153449135,0.0016688690565452857,0.06666666666666667,0.0,-0.03333333333333333
1744814424.3128138,2.0,-84.0,240.0,,0.25574020643723827,-0.09836406265153452,0.01671997237798306,0.0,0.0,-0.0
1744814424.5815356,2.0,-85.0,240.0,,0.052330011719975644,0.01963593734846547,0.003171931440402176,0.0,0.0,-0.0
1744814424.8510668,2.0,-85.0,240.0,,0.18033001171997576,-0.0103640626515345,0.012049500067056629,0.0,-0.06666666666666667,-0.06666666666666667
1744814425.1229699,1.0,-84.0,240.0,,0.04974020643723698,0.06279189285024875,0.0018912745745496284,0.0,0.0,-0.0
1744814425.394922,2.0,-84.0,241.0,,0.13774020643723794,-0.21636406265153452,0.010632037203291422,0.0,0.0,-0.03333333333333333
1744814425.658393,2.0,-84.0,241.0,,0.09874020643723824,0.06863593734846546,0.005625898635914783,0.03333333333333333,0.03333333333333333,-0.0
1744814425.9337654,2.0,-84.0,241.0,,0.05874020643723732,-0.21636406265153452,0.0037055676619418554,0.0,0.0,-0.0
1744814426.2046185,2.0,-84.0,241.0,,0.206740206437237,-0.059364062651534544,0.017301225324521274,0.03333333333333333,0.0,-0.0
1744814426.4788966,2.0,-84.0,241.0,,0.11774020643723837,0.2846359373484655,0.010358207415769982,0.0,-0.13333333333333333,-0.06666666666666667
1744814426.751585,30.0,-83.0,242.0,,0.47112225239863115,3.224,-2.500365325530777,1.5666666666666667,-0.03333333333333333,5.033333333333333
1744814427.0204387,73.0,84.0,63.0,,6.490259793562762,-0.9483496559973776,-0.017405606254010136,1.1666666666666667,0.06666666666666667,1.6666666666666667
1744814427.2956889,61.0,-65.0,219.0,,-8.097879390829537,2.5889806729625278,0.1917498659420247,-0.16666666666666666,0.4,-7.566666666666666
1744814427.5679026,14.0,-82.0,239.0,,-0.41852975435480566,3.205746204167259,0.059711571906888916,1.1333333333333333,-0.3333333333333333,-1.1666666666666667
1744814427.8477783,11.0,-80.0,239.0,,1.4290359429502395,0.32416375535609565,0.0945721317306325,0.13333333333333333,0.0,-0.16666666666666666
1744814428.1242864,-66.0,79.0,49.0,,-3.334237330378416,2.018880939473915,0.9310819423122825,-1.9666666666666666,3.6,-1.4333333333333333
1744814428.3997576,-67.0,-64.0,270.0,,-4.474169594194828,1.99915261236844,-0.191048781553679,0.7666666666666667,-0.3,9.9
1744814428.6778405,32.0,-83.0,233.0,,-0.37287774760136827,-1.8165079821277401,0.008682069100169443,0.26666666666666666,0.03333333333333333,1.0
1744814428.955273,27.0,-79.0,229.0,,-0.647762669621585,0.1253531975550457,0.006149016501245497,0.0,-0.06666666666666667,-0.36666666666666664
1744814429.2264647,15.0,-80.0,232.0,,-0.12996405704975977,-0.46101483245572883,-0.002063562261783225,-0.06666666666666667,-0.03333333333333333,-0.5333333333333333
1744814429.5031092,11.0,-81.0,234.0,,-0.030222621238301883,-0.3528362446439046,-0.000999767755794967,0.06666666666666667,0.03333333333333333,-0.03333333333333333
1744814429.775164,10.0,-82.0,234.0,,0.07147024564519455,-0.21348862291258675,0.004164458048537212,0.0,-0.03333333333333333,-0.1
1744814430.0841537,9.0,-86.0,236.0,,0.41189666695112415,-0.7606221020446648,0.01838787276737547,-0.23333333333333334,0.06666666666666667,0.26666666666666666
1744814430.4242318,5.0,-84.0,242.0,,0.5107402064372373,-0.8749978363545267,0.008758733308224464,-1.0333333333333334,-0.16666666666666666,0.26666666666666666
1744814430.7437575,6.0,-86.0,244.0,,0.9318966669511237,-0.6044242246556806,-1.0867531584385453,0.06666666666666667,-0.1,-0.26666666666666666
1744814431.041286,5.0,-86.0,243.0,,-0.12710333304887556,0.07600216364547341,-1.1412372168583542,0.26666666666666666,0.03333333333333333,-0.1
1744814431.3290944,6.0,-88.0,243.0,,0.33497598694266983,-0.6444242246556806,-1.4418317882460283,0.03333333333333333,0.0,-0.13333333333333333
1744814431.6074793,5.0,-89.0,245.0,,-1.0815058894841982,-0.5809978363545266,-2.7509433553992872,0.1,0.0,-0.0
1744814431.8976169,8.0,-89.0,247.0,,0.006494110515800955,-0.062288120418242165,-0.0378251221072871,-0.9333333333333333,-0.9666666666666667,0.8666666666666667
1744814432.1942415,10.0,-97.0,256.0,,-0.90187774760137,-1.5774886229125866,-4.323816022895234,-0.1,0.6666666666666666,-0.2
1744814432.4696352,9.0,-112.0,255.0,,-0.43767361330018595,-4.447622102044665,-3.5856769698126705,-0.2,-1.0333333333333334,0.23333333333333334
1744814432.7461991,10.0,-109.0,252.0,,0.7364627733707021,-0.4394886229125867,-6.17628548799401,0.43333333333333335,-0.5333333333333333,-0.8666666666666667
1744814433.0197284,9.0,-109.0,247.0,,2.7564627733707017,2.4953778979553354,-8.929612719656557,0.03333333333333333,-1.0,-0.03333333333333333
1744814433.296792,7.0,-106.0,259.0,,0.2870227628450923,-0.5105382588044967,-6.599513252171904,0.1,-0.16666666666666666,0.36666666666666664
1744814433.5851257,9.0,-105.0,256.0,,-0.4347323558957594,0.32737789795533523,-6.31256982078472,0.06666666666666667,0.1,-0.0
1744814433.8873045,6.0,-97.0,247.0,,0.8041222523986296,1.3275757753443196,-4.927163962251513,0.4666666666666667,-0.13333333333333333,-0.2
1744814434.1877728,3.0,-94.0,248.0,,-0.3921033330488761,1.1335842692567208,-4.873393502613759,0.03333333333333333,0.03333333333333333,0.1
1744814434.481601,5.0,-95.0,248.0,,0.16033001171997618,0.38000216364547346,-3.977925569310077,0.16666666666666666,-0.06666666666666667,-0.0
1744814434.7631361,5.0,-96.0,247.0,,-0.28425979356276265,0.15400216364547326,-4.705543230576271,0.0,0.03333333333333333,-0.1
1744814435.0413277,3.0,-98.0,250.0,,-0.12452975435480518,0.4755842692567209,-4.848843839776373,-0.16666666666666666,0.03333333333333333,-0.26666666666666666
1744814435.3179874,2.0,-97.0,250.0,,-0.6768777476013703,0.12763593734846546,-4.406206405053831,0.03333333333333333,-0.13333333333333333,-0.16666666666666666
1744814435.5855472,1.0,-95.0,252.0,,-0.1336699882800243,-0.29820810714975127,-4.374941042231647,0.0,-0.16666666666666666,0.13333333333333333
1744814435.8622458,0.0,-94.0,252.0,,0.20589666695112463,0.097,-3.279308262463826,0.13333333333333333,-0.06666666666666667,-0.1
1744814436.1376548,0.0,-95.0,252.0,,-0.3596699882800234,-0.52,-3.0394907327951213,0.06666666666666667,-0.16666666666666666,-0.1
1744814436.4059012,0.0,-95.0,252.0,,-0.06466998828002346,-0.177,-3.5763796280307485,0.16666666666666666,0.0,-0.0
1744814436.6749628,0.0,-96.0,252.0,,-0.009259793562762297,-0.206,-2.9326378281308028,0.1,-0.1,-0.0
1744814436.9460459,0.0,-96.0,252.0,,0.3137402064372381,-0.118,-2.696251332676108,0.03333333333333333,-0.03333333333333333,-0.0
1744814437.2100468,1.0,-96.0,252.0,,0.10774020643723858,0.05379189285024874,-2.374529143436354,0.1,0.0,-0.0
1744814437.4721124,0.0,-96.0,252.0,,-0.03925979356276166,-0.049,-2.5095737396035895,0.0,0.03333333333333333,-0.1
1744814437.7454174,1.0,-96.0,253.0,,0.608740206437238,-0.28920810714975126,-2.6400024228815804,0.43333333333333335,-0.06666666666666667,-0.03333333333333333
1744814438.0274513,2.0,-84.0,234.0,,1.8437402064372375,0.48063593734846544,0.08639572073532381,1.2333333333333334,-0.6333333333333333,0.8333333333333334
1744814438.3055897,7.0,-77.0,201.0,,-2.7835703355431587,0.37246174119550335,-0.6286817304028127,1.1333333333333333,0.4666666666666667,-0.7333333333333333
1744814438.5813124,-1.0,-71.0,187.0,,2.108462773370702,1.0132081071497512,0.27783854945993647,0.9,-0.5333333333333333,0.23333333333333334
1744814438.8572588,-2.0,-64.0,180.0,,1.4688304058051713,0.9883640626515345,0.10062645118796532,0.16666666666666666,-0.03333333333333333,-0.03333333333333333
1744814439.1299758,-2.0,-66.0,179.0,,0.6281190605260853,1.5773640626515346,-0.002535714249948473,0.1,-0.13333333333333333,0.03333333333333333
1744814439.398764,0.0,-67.0,180.0,,0.6478473876315611,1.235,0.010488666246999845,0.0,0.03333333333333333,-0.0
1744814439.6689982,2.0,-72.0,182.0,,0.3781355751445439,0.7156359373484655,0.009494082247119895,0.2,0.0,-0.06666666666666667
1744814439.9542317,4.0,-76.0,181.0,,0.23839892523247386,0.33468899257013063,0.01933158782582378,0.2,0.03333333333333333,-0.06666666666666667
1744814440.2394185,4.0,-78.0,180.0,,0.2683720368013667,0.33468899257013063,0.04021036739570594,0.1,0.0,-0.0
1744814440.513105,5.0,-79.0,179.0,,0.2252373303784161,0.15400216364547326,0.03222008074464533,0.1,0.03333333333333333,-0.0
1744814440.7826009,5.0,-80.0,179.0,,0.10503594295023966,0.0660021636454734,0.014009527881384543,0.13333333333333333,0.03333333333333333,-0.03333333333333333
1744814441.049589,-7.0,-77.0,192.0,,0.38442966445684057,0.7935382588044967,-2.500142174660663,0.4,1.3333333333333333,-0.6333333333333333
1744814441.315756,-15.0,-89.0,199.0,,-1.2185058894841987,1.6170148324557285,-8.373863797725907,0.4,1.6333333333333333,-0.6
1744814441.5837078,-19.0,-104.0,199.0,,-3.125601074767526,0.6928235952247075,-14.382157941679779,0.23333333333333334,0.5,-0.3333333333333333
1744814441.8660543,-18.0,-101.0,199.0,,-3.8057626696215845,1.1384567148182343,-14.892474031849382,0.16666666666666666,0.16666666666666666,-0.13333333333333333
1744814442.1489573,-17.0,-103.0,199.0,,-3.2145703355431587,0.9161664233300479,-14.748766382981458,0.06666666666666667,0.03333333333333333,-0.06666666666666667
1744814442.435555,-15.0,-119.0,196.0,,-2.5400193270374745,0.5970148324557287,-14.949921517784302,0.06666666666666667,0.0,-0.03333333333333333
1744814442.7156425,-13.0,-132.0,192.0,,-1.3682507379332378,0.26476984311331564,-15.307173666900992,0.1,0.1,-0.1
1744814442.9796383,-13.0,-138.0,189.0,,-1.0541712483804009,0.26476984311331564,-15.619052251843913,0.06666666666666667,0.1,-0.1
1744814443.2947626,-12.0,-142.0,187.0,,-0.7646390729447088,0.06861368692221914,-15.95789436394067,0.1,0.06666666666666667,-0.1
1744814443.5755048,-11.0,-145.0,186.0,,-0.4207848406037602,0.03783624464390445,-16.180382974590223,0.1,0.13333333333333333,-0.13333333333333333
1744814443.859193,-11.0,-146.0,184.0,,-0.40668238304802795,-0.08016375535609543,-16.22880749243876,0.13333333333333333,0.0,-0.1
1744814444.1377184,-11.0,-147.0,183.0,,-0.26390893349741873,-0.0401637553560954,-16.428837138735858,0.13333333333333333,0.03333333333333333,-0.1
1744814444.4079907,-11.0,-145.0,186.0,,-0.5967848406037604,-0.021163755356095493,-16.452837237491252,0.06666666666666667,0.0,-0.06666666666666667
1744814444.6739504,-13.0,-123.0,207.0,,-3.3353582715446093,0.6667698431133156,-15.965207245550095,0.0,-0.2,-0.03333333333333333
1744814444.9415193,-12.0,-114.0,218.0,,-3.529880939473914,0.1176136869222193,-15.670153565953738,0.0,-0.13333333333333333,0.06666666666666667
1744814445.218998,-7.0,-101.0,234.0,,-2.216762669621584,-1.4424617411955032,-12.329212669389891,-0.7666666666666667,-0.5333333333333333,0.5333333333333333
1744814445.4809191,7.0,-85.0,250.0,,-1.9966699882800238,-1.6365382588044968,-8.24098441413709,-1.0666666666666667,-1.2,1.6666666666666667
1744814445.7631412,25.0,-64.0,251.0,,1.4298304058051716,-1.263885147676262,-0.1479610655307428,0.16666666666666666,-0.3,-0.16666666666666666
1744814446.0539181,20.0,-69.0,253.0,,0.8625760160624516,-2.1502176060248104,-0.6939159125064644,0.2,0.26666666666666666,-0.3
1744814446.3417304,6.0,-89.0,250.0,,-1.3265058894841992,-1.5354242246556806,-7.142307927483996,0.5333333333333333,1.8666666666666667,-1.0333333333333334
1744814446.6366472,-1.0,-106.0,248.0,,-2.2529772371549086,-1.2797918928502487,-12.642701024258137,0.13333333333333333,0.16666666666666666,-0.06666666666666667
1744814446.9211938,-1.0,-108.0,250.0,,-2.201864424855458,-1.2797918928502487,-12.99125504819446,0.13333333333333333,0.1,-0.16666666666666666
1744814447.2077146,0.0,-105.0,254.0,,-2.2197323558957596,-1.363,-12.659887383188888,0.0,-0.23333333333333334,0.06666666666666667
1744814447.4889705,3.0,-99.0,261.0,,-1.2562226212383028,-1.9944157307432793,-10.62133804642865,0.0,-0.4,0.13333333333333333
1744814447.773727,7.0,-89.0,264.0,,-0.7285058894841985,-1.9505382588044968,-6.906925334097802,0.0,-0.5666666666666667,-0.0
1744814448.0529134,10.0,-81.0,265.0,,0.23377737876169746,-2.0174886229125866,-3.6509610660316523,0.16666666666666666,-0.13333333333333333,-0.0
1744814448.3238332,10.0,-83.0,267.0,,0.16712225239863088,-1.9484886229125866,-3.483675948789379,0.16666666666666666,0.0,-0.0
1744814448.6086547,8.0,-87.0,270.0,,-0.24555573594236968,-1.640288120418242,-3.8152241360572,0.06666666666666667,0.0,-0.03333333333333333
1744814448.8828948,3.0,-94.0,273.0,,0.3528966669511231,-0.6804157307432791,-3.389431664252642,0.03333333333333333,0.06666666666666667,-0.06666666666666667
1744814449.152545,3.0,-96.0,278.0,,-0.06825979356276157,-0.817415730743279,-4.229693404328476,0.03333333333333333,0.06666666666666667,-0.0
1744814449.4291534,0.0,-100.0,279.0,,0.12503594295023923,-0.431,-4.755596504338454,0.06666666666666667,0.06666666666666667,-0.06666666666666667
1744814449.712397,0.0,-105.0,282.0,,-0.08173235589575967,-0.804,-6.69425522275647,0.13333333333333333,0.9666666666666667,-0.5333333333333333
1744814450.032279,-2.0,-119.0,290.0,,-1.3540193270374745,-1.3146359373484655,-12.830963838904509,-0.03333333333333333,0.8666666666666667,-0.3
1744814450.3360772,-4.0,-132.0,291.0,,-2.1332507379332375,-1.3456889925701305,-16.272589787348714,0.1,1.1333333333333333,-0.36666666666666664
1744814450.643811,-7.0,-144.0,292.0,,-2.599173324989163,-1.1284617411955031,-17.889827762942076,0.16666666666666666,0.23333333333333334,-0.2
1744814450.930463,-8.0,-148.0,294.0,,-2.4635079821277404,-0.811711879581758,-18.190887209079932,0.06666666666666667,0.1,-0.03333333333333333
1744814451.2094767,-11.0,-154.0,293.0,,-1.7414209500008484,-0.38416375535609526,-18.31832840756989,0.1,0.0,-0.13333333333333333
1744814451.4900827,-12.0,-160.0,292.0,,-1.1592176060248116,-0.13738631307778082,-18.50652713382142,0.06666666666666667,0.1,-0.13333333333333333
1744814451.774595,-12.0,-164.0,290.0,,-0.7440024605647624,-0.1273863130777806,-18.71779815487952,0.06666666666666667,-0.03333333333333333,-0.03333333333333333
1744814452.0490115,-12.0,-165.0,290.0,,-0.7060148324557314,-0.039386313077780954,-18.62227602251918,0.06666666666666667,0.0,-0.06666666666666667
1744814452.3170922,-12.0,-166.0,290.0,,-0.39325379583274067,-0.23538631307778068,-18.680839498591112,0.06666666666666667,0.0,-0.03333333333333333
1744814452.5806432,-13.0,-167.0,290.0,,-0.8547698431133177,-0.009230156886684604,-18.922431978172327,0.0,0.06666666666666667,-0.0
1744814452.845004,-13.0,-168.0,290.0,,-0.4126136869222188,-0.009230156886684604,-18.734599339319637,0.03333333333333333,0.0,-0.03333333333333333
1744814453.1063745,-13.0,-169.0,290.0,,-0.3428362446439064,-0.07823015688668455,-18.809047698637208,0.06666666666666667,0.0,-0.03333333333333333
1744814453.374955,-13.0,-169.0,290.0,,-0.4898362446439064,-0.1272301568866845,-18.77586171458006,0.03333333333333333,0.0,-0.03333333333333333
1744814453.6275103,-13.0,-169.0,290.0,,-0.4898362446439064,-0.1272301568866845,-18.77586171458006,0.03333333333333333,0.0,-0.03333333333333333
1744814453.8946168,-13.0,-169.0,290.0,,-0.4898362446439064,-0.1272301568866845,-18.77586171458006,0.03333333333333333,0.0,-0.03333333333333333
1744814454.155278,-13.0,-169.0,290.0,,-0.4898362446439064,-0.1272301568866845,-18.77586171458006,0.03333333333333333,0.0,-0.03333333333333333
1744814454.4169984,-13.0,-169.0,290.0,,-0.4898362446439064,-0.1272301568866845,-18.77586171458006,0.03333333333333333,0.0,-0.03333333333333333
1744814454.6740968,-13.0,-169.0,290.0,,-0.4898362446439064,-0.1272301568866845,-18.77586171458006,0.03333333333333333,0.0,-0.03333333333333333
1744814454.9309723,-13.0,-169.0,290.0,,-0.4898362446439064,-0.1272301568866845,-18.77586171458006,0.03333333333333333,0.0,-0.03333333333333333
1744814455.194732,-13.0,-169.0,290.0,,-0.4898362446439064,-0.1272301568866845,-18.77586171458006,0.03333333333333333,0.0,-0.03333333333333333
1744814455.4436057,-13.0,-169.0,290.0,,-0.4898362446439064,-0.1272301568866845,-18.77586171458006,0.03333333333333333,0.0,-0.03333333333333333
1744814455.6932106,-13.0,-169.0,290.0,,-0.4898362446439064,-0.1272301568866845,-18.77586171458006,0.03333333333333333,0.0,-0.03333333333333333
1744814455.9583735,-13.0,-169.0,290.0,,-0.4898362446439064,-0.1272301568866845,-18.77586171458006,0.03333333333333333,0.0,-0.03333333333333333
1744814456.215546,-13.0,-169.0,290.0,,-0.4898362446439064,-0.1272301568866845,-18.77586171458006,0.03333333333333333,0.0,-0.03333333333333333
1744814456.4709365,-13.0,-169.0,290.0,,-0.4898362446439064,-0.1272301568866845,-18.77586171458006,0.03333333333333333,0.0,-0.03333333333333333
1744814456.7243607,-13.0,-169.0,290.0,,-0.4898362446439064,-0.1272301568866845,-18.77586171458006,0.03333333333333333,0.0,-0.03333333333333333
1744814456.9775538,-13.0,-169.0,290.0,,-0.4898362446439064,-0.1272301568866845,-18.77586171458006,0.03333333333333333,0.0,-0.03333333333333333
1744814457.2323272,-13.0,-169.0,290.0,,-0.4898362446439064,-0.1272301568866845,-18.77586171458006,0.03333333333333333,0.0,-0.03333333333333333
1744814457.4901085,-13.0,-169.0,290.0,,-0.4898362446439064,-0.1272301568866845,-18.77586171458006,0.03333333333333333,0.0,-0.03333333333333333
1744814457.7518773,-13.0,-169.0,290.0,,-0.4898362446439064,-0.1272301568866845,-18.77586171458006,0.03333333333333333,0.0,-0.03333333333333333
1744814458.0118196,-13.0,-169.0,290.0,,-0.4898362446439064,-0.1272301568866845,-18.77586171458006,0.03333333333333333,0.0,-0.03333333333333333
1744814458.268786,-13.0,-169.0,290.0,,-0.4898362446439064,-0.1272301568866845,-18.77586171458006,0.03333333333333333,0.0,-0.03333333333333333
1744814458.520758,-13.0,-169.0,290.0,,-0.4898362446439064,-0.1272301568866845,-18.77586171458006,0.03333333333333333,0.0,-0.03333333333333333
1744814458.7767253,-13.0,-169.0,290.0,,-0.4898362446439064,-0.1272301568866845,-18.77586171458006,0.03333333333333333,0.0,-0.03333333333333333
1744814459.033036,-13.0,-169.0,290.0,,-0.4898362446439064,-0.1272301568866845,-18.77586171458006,0.03333333333333333,0.0,-0.03333333333333333
1744814459.294358,-13.0,-169.0,290.0,,-0.4898362446439064,-0.1272301568866845,-18.77586171458006,0.03333333333333333,0.0,-0.03333333333333333
1744814459.5470963,-13.0,-169.0,290.0,,-0.4898362446439064,-0.1272301568866845,-18.77586171458006,0.03333333333333333,0.0,-0.03333333333333333
1744814459.8052578,-13.0,-169.0,290.0,,-0.4898362446439064,-0.1272301568866845,-18.77586171458006,0.03333333333333333,0.0,-0.03333333333333333
1744814460.063888,-13.0,-169.0,290.0,,-0.4898362446439064,-0.1272301568866845,-18.77586171458006,0.03333333333333333,0.0,-0.03333333333333333
1744814460.3282897,-13.0,-169.0,290.0,,-0.4898362446439064,-0.1272301568866845,-18.77586171458006,0.03333333333333333,0.0,-0.03333333333333333
1744814460.5917356,-13.0,-169.0,290.0,,-0.4898362446439064,-0.1272301568866845,-18.77586171458006,0.03333333333333333,0.0,-0.03333333333333333
1744814460.8539999,-13.0,-169.0,290.0,,-0.4898362446439064,-0.1272301568866845,-18.77586171458006,0.03333333333333333,0.0,-0.03333333333333333
1744814461.113349,-13.0,-169.0,290.0,,-0.4898362446439064,-0.1272301568866845,-18.77586171458006,0.03333333333333333,0.0,-0.03333333333333333
1744814461.3669043,-13.0,-169.0,290.0,,-0.4898362446439064,-0.1272301568866845,-18.77586171458006,0.03333333333333333,0.0,-0.03333333333333333
1744814461.6115694,-13.0,-169.0,290.0,,-0.4898362446439064,-0.1272301568866845,-18.77586171458006,0.03333333333333333,0.0,-0.03333333333333333
1744814461.8782196,-13.0,-169.0,290.0,,-0.4898362446439064,-0.1272301568866845,-18.77586171458006,0.03333333333333333,0.0,-0.03333333333333333
1744814462.1417973,-13.0,-169.0,290.0,,-0.4898362446439064,-0.1272301568866845,-18.77586171458006,0.03333333333333333,0.0,-0.03333333333333333
1744814462.401385,-13.0,-169.0,290.0,,-0.4898362446439064,-0.1272301568866845,-18.77586171458006,0.03333333333333333,0.0,-0.03333333333333333
1744814462.6641893,-13.0,-169.0,290.0,,-0.4898362446439064,-0.1272301568866845,-18.77586171458006,0.03333333333333333,0.0,-0.03333333333333333
1744814462.9143808,-13.0,-169.0,290.0,,-0.4898362446439064,-0.1272301568866845,-18.77586171458006,0.03333333333333333,0.0,-0.03333333333333333
1744814463.1589832,-13.0,-169.0,290.0,,-0.4898362446439064,-0.1272301568866845,-18.77586171458006,0.03333333333333333,0.0,-0.03333333333333333
1744814463.4161782,-13.0,-169.0,290.0,,-0.4898362446439064,-0.1272301568866845,-18.77586171458006,0.03333333333333333,0.0,-0.03333333333333333
1744814463.6704383,-13.0,-169.0,290.0,,-0.4898362446439064,-0.1272301568866845,-18.77586171458006,0.03333333333333333,0.0,-0.03333333333333333
1744814463.9377913,-13.0,-169.0,290.0,,-0.4898362446439064,-0.1272301568866845,-18.77586171458006,0.03333333333333333,0.0,-0.03333333333333333
1744814464.1964202,-13.0,-169.0,290.0,,-0.4898362446439064,-0.1272301568866845,-18.77586171458006,0.03333333333333333,0.0,-0.03333333333333333
1744814464.454148,-13.0,-169.0,290.0,,-0.4898362446439064,-0.1272301568866845,-18.77586171458006,0.03333333333333333,0.0,-0.03333333333333333
1744814464.7044716,-13.0,-169.0,290.0,,-0.4898362446439064,-0.1272301568866845,-18.77586171458006,0.03333333333333333,0.0,-0.03333333333333333
1744814464.9644105,-13.0,-169.0,290.0,,-0.4898362446439064,-0.1272301568866845,-18.77586171458006,0.03333333333333333,0.0,-0.03333333333333333
1744814465.2374513,-13.0,-169.0,290.0,,-0.4898362446439064,-0.1272301568866845,-18.77586171458006,0.03333333333333333,0.0,-0.03333333333333333
1744814465.5187001,-13.0,-169.0,290.0,,-0.4898362446439064,-0.1272301568866845,-18.77586171458006,0.03333333333333333,0.0,-0.03333333333333333
1744814465.80673,-13.0,-169.0,290.0,,-0.4898362446439064,-0.1272301568866845,-18.77586171458006,0.03333333333333333,0.0,-0.03333333333333333
1744814466.0812273,-13.0,-169.0,290.0,,-0.4898362446439064,-0.1272301568866845,-18.77586171458006,0.03333333333333333,0.0,-0.03333333333333333
1744814466.33929,-13.0,-169.0,290.0,,-0.4898362446439064,-0.1272301568866845,-18.77586171458006,0.03333333333333333,0.0,-0.03333333333333333
1744814466.5957491,-13.0,-169.0,290.0,,-0.4898362446439064,-0.1272301568866845,-18.77586171458006,0.03333333333333333,0.0,-0.03333333333333333
1744814466.8506222,-13.0,-169.0,290.0,,-0.4898362446439064,-0.1272301568866845,-18.77586171458006,0.03333333333333333,0.0,-0.03333333333333333
1744814467.1025932,-13.0,-169.0,290.0,,-0.4898362446439064,-0.1272301568866845,-18.77586171458006,0.03333333333333333,0.0,-0.03333333333333333
1744814467.354126,-13.0,-169.0,290.0,,-0.4898362446439064,-0.1272301568866845,-18.77586171458006,0.03333333333333333,0.0,-0.03333333333333333
1744814467.6032836,-13.0,-169.0,290.0,,-0.4898362446439064,-0.1272301568866845,-18.77586171458006,0.03333333333333333,0.0,-0.03333333333333333
1744814467.8627522,-13.0,-169.0,290.0,,-0.4898362446439064,-0.1272301568866845,-18.77586171458006,0.03333333333333333,0.0,-0.03333333333333333
1744814468.1210413,-13.0,-169.0,290.0,,-0.4898362446439064,-0.1272301568866845,-18.77586171458006,0.03333333333333333,0.0,-0.03333333333333333
1744814468.3752992,-13.0,-169.0,290.0,,-0.4898362446439064,-0.1272301568866845,-18.77586171458006,0.03333333333333333,0.0,-0.03333333333333333
1744814468.6280148,-13.0,-169.0,290.0,,-0.4898362446439064,-0.1272301568866845,-18.77586171458006,0.03333333333333333,0.0,-0.03333333333333333
1744814468.8822167,-13.0,-169.0,290.0,,-0.4898362446439064,-0.1272301568866845,-18.77586171458006,0.03333333333333333,0.0,-0.03333333333333333
1744814469.1359298,-13.0,-169.0,290.0,,-0.4898362446439064,-0.1272301568866845,-18.77586171458006,0.03333333333333333,0.0,-0.03333333333333333
1744814469.3919816,-13.0,-169.0,290.0,,-0.4898362446439064,-0.1272301568866845,-18.77586171458006,0.03333333333333333,0.0,-0.03333333333333333
1744814469.6427515,-13.0,-169.0,290.0,,-0.4898362446439064,-0.1272301568866845,-18.77586171458006,0.03333333333333333,0.0,-0.03333333333333333
1744814469.9096994,-13.0,-169.0,290.0,,-0.4898362446439064,-0.1272301568866845,-18.77586171458006,0.03333333333333333,0.0,-0.03333333333333333
1744814470.1611276,-13.0,-169.0,290.0,,-0.4898362446439064,-0.1272301568866845,-18.77586171458006,0.03333333333333333,0.0,-0.03333333333333333
1744814470.416246,-13.0,-169.0,290.0,,-0.4898362446439064,-0.1272301568866845,-18.77586171458006,0.03333333333333333,0.0,-0.03333333333333333
1744814470.6719055,-13.0,-169.0,290.0,,-0.4898362446439064,-0.1272301568866845,-18.77586171458006,0.03333333333333333,0.0,-0.03333333333333333
1744814470.922303,-13.0,-169.0,290.0,,-0.4898362446439064,-0.1272301568866845,-18.77586171458006,0.03333333333333333,0.0,-0.03333333333333333
1744814471.1727183,-13.0,-169.0,290.0,,-0.4898362446439064,-0.1272301568866845,-18.77586171458006,0.03333333333333333,0.0,-0.03333333333333333
1744814471.4225469,-13.0,-169.0,290.0,,-0.4898362446439064,-0.1272301568866845,-18.77586171458006,0.03333333333333333,0.0,-0.03333333333333333
1744814471.6739492,-13.0,-169.0,290.0,,-0.4898362446439064,-0.1272301568866845,-18.77586171458006,0.03333333333333333,0.0,-0.03333333333333333
1744814471.942177,-13.0,-169.0,290.0,,-0.4898362446439064,-0.1272301568866845,-18.77586171458006,0.03333333333333333,0.0,-0.03333333333333333
1744814472.210226,-13.0,-169.0,290.0,,-0.4898362446439064,-0.1272301568866845,-18.77586171458006,0.03333333333333333,0.0,-0.03333333333333333
1744814472.4726338,-13.0,-169.0,290.0,,-0.4898362446439064,-0.1272301568866845,-18.77586171458006,0.03333333333333333,0.0,-0.03333333333333333
1744814472.7275677,-13.0,-169.0,290.0,,-0.4898362446439064,-0.1272301568866845,-18.77586171458006,0.03333333333333333,0.0,-0.03333333333333333
1744814472.9981506,-13.0,-169.0,290.0,,-0.4898362446439064,-0.1272301568866845,-18.77586171458006,0.03333333333333333,0.0,-0.03333333333333333
1744814473.3053734,-13.0,-169.0,290.0,,-0.4898362446439064,-0.1272301568866845,-18.77586171458006,0.03333333333333333,0.0,-0.03333333333333333
1744814473.577819,-13.0,-169.0,290.0,,-0.4898362446439064,-0.1272301568866845,-18.77586171458006,0.03333333333333333,0.0,-0.03333333333333333
1744814473.8595777,-13.0,-169.0,290.0,,-0.4898362446439064,-0.1272301568866845,-18.77586171458006,0.03333333333333333,0.0,-0.03333333333333333
1744814474.117112,-13.0,-169.0,290.0,,-0.4898362446439064,-0.1272301568866845,-18.77586171458006,0.03333333333333333,0.0,-0.03333333333333333
1744814474.3693488,-13.0,-169.0,290.0,,-0.4898362446439064,-0.1272301568866845,-18.77586171458006,0.03333333333333333,0.0,-0.03333333333333333
1744814474.6575165,-13.0,-169.0,290.0,,-0.4898362446439064,-0.1272301568866845,-18.77586171458006,0.03333333333333333,0.0,-0.03333333333333333
1744814474.9680045,-13.0,-169.0,290.0,,-0.4898362446439064,-0.1272301568866845,-18.77586171458006,0.03333333333333333,0.0,-0.03333333333333333
1744814475.2575824,-13.0,-169.0,290.0,,-0.4898362446439064,-0.1272301568866845,-18.77586171458006,0.03333333333333333,0.0,-0.03333333333333333
1744814475.5391886,-13.0,-169.0,290.0,,-0.4898362446439064,-0.1272301568866845,-18.77586171458006,0.03333333333333333,0.0,-0.03333333333333333
1744814475.8192542,-13.0,-169.0,290.0,,-0.4898362446439064,-0.1272301568866845,-18.77586171458006,0.03333333333333333,0.0,-0.03333333333333333
1744814476.1134756,-13.0,-169.0,290.0,,-0.4898362446439064,-0.1272301568866845,-18.77586171458006,0.03333333333333333,0.0,-0.03333333333333333
1744814476.4045122,-13.0,-169.0,290.0,,-0.4898362446439064,-0.1272301568866845,-18.77586171458006,0.03333333333333333,0.0,-0.03333333333333333
1744814476.6678145,-13.0,-169.0,290.0,,-0.4898362446439064,-0.1272301568866845,-18.77586171458006,0.03333333333333333,0.0,-0.03333333333333333
1744814476.9391408,-13.0,-169.0,290.0,,-0.4898362446439064,-0.1272301568866845,-18.77586171458006,0.03333333333333333,0.0,-0.03333333333333333
1744814477.196047,-13.0,-169.0,290.0,,-0.4898362446439064,-0.1272301568866845,-18.77586171458006,0.03333333333333333,0.0,-0.03333333333333333
1744814477.4562478,-13.0,-169.0,290.0,,-0.4898362446439064,-0.1272301568866845,-18.77586171458006,0.03333333333333333,0.0,-0.03333333333333333
1744814477.713708,-13.0,-169.0,290.0,,-0.4898362446439064,-0.1272301568866845,-18.77586171458006,0.03333333333333333,0.0,-0.03333333333333333
1744814477.984928,-13.0,-169.0,290.0,,-0.4898362446439064,-0.1272301568866845,-18.77586171458006,0.03333333333333333,0.0,-0.03333333333333333
1744814478.2449105,-13.0,-169.0,290.0,,-0.4898362446439064,-0.1272301568866845,-18.77586171458006,0.03333333333333333,0.0,-0.03333333333333333
1744814478.5079246,-13.0,-169.0,290.0,,-0.4898362446439064,-0.1272301568866845,-18.77586171458006,0.03333333333333333,0.0,-0.03333333333333333
1744814478.7642636,-13.0,-169.0,290.0,,-0.4898362446439064,-0.1272301568866845,-18.77586171458006,0.03333333333333333,0.0,-0.03333333333333333
1744814479.016146,-13.0,-169.0,290.0,,-0.4898362446439064,-0.1272301568866845,-18.77586171458006,0.03333333333333333,0.0,-0.03333333333333333
1744814479.2653701,-13.0,-169.0,290.0,,-0.4898362446439064,-0.1272301568866845,-18.77586171458006,0.03333333333333333,0.0,-0.03333333333333333
1744814479.504591,-13.0,-169.0,290.0,,-0.4898362446439064,-0.1272301568866845,-18.77586171458006,0.03333333333333333,0.0,-0.03333333333333333
1744814479.7504573,-13.0,-169.0,290.0,,-0.4898362446439064,-0.1272301568866845,-18.77586171458006,0.03333333333333333,0.0,-0.03333333333333333
1744814480.015216,-13.0,-169.0,290.0,,-0.4898362446439064,-0.1272301568866845,-18.77586171458006,0.03333333333333333,0.0,-0.03333333333333333
1744814480.2784712,-13.0,-169.0,290.0,,-0.4898362446439064,-0.1272301568866845,-18.77586171458006,0.03333333333333333,0.0,-0.03333333333333333
1744814480.6024058,-13.0,-169.0,290.0,,-0.4898362446439064,-0.1272301568866845,-18.77586171458006,0.03333333333333333,0.0,-0.03333333333333333
1744814480.8742743,-13.0,-169.0,290.0,,-0.4898362446439064,-0.1272301568866845,-18.77586171458006,0.03333333333333333,0.0,-0.03333333333333333
1744814481.1332295,-13.0,-169.0,290.0,,-0.4898362446439064,-0.1272301568866845,-18.77586171458006,0.03333333333333333,0.0,-0.03333333333333333
1744814481.383657,-13.0,-169.0,290.0,,-0.4898362446439064,-0.1272301568866845,-18.77586171458006,0.03333333333333333,0.0,-0.03333333333333333
1744814481.6260674,-13.0,-169.0,290.0,,-0.4898362446439064,-0.1272301568866845,-18.77586171458006,0.03333333333333333,0.0,-0.03333333333333333
1744814481.8795407,-13.0,-169.0,290.0,,-0.4898362446439064,-0.1272301568866845,-18.77586171458006,0.03333333333333333,0.0,-0.03333333333333333
1744814482.1294515,-13.0,-169.0,290.0,,-0.4898362446439064,-0.1272301568866845,-18.77586171458006,0.03333333333333333,0.0,-0.03333333333333333
1744814482.38014,-13.0,-169.0,290.0,,-0.4898362446439064,-0.1272301568866845,-18.77586171458006,0.03333333333333333,0.0,-0.03333333333333333
1744814482.6235826,-13.0,-169.0,290.0,,-0.4898362446439064,-0.1272301568866845,-18.77586171458006,0.03333333333333333,0.0,-0.03333333333333333
1744814482.8639214,-13.0,-169.0,290.0,,-0.4898362446439064,-0.1272301568866845,-18.77586171458006,0.03333333333333333,0.0,-0.03333333333333333
1744814483.105677,-13.0,-169.0,290.0,,-0.4898362446439064,-0.1272301568866845,-18.77586171458006,0.03333333333333333,0.0,-0.03333333333333333
1744814483.3511992,-13.0,-169.0,290.0,,-0.4898362446439064,-0.1272301568866845,-18.77586171458006,0.03333333333333333,0.0,-0.03333333333333333
1744814483.5986736,-13.0,-169.0,290.0,,-0.4898362446439064,-0.1272301568866845,-18.77586171458006,0.03333333333333333,0.0,-0.03333333333333333
1744814483.852781,-13.0,-169.0,290.0,,-0.4898362446439064,-0.1272301568866845,-18.77586171458006,0.03333333333333333,0.0,-0.03333333333333333
1744814484.1020343,-13.0,-169.0,290.0,,-0.4898362446439064,-0.1272301568866845,-18.77586171458006,0.03333333333333333,0.0,-0.03333333333333333
1744814484.3432038,-13.0,-169.0,290.0,,-0.4898362446439064,-0.1272301568866845,-18.77586171458006,0.03333333333333333,0.0,-0.03333333333333333
1744814484.5793002,-13.0,-169.0,290.0,,-0.4898362446439064,-0.1272301568866845,-18.77586171458006,0.03333333333333333,0.0,-0.03333333333333333
1744814484.8150783,-13.0,-169.0,290.0,,-0.4898362446439064,-0.1272301568866845,-18.77586171458006,0.03333333333333333,0.0,-0.03333333333333333
1744814485.0596702,-13.0,-169.0,290.0,,-0.4898362446439064,-0.1272301568866845,-18.77586171458006,0.03333333333333333,0.0,-0.03333333333333333
1744814485.301712,-13.0,-169.0,290.0,,-0.4898362446439064,-0.1272301568866845,-18.77586171458006,0.03333333333333333,0.0,-0.03333333333333333
1744814485.5408723,-13.0,-169.0,290.0,,-0.4898362446439064,-0.1272301568866845,-18.77586171458006,0.03333333333333333,0.0,-0.03333333333333333
1744814485.7838879,-13.0,-169.0,290.0,,-0.4898362446439064,-0.1272301568866845,-18.77586171458006,0.03333333333333333,0.0,-0.03333333333333333
1744814486.0487804,-13.0,-169.0,290.0,,-0.4898362446439064,-0.1272301568866845,-18.77586171458006,0.03333333333333333,0.0,-0.03333333333333333
1744814486.303867,-13.0,-169.0,290.0,,-0.4898362446439064,-0.1272301568866845,-18.77586171458006,0.03333333333333333,0.0,-0.03333333333333333
1744814486.5054512,-13.0,-169.0,290.0,,-0.4898362446439064,-0.1272301568866845,-18.77586171458006,0.03333333333333333,0.0,-0.03333333333333333
1744814486.7262692,-13.0,-169.0,290.0,,-0.4898362446439064,-0.1272301568866845,-18.77586171458006,0.03333333333333333,0.0,-0.03333333333333333
1744814486.9218233,-13.0,-169.0,290.0,,-0.4898362446439064,-0.1272301568866845,-18.77586171458006,0.03333333333333333,0.0,-0.03333333333333333
1744814487.1069326,-13.0,-169.0,290.0,,-0.4898362446439064,-0.1272301568866845,-18.77586171458006,0.03333333333333333,0.0,-0.03333333333333333
1744814487.3006396,-13.0,-169.0,290.0,,-0.4898362446439064,-0.1272301568866845,-18.77586171458006,0.03333333333333333,0.0,-0.03333333333333333
1744814487.4815195,-13.0,-169.0,290.0,,-0.4898362446439064,-0.1272301568866845,-18.77586171458006,0.03333333333333333,0.0,-0.03333333333333333
1744814487.655932,-13.0,-169.0,290.0,,-0.4898362446439064,-0.1272301568866845,-18.77586171458006,0.03333333333333333,0.0,-0.03333333333333333
1744814487.843579,-13.0,-169.0,290.0,,-0.4898362446439064,-0.1272301568866845,-18.77586171458006,0.03333333333333333,0.0,-0.03333333333333333
1744814488.028472,-13.0,-169.0,290.0,,-0.4898362446439064,-0.1272301568866845,-18.77586171458006,0.03333333333333333,0.0,-0.03333333333333333
1744814488.2152622,-13.0,-169.0,290.0,,-0.4898362446439064,-0.1272301568866845,-18.77586171458006,0.03333333333333333,0.0,-0.03333333333333333
1744814488.3976922,-13.0,-169.0,290.0,,-0.4898362446439064,-0.1272301568866845,-18.77586171458006,0.03333333333333333,0.0,-0.03333333333333333
1744814488.5726564,-13.0,-169.0,290.0,,-0.4898362446439064,-0.1272301568866845,-18.77586171458006,0.03333333333333333,0.0,-0.03333333333333333
1744814488.7417936,-13.0,-169.0,290.0,,-0.4898362446439064,-0.1272301568866845,-18.77586171458006,0.03333333333333333,0.0,-0.03333333333333333
1744814488.9085274,-13.0,-169.0,290.0,,-0.4898362446439064,-0.1272301568866845,-18.77586171458006,0.03333333333333333,0.0,-0.03333333333333333
1744814489.070752,-13.0,-169.0,290.0,,-0.4898362446439064,-0.1272301568866845,-18.77586171458006,0.03333333333333333,0.0,-0.03333333333333333
1744814489.234658,-13.0,-169.0,290.0,,-0.4898362446439064,-0.1272301568866845,-18.77586171458006,0.03333333333333333,0.0,-0.03333333333333333
1744814489.3986495,-13.0,-169.0,290.0,,-0.4898362446439064,-0.1272301568866845,-18.77586171458006,0.03333333333333333,0.0,-0.03333333333333333
1744814489.5588634,-13.0,-169.0,290.0,,-0.4898362446439064,-0.1272301568866845,-18.77586171458006,0.03333333333333333,0.0,-0.03333333333333333
1744814489.721042,-13.0,-169.0,290.0,,-0.4898362446439064,-0.1272301568866845,-18.77586171458006,0.03333333333333333,0.0,-0.03333333333333333
1744814489.89361,-13.0,-169.0,290.0,,-0.4898362446439064,-0.1272301568866845,-18.77586171458006,0.03333333333333333,0.0,-0.03333333333333333
1744814490.0816638,-13.0,-169.0,290.0,,-0.4898362446439064,-0.1272301568866845,-18.77586171458006,0.03333333333333333,0.0,-0.03333333333333333
1744814490.2791877,-13.0,-169.0,290.0,,-0.4898362446439064,-0.1272301568866845,-18.77586171458006,0.03333333333333333,0.0,-0.03333333333333333
1744814490.491716,-13.0,-169.0,290.0,,-0.4898362446439064,-0.1272301568866845,-18.77586171458006,0.03333333333333333,0.0,-0.03333333333333333
1744814490.7100224,-13.0,-169.0,290.0,,-0.4898362446439064,-0.1272301568866845,-18.77586171458006,0.03333333333333333,0.0,-0.03333333333333333
1744814490.9423714,-13.0,-169.0,290.0,,-0.4898362446439064,-0.1272301568866845,-18.77586171458006,0.03333333333333333,0.0,-0.03333333333333333
1744814491.1743507,-13.0,-169.0,290.0,,-0.4898362446439064,-0.1272301568866845,-18.77586171458006,0.03333333333333333,0.0,-0.03333333333333333
1744814491.3950393,-13.0,-169.0,290.0,,-0.4898362446439064,-0.1272301568866845,-18.77586171458006,0.03333333333333333,0.0,-0.03333333333333333
1744814491.605734,-13.0,-169.0,290.0,,-0.4898362446439064,-0.1272301568866845,-18.77586171458006,0.03333333333333333,0.0,-0.03333333333333333
1744814491.8029346,-13.0,-169.0,290.0,,-0.4898362446439064,-0.1272301568866845,-18.77586171458006,0.03333333333333333,0.0,-0.03333333333333333
1744814491.998609,-13.0,-169.0,290.0,,-0.4898362446439064,-0.1272301568866845,-18.77586171458006,0.03333333333333333,0.0,-0.03333333333333333
1744814492.1791224,-13.0,-169.0,290.0,,-0.4898362446439064,-0.1272301568866845,-18.77586171458006,0.03333333333333333,0.0,-0.03333333333333333
1744814492.3494449,-13.0,-169.0,290.0,,-0.4898362446439064,-0.1272301568866845,-18.77586171458006,0.03333333333333333,0.0,-0.03333333333333333
1744814492.5202546,-13.0,-169.0,290.0,,-0.4898362446439064,-0.1272301568866845,-18.77586171458006,0.03333333333333333,0.0,-0.03333333333333333
1744814492.6860156,-13.0,-169.0,290.0,,-0.4898362446439064,-0.1272301568866845,-18.77586171458006,0.03333333333333333,0.0,-0.03333333333333333
1744814492.859105,-13.0,-169.0,290.0,,-0.4898362446439064,-0.1272301568866845,-18.77586171458006,0.03333333333333333,0.0,-0.03333333333333333
1744814493.0333977,-13.0,-169.0,290.0,,-0.4898362446439064,-0.1272301568866845,-18.77586171458006,0.03333333333333333,0.0,-0.03333333333333333
1744814493.1416023,-13.0,-169.0,290.0,,-0.4898362446439064,-0.1272301568866845,-18.77586171458006,0.03333333333333333,0.0,-0.03333333333333333
1744814493.3315687,-13.0,-169.0,290.0,,-0.4898362446439064,-0.1272301568866845,-18.77586171458006,0.03333333333333333,0.0,-0.03333333333333333
1744814493.519042,-13.0,-169.0,290.0,,-0.4898362446439064,-0.1272301568866845,-18.77586171458006,0.03333333333333333,0.0,-0.03333333333333333
1744814493.6939826,-13.0,-169.0,290.0,,-0.4898362446439064,-0.1272301568866845,-18.77586171458006,0.03333333333333333,0.0,-0.03333333333333333
1744814493.8754826,-13.0,-169.0,290.0,,-0.4898362446439064,-0.1272301568866845,-18.77586171458006,0.03333333333333333,0.0,-0.03333333333333333
1744814494.0521576,-13.0,-169.0,290.0,,-0.4898362446439064,-0.1272301568866845,-18.77586171458006,0.03333333333333333,0.0,-0.03333333333333333
1744814494.2317832,-13.0,-169.0,290.0,,-0.4898362446439064,-0.1272301568866845,-18.77586171458006,0.03333333333333333,0.0,-0.03333333333333333
1744814494.4166098,-13.0,-169.0,290.0,,-0.4898362446439064,-0.1272301568866845,-18.77586171458006,0.03333333333333333,0.0,-0.03333333333333333
1744814494.6024492,-13.0,-169.0,290.0,,-0.4898362446439064,-0.1272301568866845,-18.77586171458006,0.03333333333333333,0.0,-0.03333333333333333
1744814494.7780046,-13.0,-169.0,290.0,,-0.4898362446439064,-0.1272301568866845,-18.77586171458006,0.03333333333333333,0.0,-0.03333333333333333
1744814494.9526556,-13.0,-169.0,290.0,,-0.4898362446439064,-0.1272301568866845,-18.77586171458006,0.03333333333333333,0.0,-0.03333333333333333
1744814495.1326735,-13.0,-169.0,290.0,,-0.4898362446439064,-0.1272301568866845,-18.77586171458006,0.03333333333333333,0.0,-0.03333333333333333
1744814495.3060744,-13.0,-169.0,290.0,,-0.4898362446439064,-0.1272301568866845,-18.77586171458006,0.03333333333333333,0.0,-0.03333333333333333
1744814495.4800174,-13.0,-169.0,290.0,,-0.4898362446439064,-0.1272301568866845,-18.77586171458006,0.03333333333333333,0.0,-0.03333333333333333
1744814495.6464736,-13.0,-169.0,290.0,,-0.4898362446439064,-0.1272301568866845,-18.77586171458006,0.03333333333333333,0.0,-0.03333333333333333
1744814495.8216245,-13.0,-169.0,290.0,,-0.4898362446439064,-0.1272301568866845,-18.77586171458006,0.03333333333333333,0.0,-0.03333333333333333
1744814495.9996383,-13.0,-169.0,290.0,,-0.4898362446439064,-0.1272301568866845,-18.77586171458006,0.03333333333333333,0.0,-0.03333333333333333
1744814496.177134,-13.0,-169.0,290.0,,-0.4898362446439064,-0.1272301568866845,-18.77586171458006,0.03333333333333333,0.0,-0.03333333333333333
1744814496.36091,-13.0,-169.0,290.0,,-0.4898362446439064,-0.1272301568866845,-18.77586171458006,0.03333333333333333,0.0,-0.03333333333333333
1744814496.5384007,-13.0,-169.0,290.0,,-0.4898362446439064,-0.1272301568866845,-18.77586171458006,0.03333333333333333,0.0,-0.03333333333333333
1744814496.734281,-13.0,-169.0,290.0,,-0.4898362446439064,-0.1272301568866845,-18.77586171458006,0.03333333333333333,0.0,-0.03333333333333333
1744814496.924847,-13.0,-169.0,290.0,,-0.4898362446439064,-0.1272301568866845,-18.77586171458006,0.03333333333333333,0.0,-0.03333333333333333
1744814497.1081817,-13.0,-169.0,290.0,,-0.4898362446439064,-0.1272301568866845,-18.77586171458006,0.03333333333333333,0.0,-0.03333333333333333
1744814497.2949612,-13.0,-169.0,290.0,,-0.4898362446439064,-0.1272301568866845,-18.77586171458006,0.03333333333333333,0.0,-0.03333333333333333
1744814497.4755216,-13.0,-169.0,290.0,,-0.4898362446439064,-0.1272301568866845,-18.77586171458006,0.03333333333333333,0.0,-0.03333333333333333
1744814497.656199,-13.0,-169.0,290.0,,-0.4898362446439064,-0.1272301568866845,-18.77586171458006,0.03333333333333333,0.0,-0.03333333333333333
1744814497.8309665,-13.0,-169.0,290.0,,-0.4898362446439064,-0.1272301568866845,-18.77586171458006,0.03333333333333333,0.0,-0.03333333333333333
1744814498.0040712,-13.0,-169.0,290.0,,-0.4898362446439064,-0.1272301568866845,-18.77586171458006,0.03333333333333333,0.0,-0.03333333333333333
1744814498.1759858,-13.0,-169.0,290.0,,-0.4898362446439064,-0.1272301568866845,-18.77586171458006,0.03333333333333333,0.0,-0.03333333333333333
1744814498.3446324,-13.0,-169.0,290.0,,-0.4898362446439064,-0.1272301568866845,-18.77586171458006,0.03333333333333333,0.0,-0.03333333333333333
1744814498.517947,-13.0,-169.0,290.0,,-0.4898362446439064,-0.1272301568866845,-18.77586171458006,0.03333333333333333,0.0,-0.03333333333333333
1744814498.6802897,-13.0,-169.0,290.0,,-0.4898362446439064,-0.1272301568866845,-18.77586171458006,0.03333333333333333,0.0,-0.03333333333333333
1744814498.843152,-13.0,-169.0,290.0,,-0.4898362446439064,-0.1272301568866845,-18.77586171458006,0.03333333333333333,0.0,-0.03333333333333333
1744814499.0057387,-13.0,-169.0,290.0,,-0.4898362446439064,-0.1272301568866845,-18.77586171458006,0.03333333333333333,0.0,-0.03333333333333333
1744814499.1715367,-13.0,-169.0,290.0,,-0.4898362446439064,-0.1272301568866845,-18.77586171458006,0.03333333333333333,0.0,-0.03333333333333333
1744814499.3378122,-13.0,-169.0,290.0,,-0.4898362446439064,-0.1272301568866845,-18.77586171458006,0.03333333333333333,0.0,-0.03333333333333333
1744814499.4992888,-13.0,-169.0,290.0,,-0.4898362446439064,-0.1272301568866845,-18.77586171458006,0.03333333333333333,0.0,-0.03333333333333333
1744814499.665092,-13.0,-169.0,290.0,,-0.4898362446439064,-0.1272301568866845,-18.77586171458006,0.03333333333333333,0.0,-0.03333333333333333
1744814499.8335311,-13.0,-169.0,290.0,,-0.4898362446439064,-0.1272301568866845,-18.77586171458006,0.03333333333333333,0.0,-0.03333333333333333
1744814500.0050623,-13.0,-169.0,290.0,,-0.4898362446439064,-0.1272301568866845,-18.77586171458006,0.03333333333333333,0.0,-0.03333333333333333
1744814500.1749568,-13.0,-169.0,290.0,,-0.4898362446439064,-0.1272301568866845,-18.77586171458006,0.03333333333333333,0.0,-0.03333333333333333
1744814500.3430178,-13.0,-169.0,290.0,,-0.4898362446439064,-0.1272301568866845,-18.77586171458006,0.03333333333333333,0.0,-0.03333333333333333
1744814500.5051875,-13.0,-169.0,290.0,,-0.4898362446439064,-0.1272301568866845,-18.77586171458006,0.03333333333333333,0.0,-0.03333333333333333
1744814500.6685593,-13.0,-169.0,290.0,,-0.4898362446439064,-0.1272301568866845,-18.77586171458006,0.03333333333333333,0.0,-0.03333333333333333
1744814500.8320656,-13.0,-169.0,290.0,,-0.4898362446439064,-0.1272301568866845,-18.77586171458006,0.03333333333333333,0.0,-0.03333333333333333
1744814500.9961073,-13.0,-169.0,290.0,,-0.4898362446439064,-0.1272301568866845,-18.77586171458006,0.03333333333333333,0.0,-0.03333333333333333
1744814501.1627812,-13.0,-169.0,290.0,,-0.4898362446439064,-0.1272301568866845,-18.77586171458006,0.03333333333333333,0.0,-0.03333333333333333
1744814501.334428,-13.0,-169.0,290.0,,-0.4898362446439064,-0.1272301568866845,-18.77586171458006,0.03333333333333333,0.0,-0.03333333333333333
1744814501.5064988,-13.0,-169.0,290.0,,-0.4898362446439064,-0.1272301568866845,-18.77586171458006,0.03333333333333333,0.0,-0.03333333333333333
1744814501.6845763,-13.0,-169.0,290.0,,-0.4898362446439064,-0.1272301568866845,-18.77586171458006,0.03333333333333333,0.0,-0.03333333333333333
1744814501.8648143,-13.0,-169.0,290.0,,-0.4898362446439064,-0.1272301568866845,-18.77586171458006,0.03333333333333333,0.0,-0.03333333333333333
1744814502.0476756,-13.0,-169.0,290.0,,-0.4898362446439064,-0.1272301568866845,-18.77586171458006,0.03333333333333333,0.0,-0.03333333333333333
1744814502.2198296,-13.0,-169.0,290.0,,-0.4898362446439064,-0.1272301568866845,-18.77586171458006,0.03333333333333333,0.0,-0.03333333333333333
1744814502.3884902,-13.0,-169.0,290.0,,-0.4898362446439064,-0.1272301568866845,-18.77586171458006,0.03333333333333333,0.0,-0.03333333333333333
1744814502.558391,-13.0,-169.0,290.0,,-0.4898362446439064,-0.1272301568866845,-18.77586171458006,0.03333333333333333,0.0,-0.03333333333333333
1744814502.7266033,-13.0,-169.0,290.0,,-0.4898362446439064,-0.1272301568866845,-18.77586171458006,0.03333333333333333,0.0,-0.03333333333333333
1744814502.8908846,-13.0,-169.0,290.0,,-0.4898362446439064,-0.1272301568866845,-18.77586171458006,0.03333333333333333,0.0,-0.03333333333333333
1744814503.058186,-13.0,-169.0,290.0,,-0.4898362446439064,-0.1272301568866845,-18.77586171458006,0.03333333333333333,0.0,-0.03333333333333333
1744814503.2320142,-13.0,-169.0,290.0,,-0.4898362446439064,-0.1272301568866845,-18.77586171458006,0.03333333333333333,0.0,-0.03333333333333333
1744814503.413114,-13.0,-169.0,290.0,,-0.4898362446439064,-0.1272301568866845,-18.77586171458006,0.03333333333333333,0.0,-0.03333333333333333
1744814503.5910292,-13.0,-169.0,290.0,,-0.4898362446439064,-0.1272301568866845,-18.77586171458006,0.03333333333333333,0.0,-0.03333333333333333
1744814503.7724657,-13.0,-169.0,290.0,,-0.4898362446439064,-0.1272301568866845,-18.77586171458006,0.03333333333333333,0.0,-0.03333333333333333
1744814503.9604936,-13.0,-169.0,290.0,,-0.4898362446439064,-0.1272301568866845,-18.77586171458006,0.03333333333333333,0.0,-0.03333333333333333
1744814504.1349647,-13.0,-169.0,290.0,,-0.4898362446439064,-0.1272301568866845,-18.77586171458006,0.03333333333333333,0.0,-0.03333333333333333
1744814504.3037612,-13.0,-169.0,290.0,,-0.4898362446439064,-0.1272301568866845,-18.77586171458006,0.03333333333333333,0.0,-0.03333333333333333
1744814504.4714096,-13.0,-169.0,290.0,,-0.4898362446439064,-0.1272301568866845,-18.77586171458006,0.03333333333333333,0.0,-0.03333333333333333
1744814504.6346202,-13.0,-169.0,290.0,,-0.4898362446439064,-0.1272301568866845,-18.77586171458006,0.03333333333333333,0.0,-0.03333333333333333
1744814504.8029125,-13.0,-169.0,290.0,,-0.4898362446439064,-0.1272301568866845,-18.77586171458006,0.03333333333333333,0.0,-0.03333333333333333
1744814504.9659963,-13.0,-169.0,290.0,,-0.4898362446439064,-0.1272301568866845,-18.77586171458006,0.03333333333333333,0.0,-0.03333333333333333
1744814505.1332703,-13.0,-169.0,290.0,,-0.4898362446439064,-0.1272301568866845,-18.77586171458006,0.03333333333333333,0.0,-0.03333333333333333
1744814505.3015893,-13.0,-169.0,290.0,,-0.4898362446439064,-0.1272301568866845,-18.77586171458006,0.03333333333333333,0.0,-0.03333333333333333
1744814505.470303,-13.0,-169.0,290.0,,-0.4898362446439064,-0.1272301568866845,-18.77586171458006,0.03333333333333333,0.0,-0.03333333333333333
1744814505.6393116,-13.0,-169.0,290.0,,-0.4898362446439064,-0.1272301568866845,-18.77586171458006,0.03333333333333333,0.0,-0.03333333333333333
1744814505.8092985,-13.0,-169.0,290.0,,-0.4898362446439064,-0.1272301568866845,-18.77586171458006,0.03333333333333333,0.0,-0.03333333333333333
1744814505.9794807,-13.0,-169.0,290.0,,-0.4898362446439064,-0.1272301568866845,-18.77586171458006,0.03333333333333333,0.0,-0.03333333333333333
1744814506.1537538,-13.0,-169.0,290.0,,-0.4898362446439064,-0.1272301568866845,-18.77586171458006,0.03333333333333333,0.0,-0.03333333333333333
1744814506.3211205,-13.0,-169.0,290.0,,-0.4898362446439064,-0.1272301568866845,-18.77586171458006,0.03333333333333333,0.0,-0.03333333333333333
1744814506.4863188,-13.0,-169.0,290.0,,-0.4898362446439064,-0.1272301568866845,-18.77586171458006,0.03333333333333333,0.0,-0.03333333333333333
1744814506.6494017,-13.0,-169.0,290.0,,-0.4898362446439064,-0.1272301568866845,-18.77586171458006,0.03333333333333333,0.0,-0.03333333333333333
1744814506.8123052,-13.0,-169.0,290.0,,-0.4898362446439064,-0.1272301568866845,-18.77586171458006,0.03333333333333333,0.0,-0.03333333333333333
1744814506.976003,-13.0,-169.0,290.0,,-0.4898362446439064,-0.1272301568866845,-18.77586171458006,0.03333333333333333,0.0,-0.03333333333333333
1744814507.1385572,-13.0,-169.0,290.0,,-0.4898362446439064,-0.1272301568866845,-18.77586171458006,0.03333333333333333,0.0,-0.03333333333333333
1744814507.3056185,-13.0,-169.0,290.0,,-0.4898362446439064,-0.1272301568866845,-18.77586171458006,0.03333333333333333,0.0,-0.03333333333333333
1744814507.4706824,-13.0,-169.0,290.0,,-0.4898362446439064,-0.1272301568866845,-18.77586171458006,0.03333333333333333,0.0,-0.03333333333333333
1744814507.6324604,-13.0,-169.0,290.0,,-0.4898362446439064,-0.1272301568866845,-18.77586171458006,0.03333333333333333,0.0,-0.03333333333333333
1744814507.8041937,-13.0,-169.0,290.0,,-0.4898362446439064,-0.1272301568866845,-18.77586171458006,0.03333333333333333,0.0,-0.03333333333333333
1744814507.980253,-13.0,-169.0,290.0,,-0.4898362446439064,-0.1272301568866845,-18.77586171458006,0.03333333333333333,0.0,-0.03333333333333333
1744814508.152123,-13.0,-169.0,290.0,,-0.4898362446439064,-0.1272301568866845,-18.77586171458006,0.03333333333333333,0.0,-0.03333333333333333
1744814508.3268683,-13.0,-169.0,290.0,,-0.4898362446439064,-0.1272301568866845,-18.77586171458006,0.03333333333333333,0.0,-0.03333333333333333
1744814508.495526,-13.0,-169.0,290.0,,-0.4898362446439064,-0.1272301568866845,-18.77586171458006,0.03333333333333333,0.0,-0.03333333333333333
1744814508.6624658,-13.0,-169.0,290.0,,-0.4898362446439064,-0.1272301568866845,-18.77586171458006,0.03333333333333333,0.0,-0.03333333333333333
1744814508.827017,-13.0,-169.0,290.0,,-0.4898362446439064,-0.1272301568866845,-18.77586171458006,0.03333333333333333,0.0,-0.03333333333333333
1744814508.992068,-13.0,-169.0,290.0,,-0.4898362446439064,-0.1272301568866845,-18.77586171458006,0.03333333333333333,0.0,-0.03333333333333333
1744814509.1547174,-13.0,-169.0,290.0,,-0.4898362446439064,-0.1272301568866845,-18.77586171458006,0.03333333333333333,0.0,-0.03333333333333333
1744814509.3182852,-13.0,-169.0,290.0,,-0.4898362446439064,-0.1272301568866845,-18.77586171458006,0.03333333333333333,0.0,-0.03333333333333333
1744814509.4852872,-13.0,-169.0,290.0,,-0.4898362446439064,-0.1272301568866845,-18.77586171458006,0.03333333333333333,0.0,-0.03333333333333333
1744814509.6514142,-13.0,-169.0,290.0,,-0.4898362446439064,-0.1272301568866845,-18.77586171458006,0.03333333333333333,0.0,-0.03333333333333333
1744814509.8201816,-13.0,-169.0,290.0,,-0.4898362446439064,-0.1272301568866845,-18.77586171458006,0.03333333333333333,0.0,-0.03333333333333333
1744814510.0040827,-13.0,-169.0,290.0,,-0.4898362446439064,-0.1272301568866845,-18.77586171458006,0.03333333333333333,0.0,-0.03333333333333333
1744814510.182039,-13.0,-169.0,290.0,,-0.4898362446439064,-0.1272301568866845,-18.77586171458006,0.03333333333333333,0.0,-0.03333333333333333
1744814510.355312,-13.0,-169.0,290.0,,-0.4898362446439064,-0.1272301568866845,-18.77586171458006,0.03333333333333333,0.0,-0.03333333333333333
1744814510.5320923,-13.0,-169.0,290.0,,-0.4898362446439064,-0.1272301568866845,-18.77586171458006,0.03333333333333333,0.0,-0.03333333333333333
1744814510.7054539,-13.0,-169.0,290.0,,-0.4898362446439064,-0.1272301568866845,-18.77586171458006,0.03333333333333333,0.0,-0.03333333333333333
1744814510.8881004,-13.0,-169.0,290.0,,-0.4898362446439064,-0.1272301568866845,-18.77586171458006,0.03333333333333333,0.0,-0.03333333333333333
1744814511.0661073,-13.0,-169.0,290.0,,-0.4898362446439064,-0.1272301568866845,-18.77586171458006,0.03333333333333333,0.0,-0.03333333333333333
1744814511.2352602,-13.0,-169.0,290.0,,-0.4898362446439064,-0.1272301568866845,-18.77586171458006,0.03333333333333333,0.0,-0.03333333333333333
1744814511.406042,-13.0,-169.0,290.0,,-0.4898362446439064,-0.1272301568866845,-18.77586171458006,0.03333333333333333,0.0,-0.03333333333333333
1744814511.5774577,-13.0,-169.0,290.0,,-0.4898362446439064,-0.1272301568866845,-18.77586171458006,0.03333333333333333,0.0,-0.03333333333333333
1744814511.749867,-13.0,-169.0,290.0,,-0.4898362446439064,-0.1272301568866845,-18.77586171458006,0.03333333333333333,0.0,-0.03333333333333333
1744814511.947675,-13.0,-169.0,290.0,,-0.4898362446439064,-0.1272301568866845,-18.77586171458006,0.03333333333333333,0.0,-0.03333333333333333
1744814512.1225128,-13.0,-169.0,290.0,,-0.4898362446439064,-0.1272301568866845,-18.77586171458006,0.03333333333333333,0.0,-0.03333333333333333
1744814512.2959833,-13.0,-169.0,290.0,,-0.4898362446439064,-0.1272301568866845,-18.77586171458006,0.03333333333333333,0.0,-0.03333333333333333
1744814512.4642596,-13.0,-169.0,290.0,,-0.4898362446439064,-0.1272301568866845,-18.77586171458006,0.03333333333333333,0.0,-0.03333333333333333
1744814512.6443622,-13.0,-169.0,290.0,,-0.4898362446439064,-0.1272301568866845,-18.77586171458006,0.03333333333333333,0.0,-0.03333333333333333
1744814512.8276942,-13.0,-169.0,290.0,,-0.4898362446439064,-0.1272301568866845,-18.77586171458006,0.03333333333333333,0.0,-0.03333333333333333
1744814513.0075328,-13.0,-169.0,290.0,,-0.4898362446439064,-0.1272301568866845,-18.77586171458006,0.03333333333333333,0.0,-0.03333333333333333
1744814513.188619,-13.0,-169.0,290.0,,-0.4898362446439064,-0.1272301568866845,-18.77586171458006,0.03333333333333333,0.0,-0.03333333333333333
1744814513.3644936,-13.0,-169.0,290.0,,-0.4898362446439064,-0.1272301568866845,-18.77586171458006,0.03333333333333333,0.0,-0.03333333333333333
1744814513.533474,-13.0,-169.0,290.0,,-0.4898362446439064,-0.1272301568866845,-18.77586171458006,0.03333333333333333,0.0,-0.03333333333333333
1744814513.703091,-13.0,-169.0,290.0,,-0.4898362446439064,-0.1272301568866845,-18.77586171458006,0.03333333333333333,0.0,-0.03333333333333333
1744814513.8764565,-13.0,-169.0,290.0,,-0.4898362446439064,-0.1272301568866845,-18.77586171458006,0.03333333333333333,0.0,-0.03333333333333333
1744814514.053458,-13.0,-169.0,290.0,,-0.4898362446439064,-0.1272301568866845,-18.77586171458006,0.03333333333333333,0.0,-0.03333333333333333
1744814514.224436,-13.0,-169.0,290.0,,-0.4898362446439064,-0.1272301568866845,-18.77586171458006,0.03333333333333333,0.0,-0.03333333333333333
1744814514.3959339,-13.0,-169.0,290.0,,-0.4898362446439064,-0.1272301568866845,-18.77586171458006,0.03333333333333333,0.0,-0.03333333333333333
1744814514.560682,-13.0,-169.0,290.0,,-0.4898362446439064,-0.1272301568866845,-18.77586171458006,0.03333333333333333,0.0,-0.03333333333333333
1744814514.7263849,-13.0,-169.0,290.0,,-0.4898362446439064,-0.1272301568866845,-18.77586171458006,0.03333333333333333,0.0,-0.03333333333333333
1744814514.8933976,-13.0,-169.0,290.0,,-0.4898362446439064,-0.1272301568866845,-18.77586171458006,0.03333333333333333,0.0,-0.03333333333333333
1744814515.0590658,-13.0,-169.0,290.0,,-0.4898362446439064,-0.1272301568866845,-18.77586171458006,0.03333333333333333,0.0,-0.03333333333333333
1744814515.2216434,-13.0,-169.0,290.0,,-0.4898362446439064,-0.1272301568866845,-18.77586171458006,0.03333333333333333,0.0,-0.03333333333333333
1744814515.3838892,-13.0,-169.0,290.0,,-0.4898362446439064,-0.1272301568866845,-18.77586171458006,0.03333333333333333,0.0,-0.03333333333333333
1744814515.5459921,-13.0,-169.0,290.0,,-0.4898362446439064,-0.1272301568866845,-18.77586171458006,0.03333333333333333,0.0,-0.03333333333333333
1744814515.7104704,-13.0,-169.0,290.0,,-0.4898362446439064,-0.1272301568866845,-18.77586171458006,0.03333333333333333,0.0,-0.03333333333333333
1744814515.8804274,-13.0,-169.0,290.0,,-0.4898362446439064,-0.1272301568866845,-18.77586171458006,0.03333333333333333,0.0,-0.03333333333333333
1744814516.047996,-13.0,-169.0,290.0,,-0.4898362446439064,-0.1272301568866845,-18.77586171458006,0.03333333333333333,0.0,-0.03333333333333333
1744814516.21247,-13.0,-169.0,290.0,,-0.4898362446439064,-0.1272301568866845,-18.77586171458006,0.03333333333333333,0.0,-0.03333333333333333
1744814516.377692,-13.0,-169.0,290.0,,-0.4898362446439064,-0.1272301568866845,-18.77586171458006,0.03333333333333333,0.0,-0.03333333333333333
1744814516.544625,-13.0,-169.0,290.0,,-0.4898362446439064,-0.1272301568866845,-18.77586171458006,0.03333333333333333,0.0,-0.03333333333333333
1744814516.7090552,-13.0,-169.0,290.0,,-0.4898362446439064,-0.1272301568866845,-18.77586171458006,0.03333333333333333,0.0,-0.03333333333333333
1744814516.8725126,-13.0,-169.0,290.0,,-0.4898362446439064,-0.1272301568866845,-18.77586171458006,0.03333333333333333,0.0,-0.03333333333333333
1744814517.035907,-13.0,-169.0,290.0,,-0.4898362446439064,-0.1272301568866845,-18.77586171458006,0.03333333333333333,0.0,-0.03333333333333333
1744814517.1993399,-13.0,-169.0,290.0,,-0.4898362446439064,-0.1272301568866845,-18.77586171458006,0.03333333333333333,0.0,-0.03333333333333333
1744814517.368059,-13.0,-169.0,290.0,,-0.4898362446439064,-0.1272301568866845,-18.77586171458006,0.03333333333333333,0.0,-0.03333333333333333
1744814517.5312471,-13.0,-169.0,290.0,,-0.4898362446439064,-0.1272301568866845,-18.77586171458006,0.03333333333333333,0.0,-0.03333333333333333
1744814517.6956885,-13.0,-169.0,290.0,,-0.4898362446439064,-0.1272301568866845,-18.77586171458006,0.03333333333333333,0.0,-0.03333333333333333
1744814517.869232,-13.0,-169.0,290.0,,-0.4898362446439064,-0.1272301568866845,-18.77586171458006,0.03333333333333333,0.0,-0.03333333333333333
1744814518.037172,-13.0,-169.0,290.0,,-0.4898362446439064,-0.1272301568866845,-18.77586171458006,0.03333333333333333,0.0,-0.03333333333333333
1744814518.2109754,-13.0,-169.0,290.0,,-0.4898362446439064,-0.1272301568866845,-18.77586171458006,0.03333333333333333,0.0,-0.03333333333333333
1744814518.3867254,-13.0,-169.0,290.0,,-0.4898362446439064,-0.1272301568866845,-18.77586171458006,0.03333333333333333,0.0,-0.03333333333333333
1744814518.5609238,-13.0,-169.0,290.0,,-0.4898362446439064,-0.1272301568866845,-18.77586171458006,0.03333333333333333,0.0,-0.03333333333333333
1744814518.72996,-13.0,-169.0,290.0,,-0.4898362446439064,-0.1272301568866845,-18.77586171458006,0.03333333333333333,0.0,-0.03333333333333333
1744814518.8984022,-13.0,-169.0,290.0,,-0.4898362446439064,-0.1272301568866845,-18.77586171458006,0.03333333333333333,0.0,-0.03333333333333333
1744814519.0632858,-13.0,-169.0,290.0,,-0.4898362446439064,-0.1272301568866845,-18.77586171458006,0.03333333333333333,0.0,-0.03333333333333333
1744814519.2268448,-13.0,-169.0,290.0,,-0.4898362446439064,-0.1272301568866845,-18.77586171458006,0.03333333333333333,0.0,-0.03333333333333333
1744814519.3898997,-13.0,-169.0,290.0,,-0.4898362446439064,-0.1272301568866845,-18.77586171458006,0.03333333333333333,0.0,-0.03333333333333333
1744814519.5546844,-13.0,-169.0,290.0,,-0.4898362446439064,-0.1272301568866845,-18.77586171458006,0.03333333333333333,0.0,-0.03333333333333333
1744814519.7162526,-13.0,-169.0,290.0,,-0.4898362446439064,-0.1272301568866845,-18.77586171458006,0.03333333333333333,0.0,-0.03333333333333333
1744814519.8879604,-13.0,-169.0,290.0,,-0.4898362446439064,-0.1272301568866845,-18.77586171458006,0.03333333333333333,0.0,-0.03333333333333333
1744814520.0574353,-13.0,-169.0,290.0,,-0.4898362446439064,-0.1272301568866845,-18.77586171458006,0.03333333333333333,0.0,-0.03333333333333333
1744814520.2226665,-13.0,-169.0,290.0,,-0.4898362446439064,-0.1272301568866845,-18.77586171458006,0.03333333333333333,0.0,-0.03333333333333333
1744814520.3890646,-13.0,-169.0,290.0,,-0.4898362446439064,-0.1272301568866845,-18.77586171458006,0.03333333333333333,0.0,-0.03333333333333333
1744814520.5597816,-13.0,-169.0,290.0,,-0.4898362446439064,-0.1272301568866845,-18.77586171458006,0.03333333333333333,0.0,-0.03333333333333333
1744814520.7313004,-13.0,-169.0,290.0,,-0.4898362446439064,-0.1272301568866845,-18.77586171458006,0.03333333333333333,0.0,-0.03333333333333333
1744814520.9034984,-13.0,-169.0,290.0,,-0.4898362446439064,-0.1272301568866845,-18.77586171458006,0.03333333333333333,0.0,-0.03333333333333333
1744814521.070465,-13.0,-169.0,290.0,,-0.4898362446439064,-0.1272301568866845,-18.77586171458006,0.03333333333333333,0.0,-0.03333333333333333
1744814521.2345326,-13.0,-169.0,290.0,,-0.4898362446439064,-0.1272301568866845,-18.77586171458006,0.03333333333333333,0.0,-0.03333333333333333
1744814521.4031165,-13.0,-169.0,290.0,,-0.4898362446439064,-0.1272301568866845,-18.77586171458006,0.03333333333333333,0.0,-0.03333333333333333
1744814521.570737,-13.0,-169.0,290.0,,-0.4898362446439064,-0.1272301568866845,-18.77586171458006,0.03333333333333333,0.0,-0.03333333333333333
1744814521.7393994,-13.0,-169.0,290.0,,-0.4898362446439064,-0.1272301568866845,-18.77586171458006,0.03333333333333333,0.0,-0.03333333333333333
1744814521.9128256,-13.0,-169.0,290.0,,-0.4898362446439064,-0.1272301568866845,-18.77586171458006,0.03333333333333333,0.0,-0.03333333333333333
1744814522.0759325,-13.0,-169.0,290.0,,-0.4898362446439064,-0.1272301568866845,-18.77586171458006,0.03333333333333333,0.0,-0.03333333333333333
1744814522.2451725,-13.0,-169.0,290.0,,-0.4898362446439064,-0.1272301568866845,-18.77586171458006,0.03333333333333333,0.0,-0.03333333333333333
1744814522.4180474,-13.0,-169.0,290.0,,-0.4898362446439064,-0.1272301568866845,-18.77586171458006,0.03333333333333333,0.0,-0.03333333333333333
1744814522.5936084,-13.0,-169.0,290.0,,-0.4898362446439064,-0.1272301568866845,-18.77586171458006,0.03333333333333333,0.0,-0.03333333333333333
1744814522.769019,-13.0,-169.0,290.0,,-0.4898362446439064,-0.1272301568866845,-18.77586171458006,0.03333333333333333,0.0,-0.03333333333333333
1744814522.947554,-13.0,-169.0,290.0,,-0.4898362446439064,-0.1272301568866845,-18.77586171458006,0.03333333333333333,0.0,-0.03333333333333333
1744814523.1208315,-13.0,-169.0,290.0,,-0.4898362446439064,-0.1272301568866845,-18.77586171458006,0.03333333333333333,0.0,-0.03333333333333333
1744814523.291303,-13.0,-169.0,290.0,,-0.4898362446439064,-0.1272301568866845,-18.77586171458006,0.03333333333333333,0.0,-0.03333333333333333
1744814523.4615135,-13.0,-169.0,290.0,,-0.4898362446439064,-0.1272301568866845,-18.77586171458006,0.03333333333333333,0.0,-0.03333333333333333
1744814523.635591,-13.0,-169.0,290.0,,-0.4898362446439064,-0.1272301568866845,-18.77586171458006,0.03333333333333333,0.0,-0.03333333333333333
1744814523.8078768,-13.0,-169.0,290.0,,-0.4898362446439064,-0.1272301568866845,-18.77586171458006,0.03333333333333333,0.0,-0.03333333333333333
1744814523.9845123,-13.0,-169.0,290.0,,-0.4898362446439064,-0.1272301568866845,-18.77586171458006,0.03333333333333333,0.0,-0.03333333333333333
1744814524.151264,-13.0,-169.0,290.0,,-0.4898362446439064,-0.1272301568866845,-18.77586171458006,0.03333333333333333,0.0,-0.03333333333333333
1744814524.318393,-13.0,-169.0,290.0,,-0.4898362446439064,-0.1272301568866845,-18.77586171458006,0.03333333333333333,0.0,-0.03333333333333333
1744814524.4865253,-13.0,-169.0,290.0,,-0.4898362446439064,-0.1272301568866845,-18.77586171458006,0.03333333333333333,0.0,-0.03333333333333333
1744814524.6475217,-13.0,-169.0,290.0,,-0.4898362446439064,-0.1272301568866845,-18.77586171458006,0.03333333333333333,0.0,-0.03333333333333333
1744814524.809039,-13.0,-169.0,290.0,,-0.4898362446439064,-0.1272301568866845,-18.77586171458006,0.03333333333333333,0.0,-0.03333333333333333
1744814524.970724,-13.0,-169.0,290.0,,-0.4898362446439064,-0.1272301568866845,-18.77586171458006,0.03333333333333333,0.0,-0.03333333333333333
1744814525.1329534,-13.0,-169.0,290.0,,-0.4898362446439064,-0.1272301568866845,-18.77586171458006,0.03333333333333333,0.0,-0.03333333333333333
1744814525.2945886,-13.0,-169.0,290.0,,-0.4898362446439064,-0.1272301568866845,-18.77586171458006,0.03333333333333333,0.0,-0.03333333333333333
1744814525.4533486,-13.0,-169.0,290.0,,-0.4898362446439064,-0.1272301568866845,-18.77586171458006,0.03333333333333333,0.0,-0.03333333333333333
1744814525.613861,-13.0,-169.0,290.0,,-0.4898362446439064,-0.1272301568866845,-18.77586171458006,0.03333333333333333,0.0,-0.03333333333333333
1744814525.7791448,-13.0,-169.0,290.0,,-0.4898362446439064,-0.1272301568866845,-18.77586171458006,0.03333333333333333,0.0,-0.03333333333333333
1744814525.9495153,-13.0,-169.0,290.0,,-0.4898362446439064,-0.1272301568866845,-18.77586171458006,0.03333333333333333,0.0,-0.03333333333333333
1744814526.114073,-13.0,-169.0,290.0,,-0.4898362446439064,-0.1272301568866845,-18.77586171458006,0.03333333333333333,0.0,-0.03333333333333333
1744814526.2766232,-13.0,-169.0,290.0,,-0.4898362446439064,-0.1272301568866845,-18.77586171458006,0.03333333333333333,0.0,-0.03333333333333333
1744814526.439438,-13.0,-169.0,290.0,,-0.4898362446439064,-0.1272301568866845,-18.77586171458006,0.03333333333333333,0.0,-0.03333333333333333
1744814526.6027508,-13.0,-169.0,290.0,,-0.4898362446439064,-0.1272301568866845,-18.77586171458006,0.03333333333333333,0.0,-0.03333333333333333
1744814526.7644079,-13.0,-169.0,290.0,,-0.4898362446439064,-0.1272301568866845,-18.77586171458006,0.03333333333333333,0.0,-0.03333333333333333
1744814526.929325,-13.0,-169.0,290.0,,-0.4898362446439064,-0.1272301568866845,-18.77586171458006,0.03333333333333333,0.0,-0.03333333333333333
1744814527.090419,-13.0,-169.0,290.0,,-0.4898362446439064,-0.1272301568866845,-18.77586171458006,0.03333333333333333,0.0,-0.03333333333333333
1744814527.2524703,-13.0,-169.0,290.0,,-0.4898362446439064,-0.1272301568866845,-18.77586171458006,0.03333333333333333,0.0,-0.03333333333333333
1744814527.415458,-13.0,-169.0,290.0,,-0.4898362446439064,-0.1272301568866845,-18.77586171458006,0.03333333333333333,0.0,-0.03333333333333333
1744814527.5786378,-13.0,-169.0,290.0,,-0.4898362446439064,-0.1272301568866845,-18.77586171458006,0.03333333333333333,0.0,-0.03333333333333333
1744814527.742151,-13.0,-169.0,290.0,,-0.4898362446439064,-0.1272301568866845,-18.77586171458006,0.03333333333333333,0.0,-0.03333333333333333
1744814527.9112666,-13.0,-169.0,290.0,,-0.4898362446439064,-0.1272301568866845,-18.77586171458006,0.03333333333333333,0.0,-0.03333333333333333
1744814528.0792003,-13.0,-169.0,290.0,,-0.4898362446439064,-0.1272301568866845,-18.77586171458006,0.03333333333333333,0.0,-0.03333333333333333
1744814528.2452736,-13.0,-169.0,290.0,,-0.4898362446439064,-0.1272301568866845,-18.77586171458006,0.03333333333333333,0.0,-0.03333333333333333
1744814528.4105177,-13.0,-169.0,290.0,,-0.4898362446439064,-0.1272301568866845,-18.77586171458006,0.03333333333333333,0.0,-0.03333333333333333
1744814528.5735276,-13.0,-169.0,290.0,,-0.4898362446439064,-0.1272301568866845,-18.77586171458006,0.03333333333333333,0.0,-0.03333333333333333
1744814528.7362118,-13.0,-169.0,290.0,,-0.4898362446439064,-0.1272301568866845,-18.77586171458006,0.03333333333333333,0.0,-0.03333333333333333
1744814528.8991919,-13.0,-169.0,290.0,,-0.4898362446439064,-0.1272301568866845,-18.77586171458006,0.03333333333333333,0.0,-0.03333333333333333
1744814529.0626469,-13.0,-169.0,290.0,,-0.4898362446439064,-0.1272301568866845,-18.77586171458006,0.03333333333333333,0.0,-0.03333333333333333
1744814529.22711,-13.0,-169.0,290.0,,-0.4898362446439064,-0.1272301568866845,-18.77586171458006,0.03333333333333333,0.0,-0.03333333333333333
1744814529.4005256,-13.0,-169.0,290.0,,-0.4898362446439064,-0.1272301568866845,-18.77586171458006,0.03333333333333333,0.0,-0.03333333333333333
1744814529.5683355,-13.0,-169.0,290.0,,-0.4898362446439064,-0.1272301568866845,-18.77586171458006,0.03333333333333333,0.0,-0.03333333333333333
1744814529.737045,-13.0,-169.0,290.0,,-0.4898362446439064,-0.1272301568866845,-18.77586171458006,0.03333333333333333,0.0,-0.03333333333333333
1744814529.9072092,-13.0,-169.0,290.0,,-0.4898362446439064,-0.1272301568866845,-18.77586171458006,0.03333333333333333,0.0,-0.03333333333333333
1744814530.1263983,-13.0,-169.0,290.0,,-0.4898362446439064,-0.1272301568866845,-18.77586171458006,0.03333333333333333,0.0,-0.03333333333333333
1744814530.321913,-13.0,-169.0,290.0,,-0.4898362446439064,-0.1272301568866845,-18.77586171458006,0.03333333333333333,0.0,-0.03333333333333333
1744814530.5047047,-13.0,-169.0,290.0,,-0.4898362446439064,-0.1272301568866845,-18.77586171458006,0.03333333333333333,0.0,-0.03333333333333333
1744814530.6814065,-13.0,-169.0,290.0,,-0.4898362446439064,-0.1272301568866845,-18.77586171458006,0.03333333333333333,0.0,-0.03333333333333333
1744814530.853186,-13.0,-169.0,290.0,,-0.4898362446439064,-0.1272301568866845,-18.77586171458006,0.03333333333333333,0.0,-0.03333333333333333
1744814531.0201783,-13.0,-169.0,290.0,,-0.4898362446439064,-0.1272301568866845,-18.77586171458006,0.03333333333333333,0.0,-0.03333333333333333
1744814531.187457,-13.0,-169.0,290.0,,-0.4898362446439064,-0.1272301568866845,-18.77586171458006,0.03333333333333333,0.0,-0.03333333333333333
1744814531.3515837,-13.0,-169.0,290.0,,-0.4898362446439064,-0.1272301568866845,-18.77586171458006,0.03333333333333333,0.0,-0.03333333333333333
1744814531.5153036,-13.0,-169.0,290.0,,-0.4898362446439064,-0.1272301568866845,-18.77586171458006,0.03333333333333333,0.0,-0.03333333333333333
1744814531.6808076,-13.0,-169.0,290.0,,-0.4898362446439064,-0.1272301568866845,-18.77586171458006,0.03333333333333333,0.0,-0.03333333333333333
1744814531.8613338,-13.0,-169.0,290.0,,-0.4898362446439064,-0.1272301568866845,-18.77586171458006,0.03333333333333333,0.0,-0.03333333333333333
1744814532.0371017,-13.0,-169.0,290.0,,-0.4898362446439064,-0.1272301568866845,-18.77586171458006,0.03333333333333333,0.0,-0.03333333333333333
1744814532.213847,-13.0,-169.0,290.0,,-0.4898362446439064,-0.1272301568866845,-18.77586171458006,0.03333333333333333,0.0,-0.03333333333333333
1744814532.3898985,-13.0,-169.0,290.0,,-0.4898362446439064,-0.1272301568866845,-18.77586171458006,0.03333333333333333,0.0,-0.03333333333333333
1744814532.5654814,-13.0,-169.0,290.0,,-0.4898362446439064,-0.1272301568866845,-18.77586171458006,0.03333333333333333,0.0,-0.03333333333333333
1744814532.7366242,-13.0,-169.0,290.0,,-0.4898362446439064,-0.1272301568866845,-18.77586171458006,0.03333333333333333,0.0,-0.03333333333333333
1744814532.9025834,-13.0,-169.0,290.0,,-0.4898362446439064,-0.1272301568866845,-18.77586171458006,0.03333333333333333,0.0,-0.03333333333333333
1744814533.0697954,-13.0,-169.0,290.0,,-0.4898362446439064,-0.1272301568866845,-18.77586171458006,0.03333333333333333,0.0,-0.03333333333333333
1744814533.2344234,-13.0,-169.0,290.0,,-0.4898362446439064,-0.1272301568866845,-18.77586171458006,0.03333333333333333,0.0,-0.03333333333333333
1744814533.39866,-13.0,-169.0,290.0,,-0.4898362446439064,-0.1272301568866845,-18.77586171458006,0.03333333333333333,0.0,-0.03333333333333333
1744814533.5606136,-13.0,-169.0,290.0,,-0.4898362446439064,-0.1272301568866845,-18.77586171458006,0.03333333333333333,0.0,-0.03333333333333333
1744814533.7266529,-13.0,-169.0,290.0,,-0.4898362446439064,-0.1272301568866845,-18.77586171458006,0.03333333333333333,0.0,-0.03333333333333333
1744814533.8993354,-13.0,-169.0,290.0,,-0.4898362446439064,-0.1272301568866845,-18.77586171458006,0.03333333333333333,0.0,-0.03333333333333333
1744814534.0658102,-13.0,-169.0,290.0,,-0.4898362446439064,-0.1272301568866845,-18.77586171458006,0.03333333333333333,0.0,-0.03333333333333333
1744814534.2304986,-13.0,-169.0,290.0,,-0.4898362446439064,-0.1272301568866845,-18.77586171458006,0.03333333333333333,0.0,-0.03333333333333333
1744814534.3956099,-13.0,-169.0,290.0,,-0.4898362446439064,-0.1272301568866845,-18.77586171458006,0.03333333333333333,0.0,-0.03333333333333333
1744814534.5591257,-13.0,-169.0,290.0,,-0.4898362446439064,-0.1272301568866845,-18.77586171458006,0.03333333333333333,0.0,-0.03333333333333333
1744814534.7200816,-13.0,-169.0,290.0,,-0.4898362446439064,-0.1272301568866845,-18.77586171458006,0.03333333333333333,0.0,-0.03333333333333333
1744814534.885893,-13.0,-169.0,290.0,,-0.4898362446439064,-0.1272301568866845,-18.77586171458006,0.03333333333333333,0.0,-0.03333333333333333
1744814535.0625746,-13.0,-169.0,290.0,,-0.4898362446439064,-0.1272301568866845,-18.77586171458006,0.03333333333333333,0.0,-0.03333333333333333
1744814535.2334847,-13.0,-169.0,290.0,,-0.4898362446439064,-0.1272301568866845,-18.77586171458006,0.03333333333333333,0.0,-0.03333333333333333
1744814535.399344,-13.0,-169.0,290.0,,-0.4898362446439064,-0.1272301568866845,-18.77586171458006,0.03333333333333333,0.0,-0.03333333333333333
1744814535.566567,-13.0,-169.0,290.0,,-0.4898362446439064,-0.1272301568866845,-18.77586171458006,0.03333333333333333,0.0,-0.03333333333333333
1744814535.7341218,-13.0,-169.0,290.0,,-0.4898362446439064,-0.1272301568866845,-18.77586171458006,0.03333333333333333,0.0,-0.03333333333333333
1744814535.907817,-13.0,-169.0,290.0,,-0.4898362446439064,-0.1272301568866845,-18.77586171458006,0.03333333333333333,0.0,-0.03333333333333333
1744814536.0782864,-13.0,-169.0,290.0,,-0.4898362446439064,-0.1272301568866845,-18.77586171458006,0.03333333333333333,0.0,-0.03333333333333333
1744814536.2505438,-13.0,-169.0,290.0,,-0.4898362446439064,-0.1272301568866845,-18.77586171458006,0.03333333333333333,0.0,-0.03333333333333333
1744814536.4214683,-13.0,-169.0,290.0,,-0.4898362446439064,-0.1272301568866845,-18.77586171458006,0.03333333333333333,0.0,-0.03333333333333333
1744814536.5859764,-13.0,-169.0,290.0,,-0.4898362446439064,-0.1272301568866845,-18.77586171458006,0.03333333333333333,0.0,-0.03333333333333333
1744814536.7533193,-13.0,-169.0,290.0,,-0.4898362446439064,-0.1272301568866845,-18.77586171458006,0.03333333333333333,0.0,-0.03333333333333333
1744814536.9205422,-13.0,-169.0,290.0,,-0.4898362446439064,-0.1272301568866845,-18.77586171458006,0.03333333333333333,0.0,-0.03333333333333333
1744814537.0876474,-13.0,-169.0,290.0,,-0.4898362446439064,-0.1272301568866845,-18.77586171458006,0.03333333333333333,0.0,-0.03333333333333333
1744814537.2555392,-13.0,-169.0,290.0,,-0.4898362446439064,-0.1272301568866845,-18.77586171458006,0.03333333333333333,0.0,-0.03333333333333333
1744814537.418949,-13.0,-169.0,290.0,,-0.4898362446439064,-0.1272301568866845,-18.77586171458006,0.03333333333333333,0.0,-0.03333333333333333
1744814537.5799084,-13.0,-169.0,290.0,,-0.4898362446439064,-0.1272301568866845,-18.77586171458006,0.03333333333333333,0.0,-0.03333333333333333
1744814537.7449734,-13.0,-169.0,290.0,,-0.4898362446439064,-0.1272301568866845,-18.77586171458006,0.03333333333333333,0.0,-0.03333333333333333
1744814537.9145539,-13.0,-169.0,290.0,,-0.4898362446439064,-0.1272301568866845,-18.77586171458006,0.03333333333333333,0.0,-0.03333333333333333
1744814538.0799663,-13.0,-169.0,290.0,,-0.4898362446439064,-0.1272301568866845,-18.77586171458006,0.03333333333333333,0.0,-0.03333333333333333
1744814538.242122,-13.0,-169.0,290.0,,-0.4898362446439064,-0.1272301568866845,-18.77586171458006,0.03333333333333333,0.0,-0.03333333333333333
1744814538.4081311,-13.0,-169.0,290.0,,-0.4898362446439064,-0.1272301568866845,-18.77586171458006,0.03333333333333333,0.0,-0.03333333333333333
1744814538.57435,-13.0,-169.0,290.0,,-0.4898362446439064,-0.1272301568866845,-18.77586171458006,0.03333333333333333,0.0,-0.03333333333333333
1744814538.7373555,-13.0,-169.0,290.0,,-0.4898362446439064,-0.1272301568866845,-18.77586171458006,0.03333333333333333,0.0,-0.03333333333333333
1744814538.8993976,-13.0,-169.0,290.0,,-0.4898362446439064,-0.1272301568866845,-18.77586171458006,0.03333333333333333,0.0,-0.03333333333333333
1744814539.0649357,-13.0,-169.0,290.0,,-0.4898362446439064,-0.1272301568866845,-18.77586171458006,0.03333333333333333,0.0,-0.03333333333333333
1744814539.2291107,-13.0,-169.0,290.0,,-0.4898362446439064,-0.1272301568866845,-18.77586171458006,0.03333333333333333,0.0,-0.03333333333333333
1744814539.3908114,-13.0,-169.0,290.0,,-0.4898362446439064,-0.1272301568866845,-18.77586171458006,0.03333333333333333,0.0,-0.03333333333333333
1744814539.562093,-13.0,-169.0,290.0,,-0.4898362446439064,-0.1272301568866845,-18.77586171458006,0.03333333333333333,0.0,-0.03333333333333333
1744814539.735571,-13.0,-169.0,290.0,,-0.4898362446439064,-0.1272301568866845,-18.77586171458006,0.03333333333333333,0.0,-0.03333333333333333
1744814539.9175663,-13.0,-169.0,290.0,,-0.4898362446439064,-0.1272301568866845,-18.77586171458006,0.03333333333333333,0.0,-0.03333333333333333
1744814540.0875914,-13.0,-169.0,290.0,,-0.4898362446439064,-0.1272301568866845,-18.77586171458006,0.03333333333333333,0.0,-0.03333333333333333
1744814540.264308,-13.0,-169.0,290.0,,-0.4898362446439064,-0.1272301568866845,-18.77586171458006,0.03333333333333333,0.0,-0.03333333333333333
1744814540.4360166,-13.0,-169.0,290.0,,-0.4898362446439064,-0.1272301568866845,-18.77586171458006,0.03333333333333333,0.0,-0.03333333333333333
1744814540.603041,-13.0,-169.0,290.0,,-0.4898362446439064,-0.1272301568866845,-18.77586171458006,0.03333333333333333,0.0,-0.03333333333333333
1744814540.7707975,-13.0,-169.0,290.0,,-0.4898362446439064,-0.1272301568866845,-18.77586171458006,0.03333333333333333,0.0,-0.03333333333333333
1744814540.9328394,-13.0,-169.0,290.0,,-0.4898362446439064,-0.1272301568866845,-18.77586171458006,0.03333333333333333,0.0,-0.03333333333333333
1744814541.0963953,-13.0,-169.0,290.0,,-0.4898362446439064,-0.1272301568866845,-18.77586171458006,0.03333333333333333,0.0,-0.03333333333333333
1744814541.2633543,-13.0,-169.0,290.0,,-0.4898362446439064,-0.1272301568866845,-18.77586171458006,0.03333333333333333,0.0,-0.03333333333333333
1744814541.434784,-13.0,-169.0,290.0,,-0.4898362446439064,-0.1272301568866845,-18.77586171458006,0.03333333333333333,0.0,-0.03333333333333333
1744814541.6080709,-13.0,-169.0,290.0,,-0.4898362446439064,-0.1272301568866845,-18.77586171458006,0.03333333333333333,0.0,-0.03333333333333333
1744814541.791772,-13.0,-169.0,290.0,,-0.4898362446439064,-0.1272301568866845,-18.77586171458006,0.03333333333333333,0.0,-0.03333333333333333
1744814541.975283,-13.0,-169.0,290.0,,-0.4898362446439064,-0.1272301568866845,-18.77586171458006,0.03333333333333333,0.0,-0.03333333333333333
1744814542.1535301,-13.0,-169.0,290.0,,-0.4898362446439064,-0.1272301568866845,-18.77586171458006,0.03333333333333333,0.0,-0.03333333333333333
1744814542.3308108,-13.0,-169.0,290.0,,-0.4898362446439064,-0.1272301568866845,-18.77586171458006,0.03333333333333333,0.0,-0.03333333333333333
1744814542.5056689,-13.0,-169.0,290.0,,-0.4898362446439064,-0.1272301568866845,-18.77586171458006,0.03333333333333333,0.0,-0.03333333333333333
1744814542.6759083,-13.0,-169.0,290.0,,-0.4898362446439064,-0.1272301568866845,-18.77586171458006,0.03333333333333333,0.0,-0.03333333333333333
1744814542.8426688,-13.0,-169.0,290.0,,-0.4898362446439064,-0.1272301568866845,-18.77586171458006,0.03333333333333333,0.0,-0.03333333333333333
1744814543.00952,-13.0,-169.0,290.0,,-0.4898362446439064,-0.1272301568866845,-18.77586171458006,0.03333333333333333,0.0,-0.03333333333333333
1744814543.1792016,-13.0,-169.0,290.0,,-0.4898362446439064,-0.1272301568866845,-18.77586171458006,0.03333333333333333,0.0,-0.03333333333333333
1744814543.3419316,-13.0,-169.0,290.0,,-0.4898362446439064,-0.1272301568866845,-18.77586171458006,0.03333333333333333,0.0,-0.03333333333333333
1744814543.5035617,-13.0,-169.0,290.0,,-0.4898362446439064,-0.1272301568866845,-18.77586171458006,0.03333333333333333,0.0,-0.03333333333333333
1744814543.6677067,-13.0,-169.0,290.0,,-0.4898362446439064,-0.1272301568866845,-18.77586171458006,0.03333333333333333,0.0,-0.03333333333333333
1744814543.8405159,-13.0,-169.0,290.0,,-0.4898362446439064,-0.1272301568866845,-18.77586171458006,0.03333333333333333,0.0,-0.03333333333333333
1744814544.012007,-13.0,-169.0,290.0,,-0.4898362446439064,-0.1272301568866845,-18.77586171458006,0.03333333333333333,0.0,-0.03333333333333333
1744814544.1779237,-13.0,-169.0,290.0,,-0.4898362446439064,-0.1272301568866845,-18.77586171458006,0.03333333333333333,0.0,-0.03333333333333333
1744814544.3413951,-13.0,-169.0,290.0,,-0.4898362446439064,-0.1272301568866845,-18.77586171458006,0.03333333333333333,0.0,-0.03333333333333333
1744814544.50349,-13.0,-169.0,290.0,,-0.4898362446439064,-0.1272301568866845,-18.77586171458006,0.03333333333333333,0.0,-0.03333333333333333
1744814544.6650968,-13.0,-169.0,290.0,,-0.4898362446439064,-0.1272301568866845,-18.77586171458006,0.03333333333333333,0.0,-0.03333333333333333
1744814544.8286433,-13.0,-169.0,290.0,,-0.4898362446439064,-0.1272301568866845,-18.77586171458006,0.03333333333333333,0.0,-0.03333333333333333
1744814544.9865382,-13.0,-169.0,290.0,,-0.4898362446439064,-0.1272301568866845,-18.77586171458006,0.03333333333333333,0.0,-0.03333333333333333
1744814545.1471486,-13.0,-169.0,290.0,,-0.4898362446439064,-0.1272301568866845,-18.77586171458006,0.03333333333333333,0.0,-0.03333333333333333
1744814545.3096552,-13.0,-169.0,290.0,,-0.4898362446439064,-0.1272301568866845,-18.77586171458006,0.03333333333333333,0.0,-0.03333333333333333
1744814545.474217,-13.0,-169.0,290.0,,-0.4898362446439064,-0.1272301568866845,-18.77586171458006,0.03333333333333333,0.0,-0.03333333333333333
1744814545.6394827,-13.0,-169.0,290.0,,-0.4898362446439064,-0.1272301568866845,-18.77586171458006,0.03333333333333333,0.0,-0.03333333333333333
1744814545.8055248,-13.0,-169.0,290.0,,-0.4898362446439064,-0.1272301568866845,-18.77586171458006,0.03333333333333333,0.0,-0.03333333333333333
1744814545.9760425,-13.0,-169.0,290.0,,-0.4898362446439064,-0.1272301568866845,-18.77586171458006,0.03333333333333333,0.0,-0.03333333333333333
1744814546.1384003,-13.0,-169.0,290.0,,-0.4898362446439064,-0.1272301568866845,-18.77586171458006,0.03333333333333333,0.0,-0.03333333333333333
1744814546.2995312,-13.0,-169.0,290.0,,-0.4898362446439064,-0.1272301568866845,-18.77586171458006,0.03333333333333333,0.0,-0.03333333333333333
1744814546.461293,-13.0,-169.0,290.0,,-0.4898362446439064,-0.1272301568866845,-18.77586171458006,0.03333333333333333,0.0,-0.03333333333333333
1744814546.6240313,-13.0,-169.0,290.0,,-0.4898362446439064,-0.1272301568866845,-18.77586171458006,0.03333333333333333,0.0,-0.03333333333333333
1744814546.7901585,-13.0,-169.0,290.0,,-0.4898362446439064,-0.1272301568866845,-18.77586171458006,0.03333333333333333,0.0,-0.03333333333333333
1744814546.9545043,-13.0,-169.0,290.0,,-0.4898362446439064,-0.1272301568866845,-18.77586171458006,0.03333333333333333,0.0,-0.03333333333333333
1744814547.119194,-13.0,-169.0,290.0,,-0.4898362446439064,-0.1272301568866845,-18.77586171458006,0.03333333333333333,0.0,-0.03333333333333333
1744814547.2861671,-13.0,-169.0,290.0,,-0.4898362446439064,-0.1272301568866845,-18.77586171458006,0.03333333333333333,0.0,-0.03333333333333333
1744814547.451942,-13.0,-169.0,290.0,,-0.4898362446439064,-0.1272301568866845,-18.77586171458006,0.03333333333333333,0.0,-0.03333333333333333
1744814547.6171055,-13.0,-169.0,290.0,,-0.4898362446439064,-0.1272301568866845,-18.77586171458006,0.03333333333333333,0.0,-0.03333333333333333
1744814547.7849162,-13.0,-169.0,290.0,,-0.4898362446439064,-0.1272301568866845,-18.77586171458006,0.03333333333333333,0.0,-0.03333333333333333
1744814547.955115,-13.0,-169.0,290.0,,-0.4898362446439064,-0.1272301568866845,-18.77586171458006,0.03333333333333333,0.0,-0.03333333333333333
1744814548.1199605,-13.0,-169.0,290.0,,-0.4898362446439064,-0.1272301568866845,-18.77586171458006,0.03333333333333333,0.0,-0.03333333333333333
1744814548.2851682,-13.0,-169.0,290.0,,-0.4898362446439064,-0.1272301568866845,-18.77586171458006,0.03333333333333333,0.0,-0.03333333333333333
1744814548.4484253,-13.0,-169.0,290.0,,-0.4898362446439064,-0.1272301568866845,-18.77586171458006,0.03333333333333333,0.0,-0.03333333333333333
1744814548.610667,-13.0,-169.0,290.0,,-0.4898362446439064,-0.1272301568866845,-18.77586171458006,0.03333333333333333,0.0,-0.03333333333333333
1744814548.7723422,-13.0,-169.0,290.0,,-0.4898362446439064,-0.1272301568866845,-18.77586171458006,0.03333333333333333,0.0,-0.03333333333333333
1744814548.933261,-13.0,-169.0,290.0,,-0.4898362446439064,-0.1272301568866845,-18.77586171458006,0.03333333333333333,0.0,-0.03333333333333333
1744814549.1011426,-13.0,-169.0,290.0,,-0.4898362446439064,-0.1272301568866845,-18.77586171458006,0.03333333333333333,0.0,-0.03333333333333333
1744814549.2737622,-13.0,-169.0,290.0,,-0.4898362446439064,-0.1272301568866845,-18.77586171458006,0.03333333333333333,0.0,-0.03333333333333333
1744814549.4468622,-13.0,-169.0,290.0,,-0.4898362446439064,-0.1272301568866845,-18.77586171458006,0.03333333333333333,0.0,-0.03333333333333333
1744814549.6126835,-13.0,-169.0,290.0,,-0.4898362446439064,-0.1272301568866845,-18.77586171458006,0.03333333333333333,0.0,-0.03333333333333333
1744814549.7863562,-13.0,-169.0,290.0,,-0.4898362446439064,-0.1272301568866845,-18.77586171458006,0.03333333333333333,0.0,-0.03333333333333333
1744814549.9695969,-13.0,-169.0,290.0,,-0.4898362446439064,-0.1272301568866845,-18.77586171458006,0.03333333333333333,0.0,-0.03333333333333333
1744814550.1654658,-13.0,-169.0,290.0,,-0.4898362446439064,-0.1272301568866845,-18.77586171458006,0.03333333333333333,0.0,-0.03333333333333333
1744814550.3709934,-13.0,-169.0,290.0,,-0.4898362446439064,-0.1272301568866845,-18.77586171458006,0.03333333333333333,0.0,-0.03333333333333333
1744814550.5775404,-13.0,-169.0,290.0,,-0.4898362446439064,-0.1272301568866845,-18.77586171458006,0.03333333333333333,0.0,-0.03333333333333333
1744814550.7677062,-13.0,-169.0,290.0,,-0.4898362446439064,-0.1272301568866845,-18.77586171458006,0.03333333333333333,0.0,-0.03333333333333333
1744814550.954658,-13.0,-169.0,290.0,,-0.4898362446439064,-0.1272301568866845,-18.77586171458006,0.03333333333333333,0.0,-0.03333333333333333
1744814551.1350663,-13.0,-169.0,290.0,,-0.4898362446439064,-0.1272301568866845,-18.77586171458006,0.03333333333333333,0.0,-0.03333333333333333
1744814551.3179195,-13.0,-169.0,290.0,,-0.4898362446439064,-0.1272301568866845,-18.77586171458006,0.03333333333333333,0.0,-0.03333333333333333
1744814551.497708,-13.0,-169.0,290.0,,-0.4898362446439064,-0.1272301568866845,-18.77586171458006,0.03333333333333333,0.0,-0.03333333333333333
1744814551.6736028,-13.0,-169.0,290.0,,-0.4898362446439064,-0.1272301568866845,-18.77586171458006,0.03333333333333333,0.0,-0.03333333333333333
1744814551.8488705,-13.0,-169.0,290.0,,-0.4898362446439064,-0.1272301568866845,-18.77586171458006,0.03333333333333333,0.0,-0.03333333333333333
1744814552.024133,-13.0,-169.0,290.0,,-0.4898362446439064,-0.1272301568866845,-18.77586171458006,0.03333333333333333,0.0,-0.03333333333333333
1744814552.1975145,-13.0,-169.0,290.0,,-0.4898362446439064,-0.1272301568866845,-18.77586171458006,0.03333333333333333,0.0,-0.03333333333333333
1744814552.3716626,-13.0,-169.0,290.0,,-0.4898362446439064,-0.1272301568866845,-18.77586171458006,0.03333333333333333,0.0,-0.03333333333333333
1744814552.5378194,-13.0,-169.0,290.0,,-0.4898362446439064,-0.1272301568866845,-18.77586171458006,0.03333333333333333,0.0,-0.03333333333333333
1744814552.7048647,-13.0,-169.0,290.0,,-0.4898362446439064,-0.1272301568866845,-18.77586171458006,0.03333333333333333,0.0,-0.03333333333333333
1744814552.8687875,-13.0,-169.0,290.0,,-0.4898362446439064,-0.1272301568866845,-18.77586171458006,0.03333333333333333,0.0,-0.03333333333333333
1744814553.0312164,-13.0,-169.0,290.0,,-0.4898362446439064,-0.1272301568866845,-18.77586171458006,0.03333333333333333,0.0,-0.03333333333333333
1744814553.1943445,-13.0,-169.0,290.0,,-0.4898362446439064,-0.1272301568866845,-18.77586171458006,0.03333333333333333,0.0,-0.03333333333333333
1744814553.3590045,-13.0,-169.0,290.0,,-0.4898362446439064,-0.1272301568866845,-18.77586171458006,0.03333333333333333,0.0,-0.03333333333333333
1744814553.5227733,-13.0,-169.0,290.0,,-0.4898362446439064,-0.1272301568866845,-18.77586171458006,0.03333333333333333,0.0,-0.03333333333333333
1744814553.6863065,-13.0,-169.0,290.0,,-0.4898362446439064,-0.1272301568866845,-18.77586171458006,0.03333333333333333,0.0,-0.03333333333333333
1744814553.857546,-13.0,-169.0,290.0,,-0.4898362446439064,-0.1272301568866845,-18.77586171458006,0.03333333333333333,0.0,-0.03333333333333333
1744814554.0275087,-13.0,-169.0,290.0,,-0.4898362446439064,-0.1272301568866845,-18.77586171458006,0.03333333333333333,0.0,-0.03333333333333333
1744814554.193855,-13.0,-169.0,290.0,,-0.4898362446439064,-0.1272301568866845,-18.77586171458006,0.03333333333333333,0.0,-0.03333333333333333
1744814554.3574526,-13.0,-169.0,290.0,,-0.4898362446439064,-0.1272301568866845,-18.77586171458006,0.03333333333333333,0.0,-0.03333333333333333
1744814554.519112,-13.0,-169.0,290.0,,-0.4898362446439064,-0.1272301568866845,-18.77586171458006,0.03333333333333333,0.0,-0.03333333333333333
1744814554.681071,-13.0,-169.0,290.0,,-0.4898362446439064,-0.1272301568866845,-18.77586171458006,0.03333333333333333,0.0,-0.03333333333333333
1744814554.8419373,-13.0,-169.0,290.0,,-0.4898362446439064,-0.1272301568866845,-18.77586171458006,0.03333333333333333,0.0,-0.03333333333333333
1744814555.0037334,-13.0,-169.0,290.0,,-0.4898362446439064,-0.1272301568866845,-18.77586171458006,0.03333333333333333,0.0,-0.03333333333333333
1744814555.1664546,-13.0,-169.0,290.0,,-0.4898362446439064,-0.1272301568866845,-18.77586171458006,0.03333333333333333,0.0,-0.03333333333333333
1744814555.329877,-13.0,-169.0,290.0,,-0.4898362446439064,-0.1272301568866845,-18.77586171458006,0.03333333333333333,0.0,-0.03333333333333333
1744814555.4914267,-13.0,-169.0,290.0,,-0.4898362446439064,-0.1272301568866845,-18.77586171458006,0.03333333333333333,0.0,-0.03333333333333333
1744814555.651847,-13.0,-169.0,290.0,,-0.4898362446439064,-0.1272301568866845,-18.77586171458006,0.03333333333333333,0.0,-0.03333333333333333
1744814555.82554,-13.0,-169.0,290.0,,-0.4898362446439064,-0.1272301568866845,-18.77586171458006,0.03333333333333333,0.0,-0.03333333333333333
1744814555.9965978,-13.0,-169.0,290.0,,-0.4898362446439064,-0.1272301568866845,-18.77586171458006,0.03333333333333333,0.0,-0.03333333333333333
1744814556.164645,-13.0,-169.0,290.0,,-0.4898362446439064,-0.1272301568866845,-18.77586171458006,0.03333333333333333,0.0,-0.03333333333333333
1744814556.33337,-13.0,-169.0,290.0,,-0.4898362446439064,-0.1272301568866845,-18.77586171458006,0.03333333333333333,0.0,-0.03333333333333333
1744814556.500303,-13.0,-169.0,290.0,,-0.4898362446439064,-0.1272301568866845,-18.77586171458006,0.03333333333333333,0.0,-0.03333333333333333
1744814556.6645257,-13.0,-169.0,290.0,,-0.4898362446439064,-0.1272301568866845,-18.77586171458006,0.03333333333333333,0.0,-0.03333333333333333
1744814556.8273654,-13.0,-169.0,290.0,,-0.4898362446439064,-0.1272301568866845,-18.77586171458006,0.03333333333333333,0.0,-0.03333333333333333
1744814556.9941685,-13.0,-169.0,290.0,,-0.4898362446439064,-0.1272301568866845,-18.77586171458006,0.03333333333333333,0.0,-0.03333333333333333
1744814557.1563432,-13.0,-169.0,290.0,,-0.4898362446439064,-0.1272301568866845,-18.77586171458006,0.03333333333333333,0.0,-0.03333333333333333
1744814557.3238697,-13.0,-169.0,290.0,,-0.4898362446439064,-0.1272301568866845,-18.77586171458006,0.03333333333333333,0.0,-0.03333333333333333
1744814557.4908526,-13.0,-169.0,290.0,,-0.4898362446439064,-0.1272301568866845,-18.77586171458006,0.03333333333333333,0.0,-0.03333333333333333
1744814557.6579742,-13.0,-169.0,290.0,,-0.4898362446439064,-0.1272301568866845,-18.77586171458006,0.03333333333333333,0.0,-0.03333333333333333
1744814557.8288734,-13.0,-169.0,290.0,,-0.4898362446439064,-0.1272301568866845,-18.77586171458006,0.03333333333333333,0.0,-0.03333333333333333
1744814558.0012922,-13.0,-169.0,290.0,,-0.4898362446439064,-0.1272301568866845,-18.77586171458006,0.03333333333333333,0.0,-0.03333333333333333
1744814558.171679,-13.0,-169.0,290.0,,-0.4898362446439064,-0.1272301568866845,-18.77586171458006,0.03333333333333333,0.0,-0.03333333333333333
1744814558.3404999,-13.0,-169.0,290.0,,-0.4898362446439064,-0.1272301568866845,-18.77586171458006,0.03333333333333333,0.0,-0.03333333333333333
1744814558.5077991,-13.0,-169.0,290.0,,-0.4898362446439064,-0.1272301568866845,-18.77586171458006,0.03333333333333333,0.0,-0.03333333333333333
1744814558.6751347,-13.0,-169.0,290.0,,-0.4898362446439064,-0.1272301568866845,-18.77586171458006,0.03333333333333333,0.0,-0.03333333333333333
1744814558.8627174,-13.0,-169.0,290.0,,-0.4898362446439064,-0.1272301568866845,-18.77586171458006,0.03333333333333333,0.0,-0.03333333333333333
1744814559.0330865,-13.0,-169.0,290.0,,-0.4898362446439064,-0.1272301568866845,-18.77586171458006,0.03333333333333333,0.0,-0.03333333333333333
1744814559.2087183,-13.0,-169.0,290.0,,-0.4898362446439064,-0.1272301568866845,-18.77586171458006,0.03333333333333333,0.0,-0.03333333333333333
1744814559.3755689,-13.0,-169.0,290.0,,-0.4898362446439064,-0.1272301568866845,-18.77586171458006,0.03333333333333333,0.0,-0.03333333333333333
1744814559.5402715,-13.0,-169.0,290.0,,-0.4898362446439064,-0.1272301568866845,-18.77586171458006,0.03333333333333333,0.0,-0.03333333333333333
1744814559.7070189,-13.0,-169.0,290.0,,-0.4898362446439064,-0.1272301568866845,-18.77586171458006,0.03333333333333333,0.0,-0.03333333333333333
1744814559.877078,-13.0,-169.0,290.0,,-0.4898362446439064,-0.1272301568866845,-18.77586171458006,0.03333333333333333,0.0,-0.03333333333333333
1744814560.0455399,-13.0,-169.0,290.0,,-0.4898362446439064,-0.1272301568866845,-18.77586171458006,0.03333333333333333,0.0,-0.03333333333333333
1744814560.2118602,-13.0,-169.0,290.0,,-0.4898362446439064,-0.1272301568866845,-18.77586171458006,0.03333333333333333,0.0,-0.03333333333333333
1744814560.3822021,-13.0,-169.0,290.0,,-0.4898362446439064,-0.1272301568866845,-18.77586171458006,0.03333333333333333,0.0,-0.03333333333333333
1744814560.554983,-13.0,-169.0,290.0,,-0.4898362446439064,-0.1272301568866845,-18.77586171458006,0.03333333333333333,0.0,-0.03333333333333333
1744814560.727712,-13.0,-169.0,290.0,,-0.4898362446439064,-0.1272301568866845,-18.77586171458006,0.03333333333333333,0.0,-0.03333333333333333
1744814560.9024787,-13.0,-169.0,290.0,,-0.4898362446439064,-0.1272301568866845,-18.77586171458006,0.03333333333333333,0.0,-0.03333333333333333
1744814561.07698,-13.0,-169.0,290.0,,-0.4898362446439064,-0.1272301568866845,-18.77586171458006,0.03333333333333333,0.0,-0.03333333333333333
1744814561.2529116,-13.0,-169.0,290.0,,-0.4898362446439064,-0.1272301568866845,-18.77586171458006,0.03333333333333333,0.0,-0.03333333333333333
1744814561.4315648,-13.0,-169.0,290.0,,-0.4898362446439064,-0.1272301568866845,-18.77586171458006,0.03333333333333333,0.0,-0.03333333333333333
1744814561.5968158,-13.0,-169.0,290.0,,-0.4898362446439064,-0.1272301568866845,-18.77586171458006,0.03333333333333333,0.0,-0.03333333333333333
1744814561.7684882,-13.0,-169.0,290.0,,-0.4898362446439064,-0.1272301568866845,-18.77586171458006,0.03333333333333333,0.0,-0.03333333333333333
1744814561.9478083,-13.0,-169.0,290.0,,-0.4898362446439064,-0.1272301568866845,-18.77586171458006,0.03333333333333333,0.0,-0.03333333333333333
1744814562.11389,-13.0,-169.0,290.0,,-0.4898362446439064,-0.1272301568866845,-18.77586171458006,0.03333333333333333,0.0,-0.03333333333333333
1744814562.2863305,-13.0,-169.0,290.0,,-0.4898362446439064,-0.1272301568866845,-18.77586171458006,0.03333333333333333,0.0,-0.03333333333333333
1744814562.4569895,-13.0,-169.0,290.0,,-0.4898362446439064,-0.1272301568866845,-18.77586171458006,0.03333333333333333,0.0,-0.03333333333333333
1744814562.6205025,-13.0,-169.0,290.0,,-0.4898362446439064,-0.1272301568866845,-18.77586171458006,0.03333333333333333,0.0,-0.03333333333333333
1744814562.7835143,-13.0,-169.0,290.0,,-0.4898362446439064,-0.1272301568866845,-18.77586171458006,0.03333333333333333,0.0,-0.03333333333333333
1744814562.947464,-13.0,-169.0,290.0,,-0.4898362446439064,-0.1272301568866845,-18.77586171458006,0.03333333333333333,0.0,-0.03333333333333333
1744814563.1123316,-13.0,-169.0,290.0,,-0.4898362446439064,-0.1272301568866845,-18.77586171458006,0.03333333333333333,0.0,-0.03333333333333333
1744814563.2724373,-13.0,-169.0,290.0,,-0.4898362446439064,-0.1272301568866845,-18.77586171458006,0.03333333333333333,0.0,-0.03333333333333333
1744814563.4357662,-13.0,-169.0,290.0,,-0.4898362446439064,-0.1272301568866845,-18.77586171458006,0.03333333333333333,0.0,-0.03333333333333333
1744814563.599014,-13.0,-169.0,290.0,,-0.4898362446439064,-0.1272301568866845,-18.77586171458006,0.03333333333333333,0.0,-0.03333333333333333
1744814563.7671208,-13.0,-169.0,290.0,,-0.4898362446439064,-0.1272301568866845,-18.77586171458006,0.03333333333333333,0.0,-0.03333333333333333
1744814563.9465744,-13.0,-169.0,290.0,,-0.4898362446439064,-0.1272301568866845,-18.77586171458006,0.03333333333333333,0.0,-0.03333333333333333
1744814564.1191945,-13.0,-169.0,290.0,,-0.4898362446439064,-0.1272301568866845,-18.77586171458006,0.03333333333333333,0.0,-0.03333333333333333
1744814564.2820477,-13.0,-169.0,290.0,,-0.4898362446439064,-0.1272301568866845,-18.77586171458006,0.03333333333333333,0.0,-0.03333333333333333
1744814564.4444776,-13.0,-169.0,290.0,,-0.4898362446439064,-0.1272301568866845,-18.77586171458006,0.03333333333333333,0.0,-0.03333333333333333
1744814564.6040184,-13.0,-169.0,290.0,,-0.4898362446439064,-0.1272301568866845,-18.77586171458006,0.03333333333333333,0.0,-0.03333333333333333
1744814564.7666318,-13.0,-169.0,290.0,,-0.4898362446439064,-0.1272301568866845,-18.77586171458006,0.03333333333333333,0.0,-0.03333333333333333
1744814564.9287307,-13.0,-169.0,290.0,,-0.4898362446439064,-0.1272301568866845,-18.77586171458006,0.03333333333333333,0.0,-0.03333333333333333
1744814565.0889387,-13.0,-169.0,290.0,,-0.4898362446439064,-0.1272301568866845,-18.77586171458006,0.03333333333333333,0.0,-0.03333333333333333
1744814565.2510748,-13.0,-169.0,290.0,,-0.4898362446439064,-0.1272301568866845,-18.77586171458006,0.03333333333333333,0.0,-0.03333333333333333
1744814565.4166932,-13.0,-169.0,290.0,,-0.4898362446439064,-0.1272301568866845,-18.77586171458006,0.03333333333333333,0.0,-0.03333333333333333
1744814565.57906,-13.0,-169.0,290.0,,-0.4898362446439064,-0.1272301568866845,-18.77586171458006,0.03333333333333333,0.0,-0.03333333333333333
1744814565.7445354,-13.0,-169.0,290.0,,-0.4898362446439064,-0.1272301568866845,-18.77586171458006,0.03333333333333333,0.0,-0.03333333333333333
1744814565.919967,-13.0,-169.0,290.0,,-0.4898362446439064,-0.1272301568866845,-18.77586171458006,0.03333333333333333,0.0,-0.03333333333333333
1744814566.0877156,-13.0,-169.0,290.0,,-0.4898362446439064,-0.1272301568866845,-18.77586171458006,0.03333333333333333,0.0,-0.03333333333333333
1744814566.2561593,-13.0,-169.0,290.0,,-0.4898362446439064,-0.1272301568866845,-18.77586171458006,0.03333333333333333,0.0,-0.03333333333333333
1744814566.425498,-13.0,-169.0,290.0,,-0.4898362446439064,-0.1272301568866845,-18.77586171458006,0.03333333333333333,0.0,-0.03333333333333333
1744814566.5906675,-13.0,-169.0,290.0,,-0.4898362446439064,-0.1272301568866845,-18.77586171458006,0.03333333333333333,0.0,-0.03333333333333333
1744814566.7563531,-13.0,-169.0,290.0,,-0.4898362446439064,-0.1272301568866845,-18.77586171458006,0.03333333333333333,0.0,-0.03333333333333333
1744814566.919727,-13.0,-169.0,290.0,,-0.4898362446439064,-0.1272301568866845,-18.77586171458006,0.03333333333333333,0.0,-0.03333333333333333
1744814567.0862658,-13.0,-169.0,290.0,,-0.4898362446439064,-0.1272301568866845,-18.77586171458006,0.03333333333333333,0.0,-0.03333333333333333
1744814567.2532759,-13.0,-169.0,290.0,,-0.4898362446439064,-0.1272301568866845,-18.77586171458006,0.03333333333333333,0.0,-0.03333333333333333
1744814567.4183762,-13.0,-169.0,290.0,,-0.4898362446439064,-0.1272301568866845,-18.77586171458006,0.03333333333333333,0.0,-0.03333333333333333
1744814567.5871851,-13.0,-169.0,290.0,,-0.4898362446439064,-0.1272301568866845,-18.77586171458006,0.03333333333333333,0.0,-0.03333333333333333
1744814567.7595654,-13.0,-169.0,290.0,,-0.4898362446439064,-0.1272301568866845,-18.77586171458006,0.03333333333333333,0.0,-0.03333333333333333
1744814567.9401863,-13.0,-169.0,290.0,,-0.4898362446439064,-0.1272301568866845,-18.77586171458006,0.03333333333333333,0.0,-0.03333333333333333
1744814568.1094735,-13.0,-169.0,290.0,,-0.4898362446439064,-0.1272301568866845,-18.77586171458006,0.03333333333333333,0.0,-0.03333333333333333
1744814568.2911987,-13.0,-169.0,290.0,,-0.4898362446439064,-0.1272301568866845,-18.77586171458006,0.03333333333333333,0.0,-0.03333333333333333
1744814568.466016,-13.0,-169.0,290.0,,-0.4898362446439064,-0.1272301568866845,-18.77586171458006,0.03333333333333333,0.0,-0.03333333333333333
1744814568.6387765,-13.0,-169.0,290.0,,-0.4898362446439064,-0.1272301568866845,-18.77586171458006,0.03333333333333333,0.0,-0.03333333333333333
1744814568.808436,-13.0,-169.0,290.0,,-0.4898362446439064,-0.1272301568866845,-18.77586171458006,0.03333333333333333,0.0,-0.03333333333333333
1744814568.9763937,-13.0,-169.0,290.0,,-0.4898362446439064,-0.1272301568866845,-18.77586171458006,0.03333333333333333,0.0,-0.03333333333333333
1744814569.1421416,-13.0,-169.0,290.0,,-0.4898362446439064,-0.1272301568866845,-18.77586171458006,0.03333333333333333,0.0,-0.03333333333333333
1744814569.3108525,-13.0,-169.0,290.0,,-0.4898362446439064,-0.1272301568866845,-18.77586171458006,0.03333333333333333,0.0,-0.03333333333333333
1744814569.4877162,-13.0,-169.0,290.0,,-0.4898362446439064,-0.1272301568866845,-18.77586171458006,0.03333333333333333,0.0,-0.03333333333333333
1744814569.6538951,-13.0,-169.0,290.0,,-0.4898362446439064,-0.1272301568866845,-18.77586171458006,0.03333333333333333,0.0,-0.03333333333333333
1744814569.8254795,-13.0,-169.0,290.0,,-0.4898362446439064,-0.1272301568866845,-18.77586171458006,0.03333333333333333,0.0,-0.03333333333333333
1744814570.0047078,-13.0,-169.0,290.0,,-0.4898362446439064,-0.1272301568866845,-18.77586171458006,0.03333333333333333,0.0,-0.03333333333333333
1744814570.18406,-13.0,-169.0,290.0,,-0.4898362446439064,-0.1272301568866845,-18.77586171458006,0.03333333333333333,0.0,-0.03333333333333333
1744814570.364527,-13.0,-169.0,290.0,,-0.4898362446439064,-0.1272301568866845,-18.77586171458006,0.03333333333333333,0.0,-0.03333333333333333
1744814570.5504758,-13.0,-169.0,290.0,,-0.4898362446439064,-0.1272301568866845,-18.77586171458006,0.03333333333333333,0.0,-0.03333333333333333
1744814570.7349808,-13.0,-169.0,290.0,,-0.4898362446439064,-0.1272301568866845,-18.77586171458006,0.03333333333333333,0.0,-0.03333333333333333
1744814570.9074275,-13.0,-169.0,290.0,,-0.4898362446439064,-0.1272301568866845,-18.77586171458006,0.03333333333333333,0.0,-0.03333333333333333
1744814571.078118,-13.0,-169.0,290.0,,-0.4898362446439064,-0.1272301568866845,-18.77586171458006,0.03333333333333333,0.0,-0.03333333333333333
1744814571.2454333,-13.0,-169.0,290.0,,-0.4898362446439064,-0.1272301568866845,-18.77586171458006,0.03333333333333333,0.0,-0.03333333333333333
1744814571.415443,-13.0,-169.0,290.0,,-0.4898362446439064,-0.1272301568866845,-18.77586171458006,0.03333333333333333,0.0,-0.03333333333333333
1744814571.5811787,-13.0,-169.0,290.0,,-0.4898362446439064,-0.1272301568866845,-18.77586171458006,0.03333333333333333,0.0,-0.03333333333333333
1744814571.7480495,-13.0,-169.0,290.0,,-0.4898362446439064,-0.1272301568866845,-18.77586171458006,0.03333333333333333,0.0,-0.03333333333333333
1744814571.9227843,-13.0,-169.0,290.0,,-0.4898362446439064,-0.1272301568866845,-18.77586171458006,0.03333333333333333,0.0,-0.03333333333333333
1744814572.087931,-13.0,-169.0,290.0,,-0.4898362446439064,-0.1272301568866845,-18.77586171458006,0.03333333333333333,0.0,-0.03333333333333333
1744814572.2569022,-13.0,-169.0,290.0,,-0.4898362446439064,-0.1272301568866845,-18.77586171458006,0.03333333333333333,0.0,-0.03333333333333333
1744814572.425361,-13.0,-169.0,290.0,,-0.4898362446439064,-0.1272301568866845,-18.77586171458006,0.03333333333333333,0.0,-0.03333333333333333
1744814572.5898757,-13.0,-169.0,290.0,,-0.4898362446439064,-0.1272301568866845,-18.77586171458006,0.03333333333333333,0.0,-0.03333333333333333
1744814572.7526343,-13.0,-169.0,290.0,,-0.4898362446439064,-0.1272301568866845,-18.77586171458006,0.03333333333333333,0.0,-0.03333333333333333
1744814572.9164615,-13.0,-169.0,290.0,,-0.4898362446439064,-0.1272301568866845,-18.77586171458006,0.03333333333333333,0.0,-0.03333333333333333
1744814573.079174,-13.0,-169.0,290.0,,-0.4898362446439064,-0.1272301568866845,-18.77586171458006,0.03333333333333333,0.0,-0.03333333333333333
1744814573.2438085,-13.0,-169.0,290.0,,-0.4898362446439064,-0.1272301568866845,-18.77586171458006,0.03333333333333333,0.0,-0.03333333333333333
1744814573.4077492,-13.0,-169.0,290.0,,-0.4898362446439064,-0.1272301568866845,-18.77586171458006,0.03333333333333333,0.0,-0.03333333333333333
1744814573.5696285,-13.0,-169.0,290.0,,-0.4898362446439064,-0.1272301568866845,-18.77586171458006,0.03333333333333333,0.0,-0.03333333333333333
1744814573.7341049,-13.0,-169.0,290.0,,-0.4898362446439064,-0.1272301568866845,-18.77586171458006,0.03333333333333333,0.0,-0.03333333333333333
1744814573.906136,-13.0,-169.0,290.0,,-0.4898362446439064,-0.1272301568866845,-18.77586171458006,0.03333333333333333,0.0,-0.03333333333333333
1744814574.0740864,-13.0,-169.0,290.0,,-0.4898362446439064,-0.1272301568866845,-18.77586171458006,0.03333333333333333,0.0,-0.03333333333333333
1744814574.2491453,-13.0,-169.0,290.0,,-0.4898362446439064,-0.1272301568866845,-18.77586171458006,0.03333333333333333,0.0,-0.03333333333333333
1744814574.4156258,-13.0,-169.0,290.0,,-0.4898362446439064,-0.1272301568866845,-18.77586171458006,0.03333333333333333,0.0,-0.03333333333333333
1744814574.5822582,-13.0,-169.0,290.0,,-0.4898362446439064,-0.1272301568866845,-18.77586171458006,0.03333333333333333,0.0,-0.03333333333333333
1744814574.7424512,-13.0,-169.0,290.0,,-0.4898362446439064,-0.1272301568866845,-18.77586171458006,0.03333333333333333,0.0,-0.03333333333333333
1744814574.9049,-13.0,-169.0,290.0,,-0.4898362446439064,-0.1272301568866845,-18.77586171458006,0.03333333333333333,0.0,-0.03333333333333333
1744814575.0670092,-13.0,-169.0,290.0,,-0.4898362446439064,-0.1272301568866845,-18.77586171458006,0.03333333333333333,0.0,-0.03333333333333333
1744814575.2301586,-13.0,-169.0,290.0,,-0.4898362446439064,-0.1272301568866845,-18.77586171458006,0.03333333333333333,0.0,-0.03333333333333333
1744814575.393446,-13.0,-169.0,290.0,,-0.4898362446439064,-0.1272301568866845,-18.77586171458006,0.03333333333333333,0.0,-0.03333333333333333
1744814575.5585258,-13.0,-169.0,290.0,,-0.4898362446439064,-0.1272301568866845,-18.77586171458006,0.03333333333333333,0.0,-0.03333333333333333
1744814575.725709,-13.0,-169.0,290.0,,-0.4898362446439064,-0.1272301568866845,-18.77586171458006,0.03333333333333333,0.0,-0.03333333333333333
1744814575.8988132,-13.0,-169.0,290.0,,-0.4898362446439064,-0.1272301568866845,-18.77586171458006,0.03333333333333333,0.0,-0.03333333333333333
1744814576.0701375,-13.0,-169.0,290.0,,-0.4898362446439064,-0.1272301568866845,-18.77586171458006,0.03333333333333333,0.0,-0.03333333333333333
1744814576.2390985,-13.0,-169.0,290.0,,-0.4898362446439064,-0.1272301568866845,-18.77586171458006,0.03333333333333333,0.0,-0.03333333333333333
1744814576.4071434,-13.0,-169.0,290.0,,-0.4898362446439064,-0.1272301568866845,-18.77586171458006,0.03333333333333333,0.0,-0.03333333333333333
1744814576.593251,-13.0,-169.0,290.0,,-0.4898362446439064,-0.1272301568866845,-18.77586171458006,0.03333333333333333,0.0,-0.03333333333333333
1744814576.763266,-13.0,-169.0,290.0,,-0.4898362446439064,-0.1272301568866845,-18.77586171458006,0.03333333333333333,0.0,-0.03333333333333333
1744814576.9360914,-13.0,-169.0,290.0,,-0.4898362446439064,-0.1272301568866845,-18.77586171458006,0.03333333333333333,0.0,-0.03333333333333333
1744814577.102293,-13.0,-169.0,290.0,,-0.4898362446439064,-0.1272301568866845,-18.77586171458006,0.03333333333333333,0.0,-0.03333333333333333
1744814577.2673151,-13.0,-169.0,290.0,,-0.4898362446439064,-0.1272301568866845,-18.77586171458006,0.03333333333333333,0.0,-0.03333333333333333
1744814577.4356713,-13.0,-169.0,290.0,,-0.4898362446439064,-0.1272301568866845,-18.77586171458006,0.03333333333333333,0.0,-0.03333333333333333
1744814577.6047435,-13.0,-169.0,290.0,,-0.4898362446439064,-0.1272301568866845,-18.77586171458006,0.03333333333333333,0.0,-0.03333333333333333
1744814577.7719955,-13.0,-169.0,290.0,,-0.4898362446439064,-0.1272301568866845,-18.77586171458006,0.03333333333333333,0.0,-0.03333333333333333
1744814577.9533699,-13.0,-169.0,290.0,,-0.4898362446439064,-0.1272301568866845,-18.77586171458006,0.03333333333333333,0.0,-0.03333333333333333
1744814578.1384761,-13.0,-169.0,290.0,,-0.4898362446439064,-0.1272301568866845,-18.77586171458006,0.03333333333333333,0.0,-0.03333333333333333
1744814578.3314164,-13.0,-169.0,290.0,,-0.4898362446439064,-0.1272301568866845,-18.77586171458006,0.03333333333333333,0.0,-0.03333333333333333
1744814578.50956,-13.0,-169.0,290.0,,-0.4898362446439064,-0.1272301568866845,-18.77586171458006,0.03333333333333333,0.0,-0.03333333333333333
1744814578.6832933,-13.0,-169.0,290.0,,-0.4898362446439064,-0.1272301568866845,-18.77586171458006,0.03333333333333333,0.0,-0.03333333333333333
1744814578.854894,-13.0,-169.0,290.0,,-0.4898362446439064,-0.1272301568866845,-18.77586171458006,0.03333333333333333,0.0,-0.03333333333333333
1744814579.0219545,-13.0,-169.0,290.0,,-0.4898362446439064,-0.1272301568866845,-18.77586171458006,0.03333333333333333,0.0,-0.03333333333333333
1744814579.194939,-13.0,-169.0,290.0,,-0.4898362446439064,-0.1272301568866845,-18.77586171458006,0.03333333333333333,0.0,-0.03333333333333333
1744814579.361669,-13.0,-169.0,290.0,,-0.4898362446439064,-0.1272301568866845,-18.77586171458006,0.03333333333333333,0.0,-0.03333333333333333
1744814579.526455,-13.0,-169.0,290.0,,-0.4898362446439064,-0.1272301568866845,-18.77586171458006,0.03333333333333333,0.0,-0.03333333333333333
1744814579.6965313,-13.0,-169.0,290.0,,-0.4898362446439064,-0.1272301568866845,-18.77586171458006,0.03333333333333333,0.0,-0.03333333333333333
1744814579.8744748,-13.0,-169.0,290.0,,-0.4898362446439064,-0.1272301568866845,-18.77586171458006,0.03333333333333333,0.0,-0.03333333333333333
1744814580.057694,-13.0,-169.0,290.0,,-0.4898362446439064,-0.1272301568866845,-18.77586171458006,0.03333333333333333,0.0,-0.03333333333333333
1744814580.2390964,-13.0,-169.0,290.0,,-0.4898362446439064,-0.1272301568866845,-18.77586171458006,0.03333333333333333,0.0,-0.03333333333333333
1744814580.4227257,-13.0,-169.0,290.0,,-0.4898362446439064,-0.1272301568866845,-18.77586171458006,0.03333333333333333,0.0,-0.03333333333333333
1744814580.5953648,-13.0,-169.0,290.0,,-0.4898362446439064,-0.1272301568866845,-18.77586171458006,0.03333333333333333,0.0,-0.03333333333333333
1744814580.769039,-13.0,-169.0,290.0,,-0.4898362446439064,-0.1272301568866845,-18.77586171458006,0.03333333333333333,0.0,-0.03333333333333333
1744814580.9352934,-13.0,-169.0,290.0,,-0.4898362446439064,-0.1272301568866845,-18.77586171458006,0.03333333333333333,0.0,-0.03333333333333333
1744814581.1069067,-13.0,-169.0,290.0,,-0.4898362446439064,-0.1272301568866845,-18.77586171458006,0.03333333333333333,0.0,-0.03333333333333333
1744814581.27899,-13.0,-169.0,290.0,,-0.4898362446439064,-0.1272301568866845,-18.77586171458006,0.03333333333333333,0.0,-0.03333333333333333
1744814581.4470258,-13.0,-169.0,290.0,,-0.4898362446439064,-0.1272301568866845,-18.77586171458006,0.03333333333333333,0.0,-0.03333333333333333
1744814581.6154783,-13.0,-169.0,290.0,,-0.4898362446439064,-0.1272301568866845,-18.77586171458006,0.03333333333333333,0.0,-0.03333333333333333
1744814581.786015,-13.0,-169.0,290.0,,-0.4898362446439064,-0.1272301568866845,-18.77586171458006,0.03333333333333333,0.0,-0.03333333333333333
1744814581.960038,-13.0,-169.0,290.0,,-0.4898362446439064,-0.1272301568866845,-18.77586171458006,0.03333333333333333,0.0,-0.03333333333333333
1744814582.1260357,-13.0,-169.0,290.0,,-0.4898362446439064,-0.1272301568866845,-18.77586171458006,0.03333333333333333,0.0,-0.03333333333333333
1744814582.291385,-13.0,-169.0,290.0,,-0.4898362446439064,-0.1272301568866845,-18.77586171458006,0.03333333333333333,0.0,-0.03333333333333333
1744814582.451212,-13.0,-169.0,290.0,,-0.4898362446439064,-0.1272301568866845,-18.77586171458006,0.03333333333333333,0.0,-0.03333333333333333
1744814582.618411,-13.0,-169.0,290.0,,-0.4898362446439064,-0.1272301568866845,-18.77586171458006,0.03333333333333333,0.0,-0.03333333333333333
1744814582.780762,-13.0,-169.0,290.0,,-0.4898362446439064,-0.1272301568866845,-18.77586171458006,0.03333333333333333,0.0,-0.03333333333333333
1744814582.9431627,-13.0,-169.0,290.0,,-0.4898362446439064,-0.1272301568866845,-18.77586171458006,0.03333333333333333,0.0,-0.03333333333333333
1744814583.1065123,-13.0,-169.0,290.0,,-0.4898362446439064,-0.1272301568866845,-18.77586171458006,0.03333333333333333,0.0,-0.03333333333333333
1744814583.2674985,-13.0,-169.0,290.0,,-0.4898362446439064,-0.1272301568866845,-18.77586171458006,0.03333333333333333,0.0,-0.03333333333333333
1744814583.4317842,-13.0,-169.0,290.0,,-0.4898362446439064,-0.1272301568866845,-18.77586171458006,0.03333333333333333,0.0,-0.03333333333333333
1744814583.597604,-13.0,-169.0,290.0,,-0.4898362446439064,-0.1272301568866845,-18.77586171458006,0.03333333333333333,0.0,-0.03333333333333333
1744814583.7691848,-13.0,-169.0,290.0,,-0.4898362446439064,-0.1272301568866845,-18.77586171458006,0.03333333333333333,0.0,-0.03333333333333333
1744814583.9451668,-13.0,-169.0,290.0,,-0.4898362446439064,-0.1272301568866845,-18.77586171458006,0.03333333333333333,0.0,-0.03333333333333333
1744814584.111742,-13.0,-169.0,290.0,,-0.4898362446439064,-0.1272301568866845,-18.77586171458006,0.03333333333333333,0.0,-0.03333333333333333
1744814584.2747984,-13.0,-169.0,290.0,,-0.4898362446439064,-0.1272301568866845,-18.77586171458006,0.03333333333333333,0.0,-0.03333333333333333
1744814584.4354937,-13.0,-169.0,290.0,,-0.4898362446439064,-0.1272301568866845,-18.77586171458006,0.03333333333333333,0.0,-0.03333333333333333
1744814584.5982077,-13.0,-169.0,290.0,,-0.4898362446439064,-0.1272301568866845,-18.77586171458006,0.03333333333333333,0.0,-0.03333333333333333
1744814584.7584505,-13.0,-169.0,290.0,,-0.4898362446439064,-0.1272301568866845,-18.77586171458006,0.03333333333333333,0.0,-0.03333333333333333
1744814584.9204037,-13.0,-169.0,290.0,,-0.4898362446439064,-0.1272301568866845,-18.77586171458006,0.03333333333333333,0.0,-0.03333333333333333
1744814585.0813046,-13.0,-169.0,290.0,,-0.4898362446439064,-0.1272301568866845,-18.77586171458006,0.03333333333333333,0.0,-0.03333333333333333
1744814585.2440064,-13.0,-169.0,290.0,,-0.4898362446439064,-0.1272301568866845,-18.77586171458006,0.03333333333333333,0.0,-0.03333333333333333
1744814585.4054964,-13.0,-169.0,290.0,,-0.4898362446439064,-0.1272301568866845,-18.77586171458006,0.03333333333333333,0.0,-0.03333333333333333
1744814585.567699,-13.0,-169.0,290.0,,-0.4898362446439064,-0.1272301568866845,-18.77586171458006,0.03333333333333333,0.0,-0.03333333333333333
1744814585.7335362,-13.0,-169.0,290.0,,-0.4898362446439064,-0.1272301568866845,-18.77586171458006,0.03333333333333333,0.0,-0.03333333333333333
1744814585.901065,-13.0,-169.0,290.0,,-0.4898362446439064,-0.1272301568866845,-18.77586171458006,0.03333333333333333,0.0,-0.03333333333333333
1744814586.0671608,-13.0,-169.0,290.0,,-0.4898362446439064,-0.1272301568866845,-18.77586171458006,0.03333333333333333,0.0,-0.03333333333333333
1744814586.2310772,-13.0,-169.0,290.0,,-0.4898362446439064,-0.1272301568866845,-18.77586171458006,0.03333333333333333,0.0,-0.03333333333333333
1744814586.3933322,-13.0,-169.0,290.0,,-0.4898362446439064,-0.1272301568866845,-18.77586171458006,0.03333333333333333,0.0,-0.03333333333333333
1744814586.5567365,-13.0,-169.0,290.0,,-0.4898362446439064,-0.1272301568866845,-18.77586171458006,0.03333333333333333,0.0,-0.03333333333333333
1744814586.7182627,-13.0,-169.0,290.0,,-0.4898362446439064,-0.1272301568866845,-18.77586171458006,0.03333333333333333,0.0,-0.03333333333333333
1744814586.8831644,-13.0,-169.0,290.0,,-0.4898362446439064,-0.1272301568866845,-18.77586171458006,0.03333333333333333,0.0,-0.03333333333333333
1744814587.044996,-13.0,-169.0,290.0,,-0.4898362446439064,-0.1272301568866845,-18.77586171458006,0.03333333333333333,0.0,-0.03333333333333333
1744814587.206589,-13.0,-169.0,290.0,,-0.4898362446439064,-0.1272301568866845,-18.77586171458006,0.03333333333333333,0.0,-0.03333333333333333
1744814587.3686323,-13.0,-169.0,290.0,,-0.4898362446439064,-0.1272301568866845,-18.77586171458006,0.03333333333333333,0.0,-0.03333333333333333
1744814587.5353863,-13.0,-169.0,290.0,,-0.4898362446439064,-0.1272301568866845,-18.77586171458006,0.03333333333333333,0.0,-0.03333333333333333
1744814587.7094984,-13.0,-169.0,290.0,,-0.4898362446439064,-0.1272301568866845,-18.77586171458006,0.03333333333333333,0.0,-0.03333333333333333
1744814587.893661,-13.0,-169.0,290.0,,-0.4898362446439064,-0.1272301568866845,-18.77586171458006,0.03333333333333333,0.0,-0.03333333333333333
1744814588.0675082,-13.0,-169.0,290.0,,-0.4898362446439064,-0.1272301568866845,-18.77586171458006,0.03333333333333333,0.0,-0.03333333333333333
1744814588.2418852,-13.0,-169.0,290.0,,-0.4898362446439064,-0.1272301568866845,-18.77586171458006,0.03333333333333333,0.0,-0.03333333333333333
1744814588.4093935,-13.0,-169.0,290.0,,-0.4898362446439064,-0.1272301568866845,-18.77586171458006,0.03333333333333333,0.0,-0.03333333333333333
1744814588.5760963,-13.0,-169.0,290.0,,-0.4898362446439064,-0.1272301568866845,-18.77586171458006,0.03333333333333333,0.0,-0.03333333333333333
1744814588.7385778,-13.0,-169.0,290.0,,-0.4898362446439064,-0.1272301568866845,-18.77586171458006,0.03333333333333333,0.0,-0.03333333333333333
1744814588.903841,-13.0,-169.0,290.0,,-0.4898362446439064,-0.1272301568866845,-18.77586171458006,0.03333333333333333,0.0,-0.03333333333333333
1744814589.0671608,-13.0,-169.0,290.0,,-0.4898362446439064,-0.1272301568866845,-18.77586171458006,0.03333333333333333,0.0,-0.03333333333333333
1744814590.2338924,-13.0,-169.0,290.0,,-0.4898362446439064,-0.1272301568866845,-18.77586171458006,0.03333333333333333,0.0,-0.03333333333333333
1744814590.4009166,0.0,0.0,0.0,,-0.029,3.52,0.07096630565086492,0.1,0.03333333333333333,-0.0
1744814590.562519,20.0,0.0,337.0,,0.048,0.016782393975189436,0.13519028537018585,0.1,0.1,0.03333333333333333
1744814590.7413743,19.0,0.0,341.0,,0.077,0.061176404775292514,0.1607417613067934,0.06666666666666667,0.13333333333333333,-0.0
1744814590.923421,19.0,0.0,338.0,,0.332,0.012176404775292582,0.19483835544846784,0.03333333333333333,0.06666666666666667,-0.03333333333333333
1744814591.107684,19.0,0.0,339.0,,0.274,0.0411764047752925,0.07026429790381705,0.13333333333333333,0.0,-0.03333333333333333
1744814591.28727,18.0,-1.0,339.0,,0.4457918928502487,0.2135432851817658,0.14924907292266987,0.06666666666666667,0.1,-0.03333333333333333
1744814591.4672062,19.0,-2.0,340.0,,1.3536359373484654,0.10017640477529266,-1.3015061508757553,0.0,0.9333333333333333,-0.1
1744814591.6490486,18.0,-9.0,334.0,,0.7883778979553351,-0.2674567148182345,-0.6824773584232133,0.7666666666666667,1.8666666666666667,0.13333333333333333
1744814591.8347592,4.0,-35.0,327.0,,1.845215159396238,-1.1453110074298694,0.4746382236631206,3.433333333333333,6.433333333333334,2.1333333333333333
1744814592.0195336,26.0,-88.0,274.0,,-1.67502401305733,1.631579049999151,0.06698949345614968,1.7333333333333334,2.466666666666667,3.7666666666666666
1744814592.202594,45.0,-83.0,253.0,,-6.050877747601369,1.8192824765599696,-0.012438336796431138,0.8333333333333334,0.16666666666666666,0.6333333333333333
1744814592.3814218,41.0,-71.0,243.0,,-6.099537226629298,2.046060925603123,-0.1107572496323912,0.13333333333333333,0.43333333333333335,0.4
1744814592.557198,46.0,-64.0,239.0,,-5.6901695941948285,2.1312765586778335,0.038240276951092333,0.03333333333333333,0.06666666666666667,-0.0
1744814592.7373023,55.0,-60.0,234.0,,-5.554709211125343,1.0441184455249903,0.0020666995180316228,0.0,0.06666666666666667,-0.0
1744814592.9165127,58.0,-61.0,235.0,,-5.4330193270374725,0.8296481767054598,0.017022507275176846,-0.1,0.3,-0.1
1744814593.0934901,55.0,-56.0,239.0,,-4.828858586764959,0.9951184455249908,-0.009249146891069593,0.03333333333333333,0.03333333333333333,-0.16666666666666666
1744814593.2737515,57.0,-59.0,243.0,,-4.653811219887722,0.8136417284553907,0.009970631055902235,0.03333333333333333,0.13333333333333333,-0.16666666666666666
1744814593.4554644,58.0,-62.0,245.0,,-4.739715885946072,0.6916481767054599,0.01503303098160691,0.06666666666666667,0.0,-0.1
1744814593.6365578,58.0,-64.0,250.0,,-4.562169594194828,0.5836481767054611,0.02808100119940371,-0.3,0.03333333333333333,-0.2
1744814593.8190958,57.0,-75.0,271.0,,-4.89673235589576,-0.14735827154460956,-2.148003330952686,-1.1666666666666667,0.0,-0.26666666666666666
1744814594.0034952,55.0,-86.0,285.0,,-4.737103333048876,0.23011844552499028,-3.5216668863156353,-0.4666666666666667,0.13333333333333333,-0.23333333333333334
1744814594.188923,54.0,-87.0,285.0,,-4.72755573594237,0.6725432851817654,-3.20383491597245,0.3333333333333333,0.06666666666666667,-0.13333333333333333
1744814594.3679392,51.0,-92.0,289.0,,-4.176024013057329,0.20119811810711496,-5.11271365274426,0.43333333333333335,-0.1,-0.0
1744814594.5454195,51.0,-92.0,288.0,,-4.45102401305733,0.573198118107114,-3.4468580674144134,-0.26666666666666666,0.16666666666666666,-0.26666666666666666
1744814594.7287462,49.0,-98.0,296.0,,-3.998529754354805,0.6272990180146065,-2.241314241881581,-1.3333333333333333,-0.9,-0.23333333333333334
1744814594.905726,27.0,-100.0,341.0,,8.529035942950241,-4.571646802444954,-10.553407490204027,-4.833333333333333,-6.133333333333334,-2.033333333333333
1744814595.0786383,51.0,-52.0,5.0,,-10.005385492881944,-4.143801881892886,-4.855873848611033,-3.7,-7.566666666666666,4.333333333333333
1744814595.2613795,75.0,-9.0,7.0,,2.5933778979553352,-0.30773235589576053,1.2679626212364399,1.5666666666666667,0.1,-2.1333333333333333
1744814595.4427774,68.0,-23.0,25.0,,-2.2450723704797757,-0.9866736133001854,-0.31934366401593106,0.23333333333333334,0.13333333333333333,-0.23333333333333334
1744814595.6173103,54.0,-38.0,27.0,,-2.794639072944708,0.0055432851817656115,-0.14520819267365237,1.1,0.7666666666666667,-0.36666666666666664
1744814595.8000722,35.0,-31.0,10.0,,0.045476485132367905,0.3442151593962377,0.14668764419301983,1.3666666666666667,0.13333333333333333,0.03333333333333333
1744814595.9851117,25.0,-39.0,4.0,,-0.27063303619890533,0.7171148523237383,0.701527379011373,0.23333333333333334,0.0,0.03333333333333333
1744814596.1654027,24.0,-44.0,2.0,,-1.9225986142027631,0.5099135314263998,-0.31682045849983886,0.5,0.0,-0.0
1744814596.3474169,21.0,-50.0,354.0,,-1.249895986997175,0.7004104149606043,0.266071297989142,1.8,2.3,1.4666666666666666
1744814596.5334868,29.0,-75.0,328.0,,-1.54273235589576,-1.2169823746165664,-0.06898754921568084,1.8,5.133333333333334,2.6
1744814596.7274356,66.0,-97.0,298.0,,-6.78587774760137,0.20611906052608475,-0.013189115952562558,1.0666666666666667,1.2666666666666666,2.2333333333333334
1744814596.9063418,74.0,-61.0,256.0,,-5.845019327037473,0.12102276284509195,0.0957796548983949,0.3,0.13333333333333333,0.5666666666666667
1744814597.0809422,70.0,-50.0,251.0,,-5.309895986997175,-0.050384609909761124,-0.0370681462352509,-0.16666666666666666,0.0,0.06666666666666667
1744814597.2572086,67.0,-46.0,253.0,,-5.213723441322167,0.4228473876315597,-0.0055869729720556816,0.5,0.0,0.3
1744814597.432714,65.0,-42.0,250.0,,-5.5751712483804,0.19912060917046404,-0.0943042488871999,0.13333333333333333,0.6333333333333333,0.03333333333333333
1744814597.608387,65.0,-58.0,262.0,,-0.9263518232945396,0.542120609170464,-1.8319849989727417,-0.8666666666666667,0.43333333333333335,-0.4666666666666667
1744814597.7964818,64.0,-63.0,270.0,,-6.1327740022878885,0.3018304058051715,-0.02593488393585308,-0.13333333333333333,-0.3,-0.5
1744814597.9845383,63.0,-61.0,272.0,,-4.600019327037472,0.3592259977121106,0.012931816110428929,0.0,-0.6666666666666666,-0.13333333333333333
1744814598.163156,69.0,-68.0,285.0,,-6.321673613300185,0.009576016062450066,-0.37443625568633654,-0.3333333333333333,-0.7666666666666667,0.9666666666666667
1744814598.3471606,73.0,-54.0,277.0,,-6.2314567148182345,-0.09534965599737788,-0.004211089548417646,0.1,-0.03333333333333333,-0.03333333333333333
1744814598.5332284,76.0,-35.0,255.0,,-5.166784840603762,-0.12460107476752569,-0.19816890178841934,0.6666666666666666,-0.36666666666666664,1.4666666666666666
1744814598.7190866,73.0,3.0,216.0,,-0.48658426925672094,0.5716503440026219,0.04085137387746651,0.36666666666666664,0.2,1.0333333333333334
1744814598.9094703,67.0,26.0,192.0,,1.9174209500008494,-0.13615261236843956,-0.07554590154340124,0.3,-0.23333333333333334,0.06666666666666667
1744814599.0991526,59.0,27.0,194.0,,1.501646802444954,1.3281887801122778,0.31285392879566176,1.0333333333333334,-0.03333333333333333,-0.0
1744814599.2798638,44.0,21.0,204.0,,0.9465895850393959,0.47040138579723667,-0.34690765606456075,-0.4,0.13333333333333333,-0.0
1744814599.4611797,43.0,24.0,195.0,,0.6170864685735999,0.12459608778689013,-0.15786950663917665,-0.3,0.7666666666666667,1.4333333333333333
1744814599.6448543,40.0,37.0,176.0,,0.941805377121594,1.2152535489750491,0.24577464242142621,-0.36666666666666664,-0.36666666666666664,0.7666666666666667
1744814599.8324234,35.0,36.0,175.0,,0.8141733249891621,1.531215159396238,0.22029470803097695,0.43333333333333335,0.5,-0.4666666666666667
1744814600.0156443,34.0,37.0,177.0,,1.5788053771215935,1.2893176169519727,-0.21489150738220175,-0.26666666666666666,-0.1,-0.23333333333333334
1744814600.202965,37.0,38.0,178.0,,1.538639072944708,1.175194622878406,-0.0661176030608086,0.0,-0.1,-0.03333333333333333
1744814600.383216,40.0,39.0,180.0,,1.809633036198905,1.0382535489750495,0.05549573247617623,-0.03333333333333333,0.06666666666666667,-0.3
1744814600.569476,45.0,37.0,183.0,,2.0788053771215935,0.4562824765599691,-0.043371591877988,-0.1,0.1,-0.3
1744814600.7573433,48.0,37.0,184.0,,2.2068053771215936,0.5537492620667628,0.07976442059390809,-0.03333333333333333,0.0,-0.06666666666666667
1744814600.9552023,50.0,37.0,185.0,,2.4128053771215936,0.221104013002825,-0.028087387401629194,0.0,0.0,-0.06666666666666667
1744814601.1552117,52.0,38.0,184.0,,2.4016390729447084,0.3296145071180572,0.10235589970455905,0.0,0.0,-0.03333333333333333
1744814601.3481038,53.0,39.0,184.0,,2.535633036198905,0.14738564643605745,0.02251978619588879,-0.06666666666666667,0.0,-0.0
1744814601.5352561,56.0,41.0,183.0,,2.5719390743968766,0.8491414132350403,0.2154163112443359,-0.16666666666666666,-0.26666666666666666,0.1
1744814601.7183862,64.0,49.0,177.0,,4.049700981985394,-0.7081695941948283,-0.15828807885994212,-0.4666666666666667,-0.8666666666666667,-1.0666666666666667
1744814601.9073944,78.0,63.0,167.0,,6.779774002287889,0.1123720368013661,-1.1674055476763918,-0.5333333333333333,-0.5666666666666667,-0.7
1744814602.0911732,86.0,154.0,77.0,,3.104420950000849,-0.24510333304887588,-0.98723873561096,0.43333333333333335,0.0,-0.5666666666666667
1744814602.2743194,83.0,-119.0,352.0,,-8.609019327037474,0.24512225239863028,-1.3763720333157465,0.0,-0.4,-0.7
1744814602.4604926,73.0,-135.0,5.0,,-6.103717523440032,-0.44834965599737764,-5.767436737774583,-1.4333333333333333,-0.6666666666666666,-0.6666666666666666
1744814602.6373644,67.0,-132.0,7.0,,-5.457250737933237,0.2558473876315599,-6.682825557394185,-0.6,-0.8333333333333334,-0.16666666666666666
1744814602.819699,48.0,-134.0,9.0,,-3.693723441322167,-0.9952507379332376,-10.969927080034822,-1.3333333333333333,0.0,-0.0
1744814602.9993072,43.0,-140.0,22.0,,-3.1977464510249525,1.7025960877868904,-9.185174929163004,-0.23333333333333334,-0.5333333333333333,-0.0
1744814603.1746786,34.0,-139.0,22.0,,-2.5539390743968764,2.2603176169519728,-11.182750070434015,-0.6,-0.5333333333333333,-0.6666666666666666
1744814603.3501058,13.0,-136.0,24.0,,-0.7455986142027626,1.9402301568866847,-14.08984238289181,0.4,-1.3333333333333333,-0.26666666666666666
1744814603.5264466,12.0,-132.0,25.0,,-1.9372507379332378,1.6463863130777807,-12.466296172472845,-0.7,-0.06666666666666667,0.26666666666666666
1744814603.705896,2.0,-135.0,31.0,,-0.9457175234400328,2.5296359373484654,-14.647728431538155,-1.1,-0.13333333333333333,-0.3333333333333333
1744814603.8849354,-6.0,-132.0,31.0,,0.23974926206676272,2.4954242246556806,-12.625502855837677,-0.23333333333333334,-0.9666666666666667,-0.43333333333333335
1744814604.067298,-14.0,-123.0,30.0,,0.26464172845539125,2.000253795832741,-11.02704311740413,0.0,-0.7,-0.23333333333333334
1744814604.304965,-15.0,-120.0,28.0,,1.3392907888746564,2.1570148324557286,-5.546500020469505,-0.4,-0.16666666666666666,0.3333333333333333
1744814604.5339725,-12.0,-122.0,32.0,,1.0746481767054608,2.7246136869222193,-6.879852907571239,0.5333333333333333,0.13333333333333333,0.16666666666666666
1744814604.745331,-6.0,-123.0,25.0,,2.146641728455391,3.2804242246556807,-8.109324637221938,1.1666666666666667,-0.36666666666666664,-0.0
1744814604.959808,-3.0,-126.0,17.0,,-1.0434567148182348,2.503415730743279,-10.210299350166427,0.8333333333333334,0.13333333333333333,-0.4
1744814605.173591,-2.0,-129.0,7.0,,1.6621981181071135,2.6263640626515343,-10.910321505953739,0.8666666666666667,0.26666666666666666,-0.03333333333333333
1744814605.3821356,5.0,-128.0,360.0,,0.6826145071180569,1.2330021636454735,-6.703618341738455,0.4,-0.3333333333333333,-0.06666666666666667
1744814605.5906768,6.0,-127.0,358.0,,0.7743856464360581,1.7685757753443194,-9.43807176979986,-0.13333333333333333,0.16666666666666666,-0.0
1744814605.7936022,9.0,-126.0,357.0,,1.0155432851817654,0.8673778979553353,-7.744903437126744,0.03333333333333333,-0.03333333333333333,-0.0
1744814605.9934745,11.0,-123.0,355.0,,-0.3043582715446096,0.9411637553560956,-9.706134230428033,0.23333333333333334,0.1,-0.2
1744814606.182164,12.0,-123.0,351.0,,0.4996417284553907,-0.14761368692221932,-7.374807031176637,0.3,-0.13333333333333333,0.06666666666666667
1744814606.3732624,13.0,-121.0,352.0,,-0.07381121988772144,0.4402301568866842,-7.385203249927185,-0.3333333333333333,-0.03333333333333333,0.2
1744814606.561335,13.0,-121.0,356.0,,0.08318878011227859,0.8912301568866843,-8.432986026863524,0.0,-0.03333333333333333,0.06666666666666667
1744814606.7465005,15.0,-120.0,355.0,,-0.1707092111253452,0.4119851675442714,-8.046995049919072,0.0,0.06666666666666667,-0.03333333333333333
1744814606.9299614,16.0,-119.0,353.0,,-0.17701932703747403,0.187997539435238,-8.75639839115934,0.26666666666666666,0.06666666666666667,-0.1
1744814607.115174,17.0,-118.0,349.0,,-0.08171588594607293,-0.20216642333004797,-8.596162272831652,0.16666666666666666,0.1,-0.1
1744814607.293484,16.0,-116.0,347.0,,-0.46316959419482906,0.040997539435238206,-8.420750002412944,0.0,0.1,-0.0
1744814607.4691653,16.0,-116.0,347.0,,-0.1981695941948285,0.11899753943523805,-8.964889778724539,0.0,0.0,-0.13333333333333333
1744814607.6453767,15.0,-116.0,347.0,,-0.26716959419482755,-0.02001483245572855,-8.142902456249576,-0.16666666666666666,-0.03333333333333333,-0.1
1744814607.8301358,14.0,-116.0,351.0,,0.10583040580517178,0.21474620416725942,-9.412285473038958,-0.43333333333333335,-0.13333333333333333,-0.0
1744814608.0169885,13.0,-115.0,356.0,,-0.13487939082953737,-0.03076984311331543,-9.806918579735338,-0.3333333333333333,-0.2,0.03333333333333333
1744814608.2025635,13.0,-114.0,358.0,,-0.12688093947391366,-0.9227698431133156,-7.957802236356432,-0.03333333333333333,-0.06666666666666667,0.03333333333333333
1744814608.3854327,12.0,-113.0,359.0,,-0.4211526123684397,-0.5006136869222193,-8.331892608494552,-0.1,-0.03333333333333333,-0.0
1744814608.5668814,11.0,-112.0,360.0,,-0.13367361330018568,-0.31383624464390447,-7.479657965806307,-0.03333333333333333,-0.06666666666666667,-0.03333333333333333
1744814608.748068,10.0,-111.0,360.0,,-0.21542398393754958,0.0905113770874133,-7.886877704107915,0.03333333333333333,-0.03333333333333333,-0.03333333333333333
1744814608.9250412,10.0,-111.0,360.0,,-0.1274239839375486,-0.05648862291258672,-7.5962521996266075,0.0,0.0,-0.06666666666666667
1744814609.1076374,10.0,-111.0,359.0,,-0.19642398393754945,0.04151137708741337,-7.523279123105344,0.0,-0.03333333333333333,-0.03333333333333333
1744814609.2948747,10.0,-111.0,359.0,,-0.22542398393754937,-0.03748862291258681,-7.282234250105056,0.0,0.0,-0.0
1744814609.4728258,10.0,-111.0,359.0,,-0.18642398393754966,0.05051137708741327,-7.789736531708797,0.06666666666666667,0.0,-0.03333333333333333
1744814609.6483235,9.0,-113.0,356.0,,0.6478473876315611,-0.025622102044664974,-7.568569040937464,0.23333333333333334,-0.4,-0.36666666666666664
1744814609.8450801,9.0,-114.0,350.0,,0.030119060526086372,-0.9766221020446648,-6.0606946226598195,0.3333333333333333,-0.1,-0.23333333333333334
