timestamp,roll,pitch,yaw,touch_gesture,acc_x,acc_y,acc_z,gyro_x,gyro_y,gyro_z
1744898388.4125454,0.0,-94.0,283.0,,0.0878966669511243,-0.059,-1.7924405645125572,0.03333333333333333,0.0,-0.03333333333333333
1744898388.4326942,0.0,-94.0,283.0,,0.0878966669511243,-0.059,-1.7924405645125572,0.03333333333333333,0.0,-0.03333333333333333
1744898388.452902,0.0,-94.0,283.0,,0.07789666695112452,-0.049,-1.7933417012838873,0.03333333333333333,0.0,-0.03333333333333333
1744898388.4730783,0.0,-94.0,283.0,,0.0878966669511243,-0.039,-1.7726358071160546,0.03333333333333333,0.0,-0.03333333333333333
1744898388.4932778,0.0,-94.0,283.0,,0.0878966669511243,-0.039,-1.7726358071160546,0.03333333333333333,0.0,-0.03333333333333333
1744898388.5134313,0.0,-94.0,283.0,,0.07789666695112452,-0.039,-1.7933457031409143,0.03333333333333333,0.0,-0.03333333333333333
1744898388.5337512,0.0,-94.0,283.0,,0.0878966669511243,-0.039,-1.7924494508366928,0.03333333333333333,0.0,-0.03333333333333333
1744898388.5539372,0.0,-94.0,283.0,,0.0878966669511243,-0.039,-1.7924494508366928,0.03333333333333333,0.0,-0.03333333333333333
1744898388.57427,0.0,-94.0,283.0,,0.07789666695112452,-0.039,-1.8131663455555422,0.03333333333333333,0.0,-0.03333333333333333
1744898388.5944362,0.0,-94.0,283.0,,0.0878966669511243,-0.049,-1.77263186050799,0.03333333333333333,0.0,-0.03333333333333333
1744898388.6146905,0.0,-94.0,283.0,,0.0878966669511243,-0.049,-1.77263186050799,0.03333333333333333,0.0,-0.03333333333333333
1744898388.6350818,0.0,-94.0,283.0,,0.0878966669511243,-0.049,-1.7924454610256362,0.03333333333333333,0.0,-0.03333333333333333
1744898388.6552775,0.0,-94.0,283.0,,0.07789666695112452,-0.049,-1.8131623004034687,0.03333333333333333,0.0,-0.03333333333333333
1744898388.6767745,0.0,-94.0,283.0,,0.07789666695112452,-0.049,-1.8131623004034687,0.03333333333333333,0.0,-0.03333333333333333
1744898388.696936,0.0,-94.0,283.0,,0.07789666695112452,-0.029,-1.813169471392142,0.03333333333333333,0.0,-0.03333333333333333
1744898388.7171147,0.0,-94.0,283.0,,0.07789666695112452,-0.039,-1.7933457031409143,0.03333333333333333,0.0,-0.03333333333333333
1744898388.7376754,0.0,-94.0,283.0,,0.07789666695112452,-0.039,-1.7933457031409143,0.03333333333333333,0.0,-0.03333333333333333
1744898388.7593048,0.0,-94.0,283.0,,0.07789666695112452,-0.049,-1.7933417012838873,0.03333333333333333,0.0,-0.03333333333333333
1744898388.7794802,0.0,-94.0,283.0,,0.07789666695112452,-0.049,-1.7933417012838873,0.03333333333333333,0.0,-0.03333333333333333
1744898388.799924,0.0,-94.0,283.0,,0.07789666695112452,-0.049,-1.7933417012838873,0.03333333333333333,0.0,-0.03333333333333333
1744898388.8200996,0.0,-94.0,283.0,,0.07789666695112452,-0.049,-1.7735183962234,0.03333333333333333,0.0,-0.03333333333333333
1744898388.8432944,0.0,-94.0,283.0,,0.07789666695112452,-0.049,-1.7933417012838873,0.03333333333333333,0.0,-0.03333333333333333
1744898388.8634393,0.0,-94.0,283.0,,0.07789666695112452,-0.049,-1.7933417012838873,0.03333333333333333,0.0,-0.03333333333333333
1744898388.8836162,0.0,-94.0,283.0,,0.07789666695112452,-0.049,-1.7735183962234,0.03333333333333333,0.0,-0.03333333333333333
1744898388.9037778,0.0,-94.0,283.0,,0.0878966669511243,-0.039,-1.7726358071160546,0.03333333333333333,0.0,-0.03333333333333333
1744898388.923996,0.0,-94.0,283.0,,0.07789666695112452,-0.049,-1.7933417012838873,0.03333333333333333,0.0,-0.03333333333333333
1744898388.94526,0.0,-94.0,283.0,,0.07789666695112452,-0.049,-1.7933417012838873,0.03333333333333333,0.0,-0.03333333333333333
1744898388.9655294,0.0,-94.0,283.0,,0.07789666695112452,-0.049,-1.7933417012838873,0.03333333333333333,0.0,-0.03333333333333333
1744898388.9856973,0.0,-94.0,283.0,,0.07789666695112452,-0.049,-1.7735183962234,0.03333333333333333,0.0,-0.03333333333333333
1744898389.005873,0.0,-94.0,283.0,,0.07789666695112452,-0.039,-1.7735223547491743,0.03333333333333333,0.0,-0.03333333333333333
1744898389.0260508,0.0,-94.0,283.0,,0.07789666695112452,-0.049,-1.7933417012838873,0.03333333333333333,0.0,-0.03333333333333333
1744898389.0462425,0.0,-94.0,283.0,,0.07789666695112452,-0.059,-1.7933367899874875,0.03333333333333333,0.0,-0.03333333333333333
1744898389.0664315,0.0,-94.0,283.0,,0.0878966669511243,-0.039,-1.8122603966803073,0.03333333333333333,0.0,-0.03333333333333333
1744898389.0866807,0.0,-94.0,283.0,,0.07789666695112452,-0.039,-1.7735223547491743,0.03333333333333333,0.0,-0.03333333333333333
1744898389.1069381,0.0,-94.0,283.0,,0.07789666695112452,-0.049,-1.7933417012838873,0.03333333333333333,0.0,-0.03333333333333333
1744898389.1271222,0.0,-94.0,283.0,,0.0878966669511243,-0.049,-1.7924454610256362,0.03333333333333333,0.0,-0.03333333333333333
1744898389.1492822,0.0,-94.0,283.0,,0.0878966669511243,-0.039,-1.7924494508366928,0.03333333333333333,0.0,-0.03333333333333333
1744898389.169445,0.0,-94.0,283.0,,0.0878966669511243,-0.039,-1.7924494508366928,0.03333333333333333,0.0,-0.03333333333333333
1744898389.189632,0.0,-94.0,283.0,,0.07789666695112452,-0.039,-1.7933457031409143,0.03333333333333333,0.0,-0.03333333333333333
1744898389.2122843,0.0,-94.0,283.0,,0.0878966669511243,-0.049,-1.7924454610256362,0.03333333333333333,0.0,-0.03333333333333333
1744898389.2325113,0.0,-94.0,283.0,,0.0878966669511243,-0.049,-1.7924454610256362,0.03333333333333333,0.0,-0.03333333333333333
1744898389.2526672,0.0,-94.0,283.0,,0.06889666695112417,-0.049,-1.8139791953628388,0.03333333333333333,0.0,-0.03333333333333333
1744898389.2734466,0.0,-94.0,283.0,,0.06889666695112417,-0.049,-1.8139791953628388,0.03333333333333333,0.0,-0.03333333333333333
1744898389.2935889,0.0,-94.0,283.0,,0.07789666695112452,-0.059,-1.7735135381054814,0.03333333333333333,0.0,-0.03333333333333333
1744898389.313772,0.0,-94.0,283.0,,0.0878966669511243,-0.049,-1.77263186050799,0.03333333333333333,0.0,-0.03333333333333333
1744898389.3339314,0.0,-94.0,283.0,,0.0878966669511243,-0.049,-1.77263186050799,0.03333333333333333,0.0,-0.03333333333333333
1744898389.3543384,0.0,-94.0,283.0,,0.0878966669511243,-0.049,-1.7924454610256362,0.03333333333333333,0.0,-0.03333333333333333
1744898389.374521,0.0,-94.0,283.0,,0.07789666695112452,-0.039,-1.7735223547491743,0.03333333333333333,0.0,-0.03333333333333333
1744898389.3947268,0.0,-94.0,283.0,,0.07789666695112452,-0.039,-1.7735223547491743,0.03333333333333333,0.0,-0.03333333333333333
1744898389.4151468,0.0,-94.0,283.0,,0.07789666695112452,-0.049,-1.7933417012838873,0.03333333333333333,0.0,-0.03333333333333333
1744898389.436436,0.0,-94.0,283.0,,0.07789666695112452,-0.049,-1.7933417012838873,0.03333333333333333,0.0,-0.03333333333333333
1744898389.4566202,0.0,-94.0,283.0,,0.07789666695112452,-0.049,-1.7933417012838873,0.03333333333333333,0.0,-0.03333333333333333
1744898389.4767857,0.0,-94.0,283.0,,0.07789666695112452,-0.039,-1.8131663455555422,0.03333333333333333,0.0,-0.03333333333333333
1744898389.4969435,0.0,-94.0,283.0,,0.0878966669511243,-0.049,-1.7924454610256362,0.03333333333333333,0.0,-0.03333333333333333
1744898389.517295,0.0,-94.0,283.0,,0.0878966669511243,-0.049,-1.7924454610256362,0.03333333333333333,0.0,-0.03333333333333333
1744898389.538695,0.0,-94.0,283.0,,0.0878966669511243,-0.049,-1.7924454610256362,0.03333333333333333,0.0,-0.03333333333333333
1744898389.558865,0.0,-94.0,283.0,,0.07789666695112452,-0.039,-1.8131663455555422,0.03333333333333333,0.0,-0.03333333333333333
1744898389.5792587,0.0,-94.0,283.0,,0.07789666695112452,-0.039,-1.8131663455555422,0.03333333333333333,0.0,-0.03333333333333333
1744898389.5994024,0.0,-94.0,283.0,,0.0878966669511243,-0.049,-1.77263186050799,0.03333333333333333,0.0,-0.03333333333333333
1744898389.619568,0.0,-94.0,283.0,,0.07789666695112452,-0.049,-1.7933417012838873,0.03333333333333333,0.0,-0.03333333333333333
1744898389.6415062,0.0,-94.0,283.0,,0.07789666695112452,-0.049,-1.8131623004034687,0.03333333333333333,0.0,-0.03333333333333333
1744898389.6617625,0.0,-94.0,283.0,,0.07789666695112452,-0.039,-1.7735223547491743,0.03333333333333333,0.0,-0.03333333333333333
1744898389.6819565,0.0,-94.0,283.0,,0.0878966669511243,-0.039,-1.7924494508366928,0.03333333333333333,0.0,-0.03333333333333333
1744898389.7021358,0.0,-94.0,283.0,,0.0878966669511243,-0.059,-1.7924405645125572,0.03333333333333333,0.0,-0.03333333333333333
1744898389.7222543,0.0,-94.0,283.0,,0.0878966669511243,-0.039,-1.8122603966803073,0.03333333333333333,0.0,-0.03333333333333333
1744898389.7424138,0.0,-94.0,283.0,,0.0878966669511243,-0.049,-1.77263186050799,0.03333333333333333,0.0,-0.03333333333333333
1744898389.7625597,0.0,-94.0,283.0,,0.07789666695112452,-0.049,-1.7933417012838873,0.03333333333333333,0.0,-0.03333333333333333
1744898389.7827585,0.0,-94.0,283.0,,0.0878966669511243,-0.049,-1.77263186050799,0.03333333333333333,0.0,-0.03333333333333333
1744898389.803416,0.0,-94.0,283.0,,0.07789666695112452,-0.049,-1.8131623004034687,0.03333333333333333,0.0,-0.03333333333333333
1744898389.8236477,0.0,-94.0,283.0,,0.07789666695112452,-0.039,-1.7933457031409143,0.03333333333333333,0.0,-0.03333333333333333
1744898389.8438323,0.0,-94.0,283.0,,0.0878966669511243,-0.029,-1.7924525339092003,0.03333333333333333,0.0,-0.03333333333333333
1744898389.8640127,0.0,-94.0,283.0,,0.07789666695112452,-0.049,-1.7933417012838873,0.03333333333333333,0.0,-0.03333333333333333
1744898389.8842504,0.0,-94.0,283.0,,0.07789666695112452,-0.049,-1.7933417012838873,0.03333333333333333,0.0,-0.03333333333333333
1744898389.904572,0.0,-94.0,283.0,,0.0878966669511243,-0.039,-1.8122603966803073,0.03333333333333333,0.0,-0.03333333333333333
1744898389.9247522,0.0,-94.0,283.0,,0.0878966669511243,-0.049,-1.7924454610256362,0.03333333333333333,0.0,-0.03333333333333333
1744898389.9449964,0.0,-94.0,283.0,,0.0878966669511243,-0.039,-1.7924494508366928,0.03333333333333333,0.0,-0.03333333333333333
1744898389.965155,0.0,-94.0,283.0,,0.07789666695112452,-0.049,-1.7933417012838873,0.03333333333333333,0.0,-0.03333333333333333
1744898389.9852955,0.0,-94.0,283.0,,0.07789666695112452,-0.049,-1.7735183962234,0.03333333333333333,0.0,-0.03333333333333333
1744898390.0055661,0.0,-94.0,283.0,,0.0878966669511243,-0.039,-1.7726358071160546,0.03333333333333333,0.0,-0.03333333333333333
1744898390.025744,0.0,-94.0,283.0,,0.0878966669511243,-0.039,-1.7924494508366928,0.03333333333333333,0.0,-0.03333333333333333
1744898390.0459256,0.0,-94.0,283.0,,0.07789666695112452,-0.059,-1.7735135381054814,0.03333333333333333,0.0,-0.03333333333333333
1744898390.066118,0.0,-94.0,283.0,,0.07789666695112452,-0.039,-1.7933457031409143,0.03333333333333333,0.0,-0.03333333333333333
1744898390.0863008,0.0,-94.0,283.0,,0.07789666695112452,-0.039,-1.7933457031409143,0.03333333333333333,0.0,-0.03333333333333333
1744898390.108406,0.0,-94.0,283.0,,0.0878966669511243,-0.049,-1.7924454610256362,0.03333333333333333,0.0,-0.03333333333333333
1744898390.1285648,0.0,-94.0,283.0,,0.0878966669511243,-0.049,-1.77263186050799,0.03333333333333333,0.0,-0.03333333333333333
1744898390.1497605,0.0,-94.0,283.0,,0.07789666695112452,-0.039,-1.7933457031409143,0.03333333333333333,0.0,-0.03333333333333333
1744898390.1702995,0.0,-94.0,283.0,,0.0878966669511243,-0.049,-1.77263186050799,0.03333333333333333,0.0,-0.03333333333333333
1744898390.1904418,0.0,-94.0,283.0,,0.0878966669511243,-0.049,-1.77263186050799,0.03333333333333333,0.0,-0.03333333333333333
1744898390.210589,0.0,-94.0,283.0,,0.07789666695112452,-0.049,-1.7933417012838873,0.03333333333333333,0.0,-0.03333333333333333
1744898390.2309945,0.0,-94.0,283.0,,0.07789666695112452,-0.049,-1.7933417012838873,0.03333333333333333,0.0,-0.03333333333333333
1744898390.2511375,0.0,-94.0,283.0,,0.07789666695112452,-0.049,-1.7933417012838873,0.03333333333333333,0.0,-0.03333333333333333
1744898390.2712593,0.0,-94.0,283.0,,0.07789666695112452,-0.039,-1.7933457031409143,0.03333333333333333,0.0,-0.03333333333333333
1744898390.2915533,0.0,-94.0,283.0,,0.07789666695112452,-0.039,-1.7933457031409143,0.03333333333333333,0.0,-0.03333333333333333
1744898390.311796,0.0,-94.0,283.0,,0.07789666695112452,-0.039,-1.7735223547491743,0.03333333333333333,0.0,-0.03333333333333333
1744898390.3319793,0.0,-94.0,283.0,,0.07789666695112452,-0.049,-1.7933417012838873,0.03333333333333333,0.0,-0.03333333333333333
1744898390.3522627,0.0,-94.0,283.0,,0.07789666695112452,-0.049,-1.7933417012838873,0.03333333333333333,0.0,-0.03333333333333333
1744898390.3725877,0.0,-94.0,283.0,,0.07789666695112452,-0.039,-1.7933457031409143,0.03333333333333333,0.0,-0.03333333333333333
1744898390.3927767,0.0,-94.0,283.0,,0.07789666695112452,-0.049,-1.7933417012838873,0.03333333333333333,0.0,-0.03333333333333333
1744898390.4130015,0.0,-94.0,283.0,,0.07789666695112452,-0.049,-1.7933417012838873,0.03333333333333333,0.0,-0.03333333333333333
1744898390.4336824,0.0,-94.0,283.0,,0.07789666695112452,-0.049,-1.7933417012838873,0.03333333333333333,0.0,-0.03333333333333333
1744898390.4539719,0.0,-94.0,283.0,,0.0878966669511243,-0.049,-1.77263186050799,0.03333333333333333,0.0,-0.03333333333333333
1744898390.4743164,0.0,-94.0,283.0,,0.0878966669511243,-0.049,-1.77263186050799,0.03333333333333333,0.0,-0.03333333333333333
1744898390.4944773,0.0,-94.0,283.0,,0.07789666695112452,-0.049,-1.7735183962234,0.03333333333333333,0.0,-0.03333333333333333
1744898390.5146434,0.0,-94.0,283.0,,0.07789666695112452,-0.039,-1.7933457031409143,0.03333333333333333,0.0,-0.03333333333333333
1744898390.5348003,0.0,-94.0,283.0,,0.07789666695112452,-0.039,-1.7933457031409143,0.03333333333333333,0.0,-0.03333333333333333
1744898390.5549667,0.0,-94.0,283.0,,0.07789666695112452,-0.049,-1.7933417012838873,0.03333333333333333,0.0,-0.03333333333333333
1744898390.5752046,0.0,-94.0,283.0,,0.07789666695112452,-0.049,-1.7933417012838873,0.03333333333333333,0.0,-0.03333333333333333
1744898390.595389,0.0,-94.0,283.0,,0.07789666695112452,-0.049,-1.7933417012838873,0.03333333333333333,0.0,-0.03333333333333333
1744898390.6155558,0.0,-94.0,283.0,,0.0878966669511243,-0.039,-1.7924494508366928,0.03333333333333333,0.0,-0.03333333333333333
1744898390.6357238,0.0,-94.0,283.0,,0.07789666695112452,-0.049,-1.7933417012838873,0.03333333333333333,0.0,-0.03333333333333333
1744898390.6558619,0.0,-94.0,283.0,,0.07789666695112452,-0.049,-1.7933417012838873,0.03333333333333333,0.0,-0.03333333333333333
1744898390.6760018,0.0,-94.0,283.0,,0.07789666695112452,-0.049,-1.7933417012838873,0.03333333333333333,0.0,-0.03333333333333333
1744898390.696166,0.0,-94.0,283.0,,0.0878966669511243,-0.049,-1.7924454610256362,0.03333333333333333,0.0,-0.03333333333333333
1744898390.7163496,0.0,-94.0,283.0,,0.0878966669511243,-0.049,-1.7924454610256362,0.03333333333333333,0.0,-0.03333333333333333
1744898390.7365007,0.0,-94.0,283.0,,0.0878966669511243,-0.049,-1.77263186050799,0.03333333333333333,0.0,-0.03333333333333333
1744898390.7566795,0.0,-94.0,283.0,,0.07789666695112452,-0.039,-1.7933457031409143,0.03333333333333333,0.0,-0.03333333333333333
1744898390.776855,0.0,-94.0,283.0,,0.07789666695112452,-0.039,-1.7933457031409143,0.03333333333333333,0.0,-0.03333333333333333
1744898390.7972815,0.0,-94.0,283.0,,0.0878966669511243,-0.039,-1.8122603966803073,0.03333333333333333,0.0,-0.03333333333333333
1744898390.817447,0.0,-94.0,283.0,,0.0878966669511243,-0.049,-1.7924454610256362,0.03333333333333333,0.0,-0.03333333333333333
1744898390.8382888,0.0,-94.0,283.0,,0.0878966669511243,-0.049,-1.7924454610256362,0.03333333333333333,0.0,-0.03333333333333333
1744898390.8584285,0.0,-94.0,283.0,,0.0878966669511243,-0.059,-1.7726270170159832,0.03333333333333333,0.0,-0.03333333333333333
1744898390.878602,0.0,-94.0,283.0,,0.07789666695112452,-0.049,-1.7933417012838873,0.03333333333333333,0.0,-0.03333333333333333
1744898390.898832,0.0,-94.0,283.0,,0.07789666695112452,-0.049,-1.7933417012838873,0.03333333333333333,0.0,-0.03333333333333333
1744898390.9191358,0.0,-94.0,283.0,,0.07789666695112452,-0.029,-1.7735254136464826,0.03333333333333333,0.0,-0.03333333333333333
1744898390.9394588,0.0,-94.0,283.0,,0.0878966669511243,-0.049,-1.7924454610256362,0.03333333333333333,0.0,-0.03333333333333333
1744898390.959624,0.0,-94.0,283.0,,0.07789666695112452,-0.049,-1.7933417012838873,0.03333333333333333,0.0,-0.03333333333333333
1744898390.979989,0.0,-94.0,283.0,,0.0878966669511243,-0.049,-1.7924454610256362,0.03333333333333333,0.0,-0.03333333333333333
1744898391.000714,0.0,-94.0,283.0,,0.0878966669511243,-0.029,-1.7924525339092003,0.03333333333333333,0.0,-0.03333333333333333
1744898391.0212126,0.0,-94.0,283.0,,0.0878966669511243,-0.049,-1.7924454610256362,0.03333333333333333,0.0,-0.03333333333333333
1744898391.0428371,0.0,-94.0,283.0,,0.07789666695112452,-0.059,-1.8131573359730189,0.03333333333333333,0.0,-0.03333333333333333
1744898391.0630403,0.0,-94.0,283.0,,0.07789666695112452,-0.049,-1.7933417012838873,0.03333333333333333,0.0,-0.03333333333333333
1744898391.0836205,0.0,-94.0,283.0,,0.0878966669511243,-0.039,-1.7924494508366928,0.03333333333333333,0.0,-0.03333333333333333
1744898391.1040742,0.0,-94.0,283.0,,0.0878966669511243,-0.049,-1.7924454610256362,0.03333333333333333,0.0,-0.03333333333333333
1744898391.124448,0.0,-94.0,283.0,,0.07789666695112452,-0.039,-1.8131663455555422,0.03333333333333333,0.0,-0.03333333333333333
1744898391.145817,0.0,-94.0,283.0,,0.07789666695112452,-0.049,-1.7933417012838873,0.03333333333333333,0.0,-0.03333333333333333
1744898391.1661599,0.0,-94.0,283.0,,0.07789666695112452,-0.039,-1.7933457031409143,0.03333333333333333,0.0,-0.03333333333333333
1744898391.1863952,0.0,-94.0,283.0,,0.0878966669511243,-0.049,-1.77263186050799,0.03333333333333333,0.0,-0.03333333333333333
1744898391.2065792,0.0,-94.0,283.0,,0.07789666695112452,-0.049,-1.7933417012838873,0.03333333333333333,0.0,-0.03333333333333333
1744898391.227026,0.0,-94.0,283.0,,0.0878966669511243,-0.049,-1.7924454610256362,0.03333333333333333,0.0,-0.03333333333333333
1744898391.247353,0.0,-94.0,283.0,,0.0878966669511243,-0.049,-1.7924454610256362,0.03333333333333333,0.0,-0.03333333333333333
1744898391.2679486,0.0,-94.0,283.0,,0.0878966669511243,-0.049,-1.7924454610256362,0.03333333333333333,0.0,-0.03333333333333333
1744898391.2888784,0.0,-94.0,283.0,,0.0878966669511243,-0.049,-1.7924454610256362,0.03333333333333333,0.0,-0.03333333333333333
1744898391.3092787,0.0,-94.0,283.0,,0.07789666695112452,-0.039,-1.7933457031409143,0.03333333333333333,0.0,-0.03333333333333333
1744898391.329906,0.0,-94.0,283.0,,0.07789666695112452,-0.039,-1.7933457031409143,0.03333333333333333,0.0,-0.03333333333333333
1744898391.3501244,0.0,-94.0,283.0,,0.0878966669511243,-0.049,-1.7924454610256362,0.03333333333333333,0.0,-0.03333333333333333
1744898391.3702712,0.0,-94.0,283.0,,0.0878966669511243,-0.049,-1.7924454610256362,0.03333333333333333,0.0,-0.03333333333333333
1744898391.3904455,0.0,-94.0,283.0,,0.07789666695112452,-0.039,-1.7735223547491743,0.03333333333333333,0.0,-0.03333333333333333
1744898391.410583,0.0,-94.0,283.0,,0.07789666695112452,-0.049,-1.7933417012838873,0.03333333333333333,0.0,-0.03333333333333333
1744898391.4307988,0.0,-94.0,283.0,,0.07789666695112452,-0.049,-1.7933417012838873,0.03333333333333333,0.0,-0.03333333333333333
1744898391.4509845,0.0,-94.0,283.0,,0.0878966669511243,-0.039,-1.8122603966803073,0.03333333333333333,0.0,-0.03333333333333333
1744898391.4715922,0.0,-94.0,283.0,,0.07789666695112452,-0.039,-1.7933457031409143,0.03333333333333333,0.0,-0.03333333333333333
1744898391.4920037,0.0,-94.0,283.0,,0.07789666695112452,-0.039,-1.7933457031409143,0.03333333333333333,0.0,-0.03333333333333333
1744898391.5122576,0.0,-94.0,283.0,,0.07789666695112452,-0.039,-1.7933457031409143,0.03333333333333333,0.0,-0.03333333333333333
1744898391.532555,0.0,-94.0,283.0,,0.0878966669511243,-0.039,-1.7924494508366928,0.03333333333333333,0.0,-0.03333333333333333
1744898391.5529802,0.0,-94.0,283.0,,0.0878966669511243,-0.039,-1.7924494508366928,0.03333333333333333,0.0,-0.03333333333333333
1744898391.5736804,0.0,-94.0,283.0,,0.07789666695112452,-0.049,-1.7933417012838873,0.03333333333333333,0.0,-0.03333333333333333
1744898391.5938566,0.0,-94.0,283.0,,0.07789666695112452,-0.059,-1.7933367899874875,0.03333333333333333,0.0,-0.03333333333333333
1744898391.614046,0.0,-94.0,283.0,,0.07789666695112452,-0.059,-1.7933367899874875,0.03333333333333333,0.0,-0.03333333333333333
1744898391.6341865,0.0,-94.0,283.0,,0.0878966669511243,-0.049,-1.77263186050799,0.03333333333333333,0.0,-0.03333333333333333
1744898391.654625,0.0,-94.0,283.0,,0.07789666695112452,-0.039,-1.7933457031409143,0.03333333333333333,0.0,-0.03333333333333333
1744898391.6747892,0.0,-94.0,283.0,,0.07789666695112452,-0.039,-1.7933457031409143,0.03333333333333333,0.0,-0.03333333333333333
1744898391.6949787,0.0,-94.0,283.0,,0.07789666695112452,-0.049,-1.7735183962234,0.03333333333333333,0.0,-0.03333333333333333
1744898391.7182813,0.0,-94.0,283.0,,0.07789666695112452,-0.049,-1.7735183962234,0.03333333333333333,0.0,-0.03333333333333333
1744898391.7384405,0.0,-94.0,283.0,,0.07789666695112452,-0.049,-1.7735183962234,0.03333333333333333,0.0,-0.03333333333333333
1744898391.758612,0.0,-94.0,283.0,,0.0878966669511243,-0.049,-1.7924454610256362,0.03333333333333333,0.0,-0.03333333333333333
1744898391.7822104,0.0,-94.0,283.0,,0.0878966669511243,-0.049,-1.7924454610256362,0.03333333333333333,0.0,-0.03333333333333333
1744898391.8024218,0.0,-94.0,283.0,,0.0878966669511243,-0.049,-1.7924454610256362,0.03333333333333333,0.0,-0.03333333333333333
1744898391.8225918,0.0,-94.0,283.0,,0.0878966669511243,-0.059,-1.7924405645125572,0.03333333333333333,0.0,-0.03333333333333333
1744898391.8428874,0.0,-94.0,283.0,,0.07789666695112452,-0.049,-1.7933417012838873,0.03333333333333333,0.0,-0.03333333333333333
1744898391.8630607,0.0,-94.0,283.0,,0.07789666695112452,-0.039,-1.7933457031409143,0.03333333333333333,0.0,-0.03333333333333333
1744898391.8832781,0.0,-94.0,283.0,,0.09789666695112409,-0.039,-1.7915549895912122,0.03333333333333333,0.0,-0.03333333333333333
1744898391.9034536,0.0,-94.0,283.0,,0.07789666695112452,-0.049,-1.8131623004034687,0.03333333333333333,0.0,-0.03333333333333333
1744898391.9237318,0.0,-94.0,283.0,,0.07789666695112452,-0.049,-1.7933417012838873,0.03333333333333333,0.0,-0.03333333333333333
1744898391.9439092,0.0,-94.0,283.0,,0.07789666695112452,-0.049,-1.7933417012838873,0.03333333333333333,0.0,-0.03333333333333333
1744898391.9640775,0.0,-94.0,283.0,,0.07789666695112452,-0.049,-1.7735183962234,0.03333333333333333,0.0,-0.03333333333333333
1744898391.984249,0.0,-94.0,283.0,,0.07789666695112452,-0.039,-1.7933457031409143,0.03333333333333333,0.0,-0.03333333333333333
1744898392.0044718,0.0,-94.0,283.0,,0.0878966669511243,-0.039,-1.8122603966803073,0.03333333333333333,0.0,-0.03333333333333333
1744898392.0246334,0.0,-94.0,283.0,,0.07789666695112452,-0.049,-1.7735183962234,0.03333333333333333,0.0,-0.03333333333333333
1744898392.0447762,0.0,-94.0,283.0,,0.07789666695112452,-0.039,-1.7933457031409143,0.03333333333333333,0.0,-0.03333333333333333
1744898392.0649784,0.0,-94.0,283.0,,0.07789666695112452,-0.049,-1.7933417012838873,0.03333333333333333,0.0,-0.03333333333333333
1744898392.08516,0.0,-94.0,283.0,,0.07789666695112452,-0.039,-1.7933457031409143,0.03333333333333333,0.0,-0.03333333333333333
1744898392.105377,0.0,-94.0,283.0,,0.0878966669511243,-0.039,-1.7924494508366928,0.03333333333333333,0.0,-0.03333333333333333
1744898392.1255536,0.0,-94.0,283.0,,0.07789666695112452,-0.039,-1.7933457031409143,0.03333333333333333,0.0,-0.03333333333333333
1744898392.145818,0.0,-94.0,283.0,,0.0878966669511243,-0.049,-1.7924454610256362,0.03333333333333333,0.0,-0.03333333333333333
1744898392.1659892,0.0,-94.0,283.0,,0.07789666695112452,-0.049,-1.7933417012838873,0.03333333333333333,0.0,-0.03333333333333333
1744898392.1861806,0.0,-94.0,283.0,,0.07789666695112452,-0.049,-1.7933417012838873,0.03333333333333333,0.0,-0.03333333333333333
1744898392.2063837,0.0,-94.0,283.0,,0.07789666695112452,-0.039,-1.7933457031409143,0.03333333333333333,0.0,-0.03333333333333333
1744898392.2277536,0.0,-94.0,283.0,,0.07789666695112452,-0.049,-1.7933417012838873,0.03333333333333333,0.0,-0.03333333333333333
1744898392.2479596,0.0,-94.0,283.0,,0.0878966669511243,-0.049,-1.7924454610256362,0.03333333333333333,0.0,-0.03333333333333333
1744898392.2681546,0.0,-94.0,283.0,,0.0878966669511243,-0.039,-1.7924494508366928,0.03333333333333333,0.0,-0.03333333333333333
1744898392.2883637,0.0,-94.0,283.0,,0.07789666695112452,-0.039,-1.7933457031409143,0.03333333333333333,0.0,-0.03333333333333333
1744898392.308574,0.0,-94.0,283.0,,0.0878966669511243,-0.039,-1.8122603966803073,0.03333333333333333,0.0,-0.03333333333333333
1744898392.3288832,0.0,-94.0,283.0,,0.0878966669511243,-0.049,-1.7924454610256362,0.03333333333333333,0.0,-0.03333333333333333
1744898392.3490517,0.0,-94.0,283.0,,0.07789666695112452,-0.039,-1.7933457031409143,0.03333333333333333,0.0,-0.03333333333333333
1744898392.3695464,0.0,-94.0,283.0,,0.07789666695112452,-0.049,-1.8131623004034687,0.03333333333333333,0.0,-0.03333333333333333
1744898392.389787,0.0,-94.0,283.0,,0.07789666695112452,-0.049,-1.8131623004034687,0.03333333333333333,0.0,-0.03333333333333333
1744898392.4099615,0.0,-94.0,283.0,,0.0878966669511243,-0.049,-1.7924454610256362,0.03333333333333333,0.0,-0.03333333333333333
1744898392.4302676,0.0,-94.0,283.0,,0.07789666695112452,-0.039,-1.7933457031409143,0.03333333333333333,0.0,-0.03333333333333333
1744898392.4504259,0.0,-94.0,283.0,,0.07789666695112452,-0.039,-1.7933457031409143,0.03333333333333333,0.0,-0.03333333333333333
1744898392.4707284,0.0,-94.0,283.0,,0.07789666695112452,-0.049,-1.7735183962234,0.03333333333333333,0.0,-0.03333333333333333
1744898392.4910643,0.0,-94.0,283.0,,0.07789666695112452,-0.039,-1.7933457031409143,0.03333333333333333,0.0,-0.03333333333333333
1744898392.5112975,0.0,-94.0,283.0,,0.07789666695112452,-0.039,-1.7933457031409143,0.03333333333333333,0.0,-0.03333333333333333
1744898392.5314484,0.0,-94.0,283.0,,0.07789666695112452,-0.039,-1.8131663455555422,0.03333333333333333,0.0,-0.03333333333333333
1744898392.5516162,0.0,-94.0,283.0,,0.07789666695112452,-0.039,-1.7735223547491743,0.03333333333333333,0.0,-0.03333333333333333
1744898392.5718942,0.0,-94.0,283.0,,0.0878966669511243,-0.049,-1.77263186050799,0.03333333333333333,0.0,-0.03333333333333333
1744898392.5920832,0.0,-94.0,283.0,,0.07789666695112452,-0.049,-1.8131623004034687,0.03333333333333333,0.0,-0.03333333333333333
1744898392.6122637,0.0,-94.0,283.0,,0.07789666695112452,-0.039,-1.7933457031409143,0.03333333333333333,0.0,-0.03333333333333333
1744898392.6324122,0.0,-94.0,283.0,,0.07789666695112452,-0.039,-1.7933457031409143,0.03333333333333333,0.0,-0.03333333333333333
1744898392.6525824,0.0,-94.0,283.0,,0.07789666695112452,-0.039,-1.7933457031409143,0.03333333333333333,0.0,-0.03333333333333333
1744898392.672742,0.0,-94.0,283.0,,0.0878966669511243,-0.039,-1.8122603966803073,0.03333333333333333,0.0,-0.03333333333333333
1744898392.692954,0.0,-94.0,283.0,,0.0878966669511243,-0.039,-1.8122603966803073,0.03333333333333333,0.0,-0.03333333333333333
1744898392.7131453,0.0,-94.0,283.0,,0.07789666695112452,-0.049,-1.7933417012838873,0.03333333333333333,0.0,-0.03333333333333333
1744898392.7333775,0.0,-94.0,283.0,,0.0878966669511243,-0.049,-1.7924454610256362,0.03333333333333333,0.0,-0.03333333333333333
1744898392.753653,0.0,-94.0,283.0,,0.0878966669511243,-0.049,-1.7924454610256362,0.03333333333333333,0.0,-0.03333333333333333
1744898392.7739909,0.0,-94.0,283.0,,0.07789666695112452,-0.049,-1.7933417012838873,0.03333333333333333,0.0,-0.03333333333333333
1744898392.7941563,0.0,-94.0,283.0,,0.07789666695112452,-0.049,-1.7933417012838873,0.03333333333333333,0.0,-0.03333333333333333
1744898392.8143477,0.0,-94.0,283.0,,0.07789666695112452,-0.049,-1.7933417012838873,0.03333333333333333,0.0,-0.03333333333333333
1744898392.8344836,0.0,-94.0,283.0,,0.0878966669511243,-0.029,-1.7924525339092003,0.03333333333333333,0.0,-0.03333333333333333
1744898392.8548822,0.0,-94.0,283.0,,0.0878966669511243,-0.039,-1.7726358071160546,0.03333333333333333,0.0,-0.03333333333333333
1744898392.8754146,0.0,-94.0,283.0,,0.0878966669511243,-0.039,-1.7726358071160546,0.03333333333333333,0.0,-0.03333333333333333
1744898392.89635,0.0,-94.0,283.0,,0.0878966669511243,-0.059,-1.7924405645125572,0.03333333333333333,0.0,-0.03333333333333333
1744898392.9165006,0.0,-94.0,283.0,,0.07789666695112452,-0.049,-1.8131623004034687,0.03333333333333333,0.0,-0.03333333333333333
1744898392.9367354,0.0,-94.0,283.0,,0.07789666695112452,-0.049,-1.8131623004034687,0.03333333333333333,0.0,-0.03333333333333333
1744898392.9568965,0.0,-94.0,283.0,,0.07789666695112452,-0.039,-1.8131663455555422,0.03333333333333333,0.0,-0.03333333333333333
1744898392.9771667,0.0,-94.0,283.0,,0.0878966669511243,-0.049,-1.7924454610256362,0.03333333333333333,0.0,-0.03333333333333333
1744898392.9973526,0.0,-94.0,283.0,,0.0878966669511243,-0.049,-1.7924454610256362,0.03333333333333333,0.0,-0.03333333333333333
1744898393.0175092,0.0,-94.0,283.0,,0.07789666695112452,-0.049,-1.7735183962234,0.03333333333333333,0.0,-0.03333333333333333
1744898393.0376596,0.0,-94.0,283.0,,0.07789666695112452,-0.039,-1.8131663455555422,0.03333333333333333,0.0,-0.03333333333333333
1744898393.05794,0.0,-94.0,283.0,,0.07789666695112452,-0.039,-1.8131663455555422,0.03333333333333333,0.0,-0.03333333333333333
1744898393.078211,0.0,-94.0,283.0,,0.07789666695112452,-0.049,-1.8131623004034687,0.03333333333333333,0.0,-0.03333333333333333
1744898393.098352,0.0,-94.0,283.0,,0.0878966669511243,-0.049,-1.7924454610256362,0.03333333333333333,0.0,-0.03333333333333333
1744898393.1222491,0.0,-94.0,283.0,,0.0878966669511243,-0.049,-1.7924454610256362,0.03333333333333333,0.0,-0.03333333333333333
1744898393.1424499,0.0,-94.0,283.0,,0.0878966669511243,-0.049,-1.7924454610256362,0.03333333333333333,0.0,-0.03333333333333333
1744898393.1626348,0.0,-94.0,283.0,,0.0878966669511243,-0.039,-1.7924494508366928,0.03333333333333333,0.0,-0.03333333333333333
1744898393.1827781,0.0,-94.0,283.0,,0.07789666695112452,-0.039,-1.7933457031409143,0.03333333333333333,0.0,-0.03333333333333333
1744898393.2029648,0.0,-94.0,283.0,,0.0878966669511243,-0.039,-1.7924494508366928,0.03333333333333333,0.0,-0.03333333333333333
1744898393.223141,0.0,-94.0,283.0,,0.0878966669511243,-0.039,-1.7924494508366928,0.03333333333333333,0.0,-0.03333333333333333
1744898393.2432735,0.0,-94.0,283.0,,0.0878966669511243,-0.049,-1.8320645398517028,0.03333333333333333,0.0,-0.03333333333333333
1744898393.2634373,0.0,-94.0,283.0,,0.07789666695112452,-0.049,-1.7933417012838873,0.03333333333333333,0.0,-0.03333333333333333
1744898393.2836616,0.0,-94.0,283.0,,0.0878966669511243,-0.049,-1.7924454610256362,0.03333333333333333,0.0,-0.03333333333333333
1744898393.3038325,0.0,-94.0,283.0,,0.07789666695112452,-0.039,-1.7933457031409143,0.03333333333333333,0.0,-0.03333333333333333
1744898393.324004,0.0,-94.0,283.0,,0.07789666695112452,-0.049,-1.7933417012838873,0.03333333333333333,0.0,-0.03333333333333333
1744898393.344302,0.0,-94.0,283.0,,0.0878966669511243,-0.049,-1.7924454610256362,0.03333333333333333,0.0,-0.03333333333333333
1744898393.3644714,0.0,-94.0,283.0,,0.07789666695112452,-0.039,-1.8131663455555422,0.03333333333333333,0.0,-0.03333333333333333
1744898393.3846307,0.0,-94.0,283.0,,0.07789666695112452,-0.039,-1.7933457031409143,0.03333333333333333,0.0,-0.03333333333333333
1744898393.4048855,0.0,-94.0,283.0,,0.0878966669511243,-0.059,-1.7924405645125572,0.03333333333333333,0.0,-0.03333333333333333
1744898393.4255974,0.0,-94.0,283.0,,0.07789666695112452,-0.049,-1.7933417012838873,0.03333333333333333,0.0,-0.03333333333333333
1744898393.4457765,0.0,-94.0,283.0,,0.07789666695112452,-0.039,-1.7933457031409143,0.03333333333333333,0.0,-0.03333333333333333
1744898393.465946,0.0,-94.0,283.0,,0.0878966669511243,-0.049,-1.81225636370228,0.03333333333333333,0.0,-0.03333333333333333
1744898393.4873118,0.0,-94.0,283.0,,0.07789666695112452,-0.049,-1.7933417012838873,0.03333333333333333,0.0,-0.03333333333333333
1744898393.5074716,0.0,-94.0,283.0,,0.07789666695112452,-0.049,-1.7933417012838873,0.03333333333333333,0.0,-0.03333333333333333
1744898393.5276568,0.0,-94.0,283.0,,0.0878966669511243,-0.049,-1.7924454610256362,0.03333333333333333,0.0,-0.03333333333333333
1744898393.5480533,0.0,-94.0,283.0,,0.07789666695112452,-0.049,-1.7735183962234,0.03333333333333333,0.0,-0.03333333333333333
1744898393.5682452,0.0,-94.0,283.0,,0.0878966669511243,-0.039,-1.7924494508366928,0.03333333333333333,0.0,-0.03333333333333333
1744898393.588424,0.0,-94.0,283.0,,0.0878966669511243,-0.049,-1.7924454610256362,0.03333333333333333,0.0,-0.03333333333333333
1744898393.6085932,0.0,-94.0,283.0,,0.0878966669511243,-0.049,-1.7924454610256362,0.03333333333333333,0.0,-0.03333333333333333
1744898393.6287751,0.0,-94.0,283.0,,0.0878966669511243,-0.039,-1.7726358071160546,0.03333333333333333,0.0,-0.03333333333333333
1744898393.6490827,0.0,-94.0,283.0,,0.07789666695112452,-0.049,-1.7933417012838873,0.03333333333333333,0.0,-0.03333333333333333
1744898393.6692598,0.0,-94.0,283.0,,0.0878966669511243,-0.049,-1.7924454610256362,0.03333333333333333,0.0,-0.03333333333333333
1744898393.6895397,0.0,-94.0,283.0,,0.07789666695112452,-0.039,-1.7933457031409143,0.03333333333333333,0.0,-0.03333333333333333
1744898393.7097006,0.0,-94.0,283.0,,0.0878966669511243,-0.049,-1.7924454610256362,0.03333333333333333,0.0,-0.03333333333333333
1744898393.7298698,0.0,-94.0,283.0,,0.07789666695112452,-0.059,-1.7933367899874875,0.03333333333333333,0.0,-0.03333333333333333
1744898393.75011,0.0,-94.0,283.0,,0.07789666695112452,-0.049,-1.7933417012838873,0.03333333333333333,0.0,-0.03333333333333333
1744898393.7703764,0.0,-94.0,283.0,,0.07789666695112452,-0.049,-1.7933417012838873,0.03333333333333333,0.0,-0.03333333333333333
1744898393.7905648,0.0,-94.0,283.0,,0.0878966669511243,-0.049,-1.7924454610256362,0.03333333333333333,0.0,-0.03333333333333333
1744898393.8107257,0.0,-94.0,283.0,,0.07789666695112452,-0.049,-1.7933417012838873,0.03333333333333333,0.0,-0.03333333333333333
1744898393.8315325,0.0,-94.0,283.0,,0.07789666695112452,-0.049,-1.7933417012838873,0.03333333333333333,0.0,-0.03333333333333333
1744898393.851824,0.0,-94.0,283.0,,0.07789666695112452,-0.049,-1.7735183962234,0.03333333333333333,0.0,-0.03333333333333333
1744898393.8720157,0.0,-94.0,283.0,,0.07789666695112452,-0.039,-1.7933457031409143,0.03333333333333333,0.0,-0.03333333333333333
1744898393.8923388,0.0,-94.0,283.0,,0.07789666695112452,-0.039,-1.7933457031409143,0.03333333333333333,0.0,-0.03333333333333333
1744898393.9127624,0.0,-94.0,283.0,,0.0878966669511243,-0.049,-1.754797337129753,0.03333333333333333,0.0,-0.03333333333333333
1744898393.9329538,0.0,-94.0,283.0,,0.0878966669511243,-0.059,-1.7924405645125572,0.03333333333333333,0.0,-0.03333333333333333
1744898393.953115,0.0,-94.0,283.0,,0.0878966669511243,-0.059,-1.7924405645125572,0.03333333333333333,0.0,-0.03333333333333333
1744898393.9733646,0.0,-94.0,283.0,,0.0878966669511243,-0.039,-1.7924494508366928,0.03333333333333333,0.0,-0.03333333333333333
1744898393.9935312,0.0,-94.0,283.0,,0.0878966669511243,-0.039,-1.8122603966803073,0.03333333333333333,0.0,-0.03333333333333333
1744898394.0138068,0.0,-94.0,283.0,,0.0878966669511243,-0.039,-1.8122603966803073,0.03333333333333333,0.0,-0.03333333333333333
1744898394.0339282,0.0,-94.0,283.0,,0.07789666695112452,-0.039,-1.7933457031409143,0.03333333333333333,0.0,-0.03333333333333333
1744898394.0540895,0.0,-94.0,283.0,,0.0878966669511243,-0.049,-1.77263186050799,0.03333333333333333,0.0,-0.03333333333333333
1744898394.0743043,0.0,-94.0,283.0,,0.0878966669511243,-0.049,-1.77263186050799,0.03333333333333333,0.0,-0.03333333333333333
1744898394.0944393,0.0,-94.0,283.0,,0.07789666695112452,-0.049,-1.7933417012838873,0.03333333333333333,0.0,-0.03333333333333333
1744898394.1145911,0.0,-94.0,283.0,,0.0878966669511243,-0.039,-1.7924494508366928,0.03333333333333333,0.0,-0.03333333333333333
1744898394.1347806,0.0,-94.0,283.0,,0.0878966669511243,-0.039,-1.7924494508366928,0.03333333333333333,0.0,-0.03333333333333333
1744898394.155104,0.0,-94.0,283.0,,0.07789666695112452,-0.039,-1.7933457031409143,0.03333333333333333,0.0,-0.03333333333333333
1744898394.1753018,0.0,-94.0,283.0,,0.07789666695112452,-0.049,-1.8131623004034687,0.03333333333333333,0.0,-0.03333333333333333
1744898394.195453,0.0,-94.0,283.0,,0.07789666695112452,-0.049,-1.8131623004034687,0.03333333333333333,0.0,-0.03333333333333333
1744898394.2160666,0.0,-94.0,283.0,,0.07789666695112452,-0.049,-1.7933417012838873,0.03333333333333333,0.0,-0.03333333333333333
1744898394.2362237,0.0,-94.0,283.0,,0.07789666695112452,-0.039,-1.7933457031409143,0.03333333333333333,0.0,-0.03333333333333333
1744898394.256613,0.0,-94.0,283.0,,0.07789666695112452,-0.039,-1.7933457031409143,0.03333333333333333,0.0,-0.03333333333333333
1744898394.2767737,0.0,-94.0,283.0,,0.0878966669511243,-0.049,-1.7924454610256362,0.03333333333333333,0.0,-0.03333333333333333
1744898394.2972286,0.0,-94.0,283.0,,0.0878966669511243,-0.069,-1.7924347613422777,0.03333333333333333,0.0,-0.03333333333333333
1744898394.3176277,0.0,-94.0,283.0,,0.0878966669511243,-0.069,-1.7924347613422777,0.03333333333333333,0.0,-0.03333333333333333
1744898394.337801,0.0,-94.0,283.0,,0.0878966669511243,-0.059,-1.754792541394134,0.03333333333333333,0.0,-0.03333333333333333
1744898394.3579726,0.0,-94.0,283.0,,0.06889666695112417,-0.039,-1.8338098948849488,0.03333333333333333,0.0,-0.03333333333333333
1744898394.3783443,0.0,-94.0,283.0,,0.06889666695112417,-0.039,-1.8338098948849488,0.03333333333333333,0.0,-0.03333333333333333
1744898394.4003081,0.0,-94.0,283.0,,0.0878966669511243,-0.059,-1.7726270170159832,0.03333333333333333,0.0,-0.03333333333333333
1744898394.420502,0.0,-94.0,283.0,,0.07789666695112452,-0.029,-1.813169471392142,0.03333333333333333,0.0,-0.03333333333333333
1744898394.4406745,0.0,-94.0,283.0,,0.0878966669511243,-0.069,-1.7726212766843852,0.03333333333333333,0.0,-0.03333333333333333
1744898394.460833,0.0,-94.0,283.0,,0.07789666695112452,-0.039,-1.8131663455555422,0.03333333333333333,0.0,-0.03333333333333333
1744898394.4810202,0.0,-94.0,283.0,,0.07789666695112452,-0.039,-1.8329842532228762,0.03333333333333333,0.0,-0.03333333333333333
1744898394.5015867,0.0,-94.0,283.0,,0.0878966669511243,-0.059,-1.7726270170159832,0.03333333333333333,0.0,-0.03333333333333333
1744898394.5217714,0.0,-94.0,283.0,,0.0878966669511243,-0.049,-1.7924454610256362,0.03333333333333333,0.0,-0.03333333333333333
1744898394.5443254,0.0,-94.0,283.0,,0.06889666695112417,-0.039,-1.813983251513398,0.03333333333333333,0.0,-0.03333333333333333
1744898394.5644686,0.0,-94.0,283.0,,0.07789666695112452,-0.039,-1.7933457031409143,0.03333333333333333,0.0,-0.03333333333333333
1744898394.5846477,0.0,-94.0,283.0,,0.07789666695112452,-0.029,-1.813169471392142,0.03333333333333333,0.0,-0.03333333333333333
1744898394.6048243,0.0,-94.0,283.0,,0.07789666695112452,-0.049,-1.7933417012838873,0.03333333333333333,0.0,-0.03333333333333333
1744898394.6250842,0.0,-94.0,283.0,,0.07789666695112452,-0.059,-1.8131573359730189,0.03333333333333333,0.0,-0.03333333333333333
1744898394.6453018,0.0,-94.0,283.0,,0.0878966669511243,-0.059,-1.7924405645125572,0.03333333333333333,0.0,-0.03333333333333333
1744898394.6654663,0.0,-94.0,283.0,,0.0878966669511243,-0.039,-1.7924494508366928,0.03333333333333333,0.0,-0.03333333333333333
1744898394.685962,0.0,-94.0,283.0,,0.0878966669511243,-0.049,-1.7924454610256362,0.03333333333333333,0.0,-0.03333333333333333
1744898394.7061539,0.0,-94.0,283.0,,0.07789666695112452,-0.039,-1.8131663455555422,0.03333333333333333,0.0,-0.03333333333333333
1744898394.7264135,0.0,-94.0,283.0,,0.0878966669511243,-0.039,-1.7924494508366928,0.03333333333333333,0.0,-0.03333333333333333
1744898394.7465918,0.0,-94.0,283.0,,0.0878966669511243,-0.039,-1.7726358071160546,0.03333333333333333,0.0,-0.03333333333333333
1744898394.7668736,0.0,-94.0,283.0,,0.07789666695112452,-0.049,-1.7933417012838873,0.03333333333333333,0.0,-0.03333333333333333
1744898394.7870135,0.0,-94.0,283.0,,0.07789666695112452,-0.049,-1.7933417012838873,0.03333333333333333,0.0,-0.03333333333333333
1744898394.8072631,0.0,-94.0,283.0,,0.07789666695112452,-0.049,-1.8131623004034687,0.03333333333333333,0.0,-0.03333333333333333
1744898394.827464,0.0,-94.0,283.0,,0.0878966669511243,-0.039,-1.7924494508366928,0.03333333333333333,0.0,-0.03333333333333333
1744898394.8476167,0.0,-94.0,283.0,,0.07789666695112452,-0.049,-1.7933417012838873,0.03333333333333333,0.0,-0.03333333333333333
1744898394.8678682,0.0,-94.0,283.0,,0.07789666695112452,-0.049,-1.7735183962234,0.03333333333333333,0.0,-0.03333333333333333
1744898394.8881004,0.0,-94.0,283.0,,0.07789666695112452,-0.049,-1.8131623004034687,0.03333333333333333,0.0,-0.03333333333333333
1744898394.908282,0.0,-94.0,283.0,,0.07789666695112452,-0.039,-1.7735223547491743,0.03333333333333333,0.0,-0.03333333333333333
1744898394.9284298,0.0,-94.0,283.0,,0.07789666695112452,-0.039,-1.8131663455555422,0.03333333333333333,0.0,-0.03333333333333333
1744898394.9485838,0.0,-94.0,283.0,,0.0878966669511243,-0.059,-1.7924405645125572,0.03333333333333333,0.0,-0.03333333333333333
1744898394.9687676,0.0,-94.0,283.0,,0.07789666695112452,-0.049,-1.7933417012838873,0.03333333333333333,0.0,-0.03333333333333333
1744898394.988949,0.0,-94.0,283.0,,0.07789666695112452,-0.049,-1.7933417012838873,0.03333333333333333,0.0,-0.03333333333333333
1744898395.0091577,0.0,-94.0,283.0,,0.07789666695112452,-0.039,-1.8131663455555422,0.03333333333333333,0.0,-0.03333333333333333
1744898395.0298429,0.0,-94.0,283.0,,0.07789666695112452,-0.039,-1.8131663455555422,0.03333333333333333,0.0,-0.03333333333333333
1744898395.0499885,0.0,-94.0,283.0,,0.07789666695112452,-0.039,-1.7933457031409143,0.03333333333333333,0.0,-0.03333333333333333
1744898395.0701566,0.0,-94.0,283.0,,0.07789666695112452,-0.049,-1.7735183962234,0.03333333333333333,0.0,-0.03333333333333333
1744898395.090351,0.0,-94.0,283.0,,0.07789666695112452,-0.049,-1.7735183962234,0.03333333333333333,0.0,-0.03333333333333333
1744898395.1106706,0.0,-94.0,283.0,,0.0878966669511243,-0.059,-1.8122514142123367,0.03333333333333333,0.0,-0.03333333333333333
1744898395.131208,0.0,-94.0,283.0,,0.07789666695112452,-0.049,-1.8131623004034687,0.03333333333333333,0.0,-0.03333333333333333
1744898395.1513631,0.0,-94.0,283.0,,0.07789666695112452,-0.049,-1.8131623004034687,0.03333333333333333,0.0,-0.03333333333333333
1744898395.1715384,0.0,-94.0,283.0,,0.07789666695112452,-0.049,-1.8131623004034687,0.03333333333333333,0.0,-0.03333333333333333
1744898395.1917212,0.0,-94.0,283.0,,0.07789666695112452,-0.049,-1.7735183962234,0.03333333333333333,0.0,-0.03333333333333333
1744898395.2124252,0.0,-94.0,283.0,,0.07789666695112452,-0.049,-1.7735183962234,0.03333333333333333,0.0,-0.03333333333333333
1744898395.232589,0.0,-94.0,283.0,,0.07789666695112452,-0.039,-1.7933457031409143,0.03333333333333333,0.0,-0.03333333333333333
1744898395.2528331,0.0,-94.0,283.0,,0.07789666695112452,-0.039,-1.8329842532228762,0.03333333333333333,0.0,-0.03333333333333333
1744898395.2730932,0.0,-94.0,283.0,,0.07789666695112452,-0.039,-1.8329842532228762,0.03333333333333333,0.0,-0.03333333333333333
1744898395.2933085,0.0,-94.0,283.0,,0.07789666695112452,-0.039,-1.8329842532228762,0.03333333333333333,0.0,-0.03333333333333333
1744898395.3134665,0.0,-94.0,283.0,,0.0878966669511243,-0.069,-1.7726212766843852,0.03333333333333333,0.0,-0.03333333333333333
1744898395.3336265,0.0,-94.0,283.0,,0.0878966669511243,-0.069,-1.7726212766843852,0.03333333333333333,0.0,-0.03333333333333333
1744898395.3540785,0.0,-94.0,283.0,,0.0878966669511243,-0.059,-1.7924405645125572,0.03333333333333333,0.0,-0.03333333333333333
1744898395.3744047,0.0,-94.0,283.0,,0.07789666695112452,-0.02,-1.8131714986064824,0.03333333333333333,0.0,-0.03333333333333333
1744898395.3945682,0.0,-94.0,283.0,,0.07789666695112452,-0.02,-1.8131714986064824,0.03333333333333333,0.0,-0.03333333333333333
1744898395.4147224,0.0,-94.0,283.0,,0.0878966669511243,-0.029,-1.8122635131094995,0.03333333333333333,0.0,-0.03333333333333333
1744898395.4349005,0.0,-94.0,283.0,,0.07789666695112452,-0.049,-1.832980164812328,0.03333333333333333,0.0,-0.03333333333333333
1744898395.4550877,0.0,-94.0,283.0,,0.07789666695112452,-0.049,-1.832980164812328,0.03333333333333333,0.0,-0.03333333333333333
1744898395.475262,0.0,-94.0,283.0,,0.05889666695112439,-0.049,-1.872406245345944,0.03333333333333333,0.0,-0.03333333333333333
1744898395.4955132,0.0,-94.0,283.0,,0.10789666695112388,-0.069,-1.713435693610322,0.03333333333333333,0.0,-0.03333333333333333
1744898395.5157003,0.0,-94.0,283.0,,0.10789666695112388,-0.069,-1.713435693610322,0.03333333333333333,0.0,-0.03333333333333333
1744898395.5358577,0.0,-94.0,283.0,,0.07789666695112452,0.0,-1.8329913197984808,0.03333333333333333,0.0,-0.03333333333333333
1744898395.5560575,0.0,-94.0,283.0,,0.0878966669511243,-0.029,-1.7548042644429875,0.03333333333333333,0.0,-0.03333333333333333
1744898395.5762343,0.0,-94.0,283.0,,0.0878966669511243,-0.029,-1.7548042644429875,0.03333333333333333,0.0,-0.03333333333333333
1744898395.5963979,0.0,-94.0,283.0,,0.0878966669511243,-0.088,-1.754773612331769,0.03333333333333333,0.0,-0.03333333333333333
1744898395.6165402,0.0,-94.0,283.0,,0.07789666695112452,-0.049,-1.832980164812328,0.03333333333333333,0.0,-0.03333333333333333
1744898395.6367526,0.0,-94.0,283.0,,0.07789666695112452,-0.049,-1.832980164812328,0.03333333333333333,0.0,-0.03333333333333333
1744898395.6569216,0.0,-94.0,283.0,,0.0878966669511243,-0.029,-1.8122635131094995,0.03333333333333333,0.0,-0.03333333333333333
1744898395.677186,0.0,-94.0,283.0,,0.0878966669511243,-0.078,-1.7924287633408533,0.03333333333333333,0.0,-0.03333333333333333
1744898395.6981354,0.0,-94.0,283.0,,0.0878966669511243,-0.078,-1.7924287633408533,0.03333333333333333,0.0,-0.03333333333333333
1744898395.7182899,0.0,-94.0,283.0,,0.09789666695112409,-0.059,-1.7539165161092651,0.03333333333333333,0.0,-0.03333333333333333
1744898395.7384794,0.0,-94.0,283.0,,0.07789666695112452,-0.02,-1.832989461380036,0.03333333333333333,0.0,-0.03333333333333333
1744898395.758647,0.0,-94.0,283.0,,0.07789666695112452,-0.02,-1.832989461380036,0.03333333333333333,0.0,-0.03333333333333333
1744898395.7789903,0.0,-94.0,283.0,,0.07789666695112452,-0.02,-1.7933508010390358,0.03333333333333333,0.0,-0.03333333333333333
1744898395.7991838,0.0,-94.0,283.0,,0.07789666695112452,-0.059,-1.8131573359730189,0.03333333333333333,0.0,-0.03333333333333333
1744898395.8193226,0.0,-94.0,283.0,,0.07789666695112452,-0.059,-1.8131573359730189,0.03333333333333333,0.0,-0.03333333333333333
1744898395.8394713,0.0,-94.0,283.0,,0.07789666695112452,-0.069,-1.813151452309719,0.03333333333333333,0.0,-0.03333333333333333
1744898395.8597095,0.0,-94.0,283.0,,0.0878966669511243,-0.049,-1.7924454610256362,0.03333333333333333,0.0,-0.03333333333333333
1744898395.8798594,0.0,-94.0,283.0,,0.0878966669511243,-0.039,-1.7726358071160546,0.03333333333333333,0.0,-0.03333333333333333
1744898395.9001052,0.0,-94.0,283.0,,0.07789666695112452,-0.02,-1.8131714986064824,0.03333333333333333,0.0,-0.03333333333333333
1744898395.9202888,0.0,-94.0,283.0,,0.0878966669511243,-0.029,-1.7726388568040403,0.03333333333333333,0.0,-0.03333333333333333
1744898395.9404497,0.0,-94.0,283.0,,0.0878966669511243,-0.039,-1.7924494508366928,0.03333333333333333,0.0,-0.03333333333333333
1744898395.960583,0.0,-94.0,283.0,,0.07789666695112452,-0.059,-1.8131573359730189,0.03333333333333333,0.0,-0.03333333333333333
1744898395.9807708,0.0,-94.0,283.0,,0.0878966669511243,-0.059,-1.7924405645125572,0.03333333333333333,0.0,-0.03333333333333333
1744898396.0013056,0.0,-94.0,283.0,,0.07789666695112452,-0.059,-1.8131573359730189,0.03333333333333333,0.0,-0.03333333333333333
1744898396.021457,0.0,-94.0,283.0,,0.0878966669511243,-0.049,-1.81225636370228,0.03333333333333333,0.0,-0.03333333333333333
1744898396.0433366,0.0,-94.0,283.0,,0.0878966669511243,-0.039,-1.7924494508366928,0.03333333333333333,0.0,-0.03333333333333333
1744898396.0635366,0.0,-94.0,283.0,,0.07789666695112452,-0.039,-1.8131663455555422,0.03333333333333333,0.0,-0.03333333333333333
1744898396.0837233,0.0,-94.0,283.0,,0.0878966669511243,-0.039,-1.8122603966803073,0.03333333333333333,0.0,-0.03333333333333333
1744898396.1040573,0.0,-94.0,283.0,,0.0878966669511243,-0.049,-1.7924454610256362,0.03333333333333333,0.0,-0.03333333333333333
1744898396.1242783,0.0,-94.0,283.0,,0.0878966669511243,-0.039,-1.7924494508366928,0.03333333333333333,0.0,-0.03333333333333333
1744898396.1444402,0.0,-94.0,283.0,,0.0878966669511243,-0.059,-1.8122514142123367,0.03333333333333333,0.0,-0.03333333333333333
1744898396.1655238,0.0,-94.0,283.0,,0.07789666695112452,-0.059,-1.7933367899874875,0.03333333333333333,0.0,-0.03333333333333333
1744898396.1856737,0.0,-94.0,283.0,,0.07789666695112452,-0.049,-1.8131623004034687,0.03333333333333333,0.0,-0.03333333333333333
1744898396.2061555,0.0,-94.0,283.0,,0.07789666695112452,-0.039,-1.7933457031409143,0.03333333333333333,0.0,-0.03333333333333333
1744898396.226452,0.0,-94.0,283.0,,0.0878966669511243,-0.029,-1.8122635131094995,0.03333333333333333,0.0,-0.03333333333333333
1744898396.2468872,0.0,-94.0,283.0,,0.0878966669511243,-0.039,-1.7924494508366928,0.03333333333333333,0.0,-0.03333333333333333
1744898396.2671432,0.0,-94.0,283.0,,0.0878966669511243,-0.039,-1.7924494508366928,0.03333333333333333,0.0,-0.03333333333333333
1744898396.287293,0.0,-94.0,283.0,,0.0878966669511243,-0.059,-1.7726270170159832,0.03333333333333333,0.0,-0.03333333333333333
1744898396.307469,0.0,-94.0,283.0,,0.0878966669511243,-0.059,-1.7924405645125572,0.03333333333333333,0.0,-0.03333333333333333
1744898396.3276787,0.0,-94.0,283.0,,0.0878966669511243,-0.059,-1.8122514142123367,0.03333333333333333,0.0,-0.03333333333333333
1744898396.3480172,0.0,-94.0,283.0,,0.07789666695112452,-0.049,-1.7933417012838873,0.03333333333333333,0.0,-0.03333333333333333
1744898396.3685617,0.0,-94.0,283.0,,0.0878966669511243,-0.039,-1.7924494508366928,0.03333333333333333,0.0,-0.03333333333333333
1744898396.3887057,0.0,-94.0,283.0,,0.07789666695112452,-0.039,-1.8131663455555422,0.03333333333333333,0.0,-0.03333333333333333
1744898396.4089673,0.0,-94.0,283.0,,0.07789666695112452,-0.039,-1.7933457031409143,0.03333333333333333,0.0,-0.03333333333333333
1744898396.4291844,0.0,-94.0,283.0,,0.07789666695112452,-0.029,-1.7933487955218554,0.03333333333333333,0.0,-0.03333333333333333
1744898396.4498124,0.0,-94.0,283.0,,0.0878966669511243,-0.049,-1.77263186050799,0.03333333333333333,0.0,-0.03333333333333333
1744898396.4699862,0.0,-94.0,283.0,,0.0878966669511243,-0.049,-1.77263186050799,0.03333333333333333,0.0,-0.03333333333333333
1744898396.4901857,0.0,-94.0,283.0,,0.07789666695112452,-0.049,-1.7933417012838873,0.03333333333333333,0.0,-0.03333333333333333
1744898396.5127156,0.0,-94.0,283.0,,0.0878966669511243,-0.049,-1.81225636370228,0.03333333333333333,0.0,-0.03333333333333333
1744898396.5328772,0.0,-94.0,283.0,,0.0878966669511243,-0.049,-1.81225636370228,0.03333333333333333,0.0,-0.03333333333333333
1744898396.5530603,0.0,-94.0,283.0,,0.07789666695112452,-0.039,-1.7933457031409143,0.03333333333333333,0.0,-0.03333333333333333
1744898396.5733259,0.0,-94.0,283.0,,0.0878966669511243,-0.039,-1.7924494508366928,0.03333333333333333,0.0,-0.03333333333333333
1744898396.5934975,0.0,-94.0,283.0,,0.0878966669511243,-0.039,-1.7924494508366928,0.03333333333333333,0.0,-0.03333333333333333
1744898396.6137695,0.0,-94.0,283.0,,0.07789666695112452,-0.039,-1.8131663455555422,0.03333333333333333,0.0,-0.03333333333333333
1744898396.6340563,0.0,-94.0,283.0,,0.0878966669511243,-0.049,-1.7924454610256362,0.03333333333333333,0.0,-0.03333333333333333
1744898396.6542463,0.0,-94.0,283.0,,0.0878966669511243,-0.049,-1.7924454610256362,0.03333333333333333,0.0,-0.03333333333333333
1744898396.6743963,0.0,-94.0,283.0,,0.07789666695112452,-0.059,-1.7933367899874875,0.03333333333333333,0.0,-0.03333333333333333
1744898396.694624,0.0,-94.0,283.0,,0.0878966669511243,-0.039,-1.7726358071160546,0.03333333333333333,0.0,-0.03333333333333333
1744898396.7149239,0.0,-94.0,283.0,,0.0878966669511243,-0.039,-1.7726358071160546,0.03333333333333333,0.0,-0.03333333333333333
1744898396.7350698,0.0,-94.0,283.0,,0.07789666695112452,-0.029,-1.813169471392142,0.03333333333333333,0.0,-0.03333333333333333
1744898396.755334,0.0,-94.0,283.0,,0.09789666695112409,0.0,-1.7341228630423178,0.03333333333333333,0.0,-0.03333333333333333
1744898396.7756155,0.0,-94.0,283.0,,0.09789666695112409,0.0,-1.7341228630423178,0.03333333333333333,0.0,-0.03333333333333333
1744898396.7957356,0.0,-94.0,283.0,,0.1368966669511238,-0.029,-1.5942657270597445,0.03333333333333333,0.0,-0.03333333333333333
1744898396.8160083,0.0,-94.0,283.0,,0.009896666951123123,-0.186,-2.033798792626901,0.03333333333333333,0.0,-0.03333333333333333
1744898396.8362021,0.0,-94.0,283.0,,0.009896666951123123,-0.186,-2.033798792626901,0.03333333333333333,0.0,-0.03333333333333333
1744898396.8563318,0.0,-94.0,283.0,,0.09789666695112409,-0.226,-1.5971646043406051,0.03333333333333333,0.0,-0.06666666666666667
1744898396.8765996,0.0,-94.0,283.0,,0.01989666695112291,0.048,-2.110311817874419,0.06666666666666667,0.0,-0.0
1744898396.8967474,0.0,-94.0,283.0,,0.01989666695112291,0.048,-2.110311817874419,0.06666666666666667,0.0,-0.0
1744898396.9169006,0.0,-94.0,283.0,,0.0488966669511246,-0.294,-1.6982880236271019,0.0,0.0,-0.06666666666666667
1744898396.9372883,0.0,-94.0,283.0,,0.05889666695112439,0.048,-1.8922348974529846,0.06666666666666667,0.0,-0.0
1744898396.9574466,0.0,-94.0,283.0,,0.05889666695112439,0.048,-1.8922348974529846,0.06666666666666667,0.0,-0.0
1744898396.9776084,0.0,-94.0,283.0,,0.07789666695112452,-0.235,-1.598746564024803,0.0,0.0,-0.06666666666666667
1744898396.9977603,0.0,-94.0,283.0,,0.0488966669511246,0.058,-2.0299803532205347,0.06666666666666667,0.0,-0.0
1744898397.0179243,0.0,-94.0,283.0,,0.0488966669511246,0.058,-2.0299803532205347,0.06666666666666667,0.0,-0.0
1744898397.0380611,0.0,-94.0,282.0,,0.07789666695112452,-0.186,-1.6583557761482532,0.03333333333333333,0.0,-0.03333333333333333
1744898397.058256,0.0,-94.0,282.0,,0.06889666695112417,0.117,-2.008099721873383,0.06666666666666667,0.0,-0.0
1744898397.0784512,0.0,-94.0,282.0,,0.06889666695112417,0.117,-2.008099721873383,0.06666666666666667,0.0,-0.0
1744898397.0985942,0.0,-94.0,282.0,,0.06889666695112417,-0.02,-1.8714781867298615,0.06666666666666667,0.0,-0.0
1744898397.1187801,0.0,-94.0,282.0,,0.0878966669511243,0.0,-1.8320756612724631,0.03333333333333333,0.0,-0.03333333333333333
1744898397.139049,0.0,-94.0,282.0,,0.0878966669511243,-0.049,-1.734978689889002,0.03333333333333333,0.0,-0.03333333333333333
1744898397.1592126,0.0,-94.0,282.0,,0.06889666695112417,-0.01,-1.911113954665512,0.03333333333333333,0.0,-0.03333333333333333
1744898397.179379,0.0,-94.0,282.0,,0.0878966669511243,-0.078,-1.734962516957601,0.03333333333333333,0.0,-0.03333333333333333
1744898397.1995587,0.0,-94.0,282.0,,0.0878966669511243,-0.078,-1.734962516957601,0.03333333333333333,0.0,-0.03333333333333333
1744898397.2197301,0.0,-94.0,282.0,,0.0878966669511243,-0.069,-1.7547868576616952,0.03333333333333333,0.0,-0.03333333333333333
1744898397.2399235,0.0,-94.0,282.0,,0.07789666695112452,-0.01,-1.8131728776716665,0.03333333333333333,0.0,-0.03333333333333333
1744898397.2601123,0.0,-94.0,282.0,,0.07789666695112452,-0.01,-1.8131728776716665,0.03333333333333333,0.0,-0.03333333333333333
1744898397.2802784,0.0,-94.0,282.0,,0.0878966669511243,-0.088,-1.7924212376751012,0.03333333333333333,0.0,-0.03333333333333333
1744898397.3004956,0.0,-94.0,282.0,,0.07789666695112452,0.0,-1.8329913197984808,0.03333333333333333,0.0,-0.03333333333333333
1744898397.3206666,0.0,-94.0,282.0,,0.07789666695112452,-0.029,-1.8329874124868657,0.03333333333333333,0.0,-0.03333333333333333
1744898397.3408542,0.0,-94.0,282.0,,0.09789666695112409,-0.059,-1.7142961224331346,0.03333333333333333,0.0,-0.03333333333333333
1744898397.3610601,0.0,-94.0,282.0,,0.06889666695112417,-0.02,-1.8912967702684047,0.03333333333333333,0.0,-0.03333333333333333
1744898397.3812213,0.0,-94.0,282.0,,0.09789666695112409,-0.059,-1.7142961224331346,0.03333333333333333,0.0,-0.03333333333333333
1744898397.401755,0.0,-94.0,282.0,,0.0878966669511243,-0.069,-1.8122455482557704,0.03333333333333333,0.0,-0.03333333333333333
1744898397.4220216,0.0,-94.0,282.0,,0.07789666695112452,-0.01,-1.85280606917777,0.03333333333333333,0.0,-0.03333333333333333
1744898397.4429598,0.0,-94.0,282.0,,0.0878966669511243,-0.088,-1.7349552277989595,0.03333333333333333,0.0,-0.03333333333333333
1744898397.4634156,0.0,-94.0,282.0,,0.06889666695112417,0.0,-1.911114439716636,0.03333333333333333,0.0,-0.03333333333333333
1744898397.483585,0.0,-94.0,282.0,,0.09789666695112409,-0.078,-1.7142848542330205,0.03333333333333333,0.0,-0.03333333333333333
1744898397.503764,0.0,-94.0,282.0,,0.07789666695112452,-0.02,-1.8528046606300133,0.03333333333333333,0.0,-0.03333333333333333
1744898397.524243,0.0,-94.0,282.0,,0.0878966669511243,-0.039,-1.7726358071160546,0.03333333333333333,0.0,-0.03333333333333333
1744898397.5444736,0.0,-94.0,282.0,,0.07789666695112452,-0.059,-1.7933367899874875,0.03333333333333333,0.0,-0.03333333333333333
1744898397.5646763,0.0,-94.0,282.0,,0.0878966669511243,-0.02,-1.8122655342227716,0.03333333333333333,0.0,-0.03333333333333333
1744898397.5849698,0.0,-94.0,282.0,,0.07789666695112452,-0.029,-1.8528025900765317,0.03333333333333333,0.0,-0.03333333333333333
1744898397.6051607,0.0,-94.0,282.0,,0.07789666695112452,-0.039,-1.7933457031409143,0.03333333333333333,0.0,-0.03333333333333333
1744898397.6256733,0.0,-94.0,282.0,,0.0878966669511243,-0.059,-1.754792541394134,0.03333333333333333,0.0,-0.03333333333333333
1744898397.6459935,0.0,-94.0,282.0,,0.07789666695112452,-0.02,-1.8528046606300133,0.03333333333333333,0.0,-0.03333333333333333
1744898397.6661916,0.0,-94.0,282.0,,0.0878966669511243,-0.059,-1.754792541394134,0.03333333333333333,0.0,-0.03333333333333333
1744898397.6863682,0.0,-94.0,282.0,,0.07789666695112452,-0.049,-1.852795265781633,0.03333333333333333,0.0,-0.03333333333333333
1744898397.7065892,0.0,-94.0,282.0,,0.09789666695112409,-0.049,-1.7143007978067835,0.03333333333333333,0.0,-0.03333333333333333
1744898397.7269769,0.0,-94.0,282.0,,0.03889666695112304,-0.069,-1.9139678801966578,0.03333333333333333,0.0,-0.03333333333333333
1744898397.7473664,0.0,-94.0,282.0,,0.126896666951124,0.009,-1.6346559230509823,0.03333333333333333,0.0,-0.03333333333333333
1744898397.76778,0.0,-94.0,282.0,,0.05889666695112439,-0.186,-1.854406467766386,0.03333333333333333,0.0,-0.03333333333333333
1744898397.7879746,0.0,-94.0,282.0,,0.06889666695112417,0.146,-1.9882605991025206,0.06666666666666667,0.0,-0.03333333333333333
1744898397.8081956,0.0,-94.0,282.0,,0.11789666695112366,-0.157,-1.5580406242292515,0.0,0.0,-0.06666666666666667
1744898397.8284163,0.0,-94.0,282.0,,0.05889666695112439,-0.049,-1.834724909993885,0.06666666666666667,0.0,-0.0
1744898397.8486385,0.0,-94.0,282.0,,0.0878966669511243,0.077,-1.9488583899043839,0.03333333333333333,0.0,-0.03333333333333333
1744898397.8688877,0.0,-94.0,282.0,,0.09789666695112409,-0.186,-1.5774039579505095,0.03333333333333333,0.0,-0.03333333333333333
1744898397.8900156,0.0,-94.0,282.0,,0.05889666695112439,0.019,-1.9893609320069805,0.06666666666666667,0.0,-0.0
1744898397.9102519,0.0,-94.0,282.0,,0.0878966669511243,-0.01,-1.7924558935878703,0.03333333333333333,0.0,-0.06666666666666667
1744898397.930721,0.0,-94.0,282.0,,0.10789666695112388,-0.167,-1.6162762729062239,0.03333333333333333,0.0,-0.03333333333333333
1744898397.9512675,0.0,-94.0,282.0,,0.09789666695112409,-0.098,-1.7142696171165552,0.03333333333333333,0.0,-0.03333333333333333
1744898397.9720075,0.0,-94.0,282.0,,0.09789666695112409,-0.098,-1.7142696171165552,0.03333333333333333,0.0,-0.03333333333333333
1744898397.9923327,0.0,-94.0,282.0,,0.07789666695112452,-0.069,-1.773507780439983,0.03333333333333333,0.0,-0.03333333333333333
1744898398.0153215,0.0,-94.0,282.0,,0.0878966669511243,-0.049,-1.754797337129753,0.03333333333333333,0.0,-0.03333333333333333
1744898398.0355704,0.0,-94.0,282.0,,0.0878966669511243,-0.049,-1.754797337129753,0.03333333333333333,0.0,-0.03333333333333333
1744898398.0558,0.0,-94.0,282.0,,0.0878966669511243,-0.118,-1.7349280926754675,0.03333333333333333,0.0,-0.03333333333333333
1744898398.0760078,0.0,-94.0,282.0,,0.0878966669511243,0.0,-1.8895040298904073,0.03333333333333333,0.0,-0.03333333333333333
1744898398.0962074,0.0,-94.0,282.0,,0.0878966669511243,0.0,-1.8895040298904073,0.03333333333333333,0.0,-0.03333333333333333
1744898398.1168303,0.0,-94.0,282.0,,0.0878966669511243,-0.078,-1.734962516957601,0.03333333333333333,0.0,-0.03333333333333333
1744898398.138477,0.0,-94.0,282.0,,0.0878966669511243,-0.049,-1.77263186050799,0.03333333333333333,0.0,-0.03333333333333333
1744898398.1587074,0.0,-94.0,282.0,,0.0878966669511243,-0.049,-1.77263186050799,0.03333333333333333,0.0,-0.03333333333333333
1744898398.1789207,0.0,-94.0,282.0,,0.07789666695112452,-0.039,-1.8527993974137016,0.03333333333333333,0.0,-0.03333333333333333
1744898398.1991112,0.0,-94.0,282.0,,0.07789666695112452,-0.078,-1.7735018294713427,0.03333333333333333,0.0,-0.03333333333333333
1744898398.220085,0.0,-94.0,282.0,,0.07789666695112452,-0.078,-1.7735018294713427,0.03333333333333333,0.0,-0.03333333333333333
1744898398.2403116,0.0,-94.0,282.0,,0.0878966669511243,-0.059,-1.7726270170159832,0.03333333333333333,0.0,-0.03333333333333333
1744898398.2605288,0.0,-94.0,282.0,,0.07789666695112452,-0.01,-1.8131728776716665,0.03333333333333333,0.0,-0.03333333333333333
1744898398.2809093,0.0,-94.0,282.0,,0.0878966669511243,-0.049,-1.7924454610256362,0.03333333333333333,0.0,-0.03333333333333333
1744898398.3012729,0.0,-94.0,282.0,,0.0878966669511243,-0.039,-1.8122603966803073,0.03333333333333333,0.0,-0.03333333333333333
1744898398.3220956,0.0,-94.0,282.0,,0.0878966669511243,-0.049,-1.7924454610256362,0.03333333333333333,0.0,-0.03333333333333333
1744898398.3426661,0.0,-94.0,282.0,,0.0878966669511243,-0.039,-1.8122603966803073,0.03333333333333333,0.0,-0.03333333333333333
1744898398.3632941,0.0,-94.0,282.0,,0.07789666695112452,-0.059,-1.7933367899874875,0.03333333333333333,0.0,-0.03333333333333333
1744898398.3834984,0.0,-94.0,282.0,,0.0878966669511243,-0.059,-1.7924405645125572,0.03333333333333333,0.0,-0.03333333333333333
1744898398.4036825,0.0,-94.0,282.0,,0.0878966669511243,-0.039,-1.8122603966803073,0.03333333333333333,0.0,-0.03333333333333333
1744898398.423912,0.0,-94.0,282.0,,0.0878966669511243,-0.039,-1.7924494508366928,0.03333333333333333,0.0,-0.03333333333333333
1744898398.444122,0.0,-94.0,282.0,,0.0878966669511243,-0.02,-1.7924545333895003,0.03333333333333333,0.0,-0.03333333333333333
1744898398.4643774,0.0,-94.0,282.0,,0.07789666695112452,-0.039,-1.8131663455555422,0.03333333333333333,0.0,-0.03333333333333333
1744898398.4850597,0.0,-94.0,282.0,,0.0878966669511243,-0.049,-1.7924454610256362,0.03333333333333333,0.0,-0.03333333333333333
1744898398.505685,0.0,-94.0,282.0,,0.09789666695112409,-0.059,-1.7717422679713617,0.03333333333333333,0.0,-0.03333333333333333
1744898398.526334,0.0,-94.0,282.0,,0.07789666695112452,-0.059,-1.8329751472927178,0.03333333333333333,0.0,-0.03333333333333333
1744898398.5493388,0.0,-94.0,282.0,,0.07789666695112452,-0.059,-1.7933367899874875,0.03333333333333333,0.0,-0.03333333333333333
1744898398.5695913,0.0,-94.0,282.0,,0.07789666695112452,-0.039,-1.7933457031409143,0.03333333333333333,0.0,-0.03333333333333333
1744898398.5899928,0.0,-94.0,282.0,,0.07789666695112452,-0.02,-1.8131714986064824,0.03333333333333333,0.0,-0.03333333333333333
1744898398.6129382,0.0,-94.0,282.0,,0.0878966669511243,-0.029,-1.7924525339092003,0.03333333333333333,0.0,-0.03333333333333333
1744898398.6331491,0.0,-94.0,282.0,,0.0878966669511243,-0.039,-1.7924494508366928,0.03333333333333333,0.0,-0.03333333333333333
1744898398.6533637,0.0,-94.0,282.0,,0.0878966669511243,-0.049,-1.7924454610256362,0.03333333333333333,0.0,-0.03333333333333333
1744898398.6736798,0.0,-94.0,282.0,,0.07789666695112452,-0.059,-1.7933367899874875,0.03333333333333333,0.0,-0.03333333333333333
1744898398.6939006,0.0,-94.0,282.0,,0.07789666695112452,-0.059,-1.7933367899874875,0.03333333333333333,0.0,-0.03333333333333333
1744898398.7167835,0.0,-94.0,282.0,,0.07789666695112452,-0.039,-1.7735223547491743,0.03333333333333333,0.0,-0.03333333333333333
1744898398.7372832,0.0,-94.0,282.0,,0.0878966669511243,-0.049,-1.77263186050799,0.03333333333333333,0.0,-0.03333333333333333
1744898398.7581384,0.0,-94.0,282.0,,0.0878966669511243,-0.049,-1.77263186050799,0.03333333333333333,0.0,-0.03333333333333333
1744898398.7786074,0.0,-94.0,282.0,,0.0878966669511243,-0.039,-1.7726358071160546,0.03333333333333333,0.0,-0.03333333333333333
1744898398.7988992,0.0,-94.0,282.0,,0.0878966669511243,-0.029,-1.8122635131094995,0.03333333333333333,0.0,-0.03333333333333333
1744898398.8198068,0.0,-94.0,282.0,,0.0878966669511243,-0.029,-1.8122635131094995,0.03333333333333333,0.0,-0.03333333333333333
1744898398.8418202,0.0,-94.0,282.0,,0.07789666695112452,-0.059,-1.7933367899874875,0.03333333333333333,0.0,-0.03333333333333333
1744898398.8620706,0.0,-94.0,282.0,,0.0878966669511243,-0.049,-1.7924454610256362,0.03333333333333333,0.0,-0.03333333333333333
1744898398.8822699,0.0,-94.0,282.0,,0.07789666695112452,-0.039,-1.8131663455555422,0.03333333333333333,0.0,-0.03333333333333333
1744898398.902501,0.0,-94.0,282.0,,0.0878966669511243,-0.039,-1.7726358071160546,0.03333333333333333,0.0,-0.03333333333333333
1744898398.9227152,0.0,-94.0,282.0,,0.07789666695112452,-0.039,-1.8131663455555422,0.03333333333333333,0.0,-0.03333333333333333
1744898398.943904,0.0,-94.0,282.0,,0.0878966669511243,-0.039,-1.7924494508366928,0.03333333333333333,0.0,-0.03333333333333333
1744898398.964125,0.0,-94.0,282.0,,0.07789666695112452,-0.029,-1.813169471392142,0.03333333333333333,0.0,-0.03333333333333333
1744898398.9843917,0.0,-94.0,282.0,,0.07789666695112452,-0.049,-1.8131623004034687,0.03333333333333333,0.0,-0.03333333333333333
1744898399.0045915,0.0,-94.0,282.0,,0.07789666695112452,-0.039,-1.8329842532228762,0.03333333333333333,0.0,-0.03333333333333333
1744898399.0248213,0.0,-94.0,282.0,,0.0878966669511243,-0.049,-1.7924454610256362,0.03333333333333333,0.0,-0.03333333333333333
1744898399.045176,0.0,-94.0,282.0,,0.07789666695112452,-0.059,-1.7933367899874875,0.03333333333333333,0.0,-0.03333333333333333
1744898399.065528,0.0,-94.0,282.0,,0.0878966669511243,-0.049,-1.7924454610256362,0.03333333333333333,0.0,-0.03333333333333333
1744898399.0857458,0.0,-94.0,282.0,,0.07789666695112452,-0.039,-1.7933457031409143,0.03333333333333333,0.0,-0.03333333333333333
1744898399.1060448,0.0,-94.0,282.0,,0.07789666695112452,-0.029,-1.813169471392142,0.03333333333333333,0.0,-0.03333333333333333
1744898399.1264179,0.0,-94.0,282.0,,0.0878966669511243,-0.039,-1.7726358071160546,0.03333333333333333,0.0,-0.03333333333333333
1744898399.146793,0.0,-94.0,282.0,,0.06889666695112417,-0.039,-1.813983251513398,0.03333333333333333,0.0,-0.03333333333333333
1744898399.1671658,0.0,-94.0,282.0,,0.07789666695112452,-0.059,-1.7933367899874875,0.03333333333333333,0.0,-0.03333333333333333
1744898399.1875389,0.0,-94.0,282.0,,0.07789666695112452,-0.049,-1.8131623004034687,0.03333333333333333,0.0,-0.03333333333333333
1744898399.208292,0.0,-94.0,282.0,,0.0878966669511243,-0.049,-1.7924454610256362,0.03333333333333333,0.0,-0.03333333333333333
1744898399.2285264,0.0,-94.0,282.0,,0.07789666695112452,-0.039,-1.8131663455555422,0.03333333333333333,0.0,-0.03333333333333333
1744898399.2487423,0.0,-94.0,282.0,,0.07789666695112452,-0.039,-1.7933457031409143,0.03333333333333333,0.0,-0.03333333333333333
1744898399.2689843,0.0,-94.0,282.0,,0.0878966669511243,-0.039,-1.8122603966803073,0.03333333333333333,0.0,-0.03333333333333333
1744898399.2893496,0.0,-94.0,282.0,,0.07789666695112452,-0.039,-1.7933457031409143,0.03333333333333333,0.0,-0.03333333333333333
1744898399.3106036,0.0,-94.0,282.0,,0.0878966669511243,-0.039,-1.8122603966803073,0.03333333333333333,0.0,-0.03333333333333333
1744898399.3307872,0.0,-94.0,282.0,,0.07789666695112452,-0.049,-1.7933417012838873,0.03333333333333333,0.0,-0.03333333333333333
1744898399.3510036,0.0,-94.0,282.0,,0.07789666695112452,-0.049,-1.7933417012838873,0.03333333333333333,0.0,-0.03333333333333333
1744898399.3717148,0.0,-94.0,282.0,,0.0878966669511243,-0.039,-1.7924494508366928,0.03333333333333333,0.0,-0.03333333333333333
1744898399.392327,0.0,-94.0,282.0,,0.0878966669511243,-0.049,-1.81225636370228,0.03333333333333333,0.0,-0.03333333333333333
1744898399.4145186,0.0,-94.0,282.0,,0.0878966669511243,-0.049,-1.81225636370228,0.03333333333333333,0.0,-0.03333333333333333
1744898399.4347565,0.0,-94.0,282.0,,0.06889666695112417,-0.039,-1.813983251513398,0.03333333333333333,0.0,-0.03333333333333333
1744898399.4550214,0.0,-94.0,282.0,,0.0878966669511243,-0.049,-1.7924454610256362,0.03333333333333333,0.0,-0.03333333333333333
1744898399.4755406,0.0,-94.0,282.0,,0.0878966669511243,-0.049,-1.7924454610256362,0.03333333333333333,0.0,-0.03333333333333333
1744898399.4963794,0.0,-94.0,282.0,,0.0878966669511243,-0.049,-1.81225636370228,0.03333333333333333,0.0,-0.03333333333333333
1744898399.516598,0.0,-94.0,282.0,,0.07789666695112452,-0.039,-1.8131663455555422,0.03333333333333333,0.0,-0.03333333333333333
1744898399.536837,0.0,-94.0,282.0,,0.07789666695112452,-0.039,-1.8131663455555422,0.03333333333333333,0.0,-0.03333333333333333
1744898399.5573153,0.0,-94.0,282.0,,0.07789666695112452,-0.049,-1.8131623004034687,0.03333333333333333,0.0,-0.03333333333333333
1744898399.578015,0.0,-94.0,282.0,,0.0878966669511243,-0.049,-1.7924454610256362,0.03333333333333333,0.0,-0.03333333333333333
1744898399.5986433,0.0,-94.0,282.0,,0.0878966669511243,-0.049,-1.7924454610256362,0.03333333333333333,0.0,-0.03333333333333333
1744898399.6188278,0.0,-94.0,282.0,,0.07789666695112452,-0.039,-1.8131663455555422,0.03333333333333333,0.0,-0.03333333333333333
1744898399.6390738,0.0,-94.0,282.0,,0.0878966669511243,-0.039,-1.7924494508366928,0.03333333333333333,0.0,-0.03333333333333333
1744898399.6592777,0.0,-94.0,282.0,,0.07789666695112452,-0.039,-1.8131663455555422,0.03333333333333333,0.0,-0.03333333333333333
1744898399.6799076,0.0,-94.0,282.0,,0.07789666695112452,-0.049,-1.8131623004034687,0.03333333333333333,0.0,-0.03333333333333333
1744898399.7002156,0.0,-94.0,282.0,,0.07789666695112452,-0.049,-1.8131623004034687,0.03333333333333333,0.0,-0.03333333333333333
1744898399.7203808,0.0,-94.0,282.0,,0.0878966669511243,-0.049,-1.81225636370228,0.03333333333333333,0.0,-0.03333333333333333
1744898399.7407897,0.0,-94.0,282.0,,0.0878966669511243,-0.039,-1.8122603966803073,0.03333333333333333,0.0,-0.03333333333333333
1744898399.7613592,0.0,-94.0,282.0,,0.07789666695112452,-0.039,-1.8131663455555422,0.03333333333333333,0.0,-0.03333333333333333
1744898399.7817461,0.0,-94.0,282.0,,0.0878966669511243,-0.039,-1.7924494508366928,0.03333333333333333,0.0,-0.03333333333333333
1744898399.8022728,0.0,-94.0,282.0,,0.0878966669511243,-0.059,-1.7924405645125572,0.03333333333333333,0.0,-0.03333333333333333
1744898399.8224912,0.0,-94.0,282.0,,0.0878966669511243,-0.049,-1.81225636370228,0.03333333333333333,0.0,-0.03333333333333333
1744898399.8434217,0.0,-94.0,282.0,,0.0878966669511243,-0.049,-1.81225636370228,0.03333333333333333,0.0,-0.03333333333333333
1744898399.863697,0.0,-94.0,282.0,,0.07789666695112452,-0.039,-1.8131663455555422,0.03333333333333333,0.0,-0.03333333333333333
1744898399.8843138,0.0,-94.0,282.0,,0.0878966669511243,-0.039,-1.8122603966803073,0.03333333333333333,0.0,-0.03333333333333333
1744898399.9045084,0.0,-94.0,282.0,,0.0878966669511243,-0.039,-1.8122603966803073,0.03333333333333333,0.0,-0.03333333333333333
1744898399.92568,0.0,-94.0,282.0,,0.07789666695112452,-0.039,-1.7933457031409143,0.03333333333333333,0.0,-0.03333333333333333
1744898399.9459105,0.0,-94.0,282.0,,0.0878966669511243,-0.039,-1.7924494508366928,0.03333333333333333,0.0,-0.03333333333333333
1744898399.9661086,0.0,-94.0,282.0,,0.0878966669511243,-0.039,-1.8122603966803073,0.03333333333333333,0.0,-0.03333333333333333
1744898399.9862902,0.0,-94.0,282.0,,0.0878966669511243,-0.039,-1.7924494508366928,0.03333333333333333,0.0,-0.03333333333333333
1744898400.0065136,0.0,-94.0,282.0,,0.0878966669511243,-0.049,-1.7924454610256362,0.03333333333333333,0.0,-0.03333333333333333
1744898400.026715,0.0,-94.0,282.0,,0.0878966669511243,-0.039,-1.8122603966803073,0.03333333333333333,0.0,-0.03333333333333333
1744898400.0469089,0.0,-94.0,282.0,,0.0878966669511243,-0.039,-1.7924494508366928,0.03333333333333333,0.0,-0.03333333333333333
1744898400.0671372,0.0,-94.0,282.0,,0.07789666695112452,-0.049,-1.7933417012838873,0.03333333333333333,0.0,-0.03333333333333333
1744898400.087798,0.0,-94.0,282.0,,0.0878966669511243,-0.039,-1.7924494508366928,0.03333333333333333,0.0,-0.03333333333333333
1744898400.110136,0.0,-94.0,282.0,,0.07789666695112452,-0.039,-1.7933457031409143,0.03333333333333333,0.0,-0.03333333333333333
1744898400.1302857,0.0,-94.0,282.0,,0.0878966669511243,-0.039,-1.8122603966803073,0.03333333333333333,0.0,-0.03333333333333333
1744898400.1505108,0.0,-94.0,282.0,,0.0878966669511243,-0.049,-1.81225636370228,0.03333333333333333,0.0,-0.03333333333333333
1744898400.1706982,0.0,-94.0,282.0,,0.0878966669511243,-0.059,-1.7924405645125572,0.03333333333333333,0.0,-0.03333333333333333
1744898400.1909113,0.0,-94.0,282.0,,0.0878966669511243,-0.059,-1.7924405645125572,0.03333333333333333,0.0,-0.03333333333333333
1744898400.211449,0.0,-94.0,282.0,,0.0878966669511243,-0.029,-1.8122635131094995,0.03333333333333333,0.0,-0.03333333333333333
1744898400.232435,0.0,-94.0,282.0,,0.07789666695112452,-0.039,-1.8131663455555422,0.03333333333333333,0.0,-0.03333333333333333
1744898400.252658,0.0,-94.0,282.0,,0.07789666695112452,-0.039,-1.8131663455555422,0.03333333333333333,0.0,-0.03333333333333333
1744898400.2730093,0.0,-94.0,282.0,,0.0878966669511243,-0.049,-1.81225636370228,0.03333333333333333,0.0,-0.03333333333333333
1744898400.293386,0.0,-94.0,282.0,,0.07789666695112452,-0.039,-1.8131663455555422,0.03333333333333333,0.0,-0.03333333333333333
1744898400.3136268,0.0,-94.0,282.0,,0.07789666695112452,-0.039,-1.8131663455555422,0.03333333333333333,0.0,-0.03333333333333333
1744898400.3340528,0.0,-94.0,282.0,,0.0878966669511243,-0.039,-1.8122603966803073,0.03333333333333333,0.0,-0.03333333333333333
1744898400.3547065,0.0,-94.0,282.0,,0.07789666695112452,-0.049,-1.7933417012838873,0.03333333333333333,0.0,-0.03333333333333333
1744898400.3749166,0.0,-94.0,282.0,,0.07789666695112452,-0.049,-1.7933417012838873,0.03333333333333333,0.0,-0.03333333333333333
1744898400.3952513,0.0,-94.0,282.0,,0.07789666695112452,-0.039,-1.8131663455555422,0.03333333333333333,0.0,-0.03333333333333333
1744898400.4173498,0.0,-94.0,282.0,,0.07789666695112452,-0.049,-1.7735183962234,0.03333333333333333,0.0,-0.03333333333333333
1744898400.437543,0.0,-94.0,282.0,,0.07789666695112452,-0.049,-1.7735183962234,0.03333333333333333,0.0,-0.03333333333333333
1744898400.457886,0.0,-94.0,282.0,,0.0878966669511243,-0.049,-1.7924454610256362,0.03333333333333333,0.0,-0.03333333333333333
1744898400.4781497,0.0,-94.0,282.0,,0.07789666695112452,-0.039,-1.8131663455555422,0.03333333333333333,0.0,-0.03333333333333333
1744898400.498675,0.0,-94.0,282.0,,0.07789666695112452,-0.039,-1.8131663455555422,0.03333333333333333,0.0,-0.03333333333333333
1744898400.5188587,0.0,-94.0,282.0,,0.0878966669511243,-0.039,-1.7924494508366928,0.03333333333333333,0.0,-0.03333333333333333
1744898400.5390954,0.0,-94.0,282.0,,0.0878966669511243,-0.049,-1.81225636370228,0.03333333333333333,0.0,-0.03333333333333333
1744898400.5593088,0.0,-94.0,282.0,,0.0878966669511243,-0.049,-1.81225636370228,0.03333333333333333,0.0,-0.03333333333333333
1744898400.579491,0.0,-94.0,282.0,,0.0878966669511243,-0.039,-1.8122603966803073,0.03333333333333333,0.0,-0.03333333333333333
1744898400.599703,0.0,-94.0,282.0,,0.07789666695112452,-0.049,-1.8131623004034687,0.03333333333333333,0.0,-0.03333333333333333
1744898400.619955,0.0,-94.0,282.0,,0.07789666695112452,-0.049,-1.8131623004034687,0.03333333333333333,0.0,-0.03333333333333333
1744898400.6401513,0.0,-94.0,282.0,,0.0878966669511243,-0.049,-1.7924454610256362,0.03333333333333333,0.0,-0.03333333333333333
1744898400.6603346,0.0,-94.0,282.0,,0.07789666695112452,-0.049,-1.8131623004034687,0.03333333333333333,0.0,-0.03333333333333333
1744898400.6805353,0.0,-94.0,282.0,,0.07789666695112452,-0.039,-1.7933457031409143,0.03333333333333333,0.0,-0.03333333333333333
1744898400.7017386,0.0,-94.0,282.0,,0.0878966669511243,-0.039,-1.7924494508366928,0.03333333333333333,0.0,-0.03333333333333333
1744898400.7219694,0.0,-94.0,282.0,,0.07789666695112452,-0.039,-1.7933457031409143,0.03333333333333333,0.0,-0.03333333333333333
1744898400.742915,0.0,-94.0,282.0,,0.07789666695112452,-0.049,-1.7933417012838873,0.03333333333333333,0.0,-0.03333333333333333
1744898400.7631154,0.0,-94.0,282.0,,0.0878966669511243,-0.049,-1.7924454610256362,0.03333333333333333,0.0,-0.03333333333333333
1744898400.7833679,0.0,-94.0,282.0,,0.0878966669511243,-0.049,-1.7924454610256362,0.03333333333333333,0.0,-0.03333333333333333
1744898400.8037124,0.0,-94.0,282.0,,0.0878966669511243,-0.039,-1.8122603966803073,0.03333333333333333,0.0,-0.03333333333333333
1744898400.8242106,0.0,-94.0,282.0,,0.07789666695112452,-0.039,-1.8131663455555422,0.03333333333333333,0.0,-0.03333333333333333
1744898400.8443873,0.0,-94.0,282.0,,0.0878966669511243,-0.039,-1.7924494508366928,0.03333333333333333,0.0,-0.03333333333333333
1744898400.8646092,0.0,-94.0,282.0,,0.07789666695112452,-0.049,-1.8131623004034687,0.03333333333333333,0.0,-0.03333333333333333
1744898400.8850653,0.0,-94.0,282.0,,0.0878966669511243,-0.039,-1.7924494508366928,0.03333333333333333,0.0,-0.03333333333333333
1744898400.9054122,0.0,-94.0,282.0,,0.0878966669511243,-0.039,-1.7924494508366928,0.03333333333333333,0.0,-0.03333333333333333
1744898400.926433,0.0,-94.0,282.0,,0.07789666695112452,-0.049,-1.7933417012838873,0.03333333333333333,0.0,-0.03333333333333333
1744898400.9466949,0.0,-94.0,282.0,,0.0878966669511243,-0.039,-1.8122603966803073,0.03333333333333333,0.0,-0.03333333333333333
1744898400.9669309,0.0,-94.0,282.0,,0.07789666695112452,-0.029,-1.7933487955218554,0.03333333333333333,0.0,-0.03333333333333333
1744898400.9893677,0.0,-94.0,282.0,,0.0878966669511243,-0.039,-1.7924494508366928,0.03333333333333333,0.0,-0.03333333333333333
1744898401.010303,0.0,-94.0,282.0,,0.07789666695112452,-0.049,-1.7933417012838873,0.03333333333333333,0.0,-0.03333333333333333
1744898401.0305173,0.0,-94.0,282.0,,0.07789666695112452,-0.049,-1.7933417012838873,0.03333333333333333,0.0,-0.03333333333333333
1744898401.0507655,0.0,-94.0,282.0,,0.0878966669511243,-0.049,-1.81225636370228,0.03333333333333333,0.0,-0.03333333333333333
1744898401.070973,0.0,-94.0,282.0,,0.0878966669511243,-0.049,-1.7924454610256362,0.03333333333333333,0.0,-0.03333333333333333
1744898401.0911882,0.0,-94.0,282.0,,0.0878966669511243,-0.049,-1.7924454610256362,0.03333333333333333,0.0,-0.03333333333333333
1744898401.1116784,0.0,-94.0,282.0,,0.07789666695112452,-0.049,-1.8131623004034687,0.03333333333333333,0.0,-0.03333333333333333
1744898401.1322637,0.0,-94.0,282.0,,0.0878966669511243,-0.039,-1.8122603966803073,0.03333333333333333,0.0,-0.03333333333333333
1744898401.1528192,0.0,-94.0,282.0,,0.0878966669511243,-0.039,-1.8122603966803073,0.03333333333333333,0.0,-0.03333333333333333
1744898401.173038,0.0,-94.0,282.0,,0.07789666695112452,-0.029,-1.813169471392142,0.03333333333333333,0.0,-0.03333333333333333
1744898401.1932256,0.0,-94.0,282.0,,0.0878966669511243,-0.049,-1.7924454610256362,0.03333333333333333,0.0,-0.03333333333333333
1744898401.2137203,0.0,-94.0,282.0,,0.0878966669511243,-0.049,-1.7924454610256362,0.03333333333333333,0.0,-0.03333333333333333
1744898401.2343032,0.0,-94.0,282.0,,0.0878966669511243,-0.049,-1.7924454610256362,0.03333333333333333,0.0,-0.03333333333333333
1744898401.2544742,0.0,-94.0,282.0,,0.07789666695112452,-0.039,-1.7933457031409143,0.03333333333333333,0.0,-0.03333333333333333
1744898401.2747009,0.0,-94.0,282.0,,0.07789666695112452,-0.039,-1.7933457031409143,0.03333333333333333,0.0,-0.03333333333333333
1744898401.2949076,0.0,-94.0,282.0,,0.07789666695112452,-0.039,-1.8131663455555422,0.03333333333333333,0.0,-0.03333333333333333
1744898401.3151486,0.0,-94.0,282.0,,0.0878966669511243,-0.039,-1.8122603966803073,0.03333333333333333,0.0,-0.03333333333333333
1744898401.3355181,0.0,-94.0,282.0,,0.0878966669511243,-0.039,-1.8122603966803073,0.03333333333333333,0.0,-0.03333333333333333
1744898401.3560646,0.0,-94.0,282.0,,0.0878966669511243,-0.039,-1.8122603966803073,0.03333333333333333,0.0,-0.03333333333333333
1744898401.3762684,0.0,-94.0,282.0,,0.07789666695112452,-0.039,-1.8131663455555422,0.03333333333333333,0.0,-0.03333333333333333
1744898401.3966904,0.0,-94.0,282.0,,0.07789666695112452,-0.039,-1.8131663455555422,0.03333333333333333,0.0,-0.03333333333333333
1744898401.4171808,0.0,-94.0,282.0,,0.0878966669511243,-0.049,-1.81225636370228,0.03333333333333333,0.0,-0.03333333333333333
1744898401.4373682,0.0,-94.0,282.0,,0.07789666695112452,-0.049,-1.7933417012838873,0.03333333333333333,0.0,-0.03333333333333333
1744898401.4575996,0.0,-94.0,282.0,,0.07789666695112452,-0.049,-1.7933417012838873,0.03333333333333333,0.0,-0.03333333333333333
1744898401.479246,0.0,-94.0,282.0,,0.0878966669511243,-0.049,-1.7924454610256362,0.03333333333333333,0.0,-0.03333333333333333
1744898401.499493,0.0,-94.0,282.0,,0.0878966669511243,-0.049,-1.81225636370228,0.03333333333333333,0.0,-0.03333333333333333
1744898401.51967,0.0,-94.0,282.0,,0.07789666695112452,-0.039,-1.8329842532228762,0.03333333333333333,0.0,-0.03333333333333333
1744898401.539864,0.0,-94.0,282.0,,0.07789666695112452,-0.049,-1.8131623004034687,0.03333333333333333,0.0,-0.03333333333333333
1744898401.560049,0.0,-94.0,282.0,,0.07789666695112452,-0.039,-1.7933457031409143,0.03333333333333333,0.0,-0.03333333333333333
1744898401.5808053,0.0,-94.0,282.0,,0.07789666695112452,-0.039,-1.7933457031409143,0.03333333333333333,0.0,-0.03333333333333333
1744898401.6010678,0.0,-94.0,282.0,,0.0878966669511243,-0.059,-1.7924405645125572,0.03333333333333333,0.0,-0.03333333333333333
1744898401.6220725,0.0,-94.0,282.0,,0.07789666695112452,-0.039,-1.8131663455555422,0.03333333333333333,0.0,-0.03333333333333333
1744898401.6425178,0.0,-94.0,282.0,,0.07789666695112452,-0.039,-1.8131663455555422,0.03333333333333333,0.0,-0.03333333333333333
1744898401.6630485,0.0,-94.0,282.0,,0.0878966669511243,-0.039,-1.7924494508366928,0.03333333333333333,0.0,-0.03333333333333333
1744898401.6834865,0.0,-94.0,282.0,,0.0878966669511243,-0.049,-1.81225636370228,0.03333333333333333,0.0,-0.03333333333333333
1744898401.703709,0.0,-94.0,282.0,,0.0878966669511243,-0.039,-1.8122603966803073,0.03333333333333333,0.0,-0.03333333333333333
1744898401.7239044,0.0,-94.0,282.0,,0.0878966669511243,-0.049,-1.7924454610256362,0.03333333333333333,0.0,-0.03333333333333333
1744898401.744594,0.0,-94.0,282.0,,0.07789666695112452,-0.049,-1.8131623004034687,0.03333333333333333,0.0,-0.03333333333333333
1744898401.7651198,0.0,-94.0,282.0,,0.0878966669511243,-0.049,-1.81225636370228,0.03333333333333333,0.0,-0.03333333333333333
1744898401.7855208,0.0,-94.0,282.0,,0.0878966669511243,-0.039,-1.8122603966803073,0.03333333333333333,0.0,-0.03333333333333333
1744898401.8059266,0.0,-94.0,282.0,,0.0878966669511243,-0.039,-1.7924494508366928,0.03333333333333333,0.0,-0.03333333333333333
1744898401.8264813,0.0,-94.0,282.0,,0.07789666695112452,-0.039,-1.7933457031409143,0.03333333333333333,0.0,-0.03333333333333333
1744898401.8466964,0.0,-94.0,282.0,,0.0878966669511243,-0.049,-1.7924454610256362,0.03333333333333333,0.0,-0.03333333333333333
1744898401.866933,0.0,-94.0,282.0,,0.0878966669511243,-0.049,-1.7924454610256362,0.03333333333333333,0.0,-0.03333333333333333
1744898401.889687,0.0,-94.0,282.0,,0.07789666695112452,-0.039,-1.8131663455555422,0.03333333333333333,0.0,-0.03333333333333333
1744898401.9098961,0.0,-94.0,282.0,,0.0878966669511243,-0.049,-1.77263186050799,0.03333333333333333,0.0,-0.03333333333333333
1744898401.9301064,0.0,-94.0,282.0,,0.07789666695112452,-0.039,-1.8329842532228762,0.03333333333333333,0.0,-0.03333333333333333
1744898401.95029,0.0,-94.0,282.0,,0.07789666695112452,-0.049,-1.7735183962234,0.03333333333333333,0.0,-0.03333333333333333
1744898401.9714499,0.0,-94.0,282.0,,0.0878966669511243,-0.039,-1.7924494508366928,0.03333333333333333,0.0,-0.03333333333333333
1744898401.9917307,0.0,-94.0,282.0,,0.0878966669511243,-0.049,-1.81225636370228,0.03333333333333333,0.0,-0.03333333333333333
1744898402.012009,0.0,-94.0,282.0,,0.07789666695112452,-0.049,-1.8131623004034687,0.03333333333333333,0.0,-0.03333333333333333
1744898402.0322268,0.0,-94.0,282.0,,0.0878966669511243,-0.049,-1.81225636370228,0.03333333333333333,0.0,-0.03333333333333333
1744898402.0527966,0.0,-94.0,282.0,,0.0878966669511243,-0.049,-1.81225636370228,0.03333333333333333,0.0,-0.03333333333333333
1744898402.0739944,0.0,-94.0,282.0,,0.0878966669511243,-0.049,-1.81225636370228,0.03333333333333333,0.0,-0.03333333333333333
1744898402.094191,0.0,-94.0,282.0,,0.0878966669511243,-0.029,-1.7924525339092003,0.03333333333333333,0.0,-0.03333333333333333
1744898402.1144092,0.0,-94.0,282.0,,0.0878966669511243,-0.029,-1.7924525339092003,0.03333333333333333,0.0,-0.03333333333333333
1744898402.134632,0.0,-94.0,282.0,,0.0878966669511243,-0.029,-1.7924525339092003,0.03333333333333333,0.0,-0.03333333333333333
1744898402.154835,0.0,-94.0,282.0,,0.07789666695112452,-0.059,-1.7933367899874875,0.03333333333333333,0.0,-0.03333333333333333
1744898402.176294,0.0,-94.0,282.0,,0.07789666695112452,-0.059,-1.7933367899874875,0.03333333333333333,0.0,-0.03333333333333333
1744898402.196488,0.0,-94.0,282.0,,0.07789666695112452,-0.049,-1.7933417012838873,0.03333333333333333,0.0,-0.03333333333333333
1744898402.2167692,0.0,-94.0,282.0,,0.07789666695112452,-0.039,-1.8131663455555422,0.03333333333333333,0.0,-0.03333333333333333
1744898402.236975,0.0,-94.0,282.0,,0.07789666695112452,-0.039,-1.8131663455555422,0.03333333333333333,0.0,-0.03333333333333333
1744898402.2576637,0.0,-94.0,282.0,,0.0878966669511243,-0.039,-1.8122603966803073,0.03333333333333333,0.0,-0.03333333333333333
1744898402.2778704,0.0,-94.0,282.0,,0.0878966669511243,-0.049,-1.7924454610256362,0.03333333333333333,0.0,-0.03333333333333333
1744898402.2980697,0.0,-94.0,282.0,,0.0878966669511243,-0.049,-1.7924454610256362,0.03333333333333333,0.0,-0.03333333333333333
1744898402.3184114,0.0,-94.0,282.0,,0.0878966669511243,-0.039,-1.8122603966803073,0.03333333333333333,0.0,-0.03333333333333333
1744898402.3386393,0.0,-94.0,282.0,,0.07789666695112452,-0.039,-1.7933457031409143,0.03333333333333333,0.0,-0.03333333333333333
1744898402.3595622,0.0,-94.0,282.0,,0.07789666695112452,-0.039,-1.7933457031409143,0.03333333333333333,0.0,-0.03333333333333333
1744898402.379865,0.0,-94.0,282.0,,0.07789666695112452,-0.059,-1.8131573359730189,0.03333333333333333,0.0,-0.03333333333333333
1744898402.4000854,0.0,-94.0,282.0,,0.0878966669511243,-0.049,-1.7924454610256362,0.03333333333333333,0.0,-0.03333333333333333
1744898402.4203076,0.0,-94.0,282.0,,0.0878966669511243,-0.039,-1.8122603966803073,0.03333333333333333,0.0,-0.03333333333333333
1744898402.4405107,0.0,-94.0,282.0,,0.0878966669511243,-0.029,-1.7924525339092003,0.03333333333333333,0.0,-0.03333333333333333
1744898402.460781,0.0,-94.0,282.0,,0.07789666695112452,-0.039,-1.8131663455555422,0.03333333333333333,0.0,-0.03333333333333333
1744898402.4819598,0.0,-94.0,282.0,,0.0878966669511243,-0.059,-1.8122514142123367,0.03333333333333333,0.0,-0.03333333333333333
1744898402.5021493,0.0,-94.0,282.0,,0.0878966669511243,-0.039,-1.832068615960302,0.03333333333333333,0.0,-0.03333333333333333
1744898402.5223618,0.0,-94.0,282.0,,0.0878966669511243,-0.049,-1.7924454610256362,0.03333333333333333,0.0,-0.03333333333333333
1744898402.5458763,0.0,-94.0,282.0,,0.0878966669511243,-0.039,-1.832068615960302,0.03333333333333333,0.0,-0.03333333333333333
1744898402.5661633,0.0,-94.0,282.0,,0.07789666695112452,-0.049,-1.7735183962234,0.03333333333333333,0.0,-0.03333333333333333
1744898402.5863967,0.0,-94.0,282.0,,0.07789666695112452,-0.039,-1.8131663455555422,0.03333333333333333,0.0,-0.03333333333333333
1744898402.6066191,0.0,-94.0,282.0,,0.07789666695112452,-0.049,-1.7933417012838873,0.03333333333333333,0.0,-0.03333333333333333
1744898402.6272047,0.0,-94.0,282.0,,0.0878966669511243,-0.039,-1.7924494508366928,0.03333333333333333,0.0,-0.03333333333333333
1744898402.6475804,0.0,-94.0,282.0,,0.07789666695112452,-0.039,-1.8131663455555422,0.03333333333333333,0.0,-0.03333333333333333
1744898402.6684532,0.0,-94.0,282.0,,0.07789666695112452,-0.049,-1.8131623004034687,0.03333333333333333,0.0,-0.03333333333333333
1744898402.6886766,0.0,-94.0,282.0,,0.0878966669511243,-0.049,-1.81225636370228,0.03333333333333333,0.0,-0.03333333333333333
1744898402.7089303,0.0,-94.0,282.0,,0.0878966669511243,-0.049,-1.7924454610256362,0.03333333333333333,0.0,-0.03333333333333333
1744898402.7302752,0.0,-94.0,282.0,,0.0878966669511243,-0.039,-1.8122603966803073,0.03333333333333333,0.0,-0.03333333333333333
1744898402.7510498,0.0,-94.0,282.0,,0.0878966669511243,-0.039,-1.7924494508366928,0.03333333333333333,0.0,-0.03333333333333333
1744898402.7714956,0.0,-94.0,282.0,,0.0878966669511243,-0.039,-1.7924494508366928,0.03333333333333333,0.0,-0.03333333333333333
1744898402.7919917,0.0,-94.0,282.0,,0.07789666695112452,-0.049,-1.7933417012838873,0.03333333333333333,0.0,-0.03333333333333333
1744898402.8123467,0.0,-94.0,282.0,,0.0878966669511243,-0.039,-1.7924494508366928,0.03333333333333333,0.0,-0.03333333333333333
1744898402.8340087,0.0,-94.0,282.0,,0.0878966669511243,-0.039,-1.7924494508366928,0.03333333333333333,0.0,-0.03333333333333333
1744898402.8543513,0.0,-94.0,282.0,,0.07789666695112452,-0.049,-1.7933417012838873,0.03333333333333333,0.0,-0.03333333333333333
1744898402.8745992,0.0,-94.0,282.0,,0.07789666695112452,-0.039,-1.8131663455555422,0.03333333333333333,0.0,-0.03333333333333333
1744898402.894818,0.0,-94.0,282.0,,0.07789666695112452,-0.039,-1.8131663455555422,0.03333333333333333,0.0,-0.03333333333333333
1744898402.9160757,0.0,-94.0,282.0,,0.0878966669511243,-0.039,-1.7924494508366928,0.03333333333333333,0.0,-0.03333333333333333
1744898402.9363294,0.0,-94.0,282.0,,0.07789666695112452,-0.049,-1.7933417012838873,0.03333333333333333,0.0,-0.03333333333333333
1744898402.956539,0.0,-94.0,282.0,,0.07789666695112452,-0.049,-1.7933417012838873,0.03333333333333333,0.0,-0.03333333333333333
1744898402.9767513,0.0,-94.0,282.0,,0.07789666695112452,-0.039,-1.8131663455555422,0.03333333333333333,0.0,-0.03333333333333333
1744898402.9969993,0.0,-94.0,282.0,,0.07789666695112452,-0.039,-1.7933457031409143,0.03333333333333333,0.0,-0.03333333333333333
1744898403.0171876,0.0,-94.0,282.0,,0.07789666695112452,-0.039,-1.7933457031409143,0.03333333333333333,0.0,-0.03333333333333333
1744898403.0373676,0.0,-94.0,282.0,,0.07789666695112452,-0.039,-1.8131663455555422,0.03333333333333333,0.0,-0.03333333333333333
1744898403.0580466,0.0,-94.0,282.0,,0.09789666695112409,-0.049,-1.7915510117779287,0.03333333333333333,0.0,-0.03333333333333333
1744898403.0783014,0.0,-94.0,282.0,,0.09789666695112409,-0.049,-1.7915510117779287,0.03333333333333333,0.0,-0.03333333333333333
1744898403.0985265,0.0,-94.0,282.0,,0.0878966669511243,-0.039,-1.8122603966803073,0.03333333333333333,0.0,-0.03333333333333333
1744898403.119381,0.0,-94.0,282.0,,0.0878966669511243,-0.049,-1.7924454610256362,0.03333333333333333,0.0,-0.03333333333333333
1744898403.1413338,0.0,-94.0,282.0,,0.07789666695112452,-0.049,-1.8131623004034687,0.03333333333333333,0.0,-0.03333333333333333
1744898403.1615896,0.0,-94.0,282.0,,0.0878966669511243,-0.059,-1.7924405645125572,0.03333333333333333,0.0,-0.03333333333333333
1744898403.1818304,0.0,-94.0,282.0,,0.0878966669511243,-0.039,-1.7924494508366928,0.03333333333333333,0.0,-0.03333333333333333
1744898403.2023177,0.0,-94.0,282.0,,0.0878966669511243,-0.049,-1.81225636370228,0.03333333333333333,0.0,-0.03333333333333333
1744898403.2225842,0.0,-94.0,282.0,,0.0878966669511243,-0.039,-1.8122603966803073,0.03333333333333333,0.0,-0.03333333333333333
1744898403.2427857,0.0,-94.0,282.0,,0.0878966669511243,-0.049,-1.77263186050799,0.03333333333333333,0.0,-0.03333333333333333
1744898403.2630012,0.0,-94.0,282.0,,0.0878966669511243,-0.039,-1.8122603966803073,0.03333333333333333,0.0,-0.03333333333333333
1744898403.2833936,0.0,-94.0,282.0,,0.07789666695112452,-0.049,-1.7933417012838873,0.03333333333333333,0.0,-0.03333333333333333
1744898403.3052642,0.0,-94.0,282.0,,0.07789666695112452,-0.049,-1.8131623004034687,0.03333333333333333,0.0,-0.03333333333333333
1744898403.3258708,0.0,-94.0,282.0,,0.0878966669511243,-0.049,-1.7924454610256362,0.03333333333333333,0.0,-0.03333333333333333
1744898403.3464804,0.0,-94.0,282.0,,0.0878966669511243,-0.029,-1.7924525339092003,0.03333333333333333,0.0,-0.03333333333333333
1744898403.3670268,0.0,-94.0,282.0,,0.0878966669511243,-0.039,-1.7924494508366928,0.03333333333333333,0.0,-0.03333333333333333
1744898403.3873994,0.0,-94.0,282.0,,0.0878966669511243,-0.039,-1.8122603966803073,0.03333333333333333,0.0,-0.03333333333333333
1744898403.4079094,0.0,-94.0,282.0,,0.0878966669511243,-0.059,-1.7924405645125572,0.03333333333333333,0.0,-0.03333333333333333
1744898403.4281244,0.0,-94.0,282.0,,0.0878966669511243,-0.049,-1.7924454610256362,0.03333333333333333,0.0,-0.03333333333333333
1744898403.4507892,0.0,-94.0,282.0,,0.0878966669511243,-0.039,-1.7924494508366928,0.03333333333333333,0.0,-0.03333333333333333
1744898403.4730597,0.0,-94.0,282.0,,0.0878966669511243,-0.049,-1.77263186050799,0.03333333333333333,0.0,-0.03333333333333333
1744898403.4943416,0.0,-94.0,282.0,,0.0878966669511243,-0.049,-1.77263186050799,0.03333333333333333,0.0,-0.03333333333333333
1744898403.5145366,0.0,-94.0,282.0,,0.07789666695112452,-0.039,-1.7933457031409143,0.03333333333333333,0.0,-0.03333333333333333
1744898403.5347478,0.0,-94.0,282.0,,0.07789666695112452,-0.039,-1.7933457031409143,0.03333333333333333,0.0,-0.03333333333333333
1744898403.5549333,0.0,-94.0,282.0,,0.07789666695112452,-0.039,-1.7933457031409143,0.03333333333333333,0.0,-0.03333333333333333
1744898403.5755296,0.0,-94.0,282.0,,0.0878966669511243,-0.039,-1.7924494508366928,0.03333333333333333,0.0,-0.03333333333333333
1744898403.5957434,0.0,-94.0,282.0,,0.07789666695112452,-0.049,-1.7933417012838873,0.03333333333333333,0.0,-0.03333333333333333
1744898403.615954,0.0,-94.0,282.0,,0.07789666695112452,-0.049,-1.7933417012838873,0.03333333333333333,0.0,-0.03333333333333333
1744898403.6366832,0.0,-94.0,282.0,,0.07789666695112452,-0.039,-1.8131663455555422,0.03333333333333333,0.0,-0.03333333333333333
1744898403.6568727,0.0,-94.0,282.0,,0.0878966669511243,-0.059,-1.8122514142123367,0.03333333333333333,0.0,-0.03333333333333333
1744898403.6770709,0.0,-94.0,282.0,,0.0878966669511243,-0.059,-1.8122514142123367,0.03333333333333333,0.0,-0.03333333333333333
1744898403.6973708,0.0,-94.0,282.0,,0.0878966669511243,-0.039,-1.8122603966803073,0.03333333333333333,0.0,-0.03333333333333333
1744898403.7175474,0.0,-94.0,282.0,,0.07789666695112452,-0.039,-1.7933457031409143,0.03333333333333333,0.0,-0.03333333333333333
1744898403.7381668,0.0,-94.0,282.0,,0.07789666695112452,-0.039,-1.7933457031409143,0.03333333333333333,0.0,-0.03333333333333333
1744898403.7586608,0.0,-94.0,282.0,,0.0878966669511243,-0.049,-1.7924454610256362,0.03333333333333333,0.0,-0.03333333333333333
1744898403.779157,0.0,-94.0,282.0,,0.07789666695112452,-0.059,-1.7933367899874875,0.03333333333333333,0.0,-0.03333333333333333
1744898403.7994535,0.0,-94.0,282.0,,0.07789666695112452,-0.039,-1.8131663455555422,0.03333333333333333,0.0,-0.03333333333333333
1744898403.8196523,0.0,-94.0,282.0,,0.0878966669511243,-0.039,-1.7924494508366928,0.03333333333333333,0.0,-0.03333333333333333
1744898403.8399243,0.0,-94.0,282.0,,0.0878966669511243,-0.049,-1.7924454610256362,0.03333333333333333,0.0,-0.03333333333333333
1744898403.8601522,0.0,-94.0,282.0,,0.0878966669511243,-0.049,-1.81225636370228,0.03333333333333333,0.0,-0.03333333333333333
1744898403.880365,0.0,-94.0,282.0,,0.0878966669511243,-0.039,-1.8122603966803073,0.03333333333333333,0.0,-0.03333333333333333
1744898403.9005876,0.0,-94.0,282.0,,0.0878966669511243,-0.039,-1.7924494508366928,0.03333333333333333,0.0,-0.03333333333333333
1744898403.9207802,0.0,-94.0,282.0,,0.07789666695112452,-0.039,-1.8131663455555422,0.03333333333333333,0.0,-0.03333333333333333
1744898403.9411774,0.0,-94.0,282.0,,0.07789666695112452,-0.049,-1.7933417012838873,0.03333333333333333,0.0,-0.03333333333333333
1744898403.9613743,0.0,-94.0,282.0,,0.07789666695112452,-0.049,-1.8131623004034687,0.03333333333333333,0.0,-0.03333333333333333
1744898403.9819791,0.0,-94.0,282.0,,0.0878966669511243,-0.049,-1.7924454610256362,0.03333333333333333,0.0,-0.03333333333333333
1744898404.0022151,0.0,-94.0,282.0,,0.0878966669511243,-0.049,-1.7924454610256362,0.03333333333333333,0.0,-0.03333333333333333
1744898404.0224335,0.0,-94.0,282.0,,0.0878966669511243,-0.049,-1.7924454610256362,0.03333333333333333,0.0,-0.03333333333333333
1744898404.0427775,0.0,-94.0,282.0,,0.07789666695112452,-0.039,-1.8131663455555422,0.03333333333333333,0.0,-0.03333333333333333
1744898404.0629938,0.0,-94.0,282.0,,0.0878966669511243,-0.029,-1.7924525339092003,0.03333333333333333,0.0,-0.03333333333333333
1744898404.0832694,0.0,-94.0,282.0,,0.07789666695112452,-0.039,-1.8131663455555422,0.03333333333333333,0.0,-0.03333333333333333
1744898404.103436,0.0,-94.0,282.0,,0.0878966669511243,-0.049,-1.81225636370228,0.03333333333333333,0.0,-0.03333333333333333
1744898404.1236565,0.0,-94.0,282.0,,0.0878966669511243,-0.049,-1.7924454610256362,0.03333333333333333,0.0,-0.03333333333333333
1744898404.1443841,0.0,-94.0,282.0,,0.0878966669511243,-0.049,-1.81225636370228,0.03333333333333333,0.0,-0.03333333333333333
1744898404.1646175,0.0,-94.0,282.0,,0.07789666695112452,-0.039,-1.7735223547491743,0.03333333333333333,0.0,-0.03333333333333333
1744898404.1853025,0.0,-94.0,282.0,,0.07789666695112452,-0.039,-1.7933457031409143,0.03333333333333333,0.0,-0.03333333333333333
1744898404.2061186,0.0,-94.0,282.0,,0.07789666695112452,-0.039,-1.8131663455555422,0.03333333333333333,0.0,-0.03333333333333333
1744898404.2270656,0.0,-94.0,282.0,,0.0878966669511243,-0.049,-1.7924454610256362,0.03333333333333333,0.0,-0.03333333333333333
1744898404.2481782,0.0,-94.0,282.0,,0.07789666695112452,-0.059,-1.8131573359730189,0.03333333333333333,0.0,-0.03333333333333333
1744898404.2684245,0.0,-94.0,282.0,,0.07789666695112452,-0.049,-1.8131623004034687,0.03333333333333333,0.0,-0.03333333333333333
1744898404.2908294,0.0,-94.0,282.0,,0.07789666695112452,-0.049,-1.7933417012838873,0.03333333333333333,0.0,-0.03333333333333333
1744898404.311021,0.0,-94.0,282.0,,0.07789666695112452,-0.039,-1.7933457031409143,0.03333333333333333,0.0,-0.03333333333333333
1744898404.3312361,0.0,-94.0,282.0,,0.07789666695112452,-0.039,-1.7933457031409143,0.03333333333333333,0.0,-0.03333333333333333
1744898404.351443,0.0,-94.0,282.0,,0.0878966669511243,-0.039,-1.8122603966803073,0.03333333333333333,0.0,-0.03333333333333333
1744898404.371652,0.0,-94.0,282.0,,0.0878966669511243,-0.059,-1.7924405645125572,0.03333333333333333,0.0,-0.03333333333333333
1744898404.3919966,0.0,-94.0,282.0,,0.0878966669511243,-0.059,-1.7924405645125572,0.03333333333333333,0.0,-0.03333333333333333
1744898404.412411,0.0,-94.0,282.0,,0.07789666695112452,-0.039,-1.7933457031409143,0.03333333333333333,0.0,-0.03333333333333333
1744898404.4326432,0.0,-94.0,282.0,,0.07789666695112452,-0.039,-1.7933457031409143,0.03333333333333333,0.0,-0.03333333333333333
1744898404.452867,0.0,-94.0,282.0,,0.07789666695112452,-0.039,-1.7933457031409143,0.03333333333333333,0.0,-0.03333333333333333
1744898404.4730742,0.0,-94.0,282.0,,0.07789666695112452,-0.049,-1.7933417012838873,0.03333333333333333,0.0,-0.03333333333333333
1744898404.4932866,0.0,-94.0,282.0,,0.0878966669511243,-0.039,-1.7924494508366928,0.03333333333333333,0.0,-0.03333333333333333
1744898404.5136187,0.0,-94.0,282.0,,0.0878966669511243,-0.039,-1.7924494508366928,0.03333333333333333,0.0,-0.03333333333333333
1744898404.5342758,0.0,-94.0,282.0,,0.0878966669511243,-0.039,-1.7924494508366928,0.03333333333333333,0.0,-0.03333333333333333
1744898404.5546684,0.0,-94.0,282.0,,0.07789666695112452,-0.049,-1.7933417012838873,0.03333333333333333,0.0,-0.03333333333333333
1744898404.574891,0.0,-94.0,282.0,,0.07789666695112452,-0.049,-1.7933417012838873,0.03333333333333333,0.0,-0.03333333333333333
1744898404.596509,0.0,-94.0,282.0,,0.0878966669511243,-0.059,-1.7924405645125572,0.03333333333333333,0.0,-0.03333333333333333
1744898404.616741,0.0,-94.0,282.0,,0.0878966669511243,-0.059,-1.7924405645125572,0.03333333333333333,0.0,-0.03333333333333333
1744898404.6369445,0.0,-94.0,282.0,,0.0878966669511243,-0.059,-1.7924405645125572,0.03333333333333333,0.0,-0.03333333333333333
1744898404.6603508,0.0,-94.0,282.0,,0.07789666695112452,-0.029,-1.813169471392142,0.03333333333333333,0.0,-0.03333333333333333
1744898404.680627,0.0,-94.0,282.0,,0.0878966669511243,-0.049,-1.7924454610256362,0.03333333333333333,0.0,-0.03333333333333333
1744898404.7021658,0.0,-94.0,282.0,,0.07789666695112452,-0.039,-1.8131663455555422,0.03333333333333333,0.0,-0.03333333333333333
1744898404.722376,0.0,-94.0,282.0,,0.0878966669511243,-0.029,-1.7924525339092003,0.03333333333333333,0.0,-0.03333333333333333
1744898404.7426078,0.0,-94.0,282.0,,0.0878966669511243,-0.039,-1.8122603966803073,0.03333333333333333,0.0,-0.03333333333333333
1744898404.7628002,0.0,-94.0,282.0,,0.0878966669511243,-0.049,-1.7924454610256362,0.03333333333333333,0.0,-0.03333333333333333
1744898404.786311,0.0,-94.0,282.0,,0.0878966669511243,-0.049,-1.7924454610256362,0.03333333333333333,0.0,-0.03333333333333333
1744898404.8087938,0.0,-94.0,282.0,,0.07789666695112452,-0.049,-1.7933417012838873,0.03333333333333333,0.0,-0.03333333333333333
1744898404.8290374,0.0,-94.0,282.0,,0.07789666695112452,-0.049,-1.7933417012838873,0.03333333333333333,0.0,-0.03333333333333333
1744898404.8503067,0.0,-94.0,282.0,,0.07789666695112452,-0.049,-1.7933417012838873,0.03333333333333333,0.0,-0.03333333333333333
1744898404.870555,0.0,-94.0,282.0,,0.07789666695112452,-0.049,-1.7933417012838873,0.03333333333333333,0.0,-0.03333333333333333
1744898404.8907392,0.0,-94.0,282.0,,0.07789666695112452,-0.039,-1.8131663455555422,0.03333333333333333,0.0,-0.03333333333333333
1744898404.910953,0.0,-94.0,282.0,,0.0878966669511243,-0.049,-1.7924454610256362,0.03333333333333333,0.0,-0.03333333333333333
1744898404.93135,0.0,-94.0,282.0,,0.0878966669511243,-0.049,-1.7924454610256362,0.03333333333333333,0.0,-0.03333333333333333
1744898404.951541,0.0,-94.0,282.0,,0.0878966669511243,-0.049,-1.7924454610256362,0.03333333333333333,0.0,-0.03333333333333333
1744898404.9728518,0.0,-94.0,282.0,,0.07789666695112452,-0.049,-1.8131623004034687,0.03333333333333333,0.0,-0.03333333333333333
1744898404.9948711,0.0,-94.0,282.0,,0.07789666695112452,-0.049,-1.8131623004034687,0.03333333333333333,0.0,-0.03333333333333333
1744898405.0150802,0.0,-94.0,282.0,,0.0878966669511243,-0.039,-1.7924494508366928,0.03333333333333333,0.0,-0.03333333333333333
1744898405.0353217,0.0,-94.0,282.0,,0.0878966669511243,-0.039,-1.7924494508366928,0.03333333333333333,0.0,-0.03333333333333333
1744898405.0555222,0.0,-94.0,282.0,,0.0878966669511243,-0.039,-1.7924494508366928,0.03333333333333333,0.0,-0.03333333333333333
1744898405.0757117,0.0,-94.0,282.0,,0.07789666695112452,-0.049,-1.7933417012838873,0.03333333333333333,0.0,-0.03333333333333333
1744898405.0959826,0.0,-94.0,282.0,,0.0878966669511243,-0.039,-1.8122603966803073,0.03333333333333333,0.0,-0.03333333333333333
1744898405.1162314,0.0,-94.0,282.0,,0.0878966669511243,-0.039,-1.8122603966803073,0.03333333333333333,0.0,-0.03333333333333333
1744898405.1401985,0.0,-94.0,282.0,,0.07789666695112452,-0.049,-1.8131623004034687,0.03333333333333333,0.0,-0.03333333333333333
1744898405.1604383,0.0,-94.0,282.0,,0.0878966669511243,-0.059,-1.7924405645125572,0.03333333333333333,0.0,-0.03333333333333333
1744898405.1806927,0.0,-94.0,282.0,,0.0878966669511243,-0.059,-1.7924405645125572,0.03333333333333333,0.0,-0.03333333333333333
1744898405.200932,0.0,-94.0,282.0,,0.07789666695112452,-0.039,-1.7933457031409143,0.03333333333333333,0.0,-0.03333333333333333
1744898405.2253513,0.0,-94.0,282.0,,0.0878966669511243,-0.039,-1.8122603966803073,0.03333333333333333,0.0,-0.03333333333333333
1744898405.2457328,0.0,-94.0,282.0,,0.0878966669511243,-0.039,-1.7924494508366928,0.03333333333333333,0.0,-0.03333333333333333
1744898405.266435,0.0,-94.0,282.0,,0.07789666695112452,-0.049,-1.8131623004034687,0.03333333333333333,0.0,-0.03333333333333333
1744898405.2866595,0.0,-94.0,282.0,,0.07789666695112452,-0.039,-1.7933457031409143,0.03333333333333333,0.0,-0.03333333333333333
1744898405.307601,0.0,-94.0,282.0,,0.07789666695112452,-0.039,-1.8131663455555422,0.03333333333333333,0.0,-0.03333333333333333
1744898405.3278933,0.0,-94.0,282.0,,0.07789666695112452,-0.049,-1.8131623004034687,0.03333333333333333,0.0,-0.03333333333333333
1744898405.3483303,0.0,-94.0,282.0,,0.0878966669511243,-0.049,-1.7924454610256362,0.03333333333333333,0.0,-0.03333333333333333
1744898405.3694777,0.0,-94.0,282.0,,0.0878966669511243,-0.049,-1.77263186050799,0.03333333333333333,0.0,-0.03333333333333333
1744898405.389738,0.0,-94.0,282.0,,0.07789666695112452,-0.029,-1.813169471392142,0.03333333333333333,0.0,-0.03333333333333333
1744898405.4099503,0.0,-94.0,282.0,,0.07789666695112452,-0.039,-1.7933457031409143,0.03333333333333333,0.0,-0.03333333333333333
1744898405.4301648,0.0,-94.0,282.0,,0.0878966669511243,-0.039,-1.8122603966803073,0.03333333333333333,0.0,-0.03333333333333333
1744898405.45048,0.0,-94.0,282.0,,0.07789666695112452,-0.049,-1.8131623004034687,0.03333333333333333,0.0,-0.03333333333333333
1744898405.4706798,0.0,-94.0,282.0,,0.07789666695112452,-0.049,-1.8131623004034687,0.03333333333333333,0.0,-0.03333333333333333
1744898405.4912267,0.0,-94.0,282.0,,0.0878966669511243,-0.039,-1.7924494508366928,0.03333333333333333,0.0,-0.03333333333333333
1744898405.5114377,0.0,-94.0,282.0,,0.0878966669511243,-0.049,-1.7924454610256362,0.03333333333333333,0.0,-0.03333333333333333
1744898405.5316548,0.0,-94.0,282.0,,0.0878966669511243,-0.049,-1.7924454610256362,0.03333333333333333,0.0,-0.03333333333333333
1744898405.5520205,0.0,-94.0,282.0,,0.07789666695112452,-0.039,-1.7933457031409143,0.03333333333333333,0.0,-0.03333333333333333
1744898405.5722194,0.0,-94.0,282.0,,0.0878966669511243,-0.039,-1.7924494508366928,0.03333333333333333,0.0,-0.03333333333333333
1744898405.592443,0.0,-94.0,282.0,,0.0878966669511243,-0.059,-1.7924405645125572,0.03333333333333333,0.0,-0.03333333333333333
1744898405.6126761,0.0,-94.0,282.0,,0.0878966669511243,-0.059,-1.7924405645125572,0.03333333333333333,0.0,-0.03333333333333333
1744898405.632954,0.0,-94.0,282.0,,0.0878966669511243,-0.039,-1.7726358071160546,0.03333333333333333,0.0,-0.03333333333333333
1744898405.6531503,0.0,-94.0,282.0,,0.0878966669511243,-0.039,-1.7726358071160546,0.03333333333333333,0.0,-0.03333333333333333
1744898405.6746542,0.0,-94.0,282.0,,0.07789666695112452,-0.049,-1.8131623004034687,0.03333333333333333,0.0,-0.03333333333333333
1744898405.6949415,0.0,-94.0,282.0,,0.0878966669511243,-0.049,-1.77263186050799,0.03333333333333333,0.0,-0.03333333333333333
1744898405.7151473,0.0,-94.0,282.0,,0.07789666695112452,-0.049,-1.7933417012838873,0.03333333333333333,0.0,-0.03333333333333333
1744898405.735346,0.0,-94.0,282.0,,0.07789666695112452,-0.049,-1.7933417012838873,0.03333333333333333,0.0,-0.03333333333333333
1744898405.7555447,0.0,-94.0,282.0,,0.0878966669511243,-0.039,-1.7726358071160546,0.03333333333333333,0.0,-0.03333333333333333
1744898405.7757385,0.0,-94.0,282.0,,0.0878966669511243,-0.029,-1.7924525339092003,0.03333333333333333,0.0,-0.03333333333333333
1744898405.7959306,0.0,-94.0,282.0,,0.07789666695112452,-0.039,-1.7933457031409143,0.03333333333333333,0.0,-0.03333333333333333
1744898405.8168066,0.0,-94.0,282.0,,0.07789666695112452,-0.049,-1.8131623004034687,0.03333333333333333,0.0,-0.03333333333333333
1744898405.8370306,0.0,-94.0,282.0,,0.07789666695112452,-0.059,-1.7933367899874875,0.03333333333333333,0.0,-0.03333333333333333
1744898405.8572428,0.0,-94.0,282.0,,0.0878966669511243,-0.049,-1.7924454610256362,0.03333333333333333,0.0,-0.03333333333333333
1744898405.8774326,0.0,-94.0,282.0,,0.0878966669511243,-0.029,-1.8122635131094995,0.03333333333333333,0.0,-0.03333333333333333
1744898405.897788,0.0,-94.0,282.0,,0.0878966669511243,-0.029,-1.7924525339092003,0.03333333333333333,0.0,-0.03333333333333333
1744898405.918463,0.0,-94.0,282.0,,0.07789666695112452,-0.059,-1.7933367899874875,0.03333333333333333,0.0,-0.03333333333333333
1744898405.938656,0.0,-94.0,282.0,,0.07789666695112452,-0.049,-1.7933417012838873,0.03333333333333333,0.0,-0.03333333333333333
1744898405.9588754,0.0,-94.0,282.0,,0.0878966669511243,-0.049,-1.7924454610256362,0.03333333333333333,0.0,-0.03333333333333333
1744898405.9790788,0.0,-94.0,282.0,,0.0878966669511243,-0.029,-1.7924525339092003,0.03333333333333333,0.0,-0.03333333333333333
1744898405.9997227,0.0,-94.0,282.0,,0.0878966669511243,-0.039,-1.7924494508366928,0.03333333333333333,0.0,-0.03333333333333333
1744898406.0199323,0.0,-94.0,282.0,,0.0878966669511243,-0.049,-1.8320645398517028,0.03333333333333333,0.0,-0.03333333333333333
1744898406.0401266,0.0,-94.0,282.0,,0.07789666695112452,-0.049,-1.7933417012838873,0.03333333333333333,0.0,-0.03333333333333333
1744898406.0602942,0.0,-94.0,282.0,,0.0878966669511243,-0.039,-1.7726358071160546,0.03333333333333333,0.0,-0.03333333333333333
1744898406.0805016,0.0,-94.0,282.0,,0.09789666695112409,-0.039,-1.7717510316340332,0.03333333333333333,0.0,-0.03333333333333333
1744898406.1008375,0.0,-94.0,282.0,,0.0878966669511243,-0.049,-1.7924454610256362,0.03333333333333333,0.0,-0.03333333333333333
1744898406.1212246,0.0,-94.0,282.0,,0.0878966669511243,-0.049,-1.81225636370228,0.03333333333333333,0.0,-0.03333333333333333
1744898406.1416528,0.0,-94.0,282.0,,0.0878966669511243,-0.039,-1.8122603966803073,0.03333333333333333,0.0,-0.03333333333333333
1744898406.1620018,0.0,-94.0,282.0,,0.0878966669511243,-0.039,-1.7924494508366928,0.03333333333333333,0.0,-0.03333333333333333
1744898406.1824725,0.0,-94.0,282.0,,0.07789666695112452,-0.029,-1.7933487955218554,0.03333333333333333,0.0,-0.03333333333333333
1744898406.2029445,0.0,-94.0,282.0,,0.0878966669511243,-0.039,-1.7924494508366928,0.03333333333333333,0.0,-0.03333333333333333
1744898406.223157,0.0,-94.0,282.0,,0.0878966669511243,-0.049,-1.7924454610256362,0.03333333333333333,0.0,-0.03333333333333333
1744898406.2436225,0.0,-94.0,282.0,,0.0878966669511243,-0.049,-1.7924454610256362,0.03333333333333333,0.0,-0.03333333333333333
1744898406.2638817,0.0,-94.0,282.0,,0.07789666695112452,-0.049,-1.7933417012838873,0.03333333333333333,0.0,-0.03333333333333333
1744898406.2840662,0.0,-94.0,282.0,,0.0878966669511243,-0.049,-1.81225636370228,0.03333333333333333,0.0,-0.03333333333333333
1744898406.3042803,0.0,-94.0,282.0,,0.07789666695112452,-0.039,-1.8131663455555422,0.03333333333333333,0.0,-0.03333333333333333
1744898406.3244772,0.0,-94.0,282.0,,0.0878966669511243,-0.049,-1.7924454610256362,0.03333333333333333,0.0,-0.03333333333333333
1744898406.3450687,0.0,-94.0,282.0,,0.0878966669511243,-0.049,-1.7924454610256362,0.03333333333333333,0.0,-0.03333333333333333
1744898406.3653822,0.0,-94.0,282.0,,0.0878966669511243,-0.039,-1.7726358071160546,0.03333333333333333,0.0,-0.03333333333333333
1744898406.38579,0.0,-94.0,282.0,,0.0878966669511243,-0.039,-1.7726358071160546,0.03333333333333333,0.0,-0.03333333333333333
1744898406.405993,0.0,-94.0,282.0,,0.07789666695112452,-0.029,-1.8329874124868657,0.03333333333333333,0.0,-0.03333333333333333
1744898406.4262743,0.0,-94.0,282.0,,0.0878966669511243,-0.059,-1.7726270170159832,0.03333333333333333,0.0,-0.03333333333333333
1744898406.4481902,0.0,-94.0,282.0,,0.0878966669511243,-0.059,-1.7726270170159832,0.03333333333333333,0.0,-0.03333333333333333
1744898406.4684157,0.0,-94.0,282.0,,0.0878966669511243,-0.049,-1.7924454610256362,0.03333333333333333,0.0,-0.03333333333333333
1744898406.488631,0.0,-94.0,282.0,,0.0878966669511243,-0.039,-1.8122603966803073,0.03333333333333333,0.0,-0.03333333333333333
1744898406.509278,0.0,-94.0,282.0,,0.0878966669511243,-0.039,-1.8122603966803073,0.03333333333333333,0.0,-0.03333333333333333
1744898406.5318434,0.0,-94.0,282.0,,0.0878966669511243,-0.029,-1.8122635131094995,0.03333333333333333,0.0,-0.03333333333333333
1744898406.552589,0.0,-94.0,282.0,,0.0878966669511243,-0.049,-1.7924454610256362,0.03333333333333333,0.0,-0.03333333333333333
1744898406.5728235,0.0,-94.0,282.0,,0.0878966669511243,-0.049,-1.7924454610256362,0.03333333333333333,0.0,-0.03333333333333333
1744898406.5930123,0.0,-94.0,282.0,,0.0878966669511243,-0.049,-1.7924454610256362,0.03333333333333333,0.0,-0.03333333333333333
1744898406.6132333,0.0,-94.0,282.0,,0.0878966669511243,-0.039,-1.7924494508366928,0.03333333333333333,0.0,-0.03333333333333333
1744898406.633434,0.0,-94.0,282.0,,0.0878966669511243,-0.039,-1.7924494508366928,0.03333333333333333,0.0,-0.03333333333333333
1744898406.653649,0.0,-94.0,282.0,,0.0878966669511243,-0.049,-1.81225636370228,0.03333333333333333,0.0,-0.03333333333333333
1744898406.6738493,0.0,-94.0,282.0,,0.07789666695112452,-0.059,-1.8131573359730189,0.03333333333333333,0.0,-0.03333333333333333
1744898406.694053,0.0,-94.0,282.0,,0.07789666695112452,-0.059,-1.8131573359730189,0.03333333333333333,0.0,-0.03333333333333333
1744898406.7143662,0.0,-94.0,282.0,,0.0878966669511243,-0.029,-1.7924525339092003,0.03333333333333333,0.0,-0.03333333333333333
1744898406.734554,0.0,-94.0,282.0,,0.0878966669511243,-0.029,-1.7924525339092003,0.03333333333333333,0.0,-0.03333333333333333
1744898406.7547574,0.0,-94.0,282.0,,0.0878966669511243,-0.039,-1.7924494508366928,0.03333333333333333,0.0,-0.03333333333333333
1744898406.7752018,0.0,-94.0,282.0,,0.07789666695112452,-0.059,-1.7933367899874875,0.03333333333333333,0.0,-0.03333333333333333
1744898406.795593,0.0,-94.0,282.0,,0.0878966669511243,-0.049,-1.7924454610256362,0.03333333333333333,0.0,-0.03333333333333333
1744898406.81577,0.0,-94.0,282.0,,0.0878966669511243,-0.049,-1.7924454610256362,0.03333333333333333,0.0,-0.03333333333333333
1744898406.8361487,0.0,-94.0,282.0,,0.07789666695112452,-0.029,-1.813169471392142,0.03333333333333333,0.0,-0.03333333333333333
1744898406.8563716,0.0,-94.0,282.0,,0.0878966669511243,-0.049,-1.77263186050799,0.03333333333333333,0.0,-0.03333333333333333
1744898406.879304,0.0,-94.0,282.0,,0.07789666695112452,-0.029,-1.813169471392142,0.03333333333333333,0.0,-0.03333333333333333
1744898406.899806,0.0,-94.0,282.0,,0.0878966669511243,-0.039,-1.7924494508366928,0.03333333333333333,0.0,-0.03333333333333333
1744898406.9200149,0.0,-94.0,282.0,,0.0878966669511243,-0.039,-1.8122603966803073,0.03333333333333333,0.0,-0.03333333333333333
1744898406.9405506,0.0,-94.0,282.0,,0.0878966669511243,-0.049,-1.81225636370228,0.03333333333333333,0.0,-0.03333333333333333
1744898406.9607878,0.0,-94.0,282.0,,0.0878966669511243,-0.049,-1.7924454610256362,0.03333333333333333,0.0,-0.03333333333333333
1744898406.9812162,0.0,-94.0,282.0,,0.0878966669511243,-0.059,-1.7726270170159832,0.03333333333333333,0.0,-0.03333333333333333
1744898407.0014198,0.0,-94.0,282.0,,0.0878966669511243,-0.029,-1.8122635131094995,0.03333333333333333,0.0,-0.03333333333333333
1744898407.0221238,0.0,-94.0,282.0,,0.0878966669511243,-0.049,-1.77263186050799,0.03333333333333333,0.0,-0.03333333333333333
1744898407.0426784,0.0,-94.0,282.0,,0.07789666695112452,-0.049,-1.8131623004034687,0.03333333333333333,0.0,-0.03333333333333333
1744898407.0630093,0.0,-94.0,282.0,,0.07789666695112452,-0.049,-1.8131623004034687,0.03333333333333333,0.0,-0.03333333333333333
1744898407.083245,0.0,-94.0,282.0,,0.0878966669511243,-0.049,-1.7924454610256362,0.03333333333333333,0.0,-0.03333333333333333
1744898407.1036005,0.0,-94.0,282.0,,0.07789666695112452,-0.049,-1.7933417012838873,0.03333333333333333,0.0,-0.03333333333333333
1744898407.1262999,0.0,-94.0,282.0,,0.0878966669511243,-0.049,-1.81225636370228,0.03333333333333333,0.0,-0.03333333333333333
1744898407.1465106,0.0,-94.0,282.0,,0.07789666695112452,-0.039,-1.8131663455555422,0.03333333333333333,0.0,-0.03333333333333333
1744898407.1666825,0.0,-94.0,282.0,,0.07789666695112452,-0.039,-1.8131663455555422,0.03333333333333333,0.0,-0.03333333333333333
1744898407.1869066,0.0,-94.0,282.0,,0.0878966669511243,-0.029,-1.8122635131094995,0.03333333333333333,0.0,-0.03333333333333333
1744898407.2071362,0.0,-94.0,282.0,,0.0878966669511243,-0.049,-1.81225636370228,0.03333333333333333,0.0,-0.03333333333333333
1744898407.2273176,0.0,-94.0,282.0,,0.0878966669511243,-0.049,-1.81225636370228,0.03333333333333333,0.0,-0.03333333333333333
1744898407.2479637,0.0,-94.0,282.0,,0.0878966669511243,-0.049,-1.81225636370228,0.03333333333333333,0.0,-0.03333333333333333
1744898407.26818,0.0,-94.0,282.0,,0.0878966669511243,-0.039,-1.8122603966803073,0.03333333333333333,0.0,-0.03333333333333333
1744898407.2883935,0.0,-94.0,282.0,,0.0878966669511243,-0.039,-1.8122603966803073,0.03333333333333333,0.0,-0.03333333333333333
1744898407.3092911,0.0,-94.0,282.0,,0.0878966669511243,-0.039,-1.7726358071160546,0.03333333333333333,0.0,-0.03333333333333333
1744898407.3296235,0.0,-94.0,282.0,,0.07789666695112452,-0.049,-1.7933417012838873,0.03333333333333333,0.0,-0.03333333333333333
1744898407.3498657,0.0,-94.0,282.0,,0.07789666695112452,-0.049,-1.7933417012838873,0.03333333333333333,0.0,-0.03333333333333333
1744898407.3700438,0.0,-94.0,282.0,,0.0878966669511243,-0.049,-1.7924454610256362,0.03333333333333333,0.0,-0.03333333333333333
1744898407.3902593,0.0,-94.0,282.0,,0.0878966669511243,-0.049,-1.7924454610256362,0.03333333333333333,0.0,-0.03333333333333333
1744898407.410973,0.0,-94.0,282.0,,0.0878966669511243,-0.049,-1.7924454610256362,0.03333333333333333,0.0,-0.03333333333333333
1744898407.4312327,0.0,-94.0,282.0,,0.07789666695112452,-0.049,-1.8131623004034687,0.03333333333333333,0.0,-0.03333333333333333
1744898407.451442,0.0,-94.0,282.0,,0.0878966669511243,-0.039,-1.7924494508366928,0.03333333333333333,0.0,-0.03333333333333333
1744898407.471646,0.0,-94.0,282.0,,0.0878966669511243,-0.039,-1.7924494508366928,0.03333333333333333,0.0,-0.03333333333333333
1744898407.4918334,0.0,-94.0,282.0,,0.0878966669511243,-0.049,-1.7924454610256362,0.03333333333333333,0.0,-0.03333333333333333
1744898407.5122275,0.0,-94.0,282.0,,0.07789666695112452,-0.049,-1.8131623004034687,0.03333333333333333,0.0,-0.03333333333333333
1744898407.5324378,0.0,-94.0,282.0,,0.07789666695112452,-0.049,-1.8131623004034687,0.03333333333333333,0.0,-0.03333333333333333
1744898407.5526252,0.0,-94.0,282.0,,0.0878966669511243,-0.049,-1.7924454610256362,0.03333333333333333,0.0,-0.03333333333333333
1744898407.5728376,0.0,-94.0,282.0,,0.0878966669511243,-0.049,-1.77263186050799,0.03333333333333333,0.0,-0.03333333333333333
1744898407.5934012,0.0,-94.0,282.0,,0.0878966669511243,-0.049,-1.77263186050799,0.03333333333333333,0.0,-0.03333333333333333
1744898407.6135848,0.0,-94.0,282.0,,0.0878966669511243,-0.029,-1.7924525339092003,0.03333333333333333,0.0,-0.03333333333333333
1744898407.6339083,0.0,-94.0,282.0,,0.07789666695112452,-0.029,-1.813169471392142,0.03333333333333333,0.0,-0.03333333333333333
1744898407.6541858,0.0,-94.0,282.0,,0.07789666695112452,-0.029,-1.813169471392142,0.03333333333333333,0.0,-0.03333333333333333
1744898407.674447,0.0,-94.0,282.0,,0.0878966669511243,-0.049,-1.81225636370228,0.03333333333333333,0.0,-0.03333333333333333
1744898407.6948977,0.0,-94.0,282.0,,0.09789666695112409,-0.049,-1.7915510117779287,0.03333333333333333,0.0,-0.03333333333333333
1744898407.7151358,0.0,-94.0,282.0,,0.0878966669511243,-0.059,-1.7924405645125572,0.03333333333333333,0.0,-0.03333333333333333
1744898407.7358382,0.0,-94.0,282.0,,0.09789666695112409,-0.069,-1.7717365449042914,0.03333333333333333,0.0,-0.03333333333333333
1744898407.7580488,0.0,-94.0,282.0,,0.0878966669511243,-0.059,-1.7924405645125572,0.03333333333333333,0.0,-0.03333333333333333
1744898407.7782795,0.0,-94.0,282.0,,0.07789666695112452,-0.029,-1.813169471392142,0.03333333333333333,0.0,-0.03333333333333333
1744898407.7985735,0.0,-94.0,282.0,,0.10789666695112388,0.0,-1.7708748035431552,0.03333333333333333,0.0,-0.03333333333333333
1744898407.818779,0.0,-94.0,282.0,,0.10789666695112388,-0.059,-1.713441218036977,0.03333333333333333,0.0,-0.03333333333333333
1744898407.8394153,0.0,-94.0,282.0,,0.07789666695112452,-0.039,-1.8527993974137016,0.03333333333333333,0.0,-0.03333333333333333
1744898407.8597002,0.0,-94.0,282.0,,0.06889666695112417,-0.059,-1.813974217434588,0.03333333333333333,0.0,-0.03333333333333333
1744898407.88102,0.0,-94.0,282.0,,0.0488966669511246,-0.049,-1.8931835973303555,0.03333333333333333,0.0,-0.03333333333333333
1744898407.9043047,0.0,-94.0,282.0,,0.06889666695112417,-0.02,-1.8714781867298615,0.03333333333333333,0.0,-0.03333333333333333
1744898407.924712,0.0,-94.0,282.0,,0.0878966669511243,-0.029,-1.8518772630887677,0.03333333333333333,0.0,-0.03333333333333333
1744898407.9449048,0.0,-94.0,282.0,,0.0878966669511243,-0.029,-1.8518772630887677,0.03333333333333333,0.0,-0.03333333333333333
1744898407.9654992,0.0,-94.0,282.0,,0.0878966669511243,-0.049,-1.77263186050799,0.03333333333333333,0.0,-0.03333333333333333
1744898407.9856808,0.0,-94.0,282.0,,0.0878966669511243,-0.069,-1.8122455482557704,0.03333333333333333,0.0,-0.03333333333333333
1744898408.005915,0.0,-94.0,282.0,,0.0878966669511243,-0.069,-1.8122455482557704,0.03333333333333333,0.0,-0.03333333333333333
1744898408.0261242,0.0,-94.0,282.0,,0.07789666695112452,-0.02,-1.8706359534305919,0.03333333333333333,0.0,-0.03333333333333333
1744898408.0463161,0.0,-94.0,282.0,,0.0878966669511243,-0.039,-1.832068615960302,0.03333333333333333,0.0,-0.03333333333333333
1744898408.0665433,0.0,-94.0,282.0,,0.0878966669511243,-0.039,-1.832068615960302,0.03333333333333333,0.0,-0.03333333333333333
1744898408.0878215,0.0,-94.0,282.0,,0.07789666695112452,-0.069,-1.813151452309719,0.03333333333333333,0.0,-0.03333333333333333
1744898408.108039,0.0,-94.0,282.0,,0.0878966669511243,-0.049,-1.81225636370228,0.03333333333333333,0.0,-0.03333333333333333
1744898408.1283984,0.0,-94.0,282.0,,0.0878966669511243,-0.049,-1.81225636370228,0.03333333333333333,0.0,-0.03333333333333333
1744898408.148784,0.0,-94.0,282.0,,0.0878966669511243,-0.01,-1.8320751980648033,0.03333333333333333,0.0,-0.03333333333333333
1744898408.1693056,0.0,-94.0,282.0,,0.0878966669511243,-0.039,-1.832068615960302,0.03333333333333333,0.0,-0.03333333333333333
1744898408.189486,0.0,-94.0,282.0,,0.0878966669511243,-0.039,-1.832068615960302,0.03333333333333333,0.0,-0.03333333333333333
1744898408.2096727,0.0,-94.0,282.0,,0.07789666695112452,-0.059,-1.8329751472927178,0.03333333333333333,0.0,-0.03333333333333333
1744898408.2303667,0.0,-94.0,282.0,,0.0878966669511243,-0.059,-1.8122514142123367,0.03333333333333333,0.0,-0.03333333333333333
1744898408.2520332,0.0,-94.0,282.0,,0.0878966669511243,-0.059,-1.8122514142123367,0.03333333333333333,0.0,-0.03333333333333333
1744898408.2723508,0.0,-94.0,282.0,,0.07789666695112452,-0.029,-1.813169471392142,0.03333333333333333,0.0,-0.03333333333333333
1744898408.292555,0.0,-94.0,282.0,,0.0878966669511243,-0.029,-1.8320717657180565,0.03333333333333333,0.0,-0.03333333333333333
1744898408.312764,0.0,-94.0,282.0,,0.0878966669511243,-0.029,-1.8320717657180565,0.03333333333333333,0.0,-0.03333333333333333
1744898408.333487,0.0,-94.0,282.0,,0.0878966669511243,-0.039,-1.832068615960302,0.03333333333333333,0.0,-0.03333333333333333
1744898408.3539262,0.0,-94.0,282.0,,0.07789666695112452,-0.049,-1.832980164812328,0.03333333333333333,0.0,-0.03333333333333333
1744898408.375508,0.0,-94.0,282.0,,0.07789666695112452,-0.049,-1.832980164812328,0.03333333333333333,0.0,-0.03333333333333333
1744898408.3957357,0.0,-94.0,282.0,,0.07789666695112452,-0.059,-1.8329751472927178,0.03333333333333333,0.0,-0.03333333333333333
1744898408.415973,0.0,-94.0,282.0,,0.0878966669511243,-0.049,-1.81225636370228,0.03333333333333333,0.0,-0.03333333333333333
1744898408.4361625,0.0,-94.0,282.0,,0.0878966669511243,-0.039,-1.832068615960302,0.03333333333333333,0.0,-0.03333333333333333
1744898408.4564722,0.0,-94.0,282.0,,0.07789666695112452,-0.02,-1.8131714986064824,0.03333333333333333,0.0,-0.03333333333333333
1744898408.4768136,0.0,-94.0,282.0,,0.0878966669511243,-0.029,-1.8320717657180565,0.03333333333333333,0.0,-0.03333333333333333
1744898408.497002,0.0,-94.0,282.0,,0.07789666695112452,-0.039,-1.8329842532228762,0.03333333333333333,0.0,-0.03333333333333333
1744898408.517194,0.0,-94.0,282.0,,0.07789666695112452,-0.049,-1.8131623004034687,0.03333333333333333,0.0,-0.03333333333333333
1744898408.5375886,0.0,-94.0,282.0,,0.0878966669511243,-0.059,-1.8320595374295574,0.03333333333333333,0.0,-0.03333333333333333
1744898408.5579376,0.0,-94.0,282.0,,0.0878966669511243,-0.049,-1.8320645398517028,0.03333333333333333,0.0,-0.03333333333333333
1744898408.5784554,0.0,-94.0,282.0,,0.0878966669511243,-0.039,-1.832068615960302,0.03333333333333333,0.0,-0.03333333333333333
1744898408.598671,0.0,-94.0,282.0,,0.07789666695112452,-0.039,-1.8131663455555422,0.03333333333333333,0.0,-0.03333333333333333
1744898408.6188715,0.0,-94.0,282.0,,0.0878966669511243,-0.039,-1.7924494508366928,0.03333333333333333,0.0,-0.03333333333333333
1744898408.6411061,0.0,-94.0,282.0,,0.07789666695112452,-0.049,-1.832980164812328,0.03333333333333333,0.0,-0.03333333333333333
1744898408.6613088,0.0,-94.0,282.0,,0.07789666695112452,-0.049,-1.832980164812328,0.03333333333333333,0.0,-0.03333333333333333
1744898408.6815767,0.0,-94.0,282.0,,0.07789666695112452,-0.039,-1.8329842532228762,0.03333333333333333,0.0,-0.03333333333333333
1744898408.7017925,0.0,-94.0,282.0,,0.0878966669511243,-0.029,-1.8122635131094995,0.03333333333333333,0.0,-0.03333333333333333
1744898408.7220051,0.0,-94.0,282.0,,0.07789666695112452,-0.039,-1.8131663455555422,0.03333333333333333,0.0,-0.03333333333333333
1744898408.7422075,0.0,-94.0,282.0,,0.0878966669511243,-0.059,-1.8122514142123367,0.03333333333333333,0.0,-0.03333333333333333
1744898408.7663796,0.0,-94.0,282.0,,0.07789666695112452,-0.039,-1.8329842532228762,0.03333333333333333,0.0,-0.03333333333333333
1744898408.7867851,0.0,-94.0,282.0,,0.07789666695112452,-0.039,-1.8329842532228762,0.03333333333333333,0.0,-0.03333333333333333
1744898408.8111079,0.0,-94.0,282.0,,0.0878966669511243,-0.02,-1.8320738084460633,0.03333333333333333,0.0,-0.03333333333333333
1744898408.8315423,0.0,-94.0,282.0,,0.0878966669511243,-0.049,-1.81225636370228,0.03333333333333333,0.0,-0.03333333333333333
1744898408.8517814,0.0,-94.0,282.0,,0.0878966669511243,-0.049,-1.81225636370228,0.03333333333333333,0.0,-0.03333333333333333
1744898408.8722668,0.0,-94.0,282.0,,0.0878966669511243,-0.059,-1.8320595374295574,0.03333333333333333,0.0,-0.03333333333333333
1744898408.892455,0.0,-94.0,282.0,,0.0878966669511243,-0.029,-1.8320717657180565,0.03333333333333333,0.0,-0.03333333333333333
1744898408.9128003,0.0,-94.0,282.0,,0.0878966669511243,-0.029,-1.8320717657180565,0.03333333333333333,0.0,-0.03333333333333333
1744898408.9332058,0.0,-94.0,282.0,,0.07789666695112452,-0.039,-1.8131663455555422,0.03333333333333333,0.0,-0.03333333333333333
1744898408.9533918,0.0,-94.0,282.0,,0.07789666695112452,-0.039,-1.8329842532228762,0.03333333333333333,0.0,-0.03333333333333333
1744898408.9736056,0.0,-94.0,282.0,,0.07789666695112452,-0.039,-1.8329842532228762,0.03333333333333333,0.0,-0.03333333333333333
1744898408.9938076,0.0,-94.0,282.0,,0.0878966669511243,-0.039,-1.832068615960302,0.03333333333333333,0.0,-0.03333333333333333
1744898409.0144496,0.0,-94.0,282.0,,0.07789666695112452,-0.049,-1.832980164812328,0.03333333333333333,0.0,-0.03333333333333333
1744898409.0347126,0.0,-94.0,282.0,,0.0878966669511243,-0.059,-1.8320595374295574,0.03333333333333333,0.0,-0.03333333333333333
1744898409.0558214,0.0,-94.0,282.0,,0.0878966669511243,-0.049,-1.8320645398517028,0.03333333333333333,0.0,-0.03333333333333333
1744898409.0760891,0.0,-94.0,282.0,,0.0878966669511243,-0.049,-1.81225636370228,0.03333333333333333,0.0,-0.03333333333333333
1744898409.096368,0.0,-94.0,282.0,,0.07789666695112452,-0.039,-1.8329842532228762,0.03333333333333333,0.0,-0.03333333333333333
1744898409.1166337,0.0,-94.0,282.0,,0.07789666695112452,-0.029,-1.8329874124868657,0.03333333333333333,0.0,-0.03333333333333333
1744898409.1369627,0.0,-94.0,282.0,,0.07789666695112452,-0.029,-1.813169471392142,0.03333333333333333,0.0,-0.03333333333333333
1744898409.1571615,0.0,-94.0,282.0,,0.07789666695112452,-0.049,-1.832980164812328,0.03333333333333333,0.0,-0.03333333333333333
1744898409.1773617,0.0,-94.0,282.0,,0.07789666695112452,-0.049,-1.8131623004034687,0.03333333333333333,0.0,-0.03333333333333333
1744898409.1975703,0.0,-94.0,282.0,,0.0878966669511243,-0.049,-1.81225636370228,0.03333333333333333,0.0,-0.03333333333333333
1744898409.2183719,0.0,-94.0,282.0,,0.0878966669511243,-0.049,-1.8320645398517028,0.03333333333333333,0.0,-0.03333333333333333
1744898409.2385626,0.0,-94.0,282.0,,0.07789666695112452,-0.029,-1.8329874124868657,0.03333333333333333,0.0,-0.03333333333333333
1744898409.258761,0.0,-94.0,282.0,,0.0878966669511243,-0.039,-1.832068615960302,0.03333333333333333,0.0,-0.03333333333333333
1744898409.280858,0.0,-94.0,282.0,,0.0878966669511243,-0.039,-1.8122603966803073,0.03333333333333333,0.0,-0.03333333333333333
1744898409.3010492,0.0,-94.0,282.0,,0.0878966669511243,-0.039,-1.832068615960302,0.03333333333333333,0.0,-0.03333333333333333
1744898409.3212702,0.0,-94.0,282.0,,0.0878966669511243,-0.039,-1.8122603966803073,0.03333333333333333,0.0,-0.03333333333333333
1744898409.341454,0.0,-94.0,282.0,,0.0878966669511243,-0.039,-1.832068615960302,0.03333333333333333,0.0,-0.03333333333333333
1744898409.3616853,0.0,-94.0,282.0,,0.0878966669511243,-0.039,-1.832068615960302,0.03333333333333333,0.0,-0.03333333333333333
1744898409.3818688,0.0,-94.0,282.0,,0.0878966669511243,-0.049,-1.8320645398517028,0.03333333333333333,0.0,-0.03333333333333333
1744898409.402071,0.0,-94.0,282.0,,0.0878966669511243,-0.049,-1.81225636370228,0.03333333333333333,0.0,-0.03333333333333333
1744898409.4224048,0.0,-94.0,282.0,,0.0878966669511243,-0.049,-1.8320645398517028,0.03333333333333333,0.0,-0.03333333333333333
1744898409.442624,0.0,-94.0,282.0,,0.0878966669511243,-0.049,-1.7924454610256362,0.03333333333333333,0.0,-0.03333333333333333
1744898409.4628673,0.0,-94.0,282.0,,0.07789666695112452,-0.029,-1.8329874124868657,0.03333333333333333,0.0,-0.03333333333333333
1744898409.4830844,0.0,-94.0,282.0,,0.0878966669511243,-0.049,-1.7924454610256362,0.03333333333333333,0.0,-0.03333333333333333
1744898409.5033667,0.0,-94.0,282.0,,0.07789666695112452,-0.029,-1.8329874124868657,0.03333333333333333,0.0,-0.03333333333333333
1744898409.5235822,0.0,-94.0,282.0,,0.0878966669511243,-0.049,-1.7924454610256362,0.03333333333333333,0.0,-0.03333333333333333
1744898409.5437815,0.0,-94.0,282.0,,0.07789666695112452,-0.049,-1.832980164812328,0.03333333333333333,0.0,-0.03333333333333333
1744898409.563993,0.0,-94.0,282.0,,0.0878966669511243,-0.069,-1.8122455482557704,0.03333333333333333,0.0,-0.03333333333333333
1744898409.587326,0.0,-94.0,282.0,,0.0878966669511243,-0.069,-1.8122455482557704,0.03333333333333333,0.0,-0.03333333333333333
1744898409.607506,0.0,-94.0,282.0,,0.07789666695112452,-0.029,-1.8329874124868657,0.03333333333333333,0.0,-0.03333333333333333
1744898409.6277144,0.0,-94.0,282.0,,0.07789666695112452,-0.029,-1.8329874124868657,0.03333333333333333,0.0,-0.03333333333333333
1744898409.6479805,0.0,-94.0,282.0,,0.0878966669511243,-0.059,-1.7924405645125572,0.03333333333333333,0.0,-0.03333333333333333
1744898409.6682048,0.0,-94.0,282.0,,0.07789666695112452,-0.029,-1.8329874124868657,0.03333333333333333,0.0,-0.03333333333333333
1744898409.6887283,0.0,-94.0,282.0,,0.0878966669511243,-0.049,-1.81225636370228,0.03333333333333333,0.0,-0.03333333333333333
1744898409.709208,0.0,-94.0,282.0,,0.0878966669511243,-0.049,-1.7924454610256362,0.03333333333333333,0.0,-0.03333333333333333
1744898409.729435,0.0,-94.0,282.0,,0.0878966669511243,-0.049,-1.81225636370228,0.03333333333333333,0.0,-0.03333333333333333
1744898409.7496333,0.0,-94.0,282.0,,0.0878966669511243,-0.049,-1.81225636370228,0.03333333333333333,0.0,-0.03333333333333333
1744898409.7698493,0.0,-94.0,282.0,,0.07789666695112452,-0.039,-1.8329842532228762,0.03333333333333333,0.0,-0.03333333333333333
1744898409.791216,0.0,-94.0,282.0,,0.07789666695112452,-0.02,-1.832989461380036,0.03333333333333333,0.0,-0.03333333333333333
1744898409.8114169,0.0,-94.0,282.0,,0.07789666695112452,-0.02,-1.832989461380036,0.03333333333333333,0.0,-0.03333333333333333
1744898409.8316026,0.0,-94.0,282.0,,0.0878966669511243,-0.039,-1.8122603966803073,0.03333333333333333,0.0,-0.03333333333333333
1744898409.851801,0.0,-94.0,282.0,,0.0878966669511243,-0.049,-1.81225636370228,0.03333333333333333,0.0,-0.03333333333333333
1744898409.8719993,0.0,-94.0,282.0,,0.0878966669511243,-0.049,-1.81225636370228,0.03333333333333333,0.0,-0.03333333333333333
1744898409.8924377,0.0,-94.0,282.0,,0.07789666695112452,-0.049,-1.832980164812328,0.03333333333333333,0.0,-0.03333333333333333
1744898409.9126132,0.0,-94.0,282.0,,0.07789666695112452,-0.039,-1.8329842532228762,0.03333333333333333,0.0,-0.03333333333333333
1744898409.932816,0.0,-94.0,282.0,,0.07789666695112452,-0.039,-1.8329842532228762,0.03333333333333333,0.0,-0.03333333333333333
1744898409.9533124,0.0,-94.0,282.0,,0.07789666695112452,-0.029,-1.813169471392142,0.03333333333333333,0.0,-0.03333333333333333
1744898409.9738483,0.0,-94.0,282.0,,0.07789666695112452,-0.049,-1.832980164812328,0.03333333333333333,0.0,-0.03333333333333333
1744898409.9940958,0.0,-94.0,282.0,,0.07789666695112452,-0.049,-1.832980164812328,0.03333333333333333,0.0,-0.03333333333333333
1744898410.014304,0.0,-94.0,282.0,,0.06889666695112417,-0.039,-1.8338098948849488,0.03333333333333333,0.0,-0.03333333333333333
